gameId,teamId,teamCity,teamName,teamTricode,teamSlug,personId,firstName,familyName,nameI,playerSlug,position,comment,jerseyNum,minutes,minutes_decimal,fieldGoalsMade,fieldGoalsAttempted,fieldGoalsPercentage,threePointersMade,threePointersAttempted,threePointersPercentage,freeThrowsMade,freeThrowsAttempted,freeThrowsPercentage,reboundsOffensive,reboundsDefensive,reboundsTotal,assists,steals,blocks,turnovers,foulsPersonal,points,plusMinusPoints,GAME_ID,player_name,player_name_key,y,winner_names,game_date,stocks,points_per_min,oreb_per_min,reb_per_min,ast_per_min,hustle_proxy,points_rank,reboundsOffensive_rank,reboundsTotal_rank,assists_rank,steals_rank,blocks_rank,plusMinusPoints_rank,minutes_decimal_rank,deflections,deflections_missing,charges_drawn,charges_drawn_missing,usage_rate,net_rating,impact_efficiency,role_outperformance,stocks_per_min,stocks_rank,hustle_proxy_rank,pred_prob
0022400064,1610612751,Brooklyn,Nets,BKN,nets,1627732,Ben,Simmons,B. Simmons,ben-simmons,F,,,24:12,24.2,3,4,0.75,0,0,0.0,0,0,0.0,2,3,5,8,0,1,6,5,6,-8.0,0022400064,Ben Simmons,ben simmons,,,2024-10-23,1,0.24793388429752067,0.08264462809917356,0.2066115702479339,0.3305785123966942,0.12396694214876033,9.0,3.0,3.0,1.0,7.0,2.0,7.0,6.0,2.0,0,0.0,0,0.0017499999999999998,-15.7,-8966.304968589378,-15.672524999999998,0.04132231404958678,6.0,5.0,0.058299437
0022400064,1610612751,Brooklyn,Nets,BKN,nets,1629661,Cameron,Johnson,C. Johnson,cameron-johnson,F,,,32:01,32.016666666666666,4,10,0.4,1,6,0.167,5,6,0.833,0,4,4,0,1,1,0,3,14,-10.0,0022400064,Cameron Johnson,cameron johnson,,,2024-10-23,2,0.4372722540343571,0.0,0.12493492972410203,0.0,0.062467464862051014,3.0,7.0,6.0,7.0,2.0,2.0,9.0,4.0,0.0,0,0.0,0,0.00148,-16.2,-10938.555030384876,-16.176023999999998,0.062467464862051014,3.0,7.0,0.56015134
0022400064,1610612751,Brooklyn,Nets,BKN,nets,1627827,Dorian,Finney-Smith,D. Finney-Smith,dorian-finney-smith,C,,,29:34,29.566666666666666,3,10,0.3,2,7,0.286,0,0,0.0,3,5,8,1,1,2,1,5,8,-4.0,0022400064,Dorian Finney-Smith,dorian finney-smith,,,2024-10-23,3,0.2705749718151071,0.10146561443066517,0.2705749718151071,0.033821871476888386,0.20293122886133033,6.0,1.0,1.0,4.0,2.0,1.0,5.0,5.0,3.0,0,0.0,0,0.00153,-2.8,-1828.870019595036,-2.7957159999999996,0.10146561443066517,1.0,2.0,0.32122326
0022400064,1610612751,Brooklyn,Nets,BKN,nets,1630560,Cam,Thomas,C. Thomas,cam-thomas,G,,,33:43,33.71666666666667,14,27,0.519,7,13,0.538,1,1,1.0,2,3,5,3,3,0,2,4,36,-8.0,0022400064,Cam Thomas,cam thomas,,,2024-10-23,3,1.0677212061295105,0.05931784478497281,0.14829461196243202,0.08897676717745921,0.14829461196243202,1.0,3.0,3.0,3.0,1.0,6.0,7.0,3.0,3.0,0,0.0,0,0.00337,-12.6,-3737.7632749925833,-12.557538,0.08897676717745921,1.0,3.0,0.88126665
0022400064,1610612751,Brooklyn,Nets,BKN,nets,203471,Dennis,Schröder,D. Schröder,dennis-schröder,G,,,34:20,34.333333333333336,5,16,0.313,2,6,0.333,1,2,0.5,0,3,3,7,1,0,5,4,13,-4.0,0022400064,Dennis Schröder,dennis schröder,,,2024-10-23,1,0.3786407766990291,0.0,0.08737864077669902,0.20388349514563106,0.029126213592233007,4.0,7.0,8.0,2.0,2.0,6.0,5.0,1.0,2.0,0,0.0,0,0.00244,-2.4,-983.2036050798853,-2.394144,0.029126213592233007,6.0,9.0,0.20538998
0022400064,1610612751,Brooklyn,Nets,BKN,nets,1630592,Jalen,Wilson,J. Wilson,jalen-wilson,,,,33:58,33.96666666666667,3,7,0.429,2,5,0.4,8,8,1.0,1,3,4,1,0,0,1,5,16,4.0,0022400064,Jalen Wilson,jalen wilson,,,2024-10-23,0,0.4710500490677134,0.02944062806673209,0.11776251226692835,0.02944062806673209,0.02944062806673209,2.0,5.0,6.0,4.0,7.0,6.0,4.0,2.0,1.0,0,0.0,0,0.00132,6.6,4996.214988644966,6.591288,0.0,8.0,8.0,0.16328898
0022400064,1610612751,Brooklyn,Nets,BKN,nets,1641730,Noah,Clowney,N. Clowney,noah-clowney,,,,14:36,14.6,2,6,0.333,1,3,0.333,2,2,1.0,3,3,6,0,1,1,1,1,7,-10.0,0022400064,Noah Clowney,noah clowney,,,2024-10-23,2,0.4794520547945206,0.20547945205479454,0.4109589041095891,0.0,0.3424657534246575,7.0,1.0,2.0,7.0,2.0,2.0,9.0,9.0,1.0,0,0.0,0,0.002,-25.9,-12943.528235882057,-25.8482,0.136986301369863,3.0,1.0,0.17639808
0022400064,1610612751,Brooklyn,Nets,BKN,nets,1629651,Nic,Claxton,N. Claxton,nic-claxton,,,,15:25,15.416666666666666,3,4,0.75,0,0,0.0,1,4,0.25,0,5,5,0,1,1,0,3,7,7.0,0022400064,Nic Claxton,nic claxton,,,2024-10-23,2,0.4540540540540541,0.0,0.32432432432432434,0.0,0.12972972972972974,7.0,7.0,3.0,7.0,2.0,2.0,2.0,8.0,1.0,0,0.0,0,0.0015,19.4,12924.716855429713,19.3709,0.12972972972972974,3.0,4.0,0.24415182
0022400064,1610612751,Brooklyn,Nets,BKN,nets,1630533,Ziaire,Williams,Z. Williams,ziaire-williams,,,,15:51,15.85,3,6,0.5,2,3,0.667,1,2,0.5,1,2,3,1,0,0,1,2,9,5.0,0022400064,Ziaire Williams,ziaire williams,,,2024-10-23,0,0.5678233438485805,0.06309148264984227,0.18927444794952683,0.06309148264984227,0.06309148264984227,5.0,5.0,8.0,4.0,7.0,6.0,3.0,7.0,0.0,0,0.0,0,0.0018599999999999999,13.5,7254.164427727029,13.47489,0.0,8.0,6.0,0.16148955
0022400064,1610612751,Brooklyn,Nets,BKN,nets,1629003,Shake,Milton,S. Milton,shake-milton,,,,6:20,6.333333333333333,0,1,0.0,0,0,0.0,0,0,0.0,0,0,0,0,0,0,0,0,0,8.0,0022400064,Shake Milton,shake milton,,,2024-10-23,0,0.0,0.0,0.0,0.0,0.0,10.0,7.0,10.0,7.0,7.0,6.0,1.0,10.0,0.0,0,0.0,0,0.00067,52.2,77794.33681073025,52.165026000000005,0.0,8.0,10.0,0.006091528
0022400077,1610612751,Brooklyn,Nets,BKN,nets,1627732,Ben,Simmons,B. Simmons,ben-simmons,F,,,23:54,23.9,2,5,0.4,0,0,0.0,3,4,0.75,0,6,6,3,1,1,4,5,7,-17.0,0022400077,Ben Simmons,ben simmons,,,2024-10-25,2,0.29288702928870297,0.0,0.2510460251046025,0.12552301255230125,0.08368200836820085,5.0,7.0,2.0,2.0,1.0,1.0,10.0,5.0,3.0,0,1.0,0,0.00185,-34.7,-18746.62344678552,-34.635805000000005,0.08368200836820085,1.0,5.0,0.064406216
0022400077,1610612751,Brooklyn,Nets,BKN,nets,1629661,Cameron,Johnson,C. Johnson,cameron-johnson,F,,,35:25,35.416666666666664,4,12,0.333,2,10,0.2,2,3,0.667,1,1,2,2,0,1,2,4,12,-14.0,0022400077,Cameron Johnson,cameron johnson,,,2024-10-25,1,0.33882352941176475,0.02823529411764706,0.05647058823529412,0.05647058823529412,0.05647058823529412,4.0,2.0,6.0,5.0,8.0,1.0,9.0,1.0,1.0,0,0.0,0,0.00185,-22.6,-12209.616423554837,-22.55819,0.02823529411764706,3.0,7.0,0.19777507
0022400077,1610612751,Brooklyn,Nets,BKN,nets,1627827,Dorian,Finney-Smith,D. Finney-Smith,dorian-finney-smith,C,,,26:27,26.45,6,10,0.6,3,6,0.5,0,0,0.0,3,3,6,0,1,0,1,1,15,4.0,0022400077,Dorian Finney-Smith,dorian finney-smith,,,2024-10-25,1,0.5671077504725898,0.11342155009451796,0.22684310018903592,0.0,0.15122873345935728,3.0,1.0,2.0,9.0,1.0,4.0,3.0,4.0,2.0,0,0.0,0,0.0018599999999999999,7.3,3922.6222461042453,7.286422,0.03780718336483932,3.0,1.0,0.79580194
0022400077,1610612751,Brooklyn,Nets,BKN,nets,1630560,Cam,Thomas,C. Thomas,cam-thomas,G,,,35:04,35.06666666666667,7,17,0.412,3,5,0.6,7,8,0.875,1,5,6,3,0,0,3,2,24,-11.0,0022400077,Cam Thomas,cam thomas,,,2024-10-25,0,0.6844106463878327,0.028517110266159693,0.17110266159695817,0.08555133079847908,0.028517110266159693,1.0,2.0,2.0,2.0,8.0,4.0,6.0,2.0,1.0,0,0.0,0,0.00295,-15.7,-5320.230430362589,-15.653685,0.0,9.0,9.0,0.77252245
0022400077,1610612751,Brooklyn,Nets,BKN,nets,203471,Dennis,Schröder,D. Schröder,dennis-schröder,G,,,32:27,32.45,7,12,0.583,3,4,0.75,3,4,0.75,0,1,1,6,1,0,2,3,20,6.0,0022400077,Dennis Schröder,dennis schröder,,,2024-10-25,1,0.6163328197226502,0.0,0.03081664098613251,0.18489984591679506,0.03081664098613251,2.0,7.0,8.0,1.0,1.0,4.0,2.0,3.0,1.0,0,0.0,0,0.0019500000000000001,7.3,3741.6709379805225,7.285765,0.03081664098613251,3.0,8.0,0.83082646
0022400077,1610612751,Brooklyn,Nets,BKN,nets,1629003,Shake,Milton,S. Milton,shake-milton,,,,16:34,16.566666666666666,1,2,0.5,1,2,0.5,0,0,0.0,0,1,1,2,0,0,0,3,3,-12.0,0022400077,Shake Milton,shake milton,,,2024-10-25,0,0.18108651911468812,0.0,0.060362173038229376,0.12072434607645875,0.0,9.0,7.0,8.0,5.0,8.0,4.0,7.0,8.0,2.0,0,0.0,0,0.00054,-32.5,-60073.93715341959,-32.48245,0.0,9.0,10.0,0.009198409
0022400077,1610612751,Brooklyn,Nets,BKN,nets,1641730,Noah,Clowney,N. Clowney,noah-clowney,,,,15:48,15.8,3,8,0.375,1,4,0.25,0,0,0.0,1,1,2,0,1,0,1,3,7,-13.0,0022400077,Noah Clowney,noah clowney,,,2024-10-25,1,0.4430379746835443,0.06329113924050632,0.12658227848101264,0.0,0.12658227848101264,5.0,2.0,6.0,9.0,1.0,4.0,8.0,9.0,2.0,0,0.0,0,0.00214,-45.2,-21111.630079402148,-45.103272000000004,0.06329113924050632,3.0,3.0,0.111315265
0022400077,1610612751,Brooklyn,Nets,BKN,nets,1629651,Nic,Claxton,N. Claxton,nic-claxton,,,,20:26,20.433333333333334,1,4,0.25,0,0,0.0,2,2,1.0,1,4,5,3,1,1,1,1,4,11.0,0022400077,Nic Claxton,nic claxton,,,2024-10-25,2,0.19575856443719414,0.048939641109298535,0.24469820554649266,0.1468189233278956,0.1468189233278956,8.0,2.0,5.0,2.0,1.0,1.0,1.0,6.0,0.0,0,0.0,0,0.00122,28.2,23095.823095823096,28.165596,0.09787928221859707,1.0,2.0,0.11877275
0022400077,1610612751,Brooklyn,Nets,BKN,nets,1630533,Ziaire,Williams,Z. Williams,ziaire-williams,,,,18:41,18.683333333333334,3,7,0.429,1,2,0.5,0,0,0.0,1,6,7,1,1,0,1,4,7,-10.0,0022400077,Ziaire Williams,ziaire williams,,,2024-10-25,1,0.37466547725245314,0.05352363960749331,0.37466547725245314,0.05352363960749331,0.10704727921498662,5.0,2.0,1.0,8.0,1.0,4.0,5.0,7.0,4.0,0,0.0,0,0.0017000000000000001,-27.3,-16049.382716049382,-27.25359,0.05352363960749331,3.0,4.0,0.1338939
0022400077,1610612751,Brooklyn,Nets,BKN,nets,1630592,Jalen,Wilson,J. Wilson,jalen-wilson,,,,13:10,13.166666666666666,0,3,0.0,0,2,0.0,0,0,0.0,0,1,1,2,1,0,2,4,0,-17.0,0022400077,Jalen Wilson,jalen wilson,,,2024-10-25,1,0.0,0.0,0.0759493670886076,0.1518987341772152,0.0759493670886076,11.0,7.0,8.0,5.0,1.0,4.0,10.0,10.0,1.0,0,0.0,0,0.0014299999999999998,-66.1,-46191.47449336129,-66.00547699999998,0.0759493670886076,3.0,6.0,0.005502869
0022400077,1610612751,Brooklyn,Nets,BKN,nets,1630553,Keon,Johnson,K. Johnson,keon-johnson,,,,2:04,2.066666666666667,1,3,0.333,0,2,0.0,0,0,0.0,0,0,0,0,0,0,0,1,2,-2.0,0022400077,Keon Johnson,keon johnson,,,2024-10-25,0,0.9677419354838709,0.0,0.0,0.0,0.0,10.0,7.0,11.0,9.0,8.0,4.0,4.0,11.0,0.0,0,0.0,0,0.005,-60.0,-11997.600479904018,-59.7,0.0,9.0,10.0,0.01409133
0022400098,1610612751,Brooklyn,Nets,BKN,nets,1627732,Ben,Simmons,B. Simmons,ben-simmons,F,,,23:47,23.783333333333335,1,3,0.333,0,0,0.0,0,0,0.0,2,4,6,6,1,0,2,4,2,-9.0,0022400098,Ben Simmons,ben simmons,,,2024-10-27,1,0.08409250175192712,0.08409250175192712,0.25227750525578135,0.25227750525578135,0.12613875262789068,9.0,2.0,2.0,1.0,4.0,3.0,14.0,5.0,3.0,0,0.0,0,0.00096,-13.7,-14255.983350676377,-13.686848,0.04204625087596356,6.0,3.0,0.038112745
0022400098,1610612751,Brooklyn,Nets,BKN,nets,1629661,Cameron,Johnson,C. Johnson,cameron-johnson,F,,,28:31,28.516666666666666,5,12,0.417,3,9,0.333,0,0,0.0,0,6,6,3,2,0,1,3,13,2.0,0022400098,Cameron Johnson,cameron johnson,,,2024-10-27,2,0.45587375803623614,0.0,0.2104032729398013,0.10520163646990065,0.0701344243132671,3.0,7.0,2.0,3.0,1.0,3.0,7.0,3.0,2.0,0,0.0,0,0.0020599999999999998,5.3,2571.567200388161,5.2890820000000005,0.0701344243132671,1.0,6.0,0.5906309
0022400098,1610612751,Brooklyn,Nets,BKN,nets,1627827,Dorian,Finney-Smith,D. Finney-Smith,dorian-finney-smith,C,,,24:50,24.833333333333332,1,8,0.125,1,7,0.143,0,0,0.0,1,2,3,2,2,0,0,3,3,-1.0,0022400098,Dorian Finney-Smith,dorian finney-smith,,,2024-10-27,2,0.12080536912751678,0.04026845637583893,0.12080536912751678,0.08053691275167786,0.12080536912751678,7.0,4.0,8.0,4.0,1.0,3.0,8.0,4.0,3.0,0,0.0,0,0.0014299999999999998,0.0,0.0,0.0,0.08053691275167786,1.0,4.0,0.029834483
0022400098,1610612751,Brooklyn,Nets,BKN,nets,1630560,Cam,Thomas,C. Thomas,cam-thomas,G,,,34:59,34.983333333333334,10,21,0.476,2,8,0.25,10,11,0.909,1,4,5,2,2,0,2,0,32,9.0,0022400098,Cam Thomas,cam thomas,,,2024-10-27,2,0.9147212958551691,0.028585040495474036,0.14292520247737017,0.05717008099094807,0.0857551214864221,1.0,4.0,4.0,4.0,1.0,3.0,5.0,1.0,1.0,0,0.0,0,0.00333,15.3,4593.215250675473,15.249051,0.05717008099094807,1.0,5.0,0.78795904
0022400098,1610612751,Brooklyn,Nets,BKN,nets,203471,Dennis,Schröder,D. Schröder,dennis-schröder,G,,,34:31,34.516666666666666,8,15,0.533,5,8,0.625,8,8,1.0,0,4,4,6,1,0,2,3,29,27.0,0022400098,Dennis Schröder,dennis schröder,,,2024-10-27,1,0.840173829068083,0.0,0.11588604538870112,0.17382906808305168,0.02897151134717528,2.0,7.0,5.0,1.0,4.0,3.0,1.0,2.0,1.0,0,0.0,0,0.00247,39.1,15823.553217320923,39.003423000000005,0.02897151134717528,6.0,8.0,0.6811549
0022400098,1610612751,Brooklyn,Nets,BKN,nets,1630592,Jalen,Wilson,J. Wilson,jalen-wilson,,,,14:19,14.316666666666666,1,1,1.0,0,0,0.0,0,0,0.0,0,1,1,2,0,0,0,2,2,5.0,0022400098,Jalen Wilson,jalen wilson,,,2024-10-27,0,0.13969732246798602,0.0,0.06984866123399301,0.13969732246798602,0.0,9.0,7.0,10.0,4.0,7.0,3.0,6.0,9.0,0.0,0,0.0,0,0.00028000000000000003,22.0,78291.8149466192,21.993840000000002,0.0,8.0,9.0,0.017761845
0022400098,1610612751,Brooklyn,Nets,BKN,nets,1641730,Noah,Clowney,N. Clowney,noah-clowney,,,,21:12,21.2,4,13,0.308,3,8,0.375,2,2,1.0,1,3,4,0,0,0,1,2,13,18.0,0022400098,Noah Clowney,noah clowney,,,2024-10-27,0,0.6132075471698113,0.04716981132075472,0.18867924528301888,0.0,0.04716981132075472,3.0,4.0,5.0,9.0,7.0,3.0,3.0,7.0,0.0,0,0.0,0,0.0028799999999999997,48.7,16903.852828878862,48.559744,0.0,8.0,7.0,0.6464414
0022400098,1610612751,Brooklyn,Nets,BKN,nets,1629651,Nic,Claxton,N. Claxton,nic-claxton,,,,21:47,21.783333333333335,5,6,0.833,0,0,0.0,0,0,0.0,5,6,11,1,0,2,1,4,10,23.0,0022400098,Nic Claxton,nic claxton,,,2024-10-27,2,0.4590665646518745,0.22953328232593725,0.5049732211170619,0.04590665646518745,0.32134659525631215,5.0,1.0,1.0,7.0,7.0,1.0,2.0,6.0,3.0,0,0.0,0,0.00127,53.5,42092.840283241545,53.432055,0.0918133129303749,1.0,1.0,0.8971824
0022400098,1610612751,Brooklyn,Nets,BKN,nets,1630533,Ziaire,Williams,Z. Williams,ziaire-williams,,,,18:26,18.433333333333334,3,8,0.375,1,2,0.5,0,0,0.0,2,2,4,0,1,1,0,3,7,15.0,0022400098,Ziaire Williams,ziaire williams,,,2024-10-27,2,0.37974683544303794,0.10849909584086799,0.21699819168173598,0.0,0.21699819168173598,6.0,2.0,5.0,9.0,4.0,2.0,4.0,8.0,3.0,0,0.0,0,0.00178,46.7,26221.224031443013,46.616874,0.10849909584086799,1.0,2.0,0.2985965
0022400098,1610612751,Brooklyn,Nets,BKN,nets,1630553,Keon,Johnson,K. Johnson,keon-johnson,,,,9:46,9.766666666666667,0,3,0.0,0,2,0.0,0,0,0.0,0,2,2,0,0,0,1,1,0,-8.0,0022400098,Keon Johnson,keon johnson,,,2024-10-27,0,0.0,0.0,0.20477815699658702,0.0,0.0,12.0,7.0,9.0,9.0,7.0,3.0,13.0,10.0,0.0,0,0.0,0,0.0017399999999999998,-41.1,-23607.12234348076,-41.028486,0.0,8.0,9.0,0.003623446
0022400098,1610612751,Brooklyn,Nets,BKN,nets,1641798,Jaylen,Martin,J. Martin,jaylen-martin,,,,1:58,1.9666666666666668,1,1,1.0,1,1,1.0,0,0,0.0,0,0,0,0,0,0,0,1,3,-4.0,0022400098,Jaylen Martin,jaylen martin,,,2024-10-27,0,1.5254237288135593,0.0,0.0,0.0,0.0,7.0,7.0,12.0,9.0,7.0,3.0,9.0,11.0,,1,,1,0.0014299999999999998,-76.2,-53249.47589098533,-76.091034,0.0,8.0,9.0,0.014031728
0022400098,1610612751,Brooklyn,Nets,BKN,nets,1641727,Dariq,Whitehead,D. Whitehead,dariq-whitehead,,,,1:58,1.9666666666666668,0,0,0.0,0,0,0.0,0,0,0.0,0,1,1,0,0,0,2,0,0,-4.0,0022400098,Dariq Whitehead,dariq whitehead,,,2024-10-27,0,0.0,0.0,0.5084745762711864,0.0,0.0,12.0,7.0,10.0,9.0,7.0,3.0,9.0,11.0,,1,,1,0.0028599999999999997,-76.2,-26634.04404054527,-75.982068,0.0,8.0,9.0,0.0029869
0022400098,1610612751,Brooklyn,Nets,BKN,nets,1642385,Cui,Yongxi,C. Yongxi,cui-yongxi,,,,1:58,1.9666666666666668,0,0,0.0,0,0,0.0,1,2,0.5,0,0,0,0,0,0,0,0,1,-4.0,0022400098,Cui Yongxi,cui yongxi,,,2024-10-27,0,0.5084745762711864,0.0,0.0,0.0,0.0,11.0,7.0,12.0,9.0,7.0,3.0,9.0,11.0,,1,,1,0.0014299999999999998,-76.2,-53249.47589098533,-76.091034,0.0,8.0,9.0,0.0042497315
0022400098,1610612751,Brooklyn,Nets,BKN,nets,1629003,Shake,Milton,S. Milton,shake-milton,,,,1:58,1.9666666666666668,0,0,0.0,0,0,0.0,0,0,0.0,0,0,0,1,0,0,0,0,0,-4.0,0022400098,Shake Milton,shake milton,,,2024-10-27,0,0.0,0.0,0.0,0.5084745762711864,0.0,12.0,7.0,12.0,7.0,7.0,3.0,9.0,11.0,,1,,1,0.0,-76.2,-76200000.0,-76.2,0.0,8.0,9.0,0.002736882
0022400113,1610612751,Brooklyn,Nets,BKN,nets,1629661,Cameron,Johnson,C. Johnson,cameron-johnson,F,,,39:50,39.833333333333336,7,14,0.5,6,10,0.6,0,0,0.0,1,6,7,5,1,0,0,2,20,-12.0,0022400113,Cameron Johnson,cameron johnson,,,2024-10-29,1,0.502092050209205,0.02510460251046025,0.17573221757322174,0.12552301255230125,0.0502092050209205,3.0,4.0,2.0,2.0,1.0,5.0,10.0,2.0,2.0,0,0.0,0,0.00159,-17.0,-10685.103708359522,-16.97297,0.02510460251046025,3.0,7.0,0.732266
0022400113,1610612751,Brooklyn,Nets,BKN,nets,1627827,Dorian,Finney-Smith,D. Finney-Smith,dorian-finney-smith,F,,,36:45,36.75,5,11,0.455,1,7,0.143,6,11,0.545,0,5,5,4,1,1,1,4,17,-3.0,0022400113,Dorian Finney-Smith,dorian finney-smith,,,2024-10-29,2,0.46258503401360546,0.0,0.1360544217687075,0.10884353741496598,0.05442176870748299,5.0,5.0,4.0,3.0,1.0,2.0,5.0,4.0,1.0,0,0.0,0,0.0021,-6.0,-2855.7829604950025,-5.9874,0.05442176870748299,2.0,6.0,0.3853818
0022400113,1610612751,Brooklyn,Nets,BKN,nets,1641730,Noah,Clowney,N. Clowney,noah-clowney,C,,,15:35,15.583333333333334,0,2,0.0,0,0,0.0,0,0,0.0,0,3,3,1,0,1,0,2,0,-4.0,0022400113,Noah Clowney,noah clowney,,,2024-10-29,1,0.0,0.0,0.1925133689839572,0.0641711229946524,0.0641711229946524,9.0,5.0,5.0,9.0,5.0,2.0,6.0,9.0,1.0,0,0.0,0,0.0005899999999999999,-23.1,-39086.29441624366,-23.086371000000003,0.0641711229946524,3.0,4.0,0.015182218
0022400113,1610612751,Brooklyn,Nets,BKN,nets,1630560,Cam,Thomas,C. Thomas,cam-thomas,G,,,38:29,38.483333333333334,8,22,0.364,1,8,0.125,9,9,1.0,0,3,3,3,0,0,2,5,26,-5.0,0022400113,Cam Thomas,cam thomas,,,2024-10-29,0,0.6756171502815072,0.0,0.0779558250324816,0.0779558250324816,0.0,2.0,5.0,5.0,5.0,5.0,5.0,7.0,3.0,0.0,0,0.0,0,0.00321,-4.8,-1494.8614138897537,-4.784592,0.0,8.0,8.0,0.5849963
0022400113,1610612751,Brooklyn,Nets,BKN,nets,203471,Dennis,Schröder,D. Schröder,dennis-schröder,G,,,41:38,41.63333333333333,10,18,0.556,5,11,0.455,3,4,0.75,0,0,0,14,0,0,3,5,28,-11.0,0022400113,Dennis Schröder,dennis schröder,,,2024-10-29,0,0.6725380304243395,0.0,0.0,0.33626901521216973,0.0,1.0,5.0,10.0,1.0,5.0,5.0,9.0,1.0,0.0,0,0.0,0,0.0023699999999999997,-19.3,-8140.025305778154,-19.254259,0.0,8.0,8.0,0.8851122
0022400113,1610612751,Brooklyn,Nets,BKN,nets,1630592,Jalen,Wilson,J. Wilson,jalen-wilson,,,,20:58,20.966666666666665,3,6,0.5,2,5,0.4,3,3,1.0,2,4,6,2,1,0,0,2,11,8.0,0022400113,Jalen Wilson,jalen wilson,,,2024-10-29,1,0.5246422893481717,0.09538950715421304,0.28616852146263916,0.09538950715421304,0.14308426073131958,7.0,1.0,3.0,6.0,1.0,5.0,1.0,7.0,1.0,0,0.0,0,0.0013700000000000001,15.6,11378.55579868709,15.578628,0.04769475357710652,3.0,2.0,0.4391523
0022400113,1610612751,Brooklyn,Nets,BKN,nets,1629003,Shake,Milton,S. Milton,shake-milton,,,,16:33,16.55,1,5,0.2,1,5,0.2,0,0,0.0,0,1,1,2,1,0,0,2,3,8.0,0022400113,Shake Milton,shake milton,,,2024-10-29,1,0.18126888217522658,0.0,0.060422960725075525,0.12084592145015105,0.060422960725075525,8.0,5.0,8.0,6.0,1.0,5.0,1.0,8.0,1.0,0,0.0,0,0.00128,22.9,17876.658860265416,22.870688,0.060422960725075525,3.0,5.0,0.032850284
0022400113,1610612751,Brooklyn,Nets,BKN,nets,1630533,Ziaire,Williams,Z. Williams,ziaire-williams,,,,22:01,22.016666666666666,7,8,0.875,4,5,0.8,0,0,0.0,2,1,3,4,0,1,2,3,18,1.0,0022400113,Ziaire Williams,ziaire williams,,,2024-10-29,1,0.817562452687358,0.09084027252081757,0.13626040878122636,0.18168054504163514,0.13626040878122636,4.0,1.0,5.0,3.0,5.0,2.0,4.0,6.0,1.0,0,0.0,0,0.00192,2.2,1145.2368558042688,2.195776,0.045420136260408785,3.0,3.0,0.86274016
0022400113,1610612751,Brooklyn,Nets,BKN,nets,1629651,Nic,Claxton,N. Claxton,nic-claxton,,,,26:08,26.133333333333333,8,9,0.889,0,0,0.0,0,0,0.0,2,10,12,2,0,3,0,6,16,-10.0,0022400113,Nic Claxton,nic claxton,,,2024-10-29,3,0.6122448979591837,0.07653061224489796,0.45918367346938777,0.07653061224489796,0.1913265306122449,6.0,1.0,1.0,6.0,5.0,1.0,8.0,5.0,1.0,0,0.0,0,0.0015,-21.1,-14057.295136575618,-21.068350000000002,0.11479591836734694,1.0,1.0,0.8029637
0022400113,1610612751,Brooklyn,Nets,BKN,nets,1630553,Keon,Johnson,K. Johnson,keon-johnson,,,,7:03,7.05,0,1,0.0,0,1,0.0,0,0,0.0,0,1,1,0,0,0,0,1,0,3.0,0022400113,Keon Johnson,keon johnson,,,2024-10-29,0,0.0,0.0,0.14184397163120568,0.0,0.0,9.0,5.0,8.0,10.0,5.0,5.0,3.0,10.0,2.0,0,0.0,0,0.0005600000000000001,6.7,11942.95900178253,6.696248,0.0,8.0,8.0,0.0074514016
0022400124,1610612751,Brooklyn,Nets,BKN,nets,1627732,Ben,Simmons,B. Simmons,ben-simmons,F,,,24:31,24.516666666666666,4,5,0.8,0,0,0.0,0,0,0.0,2,3,5,3,1,0,2,5,8,6.0,0022400124,Ben Simmons,ben simmons,,,2024-10-30,1,0.3263086335825969,0.08157715839564922,0.20394289598912305,0.12236573759347383,0.12236573759347383,6.0,2.0,3.0,4.0,3.0,3.0,5.0,6.0,2.0,0,0.0,0,0.00125,9.7,7753.796962430056,9.687875,0.04078857919782461,3.0,3.0,0.44825843
0022400124,1610612751,Brooklyn,Nets,BKN,nets,1629661,Cameron,Johnson,C. Johnson,cameron-johnson,F,,,35:14,35.233333333333334,4,12,0.333,4,8,0.5,2,2,1.0,0,2,2,4,0,1,0,3,14,2.0,0022400124,Cameron Johnson,cameron johnson,,,2024-10-30,1,0.3973509933774834,0.0,0.056764427625354774,0.11352885525070955,0.028382213812677387,4.0,5.0,5.0,2.0,7.0,1.0,6.0,1.0,1.0,0,0.0,0,0.00167,2.7,1615.7989228007182,2.6954910000000005,0.028382213812677387,3.0,8.0,0.5857806
0022400124,1610612751,Brooklyn,Nets,BKN,nets,1627827,Dorian,Finney-Smith,D. Finney-Smith,dorian-finney-smith,C,,,28:06,28.1,3,8,0.375,1,4,0.25,0,0,0.0,1,4,5,4,2,0,3,4,7,13.0,0022400124,Dorian Finney-Smith,dorian finney-smith,,,2024-10-30,2,0.24911032028469748,0.03558718861209964,0.1779359430604982,0.14234875444839856,0.10676156583629892,7.0,4.0,3.0,2.0,2.0,3.0,2.0,4.0,4.0,0,0.0,0,0.00172,20.0,11621.150493898896,19.9656,0.07117437722419928,2.0,5.0,0.19206147
0022400124,1610612751,Brooklyn,Nets,BKN,nets,1630560,Cam,Thomas,C. Thomas,cam-thomas,G,,,33:18,33.3,4,12,0.333,1,6,0.167,10,11,0.909,0,2,2,2,1,0,3,2,19,0.0,0022400124,Cam Thomas,cam thomas,,,2024-10-30,1,0.5705705705705706,0.0,0.060060060060060066,0.060060060060060066,0.030030030030030033,2.0,5.0,5.0,6.0,3.0,3.0,8.0,3.0,1.0,0,0.0,0,0.00267,-1.7,-636.465743167353,-1.695461,0.030030030030030033,3.0,6.0,0.6298878
0022400124,1610612751,Brooklyn,Nets,BKN,nets,203471,Dennis,Schröder,D. Schröder,dennis-schröder,G,,,33:56,33.93333333333333,11,14,0.786,6,9,0.667,5,5,1.0,0,2,2,8,1,0,2,1,33,9.0,0022400124,Dennis Schröder,dennis schröder,,,2024-10-30,1,0.9724950884086445,0.0,0.05893909626719058,0.23575638506876231,0.02946954813359529,1.0,5.0,5.0,1.0,3.0,3.0,4.0,2.0,0.0,0,1.0,0,0.0022500000000000003,10.7,4753.442914260328,10.675925,0.02946954813359529,3.0,7.0,0.9364817
0022400124,1610612751,Brooklyn,Nets,BKN,nets,1641730,Noah,Clowney,N. Clowney,noah-clowney,,,,13:39,13.65,2,8,0.25,1,5,0.2,0,0,0.0,0,2,2,0,0,0,0,5,5,-3.0,0022400124,Noah Clowney,noah clowney,,,2024-10-30,0,0.3663003663003663,0.0,0.14652014652014653,0.0,0.0,8.0,5.0,5.0,9.0,7.0,3.0,13.0,9.0,0.0,0,0.0,0,0.00222,-10.3,-4637.550652859072,-10.277134,0.0,8.0,9.0,0.023153061
0022400124,1610612751,Brooklyn,Nets,BKN,nets,1630553,Keon,Johnson,K. Johnson,keon-johnson,,,,15:51,15.85,2,4,0.5,0,2,0.0,0,0,0.0,2,5,7,1,1,0,0,1,4,2.0,0022400124,Keon Johnson,keon johnson,,,2024-10-30,1,0.25236593059936907,0.12618296529968454,0.44164037854889593,0.06309148264984227,0.18927444794952683,9.0,2.0,1.0,8.0,3.0,3.0,6.0,8.0,1.0,0,0.0,0,0.00095,-4.0,-4206.098843322818,-3.9962,0.06309148264984227,3.0,2.0,0.097799405
0022400124,1610612751,Brooklyn,Nets,BKN,nets,1630592,Jalen,Wilson,J. Wilson,jalen-wilson,,,,26:51,26.85,5,7,0.714,1,3,0.333,1,2,0.5,3,4,7,2,0,0,2,1,12,25.0,0022400124,Jalen Wilson,jalen wilson,,,2024-10-30,0,0.44692737430167595,0.11173184357541899,0.260707635009311,0.07448789571694599,0.11173184357541899,5.0,1.0,1.0,6.0,7.0,3.0,1.0,5.0,0.0,0,0.0,0,0.0015199999999999999,40.4,26561.472715318872,40.338592,0.0,8.0,4.0,0.57941777
0022400124,1610612751,Brooklyn,Nets,BKN,nets,1630533,Ziaire,Williams,Z. Williams,ziaire-williams,,,,24:06,24.1,6,10,0.6,1,4,0.25,4,5,0.8,0,1,1,3,4,1,3,3,17,11.0,0022400124,Ziaire Williams,ziaire williams,,,2024-10-30,5,0.7053941908713692,0.0,0.04149377593360996,0.12448132780082986,0.20746887966804978,3.0,5.0,9.0,4.0,1.0,1.0,3.0,7.0,6.0,0,0.0,0,0.00241,23.5,9746.992948983825,23.443365,0.20746887966804978,1.0,1.0,0.8288117
0022400124,1610612751,Brooklyn,Nets,BKN,nets,1631213,Tyrese,Martin,T. Martin,tyrese-martin,,,,1:07,1.1166666666666667,0,0,0.0,0,0,0.0,0,0,0.0,0,0,0,0,0,0,0,0,0,0.0,0022400124,Tyrese Martin,tyrese martin,,,2024-10-30,0,0.0,0.0,0.0,0.0,0.0,10.0,5.0,11.0,9.0,7.0,3.0,8.0,10.0,,1,,1,0.0,0.0,0.0,0.0,0.0,8.0,9.0,0.004227328
0022400124,1610612751,Brooklyn,Nets,BKN,nets,1641798,Jaylen,Martin,J. Martin,jaylen-martin,,,,1:07,1.1166666666666667,0,0,0.0,0,0,0.0,0,0,0.0,0,0,0,0,0,0,0,0,0,0.0,0022400124,Jaylen Martin,jaylen martin,,,2024-10-30,0,0.0,0.0,0.0,0.0,0.0,10.0,5.0,11.0,9.0,7.0,3.0,8.0,10.0,,1,,1,0.0,0.0,0.0,0.0,0.0,8.0,9.0,0.004227328
0022400124,1610612751,Brooklyn,Nets,BKN,nets,1642385,Cui,Yongxi,C. Yongxi,cui-yongxi,,,,1:07,1.1166666666666667,0,0,0.0,0,0,0.0,0,0,0.0,0,0,0,0,0,0,0,0,0,0.0,0022400124,Cui Yongxi,cui yongxi,,,2024-10-30,0,0.0,0.0,0.0,0.0,0.0,10.0,5.0,11.0,9.0,7.0,3.0,8.0,10.0,,1,,1,0.0,0.0,0.0,0.0,0.0,8.0,9.0,0.004227328
0022400124,1610612751,Brooklyn,Nets,BKN,nets,1629003,Shake,Milton,S. Milton,shake-milton,,,,1:07,1.1166666666666667,0,0,0.0,0,0,0.0,0,0,0.0,0,1,1,0,0,0,0,0,0,0.0,0022400124,Shake Milton,shake milton,,,2024-10-30,0,0.0,0.0,0.8955223880597015,0.0,0.0,10.0,5.0,9.0,9.0,7.0,3.0,8.0,10.0,,1,,1,0.0,0.0,0.0,0.0,0.0,8.0,9.0,0.013307192
0022400136,1610612751,Brooklyn,Nets,BKN,nets,1627732,Ben,Simmons,B. Simmons,ben-simmons,F,,,25:34,25.566666666666666,4,5,0.8,0,0,0.0,0,0,0.0,0,8,8,11,0,2,3,3,8,5.0,0022400136,Ben Simmons,ben simmons,,,2024-11-01,2,0.31290743155149936,0.0,0.31290743155149936,0.4302477183833116,0.07822685788787484,8.0,6.0,2.0,1.0,9.0,1.0,4.0,5.0,0.0,0,0.0,0,0.0013800000000000002,10.6,7675.597393193338,10.585372,0.07822685788787484,3.0,7.0,0.5944884
0022400136,1610612751,Brooklyn,Nets,BKN,nets,1629661,Cameron,Johnson,C. Johnson,cameron-johnson,F,,,31:45,31.75,5,11,0.455,2,7,0.286,2,2,1.0,0,6,6,5,1,0,0,1,14,0.0,0022400136,Cameron Johnson,cameron johnson,,,2024-11-01,1,0.4409448818897638,0.0,0.1889763779527559,0.15748031496062992,0.031496062992125984,2.0,6.0,4.0,3.0,3.0,5.0,8.0,2.0,1.0,0,1.0,0,0.0016,3.3,2061.211742660837,3.29472,0.031496062992125984,6.0,9.0,0.7905138
0022400136,1610612751,Brooklyn,Nets,BKN,nets,1627827,Dorian,Finney-Smith,D. Finney-Smith,dorian-finney-smith,C,,,27:35,27.583333333333332,4,8,0.5,1,4,0.25,0,0,0.0,1,4,5,0,2,1,0,5,9,-1.0,0022400136,Dorian Finney-Smith,dorian finney-smith,,,2024-11-01,3,0.32628398791540786,0.03625377643504532,0.1812688821752266,0.0,0.14501510574018128,6.0,3.0,5.0,9.0,2.0,3.0,10.0,4.0,4.0,0,0.0,0,0.00131,6.1,4652.936689549962,6.092008999999999,0.10876132930513596,1.0,4.0,0.4517149
0022400136,1610612751,Brooklyn,Nets,BKN,nets,1630560,Cam,Thomas,C. Thomas,cam-thomas,G,,,31:45,31.75,11,23,0.478,4,11,0.364,6,7,0.857,0,0,0,4,1,0,2,1,32,0.0,0022400136,Cam Thomas,cam thomas,,,2024-11-01,1,1.0078740157480315,0.0,0.0,0.12598425196850394,0.031496062992125984,1.0,6.0,10.0,4.0,3.0,5.0,8.0,2.0,2.0,0,0.0,0,0.00373,3.3,884.4813722862503,3.2876909999999997,0.031496062992125984,6.0,9.0,0.88599765
0022400136,1610612751,Brooklyn,Nets,BKN,nets,203471,Dennis,Schröder,D. Schröder,dennis-schröder,G,,,33:10,33.166666666666664,4,12,0.333,1,3,0.333,0,0,0.0,1,6,7,7,3,0,2,1,9,4.0,0022400136,Dennis Schröder,dennis schröder,,,2024-11-01,3,0.271356783919598,0.030150753768844223,0.21105527638190957,0.21105527638190957,0.1206030150753769,6.0,3.0,3.0,2.0,1.0,5.0,5.0,1.0,3.0,0,0.0,0,0.0017299999999999998,7.0,4043.905257076835,6.98789,0.09045226130653267,1.0,5.0,0.59720576
0022400136,1610612751,Brooklyn,Nets,BKN,nets,1630592,Jalen,Wilson,J. Wilson,jalen-wilson,,,,22:17,22.283333333333335,3,8,0.375,1,5,0.2,0,0,0.0,0,1,1,3,1,0,2,1,7,8.0,0022400136,Jalen Wilson,jalen wilson,,,2024-11-01,1,0.31413612565445026,0.0,0.044876589379207174,0.13462976813762154,0.044876589379207174,9.0,6.0,9.0,5.0,3.0,5.0,1.0,7.0,0.0,0,0.0,0,0.00196,24.0,12238.65374808771,23.95296,0.044876589379207174,6.0,8.0,0.06538071
0022400136,1610612751,Brooklyn,Nets,BKN,nets,1641730,Noah,Clowney,N. Clowney,noah-clowney,,,,15:07,15.116666666666667,2,4,0.5,0,2,0.0,3,4,0.75,2,2,4,1,0,2,0,0,7,4.0,0022400136,Noah Clowney,noah clowney,,,2024-11-01,2,0.46306504961411243,0.1323042998897464,0.2646085997794928,0.0661521499448732,0.2646085997794928,9.0,2.0,6.0,7.0,9.0,1.0,5.0,9.0,0.0,0,0.0,0,0.00158,12.5,7906.388361796332,12.48025,0.1323042998897464,3.0,1.0,0.17703985
0022400136,1610612751,Brooklyn,Nets,BKN,nets,1629651,Nic,Claxton,N. Claxton,nic-claxton,,,,24:28,24.466666666666665,6,8,0.75,0,0,0.0,0,0,0.0,4,5,9,2,1,0,1,4,12,8.0,0022400136,Nic Claxton,nic claxton,,,2024-11-01,1,0.4904632152588556,0.16348773841961853,0.36784741144414174,0.08174386920980926,0.20435967302452318,3.0,1.0,1.0,6.0,3.0,5.0,1.0,6.0,1.0,0,0.0,0,0.00155,18.4,11863.313990973566,18.37148,0.04087193460490463,6.0,3.0,0.8286155
0022400136,1610612751,Brooklyn,Nets,BKN,nets,1630533,Ziaire,Williams,Z. Williams,ziaire-williams,,,,19:31,19.516666666666666,5,9,0.556,0,2,0.0,0,0,0.0,1,2,3,0,1,0,0,3,10,8.0,0022400136,Ziaire Williams,ziaire williams,,,2024-11-01,1,0.5123825789923143,0.05123825789923143,0.1537147736976943,0.0,0.10247651579846286,5.0,3.0,7.0,9.0,3.0,5.0,1.0,8.0,0.0,0,0.0,0,0.00196,20.5,10453.850076491586,20.45982,0.05123825789923143,6.0,6.0,0.7706362
0022400136,1610612751,Brooklyn,Nets,BKN,nets,1630553,Keon,Johnson,K. Johnson,keon-johnson,,,,8:48,8.8,5,6,0.833,2,2,1.0,0,0,0.0,0,3,3,1,1,1,0,1,12,4.0,0022400136,Keon Johnson,keon johnson,,,2024-11-01,2,1.3636363636363635,0.0,0.3409090909090909,0.11363636363636363,0.22727272727272727,3.0,6.0,7.0,7.0,3.0,3.0,5.0,10.0,2.0,0,0.0,0,0.0035299999999999997,29.4,8326.25318606627,29.296217999999996,0.22727272727272727,3.0,2.0,0.7937382
0022400151,1610612751,Brooklyn,Nets,BKN,nets,1627732,Ben,Simmons,B. Simmons,ben-simmons,F,,,24:28,24.466666666666665,2,4,0.5,0,0,0.0,0,0,0.0,0,6,6,6,1,0,3,2,4,-3.0,0022400151,Ben Simmons,ben simmons,,,2024-11-03,1,0.16348773841961853,0.0,0.2452316076294278,0.2452316076294278,0.04087193460490463,8.0,4.0,1.0,1.0,3.0,4.0,5.0,5.0,3.0,0,0.0,0,0.0013700000000000001,-6.4,-4668.125455871626,-6.3912320000000005,0.04087193460490463,5.0,8.0,0.04018379
0022400151,1610612751,Brooklyn,Nets,BKN,nets,1629661,Cameron,Johnson,C. Johnson,cameron-johnson,F,,,30:04,30.066666666666666,9,19,0.474,3,12,0.25,5,6,0.833,0,1,1,3,1,1,0,3,26,-5.0,0022400151,Cameron Johnson,cameron johnson,,,2024-11-03,2,0.8647450110864745,0.0,0.03325942350332594,0.09977827050997783,0.06651884700665188,1.0,4.0,8.0,4.0,3.0,1.0,7.0,3.0,4.0,0,0.0,0,0.0032300000000000002,-6.6,-2042.7112349117917,-6.578682,0.06651884700665188,3.0,4.0,0.64944917
0022400151,1610612751,Brooklyn,Nets,BKN,nets,1627827,Dorian,Finney-Smith,D. Finney-Smith,dorian-finney-smith,C,,,28:23,28.383333333333333,3,5,0.6,2,3,0.667,1,1,1.0,2,1,3,0,2,1,2,3,9,-8.0,0022400151,Dorian Finney-Smith,dorian finney-smith,,,2024-11-03,3,0.31708749266001174,0.07046388725778038,0.10569583088667059,0.0,0.17615971814445097,3.0,1.0,3.0,8.0,2.0,1.0,8.0,4.0,2.0,0,0.0,0,0.00111,-13.8,-12421.242124212422,-13.784682,0.10569583088667059,1.0,1.0,0.24847767
0022400151,1610612751,Brooklyn,Nets,BKN,nets,1630560,Cam,Thomas,C. Thomas,cam-thomas,G,,,31:08,31.133333333333333,6,17,0.353,1,7,0.143,4,4,1.0,0,2,2,2,0,0,3,0,17,-19.0,0022400151,Cam Thomas,cam thomas,,,2024-11-03,0,0.5460385438972163,0.0,0.06423982869379015,0.06423982869379015,0.0,2.0,4.0,5.0,5.0,7.0,4.0,12.0,2.0,1.0,0,0.0,0,0.00328,-28.6,-8716.854617494666,-28.506192000000002,0.0,7.0,9.0,0.41272828
0022400151,1610612751,Brooklyn,Nets,BKN,nets,203471,Dennis,Schröder,D. Schröder,dennis-schröder,G,,,33:20,33.333333333333336,3,7,0.429,1,3,0.333,0,0,0.0,0,5,5,4,3,0,2,3,7,-11.0,0022400151,Dennis Schröder,dennis schröder,,,2024-11-03,3,0.21,0.0,0.15,0.12,0.09,6.0,4.0,2.0,3.0,1.0,4.0,9.0,1.0,2.0,0,0.0,0,0.00127,-13.1,-10306.84500393391,-13.083363,0.09,1.0,3.0,0.07156907
0022400151,1610612751,Brooklyn,Nets,BKN,nets,1630592,Jalen,Wilson,J. Wilson,jalen-wilson,,,,21:50,21.833333333333332,3,6,0.5,1,1,1.0,1,2,0.5,1,2,3,2,0,0,0,0,8,4.0,0022400151,Jalen Wilson,jalen wilson,,,2024-11-03,0,0.366412213740458,0.04580152671755725,0.13740458015267176,0.0916030534351145,0.04580152671755725,4.0,2.0,3.0,5.0,7.0,4.0,1.0,7.0,0.0,0,0.0,0,0.0016300000000000002,14.8,9074.187614960147,14.775876,0.0,7.0,6.0,0.20850222
0022400151,1610612751,Brooklyn,Nets,BKN,nets,1641730,Noah,Clowney,N. Clowney,noah-clowney,,,,16:43,16.716666666666665,1,3,0.333,1,2,0.5,1,2,0.5,1,1,2,1,0,0,0,2,4,-4.0,0022400151,Noah Clowney,noah clowney,,,2024-11-03,0,0.23928215353938187,0.05982053838484547,0.11964107676969093,0.05982053838484547,0.05982053838484547,8.0,2.0,5.0,7.0,7.0,4.0,6.0,8.0,2.0,0,0.0,0,0.0011799999999999998,-15.6,-13209.14479254869,-15.581592,0.0,7.0,5.0,0.018354708
0022400151,1610612751,Brooklyn,Nets,BKN,nets,1630533,Ziaire,Williams,Z. Williams,ziaire-williams,,,,16:00,16.0,2,5,0.4,0,3,0.0,0,0,0.0,0,2,2,0,0,0,0,3,4,-14.0,0022400151,Ziaire Williams,ziaire williams,,,2024-11-03,0,0.25,0.0,0.125,0.0,0.0,8.0,4.0,5.0,8.0,7.0,4.0,11.0,9.0,3.0,0,0.0,0,0.00172,-39.4,-22893.666472980825,-39.332232,0.0,7.0,9.0,0.014851778
0022400151,1610612751,Brooklyn,Nets,BKN,nets,1629651,Nic,Claxton,N. Claxton,nic-claxton,,,,21:56,21.933333333333334,2,4,0.5,0,0,0.0,4,12,0.333,0,1,1,5,1,0,3,5,8,-11.0,0022400151,Nic Claxton,nic claxton,,,2024-11-03,1,0.364741641337386,0.0,0.04559270516717325,0.22796352583586627,0.04559270516717325,4.0,4.0,8.0,2.0,3.0,4.0,9.0,6.0,1.0,0,0.0,0,0.00267,-17.8,-6664.170722575814,-17.752474000000003,0.04559270516717325,5.0,7.0,0.05916028
0022400151,1610612751,Brooklyn,Nets,BKN,nets,1630553,Keon,Johnson,K. Johnson,keon-johnson,,,,12:56,12.933333333333334,1,1,1.0,0,0,0.0,3,4,0.75,0,1,1,0,1,1,0,3,5,1.0,0022400151,Keon Johnson,keon johnson,,,2024-11-03,2,0.3865979381443299,0.0,0.07731958762886598,0.0,0.15463917525773196,7.0,4.0,8.0,8.0,3.0,1.0,2.0,10.0,2.0,0,0.0,0,0.0012,7.7,6411.323896752707,7.69076,0.15463917525773196,3.0,2.0,0.041701496
0022400151,1610612751,Brooklyn,Nets,BKN,nets,1629003,Shake,Milton,S. Milton,shake-milton,,,,1:36,1.6,0,0,0.0,0,0,0.0,0,0,0.0,0,0,0,0,0,0,0,0,0,0.0,0022400151,Shake Milton,shake milton,,,2024-11-03,0,0.0,0.0,0.0,0.0,0.0,11.0,4.0,12.0,8.0,7.0,4.0,3.0,11.0,,1,,1,0.0,0.0,0.0,0.0,0.0,7.0,9.0,0.0053039873
0022400151,1610612751,Brooklyn,Nets,BKN,nets,1631213,Tyrese,Martin,T. Martin,tyrese-martin,,,,1:36,1.6,0,0,0.0,0,0,0.0,0,0,0.0,0,1,1,0,0,0,0,0,0,0.0,0022400151,Tyrese Martin,tyrese martin,,,2024-11-03,0,0.0,0.0,0.625,0.0,0.0,11.0,4.0,8.0,8.0,7.0,4.0,3.0,11.0,0.0,0,0.0,0,0.0,0.0,0.0,0.0,0.0,7.0,9.0,0.009931536
0022400158,1610612751,Brooklyn,Nets,BKN,nets,1629661,Cameron,Johnson,C. Johnson,cameron-johnson,F,,,36:03,36.05,8,11,0.727,3,4,0.75,1,2,0.5,1,2,3,2,0,0,0,2,20,16.0,0022400158,Cameron Johnson,cameron johnson,,,2024-11-04,0,0.5547850208044384,0.027739251040221916,0.08321775312066575,0.05547850208044383,0.027739251040221916,1.0,4.0,6.0,7.0,6.0,2.0,1.0,1.0,1.0,0,0.0,0,0.00146,23.6,16153.3196440794,23.565544000000003,0.0,6.0,8.0,0.908804
0022400158,1610612751,Brooklyn,Nets,BKN,nets,1627827,Dorian,Finney-Smith,D. Finney-Smith,dorian-finney-smith,F,,,28:00,28.0,6,10,0.6,5,8,0.625,0,0,0.0,5,1,6,3,1,0,4,5,17,12.0,0022400158,Dorian Finney-Smith,dorian finney-smith,,,2024-11-04,1,0.6071428571428571,0.17857142857142858,0.21428571428571427,0.10714285714285714,0.21428571428571427,3.0,1.0,2.0,4.0,3.0,2.0,2.0,5.0,3.0,0,1.0,0,0.00215,20.0,9298.000929800093,19.957,0.03571428571428571,3.0,1.0,0.7937936
0022400158,1610612751,Brooklyn,Nets,BKN,nets,1629651,Nic,Claxton,N. Claxton,nic-claxton,C,,,26:38,26.633333333333333,5,8,0.625,0,0,0.0,0,2,0.0,2,6,8,3,2,1,0,1,10,-4.0,0022400158,Nic Claxton,nic claxton,,,2024-11-04,3,0.37546933667083854,0.07509386733416772,0.30037546933667086,0.11264080100125157,0.18773466833541927,6.0,2.0,1.0,4.0,1.0,1.0,7.0,6.0,3.0,0,0.0,0,0.00155,-5.6,-3610.573823339781,-5.59132,0.11264080100125157,1.0,2.0,0.44523442
0022400158,1610612751,Brooklyn,Nets,BKN,nets,1630560,Cam,Thomas,C. Thomas,cam-thomas,G,,,33:35,33.583333333333336,6,17,0.353,0,4,0.0,1,1,1.0,0,2,2,6,1,0,3,2,13,1.0,0022400158,Cam Thomas,cam thomas,,,2024-11-04,1,0.3870967741935484,0.0,0.059553349875930514,0.17866004962779156,0.029776674937965257,4.0,7.0,7.0,1.0,3.0,2.0,4.0,3.0,1.0,0,0.0,0,0.0027400000000000002,1.6,583.7285662167092,1.5956160000000001,0.029776674937965257,3.0,6.0,0.32635573
0022400158,1610612751,Brooklyn,Nets,BKN,nets,203471,Dennis,Schröder,D. Schröder,dennis-schröder,G,,,34:08,34.13333333333333,7,15,0.467,2,7,0.286,4,5,0.8,0,2,2,6,1,0,3,4,20,5.0,0022400158,Dennis Schröder,dennis schröder,,,2024-11-04,1,0.5859375,0.0,0.05859375,0.17578125,0.029296875,1.0,7.0,7.0,1.0,3.0,2.0,3.0,2.0,2.0,0,0.0,0,0.0026,12.1,4652.056901191849,12.068539999999999,0.029296875,3.0,7.0,0.6839665
0022400158,1610612751,Brooklyn,Nets,BKN,nets,1630592,Jalen,Wilson,J. Wilson,jalen-wilson,,,,28:20,28.333333333333332,5,12,0.417,0,6,0.0,3,4,0.75,1,5,6,4,0,0,0,2,13,0.0,0022400158,Jalen Wilson,jalen wilson,,,2024-11-04,0,0.45882352941176474,0.03529411764705882,0.21176470588235294,0.1411764705882353,0.03529411764705882,4.0,4.0,2.0,3.0,6.0,2.0,5.0,4.0,1.0,0,0.0,0,0.00212,1.9,895.8038661008958,1.895972,0.0,6.0,5.0,0.371055
0022400158,1610612751,Brooklyn,Nets,BKN,nets,1630553,Keon,Johnson,K. Johnson,keon-johnson,,,,20:30,20.5,2,7,0.286,2,3,0.667,0,0,0.0,0,4,4,3,0,0,2,5,6,-5.0,0022400158,Keon Johnson,keon johnson,,,2024-11-04,0,0.2926829268292683,0.0,0.1951219512195122,0.14634146341463414,0.0,7.0,7.0,4.0,4.0,6.0,2.0,8.0,8.0,0.0,0,0.0,0,0.00196,-3.3,-1682.81489036206,-3.293532,0.0,6.0,9.0,0.044220533
0022400158,1610612751,Brooklyn,Nets,BKN,nets,1630533,Ziaire,Williams,Z. Williams,ziaire-williams,,,,21:13,21.216666666666665,0,2,0.0,0,2,0.0,2,2,1.0,1,1,2,1,2,0,0,1,2,-1.0,0022400158,Ziaire Williams,ziaire williams,,,2024-11-04,2,0.09426551453260017,0.047132757266300083,0.09426551453260017,0.047132757266300083,0.14139827179890024,9.0,4.0,7.0,8.0,1.0,2.0,6.0,7.0,5.0,0,0.0,0,0.00065,0.1,153.60983102918587,0.099935,0.09426551453260017,2.0,4.0,0.028398156
0022400158,1610612751,Brooklyn,Nets,BKN,nets,1629003,Shake,Milton,S. Milton,shake-milton,,,,11:32,11.533333333333333,1,2,0.5,1,2,0.5,2,2,1.0,2,2,4,0,0,0,1,0,5,-14.0,0022400158,Shake Milton,shake milton,,,2024-11-04,0,0.43352601156069365,0.17341040462427745,0.3468208092485549,0.0,0.17341040462427745,8.0,2.0,4.0,9.0,6.0,2.0,9.0,9.0,1.0,0,0.0,0,0.0016,-57.5,-35915.053091817615,-57.407999999999994,0.0,6.0,3.0,0.010436528
0022400187,1610612751,Brooklyn,Nets,BKN,nets,1629661,Cameron,Johnson,C. Johnson,cameron-johnson,F,,,39:35,39.583333333333336,6,13,0.462,3,8,0.375,3,3,1.0,2,6,8,4,0,0,0,2,18,1.0,0022400187,Cameron Johnson,cameron johnson,,,2024-11-08,0,0.4547368421052631,0.05052631578947368,0.20210526315789473,0.10105263157894737,0.05052631578947368,3.0,2.0,3.0,2.0,4.0,3.0,1.0,1.0,1.0,0,0.0,0,0.00147,-1.3,-883.7525492862,-1.298089,0.0,6.0,7.0,0.64502203
0022400187,1610612751,Brooklyn,Nets,BKN,nets,1627827,Dorian,Finney-Smith,D. Finney-Smith,dorian-finney-smith,F,,,31:05,31.083333333333332,2,6,0.333,1,3,0.333,0,0,0.0,2,3,5,2,0,1,1,5,5,0.0,0022400187,Dorian Finney-Smith,dorian finney-smith,,,2024-11-08,1,0.16085790884718498,0.064343163538874,0.16085790884718498,0.064343163538874,0.096514745308311,7.0,2.0,5.0,5.0,4.0,2.0,3.0,4.0,2.0,0,0.0,0,0.0010299999999999999,3.5,3394.762366634336,3.496395,0.032171581769437,3.0,4.0,0.06393843
0022400187,1610612751,Brooklyn,Nets,BKN,nets,1629651,Nic,Claxton,N. Claxton,nic-claxton,C,,,28:00,28.0,1,3,0.333,0,0,0.0,0,0,0.0,1,9,10,3,0,2,0,1,2,1.0,0022400187,Nic Claxton,nic claxton,,,2024-11-08,2,0.07142857142857142,0.03571428571428571,0.35714285714285715,0.10714285714285714,0.10714285714285714,9.0,4.0,2.0,3.0,4.0,1.0,1.0,5.0,0.0,0,0.0,0,0.00048,3.7,7692.307692307692,3.698224,0.07142857142857142,2.0,2.0,0.26779294
0022400187,1610612751,Brooklyn,Nets,BKN,nets,1630560,Cam,Thomas,C. Thomas,cam-thomas,G,,,38:00,38.0,11,22,0.5,4,9,0.444,5,7,0.714,0,3,3,1,1,0,2,5,31,-4.0,0022400187,Cam Thomas,cam thomas,,,2024-11-08,1,0.8157894736842105,0.0,0.07894736842105263,0.02631578947368421,0.02631578947368421,1.0,8.0,6.0,6.0,2.0,3.0,7.0,2.0,3.0,0,0.0,0,0.00318,-6.9,-2169.129204652625,-6.878058,0.02631578947368421,3.0,9.0,0.86165345
0022400187,1610612751,Brooklyn,Nets,BKN,nets,203471,Dennis,Schröder,D. Schröder,dennis-schröder,G,,,37:28,37.46666666666667,9,23,0.391,2,8,0.25,0,0,0.0,0,3,3,3,4,0,4,2,20,-2.0,0022400187,Dennis Schröder,dennis schröder,,,2024-11-08,4,0.5338078291814946,0.0,0.08007117437722419,0.08007117437722419,0.10676156583629892,2.0,8.0,6.0,3.0,1.0,3.0,5.0,3.0,3.0,0,0.0,0,0.0032500000000000003,-1.3,-399.87696093509686,-1.2957750000000001,0.10676156583629892,1.0,3.0,0.6507934
0022400187,1610612751,Brooklyn,Nets,BKN,nets,1630592,Jalen,Wilson,J. Wilson,jalen-wilson,,,,24:39,24.65,3,10,0.3,0,4,0.0,2,2,1.0,1,1,2,1,0,0,1,1,8,-1.0,0022400187,Jalen Wilson,jalen wilson,,,2024-11-08,0,0.32454361054766734,0.04056795131845842,0.08113590263691683,0.04056795131845842,0.04056795131845842,5.0,4.0,8.0,6.0,4.0,3.0,4.0,7.0,0.0,0,0.0,0,0.00211,0.2,94.74182851729039,0.19957800000000003,0.0,6.0,8.0,0.07331373
0022400187,1610612751,Brooklyn,Nets,BKN,nets,1630533,Ziaire,Williams,Z. Williams,ziaire-williams,,,,23:16,23.266666666666666,4,11,0.364,0,3,0.0,1,2,0.5,4,8,12,1,0,0,0,3,9,-5.0,0022400187,Ziaire Williams,ziaire williams,,,2024-11-08,0,0.3868194842406877,0.17191977077363899,0.5157593123209169,0.042979942693409746,0.17191977077363899,4.0,1.0,1.0,6.0,4.0,3.0,8.0,8.0,2.0,0,0.0,0,0.00218,-6.4,-2934.433745988079,-6.386048000000001,0.0,6.0,1.0,0.26729524
0022400187,1610612751,Brooklyn,Nets,BKN,nets,1627732,Ben,Simmons,B. Simmons,ben-simmons,,,,27:17,27.283333333333335,4,6,0.667,0,0,0.0,0,0,0.0,1,5,6,8,1,0,3,1,8,-8.0,0022400187,Ben Simmons,ben simmons,,,2024-11-08,1,0.29321930360415394,0.03665241295051924,0.21991447770311545,0.29321930360415394,0.07330482590103848,5.0,4.0,4.0,1.0,2.0,3.0,9.0,6.0,0.0,0,0.0,0,0.0014299999999999998,-11.1,-7756.813417190777,-11.084126999999999,0.03665241295051924,3.0,5.0,0.23585288
0022400187,1610612751,Brooklyn,Nets,BKN,nets,1630553,Keon,Johnson,K. Johnson,keon-johnson,,,,15:40,15.666666666666666,1,6,0.167,0,3,0.0,1,1,1.0,1,1,2,1,0,0,1,2,3,-2.0,0022400187,Keon Johnson,keon johnson,,,2024-11-08,0,0.19148936170212766,0.06382978723404256,0.12765957446808512,0.06382978723404256,0.06382978723404256,8.0,4.0,8.0,6.0,4.0,3.0,5.0,9.0,0.0,0,0.0,0,0.00179,-6.7,-3740.9268565047464,-6.688007000000001,0.0,6.0,6.0,0.015719378
0022400199,1610612751,Brooklyn,Nets,BKN,nets,1629661,Cameron,Johnson,C. Johnson,cameron-johnson,F,,,31:18,31.3,8,13,0.615,4,7,0.571,3,3,1.0,1,4,5,1,0,0,0,0,23,4.0,0022400199,Cameron Johnson,cameron johnson,,,2024-11-09,0,0.7348242811501597,0.03194888178913738,0.1597444089456869,0.03194888178913738,0.03194888178913738,1.0,4.0,2.0,5.0,4.0,3.0,3.0,4.0,2.0,0,0.0,0,0.0020599999999999998,4.8,2328.9665211062593,4.790112,0.0,5.0,8.0,0.9069514
0022400199,1610612751,Brooklyn,Nets,BKN,nets,1627827,Dorian,Finney-Smith,D. Finney-Smith,dorian-finney-smith,F,,,28:41,28.683333333333334,4,8,0.5,2,6,0.333,0,0,0.0,3,1,4,0,0,0,0,3,10,11.0,0022400199,Dorian Finney-Smith,dorian finney-smith,,,2024-11-09,0,0.3486345148169669,0.10459035444509006,0.13945380592678674,0.0,0.10459035444509006,4.0,1.0,3.0,9.0,4.0,3.0,1.0,5.0,0.0,0,0.0,0,0.0012900000000000001,16.3,12625.87141750581,16.278973,0.0,5.0,3.0,0.60008746
0022400199,1610612751,Brooklyn,Nets,BKN,nets,1629651,Nic,Claxton,N. Claxton,nic-claxton,C,,,32:00,32.0,4,5,0.8,0,0,0.0,2,3,0.667,2,8,10,4,0,1,2,0,10,4.0,0022400199,Nic Claxton,nic claxton,,,2024-11-09,1,0.3125,0.0625,0.3125,0.125,0.09375,4.0,2.0,1.0,3.0,4.0,1.0,3.0,3.0,1.0,0,0.0,0,0.0011799999999999998,6.7,5673.158340389502,6.692094000000001,0.03125,2.0,4.0,0.49623844
0022400199,1610612751,Brooklyn,Nets,BKN,nets,1630560,Cam,Thomas,C. Thomas,cam-thomas,G,,,35:57,35.95,6,17,0.353,2,7,0.286,8,8,1.0,0,2,2,6,0,0,6,2,22,7.0,0022400199,Cam Thomas,cam thomas,,,2024-11-09,0,0.6119610570236439,0.0,0.05563282336578581,0.16689847009735742,0.0,2.0,7.0,8.0,1.0,4.0,3.0,2.0,2.0,,1,,1,0.00333,7.0,2101.4710297208044,6.97669,0.0,5.0,10.0,0.32722953
0022400199,1610612751,Brooklyn,Nets,BKN,nets,203471,Dennis,Schröder,D. Schröder,dennis-schröder,G,,,37:24,37.4,7,14,0.5,4,8,0.5,4,4,1.0,1,1,2,5,0,0,1,2,22,3.0,0022400199,Dennis Schröder,dennis schröder,,,2024-11-09,0,0.5882352941176471,0.026737967914438502,0.053475935828877004,0.13368983957219252,0.026737967914438502,2.0,4.0,8.0,2.0,4.0,3.0,5.0,1.0,1.0,0,0.0,0,0.00213,4.2,1970.905678085406,4.191054,0.0,5.0,9.0,0.8129886
0022400199,1610612751,Brooklyn,Nets,BKN,nets,1641730,Noah,Clowney,N. Clowney,noah-clowney,,,,14:22,14.366666666666667,1,3,0.333,0,2,0.0,0,0,0.0,0,3,3,1,2,1,1,2,2,-5.0,0022400199,Noah Clowney,noah clowney,,,2024-11-09,3,0.13921113689095127,0.0,0.2088167053364269,0.06960556844547564,0.2088167053364269,8.0,7.0,5.0,5.0,1.0,1.0,6.0,8.0,3.0,0,1.0,0,0.00111,-13.4,-12061.206120612062,-13.385126,0.2088167053364269,1.0,1.0,0.045071036
0022400199,1610612751,Brooklyn,Nets,BKN,nets,1629003,Shake,Milton,S. Milton,shake-milton,,,,17:48,17.8,1,3,0.333,1,3,0.333,0,0,0.0,0,0,0,1,1,0,0,2,3,-16.0,0022400199,Shake Milton,shake milton,,,2024-11-09,1,0.16853932584269662,0.0,0.0,0.056179775280898875,0.056179775280898875,7.0,7.0,10.0,5.0,2.0,3.0,10.0,7.0,1.0,0,0.0,0,0.00068,-45.2,-66372.98091042585,-45.169264000000005,0.056179775280898875,2.0,6.0,0.00802443
0022400199,1610612751,Brooklyn,Nets,BKN,nets,1630533,Ziaire,Williams,Z. Williams,ziaire-williams,,,,20:14,20.233333333333334,0,3,0.0,0,2,0.0,0,0,0.0,0,3,3,0,1,0,2,2,0,-15.0,0022400199,Ziaire Williams,ziaire williams,,,2024-11-09,1,0.0,0.0,0.14827018121911037,0.0,0.049423393739703454,10.0,7.0,5.0,9.0,2.0,3.0,9.0,6.0,3.0,0,0.0,0,0.00109,-34.5,-31622.36480293309,-34.462395,0.049423393739703454,2.0,7.0,0.0049598445
0022400199,1610612751,Brooklyn,Nets,BKN,nets,1630592,Jalen,Wilson,J. Wilson,jalen-wilson,,,,10:01,10.016666666666667,1,3,0.333,0,2,0.0,0,0,0.0,2,1,3,1,0,0,2,1,2,-11.0,0022400199,Jalen Wilson,jalen wilson,,,2024-11-09,0,0.19966722129783693,0.19966722129783693,0.29950083194675536,0.09983361064891846,0.19966722129783693,8.0,2.0,5.0,5.0,4.0,3.0,8.0,10.0,1.0,0,0.0,0,0.00208,-50.0,-24026.910139356078,-49.896,0.0,5.0,2.0,0.008677294
0022400199,1610612751,Brooklyn,Nets,BKN,nets,1630553,Keon,Johnson,K. Johnson,keon-johnson,,,,12:15,12.25,2,7,0.286,2,6,0.333,0,0,0.0,1,3,4,2,0,0,3,0,6,-7.0,0022400199,Keon Johnson,keon johnson,,,2024-11-09,0,0.4897959183673469,0.08163265306122448,0.32653061224489793,0.16326530612244897,0.08163265306122448,6.0,4.0,3.0,4.0,4.0,3.0,7.0,9.0,1.0,0,0.0,0,0.00345,-32.3,-9359.605911330049,-32.188565,0.0,5.0,5.0,0.040534526
0022400214,1610612751,Brooklyn,Nets,BKN,nets,1629661,Cameron,Johnson,C. Johnson,cameron-johnson,F,,,30:57,30.95,5,10,0.5,3,7,0.429,2,2,1.0,0,1,1,0,1,1,2,2,15,-4.0,0022400214,Cameron Johnson,cameron johnson,,,2024-11-11,2,0.48465266558966075,0.0,0.03231017770597738,0.0,0.06462035541195477,2.0,7.0,8.0,8.0,2.0,2.0,6.0,4.0,4.0,0,0.0,0,0.00178,-4.6,-2582.818641212802,-4.591812,0.06462035541195477,1.0,5.0,0.7497891
0022400214,1610612751,Brooklyn,Nets,BKN,nets,1630533,Ziaire,Williams,Z. Williams,ziaire-williams,F,,,28:04,28.066666666666666,3,12,0.25,2,7,0.286,4,4,1.0,2,7,9,0,1,1,2,3,12,-5.0,0022400214,Ziaire Williams,ziaire williams,,,2024-11-11,2,0.42755344418052255,0.07125890736342043,0.32066508313539194,0.0,0.14251781472684086,6.0,3.0,1.0,8.0,2.0,2.0,9.0,5.0,6.0,0,0.0,0,0.00246,-8.9,-3616.4160910199107,-8.878106,0.07125890736342043,1.0,3.0,0.1654159
0022400214,1610612751,Brooklyn,Nets,BKN,nets,1629651,Nic,Claxton,N. Claxton,nic-claxton,C,,,32:15,32.25,5,9,0.556,0,0,0.0,3,4,0.75,5,4,9,3,0,2,2,1,13,-4.0,0022400214,Nic Claxton,nic claxton,,,2024-11-11,2,0.40310077519379844,0.15503875968992248,0.27906976744186046,0.09302325581395349,0.21705426356589147,5.0,1.0,1.0,2.0,4.0,1.0,6.0,2.0,2.0,0,0.0,0,0.00181,-1.2,-662.6173384870237,-1.197828,0.06201550387596899,1.0,2.0,0.57299566
0022400214,1610612751,Brooklyn,Nets,BKN,nets,1630560,Cam,Thomas,C. Thomas,cam-thomas,G,,,32:56,32.93333333333333,6,10,0.6,4,5,0.8,1,2,0.5,0,7,7,2,0,0,3,0,17,9.0,0022400214,Cam Thomas,cam thomas,,,2024-11-11,0,0.5161943319838057,0.0,0.21255060728744943,0.06072874493927126,0.0,1.0,7.0,3.0,3.0,4.0,5.0,1.0,1.0,0.0,0,0.0,0,0.00184,14.1,7658.881042911461,14.074056,0.0,6.0,8.0,0.85162956
0022400214,1610612751,Brooklyn,Nets,BKN,nets,203471,Dennis,Schröder,D. Schröder,dennis-schröder,G,,,31:36,31.6,4,9,0.444,3,5,0.6,3,4,0.75,0,3,3,2,0,0,2,0,14,7.0,0022400214,Dennis Schröder,dennis schröder,,,2024-11-11,0,0.4430379746835443,0.0,0.09493670886075949,0.06329113924050632,0.0,4.0,7.0,7.0,3.0,4.0,5.0,3.0,3.0,0.0,0,0.0,0,0.00178,14.7,8253.790005614823,14.673834,0.0,6.0,8.0,0.3848907
0022400214,1610612751,Brooklyn,Nets,BKN,nets,1627732,Ben,Simmons,B. Simmons,ben-simmons,,,,22:19,22.316666666666666,3,5,0.6,0,0,0.0,0,0,0.0,1,4,5,12,2,0,3,3,6,8.0,0022400214,Ben Simmons,ben simmons,,,2024-11-11,2,0.268857356235997,0.04480955937266617,0.22404779686333084,0.537714712471994,0.1344286781179985,8.0,4.0,5.0,1.0,1.0,5.0,2.0,7.0,2.0,0,1.0,0,0.00145,17.4,11991.72984148863,17.374769999999998,0.08961911874533234,1.0,4.0,0.20995475
0022400214,1610612751,Brooklyn,Nets,BKN,nets,1630592,Jalen,Wilson,J. Wilson,jalen-wilson,,,,23:25,23.416666666666668,3,10,0.3,1,4,0.25,3,3,1.0,1,0,1,2,0,0,1,3,10,-4.0,0022400214,Jalen Wilson,jalen wilson,,,2024-11-11,0,0.4270462633451957,0.042704626334519574,0.042704626334519574,0.08540925266903915,0.042704626334519574,7.0,4.0,8.0,3.0,4.0,5.0,6.0,6.0,0.0,0,0.0,0,0.00203,-8.5,-4185.130477597242,-8.482745,0.0,6.0,7.0,0.07752002
0022400214,1610612751,Brooklyn,Nets,BKN,nets,1641730,Noah,Clowney,N. Clowney,noah-clowney,,,,20:03,20.05,5,13,0.385,5,10,0.5,0,0,0.0,4,3,7,1,0,1,1,2,15,3.0,0022400214,Noah Clowney,noah clowney,,,2024-11-11,1,0.7481296758104737,0.199501246882793,0.34912718204488774,0.04987531172069825,0.24937655860349126,2.0,2.0,3.0,7.0,4.0,2.0,4.0,8.0,1.0,0,0.0,0,0.0028000000000000004,7.5,2677.61513745091,7.479,0.04987531172069825,5.0,1.0,0.8609265
0022400214,1610612751,Brooklyn,Nets,BKN,nets,1630553,Keon,Johnson,K. Johnson,keon-johnson,,,,18:27,18.45,2,6,0.333,1,4,0.25,0,0,0.0,1,3,4,2,0,0,0,0,5,0.0,0022400214,Keon Johnson,keon johnson,,,2024-11-11,0,0.2710027100271003,0.05420054200542006,0.21680216802168023,0.10840108401084012,0.05420054200542006,9.0,4.0,6.0,3.0,4.0,5.0,5.0,9.0,1.0,0,0.0,0,0.00146,0.0,0.0,0.0,0.0,6.0,6.0,0.041098367
0022400218,1610612751,Brooklyn,Nets,BKN,nets,1629661,Cameron,Johnson,C. Johnson,cameron-johnson,F,,,26:26,26.433333333333334,4,9,0.444,1,5,0.2,0,0,0.0,1,3,4,3,0,0,1,3,9,-20.0,0022400218,Cameron Johnson,cameron johnson,,,2024-11-13,0,0.34047919293820933,0.03783102143757881,0.15132408575031525,0.11349306431273644,0.03783102143757881,6.0,1.0,5.0,3.0,5.0,3.0,9.0,3.0,1.0,0,0.0,0,0.00185,-29.8,-16099.405726634252,-29.74487,0.0,6.0,4.0,0.08027685
0022400218,1610612751,Brooklyn,Nets,BKN,nets,1630533,Ziaire,Williams,Z. Williams,ziaire-williams,F,,,26:15,26.25,8,14,0.571,2,5,0.4,5,6,0.833,0,6,6,1,1,1,1,3,23,-21.0,0022400218,Ziaire Williams,ziaire williams,,,2024-11-13,2,0.8761904761904762,0.0,0.22857142857142856,0.0380952380952381,0.0761904761904762,1.0,4.0,1.0,8.0,1.0,2.0,10.0,4.0,3.0,0,0.0,0,0.00333,-34.6,-10387.271089762833,-34.484782,0.0761904761904762,1.0,3.0,0.82750195
0022400218,1610612751,Brooklyn,Nets,BKN,nets,1629651,Nic,Claxton,N. Claxton,nic-claxton,C,,,24:09,24.15,1,3,0.333,0,0,0.0,1,1,1.0,0,5,5,2,0,0,1,1,3,-6.0,0022400218,Nic Claxton,nic claxton,,,2024-11-13,0,0.12422360248447206,0.0,0.2070393374741201,0.08281573498964803,0.0,10.0,4.0,2.0,6.0,5.0,3.0,3.0,6.0,0.0,0,0.0,0,0.00074,-7.0,-9446.693657219972,-6.994820000000001,0.0,6.0,7.0,0.014648609
0022400218,1610612751,Brooklyn,Nets,BKN,nets,1630560,Cam,Thomas,C. Thomas,cam-thomas,G,,,27:39,27.65,5,11,0.455,3,5,0.6,4,4,1.0,0,3,3,3,1,0,2,3,17,-17.0,0022400218,Cam Thomas,cam thomas,,,2024-11-13,1,0.6148282097649187,0.0,0.108499095840868,0.108499095840868,0.03616636528028933,2.0,4.0,7.0,3.0,1.0,3.0,8.0,2.0,1.0,0,0.0,0,0.00263,-25.4,-9654.123907259596,-25.333198,0.03616636528028933,3.0,5.0,0.7766418
0022400218,1610612751,Brooklyn,Nets,BKN,nets,203471,Dennis,Schröder,D. Schröder,dennis-schröder,G,,,30:34,30.566666666666666,6,10,0.6,2,6,0.333,2,3,0.667,0,4,4,3,1,0,1,3,16,-14.0,0022400218,Dennis Schröder,dennis schröder,,,2024-11-13,1,0.5234460196292258,0.0,0.13086150490730644,0.09814612868047982,0.03271537622682661,3.0,4.0,5.0,3.0,1.0,3.0,5.0,1.0,2.0,0,1.0,0,0.0017599999999999998,-20.5,-11641.113003975015,-20.46392,0.03271537622682661,3.0,6.0,0.8758483
0022400218,1610612751,Brooklyn,Nets,BKN,nets,1629003,Shake,Milton,S. Milton,shake-milton,,,,24:29,24.483333333333334,3,5,0.6,2,3,0.667,0,0,0.0,0,0,0,8,0,0,1,0,8,-16.0,0022400218,Shake Milton,shake milton,,,2024-11-13,0,0.3267528931245745,0.0,0.0,0.3267528931245745,0.0,8.0,4.0,9.0,1.0,5.0,3.0,6.0,5.0,1.0,0,0.0,0,0.00113,-35.2,-31122.900088417337,-35.16022400000001,0.0,6.0,7.0,0.04230071
0022400218,1610612751,Brooklyn,Nets,BKN,nets,1630592,Jalen,Wilson,J. Wilson,jalen-wilson,,,,22:14,22.233333333333334,4,5,0.8,1,1,1.0,2,2,1.0,1,4,5,4,1,0,1,2,11,-5.0,0022400218,Jalen Wilson,jalen wilson,,,2024-11-13,1,0.4947526236881559,0.04497751124437781,0.22488755622188905,0.17991004497751123,0.08995502248875561,5.0,1.0,2.0,2.0,1.0,3.0,2.0,8.0,1.0,0,0.0,0,0.0014000000000000002,-10.9,-7780.157030692362,-10.88474,0.04497751124437781,3.0,2.0,0.6776995
0022400218,1610612751,Brooklyn,Nets,BKN,nets,1641730,Noah,Clowney,N. Clowney,noah-clowney,,,,17:51,17.85,3,6,0.5,2,5,0.4,1,2,0.5,0,2,2,2,0,0,1,4,9,-7.0,0022400218,Noah Clowney,noah clowney,,,2024-11-13,0,0.5042016806722689,0.0,0.11204481792717086,0.11204481792717086,0.0,6.0,4.0,8.0,6.0,5.0,3.0,4.0,9.0,0.0,0,0.0,0,0.00211,-20.0,-9474.182851729038,-19.957800000000002,0.0,6.0,7.0,0.12701753
0022400218,1610612751,Brooklyn,Nets,BKN,nets,1630553,Keon,Johnson,K. Johnson,keon-johnson,,,,23:16,23.266666666666666,4,10,0.4,4,8,0.5,0,0,0.0,1,4,5,0,0,2,2,1,12,-16.0,0022400218,Keon Johnson,keon johnson,,,2024-11-13,2,0.5157593123209169,0.042979942693409746,0.21489971346704873,0.0,0.12893982808022922,4.0,1.0,2.0,9.0,5.0,1.0,6.0,7.0,2.0,0,0.0,0,0.00231,-33.3,-14409.346603202075,-33.223076999999996,0.08595988538681949,1.0,1.0,0.5497487
0022400218,1610612751,Brooklyn,Nets,BKN,nets,1631213,Tyrese,Martin,T. Martin,tyrese-martin,,,,17:07,17.116666666666667,2,6,0.333,2,5,0.4,0,0,0.0,0,0,0,0,0,0,1,0,6,-3.0,0022400218,Tyrese Martin,tyrese martin,,,2024-11-13,0,0.3505355404089581,0.0,0.0,0.0,0.0,9.0,4.0,9.0,9.0,5.0,3.0,1.0,10.0,1.0,0,0.0,0,0.002,-8.8,-4397.801099450275,-8.7824,0.0,6.0,7.0,0.07365528
0022400014,1610612751,Brooklyn,Nets,BKN,nets,1627732,Ben,Simmons,B. Simmons,ben-simmons,F,,,24:43,24.716666666666665,2,5,0.4,0,0,0.0,0,0,0.0,1,6,7,5,1,0,0,1,4,0.0,0022400014,Ben Simmons,ben simmons,,,2024-11-15,1,0.16183412002697237,0.04045853000674309,0.28320971004720163,0.20229265003371547,0.08091706001348618,9.0,4.0,2.0,2.0,3.0,3.0,5.0,6.0,5.0,0,0.0,0,0.0009299999999999999,2.6,2792.6960257787327,2.597582,0.04045853000674309,4.0,5.0,0.06684511
0022400014,1610612751,Brooklyn,Nets,BKN,nets,1629661,Cameron,Johnson,C. Johnson,cameron-johnson,F,,,36:16,36.266666666666666,3,10,0.3,1,5,0.2,10,10,1.0,2,3,5,3,2,0,0,1,17,4.0,0022400014,Cameron Johnson,cameron johnson,,,2024-11-15,2,0.46875,0.05514705882352941,0.13786764705882354,0.08272058823529412,0.11029411764705882,2.0,1.0,3.0,3.0,1.0,3.0,3.0,2.0,7.0,0,0.0,0,0.0017499999999999998,10.5,5996.573386636209,10.481625,0.05514705882352941,1.0,3.0,0.29010424
0022400014,1610612751,Brooklyn,Nets,BKN,nets,1627827,Dorian,Finney-Smith,D. Finney-Smith,dorian-finney-smith,C,,,32:18,32.3,4,9,0.444,4,6,0.667,3,4,0.75,2,2,4,3,0,1,0,1,15,19.0,0022400014,Dorian Finney-Smith,dorian finney-smith,,,2024-11-15,1,0.4643962848297214,0.061919504643962855,0.12383900928792571,0.09287925696594428,0.09287925696594428,3.0,1.0,4.0,3.0,7.0,1.0,1.0,4.0,1.0,0,0.0,0,0.00145,26.3,18125.43073742247,26.261865,0.030959752321981428,4.0,4.0,0.81493986
0022400014,1610612751,Brooklyn,Nets,BKN,nets,1630560,Cam,Thomas,C. Thomas,cam-thomas,G,,,38:43,38.71666666666667,16,22,0.727,7,10,0.7,4,6,0.667,0,2,2,3,1,1,4,2,43,-1.0,0022400014,Cam Thomas,cam thomas,,,2024-11-15,2,1.1106328024106757,0.0,0.05165733964700818,0.07748600947051226,0.05165733964700818,1.0,8.0,7.0,3.0,3.0,1.0,6.0,1.0,1.0,0,0.0,0,0.00337,3.7,1097.597152180362,3.6875310000000003,0.05165733964700818,1.0,9.0,0.8835063
0022400014,1610612751,Brooklyn,Nets,BKN,nets,203471,Dennis,Schröder,D. Schröder,dennis-schröder,G,,,33:34,33.56666666666667,4,17,0.235,2,10,0.2,4,4,1.0,0,3,3,8,2,0,1,2,14,10.0,0022400014,Dennis Schröder,dennis schröder,,,2024-11-15,2,0.4170804369414101,0.0,0.08937437934458788,0.23833167825223434,0.059582919563058584,4.0,8.0,5.0,1.0,1.0,3.0,2.0,3.0,1.0,0,0.0,0,0.0023799999999999997,17.0,7139.857202855943,16.95954,0.059582919563058584,1.0,8.0,0.40165016
0022400014,1610612751,Brooklyn,Nets,BKN,nets,1630533,Ziaire,Williams,Z. Williams,ziaire-williams,,,,28:12,28.2,4,10,0.4,1,4,0.25,0,0,0.0,1,7,8,1,1,0,1,5,9,4.0,0022400014,Ziaire Williams,ziaire williams,,,2024-11-15,1,0.3191489361702128,0.03546099290780142,0.28368794326241137,0.03546099290780142,0.07092198581560284,5.0,4.0,1.0,7.0,3.0,3.0,3.0,5.0,2.0,0,0.0,0,0.00157,8.8,5601.527689369829,8.786184,0.03546099290780142,4.0,7.0,0.40488487
0022400014,1610612751,Brooklyn,Nets,BKN,nets,1641730,Noah,Clowney,N. Clowney,noah-clowney,,,,12:53,12.883333333333333,1,3,0.333,1,3,0.333,2,2,1.0,1,0,1,2,0,0,2,3,5,-17.0,0022400014,Noah Clowney,noah clowney,,,2024-11-15,0,0.38809831824062097,0.0776196636481242,0.0776196636481242,0.1552393272962484,0.0776196636481242,8.0,4.0,10.0,6.0,7.0,3.0,10.0,8.0,0.0,0,0.0,0,0.00188,-63.0,-33492.82296650718,-62.88156,0.0,8.0,6.0,0.010863492
0022400014,1610612751,Brooklyn,Nets,BKN,nets,1630553,Keon,Johnson,K. Johnson,keon-johnson,,,,11:44,11.733333333333333,2,4,0.5,1,3,0.333,2,2,1.0,1,2,3,1,1,0,1,2,7,-6.0,0022400014,Keon Johnson,keon johnson,,,2024-11-15,1,0.5965909090909092,0.08522727272727273,0.2556818181818182,0.08522727272727273,0.17045454545454547,6.0,4.0,5.0,7.0,3.0,3.0,7.0,9.0,2.0,0,0.0,0,0.00188,-19.1,-10154.173312068051,-19.064092000000002,0.08522727272727273,4.0,2.0,0.1401111
0022400014,1610612751,Brooklyn,Nets,BKN,nets,1629003,Shake,Milton,S. Milton,shake-milton,,,,5:30,5.5,1,3,0.333,0,1,0.0,0,0,0.0,2,0,2,0,0,0,0,2,2,-12.0,0022400014,Shake Milton,shake milton,,,2024-11-15,0,0.36363636363636365,0.36363636363636365,0.36363636363636365,0.0,0.36363636363636365,10.0,1.0,7.0,10.0,7.0,3.0,9.0,10.0,0.0,0,0.0,0,0.00231,-95.5,-41324.10212029424,-95.279395,0.0,8.0,1.0,0.013508592
0022400014,1610612751,Brooklyn,Nets,BKN,nets,1630592,Jalen,Wilson,J. Wilson,jalen-wilson,,,,16:07,16.116666666666667,2,6,0.333,2,4,0.5,0,0,0.0,0,2,2,1,0,0,0,3,6,-11.0,0022400014,Jalen Wilson,jalen wilson,,,2024-11-15,0,0.37228541882109617,0.0,0.12409513960703206,0.06204756980351603,0.0,7.0,8.0,7.0,7.0,7.0,3.0,8.0,7.0,0.0,0,0.0,0,0.00154,-32.4,-21025.30824140169,-32.350104,0.0,8.0,10.0,0.026142607
0022400240,1610612751,Brooklyn,Nets,BKN,nets,1627732,Ben,Simmons,B. Simmons,ben-simmons,F,,,22:07,22.116666666666667,0,3,0.0,0,0,0.0,0,0,0.0,0,4,4,8,0,1,3,3,0,-3.0,0022400240,Ben Simmons,ben simmons,,,2024-11-17,1,0.0,0.0,0.1808590806330068,0.3617181612660136,0.0452147701582517,10.0,5.0,4.0,1.0,2.0,1.0,8.0,7.0,3.0,0,0.0,0,0.00125,-9.7,-7753.796962430056,-9.687875,0.0452147701582517,1.0,5.0,0.008251131
0022400240,1610612751,Brooklyn,Nets,BKN,nets,1629661,Cameron,Johnson,C. Johnson,cameron-johnson,F,,,31:07,31.116666666666667,7,12,0.583,4,7,0.571,4,4,1.0,0,5,5,5,0,0,0,1,22,4.0,0022400240,Cameron Johnson,cameron johnson,,,2024-11-17,0,0.7070166041778254,0.0,0.16068559185859668,0.16068559185859668,0.0,1.0,5.0,2.0,3.0,2.0,4.0,1.0,2.0,0.0,0,0.0,0,0.00197,5.0,2536.783358701167,4.99015,0.0,5.0,6.0,0.93021727
0022400240,1610612751,Brooklyn,Nets,BKN,nets,1627827,Dorian,Finney-Smith,D. Finney-Smith,dorian-finney-smith,C,,,28:21,28.35,6,11,0.545,4,7,0.571,0,0,0.0,3,1,4,2,0,1,1,2,16,0.0,0022400240,Dorian Finney-Smith,dorian finney-smith,,,2024-11-17,1,0.564373897707231,0.10582010582010581,0.14109347442680775,0.07054673721340388,0.14109347442680775,2.0,1.0,4.0,6.0,2.0,1.0,6.0,4.0,0.0,0,0.0,0,0.00207,0.0,0.0,0.0,0.03527336860670194,1.0,1.0,0.85258484
0022400240,1610612751,Brooklyn,Nets,BKN,nets,1630560,Cam,Thomas,C. Thomas,cam-thomas,G,,,33:06,33.1,4,11,0.364,1,4,0.25,7,10,0.7,1,4,5,3,1,0,2,0,16,-8.0,0022400240,Cam Thomas,cam thomas,,,2024-11-17,1,0.4833836858006042,0.030211480362537763,0.1510574018126888,0.09063444108761329,0.060422960725075525,2.0,3.0,2.0,4.0,1.0,4.0,9.0,1.0,1.0,0,0.0,0,0.00246,-12.9,-5241.771637545713,-12.868266,0.030211480362537763,1.0,4.0,0.49777076
0022400240,1610612751,Brooklyn,Nets,BKN,nets,203471,Dennis,Schröder,D. Schröder,dennis-schröder,G,,,31:07,31.116666666666667,2,11,0.182,2,6,0.333,2,2,1.0,0,1,1,6,0,0,0,1,8,-16.0,0022400240,Dennis Schröder,dennis schröder,,,2024-11-17,0,0.2570969469737547,0.0,0.032137118371719335,0.19282271023031602,0.0,6.0,5.0,9.0,2.0,2.0,4.0,12.0,2.0,4.0,0,1.0,0,0.00185,-21.0,-11345.218800648297,-20.96115,0.0,5.0,6.0,0.0788667
0022400240,1610612751,Brooklyn,Nets,BKN,nets,1630570,Trendon,Watford,T. Watford,trendon-watford,,,,13:26,13.433333333333334,1,3,0.333,0,1,0.0,2,2,1.0,0,3,3,3,0,0,1,1,4,4.0,0022400240,Trendon Watford,trendon watford,,,2024-11-17,0,0.2977667493796526,0.0,0.22332506203473945,0.22332506203473945,0.0,8.0,5.0,6.0,4.0,2.0,4.0,1.0,9.0,0.0,0,0.0,0,0.00179,20.9,11669.458403126746,20.862589,0.0,5.0,6.0,0.026141254
0022400240,1610612751,Brooklyn,Nets,BKN,nets,1630533,Ziaire,Williams,Z. Williams,ziaire-williams,,,,24:00,24.0,1,7,0.143,0,4,0.0,5,6,0.833,1,2,3,1,0,1,0,4,7,-8.0,0022400240,Ziaire Williams,ziaire williams,,,2024-11-17,1,0.2916666666666667,0.041666666666666664,0.125,0.041666666666666664,0.08333333333333333,7.0,3.0,6.0,8.0,2.0,1.0,9.0,6.0,3.0,0,0.0,0,0.0020399999999999997,-18.2,-8917.1974522293,-18.162872,0.041666666666666664,1.0,2.0,0.038426794
0022400240,1610612751,Brooklyn,Nets,BKN,nets,1641730,Noah,Clowney,N. Clowney,noah-clowney,,,,16:49,16.816666666666666,5,7,0.714,2,4,0.5,1,3,0.333,0,2,2,1,0,0,1,4,13,-13.0,0022400240,Noah Clowney,noah clowney,,,2024-11-17,0,0.7730426164519326,0.0,0.11892963330029732,0.05946481665014866,0.0,5.0,5.0,8.0,8.0,2.0,4.0,11.0,8.0,0.0,0,0.0,0,0.00243,-41.5,-17071.16412998766,-41.399155,0.0,5.0,6.0,0.5851075
0022400240,1610612751,Brooklyn,Nets,BKN,nets,1630592,Jalen,Wilson,J. Wilson,jalen-wilson,,,,25:19,25.316666666666666,5,7,0.714,3,5,0.6,2,3,0.667,2,4,6,0,0,0,1,2,15,-2.0,0022400240,Jalen Wilson,jalen wilson,,,2024-11-17,0,0.5924950625411455,0.07899934167215274,0.2369980250164582,0.0,0.07899934167215274,4.0,2.0,1.0,10.0,2.0,4.0,7.0,5.0,0.0,0,0.0,0,0.00184,3.6,1955.4589896795221,3.593376,0.0,5.0,3.0,0.6678029
0022400240,1610612751,Brooklyn,Nets,BKN,nets,1630553,Keon,Johnson,K. Johnson,keon-johnson,,,,10:47,10.783333333333333,0,2,0.0,0,2,0.0,0,0,0.0,0,1,1,2,0,0,0,1,0,-17.0,0022400240,Keon Johnson,keon johnson,,,2024-11-17,0,0.0,0.0,0.09273570324574962,0.18547140649149924,0.0,10.0,5.0,9.0,6.0,2.0,4.0,13.0,10.0,0.0,0,0.0,0,0.00095,-62.2,-65404.83701366982,-62.140910000000005,0.0,5.0,6.0,0.0038151138
0022400240,1610612751,Brooklyn,Nets,BKN,nets,1629003,Shake,Milton,S. Milton,shake-milton,,,,1:17,1.2833333333333332,0,0,0.0,0,0,0.0,0,0,0.0,0,0,0,0,0,0,0,0,0,3.0,0022400240,Shake Milton,shake milton,,,2024-11-17,0,0.0,0.0,0.0,0.0,0.0,10.0,5.0,12.0,10.0,2.0,4.0,3.0,11.0,,1,,1,0.0,150.0,150000000.0,150.0,0.0,5.0,6.0,0.0054766093
0022400240,1610612751,Brooklyn,Nets,BKN,nets,1642385,Cui,Yongxi,C. Yongxi,cui-yongxi,,,,1:17,1.2833333333333332,0,1,0.0,0,0,0.0,0,0,0.0,0,0,0,0,0,0,0,0,0,3.0,0022400240,Cui Yongxi,cui yongxi,,,2024-11-17,0,0.0,0.0,0.0,0.0,0.0,10.0,5.0,12.0,10.0,2.0,4.0,3.0,11.0,1.0,0,0.0,0,0.005,150.0,29994.001199760045,149.25,0.0,5.0,6.0,0.0036997611
0022400240,1610612751,Brooklyn,Nets,BKN,nets,1631213,Tyrese,Martin,T. Martin,tyrese-martin,,,,1:17,1.2833333333333332,1,1,1.0,1,1,1.0,0,0,0.0,0,1,1,0,0,0,0,0,3,3.0,0022400240,Tyrese Martin,tyrese martin,,,2024-11-17,0,2.337662337662338,0.0,0.7792207792207793,0.0,0.0,9.0,5.0,9.0,10.0,2.0,4.0,3.0,11.0,,1,,1,0.005,150.0,29994.001199760045,149.25,0.0,5.0,6.0,0.08908804
0022400022,1610612751,Brooklyn,Nets,BKN,nets,1627732,Ben,Simmons,B. Simmons,ben-simmons,F,,,25:48,25.8,5,8,0.625,0,0,0.0,0,0,0.0,4,5,9,5,2,1,3,2,10,14.0,0022400022,Ben Simmons,ben simmons,,,2024-11-19,3,0.38759689922480617,0.15503875968992248,0.3488372093023256,0.19379844961240308,0.2713178294573643,5.0,1.0,1.0,2.0,1.0,4.0,3.0,5.0,3.0,0,0.0,0,0.0019,22.2,11678.06417674908,22.157819999999997,0.11627906976744186,1.0,1.0,0.6768007
0022400022,1610612751,Brooklyn,Nets,BKN,nets,1629661,Cameron,Johnson,C. Johnson,cameron-johnson,F,,,38:06,38.1,11,20,0.55,6,12,0.5,6,6,1.0,1,4,5,4,1,2,5,2,34,18.0,0022400022,Cameron Johnson,cameron johnson,,,2024-11-19,3,0.8923884514435695,0.026246719160104987,0.13123359580052493,0.10498687664041995,0.10498687664041995,1.0,2.0,2.0,3.0,2.0,1.0,1.0,1.0,2.0,0,0.0,0,0.00314,20.1,6399.235912129895,20.036886,0.07874015748031496,1.0,4.0,0.7360798
0022400022,1610612751,Brooklyn,Nets,BKN,nets,1627827,Dorian,Finney-Smith,D. Finney-Smith,dorian-finney-smith,C,,,27:17,27.283333333333335,5,6,0.833,4,5,0.8,1,2,0.5,1,2,3,3,1,0,1,3,15,17.0,0022400022,Dorian Finney-Smith,dorian finney-smith,,,2024-11-19,1,0.5497861942577886,0.03665241295051924,0.10995723885155773,0.10995723885155773,0.07330482590103848,3.0,2.0,5.0,4.0,2.0,6.0,2.0,4.0,1.0,0,0.0,0,0.00136,28.9,21234.38648052902,28.860695999999997,0.03665241295051924,6.0,8.0,0.9049387
0022400022,1610612751,Brooklyn,Nets,BKN,nets,1630592,Jalen,Wilson,J. Wilson,jalen-wilson,G,,,34:16,34.266666666666666,6,13,0.462,5,8,0.625,0,0,0.0,1,0,1,0,1,0,2,3,17,6.0,0022400022,Jalen Wilson,jalen wilson,,,2024-11-19,1,0.4961089494163424,0.029182879377431907,0.029182879377431907,0.0,0.058365758754863814,2.0,2.0,9.0,9.0,2.0,6.0,5.0,3.0,0.0,0,0.0,0,0.00188,5.3,2817.6501860712387,5.290036,0.029182879377431907,6.0,9.0,0.6906911
0022400022,1610612751,Brooklyn,Nets,BKN,nets,203471,Dennis,Schröder,D. Schröder,dennis-schröder,G,,,35:54,35.9,5,12,0.417,1,5,0.2,3,5,0.6,0,5,5,12,1,2,1,3,14,-3.0,0022400022,Dennis Schröder,dennis schröder,,,2024-11-19,3,0.38997214484679665,0.0,0.1392757660167131,0.3342618384401114,0.08356545961002786,4.0,8.0,2.0,1.0,2.0,1.0,6.0,2.0,3.0,0,1.0,0,0.00167,-5.8,-3470.975463794135,-5.790314,0.08356545961002786,1.0,6.0,0.8208088
0022400022,1610612751,Brooklyn,Nets,BKN,nets,1630533,Ziaire,Williams,Z. Williams,ziaire-williams,,,,17:24,17.4,2,5,0.4,0,2,0.0,0,0,0.0,0,2,2,2,1,1,0,2,4,-16.0,0022400022,Ziaire Williams,ziaire williams,,,2024-11-19,2,0.2298850574712644,0.0,0.1149425287356322,0.1149425287356322,0.1149425287356322,9.0,8.0,8.0,6.0,2.0,4.0,9.0,8.0,2.0,0,0.0,0,0.00116,-38.7,-33333.333333333336,-38.655108,0.1149425287356322,5.0,3.0,0.019911375
0022400022,1610612751,Brooklyn,Nets,BKN,nets,1630570,Trendon,Watford,T. Watford,trendon-watford,,,,19:03,19.05,3,6,0.5,0,1,0.0,4,5,0.8,0,4,4,1,1,2,0,1,10,8.0,0022400022,Trendon Watford,trendon watford,,,2024-11-19,3,0.5249343832020997,0.0,0.2099737532808399,0.05249343832020997,0.15748031496062992,5.0,8.0,4.0,7.0,2.0,1.0,4.0,6.0,1.0,0,0.0,0,0.0019,17.5,9205.681220410312,17.46675,0.15748031496062992,1.0,2.0,0.25639883
0022400022,1610612751,Brooklyn,Nets,BKN,nets,1641730,Noah,Clowney,N. Clowney,noah-clowney,,,,13:30,13.5,2,7,0.286,1,4,0.25,0,0,0.0,1,2,3,0,0,0,0,1,5,-14.0,0022400022,Noah Clowney,noah clowney,,,2024-11-19,0,0.37037037037037035,0.07407407407407407,0.2222222222222222,0.0,0.07407407407407407,8.0,2.0,5.0,9.0,8.0,6.0,8.0,9.0,1.0,0,0.0,0,0.00219,-50.0,-22820.62984938384,-49.890499999999996,0.0,8.0,7.0,0.022354342
0022400022,1610612751,Brooklyn,Nets,BKN,nets,1630553,Keon,Johnson,K. Johnson,keon-johnson,,,,10:21,10.35,0,3,0.0,0,2,0.0,0,0,0.0,1,2,3,1,0,0,1,2,0,-16.0,0022400022,Keon Johnson,keon johnson,,,2024-11-19,0,0.0,0.0966183574879227,0.2898550724637681,0.0966183574879227,0.0966183574879227,10.0,2.0,5.0,7.0,8.0,6.0,9.0,10.0,1.0,0,0.0,0,0.0017399999999999998,-69.3,-39804.709936817926,-69.179418,0.0,8.0,5.0,0.0039941063
0022400022,1610612751,Brooklyn,Nets,BKN,nets,1629003,Shake,Milton,S. Milton,shake-milton,,,,18:21,18.35,3,5,0.6,1,2,0.5,0,1,0.0,1,0,1,3,0,0,0,0,7,-9.0,0022400022,Shake Milton,shake milton,,,2024-11-19,0,0.38147138964577654,0.0544959128065395,0.0544959128065395,0.16348773841961853,0.0544959128065395,7.0,2.0,9.0,4.0,8.0,6.0,7.0,7.0,2.0,0,0.0,0,0.00116,-21.5,-18518.51851851852,-21.47506,0.0,8.0,10.0,0.03961368
0022400027,1610612751,Brooklyn,Nets,BKN,nets,1629661,Cameron,Johnson,C. Johnson,cameron-johnson,F,,,35:54,35.9,14,21,0.667,9,13,0.692,0,0,0.0,0,1,1,2,1,0,1,2,37,-9.0,0022400027,Cameron Johnson,cameron johnson,,,2024-11-22,1,1.0306406685236769,0.0,0.02785515320334262,0.05571030640668524,0.02785515320334262,1.0,5.0,9.0,5.0,1.0,4.0,6.0,1.0,1.0,0,0.0,0,0.00268,-14.2,-5296.531145095113,-14.161943999999998,0.02785515320334262,2.0,7.0,0.9346164
0022400027,1610612751,Brooklyn,Nets,BKN,nets,1627732,Ben,Simmons,B. Simmons,ben-simmons,F,,,26:13,26.216666666666665,1,4,0.25,0,0,0.0,0,0,0.0,1,3,4,4,0,1,2,0,2,-20.0,0022400027,Ben Simmons,ben simmons,,,2024-11-22,1,0.07628734901462175,0.038143674507310876,0.1525746980292435,0.1525746980292435,0.07628734901462175,8.0,2.0,3.0,3.0,2.0,2.0,9.0,4.0,2.0,0,0.0,0,0.00107,-38.0,-35480.859010270775,-37.95934,0.038143674507310876,2.0,3.0,0.013503744
0022400027,1610612751,Brooklyn,Nets,BKN,nets,1627827,Dorian,Finney-Smith,D. Finney-Smith,dorian-finney-smith,C,,,25:40,25.666666666666668,2,6,0.333,1,5,0.2,0,0,0.0,0,2,2,1,0,0,0,1,5,-2.0,0022400027,Dorian Finney-Smith,dorian finney-smith,,,2024-11-22,0,0.1948051948051948,0.0,0.07792207792207792,0.03896103896103896,0.0,7.0,5.0,8.0,7.0,2.0,4.0,4.0,5.0,0.0,0,0.0,0,0.001,-3.7,-3696.3036963036966,-3.6963000000000004,0.0,5.0,8.0,0.028429203
0022400027,1610612751,Brooklyn,Nets,BKN,nets,1630560,Cam,Thomas,C. Thomas,cam-thomas,G,,,29:53,29.883333333333333,6,15,0.4,2,7,0.286,4,4,1.0,1,2,3,7,0,0,7,2,18,-10.0,0022400027,Cam Thomas,cam thomas,,,2024-11-22,0,0.6023424428332403,0.03346346904629113,0.1003904071388734,0.23424428332403793,0.03346346904629113,2.0,2.0,5.0,1.0,2.0,4.0,8.0,3.0,1.0,0,0.0,0,0.0035299999999999997,-14.5,-4106.48541489663,-14.448815,0.0,5.0,5.0,0.44008666
0022400027,1610612751,Brooklyn,Nets,BKN,nets,203471,Dennis,Schröder,D. Schröder,dennis-schröder,G,,,34:11,34.18333333333333,3,7,0.429,1,4,0.25,1,1,1.0,0,3,3,7,0,1,7,2,8,1.0,0022400027,Dennis Schröder,dennis schröder,,,2024-11-22,1,0.23403217942467092,0.0,0.0877620672842516,0.20477815699658705,0.029254022428083865,4.0,5.0,5.0,1.0,2.0,2.0,2.0,2.0,0.0,0,1.0,0,0.00187,-0.2,-106.89470871191878,-0.199626,0.029254022428083865,2.0,6.0,0.19019084
0022400027,1610612751,Brooklyn,Nets,BKN,nets,1630570,Trendon,Watford,T. Watford,trendon-watford,,,,15:39,15.65,3,7,0.429,0,3,0.0,0,0,0.0,0,3,3,2,0,0,2,3,6,-21.0,0022400027,Trendon Watford,trendon watford,,,2024-11-22,0,0.38338658146964855,0.0,0.19169329073482427,0.12779552715654952,0.0,5.0,5.0,5.0,5.0,2.0,4.0,10.0,9.0,1.0,0,0.0,0,0.0027300000000000002,-75.0,-27462.467960454043,-74.79525,0.0,5.0,8.0,0.043372426
0022400027,1610612751,Brooklyn,Nets,BKN,nets,1641730,Noah,Clowney,N. Clowney,noah-clowney,,,,18:35,18.583333333333332,1,2,0.5,0,1,0.0,0,0,0.0,0,4,4,0,0,2,0,2,2,-6.0,0022400027,Noah Clowney,noah clowney,,,2024-11-22,2,0.10762331838565023,0.0,0.21524663677130046,0.0,0.10762331838565023,8.0,5.0,3.0,10.0,2.0,1.0,5.0,8.0,1.0,0,0.0,0,0.00057,-11.6,-20315.23642732049,-11.593388000000001,0.10762331838565023,1.0,2.0,0.05186687
0022400027,1610612751,Brooklyn,Nets,BKN,nets,1630592,Jalen,Wilson,J. Wilson,jalen-wilson,,,,20:38,20.633333333333333,3,7,0.429,0,3,0.0,0,0,0.0,4,2,6,1,0,0,0,0,6,-9.0,0022400027,Jalen Wilson,jalen wilson,,,2024-11-22,0,0.29079159935379645,0.1938610662358643,0.29079159935379645,0.048465266558966075,0.1938610662358643,5.0,1.0,2.0,7.0,2.0,4.0,6.0,7.0,0.0,0,0.0,0,0.0017499999999999998,-22.1,-12621.359223300973,-22.061325,0.0,5.0,1.0,0.2003914
0022400027,1610612751,Brooklyn,Nets,BKN,nets,1630533,Ziaire,Williams,Z. Williams,ziaire-williams,,,,11:04,11.066666666666666,0,1,0.0,0,1,0.0,2,2,1.0,0,0,0,1,0,0,0,4,2,-1.0,0022400027,Ziaire Williams,ziaire williams,,,2024-11-22,0,0.18072289156626506,0.0,0.0,0.09036144578313253,0.0,8.0,5.0,10.0,7.0,2.0,4.0,3.0,10.0,,1,,1,0.001,0.3,299.7002997002997,0.29969999999999997,0.0,5.0,8.0,0.004787141
0022400027,1610612751,Brooklyn,Nets,BKN,nets,1629651,Nic,Claxton,N. Claxton,nic-claxton,,,,22:13,22.216666666666665,6,9,0.667,0,0,0.0,0,0,0.0,1,7,8,3,0,0,0,1,12,2.0,0022400027,Nic Claxton,nic claxton,,,2024-11-22,0,0.5401350337584396,0.045011252813203305,0.36009002250562644,0.1350337584396099,0.045011252813203305,3.0,2.0,1.0,4.0,2.0,4.0,1.0,6.0,0.0,0,0.0,0,0.00184,4.5,2444.3237370994025,4.49172,0.0,5.0,4.0,0.8805947
0022400276,1610612751,Brooklyn,Nets,BKN,nets,1629661,Cameron,Johnson,C. Johnson,cameron-johnson,F,,,33:33,33.55,5,11,0.455,3,6,0.5,3,4,0.75,0,6,6,4,1,0,1,1,16,6.0,0022400276,Cameron Johnson,cameron johnson,,,2024-11-24,1,0.4769001490312966,0.0,0.17883755588673622,0.11922503725782416,0.02980625931445604,3.0,5.0,2.0,3.0,2.0,5.0,3.0,2.0,3.0,0,1.0,0,0.00189,5.5,2908.514013749339,5.489605,0.02980625931445604,5.0,8.0,0.69164157
0022400276,1610612751,Brooklyn,Nets,BKN,nets,1630533,Ziaire,Williams,Z. Williams,ziaire-williams,F,,,20:06,20.1,2,9,0.222,1,5,0.2,1,2,0.5,2,0,2,0,0,0,1,1,6,-6.0,0022400276,Ziaire Williams,ziaire williams,,,2024-11-24,0,0.29850746268656714,0.09950248756218905,0.09950248756218905,0.0,0.09950248756218905,6.0,1.0,6.0,8.0,7.0,5.0,9.0,8.0,2.0,0,0.0,0,0.00234,-18.8,-8030.7560871422465,-18.756008,0.0,7.0,4.0,0.055596374
0022400276,1610612751,Brooklyn,Nets,BKN,nets,1629651,Nic,Claxton,N. Claxton,nic-claxton,C,,,23:19,23.316666666666666,2,3,0.667,0,0,0.0,0,0,0.0,1,6,7,3,1,2,1,5,4,-3.0,0022400276,Nic Claxton,nic claxton,,,2024-11-24,3,0.17155110793423875,0.04288777698355969,0.3002144388849178,0.12866333095067906,0.17155110793423875,8.0,3.0,1.0,4.0,2.0,1.0,8.0,5.0,2.0,0,0.0,0,0.00082,-6.7,-8160.779537149818,-6.694506,0.12866333095067906,1.0,2.0,0.075029686
0022400276,1610612751,Brooklyn,Nets,BKN,nets,1630560,Cam,Thomas,C. Thomas,cam-thomas,G,,,36:20,36.333333333333336,11,22,0.5,4,10,0.4,8,11,0.727,0,2,2,6,0,0,1,3,34,4.0,0022400276,Cam Thomas,cam thomas,,,2024-11-24,0,0.9357798165137614,0.0,0.055045871559633024,0.16513761467889906,0.0,1.0,5.0,6.0,1.0,7.0,5.0,4.0,1.0,0.0,0,0.0,0,0.00359,4.0,1113.895850737956,3.98564,0.0,7.0,9.0,0.8652572
0022400276,1610612751,Brooklyn,Nets,BKN,nets,1627732,Ben,Simmons,B. Simmons,ben-simmons,G,,,26:49,26.816666666666666,2,3,0.667,0,0,0.0,0,0,0.0,1,2,3,5,1,1,2,2,4,4.0,0022400276,Ben Simmons,ben simmons,,,2024-11-24,2,0.14916096954630206,0.037290242386575516,0.11187072715972654,0.18645121193287756,0.11187072715972654,8.0,3.0,4.0,2.0,2.0,2.0,4.0,4.0,2.0,0,0.0,0,0.00079,3.1,3919.089759797724,3.097551,0.07458048477315103,3.0,3.0,0.105961815
0022400276,1610612751,Brooklyn,Nets,BKN,nets,1630592,Jalen,Wilson,J. Wilson,jalen-wilson,,,,33:10,33.166666666666664,2,4,0.5,2,3,0.667,1,2,0.5,2,2,4,2,0,0,1,4,7,4.0,0022400276,Jalen Wilson,jalen wilson,,,2024-11-24,0,0.21105527638190957,0.06030150753768845,0.1206030150753769,0.06030150753768845,0.06030150753768845,5.0,1.0,3.0,6.0,7.0,5.0,4.0,3.0,0.0,0,0.0,0,0.0008500000000000001,4.6,5405.405405405404,4.596089999999999,0.0,7.0,6.0,0.08253685
0022400276,1610612751,Brooklyn,Nets,BKN,nets,1629003,Shake,Milton,S. Milton,shake-milton,,,,21:02,21.033333333333335,4,6,0.667,2,4,0.5,0,0,0.0,0,2,2,3,1,0,1,1,10,10.0,0022400276,Shake Milton,shake milton,,,2024-11-24,1,0.4754358161648177,0.0,0.09508716323296354,0.14263074484944532,0.04754358161648177,4.0,5.0,6.0,4.0,2.0,5.0,2.0,7.0,1.0,0,0.0,0,0.00156,17.3,11082.639333760411,17.273012,0.04754358161648177,5.0,7.0,0.7134773
0022400276,1610612751,Brooklyn,Nets,BKN,nets,1630570,Trendon,Watford,T. Watford,trendon-watford,,,,14:40,14.666666666666666,1,5,0.2,0,1,0.0,1,2,0.5,0,3,3,0,2,1,2,2,3,-10.0,0022400276,Trendon Watford,trendon watford,,,2024-11-24,3,0.20454545454545456,0.0,0.20454545454545456,0.0,0.20454545454545456,10.0,5.0,4.0,8.0,1.0,2.0,10.0,9.0,2.0,0,0.0,0,0.0025,-33.3,-13314.67413034786,-33.21675,0.20454545454545456,1.0,1.0,0.008102636
0022400276,1610612751,Brooklyn,Nets,BKN,nets,1641730,Noah,Clowney,N. Clowney,noah-clowney,,,,21:32,21.533333333333335,5,9,0.556,5,8,0.625,3,4,0.75,0,2,2,0,1,1,2,3,18,13.0,0022400276,Noah Clowney,noah clowney,,,2024-11-24,2,0.8359133126934983,0.0,0.09287925696594426,0.0,0.09287925696594426,2.0,5.0,6.0,8.0,2.0,2.0,1.0,6.0,4.0,0,1.0,0,0.0027700000000000003,29.5,10645.976181883794,29.418284999999997,0.09287925696594426,3.0,5.0,0.8546931
0022400276,1610612751,Brooklyn,Nets,BKN,nets,1630553,Keon,Johnson,K. Johnson,keon-johnson,,,,9:30,9.5,2,3,0.667,2,2,1.0,0,0,0.0,0,0,0,1,0,0,0,1,6,3.0,0022400276,Keon Johnson,keon johnson,,,2024-11-24,0,0.631578947368421,0.0,0.0,0.10526315789473684,0.0,6.0,5.0,10.0,7.0,7.0,5.0,7.0,10.0,1.0,0,0.0,0,0.00158,34.1,21568.627450980395,34.046122000000004,0.0,7.0,9.0,0.041048206
0022400284,1610612751,Brooklyn,Nets,BKN,nets,1629661,Cameron,Johnson,C. Johnson,cameron-johnson,F,,,13:56,13.933333333333334,2,3,0.667,1,1,1.0,0,0,0.0,2,0,2,2,1,0,0,0,5,2.0,0022400284,Cameron Johnson,cameron johnson,,,2024-11-25,1,0.3588516746411483,0.14354066985645933,0.14354066985645933,0.14354066985645933,0.21531100478468898,8.0,1.0,8.0,5.0,3.0,4.0,6.0,9.0,1.0,0,0.0,0,0.00091,2.4,2634.467618002195,2.397816,0.07177033492822966,4.0,1.0,0.08076816
0022400284,1610612751,Brooklyn,Nets,BKN,nets,1630592,Jalen,Wilson,J. Wilson,jalen-wilson,F,,,40:51,40.85,5,11,0.455,3,8,0.375,5,5,1.0,0,7,7,2,0,1,1,2,18,18.0,0022400284,Jalen Wilson,jalen wilson,,,2024-11-25,1,0.44063647490820074,0.0,0.17135862913096694,0.04895960832313341,0.024479804161566705,4.0,6.0,2.0,5.0,5.0,1.0,1.0,1.0,1.0,0,0.0,0,0.00151,19.6,12971.542025148909,19.570404,0.024479804161566705,4.0,6.0,0.57941306
0022400284,1610612751,Brooklyn,Nets,BKN,nets,1630533,Ziaire,Williams,Z. Williams,ziaire-williams,C,,,37:17,37.28333333333333,6,11,0.545,2,3,0.667,5,6,0.833,2,8,10,4,2,0,3,2,19,12.0,0022400284,Ziaire Williams,ziaire williams,,,2024-11-25,2,0.5096110862762628,0.05364327223960662,0.2682163611980331,0.10728654447921324,0.10728654447921324,3.0,1.0,1.0,2.0,1.0,4.0,2.0,2.0,3.0,0,0.0,0,0.00198,15.4,7773.851590106006,15.369508000000002,0.05364327223960662,1.0,4.0,0.8230002
0022400284,1610612751,Brooklyn,Nets,BKN,nets,1630560,Cam,Thomas,C. Thomas,cam-thomas,G,,,23:09,23.15,6,11,0.545,3,7,0.429,8,8,1.0,0,3,3,1,0,0,1,1,23,-5.0,0022400284,Cam Thomas,cam thomas,,,2024-11-25,0,0.9935205183585314,0.0,0.12958963282937366,0.04319654427645789,0.0,2.0,6.0,6.0,7.0,5.0,4.0,8.0,6.0,0.0,0,0.0,0,0.00294,-10.4,-3536.212172730364,-10.369424,0.0,7.0,7.0,0.86518794
0022400284,1610612751,Brooklyn,Nets,BKN,nets,203471,Dennis,Schröder,D. Schröder,dennis-schröder,G,,,31:13,31.216666666666665,10,18,0.556,4,8,0.5,7,7,1.0,1,4,5,7,2,0,3,4,31,-5.0,0022400284,Dennis Schröder,dennis schröder,,,2024-11-25,2,0.9930592632140951,0.03203416978109984,0.1601708489054992,0.22423918846769889,0.09610250934329953,1.0,3.0,4.0,1.0,1.0,4.0,8.0,3.0,3.0,0,0.0,0,0.0032,-7.4,-2311.7775695095283,-7.376320000000001,0.06406833956219968,1.0,5.0,0.89516896
0022400284,1610612751,Brooklyn,Nets,BKN,nets,1629003,Shake,Milton,S. Milton,shake-milton,,,,28:29,28.483333333333334,5,10,0.5,2,3,0.667,1,2,0.5,0,3,3,3,0,0,1,1,13,11.0,0022400284,Shake Milton,shake milton,,,2024-11-25,0,0.45640725570509066,0.0,0.10532475131655938,0.10532475131655938,0.0,5.0,6.0,6.0,3.0,5.0,4.0,3.0,5.0,2.0,0,0.0,0,0.00182,17.6,9665.019220208678,17.567968,0.0,7.0,7.0,0.40526196
0022400284,1610612751,Brooklyn,Nets,BKN,nets,1630553,Keon,Johnson,K. Johnson,keon-johnson,,,,29:31,29.516666666666666,3,9,0.333,2,7,0.286,0,2,0.0,0,2,2,0,0,0,0,3,8,-2.0,0022400284,Keon Johnson,keon johnson,,,2024-11-25,0,0.27103331451157536,0.0,0.06775832862789384,0.0,0.0,6.0,6.0,8.0,9.0,5.0,4.0,7.0,4.0,2.0,0,0.0,0,0.00147,-3.3,-2243.3718558803535,-3.295149,0.0,7.0,7.0,0.05099928
0022400284,1610612751,Brooklyn,Nets,BKN,nets,1631213,Tyrese,Martin,T. Martin,tyrese-martin,,,,17:50,17.833333333333332,1,5,0.2,1,5,0.2,0,0,0.0,1,5,6,3,1,1,1,2,3,6.0,0022400284,Tyrese Martin,tyrese martin,,,2024-11-25,2,0.16822429906542058,0.05607476635514019,0.33644859813084116,0.16822429906542058,0.16822429906542058,9.0,3.0,3.0,3.0,3.0,1.0,4.0,7.0,1.0,0,0.0,0,0.00146,19.1,13073.237508555787,19.072114000000003,0.11214953271028039,1.0,2.0,0.068556
0022400284,1610612751,Brooklyn,Nets,BKN,nets,1630570,Trendon,Watford,T. Watford,trendon-watford,,,,17:44,17.733333333333334,3,5,0.6,2,3,0.667,0,0,0.0,1,3,4,1,0,1,1,3,8,3.0,0022400284,Trendon Watford,trendon watford,,,2024-11-25,1,0.45112781954887216,0.05639097744360902,0.22556390977443608,0.05639097744360902,0.11278195488721804,6.0,3.0,5.0,7.0,5.0,1.0,5.0,8.0,1.0,0,0.0,0,0.0014000000000000002,11.2,7994.289793004995,11.18432,0.05639097744360902,4.0,3.0,0.17776191
0022400297,1610612751,Brooklyn,Nets,BKN,nets,1627732,Ben,Simmons,B. Simmons,ben-simmons,F,,,27:20,27.333333333333332,7,8,0.875,0,0,0.0,0,0,0.0,1,8,9,8,1,0,2,4,14,5.0,0022400297,Ben Simmons,ben simmons,,,2024-11-27,1,0.5121951219512195,0.03658536585365854,0.32926829268292684,0.29268292682926833,0.07317073170731708,4.0,2.0,1.0,1.0,3.0,2.0,4.0,5.0,3.0,0,0.0,0,0.00164,8.8,5362.583790371726,8.785568000000001,0.03658536585365854,3.0,3.0,0.8035216
0022400297,1610612751,Brooklyn,Nets,BKN,nets,1630533,Ziaire,Williams,Z. Williams,ziaire-williams,F,,,24:33,24.55,4,8,0.5,0,1,0.0,2,2,1.0,0,4,4,2,2,0,1,4,10,4.0,0022400297,Ziaire Williams,ziaire williams,,,2024-11-27,2,0.40733197556008144,0.0,0.1629327902240326,0.0814663951120163,0.0814663951120163,6.0,7.0,3.0,6.0,1.0,2.0,5.0,6.0,7.0,0,0.0,0,0.00179,10.0,5583.472920156338,9.9821,0.0814663951120163,2.0,2.0,0.44592872
0022400297,1610612751,Brooklyn,Nets,BKN,nets,1627827,Dorian,Finney-Smith,D. Finney-Smith,dorian-finney-smith,C,,,32:04,32.06666666666667,3,6,0.5,3,5,0.6,0,0,0.0,0,1,1,2,1,0,1,1,9,-1.0,0022400297,Dorian Finney-Smith,dorian finney-smith,,,2024-11-27,1,0.2806652806652806,0.0,0.031185031185031183,0.06237006237006237,0.031185031185031183,7.0,7.0,8.0,6.0,3.0,2.0,9.0,2.0,2.0,0,0.0,0,0.00097,2.1,2162.7188465499485,2.097963,0.031185031185031183,3.0,9.0,0.058176737
0022400297,1610612751,Brooklyn,Nets,BKN,nets,1629661,Cameron,Johnson,C. Johnson,cameron-johnson,G,,,30:33,30.55,3,11,0.273,1,7,0.143,4,4,1.0,2,6,8,6,2,1,2,1,11,7.0,0022400297,Cameron Johnson,cameron johnson,,,2024-11-27,3,0.36006546644844517,0.06546644844517185,0.2618657937806874,0.19639934533551553,0.1636661211129296,5.0,1.0,2.0,2.0,1.0,1.0,2.0,3.0,2.0,0,0.0,0,0.00208,10.8,5189.812590100913,10.777536000000001,0.09819967266775777,1.0,1.0,0.5019755
0022400297,1610612751,Brooklyn,Nets,BKN,nets,203471,Dennis,Schröder,D. Schröder,dennis-schröder,G,,,34:18,34.3,8,21,0.381,4,9,0.444,9,9,1.0,1,3,4,3,1,0,2,1,29,19.0,0022400297,Dennis Schröder,dennis schröder,,,2024-11-27,1,0.8454810495626823,0.02915451895043732,0.11661807580174928,0.08746355685131196,0.05830903790087464,2.0,2.0,3.0,4.0,3.0,2.0,1.0,1.0,3.0,0,1.0,0,0.00321,22.6,7038.305823730925,22.527454,0.02915451895043732,3.0,4.0,0.7666702
0022400297,1610612751,Brooklyn,Nets,BKN,nets,1629003,Shake,Milton,S. Milton,shake-milton,,,,21:13,21.216666666666665,1,2,0.5,0,1,0.0,0,0,0.0,0,1,1,5,1,0,0,2,2,4.0,0022400297,Shake Milton,shake milton,,,2024-11-27,1,0.09426551453260017,0.0,0.047132757266300083,0.23566378633150042,0.047132757266300083,9.0,7.0,8.0,3.0,3.0,2.0,5.0,8.0,1.0,0,0.0,0,0.00042,5.8,13776.72209026128,5.797564,0.047132757266300083,3.0,6.0,0.017721003
0022400297,1610612751,Brooklyn,Nets,BKN,nets,1630553,Keon,Johnson,K. Johnson,keon-johnson,,,,20:20,20.333333333333332,2,5,0.4,0,3,0.0,0,0,0.0,1,2,3,1,0,0,0,5,4,3.0,0022400297,Keon Johnson,keon johnson,,,2024-11-27,0,0.19672131147540986,0.049180327868852465,0.14754098360655737,0.049180327868852465,0.049180327868852465,8.0,2.0,6.0,9.0,7.0,2.0,7.0,9.0,2.0,0,0.0,0,0.00109,9.7,8890.925756186984,9.689426999999998,0.0,7.0,5.0,0.022449153
0022400297,1610612751,Brooklyn,Nets,BKN,nets,1631213,Tyrese,Martin,T. Martin,tyrese-martin,,,,27:48,27.8,10,13,0.769,8,10,0.8,2,3,0.667,1,3,4,2,0,0,1,3,30,6.0,0022400297,Tyrese Martin,tyrese martin,,,2024-11-27,0,1.079136690647482,0.03597122302158273,0.14388489208633093,0.07194244604316546,0.03597122302158273,1.0,2.0,3.0,6.0,7.0,2.0,3.0,4.0,0.0,0,0.0,0,0.00221,9.5,4296.698326549073,9.479004999999999,0.0,7.0,8.0,0.9493375
0022400297,1610612751,Brooklyn,Nets,BKN,nets,1630570,Trendon,Watford,T. Watford,trendon-watford,,,,21:51,21.85,6,13,0.462,2,6,0.333,4,4,1.0,1,1,2,3,0,0,3,3,18,3.0,0022400297,Trendon Watford,trendon watford,,,2024-11-27,0,0.8237986270022882,0.04576659038901602,0.09153318077803203,0.13729977116704806,0.04576659038901602,3.0,2.0,7.0,4.0,7.0,2.0,7.0,7.0,1.0,0,0.0,0,0.00333,1.6,480.33623536475534,1.594672,0.0,7.0,7.0,0.75984573
0022400043,1610612751,Brooklyn,Nets,BKN,nets,1629661,Cameron,Johnson,C. Johnson,cameron-johnson,F,,,29:28,29.466666666666665,5,10,0.5,3,5,0.6,1,2,0.5,0,3,3,4,2,1,2,2,14,-15.0,0022400043,Cameron Johnson,cameron johnson,,,2024-11-29,3,0.47511312217194573,0.0,0.10180995475113122,0.13574660633484165,0.10180995475113122,3.0,4.0,4.0,2.0,1.0,2.0,5.0,3.0,1.0,0,0.0,0,0.00197,-27.5,-13952.308472856417,-27.445825,0.10180995475113122,1.0,3.0,0.6321061
0022400043,1610612751,Brooklyn,Nets,BKN,nets,1630592,Jalen,Wilson,J. Wilson,jalen-wilson,F,,,31:19,31.316666666666666,4,6,0.667,3,3,1.0,0,0,0.0,0,2,2,1,0,0,1,2,11,-30.0,0022400043,Jalen Wilson,jalen wilson,,,2024-11-29,0,0.35125066524747206,0.0,0.06386375731772219,0.031931878658861094,0.0,5.0,4.0,7.0,5.0,4.0,4.0,9.0,2.0,0.0,0,0.0,0,0.00109,-48.4,-44362.96975252062,-48.347243999999996,0.0,5.0,5.0,0.1557961
0022400043,1610612751,Brooklyn,Nets,BKN,nets,1630533,Ziaire,Williams,Z. Williams,ziaire-williams,C,,,20:34,20.566666666666666,1,7,0.143,1,2,0.5,2,2,1.0,0,3,3,0,0,0,1,0,5,-16.0,0022400043,Ziaire Williams,ziaire williams,,,2024-11-29,0,0.24311183144246354,0.0,0.14586709886547813,0.0,0.0,8.0,4.0,4.0,9.0,4.0,4.0,6.0,8.0,0.0,0,0.0,0,0.0022,-40.0,-18173.55747387551,-39.912,0.0,5.0,5.0,0.011958027
0022400043,1610612751,Brooklyn,Nets,BKN,nets,1631213,Tyrese,Martin,T. Martin,tyrese-martin,G,,,24:30,24.5,3,6,0.5,2,4,0.5,0,0,0.0,0,2,2,1,0,0,1,4,8,-25.0,0022400043,Tyrese Martin,tyrese martin,,,2024-11-29,0,0.32653061224489793,0.0,0.08163265306122448,0.04081632653061224,0.0,6.0,4.0,7.0,5.0,4.0,4.0,8.0,7.0,1.0,0,0.0,0,0.0014000000000000002,-51.0,-36402.569593147746,-50.9286,0.0,5.0,5.0,0.040152565
0022400043,1610612751,Brooklyn,Nets,BKN,nets,1627732,Ben,Simmons,B. Simmons,ben-simmons,G,,,26:22,26.366666666666667,2,2,1.0,0,0,0.0,0,2,0.0,0,7,7,8,0,0,3,2,4,-9.0,0022400043,Ben Simmons,ben simmons,,,2024-11-29,0,0.15170670037926676,0.0,0.2654867256637168,0.3034134007585335,0.0,9.0,4.0,1.0,1.0,4.0,4.0,4.0,5.0,1.0,0,0.0,0,0.00111,-15.1,-13591.359135913592,-15.083238999999999,0.0,5.0,5.0,0.03137768
0022400043,1610612751,Brooklyn,Nets,BKN,nets,1629651,Nic,Claxton,N. Claxton,nic-claxton,,,,25:44,25.733333333333334,4,6,0.667,0,0,0.0,0,0,0.0,2,5,7,2,0,3,2,2,8,-22.0,0022400043,Nic Claxton,nic claxton,,,2024-11-29,3,0.31088082901554404,0.07772020725388601,0.272020725388601,0.07772020725388601,0.19430051813471502,6.0,1.0,1.0,4.0,4.0,1.0,7.0,6.0,0.0,0,0.0,0,0.00136,-42.6,-31300.51432770022,-42.542064,0.11658031088082901,1.0,1.0,0.3330806
0022400043,1610612751,Brooklyn,Nets,BKN,nets,1629003,Shake,Milton,S. Milton,shake-milton,,,,34:22,34.36666666666667,7,13,0.538,2,4,0.5,6,7,0.857,1,1,2,4,1,0,3,1,22,-8.0,0022400043,Shake Milton,shake milton,,,2024-11-29,1,0.6401551891367604,0.029097963142580018,0.058195926285160036,0.11639185257032007,0.058195926285160036,1.0,3.0,7.0,2.0,3.0,4.0,3.0,1.0,2.0,0,0.0,0,0.00244,-11.0,-4506.349856616141,-10.97316,0.029097963142580018,4.0,4.0,0.85355526
0022400043,1610612751,Brooklyn,Nets,BKN,nets,1630570,Trendon,Watford,T. Watford,trendon-watford,,,,20:10,20.166666666666668,6,11,0.545,0,2,0.0,1,1,1.0,0,3,3,1,0,0,2,4,13,6.0,0022400043,Trendon Watford,trendon watford,,,2024-11-29,0,0.6446280991735537,0.0,0.1487603305785124,0.04958677685950413,0.0,4.0,4.0,4.0,5.0,4.0,4.0,1.0,9.0,0.0,0,1.0,0,0.00265,11.6,4375.707280271596,11.56926,0.0,5.0,5.0,0.76162773
0022400043,1610612751,Brooklyn,Nets,BKN,nets,1630553,Keon,Johnson,K. Johnson,keon-johnson,,,,27:31,27.516666666666666,6,16,0.375,3,9,0.333,0,0,0.0,2,4,6,1,2,1,5,4,15,4.0,0022400043,Keon Johnson,keon johnson,,,2024-11-29,3,0.5451241671714113,0.07268322228952151,0.2180496668685645,0.036341611144760755,0.18170805572380377,2.0,1.0,3.0,5.0,1.0,2.0,2.0,4.0,2.0,0,0.0,0,0.00318,6.7,2106.2558943728386,6.678694,0.10902483343428225,1.0,2.0,0.54722583
0022400305,1610612751,Brooklyn,Nets,BKN,nets,1629661,Cameron,Johnson,C. Johnson,cameron-johnson,F,,,35:41,35.68333333333333,9,17,0.529,2,5,0.4,6,6,1.0,2,2,4,1,0,0,0,3,26,-15.0,0022400305,Cameron Johnson,cameron johnson,,,2024-12-01,0,0.7286314806165344,0.05604857543204111,0.11209715086408222,0.028024287716020554,0.05604857543204111,1.0,1.0,3.0,5.0,8.0,4.0,12.0,2.0,2.0,0,0.0,0,0.00229,-19.0,-8293.321693583588,-18.95649,0.0,9.0,7.0,0.8853083
0022400305,1610612751,Brooklyn,Nets,BKN,nets,1630533,Ziaire,Williams,Z. Williams,ziaire-williams,F,,,21:49,21.816666666666666,0,6,0.0,0,4,0.0,1,3,0.333,2,3,5,1,2,0,0,1,1,-9.0,0022400305,Ziaire Williams,ziaire williams,,,2024-12-01,2,0.04583651642475172,0.09167303284950344,0.2291825821237586,0.04583651642475172,0.18334606569900688,8.0,1.0,2.0,5.0,1.0,4.0,10.0,6.0,1.0,0,0.0,0,0.0014299999999999998,-14.0,-9783.368273934313,-13.97998,0.09167303284950344,2.0,1.0,0.01924602
0022400305,1610612751,Brooklyn,Nets,BKN,nets,1629651,Nic,Claxton,N. Claxton,nic-claxton,C,,,27:56,27.933333333333334,4,7,0.571,0,1,0.0,1,4,0.25,2,5,7,0,2,1,5,5,9,-7.0,0022400305,Nic Claxton,nic claxton,,,2024-12-01,3,0.3221957040572792,0.07159904534606205,0.25059665871121717,0.0,0.17899761336515513,5.0,1.0,1.0,8.0,1.0,1.0,9.0,4.0,3.0,0,0.0,0,0.00219,-13.9,-6344.135098128708,-13.869559,0.10739856801909307,1.0,2.0,0.22520587
0022400305,1610612751,Brooklyn,Nets,BKN,nets,1630592,Jalen,Wilson,J. Wilson,jalen-wilson,G,,,21:33,21.55,1,2,0.5,1,2,0.5,2,2,1.0,0,3,3,0,1,0,1,5,5,-5.0,0022400305,Jalen Wilson,jalen wilson,,,2024-12-01,1,0.23201856148491878,0.0,0.13921113689095127,0.0,0.04640371229698376,7.0,6.0,5.0,8.0,4.0,4.0,7.0,7.0,1.0,0,0.0,0,0.0008500000000000001,-8.8,-10340.775558166863,-8.79252,0.04640371229698376,5.0,9.0,0.013841989
0022400305,1610612751,Brooklyn,Nets,BKN,nets,203471,Dennis,Schröder,D. Schröder,dennis-schröder,G,,,36:44,36.733333333333334,6,19,0.316,1,6,0.167,7,7,1.0,0,2,2,7,1,1,6,3,20,-6.0,0022400305,Dennis Schröder,dennis schröder,,,2024-12-01,2,0.5444646098003629,0.0,0.0544464609800363,0.19056261343012704,0.0544464609800363,2.0,6.0,7.0,1.0,4.0,1.0,8.0,1.0,3.0,0,0.0,0,0.00318,-7.8,-2452.059100911663,-7.775196,0.0544464609800363,2.0,8.0,0.23384237
0022400305,1610612751,Brooklyn,Nets,BKN,nets,1630570,Trendon,Watford,T. Watford,trendon-watford,,,,24:35,24.583333333333332,3,9,0.333,1,2,0.5,6,7,0.857,1,2,3,1,1,0,1,4,13,-13.0,0022400305,Trendon Watford,trendon watford,,,2024-12-01,1,0.5288135593220339,0.04067796610169492,0.12203389830508475,0.04067796610169492,0.08135593220338984,3.0,4.0,5.0,5.0,4.0,4.0,11.0,5.0,0.0,0,0.0,0,0.0022,-25.5,-11585.642889595638,-25.4439,0.04067796610169492,5.0,5.0,0.324805
0022400305,1610612751,Brooklyn,Nets,BKN,nets,1630553,Keon,Johnson,K. Johnson,keon-johnson,,,,31:59,31.983333333333334,5,13,0.385,2,8,0.25,0,0,0.0,0,4,4,2,2,0,1,5,12,9.0,0022400305,Keon Johnson,keon johnson,,,2024-12-01,2,0.3751954142782699,0.0,0.12506513809275663,0.06253256904637831,0.06253256904637831,4.0,6.0,3.0,3.0,1.0,4.0,1.0,3.0,4.0,0,2.0,0,0.00184,10.9,5920.695274307442,10.879944,0.06253256904637831,2.0,6.0,0.79310447
0022400305,1610612751,Brooklyn,Nets,BKN,nets,1629003,Shake,Milton,S. Milton,shake-milton,,,,19:32,19.533333333333335,2,4,0.5,1,3,0.333,1,2,0.5,0,2,2,0,0,0,1,2,6,2.0,0022400305,Shake Milton,shake milton,,,2024-12-01,0,0.3071672354948805,0.0,0.10238907849829351,0.0,0.0,6.0,6.0,7.0,8.0,8.0,4.0,3.0,8.0,0.0,0,0.0,0,0.00133,7.6,5709.992486851991,7.589891999999999,0.0,9.0,10.0,0.048289374
0022400305,1610612751,Brooklyn,Nets,BKN,nets,1627732,Ben,Simmons,B. Simmons,ben-simmons,,,,11:39,11.65,0,1,0.0,0,0,0.0,0,0,0.0,1,1,2,5,1,0,1,3,0,1.0,0022400305,Ben Simmons,ben simmons,,,2024-12-01,1,0.0,0.08583690987124463,0.17167381974248927,0.4291845493562232,0.17167381974248927,9.0,4.0,7.0,2.0,4.0,4.0,4.0,9.0,0.0,0,0.0,0,0.0007099999999999999,4.2,5907.172995780592,4.197018,0.08583690987124463,5.0,3.0,0.018914063
0022400305,1610612751,Brooklyn,Nets,BKN,nets,1631213,Tyrese,Martin,T. Martin,tyrese-martin,,,,7:56,7.933333333333334,0,1,0.0,0,0,0.0,0,0,0.0,0,1,1,2,0,1,0,0,0,3.0,0022400305,Tyrese Martin,tyrese martin,,,2024-12-01,1,0.0,0.0,0.12605042016806722,0.25210084033613445,0.12605042016806722,9.0,6.0,10.0,3.0,8.0,1.0,2.0,10.0,1.0,0,0.0,0,0.00053,7.6,14312.61770244821,7.595972,0.12605042016806722,5.0,4.0,0.017298441
0022400305,1610612751,Brooklyn,Nets,BKN,nets,1641727,Dariq,Whitehead,D. Whitehead,dariq-whitehead,,,,0:18,0.3,0,0,0.0,0,0,0.0,0,0,0.0,0,0,0,0,0,0,0,0,0,0.0,0022400305,Dariq Whitehead,dariq whitehead,,,2024-12-01,0,0.0,0.0,0.0,0.0,0.0,9.0,6.0,11.0,8.0,8.0,4.0,5.0,11.0,,1,,1,0.0,0.0,0.0,0.0,0.0,9.0,10.0,0.004715562
0022400305,1610612751,Brooklyn,Nets,BKN,nets,1642385,Cui,Yongxi,C. Yongxi,cui-yongxi,,,,0:18,0.3,0,0,0.0,0,0,0.0,0,0,0.0,0,0,0,0,0,0,0,0,0,0.0,0022400305,Cui Yongxi,cui yongxi,,,2024-12-01,0,0.0,0.0,0.0,0.0,0.0,9.0,6.0,11.0,8.0,8.0,4.0,5.0,11.0,,1,,1,0.0,0.0,0.0,0.0,0.0,9.0,10.0,0.004715562
0022400317,1610612751,Brooklyn,Nets,BKN,nets,1631213,Tyrese,Martin,T. Martin,tyrese-martin,F,,,33:10,33.166666666666664,5,12,0.417,3,8,0.375,2,2,1.0,2,3,5,2,2,0,0,3,15,-32.0,0022400317,Tyrese Martin,tyrese martin,,,2024-12-02,2,0.45226130653266333,0.06030150753768845,0.15075376884422112,0.06030150753768845,0.1206030150753769,3.0,2.0,4.0,4.0,1.0,6.0,10.0,2.0,1.0,0,0.0,0,0.00167,-47.6,-28485.93656493118,-47.52050800000001,0.06030150753768845,2.0,5.0,0.5637321
0022400317,1610612751,Brooklyn,Nets,BKN,nets,1630592,Jalen,Wilson,J. Wilson,jalen-wilson,F,,,25:52,25.866666666666667,1,5,0.2,0,3,0.0,0,0,0.0,0,6,6,0,0,0,1,5,2,-9.0,0022400317,Jalen Wilson,jalen wilson,,,2024-12-02,0,0.07731958762886598,0.0,0.23195876288659795,0.0,0.0,9.0,7.0,2.0,8.0,8.0,6.0,4.0,5.0,0.0,0,0.0,0,0.00097,-16.4,-16889.80432543769,-16.384092,0.0,8.0,8.0,0.010236357
0022400317,1610612751,Brooklyn,Nets,BKN,nets,1629651,Nic,Claxton,N. Claxton,nic-claxton,C,,,24:16,24.266666666666666,5,10,0.5,0,0,0.0,1,2,0.5,2,6,8,0,1,1,1,1,11,-11.0,0022400317,Nic Claxton,nic claxton,,,2024-12-02,2,0.4532967032967033,0.08241758241758242,0.32967032967032966,0.0,0.16483516483516483,6.0,2.0,1.0,8.0,3.0,1.0,5.0,6.0,1.0,0,0.0,0,0.00203,-21.6,-10635.155096011817,-21.556152,0.08241758241758242,2.0,2.0,0.3954434
0022400317,1610612751,Brooklyn,Nets,BKN,nets,1630553,Keon,Johnson,K. Johnson,keon-johnson,G,,,30:23,30.383333333333333,3,10,0.3,2,6,0.333,0,0,0.0,1,2,3,3,1,1,1,2,8,-28.0,0022400317,Keon Johnson,keon johnson,,,2024-12-02,2,0.2633022490400439,0.03291278113000549,0.09873834339001646,0.09873834339001646,0.09873834339001646,7.0,4.0,6.0,3.0,3.0,1.0,9.0,3.0,2.0,0,0.0,0,0.00153,-47.7,-31156.107119529726,-47.627019000000004,0.06582556226001098,2.0,7.0,0.04416552
0022400317,1610612751,Brooklyn,Nets,BKN,nets,203471,Dennis,Schröder,D. Schröder,dennis-schröder,G,,,29:26,29.433333333333334,7,15,0.467,0,6,0.0,2,2,1.0,0,2,2,10,0,0,0,2,16,-4.0,0022400317,Dennis Schröder,dennis schröder,,,2024-12-02,0,0.5436013590033975,0.0,0.06795016987542468,0.33975084937712347,0.0,2.0,7.0,7.0,1.0,8.0,6.0,3.0,4.0,1.0,0,0.0,0,0.00213,-8.0,-3754.106053496011,-7.98296,0.0,8.0,8.0,0.78621477
0022400317,1610612751,Brooklyn,Nets,BKN,nets,1629003,Shake,Milton,S. Milton,shake-milton,,,,34:41,34.68333333333333,6,17,0.353,2,4,0.5,0,0,0.0,3,3,6,5,1,1,3,1,14,-16.0,0022400317,Shake Milton,shake milton,,,2024-12-02,2,0.40365209034118216,0.08649687650168189,0.17299375300336378,0.14416146083613648,0.14416146083613648,4.0,1.0,2.0,2.0,3.0,1.0,7.0,1.0,2.0,0,2.0,0,0.0023,-19.0,-8257.279443720121,-18.9563,0.057664584334454594,2.0,3.0,0.49996817
0022400317,1610612751,Brooklyn,Nets,BKN,nets,1630570,Trendon,Watford,T. Watford,trendon-watford,,,,16:36,16.6,4,7,0.571,1,2,0.5,3,5,0.6,1,4,5,1,1,0,2,3,12,-18.0,0022400317,Trendon Watford,trendon watford,,,2024-12-02,1,0.7228915662650601,0.06024096385542168,0.3012048192771084,0.06024096385542168,0.12048192771084336,5.0,4.0,4.0,6.0,3.0,6.0,8.0,8.0,1.0,0,0.0,0,0.00262,-52.4,-19992.369324685234,-52.262712,0.06024096385542168,7.0,6.0,0.57306176
0022400317,1610612751,Brooklyn,Nets,BKN,nets,1641727,Dariq,Whitehead,D. Whitehead,dariq-whitehead,,,,23:52,23.866666666666667,6,11,0.545,6,10,0.6,0,0,0.0,0,2,2,1,2,1,1,1,18,-3.0,0022400317,Dariq Whitehead,dariq whitehead,,,2024-12-02,3,0.7541899441340782,0.0,0.08379888268156424,0.04189944134078212,0.12569832402234637,1.0,7.0,7.0,6.0,1.0,1.0,2.0,7.0,2.0,0,0.0,0,0.00197,-3.3,-1674.27701674277,-3.2934989999999997,0.12569832402234637,1.0,4.0,0.9367923
0022400317,1610612751,Brooklyn,Nets,BKN,nets,1630549,Day'Ron,Sharpe,D. Sharpe,dayron-sharpe,,,,16:05,16.083333333333332,0,2,0.0,0,0,0.0,4,4,1.0,1,1,2,2,1,1,1,1,4,-12.0,0022400317,Day'Ron Sharpe,day'ron sharpe,,,2024-12-02,2,0.24870466321243526,0.062176165803108814,0.12435233160621763,0.12435233160621763,0.18652849740932645,8.0,4.0,7.0,4.0,3.0,1.0,6.0,9.0,2.0,0,0.0,0,0.0011899999999999999,-36.2,-30394.62636439967,-36.156922,0.12435233160621763,2.0,1.0,0.01147282
0022400317,1610612751,Brooklyn,Nets,BKN,nets,1642385,Cui,Yongxi,C. Yongxi,cui-yongxi,,,,5:39,5.65,1,6,0.167,0,3,0.0,0,0,0.0,0,2,2,0,0,0,0,0,2,3.0,0022400317,Cui Yongxi,cui yongxi,,,2024-12-02,0,0.35398230088495575,0.0,0.35398230088495575,0.0,0.0,9.0,7.0,7.0,8.0,8.0,6.0,1.0,10.0,,1,,1,0.0042899999999999995,21.4,4987.1824749475645,21.308193999999997,0.0,8.0,8.0,0.010881343
0022400320,1610612751,Brooklyn,Nets,BKN,nets,1629661,Cameron,Johnson,C. Johnson,cameron-johnson,F,,,35:17,35.28333333333333,7,18,0.389,7,13,0.538,5,6,0.833,0,7,7,1,2,1,3,1,26,-4.0,0022400320,Cameron Johnson,cameron johnson,,,2024-12-04,3,0.7368918280585735,0.0,0.19839395370807747,0.02834199338686821,0.08502598016060463,1.0,6.0,2.0,7.0,1.0,2.0,6.0,2.0,2.0,0,0.0,0,0.00293,-5.6,-1910.6107130672124,-5.5835919999999994,0.08502598016060463,2.0,5.0,0.83018756
0022400320,1610612751,Brooklyn,Nets,BKN,nets,1630592,Jalen,Wilson,J. Wilson,jalen-wilson,F,,,37:56,37.93333333333333,4,11,0.364,1,5,0.2,2,2,1.0,1,2,3,3,2,0,0,0,11,0.0,0022400320,Jalen Wilson,jalen wilson,,,2024-12-04,2,0.28998242530755713,0.026362038664323375,0.07908611599297014,0.07908611599297014,0.07908611599297014,4.0,3.0,6.0,3.0,1.0,5.0,5.0,1.0,1.0,0,0.0,0,0.0014000000000000002,1.3,927.9086366880799,1.2981800000000001,0.05272407732864675,3.0,6.0,0.5464149
0022400320,1610612751,Brooklyn,Nets,BKN,nets,1629651,Nic,Claxton,N. Claxton,nic-claxton,C,,,25:16,25.266666666666666,7,8,0.875,1,1,1.0,1,4,0.25,2,6,8,2,0,1,2,2,16,-6.0,0022400320,Nic Claxton,nic claxton,,,2024-12-04,1,0.633245382585752,0.079155672823219,0.316622691292876,0.079155672823219,0.1187335092348285,2.0,1.0,1.0,4.0,8.0,2.0,7.0,5.0,2.0,0,0.0,0,0.00214,-10.3,-4810.836057916861,-10.277958,0.0395778364116095,7.0,4.0,0.8268979
0022400320,1610612751,Brooklyn,Nets,BKN,nets,1630553,Keon,Johnson,K. Johnson,keon-johnson,G,,,23:17,23.283333333333335,1,5,0.2,0,3,0.0,2,2,1.0,1,4,5,2,1,1,1,2,4,-10.0,0022400320,Keon Johnson,keon johnson,,,2024-12-04,2,0.17179670722977808,0.04294917680744452,0.2147458840372226,0.08589835361488904,0.12884753042233357,8.0,3.0,5.0,4.0,6.0,2.0,9.0,6.0,3.0,0,0.0,0,0.0013700000000000001,-17.8,-12983.223924142962,-17.775614,0.08589835361488904,3.0,3.0,0.017054155
0022400320,1610612751,Brooklyn,Nets,BKN,nets,203471,Dennis,Schröder,D. Schröder,dennis-schröder,G,,,31:11,31.183333333333334,2,11,0.182,0,4,0.0,0,0,0.0,0,1,1,2,2,0,4,2,4,-7.0,0022400320,Dennis Schröder,dennis schröder,,,2024-12-04,2,0.1282736504543025,0.0,0.032068412613575625,0.06413682522715125,0.06413682522715125,8.0,6.0,9.0,4.0,1.0,5.0,8.0,3.0,3.0,0,0.0,0,0.00208,-9.6,-4613.1667467563675,-9.580032,0.06413682522715125,3.0,8.0,0.01455603
0022400320,1610612751,Brooklyn,Nets,BKN,nets,1629003,Shake,Milton,S. Milton,shake-milton,,,,28:13,28.216666666666665,6,11,0.545,1,4,0.25,2,3,0.667,0,3,3,4,2,0,0,4,15,21.0,0022400320,Shake Milton,shake milton,,,2024-12-04,2,0.5316007088009451,0.0,0.10632014176018902,0.14176018901358536,0.07088009450679268,3.0,6.0,6.0,2.0,1.0,5.0,2.0,4.0,3.0,0,0.0,0,0.00188,37.8,20095.693779904304,37.728936,0.07088009450679268,3.0,7.0,0.8576224
0022400320,1610612751,Brooklyn,Nets,BKN,nets,1630549,Day'Ron,Sharpe,D. Sharpe,dayron-sharpe,,,,16:41,16.683333333333334,3,6,0.5,1,2,0.5,0,0,0.0,2,4,6,1,1,0,0,2,7,22.0,0022400320,Day'Ron Sharpe,day'ron sharpe,,,2024-12-04,1,0.4195804195804196,0.11988011988011987,0.3596403596403596,0.05994005994005994,0.1798201798201798,6.0,1.0,4.0,7.0,6.0,5.0,1.0,9.0,1.0,0,0.0,0,0.00146,56.1,38398.357289527725,56.018094,0.05994005994005994,7.0,2.0,0.55984515
0022400320,1610612751,Brooklyn,Nets,BKN,nets,1627732,Ben,Simmons,B. Simmons,ben-simmons,,,,20:42,20.7,3,3,1.0,0,0,0.0,1,2,0.5,1,6,7,9,2,3,0,1,7,20.0,0022400320,Ben Simmons,ben simmons,,,2024-12-04,5,0.33816425120772947,0.04830917874396135,0.33816425120772947,0.43478260869565216,0.2898550724637681,6.0,3.0,2.0,1.0,1.0,1.0,3.0,8.0,3.0,0,0.0,0,0.00082,50.5,61510.35322777101,50.45859,0.24154589371980678,1.0,1.0,0.8754467
0022400320,1610612751,Brooklyn,Nets,BKN,nets,1630570,Trendon,Watford,T. Watford,trendon-watford,,,,21:27,21.45,2,8,0.25,1,4,0.25,4,4,1.0,0,3,3,0,0,0,2,4,9,9.0,0022400320,Trendon Watford,trendon watford,,,2024-12-04,0,0.4195804195804196,0.0,0.13986013986013987,0.0,0.0,5.0,6.0,6.0,9.0,8.0,5.0,4.0,7.0,1.0,0,0.0,0,0.00245,22.4,9139.126886984903,22.34512,0.0,9.0,9.0,0.073353104
0022400348,1610612751,Brooklyn,Nets,BKN,nets,1629661,Cameron,Johnson,C. Johnson,cameron-johnson,F,,,37:44,37.733333333333334,9,16,0.563,4,8,0.5,4,4,1.0,2,1,3,2,1,1,3,2,26,9.0,0022400348,Cameron Johnson,cameron johnson,,,2024-12-08,2,0.6890459363957597,0.053003533568904596,0.07950530035335689,0.053003533568904596,0.10600706713780919,2.0,2.0,3.0,4.0,4.0,2.0,1.0,1.0,1.0,0,0.0,0,0.00244,10.5,4301.5157722244985,10.47438,0.053003533568904596,2.0,3.0,0.8491249
0022400348,1610612751,Brooklyn,Nets,BKN,nets,1627827,Dorian,Finney-Smith,D. Finney-Smith,dorian-finney-smith,F,,,30:33,30.55,3,7,0.429,3,5,0.6,0,0,0.0,0,4,4,1,1,0,0,4,9,2.0,0022400348,Dorian Finney-Smith,dorian finney-smith,,,2024-12-08,1,0.2945990180032733,0.0,0.1309328968903437,0.03273322422258593,0.03273322422258593,4.0,5.0,2.0,6.0,4.0,3.0,4.0,4.0,0.0,0,0.0,0,0.00106,1.2,1131.0084825636193,1.198728,0.03273322422258593,5.0,6.0,0.095422454
0022400348,1610612751,Brooklyn,Nets,BKN,nets,1629651,Nic,Claxton,N. Claxton,nic-claxton,C,,,32:38,32.63333333333333,9,14,0.643,0,1,0.0,3,3,1.0,3,7,10,4,3,2,0,3,21,3.0,0022400348,Nic Claxton,nic claxton,,,2024-12-08,5,0.6435137895812053,0.09193054136874362,0.30643513789581206,0.12257405515832483,0.24514811031664965,3.0,1.0,1.0,2.0,1.0,1.0,3.0,3.0,7.0,0,0.0,0,0.0022400000000000002,9.1,4060.687193217313,9.079616,0.15321756894790603,1.0,2.0,0.8705279
0022400348,1610612751,Brooklyn,Nets,BKN,nets,1630553,Keon,Johnson,K. Johnson,keon-johnson,G,,,21:16,21.266666666666666,2,8,0.25,2,5,0.4,0,0,0.0,0,0,0,0,2,0,2,3,6,1.0,0022400348,Keon Johnson,keon johnson,,,2024-12-08,2,0.2821316614420063,0.0,0.0,0.0,0.09404388714733543,5.0,5.0,10.0,8.0,2.0,3.0,5.0,6.0,3.0,0,0.0,0,0.00217,4.8,2210.962690004606,4.789584,0.09404388714733543,2.0,4.0,0.08358092
0022400348,1610612751,Brooklyn,Nets,BKN,nets,203471,Dennis,Schröder,D. Schröder,dennis-schröder,G,,,33:33,33.55,13,19,0.684,4,7,0.571,4,5,0.8,0,3,3,11,0,0,0,3,34,6.0,0022400348,Dennis Schröder,dennis schröder,,,2024-12-08,0,1.0134128166915053,0.0,0.08941877794336811,0.3278688524590164,0.0,1.0,5.0,3.0,1.0,6.0,3.0,2.0,2.0,3.0,0,0.0,0,0.00294,13.7,4658.2794967698055,13.659721999999999,0.0,6.0,7.0,0.92842644
0022400348,1610612751,Brooklyn,Nets,BKN,nets,1630592,Jalen,Wilson,J. Wilson,jalen-wilson,,,,26:09,26.15,1,8,0.125,1,5,0.2,0,0,0.0,1,1,2,3,0,0,0,3,3,-9.0,0022400348,Jalen Wilson,jalen wilson,,,2024-12-08,0,0.11472275334608031,0.03824091778202677,0.07648183556405354,0.11472275334608031,0.03824091778202677,9.0,3.0,7.0,3.0,6.0,3.0,7.0,5.0,1.0,0,0.0,0,0.0014299999999999998,-26.9,-18798.043326345214,-26.861532999999998,0.0,6.0,5.0,0.012471581
0022400348,1610612751,Brooklyn,Nets,BKN,nets,1627732,Ben,Simmons,B. Simmons,ben-simmons,,,,17:36,17.6,0,0,0.0,0,0,0.0,0,0,0.0,0,3,3,1,0,0,2,2,0,-5.0,0022400348,Ben Simmons,ben simmons,,,2024-12-08,0,0.0,0.0,0.17045454545454544,0.056818181818181816,0.0,10.0,5.0,3.0,6.0,6.0,3.0,6.0,7.0,1.0,0,0.0,0,0.00053,-14.7,-27683.615819209037,-14.692208999999998,0.0,6.0,7.0,0.009627344
0022400348,1610612751,Brooklyn,Nets,BKN,nets,1630570,Trendon,Watford,T. Watford,trendon-watford,,,,13:29,13.483333333333333,1,2,0.5,0,0,0.0,2,2,1.0,0,3,3,2,0,0,0,2,4,-12.0,0022400348,Trendon Watford,trendon watford,,,2024-12-08,0,0.2966625463535229,0.0,0.22249690976514216,0.14833127317676145,0.0,7.0,5.0,3.0,4.0,6.0,3.0,10.0,9.0,2.0,0,0.0,0,0.00107,-44.0,-41083.09990662932,-43.95292,0.0,6.0,7.0,0.010717853
0022400348,1610612751,Brooklyn,Nets,BKN,nets,1629003,Shake,Milton,S. Milton,shake-milton,,,,15:59,15.983333333333333,2,4,0.5,2,4,0.5,0,0,0.0,0,1,1,0,0,0,2,2,6,-9.0,0022400348,Shake Milton,shake milton,,,2024-12-08,0,0.37539103232533894,0.0,0.06256517205422316,0.0,0.0,5.0,5.0,8.0,8.0,6.0,3.0,7.0,8.0,1.0,0,0.0,0,0.00188,-26.1,-13875.598086124404,-26.050932000000003,0.0,6.0,7.0,0.0491801
0022400348,1610612751,Brooklyn,Nets,BKN,nets,1630549,Day'Ron,Sharpe,D. Sharpe,dayron-sharpe,,,,11:04,11.066666666666666,1,3,0.333,0,0,0.0,2,2,1.0,1,0,1,0,2,0,0,1,4,-11.0,0022400348,Day'Ron Sharpe,day'ron sharpe,,,2024-12-08,2,0.3614457831325301,0.09036144578313253,0.09036144578313253,0.0,0.2710843373493976,7.0,3.0,8.0,8.0,2.0,3.0,9.0,10.0,1.0,0,0.0,0,0.0016,-53.6,-33479.0755777639,-53.51424,0.18072289156626506,2.0,1.0,0.013989037
0022401211,1610612751,Brooklyn,Nets,BKN,nets,1629661,Cameron,Johnson,C. Johnson,cameron-johnson,F,,,30:48,30.8,4,11,0.364,2,6,0.333,2,3,0.667,1,6,7,3,1,0,1,2,12,-17.0,0022401211,Cameron Johnson,cameron johnson,,,2024-12-13,1,0.38961038961038963,0.032467532467532464,0.22727272727272727,0.09740259740259741,0.06493506493506493,4.0,3.0,1.0,4.0,4.0,6.0,9.0,1.0,2.0,0,0.0,0,0.0017299999999999998,-25.0,-14442.518775274411,-24.95675,0.032467532467532464,6.0,6.0,0.44789627
0022401211,1610612751,Brooklyn,Nets,BKN,nets,1627827,Dorian,Finney-Smith,D. Finney-Smith,dorian-finney-smith,F,,,30:12,30.2,5,8,0.625,5,8,0.625,4,5,0.8,1,4,5,1,2,2,0,1,19,-20.0,0022401211,Dorian Finney-Smith,dorian finney-smith,,,2024-12-13,4,0.6291390728476821,0.033112582781456956,0.16556291390728478,0.033112582781456956,0.16556291390728478,1.0,3.0,3.0,6.0,1.0,1.0,10.0,2.0,2.0,0,0.0,0,0.00135,-29.9,-22131.754256106586,-29.859635,0.13245033112582782,1.0,3.0,0.9061343
0022401211,1610612751,Brooklyn,Nets,BKN,nets,1629651,Nic,Claxton,N. Claxton,nic-claxton,C,,,28:14,28.233333333333334,4,11,0.364,0,1,0.0,0,0,0.0,2,5,7,1,1,1,2,2,8,-15.0,0022401211,Nic Claxton,nic claxton,,,2024-12-13,2,0.28335301062573787,0.07083825265643447,0.24793388429752064,0.03541912632821723,0.14167650531286893,9.0,1.0,1.0,6.0,4.0,3.0,7.0,4.0,1.0,0,0.0,0,0.00178,-25.3,-14205.502526670412,-25.254966,0.07083825265643447,2.0,4.0,0.14737262
0022401211,1610612751,Brooklyn,Nets,BKN,nets,1630553,Keon,Johnson,K. Johnson,keon-johnson,G,,,22:48,22.8,4,9,0.444,3,6,0.5,1,1,1.0,0,2,2,1,0,1,1,3,12,-13.0,0022401211,Keon Johnson,keon johnson,,,2024-12-13,1,0.5263157894736842,0.0,0.08771929824561403,0.043859649122807015,0.043859649122807015,4.0,7.0,9.0,6.0,7.0,3.0,6.0,6.0,1.0,0,0.0,0,0.00182,-28.2,-15485.996705107083,-28.148676,0.043859649122807015,6.0,9.0,0.61048293
0022401211,1610612751,Brooklyn,Nets,BKN,nets,203471,Dennis,Schröder,D. Schröder,dennis-schröder,G,,,26:24,26.4,6,10,0.6,3,7,0.429,0,0,0.0,0,3,3,8,1,0,6,2,15,-16.0,0022401211,Dennis Schröder,dennis schröder,,,2024-12-13,1,0.5681818181818182,0.0,0.11363636363636365,0.30303030303030304,0.03787878787878788,2.0,7.0,7.0,1.0,4.0,6.0,8.0,5.0,4.0,0,0.0,0,0.00232,-28.8,-12408.444635932787,-28.733184,0.03787878787878788,6.0,10.0,0.6177936
0022401211,1610612751,Brooklyn,Nets,BKN,nets,1627732,Ben,Simmons,B. Simmons,ben-simmons,,,,21:10,21.166666666666668,1,3,0.333,0,0,0.0,0,0,0.0,0,4,4,8,0,1,2,2,2,-3.0,0022401211,Ben Simmons,ben simmons,,,2024-12-13,1,0.09448818897637795,0.0,0.1889763779527559,0.3779527559055118,0.047244094488188976,10.0,7.0,4.0,1.0,7.0,3.0,4.0,7.0,1.0,0,0.0,0,0.001,-6.4,-6393.606393606395,-6.3936,0.047244094488188976,6.0,8.0,0.018416258
0022401211,1610612751,Brooklyn,Nets,BKN,nets,1630592,Jalen,Wilson,J. Wilson,jalen-wilson,,,,28:47,28.783333333333335,5,13,0.385,3,8,0.375,2,3,0.667,0,2,2,4,2,0,2,2,15,-2.0,0022401211,Jalen Wilson,jalen wilson,,,2024-12-13,2,0.5211349160393746,0.0,0.06948465547191661,0.13896931094383322,0.06948465547191661,2.0,7.0,9.0,3.0,1.0,6.0,3.0,3.0,2.0,0,0.0,0,0.00208,-3.1,-1489.6684286400769,-3.0935520000000003,0.06948465547191661,2.0,5.0,0.74540514
0022401211,1610612751,Brooklyn,Nets,BKN,nets,1630549,Day'Ron,Sharpe,D. Sharpe,dayron-sharpe,,,,17:21,17.35,5,9,0.556,0,4,0.0,2,2,1.0,1,2,3,1,0,0,1,0,12,-5.0,0022401211,Day'Ron Sharpe,day'ron sharpe,,,2024-12-13,0,0.6916426512968299,0.05763688760806916,0.17291066282420747,0.05763688760806916,0.05763688760806916,4.0,3.0,7.0,6.0,7.0,6.0,5.0,9.0,1.0,0,0.0,0,0.00256,-16.0,-6247.559547051932,-15.95904,0.0,10.0,7.0,0.6290312
0022401211,1610612751,Brooklyn,Nets,BKN,nets,1629003,Shake,Milton,S. Milton,shake-milton,,,,16:28,16.466666666666665,4,8,0.5,0,3,0.0,4,5,0.8,2,2,4,3,2,0,0,1,12,7.0,0022401211,Shake Milton,shake milton,,,2024-12-13,2,0.7287449392712552,0.12145748987854252,0.24291497975708504,0.1821862348178138,0.24291497975708504,4.0,1.0,4.0,4.0,1.0,6.0,1.0,10.0,1.0,0,0.0,0,0.00233,15.1,6477.906477906477,15.064817,0.12145748987854252,2.0,1.0,0.8406163
0022401211,1610612751,Brooklyn,Nets,BKN,nets,1641730,Noah,Clowney,N. Clowney,noah-clowney,,,,17:48,17.8,4,10,0.4,4,10,0.4,0,0,0.0,1,3,4,0,0,2,1,5,12,4.0,0022401211,Noah Clowney,noah clowney,,,2024-12-13,2,0.6741573033707865,0.056179775280898875,0.2247191011235955,0.0,0.16853932584269662,4.0,3.0,4.0,10.0,7.0,1.0,2.0,8.0,3.0,0,0.0,0,0.0025,13.3,5317.872850859656,13.266750000000002,0.11235955056179775,2.0,2.0,0.85018814
0022401224,1610612751,Brooklyn,Nets,BKN,nets,1629661,Cameron,Johnson,C. Johnson,cameron-johnson,F,,,27:45,27.75,5,10,0.5,3,6,0.5,9,13,0.692,0,1,1,5,0,1,3,1,22,-20.0,0022401224,Cameron Johnson,cameron johnson,,,2024-12-16,1,0.7927927927927928,0.0,0.036036036036036036,0.18018018018018017,0.036036036036036036,1.0,5.0,9.0,2.0,7.0,1.0,9.0,3.0,0.0,0,0.0,0,0.0027,-36.4,-13476.490188818954,-36.301719999999996,0.036036036036036036,5.0,9.0,0.80934644
0022401224,1610612751,Brooklyn,Nets,BKN,nets,1627827,Dorian,Finney-Smith,D. Finney-Smith,dorian-finney-smith,F,,,24:00,24.0,4,8,0.5,2,4,0.5,0,0,0.0,0,4,4,1,0,0,1,2,10,-10.0,0022401224,Dorian Finney-Smith,dorian finney-smith,,,2024-12-16,0,0.4166666666666667,0.0,0.16666666666666666,0.041666666666666664,0.0,4.0,5.0,3.0,7.0,7.0,3.0,4.0,4.0,1.0,0,0.0,0,0.0017000000000000001,-20.8,-12228.101116990007,-20.76464,0.0,9.0,10.0,0.20521781
0022401224,1610612751,Brooklyn,Nets,BKN,nets,1629651,Nic,Claxton,N. Claxton,nic-claxton,C,,,22:30,22.5,4,7,0.571,0,0,0.0,0,0,0.0,2,2,4,2,1,0,0,2,8,-24.0,0022401224,Nic Claxton,nic claxton,,,2024-12-16,1,0.35555555555555557,0.08888888888888889,0.17777777777777778,0.08888888888888889,0.13333333333333333,6.0,2.0,3.0,3.0,5.0,3.0,10.0,6.0,2.0,0,0.0,0,0.0014000000000000002,-52.2,-37259.10064239828,-52.126920000000005,0.044444444444444446,5.0,3.0,0.22241135
0022401224,1610612751,Brooklyn,Nets,BKN,nets,1630553,Keon,Johnson,K. Johnson,keon-johnson,G,,,23:44,23.733333333333334,2,8,0.25,1,4,0.25,0,0,0.0,0,4,4,2,1,0,1,5,5,-1.0,0022401224,Keon Johnson,keon johnson,,,2024-12-16,1,0.21067415730337077,0.0,0.16853932584269662,0.08426966292134831,0.042134831460674156,8.0,5.0,3.0,3.0,5.0,3.0,2.0,5.0,4.0,0,0.0,0,0.00158,0.3,189.75332068311195,0.29952599999999996,0.042134831460674156,5.0,8.0,0.053899202
0022401224,1610612751,Brooklyn,Nets,BKN,nets,1627732,Ben,Simmons,B. Simmons,ben-simmons,G,,,30:49,30.816666666666666,4,7,0.571,0,0,0.0,2,2,1.0,0,4,4,8,2,0,6,0,10,-16.0,0022401224,Ben Simmons,ben simmons,,,2024-12-16,2,0.32449972958355866,0.0,0.12979989183342347,0.25959978366684694,0.06489994591671173,4.0,5.0,3.0,1.0,2.0,3.0,8.0,1.0,4.0,0,0.0,0,0.00192,-21.2,-11035.918792295679,-21.159295999999998,0.06489994591671173,2.0,6.0,0.18610342
0022401224,1610612751,Brooklyn,Nets,BKN,nets,1630592,Jalen,Wilson,J. Wilson,jalen-wilson,,,,29:15,29.25,4,11,0.364,4,8,0.5,1,2,0.5,0,1,1,2,2,0,1,3,13,-14.0,0022401224,Jalen Wilson,jalen wilson,,,2024-12-16,2,0.4444444444444444,0.0,0.03418803418803419,0.06837606837606838,0.06837606837606838,3.0,5.0,9.0,3.0,2.0,3.0,7.0,2.0,2.0,0,0.0,0,0.00183,-23.7,-12943.74658656472,-23.656629,0.06837606837606838,2.0,5.0,0.6357685
0022401224,1610612751,Brooklyn,Nets,BKN,nets,1629003,Shake,Milton,S. Milton,shake-milton,,,,17:11,17.183333333333334,2,9,0.222,1,2,0.5,0,0,0.0,2,3,5,1,0,0,1,6,5,-13.0,0022401224,Shake Milton,shake milton,,,2024-12-16,0,0.2909796314258002,0.11639185257032007,0.2909796314258002,0.058195926285160036,0.11639185257032007,8.0,2.0,2.0,7.0,7.0,3.0,6.0,9.0,,1,,1,0.0023799999999999997,-39.7,-16673.66652666947,-39.605514,0.0,9.0,4.0,0.025825117
0022401224,1610612751,Brooklyn,Nets,BKN,nets,1630570,Trendon,Watford,T. Watford,trendon-watford,,,,9:58,9.966666666666667,2,3,0.667,1,1,1.0,3,3,1.0,0,0,0,0,0,0,0,0,8,-11.0,0022401224,Trendon Watford,trendon watford,,,2024-12-16,0,0.802675585284281,0.0,0.0,0.0,0.0,6.0,5.0,11.0,11.0,7.0,3.0,5.0,11.0,1.0,0,0.0,0,0.0016,-50.0,-31230.48094940662,-49.919999999999995,0.0,9.0,10.0,0.039095197
0022401224,1610612751,Brooklyn,Nets,BKN,nets,1641730,Noah,Clowney,N. Clowney,noah-clowney,,,,17:06,17.1,1,4,0.25,0,2,0.0,0,0,0.0,0,2,2,1,0,1,2,6,2,-28.0,0022401224,Noah Clowney,noah clowney,,,2024-12-16,1,0.11695906432748537,0.0,0.11695906432748537,0.05847953216374269,0.05847953216374269,11.0,5.0,8.0,7.0,7.0,1.0,11.0,10.0,0.0,0,0.0,0,0.0014000000000000002,-74.0,-52819.414703783004,-73.8964,0.05847953216374269,5.0,7.0,0.0074533657
0022401224,1610612751,Brooklyn,Nets,BKN,nets,1630549,Day'Ron,Sharpe,D. Sharpe,dayron-sharpe,,,,19:52,19.866666666666667,5,10,0.5,1,3,0.333,4,4,1.0,3,4,7,1,3,0,3,2,15,1.0,0022401224,Day'Ron Sharpe,day'ron sharpe,,,2024-12-16,3,0.7550335570469798,0.15100671140939598,0.3523489932885906,0.050335570469798654,0.30201342281879195,2.0,1.0,1.0,7.0,1.0,3.0,1.0,7.0,2.0,0,0.0,0,0.00294,2.4,816.0489629377762,2.392944,0.15100671140939598,1.0,1.0,0.9103996
0022401224,1610612751,Brooklyn,Nets,BKN,nets,1631213,Tyrese,Martin,T. Martin,tyrese-martin,,,,17:51,17.85,1,4,0.25,1,4,0.25,0,0,0.0,2,1,3,2,2,0,2,1,3,-9.0,0022401224,Tyrese Martin,tyrese martin,,,2024-12-16,2,0.1680672268907563,0.11204481792717086,0.1680672268907563,0.11204481792717086,0.22408963585434172,10.0,2.0,7.0,3.0,2.0,3.0,3.0,8.0,3.0,0,0.0,0,0.00133,-18.9,-14199.84973703982,-18.874862999999998,0.11204481792717086,2.0,2.0,0.026668519
0022400364,1610612751,Brooklyn,Nets,BKN,nets,1629661,Cameron,Johnson,C. Johnson,cameron-johnson,F,,,34:21,34.35,9,15,0.6,4,10,0.4,11,12,0.917,0,10,10,6,0,2,2,3,33,11.0,0022400364,Cameron Johnson,cameron johnson,,,2024-12-19,2,0.9606986899563318,0.0,0.29112081513828236,0.17467248908296942,0.05822416302765648,1.0,9.0,1.0,2.0,3.0,1.0,3.0,2.0,0.0,0,0.0,0,0.00267,11.5,4305.5035567203295,11.469295,0.05822416302765648,2.0,6.0,0.81780636
0022400364,1610612751,Brooklyn,Nets,BKN,nets,1627827,Dorian,Finney-Smith,D. Finney-Smith,dorian-finney-smith,F,,,32:16,32.266666666666666,3,7,0.429,2,4,0.5,0,0,0.0,1,4,5,1,1,2,0,0,8,19.0,0022400364,Dorian Finney-Smith,dorian finney-smith,,,2024-12-19,3,0.24793388429752067,0.030991735537190084,0.15495867768595042,0.030991735537190084,0.12396694214876033,5.0,5.0,4.0,4.0,2.0,1.0,1.0,4.0,1.0,0,0.0,0,0.00092,27.8,30184.58197611292,27.774424,0.09297520661157026,1.0,5.0,0.3990083
0022400364,1610612751,Brooklyn,Nets,BKN,nets,1629651,Nic,Claxton,N. Claxton,nic-claxton,C,,,10:34,10.566666666666666,3,5,0.6,0,0,0.0,1,2,0.5,2,3,5,0,0,1,0,0,7,-2.0,0022400364,Nic Claxton,nic claxton,,,2024-12-19,1,0.6624605678233438,0.18927444794952683,0.47318611987381703,0.0,0.28391167192429023,6.0,3.0,4.0,7.0,3.0,3.0,7.0,8.0,0.0,0,0.0,0,0.0024,-14.8,-6164.098292378177,-14.76448,0.09463722397476342,4.0,2.0,0.18808968
0022400364,1610612751,Brooklyn,Nets,BKN,nets,1630553,Keon,Johnson,K. Johnson,keon-johnson,G,,,8:11,8.183333333333334,0,3,0.0,0,2,0.0,0,0,0.0,0,1,1,0,0,0,2,4,0,-6.0,0022400364,Keon Johnson,keon johnson,,,2024-12-19,0,0.0,0.0,0.12219959266802444,0.0,0.0,10.0,9.0,10.0,7.0,3.0,5.0,10.0,10.0,1.0,0,0.0,0,0.00263,-28.4,-10794.374762447738,-28.325308,0.0,6.0,10.0,0.0035796952
0022400364,1610612751,Brooklyn,Nets,BKN,nets,1627732,Ben,Simmons,B. Simmons,ben-simmons,G,,,32:24,32.4,5,9,0.556,0,0,0.0,2,3,0.667,1,4,5,7,0,0,5,2,12,15.0,0022400364,Ben Simmons,ben simmons,,,2024-12-19,0,0.3703703703703704,0.0308641975308642,0.154320987654321,0.2160493827160494,0.0308641975308642,2.0,5.0,4.0,1.0,3.0,5.0,2.0,3.0,4.0,0,0.0,0,0.00188,20.1,10685.805422647529,20.062212000000002,0.0,6.0,8.0,0.53246254
0022400364,1610612751,Brooklyn,Nets,BKN,nets,1630592,Jalen,Wilson,J. Wilson,jalen-wilson,,,,27:24,27.4,1,11,0.091,0,7,0.0,4,5,0.8,2,0,2,1,2,0,0,1,6,-8.0,0022400364,Jalen Wilson,jalen wilson,,,2024-12-19,2,0.21897810218978103,0.07299270072992702,0.07299270072992702,0.03649635036496351,0.14598540145985403,8.0,3.0,9.0,4.0,1.0,5.0,11.0,6.0,1.0,0,0.0,0,0.00203,-12.0,-5908.419497784342,-11.97564,0.07299270072992702,2.0,4.0,0.036814
0022400364,1610612751,Brooklyn,Nets,BKN,nets,1630549,Day'Ron,Sharpe,D. Sharpe,dayron-sharpe,,,,10:20,10.333333333333334,1,5,0.2,0,0,0.0,3,4,0.75,4,5,9,0,0,1,3,5,5,1.0,0022400364,Day'Ron Sharpe,day'ron sharpe,,,2024-12-19,1,0.48387096774193544,0.3870967741935484,0.8709677419354839,0.0,0.48387096774193544,9.0,1.0,2.0,7.0,3.0,3.0,6.0,9.0,0.0,0,0.0,0,0.00333,-0.2,-60.04202942059442,-0.199334,0.0967741935483871,4.0,1.0,0.17771544
0022400364,1610612751,Brooklyn,Nets,BKN,nets,1641730,Noah,Clowney,N. Clowney,noah-clowney,,,,37:00,37.0,3,10,0.3,2,8,0.25,3,3,1.0,1,8,9,1,0,0,0,5,11,2.0,0022400364,Noah Clowney,noah clowney,,,2024-12-19,0,0.2972972972972973,0.02702702702702703,0.24324324324324326,0.02702702702702703,0.02702702702702703,4.0,5.0,2.0,4.0,3.0,5.0,5.0,1.0,2.0,0,1.0,0,0.00122,4.2,3439.80343980344,4.194876,0.0,6.0,9.0,0.13850538
0022400364,1610612751,Brooklyn,Nets,BKN,nets,1629003,Shake,Milton,S. Milton,shake-milton,,,,29:21,29.35,5,10,0.5,0,4,0.0,2,2,1.0,1,2,3,2,0,0,1,1,12,10.0,0022400364,Shake Milton,shake milton,,,2024-12-19,0,0.4088586030664395,0.034071550255536626,0.10221465076660988,0.06814310051107325,0.034071550255536626,2.0,5.0,8.0,3.0,3.0,5.0,4.0,5.0,0.0,0,0.0,0,0.00169,18.8,11117.681845062094,18.768228,0.0,6.0,7.0,0.522269
0022400364,1610612751,Brooklyn,Nets,BKN,nets,1631213,Tyrese,Martin,T. Martin,tyrese-martin,,,,14:39,14.65,3,7,0.429,1,4,0.25,0,0,0.0,3,1,4,0,0,0,1,0,7,-4.0,0022400364,Tyrese Martin,tyrese martin,,,2024-12-19,0,0.4778156996587031,0.20477815699658702,0.27303754266211605,0.0,0.20477815699658702,6.0,2.0,7.0,7.0,3.0,5.0,9.0,7.0,1.0,0,0.0,0,0.00242,-10.8,-4460.96654275093,-10.773864000000001,0.0,6.0,3.0,0.113798164
0022400364,1610612751,Brooklyn,Nets,BKN,nets,1641736,Reece,Beekman,R. Beekman,reece-beekman,,,,3:30,3.5,0,0,0.0,0,0,0.0,0,0,0.0,0,0,0,0,0,0,1,0,0,-3.0,0022400364,Reece Beekman,reece beekman,,,2024-12-19,0,0.0,0.0,0.0,0.0,0.0,10.0,9.0,11.0,7.0,3.0,5.0,8.0,11.0,1.0,0,0.0,0,0.00125,-50.0,-39968.02557953637,-49.9375,0.0,6.0,10.0,0.0028078265
0022400379,1610612751,Brooklyn,Nets,BKN,nets,1629661,Cameron,Johnson,C. Johnson,cameron-johnson,F,,,37:36,37.6,7,15,0.467,2,9,0.222,2,2,1.0,0,3,3,5,2,0,6,2,18,-6.0,0022400379,Cameron Johnson,cameron johnson,,,2024-12-21,2,0.4787234042553191,0.0,0.07978723404255318,0.13297872340425532,0.05319148936170213,1.0,9.0,8.0,2.0,1.0,3.0,6.0,1.0,7.0,0,0.0,0,0.00212,-9.9,-4667.609618104668,-9.879012,0.05319148936170213,2.0,9.0,0.5949801
0022400379,1610612751,Brooklyn,Nets,BKN,nets,1641730,Noah,Clowney,N. Clowney,noah-clowney,F,,,28:48,28.8,4,10,0.4,2,6,0.333,0,0,0.0,3,3,6,1,0,0,0,3,10,-3.0,0022400379,Noah Clowney,noah clowney,,,2024-12-21,0,0.3472222222222222,0.10416666666666666,0.20833333333333331,0.034722222222222224,0.10416666666666666,4.0,1.0,4.0,6.0,7.0,3.0,3.0,4.0,1.0,0,0.0,0,0.0013700000000000001,-6.6,-4814.004376367615,-6.590958,0.0,8.0,4.0,0.21768408
0022400379,1610612751,Brooklyn,Nets,BKN,nets,1629651,Nic,Claxton,N. Claxton,nic-claxton,C,,,25:41,25.683333333333334,5,10,0.5,0,0,0.0,0,0,0.0,2,3,5,0,2,2,2,0,10,-16.0,0022400379,Nic Claxton,nic claxton,,,2024-12-21,4,0.3893575600259572,0.07787151200519143,0.1946787800129786,0.0,0.2336145360155743,4.0,3.0,6.0,8.0,1.0,1.0,9.0,5.0,3.0,0,0.0,0,0.00182,-32.9,-18066.996155958266,-32.840121999999994,0.15574302401038287,1.0,1.0,0.3389805
0022400379,1610612751,Brooklyn,Nets,BKN,nets,1630553,Keon,Johnson,K. Johnson,keon-johnson,G,,,29:12,29.2,3,14,0.214,0,9,0.0,2,2,1.0,2,6,8,1,1,0,1,4,8,-2.0,0022400379,Keon Johnson,keon johnson,,,2024-12-21,1,0.273972602739726,0.0684931506849315,0.273972602739726,0.03424657534246575,0.10273972602739727,7.0,3.0,2.0,6.0,4.0,3.0,2.0,3.0,2.0,0,0.0,0,0.00203,-3.2,-1575.5785327424912,-3.1935040000000003,0.03424657534246575,4.0,5.0,0.23820288
0022400379,1610612751,Brooklyn,Nets,BKN,nets,1627732,Ben,Simmons,B. Simmons,ben-simmons,G,,,29:19,29.316666666666666,5,11,0.455,0,0,0.0,5,6,0.833,2,4,6,10,2,0,6,1,15,-13.0,0022400379,Ben Simmons,ben simmons,,,2024-12-21,2,0.511654349061967,0.06822057987492894,0.20466173962478681,0.34110289937464466,0.13644115974985788,2.0,3.0,4.0,1.0,1.0,3.0,8.0,2.0,2.0,0,1.0,0,0.0027400000000000002,-19.2,-7004.742794600509,-19.147392,0.06822057987492894,2.0,3.0,0.74609905
0022400379,1610612751,Brooklyn,Nets,BKN,nets,1630592,Jalen,Wilson,J. Wilson,jalen-wilson,,,,22:45,22.75,3,9,0.333,1,5,0.2,2,2,1.0,1,6,7,2,1,0,2,1,9,-5.0,0022400379,Jalen Wilson,jalen wilson,,,2024-12-21,1,0.3956043956043956,0.04395604395604396,0.3076923076923077,0.08791208791208792,0.08791208791208792,6.0,7.0,3.0,4.0,4.0,3.0,5.0,7.0,1.0,0,0.0,0,0.00218,-10.4,-4768.454837230628,-10.377328,0.04395604395604396,4.0,7.0,0.113223456
0022400379,1610612751,Brooklyn,Nets,BKN,nets,1630549,Day'Ron,Sharpe,D. Sharpe,dayron-sharpe,,,,18:39,18.65,3,6,0.5,0,0,0.0,0,0,0.0,3,6,9,0,0,1,0,0,6,0.0,0022400379,Day'Ron Sharpe,day'ron sharpe,,,2024-12-21,1,0.32171581769437,0.160857908847185,0.482573726541555,0.0,0.21447721179624665,9.0,1.0,1.0,8.0,7.0,2.0,1.0,9.0,0.0,0,0.0,0,0.0014000000000000002,0.0,0.0,0.0,0.05361930294906166,4.0,2.0,0.5478129
0022400379,1610612751,Brooklyn,Nets,BKN,nets,1629003,Shake,Milton,S. Milton,shake-milton,,,,25:34,25.566666666666666,5,10,0.5,1,4,0.25,0,0,0.0,1,1,2,2,1,0,0,5,11,-7.0,0022400379,Shake Milton,shake milton,,,2024-12-21,1,0.4302477183833116,0.03911342894393742,0.07822685788787484,0.07822685788787484,0.07822685788787484,3.0,7.0,9.0,4.0,4.0,3.0,7.0,6.0,2.0,0,1.0,0,0.00164,-13.2,-8043.875685557587,-13.178352,0.03911342894393742,4.0,8.0,0.52568406
0022400379,1610612751,Brooklyn,Nets,BKN,nets,1631213,Tyrese,Martin,T. Martin,tyrese-martin,,,,22:26,22.433333333333334,3,9,0.333,1,7,0.143,0,0,0.0,2,2,4,3,0,0,0,1,7,-3.0,0022400379,Tyrese Martin,tyrese martin,,,2024-12-21,0,0.31203566121842496,0.08915304606240713,0.17830609212481427,0.1337295690936107,0.08915304606240713,8.0,3.0,7.0,3.0,7.0,3.0,3.0,8.0,1.0,0,0.0,0,0.0017000000000000001,-6.4,-3762.4926513815403,-6.38912,0.0,8.0,6.0,0.06186905
0022400396,1610612751,Brooklyn,Nets,BKN,nets,1629661,Cameron,Johnson,C. Johnson,cameron-johnson,F,,,32:45,32.75,7,15,0.467,3,7,0.429,2,2,1.0,1,2,3,2,1,0,2,1,19,-15.0,0022400396,Cameron Johnson,cameron johnson,,,2024-12-23,1,0.5801526717557252,0.030534351145038167,0.0916030534351145,0.061068702290076333,0.061068702290076333,1.0,3.0,6.0,3.0,3.0,2.0,11.0,1.0,3.0,0,0.0,0,0.00269,-23.8,-8844.29580081754,-23.735978000000003,0.030534351145038167,4.0,7.0,0.7861609
0022400396,1610612751,Brooklyn,Nets,BKN,nets,1641730,Noah,Clowney,N. Clowney,noah-clowney,F,,,29:30,29.5,6,13,0.462,4,10,0.4,3,3,1.0,0,5,5,1,0,0,1,2,19,-14.0,0022400396,Noah Clowney,noah clowney,,,2024-12-23,0,0.6440677966101694,0.0,0.1694915254237288,0.03389830508474576,0.0,1.0,7.0,3.0,7.0,7.0,2.0,10.0,4.0,2.0,0,0.0,0,0.0023799999999999997,-26.8,-11255.77488450231,-26.736216,0.0,8.0,10.0,0.8720415
0022400396,1610612751,Brooklyn,Nets,BKN,nets,1629651,Nic,Claxton,N. Claxton,nic-claxton,C,,,28:21,28.35,1,7,0.143,0,0,0.0,4,5,0.8,2,8,10,2,0,2,2,2,6,-6.0,0022400396,Nic Claxton,nic claxton,,,2024-12-23,2,0.21164021164021163,0.07054673721340388,0.3527336860670194,0.07054673721340388,0.14109347442680775,6.0,2.0,1.0,3.0,7.0,1.0,6.0,5.0,1.0,0,0.0,0,0.0018599999999999999,-8.9,-4782.37506716819,-8.883446000000001,0.07054673721340388,2.0,4.0,0.06684332
0022400396,1610612751,Brooklyn,Nets,BKN,nets,1630553,Keon,Johnson,K. Johnson,keon-johnson,G,,,28:19,28.316666666666666,6,12,0.5,2,5,0.4,1,2,0.5,1,4,5,2,3,0,3,4,15,2.0,0022400396,Keon Johnson,keon johnson,,,2024-12-23,3,0.5297233666862861,0.03531489111241907,0.17657445556209536,0.07062978222483814,0.14125956444967627,3.0,3.0,3.0,3.0,1.0,2.0,4.0,6.0,0.0,0,0.0,0,0.00232,3.5,1507.9707022834984,3.49188,0.10594467333725721,1.0,3.0,0.78560674
0022400396,1610612751,Brooklyn,Nets,BKN,nets,1627732,Ben,Simmons,B. Simmons,ben-simmons,G,,,29:42,29.7,1,2,0.5,0,0,0.0,2,2,1.0,0,2,2,9,1,0,1,1,4,-5.0,0022400396,Ben Simmons,ben simmons,,,2024-12-23,1,0.13468013468013468,0.0,0.06734006734006734,0.30303030303030304,0.03367003367003367,8.0,7.0,8.0,1.0,3.0,2.0,5.0,3.0,3.0,0,0.0,0,0.00065,-6.9,-10599.078341013825,-6.8955150000000005,0.03367003367003367,4.0,8.0,0.030032922
0022400396,1610612751,Brooklyn,Nets,BKN,nets,1630592,Jalen,Wilson,J. Wilson,jalen-wilson,,,,29:59,29.983333333333334,3,10,0.3,0,3,0.0,2,3,0.667,1,2,3,1,0,0,1,1,8,-13.0,0022400396,Jalen Wilson,jalen wilson,,,2024-12-23,0,0.2668148971650917,0.033351862145636464,0.10005558643690939,0.033351862145636464,0.033351862145636464,5.0,3.0,6.0,7.0,7.0,2.0,8.0,2.0,0.0,0,0.0,0,0.0017399999999999998,-18.5,-10626.076967260196,-18.46781,0.0,8.0,9.0,0.045776594
0022400396,1610612751,Brooklyn,Nets,BKN,nets,1629003,Shake,Milton,S. Milton,shake-milton,,,,19:14,19.233333333333334,1,8,0.125,0,2,0.0,2,2,1.0,0,2,2,3,2,0,2,3,4,-16.0,0022400396,Shake Milton,shake milton,,,2024-12-23,2,0.20797227036395147,0.0,0.10398613518197573,0.1559792027729636,0.10398613518197573,8.0,7.0,8.0,2.0,2.0,2.0,12.0,8.0,4.0,0,0.0,0,0.0022400000000000002,-39.0,-17402.945113788486,-38.912639999999996,0.10398613518197573,2.0,5.0,0.0086026015
0022400396,1610612751,Brooklyn,Nets,BKN,nets,1630549,Day'Ron,Sharpe,D. Sharpe,dayron-sharpe,,,,15:16,15.266666666666667,3,9,0.333,0,2,0.0,0,1,0.0,5,2,7,1,0,0,0,3,6,-10.0,0022400396,Day'Ron Sharpe,day'ron sharpe,,,2024-12-23,0,0.3930131004366812,0.32751091703056767,0.4585152838427947,0.06550218340611354,0.32751091703056767,6.0,1.0,2.0,7.0,7.0,2.0,7.0,9.0,0.0,0,0.0,0,0.0020499999999999997,-33.2,-16187.225743539739,-33.13194,0.0,8.0,2.0,0.22691967
0022400396,1610612751,Brooklyn,Nets,BKN,nets,1631213,Tyrese,Martin,T. Martin,tyrese-martin,,,,22:03,22.05,5,7,0.714,4,5,0.8,0,0,0.0,1,4,5,2,1,0,2,1,14,-13.0,0022400396,Tyrese Martin,tyrese martin,,,2024-12-23,1,0.6349206349206349,0.045351473922902494,0.22675736961451246,0.09070294784580499,0.09070294784580499,4.0,3.0,3.0,3.0,3.0,2.0,8.0,7.0,2.0,0,0.0,0,0.00167,-28.3,-16935.966487133453,-28.252739000000002,0.045351473922902494,4.0,6.0,0.6858602
0022400396,1610612751,Brooklyn,Nets,BKN,nets,1641736,Reece,Beekman,R. Beekman,reece-beekman,,,,1:37,1.6166666666666667,0,0,0.0,0,0,0.0,0,0,0.0,0,0,0,0,0,0,0,0,0,5.0,0022400396,Reece Beekman,reece beekman,,,2024-12-23,0,0.0,0.0,0.0,0.0,0.0,10.0,7.0,10.0,10.0,7.0,2.0,1.0,10.0,0.0,0,0.0,0,0.0,166.7,166700000.0,166.7,0.0,8.0,10.0,0.0067659146
0022400396,1610612751,Brooklyn,Nets,BKN,nets,1641798,Jaylen,Martin,J. Martin,jaylen-martin,,,,1:37,1.6166666666666667,0,1,0.0,0,0,0.0,0,0,0.0,0,0,0,0,0,0,0,0,0,5.0,0022400396,Jaylen Martin,jaylen martin,,,2024-12-23,0,0.0,0.0,0.0,0.0,0.0,10.0,7.0,10.0,10.0,7.0,2.0,1.0,10.0,,1,,1,0.0025,166.7,66653.33866453418,166.28325,0.0,8.0,10.0,0.0054703355
0022400396,1610612751,Brooklyn,Nets,BKN,nets,1641727,Dariq,Whitehead,D. Whitehead,dariq-whitehead,,,,1:37,1.6166666666666667,0,0,0.0,0,0,0.0,0,0,0.0,0,0,0,0,1,0,0,0,0,5.0,0022400396,Dariq Whitehead,dariq whitehead,,,2024-12-23,1,0.0,0.0,0.0,0.0,0.6185567010309279,10.0,7.0,10.0,10.0,3.0,2.0,1.0,10.0,,1,,1,0.0,166.7,166700000.0,166.7,0.6185567010309279,4.0,1.0,0.018244294
0022400415,1610612751,Brooklyn,Nets,BKN,nets,1629661,Cameron,Johnson,C. Johnson,cameron-johnson,F,,,35:11,35.18333333333333,8,13,0.615,4,6,0.667,9,9,1.0,1,4,5,3,0,0,6,1,29,8.0,0022400415,Cameron Johnson,cameron johnson,,,2024-12-26,0,0.8242539081004264,0.028422548555187117,0.14211274277593558,0.08526764566556136,0.028422548555187117,1.0,3.0,2.0,3.0,7.0,2.0,3.0,1.0,1.0,0,0.0,0,0.0025,9.3,3718.512594962015,9.276750000000002,0.0,7.0,8.0,0.8276537
0022400415,1610612751,Brooklyn,Nets,BKN,nets,1641730,Noah,Clowney,N. Clowney,noah-clowney,F,,,30:38,30.633333333333333,7,10,0.7,6,9,0.667,0,0,0.0,1,3,4,2,1,0,2,1,20,10.0,0022400415,Noah Clowney,noah clowney,,,2024-12-26,1,0.6528835690968444,0.03264417845484222,0.1305767138193689,0.06528835690968444,0.06528835690968444,2.0,3.0,4.0,5.0,3.0,2.0,2.0,4.0,2.0,0,0.0,0,0.0016200000000000001,17.0,10487.353485502776,16.97246,0.03264417845484222,3.0,6.0,0.92789143
0022400415,1610612751,Brooklyn,Nets,BKN,nets,1629651,Nic,Claxton,N. Claxton,nic-claxton,C,,,30:60,31.0,5,12,0.417,0,2,0.0,3,6,0.5,2,5,7,3,2,0,1,0,13,7.0,0022400415,Nic Claxton,nic claxton,,,2024-12-26,2,0.41935483870967744,0.06451612903225806,0.22580645161290322,0.0967741935483871,0.12903225806451613,4.0,1.0,1.0,3.0,1.0,2.0,4.0,3.0,3.0,0,0.0,0,0.00216,5.3,2452.5682554372975,5.288551999999999,0.06451612903225806,2.0,2.0,0.5001439
0022400415,1610612751,Brooklyn,Nets,BKN,nets,1630553,Keon,Johnson,K. Johnson,keon-johnson,G,,,30:13,30.216666666666665,5,15,0.333,2,9,0.222,0,0,0.0,0,4,4,1,2,1,0,4,12,0.0,0022400415,Keon Johnson,keon johnson,,,2024-12-26,3,0.3971318257032543,0.0,0.1323772752344181,0.03309431880860453,0.09928295642581357,5.0,8.0,4.0,7.0,1.0,1.0,6.0,5.0,6.0,0,0.0,0,0.00203,-6.5,-3200.393894633185,-6.486805,0.09928295642581357,1.0,3.0,0.24886465
0022400415,1610612751,Brooklyn,Nets,BKN,nets,1627732,Ben,Simmons,B. Simmons,ben-simmons,G,,,28:59,28.983333333333334,4,9,0.444,0,0,0.0,0,0,0.0,1,3,4,9,1,0,6,1,8,16.0,0022400415,Ben Simmons,ben simmons,,,2024-12-26,1,0.27602070155261643,0.034502587694077054,0.13801035077630822,0.3105232892466935,0.06900517538815411,6.0,3.0,4.0,1.0,3.0,2.0,1.0,6.0,3.0,0,0.0,0,0.00208,22.2,10667.948101874099,22.153824,0.034502587694077054,3.0,5.0,0.5092033
0022400415,1610612751,Brooklyn,Nets,BKN,nets,1630592,Jalen,Wilson,J. Wilson,jalen-wilson,,,,31:38,31.633333333333333,2,7,0.286,0,4,0.0,0,0,0.0,1,3,4,5,0,0,1,1,4,6.0,0022400415,Jalen Wilson,jalen wilson,,,2024-12-26,0,0.12644889357218125,0.03161222339304531,0.12644889357218125,0.15806111696522657,0.03161222339304531,8.0,3.0,4.0,2.0,7.0,2.0,5.0,2.0,1.0,0,0.0,0,0.00108,10.5,9713.22849213691,10.48866,0.0,7.0,7.0,0.025389092
0022400415,1610612751,Brooklyn,Nets,BKN,nets,1630549,Day'Ron,Sharpe,D. Sharpe,dayron-sharpe,,,,11:24,11.4,0,2,0.0,0,0,0.0,0,0,0.0,2,1,3,0,1,0,2,1,0,-7.0,0022400415,Day'Ron Sharpe,day'ron sharpe,,,2024-12-26,1,0.0,0.17543859649122806,0.2631578947368421,0.0,0.2631578947368421,9.0,1.0,8.0,8.0,3.0,2.0,10.0,9.0,2.0,0,0.0,0,0.00148,-29.2,-19716.407832545578,-29.156784,0.08771929824561403,3.0,1.0,0.00540669
0022400415,1610612751,Brooklyn,Nets,BKN,nets,1629003,Shake,Milton,S. Milton,shake-milton,,,,22:54,22.9,7,10,0.7,4,6,0.667,2,3,0.667,1,1,2,0,1,0,2,1,20,-6.0,0022400415,Shake Milton,shake milton,,,2024-12-26,1,0.8733624454148472,0.04366812227074236,0.08733624454148473,0.0,0.08733624454148473,2.0,3.0,9.0,8.0,3.0,2.0,9.0,7.0,2.0,0,0.0,0,0.00255,-10.6,-4155.233241865934,-10.57297,0.04366812227074236,3.0,4.0,0.89565164
0022400415,1610612751,Brooklyn,Nets,BKN,nets,1631213,Tyrese,Martin,T. Martin,tyrese-martin,,,,17:26,17.433333333333334,1,4,0.25,0,2,0.0,3,4,0.75,0,5,5,2,0,0,1,1,5,-4.0,0022400415,Tyrese Martin,tyrese martin,,,2024-12-26,0,0.28680688336520077,0.0,0.28680688336520077,0.1147227533460803,0.0,7.0,8.0,2.0,5.0,7.0,2.0,8.0,8.0,0.0,0,0.0,0,0.0017499999999999998,-14.0,-7995.431182181612,-13.9755,0.0,7.0,9.0,0.014886246
0022400415,1610612751,Brooklyn,Nets,BKN,nets,1641736,Reece,Beekman,R. Beekman,reece-beekman,,,,0:37,0.6166666666666667,0,0,0.0,0,0,0.0,0,0,0.0,0,0,0,0,0,0,0,0,0,0.0,0022400415,Reece Beekman,reece beekman,,,2024-12-26,0,0.0,0.0,0.0,0.0,0.0,9.0,8.0,10.0,8.0,7.0,2.0,6.0,10.0,0.0,0,0.0,0,0.0,133.3,133300000.00000001,133.3,0.0,7.0,9.0,0.0042296974
0022400421,1610612751,Brooklyn,Nets,BKN,nets,1630592,Jalen,Wilson,J. Wilson,jalen-wilson,F,,,39:23,39.38333333333333,4,13,0.308,3,6,0.5,0,0,0.0,0,2,2,3,0,0,2,4,11,-12.0,0022400421,Jalen Wilson,jalen wilson,,,2024-12-27,0,0.279305966991113,0.0,0.05078290308929327,0.07617435463393991,0.0,4.0,7.0,8.0,2.0,7.0,4.0,7.0,1.0,,1,,1,0.00165,-13.1,-7934.585099939431,-13.078384999999999,0.0,7.0,8.0,0.146505
0022400421,1610612751,Brooklyn,Nets,BKN,nets,1627827,Dorian,Finney-Smith,D. Finney-Smith,dorian-finney-smith,F,,,27:08,27.133333333333333,1,7,0.143,0,4,0.0,0,1,0.0,2,7,9,0,0,0,1,1,2,-6.0,0022400421,Dorian Finney-Smith,dorian finney-smith,,,2024-12-27,0,0.07371007371007371,0.07371007371007371,0.3316953316953317,0.0,0.07371007371007371,8.0,3.0,2.0,7.0,7.0,4.0,5.0,5.0,0.0,0,0.0,0,0.0012900000000000001,-11.3,-8752.904725019365,-11.285423,0.0,7.0,6.0,0.017046044
0022400421,1610612751,Brooklyn,Nets,BKN,nets,1629651,Nic,Claxton,N. Claxton,nic-claxton,C,,,32:52,32.86666666666667,5,13,0.385,0,2,0.0,1,1,1.0,4,6,10,0,3,2,4,2,11,-5.0,0022400421,Nic Claxton,nic claxton,,,2024-12-27,5,0.33468559837728196,0.12170385395537525,0.3042596348884381,0.0,0.2738336713995943,4.0,1.0,1.0,7.0,1.0,1.0,4.0,4.0,3.0,0,0.0,0,0.00215,-7.6,-3533.240353324035,-7.58366,0.15212981744421905,1.0,2.0,0.4818581
0022400421,1610612751,Brooklyn,Nets,BKN,nets,1630553,Keon,Johnson,K. Johnson,keon-johnson,G,,,36:37,36.61666666666667,10,20,0.5,4,10,0.4,1,2,0.5,1,3,4,3,1,1,3,2,25,6.0,0022400421,Keon Johnson,keon johnson,,,2024-12-27,2,0.6827492034592626,0.027309968138370506,0.10923987255348203,0.08192990441511151,0.08192990441511151,1.0,4.0,6.0,2.0,2.0,2.0,2.0,2.0,4.0,0,0.0,0,0.0027900000000000004,10.8,3869.5807954138295,10.769868,0.05461993627674101,2.0,5.0,0.851118
0022400421,1610612751,Brooklyn,Nets,BKN,nets,1629003,Shake,Milton,S. Milton,shake-milton,G,,,34:18,34.3,5,9,0.556,3,6,0.5,3,4,0.75,0,3,3,12,1,0,1,3,16,7.0,0022400421,Shake Milton,shake milton,,,2024-12-27,1,0.4664723032069971,0.0,0.08746355685131196,0.34985422740524785,0.02915451895043732,2.0,7.0,7.0,1.0,2.0,4.0,1.0,3.0,3.0,0,0.0,0,0.0015199999999999999,12.2,8021.03879026956,12.181455999999999,0.02915451895043732,4.0,7.0,0.9019552
0022400421,1610612751,Brooklyn,Nets,BKN,nets,1641730,Noah,Clowney,N. Clowney,noah-clowney,,,,24:01,24.016666666666666,2,6,0.333,1,4,0.25,0,0,0.0,1,4,5,1,1,0,1,5,5,-13.0,0022400421,Noah Clowney,noah clowney,,,2024-12-27,1,0.20818875780707843,0.041637751561415685,0.20818875780707843,0.041637751561415685,0.08327550312283137,6.0,4.0,5.0,5.0,2.0,4.0,8.0,6.0,1.0,0,0.0,0,0.00132,-21.7,-16426.949280847843,-21.671356,0.041637751561415685,4.0,4.0,0.036629952
0022400421,1610612751,Brooklyn,Nets,BKN,nets,1630549,Day'Ron,Sharpe,D. Sharpe,dayron-sharpe,,,,12:58,12.966666666666667,2,5,0.4,0,0,0.0,0,0,0.0,3,3,6,2,1,1,1,2,4,3.0,0022400421,Day'Ron Sharpe,day'ron sharpe,,,2024-12-27,2,0.30848329048843187,0.23136246786632392,0.46272493573264784,0.15424164524421594,0.3856041131105398,7.0,2.0,3.0,4.0,2.0,2.0,3.0,9.0,1.0,0,0.0,0,0.00188,11.5,6113.769271664009,11.47838,0.15424164524421594,2.0,1.0,0.1694649
0022400421,1610612751,Brooklyn,Nets,BKN,nets,1641736,Reece,Beekman,R. Beekman,reece-beekman,,,,13:42,13.7,0,3,0.0,0,2,0.0,0,0,0.0,0,0,0,1,0,0,1,2,0,-16.0,0022400421,Reece Beekman,reece beekman,,,2024-12-27,0,0.0,0.0,0.0,0.07299270072992702,0.0,9.0,7.0,9.0,5.0,7.0,4.0,9.0,8.0,1.0,0,0.0,0,0.0011799999999999998,-51.1,-43268.41659610501,-51.039702000000005,0.0,7.0,8.0,0.0032770343
0022400421,1610612751,Brooklyn,Nets,BKN,nets,1631213,Tyrese,Martin,T. Martin,tyrese-martin,,,,19:01,19.016666666666666,6,14,0.429,1,7,0.143,0,0,0.0,1,5,6,0,1,0,2,1,13,-9.0,0022400421,Tyrese Martin,tyrese martin,,,2024-12-27,1,0.6836108676599475,0.0525854513584575,0.315512708150745,0.0,0.105170902716915,3.0,4.0,3.0,7.0,2.0,4.0,6.0,7.0,1.0,0,0.0,0,0.0032,-19.7,-6154.3267728834735,-19.63696,0.0525854513584575,4.0,3.0,0.7793465
0022400436,1610612751,Brooklyn,Nets,BKN,nets,1629661,Cameron,Johnson,C. Johnson,cameron-johnson,F,,,24:39,24.65,3,9,0.333,2,5,0.4,1,1,1.0,1,2,3,4,3,0,2,1,9,1.0,0022400436,Cameron Johnson,cameron johnson,,,2024-12-29,3,0.36511156186612576,0.04056795131845842,0.12170385395537527,0.16227180527383367,0.16227180527383367,5.0,3.0,6.0,3.0,1.0,3.0,5.0,6.0,3.0,0,0.0,0,0.0020399999999999997,2.2,1077.9029887310144,2.195512,0.12170385395537527,1.0,2.0,0.22868551
0022400436,1610612751,Brooklyn,Nets,BKN,nets,1641730,Noah,Clowney,N. Clowney,noah-clowney,F,,,27:42,27.7,4,7,0.571,3,5,0.6,2,2,1.0,0,2,2,0,0,0,2,1,13,-4.0,0022400436,Noah Clowney,noah clowney,,,2024-12-29,0,0.4693140794223827,0.0,0.07220216606498195,0.0,0.0,4.0,8.0,8.0,9.0,6.0,3.0,6.0,5.0,1.0,0,0.0,0,0.00172,-5.5,-3195.8163858221965,-5.490539999999999,0.0,7.0,9.0,0.34464929
0022400436,1610612751,Brooklyn,Nets,BKN,nets,1629651,Nic,Claxton,N. Claxton,nic-claxton,C,,,31:32,31.533333333333335,2,5,0.4,0,0,0.0,2,4,0.5,1,4,5,1,1,0,2,4,6,-19.0,0022400436,Nic Claxton,nic claxton,,,2024-12-29,1,0.19027484143763213,0.03171247357293869,0.15856236786469344,0.03171247357293869,0.06342494714587738,7.0,3.0,4.0,5.0,2.0,3.0,8.0,2.0,3.0,0,0.0,0,0.0013,-31.7,-24365.872405841663,-31.65879,0.03171247357293869,3.0,5.0,0.029678535
0022400436,1610612751,Brooklyn,Nets,BKN,nets,1630553,Keon,Johnson,K. Johnson,keon-johnson,G,,,33:11,33.18333333333333,5,11,0.455,1,5,0.2,3,4,0.75,2,1,3,2,1,0,2,3,14,-5.0,0022400436,Keon Johnson,keon johnson,,,2024-12-29,1,0.4218985434455048,0.06027122049221497,0.09040683073832247,0.06027122049221497,0.09040683073832247,3.0,1.0,6.0,4.0,2.0,3.0,7.0,1.0,3.0,0,0.0,0,0.00209,-4.3,-2056.4323290291727,-4.2910129999999995,0.030135610246107485,3.0,4.0,0.4827389
0022400436,1610612751,Brooklyn,Nets,BKN,nets,1627732,Ben,Simmons,B. Simmons,ben-simmons,G,,,30:34,30.566666666666666,3,6,0.5,0,0,0.0,0,0,0.0,1,6,7,7,0,0,2,2,6,-22.0,0022400436,Ben Simmons,ben simmons,,,2024-12-29,0,0.19629225736095965,0.03271537622682661,0.22900763358778625,0.22900763358778625,0.03271537622682661,7.0,3.0,1.0,1.0,6.0,3.0,9.0,4.0,3.0,0,0.0,0,0.00125,-34.7,-27737.809752198245,-34.656625000000005,0.0,7.0,7.0,0.03879411
0022400436,1610612751,Brooklyn,Nets,BKN,nets,1630592,Jalen,Wilson,J. Wilson,jalen-wilson,,,,31:10,31.166666666666668,4,5,0.8,4,5,0.8,4,4,1.0,0,1,1,1,1,0,1,4,16,5.0,0022400436,Jalen Wilson,jalen wilson,,,2024-12-29,1,0.5133689839572192,0.0,0.0320855614973262,0.0320855614973262,0.0320855614973262,2.0,8.0,9.0,5.0,2.0,3.0,4.0,3.0,2.0,0,0.0,0,0.00123,8.8,7148.659626320066,8.789176000000001,0.0320855614973262,3.0,8.0,0.807113
0022400436,1610612751,Brooklyn,Nets,BKN,nets,1631213,Tyrese,Martin,T. Martin,tyrese-martin,,,,20:15,20.25,1,3,0.333,0,1,0.0,2,2,1.0,1,4,5,1,0,1,1,2,4,13.0,0022400436,Tyrese Martin,tyrese martin,,,2024-12-29,1,0.19753086419753085,0.04938271604938271,0.24691358024691357,0.04938271604938271,0.09876543209876543,9.0,3.0,4.0,5.0,6.0,2.0,2.0,8.0,3.0,0,0.0,0,0.00116,40.0,34453.05770887167,39.953599999999994,0.04938271604938271,3.0,3.0,0.07482877
0022400436,1610612751,Brooklyn,Nets,BKN,nets,1630560,Cam,Thomas,C. Thomas,cam-thomas,,,,24:34,24.566666666666666,6,18,0.333,3,7,0.429,10,11,0.909,1,5,6,5,0,0,2,1,25,8.0,0022400436,Cam Thomas,cam thomas,,,2024-12-29,0,1.01763907734057,0.0407055630936228,0.24423337856173677,0.20352781546811397,0.0407055630936228,1.0,3.0,2.0,2.0,6.0,3.0,3.0,7.0,0.0,0,0.0,0,0.0042899999999999995,17.4,4054.99883477045,17.325353999999997,0.0,7.0,6.0,0.80366576
0022400436,1610612751,Brooklyn,Nets,BKN,nets,1630549,Day'Ron,Sharpe,D. Sharpe,dayron-sharpe,,,,16:23,16.383333333333333,4,9,0.444,0,2,0.0,0,0,0.0,2,4,6,1,1,2,0,1,8,18.0,0022400436,Day'Ron Sharpe,day'ron sharpe,,,2024-12-29,3,0.4883011190233978,0.12207527975584945,0.3662258392675483,0.061037639877924724,0.3051881993896236,6.0,1.0,2.0,5.0,2.0,1.0,1.0,9.0,1.0,0,1.0,0,0.00265,58.5,22067.144473783475,58.344975,0.18311291963377416,1.0,1.0,0.66257983
0022400459,1610612751,Brooklyn,Nets,BKN,nets,1629661,Cameron,Johnson,C. Johnson,cameron-johnson,F,,,27:45,27.75,7,12,0.583,3,5,0.6,7,7,1.0,1,0,1,3,1,0,3,3,24,-17.0,0022400459,Cameron Johnson,cameron johnson,,,2025-01-01,1,0.8648648648648649,0.036036036036036036,0.036036036036036036,0.10810810810810811,0.07207207207207207,1.0,1.0,7.0,5.0,2.0,2.0,9.0,5.0,1.0,0,0.0,0,0.0027400000000000002,-25.2,-9193.724917913169,-25.130952,0.036036036036036036,3.0,3.0,0.89334893
0022400459,1610612751,Brooklyn,Nets,BKN,nets,1641730,Noah,Clowney,N. Clowney,noah-clowney,F,,,28:15,28.25,2,5,0.4,1,4,0.25,0,0,0.0,1,2,3,0,1,0,0,0,5,-16.0,0022400459,Noah Clowney,noah clowney,,,2025-01-01,1,0.17699115044247787,0.035398230088495575,0.10619469026548672,0.0,0.07079646017699115,7.0,1.0,4.0,8.0,2.0,2.0,8.0,4.0,1.0,0,0.0,0,0.00078,-24.9,-31882.202304737515,-24.880578,0.035398230088495575,3.0,4.0,0.047499105
0022400459,1610612751,Brooklyn,Nets,BKN,nets,1629651,Nic,Claxton,N. Claxton,nic-claxton,C,,,30:08,30.133333333333333,7,11,0.636,0,1,0.0,2,3,0.667,0,10,10,4,0,0,0,0,16,-17.0,0022400459,Nic Claxton,nic claxton,,,2025-01-01,0,0.5309734513274337,0.0,0.33185840707964603,0.13274336283185842,0.0,4.0,5.0,1.0,3.0,8.0,2.0,9.0,2.0,0.0,0,0.0,0,0.00185,-23.1,-12479.740680713128,-23.057265,0.0,8.0,9.0,0.667905
0022400459,1610612751,Brooklyn,Nets,BKN,nets,1630553,Keon,Johnson,K. Johnson,keon-johnson,G,,,29:03,29.05,6,18,0.333,3,12,0.25,2,2,1.0,0,1,1,0,1,0,1,2,17,-11.0,0022400459,Keon Johnson,keon johnson,,,2025-01-01,1,0.5851979345955249,0.0,0.03442340791738382,0.0,0.03442340791738382,3.0,5.0,7.0,8.0,2.0,2.0,7.0,3.0,0.0,0,0.0,0,0.0030299999999999997,-11.8,-3893.104585945233,-11.764246000000002,0.03442340791738382,3.0,7.0,0.29070637
0022400459,1610612751,Brooklyn,Nets,BKN,nets,1627732,Ben,Simmons,B. Simmons,ben-simmons,G,,,24:30,24.5,1,6,0.167,0,0,0.0,0,0,0.0,0,2,2,6,1,0,1,3,2,-18.0,0022400459,Ben Simmons,ben simmons,,,2025-01-01,1,0.08163265306122448,0.0,0.08163265306122448,0.24489795918367346,0.04081632653061224,9.0,5.0,5.0,2.0,2.0,2.0,11.0,7.0,2.0,0,0.0,0,0.00132,-37.5,-28387.58516275549,-37.4505,0.04081632653061224,3.0,6.0,0.009067853
0022400459,1610612751,Brooklyn,Nets,BKN,nets,1630592,Jalen,Wilson,J. Wilson,jalen-wilson,,,,31:29,31.483333333333334,3,11,0.273,1,5,0.2,3,3,1.0,1,0,1,0,0,0,1,3,10,-10.0,0022400459,Jalen Wilson,jalen wilson,,,2025-01-01,0,0.31762837480148226,0.03176283748014823,0.03176283748014823,0.0,0.03176283748014823,6.0,1.0,7.0,8.0,8.0,2.0,6.0,1.0,0.0,0,0.0,0,0.0017299999999999998,-15.4,-8896.591565569037,-15.373358,0.0,8.0,8.0,0.042358845
0022400459,1610612751,Brooklyn,Nets,BKN,nets,1626156,D'Angelo,Russell,D. Russell,dangelo-russell,,,,26:01,26.016666666666666,9,13,0.692,2,6,0.333,2,2,1.0,0,2,2,8,1,2,3,3,22,2.0,0022400459,D'Angelo Russell,d'angelo russell,,,2025-01-01,3,0.8456117873158232,0.0,0.07687379884689302,0.3074951953875721,0.11531069827033953,2.0,5.0,5.0,1.0,2.0,1.0,2.0,6.0,2.0,0,0.0,0,0.0028799999999999997,5.6,1943.76952447067,5.5838719999999995,0.11531069827033953,1.0,2.0,0.9093364
0022400459,1610612751,Brooklyn,Nets,BKN,nets,1630549,Day'Ron,Sharpe,D. Sharpe,dayron-sharpe,,,,17:52,17.866666666666667,5,6,0.833,0,1,0.0,1,1,1.0,1,7,8,2,2,0,2,2,11,0.0,0022400459,Day'Ron Sharpe,day'ron sharpe,,,2025-01-01,2,0.6156716417910447,0.055970149253731345,0.44776119402985076,0.11194029850746269,0.16791044776119401,5.0,1.0,2.0,6.0,1.0,2.0,3.0,9.0,1.0,0,0.0,0,0.00182,0.0,0.0,0.0,0.11194029850746269,2.0,1.0,0.75945604
0022400459,1610612751,Brooklyn,Nets,BKN,nets,1631213,Tyrese,Martin,T. Martin,tyrese-martin,,,,20:00,20.0,1,4,0.25,0,2,0.0,0,0,0.0,0,4,4,4,1,0,0,1,2,3.0,0022400459,Tyrese Martin,tyrese martin,,,2025-01-01,1,0.1,0.0,0.2,0.2,0.05,9.0,5.0,3.0,3.0,2.0,2.0,1.0,8.0,1.0,0,0.0,0,0.0008699999999999999,12.9,14810.562571756604,12.888777,0.05,3.0,5.0,0.03866281
0022400459,1610612751,Brooklyn,Nets,BKN,nets,1641721,Maxwell,Lewis,M. Lewis,maxwell-lewis,,,,1:05,1.0833333333333333,1,1,1.0,1,1,1.0,0,0,0.0,0,0,0,0,0,0,0,0,3,-1.0,0022400459,Maxwell Lewis,maxwell lewis,,,2025-01-01,0,2.7692307692307696,0.0,0.0,0.0,0.0,8.0,5.0,10.0,8.0,8.0,2.0,5.0,11.0,,1,,1,0.005,16.7,3339.332133573285,16.6165,0.0,8.0,9.0,0.01815784
0022400459,1610612751,Brooklyn,Nets,BKN,nets,1641736,Reece,Beekman,R. Beekman,reece-beekman,,,,3:52,3.8666666666666667,0,0,0.0,0,0,0.0,1,2,0.5,0,0,0,1,0,0,0,0,1,0.0,0022400459,Reece Beekman,reece beekman,,,2025-01-01,0,0.25862068965517243,0.0,0.0,0.25862068965517243,0.0,11.0,5.0,10.0,7.0,8.0,2.0,3.0,10.0,,1,,1,0.00111,15.3,13771.377137713773,15.283017,0.0,8.0,9.0,0.0046748663
0022400465,1610612751,Brooklyn,Nets,BKN,nets,1629661,Cameron,Johnson,C. Johnson,cameron-johnson,F,,,38:40,38.666666666666664,10,16,0.625,6,12,0.5,0,0,0.0,2,3,5,0,0,0,5,1,26,-2.0,0022400465,Cameron Johnson,cameron johnson,,,2025-01-02,0,0.6724137931034483,0.05172413793103449,0.12931034482758622,0.0,0.05172413793103449,1.0,2.0,6.0,9.0,6.0,4.0,7.0,1.0,1.0,0,0.0,0,0.00228,-1.1,-482.2446295484437,-1.0974920000000001,0.0,8.0,9.0,0.8384547
0022400465,1610612751,Brooklyn,Nets,BKN,nets,1630592,Jalen,Wilson,J. Wilson,jalen-wilson,F,,,36:59,36.983333333333334,6,13,0.462,1,4,0.25,0,0,0.0,2,2,4,1,2,0,2,3,13,-21.0,0022400465,Jalen Wilson,jalen wilson,,,2025-01-02,2,0.3515096890491212,0.054078413699864804,0.10815682739972961,0.027039206849932402,0.10815682739972961,4.0,2.0,7.0,6.0,1.0,4.0,9.0,2.0,1.0,0,0.0,0,0.00169,-26.1,-15434.654050857482,-26.055891000000003,0.054078413699864804,1.0,3.0,0.49116683
0022400465,1610612751,Brooklyn,Nets,BKN,nets,1629651,Nic,Claxton,N. Claxton,nic-claxton,C,,,33:16,33.266666666666666,5,9,0.556,0,0,0.0,6,8,0.75,1,10,11,2,1,1,0,3,16,-1.0,0022400465,Nic Claxton,nic claxton,,,2025-01-02,2,0.4809619238476954,0.030060120240480964,0.3306613226452906,0.06012024048096193,0.09018036072144289,3.0,7.0,1.0,4.0,4.0,1.0,5.0,3.0,6.0,0,0.0,0,0.00148,-1.4,-945.3072248480756,-1.3979279999999998,0.06012024048096193,1.0,6.0,0.7473904
0022400465,1610612751,Brooklyn,Nets,BKN,nets,1630553,Keon,Johnson,K. Johnson,keon-johnson,G,,,28:01,28.016666666666666,3,7,0.429,1,2,0.5,2,3,0.667,2,7,9,1,0,1,2,4,9,-6.0,0022400465,Keon Johnson,keon johnson,,,2025-01-02,1,0.3212373587150506,0.07138607971445568,0.3212373587150506,0.03569303985722784,0.10707911957168352,6.0,2.0,2.0,6.0,6.0,1.0,8.0,4.0,1.0,0,1.0,0,0.00156,-10.5,-6726.457399103139,-10.48362,0.03569303985722784,5.0,4.0,0.11004827
0022400465,1610612751,Brooklyn,Nets,BKN,nets,1626156,D'Angelo,Russell,D. Russell,dangelo-russell,G,,,27:53,27.883333333333333,3,11,0.273,0,4,0.0,5,5,1.0,0,3,3,12,2,0,1,2,11,1.0,0022400465,D'Angelo Russell,d'angelo russell,,,2025-01-02,2,0.3945008965929468,0.0,0.10759115361625822,0.4303646144650329,0.07172743574417215,5.0,8.0,8.0,1.0,1.0,4.0,4.0,5.0,0.0,0,0.0,0,0.00212,3.8,1791.6077322017916,3.791944,0.07172743574417215,1.0,7.0,0.34940124
0022400465,1610612751,Brooklyn,Nets,BKN,nets,1631213,Tyrese,Martin,T. Martin,tyrese-martin,,,,14:55,14.916666666666666,0,2,0.0,0,1,0.0,0,0,0.0,0,0,0,3,1,0,0,1,0,16.0,0022400465,Tyrese Martin,tyrese martin,,,2025-01-02,1,0.0,0.0,0.0,0.2011173184357542,0.0670391061452514,9.0,8.0,9.0,3.0,4.0,4.0,2.0,9.0,2.0,0,0.0,0,0.0005600000000000001,44.0,78431.3725490196,43.97536,0.0670391061452514,5.0,8.0,0.039987404
0022400465,1610612751,Brooklyn,Nets,BKN,nets,1630560,Cam,Thomas,C. Thomas,cam-thomas,,,,21:52,21.866666666666667,8,22,0.364,2,11,0.182,6,6,1.0,3,4,7,2,2,0,1,1,24,-1.0,0022400465,Cam Thomas,cam thomas,,,2025-01-02,2,1.0975609756097562,0.13719512195121952,0.3201219512195122,0.09146341463414634,0.22865853658536586,2.0,1.0,3.0,4.0,1.0,4.0,5.0,6.0,0.0,0,0.0,0,0.004719999999999999,-6.9,-1461.5547553484435,-6.867432000000001,0.09146341463414634,1.0,1.0,0.7563082
0022400465,1610612751,Brooklyn,Nets,BKN,nets,1630549,Day'Ron,Sharpe,D. Sharpe,dayron-sharpe,,,,19:53,19.883333333333333,1,3,0.333,0,1,0.0,4,4,1.0,2,4,6,4,0,0,2,4,6,17.0,0022400465,Day'Ron Sharpe,day'ron sharpe,,,2025-01-02,0,0.30176026823134955,0.10058675607711652,0.30176026823134955,0.20117351215423304,0.10058675607711652,8.0,2.0,4.0,2.0,6.0,4.0,1.0,7.0,0.0,0,0.0,0,0.00146,35.7,24435.318275154008,35.647878000000006,0.0,8.0,5.0,0.11386108
0022400465,1610612751,Brooklyn,Nets,BKN,nets,1630533,Ziaire,Williams,Z. Williams,ziaire-williams,,,,18:31,18.516666666666666,2,5,0.4,2,4,0.5,2,2,1.0,2,4,6,1,0,1,1,2,8,12.0,0022400465,Ziaire Williams,ziaire williams,,,2025-01-02,1,0.4320432043204321,0.10801080108010802,0.32403240324032406,0.05400540054005401,0.16201620162016203,7.0,2.0,4.0,6.0,6.0,1.0,3.0,8.0,1.0,0,0.0,0,0.0015199999999999999,31.5,20710.059171597637,31.45212,0.05400540054005401,5.0,2.0,0.28319693
0022400478,1610612751,Brooklyn,Nets,BKN,nets,1630533,Ziaire,Williams,Z. Williams,ziaire-williams,F,,,21:37,21.616666666666667,6,8,0.75,4,6,0.667,3,4,0.75,0,3,3,2,1,1,2,1,19,-19.0,0022400478,Ziaire Williams,ziaire williams,,,2025-01-04,2,0.8789514263685427,0.0,0.13878180416345412,0.09252120277563608,0.09252120277563608,1.0,7.0,7.0,4.0,2.0,1.0,7.0,6.0,1.0,0,0.0,0,0.00226,-41.3,-18266.253869969038,-41.206661999999994,0.09252120277563608,1.0,4.0,0.88892734
0022400478,1610612751,Brooklyn,Nets,BKN,nets,1630592,Jalen,Wilson,J. Wilson,jalen-wilson,F,,,33:02,33.03333333333333,4,11,0.364,3,8,0.375,0,0,0.0,1,3,4,0,0,0,3,6,11,-20.0,0022400478,Jalen Wilson,jalen wilson,,,2025-01-04,0,0.3329969727547932,0.03027245206861756,0.12108980827447025,0.0,0.03027245206861756,4.0,1.0,6.0,8.0,6.0,5.0,9.0,2.0,1.0,0,0.0,0,0.0017499999999999998,-28.3,-16162.19303255283,-28.250475,0.0,8.0,10.0,0.11592179
0022400478,1610612751,Brooklyn,Nets,BKN,nets,1629651,Nic,Claxton,N. Claxton,nic-claxton,C,,,23:24,23.4,5,8,0.625,0,1,0.0,0,0,0.0,1,4,5,0,0,0,2,2,10,-21.0,0022400478,Nic Claxton,nic claxton,,,2025-01-04,0,0.4273504273504274,0.042735042735042736,0.2136752136752137,0.0,0.042735042735042736,5.0,1.0,3.0,8.0,6.0,5.0,10.0,5.0,2.0,0,0.0,0,0.0017499999999999998,-39.6,-22615.648201027987,-39.5307,0.0,8.0,8.0,0.16484791
0022400478,1610612751,Brooklyn,Nets,BKN,nets,1630553,Keon,Johnson,K. Johnson,keon-johnson,G,,,36:21,36.35,5,14,0.357,2,5,0.4,3,4,0.75,1,7,8,8,1,0,2,3,15,-16.0,0022400478,Keon Johnson,keon johnson,,,2025-01-04,1,0.4126547455295736,0.027510316368638238,0.2200825309491059,0.2200825309491059,0.055020632737276476,3.0,1.0,1.0,1.0,2.0,5.0,6.0,1.0,2.0,0,0.0,0,0.00209,-19.8,-9469.153515064563,-19.758618,0.027510316368638238,4.0,6.0,0.6294684
0022400478,1610612751,Brooklyn,Nets,BKN,nets,1626156,D'Angelo,Russell,D. Russell,dangelo-russell,G,,,14:08,14.133333333333333,1,4,0.25,1,2,0.5,2,3,0.667,0,1,1,4,2,0,3,0,5,-11.0,0022400478,D'Angelo Russell,d'angelo russell,,,2025-01-04,2,0.3537735849056604,0.0,0.07075471698113207,0.2830188679245283,0.14150943396226415,7.0,7.0,8.0,2.0,1.0,5.0,3.0,10.0,2.0,0,0.0,0,0.00222,-32.4,-14588.023412877079,-32.328072,0.14150943396226415,1.0,1.0,0.020404415
0022400478,1610612751,Brooklyn,Nets,BKN,nets,1641730,Noah,Clowney,N. Clowney,noah-clowney,,,,18:36,18.6,1,3,0.333,1,3,0.333,0,0,0.0,1,5,6,2,1,0,4,2,3,-14.0,0022400478,Noah Clowney,noah clowney,,,2025-01-04,1,0.16129032258064516,0.05376344086021505,0.3225806451612903,0.1075268817204301,0.1075268817204301,9.0,1.0,2.0,4.0,2.0,5.0,5.0,8.0,1.0,0,0.0,0,0.0017100000000000001,-32.0,-18702.51315020456,-31.94528,0.05376344086021505,4.0,3.0,0.019000025
0022400478,1610612751,Brooklyn,Nets,BKN,nets,1641787,Tosan,Evbuomwan,T. Evbuomwan,tosan-evbuomwan,,,,20:42,20.7,1,4,0.25,1,4,0.25,0,2,0.0,0,1,1,1,0,1,1,3,3,-11.0,0022400478,Tosan Evbuomwan,tosan evbuomwan,,,2025-01-04,1,0.14492753623188406,0.0,0.04830917874396135,0.04830917874396135,0.04830917874396135,9.0,7.0,8.0,7.0,6.0,1.0,3.0,7.0,0.0,0,0.0,0,0.00122,-22.1,-18099.918099918104,-22.073038,0.04830917874396135,4.0,7.0,0.00910013
0022400478,1610612751,Brooklyn,Nets,BKN,nets,1631213,Tyrese,Martin,T. Martin,tyrese-martin,,,,29:14,29.233333333333334,6,18,0.333,1,7,0.143,3,4,0.75,1,4,5,3,0,0,0,1,16,-19.0,0022400478,Tyrese Martin,tyrese martin,,,2025-01-04,0,0.5473204104903079,0.03420752565564424,0.1710376282782212,0.10262257696693272,0.03420752565564424,2.0,1.0,3.0,3.0,6.0,5.0,7.0,3.0,1.0,0,0.0,0,0.00299,-30.2,-10096.95753928452,-30.109702,0.0,8.0,9.0,0.3620661
0022400478,1610612751,Brooklyn,Nets,BKN,nets,1630549,Day'Ron,Sharpe,D. Sharpe,dayron-sharpe,,,,25:02,25.033333333333335,2,8,0.25,1,4,0.25,0,1,0.0,1,4,5,2,0,1,1,2,5,-6.0,0022400478,Day'Ron Sharpe,day'ron sharpe,,,2025-01-04,1,0.19973368841544606,0.03994673768308921,0.19973368841544606,0.07989347536617843,0.07989347536617843,7.0,1.0,3.0,4.0,6.0,1.0,1.0,4.0,2.0,0,0.0,0,0.00153,-10.9,-7119.5297191378195,-10.883323,0.03994673768308921,4.0,5.0,0.11743969
0022400478,1610612751,Brooklyn,Nets,BKN,nets,1641736,Reece,Beekman,R. Beekman,reece-beekman,,,,17:55,17.916666666666668,3,4,0.75,0,1,0.0,1,1,1.0,0,1,1,0,1,1,4,1,7,-8.0,0022400478,Reece Beekman,reece beekman,,,2025-01-04,2,0.39069767441860465,0.0,0.05581395348837209,0.0,0.11162790697674418,6.0,7.0,8.0,8.0,2.0,1.0,2.0,9.0,2.0,0,0.0,0,0.0018599999999999999,-17.6,-9457.281031703387,-17.567264,0.11162790697674418,1.0,2.0,0.08113982
0022400495,1610612751,Brooklyn,Nets,BKN,nets,1630533,Ziaire,Williams,Z. Williams,ziaire-williams,F,,,25:46,25.766666666666666,4,8,0.5,2,5,0.4,0,0,0.0,0,8,8,4,1,1,1,4,10,-20.0,0022400495,Ziaire Williams,ziaire williams,,,2025-01-06,2,0.38809831824062097,0.0,0.3104786545924968,0.1552393272962484,0.0776196636481242,5.0,7.0,2.0,3.0,3.0,1.0,8.0,5.0,2.0,0,0.0,0,0.0014099999999999998,-41.0,-29057.406094968115,-40.94219,0.0776196636481242,3.0,6.0,0.30794063
0022400495,1610612751,Brooklyn,Nets,BKN,nets,1641730,Noah,Clowney,N. Clowney,noah-clowney,F,,,28:49,28.816666666666666,4,15,0.267,3,10,0.3,3,3,1.0,1,3,4,1,0,0,1,4,14,-9.0,0022400495,Noah Clowney,noah clowney,,,2025-01-06,0,0.48582995951417,0.03470213996529786,0.13880855986119145,0.03470213996529786,0.03470213996529786,3.0,5.0,6.0,6.0,5.0,4.0,6.0,4.0,1.0,0,0.0,0,0.00227,-17.2,-7573.7560546014965,-17.160956,0.0,6.0,8.0,0.12435048
0022400495,1610612751,Brooklyn,Nets,BKN,nets,1629651,Nic,Claxton,N. Claxton,nic-claxton,C,,,25:35,25.583333333333332,2,10,0.2,0,1,0.0,0,0,0.0,2,5,7,3,2,1,1,2,4,-23.0,0022400495,Nic Claxton,nic claxton,,,2025-01-06,3,0.15635179153094464,0.07817589576547232,0.2736156351791531,0.11726384364820848,0.19543973941368079,9.0,4.0,3.0,4.0,2.0,1.0,10.0,6.0,1.0,0,0.0,0,0.00172,-45.8,-26612.43463102847,-45.72122399999999,0.11726384364820848,2.0,2.0,0.025763564
0022400495,1610612751,Brooklyn,Nets,BKN,nets,1631213,Tyrese,Martin,T. Martin,tyrese-martin,G,,,30:23,30.383333333333333,6,12,0.5,1,3,0.333,2,4,0.5,3,2,5,1,1,0,3,0,15,-11.0,0022400495,Tyrese Martin,tyrese martin,,,2025-01-06,1,0.4936917169500823,0.09873834339001646,0.16456390565002743,0.03291278113000549,0.13165112452002195,2.0,3.0,5.0,6.0,3.0,4.0,7.0,3.0,1.0,0,0.0,0,0.00221,-17.7,-8005.427408412482,-17.660883,0.03291278113000549,4.0,4.0,0.5111246
0022400495,1610612751,Brooklyn,Nets,BKN,nets,1630553,Keon,Johnson,K. Johnson,keon-johnson,G,,,31:43,31.716666666666665,4,10,0.4,2,3,0.667,2,2,1.0,1,3,4,5,4,0,5,3,12,-22.0,0022400495,Keon Johnson,keon johnson,,,2025-01-06,4,0.3783499737256963,0.03152916447714136,0.12611665790856544,0.1576458223857068,0.1576458223857068,4.0,5.0,6.0,1.0,1.0,4.0,9.0,1.0,4.0,0,0.0,0,0.00208,-32.5,-15617.491590581452,-32.4324,0.12611665790856544,1.0,3.0,0.3532365
0022400495,1610612751,Brooklyn,Nets,BKN,nets,1630592,Jalen,Wilson,J. Wilson,jalen-wilson,,,,30:57,30.95,4,11,0.364,0,4,0.0,0,0,0.0,4,0,4,3,0,0,1,1,8,-1.0,0022400495,Jalen Wilson,jalen wilson,,,2025-01-06,0,0.25848142164781907,0.12924071082390953,0.12924071082390953,0.09693053311793215,0.12924071082390953,7.0,2.0,6.0,4.0,5.0,4.0,5.0,2.0,1.0,0,0.0,0,0.00156,-1.7,-1089.0454836643178,-1.6973479999999999,0.0,6.0,5.0,0.19533464
0022400495,1610612751,Brooklyn,Nets,BKN,nets,1630549,Day'Ron,Sharpe,D. Sharpe,dayron-sharpe,,,,22:25,22.416666666666668,8,13,0.615,0,1,0.0,0,0,0.0,9,4,13,5,0,0,0,2,16,9.0,0022400495,Day'Ron Sharpe,day'ron sharpe,,,2025-01-06,0,0.7137546468401487,0.4014869888475836,0.5799256505576208,0.22304832713754646,0.4014869888475836,1.0,1.0,1.0,1.0,5.0,4.0,1.0,8.0,0.0,0,0.0,0,0.0022,12.5,5679.236710586097,12.4725,0.0,6.0,1.0,0.9654984
0022400495,1610612751,Brooklyn,Nets,BKN,nets,1641787,Tosan,Evbuomwan,T. Evbuomwan,tosan-evbuomwan,,,,23:59,23.983333333333334,4,7,0.571,0,1,0.0,0,2,0.0,0,6,6,1,0,1,2,2,8,2.0,0022400495,Tosan Evbuomwan,tosan evbuomwan,,,2025-01-06,1,0.33356497567755383,0.0,0.2501737317581654,0.04169562195969423,0.04169562195969423,7.0,7.0,4.0,6.0,5.0,1.0,3.0,7.0,1.0,0,0.0,0,0.00164,1.9,1157.830591102986,1.896884,0.04169562195969423,4.0,7.0,0.33501333
0022400495,1610612751,Brooklyn,Nets,BKN,nets,1641736,Reece,Beekman,R. Beekman,reece-beekman,,,,17:41,17.683333333333334,4,9,0.444,1,2,0.5,0,0,0.0,0,0,0,0,0,0,0,0,9,3.0,0022400495,Reece Beekman,reece beekman,,,2025-01-06,0,0.5089538171536286,0.0,0.0,0.0,0.0,6.0,7.0,9.0,9.0,5.0,4.0,2.0,9.0,1.0,0,0.0,0,0.00191,2.5,1308.2155939298798,2.495225,0.0,6.0,9.0,0.47641116
0022400495,1610612751,Brooklyn,Nets,BKN,nets,1641727,Dariq,Whitehead,D. Whitehead,dariq-whitehead,,,,2:42,2.7,1,3,0.333,1,3,0.333,0,0,0.0,0,0,0,0,0,0,0,1,3,2.0,0022400495,Dariq Whitehead,dariq whitehead,,,2025-01-06,0,1.111111111111111,0.0,0.0,0.0,0.0,10.0,7.0,9.0,9.0,5.0,4.0,3.0,10.0,2.0,0,0.0,0,0.0042899999999999995,66.7,15544.162199953393,66.41385700000001,0.0,6.0,9.0,0.022534054
0022400513,1610612751,Brooklyn,Nets,BKN,nets,1630533,Ziaire,Williams,Z. Williams,ziaire-williams,F,,,27:47,27.783333333333335,4,13,0.308,1,7,0.143,2,2,1.0,1,4,5,3,1,0,4,4,11,-14.0,0022400513,Ziaire Williams,ziaire williams,,,2025-01-08,1,0.3959208158368326,0.035992801439712056,0.1799640071985603,0.10797840431913616,0.07198560287942411,5.0,4.0,5.0,3.0,3.0,3.0,7.0,6.0,6.0,0,0.0,0,0.0028599999999999997,-25.5,-8912.967493883258,-25.42707,0.035992801439712056,4.0,5.0,0.29844165
0022400513,1610612751,Brooklyn,Nets,BKN,nets,1641730,Noah,Clowney,N. Clowney,noah-clowney,F,,,37:03,37.05,9,20,0.45,5,11,0.455,6,6,1.0,0,6,6,3,2,0,1,1,29,-12.0,0022400513,Noah Clowney,noah clowney,,,2025-01-08,2,0.7827260458839407,0.0,0.16194331983805668,0.08097165991902834,0.05398110661268556,1.0,6.0,3.0,3.0,1.0,3.0,6.0,1.0,5.0,0,0.0,0,0.00267,-17.3,-6476.974915761887,-17.253809,0.05398110661268556,3.0,7.0,0.8369799
0022400513,1610612751,Brooklyn,Nets,BKN,nets,1629651,Nic,Claxton,N. Claxton,nic-claxton,C,,,30:08,30.133333333333333,6,11,0.545,0,1,0.0,2,2,1.0,2,4,6,3,1,3,0,5,14,-11.0,0022400513,Nic Claxton,nic claxton,,,2025-01-08,4,0.4646017699115044,0.06637168141592921,0.19911504424778761,0.09955752212389381,0.19911504424778761,2.0,2.0,3.0,3.0,3.0,1.0,5.0,4.0,1.0,0,0.0,0,0.0017399999999999998,-18.6,-10683.51522113728,-18.567636000000004,0.13274336283185842,1.0,1.0,0.8363495
0022400513,1610612751,Brooklyn,Nets,BKN,nets,1631213,Tyrese,Martin,T. Martin,tyrese-martin,G,,,32:36,32.6,4,12,0.333,4,9,0.444,0,2,0.0,2,8,10,4,1,0,4,0,12,-17.0,0022400513,Tyrese Martin,tyrese martin,,,2025-01-08,1,0.36809815950920244,0.06134969325153374,0.3067484662576687,0.12269938650306748,0.09202453987730061,4.0,2.0,1.0,2.0,3.0,3.0,8.0,2.0,2.0,0,0.0,0,0.00221,-29.5,-13342.379014020804,-29.434804999999997,0.03067484662576687,4.0,4.0,0.21032178
0022400513,1610612751,Brooklyn,Nets,BKN,nets,1630553,Keon,Johnson,K. Johnson,keon-johnson,G,,,27:43,27.716666666666665,3,10,0.3,2,4,0.5,2,2,1.0,0,1,1,3,1,0,2,4,10,-8.0,0022400513,Keon Johnson,keon johnson,,,2025-01-08,1,0.3607937462417318,0.0,0.03607937462417318,0.10823812387251955,0.03607937462417318,6.0,6.0,7.0,3.0,3.0,3.0,4.0,7.0,2.0,0,0.0,0,0.00203,-12.0,-5908.419497784342,-11.97564,0.03607937462417318,4.0,8.0,0.07461745
0022400513,1610612751,Brooklyn,Nets,BKN,nets,1630592,Jalen,Wilson,J. Wilson,jalen-wilson,,,,31:38,31.633333333333333,2,7,0.286,1,6,0.167,2,2,1.0,1,1,2,2,1,0,2,0,7,-1.0,0022400513,Jalen Wilson,jalen wilson,,,2025-01-08,1,0.22128556375131717,0.03161222339304531,0.06322444678609063,0.06322444678609063,0.06322444678609063,7.0,4.0,6.0,7.0,3.0,3.0,1.0,3.0,1.0,0,0.0,0,0.0013,-1.6,-1229.8232129131438,-1.5979200000000002,0.03161222339304531,4.0,6.0,0.114100404
0022400513,1610612751,Brooklyn,Nets,BKN,nets,1641787,Tosan,Evbuomwan,T. Evbuomwan,tosan-evbuomwan,,,,29:01,29.016666666666666,4,7,0.571,0,1,0.0,5,5,1.0,3,4,7,1,1,0,1,0,13,-7.0,0022400513,Tosan Evbuomwan,tosan evbuomwan,,,2025-01-08,1,0.4480183802412407,0.10338885697874785,0.241240666283745,0.03446295232624928,0.13785180930499713,3.0,1.0,2.0,8.0,3.0,3.0,3.0,5.0,4.0,0,0.0,0,0.0014099999999999998,-10.1,-7158.0439404677545,-10.085759,0.03446295232624928,4.0,2.0,0.62895006
0022400513,1610612751,Brooklyn,Nets,BKN,nets,1641736,Reece,Beekman,R. Beekman,reece-beekman,,,,24:04,24.066666666666666,1,6,0.167,0,0,0.0,0,0,0.0,0,1,1,5,2,1,1,1,2,-5.0,0022400513,Reece Beekman,reece beekman,,,2025-01-08,3,0.08310249307479224,0.0,0.04155124653739612,0.20775623268698062,0.12465373961218837,8.0,6.0,7.0,1.0,1.0,2.0,2.0,8.0,3.0,0,0.0,0,0.00121,-8.1,-6688.687035507845,-8.090199,0.12465373961218837,2.0,3.0,0.023649741
0022400531,1610612751,Brooklyn,Nets,BKN,nets,1630533,Ziaire,Williams,Z. Williams,ziaire-williams,F,,,23:06,23.1,3,8,0.375,2,6,0.333,2,4,0.5,2,3,5,3,2,0,2,2,10,-16.0,0022400531,Ziaire Williams,ziaire williams,,,2025-01-10,2,0.4329004329004329,0.08658008658008658,0.21645021645021645,0.12987012987012986,0.17316017316017315,4.0,1.0,2.0,3.0,2.0,5.0,6.0,5.0,2.0,0,0.0,0,0.00211,-29.3,-13879.67787778304,-29.238177000000004,0.08658008658008658,2.0,2.0,0.15061708
0022400531,1610612751,Brooklyn,Nets,BKN,nets,1641730,Noah,Clowney,N. Clowney,noah-clowney,F,,,29:52,29.866666666666667,3,9,0.333,1,5,0.2,7,7,1.0,1,4,5,2,1,0,0,2,14,-25.0,0022400531,Noah Clowney,noah clowney,,,2025-01-10,1,0.46875,0.033482142857142856,0.16741071428571427,0.06696428571428571,0.06696428571428571,3.0,3.0,2.0,5.0,3.0,5.0,9.0,3.0,1.0,0,0.0,0,0.0016200000000000001,-36.4,-22455.27452190006,-36.341032,0.033482142857142856,5.0,7.0,0.20367533
0022400531,1610612751,Brooklyn,Nets,BKN,nets,1629651,Nic,Claxton,N. Claxton,nic-claxton,C,,,26:33,26.55,5,8,0.625,0,0,0.0,0,2,0.0,1,5,6,1,3,2,1,2,10,-26.0,0022400531,Nic Claxton,nic claxton,,,2025-01-10,5,0.3766478342749529,0.03766478342749529,0.22598870056497175,0.03766478342749529,0.22598870056497175,4.0,3.0,1.0,8.0,1.0,1.0,10.0,4.0,4.0,0,0.0,0,0.0015199999999999999,-48.0,-31558.185404339256,-47.927040000000005,0.18832391713747645,1.0,1.0,0.42986688
0022400531,1610612751,Brooklyn,Nets,BKN,nets,1630553,Keon,Johnson,K. Johnson,keon-johnson,G,,,35:55,35.916666666666664,8,21,0.381,4,12,0.333,2,2,1.0,1,3,4,4,1,1,2,2,22,-9.0,0022400531,Keon Johnson,keon johnson,,,2025-01-10,2,0.6125290023201857,0.027842227378190258,0.11136890951276103,0.11136890951276103,0.08352668213457078,1.0,3.0,5.0,2.0,3.0,2.0,5.0,1.0,2.0,0,0.0,0,0.0027600000000000003,-11.8,-4273.813835566823,-11.767432000000001,0.055684454756380515,2.0,5.0,0.72644144
0022400531,1610612751,Brooklyn,Nets,BKN,nets,1627732,Ben,Simmons,B. Simmons,ben-simmons,G,,,21:47,21.783333333333335,5,7,0.714,0,0,0.0,0,0,0.0,0,4,4,7,1,0,4,4,10,-17.0,0022400531,Ben Simmons,ben simmons,,,2025-01-10,1,0.4590665646518745,0.0,0.1836266258607498,0.32134659525631215,0.04590665646518745,4.0,9.0,5.0,1.0,3.0,5.0,7.0,7.0,5.0,0,0.0,0,0.002,-39.8,-19890.05497251374,-39.7204,0.04590665646518745,5.0,9.0,0.24102722
0022400531,1610612751,Brooklyn,Nets,BKN,nets,1630549,Day'Ron,Sharpe,D. Sharpe,dayron-sharpe,,,,19:16,19.266666666666666,3,7,0.429,0,3,0.0,1,1,1.0,2,3,5,3,0,0,0,4,7,0.0,0022400531,Day'Ron Sharpe,day'ron sharpe,,,2025-01-10,0,0.3633217993079585,0.10380622837370243,0.2595155709342561,0.15570934256055363,0.10380622837370243,8.0,1.0,2.0,3.0,7.0,5.0,3.0,8.0,0.0,0,0.0,0,0.00146,-5.4,-3696.0985626283373,-5.392116000000001,0.0,8.0,4.0,0.081587344
0022400531,1610612751,Brooklyn,Nets,BKN,nets,1630592,Jalen,Wilson,J. Wilson,jalen-wilson,,,,16:53,16.883333333333333,0,5,0.0,0,4,0.0,0,0,0.0,0,3,3,1,0,0,3,5,0,-18.0,0022400531,Jalen Wilson,jalen wilson,,,2025-01-10,0,0.0,0.0,0.17769002961500494,0.059230009871668314,0.0,10.0,9.0,8.0,8.0,7.0,5.0,8.0,9.0,0.0,0,0.0,0,0.00182,-47.4,-26029.65403624382,-47.313731999999995,0.0,8.0,10.0,0.0049398155
0022400531,1610612751,Brooklyn,Nets,BKN,nets,1641787,Tosan,Evbuomwan,T. Evbuomwan,tosan-evbuomwan,,,,22:28,22.466666666666665,4,9,0.444,2,5,0.4,0,0,0.0,1,1,2,1,1,1,2,2,10,8.0,0022400531,Tosan Evbuomwan,tosan evbuomwan,,,2025-01-10,2,0.4451038575667656,0.04451038575667656,0.08902077151335312,0.04451038575667656,0.13353115727002968,4.0,3.0,9.0,8.0,3.0,2.0,2.0,6.0,3.0,0,0.0,0,0.0020399999999999997,13.4,6565.409113179814,13.372664,0.08902077151335312,2.0,3.0,0.59409213
0022400531,1610612751,Brooklyn,Nets,BKN,nets,1631213,Tyrese,Martin,T. Martin,tyrese-martin,,,,31:48,31.8,6,14,0.429,4,9,0.444,3,3,1.0,1,3,4,2,0,1,2,1,19,-3.0,0022400531,Tyrese Martin,tyrese martin,,,2025-01-10,1,0.5974842767295597,0.031446540880503145,0.12578616352201258,0.06289308176100629,0.06289308176100629,2.0,3.0,5.0,5.0,7.0,2.0,4.0,2.0,1.0,0,0.0,0,0.00213,-9.1,-4270.295635851712,-9.080617,0.031446540880503145,5.0,8.0,0.7926985
0022400531,1610612751,Brooklyn,Nets,BKN,nets,1641736,Reece,Beekman,R. Beekman,reece-beekman,,,,12:22,12.366666666666667,1,2,0.5,1,1,1.0,0,0,0.0,1,0,1,2,0,0,1,0,3,11.0,0022400531,Reece Beekman,reece beekman,,,2025-01-10,0,0.2425876010781671,0.08086253369272237,0.08086253369272237,0.16172506738544473,0.08086253369272237,9.0,3.0,10.0,5.0,7.0,5.0,1.0,10.0,1.0,0,0.0,0,0.0010299999999999999,36.5,35402.521823472365,36.462405000000004,0.0,8.0,6.0,0.022336988
0022400546,1610612751,Brooklyn,Nets,BKN,nets,1630533,Ziaire,Williams,Z. Williams,ziaire-williams,F,,,31:56,31.933333333333334,4,11,0.364,3,7,0.429,8,8,1.0,0,6,6,2,1,0,0,3,19,1.0,0022400546,Ziaire Williams,ziaire williams,,,2025-01-12,1,0.5949895615866388,0.0,0.18789144050104384,0.06263048016701461,0.031315240083507306,2.0,8.0,3.0,5.0,2.0,5.0,4.0,4.0,4.0,0,0.0,0,0.0020499999999999997,3.3,1608.9712335446125,3.2932349999999997,0.031315240083507306,5.0,9.0,0.73316777
0022400546,1610612751,Brooklyn,Nets,BKN,nets,1641730,Noah,Clowney,N. Clowney,noah-clowney,F,,,32:20,32.333333333333336,0,10,0.0,0,7,0.0,0,1,0.0,2,3,5,1,0,0,0,2,0,1.0,0022400546,Noah Clowney,noah clowney,,,2025-01-12,0,0.0,0.06185567010309278,0.15463917525773194,0.03092783505154639,0.06185567010309278,10.0,3.0,5.0,7.0,5.0,5.0,4.0,3.0,0.0,0,0.0,0,0.00151,4.9,3242.885506287227,4.892601,0.0,7.0,7.0,0.014828793
0022400546,1610612751,Brooklyn,Nets,BKN,nets,1629651,Nic,Claxton,N. Claxton,nic-claxton,C,,,36:56,36.93333333333333,5,12,0.417,0,0,0.0,4,8,0.5,5,7,12,4,0,1,0,0,14,4.0,0022400546,Nic Claxton,nic claxton,,,2025-01-12,1,0.3790613718411553,0.13537906137184116,0.3249097472924188,0.10830324909747294,0.1624548736462094,3.0,1.0,1.0,2.0,5.0,2.0,2.0,1.0,0.0,0,0.0,0,0.00178,4.0,2245.9292532285235,3.99288,0.027075812274368234,5.0,1.0,0.8210576
0022400546,1610612751,Brooklyn,Nets,BKN,nets,1630553,Keon,Johnson,K. Johnson,keon-johnson,G,,,21:14,21.233333333333334,3,9,0.333,2,7,0.286,0,0,0.0,1,3,4,3,2,0,0,3,8,-2.0,0022400546,Keon Johnson,keon johnson,,,2025-01-12,2,0.3767660910518053,0.04709576138147566,0.18838304552590265,0.14128728414442698,0.14128728414442698,7.0,5.0,7.0,3.0,1.0,5.0,6.0,8.0,4.0,0,0.0,0,0.00188,0.0,0.0,0.0,0.09419152276295133,1.0,3.0,0.15589325
0022400546,1610612751,Brooklyn,Nets,BKN,nets,1627732,Ben,Simmons,B. Simmons,ben-simmons,G,,,31:38,31.633333333333333,7,11,0.636,0,0,0.0,0,0,0.0,2,4,6,9,0,2,2,1,14,10.0,0022400546,Ben Simmons,ben simmons,,,2025-01-12,2,0.44257112750263433,0.06322444678609063,0.18967334035827188,0.2845100105374078,0.12644889357218125,3.0,3.0,3.0,1.0,5.0,1.0,1.0,5.0,2.0,0,0.0,0,0.00191,20.7,10832.025117739404,20.660463,0.06322444678609063,1.0,4.0,0.837384
0022400546,1610612751,Brooklyn,Nets,BKN,nets,1630549,Day'Ron,Sharpe,D. Sharpe,dayron-sharpe,,,,16:04,16.066666666666666,5,7,0.714,0,1,0.0,2,3,0.667,1,3,4,0,0,0,1,3,12,-5.0,0022400546,Day'Ron Sharpe,day'ron sharpe,,,2025-01-12,0,0.7468879668049793,0.06224066390041494,0.24896265560165975,0.0,0.06224066390041494,5.0,5.0,7.0,10.0,5.0,5.0,8.0,9.0,0.0,0,0.0,0,0.00265,-12.6,-4752.923425122595,-12.566609999999999,0.0,7.0,6.0,0.6618835
0022400546,1610612751,Brooklyn,Nets,BKN,nets,1631213,Tyrese,Martin,T. Martin,tyrese-martin,,,,35:14,35.233333333333334,5,13,0.385,1,6,0.167,0,2,0.0,3,5,8,3,1,1,2,2,11,3.0,0022400546,Tyrese Martin,tyrese martin,,,2025-01-12,2,0.3122043519394513,0.08514664143803216,0.2270577105014191,0.08514664143803216,0.14191106906338694,6.0,2.0,2.0,3.0,2.0,2.0,3.0,2.0,2.0,0,0.0,0,0.00193,4.2,2175.0388399792855,4.1918940000000005,0.056764427625354774,1.0,2.0,0.51365757
0022400546,1610612751,Brooklyn,Nets,BKN,nets,1630592,Jalen,Wilson,J. Wilson,jalen-wilson,,,,24:09,24.15,2,7,0.286,1,5,0.2,2,2,1.0,0,3,3,1,1,1,1,1,7,-7.0,0022400546,Jalen Wilson,jalen wilson,,,2025-01-12,2,0.2898550724637681,0.0,0.12422360248447206,0.041407867494824016,0.08281573498964803,8.0,8.0,9.0,7.0,2.0,2.0,9.0,6.0,1.0,0,0.0,0,0.00161,-18.4,-11421.47734326505,-18.370376,0.08281573498964803,1.0,5.0,0.030960456
0022400546,1610612751,Brooklyn,Nets,BKN,nets,1641736,Reece,Beekman,R. Beekman,reece-beekman,,,,11:36,11.6,1,4,0.25,1,4,0.25,1,2,0.5,0,1,1,2,0,0,0,0,4,-8.0,0022400546,Reece Beekman,reece beekman,,,2025-01-12,0,0.3448275862068966,0.0,0.08620689655172414,0.1724137931034483,0.0,9.0,8.0,10.0,5.0,5.0,5.0,10.0,10.0,1.0,0,0.0,0,0.00172,-39.7,-23067.98373038931,-39.631716,0.0,7.0,10.0,0.0064247353
0022400546,1610612751,Brooklyn,Nets,BKN,nets,1641787,Tosan,Evbuomwan,T. Evbuomwan,tosan-evbuomwan,,,,23:54,23.9,7,8,0.875,2,3,0.667,6,9,0.667,1,4,5,1,0,0,2,2,22,-2.0,0022400546,Tosan Evbuomwan,tosan evbuomwan,,,2025-01-12,0,0.9205020920502093,0.041841004184100423,0.2092050209205021,0.041841004184100423,0.041841004184100423,1.0,5.0,5.0,7.0,5.0,5.0,6.0,7.0,1.0,0,0.0,0,0.0023,-6.2,-2694.4806605823555,-6.18574,0.0,7.0,8.0,0.91903555
0022400560,1610612751,Brooklyn,Nets,BKN,nets,1630533,Ziaire,Williams,Z. Williams,ziaire-williams,F,,,27:35,27.583333333333332,4,7,0.571,3,4,0.75,2,2,1.0,3,4,7,1,2,0,1,2,13,6.0,0022400560,Ziaire Williams,ziaire williams,,,2025-01-14,2,0.47129909365558914,0.10876132930513596,0.2537764350453172,0.03625377643504532,0.1812688821752266,5.0,1.0,2.0,7.0,2.0,3.0,7.0,3.0,4.0,0,0.0,0,0.00134,10.0,7457.121551081283,9.9866,0.07250755287009064,3.0,2.0,0.568828
0022400560,1610612751,Brooklyn,Nets,BKN,nets,1629661,Cameron,Johnson,C. Johnson,cameron-johnson,F,,,26:53,26.883333333333333,10,18,0.556,2,9,0.222,2,2,1.0,0,1,1,2,0,1,1,0,24,7.0,0022400560,Cameron Johnson,cameron johnson,,,2025-01-14,1,0.8927464352138872,0.0,0.037197768133911964,0.07439553626782393,0.037197768133911964,1.0,7.0,9.0,5.0,7.0,1.0,6.0,4.0,1.0,0,0.0,0,0.00333,14.5,4353.047132993095,14.451715,0.037197768133911964,4.0,8.0,0.7842769
0022400560,1610612751,Brooklyn,Nets,BKN,nets,1641730,Noah,Clowney,N. Clowney,noah-clowney,C,,,29:11,29.183333333333334,7,10,0.7,4,7,0.571,2,2,1.0,1,4,5,2,2,1,2,3,20,13.0,0022400560,Noah Clowney,noah clowney,,,2025-01-14,3,0.6853226727584237,0.034266133637921185,0.17133066818960593,0.06853226727584237,0.13706453455168474,2.0,4.0,4.0,5.0,2.0,1.0,1.0,1.0,3.0,0,0.0,0,0.00178,16.7,9376.754632229085,16.670274,0.10279840091376356,2.0,3.0,0.91800696
0022400560,1610612751,Brooklyn,Nets,BKN,nets,1630553,Keon,Johnson,K. Johnson,keon-johnson,G,,,28:57,28.95,7,12,0.583,3,6,0.5,3,4,0.75,0,3,3,4,1,0,2,1,20,12.0,0022400560,Keon Johnson,keon johnson,,,2025-01-14,1,0.690846286701209,0.0,0.10362694300518135,0.1381692573402418,0.03454231433506045,2.0,7.0,7.0,3.0,4.0,3.0,2.0,2.0,3.0,0,0.0,0,0.0022500000000000003,19.0,8440.693025322078,18.957250000000002,0.03454231433506045,4.0,9.0,0.8543037
0022400560,1610612751,Brooklyn,Nets,BKN,nets,1627732,Ben,Simmons,B. Simmons,ben-simmons,G,,,26:16,26.266666666666666,2,6,0.333,0,0,0.0,1,2,0.5,2,7,9,11,0,0,2,5,5,6.0,0022400560,Ben Simmons,ben simmons,,,2025-01-14,0,0.1903553299492386,0.07614213197969544,0.34263959390862947,0.4187817258883249,0.07614213197969544,9.0,2.0,1.0,1.0,7.0,3.0,7.0,5.0,0.0,0,0.0,0,0.0015,13.4,8927.381745502998,13.379900000000001,0.0,8.0,6.0,0.12864983
0022400560,1610612751,Brooklyn,Nets,BKN,nets,1630592,Jalen,Wilson,J. Wilson,jalen-wilson,,,,22:30,22.5,6,8,0.75,2,3,0.667,0,0,0.0,2,2,4,1,1,0,0,3,14,11.0,0022400560,Jalen Wilson,jalen wilson,,,2025-01-14,1,0.6222222222222222,0.08888888888888889,0.17777777777777778,0.044444444444444446,0.13333333333333333,4.0,2.0,5.0,7.0,4.0,3.0,3.0,6.0,0.0,0,0.0,0,0.00148,19.0,12829.169480081027,18.97188,0.044444444444444446,4.0,4.0,0.755283
0022400560,1610612751,Brooklyn,Nets,BKN,nets,1631213,Tyrese,Martin,T. Martin,tyrese-martin,,,,19:54,19.9,2,5,0.4,1,3,0.333,0,0,0.0,0,1,1,3,0,0,2,1,5,6.0,0022400560,Tyrese Martin,tyrese martin,,,2025-01-14,0,0.2512562814070352,0.0,0.05025125628140704,0.15075376884422112,0.0,9.0,7.0,9.0,4.0,7.0,3.0,7.0,8.0,1.0,0,0.0,0,0.0013700000000000001,14.3,10430.342815463166,14.280409,0.0,8.0,10.0,0.013554573
0022400560,1610612751,Brooklyn,Nets,BKN,nets,1626156,D'Angelo,Russell,D. Russell,dangelo-russell,,,,20:42,20.7,3,11,0.273,3,6,0.5,4,4,1.0,0,3,3,9,4,0,1,2,13,11.0,0022400560,D'Angelo Russell,d'angelo russell,,,2025-01-14,4,0.6280193236714976,0.0,0.14492753623188406,0.43478260869565216,0.1932367149758454,5.0,7.0,7.0,2.0,1.0,3.0,3.0,7.0,5.0,0,0.0,0,0.00269,14.7,5462.6532887402445,14.660457,0.1932367149758454,1.0,1.0,0.3334766
0022400560,1610612751,Brooklyn,Nets,BKN,nets,1630549,Day'Ron,Sharpe,D. Sharpe,dayron-sharpe,,,,17:54,17.9,4,7,0.571,0,1,0.0,0,0,0.0,1,6,7,1,1,0,0,1,8,2.0,0022400560,Day'Ron Sharpe,day'ron sharpe,,,2025-01-14,1,0.446927374301676,0.0558659217877095,0.3910614525139665,0.0558659217877095,0.111731843575419,8.0,4.0,2.0,7.0,4.0,3.0,12.0,10.0,2.0,0,0.0,0,0.0017100000000000001,2.3,1344.2431326709525,2.296067,0.0558659217877095,4.0,5.0,0.37134734
0022400560,1610612751,Brooklyn,Nets,BKN,nets,1641787,Tosan,Evbuomwan,T. Evbuomwan,tosan-evbuomwan,,,,18:20,18.333333333333332,4,6,0.667,1,2,0.5,1,2,0.5,1,3,4,1,0,0,0,3,10,10.0,0022400560,Tosan Evbuomwan,tosan evbuomwan,,,2025-01-14,0,0.5454545454545455,0.05454545454545455,0.2181818181818182,0.05454545454545455,0.05454545454545455,7.0,4.0,5.0,7.0,7.0,3.0,5.0,9.0,1.0,0,0.0,0,0.00167,23.5,14063.435068821065,23.460755000000002,0.0,8.0,7.0,0.5494424
0022400560,1610612751,Brooklyn,Nets,BKN,nets,1641727,Dariq,Whitehead,D. Whitehead,dariq-whitehead,,,,0:55,0.9166666666666666,0,0,0.0,0,0,0.0,0,0,0.0,0,0,0,0,0,0,0,0,0,3.0,0022400560,Dariq Whitehead,dariq whitehead,,,2025-01-14,0,0.0,0.0,0.0,0.0,0.0,11.0,7.0,11.0,12.0,7.0,3.0,10.0,11.0,1.0,0,0.0,0,0.0,150.0,150000000.0,150.0,0.0,8.0,10.0,0.0035425439
0022400560,1610612751,Brooklyn,Nets,BKN,nets,1641736,Reece,Beekman,R. Beekman,reece-beekman,,,,0:55,0.9166666666666666,0,0,0.0,0,0,0.0,0,0,0.0,0,0,0,1,0,0,0,0,0,3.0,0022400560,Reece Beekman,reece beekman,,,2025-01-14,0,0.0,0.0,0.0,1.090909090909091,0.0,11.0,7.0,11.0,7.0,7.0,3.0,10.0,11.0,,1,,1,0.0,150.0,150000000.0,150.0,0.0,8.0,10.0,0.0036044389
0022400571,1610612751,Brooklyn,Nets,BKN,nets,1630533,Ziaire,Williams,Z. Williams,ziaire-williams,F,,,21:20,21.333333333333332,2,4,0.5,0,1,0.0,0,1,0.0,0,4,4,0,2,0,3,2,4,-38.0,0022400571,Ziaire Williams,ziaire williams,,,2025-01-15,2,0.1875,0.0,0.1875,0.0,0.09375,7.0,6.0,3.0,7.0,1.0,3.0,7.0,7.0,1.0,0,0.0,0,0.0014299999999999998,-89.6,-62613.5569531796,-89.47187199999999,0.09375,2.0,5.0,0.019672059
0022400571,1610612751,Brooklyn,Nets,BKN,nets,1641730,Noah,Clowney,N. Clowney,noah-clowney,F,,,22:10,22.166666666666668,1,6,0.167,0,4,0.0,2,2,1.0,1,1,2,0,0,0,2,2,4,-44.0,0022400571,Noah Clowney,noah clowney,,,2025-01-15,0,0.18045112781954886,0.045112781954887216,0.09022556390977443,0.0,0.045112781954887216,7.0,4.0,8.0,7.0,7.0,3.0,9.0,5.0,2.0,0,0.0,0,0.00161,-95.7,-59404.096834264434,-95.545923,0.0,7.0,7.0,0.008570717
0022400571,1610612751,Brooklyn,Nets,BKN,nets,1629651,Nic,Claxton,N. Claxton,nic-claxton,C,,,16:35,16.583333333333332,1,7,0.143,0,0,0.0,0,2,0.0,2,3,5,2,2,1,0,0,2,-41.0,0022400571,Nic Claxton,nic claxton,,,2025-01-15,3,0.1206030150753769,0.1206030150753769,0.30150753768844224,0.1206030150753769,0.30150753768844224,10.0,3.0,2.0,4.0,1.0,1.0,8.0,9.0,3.0,0,0.0,0,0.0019,-112.5,-59179.37927406628,-112.28625,0.18090452261306533,1.0,2.0,0.021118985
0022400571,1610612751,Brooklyn,Nets,BKN,nets,1630553,Keon,Johnson,K. Johnson,keon-johnson,G,,,21:37,21.616666666666667,2,9,0.222,0,3,0.0,2,4,0.5,0,0,0,0,0,0,2,1,6,-35.0,0022400571,Keon Johnson,keon johnson,,,2025-01-15,0,0.27756360832690824,0.0,0.0,0.0,0.0,5.0,6.0,9.0,7.0,7.0,3.0,5.0,6.0,1.0,0,0.0,0,0.00245,-73.1,-29824.561403508767,-72.920905,0.0,7.0,8.0,0.02089912
0022400571,1610612751,Brooklyn,Nets,BKN,nets,1631213,Tyrese,Martin,T. Martin,tyrese-martin,G,,,36:56,36.93333333333333,3,16,0.188,2,8,0.25,0,0,0.0,3,1,4,4,1,0,4,3,8,-56.0,0022400571,Tyrese Martin,tyrese martin,,,2025-01-15,1,0.21660649819494587,0.0812274368231047,0.10830324909747294,0.10830324909747294,0.10830324909747294,3.0,2.0,3.0,1.0,4.0,3.0,10.0,1.0,0.0,0,0.0,0,0.00217,-73.7,-33947.48963611239,-73.540071,0.027075812274368234,5.0,3.0,0.049311407
0022400571,1610612751,Brooklyn,Nets,BKN,nets,1630592,Jalen,Wilson,J. Wilson,jalen-wilson,,,,33:38,33.63333333333333,5,10,0.5,1,4,0.25,5,5,1.0,0,3,3,1,0,0,1,4,16,-35.0,0022400571,Jalen Wilson,jalen wilson,,,2025-01-15,0,0.4757185332011893,0.0,0.08919722497522299,0.02973240832507433,0.0,1.0,6.0,6.0,6.0,7.0,3.0,5.0,2.0,1.0,0,0.0,0,0.0016300000000000002,-48.4,-29675.04598405886,-48.321107999999995,0.0,7.0,8.0,0.45750648
0022400571,1610612751,Brooklyn,Nets,BKN,nets,1630549,Day'Ron,Sharpe,D. Sharpe,dayron-sharpe,,,,28:15,28.25,5,13,0.385,0,1,0.0,2,7,0.286,8,6,14,3,1,1,4,1,12,-12.0,0022400571,Day'Ron Sharpe,day'ron sharpe,,,2025-01-15,2,0.4247787610619469,0.2831858407079646,0.49557522123893805,0.10619469026548672,0.35398230088495575,2.0,1.0,1.0,2.0,4.0,1.0,3.0,4.0,1.0,0,0.0,0,0.0030299999999999997,-20.2,-6664.467172550314,-20.138794,0.07079646017699115,2.0,1.0,0.59179974
0022400571,1610612751,Brooklyn,Nets,BKN,nets,1641787,Tosan,Evbuomwan,T. Evbuomwan,tosan-evbuomwan,,,,28:43,28.716666666666665,3,8,0.375,0,1,0.0,1,1,1.0,1,2,3,2,1,0,4,3,7,-24.0,0022400571,Tosan Evbuomwan,tosan evbuomwan,,,2025-01-15,1,0.2437608821822403,0.03482298316889147,0.10446894950667442,0.06964596633778294,0.06964596633778294,4.0,4.0,6.0,4.0,4.0,3.0,4.0,3.0,1.0,0,0.0,0,0.0017100000000000001,-40.0,-23378.141437755698,-39.9316,0.03482298316889147,5.0,6.0,0.055683866
0022400571,1610612751,Brooklyn,Nets,BKN,nets,1641736,Reece,Beekman,R. Beekman,reece-beekman,,,,21:18,21.3,2,6,0.333,1,3,0.333,0,0,0.0,0,4,4,3,2,0,0,0,5,-6.0,0022400571,Reece Beekman,reece beekman,,,2025-01-15,2,0.2347417840375587,0.0,0.18779342723004694,0.14084507042253522,0.09389671361502347,6.0,6.0,3.0,2.0,1.0,3.0,2.0,8.0,5.0,0,0.0,0,0.00125,-12.5,-9992.006394884093,-12.484375,0.09389671361502347,2.0,4.0,0.07563561
0022400571,1610612751,Brooklyn,Nets,BKN,nets,1641727,Dariq,Whitehead,D. Whitehead,dariq-whitehead,,,,9:28,9.466666666666667,1,4,0.25,1,3,0.333,0,0,0.0,0,0,0,0,0,0,0,0,3,-4.0,0022400571,Dariq Whitehead,dariq whitehead,,,2025-01-15,0,0.31690140845070425,0.0,0.0,0.0,0.0,9.0,6.0,9.0,7.0,7.0,3.0,1.0,10.0,0.0,0,0.0,0,0.0017399999999999998,-21.1,-12119.471568064333,-21.063286,0.0,7.0,8.0,0.007633843
0022400585,1610612751,Brooklyn,Nets,BKN,nets,1630533,Ziaire,Williams,Z. Williams,ziaire-williams,F,,,25:12,25.2,5,13,0.385,3,9,0.333,2,2,1.0,1,3,4,3,0,1,1,2,15,0.0,0022400585,Ziaire Williams,ziaire williams,,,2025-01-17,1,0.5952380952380952,0.03968253968253968,0.15873015873015872,0.11904761904761905,0.07936507936507936,2.0,4.0,8.0,3.0,5.0,2.0,4.0,7.0,1.0,0,0.0,0,0.00268,0.0,0.0,0.0,0.03968253968253968,4.0,6.0,0.7567475
0022400585,1610612751,Brooklyn,Nets,BKN,nets,1641730,Noah,Clowney,N. Clowney,noah-clowney,F,,,30:38,30.633333333333333,3,10,0.3,3,7,0.429,2,2,1.0,1,4,5,1,0,1,3,1,11,0.0,0022400585,Noah Clowney,noah clowney,,,2025-01-17,1,0.3590859630032644,0.03264417845484222,0.1632208922742111,0.03264417845484222,0.06528835690968444,5.0,4.0,4.0,7.0,5.0,2.0,4.0,1.0,1.0,0,0.0,0,0.0020599999999999998,0.0,0.0,0.0,0.03264417845484222,4.0,8.0,0.12623994
0022400585,1610612751,Brooklyn,Nets,BKN,nets,1629651,Nic,Claxton,N. Claxton,nic-claxton,C,,,29:45,29.75,3,4,0.75,0,0,0.0,1,2,0.5,1,7,8,2,1,2,1,0,7,12.0,0022400585,Nic Claxton,nic claxton,,,2025-01-17,3,0.23529411764705882,0.03361344537815126,0.2689075630252101,0.06722689075630252,0.13445378151260504,7.0,4.0,1.0,4.0,2.0,1.0,1.0,2.0,1.0,0,0.0,0,0.00092,25.4,27578.718783930508,25.376631999999997,0.10084033613445378,1.0,4.0,0.33951244
0022400585,1610612751,Brooklyn,Nets,BKN,nets,1630553,Keon,Johnson,K. Johnson,keon-johnson,G,,,19:05,19.083333333333332,5,11,0.455,1,2,0.5,2,3,0.667,1,0,1,1,2,0,2,2,13,6.0,0022400585,Keon Johnson,keon johnson,,,2025-01-17,2,0.6812227074235808,0.052401746724890834,0.052401746724890834,0.052401746724890834,0.1572052401746725,4.0,4.0,9.0,7.0,1.0,6.0,2.0,8.0,2.0,0,0.0,0,0.00318,15.0,4715.498270983967,14.952300000000001,0.10480349344978167,2.0,2.0,0.684449
0022400585,1610612751,Brooklyn,Nets,BKN,nets,1627732,Ben,Simmons,B. Simmons,ben-simmons,G,,,27:03,27.05,3,4,0.75,0,0,0.0,0,0,0.0,0,5,5,7,1,1,3,4,6,-5.0,0022400585,Ben Simmons,ben simmons,,,2025-01-17,2,0.22181146025878004,0.0,0.18484288354898337,0.2587800369685767,0.07393715341959334,8.0,8.0,4.0,2.0,2.0,2.0,8.0,3.0,1.0,0,0.0,0,0.00109,-10.7,-9807.516040329972,-10.688336999999999,0.07393715341959334,2.0,7.0,0.054150376
0022400585,1610612751,Brooklyn,Nets,BKN,nets,1631213,Tyrese,Martin,T. Martin,tyrese-martin,,,,14:21,14.35,1,3,0.333,1,2,0.5,0,0,0.0,0,0,0,1,0,0,2,0,3,-2.0,0022400585,Tyrese Martin,tyrese martin,,,2025-01-17,0,0.20905923344947736,0.0,0.0,0.06968641114982578,0.0,9.0,8.0,10.0,7.0,5.0,6.0,6.0,9.0,0.0,0,0.0,0,0.0015199999999999999,-14.3,-9401.709401709404,-14.278264000000002,0.0,8.0,9.0,0.009760929
0022400585,1610612751,Brooklyn,Nets,BKN,nets,1630549,Day'Ron,Sharpe,D. Sharpe,dayron-sharpe,,,,13:51,13.85,0,4,0.0,0,0,0.0,1,2,0.5,2,3,5,1,0,1,1,1,1,-7.0,0022400585,Day'Ron Sharpe,day'ron sharpe,,,2025-01-17,1,0.07220216606498195,0.1444043321299639,0.36101083032490977,0.07220216606498195,0.21660649819494585,10.0,3.0,4.0,7.0,5.0,2.0,9.0,10.0,0.0,0,0.0,0,0.0017599999999999998,-33.3,-18909.710391822828,-33.241392,0.07220216606498195,4.0,1.0,0.006204999
0022400585,1610612751,Brooklyn,Nets,BKN,nets,1630592,Jalen,Wilson,J. Wilson,jalen-wilson,,,,26:30,26.5,4,8,0.5,3,4,0.75,0,0,0.0,3,2,5,2,0,0,1,1,11,-9.0,0022400585,Jalen Wilson,jalen wilson,,,2025-01-17,0,0.41509433962264153,0.11320754716981132,0.18867924528301888,0.07547169811320754,0.11320754716981132,5.0,1.0,4.0,4.0,5.0,6.0,10.0,6.0,0.0,0,0.0,0,0.0015,-23.7,-15789.473684210527,-23.664450000000002,0.0,8.0,5.0,0.30779067
0022400585,1610612751,Brooklyn,Nets,BKN,nets,1626156,D'Angelo,Russell,D. Russell,dangelo-russell,,,,27:03,27.05,7,15,0.467,5,10,0.5,0,0,0.0,0,6,6,8,0,0,1,1,19,3.0,0022400585,D'Angelo Russell,d'angelo russell,,,2025-01-17,0,0.7024029574861368,0.0,0.22181146025878004,0.29574861367837335,0.0,1.0,8.0,2.0,1.0,5.0,6.0,3.0,3.0,2.0,0,0.0,0,0.00267,6.1,2283.7888431299134,6.083713,0.0,8.0,9.0,0.8387069
0022400585,1610612751,Brooklyn,Nets,BKN,nets,1641787,Tosan,Evbuomwan,T. Evbuomwan,tosan-evbuomwan,,,,26:33,26.55,6,10,0.6,1,4,0.25,2,2,1.0,3,3,6,2,1,0,2,2,15,-3.0,0022400585,Tosan Evbuomwan,tosan evbuomwan,,,2025-01-17,1,0.5649717514124294,0.11299435028248588,0.22598870056497175,0.07532956685499058,0.15065913370998116,2.0,1.0,2.0,4.0,2.0,6.0,7.0,5.0,2.0,0,0.0,0,0.00228,-6.4,-2805.7869355545813,-6.385408000000001,0.03766478342749529,4.0,3.0,0.77873635
0022400595,1610612751,Brooklyn,Nets,BKN,nets,1630533,Ziaire,Williams,Z. Williams,ziaire-williams,F,,,22:48,22.8,2,8,0.25,1,4,0.25,2,2,1.0,2,3,5,2,1,1,0,1,7,-12.0,0022400595,Ziaire Williams,ziaire williams,,,2025-01-19,2,0.30701754385964913,0.08771929824561403,0.21929824561403508,0.08771929824561403,0.17543859649122806,9.0,2.0,3.0,3.0,1.0,1.0,6.0,8.0,2.0,0,0.0,0,0.0017000000000000001,-25.5,-14991.181657848325,-25.45665,0.08771929824561403,1.0,3.0,0.09689163
0022400595,1610612751,Brooklyn,Nets,BKN,nets,1641730,Noah,Clowney,N. Clowney,noah-clowney,F,,,28:16,28.266666666666666,2,8,0.25,2,8,0.25,3,4,0.75,1,3,4,0,1,1,0,2,9,-18.0,0022400595,Noah Clowney,noah clowney,,,2025-01-19,2,0.31839622641509435,0.03537735849056604,0.14150943396226415,0.0,0.10613207547169812,4.0,4.0,5.0,10.0,1.0,1.0,9.0,1.0,2.0,0,0.0,0,0.0015199999999999999,-31.0,-20381.32807363577,-30.95288,0.07075471698113207,1.0,5.0,0.07199986
0022400595,1610612751,Brooklyn,Nets,BKN,nets,1629651,Nic,Claxton,N. Claxton,nic-claxton,C,,,25:04,25.066666666666666,5,7,0.714,0,0,0.0,1,2,0.5,2,3,5,0,1,0,1,0,11,-21.0,0022400595,Nic Claxton,nic claxton,,,2025-01-19,1,0.43882978723404253,0.0797872340425532,0.19946808510638298,0.0,0.1196808510638298,3.0,2.0,3.0,10.0,1.0,4.0,11.0,2.0,0.0,0,0.0,0,0.00158,-42.0,-26565.464895635676,-41.93364,0.0398936170212766,3.0,4.0,0.54507285
0022400595,1610612751,Brooklyn,Nets,BKN,nets,1629661,Cameron,Johnson,C. Johnson,cameron-johnson,G,,,24:45,24.75,6,11,0.545,3,8,0.375,0,0,0.0,0,2,2,2,0,0,4,1,15,-6.0,0022400595,Cameron Johnson,cameron johnson,,,2025-01-19,0,0.6060606060606061,0.0,0.08080808080808081,0.08080808080808081,0.0,1.0,7.0,9.0,3.0,6.0,4.0,2.0,3.0,1.0,0,0.0,0,0.00254,-16.6,-6532.861078315624,-16.557836,0.0,7.0,9.0,0.8042064
0022400595,1610612751,Brooklyn,Nets,BKN,nets,1626156,D'Angelo,Russell,D. Russell,dangelo-russell,G,,,23:39,23.65,2,6,0.333,0,2,0.0,5,5,1.0,1,3,4,7,1,0,3,2,9,-15.0,0022400595,D'Angelo Russell,d'angelo russell,,,2025-01-19,1,0.3805496828752643,0.042283298097251586,0.16913319238900634,0.2959830866807611,0.08456659619450317,4.0,4.0,5.0,1.0,1.0,4.0,8.0,6.0,1.0,0,0.0,0,0.0020399999999999997,-31.9,-15629.593336599706,-31.834923999999997,0.042283298097251586,3.0,6.0,0.05522866
0022400595,1610612751,Brooklyn,Nets,BKN,nets,1630592,Jalen,Wilson,J. Wilson,jalen-wilson,,,,24:12,24.2,3,13,0.231,2,7,0.286,0,0,0.0,0,3,3,2,0,0,0,0,8,-13.0,0022400595,Jalen Wilson,jalen wilson,,,2025-01-19,0,0.3305785123966942,0.0,0.12396694214876033,0.08264462809917356,0.0,8.0,7.0,8.0,3.0,6.0,4.0,7.0,5.0,1.0,0,0.0,0,0.0020599999999999998,-31.9,-15477.923338185346,-31.834286,0.0,7.0,9.0,0.021496475
0022400595,1610612751,Brooklyn,Nets,BKN,nets,1630553,Keon,Johnson,K. Johnson,keon-johnson,,,,23:15,23.25,2,9,0.222,0,4,0.0,2,2,1.0,0,1,1,4,0,0,0,2,6,-20.0,0022400595,Keon Johnson,keon johnson,,,2025-01-19,0,0.25806451612903225,0.0,0.043010752688172046,0.17204301075268819,0.0,10.0,7.0,10.0,2.0,6.0,4.0,10.0,7.0,0.0,0,0.0,0,0.00172,-42.7,-24811.156304474145,-42.626556,0.0,7.0,9.0,0.016654314
0022400595,1610612751,Brooklyn,Nets,BKN,nets,1631213,Tyrese,Martin,T. Martin,tyrese-martin,,,,24:21,24.35,6,12,0.5,3,7,0.429,0,0,0.0,1,5,6,2,0,0,1,0,15,-11.0,0022400595,Tyrese Martin,tyrese martin,,,2025-01-19,0,0.6160164271047227,0.04106776180698152,0.2464065708418891,0.08213552361396304,0.04106776180698152,1.0,4.0,2.0,3.0,6.0,4.0,5.0,4.0,1.0,0,0.0,0,0.0021,-23.0,-10947.168015230842,-22.9517,0.0,7.0,8.0,0.841092
0022400595,1610612751,Brooklyn,Nets,BKN,nets,1630549,Day'Ron,Sharpe,D. Sharpe,dayron-sharpe,,,,18:05,18.083333333333332,4,5,0.8,0,0,0.0,1,1,1.0,5,2,7,2,0,0,2,3,9,-7.0,0022400595,Day'Ron Sharpe,day'ron sharpe,,,2025-01-19,0,0.4976958525345622,0.2764976958525346,0.38709677419354843,0.11059907834101383,0.2764976958525346,4.0,1.0,1.0,3.0,6.0,4.0,3.0,10.0,0.0,0,0.0,0,0.00149,-21.2,-14218.645204560698,-21.168412,0.0,7.0,1.0,0.4182793
0022400595,1610612751,Brooklyn,Nets,BKN,nets,1641787,Tosan,Evbuomwan,T. Evbuomwan,tosan-evbuomwan,,,,20:44,20.733333333333334,4,7,0.571,1,3,0.333,0,1,0.0,0,4,4,2,0,1,2,2,9,-9.0,0022400595,Tosan Evbuomwan,tosan evbuomwan,,,2025-01-19,1,0.4340836012861736,0.0,0.19292604501607716,0.09646302250803858,0.04823151125401929,4.0,7.0,5.0,3.0,6.0,1.0,4.0,9.0,0.0,0,0.0,0,0.0017599999999999998,-24.1,-13685.406019307215,-24.057584000000002,0.04823151125401929,3.0,7.0,0.31856462
0022400595,1610612751,Brooklyn,Nets,BKN,nets,1641736,Reece,Beekman,R. Beekman,reece-beekman,,,,4:51,4.85,1,1,1.0,0,0,0.0,1,2,0.5,0,0,0,2,1,0,0,0,3,2.0,0022400595,Reece Beekman,reece beekman,,,2025-01-19,1,0.6185567010309279,0.0,0.0,0.4123711340206186,0.2061855670103093,11.0,7.0,11.0,3.0,1.0,4.0,1.0,11.0,1.0,0,0.0,0,0.00154,9.8,6359.506813757302,9.784908000000001,0.2061855670103093,3.0,2.0,0.018364128
0022400606,1610612751,Brooklyn,Nets,BKN,nets,1629661,Cameron,Johnson,C. Johnson,cameron-johnson,F,,,34:57,34.95,6,20,0.3,2,9,0.222,2,2,1.0,0,3,3,2,0,2,2,2,16,-18.0,0022400606,Cameron Johnson,cameron johnson,,,2025-01-21,2,0.457796852646638,0.0,0.08583690987124463,0.05722460658082975,0.05722460658082975,2.0,7.0,6.0,2.0,4.0,2.0,8.0,1.0,1.0,0,0.0,0,0.00291,-25.5,-8759.876331157679,-25.425795,0.05722460658082975,3.0,6.0,0.20200756
0022400606,1610612751,Brooklyn,Nets,BKN,nets,1641730,Noah,Clowney,N. Clowney,noah-clowney,F,,,26:00,26.0,4,8,0.5,2,5,0.4,0,0,0.0,3,3,6,1,1,2,0,1,10,-1.0,0022400606,Noah Clowney,noah clowney,,,2025-01-21,3,0.38461538461538464,0.11538461538461539,0.23076923076923078,0.038461538461538464,0.23076923076923078,4.0,2.0,3.0,6.0,2.0,2.0,6.0,6.0,1.0,0,0.0,0,0.00125,-3.9,-3117.505995203837,-3.895125,0.11538461538461539,2.0,2.0,0.5150539
0022400606,1610612751,Brooklyn,Nets,BKN,nets,1629651,Nic,Claxton,N. Claxton,nic-claxton,C,,,34:09,34.15,4,11,0.364,0,1,0.0,0,2,0.0,5,7,12,2,2,0,2,1,8,-19.0,0022400606,Nic Claxton,nic claxton,,,2025-01-21,2,0.2342606149341142,0.14641288433382138,0.3513909224011713,0.05856515373352855,0.20497803806734993,6.0,1.0,1.0,2.0,1.0,5.0,9.0,2.0,3.0,0,0.0,0,0.00182,-27.4,-15046.677649643054,-27.350132,0.05856515373352855,3.0,3.0,0.23518379
0022400606,1610612751,Brooklyn,Nets,BKN,nets,1630553,Keon,Johnson,K. Johnson,keon-johnson,G,,,26:57,26.95,2,7,0.286,1,3,0.333,2,3,0.667,1,2,3,2,0,0,0,0,7,3.0,0022400606,Keon Johnson,keon johnson,,,2025-01-21,0,0.25974025974025977,0.03710575139146568,0.11131725417439703,0.07421150278293136,0.03710575139146568,7.0,5.0,6.0,2.0,4.0,5.0,4.0,5.0,1.0,0,0.0,0,0.0011799999999999998,5.4,4572.396274343778,5.3936280000000005,0.0,6.0,7.0,0.058091126
0022400606,1610612751,Brooklyn,Nets,BKN,nets,1626156,D'Angelo,Russell,D. Russell,dangelo-russell,G,,,31:28,31.466666666666665,6,17,0.353,4,11,0.364,7,7,1.0,0,2,2,10,1,3,3,5,23,5.0,0022400606,D'Angelo Russell,d'angelo russell,,,2025-01-21,4,0.7309322033898306,0.0,0.0635593220338983,0.31779661016949157,0.1271186440677966,1.0,7.0,9.0,1.0,2.0,1.0,2.0,3.0,5.0,0,0.0,0,0.0027700000000000003,3.1,1118.7297004691445,3.0914129999999997,0.1271186440677966,1.0,4.0,0.72262925
0022400606,1610612751,Brooklyn,Nets,BKN,nets,1630592,Jalen,Wilson,J. Wilson,jalen-wilson,,,,28:01,28.016666666666666,1,5,0.2,0,3,0.0,1,4,0.25,1,4,5,2,0,0,3,3,3,5.0,0022400606,Jalen Wilson,jalen wilson,,,2025-01-21,0,0.10707911957168352,0.03569303985722784,0.17846519928613921,0.07138607971445568,0.03569303985722784,9.0,5.0,5.0,2.0,4.0,5.0,2.0,4.0,0.0,0,0.0,0,0.00145,8.6,5926.946933149553,8.58753,0.0,6.0,8.0,0.024596827
0022400606,1610612751,Brooklyn,Nets,BKN,nets,1630549,Day'Ron,Sharpe,D. Sharpe,dayron-sharpe,,,,13:51,13.85,3,4,0.75,0,0,0.0,4,4,1.0,2,1,3,0,0,2,2,2,10,15.0,0022400606,Day'Ron Sharpe,day'ron sharpe,,,2025-01-21,2,0.7220216606498195,0.1444043321299639,0.21660649819494585,0.0,0.2888086642599278,4.0,3.0,6.0,9.0,4.0,2.0,1.0,9.0,0.0,0,0.0,0,0.00211,47.5,22501.184272856466,47.399775000000005,0.1444043321299639,3.0,1.0,0.59426856
0022400606,1610612751,Brooklyn,Nets,BKN,nets,1631213,Tyrese,Martin,T. Martin,tyrese-martin,,,,24:13,24.216666666666665,5,8,0.625,3,6,0.5,0,0,0.0,0,7,7,1,0,0,3,2,13,-11.0,0022400606,Tyrese Martin,tyrese martin,,,2025-01-21,0,0.5368203716448727,0.0,0.289057123193393,0.04129387474191329,0.0,3.0,7.0,2.0,6.0,4.0,5.0,7.0,7.0,1.0,0,0.0,0,0.002,-18.5,-9245.377311344328,-18.463,0.0,6.0,9.0,0.73154217
0022400606,1610612751,Brooklyn,Nets,BKN,nets,1641787,Tosan,Evbuomwan,T. Evbuomwan,tosan-evbuomwan,,,,20:25,20.416666666666668,1,6,0.167,0,2,0.0,3,3,1.0,2,4,6,1,0,0,1,2,5,1.0,0022400606,Tosan Evbuomwan,tosan evbuomwan,,,2025-01-21,0,0.24489795918367346,0.09795918367346938,0.29387755102040813,0.04897959183673469,0.09795918367346938,8.0,3.0,3.0,6.0,4.0,5.0,5.0,8.0,0.0,0,0.0,0,0.0016300000000000002,9.0,5518.087063151441,8.98533,0.0,6.0,5.0,0.031066105
0022400613,1610612751,Brooklyn,Nets,BKN,nets,1630592,Jalen,Wilson,J. Wilson,jalen-wilson,F,,,33:49,33.81666666666667,5,12,0.417,1,8,0.125,4,4,1.0,1,3,4,3,1,0,2,0,15,-10.0,0022400613,Jalen Wilson,jalen wilson,,,2025-01-22,1,0.44356826022671264,0.029571217348447507,0.11828486939379003,0.08871365204534253,0.059142434696895015,2.0,6.0,6.0,1.0,3.0,2.0,5.0,2.0,4.0,0,0.0,0,0.0019500000000000001,-16.2,-8303.434136340338,-16.168409999999998,0.029571217348447507,4.0,9.0,0.514048
0022400613,1610612751,Brooklyn,Nets,BKN,nets,1641730,Noah,Clowney,N. Clowney,noah-clowney,F,,,34:01,34.016666666666666,2,10,0.2,2,7,0.286,1,2,0.5,1,4,5,0,1,1,3,2,7,-25.0,0022400613,Noah Clowney,noah clowney,,,2025-01-22,2,0.20578147966683,0.02939735423811857,0.14698677119059286,0.0,0.08819206271435572,6.0,6.0,5.0,8.0,3.0,1.0,9.0,1.0,2.0,0,0.0,0,0.00169,-38.4,-22708.456534594912,-38.335104,0.05879470847623714,1.0,7.0,0.02813538
0022400613,1610612751,Brooklyn,Nets,BKN,nets,1629651,Nic,Claxton,N. Claxton,nic-claxton,C,,,25:35,25.583333333333332,5,9,0.556,0,0,0.0,0,0,0.0,4,8,12,2,0,0,1,1,10,-23.0,0022400613,Nic Claxton,nic claxton,,,2025-01-22,0,0.39087947882736157,0.15635179153094464,0.4690553745928339,0.07817589576547232,0.15635179153094464,4.0,2.0,1.0,3.0,7.0,2.0,7.0,6.0,1.0,0,0.0,0,0.00167,-46.9,-28067.025733093957,-46.821677,0.0,7.0,2.0,0.273162
0022400613,1610612751,Brooklyn,Nets,BKN,nets,1630553,Keon,Johnson,K. Johnson,keon-johnson,G,,,29:53,29.883333333333333,9,16,0.563,1,4,0.25,1,1,1.0,2,5,7,2,1,0,1,3,20,-24.0,0022400613,Keon Johnson,keon johnson,,,2025-01-22,1,0.6692693809258227,0.06692693809258227,0.23424428332403793,0.06692693809258227,0.1003904071388734,1.0,4.0,3.0,3.0,3.0,2.0,8.0,4.0,3.0,0,0.0,0,0.00233,-38.4,-16473.616473616472,-38.310528,0.03346346904629113,4.0,5.0,0.80797124
0022400613,1610612751,Brooklyn,Nets,BKN,nets,1631213,Tyrese,Martin,T. Martin,tyrese-martin,G,,,31:25,31.416666666666668,1,10,0.1,0,5,0.0,0,0,0.0,3,4,7,2,0,0,2,0,2,-21.0,0022400613,Tyrese Martin,tyrese martin,,,2025-01-22,0,0.0636604774535809,0.09549071618037135,0.22281167108753314,0.0636604774535809,0.09549071618037135,9.0,3.0,3.0,3.0,7.0,2.0,6.0,3.0,3.0,0,0.0,0,0.0015,-32.3,-21518.98734177215,-32.25155,0.0,7.0,6.0,0.017842436
0022400613,1610612751,Brooklyn,Nets,BKN,nets,1641787,Tosan,Evbuomwan,T. Evbuomwan,tosan-evbuomwan,,,,26:25,26.416666666666668,2,15,0.133,0,5,0.0,2,2,1.0,1,2,3,2,2,0,3,1,6,-9.0,0022400613,Tosan Evbuomwan,tosan evbuomwan,,,2025-01-22,2,0.22712933753943218,0.03785488958990536,0.11356466876971609,0.07570977917981073,0.11356466876971609,7.0,6.0,7.0,3.0,1.0,2.0,4.0,5.0,3.0,0,0.0,0,0.00297,-20.5,-6900.033658700774,-20.439115,0.07570977917981073,1.0,4.0,0.03684223
0022400613,1610612751,Brooklyn,Nets,BKN,nets,1630549,Day'Ron,Sharpe,D. Sharpe,dayron-sharpe,,,,22:25,22.416666666666668,4,7,0.571,0,0,0.0,0,2,0.0,5,4,9,2,2,0,4,2,8,-1.0,0022400613,Day'Ron Sharpe,day'ron sharpe,,,2025-01-22,2,0.35687732342007433,0.22304832713754646,0.4014869888475836,0.08921933085501858,0.31226765799256506,5.0,1.0,2.0,3.0,1.0,2.0,1.0,7.0,2.0,0,0.0,0,0.00207,-2.1,-1014.0028971511348,-2.095653,0.08921933085501858,1.0,1.0,0.49590683
0022400613,1610612751,Brooklyn,Nets,BKN,nets,1641736,Reece,Beekman,R. Beekman,reece-beekman,,,,21:07,21.116666666666667,2,5,0.4,0,2,0.0,0,0,0.0,2,1,3,3,1,0,0,2,4,-3.0,0022400613,Reece Beekman,reece beekman,,,2025-01-22,1,0.1894238358326756,0.0947119179163378,0.1420678768745067,0.1420678768745067,0.1420678768745067,8.0,4.0,7.0,1.0,3.0,2.0,2.0,8.0,1.0,0,0.0,0,0.00098,-4.6,-4689.092762487258,-4.595492,0.0473559589581689,4.0,3.0,0.08630071
0022400613,1610612751,Brooklyn,Nets,BKN,nets,1641727,Dariq,Whitehead,D. Whitehead,dariq-whitehead,,,,15:20,15.333333333333334,4,7,0.571,3,5,0.6,1,3,0.333,1,1,2,0,0,0,0,0,12,-4.0,0022400613,Dariq Whitehead,dariq whitehead,,,2025-01-22,0,0.7826086956521738,0.06521739130434782,0.13043478260869565,0.0,0.06521739130434782,3.0,6.0,9.0,8.0,7.0,2.0,3.0,9.0,0.0,0,0.0,0,0.0020499999999999997,-8.6,-4193.076548025354,-8.58237,0.0,7.0,8.0,0.8237962
0022400636,1610612751,Brooklyn,Nets,BKN,nets,1630592,Jalen,Wilson,J. Wilson,jalen-wilson,F,,,35:44,35.733333333333334,4,10,0.4,2,5,0.4,2,4,0.5,4,5,9,8,2,0,3,2,12,2.0,0022400636,Jalen Wilson,jalen wilson,,,2025-01-25,2,0.33582089552238803,0.11194029850746269,0.251865671641791,0.22388059701492538,0.16791044776119401,5.0,1.0,1.0,1.0,2.0,5.0,1.0,2.0,2.0,0,0.0,0,0.00183,1.3,709.9945385035501,1.2976210000000001,0.055970149253731345,4.0,1.0,0.77604324
0022400636,1610612751,Brooklyn,Nets,BKN,nets,1641730,Noah,Clowney,N. Clowney,noah-clowney,F,,,34:14,34.233333333333334,4,14,0.286,3,9,0.333,2,2,1.0,0,4,4,0,2,1,1,1,13,-1.0,0022400636,Noah Clowney,noah clowney,,,2025-01-25,3,0.37974683544303794,0.0,0.11684518013631938,0.0,0.08763388510223953,3.0,5.0,5.0,8.0,2.0,2.0,2.0,3.0,3.0,0,0.0,0,0.00211,1.5,710.5637138796778,1.4968350000000001,0.08763388510223953,2.0,5.0,0.58410347
0022400636,1610612751,Brooklyn,Nets,BKN,nets,1629651,Nic,Claxton,N. Claxton,nic-claxton,C,,,25:52,25.866666666666667,5,8,0.625,0,0,0.0,3,3,1.0,1,4,5,2,1,1,2,3,13,-10.0,0022400636,Nic Claxton,nic claxton,,,2025-01-25,2,0.5025773195876289,0.03865979381443299,0.19329896907216496,0.07731958762886598,0.11597938144329897,3.0,3.0,3.0,4.0,5.0,2.0,8.0,5.0,2.0,0,0.0,0,0.0018599999999999999,-20.1,-10800.6448146158,-20.062614000000004,0.07731958762886598,4.0,4.0,0.534215
0022400636,1610612751,Brooklyn,Nets,BKN,nets,1630553,Keon,Johnson,K. Johnson,keon-johnson,G,,,36:49,36.81666666666667,7,19,0.368,3,9,0.333,5,5,1.0,0,1,1,4,3,0,2,5,22,-3.0,0022400636,Keon Johnson,keon johnson,,,2025-01-25,3,0.597555454956994,0.0,0.027161611588954276,0.1086464463558171,0.08148483476686283,1.0,5.0,7.0,3.0,1.0,5.0,4.0,1.0,4.0,0,0.0,0,0.00264,-9.0,-3407.8000757288905,-8.97624,0.08148483476686283,2.0,6.0,0.6784239
0022400636,1610612751,Brooklyn,Nets,BKN,nets,1626156,D'Angelo,Russell,D. Russell,dangelo-russell,G,,,26:14,26.233333333333334,6,13,0.462,4,8,0.5,6,6,1.0,0,1,1,6,2,2,2,3,22,-2.0,0022400636,D'Angelo Russell,d'angelo russell,,,2025-01-25,4,0.8386277001270648,0.0,0.03811944091486658,0.22871664548919948,0.15247776365946633,1.0,5.0,7.0,2.0,2.0,1.0,3.0,4.0,1.0,0,0.0,0,0.0029,-6.9,-2378.490175801448,-6.87999,0.15247776365946633,1.0,2.0,0.8688729
0022400636,1610612751,Brooklyn,Nets,BKN,nets,1631213,Tyrese,Martin,T. Martin,tyrese-martin,,,,25:14,25.233333333333334,2,5,0.4,1,4,0.25,0,0,0.0,2,4,6,1,0,0,1,1,5,-4.0,0022400636,Tyrese Martin,tyrese martin,,,2025-01-25,0,0.19815059445178335,0.07926023778071334,0.23778071334214002,0.03963011889035667,0.07926023778071334,7.0,2.0,2.0,5.0,7.0,5.0,6.0,6.0,1.0,0,0.0,0,0.00105,-8.0,-7611.798287345387,-7.9916,0.0,8.0,7.0,0.035244495
0022400636,1610612751,Brooklyn,Nets,BKN,nets,1630533,Ziaire,Williams,Z. Williams,ziaire-williams,,,,19:36,19.6,0,5,0.0,0,3,0.0,1,2,0.5,0,5,5,1,0,0,1,4,1,-18.0,0022400636,Ziaire Williams,ziaire williams,,,2025-01-25,0,0.0510204081632653,0.0,0.25510204081632654,0.0510204081632653,0.0,9.0,5.0,3.0,5.0,7.0,5.0,9.0,8.0,0.0,0,0.0,0,0.0016300000000000002,-52.8,-32372.777437155117,-52.713936,0.0,8.0,9.0,0.004480517
0022400636,1610612751,Brooklyn,Nets,BKN,nets,1641787,Tosan,Evbuomwan,T. Evbuomwan,tosan-evbuomwan,,,,20:38,20.633333333333333,0,4,0.0,0,1,0.0,2,2,1.0,0,1,1,1,1,0,2,1,2,-3.0,0022400636,Tosan Evbuomwan,tosan evbuomwan,,,2025-01-25,1,0.09693053311793215,0.0,0.048465266558966075,0.048465266558966075,0.048465266558966075,8.0,5.0,7.0,5.0,5.0,5.0,4.0,7.0,1.0,0,0.0,0,0.00146,-7.0,-4791.238877481178,-6.98978,0.048465266558966075,6.0,8.0,0.006976288
0022400636,1610612751,Brooklyn,Nets,BKN,nets,1630549,Day'Ron,Sharpe,D. Sharpe,dayron-sharpe,,,,15:39,15.65,2,2,1.0,1,1,1.0,2,2,1.0,1,2,3,0,0,1,0,1,7,-6.0,0022400636,Day'Ron Sharpe,day'ron sharpe,,,2025-01-25,1,0.4472843450479233,0.06389776357827476,0.19169329073482427,0.0,0.12779552715654952,6.0,3.0,6.0,8.0,7.0,2.0,7.0,9.0,1.0,0,0.0,0,0.0008100000000000001,-28.2,-34771.88655980271,-28.177158,0.06389776357827476,6.0,3.0,0.10009123
0022400651,1610612751,Brooklyn,Nets,BKN,nets,1630592,Jalen,Wilson,J. Wilson,jalen-wilson,F,,,39:49,39.81666666666667,4,16,0.25,0,6,0.0,7,7,1.0,0,2,2,4,1,0,2,3,15,-25.0,0022400651,Jalen Wilson,jalen wilson,,,2025-01-27,1,0.37672666387609877,0.0,0.0502302218501465,0.100460443700293,0.02511511092507325,2.0,8.0,5.0,1.0,4.0,4.0,10.0,1.0,1.0,0,0.0,0,0.00231,-33.3,-14409.346603202075,-33.223076999999996,0.02511511092507325,5.0,8.0,0.06861345
0022400651,1610612751,Brooklyn,Nets,BKN,nets,1641730,Noah,Clowney,N. Clowney,noah-clowney,F,,,12:28,12.466666666666667,2,7,0.286,2,7,0.286,0,0,0.0,0,1,1,0,0,0,1,0,6,-7.0,0022400651,Noah Clowney,noah clowney,,,2025-01-27,0,0.48128342245989303,0.0,0.08021390374331551,0.0,0.0,7.0,8.0,9.0,9.0,6.0,4.0,6.0,9.0,0.0,0,0.0,0,0.00296,-32.3,-10908.476865923672,-32.204392,0.0,7.0,9.0,0.038006037
0022400651,1610612751,Brooklyn,Nets,BKN,nets,1629651,Nic,Claxton,N. Claxton,nic-claxton,C,,,24:56,24.933333333333334,3,6,0.5,0,0,0.0,0,0,0.0,2,5,7,3,1,1,2,6,6,-20.0,0022400651,Nic Claxton,nic claxton,,,2025-01-27,2,0.24064171122994651,0.08021390374331551,0.2807486631016043,0.12032085561497326,0.16042780748663102,7.0,3.0,3.0,2.0,4.0,1.0,9.0,4.0,4.0,0,1.0,0,0.00157,-37.7,-23997.45385105029,-37.64081100000001,0.08021390374331551,2.0,3.0,0.122232385
0022400651,1610612751,Brooklyn,Nets,BKN,nets,1630553,Keon,Johnson,K. Johnson,keon-johnson,G,,,22:43,22.716666666666665,4,10,0.4,2,7,0.286,0,2,0.0,0,2,2,3,0,0,0,4,10,-1.0,0022400651,Keon Johnson,keon johnson,,,2025-01-27,0,0.4402054292002935,0.0,0.0880410858400587,0.13206162876008806,0.0,5.0,8.0,5.0,2.0,6.0,4.0,4.0,7.0,4.0,0,0.0,0,0.0022,-2.3,-1044.9795547478416,-2.29494,0.0,7.0,9.0,0.23275393
0022400651,1610612751,Brooklyn,Nets,BKN,nets,1626156,D'Angelo,Russell,D. Russell,dangelo-russell,G,,,29:19,29.316666666666666,4,11,0.364,2,5,0.4,9,10,0.9,1,3,4,3,0,1,3,3,19,-18.0,0022400651,D'Angelo Russell,d'angelo russell,,,2025-01-27,1,0.6480955088118249,0.03411028993746447,0.13644115974985788,0.10233086981239341,0.06822057987492894,1.0,4.0,4.0,2.0,6.0,1.0,8.0,2.0,1.0,0,0.0,0,0.00261,-33.3,-12753.73420145538,-33.213086999999994,0.03411028993746447,5.0,6.0,0.6960688
0022400651,1610612751,Brooklyn,Nets,BKN,nets,1630533,Ziaire,Williams,Z. Williams,ziaire-williams,,,,22:24,22.4,1,7,0.143,1,5,0.2,2,3,0.667,1,1,2,0,2,0,1,1,5,-12.0,0022400651,Ziaire Williams,ziaire williams,,,2025-01-27,2,0.22321428571428573,0.044642857142857144,0.08928571428571429,0.0,0.13392857142857142,9.0,4.0,5.0,9.0,2.0,4.0,7.0,8.0,4.0,0,0.0,0,0.0017299999999999998,-22.5,-12998.26689774697,-22.461075,0.08928571428571429,2.0,4.0,0.014362632
0022400651,1610612751,Brooklyn,Nets,BKN,nets,1631213,Tyrese,Martin,T. Martin,tyrese-martin,,,,24:18,24.3,3,7,0.429,2,4,0.5,0,0,0.0,1,1,2,1,0,0,0,1,8,0.0,0022400651,Tyrese Martin,tyrese martin,,,2025-01-27,0,0.3292181069958848,0.0411522633744856,0.0823045267489712,0.0411522633744856,0.0411522633744856,6.0,4.0,5.0,7.0,6.0,4.0,3.0,5.0,1.0,0,0.0,0,0.00111,2.0,1800.1800180018001,1.99778,0.0,7.0,7.0,0.080714464
0022400651,1610612751,Brooklyn,Nets,BKN,nets,1630549,Day'Ron,Sharpe,D. Sharpe,dayron-sharpe,,,,23:04,23.066666666666666,4,7,0.571,0,0,0.0,4,4,1.0,7,3,10,1,3,1,0,1,12,6.0,0022400651,Day'Ron Sharpe,day'ron sharpe,,,2025-01-27,4,0.5202312138728323,0.30346820809248554,0.43352601156069365,0.04335260115606936,0.476878612716763,4.0,1.0,1.0,7.0,1.0,1.0,2.0,6.0,3.0,0,0.0,0,0.0014299999999999998,12.2,8525.506638714187,12.182554,0.17341040462427745,1.0,1.0,0.9296003
0022400651,1610612751,Brooklyn,Nets,BKN,nets,1641787,Tosan,Evbuomwan,T. Evbuomwan,tosan-evbuomwan,,,,29:18,29.3,5,10,0.5,1,1,1.0,4,4,1.0,3,5,8,2,2,0,5,1,15,10.0,0022400651,Tosan Evbuomwan,tosan evbuomwan,,,2025-01-27,2,0.5119453924914675,0.10238907849829351,0.27303754266211605,0.06825938566552901,0.1706484641638225,2.0,2.0,2.0,5.0,2.0,4.0,1.0,3.0,2.0,0,0.0,0,0.00233,18.8,8065.208065208065,18.756196,0.06825938566552901,2.0,2.0,0.7207238
0022400651,1610612751,Brooklyn,Nets,BKN,nets,1641736,Reece,Beekman,R. Beekman,reece-beekman,,,,11:41,11.683333333333334,0,1,0.0,0,1,0.0,0,0,0.0,1,0,1,2,0,0,0,0,0,-3.0,0022400651,Reece Beekman,reece beekman,,,2025-01-27,0,0.0,0.08559201141226819,0.08559201141226819,0.17118402282453637,0.08559201141226819,10.0,4.0,9.0,5.0,6.0,4.0,5.0,10.0,1.0,0,0.0,0,0.00035999999999999997,-13.6,-37673.13019390582,-13.595104,0.0,7.0,5.0,0.007990731
0022400663,1610612751,Brooklyn,Nets,BKN,nets,1630592,Jalen,Wilson,J. Wilson,jalen-wilson,F,,,34:42,34.7,5,8,0.625,3,5,0.6,2,2,1.0,0,1,1,1,0,0,0,2,15,14.0,0022400663,Jalen Wilson,jalen wilson,,,2025-01-29,0,0.4322766570605187,0.0,0.02881844380403458,0.02881844380403458,0.0,2.0,5.0,9.0,7.0,8.0,4.0,4.0,1.0,1.0,0,0.0,0,0.0012900000000000001,21.9,16963.594113090625,21.871748999999998,0.0,8.0,9.0,0.47121388
0022400663,1610612751,Brooklyn,Nets,BKN,nets,1630533,Ziaire,Williams,Z. Williams,ziaire-williams,F,,,32:51,32.85,5,10,0.5,3,6,0.5,0,0,0.0,0,3,3,3,2,0,0,1,13,15.0,0022400663,Ziaire Williams,ziaire williams,,,2025-01-29,2,0.395738203957382,0.0,0.091324200913242,0.091324200913242,0.060882800608828,4.0,5.0,7.0,4.0,1.0,4.0,3.0,2.0,2.0,0,0.0,0,0.0013900000000000002,22.0,15815.959741193385,21.96942,0.060882800608828,4.0,6.0,0.61799985
0022400663,1610612751,Brooklyn,Nets,BKN,nets,1629651,Nic,Claxton,N. Claxton,nic-claxton,C,,,27:52,27.866666666666667,4,6,0.667,0,1,0.0,4,6,0.667,2,6,8,0,1,6,1,1,12,9.0,0022400663,Nic Claxton,nic claxton,,,2025-01-29,7,0.43062200956937796,0.07177033492822966,0.28708133971291866,0.0,0.3229665071770335,5.0,1.0,1.0,10.0,5.0,1.0,6.0,5.0,1.0,0,0.0,0,0.00167,16.4,9814.482345900658,16.372612,0.2511961722488038,1.0,1.0,0.8154658
0022400663,1610612751,Brooklyn,Nets,BKN,nets,1630553,Keon,Johnson,K. Johnson,keon-johnson,G,,,31:13,31.216666666666665,7,18,0.389,0,7,0.0,4,4,1.0,1,4,5,4,2,1,1,2,18,6.0,0022400663,Keon Johnson,keon johnson,,,2025-01-29,3,0.5766150560597971,0.03203416978109984,0.1601708489054992,0.12813667912439936,0.12813667912439936,1.0,4.0,4.0,3.0,1.0,2.0,7.0,3.0,2.0,0,0.0,0,0.0030299999999999997,8.2,2705.3777631144835,8.175154,0.09610250934329953,2.0,5.0,0.70308656
0022400663,1610612751,Brooklyn,Nets,BKN,nets,1626156,D'Angelo,Russell,D. Russell,dangelo-russell,G,,,21:30,21.5,3,8,0.375,0,5,0.0,0,0,0.0,2,5,7,7,2,1,2,1,6,16.0,0022400663,D'Angelo Russell,d'angelo russell,,,2025-01-29,3,0.27906976744186046,0.09302325581395349,0.32558139534883723,0.32558139534883723,0.23255813953488372,8.0,1.0,2.0,1.0,1.0,2.0,2.0,7.0,4.0,0,0.0,0,0.00185,31.4,16963.803349540787,31.34191,0.13953488372093023,2.0,2.0,0.46192724
0022400663,1610612751,Brooklyn,Nets,BKN,nets,1627732,Ben,Simmons,B. Simmons,ben-simmons,,,,23:20,23.333333333333332,4,6,0.667,0,0,0.0,2,3,0.667,0,2,2,6,1,0,3,4,10,3.0,0022400663,Ben Simmons,ben simmons,,,2025-01-29,1,0.4285714285714286,0.0,0.08571428571428572,0.2571428571428572,0.04285714285714286,6.0,5.0,8.0,2.0,5.0,4.0,9.0,6.0,1.0,0,0.0,0,0.00227,4.5,1981.5059445178335,4.489785,0.04285714285714286,6.0,7.0,0.28528613
0022400663,1610612751,Brooklyn,Nets,BKN,nets,1641787,Tosan,Evbuomwan,T. Evbuomwan,tosan-evbuomwan,,,,30:10,30.166666666666668,4,8,0.5,3,5,0.6,3,4,0.75,0,4,4,1,1,0,1,2,14,22.0,0022400663,Tosan Evbuomwan,tosan evbuomwan,,,2025-01-29,1,0.46408839779005523,0.0,0.13259668508287292,0.03314917127071823,0.03314917127071823,3.0,5.0,5.0,7.0,5.0,4.0,1.0,4.0,2.0,0,0.0,0,0.0017699999999999999,38.4,21682.665160926033,38.332032,0.03314917127071823,6.0,8.0,0.7244578
0022400663,1610612751,Brooklyn,Nets,BKN,nets,1630570,Trendon,Watford,T. Watford,trendon-watford,,,,17:50,17.833333333333332,4,9,0.444,1,2,0.5,0,0,0.0,0,4,4,2,0,0,0,2,9,13.0,0022400663,Trendon Watford,trendon watford,,,2025-01-29,0,0.5046728971962617,0.0,0.22429906542056077,0.11214953271028039,0.0,7.0,5.0,5.0,5.0,8.0,4.0,5.0,8.0,1.0,0,0.0,0,0.0023699999999999997,29.7,12526.360185575708,29.629611,0.0,8.0,9.0,0.19460244
0022400663,1610612751,Brooklyn,Nets,BKN,nets,1630549,Day'Ron,Sharpe,D. Sharpe,dayron-sharpe,,,,10:03,10.05,2,5,0.4,0,1,0.0,1,1,1.0,2,4,6,1,0,0,0,1,5,6.0,0022400663,Day'Ron Sharpe,day'ron sharpe,,,2025-01-29,0,0.49751243781094523,0.1990049751243781,0.5970149253731343,0.09950248756218905,0.1990049751243781,9.0,1.0,3.0,7.0,8.0,4.0,7.0,10.0,2.0,0,0.0,0,0.00217,29.4,13542.14647627821,29.336202,0.0,8.0,3.0,0.05402954
0022400663,1610612751,Brooklyn,Nets,BKN,nets,1641736,Reece,Beekman,R. Beekman,reece-beekman,,,,10:29,10.483333333333333,1,2,0.5,0,0,0.0,0,0,0.0,0,0,0,2,2,0,0,2,2,1.0,0022400663,Reece Beekman,reece beekman,,,2025-01-29,2,0.1907790143084261,0.0,0.0,0.1907790143084261,0.1907790143084261,10.0,5.0,10.0,5.0,1.0,4.0,10.0,9.0,2.0,0,0.0,0,0.00091,4.5,4939.626783754116,4.4959050000000005,0.1907790143084261,4.0,4.0,0.011511133
0022400689,1610612751,Brooklyn,Nets,BKN,nets,1630592,Jalen,Wilson,J. Wilson,jalen-wilson,F,,,32:46,32.766666666666666,5,9,0.556,1,3,0.333,2,3,0.667,1,6,7,2,1,0,1,0,13,7.0,0022400689,Jalen Wilson,jalen wilson,,,2025-02-01,1,0.3967446592065107,0.030518819938962362,0.21363173957273654,0.061037639877924724,0.061037639877924724,4.0,5.0,3.0,5.0,2.0,7.0,5.0,3.0,1.0,0,0.0,0,0.00147,7.3,4962.610469068661,7.289269,0.030518819938962362,5.0,7.0,0.5551083
0022400689,1610612751,Brooklyn,Nets,BKN,nets,1630533,Ziaire,Williams,Z. Williams,ziaire-williams,F,,,36:46,36.766666666666666,8,15,0.533,2,6,0.333,3,3,1.0,3,5,8,1,1,2,0,1,21,15.0,0022400689,Ziaire Williams,ziaire williams,,,2025-02-01,3,0.57116953762466,0.0815956482320943,0.21758839528558477,0.027198549410698096,0.1631912964641886,1.0,1.0,2.0,8.0,2.0,1.0,2.0,1.0,1.0,0,0.0,0,0.0019500000000000001,19.6,10046.130189646336,19.561780000000002,0.0815956482320943,1.0,3.0,0.90673673
0022400689,1610612751,Brooklyn,Nets,BKN,nets,1629651,Nic,Claxton,N. Claxton,nic-claxton,C,,,28:38,28.633333333333333,8,14,0.571,0,0,0.0,1,2,0.5,1,4,5,2,1,1,1,3,17,-2.0,0022400689,Nic Claxton,nic claxton,,,2025-02-01,2,0.5937136204889406,0.034924330616996506,0.17462165308498254,0.06984866123399301,0.10477299185098952,3.0,5.0,4.0,5.0,2.0,3.0,8.0,4.0,1.0,0,0.0,0,0.00254,-3.6,-1416.7650531286893,-3.590856,0.06984866123399301,2.0,5.0,0.67208916
0022400689,1610612751,Brooklyn,Nets,BKN,nets,1630553,Keon,Johnson,K. Johnson,keon-johnson,G,,,33:44,33.733333333333334,3,9,0.333,2,6,0.333,5,7,0.714,1,8,9,5,0,1,2,1,13,8.0,0022400689,Keon Johnson,keon johnson,,,2025-02-01,1,0.38537549407114624,0.029644268774703556,0.26679841897233203,0.1482213438735178,0.05928853754940711,4.0,5.0,1.0,1.0,5.0,3.0,3.0,2.0,0.0,0,0.0,0,0.0017100000000000001,9.8,5727.6446522501465,9.783242000000001,0.029644268774703556,5.0,8.0,0.19428718
0022400689,1610612751,Brooklyn,Nets,BKN,nets,1626156,D'Angelo,Russell,D. Russell,dangelo-russell,G,,,25:43,25.716666666666665,6,14,0.429,3,8,0.375,3,4,0.75,0,1,1,3,0,2,1,1,18,18.0,0022400689,D'Angelo Russell,d'angelo russell,,,2025-02-01,2,0.6999351911860013,0.0,0.0388852883992223,0.1166558651976669,0.0777705767984446,2.0,9.0,9.0,4.0,5.0,1.0,1.0,6.0,0.0,0,0.0,0,0.0027400000000000002,28.3,10324.699014958043,28.222458000000003,0.0777705767984446,2.0,6.0,0.82138604
0022400689,1610612751,Brooklyn,Nets,BKN,nets,1627732,Ben,Simmons,B. Simmons,ben-simmons,,,,23:34,23.566666666666666,1,4,0.25,0,0,0.0,0,0,0.0,2,3,5,4,0,1,1,2,2,5.0,0022400689,Ben Simmons,ben simmons,,,2025-02-01,1,0.08486562942008487,0.08486562942008487,0.21216407355021216,0.16973125884016974,0.1272984441301273,9.0,2.0,4.0,2.0,5.0,3.0,6.0,7.0,1.0,0,0.0,0,0.00091,11.1,12184.412733260153,11.089899,0.042432814710042434,5.0,4.0,0.035079613
0022400689,1610612751,Brooklyn,Nets,BKN,nets,1641787,Tosan,Evbuomwan,T. Evbuomwan,tosan-evbuomwan,,,,26:51,26.85,3,6,0.5,1,1,1.0,0,0,0.0,1,1,2,4,0,0,0,1,7,-4.0,0022400689,Tosan Evbuomwan,tosan evbuomwan,,,2025-02-01,0,0.260707635009311,0.037243947858472994,0.07448789571694599,0.14897579143389197,0.037243947858472994,7.0,5.0,8.0,2.0,5.0,7.0,9.0,5.0,0.0,0,0.0,0,0.00091,-9.5,-10428.100987925356,-9.491355,0.0,9.0,9.0,0.03694433
0022400689,1610612751,Brooklyn,Nets,BKN,nets,1630549,Day'Ron,Sharpe,D. Sharpe,dayron-sharpe,,,,16:44,16.733333333333334,6,8,0.75,1,1,1.0,0,0,0.0,2,2,4,2,0,1,1,5,13,8.0,0022400689,Day'Ron Sharpe,day'ron sharpe,,,2025-02-01,1,0.7768924302788844,0.1195219123505976,0.2390438247011952,0.1195219123505976,0.1792828685258964,4.0,2.0,7.0,5.0,5.0,3.0,3.0,8.0,2.0,0,0.0,0,0.0022,21.9,9950.02271694684,21.85182,0.0597609561752988,5.0,2.0,0.7836347
0022400689,1610612751,Brooklyn,Nets,BKN,nets,1630570,Trendon,Watford,T. Watford,trendon-watford,,,,15:14,15.233333333333333,3,8,0.375,0,2,0.0,0,2,0.0,2,3,5,1,2,0,3,2,6,5.0,0022400689,Trendon Watford,trendon watford,,,2025-02-01,2,0.39387308533916854,0.1312910284463895,0.3282275711159738,0.06564551422319476,0.262582056892779,8.0,2.0,4.0,8.0,1.0,7.0,6.0,9.0,3.0,0,1.0,0,0.00333,19.5,5854.097868507955,19.435064999999998,0.1312910284463895,2.0,1.0,0.11425213
0022400711,1610612751,Brooklyn,Nets,BKN,nets,1630592,Jalen,Wilson,J. Wilson,jalen-wilson,F,,,18:06,18.1,3,5,0.6,1,2,0.5,0,1,0.0,1,1,2,1,0,0,0,1,7,-10.0,0022400711,Jalen Wilson,jalen wilson,,,2025-02-04,0,0.38674033149171266,0.055248618784530384,0.11049723756906077,0.055248618784530384,0.055248618784530384,8.0,3.0,9.0,8.0,6.0,6.0,10.0,10.0,0.0,0,0.0,0,0.00132,-29.4,-22255.866767600302,-29.361192,0.0,8.0,8.0,0.032394387
0022400711,1610612751,Brooklyn,Nets,BKN,nets,1630533,Ziaire,Williams,Z. Williams,ziaire-williams,F,,,29:51,29.85,2,5,0.4,2,4,0.5,2,2,1.0,1,6,7,1,0,2,2,2,8,-8.0,0022400711,Ziaire Williams,ziaire williams,,,2025-02-04,2,0.26800670016750416,0.03350083752093802,0.23450586264656614,0.03350083752093802,0.10050251256281406,6.0,3.0,1.0,8.0,6.0,2.0,9.0,1.0,7.0,0,0.0,0,0.00123,-14.0,-11372.867587327377,-13.98278,0.06700167504187604,4.0,5.0,0.068716384
0022400711,1610612751,Brooklyn,Nets,BKN,nets,1629651,Nic,Claxton,N. Claxton,nic-claxton,C,,,27:47,27.783333333333335,7,10,0.7,0,0,0.0,0,1,0.0,0,4,4,2,0,2,2,3,14,6.0,0022400711,Nic Claxton,nic claxton,,,2025-02-04,2,0.5038992201559688,0.0,0.14397120575884823,0.07198560287942411,0.07198560287942411,2.0,8.0,3.0,5.0,6.0,2.0,5.0,3.0,4.0,0,0.0,0,0.00194,10.9,5615.662029881504,10.878854,0.07198560287942411,4.0,7.0,0.5805605
0022400711,1610612751,Brooklyn,Nets,BKN,nets,1630553,Keon,Johnson,K. Johnson,keon-johnson,G,,,29:08,29.133333333333333,7,16,0.438,3,6,0.5,5,6,0.833,2,2,4,2,2,1,0,3,22,-3.0,0022400711,Keon Johnson,keon johnson,,,2025-02-04,3,0.7551487414187643,0.06864988558352403,0.13729977116704806,0.06864988558352403,0.17162471395881007,1.0,2.0,3.0,5.0,1.0,4.0,6.0,2.0,4.0,0,0.0,0,0.00292,-7.2,-2464.9092776446423,-7.178976,0.10297482837528604,2.0,2.0,0.86029947
0022400711,1610612751,Brooklyn,Nets,BKN,nets,1626156,D'Angelo,Russell,D. Russell,dangelo-russell,G,,,26:10,26.166666666666668,3,15,0.2,2,7,0.286,2,3,0.667,1,3,4,5,2,1,1,2,10,-7.0,0022400711,D'Angelo Russell,d'angelo russell,,,2025-02-04,3,0.38216560509554137,0.03821656050955414,0.15286624203821655,0.19108280254777069,0.15286624203821655,4.0,3.0,3.0,1.0,1.0,4.0,8.0,5.0,3.0,0,0.0,0,0.0027900000000000004,-15.3,-5481.906126836258,-15.257313000000002,0.11464968152866241,2.0,3.0,0.14467368
0022400711,1610612751,Brooklyn,Nets,BKN,nets,1641736,Reece,Beekman,R. Beekman,reece-beekman,,,,21:38,21.633333333333333,1,4,0.25,0,1,0.0,0,0,0.0,0,2,2,4,2,0,1,1,2,11.0,0022400711,Reece Beekman,reece beekman,,,2025-02-04,2,0.09244992295839753,0.0,0.09244992295839753,0.18489984591679506,0.09244992295839753,10.0,8.0,9.0,2.0,1.0,6.0,1.0,6.0,4.0,0,0.0,0,0.00111,19.8,17821.78217821782,19.778022,0.09244992295839753,4.0,6.0,0.029460615
0022400711,1610612751,Brooklyn,Nets,BKN,nets,1630549,Day'Ron,Sharpe,D. Sharpe,dayron-sharpe,,,,20:13,20.216666666666665,3,4,0.75,0,0,0.0,2,2,1.0,3,0,3,4,2,3,2,5,8,-4.0,0022400711,Day'Ron Sharpe,day'ron sharpe,,,2025-02-04,5,0.3957131079967024,0.14839241549876342,0.14839241549876342,0.1978565539983512,0.3957131079967024,6.0,1.0,7.0,2.0,1.0,1.0,7.0,8.0,3.0,0,0.0,0,0.00167,-8.0,-4787.55236385398,-7.98664,0.247320692497939,1.0,1.0,0.44752166
0022400711,1610612751,Brooklyn,Nets,BKN,nets,1631213,Tyrese,Martin,T. Martin,tyrese-martin,,,,20:19,20.316666666666666,3,6,0.5,2,5,0.4,2,2,1.0,0,6,6,1,0,0,1,1,10,10.0,0022400711,Tyrese Martin,tyrese martin,,,2025-02-04,0,0.4922067268252666,0.0,0.29532403609515995,0.04922067268252666,0.0,4.0,8.0,2.0,8.0,6.0,6.0,2.0,7.0,2.0,0,0.0,0,0.0018599999999999999,28.7,15421.816227834499,28.646618,0.0,8.0,10.0,0.18091781
0022400711,1610612751,Brooklyn,Nets,BKN,nets,1641787,Tosan,Evbuomwan,T. Evbuomwan,tosan-evbuomwan,,,,27:40,27.666666666666668,7,11,0.636,0,1,0.0,0,0,0.0,1,3,4,4,2,0,2,4,14,7.0,0022400711,Tosan Evbuomwan,tosan evbuomwan,,,2025-02-04,2,0.5060240963855421,0.03614457831325301,0.14457831325301204,0.14457831325301204,0.10843373493975904,2.0,3.0,3.0,2.0,1.0,6.0,4.0,4.0,2.0,0,0.0,0,0.0021,14.8,7044.264635887673,14.768920000000001,0.07228915662650602,4.0,4.0,0.6424283
0022400711,1610612751,Brooklyn,Nets,BKN,nets,1630570,Trendon,Watford,T. Watford,trendon-watford,,,,19:08,19.133333333333333,2,6,0.333,0,1,0.0,0,0,0.0,1,2,3,2,0,0,2,3,4,8.0,0022400711,Trendon Watford,trendon watford,,,2025-02-04,0,0.20905923344947736,0.05226480836236934,0.15679442508710803,0.10452961672473868,0.05226480836236934,9.0,3.0,7.0,5.0,6.0,6.0,3.0,9.0,1.0,0,1.0,0,0.0019500000000000001,22.9,11737.570476678626,22.855345,0.0,8.0,9.0,0.016531564
0022400720,1610612751,Brooklyn,Nets,BKN,nets,1629661,Cameron,Johnson,C. Johnson,cameron-johnson,F,,,24:43,24.716666666666665,5,13,0.385,3,9,0.333,4,4,1.0,1,2,3,2,0,0,1,1,17,-25.0,0022400720,Cameron Johnson,cameron johnson,,,2025-02-05,0,0.6877950101146325,0.04045853000674309,0.12137559002022927,0.08091706001348618,0.04045853000674309,2.0,4.0,6.0,4.0,6.0,3.0,10.0,4.0,0.0,0,0.0,0,0.0028599999999999997,-53.9,-18839.5665851101,-53.745846,0.0,8.0,10.0,0.73175186
0022400720,1610612751,Brooklyn,Nets,BKN,nets,1630533,Ziaire,Williams,Z. Williams,ziaire-williams,F,,,18:24,18.4,1,8,0.125,0,3,0.0,2,2,1.0,2,1,3,0,0,0,0,2,4,-16.0,0022400720,Ziaire Williams,ziaire williams,,,2025-02-05,0,0.2173913043478261,0.10869565217391305,0.16304347826086957,0.0,0.10869565217391305,9.0,1.0,6.0,11.0,6.0,3.0,9.0,7.0,0.0,0,0.0,0,0.0020499999999999997,-43.2,-21062.89614822038,-43.11144,0.0,8.0,5.0,0.014928093
0022400720,1610612751,Brooklyn,Nets,BKN,nets,1629651,Nic,Claxton,N. Claxton,nic-claxton,C,,,24:27,24.45,2,3,0.667,0,0,0.0,1,2,0.5,1,5,6,2,0,2,0,0,5,-26.0,0022400720,Nic Claxton,nic claxton,,,2025-02-05,2,0.20449897750511248,0.0408997955010225,0.24539877300613497,0.081799591002045,0.12269938650306748,7.0,4.0,1.0,4.0,6.0,1.0,11.0,5.0,2.0,0,0.0,0,0.0007000000000000001,-60.6,-86447.93152639085,-60.55758,0.081799591002045,1.0,3.0,0.037572876
0022400720,1610612751,Brooklyn,Nets,BKN,nets,1630553,Keon,Johnson,K. Johnson,keon-johnson,G,,,32:14,32.233333333333334,9,18,0.5,4,9,0.444,3,3,1.0,2,4,6,3,2,0,0,3,25,-15.0,0022400720,Keon Johnson,keon johnson,,,2025-02-05,2,0.7755946225439503,0.06204756980351603,0.18614270941054809,0.09307135470527404,0.12409513960703206,1.0,1.0,1.0,3.0,1.0,3.0,8.0,1.0,2.0,0,0.0,0,0.00253,-27.9,-11023.310944290792,-27.829413,0.06204756980351603,1.0,2.0,0.8799941
0022400720,1610612751,Brooklyn,Nets,BKN,nets,1626156,D'Angelo,Russell,D. Russell,dangelo-russell,G,,,15:54,15.9,2,7,0.286,0,3,0.0,1,2,0.5,0,0,0,2,0,0,4,1,5,-9.0,0022400720,D'Angelo Russell,d'angelo russell,,,2025-02-05,0,0.31446540880503143,0.0,0.0,0.12578616352201258,0.0,7.0,10.0,10.0,4.0,6.0,3.0,7.0,10.0,4.0,0,0.0,0,0.0032400000000000003,-31.8,-9811.786485652576,-31.696968000000002,0.0,8.0,11.0,0.011992669
0022400720,1610612751,Brooklyn,Nets,BKN,nets,1627732,Ben,Simmons,B. Simmons,ben-simmons,,,,18:17,18.283333333333335,2,5,0.4,0,0,0.0,0,0,0.0,1,4,5,6,1,0,0,1,4,-6.0,0022400720,Ben Simmons,ben simmons,,,2025-02-05,1,0.21877848678213307,0.05469462169553327,0.2734731084776663,0.3281677301731996,0.10938924339106654,9.0,4.0,3.0,1.0,3.0,3.0,5.0,8.0,2.0,0,0.0,0,0.00116,-16.2,-13953.488372093023,-16.181207999999998,0.05469462169553327,4.0,4.0,0.051782534
0022400720,1610612751,Brooklyn,Nets,BKN,nets,1630592,Jalen,Wilson,J. Wilson,jalen-wilson,,,,29:32,29.533333333333335,2,4,0.5,2,4,0.5,1,2,0.5,1,2,3,4,2,0,1,2,7,12.0,0022400720,Jalen Wilson,jalen wilson,,,2025-02-05,2,0.23702031602708803,0.03386004514672686,0.10158013544018057,0.13544018058690743,0.10158013544018057,6.0,4.0,6.0,2.0,1.0,3.0,1.0,2.0,2.0,0,0.0,0,0.00091,18.1,19868.276619099892,18.083529000000002,0.06772009029345372,1.0,6.0,0.14695895
0022400720,1610612751,Brooklyn,Nets,BKN,nets,1630549,Day'Ron,Sharpe,D. Sharpe,dayron-sharpe,,,,16:20,16.333333333333332,5,7,0.714,1,1,1.0,0,0,0.0,2,2,4,2,1,0,2,3,11,7.0,0022400720,Day'Ron Sharpe,day'ron sharpe,,,2025-02-05,1,0.6734693877551021,0.12244897959183675,0.2448979591836735,0.12244897959183675,0.1836734693877551,4.0,1.0,5.0,4.0,3.0,3.0,2.0,9.0,2.0,0,0.0,0,0.0025700000000000002,17.8,6923.376118241928,17.754254000000003,0.06122448979591837,4.0,1.0,0.8095457
0022400720,1610612751,Brooklyn,Nets,BKN,nets,1641787,Tosan,Evbuomwan,T. Evbuomwan,tosan-evbuomwan,,,,27:20,27.333333333333332,6,11,0.545,1,3,0.333,2,4,0.5,1,4,5,1,0,1,0,3,15,-8.0,0022400720,Tosan Evbuomwan,tosan evbuomwan,,,2025-02-05,1,0.5487804878048781,0.03658536585365854,0.18292682926829268,0.03658536585365854,0.07317073170731708,3.0,4.0,3.0,10.0,6.0,2.0,6.0,3.0,0.0,0,0.0,0,0.00213,-14.5,-6804.31722196152,-14.469115,0.03658536585365854,4.0,7.0,0.73251367
0022400720,1610612751,Brooklyn,Nets,BKN,nets,1631213,Tyrese,Martin,T. Martin,tyrese-martin,,,,19:02,19.033333333333335,2,5,0.4,2,5,0.4,2,2,1.0,1,1,2,2,0,0,1,3,8,1.0,0022400720,Tyrese Martin,tyrese martin,,,2025-02-05,0,0.42031523642732044,0.052539404553415055,0.10507880910683011,0.10507880910683011,0.052539404553415055,5.0,4.0,9.0,4.0,6.0,3.0,3.0,6.0,0.0,0,0.0,0,0.0016300000000000002,-0.6,-367.8724708767627,-0.5990219999999999,0.0,8.0,9.0,0.10888435
0022400720,1610612751,Brooklyn,Nets,BKN,nets,1641736,Reece,Beekman,R. Beekman,reece-beekman,,,,13:47,13.783333333333333,0,2,0.0,0,1,0.0,1,2,0.5,0,0,0,2,1,0,1,1,1,0.0,0022400720,Reece Beekman,reece beekman,,,2025-02-05,1,0.07255139056831923,0.0,0.0,0.14510278113663846,0.07255139056831923,11.0,10.0,10.0,4.0,3.0,3.0,4.0,11.0,1.0,0,0.0,0,0.0013800000000000002,-4.6,-3330.9196234612596,-4.593652,0.07255139056831923,4.0,8.0,0.0069357045
0022400737,1610612751,Brooklyn,Nets,BKN,nets,1629661,Cameron,Johnson,C. Johnson,cameron-johnson,F,,,29:59,29.983333333333334,6,12,0.5,3,6,0.5,3,4,0.75,2,4,6,3,0,1,1,1,18,4.0,0022400737,Cameron Johnson,cameron johnson,,,2025-02-07,1,0.6003335186214563,0.06670372429127293,0.20011117287381877,0.10005558643690939,0.10005558643690939,1.0,4.0,4.0,1.0,6.0,5.0,7.0,3.0,1.0,0,0.0,0,0.00208,12.2,5862.566074002883,12.174624,0.033351862145636464,8.0,8.0,0.7745298
0022400737,1610612751,Brooklyn,Nets,BKN,nets,1630533,Ziaire,Williams,Z. Williams,ziaire-williams,F,,,32:28,32.46666666666667,3,6,0.5,2,5,0.4,0,0,0.0,2,7,9,3,2,0,2,0,8,18.0,0022400737,Ziaire Williams,ziaire williams,,,2025-02-07,2,0.2464065708418891,0.061601642710472276,0.27720739219712526,0.09240246406570841,0.12320328542094455,7.0,4.0,2.0,1.0,1.0,8.0,2.0,1.0,5.0,0,0.0,0,0.001,27.3,27272.727272727276,27.2727,0.061601642710472276,4.0,6.0,0.19862135
0022400737,1610612751,Brooklyn,Nets,BKN,nets,1629651,Nic,Claxton,N. Claxton,nic-claxton,C,,,30:52,30.866666666666667,6,12,0.5,0,0,0.0,0,0,0.0,4,6,10,1,2,4,2,3,12,8.0,0022400737,Nic Claxton,nic claxton,,,2025-02-07,6,0.38876889848812096,0.12958963282937364,0.32397408207343414,0.03239740820734341,0.32397408207343414,3.0,1.0,1.0,6.0,1.0,1.0,5.0,2.0,1.0,0,0.0,0,0.00187,16.6,8872.260823089258,16.568958000000002,0.19438444924406048,1.0,1.0,0.76425445
0022400737,1610612751,Brooklyn,Nets,BKN,nets,1630553,Keon,Johnson,K. Johnson,keon-johnson,G,,,23:16,23.266666666666666,4,12,0.333,1,5,0.2,2,2,1.0,3,5,8,1,1,2,1,1,11,1.0,0022400737,Keon Johnson,keon johnson,,,2025-02-07,3,0.47277936962750716,0.12893982808022922,0.34383954154727797,0.042979942693409746,0.25787965616045844,5.0,3.0,3.0,6.0,4.0,2.0,8.0,5.0,1.0,0,0.0,0,0.00241,2.3,953.961012028204,2.294457,0.12893982808022922,2.0,2.0,0.46500158
0022400737,1610612751,Brooklyn,Nets,BKN,nets,1626156,D'Angelo,Russell,D. Russell,dangelo-russell,G,,,26:15,26.25,5,15,0.333,3,10,0.3,4,5,0.8,0,2,2,1,2,1,2,3,17,-1.0,0022400737,D'Angelo Russell,d'angelo russell,,,2025-02-07,3,0.6476190476190476,0.0,0.0761904761904762,0.0380952380952381,0.11428571428571428,2.0,8.0,10.0,6.0,1.0,5.0,10.0,4.0,2.0,0,0.0,0,0.00271,-3.6,-1327.9232755440796,-3.590244,0.11428571428571428,2.0,7.0,0.42834476
0022400737,1610612751,Brooklyn,Nets,BKN,nets,1630592,Jalen,Wilson,J. Wilson,jalen-wilson,,,,17:05,17.083333333333332,3,8,0.375,1,4,0.25,1,2,0.5,4,0,4,0,0,0,1,1,8,0.0,0022400737,Jalen Wilson,jalen wilson,,,2025-02-07,0,0.4682926829268293,0.23414634146341465,0.23414634146341465,0.0,0.23414634146341465,7.0,1.0,7.0,10.0,6.0,8.0,9.0,10.0,0.0,0,0.0,0,0.00227,3.1,1365.0374284456186,3.092963,0.0,9.0,3.0,0.10374319
0022400737,1610612751,Brooklyn,Nets,BKN,nets,1630570,Trendon,Watford,T. Watford,trendon-watford,,,,22:08,22.133333333333333,6,11,0.545,0,1,0.0,0,0,0.0,0,4,4,3,1,1,1,0,12,19.0,0022400737,Trendon Watford,trendon watford,,,2025-02-07,2,0.5421686746987951,0.0,0.18072289156626506,0.1355421686746988,0.09036144578313253,3.0,8.0,7.0,1.0,4.0,5.0,1.0,6.0,2.0,0,0.0,0,0.00231,43.7,18909.56295975768,43.599053,0.09036144578313253,4.0,9.0,0.83925927
0022400737,1610612751,Brooklyn,Nets,BKN,nets,1641787,Tosan,Evbuomwan,T. Evbuomwan,tosan-evbuomwan,,,,20:07,20.116666666666667,1,6,0.167,0,2,0.0,3,4,0.75,1,2,3,2,0,2,0,1,5,14.0,0022400737,Tosan Evbuomwan,tosan evbuomwan,,,2025-02-07,2,0.24855012427506212,0.04971002485501243,0.14913007456503727,0.09942004971002485,0.14913007456503727,9.0,7.0,9.0,4.0,6.0,2.0,3.0,8.0,0.0,0,0.0,0,0.0016,34.2,21361.64896939413,34.14528,0.09942004971002485,4.0,5.0,0.059650615
0022400737,1610612751,Brooklyn,Nets,BKN,nets,1631213,Tyrese,Martin,T. Martin,tyrese-martin,,,,20:42,20.7,1,5,0.2,0,4,0.0,0,0,0.0,0,5,5,1,0,0,3,2,2,9.0,0022400737,Tyrese Martin,tyrese martin,,,2025-02-07,0,0.0966183574879227,0.0,0.24154589371980678,0.04830917874396135,0.0,10.0,8.0,6.0,6.0,6.0,8.0,4.0,7.0,0.0,0,0.0,0,0.00157,20.5,13049.013367281987,20.467815,0.0,9.0,10.0,0.010848382
0022400737,1610612751,Brooklyn,Nets,BKN,nets,1630549,Day'Ron,Sharpe,D. Sharpe,dayron-sharpe,,,,17:08,17.133333333333333,4,6,0.667,0,0,0.0,1,1,1.0,2,4,6,2,0,2,1,3,9,8.0,0022400737,Day'Ron Sharpe,day'ron sharpe,,,2025-02-07,2,0.5252918287937743,0.11673151750972763,0.3501945525291829,0.11673151750972763,0.23346303501945526,6.0,4.0,4.0,4.0,6.0,2.0,5.0,9.0,1.0,0,0.0,0,0.00167,27.8,16636.74446439258,27.753574,0.11673151750972763,4.0,4.0,0.68710995
0022400758,1610612751,Brooklyn,Nets,BKN,nets,1629661,Cameron,Johnson,C. Johnson,cameron-johnson,F,,,25:26,25.433333333333334,5,9,0.556,2,6,0.333,2,2,1.0,3,2,5,3,0,1,0,1,14,13.0,0022400758,Cameron Johnson,cameron johnson,,,2025-02-10,1,0.5504587155963303,0.11795543905635648,0.1965923984272608,0.11795543905635648,0.15727391874180865,2.0,2.0,4.0,3.0,6.0,2.0,3.0,4.0,0.0,0,0.0,0,0.0015199999999999999,25.5,16765.28599605523,25.46124,0.039318479685452164,4.0,4.0,0.849009
0022400758,1610612751,Brooklyn,Nets,BKN,nets,1630533,Ziaire,Williams,Z. Williams,ziaire-williams,F,,,21:43,21.716666666666665,3,8,0.375,2,5,0.4,3,4,0.75,1,4,5,3,1,0,0,3,11,12.0,0022400758,Ziaire Williams,ziaire williams,,,2025-02-10,1,0.5065234075211051,0.046047582501918656,0.23023791250959327,0.13814274750575595,0.09209516500383731,5.0,5.0,4.0,3.0,4.0,6.0,4.0,7.0,4.0,0,0.0,0,0.00179,28.5,15912.897822445562,28.448985,0.046047582501918656,4.0,6.0,0.22102252
0022400758,1610612751,Brooklyn,Nets,BKN,nets,1629651,Nic,Claxton,N. Claxton,nic-claxton,C,,,23:52,23.866666666666667,8,13,0.615,0,0,0.0,0,0,0.0,3,1,4,1,2,2,1,2,16,2.0,0022400758,Nic Claxton,nic claxton,,,2025-02-10,4,0.6703910614525139,0.12569832402234637,0.16759776536312848,0.04189944134078212,0.29329608938547486,1.0,2.0,6.0,8.0,3.0,1.0,5.0,5.0,2.0,0,0.0,0,0.0025,9.0,3598.5605757696917,8.977500000000001,0.16759776536312848,1.0,2.0,0.869873
0022400758,1610612751,Brooklyn,Nets,BKN,nets,1630553,Keon,Johnson,K. Johnson,keon-johnson,G,,,26:35,26.583333333333332,2,12,0.167,1,6,0.167,0,0,0.0,1,3,4,1,0,1,2,1,5,-7.0,0022400758,Keon Johnson,keon johnson,,,2025-02-10,1,0.18808777429467086,0.03761755485893417,0.15047021943573669,0.03761755485893417,0.07523510971786834,8.0,5.0,6.0,8.0,6.0,2.0,9.0,2.0,1.0,0,0.0,0,0.00212,-13.2,-6223.479490806223,-13.172016,0.03761755485893417,4.0,8.0,0.01727211
0022400758,1610612751,Brooklyn,Nets,BKN,nets,1626156,D'Angelo,Russell,D. Russell,dangelo-russell,G,,,22:48,22.8,4,12,0.333,1,7,0.143,2,2,1.0,1,2,3,4,1,0,3,2,11,-8.0,0022400758,D'Angelo Russell,d'angelo russell,,,2025-02-10,1,0.4824561403508772,0.043859649122807015,0.13157894736842105,0.17543859649122806,0.08771929824561403,5.0,5.0,8.0,1.0,4.0,6.0,10.0,6.0,3.0,0,0.0,0,0.0025,-15.1,-6037.584966013594,-15.06225,0.043859649122807015,4.0,7.0,0.31185454
0022400758,1610612751,Brooklyn,Nets,BKN,nets,1630570,Trendon,Watford,T. Watford,trendon-watford,,,,20:21,20.35,4,8,0.5,3,5,0.6,2,2,1.0,0,2,2,4,0,0,0,4,13,26.0,0022400758,Trendon Watford,trendon watford,,,2025-02-10,0,0.6388206388206388,0.0,0.09828009828009827,0.19656019656019655,0.0,4.0,9.0,10.0,1.0,6.0,6.0,1.0,9.0,2.0,0,0.0,0,0.00191,68.4,35792.778649921514,68.269356,0.0,10.0,10.0,0.7175286
0022400758,1610612751,Brooklyn,Nets,BKN,nets,1630592,Jalen,Wilson,J. Wilson,jalen-wilson,,,,27:16,27.266666666666666,1,7,0.143,0,5,0.0,0,0,0.0,1,5,6,2,0,1,3,2,2,-3.0,0022400758,Jalen Wilson,jalen wilson,,,2025-02-10,1,0.07334963325183375,0.03667481662591687,0.22004889975550124,0.07334963325183375,0.07334963325183375,10.0,5.0,2.0,6.0,6.0,2.0,8.0,1.0,1.0,0,0.0,0,0.00154,-5.9,-3828.6826735885793,-5.890914,0.03667481662591687,4.0,9.0,0.016214902
0022400758,1610612751,Brooklyn,Nets,BKN,nets,1631213,Tyrese,Martin,T. Martin,tyrese-martin,,,,21:37,21.616666666666667,1,4,0.25,0,3,0.0,2,2,1.0,0,3,3,3,3,0,2,3,4,-1.0,0022400758,Tyrese Martin,tyrese martin,,,2025-02-10,3,0.18504240555127216,0.0,0.13878180416345412,0.13878180416345412,0.13878180416345412,9.0,9.0,8.0,3.0,1.0,6.0,7.0,8.0,5.0,0,0.0,0,0.00135,-0.1,-74.01924500370097,-0.09986500000000001,0.13878180416345412,2.0,5.0,0.01449573
0022400758,1610612751,Brooklyn,Nets,BKN,nets,1630549,Day'Ron,Sharpe,D. Sharpe,dayron-sharpe,,,,19:17,19.283333333333335,7,12,0.583,0,0,0.0,0,0,0.0,7,2,9,2,0,1,3,1,14,16.0,0022400758,Day'Ron Sharpe,day'ron sharpe,,,2025-02-10,1,0.7260155574762316,0.3630077787381158,0.46672428694900603,0.10371650821089022,0.4148660328435609,2.0,1.0,1.0,6.0,6.0,2.0,2.0,10.0,1.0,0,0.0,0,0.00294,38.9,13226.793607616457,38.785633999999995,0.05185825410544511,4.0,1.0,0.9080467
0022400758,1610612751,Brooklyn,Nets,BKN,nets,1641787,Tosan,Evbuomwan,T. Evbuomwan,tosan-evbuomwan,,,,26:14,26.233333333333334,2,7,0.286,1,4,0.25,2,2,1.0,2,4,6,1,3,0,1,2,7,0.0,0022400758,Tosan Evbuomwan,tosan evbuomwan,,,2025-02-10,3,0.2668360864040661,0.07623888182973317,0.22871664548919948,0.03811944091486658,0.1905972045743329,7.0,4.0,2.0,8.0,1.0,6.0,6.0,3.0,4.0,0,0.0,0,0.00134,0.0,0.0,0.0,0.11435832274459974,2.0,3.0,0.12529859
0022400758,1610612751,Brooklyn,Nets,BKN,nets,1641736,Reece,Beekman,R. Beekman,reece-beekman,,,,4:51,4.85,0,1,0.0,0,1,0.0,0,0,0.0,0,0,0,0,0,0,1,3,0,-10.0,0022400758,Reece Beekman,reece beekman,,,2025-02-10,0,0.0,0.0,0.0,0.0,0.0,11.0,9.0,11.0,11.0,6.0,6.0,11.0,11.0,,1,,1,0.00167,-90.9,-54398.56373429085,-90.748197,0.0,10.0,10.0,0.0038655645
0022400772,1610612751,Brooklyn,Nets,BKN,nets,1629661,Cameron,Johnson,C. Johnson,cameron-johnson,F,,,32:01,32.016666666666666,6,14,0.429,1,5,0.2,3,4,0.75,1,5,6,3,3,1,2,1,16,2.0,0022400772,Cameron Johnson,cameron johnson,,,2025-02-12,4,0.4997397188964081,0.031233732431025507,0.18740239458615304,0.09370119729307652,0.15616866215512754,3.0,4.0,3.0,2.0,1.0,2.0,8.0,2.0,2.0,0,0.0,0,0.00247,3.2,1295.0222581950627,3.1920960000000003,0.12493492972410203,2.0,5.0,0.52195185
0022400772,1610612751,Brooklyn,Nets,BKN,nets,1630533,Ziaire,Williams,Z. Williams,ziaire-williams,F,,,25:50,25.833333333333332,2,6,0.333,1,4,0.25,1,1,1.0,0,3,3,1,0,0,0,2,6,5.0,0022400772,Ziaire Williams,ziaire williams,,,2025-02-12,0,0.23225806451612904,0.0,0.11612903225806452,0.03870967741935484,0.0,6.0,7.0,7.0,9.0,8.0,4.0,3.0,5.0,2.0,0,0.0,0,0.001,11.9,11888.11188811189,11.8881,0.0,9.0,10.0,0.041383933
0022400772,1610612751,Brooklyn,Nets,BKN,nets,1629651,Nic,Claxton,N. Claxton,nic-claxton,C,,,32:26,32.43333333333333,5,12,0.417,0,0,0.0,3,4,0.75,7,4,11,3,0,5,3,0,13,-1.0,0022400772,Nic Claxton,nic claxton,,,2025-02-12,5,0.4008221993833505,0.21582733812949642,0.3391572456320658,0.09249743062692704,0.3699897225077082,4.0,1.0,1.0,2.0,8.0,1.0,9.0,1.0,0.0,0,0.0,0,0.00227,-3.2,-1409.0708938793484,-3.192736,0.15416238437821173,1.0,1.0,0.4733295
0022400772,1610612751,Brooklyn,Nets,BKN,nets,1630553,Keon,Johnson,K. Johnson,keon-johnson,G,,,29:35,29.583333333333332,3,9,0.333,0,4,0.0,0,0,0.0,0,5,5,3,3,0,0,4,6,-6.0,0022400772,Keon Johnson,keon johnson,,,2025-02-12,3,0.2028169014084507,0.0,0.16901408450704225,0.10140845070422536,0.10140845070422536,6.0,7.0,4.0,2.0,1.0,4.0,10.0,3.0,4.0,0,0.0,0,0.00134,-10.3,-7680.835197613722,-10.286198,0.10140845070422536,4.0,7.0,0.050730765
0022400772,1610612751,Brooklyn,Nets,BKN,nets,1626156,D'Angelo,Russell,D. Russell,dangelo-russell,G,,,26:28,26.466666666666665,9,15,0.6,3,7,0.429,1,2,0.5,0,5,5,4,1,0,4,3,22,8.0,0022400772,D'Angelo Russell,d'angelo russell,,,2025-02-12,1,0.8312342569269522,0.0,0.1889168765743073,0.15113350125944586,0.037783375314861464,1.0,7.0,4.0,1.0,4.0,4.0,2.0,4.0,4.0,0,0.0,0,0.00313,15.7,5014.372404982433,15.650859,0.037783375314861464,5.0,9.0,0.85438883
0022400772,1610612751,Brooklyn,Nets,BKN,nets,1630592,Jalen,Wilson,J. Wilson,jalen-wilson,,,,21:55,21.916666666666668,2,4,0.5,2,4,0.5,0,0,0.0,1,3,4,2,0,0,0,2,6,3.0,0022400772,Jalen Wilson,jalen wilson,,,2025-02-12,0,0.2737642585551331,0.04562737642585551,0.18250950570342203,0.09125475285171102,0.04562737642585551,6.0,4.0,6.0,5.0,8.0,4.0,7.0,7.0,,1,,1,0.0008,7.3,9113.607990012484,7.29416,0.0,9.0,8.0,0.05762618
0022400772,1610612751,Brooklyn,Nets,BKN,nets,1630570,Trendon,Watford,T. Watford,trendon-watford,,,,24:20,24.333333333333332,7,8,0.875,0,0,0.0,4,4,1.0,0,1,1,2,3,1,1,2,18,5.0,0022400772,Trendon Watford,trendon watford,,,2025-02-12,4,0.7397260273972603,0.0,0.04109589041095891,0.08219178082191782,0.16438356164383564,2.0,7.0,10.0,5.0,1.0,2.0,3.0,6.0,1.0,0,0.0,0,0.0020399999999999997,10.4,5095.541401273886,10.378784,0.16438356164383564,2.0,4.0,0.8262764
0022400772,1610612751,Brooklyn,Nets,BKN,nets,1630549,Day'Ron,Sharpe,D. Sharpe,dayron-sharpe,,,,14:55,14.916666666666666,4,6,0.667,0,0,0.0,0,0,0.0,4,5,9,2,1,0,3,2,8,13.0,0022400772,Day'Ron Sharpe,day'ron sharpe,,,2025-02-12,1,0.5363128491620112,0.2681564245810056,0.6033519553072626,0.1340782122905028,0.335195530726257,5.0,2.0,2.0,5.0,4.0,4.0,1.0,9.0,2.0,0,0.0,0,0.0027300000000000002,53.8,19699.743683632365,53.65312599999999,0.0670391061452514,5.0,2.0,0.7652587
0022400772,1610612751,Brooklyn,Nets,BKN,nets,1641787,Tosan,Evbuomwan,T. Evbuomwan,tosan-evbuomwan,,,,16:34,16.566666666666666,1,6,0.167,0,2,0.0,0,0,0.0,2,0,2,2,1,0,0,1,2,5.0,0022400772,Tosan Evbuomwan,tosan evbuomwan,,,2025-02-12,1,0.12072434607645875,0.12072434607645875,0.12072434607645875,0.12072434607645875,0.18108651911468812,10.0,3.0,9.0,5.0,4.0,4.0,3.0,8.0,3.0,0,0.0,0,0.0014299999999999998,17.5,12229.210342417891,17.474975,0.060362173038229376,5.0,3.0,0.033275828
0022400772,1610612751,Brooklyn,Nets,BKN,nets,1631213,Tyrese,Martin,T. Martin,tyrese-martin,,,,14:38,14.633333333333333,1,5,0.2,1,4,0.25,0,0,0.0,1,2,3,1,1,0,0,1,3,4.0,0022400772,Tyrese Martin,tyrese martin,,,2025-02-12,1,0.2050113895216401,0.0683371298405467,0.2050113895216401,0.0683371298405467,0.1366742596810934,9.0,4.0,7.0,9.0,4.0,4.0,6.0,10.0,2.0,0,0.0,0,0.00125,9.5,7593.924860111911,9.488125,0.0683371298405467,5.0,6.0,0.026075726
0022400772,1610612751,Brooklyn,Nets,BKN,nets,1641727,Dariq,Whitehead,D. Whitehead,dariq-whitehead,,,,0:26,0.43333333333333335,0,0,0.0,0,0,0.0,0,0,0.0,0,1,1,0,0,0,3,0,0,-6.0,0022400772,Dariq Whitehead,dariq whitehead,,,2025-02-12,0,0.0,0.0,2.3076923076923075,0.0,0.0,11.0,7.0,10.0,11.0,8.0,4.0,10.0,11.0,,1,,1,0.0075,-150.0,-19997.33368884149,-148.875,0.0,9.0,10.0,0.010189342
0022400772,1610612751,Brooklyn,Nets,BKN,nets,1641721,Maxwell,Lewis,M. Lewis,maxwell-lewis,,,,0:26,0.43333333333333335,0,0,0.0,0,0,0.0,0,0,0.0,0,0,0,0,0,0,0,0,0,-6.0,0022400772,Maxwell Lewis,maxwell lewis,,,2025-02-12,0,0.0,0.0,0.0,0.0,0.0,11.0,7.0,12.0,11.0,8.0,4.0,10.0,11.0,1.0,0,0.0,0,0.0,-150.0,-150000000.0,-150.0,0.0,9.0,10.0,0.0034064678
0022400772,1610612751,Brooklyn,Nets,BKN,nets,1641736,Reece,Beekman,R. Beekman,reece-beekman,,,,0:26,0.43333333333333335,0,0,0.0,0,0,0.0,0,0,0.0,0,0,0,0,0,0,0,0,0,-6.0,0022400772,Reece Beekman,reece beekman,,,2025-02-12,0,0.0,0.0,0.0,0.0,0.0,11.0,7.0,12.0,11.0,8.0,4.0,10.0,11.0,0.0,0,0.0,0,0.0,-150.0,-150000000.0,-150.0,0.0,9.0,10.0,0.0035022567
0022400791,1610612751,Brooklyn,Nets,BKN,nets,1629661,Cameron,Johnson,C. Johnson,cameron-johnson,F,,,29:00,29.0,6,11,0.545,3,6,0.5,3,4,0.75,1,2,3,2,0,0,0,4,18,-16.0,0022400791,Cameron Johnson,cameron johnson,,,2025-02-20,0,0.6206896551724138,0.034482758620689655,0.10344827586206896,0.06896551724137931,0.034482758620689655,1.0,4.0,7.0,6.0,6.0,6.0,11.0,2.0,1.0,0,0.0,0,0.0017299999999999998,-24.3,-14038.128249566727,-24.257961,0.0,7.0,8.0,0.8709785
0022400791,1610612751,Brooklyn,Nets,BKN,nets,1630533,Ziaire,Williams,Z. Williams,ziaire-williams,F,,,30:46,30.766666666666666,3,9,0.333,1,7,0.143,3,3,1.0,1,6,7,2,2,1,2,4,10,-8.0,0022400791,Ziaire Williams,ziaire williams,,,2025-02-20,3,0.3250270855904659,0.032502708559046585,0.22751895991332613,0.06500541711809317,0.13001083423618634,4.0,4.0,3.0,6.0,1.0,3.0,7.0,1.0,6.0,0,0.0,0,0.0016,-11.0,-6870.705808869457,-10.9824,0.09750812567713976,3.0,3.0,0.10632963
0022400791,1610612751,Brooklyn,Nets,BKN,nets,1629651,Nic,Claxton,N. Claxton,nic-claxton,C,,,28:14,28.233333333333334,4,10,0.4,0,0,0.0,0,4,0.0,6,3,9,4,2,3,1,3,8,-7.0,0022400791,Nic Claxton,nic claxton,,,2025-02-20,5,0.28335301062573787,0.21251475796930341,0.3187721369539551,0.14167650531286893,0.3896103896103896,6.0,1.0,2.0,2.0,1.0,2.0,5.0,3.0,2.0,0,0.0,0,0.0017599999999999998,-11.7,-6643.9522998296425,-11.679407999999999,0.1770956316410862,1.0,1.0,0.5468196
0022400791,1610612751,Brooklyn,Nets,BKN,nets,1630553,Keon,Johnson,K. Johnson,keon-johnson,G,,,26:17,26.283333333333335,8,19,0.421,0,6,0.0,0,0,0.0,1,3,4,1,1,1,3,2,16,-15.0,0022400791,Keon Johnson,keon johnson,,,2025-02-20,2,0.6087507926442612,0.03804692454026633,0.1521876981610653,0.03804692454026633,0.11414077362079898,2.0,4.0,5.0,9.0,3.0,3.0,10.0,4.0,2.0,0,1.0,0,0.00328,-30.8,-9387.381895763487,-30.698976000000002,0.07609384908053266,4.0,5.0,0.5023774
0022400791,1610612751,Brooklyn,Nets,BKN,nets,1626156,D'Angelo,Russell,D. Russell,dangelo-russell,G,,,17:30,17.5,1,7,0.143,1,6,0.167,0,0,0.0,0,0,0,5,0,0,1,2,3,9.0,0022400791,D'Angelo Russell,d'angelo russell,,,2025-02-20,0,0.17142857142857143,0.0,0.0,0.2857142857142857,0.0,10.0,8.0,11.0,1.0,6.0,6.0,1.0,9.0,0.0,0,0.0,0,0.0016300000000000002,18.2,11158.798283261802,18.170334,0.0,7.0,9.0,0.018573707
0022400791,1610612751,Brooklyn,Nets,BKN,nets,1630165,Killian,Hayes,K. Hayes,killian-hayes,,,,21:12,21.2,2,6,0.333,0,3,0.0,1,2,0.5,0,1,1,3,0,1,0,3,5,-7.0,0022400791,Killian Hayes,killian hayes,,,2025-02-20,1,0.2358490566037736,0.0,0.04716981132075472,0.14150943396226415,0.04716981132075472,9.0,8.0,8.0,3.0,6.0,3.0,5.0,7.0,0.0,0,1.0,0,0.00135,-14.9,-11028.867505551443,-14.879885000000002,0.04716981132075472,5.0,6.0,0.02263702
0022400791,1610612751,Brooklyn,Nets,BKN,nets,1630592,Jalen,Wilson,J. Wilson,jalen-wilson,,,,26:15,26.25,4,7,0.571,2,5,0.4,0,0,0.0,2,3,5,2,1,0,1,0,10,-8.0,0022400791,Jalen Wilson,jalen wilson,,,2025-02-20,1,0.38095238095238093,0.0761904761904762,0.19047619047619047,0.0761904761904762,0.11428571428571428,4.0,2.0,4.0,6.0,3.0,6.0,7.0,5.0,2.0,0,0.0,0,0.00116,-17.7,-15245.478036175711,-17.679468,0.0380952380952381,5.0,4.0,0.3402416
0022400791,1610612751,Brooklyn,Nets,BKN,nets,1631213,Tyrese,Martin,T. Martin,tyrese-martin,,,,16:32,16.533333333333335,3,4,0.75,1,2,0.5,0,1,0.0,0,1,1,0,0,0,1,0,7,-2.0,0022400791,Tyrese Martin,tyrese martin,,,2025-02-20,0,0.4233870967741935,0.0,0.06048387096774193,0.0,0.0,7.0,8.0,8.0,10.0,6.0,6.0,3.0,10.0,1.0,0,0.0,0,0.00116,-12.7,-10938.845822566753,-12.685267999999999,0.0,7.0,9.0,0.06259496
0022400791,1610612751,Brooklyn,Nets,BKN,nets,1630570,Trendon,Watford,T. Watford,trendon-watford,,,,21:21,21.35,4,11,0.364,1,1,1.0,4,5,0.8,1,3,4,3,0,0,3,2,13,-11.0,0022400791,Trendon Watford,trendon watford,,,2025-02-20,0,0.6088992974238876,0.046838407494145196,0.18735362997658078,0.1405152224824356,0.046838407494145196,3.0,4.0,5.0,3.0,6.0,6.0,9.0,6.0,2.0,0,0.0,0,0.00267,-27.6,-10333.20853612879,-27.526308000000004,0.0,7.0,7.0,0.6330151
0022400791,1610612751,Brooklyn,Nets,BKN,nets,1630549,Day'Ron,Sharpe,D. Sharpe,dayron-sharpe,,,,19:46,19.766666666666666,3,10,0.3,1,2,0.5,0,0,0.0,2,8,10,3,1,4,3,3,7,-6.0,0022400791,Day'Ron Sharpe,day'ron sharpe,,,2025-02-20,5,0.35413153456998314,0.10118043844856661,0.5059021922428331,0.15177065767284992,0.35413153456998314,7.0,2.0,1.0,3.0,3.0,1.0,4.0,8.0,2.0,0,0.0,0,0.00265,-14.0,-5281.026027913995,-13.9629,0.25295109612141653,1.0,2.0,0.44792032
0022400791,1610612751,Brooklyn,Nets,BKN,nets,1641721,Maxwell,Lewis,M. Lewis,maxwell-lewis,,,,3:07,3.1166666666666667,0,1,0.0,0,0,0.0,0,0,0.0,0,1,1,0,0,0,0,0,0,6.0,0022400791,Maxwell Lewis,maxwell lewis,,,2025-02-20,0,0.0,0.0,0.32085561497326204,0.0,0.0,11.0,8.0,8.0,10.0,6.0,6.0,2.0,11.0,1.0,0,0.0,0,0.00167,111.9,66965.88868940754,111.71312700000001,0.0,7.0,9.0,0.006646617
0022400807,1610612751,Brooklyn,Nets,BKN,nets,1629661,Cameron,Johnson,C. Johnson,cameron-johnson,F,,,35:14,35.233333333333334,7,17,0.412,1,9,0.111,8,8,1.0,0,4,4,4,3,0,3,3,23,2.0,0022400807,Cameron Johnson,cameron johnson,,,2025-02-22,3,0.6527909176915799,0.0,0.11352885525070955,0.11352885525070955,0.08514664143803216,1.0,5.0,4.0,3.0,1.0,5.0,4.0,2.0,1.0,0,0.0,0,0.00299,5.8,1939.1507856904043,5.782658,0.08514664143803216,3.0,4.0,0.676172
0022400807,1610612751,Brooklyn,Nets,BKN,nets,1630533,Ziaire,Williams,Z. Williams,ziaire-williams,F,,,29:59,29.983333333333334,4,9,0.444,2,6,0.333,1,1,1.0,1,6,7,2,0,0,2,4,11,8.0,0022400807,Ziaire Williams,ziaire williams,,,2025-02-22,0,0.3668704836020011,0.033351862145636464,0.23346303501945526,0.06670372429127293,0.033351862145636464,4.0,3.0,2.0,6.0,6.0,5.0,1.0,4.0,3.0,0,0.0,0,0.00164,11.4,6946.9835466179165,11.381304,0.0,8.0,8.0,0.5192228
0022400807,1610612751,Brooklyn,Nets,BKN,nets,1629651,Nic,Claxton,N. Claxton,nic-claxton,C,,,35:51,35.85,7,11,0.636,0,0,0.0,2,3,0.667,3,6,9,3,0,5,3,1,16,2.0,0022400807,Nic Claxton,nic claxton,,,2025-02-22,5,0.44630404463040446,0.08368200836820083,0.2510460251046025,0.08368200836820083,0.22315202231520223,2.0,2.0,1.0,5.0,6.0,1.0,4.0,1.0,2.0,0,0.0,0,0.00192,5.7,2967.2045809474234,5.689056,0.1394700139470014,1.0,2.0,0.79801846
0022400807,1610612751,Brooklyn,Nets,BKN,nets,1630553,Keon,Johnson,K. Johnson,keon-johnson,G,,,31:06,31.1,5,11,0.455,1,3,0.333,0,0,0.0,1,3,4,4,3,1,1,4,11,3.0,0022400807,Keon Johnson,keon johnson,,,2025-02-22,4,0.35369774919614144,0.03215434083601286,0.12861736334405144,0.12861736334405144,0.1607717041800643,4.0,3.0,4.0,3.0,1.0,2.0,2.0,3.0,4.0,0,0.0,0,0.00179,6.8,3796.7615857063097,6.787828,0.12861736334405144,2.0,3.0,0.6820904
0022400807,1610612751,Brooklyn,Nets,BKN,nets,1630165,Killian,Hayes,K. Hayes,killian-hayes,G,,,26:37,26.616666666666667,1,3,0.333,0,0,0.0,1,2,0.5,0,4,4,6,0,1,2,1,3,3.0,0022400807,Killian Hayes,killian hayes,,,2025-02-22,1,0.11271133375078271,0.0,0.15028177833437695,0.22542266750156542,0.03757044458359424,9.0,5.0,4.0,1.0,6.0,2.0,2.0,5.0,2.0,0,0.0,0,0.0010199999999999999,9.2,9010.773751224291,9.190615999999999,0.03757044458359424,5.0,7.0,0.02501507
0022400807,1610612751,Brooklyn,Nets,BKN,nets,1630592,Jalen,Wilson,J. Wilson,jalen-wilson,,,,22:13,22.216666666666665,2,3,0.667,2,3,0.667,2,2,1.0,0,2,2,1,1,0,1,0,8,-7.0,0022400807,Jalen Wilson,jalen wilson,,,2025-02-22,1,0.36009002250562644,0.0,0.09002250562640661,0.045011252813203305,0.045011252813203305,7.0,5.0,7.0,7.0,4.0,5.0,10.0,7.0,0.0,0,0.0,0,0.00098,-15.9,-16207.951070336394,-15.884418,0.045011252813203305,5.0,6.0,0.051346485
0022400807,1610612751,Brooklyn,Nets,BKN,nets,1631213,Tyrese,Martin,T. Martin,tyrese-martin,,,,13:03,13.05,2,5,0.4,1,3,0.333,0,0,0.0,0,1,1,0,1,0,0,0,5,1.0,0022400807,Tyrese Martin,tyrese martin,,,2025-02-22,1,0.38314176245210724,0.0,0.07662835249042145,0.0,0.07662835249042145,8.0,5.0,8.0,9.0,4.0,5.0,6.0,8.0,2.0,0,0.0,0,0.00172,4.3,2498.5473561882627,4.292604,0.07662835249042145,5.0,5.0,0.046933115
0022400807,1610612751,Brooklyn,Nets,BKN,nets,1630549,Day'Ron,Sharpe,D. Sharpe,dayron-sharpe,,,,12:46,12.766666666666667,5,6,0.833,0,0,0.0,0,0,0.0,4,3,7,1,2,1,1,4,10,0.0,0022400807,Day'Ron Sharpe,day'ron sharpe,,,2025-02-22,3,0.7832898172323759,0.31331592689295035,0.5483028720626631,0.07832898172323759,0.5483028720626631,6.0,1.0,2.0,7.0,3.0,2.0,8.0,9.0,1.0,0,0.0,0,0.00241,-4.9,-2032.3517212774784,-4.888191,0.23498694516971277,3.0,1.0,0.8012749
0022400807,1610612751,Brooklyn,Nets,BKN,nets,1630570,Trendon,Watford,T. Watford,trendon-watford,,,,23:41,23.683333333333334,7,13,0.538,0,2,0.0,2,3,0.667,0,1,1,6,0,0,2,1,16,1.0,0022400807,Trendon Watford,trendon watford,,,2025-02-22,0,0.6755805770584096,0.0,0.0422237860661506,0.2533427163969036,0.0,2.0,5.0,8.0,1.0,6.0,5.0,6.0,6.0,2.0,0,0.0,0,0.00308,2.3,746.5108730931515,2.292916,0.0,8.0,9.0,0.7515053
0022400807,1610612751,Brooklyn,Nets,BKN,nets,1641736,Reece,Beekman,R. Beekman,reece-beekman,,,,9:30,9.5,1,3,0.333,0,2,0.0,0,0,0.0,0,0,0,0,0,0,1,1,2,-3.0,0022400807,Reece Beekman,reece beekman,,,2025-02-22,0,0.21052631578947367,0.0,0.0,0.0,0.0,10.0,5.0,10.0,9.0,6.0,5.0,9.0,10.0,1.0,0,0.0,0,0.00182,-17.6,-9665.019220208678,-17.567968,0.0,8.0,9.0,0.0073266444
0022400824,1610612751,Brooklyn,Nets,BKN,nets,1629661,Cameron,Johnson,C. Johnson,cameron-johnson,F,,,32:24,32.4,5,13,0.385,2,5,0.4,5,5,1.0,2,2,4,1,1,1,2,2,17,-11.0,0022400824,Cameron Johnson,cameron johnson,,,2025-02-24,2,0.5246913580246914,0.0617283950617284,0.1234567901234568,0.0308641975308642,0.1234567901234568,2.0,3.0,6.0,7.0,6.0,1.0,7.0,2.0,2.0,0,0.0,0,0.00215,-16.7,-7763.830776383077,-16.664095,0.0617283950617284,5.0,6.0,0.7795342
0022400824,1610612751,Brooklyn,Nets,BKN,nets,1630533,Ziaire,Williams,Z. Williams,ziaire-williams,F,,,33:41,33.68333333333333,6,10,0.6,5,7,0.714,2,2,1.0,1,4,5,0,3,0,0,3,19,-12.0,0022400824,Ziaire Williams,ziaire williams,,,2025-02-24,3,0.5640771895101435,0.02968827313211282,0.1484413656605641,0.0,0.11875309252845127,1.0,7.0,3.0,10.0,2.0,5.0,8.0,1.0,3.0,0,0.0,0,0.0014099999999999998,-19.2,-13607.370659107019,-19.172928,0.08906481939633845,2.0,7.0,0.92645377
0022400824,1610612751,Brooklyn,Nets,BKN,nets,1629651,Nic,Claxton,N. Claxton,nic-claxton,C,,,30:50,30.833333333333332,4,8,0.5,0,1,0.0,0,0,0.0,2,3,5,2,2,1,1,4,8,-12.0,0022400824,Nic Claxton,nic claxton,,,2025-02-24,3,0.2594594594594595,0.06486486486486487,0.16216216216216217,0.06486486486486487,0.16216216216216217,6.0,3.0,3.0,4.0,3.0,1.0,8.0,3.0,3.0,0,0.0,0,0.00122,-19.7,-16134.316134316136,-19.675966,0.0972972972972973,2.0,5.0,0.26226953
0022400824,1610612751,Brooklyn,Nets,BKN,nets,1630553,Keon,Johnson,K. Johnson,keon-johnson,G,,,26:04,26.066666666666666,4,11,0.364,1,3,0.333,0,0,0.0,0,2,2,5,4,1,1,3,9,-14.0,0022400824,Keon Johnson,keon johnson,,,2025-02-24,5,0.3452685421994885,0.0,0.07672634271099744,0.1918158567774936,0.1918158567774936,5.0,8.0,8.0,2.0,1.0,1.0,10.0,4.0,4.0,0,0.0,0,0.00203,-26.4,-12998.522895125552,-26.346408,0.1918158567774936,1.0,4.0,0.38075104
0022400824,1610612751,Brooklyn,Nets,BKN,nets,1630165,Killian,Hayes,K. Hayes,killian-hayes,G,,,24:37,24.616666666666667,2,7,0.286,1,3,0.333,2,2,1.0,2,1,3,8,2,1,2,3,7,-3.0,0022400824,Killian Hayes,killian hayes,,,2025-02-24,3,0.2843601895734597,0.08124576844955991,0.12186865267433987,0.32498307379823965,0.2031144211238998,7.0,3.0,7.0,1.0,3.0,1.0,6.0,5.0,4.0,0,0.0,0,0.00182,-6.1,-3349.8077979132345,-6.0888979999999995,0.12186865267433987,2.0,3.0,0.13537222
0022400824,1610612751,Brooklyn,Nets,BKN,nets,1630592,Jalen,Wilson,J. Wilson,jalen-wilson,,,,21:56,21.933333333333334,2,9,0.222,2,8,0.25,0,1,0.0,0,2,2,2,1,0,1,5,6,6.0,0022400824,Jalen Wilson,jalen wilson,,,2025-02-24,1,0.2735562310030395,0.0,0.0911854103343465,0.0911854103343465,0.04559270516717325,9.0,8.0,8.0,4.0,6.0,5.0,1.0,8.0,2.0,0,0.0,0,0.00164,9.2,5606.337599024985,9.184911999999999,0.04559270516717325,7.0,9.0,0.071177475
0022400824,1610612751,Brooklyn,Nets,BKN,nets,1630549,Day'Ron,Sharpe,D. Sharpe,dayron-sharpe,,,,17:10,17.166666666666668,2,4,0.5,0,0,0.0,3,6,0.5,2,4,6,2,0,0,2,3,7,4.0,0022400824,Day'Ron Sharpe,day'ron sharpe,,,2025-02-24,0,0.4077669902912621,0.11650485436893203,0.3495145631067961,0.11650485436893203,0.11650485436893203,7.0,3.0,2.0,4.0,9.0,5.0,2.0,9.0,3.0,0,0.0,0,0.00196,8.1,4130.545639979602,8.084124,0.0,9.0,8.0,0.14600429
0022400824,1610612751,Brooklyn,Nets,BKN,nets,1641736,Reece,Beekman,R. Beekman,reece-beekman,,,,7:01,7.016666666666667,0,1,0.0,0,1,0.0,0,0,0.0,0,0,0,1,0,0,0,0,0,4.0,0022400824,Reece Beekman,reece beekman,,,2025-02-24,0,0.0,0.0,0.0,0.14251781472684086,0.0,10.0,8.0,10.0,7.0,9.0,5.0,2.0,10.0,1.0,0,0.0,0,0.00045,25.0,55432.37250554324,24.98875,0.0,9.0,10.0,0.005297664
0022400824,1610612751,Brooklyn,Nets,BKN,nets,1630570,Trendon,Watford,T. Watford,trendon-watford,,,,22:59,22.983333333333334,4,8,0.5,0,1,0.0,3,4,0.75,4,3,7,3,1,0,4,5,11,-2.0,0022400824,Trendon Watford,trendon watford,,,2025-02-24,1,0.47860768672951415,0.1740391588107324,0.3045685279187817,0.1305293691080493,0.2175489485134155,4.0,1.0,1.0,3.0,6.0,5.0,5.0,7.0,1.0,0,0.0,0,0.0023,-6.4,-2781.399391568883,-6.385280000000001,0.0435097897026831,7.0,1.0,0.3910816
0022400824,1610612751,Brooklyn,Nets,BKN,nets,1631213,Tyrese,Martin,T. Martin,tyrese-martin,,,,23:18,23.3,4,13,0.308,3,7,0.429,4,4,1.0,3,2,5,1,2,0,2,0,15,0.0,0022400824,Tyrese Martin,tyrese martin,,,2025-02-24,2,0.6437768240343348,0.12875536480686695,0.2145922746781116,0.04291845493562232,0.2145922746781116,3.0,2.0,3.0,7.0,3.0,5.0,4.0,6.0,5.0,0,0.0,0,0.00266,-4.3,-1615.933859451334,-4.288562,0.08583690987124463,5.0,2.0,0.75149035
0022400840,1610612751,Brooklyn,Nets,BKN,nets,1629661,Cameron,Johnson,C. Johnson,cameron-johnson,F,,,32:59,32.983333333333334,6,13,0.462,4,7,0.571,3,4,0.75,1,2,3,7,1,0,0,2,19,12.0,0022400840,Cameron Johnson,cameron johnson,,,2025-02-26,1,0.5760485093481557,0.03031834259727135,0.09095502779181404,0.21222839818089945,0.0606366851945427,2.0,5.0,4.0,1.0,3.0,4.0,2.0,2.0,2.0,0,0.0,0,0.00172,17.4,10110.40092969204,17.370071999999997,0.03031834259727135,3.0,7.0,0.9044291
0022400840,1610612751,Brooklyn,Nets,BKN,nets,1630533,Ziaire,Williams,Z. Williams,ziaire-williams,F,,,29:09,29.15,6,15,0.4,5,13,0.385,1,2,0.5,2,8,10,1,0,1,2,3,18,10.0,0022400840,Ziaire Williams,ziaire williams,,,2025-02-26,1,0.6174957118353345,0.0686106346483705,0.3430531732418525,0.03430531732418525,0.10291595197255575,4.0,3.0,2.0,7.0,5.0,2.0,3.0,5.0,1.0,0,0.0,0,0.0023699999999999997,13.4,5651.623787431464,13.368242,0.03430531732418525,3.0,4.0,0.5169448
0022400840,1610612751,Brooklyn,Nets,BKN,nets,1630549,Day'Ron,Sharpe,D. Sharpe,dayron-sharpe,C,,,31:02,31.033333333333335,8,10,0.8,2,3,0.667,7,7,1.0,7,8,15,5,2,3,2,4,25,20.0,0022400840,Day'Ron Sharpe,day'ron sharpe,,,2025-02-26,5,0.8055853920515574,0.22556390977443608,0.48335123523093443,0.16111707841031148,0.38668098818474755,1.0,1.0,1.0,3.0,2.0,1.0,1.0,3.0,6.0,0,0.0,0,0.00183,34.9,19060.622610595303,34.836133,0.16111707841031148,1.0,1.0,0.96338075
0022400840,1610612751,Brooklyn,Nets,BKN,nets,1630553,Keon,Johnson,K. Johnson,keon-johnson,G,,,29:27,29.45,4,12,0.333,4,11,0.364,4,4,1.0,2,1,3,4,3,1,1,5,16,9.0,0022400840,Keon Johnson,keon johnson,,,2025-02-26,4,0.5432937181663837,0.06791171477079797,0.10186757215619695,0.13582342954159593,0.2037351443123939,5.0,3.0,4.0,4.0,1.0,2.0,5.0,4.0,4.0,0,0.0,0,0.002,15.8,7896.051974012993,15.768400000000002,0.13582342954159593,2.0,2.0,0.6834102
0022400840,1610612751,Brooklyn,Nets,BKN,nets,1630165,Killian,Hayes,K. Hayes,killian-hayes,G,,,33:57,33.95,7,13,0.538,5,10,0.5,0,0,0.0,0,2,2,7,0,0,2,4,19,10.0,0022400840,Killian Hayes,killian hayes,,,2025-02-26,0,0.5596465390279822,0.0,0.0589101620029455,0.20618556701030927,0.0,2.0,9.0,7.0,1.0,5.0,4.0,3.0,1.0,3.0,0,0.0,0,0.00169,14.1,8338.26138379657,14.076171,0.0,6.0,10.0,0.83843267
0022400840,1610612751,Brooklyn,Nets,BKN,nets,1630592,Jalen,Wilson,J. Wilson,jalen-wilson,,,,17:42,17.7,2,5,0.4,1,4,0.25,2,2,1.0,1,0,1,2,0,0,0,4,7,-22.0,0022400840,Jalen Wilson,jalen wilson,,,2025-02-26,0,0.3954802259887006,0.05649717514124294,0.05649717514124294,0.11299435028248588,0.05649717514124294,7.0,5.0,10.0,6.0,5.0,4.0,9.0,8.0,0.0,0,0.0,0,0.0014000000000000002,-67.5,-48179.87152034261,-67.4055,0.0,6.0,8.0,0.030029727
0022400840,1610612751,Brooklyn,Nets,BKN,nets,1641736,Reece,Beekman,R. Beekman,reece-beekman,,,,14:03,14.05,1,5,0.2,0,2,0.0,0,0,0.0,0,2,2,1,1,0,2,1,2,-18.0,0022400840,Reece Beekman,reece beekman,,,2025-02-26,1,0.14234875444839856,0.0,0.14234875444839856,0.07117437722419928,0.07117437722419928,10.0,9.0,7.0,7.0,3.0,4.0,7.0,10.0,3.0,0,0.0,0,0.002,-68.9,-34432.7836081959,-68.7622,0.07117437722419928,3.0,5.0,0.007265161
0022400840,1610612751,Brooklyn,Nets,BKN,nets,1630570,Trendon,Watford,T. Watford,trendon-watford,,,,18:02,18.033333333333335,1,7,0.143,0,3,0.0,1,2,0.5,3,2,5,4,0,0,4,1,3,-24.0,0022400840,Trendon Watford,trendon watford,,,2025-02-26,0,0.16635859519408502,0.16635859519408502,0.277264325323475,0.22181146025878,0.16635859519408502,8.0,2.0,3.0,4.0,5.0,4.0,10.0,7.0,0.0,0,0.0,0,0.0025,-75.1,-30027.988804478206,-74.91225,0.0,6.0,3.0,0.011756117
0022400840,1610612751,Brooklyn,Nets,BKN,nets,1641787,Tosan,Evbuomwan,T. Evbuomwan,tosan-evbuomwan,,,,15:07,15.116666666666667,2,8,0.25,1,4,0.25,4,4,1.0,1,2,3,0,0,0,0,1,9,-20.0,0022400840,Tosan Evbuomwan,tosan evbuomwan,,,2025-02-26,0,0.5953693495038589,0.0661521499448732,0.19845644983461963,0.0,0.0661521499448732,6.0,5.0,4.0,9.0,5.0,4.0,8.0,9.0,4.0,0,0.0,0,0.0027800000000000004,-69.2,-24883.13556274721,-69.007624,0.0,6.0,6.0,0.08986569
0022400840,1610612751,Brooklyn,Nets,BKN,nets,1631213,Tyrese,Martin,T. Martin,tyrese-martin,,,,18:33,18.55,1,5,0.2,1,4,0.25,0,0,0.0,1,1,2,0,0,0,1,0,3,-17.0,0022400840,Tyrese Martin,tyrese martin,,,2025-02-26,0,0.16172506738544473,0.053908355795148244,0.10781671159029649,0.0,0.053908355795148244,8.0,5.0,7.0,9.0,5.0,4.0,6.0,6.0,0.0,0,0.0,0,0.00125,-56.9,-45483.61310951239,-56.828875000000004,0.0,6.0,9.0,0.00833142
0022400853,1610612751,Brooklyn,Nets,BKN,nets,1629661,Cameron,Johnson,C. Johnson,cameron-johnson,F,,,24:17,24.283333333333335,4,11,0.364,2,6,0.333,4,4,1.0,1,3,4,4,2,0,3,2,14,-14.0,0022400853,Cameron Johnson,cameron johnson,,,2025-02-28,2,0.5765271105010294,0.04118050789293068,0.16472203157172272,0.16472203157172272,0.12354152367879204,4.0,8.0,5.0,1.0,2.0,3.0,12.0,4.0,2.0,0,0.0,0,0.0027600000000000003,-28.6,-10358.565737051791,-28.521064000000003,0.08236101578586136,2.0,8.0,0.4889955
0022400853,1610612751,Brooklyn,Nets,BKN,nets,1630533,Ziaire,Williams,Z. Williams,ziaire-williams,F,,,10:28,10.466666666666667,2,4,0.5,1,2,0.5,0,0,0.0,0,0,0,1,1,0,0,0,5,-13.0,0022400853,Ziaire Williams,ziaire williams,,,2025-02-28,1,0.47770700636942676,0.0,0.0,0.09554140127388534,0.09554140127388534,8.0,9.0,12.0,6.0,5.0,3.0,10.0,11.0,0.0,0,0.0,0,0.00167,-65.0,-38898.862956313584,-64.89145,0.09554140127388534,6.0,9.0,0.015723806
0022400853,1610612751,Brooklyn,Nets,BKN,nets,1629651,Nic,Claxton,N. Claxton,nic-claxton,C,,,23:15,23.25,6,9,0.667,0,0,0.0,4,5,0.8,2,3,5,3,0,0,0,1,16,-11.0,0022400853,Nic Claxton,nic claxton,,,2025-02-28,0,0.6881720430107527,0.08602150537634409,0.21505376344086022,0.12903225806451613,0.08602150537634409,1.0,4.0,3.0,3.0,9.0,3.0,8.0,5.0,0.0,0,0.0,0,0.00182,-22.4,-12300.933552992861,-22.359232,0.0,10.0,11.0,0.8978798
0022400853,1610612751,Brooklyn,Nets,BKN,nets,1630560,Cam,Thomas,C. Thomas,cam-thomas,G,,,21:18,21.3,7,17,0.412,0,4,0.0,2,2,1.0,2,0,2,1,0,0,3,2,16,-13.0,0022400853,Cam Thomas,cam thomas,,,2025-02-28,0,0.7511737089201878,0.09389671361502347,0.09389671361502347,0.046948356807511735,0.09389671361502347,1.0,4.0,10.0,6.0,9.0,3.0,10.0,7.0,0.0,0,0.0,0,0.0041199999999999995,-30.2,-7328.318369327833,-30.075575999999998,0.0,10.0,10.0,0.7231275
0022400853,1610612751,Brooklyn,Nets,BKN,nets,1630165,Killian,Hayes,K. Hayes,killian-hayes,G,,,30:24,30.4,5,8,0.625,2,3,0.667,4,4,1.0,2,2,4,4,1,1,2,1,16,-12.0,0022400853,Killian Hayes,killian hayes,,,2025-02-28,2,0.5263157894736842,0.06578947368421052,0.13157894736842105,0.13157894736842105,0.13157894736842105,1.0,4.0,5.0,1.0,5.0,1.0,9.0,1.0,3.0,0,0.0,0,0.0016,-18.8,-11742.66083697689,-18.76992,0.06578947368421052,2.0,5.0,0.88213557
0022400853,1610612751,Brooklyn,Nets,BKN,nets,1630553,Keon,Johnson,K. Johnson,keon-johnson,,,,29:41,29.683333333333334,3,8,0.375,1,3,0.333,3,4,0.75,4,2,6,0,1,0,3,2,10,-9.0,0022400853,Keon Johnson,keon johnson,,,2025-02-28,1,0.3368893879842785,0.13475575519371139,0.2021336327905671,0.0,0.16844469399213924,5.0,1.0,2.0,11.0,5.0,3.0,6.0,2.0,0.0,0,0.0,0,0.0017100000000000001,-10.9,-6370.543541788428,-10.881361,0.033688938798427846,6.0,4.0,0.25576875
0022400853,1610612751,Brooklyn,Nets,BKN,nets,1630592,Jalen,Wilson,J. Wilson,jalen-wilson,,,,23:10,23.166666666666668,2,8,0.25,0,4,0.0,5,6,0.833,2,3,5,1,1,0,2,5,9,2.0,0022400853,Jalen Wilson,jalen wilson,,,2025-02-28,1,0.3884892086330935,0.08633093525179855,0.2158273381294964,0.043165467625899276,0.12949640287769784,6.0,4.0,3.0,6.0,5.0,3.0,2.0,6.0,1.0,0,0.0,0,0.0020599999999999998,5.5,2668.607472100922,5.48867,0.043165467625899276,6.0,6.0,0.24384482
0022400853,1610612751,Brooklyn,Nets,BKN,nets,1631213,Tyrese,Martin,T. Martin,tyrese-martin,,,,24:57,24.95,2,8,0.25,1,5,0.2,0,0,0.0,4,0,4,2,3,0,2,1,5,-7.0,0022400853,Tyrese Martin,tyrese martin,,,2025-02-28,3,0.20040080160320642,0.16032064128256512,0.16032064128256512,0.08016032064128256,0.280561122244489,8.0,1.0,5.0,4.0,1.0,3.0,4.0,3.0,2.0,0,0.0,0,0.0014299999999999998,-14.0,-9783.368273934313,-13.97998,0.12024048096192386,1.0,1.0,0.05346867
0022400853,1610612751,Brooklyn,Nets,BKN,nets,1630549,Day'Ron,Sharpe,D. Sharpe,dayron-sharpe,,,,18:58,18.966666666666665,3,5,0.6,0,0,0.0,0,0,0.0,4,3,7,1,0,1,1,6,6,-10.0,0022400853,Day'Ron Sharpe,day'ron sharpe,,,2025-02-28,1,0.31634446397188054,0.210896309314587,0.3690685413005273,0.05272407732864675,0.2636203866432338,7.0,1.0,1.0,6.0,9.0,1.0,7.0,8.0,1.0,0,0.0,0,0.00115,-20.1,-17463.075586446572,-20.076885,0.05272407732864675,6.0,2.0,0.32046062
0022400853,1610612751,Brooklyn,Nets,BKN,nets,1630570,Trendon,Watford,T. Watford,trendon-watford,,,,16:11,16.183333333333334,2,6,0.333,0,0,0.0,1,2,0.5,0,3,3,2,2,0,3,3,5,-8.0,0022400853,Trendon Watford,trendon watford,,,2025-02-28,2,0.30895983522142123,0.0,0.18537590113285274,0.12358393408856848,0.12358393408856848,8.0,9.0,8.0,4.0,2.0,3.0,5.0,9.0,1.0,0,0.0,0,0.00213,-19.5,-9150.633505396527,-19.458465,0.12358393408856848,2.0,7.0,0.03390617
0022400853,1610612751,Brooklyn,Nets,BKN,nets,1641736,Reece,Beekman,R. Beekman,reece-beekman,,,,11:17,11.283333333333333,0,2,0.0,0,1,0.0,0,0,0.0,0,2,2,0,2,0,1,0,0,-4.0,0022400853,Reece Beekman,reece beekman,,,2025-02-28,2,0.0,0.0,0.17725258493353027,0.0,0.17725258493353027,11.0,9.0,10.0,11.0,2.0,3.0,3.0,10.0,2.0,0,0.0,0,0.00097,-12.8,-13182.286302780638,-12.787584,0.17725258493353027,2.0,3.0,0.013339324
0022400853,1610612751,Brooklyn,Nets,BKN,nets,1641721,Maxwell,Lewis,M. Lewis,maxwell-lewis,,,,6:04,6.066666666666666,0,1,0.0,0,1,0.0,0,0,0.0,0,3,3,1,0,0,1,0,0,4.0,0022400853,Maxwell Lewis,maxwell lewis,,,2025-02-28,0,0.0,0.0,0.4945054945054945,0.16483516483516483,0.0,11.0,9.0,8.0,6.0,9.0,3.0,1.0,12.0,0.0,0,0.0,0,0.00111,20.8,18721.872187218723,20.776912,0.0,10.0,12.0,0.006345686
0022400861,1610612751,Brooklyn,Nets,BKN,nets,1629661,Cameron,Johnson,C. Johnson,cameron-johnson,F,,,30:13,30.216666666666665,3,20,0.15,0,10,0.0,7,8,0.875,1,3,4,0,1,0,3,2,13,-17.0,0022400861,Cameron Johnson,cameron johnson,,,2025-03-01,1,0.4302261445118588,0.03309431880860453,0.1323772752344181,0.0,0.06618863761720906,3.0,4.0,4.0,9.0,4.0,5.0,7.0,1.0,3.0,0,0.0,0,0.00333,-26.6,-7985.589912939057,-26.511422,0.03309431880860453,6.0,9.0,0.047823593
0022400861,1610612751,Brooklyn,Nets,BKN,nets,1630533,Ziaire,Williams,Z. Williams,ziaire-williams,F,,,25:30,25.5,5,14,0.357,0,6,0.0,1,2,0.5,1,2,3,1,2,0,1,4,11,-22.0,0022400861,Ziaire Williams,ziaire williams,,,2025-03-01,2,0.43137254901960786,0.0392156862745098,0.11764705882352941,0.0392156862745098,0.11764705882352941,4.0,4.0,6.0,6.0,3.0,5.0,9.0,6.0,3.0,0,0.0,0,0.00217,-38.6,-17779.824965453707,-38.516238,0.0784313725490196,4.0,4.0,0.27678138
0022400861,1610612751,Brooklyn,Nets,BKN,nets,1629651,Nic,Claxton,N. Claxton,nic-claxton,C,,,24:14,24.233333333333334,3,9,0.333,0,0,0.0,3,4,0.75,3,3,6,2,0,5,1,3,9,-23.0,0022400861,Nic Claxton,nic claxton,,,2025-03-01,5,0.3713892709766162,0.12379642365887207,0.24759284731774414,0.08253094910591471,0.33012379642365886,6.0,2.0,2.0,4.0,7.0,1.0,10.0,7.0,3.0,0,1.0,0,0.00179,-40.0,-22333.89168062535,-39.9284,0.2063273727647868,1.0,2.0,0.35514
0022400861,1610612751,Brooklyn,Nets,BKN,nets,1630553,Keon,Johnson,K. Johnson,keon-johnson,G,,,29:49,29.816666666666666,3,15,0.2,2,9,0.222,2,2,1.0,4,4,8,2,1,1,3,2,10,-19.0,0022400861,Keon Johnson,keon johnson,,,2025-03-01,2,0.3353828954723309,0.13415315818893236,0.26830631637786473,0.06707657909446618,0.20122973728339855,5.0,1.0,1.0,4.0,4.0,2.0,8.0,2.0,1.0,0,0.0,0,0.00244,-28.3,-11593.60917656698,-28.230948,0.06707657909446618,4.0,3.0,0.106664054
0022400861,1610612751,Brooklyn,Nets,BKN,nets,1630165,Killian,Hayes,K. Hayes,killian-hayes,G,,,25:33,25.55,1,6,0.167,0,2,0.0,2,2,1.0,1,3,4,3,1,0,1,1,4,-15.0,0022400861,Killian Hayes,killian hayes,,,2025-03-01,1,0.15655577299412915,0.03913894324853229,0.15655577299412915,0.11741682974559686,0.07827788649706457,7.0,4.0,4.0,2.0,4.0,5.0,6.0,5.0,1.0,0,1.0,0,0.00113,-23.6,-20866.48983200708,-23.573332,0.03913894324853229,6.0,8.0,0.026254745
0022400861,1610612751,Brooklyn,Nets,BKN,nets,1630592,Jalen,Wilson,J. Wilson,jalen-wilson,,,,25:49,25.816666666666666,3,5,0.6,1,2,0.5,7,8,0.875,0,3,3,3,0,0,0,2,14,9.0,0022400861,Jalen Wilson,jalen wilson,,,2025-03-01,0,0.5422853453841188,0.0,0.11620400258231117,0.11620400258231117,0.0,2.0,9.0,6.0,2.0,7.0,5.0,1.0,4.0,1.0,0,0.0,0,0.00125,10.4,8313.349320543566,10.387,0.0,9.0,10.0,0.3634858
0022400861,1610612751,Brooklyn,Nets,BKN,nets,1630549,Day'Ron,Sharpe,D. Sharpe,dayron-sharpe,,,,19:19,19.316666666666666,2,6,0.333,0,1,0.0,0,0,0.0,2,3,5,6,4,1,2,6,4,2.0,0022400861,Day'Ron Sharpe,day'ron sharpe,,,2025-03-01,5,0.2070750647109577,0.10353753235547886,0.25884383088869717,0.31061259706643657,0.362381363244176,7.0,3.0,3.0,1.0,1.0,2.0,2.0,9.0,6.0,0,0.0,0,0.0016,4.8,2998.1261711430357,4.792319999999999,0.25884383088869717,1.0,1.0,0.27602485
0022400861,1610612751,Brooklyn,Nets,BKN,nets,1641736,Reece,Beekman,R. Beekman,reece-beekman,,,,26:54,26.9,1,5,0.2,0,2,0.0,1,2,0.5,0,1,1,1,3,0,1,2,3,-6.0,0022400861,Reece Beekman,reece beekman,,,2025-03-01,3,0.11152416356877325,0.0,0.03717472118959108,0.03717472118959108,0.11152416356877325,9.0,9.0,9.0,6.0,2.0,5.0,4.0,3.0,9.0,0,0.0,0,0.00097,-11.7,-12049.433573635426,-11.688650999999998,0.11152416356877325,3.0,5.0,0.014191606
0022400861,1610612751,Brooklyn,Nets,BKN,nets,1631213,Tyrese,Martin,T. Martin,tyrese-martin,,,,23:06,23.1,7,11,0.636,2,5,0.4,7,7,1.0,1,0,1,1,0,1,0,0,23,-4.0,0022400861,Tyrese Martin,tyrese martin,,,2025-03-01,1,0.9956709956709956,0.04329004329004329,0.04329004329004329,0.04329004329004329,0.08658008658008658,1.0,4.0,9.0,6.0,7.0,2.0,3.0,8.0,0.0,0,0.0,0,0.00226,-7.7,-3405.5727554179566,-7.682598,0.04329004329004329,6.0,7.0,0.8959518
0022400861,1610612751,Brooklyn,Nets,BKN,nets,1641721,Maxwell,Lewis,M. Lewis,maxwell-lewis,,,,9:33,9.55,1,4,0.25,1,2,0.5,0,0,0.0,1,2,3,0,0,0,0,2,3,-10.0,0022400861,Maxwell Lewis,maxwell lewis,,,2025-03-01,0,0.31413612565445026,0.10471204188481674,0.31413612565445026,0.0,0.10471204188481674,9.0,4.0,6.0,9.0,7.0,5.0,5.0,10.0,1.0,0,0.0,0,0.0013800000000000002,-43.5,-31498.913830557565,-43.439969999999995,0.0,9.0,6.0,0.0099069085
0022400888,1610612751,Brooklyn,Nets,BKN,nets,1629661,Cameron,Johnson,C. Johnson,cameron-johnson,F,,,31:10,31.166666666666668,6,10,0.6,3,6,0.5,2,2,1.0,1,2,3,4,1,0,2,1,17,-19.0,0022400888,Cameron Johnson,cameron johnson,,,2025-03-04,1,0.5454545454545454,0.0320855614973262,0.0962566844919786,0.1283422459893048,0.0641711229946524,2.0,4.0,5.0,3.0,3.0,3.0,10.0,2.0,2.0,0,0.0,0,0.00183,-29.7,-16220.644456581103,-29.645649,0.0320855614973262,4.0,6.0,0.71299416
0022400888,1610612751,Brooklyn,Nets,BKN,nets,1630533,Ziaire,Williams,Z. Williams,ziaire-williams,F,,,19:54,19.9,2,7,0.286,1,5,0.2,2,2,1.0,2,1,3,1,0,0,1,2,7,-30.0,0022400888,Ziaire Williams,ziaire williams,,,2025-03-04,0,0.35175879396984927,0.10050251256281408,0.15075376884422112,0.05025125628140704,0.10050251256281408,8.0,2.0,5.0,7.0,6.0,3.0,12.0,8.0,5.0,0,0.0,0,0.00196,-66.4,-33860.275369709336,-66.269856,0.0,7.0,5.0,0.029380688
0022400888,1610612751,Brooklyn,Nets,BKN,nets,1629651,Nic,Claxton,N. Claxton,nic-claxton,C,,,31:58,31.966666666666665,3,7,0.429,0,0,0.0,0,2,0.0,2,5,7,4,2,0,2,2,6,-17.0,0022400888,Nic Claxton,nic claxton,,,2025-03-04,2,0.18769551616266947,0.06256517205422316,0.21897810218978103,0.1251303441084463,0.1251303441084463,9.0,2.0,2.0,3.0,2.0,3.0,9.0,1.0,3.0,0,0.0,0,0.0013700000000000001,-25.8,-18818.380743982496,-25.764654,0.06256517205422316,2.0,2.0,0.05489929
0022400888,1610612751,Brooklyn,Nets,BKN,nets,1630560,Cam,Thomas,C. Thomas,cam-thomas,G,,,25:47,25.783333333333335,8,19,0.421,4,13,0.308,4,4,1.0,0,1,1,6,0,0,1,0,24,-4.0,0022400888,Cam Thomas,cam thomas,,,2025-03-04,0,0.9308338720103425,0.0,0.0387847446670976,0.23270846800258563,0.0,1.0,8.0,8.0,1.0,6.0,3.0,7.0,3.0,1.0,0,0.0,0,0.00338,-13.5,-3992.9015084294583,-13.454369999999999,0.0,7.0,9.0,0.7629475
0022400888,1610612751,Brooklyn,Nets,BKN,nets,1626156,D'Angelo,Russell,D. Russell,dangelo-russell,G,,,25:07,25.116666666666667,4,11,0.364,2,8,0.25,2,2,1.0,1,0,1,4,1,1,1,0,12,7.0,0022400888,D'Angelo Russell,d'angelo russell,,,2025-03-04,2,0.47777040477770405,0.039814200398142006,0.039814200398142006,0.15925680159256803,0.11944260119442601,4.0,4.0,8.0,3.0,3.0,1.0,2.0,4.0,3.0,0,0.0,0,0.00213,11.0,5161.895823557015,10.97657,0.07962840079628401,2.0,4.0,0.6390455
0022400888,1610612751,Brooklyn,Nets,BKN,nets,1630553,Keon,Johnson,K. Johnson,keon-johnson,,,,17:40,17.666666666666668,2,5,0.4,1,4,0.25,3,3,1.0,0,7,7,1,1,0,2,2,8,-13.0,0022400888,Keon Johnson,keon johnson,,,2025-03-04,1,0.45283018867924524,0.0,0.3962264150943396,0.056603773584905655,0.056603773584905655,7.0,8.0,2.0,7.0,3.0,3.0,8.0,9.0,0.0,0,0.0,0,0.00229,-29.0,-12658.227848101265,-28.93359,0.056603773584905655,4.0,7.0,0.05472869
0022400888,1610612751,Brooklyn,Nets,BKN,nets,1631213,Tyrese,Martin,T. Martin,tyrese-martin,,,,22:53,22.883333333333333,4,8,0.5,1,5,0.2,0,0,0.0,1,2,3,3,0,0,1,2,9,-21.0,0022400888,Tyrese Martin,tyrese martin,,,2025-03-04,0,0.3932993445010925,0.043699927166788055,0.13109978150036417,0.13109978150036417,0.043699927166788055,6.0,4.0,5.0,6.0,6.0,3.0,11.0,6.0,0.0,0,0.0,0,0.00184,-45.7,-24823.465507876157,-45.615912,0.0,7.0,8.0,0.108554676
0022400888,1610612751,Brooklyn,Nets,BKN,nets,1630549,Day'Ron,Sharpe,D. Sharpe,dayron-sharpe,,,,16:02,16.033333333333335,1,2,0.5,0,0,0.0,0,0,0.0,1,3,4,0,0,1,0,4,2,3.0,0022400888,Day'Ron Sharpe,day'ron sharpe,,,2025-03-04,1,0.12474012474012473,0.06237006237006237,0.24948024948024947,0.0,0.12474012474012473,11.0,4.0,4.0,10.0,6.0,1.0,3.0,10.0,1.0,0,0.0,0,0.00054,8.8,16266.173752310537,8.795248,0.06237006237006237,4.0,3.0,0.057299048
0022400888,1610612751,Brooklyn,Nets,BKN,nets,1630592,Jalen,Wilson,J. Wilson,jalen-wilson,,,,21:57,21.95,4,7,0.571,3,5,0.6,2,2,1.0,0,0,0,1,0,0,1,1,13,0.0,0022400888,Jalen Wilson,jalen wilson,,,2025-03-04,0,0.5922551252847381,0.0,0.0,0.04555808656036447,0.0,3.0,8.0,11.0,7.0,6.0,3.0,6.0,7.0,0.0,0,0.0,0,0.0017599999999999998,-2.7,-1533.2197614991485,-2.6952480000000003,0.0,7.0,9.0,0.7945491
0022400888,1610612751,Brooklyn,Nets,BKN,nets,1630570,Trendon,Watford,T. Watford,trendon-watford,,,,23:28,23.466666666666665,4,8,0.5,1,2,0.5,3,4,0.75,3,7,10,5,3,0,2,2,12,18.0,0022400888,Trendon Watford,trendon watford,,,2025-03-04,3,0.5113636363636364,0.1278409090909091,0.42613636363636365,0.21306818181818182,0.2556818181818182,4.0,1.0,1.0,2.0,1.0,3.0,1.0,5.0,6.0,0,0.0,0,0.00218,37.5,17193.947730398897,37.41825,0.1278409090909091,1.0,1.0,0.85916543
0022400888,1610612751,Brooklyn,Nets,BKN,nets,1641727,Dariq,Whitehead,D. Whitehead,dariq-whitehead,,,,2:02,2.033333333333333,1,2,0.5,1,2,0.5,0,0,0.0,0,0,0,0,0,0,0,0,3,3.0,0022400888,Dariq Whitehead,dariq whitehead,,,2025-03-04,0,1.4754098360655739,0.0,0.0,0.0,0.0,10.0,8.0,11.0,10.0,6.0,3.0,3.0,11.0,,1,,1,0.005,75.0,14997.000599880022,74.625,0.0,7.0,9.0,0.021794517
0022400888,1610612751,Brooklyn,Nets,BKN,nets,1641721,Maxwell,Lewis,M. Lewis,maxwell-lewis,,,,2:02,2.033333333333333,0,0,0.0,0,0,0.0,0,0,0.0,0,1,1,0,0,0,0,0,0,3.0,0022400888,Maxwell Lewis,maxwell lewis,,,2025-03-04,0,0.0,0.0,0.49180327868852464,0.0,0.0,12.0,8.0,8.0,10.0,6.0,3.0,3.0,11.0,,1,,1,0.0,75.0,75000000.0,75.0,0.0,7.0,9.0,0.0071105873
0022400901,1610612751,Brooklyn,Nets,BKN,nets,1630553,Keon,Johnson,K. Johnson,keon-johnson,F,,,24:11,24.183333333333334,5,7,0.714,2,3,0.667,0,0,0.0,0,1,1,2,1,0,1,5,12,16.0,0022400901,Keon Johnson,keon johnson,,,2025-03-06,1,0.4962095106822881,0.0,0.04135079255685734,0.08270158511371468,0.04135079255685734,4.0,6.0,8.0,5.0,2.0,4.0,2.0,5.0,2.0,0,1.0,0,0.00151,30.9,20450.033090668432,30.853340999999997,0.04135079255685734,4.0,6.0,0.57072353
0022400901,1610612751,Brooklyn,Nets,BKN,nets,1629661,Cameron,Johnson,C. Johnson,cameron-johnson,F,,,34:21,34.35,9,16,0.563,3,7,0.429,5,6,0.833,2,4,6,4,1,0,1,4,26,11.0,0022400901,Cameron Johnson,cameron johnson,,,2025-03-06,1,0.7569141193595341,0.05822416302765648,0.17467248908296942,0.11644832605531295,0.08733624454148471,1.0,1.0,2.0,3.0,2.0,4.0,4.0,1.0,3.0,0,0.0,0,0.00247,12.2,4937.272359368676,12.169865999999999,0.02911208151382824,4.0,4.0,0.83890903
0022400901,1610612751,Brooklyn,Nets,BKN,nets,1629651,Nic,Claxton,N. Claxton,nic-claxton,C,,,30:30,30.5,4,7,0.571,0,0,0.0,0,0,0.0,2,7,9,10,2,2,2,5,8,18.0,0022400901,Nic Claxton,nic claxton,,,2025-03-06,4,0.26229508196721313,0.06557377049180328,0.29508196721311475,0.32786885245901637,0.19672131147540983,7.0,1.0,1.0,1.0,1.0,1.0,1.0,2.0,3.0,0,0.0,0,0.00132,26.8,20287.66086298259,26.764624,0.13114754098360656,1.0,2.0,0.86303145
0022400901,1610612751,Brooklyn,Nets,BKN,nets,1630560,Cam,Thomas,C. Thomas,cam-thomas,G,,,26:31,26.516666666666666,8,18,0.444,2,6,0.333,5,6,0.833,0,3,3,7,0,0,1,3,23,-9.0,0022400901,Cam Thomas,cam thomas,,,2025-03-06,0,0.8673790069138907,0.0,0.11313639220615965,0.26398491514770583,0.0,2.0,6.0,4.0,2.0,7.0,4.0,7.0,3.0,0.0,0,0.0,0,0.00361,-16.4,-4541.678205483246,-16.340795999999997,0.0,7.0,8.0,0.79460204
0022400901,1610612751,Brooklyn,Nets,BKN,nets,1626156,D'Angelo,Russell,D. Russell,dangelo-russell,G,,,24:10,24.166666666666668,3,7,0.429,1,3,0.333,0,0,0.0,0,0,0,4,1,1,3,2,7,-8.0,0022400901,D'Angelo Russell,d'angelo russell,,,2025-03-06,2,0.28965517241379307,0.0,0.0,0.16551724137931034,0.08275862068965517,8.0,6.0,10.0,3.0,2.0,3.0,6.0,6.0,3.0,0,0.0,0,0.00179,-18.4,-10273.590173087661,-18.367064,0.08275862068965517,3.0,5.0,0.04287411
0022400901,1610612751,Brooklyn,Nets,BKN,nets,1630592,Jalen,Wilson,J. Wilson,jalen-wilson,,,,17:27,17.45,1,3,0.333,1,2,0.5,6,6,1.0,0,3,3,0,0,0,0,0,9,14.0,0022400901,Jalen Wilson,jalen wilson,,,2025-03-06,0,0.5157593123209169,0.0,0.17191977077363899,0.0,0.0,6.0,6.0,4.0,9.0,7.0,4.0,3.0,9.0,0.0,0,0.0,0,0.00146,38.9,26625.598904859686,38.843205999999995,0.0,7.0,8.0,0.084515
0022400901,1610612751,Brooklyn,Nets,BKN,nets,1631213,Tyrese,Martin,T. Martin,tyrese-martin,,,,24:02,24.033333333333335,7,12,0.583,3,6,0.5,0,0,0.0,0,2,2,1,0,0,0,1,17,5.0,0022400901,Tyrese Martin,tyrese martin,,,2025-03-06,0,0.7073509015256587,0.0,0.08321775312066573,0.041608876560332866,0.0,3.0,6.0,6.0,6.0,7.0,4.0,5.0,7.0,0.0,0,0.0,0,0.00226,12.9,5705.440070765148,12.870846,0.0,7.0,8.0,0.81588906
0022400901,1610612751,Brooklyn,Nets,BKN,nets,1630533,Ziaire,Williams,Z. Williams,ziaire-williams,,,,24:33,24.55,4,8,0.5,2,5,0.4,0,0,0.0,1,0,1,1,0,0,0,1,10,-19.0,0022400901,Ziaire Williams,ziaire williams,,,2025-03-06,0,0.40733197556008144,0.04073319755600815,0.04073319755600815,0.04073319755600815,0.04073319755600815,5.0,4.0,8.0,6.0,7.0,4.0,9.0,4.0,2.0,0,0.0,0,0.0013800000000000002,-42.1,-30485.155684286747,-42.041902,0.0,7.0,7.0,0.14126377
0022400901,1610612751,Brooklyn,Nets,BKN,nets,1630549,Day'Ron,Sharpe,D. Sharpe,dayron-sharpe,,,,17:30,17.5,1,4,0.25,0,0,0.0,0,0,0.0,1,4,5,0,1,2,1,2,2,-20.0,0022400901,Day'Ron Sharpe,day'ron sharpe,,,2025-03-06,3,0.11428571428571428,0.05714285714285714,0.2857142857142857,0.0,0.22857142857142856,10.0,4.0,3.0,9.0,2.0,1.0,10.0,8.0,1.0,0,0.0,0,0.00122,-53.2,-43570.84357084358,-53.135096000000004,0.17142857142857143,2.0,1.0,0.012907089
0022400901,1610612751,Brooklyn,Nets,BKN,nets,1630570,Trendon,Watford,T. Watford,trendon-watford,,,,16:45,16.75,2,5,0.4,1,1,1.0,0,0,0.0,2,0,2,1,1,0,2,1,5,-18.0,0022400901,Trendon Watford,trendon watford,,,2025-03-06,1,0.29850746268656714,0.11940298507462686,0.11940298507462686,0.05970149253731343,0.1791044776119403,9.0,1.0,6.0,6.0,2.0,4.0,8.0,10.0,1.0,0,0.0,0,0.00179,-48.9,-27303.18257956449,-48.812469,0.05970149253731343,4.0,3.0,0.024954341
0022400912,1610612751,Brooklyn,Nets,BKN,nets,1630553,Keon,Johnson,K. Johnson,keon-johnson,F,,,25:11,25.183333333333334,0,2,0.0,0,1,0.0,1,2,0.5,1,2,3,2,1,1,0,2,1,-6.0,0022400912,Keon Johnson,keon johnson,,,2025-03-08,2,0.039708802117802776,0.039708802117802776,0.11912640635340833,0.07941760423560555,0.11912640635340833,9.0,3.0,6.0,3.0,2.0,4.0,9.0,5.0,1.0,0,0.0,0,0.00058,-16.8,-28915.662650602408,-16.790256,0.07941760423560555,2.0,4.0,0.040686563
0022400912,1610612751,Brooklyn,Nets,BKN,nets,1630533,Ziaire,Williams,Z. Williams,ziaire-williams,F,,,31:39,31.65,6,11,0.545,4,9,0.444,3,3,1.0,2,1,3,1,0,2,2,3,19,-2.0,0022400912,Ziaire Williams,ziaire williams,,,2025-03-08,2,0.6003159557661928,0.06319115323854661,0.09478672985781991,0.031595576619273306,0.12638230647709323,2.0,2.0,6.0,6.0,6.0,1.0,6.0,1.0,1.0,0,0.0,0,0.00226,-1.4,-619.1950464396284,-1.396836,0.06319115323854661,2.0,3.0,0.81661284
0022400912,1610612751,Brooklyn,Nets,BKN,nets,1629651,Nic,Claxton,N. Claxton,nic-claxton,C,,,28:39,28.65,4,5,0.8,0,0,0.0,0,0,0.0,3,3,6,2,0,2,0,2,8,-4.0,0022400912,Nic Claxton,nic claxton,,,2025-03-08,2,0.2792321116928447,0.10471204188481675,0.2094240837696335,0.06980802792321117,0.17452006980802792,5.0,1.0,1.0,3.0,6.0,1.0,7.0,4.0,1.0,0,0.0,0,0.00083,-12.9,-15523.465703971118,-12.889293,0.06980802792321117,2.0,2.0,0.36804622
0022400912,1610612751,Brooklyn,Nets,BKN,nets,1630560,Cam,Thomas,C. Thomas,cam-thomas,G,,,29:15,29.25,7,18,0.389,1,8,0.125,1,1,1.0,0,2,2,3,0,0,2,1,16,-4.0,0022400912,Cam Thomas,cam thomas,,,2025-03-08,0,0.5470085470085471,0.0,0.06837606837606838,0.10256410256410256,0.0,3.0,6.0,9.0,2.0,6.0,8.0,7.0,3.0,1.0,0,0.0,0,0.00333,-7.7,-2311.618132692885,-7.674359,0.0,10.0,10.0,0.58369243
0022400912,1610612751,Brooklyn,Nets,BKN,nets,1626156,D'Angelo,Russell,D. Russell,dangelo-russell,G,,,29:28,29.466666666666665,10,18,0.556,4,11,0.364,4,6,0.667,0,6,6,7,1,1,1,2,28,9.0,0022400912,D'Angelo Russell,d'angelo russell,,,2025-03-08,2,0.9502262443438915,0.0,0.20361990950226244,0.23755656108597287,0.06787330316742082,1.0,6.0,1.0,1.0,2.0,4.0,1.0,2.0,3.0,0,0.0,0,0.0030299999999999997,9.9,3266.24876278456,9.870003,0.06787330316742082,2.0,6.0,0.8894279
0022400912,1610612751,Brooklyn,Nets,BKN,nets,1631213,Tyrese,Martin,T. Martin,tyrese-martin,,,,18:28,18.466666666666665,3,5,0.6,1,3,0.333,0,0,0.0,0,5,5,1,0,1,2,3,7,-11.0,0022400912,Tyrese Martin,tyrese martin,,,2025-03-08,1,0.3790613718411553,0.0,0.27075812274368233,0.05415162454873647,0.05415162454873647,6.0,6.0,3.0,6.0,6.0,4.0,10.0,9.0,1.0,0,0.0,0,0.0017499999999999998,-29.4,-16790.405482581384,-29.34855,0.05415162454873647,6.0,8.0,0.040526137
0022400912,1610612751,Brooklyn,Nets,BKN,nets,1630592,Jalen,Wilson,J. Wilson,jalen-wilson,,,,18:45,18.75,2,4,0.5,2,3,0.667,1,1,1.0,0,1,1,0,1,0,1,3,7,1.0,0022400912,Jalen Wilson,jalen wilson,,,2025-03-08,1,0.37333333333333335,0.0,0.05333333333333334,0.0,0.05333333333333334,6.0,6.0,10.0,10.0,2.0,8.0,3.0,8.0,1.0,0,0.0,0,0.00114,-0.2,-175.284837861525,-0.199772,0.05333333333333334,6.0,9.0,0.099293776
0022400912,1610612751,Brooklyn,Nets,BKN,nets,1630570,Trendon,Watford,T. Watford,trendon-watford,,,,21:08,21.133333333333333,5,11,0.455,2,8,0.25,0,0,0.0,1,3,4,2,0,1,2,1,12,2.0,0022400912,Trendon Watford,trendon watford,,,2025-03-08,1,0.5678233438485805,0.04731861198738171,0.18927444794952683,0.09463722397476342,0.09463722397476342,4.0,3.0,4.0,3.0,6.0,4.0,2.0,6.0,1.0,0,0.0,0,0.0025,-4.5,-1799.2802878848458,-4.4887500000000005,0.04731861198738171,6.0,5.0,0.77699846
0022400912,1610612751,Brooklyn,Nets,BKN,nets,1641730,Noah,Clowney,N. Clowney,noah-clowney,,,,18:06,18.1,0,5,0.0,0,5,0.0,0,0,0.0,0,4,4,1,1,0,0,1,0,-1.0,0022400912,Noah Clowney,noah clowney,,,2025-03-08,1,0.0,0.0,0.22099447513812154,0.055248618784530384,0.055248618784530384,10.0,6.0,4.0,6.0,2.0,8.0,5.0,10.0,3.0,0,0.0,0,0.00116,-9.2,-7924.203273040483,-9.189328,0.055248618784530384,6.0,7.0,0.00804052
0022400912,1610612751,Brooklyn,Nets,BKN,nets,1630549,Day'Ron,Sharpe,D. Sharpe,dayron-sharpe,,,,19:21,19.35,1,3,0.333,0,2,0.0,2,2,1.0,1,2,3,1,2,2,1,1,4,1.0,0022400912,Day'Ron Sharpe,day'ron sharpe,,,2025-03-08,4,0.20671834625322996,0.05167958656330749,0.15503875968992248,0.05167958656330749,0.25839793281653745,8.0,3.0,6.0,6.0,1.0,1.0,3.0,7.0,2.0,0,0.0,0,0.00109,-6.0,-5499.541704857928,-5.99346,0.20671834625322996,1.0,1.0,0.08995719
0022400930,1610612751,Brooklyn,Nets,BKN,nets,1629661,Cameron,Johnson,C. Johnson,cameron-johnson,F,,,32:54,32.9,6,14,0.429,2,3,0.667,4,8,0.5,2,5,7,5,3,0,1,2,18,11.0,0022400930,Cameron Johnson,cameron johnson,,,2025-03-10,3,0.5471124620060791,0.060790273556231005,0.2127659574468085,0.1519756838905775,0.1519756838905775,2.0,3.0,2.0,2.0,1.0,6.0,2.0,1.0,2.0,0,0.0,0,0.00241,16.2,6719.203649937785,16.160957999999997,0.0911854103343465,2.0,4.0,0.8133211
0022400930,1610612751,Brooklyn,Nets,BKN,nets,1630533,Ziaire,Williams,Z. Williams,ziaire-williams,F,,,31:03,31.05,2,10,0.2,1,8,0.125,2,2,1.0,2,7,9,2,2,2,0,3,7,0.0,0022400930,Ziaire Williams,ziaire williams,,,2025-03-10,4,0.22544283413848631,0.0644122383252818,0.2898550724637681,0.0644122383252818,0.1932367149758454,8.0,3.0,1.0,5.0,2.0,1.0,5.0,3.0,8.0,0,0.0,0,0.00149,1.7,1140.1743796109993,1.697467,0.1288244766505636,1.0,2.0,0.22463332
0022400930,1610612751,Brooklyn,Nets,BKN,nets,1629651,Nic,Claxton,N. Claxton,nic-claxton,C,,,31:15,31.25,6,7,0.857,0,0,0.0,0,0,0.0,3,3,6,1,0,1,1,2,12,-2.0,0022400930,Nic Claxton,nic claxton,,,2025-03-10,1,0.384,0.096,0.192,0.032,0.128,5.0,2.0,4.0,6.0,7.0,2.0,8.0,2.0,1.0,0,0.0,0,0.00114,0.6,525.854513584575,0.599316,0.032,6.0,6.0,0.46577334
0022400930,1610612751,Brooklyn,Nets,BKN,nets,1630553,Keon,Johnson,K. Johnson,keon-johnson,G,,,25:09,25.15,6,10,0.6,3,4,0.75,3,6,0.5,0,3,3,3,1,0,1,1,18,-3.0,0022400930,Keon Johnson,keon johnson,,,2025-03-10,1,0.7157057654075547,0.0,0.11928429423459246,0.11928429423459246,0.039761431411530816,2.0,9.0,6.0,3.0,4.0,6.0,9.0,6.0,1.0,0,1.0,0,0.00241,-3.7,-1534.632932393198,-3.691083,0.039761431411530816,6.0,9.0,0.7952148
0022400930,1610612751,Brooklyn,Nets,BKN,nets,1626156,D'Angelo,Russell,D. Russell,dangelo-russell,G,,,28:39,28.65,2,9,0.222,2,6,0.333,2,4,0.5,1,2,3,7,2,1,1,2,8,0.0,0022400930,D'Angelo Russell,d'angelo russell,,,2025-03-10,3,0.2792321116928447,0.034904013961605584,0.10471204188481675,0.2443280977312391,0.13961605584642234,6.0,6.0,6.0,1.0,2.0,2.0,5.0,4.0,4.0,0,0.0,0,0.00169,-1.9,-1123.5955056179776,-1.896789,0.10471204188481675,2.0,5.0,0.10462641
0022400930,1610612751,Brooklyn,Nets,BKN,nets,1641736,Reece,Beekman,R. Beekman,reece-beekman,,,,8:52,8.866666666666667,1,3,0.333,1,2,0.5,0,0,0.0,0,1,1,0,0,0,0,2,3,-7.0,0022400930,Reece Beekman,reece beekman,,,2025-03-10,0,0.3383458646616541,0.0,0.11278195488721804,0.0,0.0,10.0,9.0,10.0,8.0,7.0,6.0,10.0,10.0,0.0,0,0.0,0,0.00158,-31.3,-19797.596457938016,-31.250546,0.0,8.0,10.0,0.0050533987
0022400930,1610612751,Brooklyn,Nets,BKN,nets,1631213,Tyrese,Martin,T. Martin,tyrese-martin,,,,27:14,27.233333333333334,5,14,0.357,4,8,0.5,0,0,0.0,1,2,3,3,1,1,1,0,14,12.0,0022400930,Tyrese Martin,tyrese martin,,,2025-03-10,2,0.5140758873929009,0.03671970624235006,0.11015911872705018,0.11015911872705018,0.11015911872705018,4.0,6.0,6.0,3.0,4.0,2.0,1.0,5.0,2.0,0,0.0,0,0.00221,18.4,8322.026232473992,18.359336,0.07343941248470012,4.0,7.0,0.77258784
0022400930,1610612751,Brooklyn,Nets,BKN,nets,1641730,Noah,Clowney,N. Clowney,noah-clowney,,,,22:51,22.85,5,11,0.455,3,8,0.375,6,7,0.857,2,3,5,0,1,1,0,1,19,3.0,0022400930,Noah Clowney,noah clowney,,,2025-03-10,2,0.8315098468271335,0.087527352297593,0.2188183807439825,0.0,0.175054704595186,1.0,3.0,5.0,8.0,4.0,2.0,3.0,7.0,0.0,0,1.0,0,0.00246,9.4,3819.585534335636,9.376876,0.087527352297593,4.0,3.0,0.8877633
0022400930,1610612751,Brooklyn,Nets,BKN,nets,1630549,Day'Ron,Sharpe,D. Sharpe,dayron-sharpe,,,,16:41,16.683333333333334,3,7,0.429,1,1,1.0,1,2,0.5,4,3,7,1,0,0,1,1,8,2.0,0022400930,Day'Ron Sharpe,day'ron sharpe,,,2025-03-10,0,0.4795204795204795,0.23976023976023975,0.4195804195804196,0.05994005994005994,0.23976023976023975,6.0,1.0,2.0,6.0,7.0,6.0,4.0,8.0,0.0,0,0.0,0,0.00209,9.9,4734.576757532282,9.879309,0.0,8.0,1.0,0.18372048
0022400930,1610612751,Brooklyn,Nets,BKN,nets,1630592,Jalen,Wilson,J. Wilson,jalen-wilson,,,,15:22,15.366666666666667,1,5,0.2,1,5,0.2,1,1,1.0,1,2,3,0,0,0,1,2,4,-1.0,0022400930,Jalen Wilson,jalen wilson,,,2025-03-10,0,0.2603036876355748,0.0650759219088937,0.19522776572668113,0.0,0.0650759219088937,9.0,6.0,6.0,8.0,7.0,6.0,7.0,9.0,1.0,0,0.0,0,0.0016200000000000001,-3.3,-2035.7803824799505,-3.294654,0.0,8.0,8.0,0.014017164
0022400940,1610612751,Brooklyn,Nets,BKN,nets,1629661,Cameron,Johnson,C. Johnson,cameron-johnson,F,,,28:28,28.466666666666665,6,10,0.6,3,7,0.429,2,2,1.0,2,3,5,5,2,1,2,4,17,-2.0,0022400940,Cameron Johnson,cameron johnson,,,2025-03-11,3,0.5971896955503513,0.07025761124121781,0.1756440281030445,0.1756440281030445,0.1756440281030445,2.0,1.0,4.0,2.0,1.0,2.0,3.0,5.0,4.0,0,0.0,0,0.00213,-3.6,-1689.347724073205,-3.5923320000000003,0.1053864168618267,1.0,1.0,0.85046136
0022400940,1610612751,Brooklyn,Nets,BKN,nets,1630533,Ziaire,Williams,Z. Williams,ziaire-williams,F,,,30:22,30.366666666666667,5,11,0.455,4,9,0.444,0,0,0.0,0,6,6,3,1,0,0,6,14,-13.0,0022400940,Ziaire Williams,ziaire williams,,,2025-03-11,1,0.4610318331503842,0.0,0.19758507135016465,0.09879253567508232,0.03293084522502744,3.0,7.0,3.0,4.0,3.0,3.0,10.0,2.0,2.0,0,0.0,0,0.0018,-17.2,-9550.24986118823,-17.16904,0.03293084522502744,4.0,9.0,0.6345577
0022400940,1610612751,Brooklyn,Nets,BKN,nets,1629651,Nic,Claxton,N. Claxton,nic-claxton,C,,,28:53,28.883333333333333,4,8,0.5,0,1,0.0,1,2,0.5,0,4,4,4,0,2,1,3,9,-3.0,0022400940,Nic Claxton,nic claxton,,,2025-03-11,2,0.31159838430467396,0.0,0.13848817080207732,0.13848817080207732,0.06924408540103866,5.0,7.0,6.0,3.0,8.0,1.0,6.0,3.0,2.0,0,0.0,0,0.00161,-3.4,-2110.490378646803,-3.394526,0.06924408540103866,2.0,7.0,0.24051194
0022400940,1610612751,Brooklyn,Nets,BKN,nets,1630560,Cam,Thomas,C. Thomas,cam-thomas,G,,,31:40,31.666666666666668,10,22,0.455,4,11,0.364,3,3,1.0,0,1,1,3,0,0,1,0,27,-6.0,0022400940,Cam Thomas,cam thomas,,,2025-03-11,0,0.8526315789473684,0.0,0.031578947368421054,0.09473684210526316,0.0,1.0,7.0,8.0,4.0,8.0,3.0,9.0,1.0,1.0,0,0.0,0,0.0034300000000000003,-7.6,-2215.0976391722525,-7.573931999999999,0.0,9.0,10.0,0.81493855
0022400940,1610612751,Brooklyn,Nets,BKN,nets,1630553,Keon,Johnson,K. Johnson,keon-johnson,G,,,28:52,28.866666666666667,0,4,0.0,0,3,0.0,1,2,0.5,1,6,7,2,1,0,4,1,1,-4.0,0022400940,Keon Johnson,keon johnson,,,2025-03-11,1,0.03464203233256351,0.03464203233256351,0.24249422632794457,0.06928406466512702,0.06928406466512702,10.0,3.0,1.0,7.0,3.0,3.0,8.0,4.0,2.0,0,0.0,0,0.00148,-5.1,-3443.6191762322755,-5.092452,0.03464203233256351,4.0,6.0,0.0116370125
0022400940,1610612751,Brooklyn,Nets,BKN,nets,1630570,Trendon,Watford,T. Watford,trendon-watford,,,,19:32,19.533333333333335,1,3,0.333,0,0,0.0,0,0,0.0,1,4,5,6,1,0,3,3,2,-3.0,0022400940,Trendon Watford,trendon watford,,,2025-03-11,1,0.10238907849829351,0.051194539249146756,0.25597269624573377,0.3071672354948805,0.10238907849829351,9.0,3.0,4.0,1.0,3.0,3.0,6.0,7.0,2.0,0,0.0,0,0.0013,-9.8,-7532.667179093007,-9.787260000000002,0.051194539249146756,4.0,4.0,0.024245502
0022400940,1610612751,Brooklyn,Nets,BKN,nets,1630549,Day'Ron,Sharpe,D. Sharpe,dayron-sharpe,,,,19:07,19.116666666666667,4,6,0.667,0,0,0.0,0,0,0.0,2,5,7,2,1,0,1,0,8,-2.0,0022400940,Day'Ron Sharpe,day'ron sharpe,,,2025-03-11,1,0.4184829991281604,0.1046207497820401,0.36617262423714037,0.1046207497820401,0.15693112467306014,7.0,1.0,1.0,7.0,3.0,3.0,3.0,8.0,2.0,0,0.0,0,0.00156,-10.5,-6726.457399103139,-10.48362,0.05231037489102005,4.0,2.0,0.42049095
0022400940,1610612751,Brooklyn,Nets,BKN,nets,1631213,Tyrese,Martin,T. Martin,tyrese-martin,,,,21:06,21.1,2,8,0.25,1,4,0.25,0,0,0.0,1,1,2,2,1,0,0,2,5,-2.0,0022400940,Tyrese Martin,tyrese martin,,,2025-03-11,1,0.23696682464454974,0.04739336492890995,0.0947867298578199,0.0947867298578199,0.0947867298578199,8.0,3.0,7.0,7.0,3.0,3.0,3.0,6.0,0.0,0,0.0,0,0.00157,-4.3,-2737.1101209420754,-4.293249,0.04739336492890995,4.0,5.0,0.051344927
0022400940,1610612751,Brooklyn,Nets,BKN,nets,1630592,Jalen,Wilson,J. Wilson,jalen-wilson,,,,14:56,14.933333333333334,3,5,0.6,1,3,0.333,2,3,0.667,0,0,0,3,2,0,0,2,9,3.0,0022400940,Jalen Wilson,jalen wilson,,,2025-03-11,2,0.6026785714285714,0.0,0.0,0.20089285714285715,0.13392857142857142,5.0,7.0,10.0,4.0,1.0,3.0,2.0,10.0,1.0,0,0.0,0,0.00182,6.7,3679.297089511258,6.687806,0.13392857142857142,2.0,3.0,0.21056789
0022400940,1610612751,Brooklyn,Nets,BKN,nets,1641730,Noah,Clowney,N. Clowney,noah-clowney,,,,17:04,17.066666666666666,4,7,0.571,3,6,0.5,1,2,0.5,1,0,1,1,0,0,0,0,12,7.0,0022400940,Noah Clowney,noah clowney,,,2025-03-11,0,0.703125,0.05859375,0.05859375,0.05859375,0.05859375,4.0,3.0,8.0,10.0,8.0,3.0,1.0,9.0,1.0,0,0.0,0,0.0019500000000000001,16.3,8354.689902614044,16.268215,0.0,9.0,8.0,0.81889796
0022400956,1610612751,Brooklyn,Nets,BKN,nets,1629661,Cameron,Johnson,C. Johnson,cameron-johnson,F,,,35:11,35.18333333333333,7,12,0.583,2,4,0.5,0,0,0.0,1,5,6,1,3,1,1,3,16,-5.0,0022400956,Cameron Johnson,cameron johnson,,,2025-03-13,4,0.4547607768829939,0.028422548555187117,0.17053529133112272,0.028422548555187117,0.14211274277593558,4.0,5.0,2.0,8.0,1.0,3.0,7.0,1.0,4.0,0,0.0,0,0.00155,-5.4,-3481.6247582205033,-5.39163,0.11369019422074847,1.0,4.0,0.703824
0022400956,1610612751,Brooklyn,Nets,BKN,nets,1630533,Ziaire,Williams,Z. Williams,ziaire-williams,F,,,29:50,29.833333333333332,5,7,0.714,1,2,0.5,0,0,0.0,1,3,4,1,0,0,1,0,11,0.0,0022400956,Ziaire Williams,ziaire williams,,,2025-03-13,0,0.3687150837988827,0.0335195530726257,0.1340782122905028,0.0335195530726257,0.0335195530726257,5.0,5.0,5.0,8.0,5.0,6.0,2.0,4.0,1.0,0,0.0,0,0.0011,2.0,1816.5304268846503,1.9978,0.0,7.0,9.0,0.4296347
0022400956,1610612751,Brooklyn,Nets,BKN,nets,1629651,Nic,Claxton,N. Claxton,nic-claxton,C,,,33:40,33.666666666666664,8,13,0.615,0,0,0.0,2,4,0.5,3,11,14,5,1,0,0,5,18,-3.0,0022400956,Nic Claxton,nic claxton,,,2025-03-13,1,0.5346534653465347,0.08910891089108912,0.4158415841584159,0.14851485148514854,0.11881188118811882,3.0,1.0,1.0,2.0,2.0,6.0,4.0,2.0,2.0,0,0.0,0,0.0019,-2.6,-1367.701209889532,-2.59506,0.029702970297029705,5.0,5.0,0.796059
0022400956,1610612751,Brooklyn,Nets,BKN,nets,1630560,Cam,Thomas,C. Thomas,cam-thomas,G,,,32:29,32.483333333333334,8,23,0.348,3,9,0.333,5,6,0.833,3,3,6,10,1,1,3,2,24,-5.0,0022400956,Cam Thomas,cam thomas,,,2025-03-13,2,0.7388404309902514,0.09235505387378143,0.18471010774756286,0.3078501795792714,0.1539250897896357,1.0,1.0,2.0,1.0,2.0,3.0,7.0,3.0,1.0,0,0.0,0,0.0037199999999999998,-7.7,-2069.3361999462513,-7.671356,0.06157003591585428,3.0,3.0,0.7571759
0022400956,1610612751,Brooklyn,Nets,BKN,nets,1626156,D'Angelo,Russell,D. Russell,dangelo-russell,G,,,24:55,24.916666666666668,2,9,0.222,0,6,0.0,0,0,0.0,0,3,3,4,0,1,2,6,4,-6.0,0022400956,D'Angelo Russell,d'angelo russell,,,2025-03-13,1,0.1605351170568562,0.0,0.12040133779264213,0.1605351170568562,0.04013377926421405,8.0,9.0,7.0,3.0,5.0,3.0,9.0,5.0,1.0,0,0.0,0,0.0019,-5.4,-2840.6102051551816,-5.389740000000001,0.04013377926421405,5.0,8.0,0.017835686
0022400956,1610612751,Brooklyn,Nets,BKN,nets,1631213,Tyrese,Martin,T. Martin,tyrese-martin,,,,22:14,22.233333333333334,7,13,0.538,5,8,0.625,0,0,0.0,2,2,4,3,0,0,0,2,19,2.0,0022400956,Tyrese Martin,tyrese martin,,,2025-03-13,0,0.8545727136431783,0.08995502248875561,0.17991004497751123,0.13493253373313344,0.08995502248875561,2.0,4.0,5.0,4.0,5.0,6.0,1.0,6.0,0.0,0,0.0,0,0.00228,1.6,701.4467338886453,1.5963520000000002,0.0,7.0,6.0,0.9327326
0022400956,1610612751,Brooklyn,Nets,BKN,nets,1630570,Trendon,Watford,T. Watford,trendon-watford,,,,18:10,18.166666666666668,1,7,0.143,0,2,0.0,5,6,0.833,1,2,3,3,0,0,0,2,7,-6.0,0022400956,Trendon Watford,trendon watford,,,2025-03-13,0,0.38532110091743116,0.055045871559633024,0.16513761467889906,0.16513761467889906,0.055045871559633024,6.0,5.0,7.0,4.0,5.0,6.0,9.0,7.0,0.0,0,0.0,0,0.00222,-16.2,-7294.0117064385395,-16.164036,0.0,7.0,7.0,0.024091786
0022400956,1610612751,Brooklyn,Nets,BKN,nets,1630592,Jalen,Wilson,J. Wilson,jalen-wilson,,,,12:49,12.816666666666666,1,3,0.333,0,1,0.0,0,0,0.0,0,2,2,0,0,0,2,1,2,-1.0,0022400956,Jalen Wilson,jalen wilson,,,2025-03-13,0,0.15604681404421328,0.0,0.15604681404421328,0.0,0.0,9.0,9.0,9.0,10.0,5.0,6.0,3.0,10.0,1.0,0,0.0,0,0.00147,-7.3,-4962.610469068661,-7.289269,0.0,7.0,10.0,0.008505373
0022400956,1610612751,Brooklyn,Nets,BKN,nets,1630553,Keon,Johnson,K. Johnson,keon-johnson,,,,16:22,16.366666666666667,1,4,0.25,0,2,0.0,0,0,0.0,1,1,2,2,0,2,0,3,2,-3.0,0022400956,Keon Johnson,keon johnson,,,2025-03-13,2,0.12219959266802444,0.06109979633401222,0.12219959266802444,0.12219959266802444,0.18329938900203666,9.0,5.0,9.0,7.0,5.0,1.0,4.0,8.0,1.0,0,0.0,0,0.00091,-11.2,-12294.182217343578,-11.189808,0.12219959266802444,3.0,2.0,0.02138641
0022400956,1610612751,Brooklyn,Nets,BKN,nets,1630549,Day'Ron,Sharpe,D. Sharpe,dayron-sharpe,,,,14:20,14.333333333333334,3,5,0.6,0,0,0.0,1,2,0.5,3,3,6,3,1,2,0,2,7,-3.0,0022400956,Day'Ron Sharpe,day'ron sharpe,,,2025-03-13,3,0.4883720930232558,0.20930232558139533,0.41860465116279066,0.20930232558139533,0.41860465116279066,6.0,1.0,2.0,4.0,2.0,1.0,4.0,9.0,3.0,0,0.0,0,0.0015,-16.0,-10659.560293137909,-15.976,0.20930232558139533,2.0,1.0,0.5508815
0022400968,1610612751,Brooklyn,Nets,BKN,nets,1629661,Cameron,Johnson,C. Johnson,cameron-johnson,F,,,35:15,35.25,9,19,0.474,2,8,0.25,3,3,1.0,3,7,10,6,0,1,4,1,23,-7.0,0022400968,Cameron Johnson,cameron johnson,,,2025-03-15,1,0.6524822695035462,0.0851063829787234,0.28368794326241137,0.1702127659574468,0.11347517730496454,1.0,2.0,2.0,2.0,5.0,1.0,7.0,1.0,0.0,0,0.0,0,0.0030399999999999997,-13.1,-4307.793488983887,-13.060175999999998,0.028368794326241134,2.0,3.0,0.7636037
0022400968,1610612751,Brooklyn,Nets,BKN,nets,1630533,Ziaire,Williams,Z. Williams,ziaire-williams,F,,,34:38,34.63333333333333,5,9,0.556,4,7,0.571,0,0,0.0,1,4,5,2,1,1,3,1,14,15.0,0022400968,Ziaire Williams,ziaire williams,,,2025-03-15,2,0.40423484119345526,0.028873917228103948,0.14436958614051973,0.057747834456207896,0.08662175168431184,5.0,3.0,4.0,6.0,1.0,1.0,1.0,2.0,4.0,0,0.0,0,0.0015199999999999999,23.1,15187.376725838267,23.064888000000003,0.057747834456207896,1.0,4.0,0.7950482
0022400968,1610612751,Brooklyn,Nets,BKN,nets,1630549,Day'Ron,Sharpe,D. Sharpe,dayron-sharpe,C,,,30:33,30.55,4,10,0.4,0,0,0.0,1,2,0.5,10,6,16,5,0,0,0,5,9,-8.0,0022400968,Day'Ron Sharpe,day'ron sharpe,,,2025-03-15,0,0.2945990180032733,0.3273322422258592,0.5237315875613748,0.1636661211129296,0.3273322422258592,7.0,1.0,1.0,4.0,5.0,4.0,8.0,4.0,3.0,0,0.0,0,0.00157,-19.1,-12157.861234882243,-19.070013000000003,0.0,7.0,1.0,0.2809927
0022400968,1610612751,Brooklyn,Nets,BKN,nets,1630553,Keon,Johnson,K. Johnson,keon-johnson,G,,,30:36,30.6,8,15,0.533,5,9,0.556,0,0,0.0,1,5,6,2,1,0,0,2,21,4.0,0022400968,Keon Johnson,keon johnson,,,2025-03-15,1,0.6862745098039216,0.032679738562091505,0.19607843137254902,0.06535947712418301,0.06535947712418301,2.0,3.0,3.0,6.0,1.0,4.0,3.0,3.0,3.0,0,0.0,0,0.00214,2.6,1214.3858010275571,2.594436,0.032679738562091505,2.0,6.0,0.8312094
0022400968,1610612751,Brooklyn,Nets,BKN,nets,1626156,D'Angelo,Russell,D. Russell,dangelo-russell,G,,,27:13,27.216666666666665,3,8,0.375,1,5,0.2,4,6,0.667,1,2,3,8,1,0,1,3,11,-2.0,0022400968,D'Angelo Russell,d'angelo russell,,,2025-03-15,1,0.40416411512553585,0.03674219228413962,0.11022657685241886,0.29393753827311697,0.07348438456827924,6.0,3.0,5.0,1.0,1.0,4.0,5.0,5.0,2.0,0,0.0,0,0.00188,-1.5,-797.4481658692185,-1.49718,0.03674219228413962,2.0,5.0,0.18889706
0022400968,1610612751,Brooklyn,Nets,BKN,nets,1630592,Jalen,Wilson,J. Wilson,jalen-wilson,,,,24:31,24.516666666666666,5,11,0.455,4,8,0.5,1,2,0.5,0,0,0,1,0,0,1,1,15,-19.0,0022400968,Jalen Wilson,jalen wilson,,,2025-03-15,0,0.6118286879673691,0.0,0.0,0.04078857919782461,0.0,3.0,8.0,9.0,8.0,5.0,4.0,9.0,6.0,3.0,0,0.0,0,0.0023599999999999997,-43.2,-18297.331639135962,-43.098048,0.0,7.0,9.0,0.67318916
0022400968,1610612751,Brooklyn,Nets,BKN,nets,1631213,Tyrese,Martin,T. Martin,tyrese-martin,,,,22:37,22.616666666666667,2,6,0.333,1,5,0.2,0,0,0.0,0,1,1,6,1,0,0,2,5,-6.0,0022400968,Tyrese Martin,tyrese martin,,,2025-03-15,1,0.2210759027266028,0.0,0.04421518054532056,0.26529108327192336,0.04421518054532056,8.0,8.0,8.0,2.0,1.0,4.0,6.0,7.0,1.0,0,0.0,0,0.00122,-18.7,-15315.315315315316,-18.677186,0.04421518054532056,2.0,8.0,0.026553644
0022400968,1610612751,Brooklyn,Nets,BKN,nets,1641736,Reece,Beekman,R. Beekman,reece-beekman,,,,18:37,18.616666666666667,0,5,0.0,0,1,0.0,0,0,0.0,1,1,2,3,0,0,0,1,0,2.0,0022400968,Reece Beekman,reece beekman,,,2025-03-15,0,0.0,0.05371530886302596,0.10743061772605192,0.1611459265890779,0.05371530886302596,9.0,3.0,6.0,5.0,5.0,4.0,4.0,8.0,1.0,0,0.0,0,0.00132,13.7,10370.931112793338,13.681916,0.0,7.0,7.0,0.010940707
0022400968,1610612751,Brooklyn,Nets,BKN,nets,1641721,Maxwell,Lewis,M. Lewis,maxwell-lewis,,,,16:00,16.0,6,7,0.857,3,3,1.0,0,0,0.0,1,1,2,1,0,1,0,5,15,11.0,0022400968,Maxwell Lewis,maxwell lewis,,,2025-03-15,1,0.9375,0.0625,0.125,0.0625,0.125,3.0,3.0,6.0,8.0,5.0,1.0,2.0,9.0,2.0,0,0.0,0,0.00194,45.4,23390.005151983514,45.311924,0.0625,2.0,2.0,0.92298496
0022400978,1610612751,Brooklyn,Nets,BKN,nets,1629661,Cameron,Johnson,C. Johnson,cameron-johnson,F,,,35:51,35.85,7,16,0.438,4,8,0.5,10,10,1.0,0,4,4,7,0,0,3,2,28,3.0,0022400978,Cameron Johnson,cameron johnson,,,2025-03-16,0,0.7810320781032077,0.0,0.11157601115760112,0.19525801952580193,0.0,1.0,6.0,5.0,1.0,6.0,5.0,5.0,1.0,1.0,0,1.0,0,0.00256,3.9,1522.8426395939084,3.8900159999999997,0.0,7.0,9.0,0.89452237
0022400978,1610612751,Brooklyn,Nets,BKN,nets,1630592,Jalen,Wilson,J. Wilson,jalen-wilson,F,,,30:12,30.2,5,11,0.455,2,4,0.5,1,1,1.0,3,1,4,6,0,0,0,1,13,-6.0,0022400978,Jalen Wilson,jalen wilson,,,2025-03-16,0,0.43046357615894043,0.09933774834437087,0.13245033112582782,0.19867549668874174,0.09933774834437087,4.0,1.0,5.0,2.0,6.0,5.0,8.0,3.0,2.0,0,0.0,0,0.00153,-9.4,-6139.777922926193,-9.385618000000001,0.0,7.0,5.0,0.53441644
0022400978,1610612751,Brooklyn,Nets,BKN,nets,1629651,Nic,Claxton,N. Claxton,nic-claxton,C,,,30:03,30.05,3,6,0.5,0,0,0.0,1,4,0.25,3,3,6,2,2,1,1,2,7,-12.0,0022400978,Nic Claxton,nic claxton,,,2025-03-16,3,0.23294509151414308,0.09983361064891846,0.19966722129783693,0.06655574043261231,0.19966722129783693,8.0,1.0,3.0,6.0,1.0,2.0,9.0,4.0,2.0,0,0.0,0,0.0012,-16.6,-13821.815154038304,-16.580080000000002,0.09983361064891846,1.0,1.0,0.20576917
0022400978,1610612751,Brooklyn,Nets,BKN,nets,1630553,Keon,Johnson,K. Johnson,keon-johnson,G,,,28:53,28.883333333333333,8,20,0.4,4,9,0.444,2,2,1.0,3,5,8,5,1,1,3,4,22,3.0,0022400978,Keon Johnson,keon johnson,,,2025-03-16,2,0.7616849394114252,0.103866128101558,0.27697634160415463,0.17311021350259664,0.17311021350259664,2.0,1.0,1.0,3.0,3.0,2.0,5.0,5.0,1.0,0,0.0,0,0.0032400000000000003,4.9,1511.879049676026,4.884124,0.06924408540103866,2.0,2.0,0.74749863
0022400978,1610612751,Brooklyn,Nets,BKN,nets,1631213,Tyrese,Martin,T. Martin,tyrese-martin,G,,,32:59,32.983333333333334,6,13,0.462,3,7,0.429,1,2,0.5,1,5,6,3,1,0,2,3,16,8.0,0022400978,Tyrese Martin,tyrese martin,,,2025-03-16,1,0.4850934815563416,0.03031834259727135,0.18191005558362808,0.09095502779181404,0.0606366851945427,3.0,5.0,3.0,5.0,3.0,5.0,3.0,2.0,1.0,0,0.0,0,0.0019,11.3,5944.239873750658,11.27853,0.03031834259727135,6.0,8.0,0.53238046
0022400978,1610612751,Brooklyn,Nets,BKN,nets,1630570,Trendon,Watford,T. Watford,trendon-watford,,,,26:41,26.683333333333334,4,8,0.5,1,2,0.5,4,4,1.0,0,1,1,5,1,1,4,2,13,7.0,0022400978,Trendon Watford,trendon watford,,,2025-03-16,2,0.4871955028107433,0.0,0.037476577139287946,0.1873828856964397,0.07495315427857589,4.0,6.0,8.0,3.0,3.0,2.0,4.0,6.0,3.0,0,0.0,0,0.00203,10.2,5022.15657311669,10.179293999999999,0.07495315427857589,2.0,7.0,0.5038527
0022400978,1610612751,Brooklyn,Nets,BKN,nets,1641721,Maxwell,Lewis,M. Lewis,maxwell-lewis,,,,22:23,22.383333333333333,4,7,0.571,2,4,0.5,0,0,0.0,0,1,1,2,2,0,1,1,10,17.0,0022400978,Maxwell Lewis,maxwell lewis,,,2025-03-16,2,0.4467609828741623,0.0,0.044676098287416234,0.08935219657483247,0.08935219657483247,6.0,6.0,8.0,6.0,1.0,5.0,2.0,7.0,5.0,0,0.0,0,0.00148,37.8,25523.295070898042,37.74405599999999,0.08935219657483247,2.0,6.0,0.50811124
0022400978,1610612751,Brooklyn,Nets,BKN,nets,1630549,Day'Ron,Sharpe,D. Sharpe,dayron-sharpe,,,,17:57,17.95,4,7,0.571,0,0,0.0,0,0,0.0,0,7,7,2,0,2,1,2,8,20.0,0022400978,Day'Ron Sharpe,day'ron sharpe,,,2025-03-16,2,0.44568245125348194,0.0,0.38997214484679665,0.11142061281337048,0.11142061281337048,7.0,6.0,2.0,6.0,6.0,1.0,1.0,8.0,2.0,0,0.0,0,0.0018599999999999999,59.8,32133.261687264912,59.688772,0.11142061281337048,2.0,4.0,0.4992384
0022400978,1610612751,Brooklyn,Nets,BKN,nets,1641736,Reece,Beekman,R. Beekman,reece-beekman,,,,15:01,15.016666666666667,2,2,1.0,1,1,1.0,0,0,0.0,2,1,3,1,0,0,0,1,5,0.0,0022400978,Reece Beekman,reece beekman,,,2025-03-16,0,0.3329633740288568,0.1331853496115427,0.19977802441731407,0.06659267480577136,0.1331853496115427,9.0,4.0,7.0,9.0,6.0,5.0,7.0,9.0,1.0,0,0.0,0,0.00057,3.2,5604.203152364274,3.198176,0.0,7.0,3.0,0.06384378
0022400994,1610612751,Brooklyn,Nets,BKN,nets,1629661,Cameron,Johnson,C. Johnson,cameron-johnson,F,,,28:42,28.7,4,9,0.444,1,5,0.2,2,3,0.667,1,1,2,4,2,1,0,2,11,-10.0,0022400994,Cameron Johnson,cameron johnson,,,2025-03-18,3,0.3832752613240418,0.03484320557491289,0.06968641114982578,0.13937282229965156,0.13937282229965156,4.0,2.0,8.0,2.0,1.0,1.0,8.0,1.0,2.0,0,0.0,0,0.00149,-15.0,-10060.36217303823,-14.97765,0.10452961672473868,1.0,2.0,0.55222213
0022400994,1610612751,Brooklyn,Nets,BKN,nets,1630533,Ziaire,Williams,Z. Williams,ziaire-williams,F,,,28:06,28.1,5,11,0.455,3,7,0.429,2,2,1.0,1,3,4,0,1,0,1,5,15,-5.0,0022400994,Ziaire Williams,ziaire williams,,,2025-03-18,1,0.5338078291814946,0.03558718861209964,0.14234875444839856,0.0,0.07117437722419928,2.0,2.0,4.0,9.0,3.0,3.0,7.0,4.0,1.0,0,0.0,0,0.00203,-6.7,-3298.867552929591,-6.686399000000001,0.03558718861209964,3.0,4.0,0.76977015
0022400994,1610612751,Brooklyn,Nets,BKN,nets,1629651,Nic,Claxton,N. Claxton,nic-claxton,C,,,28:42,28.7,3,6,0.5,0,0,0.0,0,0,0.0,1,8,9,2,0,0,0,1,6,-10.0,0022400994,Nic Claxton,nic claxton,,,2025-03-18,0,0.20905923344947736,0.03484320557491289,0.31358885017421606,0.06968641114982578,0.03484320557491289,8.0,2.0,1.0,4.0,8.0,3.0,8.0,1.0,0.0,0,0.0,0,0.0009,-15.0,-16648.168701442843,-14.9865,0.0,9.0,9.0,0.04282831
0022400994,1610612751,Brooklyn,Nets,BKN,nets,1630553,Keon,Johnson,K. Johnson,keon-johnson,G,,,23:03,23.05,5,12,0.417,3,6,0.5,0,0,0.0,0,3,3,1,2,0,1,4,13,-10.0,0022400994,Keon Johnson,keon johnson,,,2025-03-18,2,0.5639913232104121,0.0,0.1301518438177874,0.04338394793926247,0.08676789587852494,3.0,6.0,6.0,5.0,1.0,3.0,8.0,5.0,1.0,0,0.0,0,0.00265,-16.1,-6073.179932101094,-16.057335000000002,0.08676789587852494,2.0,3.0,0.68404895
0022400994,1610612751,Brooklyn,Nets,BKN,nets,1626156,D'Angelo,Russell,D. Russell,dangelo-russell,G,,,28:42,28.7,6,18,0.333,4,13,0.308,2,3,0.667,1,4,5,7,1,0,2,1,18,-10.0,0022400994,D'Angelo Russell,d'angelo russell,,,2025-03-18,1,0.6271777003484321,0.03484320557491289,0.17421602787456447,0.24390243902439024,0.06968641114982578,1.0,2.0,3.0,1.0,3.0,3.0,8.0,1.0,2.0,0,0.0,0,0.00313,-15.0,-4790.801660811242,-14.953050000000001,0.03484320557491289,3.0,5.0,0.5559994
0022400994,1610612751,Brooklyn,Nets,BKN,nets,1631213,Tyrese,Martin,T. Martin,tyrese-martin,,,,19:18,19.3,3,5,0.6,1,3,0.333,2,2,1.0,0,3,3,1,1,0,0,2,9,2.0,0022400994,Tyrese Martin,tyrese martin,,,2025-03-18,1,0.46632124352331605,0.0,0.15544041450777202,0.05181347150259067,0.05181347150259067,6.0,6.0,6.0,5.0,3.0,3.0,2.0,7.0,0.0,0,0.0,0,0.0015,2.8,1865.423051299134,2.7958,0.05181347150259067,3.0,6.0,0.21280345
0022400994,1610612751,Brooklyn,Nets,BKN,nets,1630549,Day'Ron,Sharpe,D. Sharpe,dayron-sharpe,,,,19:18,19.3,4,6,0.667,1,1,1.0,0,0,0.0,4,3,7,1,0,1,2,0,9,2.0,0022400994,Day'Ron Sharpe,day'ron sharpe,,,2025-03-18,1,0.46632124352331605,0.20725388601036268,0.3626943005181347,0.05181347150259067,0.25906735751295334,6.0,1.0,2.0,5.0,8.0,1.0,2.0,7.0,0.0,0,0.0,0,0.002,2.8,1399.3003498250873,2.7944,0.05181347150259067,3.0,1.0,0.58853835
0022400994,1610612751,Brooklyn,Nets,BKN,nets,1641721,Maxwell,Lewis,M. Lewis,maxwell-lewis,,,,19:18,19.3,1,4,0.25,0,2,0.0,1,2,0.5,0,4,4,0,1,0,0,1,3,2.0,0022400994,Maxwell Lewis,maxwell lewis,,,2025-03-18,1,0.15544041450777202,0.0,0.20725388601036268,0.0,0.05181347150259067,9.0,6.0,4.0,9.0,3.0,3.0,2.0,7.0,1.0,0,0.0,0,0.00125,2.8,2238.2094324540367,2.7965,0.05181347150259067,3.0,6.0,0.024743365
0022400994,1610612751,Brooklyn,Nets,BKN,nets,1641730,Noah,Clowney,N. Clowney,noah-clowney,,,,17:50,17.833333333333332,0,5,0.0,0,3,0.0,1,2,0.5,0,2,2,1,0,0,0,0,1,4.0,0022400994,Noah Clowney,noah clowney,,,2025-03-18,0,0.05607476635514019,0.0,0.11214953271028039,0.05607476635514019,0.0,10.0,6.0,8.0,5.0,8.0,3.0,1.0,10.0,0.0,0,0.0,0,0.00158,12.1,7653.3839342188485,12.080881999999999,0.0,9.0,10.0,0.010761218
0022400994,1610612751,Brooklyn,Nets,BKN,nets,1630570,Trendon,Watford,T. Watford,trendon-watford,,,,19:54,19.9,5,9,0.556,0,2,0.0,1,3,0.333,0,0,0,4,1,0,2,3,11,-3.0,0022400994,Trendon Watford,trendon watford,,,2025-03-18,1,0.5527638190954774,0.0,0.0,0.20100502512562815,0.05025125628140704,4.0,6.0,10.0,2.0,3.0,3.0,6.0,6.0,2.0,0,0.0,0,0.0028599999999999997,-10.9,-3809.8566934638243,-10.868826,0.05025125628140704,3.0,8.0,0.56024516
0022400994,1610612751,Brooklyn,Nets,BKN,nets,1630592,Jalen,Wilson,J. Wilson,jalen-wilson,,,,7:07,7.116666666666666,0,3,0.0,0,3,0.0,0,0,0.0,0,0,0,0,0,0,0,0,0,-2.0,0022400994,Jalen Wilson,jalen wilson,,,2025-03-18,0,0.0,0.0,0.0,0.0,0.0,11.0,6.0,10.0,9.0,8.0,3.0,5.0,11.0,0.0,0,0.0,0,0.00167,-15.4,-9216.038300418912,-15.374282000000001,0.0,9.0,10.0,0.003551508
0022401011,1610612751,Brooklyn,Nets,BKN,nets,1630592,Jalen,Wilson,J. Wilson,jalen-wilson,F,,,19:15,19.25,0,4,0.0,0,3,0.0,0,0,0.0,0,1,1,0,0,0,1,1,0,-5.0,0022401011,Jalen Wilson,jalen wilson,,,2025-03-20,0,0.0,0.0,0.05194805194805195,0.0,0.0,10.0,7.0,9.0,9.0,9.0,3.0,6.0,9.0,1.0,0,0.0,0,0.00106,-16.5,-15551.366635249766,-16.48251,0.0,10.0,10.0,0.005715841
0022401011,1610612751,Brooklyn,Nets,BKN,nets,1630533,Ziaire,Williams,Z. Williams,ziaire-williams,F,,,34:39,34.65,8,15,0.533,6,12,0.5,0,1,0.0,0,5,5,1,2,0,2,1,22,-5.0,0022401011,Ziaire Williams,ziaire williams,,,2025-03-20,2,0.634920634920635,0.0,0.14430014430014432,0.02886002886002886,0.05772005772005772,1.0,7.0,3.0,7.0,1.0,3.0,6.0,1.0,3.0,0,0.0,0,0.00213,-6.8,-3190.9901454716096,-6.785516,0.05772005772005772,2.0,8.0,0.8373628
0022401011,1610612751,Brooklyn,Nets,BKN,nets,1629651,Nic,Claxton,N. Claxton,nic-claxton,C,,,30:30,30.5,3,5,0.6,0,0,0.0,0,0,0.0,6,8,14,0,1,2,5,3,6,-12.0,0022401011,Nic Claxton,nic claxton,,,2025-03-20,3,0.19672131147540983,0.19672131147540983,0.45901639344262296,0.0,0.29508196721311475,6.0,1.0,1.0,9.0,4.0,1.0,9.0,4.0,1.0,0,0.0,0,0.00133,-21.4,-16078.136739293765,-21.371537999999997,0.09836065573770492,1.0,1.0,0.2743975
0022401011,1610612751,Brooklyn,Nets,BKN,nets,1630553,Keon,Johnson,K. Johnson,keon-johnson,G,,,27:26,27.433333333333334,2,12,0.167,1,6,0.167,1,2,0.5,1,2,3,2,2,0,0,5,6,-14.0,0022401011,Keon Johnson,keon johnson,,,2025-03-20,2,0.2187120291616039,0.03645200486026731,0.10935601458080195,0.07290400972053462,0.10935601458080195,6.0,3.0,6.0,3.0,1.0,3.0,10.0,5.0,3.0,0,1.0,0,0.00203,-22.7,-11176.760216642046,-22.653919,0.07290400972053462,2.0,3.0,0.08064379
0022401011,1610612751,Brooklyn,Nets,BKN,nets,1626156,D'Angelo,Russell,D. Russell,dangelo-russell,G,,,32:22,32.36666666666667,7,22,0.318,3,12,0.25,5,6,0.833,0,1,1,6,1,0,1,4,22,-2.0,0022401011,D'Angelo Russell,d'angelo russell,,,2025-03-20,1,0.6797116374871267,0.0,0.03089598352214212,0.18537590113285274,0.03089598352214212,1.0,7.0,9.0,1.0,4.0,3.0,5.0,2.0,4.0,0,0.0,0,0.0032500000000000003,-4.2,-1291.9101814826206,-4.18635,0.03089598352214212,6.0,9.0,0.5207937
0022401011,1610612751,Brooklyn,Nets,BKN,nets,1631213,Tyrese,Martin,T. Martin,tyrese-martin,,,,30:54,30.9,1,8,0.125,0,5,0.0,2,2,1.0,0,4,4,4,2,0,3,3,4,-11.0,0022401011,Tyrese Martin,tyrese martin,,,2025-03-20,2,0.12944983818770228,0.0,0.12944983818770228,0.12944983818770228,0.06472491909385114,9.0,7.0,5.0,2.0,1.0,3.0,8.0,3.0,0.0,0,0.0,0,0.00158,-20.2,-12776.723592662871,-20.168084,0.06472491909385114,2.0,7.0,0.012943188
0022401011,1610612751,Brooklyn,Nets,BKN,nets,1630570,Trendon,Watford,T. Watford,trendon-watford,,,,26:33,26.55,6,11,0.545,1,1,1.0,2,4,0.5,1,4,5,2,1,0,1,2,15,8.0,0022401011,Trendon Watford,trendon watford,,,2025-03-20,1,0.5649717514124294,0.03766478342749529,0.18832391713747645,0.07532956685499058,0.07532956685499058,3.0,3.0,3.0,3.0,4.0,3.0,1.0,6.0,2.0,0,0.0,0,0.00213,17.9,8399.812294697324,17.861873,0.03766478342749529,6.0,6.0,0.8414577
0022401011,1610612751,Brooklyn,Nets,BKN,nets,1630549,Day'Ron,Sharpe,D. Sharpe,dayron-sharpe,,,,22:30,22.5,3,8,0.375,0,2,0.0,0,0,0.0,4,5,9,2,0,2,1,0,6,6.0,0022401011,Day'Ron Sharpe,day'ron sharpe,,,2025-03-20,2,0.26666666666666666,0.17777777777777778,0.4,0.08888888888888889,0.26666666666666666,6.0,2.0,2.0,3.0,9.0,1.0,2.0,7.0,1.0,0,0.0,0,0.0017299999999999998,15.1,8723.281340265743,15.073877,0.08888888888888889,2.0,2.0,0.63859457
0022401011,1610612751,Brooklyn,Nets,BKN,nets,1641721,Maxwell,Lewis,M. Lewis,maxwell-lewis,,,,21:51,21.85,3,6,0.5,2,2,1.0,0,0,0.0,1,1,2,2,1,0,0,0,8,6.0,0022401011,Maxwell Lewis,maxwell lewis,,,2025-03-20,1,0.36613272311212813,0.04576659038901602,0.09153318077803203,0.09153318077803203,0.09153318077803203,5.0,3.0,8.0,3.0,4.0,3.0,2.0,8.0,4.0,0,0.0,0,0.0011799999999999998,13.6,11515.664690939884,13.583952,0.04576659038901602,6.0,5.0,0.3143482
0022401011,1610612751,Brooklyn,Nets,BKN,nets,1641730,Noah,Clowney,N. Clowney,noah-clowney,,,,19:00,19.0,3,10,0.3,1,7,0.143,3,3,1.0,1,2,3,1,1,0,2,5,10,-1.0,0022401011,Noah Clowney,noah clowney,,,2025-03-20,1,0.5263157894736842,0.05263157894736842,0.15789473684210525,0.05263157894736842,0.10526315789473684,4.0,3.0,6.0,7.0,4.0,3.0,4.0,10.0,0.0,0,0.0,0,0.00271,1.9,700.848395426042,1.8948509999999998,0.05263157894736842,6.0,4.0,0.19077902
0022401024,1610612751,Brooklyn,Nets,BKN,nets,1630592,Jalen,Wilson,J. Wilson,jalen-wilson,F,,,22:57,22.95,5,12,0.417,3,9,0.333,0,0,0.0,0,6,6,0,0,0,0,2,13,-7.0,0022401024,Jalen Wilson,jalen wilson,,,2025-03-22,0,0.5664488017429194,0.0,0.26143790849673204,0.0,0.0,4.0,7.0,3.0,9.0,5.0,2.0,8.0,7.0,0.0,0,0.0,0,0.00222,-12.5,-5628.095452498874,-12.47225,0.0,5.0,8.0,0.5860763
0022401024,1610612751,Brooklyn,Nets,BKN,nets,1629661,Cameron,Johnson,C. Johnson,cameron-johnson,F,,,36:57,36.95,8,17,0.471,3,7,0.429,1,1,1.0,1,8,9,5,1,0,2,2,20,-5.0,0022401024,Cameron Johnson,cameron johnson,,,2025-03-22,1,0.5412719891745602,0.027063599458728008,0.24357239512855208,0.13531799729364005,0.054127198917456015,2.0,3.0,2.0,1.0,2.0,2.0,6.0,1.0,2.0,0,0.0,0,0.00202,-8.9,-4403.760514596734,-8.882022000000001,0.027063599458728008,3.0,5.0,0.7444745
0022401024,1610612751,Brooklyn,Nets,BKN,nets,1629651,Nic,Claxton,N. Claxton,nic-claxton,C,,,31:43,31.716666666666665,4,9,0.444,0,0,0.0,1,2,0.5,5,5,10,4,0,0,3,3,9,-6.0,0022401024,Nic Claxton,nic claxton,,,2025-03-22,0,0.2837624802942722,0.1576458223857068,0.3152916447714136,0.12611665790856544,0.1576458223857068,5.0,1.0,1.0,3.0,5.0,2.0,7.0,3.0,1.0,0,0.0,0,0.00157,-8.5,-5410.5665181413115,-8.486655,0.0,5.0,2.0,0.13987516
0022401024,1610612751,Brooklyn,Nets,BKN,nets,1631213,Tyrese,Martin,T. Martin,tyrese-martin,G,,,28:23,28.383333333333333,3,7,0.429,3,6,0.5,0,0,0.0,1,3,4,5,0,0,1,5,9,-7.0,0022401024,Tyrese Martin,tyrese martin,,,2025-03-22,0,0.31708749266001174,0.03523194362889019,0.14092777451556077,0.17615971814445097,0.03523194362889019,5.0,3.0,6.0,1.0,5.0,2.0,8.0,5.0,0.0,0,0.0,0,0.00111,-9.4,-8460.846084608462,-9.389566,0.0,5.0,7.0,0.09325402
0022401024,1610612751,Brooklyn,Nets,BKN,nets,1630553,Keon,Johnson,K. Johnson,keon-johnson,G,,,32:40,32.666666666666664,7,14,0.5,3,8,0.375,0,2,0.0,0,4,4,1,3,0,4,3,17,5.0,0022401024,Keon Johnson,keon johnson,,,2025-03-22,3,0.5204081632653061,0.0,0.12244897959183675,0.030612244897959186,0.09183673469387756,3.0,7.0,6.0,5.0,1.0,2.0,1.0,2.0,2.0,0,0.0,0,0.00218,8.0,3668.0421824850982,7.98256,0.09183673469387756,1.0,4.0,0.73973984
0022401024,1610612751,Brooklyn,Nets,BKN,nets,1630570,Trendon,Watford,T. Watford,trendon-watford,,,,30:06,30.1,9,14,0.643,2,4,0.5,6,10,0.6,2,3,5,1,1,0,1,0,26,-3.0,0022401024,Trendon Watford,trendon watford,,,2025-03-22,1,0.8637873754152824,0.06644518272425248,0.16611295681063123,0.03322259136212624,0.09966777408637874,1.0,2.0,4.0,5.0,2.0,2.0,4.0,4.0,2.0,0,0.0,0,0.0027800000000000004,-4.7,-1690.0395541172238,-4.686934,0.03322259136212624,3.0,3.0,0.8642277
0022401024,1610612751,Brooklyn,Nets,BKN,nets,1630549,Day'Ron,Sharpe,D. Sharpe,dayron-sharpe,,,,16:35,16.583333333333332,1,3,0.333,0,1,0.0,0,0,0.0,0,3,3,2,0,0,1,1,2,0.0,0022401024,Day'Ron Sharpe,day'ron sharpe,,,2025-03-22,0,0.1206030150753769,0.0,0.18090452261306533,0.1206030150753769,0.0,8.0,7.0,8.0,4.0,5.0,2.0,3.0,8.0,0.0,0,0.0,0,0.00114,5.5,4820.333041191938,5.49373,0.0,5.0,8.0,0.015778998
0022401024,1610612751,Brooklyn,Nets,BKN,nets,1641721,Maxwell,Lewis,M. Lewis,maxwell-lewis,,,,15:09,15.15,0,4,0.0,0,2,0.0,2,2,1.0,1,1,2,1,1,1,0,1,2,-3.0,0022401024,Maxwell Lewis,maxwell lewis,,,2025-03-22,2,0.132013201320132,0.066006600660066,0.132013201320132,0.066006600660066,0.198019801980198,8.0,3.0,9.0,5.0,2.0,1.0,4.0,9.0,1.0,0,0.0,0,0.00147,-6.7,-4554.724677090415,-6.690151,0.132013201320132,2.0,1.0,0.018621627
0022401024,1610612751,Brooklyn,Nets,BKN,nets,1641730,Noah,Clowney,N. Clowney,noah-clowney,,,,25:30,25.5,2,10,0.2,1,6,0.167,0,0,0.0,1,4,5,1,0,0,2,3,5,1.0,0022401024,Noah Clowney,noah clowney,,,2025-03-22,0,0.19607843137254902,0.0392156862745098,0.19607843137254902,0.0392156862745098,0.0392156862745098,7.0,3.0,4.0,5.0,5.0,2.0,2.0,6.0,1.0,0,2.0,0,0.00211,1.9,900.0473709142586,1.895991,0.0,5.0,6.0,0.107415505
0022401040,1610612751,Brooklyn,Nets,BKN,nets,1629661,Cameron,Johnson,C. Johnson,cameron-johnson,F,,,30:09,30.15,6,13,0.462,1,7,0.143,4,4,1.0,1,1,2,8,0,0,6,0,17,-9.0,0022401040,Cameron Johnson,cameron johnson,,,2025-03-24,0,0.5638474295190713,0.03316749585406302,0.06633499170812604,0.26533996683250416,0.03316749585406302,2.0,4.0,6.0,1.0,5.0,3.0,5.0,1.0,1.0,0,0.0,0,0.00318,-18.9,-5941.527821439798,-18.839897999999998,0.0,7.0,8.0,0.70409256
0022401040,1610612751,Brooklyn,Nets,BKN,nets,1630533,Ziaire,Williams,Z. Williams,ziaire-williams,F,,,21:54,21.9,2,6,0.333,2,5,0.4,0,0,0.0,0,2,2,1,1,0,2,0,6,-19.0,0022401040,Ziaire Williams,ziaire williams,,,2025-03-24,1,0.27397260273972607,0.0,0.09132420091324202,0.04566210045662101,0.04566210045662101,8.0,7.0,6.0,8.0,2.0,3.0,10.0,8.0,2.0,0,0.0,0,0.0016300000000000002,-45.2,-27713.059472716126,-45.126324000000004,0.04566210045662101,2.0,5.0,0.023095395
0022401040,1610612751,Brooklyn,Nets,BKN,nets,1629651,Nic,Claxton,N. Claxton,nic-claxton,C,,,26:41,26.683333333333334,8,11,0.727,2,2,1.0,1,3,0.333,2,5,7,3,0,1,1,3,19,-11.0,0022401040,Nic Claxton,nic claxton,,,2025-03-24,1,0.712054965646471,0.07495315427857589,0.2623360399750156,0.11242973141786383,0.11242973141786383,1.0,1.0,1.0,5.0,5.0,1.0,7.0,4.0,0.0,0,0.0,0,0.0022400000000000002,-25.7,-11468.09460062472,-25.642432,0.037476577139287946,2.0,3.0,0.91263056
0022401040,1610612751,Brooklyn,Nets,BKN,nets,1630553,Keon,Johnson,K. Johnson,keon-johnson,G,,,28:33,28.55,3,7,0.429,0,2,0.0,2,2,1.0,1,3,4,3,1,0,3,3,8,-12.0,0022401040,Keon Johnson,keon johnson,,,2025-03-24,1,0.28021015761821366,0.03502626970227671,0.14010507880910683,0.10507880910683012,0.07005253940455342,6.0,4.0,4.0,5.0,2.0,3.0,8.0,2.0,1.0,0,0.0,0,0.0017699999999999999,-25.4,-14342.179559570865,-25.355041999999997,0.03502626970227671,2.0,4.0,0.056160256
0022401040,1610612751,Brooklyn,Nets,BKN,nets,1631213,Tyrese,Martin,T. Martin,tyrese-martin,G,,,25:28,25.466666666666665,2,7,0.286,2,4,0.5,0,0,0.0,0,4,4,5,1,0,2,0,6,-12.0,0022401040,Tyrese Martin,tyrese martin,,,2025-03-24,1,0.23560209424083772,0.0,0.15706806282722513,0.19633507853403143,0.03926701570680628,8.0,7.0,4.0,2.0,2.0,3.0,8.0,5.0,2.0,0,0.0,0,0.00158,-23.5,-14864.010120177103,-23.46287,0.03926701570680628,2.0,7.0,0.039177522
0022401040,1610612751,Brooklyn,Nets,BKN,nets,1630570,Trendon,Watford,T. Watford,trendon-watford,,,,28:00,28.0,5,9,0.556,1,3,0.333,1,2,0.5,0,1,1,4,0,0,2,2,12,-6.0,0022401040,Trendon Watford,trendon watford,,,2025-03-24,0,0.42857142857142855,0.0,0.03571428571428571,0.14285714285714285,0.0,3.0,7.0,10.0,3.0,5.0,3.0,2.0,3.0,1.0,0,0.0,0,0.00185,-16.5,-8914.100486223662,-16.469475,0.0,7.0,9.0,0.38671404
0022401040,1610612751,Brooklyn,Nets,BKN,nets,1630549,Day'Ron,Sharpe,D. Sharpe,dayron-sharpe,,,,24:14,24.233333333333334,5,8,0.625,0,2,0.0,0,0,0.0,2,5,7,4,4,0,1,2,10,-6.0,0022401040,Day'Ron Sharpe,day'ron sharpe,,,2025-03-24,4,0.4126547455295736,0.08253094910591471,0.2888583218707015,0.16506189821182943,0.24759284731774414,4.0,1.0,1.0,3.0,1.0,3.0,2.0,6.0,3.0,0,0.0,0,0.00153,-13.8,-9013.716525146965,-13.778886,0.16506189821182943,1.0,1.0,0.72695863
0022401040,1610612751,Brooklyn,Nets,BKN,nets,1630592,Jalen,Wilson,J. Wilson,jalen-wilson,,,,17:51,17.85,3,7,0.429,1,3,0.333,1,1,1.0,0,2,2,0,0,0,1,3,8,-10.0,0022401040,Jalen Wilson,jalen wilson,,,2025-03-24,0,0.44817927170868344,0.0,0.11204481792717086,0.0,0.0,6.0,7.0,6.0,9.0,5.0,3.0,6.0,9.0,0.0,0,0.0,0,0.0018599999999999999,-30.5,-16389.038151531437,-30.443270000000002,0.0,7.0,9.0,0.048234418
0022401040,1610612751,Brooklyn,Nets,BKN,nets,1641721,Maxwell,Lewis,M. Lewis,maxwell-lewis,,,,14:59,14.983333333333333,4,6,0.667,1,2,0.5,0,0,0.0,2,0,2,0,0,1,0,1,9,-7.0,0022401040,Maxwell Lewis,maxwell lewis,,,2025-03-24,1,0.6006674082313682,0.13348164627363737,0.13348164627363737,0.0,0.20022246941045607,5.0,1.0,6.0,9.0,5.0,1.0,4.0,10.0,1.0,0,0.0,0,0.0016200000000000001,-30.1,-18568.784700801974,-30.051238,0.06674082313681869,2.0,2.0,0.47853163
0022401040,1610612751,Brooklyn,Nets,BKN,nets,1641730,Noah,Clowney,N. Clowney,noah-clowney,,,,22:11,22.183333333333334,2,4,0.5,1,3,0.333,1,2,0.5,1,5,6,2,0,0,0,1,6,-3.0,0022401040,Noah Clowney,noah clowney,,,2025-03-24,0,0.270473328324568,0.045078888054094664,0.270473328324568,0.09015777610818933,0.045078888054094664,8.0,4.0,3.0,7.0,5.0,3.0,1.0,7.0,0.0,0,0.0,0,0.0010199999999999999,-19.3,-18903.036238981396,-19.280314,0.0,7.0,6.0,0.09959698
0022401054,1610612751,Brooklyn,Nets,BKN,nets,1630533,Ziaire,Williams,Z. Williams,ziaire-williams,F,,,26:54,26.9,4,14,0.286,2,9,0.222,3,3,1.0,1,5,6,1,1,0,0,1,13,-28.0,0022401054,Ziaire Williams,ziaire williams,,,2025-03-26,1,0.483271375464684,0.03717472118959108,0.2230483271375465,0.03717472118959108,0.07434944237918216,2.0,3.0,2.0,5.0,2.0,6.0,9.0,4.0,3.0,0,0.0,0,0.00242,-48.3,-19950.433705080544,-48.183113999999996,0.03717472118959108,4.0,4.0,0.46843565
0022401054,1610612751,Brooklyn,Nets,BKN,nets,1641730,Noah,Clowney,N. Clowney,noah-clowney,F,,,27:52,27.866666666666667,1,9,0.111,1,6,0.167,2,2,1.0,1,4,5,2,2,1,4,3,5,-22.0,0022401054,Noah Clowney,noah clowney,,,2025-03-26,3,0.17942583732057416,0.03588516746411483,0.17942583732057416,0.07177033492822966,0.14354066985645933,7.0,3.0,3.0,3.0,1.0,2.0,7.0,3.0,4.0,0,0.0,0,0.0020599999999999998,-36.1,-17515.769044153327,-36.025634000000004,0.10765550239234449,2.0,2.0,0.018326055
0022401054,1610612751,Brooklyn,Nets,BKN,nets,1629651,Nic,Claxton,N. Claxton,nic-claxton,C,,,29:12,29.2,10,14,0.714,0,0,0.0,2,4,0.5,6,5,11,1,0,5,3,2,22,-16.0,0022401054,Nic Claxton,nic claxton,,,2025-03-26,5,0.7534246575342466,0.20547945205479454,0.3767123287671233,0.03424657534246575,0.3767123287671233,1.0,1.0,1.0,5.0,6.0,1.0,5.0,1.0,0.0,0,0.0,0,0.00254,-25.8,-10153.482880755608,-25.734468,0.17123287671232876,1.0,1.0,0.91113734
0022401054,1610612751,Brooklyn,Nets,BKN,nets,1630553,Keon,Johnson,K. Johnson,keon-johnson,G,,,28:13,28.216666666666665,2,10,0.2,0,4,0.0,4,5,0.8,0,2,2,5,1,1,1,5,8,-24.0,0022401054,Keon Johnson,keon johnson,,,2025-03-26,2,0.2835203780271707,0.0,0.07088009450679268,0.1772002362669817,0.07088009450679268,6.0,5.0,8.0,1.0,2.0,2.0,8.0,2.0,2.0,0,0.0,0,0.002,-37.6,-18790.604697651175,-37.5248,0.07088009450679268,3.0,5.0,0.036179397
0022401054,1610612751,Brooklyn,Nets,BKN,nets,1626156,D'Angelo,Russell,D. Russell,dangelo-russell,G,,,25:07,25.116666666666667,2,8,0.25,1,7,0.143,0,0,0.0,0,5,5,2,0,0,4,2,5,-21.0,0022401054,D'Angelo Russell,d'angelo russell,,,2025-03-26,0,0.19907100199071,0.0,0.19907100199071,0.07962840079628401,0.0,7.0,5.0,3.0,3.0,6.0,6.0,6.0,8.0,2.0,0,0.0,0,0.002,-38.2,-19090.45477261369,-38.1236,0.0,9.0,9.0,0.01888122
0022401054,1610612751,Brooklyn,Nets,BKN,nets,1630570,Trendon,Watford,T. Watford,trendon-watford,,,,26:26,26.433333333333334,4,8,0.5,0,1,0.0,1,1,1.0,0,4,4,3,0,1,1,2,9,-15.0,0022401054,Trendon Watford,trendon watford,,,2025-03-26,1,0.34047919293820933,0.0,0.15132408575031525,0.11349306431273644,0.03783102143757881,4.0,5.0,5.0,2.0,6.0,2.0,4.0,6.0,3.0,0,0.0,0,0.0014299999999999998,-22.9,-16002.795248078268,-22.867252999999998,0.03783102143757881,4.0,7.0,0.2446939
0022401054,1610612751,Brooklyn,Nets,BKN,nets,1641721,Maxwell,Lewis,M. Lewis,maxwell-lewis,,,,24:19,24.316666666666666,2,7,0.286,1,3,0.333,0,0,0.0,2,2,4,1,1,0,3,1,5,-4.0,0022401054,Maxwell Lewis,maxwell lewis,,,2025-03-26,1,0.20562028786840303,0.0822481151473612,0.1644962302947224,0.0411240575736806,0.12337217272104181,7.0,2.0,5.0,5.0,2.0,6.0,1.0,9.0,0.0,0,0.0,0,0.00161,-7.4,-4593.420235878337,-7.388086,0.0411240575736806,4.0,3.0,0.066856325
0022401054,1610612751,Brooklyn,Nets,BKN,nets,1641727,Dariq,Whitehead,D. Whitehead,dariq-whitehead,,,,25:17,25.283333333333335,3,10,0.3,3,9,0.333,0,0,0.0,0,2,2,1,1,0,1,2,9,-7.0,0022401054,Dariq Whitehead,dariq whitehead,,,2025-03-26,1,0.35596572181938035,0.0,0.07910349373764007,0.039551746868820035,0.039551746868820035,4.0,5.0,8.0,5.0,2.0,6.0,2.0,7.0,0.0,0,0.0,0,0.00172,-12.5,-7263.219058686811,-12.478499999999999,0.039551746868820035,4.0,6.0,0.16899446
0022401054,1610612751,Brooklyn,Nets,BKN,nets,1630592,Jalen,Wilson,J. Wilson,jalen-wilson,,,,26:40,26.666666666666668,3,7,0.429,0,2,0.0,4,4,1.0,0,4,4,0,0,1,2,3,10,-13.0,0022401054,Jalen Wilson,jalen wilson,,,2025-03-26,1,0.375,0.0,0.15,0.0,0.0375,3.0,5.0,5.0,9.0,6.0,2.0,3.0,5.0,0.0,0,0.0,0,0.00159,-22.4,-14079.19547454431,-22.364383999999998,0.0375,4.0,8.0,0.11569485
0022401068,1610612751,Brooklyn,Nets,BKN,nets,1629661,Cameron,Johnson,C. Johnson,cameron-johnson,F,,,19:46,19.766666666666666,3,8,0.375,1,5,0.2,4,4,1.0,0,0,0,6,1,0,1,1,11,-18.0,0022401068,Cameron Johnson,cameron johnson,,,2025-03-28,1,0.5564924114671164,0.0,0.0,0.30354131534569984,0.050590219224283306,2.0,7.0,12.0,1.0,5.0,3.0,10.0,5.0,2.0,0,0.0,0,0.00244,-48.7,-19950.83981974601,-48.581172,0.050590219224283306,6.0,11.0,0.23388246
0022401068,1610612751,Brooklyn,Nets,BKN,nets,1630533,Ziaire,Williams,Z. Williams,ziaire-williams,F,,,18:02,18.033333333333335,2,6,0.333,1,5,0.2,1,1,1.0,0,3,3,1,0,1,2,4,6,-32.0,0022401068,Ziaire Williams,ziaire williams,,,2025-03-28,1,0.33271719038817005,0.0,0.16635859519408502,0.055452865064695,0.055452865064695,6.0,7.0,6.0,7.0,7.0,2.0,14.0,9.0,0.0,0,0.0,0,0.002,-80.2,-40079.96001999,-80.03960000000001,0.055452865064695,6.0,10.0,0.03831405
0022401068,1610612751,Brooklyn,Nets,BKN,nets,1629651,Nic,Claxton,N. Claxton,nic-claxton,C,,,19:46,19.766666666666666,3,7,0.429,0,1,0.0,0,0,0.0,0,5,5,1,0,2,2,2,6,-18.0,0022401068,Nic Claxton,nic claxton,,,2025-03-28,2,0.30354131534569984,0.0,0.25295109612141653,0.050590219224283306,0.10118043844856661,6.0,7.0,3.0,7.0,7.0,1.0,10.0,5.0,0.0,0,0.0,0,0.002,-48.7,-24337.83108445777,-48.6026,0.10118043844856661,1.0,7.0,0.041767277
0022401068,1610612751,Brooklyn,Nets,BKN,nets,1630553,Keon,Johnson,K. Johnson,keon-johnson,G,,,22:44,22.733333333333334,5,11,0.455,3,7,0.429,0,0,0.0,0,1,1,2,2,0,2,2,13,-28.0,0022401068,Keon Johnson,keon johnson,,,2025-03-28,2,0.5718475073313782,0.0,0.0439882697947214,0.0879765395894428,0.0879765395894428,1.0,7.0,10.0,4.0,1.0,3.0,13.0,3.0,2.0,0,0.0,0,0.0026,-59.6,-22914.26374471357,-59.44504,0.0879765395894428,1.0,8.0,0.7376512
0022401068,1610612751,Brooklyn,Nets,BKN,nets,1626156,D'Angelo,Russell,D. Russell,dangelo-russell,G,,,18:41,18.683333333333334,2,7,0.286,1,3,0.333,0,0,0.0,1,1,2,2,2,0,1,1,5,-21.0,0022401068,D'Angelo Russell,d'angelo russell,,,2025-03-28,2,0.26761819803746656,0.05352363960749331,0.10704727921498662,0.10704727921498662,0.16057091882247992,11.0,3.0,8.0,4.0,1.0,3.0,12.0,8.0,1.0,0,0.0,0,0.0018599999999999999,-51.2,-27512.090274046215,-51.10476800000001,0.10704727921498662,1.0,2.0,0.020407401
0022401068,1610612751,Brooklyn,Nets,BKN,nets,1631213,Tyrese,Martin,T. Martin,tyrese-martin,,,,19:28,19.466666666666665,2,7,0.286,2,5,0.4,0,0,0.0,0,4,4,1,0,0,0,1,6,-11.0,0022401068,Tyrese Martin,tyrese martin,,,2025-03-28,0,0.3082191780821918,0.0,0.20547945205479454,0.051369863013698634,0.0,6.0,7.0,5.0,7.0,7.0,3.0,6.0,7.0,0.0,0,0.0,0,0.0014299999999999998,-26.8,-18728.162124388542,-26.761675999999998,0.0,9.0,12.0,0.04193815
0022401068,1610612751,Brooklyn,Nets,BKN,nets,1630592,Jalen,Wilson,J. Wilson,jalen-wilson,,,,27:39,27.65,1,10,0.1,0,3,0.0,6,8,0.75,2,5,7,2,2,0,0,1,8,2.0,0022401068,Jalen Wilson,jalen wilson,,,2025-03-28,2,0.28933092224231466,0.07233273056057866,0.25316455696202533,0.07233273056057866,0.14466546112115733,4.0,2.0,2.0,4.0,1.0,3.0,2.0,1.0,1.0,0,0.0,0,0.0018599999999999999,1.5,806.0182697474477,1.49721,0.07233273056057866,1.0,5.0,0.27771348
0022401068,1610612751,Brooklyn,Nets,BKN,nets,1630570,Trendon,Watford,T. Watford,trendon-watford,,,,20:21,20.35,3,8,0.375,0,2,0.0,0,0,0.0,1,4,5,5,2,0,2,2,6,-12.0,0022401068,Trendon Watford,trendon watford,,,2025-03-28,2,0.29484029484029484,0.04914004914004914,0.24570024570024568,0.24570024570024568,0.14742014742014742,6.0,3.0,3.0,2.0,1.0,3.0,7.0,4.0,3.0,0,0.0,0,0.00192,-30.0,-15616.866215512755,-29.9424,0.09828009828009827,1.0,4.0,0.08019948
0022401068,1610612751,Brooklyn,Nets,BKN,nets,1641727,Dariq,Whitehead,D. Whitehead,dariq-whitehead,,,,9:42,9.7,2,5,0.4,1,4,0.25,0,0,0.0,0,1,1,0,0,0,0,1,5,-12.0,0022401068,Dariq Whitehead,dariq whitehead,,,2025-03-28,0,0.5154639175257733,0.0,0.10309278350515465,0.0,0.0,11.0,7.0,10.0,14.0,7.0,3.0,7.0,12.0,0.0,0,0.0,0,0.00227,-60.0,-26420.07926023778,-59.8638,0.0,9.0,12.0,0.025951866
0022401068,1610612751,Brooklyn,Nets,BKN,nets,1631166,Drew,Timme,D. Timme,drew-timme,,,,24:54,24.9,4,6,0.667,1,3,0.333,2,3,0.667,4,6,10,1,0,0,3,1,11,-13.0,0022401068,Drew Timme,drew timme,,,2025-03-28,0,0.44176706827309237,0.1606425702811245,0.40160642570281124,0.040160642570281124,0.1606425702811245,2.0,1.0,1.0,7.0,7.0,3.0,9.0,2.0,0.0,0,0.0,0,0.00156,-26.2,-16784.11274823831,-26.159128,0.0,9.0,1.0,0.480061
0022401068,1610612751,Brooklyn,Nets,BKN,nets,1641787,Tosan,Evbuomwan,T. Evbuomwan,tosan-evbuomwan,,,,14:34,14.566666666666666,1,3,0.333,1,2,0.5,1,2,0.5,1,2,3,3,0,0,0,0,4,6.0,0022401068,Tosan Evbuomwan,tosan evbuomwan,,,2025-03-28,0,0.2745995423340961,0.06864988558352403,0.20594965675057209,0.20594965675057209,0.06864988558352403,14.0,3.0,6.0,3.0,7.0,3.0,1.0,10.0,1.0,0,0.0,0,0.00095,14.5,15247.108307045215,14.486225,0.0,9.0,9.0,0.05449436
0022401068,1610612751,Brooklyn,Nets,BKN,nets,1630623,Tyson,Etienne,T. Etienne,tyson-etienne,,,,9:51,9.85,3,7,0.429,2,5,0.4,0,0,0.0,0,0,0,1,0,0,0,2,8,0.0,0022401068,Tyson Etienne,tyson etienne,,,2025-03-28,0,0.8121827411167513,0.0,0.0,0.10152284263959391,0.0,4.0,7.0,12.0,7.0,7.0,3.0,3.0,11.0,0.0,0,0.0,0,0.0025900000000000003,-4.9,-1891.1617136240832,-4.887309,0.0,9.0,12.0,0.09703429
0022401068,1610612751,Brooklyn,Nets,BKN,nets,1641721,Maxwell,Lewis,M. Lewis,maxwell-lewis,,,,7:53,7.883333333333333,2,3,0.667,1,1,1.0,0,2,0.0,1,1,2,1,0,0,0,1,5,-2.0,0022401068,Maxwell Lewis,maxwell lewis,,,2025-03-28,0,0.6342494714587739,0.12684989429175478,0.25369978858350956,0.12684989429175478,0.12684989429175478,11.0,3.0,8.0,7.0,7.0,3.0,5.0,13.0,0.0,0,0.0,0,0.0019,-11.8,-6207.2593371909525,-11.77758,0.0,9.0,6.0,0.044911228
0022401068,1610612751,Brooklyn,Nets,BKN,nets,1641736,Reece,Beekman,R. Beekman,reece-beekman,,,,6:39,6.65,0,1,0.0,0,1,0.0,6,6,1.0,0,0,0,1,1,0,1,2,6,-1.0,0022401068,Reece Beekman,reece beekman,,,2025-03-28,1,0.9022556390977443,0.0,0.0,0.15037593984962405,0.15037593984962405,6.0,7.0,12.0,7.0,5.0,3.0,4.0,14.0,1.0,0,0.0,0,0.00263,-15.2,-5777.2709996199155,-15.160023999999998,0.15037593984962405,6.0,3.0,0.025604473
0022401075,1610612751,Brooklyn,Nets,BKN,nets,1629661,Cameron,Johnson,C. Johnson,cameron-johnson,F,,,23:58,23.966666666666665,5,10,0.5,1,5,0.2,7,7,1.0,2,7,9,7,0,0,1,1,18,7.0,0022401075,Cameron Johnson,cameron johnson,,,2025-03-29,0,0.7510431154381085,0.08344923504867872,0.37552155771905427,0.29207232267037553,0.08344923504867872,4.0,2.0,1.0,1.0,2.0,4.0,2.0,6.0,0.0,0,0.0,0,0.0025,11.9,4758.096761295482,11.87025,0.0,5.0,4.0,0.9062622
0022401075,1610612751,Brooklyn,Nets,BKN,nets,1630533,Ziaire,Williams,Z. Williams,ziaire-williams,F,,,24:53,24.883333333333333,0,5,0.0,0,3,0.0,0,0,0.0,0,3,3,2,2,0,1,3,0,7.0,0022401075,Ziaire Williams,ziaire williams,,,2025-03-29,2,0.0,0.0,0.12056262558606833,0.08037508372404555,0.08037508372404555,9.0,8.0,9.0,6.0,1.0,4.0,2.0,4.0,1.0,0,0.0,0,0.001,13.2,13186.813186813188,13.1868,0.08037508372404555,1.0,6.0,0.022461398
0022401075,1610612751,Brooklyn,Nets,BKN,nets,1641730,Noah,Clowney,N. Clowney,noah-clowney,C,,,19:13,19.216666666666665,4,12,0.333,3,8,0.375,2,2,1.0,1,4,5,1,0,0,0,4,13,13.0,0022401075,Noah Clowney,noah clowney,,,2025-03-29,0,0.6764960971379012,0.052038161318300094,0.26019080659150046,0.052038161318300094,0.052038161318300094,6.0,5.0,4.0,7.0,2.0,4.0,1.0,8.0,1.0,0,0.0,0,0.0028299999999999996,30.2,10667.608618862594,30.114534,0.0,5.0,9.0,0.7440481
0022401075,1610612751,Brooklyn,Nets,BKN,nets,1630553,Keon,Johnson,K. Johnson,keon-johnson,G,,,30:38,30.633333333333333,5,9,0.556,5,7,0.714,0,0,0.0,0,4,4,3,0,1,2,4,15,5.0,0022401075,Keon Johnson,keon johnson,,,2025-03-29,1,0.4896626768226333,0.0,0.1305767138193689,0.09793253536452666,0.03264417845484222,5.0,8.0,6.0,3.0,2.0,2.0,4.0,1.0,1.0,0,0.0,0,0.00155,7.8,5029.013539651838,7.787909999999999,0.03264417845484222,3.0,10.0,0.6835358
0022401075,1610612751,Brooklyn,Nets,BKN,nets,1631213,Tyrese,Martin,T. Martin,tyrese-martin,G,,,30:38,30.633333333333333,7,11,0.636,3,5,0.6,3,4,0.75,2,3,5,4,0,0,1,2,20,5.0,0022401075,Tyrese Martin,tyrese martin,,,2025-03-29,0,0.6528835690968444,0.06528835690968444,0.1632208922742111,0.1305767138193689,0.06528835690968444,1.0,2.0,4.0,2.0,2.0,4.0,4.0,1.0,2.0,0,0.0,0,0.00197,7.8,3957.3820395738203,7.784634,0.0,5.0,7.0,0.8439395
0022401075,1610612751,Brooklyn,Nets,BKN,nets,1631166,Drew,Timme,D. Timme,drew-timme,,,,28:39,28.65,9,14,0.643,0,3,0.0,1,1,1.0,3,3,6,3,0,0,1,2,19,-12.0,0022401075,Drew Timme,drew timme,,,2025-03-29,0,0.6631762652705061,0.10471204188481675,0.2094240837696335,0.10471204188481675,0.10471204188481675,3.0,1.0,3.0,3.0,2.0,4.0,10.0,3.0,4.0,0,0.0,0,0.00227,-18.5,-8146.191105239982,-18.458005,0.0,5.0,2.0,0.7955184
0022401075,1610612751,Brooklyn,Nets,BKN,nets,1630592,Jalen,Wilson,J. Wilson,jalen-wilson,,,,23:15,23.25,5,9,0.556,4,7,0.571,6,6,1.0,2,5,7,3,0,0,1,1,20,-2.0,0022401075,Jalen Wilson,jalen wilson,,,2025-03-29,0,0.8602150537634409,0.08602150537634409,0.3010752688172043,0.12903225806451613,0.08602150537634409,1.0,2.0,2.0,3.0,2.0,4.0,6.0,7.0,1.0,0,0.0,0,0.00245,2.8,1142.3908608731128,2.79314,0.0,5.0,3.0,0.9158314
0022401075,1610612751,Brooklyn,Nets,BKN,nets,1630570,Trendon,Watford,T. Watford,trendon-watford,,,,24:02,24.033333333333335,3,9,0.333,1,3,0.333,0,0,0.0,0,2,2,1,0,2,4,2,7,-4.0,0022401075,Trendon Watford,trendon watford,,,2025-03-29,2,0.2912621359223301,0.0,0.08321775312066573,0.041608876560332866,0.08321775312066573,7.0,8.0,10.0,7.0,2.0,1.0,9.0,5.0,1.0,0,0.0,0,0.00228,-5.7,-2498.903989478299,-5.687004000000001,0.08321775312066573,1.0,5.0,0.04650411
0022401075,1610612751,Brooklyn,Nets,BKN,nets,1641721,Maxwell,Lewis,M. Lewis,maxwell-lewis,,,,17:22,17.366666666666667,1,6,0.167,1,4,0.25,0,0,0.0,1,3,4,0,0,1,1,3,3,-2.0,0022401075,Maxwell Lewis,maxwell lewis,,,2025-03-29,1,0.1727447216890595,0.05758157389635316,0.23032629558541265,0.0,0.11516314779270632,8.0,5.0,6.0,10.0,2.0,2.0,6.0,9.0,2.0,0,0.0,0,0.0017100000000000001,0.0,0.0,0.0,0.05758157389635316,3.0,1.0,0.02254471
0022401075,1610612751,Brooklyn,Nets,BKN,nets,1641727,Dariq,Whitehead,D. Whitehead,dariq-whitehead,,,,17:22,17.366666666666667,0,3,0.0,0,1,0.0,0,0,0.0,1,3,4,1,0,0,0,1,0,-2.0,0022401075,Dariq Whitehead,dariq whitehead,,,2025-03-29,0,0.0,0.05758157389635316,0.23032629558541265,0.05758157389635316,0.05758157389635316,9.0,5.0,6.0,7.0,2.0,4.0,6.0,9.0,1.0,0,0.0,0,0.00073,0.0,0.0,0.0,0.0,5.0,8.0,0.010463609
0022401095,1610612751,Brooklyn,Nets,BKN,nets,1630592,Jalen,Wilson,J. Wilson,jalen-wilson,F,,,28:39,28.65,4,11,0.364,2,6,0.333,2,2,1.0,0,4,4,4,1,0,1,3,12,11.0,0022401095,Jalen Wilson,jalen wilson,,,2025-03-31,1,0.418848167539267,0.0,0.13961605584642234,0.13961605584642234,0.034904013961605584,3.0,6.0,5.0,3.0,2.0,4.0,1.0,2.0,3.0,0,0.0,0,0.002,22.5,11244.377811094451,22.455,0.034904013961605584,3.0,7.0,0.6044443
0022401095,1610612751,Brooklyn,Nets,BKN,nets,1630533,Ziaire,Williams,Z. Williams,ziaire-williams,F,,,25:19,25.316666666666666,4,8,0.5,2,6,0.333,1,2,0.5,0,2,2,0,0,0,0,1,11,3.0,0022401095,Ziaire Williams,ziaire williams,,,2025-03-31,0,0.43449637919684003,0.0,0.07899934167215274,0.0,0.0,4.0,6.0,9.0,10.0,6.0,4.0,7.0,5.0,1.0,0,0.0,0,0.00158,5.9,3731.8153067678686,5.890678,0.0,7.0,8.0,0.25427255
0022401095,1610612751,Brooklyn,Nets,BKN,nets,1629651,Nic,Claxton,N. Claxton,nic-claxton,C,,,27:20,27.333333333333332,2,6,0.333,0,0,0.0,2,5,0.4,2,5,7,3,1,1,0,3,6,6.0,0022401095,Nic Claxton,nic claxton,,,2025-03-31,2,0.21951219512195122,0.07317073170731708,0.25609756097560976,0.10975609756097561,0.14634146341463417,9.0,1.0,1.0,4.0,2.0,1.0,4.0,4.0,0.0,0,0.0,0,0.0012900000000000001,8.9,6893.880712625872,8.888519,0.07317073170731708,2.0,2.0,0.16108468
0022401095,1610612751,Brooklyn,Nets,BKN,nets,1630553,Keon,Johnson,K. Johnson,keon-johnson,G,,,28:30,28.5,10,19,0.526,2,8,0.25,2,2,1.0,0,3,3,3,1,0,2,4,24,10.0,0022401095,Keon Johnson,keon johnson,,,2025-03-31,1,0.8421052631578947,0.0,0.10526315789473684,0.10526315789473684,0.03508771929824561,1.0,6.0,6.0,4.0,2.0,4.0,2.0,3.0,1.0,0,0.0,0,0.00338,17.2,5087.252292221236,17.141863999999998,0.03508771929824561,3.0,6.0,0.8482005
0022401095,1610612751,Brooklyn,Nets,BKN,nets,1626156,D'Angelo,Russell,D. Russell,dangelo-russell,G,,,31:20,31.333333333333332,5,10,0.5,4,7,0.571,4,5,0.8,1,4,5,11,2,1,1,1,18,4.0,0022401095,D'Angelo Russell,d'angelo russell,,,2025-03-31,3,0.574468085106383,0.03191489361702128,0.1595744680851064,0.35106382978723405,0.12765957446808512,2.0,3.0,3.0,1.0,1.0,1.0,6.0,1.0,4.0,0,0.0,0,0.00178,0.2,112.29646266142618,0.19964400000000002,0.09574468085106383,1.0,3.0,0.8910946
0022401095,1610612751,Brooklyn,Nets,BKN,nets,1631213,Tyrese,Martin,T. Martin,tyrese-martin,,,,20:24,20.4,3,8,0.375,3,6,0.5,2,2,1.0,2,4,6,5,1,0,0,2,11,5.0,0022401095,Tyrese Martin,tyrese martin,,,2025-03-31,1,0.5392156862745099,0.09803921568627452,0.29411764705882354,0.2450980392156863,0.14705882352941177,4.0,1.0,2.0,2.0,2.0,4.0,5.0,8.0,1.0,0,0.0,0,0.0020499999999999997,12.2,5948.317893710385,12.17499,0.04901960784313726,3.0,1.0,0.46754685
0022401095,1610612751,Brooklyn,Nets,BKN,nets,1631166,Drew,Timme,D. Timme,drew-timme,,,,20:38,20.633333333333333,4,8,0.5,1,3,0.333,0,0,0.0,1,2,3,1,0,1,1,4,9,-4.0,0022401095,Drew Timme,drew timme,,,2025-03-31,1,0.4361873990306947,0.048465266558966075,0.14539579967689822,0.048465266558966075,0.09693053311793215,6.0,3.0,6.0,8.0,6.0,1.0,8.0,7.0,0.0,0,0.0,0,0.00196,-12.3,-6272.310045894952,-12.275892,0.048465266558966075,3.0,4.0,0.18111303
0022401095,1610612751,Brooklyn,Nets,BKN,nets,1630570,Trendon,Watford,T. Watford,trendon-watford,,,,24:14,24.233333333333334,2,7,0.286,2,4,0.5,0,0,0.0,0,5,5,1,0,0,2,2,6,7.0,0022401095,Trendon Watford,trendon watford,,,2025-03-31,0,0.24759284731774414,0.0,0.2063273727647868,0.04126547455295736,0.0,9.0,6.0,3.0,8.0,6.0,4.0,3.0,6.0,0.0,0,0.0,0,0.00161,13.7,8504.034761018002,13.677942999999999,0.0,7.0,8.0,0.04202133
0022401095,1610612751,Brooklyn,Nets,BKN,nets,1641727,Dariq,Whitehead,D. Whitehead,dariq-whitehead,,,,15:57,15.95,3,7,0.429,2,6,0.333,0,0,0.0,0,2,2,2,0,0,1,3,8,-10.0,0022401095,Dariq Whitehead,dariq whitehead,,,2025-03-31,0,0.5015673981191223,0.0,0.12539184952978058,0.12539184952978058,0.0,7.0,6.0,9.0,6.0,6.0,4.0,9.0,10.0,1.0,0,0.0,0,0.00229,-31.3,-13662.156263640332,-31.228323,0.0,7.0,8.0,0.048164397
0022401095,1610612751,Brooklyn,Nets,BKN,nets,1641721,Maxwell,Lewis,M. Lewis,maxwell-lewis,,,,17:39,17.65,2,6,0.333,2,5,0.4,2,2,1.0,1,2,3,2,0,0,0,0,8,-12.0,0022401095,Maxwell Lewis,maxwell lewis,,,2025-03-31,0,0.453257790368272,0.056657223796034,0.16997167138810199,0.113314447592068,0.056657223796034,7.0,3.0,6.0,6.0,6.0,4.0,10.0,9.0,0.0,0,0.0,0,0.00179,-34.3,-19151.312116136236,-34.238603,0.0,7.0,5.0,0.04555242
0022401113,1610612751,Brooklyn,Nets,BKN,nets,1641721,Maxwell,Lewis,M. Lewis,maxwell-lewis,F,,,27:39,27.65,4,12,0.333,2,8,0.25,0,0,0.0,2,4,6,2,0,0,1,3,10,-7.0,0022401113,Maxwell Lewis,maxwell lewis,,,2025-04-03,0,0.3616636528028933,0.07233273056057866,0.216998191681736,0.07233273056057866,0.07233273056057866,5.0,2.0,2.0,6.0,6.0,1.0,5.0,2.0,3.0,0,0.0,0,0.0023599999999999997,-11.3,-4786.10758153325,-11.273332,0.0,6.0,6.0,0.18528911
0022401113,1610612751,Brooklyn,Nets,BKN,nets,1630570,Trendon,Watford,T. Watford,trendon-watford,F,,,26:55,26.916666666666668,5,13,0.385,0,1,0.0,1,2,0.5,3,2,5,5,0,0,3,2,11,-16.0,0022401113,Trendon Watford,trendon watford,,,2025-04-03,0,0.4086687306501548,0.11145510835913312,0.18575851393188852,0.18575851393188852,0.11145510835913312,4.0,1.0,4.0,1.0,6.0,1.0,10.0,3.0,3.0,0,0.0,0,0.00298,-29.6,-9929.553840992956,-29.511792000000003,0.0,6.0,3.0,0.20036379
0022401113,1610612751,Brooklyn,Nets,BKN,nets,1629651,Nic,Claxton,N. Claxton,nic-claxton,C,,,23:38,23.633333333333333,9,10,0.9,0,0,0.0,0,0,0.0,0,6,6,5,2,0,1,2,18,-12.0,0022401113,Nic Claxton,nic claxton,,,2025-04-03,2,0.7616361071932299,0.0,0.2538787023977433,0.21156558533145275,0.08462623413258111,1.0,6.0,2.0,1.0,3.0,1.0,9.0,8.0,3.0,0,0.0,0,0.00234,-22.3,-9525.843656557026,-22.247818,0.08462623413258111,3.0,4.0,0.91746837
0022401113,1610612751,Brooklyn,Nets,BKN,nets,1630553,Keon,Johnson,K. Johnson,keon-johnson,G,,,25:23,25.383333333333333,3,4,0.75,2,3,0.667,0,0,0.0,0,1,1,4,0,0,1,1,8,-10.0,0022401113,Keon Johnson,keon johnson,,,2025-04-03,0,0.31516743269862113,0.0,0.03939592908732764,0.15758371634931057,0.0,6.0,6.0,8.0,4.0,6.0,1.0,6.0,5.0,2.0,0,0.0,0,0.00091,-16.8,-18441.27332601537,-16.784712000000003,0.0,6.0,9.0,0.055605013
0022401113,1610612751,Brooklyn,Nets,BKN,nets,1626156,D'Angelo,Russell,D. Russell,dangelo-russell,G,,,12:37,12.616666666666667,0,6,0.0,0,4,0.0,0,0,0.0,0,0,0,1,0,0,2,2,0,1.0,0022401113,D'Angelo Russell,d'angelo russell,,,2025-04-03,0,0.0,0.0,0.0,0.07926023778071334,0.0,10.0,6.0,10.0,9.0,6.0,1.0,1.0,10.0,1.0,0,0.0,0,0.0032,9.1,2842.861605748203,9.070879999999999,0.0,6.0,9.0,0.0060878485
0022401113,1610612751,Brooklyn,Nets,BKN,nets,1631166,Drew,Timme,D. Timme,drew-timme,,,,24:22,24.366666666666667,3,9,0.333,0,2,0.0,0,0,0.0,0,1,1,2,3,0,1,1,6,-3.0,0022401113,Drew Timme,drew timme,,,2025-04-03,3,0.24623803009575923,0.0,0.04103967168262654,0.08207934336525308,0.12311901504787962,7.0,6.0,8.0,6.0,1.0,1.0,2.0,7.0,4.0,0,0.0,0,0.0017499999999999998,-6.3,-3597.944031981725,-6.288975,0.12311901504787962,1.0,2.0,0.094187
0022401113,1610612751,Brooklyn,Nets,BKN,nets,1641787,Tosan,Evbuomwan,T. Evbuomwan,tosan-evbuomwan,,,,30:20,30.333333333333332,6,11,0.545,1,4,0.25,0,0,0.0,1,7,8,3,1,0,1,2,13,-11.0,0022401113,Tosan Evbuomwan,tosan evbuomwan,,,2025-04-03,1,0.4285714285714286,0.03296703296703297,0.26373626373626374,0.09890109890109891,0.06593406593406594,3.0,3.0,1.0,5.0,5.0,1.0,8.0,1.0,1.0,0,0.0,0,0.0017599999999999998,-15.0,-8517.887563884158,-14.973600000000001,0.03296703296703297,5.0,7.0,0.5591407
0022401113,1610612751,Brooklyn,Nets,BKN,nets,1641727,Dariq,Whitehead,D. Whitehead,dariq-whitehead,,,,26:08,26.133333333333333,5,13,0.385,5,9,0.556,2,2,1.0,1,2,3,1,0,0,0,2,17,-4.0,0022401113,Dariq Whitehead,dariq whitehead,,,2025-04-03,0,0.6505102040816326,0.03826530612244898,0.11479591836734694,0.03826530612244898,0.03826530612244898,2.0,3.0,5.0,9.0,6.0,1.0,4.0,4.0,0.0,0,0.0,0,0.00233,-9.8,-4204.204204204204,-9.777166,0.0,6.0,8.0,0.83927774
0022401113,1610612751,Brooklyn,Nets,BKN,nets,1641736,Reece,Beekman,R. Beekman,reece-beekman,,,,17:51,17.85,1,3,0.333,0,0,0.0,0,0,0.0,1,1,2,2,3,0,0,0,2,-3.0,0022401113,Reece Beekman,reece beekman,,,2025-04-03,3,0.11204481792717086,0.05602240896358543,0.11204481792717086,0.11204481792717086,0.22408963585434172,9.0,3.0,6.0,6.0,1.0,1.0,2.0,9.0,4.0,0,0.0,0,0.00075,-8.6,-11451.398135818907,-8.593549999999999,0.1680672268907563,1.0,1.0,0.07636178
0022401113,1610612751,Brooklyn,Nets,BKN,nets,1630623,Tyson,Etienne,T. Etienne,tyson-etienne,,,,25:07,25.116666666666667,2,8,0.25,1,5,0.2,0,0,0.0,0,2,2,5,2,0,0,2,5,-10.0,0022401113,Tyson Etienne,tyson etienne,,,2025-04-03,2,0.19907100199071,0.0,0.07962840079628401,0.19907100199071,0.07962840079628401,8.0,6.0,6.0,1.0,3.0,1.0,6.0,6.0,0.0,0,0.0,0,0.00136,-20.0,-14695.077149155033,-19.9728,0.07962840079628401,3.0,5.0,0.03581664
0022401134,1610612751,Brooklyn,Nets,BKN,nets,1630570,Trendon,Watford,T. Watford,trendon-watford,F,,,22:13,22.216666666666665,3,5,0.6,0,0,0.0,7,10,0.7,1,4,5,4,0,0,1,2,13,3.0,0022401134,Trendon Watford,trendon watford,,,2025-04-06,0,0.5851462865716429,0.045011252813203305,0.22505626406601653,0.18004501125281322,0.045011252813203305,2.0,4.0,4.0,2.0,6.0,6.0,2.0,8.0,1.0,0,0.0,0,0.00185,4.0,2160.9940572663427,3.9926,0.0,8.0,8.0,0.379732
0022401134,1610612751,Brooklyn,Nets,BKN,nets,1630533,Ziaire,Williams,Z. Williams,ziaire-williams,F,,,23:33,23.55,4,5,0.8,1,2,0.5,2,2,1.0,0,4,4,1,2,2,4,1,11,6.0,0022401134,Ziaire Williams,ziaire williams,,,2025-04-06,4,0.46709129511677283,0.0,0.16985138004246284,0.04246284501061571,0.16985138004246284,8.0,6.0,5.0,8.0,2.0,1.0,1.0,7.0,8.0,0,0.0,0,0.00172,10.9,6333.527019174899,10.881252,0.16985138004246284,1.0,2.0,0.56644124
0022401134,1610612751,Brooklyn,Nets,BKN,nets,1631166,Drew,Timme,D. Timme,drew-timme,C,,,26:14,26.233333333333334,5,12,0.417,1,4,0.25,2,2,1.0,2,5,7,2,1,0,2,1,13,-12.0,0022401134,Drew Timme,drew timme,,,2025-04-06,1,0.49555273189326554,0.07623888182973317,0.2668360864040661,0.07623888182973317,0.11435832274459974,2.0,1.0,1.0,6.0,3.0,6.0,6.0,5.0,2.0,0,0.0,0,0.00231,-21.4,-9260.060579835568,-21.350565999999997,0.03811944091486658,5.0,4.0,0.57315576
0022401134,1610612751,Brooklyn,Nets,BKN,nets,1630553,Keon,Johnson,K. Johnson,keon-johnson,G,,,20:26,20.433333333333334,4,9,0.444,2,5,0.4,3,4,0.75,0,7,7,4,0,1,3,0,13,2.0,0022401134,Keon Johnson,keon johnson,,,2025-04-06,1,0.6362153344208809,0.0,0.3425774877650897,0.19575856443719414,0.048939641109298535,2.0,6.0,1.0,2.0,6.0,3.0,3.0,9.0,0.0,0,0.0,0,0.0028000000000000004,4.3,1535.1660121385216,4.28796,0.048939641109298535,5.0,7.0,0.7703761
0022401134,1610612751,Brooklyn,Nets,BKN,nets,1641736,Reece,Beekman,R. Beekman,reece-beekman,G,,,35:39,35.65,6,13,0.462,0,4,0.0,2,2,1.0,0,4,4,5,3,0,2,3,14,-26.0,0022401134,Reece Beekman,reece beekman,,,2025-04-06,3,0.39270687237026647,0.0,0.11220196353436186,0.1402524544179523,0.08415147265077139,1.0,6.0,5.0,1.0,1.0,6.0,9.0,1.0,2.0,0,0.0,0,0.0017399999999999998,-30.3,-17403.79092475589,-30.247278,0.08415147265077139,2.0,5.0,0.4529229
0022401134,1610612751,Brooklyn,Nets,BKN,nets,1630623,Tyson,Etienne,T. Etienne,tyson-etienne,,,,32:11,32.18333333333333,2,7,0.286,1,6,0.167,2,4,0.5,1,3,4,2,0,1,3,2,7,-2.0,0022401134,Tyson Etienne,tyson etienne,,,2025-04-06,1,0.21750388399792855,0.03107198342827551,0.12428793371310204,0.06214396685655102,0.06214396685655102,9.0,4.0,5.0,6.0,6.0,3.0,5.0,2.0,1.0,0,0.0,0,0.00148,0.2,135.04388926401083,0.199704,0.03107198342827551,5.0,6.0,0.056556404
0022401134,1610612751,Brooklyn,Nets,BKN,nets,1641727,Dariq,Whitehead,D. Whitehead,dariq-whitehead,,,,27:34,27.566666666666666,5,12,0.417,3,8,0.375,0,0,0.0,0,4,4,3,0,0,5,2,13,-13.0,0022401134,Dariq Whitehead,dariq whitehead,,,2025-04-06,0,0.47158403869407495,0.0,0.14510278113663846,0.10882708585247884,0.0,2.0,6.0,5.0,4.0,6.0,6.0,7.0,3.0,0.0,0,0.0,0,0.00243,-16.9,-6951.87165775401,-16.858932999999997,0.0,8.0,9.0,0.24943154
0022401134,1610612751,Brooklyn,Nets,BKN,nets,1641721,Maxwell,Lewis,M. Lewis,maxwell-lewis,,,,27:01,27.016666666666666,6,12,0.5,1,4,0.25,0,0,0.0,2,2,4,1,1,2,1,3,13,-15.0,0022401134,Maxwell Lewis,maxwell lewis,,,2025-04-06,3,0.48118445404071564,0.07402837754472548,0.14805675508945096,0.03701418877236274,0.1850709438618137,2.0,1.0,5.0,8.0,3.0,1.0,8.0,4.0,1.0,0,0.0,0,0.00188,-20.4,-10845.295055821372,-20.361648,0.11104256631708823,2.0,1.0,0.5650324
0022401134,1610612751,Brooklyn,Nets,BKN,nets,1641787,Tosan,Evbuomwan,T. Evbuomwan,tosan-evbuomwan,,,,25:09,25.15,4,7,0.571,1,2,0.5,3,3,1.0,2,5,7,3,1,1,2,4,12,2.0,0022401134,Tosan Evbuomwan,tosan evbuomwan,,,2025-04-06,2,0.4771371769383698,0.07952286282306163,0.2783300198807157,0.11928429423459246,0.15904572564612326,7.0,1.0,1.0,4.0,3.0,3.0,3.0,6.0,2.0,0,0.0,0,0.00156,3.4,2178.0909673286355,3.3946959999999997,0.07952286282306163,4.0,3.0,0.6749658
0022401150,1610612751,Brooklyn,Nets,BKN,nets,1630570,Trendon,Watford,T. Watford,trendon-watford,F,,,22:47,22.783333333333335,7,8,0.875,2,3,0.667,6,6,1.0,0,3,3,5,0,0,3,2,22,23.0,0022401150,Trendon Watford,trendon watford,,,2025-04-08,0,0.9656181419166057,0.0,0.13167520117044623,0.21945866861741037,0.0,1.0,5.0,8.0,2.0,7.0,4.0,1.0,7.0,0.0,0,0.0,0,0.00264,47.9,18137.069291934873,47.773544,0.0,8.0,8.0,0.865235
0022401150,1610612751,Brooklyn,Nets,BKN,nets,1630533,Ziaire,Williams,Z. Williams,ziaire-williams,F,,,16:56,16.933333333333334,2,5,0.4,2,5,0.4,3,4,0.75,0,4,4,1,0,2,1,2,9,10.0,0022401150,Ziaire Williams,ziaire williams,,,2025-04-08,2,0.5314960629921259,0.0,0.23622047244094488,0.05905511811023622,0.11811023622047244,8.0,5.0,3.0,8.0,7.0,1.0,4.0,9.0,0.0,0,0.0,0,0.0020499999999999997,34.8,16967.33300828864,34.72866,0.11811023622047244,3.0,4.0,0.16156167
0022401150,1610612751,Brooklyn,Nets,BKN,nets,1629651,Nic,Claxton,N. Claxton,nic-claxton,C,,,16:42,16.7,6,9,0.667,1,1,1.0,0,0,0.0,2,2,4,3,3,0,0,0,13,11.0,0022401150,Nic Claxton,nic claxton,,,2025-04-08,3,0.7784431137724551,0.11976047904191617,0.23952095808383234,0.17964071856287425,0.29940119760479045,4.0,1.0,3.0,3.0,1.0,4.0,3.0,10.0,2.0,0,0.0,0,0.00231,35.0,15144.958892254435,34.91915,0.17964071856287425,1.0,1.0,0.8297973
0022401150,1610612751,Brooklyn,Nets,BKN,nets,1630592,Jalen,Wilson,J. Wilson,jalen-wilson,G,,,21:11,21.183333333333334,3,9,0.333,2,7,0.286,1,2,0.5,2,2,4,3,1,0,1,2,9,8.0,0022401150,Jalen Wilson,jalen wilson,,,2025-04-08,1,0.42486231313926043,0.09441384736428009,0.18882769472856017,0.14162077104642015,0.14162077104642015,8.0,1.0,3.0,3.0,4.0,4.0,5.0,8.0,1.0,0,0.0,0,0.00229,18.6,8118.725447402881,18.557406,0.047206923682140044,7.0,3.0,0.13911799
0022401150,1610612751,Brooklyn,Nets,BKN,nets,1641736,Reece,Beekman,R. Beekman,reece-beekman,G,,,31:02,31.033333333333335,0,3,0.0,0,0,0.0,0,0,0.0,2,2,4,10,3,0,1,3,0,14.0,0022401150,Reece Beekman,reece beekman,,,2025-04-08,3,0.0,0.06444683136412459,0.12889366272824918,0.32223415682062295,0.16111707841031148,10.0,1.0,3.0,1.0,1.0,4.0,2.0,1.0,7.0,0,0.0,0,0.0005600000000000001,21.2,37789.66131907308,21.188128,0.09667024704618689,1.0,2.0,0.21694896
0022401150,1610612751,Brooklyn,Nets,BKN,nets,1630623,Tyson,Etienne,T. Etienne,tyson-etienne,,,,25:35,25.583333333333332,3,9,0.333,3,9,0.333,2,2,1.0,0,1,1,1,0,0,2,3,11,-16.0,0022401150,Tyson Etienne,tyson etienne,,,2025-04-08,0,0.42996742671009774,0.0,0.03908794788273616,0.03908794788273616,0.0,7.0,5.0,10.0,8.0,7.0,4.0,10.0,4.0,3.0,0,0.0,0,0.00194,-25.7,-13240.597630087583,-25.650142,0.0,8.0,8.0,0.10002389
0022401150,1610612751,Brooklyn,Nets,BKN,nets,1641787,Tosan,Evbuomwan,T. Evbuomwan,tosan-evbuomwan,,,,23:38,23.633333333333333,3,8,0.375,2,3,0.667,5,5,1.0,0,4,4,2,1,1,3,0,13,-13.0,0022401150,Tosan Evbuomwan,tosan evbuomwan,,,2025-04-08,2,0.5500705218617772,0.0,0.16925246826516221,0.08462623413258111,0.08462623413258111,4.0,5.0,3.0,5.0,4.0,2.0,9.0,6.0,2.0,0,0.0,0,0.00232,-25.0,-10771.219302024989,-24.942,0.08462623413258111,3.0,6.0,0.21106122
0022401150,1610612751,Brooklyn,Nets,BKN,nets,1641721,Maxwell,Lewis,M. Lewis,maxwell-lewis,,,,28:03,28.05,5,13,0.385,0,4,0.0,2,2,1.0,1,4,5,2,1,1,3,4,12,-12.0,0022401150,Maxwell Lewis,maxwell lewis,,,2025-04-08,2,0.42780748663101603,0.035650623885918005,0.17825311942959002,0.07130124777183601,0.10695187165775401,6.0,4.0,2.0,5.0,4.0,2.0,8.0,3.0,1.0,0,0.0,0,0.00266,-13.9,-5223.600150319428,-13.863026,0.07130124777183601,3.0,5.0,0.27782008
0022401150,1610612751,Brooklyn,Nets,BKN,nets,1641727,Dariq,Whitehead,D. Whitehead,dariq-whitehead,,,,24:38,24.633333333333333,5,9,0.556,4,7,0.571,0,0,0.0,0,2,2,2,2,0,1,3,14,8.0,0022401150,Dariq Whitehead,dariq whitehead,,,2025-04-08,2,0.5683355886332883,0.0,0.08119079837618404,0.08119079837618404,0.08119079837618404,3.0,5.0,9.0,5.0,3.0,4.0,5.0,5.0,1.0,0,0.0,0,0.0017499999999999998,17.1,9765.84808680754,17.070075,0.08119079837618404,3.0,7.0,0.8034594
0022401150,1610612751,Brooklyn,Nets,BKN,nets,1631166,Drew,Timme,D. Timme,drew-timme,,,,29:28,29.466666666666665,7,10,0.7,1,1,1.0,1,3,0.333,0,9,9,1,0,0,1,3,16,-8.0,0022401150,Drew Timme,drew timme,,,2025-04-08,0,0.5429864253393666,0.0,0.3054298642533937,0.03393665158371041,0.0,2.0,5.0,1.0,8.0,7.0,4.0,7.0,2.0,0.0,0,0.0,0,0.00179,-8.6,-4801.78671133445,-8.584606,0.0,8.0,8.0,0.8079662
0022401169,1610612751,Brooklyn,Nets,BKN,nets,1630533,Ziaire,Williams,Z. Williams,ziaire-williams,F,,,15:28,15.466666666666667,3,7,0.429,1,2,0.5,2,3,0.667,1,0,1,0,2,0,0,2,9,-25.0,0022401169,Ziaire Williams,ziaire williams,,,2025-04-10,2,0.5818965517241379,0.06465517241379311,0.06465517241379311,0.0,0.1939655172413793,6.0,2.0,10.0,11.0,1.0,3.0,10.0,9.0,4.0,0,0.0,0,0.002,-65.0,-32483.75812093953,-64.87,0.12931034482758622,1.0,2.0,0.15351145
0022401169,1610612751,Brooklyn,Nets,BKN,nets,1630570,Trendon,Watford,T. Watford,trendon-watford,F,,,20:13,20.216666666666665,1,6,0.167,0,0,0.0,6,6,1.0,4,1,5,3,0,0,4,1,8,-17.0,0022401169,Trendon Watford,trendon watford,,,2025-04-10,0,0.3957131079967024,0.1978565539983512,0.247320692497939,0.14839241549876342,0.1978565539983512,7.0,1.0,3.0,4.0,7.0,3.0,8.0,6.0,1.0,0,0.0,0,0.00255,-38.6,-15131.321050568404,-38.50157,0.0,8.0,1.0,0.052049633
0022401169,1610612751,Brooklyn,Nets,BKN,nets,1629651,Nic,Claxton,N. Claxton,nic-claxton,C,,,18:45,18.75,3,4,0.75,1,1,1.0,0,1,0.0,1,1,2,1,0,1,0,2,7,-27.0,0022401169,Nic Claxton,nic claxton,,,2025-04-10,1,0.37333333333333335,0.05333333333333334,0.10666666666666667,0.05333333333333334,0.10666666666666667,8.0,2.0,7.0,9.0,7.0,1.0,12.0,7.0,2.0,0,0.0,0,0.00083,-64.3,-77376.65463297232,-64.246631,0.05333333333333334,4.0,5.0,0.07485787
0022401169,1610612751,Brooklyn,Nets,BKN,nets,1630553,Keon,Johnson,K. Johnson,keon-johnson,G,,,17:13,17.216666666666665,4,9,0.444,2,4,0.5,0,2,0.0,0,3,3,3,0,0,6,4,10,-17.0,0022401169,Keon Johnson,keon johnson,,,2025-04-10,0,0.5808325266214909,0.0,0.17424975798644726,0.17424975798644726,0.0,5.0,8.0,5.0,4.0,7.0,3.0,8.0,8.0,1.0,0,0.0,0,0.0037199999999999998,-42.3,-11367.911851652781,-42.142644,0.0,8.0,10.0,0.2872434
0022401169,1610612751,Brooklyn,Nets,BKN,nets,1641736,Reece,Beekman,R. Beekman,reece-beekman,G,,,12:49,12.816666666666666,0,3,0.0,0,2,0.0,0,0,0.0,1,0,1,4,1,0,1,2,0,-26.0,0022401169,Reece Beekman,reece beekman,,,2025-04-10,1,0.0,0.07802340702210664,0.07802340702210664,0.31209362808842656,0.15604681404421328,11.0,2.0,10.0,3.0,3.0,3.0,11.0,10.0,4.0,0,0.0,0,0.00114,-92.2,-80806.31025416302,-92.094892,0.07802340702210664,4.0,3.0,0.007196278
0022401169,1610612751,Brooklyn,Nets,BKN,nets,1630623,Tyson,Etienne,T. Etienne,tyson-etienne,,,,29:58,29.966666666666665,5,14,0.357,4,12,0.333,2,2,1.0,1,0,1,2,1,0,1,5,16,-15.0,0022401169,Tyson Etienne,tyson etienne,,,2025-04-10,1,0.5339265850945495,0.03337041156840934,0.03337041156840934,0.06674082313681869,0.06674082313681869,3.0,2.0,10.0,8.0,3.0,3.0,7.0,1.0,6.0,0,0.0,0,0.00213,-23.5,-11027.686532144533,-23.449945,0.03337041156840934,4.0,7.0,0.80216926
0022401169,1610612751,Brooklyn,Nets,BKN,nets,1641787,Tosan,Evbuomwan,T. Evbuomwan,tosan-evbuomwan,,,,27:48,27.8,7,15,0.467,3,6,0.5,1,2,0.5,1,5,6,3,1,1,0,3,18,2.0,0022401169,Tosan Evbuomwan,tosan evbuomwan,,,2025-04-10,2,0.6474820143884892,0.03597122302158273,0.2158273381294964,0.1079136690647482,0.1079136690647482,2.0,2.0,2.0,4.0,3.0,1.0,3.0,3.0,3.0,0,1.0,0,0.00219,-1.9,-867.1839342765859,-1.8958389999999998,0.07194244604316546,1.0,4.0,0.8249027
0022401169,1610612751,Brooklyn,Nets,BKN,nets,1631166,Drew,Timme,D. Timme,drew-timme,,,,29:15,29.25,4,11,0.364,3,6,0.5,2,2,1.0,1,10,11,6,0,0,2,3,13,3.0,0022401169,Drew Timme,drew timme,,,2025-04-10,0,0.4444444444444444,0.03418803418803419,0.37606837606837606,0.20512820512820512,0.03418803418803419,4.0,2.0,1.0,1.0,7.0,3.0,2.0,2.0,0.0,0,0.0,0,0.00184,-0.3,-162.95491580662684,-0.299448,0.0,8.0,9.0,0.6756586
0022401169,1610612751,Brooklyn,Nets,BKN,nets,1641727,Dariq,Whitehead,D. Whitehead,dariq-whitehead,,,,9:44,9.733333333333333,0,2,0.0,0,1,0.0,0,0,0.0,0,2,2,0,0,0,1,1,0,-2.0,0022401169,Dariq Whitehead,dariq whitehead,,,2025-04-10,0,0.0,0.0,0.20547945205479454,0.0,0.0,11.0,8.0,7.0,11.0,7.0,3.0,6.0,11.0,0.0,0,0.0,0,0.00125,-9.5,-7593.924860111911,-9.488125,0.0,8.0,10.0,0.0047961115
0022401169,1610612751,Brooklyn,Nets,BKN,nets,1641721,Maxwell,Lewis,M. Lewis,maxwell-lewis,,,,9:02,9.033333333333333,1,2,0.5,1,2,0.5,0,0,0.0,0,3,3,1,0,0,1,1,3,0.0,0022401169,Maxwell Lewis,maxwell lewis,,,2025-04-10,0,0.33210332103321033,0.0,0.33210332103321033,0.11070110701107011,0.0,10.0,8.0,5.0,9.0,7.0,3.0,4.0,12.0,0.0,0,0.0,0,0.00136,0.0,0.0,0.0,0.0,8.0,10.0,0.009602407
0022401169,1610612751,Brooklyn,Nets,BKN,nets,1630592,Jalen,Wilson,J. Wilson,jalen-wilson,,,,24:18,24.3,6,10,0.6,6,10,0.6,2,4,0.5,0,4,4,3,1,0,0,1,20,0.0,0022401169,Jalen Wilson,jalen wilson,,,2025-04-10,1,0.823045267489712,0.0,0.1646090534979424,0.12345679012345678,0.0411522633744856,1.0,8.0,4.0,4.0,3.0,3.0,4.0,5.0,3.0,0,0.0,0,0.00194,-2.1,-1081.916537867079,-2.095926,0.0411522633744856,4.0,8.0,0.9143016
0022401169,1610612751,Brooklyn,Nets,BKN,nets,1631213,Tyrese,Martin,T. Martin,tyrese-martin,,,,25:27,25.45,2,7,0.286,1,6,0.167,0,0,0.0,0,2,2,5,2,0,1,1,5,4.0,0022401169,Tyrese Martin,tyrese martin,,,2025-04-10,2,0.19646365422396858,0.0,0.07858546168958742,0.19646365422396858,0.07858546168958742,9.0,8.0,7.0,2.0,1.0,3.0,1.0,4.0,2.0,0,0.0,0,0.00123,3.0,2437.043054427295,2.9963100000000003,0.07858546168958742,1.0,6.0,0.07238037
0022401179,1610612751,Brooklyn,Nets,BKN,nets,1630592,Jalen,Wilson,J. Wilson,jalen-wilson,F,,,35:12,35.2,5,12,0.417,4,8,0.5,0,0,0.0,2,7,9,3,0,1,0,3,14,-8.0,0022401179,Jalen Wilson,jalen wilson,,,2025-04-11,1,0.3977272727272727,0.056818181818181816,0.2556818181818182,0.08522727272727272,0.08522727272727272,3.0,2.0,2.0,3.0,4.0,1.0,2.0,2.0,0.0,0,0.0,0,0.0016,-10.2,-6371.018113678951,-10.183679999999999,0.028409090909090908,3.0,5.0,0.7377679
0022401179,1610612751,Brooklyn,Nets,BKN,nets,1630570,Trendon,Watford,T. Watford,trendon-watford,F,,,31:58,31.966666666666665,7,15,0.467,1,3,0.333,0,0,0.0,2,6,8,4,0,0,1,2,15,-12.0,0022401179,Trendon Watford,trendon watford,,,2025-04-11,0,0.46923879040667366,0.06256517205422316,0.2502606882168926,0.1251303441084463,0.06256517205422316,2.0,2.0,3.0,2.0,4.0,2.0,6.0,4.0,2.0,0,0.0,0,0.00216,-21.5,-9949.09763998149,-21.45356,0.0,5.0,7.0,0.4654513
0022401179,1610612751,Brooklyn,Nets,BKN,nets,1631166,Drew,Timme,D. Timme,drew-timme,C,,,39:41,39.68333333333333,5,21,0.238,1,7,0.143,0,1,0.0,6,4,10,2,0,0,2,4,11,-14.0,0022401179,Drew Timme,drew timme,,,2025-04-11,0,0.2771944561108778,0.1511969760604788,0.251994960100798,0.0503989920201596,0.1511969760604788,4.0,1.0,1.0,6.0,4.0,2.0,8.0,1.0,0.0,0,0.0,0,0.00247,-16.9,-6839.336301092674,-16.858257,0.0,5.0,2.0,0.059840728
0022401179,1610612751,Brooklyn,Nets,BKN,nets,1630553,Keon,Johnson,K. Johnson,keon-johnson,G,,,23:55,23.916666666666668,5,7,0.714,2,4,0.5,8,8,1.0,1,4,5,6,1,0,1,2,20,-7.0,0022401179,Keon Johnson,keon johnson,,,2025-04-11,1,0.8362369337979094,0.04181184668989547,0.20905923344947736,0.2508710801393728,0.08362369337979093,1.0,5.0,4.0,1.0,3.0,2.0,1.0,5.0,1.0,0,0.0,0,0.00208,-9.2,-4420.951465641519,-9.180864,0.04181184668989547,3.0,6.0,0.93581027
0022401179,1610612751,Brooklyn,Nets,BKN,nets,1641736,Reece,Beekman,R. Beekman,reece-beekman,G,,,31:59,31.983333333333334,4,7,0.571,1,2,0.5,2,2,1.0,1,1,2,3,3,0,0,4,11,-11.0,0022401179,Reece Beekman,reece beekman,,,2025-04-11,3,0.3439291297550808,0.03126628452318916,0.06253256904637831,0.09379885356956748,0.12506513809275663,4.0,5.0,6.0,3.0,1.0,2.0,4.0,3.0,5.0,0,0.0,0,0.00114,-12.8,-11218.2296231376,-12.785408,0.09379885356956748,1.0,3.0,0.52103513
0022401179,1610612751,Brooklyn,Nets,BKN,nets,1641727,Dariq,Whitehead,D. Whitehead,dariq-whitehead,,,,21:03,21.05,2,5,0.4,2,4,0.5,0,0,0.0,0,2,2,1,0,0,0,3,6,-10.0,0022401179,Dariq Whitehead,dariq whitehead,,,2025-04-11,0,0.2850356294536817,0.0,0.09501187648456057,0.047505938242280284,0.0,7.0,8.0,6.0,8.0,4.0,2.0,3.0,7.0,0.0,0,0.0,0,0.0010199999999999999,-26.1,-25563.173359451524,-26.073378,0.0,5.0,8.0,0.04678745
0022401179,1610612751,Brooklyn,Nets,BKN,nets,1630623,Tyson,Etienne,T. Etienne,tyson-etienne,,,,11:14,11.233333333333333,1,4,0.25,1,4,0.25,0,0,0.0,1,0,1,0,0,0,2,2,3,-20.0,0022401179,Tyson Etienne,tyson etienne,,,2025-04-11,0,0.26706231454005935,0.08902077151335312,0.08902077151335312,0.0,0.08902077151335312,9.0,5.0,8.0,9.0,4.0,2.0,9.0,9.0,2.0,0,0.0,0,0.00222,-98.9,-44529.49122017109,-98.680442,0.0,5.0,4.0,0.0065300246
0022401179,1610612751,Brooklyn,Nets,BKN,nets,1641787,Tosan,Evbuomwan,T. Evbuomwan,tosan-evbuomwan,,,,21:50,21.833333333333332,2,11,0.182,0,5,0.0,3,6,0.5,2,1,3,3,3,0,1,3,7,-24.0,0022401179,Tosan Evbuomwan,tosan evbuomwan,,,2025-04-11,3,0.3206106870229008,0.0916030534351145,0.13740458015267176,0.13740458015267176,0.22900763358778628,6.0,2.0,5.0,3.0,1.0,2.0,10.0,6.0,4.0,0,1.0,0,0.003,-58.5,-19493.502165944683,-58.3245,0.13740458015267176,1.0,1.0,0.060203586
0022401179,1610612751,Brooklyn,Nets,BKN,nets,1631213,Tyrese,Martin,T. Martin,tyrese-martin,,,,15:46,15.766666666666667,2,8,0.25,0,4,0.0,0,0,0.0,0,0,0,2,0,0,2,0,4,-13.0,0022401179,Tyrese Martin,tyrese martin,,,2025-04-11,0,0.2536997885835095,0.0,0.0,0.12684989429175475,0.0,8.0,8.0,10.0,6.0,4.0,2.0,7.0,8.0,0.0,0,0.0,0,0.00256,-50.4,-19679.812573213585,-50.270976,0.0,5.0,8.0,0.01142186
0022401179,1610612751,Brooklyn,Nets,BKN,nets,1641721,Maxwell,Lewis,M. Lewis,maxwell-lewis,,,,7:23,7.383333333333334,0,0,0.0,0,0,0.0,0,0,0.0,0,1,1,0,0,0,0,1,0,-11.0,0022401179,Maxwell Lewis,maxwell lewis,,,2025-04-11,0,0.0,0.0,0.13544018058690743,0.0,0.0,10.0,8.0,8.0,9.0,4.0,2.0,4.0,10.0,1.0,0,0.0,0,0.0,-76.7,-76700000.0,-76.7,0.0,5.0,8.0,0.0044472017
0022401188,1610612751,Brooklyn,Nets,BKN,nets,1630592,Jalen,Wilson,J. Wilson,jalen-wilson,F,,,37:58,37.96666666666667,6,11,0.545,5,8,0.625,1,3,0.333,0,4,4,4,0,0,0,2,18,-4.0,0022401188,Jalen Wilson,jalen wilson,,,2025-04-13,0,0.4741000877963125,0.0,0.10535557506584722,0.10535557506584722,0.0,3.0,5.0,5.0,2.0,4.0,3.0,5.0,1.0,1.0,0,0.0,0,0.00148,-6.8,-4591.492234976367,-6.789936,0.0,5.0,7.0,0.6157727
0022401188,1610612751,Brooklyn,Nets,BKN,nets,1630570,Trendon,Watford,T. Watford,trendon-watford,F,,,33:23,33.38333333333333,8,12,0.667,1,2,0.5,3,5,0.6,0,7,7,4,2,1,4,5,20,2.0,0022401188,Trendon Watford,trendon watford,,,2025-04-13,3,0.5991013479780329,0.0,0.20968547179231153,0.11982026959560658,0.08986520219670495,1.0,5.0,3.0,2.0,1.0,1.0,1.0,3.0,2.0,0,0.0,0,0.0025,2.9,1159.5361855257895,2.89275,0.08986520219670495,1.0,3.0,0.8277348
0022401188,1610612751,Brooklyn,Nets,BKN,nets,1629651,Nic,Claxton,N. Claxton,nic-claxton,C,,,22:16,22.266666666666666,5,6,0.833,0,0,0.0,2,3,0.667,1,1,2,0,0,0,1,1,12,-2.0,0022401188,Nic Claxton,nic claxton,,,2025-04-13,0,0.5389221556886228,0.04491017964071856,0.08982035928143713,0.0,0.04491017964071856,5.0,3.0,7.0,8.0,4.0,3.0,2.0,6.0,2.0,0,0.0,0,0.0016,-4.3,-2685.8213616489693,-4.29312,0.0,5.0,6.0,0.8203555
0022401188,1610612751,Brooklyn,Nets,BKN,nets,1630553,Keon,Johnson,K. Johnson,keon-johnson,G,,,36:44,36.733333333333334,5,13,0.385,1,8,0.125,3,4,0.75,2,7,9,4,1,0,4,5,14,-12.0,0022401188,Keon Johnson,keon johnson,,,2025-04-13,1,0.3811252268602541,0.0544464609800363,0.24500907441016334,0.1088929219600726,0.08166969147005444,4.0,1.0,1.0,2.0,2.0,3.0,9.0,2.0,1.0,0,0.0,0,0.00232,-15.8,-6807.410598879793,-15.763344,0.02722323049001815,2.0,4.0,0.2777105
0022401188,1610612751,Brooklyn,Nets,BKN,nets,1631213,Tyrese,Martin,T. Martin,tyrese-martin,G,,,31:20,31.333333333333332,8,14,0.571,2,6,0.333,2,2,1.0,2,5,7,1,0,1,6,2,20,-3.0,0022401188,Tyrese Martin,tyrese martin,,,2025-04-13,1,0.6382978723404256,0.06382978723404256,0.22340425531914895,0.03191489361702128,0.09574468085106383,1.0,1.0,3.0,6.0,4.0,1.0,3.0,4.0,1.0,0,0.0,0,0.003,-1.4,-466.5111629456847,-1.3958,0.03191489361702128,2.0,2.0,0.7419285
0022401188,1610612751,Brooklyn,Nets,BKN,nets,1641787,Tosan,Evbuomwan,T. Evbuomwan,tosan-evbuomwan,,,,20:26,20.433333333333334,0,1,0.0,0,0,0.0,2,2,1.0,0,4,4,5,1,0,1,4,2,-7.0,0022401188,Tosan Evbuomwan,tosan evbuomwan,,,2025-04-13,1,0.09787928221859707,0.0,0.19575856443719414,0.24469820554649266,0.048939641109298535,9.0,5.0,5.0,1.0,2.0,3.0,7.0,7.0,2.0,0,0.0,0,0.00064,-10.3,-16068.642745709827,-10.293408000000001,0.048939641109298535,2.0,5.0,0.012784896
0022401188,1610612751,Brooklyn,Nets,BKN,nets,1631166,Drew,Timme,D. Timme,drew-timme,,,,30:42,30.7,4,11,0.364,1,6,0.167,2,4,0.5,0,8,8,2,0,0,2,2,11,-3.0,0022401188,Drew Timme,drew timme,,,2025-04-13,0,0.3583061889250814,0.0,0.26058631921824105,0.06514657980456026,0.0,6.0,5.0,2.0,5.0,4.0,3.0,3.0,5.0,1.0,0,2.0,0,0.00231,-3.0,-1298.1393336218086,-2.99307,0.0,5.0,7.0,0.23148237
0022401188,1610612751,Brooklyn,Nets,BKN,nets,1630623,Tyson,Etienne,T. Etienne,tyson-etienne,,,,17:09,17.15,1,3,0.333,1,3,0.333,2,2,1.0,0,0,0,1,0,0,0,1,5,-7.0,0022401188,Tyson Etienne,tyson etienne,,,2025-04-13,0,0.2915451895043732,0.0,0.0,0.05830903790087464,0.0,7.0,5.0,9.0,6.0,4.0,3.0,7.0,8.0,0.0,0,0.0,0,0.00108,-13.4,-12395.929694727105,-13.385528,0.0,5.0,7.0,0.0105960835
0022401188,1610612751,Brooklyn,Nets,BKN,nets,1641727,Dariq,Whitehead,D. Whitehead,dariq-whitehead,,,,10:02,10.033333333333333,1,3,0.333,1,2,0.5,0,0,0.0,1,0,1,0,0,0,0,2,3,-4.0,0022401188,Dariq Whitehead,dariq whitehead,,,2025-04-13,0,0.29900332225913623,0.09966777408637874,0.09966777408637874,0.0,0.09966777408637874,8.0,3.0,8.0,8.0,4.0,3.0,5.0,9.0,1.0,0,0.0,0,0.0012,-12.0,-9991.673605328895,-11.9856,0.0,5.0,1.0,0.016902056
