gameId,teamId,teamCity,teamName,teamTricode,teamSlug,personId,firstName,familyName,nameI,playerSlug,position,comment,jerseyNum,minutes,minutes_decimal,fieldGoalsMade,fieldGoalsAttempted,fieldGoalsPercentage,threePointersMade,threePointersAttempted,threePointersPercentage,freeThrowsMade,freeThrowsAttempted,freeThrowsPercentage,reboundsOffensive,reboundsDefensive,reboundsTotal,assists,steals,blocks,turnovers,foulsPersonal,points,plusMinusPoints,GAME_ID,player_name,player_name_key,y,winner_names,game_date,stocks,points_per_min,oreb_per_min,reb_per_min,ast_per_min,hustle_proxy,points_rank,reboundsOffensive_rank,reboundsTotal_rank,assists_rank,steals_rank,blocks_rank,plusMinusPoints_rank,minutes_decimal_rank,deflections,deflections_missing,charges_drawn,charges_drawn_missing,usage_rate,net_rating,impact_efficiency,role_outperformance,stocks_per_min,stocks_rank,hustle_proxy_rank,pred_prob
0022400069,1610612741,Chicago,Bulls,CHI,bulls,203897,Zach,LaVine,Z. LaVine,zach-lavine,F,,,36:46,36.766666666666666,10,17,0.588,5,8,0.625,2,3,0.667,1,4,5,3,0,0,7,4,27,-15.0,0022400069,Zach LaVine,zach lavine,,,2024-10-23,0,0.7343608340888487,0.027198549410698096,0.1359927470534905,0.0815956482320943,0.027198549410698096,1.0,4.0,3.0,3.0,5.0,3.0,12.0,1.0,1.0,0,0.0,0,0.0028100000000000004,-17.3,-6154.39345428673,-17.251387,0.0,6.0,8.0,0.8679315
0022400069,1610612741,Chicago,Bulls,CHI,bulls,1630172,Patrick,Williams,P. Williams,patrick-williams,F,,,24:04,24.066666666666666,2,7,0.286,1,4,0.25,1,2,0.5,2,1,3,3,0,1,2,0,6,-5.0,0022400069,Patrick Williams,patrick williams,,,2024-10-23,1,0.24930747922437674,0.08310249307479224,0.12465373961218837,0.12465373961218837,0.12465373961218837,7.0,2.0,7.0,3.0,5.0,1.0,7.0,6.0,3.0,0,0.0,0,0.00179,-5.6,-3126.744835287549,-5.589976,0.04155124653739612,2.0,3.0,0.06306917
0022400069,1610612741,Chicago,Bulls,CHI,bulls,202696,Nikola,Vučević,N. Vučević,nikola-vučević,C,,,30:42,30.7,8,12,0.667,1,2,0.5,4,5,0.8,2,9,11,1,0,0,1,3,21,-14.0,0022400069,Nikola Vučević,nikola vučević,,,2024-10-23,0,0.6840390879478827,0.06514657980456026,0.3583061889250814,0.03257328990228013,0.06514657980456026,2.0,2.0,1.0,7.0,5.0,3.0,11.0,3.0,0.0,0,0.0,0,0.0020499999999999997,-20.9,-10190.151145782545,-20.857155,0.0,6.0,5.0,0.84971917
0022400069,1610612741,Chicago,Bulls,CHI,bulls,1629632,Coby,White,C. White,coby-white,G,,,34:47,34.78333333333333,4,13,0.308,0,5,0.0,2,2,1.0,0,8,8,6,1,1,4,1,10,-6.0,0022400069,Coby White,coby white,,,2024-10-23,2,0.2874940105414471,0.0,0.22999520843315766,0.17249640632486823,0.057498802108289414,5.0,6.0,2.0,1.0,1.0,1.0,8.0,2.0,1.0,0,0.0,0,0.00209,-7.7,-3682.4485891917743,-7.683907,0.057498802108289414,1.0,6.0,0.22646628
0022400069,1610612741,Chicago,Bulls,CHI,bulls,1630581,Josh,Giddey,J. Giddey,josh-giddey,G,,,30:29,30.483333333333334,5,11,0.455,0,1,0.0,4,7,0.571,1,4,5,3,0,0,3,1,14,-22.0,0022400069,Josh Giddey,josh giddey,,,2024-10-23,0,0.4592673592126845,0.03280481137233461,0.16402405686167304,0.09841443411700382,0.03280481137233461,4.0,4.0,3.0,3.0,5.0,3.0,13.0,4.0,3.0,0,0.0,0,0.0022400000000000002,-36.9,-16465.86345381526,-36.817344,0.0,6.0,7.0,0.22325248
0022400069,1610612741,Chicago,Bulls,CHI,bulls,1628366,Lonzo,Ball,L. Ball,lonzo-ball,,,,13:39,13.65,2,4,0.5,1,3,0.333,0,0,0.0,0,2,2,4,0,0,1,2,5,4.0,0022400069,Lonzo Ball,lonzo ball,,,2024-10-23,0,0.3663003663003663,0.0,0.14652014652014653,0.29304029304029305,0.0,8.0,6.0,8.0,2.0,5.0,3.0,2.0,8.0,0.0,0,0.0,0,0.0014299999999999998,9.2,6429.070580013977,9.186843999999999,0.0,6.0,9.0,0.03916006
0022400069,1610612741,Chicago,Bulls,CHI,bulls,1630245,Ayo,Dosunmu,A. Dosunmu,ayo-dosunmu,,,,24:58,24.966666666666665,4,6,0.667,0,2,0.0,0,0,0.0,0,4,4,3,0,0,2,2,8,-13.0,0022400069,Ayo Dosunmu,ayo dosunmu,,,2024-10-23,0,0.3204272363150868,0.0,0.1602136181575434,0.12016021361815755,0.0,6.0,6.0,6.0,3.0,5.0,3.0,10.0,5.0,0.0,0,0.0,0,0.0011899999999999999,-26.6,-22334.17296389589,-26.568346000000002,0.0,6.0,9.0,0.07000749
0022400069,1610612741,Chicago,Bulls,CHI,bulls,1641763,Julian,Phillips,J. Phillips,julian-phillips,,,,11:32,11.533333333333333,1,3,0.333,0,2,0.0,0,0,0.0,0,0,0,1,1,0,0,0,2,-9.0,0022400069,Julian Phillips,julian phillips,,,2024-10-23,1,0.17341040462427745,0.0,0.0,0.08670520231213873,0.08670520231213873,10.0,6.0,11.0,7.0,1.0,3.0,9.0,9.0,1.0,0,0.0,0,0.001,-35.6,-35564.43556443557,-35.5644,0.08670520231213873,2.0,4.0,0.0071238903
0022400069,1610612741,Chicago,Bulls,CHI,bulls,1630188,Jalen,Smith,J. Smith,jalen-smith,,,,17:18,17.3,5,8,0.625,1,3,0.333,4,4,1.0,3,2,5,0,1,0,0,2,15,2.0,0022400069,Jalen Smith,jalen smith,,,2024-10-23,1,0.8670520231213873,0.17341040462427745,0.2890173410404624,0.0,0.23121387283236994,3.0,1.0,3.0,11.0,1.0,3.0,6.0,7.0,1.0,0,0.0,0,0.00191,2.2,1151.2297226582941,2.1957980000000004,0.057803468208092484,2.0,2.0,0.8930445
0022400069,1610612741,Chicago,Bulls,CHI,bulls,1629659,Talen,Horton-Tucker,T. Horton-Tucker,talen-horton-tucker,,,,7:31,7.516666666666667,0,1,0.0,0,0,0.0,0,2,0.0,0,2,2,1,0,0,1,0,0,4.0,0022400069,Talen Horton-Tucker,talen horton-tucker,,,2024-10-23,0,0.0,0.0,0.2660753880266075,0.13303769401330376,0.0,11.0,6.0,8.0,7.0,5.0,3.0,2.0,10.0,,1,,1,0.00136,7.6,5584.129316678912,7.589663999999999,0.0,6.0,9.0,0.0065653156
0022400069,1610612741,Chicago,Bulls,CHI,bulls,1641824,Matas,Buzelis,M. Buzelis,matas-buzelis,,,,4:42,4.7,0,3,0.0,0,3,0.0,0,0,0.0,0,2,2,1,0,0,0,1,0,8.0,0022400069,Matas Buzelis,matas buzelis,,,2024-10-23,0,0.0,0.0,0.425531914893617,0.2127659574468085,0.0,11.0,6.0,8.0,7.0,5.0,3.0,1.0,11.0,0.0,0,0.0,0,0.002,53.3,26636.681659170412,53.1934,0.0,6.0,9.0,0.012151703
0022400069,1610612741,Chicago,Bulls,CHI,bulls,1631207,Dalen,Terry,D. Terry,dalen-terry,,,,1:46,1.7666666666666666,0,0,0.0,0,0,0.0,0,0,0.0,0,0,0,0,1,0,0,0,0,3.0,0022400069,Dalen Terry,dalen terry,,,2024-10-23,1,0.0,0.0,0.0,0.0,0.5660377358490566,11.0,6.0,11.0,11.0,1.0,3.0,4.0,12.0,,1,,1,0.0,60.0,60000000.0,60.0,0.5660377358490566,2.0,1.0,0.019353062
0022400069,1610612741,Chicago,Bulls,CHI,bulls,1630537,Chris,Duarte,C. Duarte,chris-duarte,,,,1:46,1.7666666666666666,1,1,1.0,1,1,1.0,0,0,0.0,0,0,0,0,0,0,0,0,3,3.0,0022400069,Chris Duarte,chris duarte,,,2024-10-23,0,1.6981132075471699,0.0,0.0,0.0,0.0,9.0,6.0,11.0,11.0,5.0,3.0,4.0,12.0,,1,,1,0.00167,60.0,35906.64272890485,59.899800000000006,0.0,6.0,9.0,0.017885238
0022400083,1610612741,Chicago,Bulls,CHI,bulls,203897,Zach,LaVine,Z. LaVine,zach-lavine,F,,,33:17,33.28333333333333,9,15,0.6,2,6,0.333,5,6,0.833,1,4,5,1,0,2,1,0,25,9.0,0022400083,Zach LaVine,zach lavine,,,2024-10-25,2,0.7511266900350526,0.030045067601402103,0.15022533800701052,0.030045067601402103,0.09013520280420631,2.0,3.0,4.0,7.0,6.0,1.0,3.0,3.0,0.0,0,0.0,0,0.00222,10.5,4727.600180099053,10.47669,0.06009013520280421,3.0,7.0,0.7874832
0022400083,1610612741,Chicago,Bulls,CHI,bulls,1630172,Patrick,Williams,P. Williams,patrick-williams,F,,,36:05,36.083333333333336,5,11,0.455,2,4,0.5,1,1,1.0,1,4,5,2,3,0,1,2,13,3.0,0022400083,Patrick Williams,patrick williams,,,2024-10-25,3,0.3602771362586605,0.027713625866050806,0.13856812933025403,0.05542725173210161,0.11085450346420322,5.0,3.0,4.0,5.0,2.0,4.0,8.0,1.0,5.0,0,0.0,0,0.00132,3.6,2725.208175624527,3.595248,0.08314087759815242,2.0,6.0,0.490105
0022400083,1610612741,Chicago,Bulls,CHI,bulls,202696,Nikola,Vučević,N. Vučević,nikola-vučević,C,,,32:00,32.0,7,17,0.412,4,9,0.444,4,4,1.0,2,8,10,4,0,0,1,4,22,7.0,0022400083,Nikola Vučević,nikola vučević,,,2024-10-25,0,0.6875,0.0625,0.3125,0.125,0.0625,3.0,2.0,1.0,4.0,6.0,4.0,4.0,4.0,0.0,0,0.0,0,0.00256,8.1,3162.8270206950406,8.079264,0.0,8.0,8.0,0.7525801
0022400083,1610612741,Chicago,Bulls,CHI,bulls,1629632,Coby,White,C. White,coby-white,G,,,34:22,34.36666666666667,12,20,0.6,7,13,0.538,4,4,1.0,0,6,6,5,4,0,3,1,35,16.0,0022400083,Coby White,coby white,,,2024-10-25,4,1.0184287099903007,0.0,0.1745877788554801,0.1454898157129001,0.11639185257032007,1.0,7.0,2.0,2.0,1.0,4.0,1.0,2.0,3.0,0,0.0,0,0.0028100000000000004,17.5,6225.542511561721,17.450825000000002,0.11639185257032007,1.0,4.0,0.8463949
0022400083,1610612741,Chicago,Bulls,CHI,bulls,1630581,Josh,Giddey,J. Giddey,josh-giddey,G,,,24:28,24.466666666666665,6,10,0.6,2,2,1.0,3,4,0.75,0,6,6,9,0,0,1,0,17,2.0,0022400083,Josh Giddey,josh giddey,,,2024-10-25,0,0.6948228882833788,0.0,0.2452316076294278,0.36784741144414174,0.0,4.0,7.0,2.0,1.0,6.0,4.0,9.0,6.0,0.0,0,0.0,0,0.0022,3.6,1635.620172648796,3.59208,0.0,8.0,10.0,0.6928386
0022400083,1610612741,Chicago,Bulls,CHI,bulls,1630245,Ayo,Dosunmu,A. Dosunmu,ayo-dosunmu,,,,27:36,27.6,1,8,0.125,0,5,0.0,0,0,0.0,0,5,5,5,0,1,1,1,2,10.0,0022400083,Ayo Dosunmu,ayo dosunmu,,,2024-10-25,1,0.07246376811594203,0.0,0.18115942028985507,0.18115942028985507,0.036231884057971016,9.0,7.0,4.0,2.0,6.0,2.0,2.0,5.0,0.0,0,0.0,0,0.00123,8.0,6498.781478472787,7.99016,0.036231884057971016,5.0,9.0,0.025750963
0022400083,1610612741,Chicago,Bulls,CHI,bulls,1641763,Julian,Phillips,J. Phillips,julian-phillips,,,,14:52,14.866666666666667,1,2,0.5,1,2,0.5,0,0,0.0,1,1,2,0,1,0,0,1,3,6.0,0022400083,Julian Phillips,julian phillips,,,2024-10-25,1,0.20179372197309417,0.06726457399103139,0.13452914798206278,0.0,0.13452914798206278,7.0,3.0,8.0,10.0,3.0,4.0,5.0,7.0,1.0,0,0.0,0,0.0005099999999999999,11.2,21917.80821917808,11.194287999999998,0.06726457399103139,5.0,3.0,0.17437896
0022400083,1610612741,Chicago,Bulls,CHI,bulls,1631207,Dalen,Terry,D. Terry,dalen-terry,,,,12:21,12.35,0,1,0.0,0,0,0.0,3,4,0.75,1,1,2,1,1,1,0,2,3,4.0,0022400083,Dalen Terry,dalen terry,,,2024-10-25,2,0.24291497975708504,0.08097165991902834,0.16194331983805668,0.08097165991902834,0.24291497975708504,7.0,3.0,8.0,7.0,3.0,2.0,7.0,9.0,2.0,0,0.0,0,0.00086,6.5,7549.361207897793,6.49441,0.16194331983805668,3.0,1.0,0.02185514
0022400083,1610612741,Chicago,Bulls,CHI,bulls,1630188,Jalen,Smith,J. Smith,jalen-smith,,,,14:50,14.833333333333334,4,9,0.444,3,5,0.6,0,0,0.0,3,2,5,1,0,0,1,4,11,6.0,0022400083,Jalen Smith,jalen smith,,,2024-10-25,0,0.7415730337078651,0.20224719101123595,0.33707865168539325,0.06741573033707865,0.20224719101123595,6.0,1.0,4.0,7.0,6.0,4.0,5.0,8.0,0.0,0,0.0,0,0.00256,14.1,5505.661850839515,14.063903999999999,0.0,8.0,2.0,0.7504848
0022400083,1610612741,Chicago,Bulls,CHI,bulls,1641824,Matas,Buzelis,M. Buzelis,matas-buzelis,,,,8:59,8.983333333333333,1,3,0.333,0,1,0.0,0,0,0.0,0,0,0,2,1,0,0,2,2,-6.0,0022400083,Matas Buzelis,matas buzelis,,,2024-10-25,1,0.22263450834879409,0.0,0.0,0.22263450834879409,0.11131725417439704,9.0,7.0,10.0,5.0,3.0,4.0,11.0,10.0,1.0,0,0.0,0,0.0014299999999999998,-30.0,-20964.3605870021,-29.957099999999997,0.11131725417439704,5.0,5.0,0.0048045265
0022400083,1610612741,Chicago,Bulls,CHI,bulls,1629659,Talen,Horton-Tucker,T. Horton-Tucker,talen-horton-tucker,,,,1:10,1.1666666666666667,0,0,0.0,0,0,0.0,0,0,0.0,0,0,0,0,0,0,0,0,0,-2.0,0022400083,Talen Horton-Tucker,talen horton-tucker,,,2024-10-25,0,0.0,0.0,0.0,0.0,0.0,11.0,7.0,10.0,10.0,6.0,4.0,10.0,11.0,,1,,1,0.0,-100.0,-100000000.0,-100.0,0.0,8.0,10.0,0.0034274273
0022400091,1610612741,Chicago,Bulls,CHI,bulls,203897,Zach,LaVine,Z. LaVine,zach-lavine,F,,,34:16,34.266666666666666,6,13,0.462,4,9,0.444,6,7,0.857,0,9,9,3,2,1,7,1,22,-11.0,0022400091,Zach LaVine,zach lavine,,,2024-10-26,3,0.642023346303502,0.0,0.26264591439688717,0.08754863813229573,0.08754863813229573,1.0,7.0,2.0,3.0,1.0,1.0,9.0,1.0,1.0,0,0.0,0,0.00247,-12.9,-5220.558478348847,-12.868137,0.08754863813229573,1.0,7.0,0.8069245
0022400091,1610612741,Chicago,Bulls,CHI,bulls,1630172,Patrick,Williams,P. Williams,patrick-williams,F,,,26:23,26.383333333333333,1,8,0.125,1,4,0.25,0,0,0.0,2,6,8,2,1,0,1,1,3,-12.0,0022400091,Patrick Williams,patrick williams,,,2024-10-26,1,0.11370814908401769,0.07580543272267846,0.30322173089071386,0.07580543272267846,0.11370814908401769,7.0,2.0,3.0,5.0,2.0,3.0,10.0,5.0,2.0,0,0.0,0,0.00117,-20.3,-17335.61058923997,-20.276249,0.03790271636133923,2.0,6.0,0.027338767
0022400091,1610612741,Chicago,Bulls,CHI,bulls,202696,Nikola,Vučević,N. Vučević,nikola-vučević,C,,,32:31,32.516666666666666,7,12,0.583,2,2,1.0,2,2,1.0,3,10,13,2,0,1,3,2,18,-14.0,0022400091,Nikola Vučević,nikola vučević,,,2024-10-26,1,0.5535622757560226,0.09226037929267043,0.3997949769349052,0.06150691952844695,0.1230138390568939,2.0,1.0,1.0,5.0,6.0,1.0,11.0,2.0,0.0,0,0.0,0,0.00182,-16.4,-9006.04063701263,-16.370151999999997,0.030753459764223477,2.0,5.0,0.8542549
0022400091,1610612741,Chicago,Bulls,CHI,bulls,1629632,Coby,White,C. White,coby-white,G,,,29:48,29.8,3,12,0.25,0,9,0.0,3,6,0.5,0,4,4,3,1,0,3,3,9,-20.0,0022400091,Coby White,coby white,,,2024-10-26,1,0.30201342281879195,0.0,0.1342281879194631,0.10067114093959731,0.03355704697986577,4.0,7.0,8.0,3.0,2.0,3.0,13.0,3.0,0.0,0,0.0,0,0.0021,-26.7,-12708.23417420276,-26.64393,0.03355704697986577,2.0,10.0,0.06057994
0022400091,1610612741,Chicago,Bulls,CHI,bulls,1630581,Josh,Giddey,J. Giddey,josh-giddey,G,,,26:26,26.433333333333334,6,14,0.429,2,6,0.333,0,0,0.0,2,5,7,4,0,0,4,2,14,-21.0,0022400091,Josh Giddey,josh giddey,,,2024-10-26,0,0.5296343001261034,0.07566204287515763,0.2648171500630517,0.15132408575031525,0.07566204287515763,3.0,2.0,4.0,2.0,6.0,3.0,14.0,4.0,2.0,0,0.0,0,0.00247,-32.3,-13071.630918656412,-32.220219,0.0,7.0,8.0,0.5293915
0022400091,1610612741,Chicago,Bulls,CHI,bulls,1628366,Lonzo,Ball,L. Ball,lonzo-ball,,,,15:34,15.566666666666666,1,6,0.167,1,5,0.2,0,0,0.0,0,5,5,1,0,0,2,2,3,3.0,0022400091,Lonzo Ball,lonzo ball,,,2024-10-26,0,0.19271948608137046,0.0,0.32119914346895073,0.06423982869379015,0.0,7.0,7.0,6.0,7.0,6.0,3.0,1.0,7.0,1.0,0,0.0,0,0.0019,7.9,4155.707522356654,7.88499,0.0,7.0,11.0,0.02310339
0022400091,1610612741,Chicago,Bulls,CHI,bulls,1630245,Ayo,Dosunmu,A. Dosunmu,ayo-dosunmu,,,,24:12,24.2,1,11,0.091,1,9,0.111,0,0,0.0,0,5,5,6,0,0,2,4,3,-5.0,0022400091,Ayo Dosunmu,ayo dosunmu,,,2024-10-26,0,0.12396694214876033,0.0,0.2066115702479339,0.24793388429752067,0.0,7.0,7.0,6.0,1.0,6.0,3.0,7.0,6.0,0.0,0,0.0,0,0.00203,-7.0,-3446.5780403741996,-6.98579,0.0,7.0,11.0,0.017390903
0022400091,1610612741,Chicago,Bulls,CHI,bulls,1641763,Julian,Phillips,J. Phillips,julian-phillips,,,,14:56,14.933333333333334,3,6,0.5,2,5,0.4,1,1,1.0,0,1,1,0,1,0,0,1,9,-14.0,0022400091,Julian Phillips,julian phillips,,,2024-10-26,1,0.6026785714285714,0.0,0.06696428571428571,0.0,0.06696428571428571,4.0,7.0,10.0,10.0,2.0,3.0,11.0,8.0,1.0,0,0.0,0,0.00158,-35.7,-22580.645161290326,-35.643594,0.06696428571428571,2.0,9.0,0.18519382
0022400091,1610612741,Chicago,Bulls,CHI,bulls,1630188,Jalen,Smith,J. Smith,jalen-smith,,,,11:03,11.05,1,4,0.25,1,2,0.5,1,2,0.5,2,4,6,0,0,0,0,2,4,-6.0,0022400091,Jalen Smith,jalen smith,,,2024-10-26,0,0.36199095022624433,0.18099547511312217,0.5429864253393665,0.0,0.18099547511312217,6.0,2.0,5.0,10.0,6.0,3.0,8.0,9.0,0.0,0,0.0,0,0.00161,-22.2,-13780.260707635009,-22.164258,0.0,7.0,3.0,0.03451367
0022400091,1610612741,Chicago,Bulls,CHI,bulls,1641824,Matas,Buzelis,M. Buzelis,matas-buzelis,,,,7:07,7.116666666666666,1,3,0.333,0,0,0.0,1,2,0.5,1,0,1,0,0,0,1,1,3,1.0,0022400091,Matas Buzelis,matas buzelis,,,2024-10-26,0,0.4215456674473068,0.14051522248243561,0.14051522248243561,0.0,0.14051522248243561,7.0,5.0,10.0,10.0,6.0,3.0,2.0,10.0,1.0,0,0.0,0,0.0027800000000000004,6.3,2265.372168284789,6.282486,0.0,7.0,4.0,0.025482034
0022400091,1610612741,Chicago,Bulls,CHI,bulls,1629659,Talen,Horton-Tucker,T. Horton-Tucker,talen-horton-tucker,,,,4:26,4.433333333333334,0,0,0.0,0,0,0.0,2,2,1.0,1,1,2,0,0,0,2,0,2,1.0,0022400091,Talen Horton-Tucker,talen horton-tucker,,,2024-10-26,0,0.45112781954887216,0.22556390977443608,0.45112781954887216,0.0,0.22556390977443608,12.0,5.0,9.0,10.0,6.0,3.0,2.0,11.0,1.0,0,0.0,0,0.0027300000000000002,11.1,4064.4452581471983,11.069697,0.0,7.0,1.0,0.009135728
0022400091,1610612741,Chicago,Bulls,CHI,bulls,1630537,Chris,Duarte,C. Duarte,chris-duarte,,,,4:26,4.433333333333334,1,1,1.0,1,1,1.0,0,0,0.0,0,0,0,1,0,0,0,0,3,1.0,0022400091,Chris Duarte,chris duarte,,,2024-10-26,0,0.6766917293233082,0.0,0.0,0.22556390977443608,0.0,7.0,7.0,12.0,7.0,6.0,3.0,2.0,11.0,,1,,1,0.00091,11.1,12184.412733260153,11.089899,0.0,7.0,11.0,0.011274825
0022400091,1610612741,Chicago,Bulls,CHI,bulls,1628975,Jevon,Carter,J. Carter,jevon-carter,,,,4:26,4.433333333333334,0,1,0.0,0,1,0.0,0,0,0.0,0,0,0,1,1,0,0,0,0,1.0,0022400091,Jevon Carter,jevon carter,,,2024-10-26,1,0.0,0.0,0.0,0.22556390977443608,0.22556390977443608,14.0,7.0,12.0,7.0,2.0,3.0,2.0,11.0,1.0,0,0.0,0,0.00091,11.1,12184.412733260153,11.089899,0.22556390977443608,2.0,1.0,0.0081640445
0022400091,1610612741,Chicago,Bulls,CHI,bulls,1631207,Dalen,Terry,D. Terry,dalen-terry,,,,4:26,4.433333333333334,1,1,1.0,0,0,0.0,0,0,0.0,0,0,0,0,0,0,1,0,2,1.0,0022400091,Dalen Terry,dalen terry,,,2024-10-26,0,0.45112781954887216,0.0,0.0,0.0,0.0,12.0,7.0,12.0,10.0,6.0,3.0,2.0,11.0,,1,,1,0.00182,11.1,6095.551894563427,11.079797999999998,0.0,7.0,11.0,0.0080897575
0022400108,1610612741,Chicago,Bulls,CHI,bulls,203897,Zach,LaVine,Z. LaVine,zach-lavine,F,,,34:36,34.6,12,22,0.545,5,12,0.417,1,1,1.0,0,3,3,4,1,0,1,0,30,-6.0,0022400108,Zach LaVine,zach lavine,,,2024-10-28,1,0.8670520231213873,0.0,0.08670520231213873,0.11560693641618497,0.028901734104046242,1.0,7.0,6.0,5.0,1.0,6.0,9.0,2.0,3.0,0,0.0,0,0.00267,-11.4,-4268.064395357544,-11.369562,0.028901734104046242,3.0,10.0,0.8462413
0022400108,1610612741,Chicago,Bulls,CHI,bulls,1630172,Patrick,Williams,P. Williams,patrick-williams,F,,,24:36,24.6,2,10,0.2,1,5,0.2,0,0,0.0,1,5,6,1,0,2,2,0,5,-19.0,0022400108,Patrick Williams,patrick williams,,,2024-10-28,2,0.2032520325203252,0.04065040650406504,0.24390243902439024,0.04065040650406504,0.12195121951219512,8.0,4.0,5.0,7.0,6.0,1.0,11.0,6.0,3.0,0,0.0,0,0.0019,-33.3,-17517.09626512362,-33.236729999999994,0.08130081300813008,1.0,3.0,0.016047101
0022400108,1610612741,Chicago,Bulls,CHI,bulls,202696,Nikola,Vučević,N. Vučević,nikola-vučević,C,,,35:00,35.0,9,19,0.474,4,8,0.5,0,0,0.0,2,5,7,5,0,1,1,3,22,-4.0,0022400108,Nikola Vučević,nikola vučević,,,2024-10-28,1,0.6285714285714286,0.05714285714285714,0.2,0.14285714285714285,0.08571428571428572,2.0,2.0,3.0,3.0,6.0,2.0,8.0,1.0,1.0,0,0.0,0,0.00233,-7.0,-3003.003003003003,-6.983689999999999,0.02857142857142857,3.0,6.0,0.7398454
0022400108,1610612741,Chicago,Bulls,CHI,bulls,1629632,Coby,White,C. White,coby-white,G,,,31:60,32.0,6,15,0.4,5,10,0.5,3,3,1.0,1,1,2,5,0,0,0,2,20,8.0,0022400108,Coby White,coby white,,,2024-10-28,0,0.625,0.03125,0.0625,0.15625,0.03125,3.0,4.0,8.0,3.0,6.0,6.0,3.0,3.0,1.0,0,0.0,0,0.0020499999999999997,10.0,4875.6704046806435,9.9795,0.0,10.0,9.0,0.6159664
0022400108,1610612741,Chicago,Bulls,CHI,bulls,1630581,Josh,Giddey,J. Giddey,josh-giddey,G,,,27:56,27.933333333333334,4,10,0.4,2,4,0.5,2,4,0.5,4,9,13,8,1,1,2,1,12,11.0,0022400108,Josh Giddey,josh giddey,,,2024-10-28,2,0.4295942720763723,0.1431980906921241,0.46539379474940334,0.2863961813842482,0.21479713603818615,5.0,1.0,1.0,1.0,1.0,2.0,2.0,4.0,2.0,0,0.0,0,0.00203,16.4,8074.839980305266,16.366708,0.07159904534606205,1.0,1.0,0.86778504
0022400108,1610612741,Chicago,Bulls,CHI,bulls,1630245,Ayo,Dosunmu,A. Dosunmu,ayo-dosunmu,,,,27:17,27.283333333333335,4,8,0.5,2,4,0.5,0,0,0.0,2,6,8,4,0,1,0,1,10,0.0,0022400108,Ayo Dosunmu,ayo dosunmu,,,2024-10-28,1,0.3665241295051924,0.07330482590103848,0.29321930360415394,0.14660965180207697,0.10995723885155773,6.0,2.0,2.0,5.0,6.0,2.0,6.0,5.0,2.0,0,0.0,0,0.00111,-1.6,-1440.1440144014402,-1.598224,0.03665241295051924,3.0,4.0,0.46169263
0022400108,1610612741,Chicago,Bulls,CHI,bulls,1628366,Lonzo,Ball,L. Ball,lonzo-ball,,,,17:59,17.983333333333334,2,4,0.5,2,4,0.5,0,0,0.0,0,1,1,6,0,1,0,0,6,16.0,0022400108,Lonzo Ball,lonzo ball,,,2024-10-28,1,0.3336422613531047,0.0,0.05560704355885079,0.3336422613531047,0.05560704355885079,7.0,7.0,9.0,2.0,6.0,2.0,1.0,7.0,1.0,0,0.0,0,0.0009299999999999999,41.0,44038.668098818474,40.96187,0.05560704355885079,3.0,8.0,0.23814592
0022400108,1610612741,Chicago,Bulls,CHI,bulls,1641763,Julian,Phillips,J. Phillips,julian-phillips,,,,13:42,13.7,2,6,0.333,1,1,1.0,0,0,0.0,1,2,3,1,1,0,2,1,5,7.0,0022400108,Julian Phillips,julian phillips,,,2024-10-28,1,0.36496350364963503,0.07299270072992702,0.21897810218978103,0.07299270072992702,0.14598540145985403,8.0,4.0,6.0,7.0,1.0,6.0,5.0,8.0,1.0,0,0.0,0,0.0023499999999999997,21.9,9315.185027647809,21.848535,0.07299270072992702,3.0,2.0,0.04758247
0022400108,1610612741,Chicago,Bulls,CHI,bulls,1631207,Dalen,Terry,D. Terry,dalen-terry,,,,12:25,12.416666666666666,0,0,0.0,0,0,0.0,0,0,0.0,0,0,0,1,1,0,1,4,0,0.0,0022400108,Dalen Terry,dalen terry,,,2024-10-28,1,0.0,0.0,0.0,0.08053691275167786,0.08053691275167786,10.0,7.0,10.0,7.0,1.0,6.0,6.0,9.0,2.0,0,0.0,0,0.00032,3.7,11526.479750778815,3.6988160000000003,0.08053691275167786,3.0,7.0,0.0120966695
0022400108,1610612741,Chicago,Bulls,CHI,bulls,1630188,Jalen,Smith,J. Smith,jalen-smith,,,,11:31,11.516666666666667,4,5,0.8,3,4,0.75,5,9,0.556,0,7,7,1,1,0,0,2,16,8.0,0022400108,Jalen Smith,jalen smith,,,2024-10-28,1,1.3892908827785817,0.0,0.6078147612156295,0.08683068017366136,0.08683068017366136,4.0,7.0,3.0,7.0,1.0,6.0,3.0,10.0,2.0,0,1.0,0,0.0031,28.6,9222.831344727507,28.51134,0.08683068017366136,3.0,5.0,0.5871034
0022400108,1610612741,Chicago,Bulls,CHI,bulls,1641824,Matas,Buzelis,M. Buzelis,matas-buzelis,,,,2:58,2.966666666666667,0,1,0.0,0,1,0.0,0,0,0.0,0,0,0,0,0,0,0,1,0,-6.0,0022400108,Matas Buzelis,matas buzelis,,,2024-10-28,0,0.0,0.0,0.0,0.0,0.0,10.0,7.0,10.0,11.0,6.0,6.0,9.0,11.0,,1,,1,0.0014299999999999998,-100.0,-69881.20195667367,-99.857,0.0,10.0,11.0,0.0025347269
0022400123,1610612741,Chicago,Bulls,CHI,bulls,203897,Zach,LaVine,Z. LaVine,zach-lavine,F,,,35:37,35.61666666666667,2,9,0.222,1,4,0.25,6,8,0.75,0,10,10,3,1,0,4,2,11,10.0,0022400123,Zach LaVine,zach lavine,,,2024-10-30,1,0.3088441740758072,0.0,0.28076743097800655,0.08423022929340196,0.028076743097800654,5.0,5.0,3.0,4.0,1.0,3.0,3.0,2.0,2.0,0,0.0,0,0.00207,16.0,7725.736359246741,15.96688,0.028076743097800654,2.0,7.0,0.08958764
0022400123,1610612741,Chicago,Bulls,CHI,bulls,1630172,Patrick,Williams,P. Williams,patrick-williams,F,,,29:47,29.783333333333335,3,8,0.375,3,5,0.6,1,2,0.5,1,6,7,2,1,0,1,0,10,15.0,0022400123,Patrick Williams,patrick williams,,,2024-10-30,1,0.3357582540570789,0.03357582540570789,0.2350307778399552,0.06715165081141578,0.06715165081141578,6.0,2.0,4.0,6.0,1.0,3.0,1.0,5.0,1.0,0,0.0,0,0.00149,25.6,17169.68477531858,25.561856000000002,0.03357582540570789,2.0,4.0,0.28538206
0022400123,1610612741,Chicago,Bulls,CHI,bulls,202696,Nikola,Vučević,N. Vučević,nikola-vučević,C,,,35:29,35.483333333333334,7,16,0.438,0,3,0.0,4,4,1.0,6,8,14,5,1,1,4,4,18,6.0,0022400123,Nikola Vučević,nikola vučević,,,2024-10-30,2,0.5072804133395961,0.16909347111319867,0.3945514325974636,0.14091122592766556,0.22545796148426492,3.0,1.0,1.0,1.0,1.0,1.0,4.0,3.0,1.0,0,0.0,0,0.00265,8.1,3055.4507732930965,8.078534999999999,0.05636449037106623,1.0,1.0,0.7904815
0022400123,1610612741,Chicago,Bulls,CHI,bulls,1629632,Coby,White,C. White,coby-white,G,,,37:22,37.36666666666667,8,16,0.5,4,10,0.4,1,2,0.5,0,2,2,3,1,0,2,2,21,-2.0,0022400123,Coby White,coby white,,,2024-10-30,1,0.5619982158786797,0.0,0.05352363960749331,0.08028545941123996,0.026761819803746655,1.0,5.0,6.0,4.0,1.0,3.0,8.0,1.0,4.0,0,0.0,0,0.00218,-8.1,-3713.8927097661617,-8.082342,0.026761819803746655,2.0,8.0,0.8121382
0022400123,1610612741,Chicago,Bulls,CHI,bulls,1630581,Josh,Giddey,J. Giddey,josh-giddey,G,,,31:09,31.15,6,11,0.545,4,4,1.0,4,6,0.667,1,10,11,5,1,0,1,2,20,11.0,0022400123,Josh Giddey,josh giddey,,,2024-10-30,1,0.6420545746388443,0.03210272873194222,0.3531300160513644,0.16051364365971107,0.06420545746388444,2.0,2.0,2.0,1.0,1.0,3.0,2.0,4.0,2.0,0,0.0,0,0.002,15.1,7546.226886556721,15.069799999999999,0.03210272873194222,2.0,5.0,0.91167134
0022400123,1610612741,Chicago,Bulls,CHI,bulls,1630245,Ayo,Dosunmu,A. Dosunmu,ayo-dosunmu,,,,29:09,29.15,6,8,0.75,0,1,0.0,0,1,0.0,0,4,4,4,0,1,0,1,12,0.0,0022400123,Ayo Dosunmu,ayo dosunmu,,,2024-10-30,1,0.411663807890223,0.0,0.137221269296741,0.137221269296741,0.03430531732418525,4.0,5.0,5.0,3.0,7.0,1.0,6.0,6.0,0.0,0,0.0,0,0.0011899999999999999,1.4,1175.4827875734677,1.398334,0.03430531732418525,2.0,6.0,0.60358554
0022400123,1610612741,Chicago,Bulls,CHI,bulls,1641763,Julian,Phillips,J. Phillips,julian-phillips,,,,14:07,14.116666666666667,1,4,0.25,1,4,0.25,1,2,0.5,0,1,1,0,1,0,2,1,4,-11.0,0022400123,Julian Phillips,julian phillips,,,2024-10-30,1,0.28335301062573787,0.0,0.07083825265643447,0.0,0.07083825265643447,7.0,5.0,9.0,8.0,1.0,3.0,11.0,7.0,1.0,0,0.0,0,0.002,-36.0,-17991.004497751124,-35.928,0.07083825265643447,2.0,3.0,0.014165785
0022400123,1610612741,Chicago,Bulls,CHI,bulls,1631207,Dalen,Terry,D. Terry,dalen-terry,,,,11:03,11.05,1,6,0.167,0,2,0.0,0,0,0.0,0,2,2,0,0,0,0,2,2,-9.0,0022400123,Dalen Terry,dalen terry,,,2024-10-30,0,0.18099547511312217,0.0,0.18099547511312217,0.0,0.0,9.0,5.0,6.0,8.0,7.0,3.0,10.0,8.0,0.0,0,0.0,0,0.002,-32.6,-16291.854072963517,-32.534800000000004,0.0,8.0,9.0,0.0042409874
0022400123,1610612741,Chicago,Bulls,CHI,bulls,1641766,Adama,Sanogo,A. Sanogo,adama-sanogo,,,,8:45,8.75,2,4,0.5,0,0,0.0,0,0,0.0,1,0,1,1,0,0,0,1,4,-6.0,0022400123,Adama Sanogo,adama sanogo,,,2024-10-30,0,0.45714285714285713,0.11428571428571428,0.11428571428571428,0.11428571428571428,0.11428571428571428,7.0,2.0,9.0,7.0,7.0,3.0,9.0,9.0,0.0,0,0.0,0,0.0019,-30.0,-15781.167806417676,-29.942999999999998,0.0,8.0,2.0,0.019610986
0022400123,1610612741,Chicago,Bulls,CHI,bulls,1641824,Matas,Buzelis,M. Buzelis,matas-buzelis,,,,4:06,4.1,0,1,0.0,0,0,0.0,0,0,0.0,0,0,0,0,0,0,0,0,0,-1.0,0022400123,Matas Buzelis,matas buzelis,,,2024-10-30,0,0.0,0.0,0.0,0.0,0.0,10.0,5.0,11.0,8.0,7.0,3.0,7.0,10.0,,1,,1,0.00091,-12.5,-13721.1855104281,-12.488625,0.0,8.0,9.0,0.0028785425
0022400123,1610612741,Chicago,Bulls,CHI,bulls,1628470,Torrey,Craig,T. Craig,torrey-craig,,,,3:26,3.4333333333333336,0,1,0.0,0,1,0.0,0,0,0.0,0,2,2,0,0,0,0,1,0,2.0,0022400123,Torrey Craig,torrey craig,,,2024-10-30,0,0.0,0.0,0.5825242718446602,0.0,0.0,10.0,5.0,6.0,8.0,7.0,3.0,5.0,11.0,0.0,0,0.0,0,0.00125,25.0,19984.012789768185,24.96875,0.0,8.0,9.0,0.005517481
0022400136,1610612741,Chicago,Bulls,CHI,bulls,203897,Zach,LaVine,Z. LaVine,zach-lavine,F,,,33:56,33.93333333333333,7,17,0.412,5,9,0.556,2,2,1.0,0,1,1,2,1,0,2,1,21,-7.0,0022400136,Zach LaVine,zach lavine,,,2024-11-01,1,0.6188605108055011,0.0,0.02946954813359529,0.05893909626719058,0.02946954813359529,2.0,7.0,9.0,5.0,2.0,4.0,8.0,2.0,1.0,0,0.0,0,0.00233,-11.0,-4719.004719004719,-10.974369999999999,0.02946954813359529,3.0,7.0,0.7939726
0022400136,1610612741,Chicago,Bulls,CHI,bulls,1630172,Patrick,Williams,P. Williams,patrick-williams,F,,,28:22,28.366666666666667,2,8,0.25,0,4,0.0,2,2,1.0,1,5,6,1,1,0,3,1,6,-11.0,0022400136,Patrick Williams,patrick williams,,,2024-11-01,1,0.21151586368977673,0.03525264394829612,0.21151586368977673,0.03525264394829612,0.07050528789659224,6.0,3.0,3.0,6.0,2.0,4.0,10.0,5.0,2.0,0,0.0,0,0.00164,-19.3,-11761.121267519806,-19.268348,0.03525264394829612,3.0,6.0,0.04342326
0022400136,1610612741,Chicago,Bulls,CHI,bulls,202696,Nikola,Vučević,N. Vučević,nikola-vučević,C,,,33:56,33.93333333333333,10,11,0.909,3,4,0.75,5,5,1.0,3,8,11,3,1,1,0,0,28,-7.0,0022400136,Nikola Vučević,nikola vučević,,,2024-11-01,2,0.825147347740668,0.08840864440078586,0.32416502946954817,0.08840864440078586,0.14734774066797643,1.0,1.0,1.0,3.0,2.0,1.0,8.0,2.0,3.0,0,0.0,0,0.00151,-11.0,-7279.94705493051,-10.98339,0.05893909626719058,1.0,2.0,0.9232934
0022400136,1610612741,Chicago,Bulls,CHI,bulls,1629632,Coby,White,C. White,coby-white,G,,,34:18,34.3,6,13,0.462,5,9,0.556,4,5,0.8,1,3,4,4,0,0,3,4,21,4.0,0022400136,Coby White,coby white,,,2024-11-01,0,0.6122448979591837,0.02915451895043732,0.11661807580174928,0.11661807580174928,0.02915451895043732,2.0,3.0,6.0,2.0,5.0,4.0,1.0,1.0,0.0,0,0.0,0,0.0020499999999999997,5.3,2584.105314480741,5.289135,0.0,7.0,8.0,0.86773765
0022400136,1610612741,Chicago,Bulls,CHI,bulls,1630581,Josh,Giddey,J. Giddey,josh-giddey,G,,,33:22,33.36666666666667,5,17,0.294,0,4,0.0,1,4,0.25,3,3,6,8,2,0,4,1,11,-15.0,0022400136,Josh Giddey,josh giddey,,,2024-11-01,2,0.32967032967032966,0.0899100899100899,0.1798201798201798,0.23976023976023975,0.14985014985014986,4.0,1.0,3.0,1.0,1.0,4.0,11.0,4.0,2.0,0,0.0,0,0.0027700000000000003,-20.8,-7506.315409599421,-20.742384,0.05994005994005994,1.0,1.0,0.20921476
0022400136,1610612741,Chicago,Bulls,CHI,bulls,1630245,Ayo,Dosunmu,A. Dosunmu,ayo-dosunmu,,,,27:10,27.166666666666668,3,11,0.273,2,7,0.286,2,2,1.0,0,7,7,3,0,0,3,4,10,-4.0,0022400136,Ayo Dosunmu,ayo dosunmu,,,2024-11-01,0,0.36809815950920244,0.0,0.25766871165644173,0.11042944785276074,0.0,5.0,7.0,2.0,3.0,5.0,4.0,7.0,6.0,0.0,0,0.0,0,0.00234,-8.8,-3759.0773173857324,-8.779408,0.0,7.0,9.0,0.07274823
0022400136,1610612741,Chicago,Bulls,CHI,bulls,1641763,Julian,Phillips,J. Phillips,julian-phillips,,,,13:55,13.916666666666666,0,2,0.0,0,2,0.0,2,2,1.0,1,1,2,1,0,0,0,2,2,2.0,0022400136,Julian Phillips,julian phillips,,,2024-11-01,0,0.1437125748502994,0.0718562874251497,0.1437125748502994,0.0718562874251497,0.0718562874251497,10.0,3.0,7.0,6.0,5.0,4.0,2.0,7.0,0.0,0,0.0,0,0.0008799999999999999,3.1,3518.728717366629,3.0972720000000002,0.0,7.0,5.0,0.025398362
0022400136,1610612741,Chicago,Bulls,CHI,bulls,1629659,Talen,Horton-Tucker,T. Horton-Tucker,talen-horton-tucker,,,,7:17,7.283333333333333,1,2,0.5,1,2,0.5,0,0,0.0,0,0,0,1,0,0,0,0,3,-1.0,0022400136,Talen Horton-Tucker,talen horton-tucker,,,2024-11-01,0,0.41189931350114417,0.0,0.0,0.13729977116704806,0.0,9.0,7.0,10.0,6.0,5.0,4.0,5.0,10.0,0.0,0,1.0,0,0.00125,-0.4,-319.744204636291,-0.3995,0.0,7.0,9.0,0.014221203
0022400136,1610612741,Chicago,Bulls,CHI,bulls,1630188,Jalen,Smith,J. Smith,jalen-smith,,,,13:35,13.583333333333334,2,4,0.5,1,3,0.333,0,0,0.0,1,4,5,0,0,1,1,1,5,-1.0,0022400136,Jalen Smith,jalen smith,,,2024-11-01,1,0.36809815950920244,0.07361963190184048,0.36809815950920244,0.0,0.14723926380368096,7.0,3.0,5.0,10.0,5.0,1.0,5.0,9.0,0.0,0,0.0,0,0.00156,-3.6,-2306.2139654067905,-3.5943840000000002,0.07361963190184048,3.0,3.0,0.14169724
0022400136,1610612741,Chicago,Bulls,CHI,bulls,1631207,Dalen,Terry,D. Terry,dalen-terry,,,,13:40,13.666666666666666,2,3,0.667,0,0,0.0,1,2,0.5,0,2,2,1,0,1,0,1,5,0.0,0022400136,Dalen Terry,dalen terry,,,2024-11-01,1,0.36585365853658536,0.0,0.14634146341463417,0.07317073170731708,0.07317073170731708,7.0,7.0,7.0,6.0,5.0,1.0,3.0,8.0,1.0,0,0.0,0,0.00121,-8.2,-6771.263418662263,-8.190078,0.07317073170731708,3.0,4.0,0.060529687
0022400136,1610612741,Chicago,Bulls,CHI,bulls,1641766,Adama,Sanogo,A. Sanogo,adama-sanogo,,,,0:29,0.48333333333333334,0,0,0.0,0,0,0.0,0,0,0.0,0,0,0,0,0,0,0,0,0,0.0,0022400136,Adama Sanogo,adama sanogo,,,2024-11-01,0,0.0,0.0,0.0,0.0,0.0,11.0,7.0,10.0,10.0,5.0,4.0,3.0,11.0,,1,,1,0.0,0.0,0.0,0.0,0.0,7.0,9.0,0.005461113
0022400160,1610612741,Chicago,Bulls,CHI,bulls,1630245,Ayo,Dosunmu,A. Dosunmu,ayo-dosunmu,F,,,34:48,34.8,9,13,0.692,0,2,0.0,7,7,1.0,3,2,5,5,0,1,1,2,25,2.0,0022400160,Ayo Dosunmu,ayo dosunmu,,,2024-11-04,1,0.7183908045977012,0.08620689655172414,0.14367816091954025,0.14367816091954025,0.1149425287356322,2.0,1.0,3.0,4.0,6.0,2.0,2.0,1.0,2.0,0,0.0,0,0.00198,4.5,2271.580010095911,4.49109,0.02873563218390805,5.0,5.0,0.9193215
0022400160,1610612741,Chicago,Bulls,CHI,bulls,1630172,Patrick,Williams,P. Williams,patrick-williams,F,,,26:45,26.75,5,11,0.455,3,6,0.5,0,0,0.0,0,2,2,2,0,1,1,6,13,-4.0,0022400160,Patrick Williams,patrick williams,,,2024-11-04,1,0.48598130841121495,0.0,0.07476635514018691,0.07476635514018691,0.037383177570093455,5.0,7.0,6.0,7.0,6.0,2.0,5.0,6.0,0.0,0,0.0,0,0.00194,-4.7,-2421.4322514167957,-4.690882,0.037383177570093455,5.0,7.0,0.3823526
0022400160,1610612741,Chicago,Bulls,CHI,bulls,202696,Nikola,Vučević,N. Vučević,nikola-vučević,C,,,32:53,32.88333333333333,9,17,0.529,2,5,0.4,3,3,1.0,1,9,10,6,1,3,0,1,23,-3.0,0022400160,Nikola Vučević,nikola vučević,,,2024-11-04,4,0.6994424733907755,0.030410542321338066,0.30410542321338063,0.1824632539280284,0.15205271160669032,3.0,4.0,1.0,2.0,3.0,1.0,4.0,3.0,2.0,0,0.0,0,0.0024,-2.5,-1041.2328196584756,-2.494,0.12164216928535226,1.0,4.0,0.8601442
0022400160,1610612741,Chicago,Bulls,CHI,bulls,1629632,Coby,White,C. White,coby-white,G,,,34:17,34.28333333333333,10,19,0.526,6,9,0.667,2,2,1.0,0,4,4,6,2,0,3,4,28,-4.0,0022400160,Coby White,coby white,,,2024-11-04,2,0.8167233835683034,0.0,0.1166747690811862,0.1750121536217793,0.0583373845405931,1.0,7.0,4.0,2.0,1.0,6.0,5.0,2.0,1.0,0,0.0,0,0.0028399999999999996,-5.3,-1865.5403027103134,-5.284948,0.0583373845405931,2.0,6.0,0.8359689
0022400160,1610612741,Chicago,Bulls,CHI,bulls,1630581,Josh,Giddey,J. Giddey,josh-giddey,G,,,30:01,30.016666666666666,5,11,0.455,1,4,0.25,4,5,0.8,0,2,2,7,1,0,3,0,15,-18.0,0022400160,Josh Giddey,josh giddey,,,2024-11-04,1,0.4997223764575236,0.0,0.06662965019433648,0.2332037756801777,0.03331482509716824,4.0,7.0,6.0,1.0,3.0,6.0,10.0,4.0,2.0,0,0.0,0,0.00208,-31.4,-15088.899567515617,-31.334688,0.03331482509716824,5.0,9.0,0.24507862
0022400160,1610612741,Chicago,Bulls,CHI,bulls,1641763,Julian,Phillips,J. Phillips,julian-phillips,,,,15:48,15.8,0,2,0.0,0,1,0.0,0,0,0.0,1,0,1,1,2,0,0,2,0,-1.0,0022400160,Julian Phillips,julian phillips,,,2024-11-04,2,0.0,0.06329113924050632,0.06329113924050632,0.06329113924050632,0.18987341772151897,9.0,4.0,9.0,8.0,1.0,6.0,3.0,8.0,3.0,0,0.0,0,0.0005600000000000001,4.2,7486.63101604278,4.197648,0.12658227848101264,2.0,2.0,0.020866945
0022400160,1610612741,Chicago,Bulls,CHI,bulls,1629659,Talen,Horton-Tucker,T. Horton-Tucker,talen-horton-tucker,,,,28:19,28.316666666666666,2,7,0.286,0,3,0.0,6,7,0.857,1,5,6,4,0,0,0,3,10,5.0,0022400160,Talen Horton-Tucker,talen horton-tucker,,,2024-11-04,0,0.3531489111241907,0.03531489111241907,0.21188934667451442,0.14125956444967627,0.03531489111241907,6.0,4.0,2.0,5.0,6.0,6.0,1.0,5.0,0.0,0,0.0,0,0.00149,12.1,8115.358819584172,12.081971,0.0,9.0,8.0,0.12333488
0022400160,1610612741,Chicago,Bulls,CHI,bulls,1631207,Dalen,Terry,D. Terry,dalen-terry,,,,17:43,17.716666666666665,2,5,0.4,0,2,0.0,0,1,0.0,2,0,2,4,0,1,1,2,4,-6.0,0022400160,Dalen Terry,dalen terry,,,2024-11-04,1,0.2257761053621825,0.11288805268109126,0.11288805268109126,0.2257761053621825,0.16933207902163688,8.0,2.0,6.0,5.0,6.0,2.0,7.0,7.0,3.0,0,0.0,0,0.0013,-12.0,-9223.67409684858,-11.9844,0.05644402634054563,5.0,3.0,0.035548475
0022400160,1610612741,Chicago,Bulls,CHI,bulls,1630188,Jalen,Smith,J. Smith,jalen-smith,,,,15:07,15.116666666666667,3,9,0.333,2,5,0.4,0,0,0.0,2,1,3,1,1,1,0,3,8,-6.0,0022400160,Jalen Smith,jalen smith,,,2024-11-04,2,0.5292171995589856,0.1323042998897464,0.19845644983461963,0.0661521499448732,0.2646085997794928,7.0,2.0,5.0,8.0,3.0,2.0,7.0,9.0,1.0,0,0.0,0,0.0022500000000000003,-23.6,-10484.229231452686,-23.5469,0.1323042998897464,2.0,1.0,0.23139752
0022400160,1610612741,Chicago,Bulls,CHI,bulls,1641824,Matas,Buzelis,M. Buzelis,matas-buzelis,,,,4:19,4.316666666666666,0,1,0.0,0,0,0.0,0,0,0.0,0,1,1,0,0,0,0,0,0,-10.0,0022400160,Matas Buzelis,matas buzelis,,,2024-11-04,0,0.0,0.0,0.23166023166023167,0.0,0.0,9.0,7.0,9.0,10.0,6.0,6.0,9.0,10.0,0.0,0,0.0,0,0.00091,-100.0,-109769.4840834248,-99.909,0.0,9.0,10.0,0.0033136664
0022400176,1610612741,Chicago,Bulls,CHI,bulls,1630245,Ayo,Dosunmu,A. Dosunmu,ayo-dosunmu,F,,,24:52,24.866666666666667,2,13,0.154,2,10,0.2,0,0,0.0,1,4,5,4,0,0,2,3,6,-31.0,0022400176,Ayo Dosunmu,ayo dosunmu,,,2024-11-06,0,0.24128686327077747,0.040214477211796246,0.20107238605898123,0.16085790884718498,0.040214477211796246,10.0,5.0,4.0,3.0,7.0,3.0,13.0,3.0,0.0,0,0.0,0,0.00231,-56.6,-24491.562094331457,-56.469254,0.0,8.0,9.0,0.0180538
0022400176,1610612741,Chicago,Bulls,CHI,bulls,1630172,Patrick,Williams,P. Williams,patrick-williams,F,,,23:26,23.433333333333334,2,4,0.5,2,4,0.5,2,2,1.0,0,6,6,1,0,0,4,2,8,-15.0,0022400176,Patrick Williams,patrick williams,,,2024-11-06,0,0.3413940256045519,0.0,0.25604551920341395,0.04267425320056899,0.0,5.0,8.0,3.0,6.0,7.0,3.0,9.0,6.0,0.0,0,0.0,0,0.0015,-26.8,-17854.763491005997,-26.759800000000002,0.0,8.0,11.0,0.040996306
0022400176,1610612741,Chicago,Bulls,CHI,bulls,202696,Nikola,Vučević,N. Vučević,nikola-vučević,C,,,24:51,24.85,7,10,0.7,0,2,0.0,0,0,0.0,3,7,10,3,1,0,2,2,14,-21.0,0022400176,Nikola Vučević,nikola vučević,,,2024-11-06,1,0.5633802816901408,0.12072434607645875,0.40241448692152915,0.12072434607645875,0.16096579476861167,1.0,1.0,1.0,5.0,3.0,3.0,10.0,4.0,1.0,0,0.0,0,0.00182,-40.4,-22185.612300933553,-40.326471999999995,0.04024144869215292,3.0,3.0,0.860526
0022400176,1610612741,Chicago,Bulls,CHI,bulls,1629632,Coby,White,C. White,coby-white,G,,,28:33,28.55,3,13,0.231,1,7,0.143,1,2,0.5,0,1,1,5,1,0,4,1,8,-25.0,0022400176,Coby White,coby white,,,2024-11-06,1,0.28021015761821366,0.0,0.03502626970227671,0.17513134851138354,0.03502626970227671,5.0,8.0,12.0,2.0,3.0,3.0,12.0,1.0,3.0,0,0.0,0,0.0025,-38.5,-15393.842463014793,-38.40375,0.03502626970227671,3.0,10.0,0.042043418
0022400176,1610612741,Chicago,Bulls,CHI,bulls,1630581,Josh,Giddey,J. Giddey,josh-giddey,G,,,27:51,27.85,3,9,0.333,1,3,0.333,3,4,0.75,1,2,3,6,1,0,5,1,10,-22.0,0022400176,Josh Giddey,josh giddey,,,2024-11-06,1,0.3590664272890485,0.03590664272890485,0.10771992818671454,0.21543985637342908,0.0718132854578097,3.0,5.0,7.0,1.0,3.0,3.0,11.0,2.0,1.0,0,0.0,0,0.00229,-33.5,-14622.43561763422,-33.423285,0.03590664272890485,3.0,6.0,0.078893684
0022400176,1610612741,Chicago,Bulls,CHI,bulls,1641824,Matas,Buzelis,M. Buzelis,matas-buzelis,,,,22:51,22.85,4,9,0.444,3,4,0.75,2,2,1.0,3,6,9,0,2,1,1,0,13,-2.0,0022400176,Matas Buzelis,matas buzelis,,,2024-11-06,3,0.5689277899343544,0.13129102844638948,0.3938730853391685,0.0,0.26258205689277897,2.0,1.0,2.0,9.0,1.0,1.0,6.0,7.0,1.0,0,0.0,0,0.00172,-7.6,-4416.037187681581,-7.5869279999999995,0.13129102844638948,1.0,1.0,0.85809547
0022400176,1610612741,Chicago,Bulls,CHI,bulls,1631207,Dalen,Terry,D. Terry,dalen-terry,,,,23:42,23.7,3,7,0.429,1,3,0.333,3,4,0.75,3,1,4,1,2,0,3,1,10,3.0,0022400176,Dalen Terry,dalen terry,,,2024-11-06,2,0.4219409282700422,0.12658227848101267,0.16877637130801687,0.04219409282700422,0.2109704641350211,3.0,1.0,6.0,6.0,1.0,3.0,4.0,5.0,4.0,0,0.0,0,0.00194,2.0,1030.3967027305512,1.99612,0.08438818565400844,2.0,2.0,0.29325095
0022400176,1610612741,Chicago,Bulls,CHI,bulls,1630188,Jalen,Smith,J. Smith,jalen-smith,,,,15:45,15.75,1,5,0.2,0,3,0.0,0,0,0.0,0,5,5,0,1,0,1,4,2,-2.0,0022400176,Jalen Smith,jalen smith,,,2024-11-06,1,0.12698412698412698,0.0,0.31746031746031744,0.0,0.06349206349206349,12.0,8.0,4.0,9.0,3.0,3.0,6.0,9.0,1.0,0,0.0,0,0.00146,-11.3,-7734.428473648188,-11.283502,0.06349206349206349,3.0,7.0,0.012093354
0022400176,1610612741,Chicago,Bulls,CHI,bulls,1629659,Talen,Horton-Tucker,T. Horton-Tucker,talen-horton-tucker,,,,16:04,16.066666666666666,4,7,0.571,0,2,0.0,0,0,0.0,0,2,2,4,0,1,0,1,8,7.0,0022400176,Talen Horton-Tucker,talen horton-tucker,,,2024-11-06,1,0.4979253112033195,0.0,0.12448132780082988,0.24896265560165975,0.06224066390041494,5.0,8.0,8.0,3.0,7.0,1.0,1.0,8.0,1.0,0,0.0,0,0.0016300000000000002,17.5,10729.613733905579,17.471474999999998,0.06224066390041494,3.0,8.0,0.65718645
0022400176,1610612741,Chicago,Bulls,CHI,bulls,1641763,Julian,Phillips,J. Phillips,julian-phillips,,,,15:18,15.3,4,5,0.8,0,1,0.0,0,3,0.0,2,0,2,0,0,0,0,1,8,1.0,0022400176,Julian Phillips,julian phillips,,,2024-11-06,0,0.5228758169934641,0.13071895424836602,0.13071895424836602,0.0,0.13071895424836602,5.0,4.0,8.0,9.0,7.0,3.0,5.0,10.0,1.0,0,0.0,0,0.0016200000000000001,-0.2,-123.38062924120914,-0.19967600000000002,0.0,8.0,5.0,0.52015316
0022400176,1610612741,Chicago,Bulls,CHI,bulls,1628470,Torrey,Craig,T. Craig,torrey-craig,,,,2:54,2.9,0,0,0.0,0,0,0.0,0,0,0.0,0,0,0,0,0,0,0,1,0,-4.0,0022400176,Torrey Craig,torrey craig,,,2024-11-06,0,0.0,0.0,0.0,0.0,0.0,13.0,8.0,13.0,9.0,7.0,3.0,8.0,13.0,0.0,0,0.0,0,0.0,-80.0,-80000000.0,-80.0,0.0,8.0,11.0,0.0029430112
0022400176,1610612741,Chicago,Bulls,CHI,bulls,1630537,Chris,Duarte,C. Duarte,chris-duarte,,,,7:36,7.6,1,2,0.5,1,2,0.5,4,6,0.667,0,2,2,1,0,0,0,0,7,5.0,0022400176,Chris Duarte,chris duarte,,,2024-11-06,0,0.9210526315789475,0.0,0.2631578947368421,0.13157894736842105,0.0,9.0,8.0,8.0,6.0,7.0,3.0,3.0,11.0,0.0,0,0.0,0,0.00263,31.3,11896.617255796275,31.217681,0.0,8.0,11.0,0.044829138
0022400176,1610612741,Chicago,Bulls,CHI,bulls,1628975,Jevon,Carter,J. Carter,jevon-carter,,,,6:17,6.283333333333333,2,2,1.0,1,1,1.0,0,0,0.0,1,1,2,0,0,0,0,0,5,6.0,0022400176,Jevon Carter,jevon carter,,,2024-11-06,0,0.7957559681697612,0.15915119363395225,0.3183023872679045,0.0,0.15915119363395225,11.0,5.0,8.0,9.0,7.0,3.0,2.0,12.0,,1,,1,0.00125,42.9,34292.565947242205,42.846375,0.0,8.0,4.0,0.05676688
0022400181,1610612741,Chicago,Bulls,CHI,bulls,1630245,Ayo,Dosunmu,A. Dosunmu,ayo-dosunmu,F,,,33:04,33.06666666666667,5,11,0.455,1,3,0.333,2,2,1.0,2,1,3,2,1,0,1,4,13,-20.0,0022400181,Ayo Dosunmu,ayo dosunmu,,,2024-11-07,1,0.39314516129032256,0.06048387096774193,0.09072580645161289,0.06048387096774193,0.09072580645161289,3.0,1.0,5.0,3.0,3.0,4.0,12.0,2.0,2.0,0,0.0,0,0.0017599999999999998,-31.3,-17773.99204997161,-31.244912000000003,0.030241935483870965,4.0,7.0,0.3836445
0022400181,1610612741,Chicago,Bulls,CHI,bulls,1630172,Patrick,Williams,P. Williams,patrick-williams,F,,,31:15,31.25,4,9,0.444,2,4,0.5,2,2,1.0,0,0,0,1,3,0,2,2,12,-12.0,0022400181,Patrick Williams,patrick williams,,,2024-11-07,3,0.384,0.0,0.0,0.032,0.096,5.0,8.0,9.0,6.0,1.0,4.0,9.0,3.0,4.0,0,0.0,0,0.0017100000000000001,-14.3,-8357.685563997662,-14.275547000000001,0.096,2.0,5.0,0.373819
0022400181,1610612741,Chicago,Bulls,CHI,bulls,202696,Nikola,Vučević,N. Vučević,nikola-vučević,C,,,30:26,30.433333333333334,11,15,0.733,3,5,0.6,0,2,0.0,2,3,5,2,0,1,2,4,25,-17.0,0022400181,Nikola Vučević,nikola vučević,,,2024-11-07,1,0.8214676889375685,0.06571741511500548,0.16429353778751368,0.06571741511500548,0.09857612267250822,1.0,1.0,3.0,3.0,7.0,2.0,11.0,4.0,1.0,0,0.0,0,0.00261,-32.5,-12447.338184603599,-32.415175,0.03285870755750274,4.0,4.0,0.79249704
0022400181,1610612741,Chicago,Bulls,CHI,bulls,1629632,Coby,White,C. White,coby-white,G,,,33:59,33.983333333333334,9,15,0.6,4,9,0.444,2,2,1.0,0,0,0,8,0,0,3,4,24,-8.0,0022400181,Coby White,coby white,,,2024-11-07,0,0.7062285434036292,0.0,0.0,0.2354095144678764,0.0,2.0,8.0,9.0,2.0,7.0,4.0,7.0,1.0,0.0,0,0.0,0,0.00241,-11.3,-4686.851928660308,-11.272767,0.0,8.0,10.0,0.80808973
0022400181,1610612741,Chicago,Bulls,CHI,bulls,1630581,Josh,Giddey,J. Giddey,josh-giddey,G,,,29:45,29.75,3,12,0.25,1,4,0.25,2,3,0.667,1,5,6,13,0,0,0,1,9,-15.0,0022400181,Josh Giddey,josh giddey,,,2024-11-07,0,0.3025210084033613,0.03361344537815126,0.20168067226890757,0.4369747899159664,0.03361344537815126,6.0,4.0,1.0,1.0,7.0,4.0,10.0,5.0,2.0,0,0.0,0,0.00194,-25.4,-13086.038124678,-25.350723999999996,0.0,8.0,9.0,0.17433478
0022400181,1610612741,Chicago,Bulls,CHI,bulls,1630188,Jalen,Smith,J. Smith,jalen-smith,,,,15:46,15.766666666666667,4,7,0.571,1,4,0.25,0,0,0.0,2,4,6,0,1,0,1,1,9,0.0,0022400181,Jalen Smith,jalen smith,,,2024-11-07,1,0.5708245243128964,0.12684989429175475,0.38054968287526425,0.0,0.19027484143763213,6.0,1.0,1.0,9.0,3.0,4.0,5.0,9.0,2.0,0,0.0,0,0.00222,7.0,3151.7334533993694,6.98446,0.06342494714587738,4.0,2.0,0.6476261
0022400181,1610612741,Chicago,Bulls,CHI,bulls,1631207,Dalen,Terry,D. Terry,dalen-terry,,,,16:26,16.433333333333334,3,4,0.75,0,0,0.0,0,0,0.0,1,2,3,1,1,1,2,1,6,3.0,0022400181,Dalen Terry,dalen terry,,,2024-11-07,2,0.36511156186612576,0.060851926977687626,0.18255578093306288,0.060851926977687626,0.18255578093306288,8.0,4.0,5.0,6.0,3.0,2.0,1.0,8.0,3.0,0,0.0,0,0.00146,-0.8,-547.5701574264203,-0.798832,0.12170385395537525,3.0,3.0,0.3348545
0022400181,1610612741,Chicago,Bulls,CHI,bulls,1641824,Matas,Buzelis,M. Buzelis,matas-buzelis,,,,16:50,16.833333333333332,1,3,0.333,0,2,0.0,0,0,0.0,1,2,3,0,2,2,2,1,2,2.0,0022400181,Matas Buzelis,matas buzelis,,,2024-11-07,4,0.11881188118811882,0.05940594059405941,0.17821782178217824,0.0,0.29702970297029707,10.0,4.0,5.0,9.0,2.0,1.0,2.0,7.0,1.0,0,0.0,0,0.00116,8.3,7149.009474590871,8.290372,0.23762376237623764,1.0,1.0,0.098645814
0022400181,1610612741,Chicago,Bulls,CHI,bulls,1629659,Talen,Horton-Tucker,T. Horton-Tucker,talen-horton-tucker,,,,18:19,18.316666666666666,5,9,0.556,2,3,0.667,1,2,0.5,1,4,5,2,0,0,0,0,13,-6.0,0022400181,Talen Horton-Tucker,talen horton-tucker,,,2024-11-07,0,0.7097361237488626,0.0545950864422202,0.272975432211101,0.1091901728844404,0.0545950864422202,3.0,4.0,3.0,3.0,7.0,4.0,6.0,6.0,0.0,0,0.0,0,0.00227,-15.0,-6605.019815059445,-14.96595,0.0,8.0,8.0,0.8065269
0022400181,1610612741,Chicago,Bulls,CHI,bulls,1641763,Julian,Phillips,J. Phillips,julian-phillips,,,,10:34,10.566666666666666,2,2,1.0,1,1,1.0,1,2,0.5,0,1,1,0,1,0,0,2,6,-9.0,0022400181,Julian Phillips,julian phillips,,,2024-11-07,1,0.5678233438485805,0.0,0.09463722397476342,0.0,0.09463722397476342,8.0,8.0,8.0,9.0,3.0,4.0,8.0,10.0,1.0,0,0.0,0,0.00136,-40.9,-30051.432770022042,-40.844376,0.09463722397476342,4.0,6.0,0.037888654
0022400181,1610612741,Chicago,Bulls,CHI,bulls,1630537,Chris,Duarte,C. Duarte,chris-duarte,,,,1:48,1.8,0,1,0.0,0,1,0.0,0,0,0.0,0,0,0,0,0,0,0,0,0,1.0,0022400181,Chris Duarte,chris duarte,,,2024-11-07,0,0.0,0.0,0.0,0.0,0.0,11.0,8.0,9.0,9.0,7.0,4.0,3.0,11.0,0.0,0,0.0,0,0.002,20.0,9995.002498750624,19.96,0.0,8.0,10.0,0.0026770604
0022400181,1610612741,Chicago,Bulls,CHI,bulls,1628975,Jevon,Carter,J. Carter,jevon-carter,,,,1:48,1.8,0,0,0.0,0,0,0.0,0,0,0.0,0,0,0,1,0,0,0,0,0,1.0,0022400181,Jevon Carter,jevon carter,,,2024-11-07,0,0.0,0.0,0.0,0.5555555555555556,0.0,11.0,8.0,9.0,6.0,7.0,4.0,3.0,11.0,,1,,1,0.0,20.0,20000000.0,20.0,0.0,8.0,10.0,0.0041386783
0022400198,1610612741,Chicago,Bulls,CHI,bulls,203897,Zach,LaVine,Z. LaVine,zach-lavine,F,,,31:35,31.583333333333332,7,12,0.583,1,5,0.2,3,4,0.75,0,2,2,7,1,0,3,1,18,5.0,0022400198,Zach LaVine,zach lavine,,,2024-11-09,1,0.5699208443271768,0.0,0.0633245382585752,0.2216358839050132,0.0316622691292876,2.0,7.0,8.0,1.0,6.0,6.0,7.0,2.0,1.0,0,0.0,0,0.00215,8.8,4091.1204091120408,8.781080000000001,0.0316622691292876,6.0,9.0,0.7224312
0022400198,1610612741,Chicago,Bulls,CHI,bulls,1630172,Patrick,Williams,P. Williams,patrick-williams,F,,,29:08,29.133333333333333,3,9,0.333,0,4,0.0,4,4,1.0,2,5,7,3,2,2,2,2,10,11.0,0022400198,Patrick Williams,patrick williams,,,2024-11-09,4,0.34324942791762014,0.06864988558352403,0.2402745995423341,0.10297482837528604,0.20594965675057209,6.0,2.0,2.0,5.0,2.0,1.0,2.0,5.0,4.0,0,0.0,0,0.00183,20.5,11196.067722555981,20.462485,0.13729977116704806,1.0,3.0,0.58552575
0022400198,1610612741,Chicago,Bulls,CHI,bulls,202696,Nikola,Vučević,N. Vučević,nikola-vučević,C,,,31:27,31.45,8,13,0.615,2,4,0.5,0,0,0.0,2,10,12,1,2,0,2,2,18,6.0,0022400198,Nikola Vučević,nikola vučević,,,2024-11-09,2,0.5723370429252782,0.06359300476947535,0.3815580286168522,0.03179650238473768,0.1271860095389507,2.0,2.0,1.0,7.0,2.0,6.0,5.0,3.0,1.0,0,0.0,0,0.0019,11.8,6207.2593371909525,11.77758,0.06359300476947535,4.0,5.0,0.8142808
0022400198,1610612741,Chicago,Bulls,CHI,bulls,1629632,Coby,White,C. White,coby-white,G,,,32:55,32.916666666666664,6,14,0.429,2,9,0.222,4,4,1.0,0,4,4,5,3,0,2,3,18,2.0,0022400198,Coby White,coby white,,,2024-11-09,3,0.5468354430379747,0.0,0.12151898734177216,0.1518987341772152,0.09113924050632911,2.0,7.0,5.0,3.0,1.0,6.0,9.0,1.0,4.0,0,0.0,0,0.00221,7.4,3346.9018543645407,7.383646,0.09113924050632911,2.0,7.0,0.67447
0022400198,1610612741,Chicago,Bulls,CHI,bulls,1630581,Josh,Giddey,J. Giddey,josh-giddey,G,,,25:23,25.383333333333333,5,9,0.556,1,1,1.0,2,2,1.0,2,4,6,7,2,0,3,2,13,3.0,0022400198,Josh Giddey,josh giddey,,,2024-11-09,2,0.5121470781352594,0.07879185817465528,0.23637557452396585,0.2757715036112935,0.15758371634931057,5.0,2.0,3.0,1.0,2.0,6.0,8.0,6.0,4.0,0,0.0,0,0.00217,9.3,4283.7402118839245,9.279819,0.07879185817465528,4.0,4.0,0.542847
0022400198,1610612741,Chicago,Bulls,CHI,bulls,1630245,Ayo,Dosunmu,A. Dosunmu,ayo-dosunmu,,,,30:36,30.6,7,10,0.7,2,3,0.667,3,3,1.0,0,2,2,4,0,1,2,1,19,11.0,0022400198,Ayo Dosunmu,ayo dosunmu,,,2024-11-09,1,0.6209150326797386,0.0,0.06535947712418301,0.13071895424836602,0.032679738562091505,1.0,7.0,8.0,4.0,7.0,2.0,2.0,4.0,1.0,0,0.0,0,0.0016,17.7,11055.590256089943,17.67168,0.032679738562091505,6.0,8.0,0.8976166
0022400198,1610612741,Chicago,Bulls,CHI,bulls,1631207,Dalen,Terry,D. Terry,dalen-terry,,,,14:22,14.366666666666667,2,4,0.5,1,3,0.333,4,4,1.0,2,2,4,1,0,1,0,1,9,0.0,0022400198,Dalen Terry,dalen terry,,,2024-11-09,1,0.6264501160092807,0.13921113689095127,0.27842227378190254,0.06960556844547564,0.2088167053364269,9.0,2.0,5.0,7.0,7.0,2.0,10.0,8.0,0.0,0,0.0,0,0.00146,0.0,0.0,0.0,0.06960556844547564,6.0,2.0,0.16972075
0022400198,1610612741,Chicago,Bulls,CHI,bulls,1641824,Matas,Buzelis,M. Buzelis,matas-buzelis,,,,5:22,5.366666666666666,0,0,0.0,0,0,0.0,0,2,0.0,0,1,1,0,0,0,2,2,0,-8.0,0022400198,Matas Buzelis,matas buzelis,,,2024-11-09,0,0.0,0.0,0.1863354037267081,0.0,0.0,10.0,7.0,10.0,9.0,7.0,6.0,11.0,11.0,,1,,1,0.00231,-62.1,-26871.48420597144,-61.956549,0.0,10.0,10.0,0.002624798
0022400198,1610612741,Chicago,Bulls,CHI,bulls,1630188,Jalen,Smith,J. Smith,jalen-smith,,,,16:34,16.566666666666666,4,10,0.4,2,5,0.4,0,0,0.0,1,4,5,2,0,1,1,2,10,6.0,0022400198,Jalen Smith,jalen smith,,,2024-11-09,1,0.6036217303822937,0.060362173038229376,0.30181086519114686,0.12072434607645875,0.12072434607645875,6.0,6.0,4.0,6.0,7.0,2.0,5.0,7.0,0.0,0,0.0,0,0.00262,21.9,8355.589469668064,21.842622,0.060362173038229376,6.0,6.0,0.48123392
0022400198,1610612741,Chicago,Bulls,CHI,bulls,1628975,Jevon,Carter,J. Carter,jevon-carter,,,,8:30,8.5,0,3,0.0,0,2,0.0,0,0,0.0,0,0,0,0,0,0,0,0,0,10.0,0022400198,Jevon Carter,jevon carter,,,2024-11-09,0,0.0,0.0,0.0,0.0,0.0,10.0,7.0,11.0,9.0,7.0,6.0,4.0,10.0,0.0,0,0.0,0,0.00136,52.6,38648.05290227774,52.528464,0.0,10.0,10.0,0.005204638
0022400198,1610612741,Chicago,Bulls,CHI,bulls,1641763,Julian,Phillips,J. Phillips,julian-phillips,,,,14:09,14.15,4,8,0.5,2,3,0.667,0,0,0.0,4,0,4,0,2,1,0,2,10,14.0,0022400198,Julian Phillips,julian phillips,,,2024-11-09,3,0.7067137809187279,0.2826855123674912,0.2826855123674912,0.0,0.4946996466431095,6.0,1.0,5.0,9.0,2.0,2.0,1.0,9.0,1.0,0,0.0,0,0.0020499999999999997,45.2,22038.030229156513,45.10734,0.21201413427561838,2.0,1.0,0.83987504
0022400212,1610612741,Chicago,Bulls,CHI,bulls,203897,Zach,LaVine,Z. LaVine,zach-lavine,F,,,35:51,35.85,12,20,0.6,2,7,0.286,0,1,0.0,0,6,6,3,0,0,2,2,26,16.0,0022400212,Zach LaVine,zach lavine,,,2024-11-11,0,0.7252440725244073,0.0,0.16736401673640167,0.08368200836820083,0.0,1.0,7.0,5.0,4.0,5.0,6.0,1.0,2.0,0.0,0,0.0,0,0.00253,21.8,8613.196365073092,21.744846,0.0,6.0,8.0,0.80970126
0022400212,1610612741,Chicago,Bulls,CHI,bulls,1630172,Patrick,Williams,P. Williams,patrick-williams,F,,,35:38,35.63333333333333,5,13,0.385,3,7,0.429,0,0,0.0,1,9,10,3,1,1,2,1,13,-5.0,0022400212,Patrick Williams,patrick williams,,,2024-11-11,2,0.3648269410664172,0.02806361085126286,0.2806361085126286,0.08419083255378859,0.08419083255378859,5.0,3.0,1.0,4.0,2.0,1.0,8.0,3.0,2.0,0,0.0,0,0.0017000000000000001,-3.5,-2057.6131687242796,-3.4940499999999997,0.05612722170252572,2.0,7.0,0.50731754
0022400212,1610612741,Chicago,Bulls,CHI,bulls,202696,Nikola,Vučević,N. Vučević,nikola-vučević,C,,,34:53,34.88333333333333,9,15,0.6,1,3,0.333,1,2,0.5,2,6,8,3,1,1,3,1,20,14.0,0022400212,Nikola Vučević,nikola vučević,,,2024-11-11,2,0.5733397037744864,0.05733397037744864,0.22933588150979456,0.08600095556617296,0.11466794075489728,2.0,1.0,2.0,4.0,2.0,1.0,2.0,4.0,1.0,0,0.0,0,0.00218,16.9,7748.73911049977,16.863158,0.05733397037744864,2.0,5.0,0.8078931
0022400212,1610612741,Chicago,Bulls,CHI,bulls,1629632,Coby,White,C. White,coby-white,G,,,37:18,37.3,5,13,0.385,5,11,0.455,5,5,1.0,0,7,7,6,4,1,5,2,20,4.0,0022400212,Coby White,coby white,,,2024-11-11,5,0.5361930294906166,0.0,0.18766756032171583,0.160857908847185,0.13404825737265416,2.0,7.0,4.0,2.0,1.0,1.0,3.0,1.0,4.0,0,0.0,0,0.00215,3.5,1627.1501627150162,3.492475,0.13404825737265416,1.0,3.0,0.83434546
0022400212,1610612741,Chicago,Bulls,CHI,bulls,1630581,Josh,Giddey,J. Giddey,josh-giddey,G,,,31:25,31.416666666666668,7,11,0.636,2,4,0.5,2,2,1.0,1,7,8,7,1,1,4,4,18,2.0,0022400212,Josh Giddey,josh giddey,,,2024-11-11,2,0.572944297082228,0.03183023872679045,0.2546419098143236,0.22281167108753314,0.09549071618037135,4.0,3.0,2.0,1.0,2.0,1.0,4.0,5.0,3.0,0,0.0,0,0.00211,4.3,2036.9493131217432,4.290927,0.0636604774535809,2.0,6.0,0.7477032
0022400212,1610612741,Chicago,Bulls,CHI,bulls,1641766,Adama,Sanogo,A. Sanogo,adama-sanogo,,,,4:30,4.5,1,1,1.0,0,0,0.0,0,0,0.0,1,0,1,0,0,0,1,0,2,-1.0,0022400212,Adama Sanogo,adama sanogo,,,2024-11-11,0,0.4444444444444444,0.2222222222222222,0.2222222222222222,0.0,0.2222222222222222,8.0,3.0,9.0,7.0,5.0,6.0,6.0,9.0,0.0,0,0.0,0,0.00167,-31.3,-18731.298623578696,-31.247729000000003,0.0,6.0,1.0,0.008494049
0022400212,1610612741,Chicago,Bulls,CHI,bulls,1631207,Dalen,Terry,D. Terry,dalen-terry,,,,15:08,15.133333333333333,2,4,0.5,0,0,0.0,0,0,0.0,2,2,4,0,0,0,1,3,4,-15.0,0022400212,Dalen Terry,dalen terry,,,2024-11-11,0,0.2643171806167401,0.13215859030837004,0.2643171806167401,0.0,0.13215859030837004,7.0,1.0,6.0,7.0,5.0,6.0,9.0,7.0,1.0,0,0.0,0,0.00132,-46.9,-35503.40651021953,-46.838091999999996,0.0,6.0,4.0,0.03471381
0022400212,1610612741,Chicago,Bulls,CHI,bulls,1630245,Ayo,Dosunmu,A. Dosunmu,ayo-dosunmu,,,,30:45,30.75,2,8,0.25,1,4,0.25,5,6,0.833,0,3,3,4,0,0,0,1,10,-21.0,0022400212,Ayo Dosunmu,ayo dosunmu,,,2024-11-11,0,0.3252032520325203,0.0,0.0975609756097561,0.13008130081300814,0.0,6.0,7.0,7.0,3.0,5.0,6.0,10.0,6.0,1.0,0,0.0,0,0.00151,-30.8,-20383.85175380543,-30.753492,0.0,6.0,8.0,0.023691075
0022400212,1610612741,Chicago,Bulls,CHI,bulls,1641824,Matas,Buzelis,M. Buzelis,matas-buzelis,,,,3:44,3.7333333333333334,0,1,0.0,0,1,0.0,0,0,0.0,0,1,1,0,0,0,1,1,0,0.0,0022400212,Matas Buzelis,matas buzelis,,,2024-11-11,0,0.0,0.0,0.26785714285714285,0.0,0.0,9.0,7.0,9.0,7.0,5.0,6.0,5.0,10.0,,1,,1,0.002,-11.1,-5547.226386806596,-11.0778,0.0,6.0,8.0,0.0041520954
0022400212,1610612741,Chicago,Bulls,CHI,bulls,1641763,Julian,Phillips,J. Phillips,julian-phillips,,,,9:49,9.816666666666666,0,1,0.0,0,1,0.0,0,0,0.0,1,2,3,0,0,1,1,0,0,-21.0,0022400212,Julian Phillips,julian phillips,,,2024-11-11,1,0.0,0.10186757215619695,0.30560271646859083,0.0,0.2037351443123939,9.0,3.0,7.0,7.0,5.0,1.0,10.0,8.0,0.0,0,0.0,0,0.0008,-95.5,-119225.96754057427,-95.4236,0.10186757215619695,5.0,2.0,0.008928131
0022400212,1610612741,Chicago,Bulls,CHI,bulls,1629659,Talen,Horton-Tucker,T. Horton-Tucker,talen-horton-tucker,,,,0:59,0.9833333333333333,0,0,0.0,0,0,0.0,0,0,0.0,0,0,0,0,0,0,0,2,0,-3.0,0022400212,Talen Horton-Tucker,talen horton-tucker,,,2024-11-11,0,0.0,0.0,0.0,0.0,0.0,9.0,7.0,11.0,7.0,5.0,6.0,7.0,11.0,,1,,1,0.0,-150.0,-150000000.0,-150.0,0.0,6.0,8.0,0.0030476698
0022400219,1610612741,Chicago,Bulls,CHI,bulls,203897,Zach,LaVine,Z. LaVine,zach-lavine,F,,,36:17,36.28333333333333,12,17,0.706,4,8,0.5,3,6,0.5,1,6,7,8,2,1,6,1,31,21.0,0022400219,Zach LaVine,zach lavine,,,2024-11-13,3,0.8543867707854846,0.02756086357372531,0.19292604501607719,0.2204869085898025,0.11024345429490125,1.0,3.0,2.0,1.0,1.0,2.0,1.0,1.0,1.0,0,0.0,0,0.00298,25.2,8453.539080845354,25.124904,0.08268259072117594,1.0,5.0,0.7648131
0022400219,1610612741,Chicago,Bulls,CHI,bulls,1630172,Patrick,Williams,P. Williams,patrick-williams,F,,,33:29,33.483333333333334,6,9,0.667,3,4,0.75,3,4,0.75,2,4,6,2,2,0,1,0,18,1.0,0022400219,Patrick Williams,patrick williams,,,2024-11-13,2,0.5375808860129417,0.05973120955699353,0.17919362867098057,0.05973120955699353,0.11946241911398706,4.0,2.0,3.0,6.0,1.0,5.0,5.0,4.0,3.0,0,0.0,0,0.00158,4.8,3036.053130929791,4.792415999999999,0.05973120955699353,5.0,3.0,0.76140857
0022400219,1610612741,Chicago,Bulls,CHI,bulls,202696,Nikola,Vučević,N. Vučević,nikola-vučević,C,,,34:27,34.45,9,14,0.643,0,2,0.0,1,1,1.0,3,8,11,3,2,1,2,4,19,14.0,0022400219,Nikola Vučević,nikola vučević,,,2024-11-13,3,0.5515239477503628,0.08708272859216255,0.31930333817126266,0.08708272859216255,0.1741654571843251,3.0,1.0,1.0,5.0,1.0,2.0,3.0,3.0,3.0,0,0.0,0,0.0020499999999999997,22.6,11019.015114578257,22.55367,0.08708272859216255,1.0,2.0,0.81205356
0022400219,1610612741,Chicago,Bulls,CHI,bulls,1630581,Josh,Giddey,J. Giddey,josh-giddey,G,,,28:08,28.133333333333333,2,7,0.286,1,3,0.333,0,0,0.0,1,1,2,6,1,0,2,1,5,19.0,0022400219,Josh Giddey,josh giddey,,,2024-11-13,1,0.17772511848341233,0.035545023696682464,0.07109004739336493,0.2132701421800948,0.07109004739336493,6.0,3.0,7.0,2.0,5.0,5.0,2.0,5.0,1.0,0,0.0,0,0.00132,22.2,16805.45041635125,22.170696,0.035545023696682464,6.0,6.0,0.11270053
0022400219,1610612741,Chicago,Bulls,CHI,bulls,1629632,Coby,White,C. White,coby-white,G,,,35:34,35.56666666666667,6,16,0.375,2,9,0.222,8,8,1.0,0,1,1,4,1,0,3,4,22,-8.0,0022400219,Coby White,coby white,,,2024-11-13,1,0.6185567010309277,0.0,0.02811621368322399,0.11246485473289596,0.02811621368322399,2.0,5.0,8.0,4.0,5.0,5.0,7.0,2.0,1.0,0,0.0,0,0.00253,-10.1,-3990.5175819834053,-10.074447,0.02811621368322399,6.0,7.0,0.40644583
0022400219,1610612741,Chicago,Bulls,CHI,bulls,1630245,Ayo,Dosunmu,A. Dosunmu,ayo-dosunmu,,,,25:10,25.166666666666668,5,8,0.625,2,3,0.667,4,4,1.0,0,3,3,6,2,1,1,4,16,-4.0,0022400219,Ayo Dosunmu,ayo dosunmu,,,2024-11-13,3,0.6357615894039734,0.0,0.11920529801324503,0.23841059602649006,0.11920529801324503,5.0,5.0,6.0,2.0,1.0,2.0,6.0,6.0,3.0,0,0.0,0,0.0018599999999999999,-3.4,-1826.9747447608813,-3.393676,0.11920529801324503,1.0,4.0,0.7624902
0022400219,1610612741,Chicago,Bulls,CHI,bulls,1641824,Matas,Buzelis,M. Buzelis,matas-buzelis,,,,12:07,12.116666666666667,1,6,0.167,0,3,0.0,2,2,1.0,0,4,4,0,0,3,0,0,4,-10.0,0022400219,Matas Buzelis,matas buzelis,,,2024-11-13,3,0.33012379642365886,0.0,0.33012379642365886,0.0,0.24759284731774414,8.0,5.0,4.0,9.0,7.0,1.0,8.0,8.0,0.0,0,0.0,0,0.00233,-33.2,-14242.814242814244,-33.122644,0.24759284731774414,1.0,1.0,0.016360074
0022400219,1610612741,Chicago,Bulls,CHI,bulls,1630188,Jalen,Smith,J. Smith,jalen-smith,,,,13:33,13.55,0,2,0.0,0,2,0.0,0,0,0.0,0,4,4,1,0,0,2,2,0,-13.0,0022400219,Jalen Smith,jalen smith,,,2024-11-13,0,0.0,0.0,0.2952029520295203,0.07380073800738007,0.0,10.0,5.0,4.0,7.0,7.0,5.0,9.0,7.0,0.0,0,0.0,0,0.00114,-40.6,-35582.82208588957,-40.553716,0.0,8.0,8.0,0.0034597632
0022400219,1610612741,Chicago,Bulls,CHI,bulls,1631207,Dalen,Terry,D. Terry,dalen-terry,,,,10:23,10.383333333333333,1,1,1.0,1,1,1.0,1,2,0.5,0,1,1,1,0,0,1,0,4,-23.0,0022400219,Dalen Terry,dalen terry,,,2024-11-13,0,0.3852327447833066,0.0,0.09630818619582665,0.09630818619582665,0.0,8.0,5.0,8.0,7.0,7.0,5.0,10.0,10.0,0.0,0,0.0,0,0.0010299999999999999,-95.8,-92919.49563530555,-95.701326,0.0,8.0,8.0,0.00529101
0022400219,1610612741,Chicago,Bulls,CHI,bulls,1641763,Julian,Phillips,J. Phillips,julian-phillips,,,,10:52,10.866666666666667,2,2,1.0,1,1,1.0,0,0,0.0,0,1,1,0,0,0,0,1,5,8.0,0022400219,Julian Phillips,julian phillips,,,2024-11-13,0,0.460122699386503,0.0,0.09202453987730061,0.0,0.0,6.0,5.0,8.0,9.0,7.0,5.0,4.0,9.0,0.0,0,0.0,0,0.0008,24.2,30212.234706616728,24.18064,0.0,8.0,8.0,0.034601312
0022400013,1610612741,Chicago,Bulls,CHI,bulls,203897,Zach,LaVine,Z. LaVine,zach-lavine,F,,,37:07,37.11666666666667,4,16,0.25,0,3,0.0,0,0,0.0,0,4,4,9,0,1,1,5,8,-5.0,0022400013,Zach LaVine,zach lavine,,,2024-11-15,1,0.21553659631791647,0.0,0.10776829815895823,0.24247867085765604,0.02694207453973956,6.0,4.0,4.0,1.0,7.0,1.0,7.0,1.0,2.0,0,0.0,0,0.0019500000000000001,-3.0,-1537.6729882111738,-2.99415,0.02694207453973956,4.0,8.0,0.099929675
0022400013,1610612741,Chicago,Bulls,CHI,bulls,1630172,Patrick,Williams,P. Williams,patrick-williams,F,,,34:21,34.35,5,7,0.714,4,5,0.8,3,4,0.75,1,2,3,9,1,1,3,1,17,-4.0,0022400013,Patrick Williams,patrick williams,,,2024-11-15,2,0.49490538573508003,0.02911208151382824,0.08733624454148471,0.26200873362445415,0.08733624454148471,3.0,1.0,5.0,1.0,2.0,1.0,6.0,2.0,1.0,0,0.0,0,0.00146,-3.6,-2464.0657084188915,-3.594744,0.05822416302765648,1.0,4.0,0.8273137
0022400013,1610612741,Chicago,Bulls,CHI,bulls,202696,Nikola,Vučević,N. Vučević,nikola-vučević,C,,,32:58,32.96666666666667,11,16,0.688,2,4,0.5,1,1,1.0,0,8,8,2,0,0,2,1,25,-13.0,0022400013,Nikola Vučević,nikola vučević,,,2024-11-15,0,0.7583417593528816,0.0,0.24266936299292213,0.06066734074823053,0.0,2.0,4.0,1.0,5.0,7.0,5.0,11.0,3.0,1.0,0,0.0,0,0.00234,-18.3,-7817.172148654421,-18.257178,0.0,9.0,9.0,0.851566
0022400013,1610612741,Chicago,Bulls,CHI,bulls,1629632,Coby,White,C. White,coby-white,G,,,29:52,29.866666666666667,8,15,0.533,6,11,0.545,7,7,1.0,0,1,1,3,2,0,4,3,29,-11.0,0022400013,Coby White,coby white,,,2024-11-15,2,0.9709821428571428,0.0,0.033482142857142856,0.10044642857142858,0.06696428571428571,1.0,4.0,9.0,4.0,1.0,5.0,10.0,4.0,2.0,0,0.0,0,0.00297,-12.3,-4140.020195220464,-12.263469,0.06696428571428571,1.0,5.0,0.8587971
0022400013,1610612741,Chicago,Bulls,CHI,bulls,1630581,Josh,Giddey,J. Giddey,josh-giddey,G,,,15:10,15.166666666666666,2,9,0.222,1,5,0.2,0,0,0.0,0,3,3,1,1,0,0,4,5,-27.0,0022400013,Josh Giddey,josh giddey,,,2024-11-15,1,0.32967032967032966,0.0,0.19780219780219782,0.06593406593406594,0.06593406593406594,9.0,4.0,5.0,7.0,2.0,5.0,13.0,8.0,1.0,0,0.0,0,0.00243,-70.1,-28835.870012340598,-69.92965699999999,0.06593406593406594,4.0,6.0,0.023923669
0022400013,1610612741,Chicago,Bulls,CHI,bulls,1630245,Ayo,Dosunmu,A. Dosunmu,ayo-dosunmu,,,,26:13,26.216666666666665,6,9,0.667,2,3,0.667,1,2,0.5,1,4,5,4,1,1,2,5,15,-17.0,0022400013,Ayo Dosunmu,ayo dosunmu,,,2024-11-15,2,0.5721551176096631,0.038143674507310876,0.19071837253655435,0.1525746980292435,0.11443102352193261,4.0,1.0,3.0,3.0,2.0,1.0,12.0,5.0,0.0,0,0.0,0,0.00185,-23.4,-12641.815235008104,-23.35671,0.07628734901462175,1.0,2.0,0.73921317
0022400013,1610612741,Chicago,Bulls,CHI,bulls,1630188,Jalen,Smith,J. Smith,jalen-smith,,,,14:07,14.116666666666667,2,3,0.667,0,1,0.0,2,2,1.0,0,3,3,1,0,0,0,0,6,0.0,0022400013,Jalen Smith,jalen smith,,,2024-11-15,0,0.42502951593860683,0.0,0.21251475796930341,0.07083825265643447,0.0,7.0,4.0,5.0,7.0,7.0,5.0,2.0,9.0,0.0,0,0.0,0,0.00114,0.0,0.0,0.0,0.0,9.0,9.0,0.10315114
0022400013,1610612741,Chicago,Bulls,CHI,bulls,1641763,Julian,Phillips,J. Phillips,julian-phillips,,,,21:08,21.133333333333333,1,5,0.2,1,5,0.2,1,2,0.5,0,6,6,1,1,0,1,1,4,-6.0,0022400013,Julian Phillips,julian phillips,,,2024-11-15,1,0.18927444794952683,0.0,0.28391167192429023,0.04731861198738171,0.04731861198738171,10.0,4.0,2.0,7.0,2.0,5.0,8.0,6.0,1.0,0,0.0,0,0.0014299999999999998,-12.8,-8944.793850454229,-12.781696,0.04731861198738171,4.0,7.0,0.01611905
0022400013,1610612741,Chicago,Bulls,CHI,bulls,1631207,Dalen,Terry,D. Terry,dalen-terry,,,,18:16,18.266666666666666,2,4,0.5,1,2,0.5,1,2,0.5,1,0,1,2,1,0,4,0,6,-6.0,0022400013,Dalen Terry,dalen terry,,,2024-11-15,1,0.3284671532846716,0.05474452554744526,0.05474452554744526,0.10948905109489052,0.10948905109489052,7.0,1.0,9.0,5.0,2.0,5.0,8.0,7.0,3.0,0,0.0,0,0.002,-26.4,-13193.403298350822,-26.347199999999997,0.05474452554744526,4.0,3.0,0.042307507
0022400013,1610612741,Chicago,Bulls,CHI,bulls,1641824,Matas,Buzelis,M. Buzelis,matas-buzelis,,,,8:27,8.45,3,3,1.0,3,3,1.0,0,0,0.0,0,2,2,0,0,1,0,0,9,8.0,0022400013,Matas Buzelis,matas buzelis,,,2024-11-15,1,1.0650887573964498,0.0,0.2366863905325444,0.0,0.1183431952662722,5.0,4.0,8.0,10.0,7.0,1.0,1.0,10.0,0.0,0,0.0,0,0.0015,40.0,26648.90073284477,39.940000000000005,0.1183431952662722,4.0,1.0,0.3207801
0022400013,1610612741,Chicago,Bulls,CHI,bulls,1630537,Chris,Duarte,C. Duarte,chris-duarte,,,,0:47,0.7833333333333333,1,1,1.0,0,0,0.0,0,0,0.0,0,0,0,0,0,0,0,0,2,-3.0,0022400013,Chris Duarte,chris duarte,,,2024-11-15,0,2.5531914893617023,0.0,0.0,0.0,0.0,11.0,4.0,11.0,10.0,7.0,5.0,3.0,11.0,,1,,1,0.0025,-141.7,-56657.337065173924,-141.34575,0.0,9.0,9.0,0.0190204
0022400013,1610612741,Chicago,Bulls,CHI,bulls,1629659,Talen,Horton-Tucker,T. Horton-Tucker,talen-horton-tucker,,,,0:47,0.7833333333333333,0,0,0.0,0,0,0.0,0,0,0.0,0,0,0,0,0,0,0,0,0,-3.0,0022400013,Talen Horton-Tucker,talen horton-tucker,,,2024-11-15,0,0.0,0.0,0.0,0.0,0.0,12.0,4.0,11.0,10.0,7.0,5.0,3.0,11.0,,1,,1,0.0,-141.7,-141700000.0,-141.7,0.0,9.0,9.0,0.0042596078
0022400013,1610612741,Chicago,Bulls,CHI,bulls,1630604,E.J.,Liddell,E. Liddell,ej-liddell,,,,0:47,0.7833333333333333,0,0,0.0,0,0,0.0,0,0,0.0,0,0,0,0,0,0,0,0,0,-3.0,0022400013,E.J. Liddell,ej liddell,,,2024-11-15,0,0.0,0.0,0.0,0.0,0.0,12.0,4.0,11.0,10.0,7.0,5.0,3.0,11.0,,1,,1,0.0,-141.7,-141700000.0,-141.7,0.0,9.0,9.0,0.0042596078
0022400241,1610612741,Chicago,Bulls,CHI,bulls,203897,Zach,LaVine,Z. LaVine,zach-lavine,F,,,26:20,26.333333333333332,4,9,0.444,1,3,0.333,6,6,1.0,0,5,5,1,2,1,0,3,15,-36.0,0022400241,Zach LaVine,zach lavine,,,2024-11-17,3,0.569620253164557,0.0,0.189873417721519,0.0379746835443038,0.1139240506329114,1.0,8.0,4.0,7.0,1.0,2.0,14.0,1.0,2.0,0,0.0,0,0.0019,-57.6,-30299.842188321938,-57.49056,0.1139240506329114,1.0,7.0,0.8324912
0022400241,1610612741,Chicago,Bulls,CHI,bulls,1630172,Patrick,Williams,P. Williams,patrick-williams,F,,,16:21,16.35,2,9,0.222,1,7,0.143,2,2,1.0,0,1,1,1,0,0,3,0,7,-24.0,0022400241,Patrick Williams,patrick williams,,,2024-11-17,0,0.4281345565749235,0.0,0.061162079510703356,0.061162079510703356,0.0,9.0,8.0,12.0,7.0,6.0,6.0,12.0,6.0,0.0,0,0.0,0,0.00333,-59.6,-17892.524767337134,-59.401531999999996,0.0,9.0,11.0,0.023714706
0022400241,1610612741,Chicago,Bulls,CHI,bulls,202696,Nikola,Vučević,N. Vučević,nikola-vučević,C,,,25:20,25.333333333333332,3,7,0.429,1,3,0.333,2,2,1.0,0,6,6,2,0,0,2,2,9,-35.0,0022400241,Nikola Vučević,nikola vučević,,,2024-11-17,0,0.35526315789473684,0.0,0.2368421052631579,0.07894736842105264,0.0,3.0,8.0,3.0,4.0,6.0,6.0,13.0,2.0,1.0,0,0.0,0,0.00164,-60.3,-36745.88665447898,-60.201108,0.0,9.0,11.0,0.056609705
0022400241,1610612741,Chicago,Bulls,CHI,bulls,1629632,Coby,White,C. White,coby-white,G,,,24:56,24.933333333333334,3,8,0.375,2,4,0.5,0,0,0.0,1,1,2,4,0,1,1,1,8,-17.0,0022400241,Coby White,coby white,,,2024-11-17,1,0.32085561497326204,0.040106951871657755,0.08021390374331551,0.16042780748663102,0.08021390374331551,6.0,4.0,8.0,3.0,6.0,2.0,9.0,3.0,1.0,0,0.0,0,0.0012900000000000001,-29.4,-22773.044151820293,-29.362074,0.040106951871657755,5.0,10.0,0.04053064
0022400241,1610612741,Chicago,Bulls,CHI,bulls,1630581,Josh,Giddey,J. Giddey,josh-giddey,G,,,21:07,21.116666666666667,3,10,0.3,1,6,0.167,2,2,1.0,2,7,9,5,0,1,1,1,9,-19.0,0022400241,Josh Giddey,josh giddey,,,2024-11-17,1,0.4262036306235201,0.0947119179163378,0.4262036306235201,0.23677979479084452,0.1420678768745067,3.0,3.0,1.0,2.0,6.0,2.0,11.0,5.0,0.0,0,0.0,0,0.00222,-40.4,-18190.00450247636,-40.310311999999996,0.0473559589581689,5.0,4.0,0.18704534
0022400241,1610612741,Chicago,Bulls,CHI,bulls,1630245,Ayo,Dosunmu,A. Dosunmu,ayo-dosunmu,,,,23:30,23.5,4,10,0.4,1,5,0.2,0,0,0.0,0,2,2,6,0,0,1,2,9,-17.0,0022400241,Ayo Dosunmu,ayo dosunmu,,,2024-11-17,0,0.3829787234042553,0.0,0.0851063829787234,0.2553191489361702,0.0,3.0,8.0,8.0,1.0,6.0,6.0,9.0,4.0,0.0,0,0.0,0,0.00169,-32.0,-18923.713778829097,-31.94592,0.0,9.0,11.0,0.17735548
0022400241,1610612741,Chicago,Bulls,CHI,bulls,1641824,Matas,Buzelis,M. Buzelis,matas-buzelis,,,,15:54,15.9,2,6,0.333,2,3,0.667,2,2,1.0,1,2,3,0,1,0,2,2,8,-4.0,0022400241,Matas Buzelis,matas buzelis,,,2024-11-17,1,0.5031446540880503,0.06289308176100629,0.18867924528301885,0.0,0.12578616352201258,6.0,4.0,6.0,12.0,4.0,6.0,2.0,7.0,2.0,0,0.0,0,0.00184,-14.4,-7821.8359587180885,-14.373504,0.06289308176100629,5.0,6.0,0.18348579
0022400241,1610612741,Chicago,Bulls,CHI,bulls,1630188,Jalen,Smith,J. Smith,jalen-smith,,,,14:37,14.616666666666667,2,7,0.286,0,3,0.0,1,1,1.0,3,4,7,0,0,3,0,2,5,10.0,0022400241,Jalen Smith,jalen smith,,,2024-11-17,3,0.3420752565564424,0.20524515393386544,0.4789053591790194,0.0,0.4104903078677309,11.0,2.0,2.0,12.0,6.0,1.0,1.0,8.0,0.0,0,0.0,0,0.0015199999999999999,32.0,21038.790269559504,31.95136,0.20524515393386544,1.0,1.0,0.63824666
0022400241,1610612741,Chicago,Bulls,CHI,bulls,1641763,Julian,Phillips,J. Phillips,julian-phillips,,,,12:23,12.383333333333333,1,6,0.167,0,4,0.0,0,0,0.0,0,0,0,1,1,0,1,3,2,-9.0,0022400241,Julian Phillips,julian phillips,,,2024-11-17,1,0.16150740242261105,0.0,0.0,0.08075370121130553,0.08075370121130553,14.0,8.0,14.0,7.0,4.0,6.0,8.0,10.0,1.0,0,0.0,0,0.00189,-26.5,-14013.749338974088,-26.449915,0.08075370121130553,5.0,9.0,0.007822884
0022400241,1610612741,Chicago,Bulls,CHI,bulls,1631207,Dalen,Terry,D. Terry,dalen-terry,,,,12:22,12.366666666666667,2,6,0.333,0,1,0.0,0,0,0.0,1,0,1,1,2,1,1,2,4,-4.0,0022400241,Dalen Terry,dalen terry,,,2024-11-17,3,0.32345013477088946,0.08086253369272237,0.08086253369272237,0.08086253369272237,0.32345013477088946,13.0,4.0,12.0,7.0,1.0,2.0,2.0,11.0,2.0,0,0.0,0,0.0020599999999999998,-14.8,-7180.9801067442995,-14.769512,0.2425876010781671,1.0,3.0,0.06367636
0022400241,1610612741,Chicago,Bulls,CHI,bulls,1628470,Torrey,Craig,T. Craig,torrey-craig,,,,11:05,11.083333333333334,1,5,0.2,1,5,0.2,2,2,1.0,0,2,2,1,0,0,0,0,5,-7.0,0022400241,Torrey Craig,torrey craig,,,2024-11-17,0,0.45112781954887216,0.0,0.18045112781954886,0.09022556390977443,0.0,11.0,8.0,8.0,7.0,6.0,6.0,6.0,13.0,0.0,0,0.0,0,0.00182,-24.1,-13234.486545853928,-24.056138,0.0,9.0,11.0,0.01125328
0022400241,1610612741,Chicago,Bulls,CHI,bulls,1628975,Jevon,Carter,J. Carter,jevon-carter,,,,14:08,14.133333333333333,3,9,0.333,2,6,0.333,0,0,0.0,0,3,3,2,2,0,1,1,8,-8.0,0022400241,Jevon Carter,jevon carter,,,2024-11-17,2,0.5660377358490566,0.0,0.21226415094339623,0.14150943396226415,0.14150943396226415,6.0,8.0,6.0,4.0,1.0,6.0,7.0,9.0,2.0,0,0.0,0,0.00222,-21.1,-9500.2251238181,-21.053158,0.14150943396226415,4.0,5.0,0.15226825
0022400241,1610612741,Chicago,Bulls,CHI,bulls,1629659,Talen,Horton-Tucker,T. Horton-Tucker,talen-horton-tucker,,,,9:57,9.95,4,11,0.364,2,4,0.5,2,3,0.667,4,0,4,2,0,0,0,1,12,-4.0,0022400241,Talen Horton-Tucker,talen horton-tucker,,,2024-11-17,0,1.206030150753769,0.4020100502512563,0.4020100502512563,0.20100502512562815,0.4020100502512563,2.0,1.0,5.0,4.0,6.0,6.0,2.0,14.0,0.0,0,0.0,0,0.0035299999999999997,-11.5,-3256.8677428490514,-11.459405,0.0,9.0,2.0,0.7951375
0022400241,1610612741,Chicago,Bulls,CHI,bulls,1630537,Chris,Duarte,C. Duarte,chris-duarte,,,,12:00,12.0,2,4,0.5,0,2,0.0,2,2,1.0,1,1,2,0,0,0,0,1,6,-6.0,0022400241,Chris Duarte,chris duarte,,,2024-11-17,0,0.5,0.08333333333333333,0.16666666666666666,0.0,0.08333333333333333,10.0,4.0,8.0,12.0,6.0,6.0,5.0,12.0,1.0,0,0.0,0,0.00105,-21.4,-20361.560418648907,-21.37753,0.0,9.0,8.0,0.05930445
0022400244,1610612741,Chicago,Bulls,CHI,bulls,203897,Zach,LaVine,Z. LaVine,zach-lavine,F,,,34:45,34.75,9,19,0.474,7,14,0.5,0,0,0.0,0,6,6,5,1,0,1,0,25,24.0,0022400244,Zach LaVine,zach lavine,,,2024-11-18,1,0.7194244604316546,0.0,0.17266187050359713,0.14388489208633093,0.02877697841726619,2.0,7.0,3.0,2.0,1.0,4.0,1.0,2.0,2.0,0,0.0,0,0.0025,29.7,11875.249900039982,29.62575,0.02877697841726619,2.0,8.0,0.72209674
0022400244,1610612741,Chicago,Bulls,CHI,bulls,1630172,Patrick,Williams,P. Williams,patrick-williams,F,,,33:21,33.35,3,10,0.3,2,4,0.5,0,0,0.0,2,3,5,2,0,0,1,3,8,3.0,0022400244,Patrick Williams,patrick williams,,,2024-11-18,0,0.239880059970015,0.05997001499250375,0.14992503748125938,0.05997001499250375,0.05997001499250375,6.0,1.0,4.0,5.0,4.0,4.0,6.0,3.0,3.0,0,0.0,0,0.0013800000000000002,2.6,1882.6937002172338,2.596412,0.0,7.0,6.0,0.08278961
0022400244,1610612741,Chicago,Bulls,CHI,bulls,202696,Nikola,Vučević,N. Vučević,nikola-vučević,C,,,35:05,35.083333333333336,11,18,0.611,6,8,0.75,1,2,0.5,2,10,12,3,0,3,0,2,29,24.0,0022400244,Nikola Vučević,nikola vučević,,,2024-11-18,3,0.8266033254156769,0.05700712589073634,0.342042755344418,0.0855106888361045,0.14251781472684086,1.0,1.0,1.0,4.0,4.0,1.0,1.0,1.0,2.0,0,0.0,0,0.0023799999999999997,31.3,13145.737085258295,31.225506,0.0855106888361045,1.0,3.0,0.9140149
0022400244,1610612741,Chicago,Bulls,CHI,bulls,1629632,Coby,White,C. White,coby-white,G,,,33:15,33.25,9,14,0.643,5,10,0.5,2,2,1.0,0,4,4,4,0,1,1,3,25,-3.0,0022400244,Coby White,coby white,,,2024-11-18,1,0.7518796992481203,0.0,0.12030075187969924,0.12030075187969924,0.03007518796992481,2.0,7.0,6.0,3.0,4.0,2.0,7.0,5.0,3.0,0,0.0,0,0.00193,-9.1,-4712.5841532884515,-9.082437,0.03007518796992481,2.0,7.0,0.8761999
0022400244,1610612741,Chicago,Bulls,CHI,bulls,1630581,Josh,Giddey,J. Giddey,josh-giddey,G,,,28:47,28.783333333333335,5,10,0.5,1,4,0.25,0,0,0.0,2,6,8,10,0,0,4,3,11,13.0,0022400244,Josh Giddey,josh giddey,,,2024-11-18,0,0.38216560509554137,0.06948465547191661,0.27793862188766644,0.34742327735958306,0.06948465547191661,4.0,1.0,2.0,1.0,4.0,4.0,3.0,6.0,1.0,0,0.0,0,0.0020599999999999998,22.0,10674.429888403689,21.95468,0.0,7.0,4.0,0.6934307
0022400244,1610612741,Chicago,Bulls,CHI,bulls,1630245,Ayo,Dosunmu,A. Dosunmu,ayo-dosunmu,,,,33:17,33.28333333333333,4,12,0.333,0,2,0.0,1,2,0.5,1,0,1,1,0,1,0,0,9,8.0,0022400244,Ayo Dosunmu,ayo dosunmu,,,2024-11-18,1,0.27040560841261896,0.030045067601402103,0.030045067601402103,0.030045067601402103,0.06009013520280421,5.0,5.0,8.0,7.0,4.0,2.0,4.0,4.0,1.0,0,0.0,0,0.0017100000000000001,10.2,5961.426066627702,10.182558,0.030045067601402103,2.0,5.0,0.17394745
0022400244,1610612741,Chicago,Bulls,CHI,bulls,1641763,Julian,Phillips,J. Phillips,julian-phillips,,,,14:46,14.766666666666667,1,2,0.5,0,0,0.0,3,4,0.75,0,4,4,1,0,0,1,2,5,7.0,0022400244,Julian Phillips,julian phillips,,,2024-11-18,0,0.3386004514672686,0.0,0.27088036117381487,0.06772009029345372,0.0,8.0,7.0,6.0,7.0,4.0,4.0,5.0,7.0,1.0,0,0.0,0,0.0015199999999999999,23.3,15318.869165023014,23.264584000000003,0.0,7.0,9.0,0.01479394
0022400244,1610612741,Chicago,Bulls,CHI,bulls,1631207,Dalen,Terry,D. Terry,dalen-terry,,,,11:33,11.55,0,0,0.0,0,0,0.0,2,2,1.0,1,0,1,0,1,0,0,2,2,-9.0,0022400244,Dalen Terry,dalen terry,,,2024-11-18,1,0.17316017316017315,0.08658008658008658,0.08658008658008658,0.0,0.17316017316017315,9.0,5.0,8.0,9.0,1.0,4.0,9.0,9.0,,1,,1,0.00037,-27.9,-75202.1563342318,-27.889677,0.08658008658008658,2.0,2.0,0.010579289
0022400244,1610612741,Chicago,Bulls,CHI,bulls,1630188,Jalen,Smith,J. Smith,jalen-smith,,,,12:55,12.916666666666666,2,5,0.4,2,3,0.667,2,2,1.0,2,3,5,2,1,0,2,0,8,-14.0,0022400244,Jalen Smith,jalen smith,,,2024-11-18,1,0.6193548387096774,0.15483870967741936,0.38709677419354843,0.15483870967741936,0.23225806451612904,6.0,1.0,4.0,5.0,1.0,4.0,10.0,8.0,0.0,0,0.0,0,0.0025800000000000003,-37.0,-14335.52886478109,-36.90454,0.07741935483870968,2.0,1.0,0.084550455
0022400244,1610612741,Chicago,Bulls,CHI,bulls,1641824,Matas,Buzelis,M. Buzelis,matas-buzelis,,,,2:16,2.2666666666666666,0,1,0.0,0,1,0.0,0,0,0.0,0,0,0,0,0,0,0,1,0,-3.0,0022400244,Matas Buzelis,matas buzelis,,,2024-11-18,0,0.0,0.0,0.0,0.0,0.0,10.0,7.0,10.0,9.0,4.0,4.0,7.0,10.0,,1,,1,0.00167,-60.0,-35906.64272890485,-59.899800000000006,0.0,7.0,9.0,0.0023664122
0022400253,1610612741,Chicago,Bulls,CHI,bulls,203897,Zach,LaVine,Z. LaVine,zach-lavine,F,,,33:20,33.333333333333336,9,15,0.6,4,7,0.571,5,5,1.0,0,5,5,6,0,0,4,2,27,-10.0,0022400253,Zach LaVine,zach lavine,,,2024-11-20,0,0.8099999999999999,0.0,0.15,0.18,0.0,1.0,4.0,3.0,1.0,6.0,3.0,10.0,2.0,2.0,0,0.0,0,0.0028000000000000004,-15.2,-5426.633345233844,-15.15744,0.0,6.0,7.0,0.8780017
0022400253,1610612741,Chicago,Bulls,CHI,bulls,1628470,Torrey,Craig,T. Craig,torrey-craig,F,,,27:52,27.866666666666667,6,10,0.6,3,7,0.429,0,0,0.0,2,4,6,2,1,1,0,2,15,-2.0,0022400253,Torrey Craig,torrey craig,,,2024-11-20,2,0.5382775119617225,0.07177033492822966,0.21531100478468898,0.07177033492822966,0.14354066985645933,2.0,1.0,1.0,5.0,2.0,1.0,6.0,5.0,3.0,0,0.0,0,0.00154,-3.5,-2271.2524334847503,-3.49461,0.07177033492822966,2.0,2.0,0.87034106
0022400253,1610612741,Chicago,Bulls,CHI,bulls,202696,Nikola,Vučević,N. Vučević,nikola-vučević,C,,,34:41,34.68333333333333,6,15,0.4,2,7,0.286,0,0,0.0,1,5,6,6,3,1,1,3,14,-4.0,0022400253,Nikola Vučević,nikola vučević,,,2024-11-20,4,0.40365209034118216,0.028832292167227297,0.17299375300336378,0.17299375300336378,0.14416146083613648,3.0,3.0,1.0,1.0,1.0,1.0,8.0,1.0,4.0,0,0.0,0,0.0020499999999999997,-4.2,-2047.7815699658706,-4.19139,0.11532916866890919,1.0,1.0,0.4893475
0022400253,1610612741,Chicago,Bulls,CHI,bulls,1629632,Coby,White,C. White,coby-white,G,,,31:51,31.85,6,15,0.4,2,8,0.25,0,0,0.0,0,2,2,2,0,0,3,4,14,0.0,0022400253,Coby White,coby white,,,2024-11-20,0,0.43956043956043955,0.0,0.06279434850863422,0.06279434850863422,0.0,3.0,4.0,6.0,5.0,6.0,3.0,1.0,4.0,0.0,0,0.0,0,0.00243,-1.6,-658.165364047717,-1.596112,0.0,6.0,7.0,0.22278757
0022400253,1610612741,Chicago,Bulls,CHI,bulls,1630581,Josh,Giddey,J. Giddey,josh-giddey,G,,,25:44,25.733333333333334,2,9,0.222,1,4,0.25,0,0,0.0,2,2,4,3,0,0,2,1,5,-15.0,0022400253,Josh Giddey,josh giddey,,,2024-11-20,0,0.19430051813471502,0.07772020725388601,0.15544041450777202,0.11658031088082901,0.07772020725388601,8.0,1.0,4.0,3.0,6.0,3.0,13.0,6.0,2.0,0,0.0,0,0.00193,-28.3,-14655.618850336614,-28.245381000000002,0.0,6.0,3.0,0.021875063
0022400253,1610612741,Chicago,Bulls,CHI,bulls,1630245,Ayo,Dosunmu,A. Dosunmu,ayo-dosunmu,,,,32:16,32.266666666666666,4,7,0.571,0,1,0.0,0,0,0.0,0,3,3,3,1,0,3,3,8,-18.0,0022400253,Ayo Dosunmu,ayo dosunmu,,,2024-11-20,1,0.24793388429752067,0.0,0.09297520661157026,0.09297520661157026,0.030991735537190084,6.0,4.0,5.0,3.0,2.0,3.0,14.0,3.0,0.0,0,0.0,0,0.00132,-29.0,-21953.06585919758,-28.96172,0.030991735537190084,3.0,6.0,0.093672395
0022400253,1610612741,Chicago,Bulls,CHI,bulls,1641763,Julian,Phillips,J. Phillips,julian-phillips,,,,14:26,14.433333333333334,2,4,0.5,2,4,0.5,0,0,0.0,0,2,2,0,1,0,0,3,6,-11.0,0022400253,Julian Phillips,julian phillips,,,2024-11-20,1,0.4157043879907621,0.0,0.13856812933025403,0.0,0.06928406466512702,7.0,4.0,6.0,9.0,2.0,3.0,11.0,8.0,0.0,0,0.0,0,0.0011799999999999998,-46.2,-39119.39034716343,-46.145484,0.06928406466512702,3.0,4.0,0.08456286
0022400253,1610612741,Chicago,Bulls,CHI,bulls,1630188,Jalen,Smith,J. Smith,jalen-smith,,,,11:43,11.716666666666667,2,5,0.4,1,3,0.333,0,0,0.0,0,1,1,2,0,0,1,2,5,-12.0,0022400253,Jalen Smith,jalen smith,,,2024-11-20,0,0.4267425320056899,0.0,0.08534850640113797,0.17069701280227595,0.0,8.0,4.0,9.0,5.0,6.0,3.0,12.0,9.0,0.0,0,0.0,0,0.00222,-59.3,-26699.684826654655,-59.168353999999994,0.0,6.0,7.0,0.018657975
0022400253,1610612741,Chicago,Bulls,CHI,bulls,1631207,Dalen,Terry,D. Terry,dalen-terry,,,,16:01,16.016666666666666,4,5,0.8,2,2,1.0,0,0,0.0,0,1,1,1,1,0,0,2,10,-5.0,0022400253,Dalen Terry,dalen terry,,,2024-11-20,1,0.6243496357960459,0.0,0.06243496357960458,0.06243496357960458,0.06243496357960458,5.0,4.0,9.0,8.0,2.0,3.0,9.0,7.0,1.0,0,0.0,0,0.00132,-19.3,-14610.143830431492,-19.274524,0.06243496357960458,3.0,5.0,0.62512356
0022400253,1610612741,Chicago,Bulls,CHI,bulls,1641824,Matas,Buzelis,M. Buzelis,matas-buzelis,,,,5:42,5.7,0,1,0.0,0,1,0.0,2,2,1.0,0,2,2,0,0,0,0,1,2,-3.0,0022400253,Matas Buzelis,matas buzelis,,,2024-11-20,0,0.3508771929824561,0.0,0.3508771929824561,0.0,0.0,10.0,4.0,6.0,9.0,6.0,3.0,7.0,10.0,0.0,0,0.0,0,0.00167,-35.6,-21304.60801915021,-35.540548,0.0,6.0,7.0,0.0047643594
0022400253,1610612741,Chicago,Bulls,CHI,bulls,1628975,Jevon,Carter,J. Carter,jevon-carter,,,,1:36,1.6,0,2,0.0,0,1,0.0,0,0,0.0,0,0,0,0,0,0,0,0,0,0.0,0022400253,Jevon Carter,jevon carter,,,2024-11-20,0,0.0,0.0,0.0,0.0,0.0,11.0,4.0,12.0,9.0,6.0,3.0,1.0,11.0,0.0,0,0.0,0,0.006670000000000001,0.0,0.0,0.0,0.0,6.0,7.0,0.0049148486
0022400253,1610612741,Chicago,Bulls,CHI,bulls,1629659,Talen,Horton-Tucker,T. Horton-Tucker,talen-horton-tucker,,,,1:36,1.6,0,0,0.0,0,0,0.0,0,0,0.0,0,1,1,0,0,0,0,0,0,0.0,0022400253,Talen Horton-Tucker,talen horton-tucker,,,2024-11-20,0,0.0,0.0,0.625,0.0,0.0,11.0,4.0,9.0,9.0,6.0,3.0,1.0,11.0,,1,,1,0.0,0.0,0.0,0.0,0.0,6.0,7.0,0.012323715
0022400253,1610612741,Chicago,Bulls,CHI,bulls,1630537,Chris,Duarte,C. Duarte,chris-duarte,,,,1:36,1.6,0,0,0.0,0,0,0.0,0,0,0.0,0,0,0,0,0,0,0,0,0,0.0,0022400253,Chris Duarte,chris duarte,,,2024-11-20,0,0.0,0.0,0.0,0.0,0.0,11.0,4.0,12.0,9.0,6.0,3.0,1.0,11.0,,1,,1,0.0,0.0,0.0,0.0,0.0,6.0,7.0,0.006753531
0022400253,1610612741,Chicago,Bulls,CHI,bulls,1630604,E.J.,Liddell,E. Liddell,ej-liddell,,,,1:36,1.6,0,0,0.0,0,0,0.0,0,0,0.0,0,0,0,0,0,0,0,0,0,0.0,0022400253,E.J. Liddell,ej liddell,,,2024-11-20,0,0.0,0.0,0.0,0.0,0.0,11.0,4.0,12.0,9.0,6.0,3.0,1.0,11.0,,1,,1,0.0,0.0,0.0,0.0,0.0,6.0,7.0,0.006753531
0022400030,1610612741,Chicago,Bulls,CHI,bulls,203897,Zach,LaVine,Z. LaVine,zach-lavine,F,,,33:33,33.55,11,18,0.611,4,8,0.5,0,0,0.0,0,3,3,4,0,0,6,2,26,5.0,0022400030,Zach LaVine,zach lavine,,,2024-11-22,0,0.774962742175857,0.0,0.08941877794336811,0.11922503725782416,0.0,1.0,6.0,6.0,4.0,6.0,5.0,6.0,3.0,0.0,0,0.0,0,0.0028599999999999997,7.9,2761.272282418735,7.877406000000001,0.0,8.0,8.0,0.8120247
0022400030,1610612741,Chicago,Bulls,CHI,bulls,1630245,Ayo,Dosunmu,A. Dosunmu,ayo-dosunmu,F,,,38:24,38.4,8,10,0.8,2,3,0.667,2,2,1.0,1,2,3,8,2,0,2,3,20,1.0,0022400030,Ayo Dosunmu,ayo dosunmu,,,2024-11-22,2,0.5208333333333334,0.026041666666666668,0.078125,0.20833333333333334,0.078125,2.0,1.0,6.0,2.0,1.0,5.0,8.0,1.0,4.0,0,0.0,0,0.00135,3.8,2812.7313101406367,3.79487,0.052083333333333336,3.0,7.0,0.8398116
0022400030,1610612741,Chicago,Bulls,CHI,bulls,202696,Nikola,Vučević,N. Vučević,nikola-vučević,C,,,33:23,33.38333333333333,7,14,0.5,2,5,0.4,2,2,1.0,1,12,13,3,1,4,4,1,18,5.0,0022400030,Nikola Vučević,nikola vučević,,,2024-11-22,5,0.5391912131802297,0.029955067398901646,0.38941587618572143,0.08986520219670495,0.1797304043934099,4.0,1.0,1.0,6.0,4.0,1.0,6.0,4.0,3.0,0,0.0,0,0.00226,7.9,3494.029190623618,7.882146,0.14977533699450823,1.0,2.0,0.8004401
0022400030,1610612741,Chicago,Bulls,CHI,bulls,1629632,Coby,White,C. White,coby-white,G,,,37:21,37.35,6,16,0.375,3,12,0.25,5,6,0.833,1,5,6,9,2,0,0,1,20,18.0,0022400030,Coby White,coby white,,,2024-11-22,2,0.535475234270415,0.02677376171352075,0.1606425702811245,0.24096385542168675,0.08032128514056225,2.0,1.0,2.0,1.0,1.0,5.0,2.0,2.0,2.0,0,0.0,0,0.00198,23.7,11963.654719838465,23.653074,0.0535475234270415,3.0,6.0,0.5862015
0022400030,1610612741,Chicago,Bulls,CHI,bulls,1630581,Josh,Giddey,J. Giddey,josh-giddey,G,,,33:09,33.15,8,10,0.8,1,3,0.333,1,1,1.0,1,5,6,8,0,2,2,3,18,19.0,0022400030,Josh Giddey,josh giddey,,,2024-11-22,2,0.5429864253393666,0.030165912518853696,0.18099547511312217,0.24132730015082957,0.09049773755656108,4.0,1.0,2.0,2.0,6.0,2.0,1.0,5.0,1.0,0,0.0,0,0.00154,29.5,19143.413367942896,29.45457,0.06033182503770739,3.0,4.0,0.9040778
0022400030,1610612741,Chicago,Bulls,CHI,bulls,1641763,Julian,Phillips,J. Phillips,julian-phillips,,,,7:11,7.183333333333334,0,1,0.0,0,1,0.0,0,0,0.0,0,0,0,0,0,0,0,2,0,-3.0,0022400030,Julian Phillips,julian phillips,,,2024-11-22,0,0.0,0.0,0.0,0.0,0.0,9.0,6.0,9.0,7.0,6.0,5.0,9.0,9.0,0.0,0,0.0,0,0.0005899999999999999,-12.5,-21150.592216582067,-12.492625,0.0,8.0,8.0,0.0036207496
0022400030,1610612741,Chicago,Bulls,CHI,bulls,1630188,Jalen,Smith,J. Smith,jalen-smith,,,,14:37,14.616666666666667,4,5,0.8,4,5,0.8,1,2,0.5,1,4,5,0,0,2,0,0,13,9.0,0022400030,Jalen Smith,jalen smith,,,2024-11-22,2,0.8893956670467502,0.06841505131128849,0.3420752565564424,0.0,0.20524515393386544,6.0,1.0,4.0,7.0,6.0,2.0,3.0,8.0,0.0,0,0.0,0,0.00188,31.9,16959.06432748538,31.840028,0.13683010262257697,3.0,1.0,0.7813268
0022400030,1610612741,Chicago,Bulls,CHI,bulls,1631207,Dalen,Terry,D. Terry,dalen-terry,,,,22:23,22.383333333333333,2,4,0.5,2,2,1.0,6,6,1.0,0,1,1,4,2,0,2,1,12,9.0,0022400030,Dalen Terry,dalen terry,,,2024-11-22,2,0.5361131794489948,0.0,0.044676098287416234,0.17870439314966494,0.08935219657483247,7.0,6.0,8.0,4.0,1.0,5.0,3.0,6.0,8.0,0,0.0,0,0.0017299999999999998,18.4,10629.693818601965,18.368167999999997,0.08935219657483247,3.0,5.0,0.19463895
0022400030,1610612741,Chicago,Bulls,CHI,bulls,1641824,Matas,Buzelis,M. Buzelis,matas-buzelis,,,,19:59,19.983333333333334,3,8,0.375,1,4,0.25,2,2,1.0,0,4,4,0,1,2,3,4,9,7.0,0022400030,Matas Buzelis,matas buzelis,,,2024-11-22,3,0.45037531276063386,0.0,0.2001668056713928,0.0,0.1501251042535446,8.0,6.0,5.0,7.0,4.0,2.0,5.0,7.0,1.0,0,0.0,0,0.00261,19.5,7468.40291076216,19.449105,0.1501251042535446,2.0,3.0,0.12939
0022400266,1610612741,Chicago,Bulls,CHI,bulls,203897,Zach,LaVine,Z. LaVine,zach-lavine,F,,,34:10,34.166666666666664,10,19,0.526,3,6,0.5,6,6,1.0,0,3,3,0,2,0,1,0,29,-18.0,0022400266,Zach LaVine,zach lavine,,,2024-11-23,2,0.8487804878048781,0.0,0.0878048780487805,0.0,0.05853658536585366,1.0,7.0,5.0,9.0,1.0,8.0,12.0,1.0,1.0,0,0.0,0,0.00265,-22.3,-8411.92003017729,-22.240905,0.05853658536585366,1.0,9.0,0.85604775
0022400266,1610612741,Chicago,Bulls,CHI,bulls,1630245,Ayo,Dosunmu,A. Dosunmu,ayo-dosunmu,F,,,29:20,29.333333333333332,3,7,0.429,2,4,0.5,0,2,0.0,0,1,1,5,0,0,1,2,8,-25.0,0022400266,Ayo Dosunmu,ayo dosunmu,,,2024-11-23,0,0.27272727272727276,0.0,0.034090909090909095,0.17045454545454547,0.0,7.0,7.0,9.0,2.0,4.0,8.0,13.0,4.0,3.0,0,0.0,0,0.00123,-40.9,-33225.020308692125,-40.849693,0.0,10.0,11.0,0.033298828
0022400266,1610612741,Chicago,Bulls,CHI,bulls,202696,Nikola,Vučević,N. Vučević,nikola-vučević,C,,,28:02,28.033333333333335,9,14,0.643,2,4,0.5,6,6,1.0,4,4,8,3,1,0,5,3,26,-12.0,0022400266,Nikola Vučević,nikola vučević,,,2024-11-23,1,0.9274673008323424,0.1426872770511296,0.2853745541022592,0.1070154577883472,0.178359096313912,2.0,1.0,1.0,5.0,2.0,8.0,10.0,5.0,2.0,0,0.0,0,0.00296,-19.4,-6551.840594393785,-19.342575999999998,0.0356718192627824,4.0,3.0,0.8612918
0022400266,1610612741,Chicago,Bulls,CHI,bulls,1629632,Coby,White,C. White,coby-white,G,,,29:54,29.9,4,11,0.364,2,4,0.5,1,2,0.5,2,2,4,5,1,1,1,3,11,-5.0,0022400266,Coby White,coby white,,,2024-11-23,2,0.3678929765886288,0.06688963210702341,0.13377926421404682,0.16722408026755853,0.13377926421404682,5.0,2.0,4.0,2.0,2.0,2.0,7.0,2.0,2.0,0,0.0,0,0.0017299999999999998,-5.6,-3235.124205661468,-5.590312,0.06688963210702341,1.0,5.0,0.5811239
0022400266,1610612741,Chicago,Bulls,CHI,bulls,1630581,Josh,Giddey,J. Giddey,josh-giddey,G,,,21:02,21.033333333333335,5,10,0.5,2,4,0.5,0,0,0.0,1,6,7,8,0,2,0,1,12,-4.0,0022400266,Josh Giddey,josh giddey,,,2024-11-23,2,0.5705229793977813,0.04754358161648177,0.3328050713153724,0.38034865293185416,0.14263074484944532,4.0,3.0,2.0,1.0,4.0,1.0,6.0,6.0,2.0,0,0.0,0,0.00185,-11.7,-6320.907617504052,-11.678355,0.09508716323296354,1.0,4.0,0.7592954
0022400266,1610612741,Chicago,Bulls,CHI,bulls,1631207,Dalen,Terry,D. Terry,dalen-terry,,,,12:48,12.8,1,5,0.2,0,3,0.0,0,0,0.0,0,0,0,0,0,1,0,0,2,-8.0,0022400266,Dalen Terry,dalen terry,,,2024-11-23,1,0.15625,0.0,0.0,0.0,0.078125,12.0,7.0,10.0,9.0,4.0,2.0,8.0,9.0,4.0,0,0.0,0,0.00156,-30.8,-19730.941704035875,-30.751952,0.078125,4.0,7.0,0.0044411947
0022400266,1610612741,Chicago,Bulls,CHI,bulls,1641824,Matas,Buzelis,M. Buzelis,matas-buzelis,,,,29:24,29.4,6,13,0.462,2,5,0.4,0,1,0.0,1,2,3,1,0,1,1,2,14,10.0,0022400266,Matas Buzelis,matas buzelis,,,2024-11-23,1,0.4761904761904762,0.034013605442176874,0.10204081632653061,0.034013605442176874,0.06802721088435375,3.0,3.0,5.0,6.0,4.0,2.0,1.0,3.0,0.0,0,0.0,0,0.00192,11.5,5986.465382613223,11.47792,0.034013605442176874,4.0,8.0,0.620675
0022400266,1610612741,Chicago,Bulls,CHI,bulls,1629659,Talen,Horton-Tucker,T. Horton-Tucker,talen-horton-tucker,,,,17:49,17.816666666666666,4,7,0.571,1,3,0.333,1,2,0.5,0,2,2,5,0,1,1,0,10,3.0,0022400266,Talen Horton-Tucker,talen horton-tucker,,,2024-11-23,1,0.5612722170252572,0.0,0.11225444340505145,0.2806361085126286,0.05612722170252572,6.0,7.0,7.0,2.0,4.0,2.0,5.0,7.0,1.0,0,0.0,0,0.00209,7.9,3778.096604495457,7.883489,0.05612722170252572,4.0,10.0,0.55365896
0022400266,1610612741,Chicago,Bulls,CHI,bulls,1630188,Jalen,Smith,J. Smith,jalen-smith,,,,15:22,15.366666666666667,3,5,0.6,1,3,0.333,0,0,0.0,1,4,5,0,0,1,0,0,7,-8.0,0022400266,Jalen Smith,jalen smith,,,2024-11-23,1,0.455531453362256,0.0650759219088937,0.32537960954446854,0.0,0.1301518438177874,8.0,3.0,3.0,9.0,4.0,2.0,8.0,8.0,0.0,0,0.0,0,0.00135,-22.9,-16950.40710584752,-22.869085,0.0650759219088937,4.0,6.0,0.11341597
0022400266,1610612741,Chicago,Bulls,CHI,bulls,1628470,Torrey,Craig,T. Craig,torrey-craig,,,,8:21,8.35,0,0,0.0,0,0,0.0,0,0,0.0,0,0,0,0,0,0,0,3,0,-15.0,0022400266,Torrey Craig,torrey craig,,,2024-11-23,0,0.0,0.0,0.0,0.0,0.0,13.0,7.0,10.0,9.0,4.0,8.0,11.0,10.0,1.0,0,0.0,0,0.0,-83.3,-83300000.0,-83.3,0.0,10.0,11.0,0.003032171
0022400266,1610612741,Chicago,Bulls,CHI,bulls,1630537,Chris,Duarte,C. Duarte,chris-duarte,,,,4:36,4.6,1,1,1.0,1,1,1.0,0,0,0.0,1,1,2,0,0,0,0,0,3,9.0,0022400266,Chris Duarte,chris duarte,,,2024-11-23,0,0.6521739130434783,0.2173913043478261,0.4347826086956522,0.0,0.2173913043478261,10.0,3.0,7.0,9.0,4.0,8.0,2.0,11.0,0.0,0,0.0,0,0.00091,100.0,109769.4840834248,99.909,0.0,10.0,1.0,0.01928728
0022400266,1610612741,Chicago,Bulls,CHI,bulls,1630604,E.J.,Liddell,E. Liddell,ej-liddell,,,,4:36,4.6,2,3,0.667,2,3,0.667,0,0,0.0,0,0,0,1,0,1,0,0,6,9.0,0022400266,E.J. Liddell,ej liddell,,,2024-11-23,1,1.3043478260869565,0.0,0.0,0.2173913043478261,0.2173913043478261,9.0,7.0,10.0,6.0,4.0,2.0,2.0,11.0,0.0,0,0.0,0,0.0027300000000000002,100.0,36616.623947272055,99.727,0.2173913043478261,4.0,1.0,0.1484498
0022400266,1610612741,Chicago,Bulls,CHI,bulls,1628975,Jevon,Carter,J. Carter,jevon-carter,,,,4:36,4.6,1,2,0.5,1,2,0.5,0,0,0.0,0,0,0,1,0,0,1,0,3,9.0,0022400266,Jevon Carter,jevon carter,,,2024-11-23,0,0.6521739130434783,0.0,0.0,0.2173913043478261,0.0,10.0,7.0,10.0,6.0,4.0,8.0,2.0,11.0,,1,,1,0.0027300000000000002,100.0,36616.623947272055,99.727,0.0,10.0,11.0,0.012638515
0022400035,1610612741,Chicago,Bulls,CHI,bulls,203897,Zach,LaVine,Z. LaVine,zach-lavine,F,,,30:37,30.616666666666667,6,14,0.429,4,8,0.5,2,2,1.0,0,1,1,4,0,0,1,1,18,25.0,0022400035,Zach LaVine,zach lavine,,,2024-11-26,0,0.587915078933043,0.0,0.0326619488296135,0.130647795318454,0.0,3.0,6.0,9.0,2.0,6.0,5.0,1.0,2.0,0.0,0,0.0,0,0.00222,39.9,17964.880684376403,39.811422,0.0,7.0,10.0,0.665689
0022400035,1610612741,Chicago,Bulls,CHI,bulls,1630245,Ayo,Dosunmu,A. Dosunmu,ayo-dosunmu,F,,,30:18,30.3,4,10,0.4,1,4,0.25,3,4,0.75,0,3,3,3,2,1,2,1,12,22.0,0022400035,Ayo Dosunmu,ayo dosunmu,,,2024-11-26,3,0.396039603960396,0.0,0.099009900990099,0.099009900990099,0.099009900990099,5.0,6.0,7.0,4.0,1.0,1.0,3.0,3.0,7.0,0,0.0,0,0.00194,39.5,20350.33487892839,39.42337,0.099009900990099,1.0,5.0,0.45613697
0022400035,1610612741,Chicago,Bulls,CHI,bulls,202696,Nikola,Vučević,N. Vučević,nikola-vučević,C,,,28:32,28.533333333333335,9,14,0.643,1,3,0.333,0,0,0.0,1,11,12,4,0,0,1,3,19,23.0,0022400035,Nikola Vučević,nikola vučević,,,2024-11-26,0,0.6658878504672897,0.035046728971962614,0.4205607476635514,0.14018691588785046,0.035046728971962614,2.0,3.0,1.0,2.0,6.0,5.0,2.0,4.0,0.0,0,0.0,0,0.0022400000000000002,37.9,16912.09281570727,37.815104,0.0,7.0,8.0,0.8891874
0022400035,1610612741,Chicago,Bulls,CHI,bulls,1629632,Coby,White,C. White,coby-white,G,,,31:06,31.1,7,13,0.538,5,9,0.556,2,2,1.0,0,8,8,2,1,0,0,2,21,15.0,0022400035,Coby White,coby white,,,2024-11-26,1,0.67524115755627,0.0,0.2572347266881029,0.06430868167202572,0.03215434083601286,1.0,6.0,3.0,5.0,2.0,5.0,5.0,1.0,2.0,0,0.0,0,0.00197,26.3,13343.480466768138,26.248189,0.03215434083601286,4.0,9.0,0.85126406
0022400035,1610612741,Chicago,Bulls,CHI,bulls,1630581,Josh,Giddey,J. Giddey,josh-giddey,G,,,25:40,25.666666666666668,2,6,0.333,0,1,0.0,7,8,0.875,0,4,4,8,1,0,3,2,11,14.0,0022400035,Josh Giddey,josh giddey,,,2024-11-26,1,0.42857142857142855,0.0,0.15584415584415584,0.3116883116883117,0.03896103896103896,7.0,6.0,5.0,1.0,2.0,5.0,6.0,5.0,1.0,0,0.0,0,0.00203,24.8,12210.733628754308,24.749656,0.03896103896103896,4.0,7.0,0.13568893
0022400035,1610612741,Chicago,Bulls,CHI,bulls,1631207,Dalen,Terry,D. Terry,dalen-terry,,,,16:03,16.05,1,3,0.333,0,1,0.0,0,0,0.0,0,0,0,2,0,0,1,2,2,-24.0,0022400035,Dalen Terry,dalen terry,,,2024-11-26,0,0.12461059190031153,0.0,0.0,0.12461059190031153,0.0,10.0,6.0,12.0,5.0,6.0,5.0,13.0,9.0,,1,,1,0.00091,-61.9,-67947.31064763996,-61.843671,0.0,7.0,10.0,0.0067169163
0022400035,1610612741,Chicago,Bulls,CHI,bulls,1641824,Matas,Buzelis,M. Buzelis,matas-buzelis,,,,17:17,17.283333333333335,4,7,0.571,1,4,0.25,0,0,0.0,1,3,4,0,1,1,0,3,9,0.0,0022400035,Matas Buzelis,matas buzelis,,,2024-11-26,2,0.5207328833172613,0.057859209257473475,0.2314368370298939,0.0,0.17357762777242042,8.0,3.0,5.0,11.0,2.0,1.0,9.0,8.0,1.0,0,0.0,0,0.00156,-2.8,-1793.7219730941704,-2.795632,0.11571841851494695,2.0,3.0,0.5416184
0022400035,1610612741,Chicago,Bulls,CHI,bulls,1630188,Jalen,Smith,J. Smith,jalen-smith,,,,17:33,17.55,5,11,0.455,0,4,0.0,2,3,0.667,3,6,9,2,0,1,1,2,12,1.0,0022400035,Jalen Smith,jalen smith,,,2024-11-26,1,0.6837606837606838,0.17094017094017094,0.5128205128205128,0.11396011396011396,0.22792022792022792,5.0,1.0,2.0,5.0,6.0,1.0,8.0,7.0,0.0,0,0.0,0,0.0031,7.7,2483.069977426637,7.676130000000001,0.05698005698005698,4.0,2.0,0.67128617
0022400035,1610612741,Chicago,Bulls,CHI,bulls,1629659,Talen,Horton-Tucker,T. Horton-Tucker,talen-horton-tucker,,,,15:32,15.533333333333333,5,6,0.833,1,1,1.0,2,2,1.0,0,1,1,2,1,1,0,0,13,12.0,0022400035,Talen Horton-Tucker,talen horton-tucker,,,2024-11-26,2,0.8369098712446352,0.0,0.06437768240343347,0.12875536480686695,0.12875536480686695,4.0,6.0,9.0,5.0,2.0,1.0,7.0,10.0,2.0,0,0.0,0,0.00194,41.0,21123.1324059763,40.92046,0.12875536480686695,2.0,4.0,0.67352515
0022400035,1610612741,Chicago,Bulls,CHI,bulls,1641763,Julian,Phillips,J. Phillips,julian-phillips,,,,21:36,21.6,3,6,0.5,1,3,0.333,1,1,1.0,2,3,5,1,0,0,0,3,8,22.0,0022400035,Julian Phillips,julian phillips,,,2024-11-26,0,0.37037037037037035,0.09259259259259259,0.23148148148148145,0.046296296296296294,0.09259259259259259,9.0,2.0,4.0,9.0,6.0,5.0,3.0,6.0,1.0,0,0.0,0,0.00115,45.8,39791.48566463945,45.74733,0.0,7.0,6.0,0.20170252
0022400035,1610612741,Chicago,Bulls,CHI,bulls,1630537,Chris,Duarte,C. Duarte,chris-duarte,,,,1:55,1.9166666666666665,0,2,0.0,0,1,0.0,0,0,0.0,1,1,2,1,0,0,0,0,0,-5.0,0022400035,Chris Duarte,chris duarte,,,2024-11-26,0,0.0,0.5217391304347826,1.0434782608695652,0.5217391304347826,0.5217391304347826,12.0,3.0,8.0,9.0,6.0,5.0,10.0,11.0,0.0,0,0.0,0,0.0028599999999999997,-113.3,-39601.53792380287,-112.975962,0.0,7.0,1.0,0.008873058
0022400035,1610612741,Chicago,Bulls,CHI,bulls,1630604,E.J.,Liddell,E. Liddell,ej-liddell,,,,1:55,1.9166666666666665,1,2,0.5,0,1,0.0,0,0,0.0,0,0,0,0,0,0,0,3,2,-5.0,0022400035,E.J. Liddell,ej liddell,,,2024-11-26,0,1.0434782608695652,0.0,0.0,0.0,0.0,10.0,6.0,12.0,11.0,6.0,5.0,10.0,11.0,0.0,0,0.0,0,0.0028599999999999997,-113.3,-39601.53792380287,-112.975962,0.0,7.0,10.0,0.016526379
0022400035,1610612741,Chicago,Bulls,CHI,bulls,1628975,Jevon,Carter,J. Carter,jevon-carter,,,,1:55,1.9166666666666665,0,0,0.0,0,0,0.0,0,0,0.0,0,1,1,0,0,0,1,0,0,-5.0,0022400035,Jevon Carter,jevon carter,,,2024-11-26,0,0.0,0.0,0.5217391304347826,0.0,0.0,12.0,6.0,9.0,11.0,6.0,5.0,10.0,11.0,0.0,0,0.0,0,0.0014299999999999998,-113.3,-79175.40181691127,-113.137981,0.0,7.0,10.0,0.00396135
0022400289,1610612741,Chicago,Bulls,CHI,bulls,203897,Zach,LaVine,Z. LaVine,zach-lavine,F,,,31:03,31.05,3,9,0.333,1,5,0.2,1,2,0.5,1,4,5,10,1,0,2,3,8,-20.0,0022400289,Zach LaVine,zach lavine,,,2024-11-27,1,0.2576489533011272,0.0322061191626409,0.1610305958132045,0.322061191626409,0.0644122383252818,6.0,2.0,2.0,1.0,2.0,5.0,11.0,1.0,1.0,0,0.0,0,0.00167,-29.0,-17354.877318970677,-28.95157,0.0322061191626409,4.0,6.0,0.1375475
0022400289,1610612741,Chicago,Bulls,CHI,bulls,1630245,Ayo,Dosunmu,A. Dosunmu,ayo-dosunmu,F,,,30:41,30.683333333333334,10,12,0.833,1,3,0.333,0,2,0.0,1,3,4,2,1,0,0,1,21,-19.0,0022400289,Ayo Dosunmu,ayo dosunmu,,,2024-11-27,1,0.6844106463878327,0.03259098316132537,0.13036393264530147,0.06518196632265073,0.06518196632265073,1.0,2.0,3.0,5.0,2.0,5.0,9.0,2.0,0.0,0,0.0,0,0.00181,-30.0,-16565.433462175595,-29.945700000000002,0.03259098316132537,4.0,5.0,0.82230943
0022400289,1610612741,Chicago,Bulls,CHI,bulls,202696,Nikola,Vučević,N. Vučević,nikola-vučević,C,,,30:08,30.133333333333333,8,20,0.4,2,6,0.333,1,2,0.5,1,10,11,4,0,0,2,2,19,-19.0,0022400289,Nikola Vučević,nikola vučević,,,2024-11-27,0,0.6305309734513275,0.033185840707964605,0.36504424778761063,0.13274336283185842,0.033185840707964605,3.0,2.0,1.0,3.0,7.0,5.0,9.0,3.0,1.0,0,0.0,0,0.00306,-32.8,-10715.45246651421,-32.699632,0.0,8.0,8.0,0.45957482
0022400289,1610612741,Chicago,Bulls,CHI,bulls,1629632,Coby,White,C. White,coby-white,G,,,25:59,25.983333333333334,3,10,0.3,2,7,0.286,1,1,1.0,0,2,2,2,0,0,5,2,9,-29.0,0022400289,Coby White,coby white,,,2024-11-27,0,0.3463758819756254,0.0,0.07697241821680564,0.07697241821680564,0.0,5.0,7.0,6.0,5.0,7.0,5.0,13.0,4.0,,1,,1,0.0023799999999999997,-52.4,-22007.559848803023,-52.275287999999996,0.0,8.0,9.0,0.03671923
0022400289,1610612741,Chicago,Bulls,CHI,bulls,1630581,Josh,Giddey,J. Giddey,josh-giddey,G,,,23:19,23.316666666666666,5,6,0.833,2,3,0.667,1,1,1.0,1,1,2,5,1,2,3,3,13,-21.0,0022400289,Josh Giddey,josh giddey,,,2024-11-27,3,0.557541100786276,0.04288777698355969,0.08577555396711938,0.21443888491779842,0.17155110793423875,4.0,2.0,6.0,2.0,2.0,1.0,12.0,6.0,3.0,0,0.0,0,0.00161,-39.2,-24332.71260086903,-39.136888000000006,0.12866333095067906,2.0,3.0,0.65769905
0022400289,1610612741,Chicago,Bulls,CHI,bulls,1628366,Lonzo,Ball,L. Ball,lonzo-ball,,,,14:43,14.716666666666667,2,3,0.667,2,3,0.667,0,0,0.0,0,1,1,3,4,2,2,0,6,7.0,0022400289,Lonzo Ball,lonzo ball,,,2024-11-27,6,0.40770101925254815,0.0,0.06795016987542468,0.20385050962627407,0.40770101925254815,8.0,7.0,10.0,4.0,1.0,1.0,4.0,9.0,4.0,0,0.0,0,0.0015199999999999999,18.9,12426.03550295858,18.871271999999998,0.40770101925254815,1.0,1.0,0.3234552
0022400289,1610612741,Chicago,Bulls,CHI,bulls,1641824,Matas,Buzelis,M. Buzelis,matas-buzelis,,,,25:16,25.266666666666666,2,7,0.286,1,5,0.2,2,2,1.0,0,2,2,0,0,1,2,6,7,-6.0,0022400289,Matas Buzelis,matas buzelis,,,2024-11-27,1,0.2770448548812665,0.0,0.079155672823219,0.0,0.0395778364116095,7.0,7.0,6.0,10.0,7.0,3.0,8.0,5.0,1.0,0,0.0,0,0.00164,-8.5,-5179.76843388178,-8.48606,0.0395778364116095,4.0,7.0,0.045464423
0022400289,1610612741,Chicago,Bulls,CHI,bulls,1630604,E.J.,Liddell,E. Liddell,ej-liddell,,,,17:12,17.2,2,3,0.667,1,2,0.5,0,0,0.0,1,3,4,2,1,0,1,5,5,5.0,0022400289,E.J. Liddell,ej liddell,,,2024-11-27,1,0.29069767441860467,0.05813953488372093,0.23255813953488372,0.11627906976744186,0.11627906976744186,9.0,2.0,3.0,5.0,2.0,5.0,6.0,8.0,1.0,0,0.0,0,0.0009299999999999999,9.4,10096.670247046188,9.391258,0.05813953488372093,4.0,4.0,0.0707957
0022400289,1610612741,Chicago,Bulls,CHI,bulls,1631207,Dalen,Terry,D. Terry,dalen-terry,,,,1:42,1.7,0,0,0.0,0,0,0.0,0,0,0.0,0,0,0,0,0,0,0,0,0,-3.0,0022400289,Dalen Terry,dalen terry,,,2024-11-27,0,0.0,0.0,0.0,0.0,0.0,13.0,7.0,12.0,10.0,7.0,5.0,7.0,13.0,1.0,0,0.0,0,0.0,-75.0,-75000000.0,-75.0,0.0,8.0,9.0,0.0035731683
0022400289,1610612741,Chicago,Bulls,CHI,bulls,1641763,Julian,Phillips,J. Phillips,julian-phillips,,,,17:20,17.333333333333332,1,4,0.25,0,2,0.0,2,2,1.0,2,1,3,0,1,1,0,1,4,12.0,0022400289,Julian Phillips,julian phillips,,,2024-11-27,2,0.23076923076923078,0.11538461538461539,0.1730769230769231,0.0,0.23076923076923078,11.0,1.0,5.0,10.0,2.0,3.0,1.0,7.0,1.0,0,0.0,0,0.00114,34.3,30061.349693251534,34.260898,0.11538461538461539,3.0,2.0,0.14046578
0022400289,1610612741,Chicago,Bulls,CHI,bulls,1629659,Talen,Horton-Tucker,T. Horton-Tucker,talen-horton-tucker,,,,13:47,13.783333333333333,7,8,0.875,3,4,0.75,3,4,0.75,0,1,1,1,0,0,1,2,20,7.0,0022400289,Talen Horton-Tucker,talen horton-tucker,,,2024-11-27,0,1.4510278113663846,0.0,0.07255139056831923,0.07255139056831923,0.0,2.0,7.0,10.0,8.0,7.0,5.0,4.0,10.0,0.0,0,0.0,0,0.0032400000000000003,23.3,7189.139154581919,23.224508,0.0,8.0,9.0,0.82220286
0022400289,1610612741,Chicago,Bulls,CHI,bulls,1628975,Jevon,Carter,J. Carter,jevon-carter,,,,4:25,4.416666666666667,1,2,0.5,0,1,0.0,0,0,0.0,0,0,0,1,0,0,0,0,2,8.0,0022400289,Jevon Carter,jevon carter,,,2024-11-27,0,0.45283018867924524,0.0,0.0,0.22641509433962262,0.0,12.0,7.0,12.0,8.0,7.0,5.0,2.0,11.0,0.0,0,0.0,0,0.00182,62.7,34431.630971993414,62.585886,0.0,8.0,9.0,0.008748932
0022400289,1610612741,Chicago,Bulls,CHI,bulls,1630537,Chris,Duarte,C. Duarte,chris-duarte,,,,4:25,4.416666666666667,2,3,0.667,1,1,1.0,0,0,0.0,0,2,2,0,0,0,0,1,5,8.0,0022400289,Chris Duarte,chris duarte,,,2024-11-27,0,1.1320754716981132,0.0,0.45283018867924524,0.0,0.0,9.0,7.0,6.0,10.0,7.0,5.0,2.0,11.0,0.0,0,0.0,0,0.0027300000000000002,62.7,22958.62321493958,62.528829,0.0,8.0,9.0,0.12504977
0022400047,1610612741,Chicago,Bulls,CHI,bulls,203897,Zach,LaVine,Z. LaVine,zach-lavine,F,,,35:18,35.3,11,22,0.5,4,11,0.364,3,3,1.0,0,1,1,1,0,0,0,4,29,-19.0,0022400047,Zach LaVine,zach lavine,,,2024-11-29,0,0.821529745042493,0.0,0.028328611898017,0.028328611898017,0.0,2.0,6.0,8.0,6.0,5.0,3.0,11.0,1.0,1.0,0,0.0,0,0.0028399999999999996,-24.1,-8482.92854628652,-24.031556000000002,0.0,6.0,9.0,0.80373126
0022400047,1610612741,Chicago,Bulls,CHI,bulls,1630245,Ayo,Dosunmu,A. Dosunmu,ayo-dosunmu,F,,,32:00,32.0,5,11,0.455,1,4,0.25,2,2,1.0,0,1,1,5,1,0,1,4,13,-15.0,0022400047,Ayo Dosunmu,ayo dosunmu,,,2024-11-29,1,0.40625,0.0,0.03125,0.15625,0.03125,4.0,6.0,8.0,2.0,3.0,3.0,9.0,4.0,1.0,0,0.0,0,0.0017599999999999998,-20.8,-11811.4707552527,-20.763392,0.03125,4.0,6.0,0.45470476
0022400047,1610612741,Chicago,Bulls,CHI,bulls,202696,Nikola,Vučević,N. Vučević,nikola-vučević,C,,,34:05,34.083333333333336,11,16,0.688,6,9,0.667,4,6,0.667,0,11,11,3,0,1,0,3,32,-19.0,0022400047,Nikola Vučević,nikola vučević,,,2024-11-29,1,0.9388753056234718,0.0,0.32273838630806845,0.08801955990220048,0.029339853300733493,1.0,6.0,1.0,5.0,5.0,1.0,11.0,2.0,1.0,0,0.0,0,0.00241,-24.7,-10244.711737868105,-24.640473,0.029339853300733493,4.0,8.0,0.9041581
0022400047,1610612741,Chicago,Bulls,CHI,bulls,1629632,Coby,White,C. White,coby-white,G,,,32:35,32.583333333333336,3,11,0.273,1,7,0.143,4,5,0.8,1,5,6,4,0,0,2,0,11,7.0,0022400047,Coby White,coby white,,,2024-11-29,0,0.3375959079283887,0.030690537084398974,0.18414322250639384,0.1227621483375959,0.030690537084398974,5.0,1.0,4.0,4.0,5.0,3.0,4.0,3.0,0.0,0,0.0,0,0.002,13.0,6496.751624187906,12.974,0.0,6.0,7.0,0.10339936
0022400047,1610612741,Chicago,Bulls,CHI,bulls,1630581,Josh,Giddey,J. Giddey,josh-giddey,G,,,24:21,24.35,2,6,0.333,0,2,0.0,0,0,0.0,1,7,8,9,3,0,3,0,4,14.0,0022400047,Josh Giddey,josh giddey,,,2024-11-29,3,0.16427104722792607,0.04106776180698152,0.32854209445585214,0.36960985626283366,0.16427104722792607,8.0,1.0,2.0,1.0,1.0,3.0,1.0,5.0,2.0,0,0.0,0,0.00164,28.8,17550.274223034736,28.752768,0.12320328542094455,1.0,1.0,0.22260359
0022400047,1610612741,Chicago,Bulls,CHI,bulls,1628366,Lonzo,Ball,L. Ball,lonzo-ball,,,,21:40,21.666666666666668,1,4,0.25,0,3,0.0,0,0,0.0,1,2,3,5,2,0,0,1,2,-16.0,0022400047,Lonzo Ball,lonzo ball,,,2024-11-29,2,0.0923076923076923,0.04615384615384615,0.13846153846153844,0.23076923076923075,0.13846153846153844,9.0,1.0,5.0,2.0,2.0,3.0,10.0,6.0,2.0,0,0.0,0,0.0008,-30.1,-37578.02746566792,-30.07592,0.0923076923076923,2.0,3.0,0.022061896
0022400047,1610612741,Chicago,Bulls,CHI,bulls,1641824,Matas,Buzelis,M. Buzelis,matas-buzelis,,,,4:57,4.95,1,2,0.5,0,1,0.0,0,0,0.0,0,2,2,0,0,0,0,0,2,-7.0,0022400047,Matas Buzelis,matas buzelis,,,2024-11-29,0,0.40404040404040403,0.0,0.40404040404040403,0.0,0.0,9.0,6.0,7.0,8.0,5.0,3.0,7.0,12.0,1.0,0,0.0,0,0.00167,-63.6,-38061.041292639144,-63.493788,0.0,6.0,9.0,0.006002813
0022400047,1610612741,Chicago,Bulls,CHI,bulls,1631207,Dalen,Terry,D. Terry,dalen-terry,,,,7:59,7.983333333333333,1,1,1.0,0,0,0.0,0,0,0.0,1,0,1,0,0,0,0,1,2,11.0,0022400047,Dalen Terry,dalen terry,,,2024-11-29,0,0.25052192066805845,0.12526096033402923,0.12526096033402923,0.0,0.12526096033402923,9.0,1.0,8.0,8.0,5.0,3.0,2.0,10.0,2.0,0,0.0,0,0.0005,69.0,137724.5508982036,68.9655,0.0,6.0,4.0,0.10802835
0022400047,1610612741,Chicago,Bulls,CHI,bulls,1630188,Jalen,Smith,J. Smith,jalen-smith,,,,13:55,13.916666666666666,1,4,0.25,0,3,0.0,0,0,0.0,0,7,7,1,1,1,0,0,2,10.0,0022400047,Jalen Smith,jalen smith,,,2024-11-29,2,0.1437125748502994,0.0,0.5029940119760479,0.0718562874251497,0.1437125748502994,9.0,6.0,3.0,6.0,3.0,1.0,3.0,7.0,0.0,0,0.0,0,0.0012900000000000001,42.4,32842.757552285046,42.345304,0.1437125748502994,2.0,2.0,0.056790862
0022400047,1610612741,Chicago,Bulls,CHI,bulls,1628470,Torrey,Craig,T. Craig,torrey-craig,,,,12:58,12.966666666666667,4,6,0.667,3,5,0.6,0,0,0.0,1,2,3,0,0,0,0,3,11,-4.0,0022400047,Torrey Craig,torrey craig,,,2024-11-29,0,0.8483290488431876,0.07712082262210797,0.23136246786632392,0.0,0.07712082262210797,5.0,1.0,5.0,8.0,5.0,3.0,6.0,9.0,0.0,0,0.0,0,0.00214,-2.3,-1074.2643624474542,-2.2950779999999997,0.0,6.0,5.0,0.6893449
0022400047,1610612741,Chicago,Bulls,CHI,bulls,1629659,Talen,Horton-Tucker,T. Horton-Tucker,talen-horton-tucker,,,,13:37,13.616666666666667,6,7,0.857,4,4,1.0,0,0,0.0,0,0,0,0,0,0,1,1,16,0.0,0022400047,Talen Horton-Tucker,talen horton-tucker,,,2024-11-29,0,1.175030599755202,0.0,0.0,0.0,0.0,3.0,6.0,11.0,8.0,5.0,3.0,5.0,8.0,1.0,0,0.0,0,0.0027600000000000003,8.2,2969.9384281057582,8.177368,0.0,6.0,9.0,0.83281356
0022400047,1610612741,Chicago,Bulls,CHI,bulls,1641763,Julian,Phillips,J. Phillips,julian-phillips,,,,6:35,6.583333333333333,2,3,0.667,1,2,0.5,0,0,0.0,0,0,0,0,0,0,1,0,5,-7.0,0022400047,Julian Phillips,julian phillips,,,2024-11-29,0,0.759493670886076,0.0,0.0,0.0,0.0,7.0,6.0,11.0,8.0,5.0,3.0,7.0,11.0,0.0,0,0.0,0,0.00308,-41.2,-13372.281726712108,-41.073104,0.0,6.0,9.0,0.022570826
0022400317,1610612741,Chicago,Bulls,CHI,bulls,203897,Zach,LaVine,Z. LaVine,zach-lavine,F,,,25:59,25.983333333333334,7,13,0.538,3,7,0.429,1,1,1.0,0,0,0,4,1,0,0,0,18,25.0,0022400317,Zach LaVine,zach lavine,,,2024-12-02,1,0.6927517639512508,0.0,0.0,0.1539448364336113,0.03848620910840282,4.0,9.0,13.0,3.0,1.0,5.0,2.0,5.0,1.0,0,0.0,0,0.0023599999999999997,51.7,21897.50105887336,51.577988000000005,0.03848620910840282,5.0,10.0,0.7395321
0022400317,1610612741,Chicago,Bulls,CHI,bulls,1641763,Julian,Phillips,J. Phillips,julian-phillips,F,,,26:12,26.2,2,7,0.286,0,4,0.0,1,2,0.5,2,3,5,2,1,1,0,1,5,9.0,0022400317,Julian Phillips,julian phillips,,,2024-12-02,2,0.19083969465648856,0.07633587786259542,0.19083969465648856,0.07633587786259542,0.15267175572519084,8.0,1.0,3.0,5.0,1.0,2.0,5.0,4.0,1.0,0,0.0,0,0.00131,18.1,13806.254767353168,18.076289,0.07633587786259542,1.0,3.0,0.07226322
0022400317,1610612741,Chicago,Bulls,CHI,bulls,202696,Nikola,Vučević,N. Vučević,nikola-vučević,C,,,28:09,28.15,8,11,0.727,3,5,0.6,2,2,1.0,2,8,10,3,1,0,2,2,21,29.0,0022400317,Nikola Vučević,nikola vučević,,,2024-12-02,1,0.7460035523978686,0.07104795737122559,0.3552397868561279,0.10657193605683837,0.10657193605683837,1.0,1.0,2.0,4.0,1.0,5.0,1.0,3.0,4.0,0,0.0,0,0.00226,53.3,23573.639982308712,53.179542,0.03552397868561279,5.0,6.0,0.8581187
0022400317,1610612741,Chicago,Bulls,CHI,bulls,1630245,Ayo,Dosunmu,A. Dosunmu,ayo-dosunmu,G,,,29:41,29.683333333333334,7,13,0.538,1,5,0.2,1,1,1.0,1,1,2,6,1,1,1,1,16,24.0,0022400317,Ayo Dosunmu,ayo dosunmu,,,2024-12-02,2,0.5390230207748455,0.033688938798427846,0.06737787759685569,0.2021336327905671,0.10106681639528355,5.0,4.0,9.0,2.0,1.0,2.0,3.0,2.0,0.0,0,0.0,0,0.00203,37.9,18660.75824716888,37.823063,0.06737787759685569,1.0,7.0,0.67260176
0022400317,1610612741,Chicago,Bulls,CHI,bulls,1630581,Josh,Giddey,J. Giddey,josh-giddey,G,,,31:54,31.9,9,17,0.529,1,8,0.125,1,3,0.333,1,12,13,11,1,1,5,2,20,7.0,0022400317,Josh Giddey,josh giddey,,,2024-12-02,2,0.6269592476489029,0.031347962382445145,0.40752351097178685,0.3448275862068966,0.09404388714733543,2.0,4.0,1.0,1.0,1.0,2.0,7.0,1.0,2.0,0,0.0,0,0.0028799999999999997,11.3,3922.2492190211738,11.267456000000001,0.06269592476489029,1.0,8.0,0.7523475
0022400317,1610612741,Chicago,Bulls,CHI,bulls,1631207,Dalen,Terry,D. Terry,dalen-terry,,,,17:31,17.516666666666666,1,1,1.0,0,0,0.0,0,0,0.0,0,1,1,1,0,0,1,4,2,5.0,0022400317,Dalen Terry,dalen terry,,,2024-12-02,0,0.11417697431018078,0.0,0.05708848715509039,0.05708848715509039,0.0,10.0,9.0,10.0,8.0,9.0,5.0,9.0,7.0,1.0,0,0.0,0,0.00049,20.5,41751.52749490835,20.489955000000002,0.0,10.0,11.0,0.010138586
0022400317,1610612741,Chicago,Bulls,CHI,bulls,1641824,Matas,Buzelis,M. Buzelis,matas-buzelis,,,,21:48,21.8,7,10,0.7,4,5,0.8,2,2,1.0,1,4,5,1,0,2,0,2,20,17.0,0022400317,Matas Buzelis,matas buzelis,,,2024-12-02,2,0.9174311926605504,0.04587155963302752,0.2293577981651376,0.04587155963302752,0.13761467889908258,2.0,4.0,3.0,8.0,9.0,1.0,4.0,6.0,1.0,0,0.0,0,0.0018599999999999999,32.1,17248.79097259538,32.040294,0.09174311926605504,1.0,4.0,0.91702557
0022400317,1610612741,Chicago,Bulls,CHI,bulls,1628366,Lonzo,Ball,L. Ball,lonzo-ball,,,,13:21,13.35,2,5,0.4,1,4,0.25,0,0,0.0,0,3,3,2,1,0,0,0,5,8.0,0022400317,Lonzo Ball,lonzo ball,,,2024-12-02,1,0.37453183520599254,0.0,0.2247191011235955,0.149812734082397,0.0749063670411985,8.0,9.0,8.0,5.0,1.0,5.0,6.0,10.0,1.0,0,0.0,0,0.00135,17.2,12731.310140636566,17.17678,0.0749063670411985,5.0,9.0,0.044342365
0022400317,1610612741,Chicago,Bulls,CHI,bulls,1630188,Jalen,Smith,J. Smith,jalen-smith,,,,15:25,15.416666666666666,2,5,0.4,1,2,0.5,3,3,1.0,2,3,5,0,1,0,2,0,8,-5.0,0022400317,Jalen Smith,jalen smith,,,2024-12-02,1,0.518918918918919,0.12972972972972974,0.32432432432432434,0.0,0.1945945945945946,7.0,1.0,3.0,11.0,1.0,5.0,13.0,9.0,1.0,0,0.0,0,0.0018599999999999999,-10.2,-5480.924234282644,-10.181028,0.06486486486486487,5.0,2.0,0.19358735
0022400317,1610612741,Chicago,Bulls,CHI,bulls,1629659,Talen,Horton-Tucker,T. Horton-Tucker,talen-horton-tucker,,,,17:17,17.283333333333335,3,8,0.375,2,5,0.4,3,3,1.0,1,3,4,2,1,0,2,3,11,7.0,0022400317,Talen Horton-Tucker,talen horton-tucker,,,2024-12-02,1,0.6364513018322082,0.057859209257473475,0.2314368370298939,0.11571841851494695,0.11571841851494695,6.0,4.0,6.0,5.0,1.0,5.0,7.0,8.0,3.0,0,0.0,0,0.00212,11.1,5233.3804809052335,11.076468,0.057859209257473475,5.0,5.0,0.18546095
0022400317,1610612741,Chicago,Bulls,CHI,bulls,1630537,Chris,Duarte,C. Duarte,chris-duarte,,,,4:26,4.433333333333334,0,1,0.0,0,1,0.0,0,0,0.0,1,3,4,1,0,0,1,1,0,2.0,0022400317,Chris Duarte,chris duarte,,,2024-12-02,0,0.0,0.22556390977443608,0.9022556390977443,0.22556390977443608,0.22556390977443608,12.0,4.0,6.0,8.0,9.0,5.0,10.0,11.0,0.0,0,0.0,0,0.00133,9.8,7362.885048835463,9.786966,0.0,10.0,1.0,0.014674786
0022400317,1610612741,Chicago,Bulls,CHI,bulls,1630604,E.J.,Liddell,E. Liddell,ej-liddell,,,,4:26,4.433333333333334,0,0,0.0,0,0,0.0,2,2,1.0,0,1,1,0,0,0,1,0,2,2.0,0022400317,E.J. Liddell,ej liddell,,,2024-12-02,0,0.45112781954887216,0.0,0.22556390977443608,0.0,0.0,10.0,9.0,10.0,11.0,9.0,5.0,10.0,11.0,0.0,0,0.0,0,0.00133,9.8,7362.885048835463,9.786966,0.0,10.0,11.0,0.0066526514
0022400317,1610612741,Chicago,Bulls,CHI,bulls,1628975,Jevon,Carter,J. Carter,jevon-carter,,,,3:51,3.85,0,1,0.0,0,1,0.0,0,0,0.0,0,1,1,0,0,0,1,0,0,0.0,0022400317,Jevon Carter,jevon carter,,,2024-12-02,0,0.0,0.0,0.2597402597402597,0.0,0.0,12.0,9.0,10.0,11.0,9.0,5.0,12.0,13.0,,1,,1,0.00154,0.0,0.0,0.0,0.0,10.0,11.0,0.005295117
0022400331,1610612741,Chicago,Bulls,CHI,bulls,203897,Zach,LaVine,Z. LaVine,zach-lavine,F,,,33:08,33.13333333333333,4,11,0.364,2,6,0.333,1,2,0.5,1,8,9,9,0,0,4,5,11,16.0,0022400331,Zach LaVine,zach lavine,,,2024-12-05,0,0.3319919517102616,0.030181086519114688,0.2716297786720322,0.2716297786720322,0.030181086519114688,5.0,4.0,2.0,2.0,5.0,4.0,2.0,3.0,3.0,0,0.0,0,0.0020499999999999997,24.1,11750.365675280353,24.050595,0.0,7.0,8.0,0.63466024
0022400331,1610612741,Chicago,Bulls,CHI,bulls,1641763,Julian,Phillips,J. Phillips,julian-phillips,F,,,27:44,27.733333333333334,3,7,0.429,3,5,0.6,0,0,0.0,1,2,3,1,0,2,0,1,9,-1.0,0022400331,Julian Phillips,julian phillips,,,2024-12-05,2,0.3245192307692308,0.036057692307692304,0.10817307692307691,0.036057692307692304,0.10817307692307691,7.0,4.0,6.0,6.0,5.0,1.0,9.0,5.0,1.0,0,0.0,0,0.00108,-1.6,-1480.1110083256247,-1.5982720000000001,0.07211538461538461,2.0,3.0,0.11456142
0022400331,1610612741,Chicago,Bulls,CHI,bulls,202696,Nikola,Vučević,N. Vučević,nikola-vučević,C,,,34:58,34.96666666666667,16,22,0.727,2,6,0.333,5,6,0.833,2,6,8,5,1,0,3,3,39,14.0,0022400331,Nikola Vučević,nikola vučević,,,2024-12-05,1,1.1153479504289798,0.05719733079122974,0.22878932316491896,0.14299332697807435,0.08579599618684461,1.0,2.0,3.0,3.0,2.0,4.0,3.0,2.0,1.0,0,0.0,0,0.00317,18.7,5897.193314411857,18.640721,0.02859866539561487,5.0,6.0,0.81114423
0022400331,1610612741,Chicago,Bulls,CHI,bulls,1630245,Ayo,Dosunmu,A. Dosunmu,ayo-dosunmu,G,,,35:14,35.233333333333334,9,13,0.692,3,3,1.0,6,6,1.0,3,7,10,11,3,0,1,3,27,23.0,0022400331,Ayo Dosunmu,ayo dosunmu,,,2024-12-05,3,0.7663197729422895,0.08514664143803216,0.28382213812677387,0.3122043519394513,0.17029328287606432,2.0,1.0,1.0,1.0,1.0,4.0,1.0,1.0,2.0,0,0.0,0,0.00182,30.6,16803.95387149918,30.544308,0.08514664143803216,1.0,2.0,0.964279
0022400331,1610612741,Chicago,Bulls,CHI,bulls,1630581,Josh,Giddey,J. Giddey,josh-giddey,G,,,24:07,24.116666666666667,3,5,0.6,1,1,1.0,1,2,0.5,0,4,4,4,0,0,3,1,8,5.0,0022400331,Josh Giddey,josh giddey,,,2024-12-05,0,0.331720801658604,0.0,0.165860400829302,0.165860400829302,0.0,9.0,8.0,5.0,4.0,5.0,4.0,6.0,6.0,,1,,1,0.00153,9.3,6074.4611365120845,9.285771,0.0,7.0,9.0,0.046118207
0022400331,1610612741,Chicago,Bulls,CHI,bulls,1631207,Dalen,Terry,D. Terry,dalen-terry,,,,27:47,27.783333333333335,5,7,0.714,1,3,0.333,1,1,1.0,1,1,2,0,1,0,2,3,12,-2.0,0022400331,Dalen Terry,dalen terry,,,2024-12-05,1,0.43191361727654465,0.035992801439712056,0.07198560287942411,0.0,0.07198560287942411,4.0,4.0,9.0,9.0,2.0,4.0,10.0,4.0,2.0,0,0.0,0,0.00132,0.4,302.80090840272527,0.39947200000000005,0.035992801439712056,5.0,7.0,0.5185472
0022400331,1610612741,Chicago,Bulls,CHI,bulls,1641824,Matas,Buzelis,M. Buzelis,matas-buzelis,,,,18:31,18.516666666666666,4,7,0.571,2,3,0.667,1,2,0.5,2,5,7,1,0,0,1,4,11,9.0,0022400331,Matas Buzelis,matas buzelis,,,2024-12-05,0,0.5940594059405941,0.10801080108010802,0.37803780378037805,0.05400540054005401,0.10801080108010802,5.0,2.0,4.0,6.0,5.0,4.0,5.0,8.0,1.0,0,0.0,0,0.0017299999999999998,17.3,9994.222992489893,17.270071,0.0,7.0,4.0,0.7172936
0022400331,1610612741,Chicago,Bulls,CHI,bulls,1629659,Talen,Horton-Tucker,T. Horton-Tucker,talen-horton-tucker,,,,21:13,21.216666666666665,5,10,0.5,2,4,0.5,1,2,0.5,0,3,3,4,1,1,2,2,13,10.0,0022400331,Talen Horton-Tucker,talen horton-tucker,,,2024-12-05,2,0.612725844461901,0.0,0.14139827179890024,0.18853102906520033,0.09426551453260017,3.0,8.0,6.0,4.0,2.0,3.0,4.0,7.0,2.0,0,0.0,0,0.00218,20.4,9353.507565337,20.355528,0.09426551453260017,2.0,5.0,0.7211911
0022400331,1610612741,Chicago,Bulls,CHI,bulls,1630188,Jalen,Smith,J. Smith,jalen-smith,,,,12:03,12.05,3,6,0.5,1,4,0.25,2,2,1.0,1,2,3,1,0,2,1,2,9,2.0,0022400331,Jalen Smith,jalen smith,,,2024-12-05,2,0.7468879668049793,0.08298755186721991,0.24896265560165973,0.08298755186721991,0.24896265560165973,7.0,4.0,6.0,6.0,5.0,1.0,7.0,9.0,0.0,0,0.0,0,0.00229,10.9,4757.747708424269,10.875039000000001,0.16597510373443983,2.0,1.0,0.16277671
0022400331,1610612741,Chicago,Bulls,CHI,bulls,1630537,Chris,Duarte,C. Duarte,chris-duarte,,,,4:16,4.266666666666667,0,1,0.0,0,1,0.0,0,0,0.0,0,0,0,0,0,0,0,2,0,1.0,0022400331,Chris Duarte,chris duarte,,,2024-12-05,0,0.0,0.0,0.0,0.0,0.0,10.0,8.0,11.0,9.0,5.0,4.0,8.0,10.0,0.0,0,0.0,0,0.00077,-1.8,-2334.6303501945526,-1.798614,0.0,7.0,9.0,0.0031837653
0022400331,1610612741,Chicago,Bulls,CHI,bulls,1628975,Jevon,Carter,J. Carter,jevon-carter,,,,0:59,0.9833333333333333,0,1,0.0,0,1,0.0,0,0,0.0,0,1,1,0,0,0,0,0,0,-2.0,0022400331,Jevon Carter,jevon carter,,,2024-12-05,0,0.0,0.0,1.0169491525423728,0.0,0.0,10.0,8.0,10.0,9.0,5.0,4.0,10.0,11.0,,1,,1,0.00333,-100.0,-30021.014710297208,-99.667,0.0,7.0,9.0,0.0073793726
0022400336,1610612741,Chicago,Bulls,CHI,bulls,203897,Zach,LaVine,Z. LaVine,zach-lavine,F,,,33:52,33.86666666666667,12,22,0.545,5,9,0.556,3,5,0.6,0,3,3,3,1,0,4,1,32,-8.0,0022400336,Zach LaVine,zach lavine,,,2024-12-06,1,0.9448818897637795,0.0,0.08858267716535433,0.08858267716535433,0.02952755905511811,1.0,5.0,5.0,5.0,2.0,5.0,6.0,1.0,2.0,0,0.0,0,0.0034599999999999995,-12.7,-3669.4596937301358,-12.656058,0.02952755905511811,4.0,10.0,0.8956556
0022400336,1610612741,Chicago,Bulls,CHI,bulls,1630245,Ayo,Dosunmu,A. Dosunmu,ayo-dosunmu,F,,,32:24,32.4,6,8,0.75,3,5,0.6,0,0,0.0,0,2,2,5,2,2,1,3,15,1.0,0022400336,Ayo Dosunmu,ayo dosunmu,,,2024-12-06,4,0.46296296296296297,0.0,0.0617283950617284,0.154320987654321,0.1234567901234568,3.0,5.0,6.0,3.0,1.0,1.0,2.0,2.0,2.0,0,0.0,0,0.00115,3.3,2867.072111207646,3.296205,0.1234567901234568,1.0,4.0,0.88661194
0022400336,1610612741,Chicago,Bulls,CHI,bulls,202696,Nikola,Vučević,N. Vučević,nikola-vučević,C,,,29:51,29.85,5,11,0.455,3,5,0.6,0,0,0.0,3,6,9,2,0,0,0,1,13,-9.0,0022400336,Nikola Vučević,nikola vučević,,,2024-12-06,0,0.43551088777219427,0.10050251256281406,0.3015075376884422,0.06700167504187604,0.10050251256281406,4.0,1.0,1.0,7.0,8.0,5.0,9.0,4.0,0.0,0,0.0,0,0.00155,-14.1,-9090.909090909092,-14.078145,0.0,10.0,7.0,0.35751837
0022400336,1610612741,Chicago,Bulls,CHI,bulls,1629632,Coby,White,C. White,coby-white,G,,,31:57,31.95,7,19,0.368,4,12,0.333,1,1,1.0,0,4,4,9,1,0,2,2,19,7.0,0022400336,Coby White,coby white,,,2024-12-06,1,0.594679186228482,0.0,0.12519561815336464,0.28169014084507044,0.03129890453834116,2.0,5.0,4.0,1.0,2.0,5.0,1.0,3.0,0.0,0,0.0,0,0.00269,8.2,3047.194351542177,8.177942,0.03129890453834116,4.0,9.0,0.7191372
0022400336,1610612741,Chicago,Bulls,CHI,bulls,1630581,Josh,Giddey,J. Giddey,josh-giddey,G,,,26:24,26.4,5,13,0.385,0,6,0.0,0,0,0.0,1,4,5,6,1,0,3,1,10,-10.0,0022400336,Josh Giddey,josh giddey,,,2024-12-06,1,0.3787878787878788,0.03787878787878788,0.1893939393939394,0.2272727272727273,0.07575757575757576,5.0,3.0,3.0,2.0,2.0,5.0,10.0,5.0,1.0,0,0.0,0,0.00262,-20.4,-7783.288821060663,-20.346552,0.03787878787878788,4.0,8.0,0.22848357
0022400336,1610612741,Chicago,Bulls,CHI,bulls,1628366,Lonzo,Ball,L. Ball,lonzo-ball,,,,17:14,17.233333333333334,3,5,0.6,3,4,0.75,0,0,0.0,0,2,2,4,1,1,0,2,9,1.0,0022400336,Lonzo Ball,lonzo ball,,,2024-12-06,2,0.5222437137330754,0.0,0.11605415860735009,0.23210831721470018,0.11605415860735009,7.0,5.0,6.0,4.0,2.0,3.0,2.0,8.0,2.0,0,0.0,0,0.00111,-0.9,-810.0810081008101,-0.8990009999999999,0.11605415860735009,2.0,5.0,0.37133777
0022400336,1610612741,Chicago,Bulls,CHI,bulls,1641824,Matas,Buzelis,M. Buzelis,matas-buzelis,,,,17:30,17.5,2,7,0.286,2,3,0.667,2,2,1.0,0,2,2,3,0,2,1,0,8,-1.0,0022400336,Matas Buzelis,matas buzelis,,,2024-12-06,2,0.45714285714285713,0.0,0.11428571428571428,0.17142857142857143,0.11428571428571428,8.0,5.0,6.0,5.0,8.0,1.0,5.0,7.0,0.0,0,0.0,0,0.002,-2.4,-1199.4002998500748,-2.3952,0.11428571428571428,2.0,6.0,0.10276685
0022400336,1610612741,Chicago,Bulls,CHI,bulls,1630188,Jalen,Smith,J. Smith,jalen-smith,,,,18:09,18.15,3,6,0.5,0,3,0.0,4,4,1.0,3,4,7,0,0,1,0,1,10,0.0,0022400336,Jalen Smith,jalen smith,,,2024-12-06,1,0.5509641873278237,0.1652892561983471,0.3856749311294766,0.0,0.22038567493112948,5.0,1.0,2.0,9.0,8.0,3.0,4.0,6.0,1.0,0,0.0,0,0.00178,-3.3,-1852.891633913532,-3.294126,0.05509641873278237,4.0,1.0,0.457003
0022400336,1610612741,Chicago,Bulls,CHI,bulls,1631207,Dalen,Terry,D. Terry,dalen-terry,,,,14:32,14.533333333333333,1,2,0.5,1,2,0.5,0,0,0.0,0,2,2,1,0,0,0,1,3,-8.0,0022400336,Dalen Terry,dalen terry,,,2024-12-06,0,0.20642201834862386,0.0,0.13761467889908258,0.06880733944954129,0.0,9.0,5.0,6.0,8.0,8.0,5.0,6.0,9.0,2.0,0,0.0,0,0.0005600000000000001,-13.1,-23351.15864527629,-13.092664,0.0,10.0,11.0,0.017353859
0022400336,1610612741,Chicago,Bulls,CHI,bulls,1641763,Julian,Phillips,J. Phillips,julian-phillips,,,,11:49,11.816666666666666,1,2,0.5,0,1,0.0,0,0,0.0,1,0,1,0,1,0,0,0,2,-10.0,0022400336,Julian Phillips,julian phillips,,,2024-12-06,1,0.16925246826516221,0.08462623413258111,0.08462623413258111,0.0,0.16925246826516221,10.0,3.0,10.0,9.0,2.0,5.0,10.0,10.0,2.0,0,0.0,0,0.0007099999999999999,-40.0,-56258.790436005635,-39.9716,0.08462623413258111,4.0,2.0,0.012798397
0022400336,1610612741,Chicago,Bulls,CHI,bulls,1629659,Talen,Horton-Tucker,T. Horton-Tucker,talen-horton-tucker,,,,6:18,6.3,1,2,0.5,0,0,0.0,0,0,0.0,0,1,1,0,1,0,1,1,2,-8.0,0022400336,Talen Horton-Tucker,talen horton-tucker,,,2024-12-06,1,0.31746031746031744,0.0,0.15873015873015872,0.0,0.15873015873015872,10.0,5.0,10.0,9.0,2.0,5.0,6.0,11.0,0.0,0,0.0,0,0.00214,-57.1,-26669.78047641289,-56.977806,0.15873015873015872,4.0,3.0,0.008138931
0022400347,1610612741,Chicago,Bulls,CHI,bulls,203897,Zach,LaVine,Z. LaVine,zach-lavine,F,,,31:52,31.866666666666667,10,21,0.476,6,14,0.429,4,5,0.8,0,4,4,3,1,0,5,2,30,-13.0,0022400347,Zach LaVine,zach lavine,,,2024-12-08,1,0.9414225941422594,0.0,0.12552301255230125,0.09414225941422594,0.03138075313807531,1.0,3.0,3.0,4.0,3.0,4.0,8.0,3.0,0.0,0,0.0,0,0.004,-15.6,-3899.0252436890773,-15.5376,0.03138075313807531,3.0,7.0,0.89598733
0022400347,1610612741,Chicago,Bulls,CHI,bulls,1630245,Ayo,Dosunmu,A. Dosunmu,ayo-dosunmu,F,,,34:52,34.86666666666667,3,6,0.5,2,4,0.5,2,2,1.0,0,3,3,5,0,0,3,2,10,-16.0,0022400347,Ayo Dosunmu,ayo dosunmu,,,2024-12-08,0,0.28680688336520077,0.0,0.08604206500956023,0.14340344168260039,0.0,5.0,3.0,6.0,2.0,6.0,4.0,10.0,2.0,1.0,0,0.0,0,0.00128,-21.3,-16627.634660421547,-21.272736000000002,0.0,8.0,9.0,0.053910535
0022400347,1610612741,Chicago,Bulls,CHI,bulls,202696,Nikola,Vučević,N. Vučević,nikola-vučević,C,,,28:49,28.816666666666666,4,7,0.571,1,2,0.5,4,4,1.0,1,7,8,3,4,0,2,4,13,-13.0,0022400347,Nikola Vučević,nikola vučević,,,2024-12-08,4,0.4511278195488722,0.03470213996529786,0.2776171197223829,0.10410641989589359,0.1735106998264893,2.0,1.0,1.0,4.0,1.0,4.0,8.0,5.0,3.0,0,0.0,0,0.00169,-19.0,-11235.955056179775,-18.96789,0.13880855986119145,1.0,2.0,0.80138123
0022400347,1610612741,Chicago,Bulls,CHI,bulls,1629632,Coby,White,C. White,coby-white,G,,,36:52,36.86666666666667,5,17,0.294,3,11,0.273,0,0,0.0,1,3,4,5,0,0,0,4,13,5.0,0022400347,Coby White,coby white,,,2024-12-08,0,0.352622061482821,0.027124773960216998,0.10849909584086799,0.13562386980108498,0.027124773960216998,2.0,1.0,3.0,2.0,6.0,4.0,2.0,1.0,0.0,0,0.0,0,0.0020499999999999997,7.5,3656.752803510483,7.484625,0.0,8.0,8.0,0.17676546
0022400347,1610612741,Chicago,Bulls,CHI,bulls,1630581,Josh,Giddey,J. Giddey,josh-giddey,G,,,31:48,31.8,4,10,0.4,1,4,0.25,0,0,0.0,0,7,7,11,2,1,4,0,9,0.0,0022400347,Josh Giddey,josh giddey,,,2024-12-08,3,0.2830188679245283,0.0,0.22012578616352202,0.34591194968553457,0.09433962264150943,6.0,3.0,2.0,1.0,2.0,1.0,6.0,4.0,1.0,0,0.0,0,0.00192,2.5,1301.405517959396,2.4952,0.09433962264150943,2.0,3.0,0.5697068
0022400347,1610612741,Chicago,Bulls,CHI,bulls,1641824,Matas,Buzelis,M. Buzelis,matas-buzelis,,,,23:31,23.516666666666666,2,7,0.286,0,5,0.0,1,1,1.0,0,3,3,0,0,1,0,1,5,13.0,0022400347,Matas Buzelis,matas buzelis,,,2024-12-08,1,0.21261516654854715,0.0,0.1275690999291283,0.0,0.042523033309709427,7.0,3.0,6.0,7.0,6.0,1.0,1.0,6.0,1.0,0,0.0,0,0.0013700000000000001,25.4,18526.622902990515,25.365202,0.042523033309709427,3.0,6.0,0.10462029
0022400347,1610612741,Chicago,Bulls,CHI,bulls,1628366,Lonzo,Ball,L. Ball,lonzo-ball,,,,19:52,19.866666666666667,1,7,0.143,1,5,0.2,0,0,0.0,0,2,2,2,1,0,0,1,3,4.0,0022400347,Lonzo Ball,lonzo ball,,,2024-12-08,1,0.15100671140939598,0.0,0.10067114093959731,0.10067114093959731,0.050335570469798654,8.0,3.0,8.0,6.0,3.0,4.0,4.0,7.0,2.0,0,0.0,0,0.0015199999999999999,4.3,2827.0874424720582,4.293464,0.050335570469798654,3.0,5.0,0.0341044
0022400347,1610612741,Chicago,Bulls,CHI,bulls,1630188,Jalen,Smith,J. Smith,jalen-smith,,,,19:11,19.183333333333334,4,7,0.571,3,5,0.6,0,0,0.0,0,4,4,0,0,1,0,3,11,5.0,0022400347,Jalen Smith,jalen smith,,,2024-12-08,1,0.573414422241529,0.0,0.20851433536055602,0.0,0.052128583840139006,4.0,3.0,3.0,7.0,6.0,1.0,2.0,8.0,2.0,0,1.0,0,0.00167,15.8,9455.41591861161,15.773614000000002,0.052128583840139006,3.0,4.0,0.85939187
0022400347,1610612741,Chicago,Bulls,CHI,bulls,1631207,Dalen,Terry,D. Terry,dalen-terry,,,,4:14,4.233333333333333,0,0,0.0,0,0,0.0,0,0,0.0,0,0,0,0,1,0,0,0,0,1.0,0022400347,Dalen Terry,dalen terry,,,2024-12-08,1,0.0,0.0,0.0,0.0,0.23622047244094488,11.0,3.0,9.0,7.0,3.0,4.0,5.0,10.0,1.0,0,0.0,0,0.0,11.1,11100000.0,11.1,0.23622047244094488,3.0,1.0,0.02259684
0022400347,1610612741,Chicago,Bulls,CHI,bulls,1641763,Julian,Phillips,J. Phillips,julian-phillips,,,,3:21,3.35,1,2,0.5,1,2,0.5,0,0,0.0,0,0,0,0,0,0,1,1,3,-8.0,0022400347,Julian Phillips,julian phillips,,,2024-12-08,0,0.8955223880597015,0.0,0.0,0.0,0.0,8.0,3.0,9.0,7.0,6.0,4.0,7.0,11.0,,1,,1,0.00375,-80.6,-21487.603305785124,-80.29775,0.0,8.0,9.0,0.008465384
0022400347,1610612741,Chicago,Bulls,CHI,bulls,1629659,Talen,Horton-Tucker,T. Horton-Tucker,talen-horton-tucker,,,,5:38,5.633333333333333,1,2,0.5,1,2,0.5,0,0,0.0,0,0,0,0,0,0,0,0,3,-18.0,0022400347,Talen Horton-Tucker,talen horton-tucker,,,2024-12-08,0,0.5325443786982249,0.0,0.0,0.0,0.0,8.0,3.0,9.0,7.0,6.0,4.0,11.0,9.0,0.0,0,0.0,0,0.0014299999999999998,-117.1,-81830.88749126486,-116.93254699999999,0.0,8.0,9.0,0.0070407987
0022401212,1610612741,Chicago,Bulls,CHI,bulls,203897,Zach,LaVine,Z. LaVine,zach-lavine,F,,,33:55,33.916666666666664,4,11,0.364,1,4,0.25,4,5,0.8,0,4,4,3,3,0,5,2,13,17.0,0022401212,Zach LaVine,zach lavine,,,2024-12-13,3,0.3832923832923833,0.0,0.11793611793611794,0.08845208845208846,0.08845208845208846,4.0,7.0,5.0,4.0,2.0,6.0,1.0,1.0,2.0,0,0.0,0,0.00202,22.4,11083.621969322116,22.354751999999998,0.08845208845208846,3.0,8.0,0.33278736
0022401212,1610612741,Chicago,Bulls,CHI,bulls,1630245,Ayo,Dosunmu,A. Dosunmu,ayo-dosunmu,F,,,32:25,32.416666666666664,8,12,0.667,3,6,0.5,0,0,0.0,0,3,3,5,1,1,1,3,19,4.0,0022401212,Ayo Dosunmu,ayo dosunmu,,,2024-12-13,2,0.5861182519280206,0.0,0.09254498714652958,0.15424164524421594,0.06169665809768638,1.0,7.0,8.0,2.0,4.0,3.0,7.0,3.0,0.0,0,0.0,0,0.00167,4.2,2513.4649910233393,4.192986,0.06169665809768638,5.0,9.0,0.8616086
0022401212,1610612741,Chicago,Bulls,CHI,bulls,1630188,Jalen,Smith,J. Smith,jalen-smith,C,,,28:46,28.766666666666666,3,10,0.3,1,5,0.2,4,6,0.667,3,8,11,2,0,5,0,4,11,14.0,0022401212,Jalen Smith,jalen smith,,,2024-12-13,5,0.3823870220162225,0.10428736964078796,0.3823870220162225,0.06952491309385864,0.27809965237543455,5.0,1.0,1.0,6.0,7.0,1.0,3.0,5.0,0.0,0,0.0,0,0.00178,25.5,14317.798989331837,25.45461,0.17381228273464658,1.0,3.0,0.6106193
0022401212,1610612741,Chicago,Bulls,CHI,bulls,1629632,Coby,White,C. White,coby-white,G,,,32:29,32.483333333333334,6,15,0.4,2,9,0.222,4,4,1.0,0,2,2,1,2,0,3,3,18,-2.0,0022401212,Coby White,coby white,,,2024-12-13,2,0.5541303232426885,0.0,0.06157003591585428,0.03078501795792714,0.06157003591585428,2.0,7.0,9.0,7.0,3.0,6.0,10.0,2.0,3.0,0,0.0,0,0.00256,-2.9,-1132.3701679031626,-2.892576,0.06157003591585428,5.0,10.0,0.45422602
0022401212,1610612741,Chicago,Bulls,CHI,bulls,1630581,Josh,Giddey,J. Giddey,josh-giddey,G,,,29:24,29.4,7,13,0.538,3,8,0.375,0,0,0.0,3,6,9,7,4,0,5,1,17,15.0,0022401212,Josh Giddey,josh giddey,,,2024-12-13,4,0.5782312925170068,0.10204081632653061,0.30612244897959184,0.2380952380952381,0.2380952380952381,3.0,1.0,2.0,1.0,1.0,6.0,2.0,4.0,4.0,0,0.0,0,0.0023699999999999997,23.1,9742.724588781106,23.045253000000002,0.1360544217687075,2.0,4.0,0.8168604
0022401212,1610612741,Chicago,Bulls,CHI,bulls,1628366,Lonzo,Ball,L. Ball,lonzo-ball,,,,19:23,19.383333333333333,2,5,0.4,1,4,0.25,5,5,1.0,1,6,7,4,1,1,1,1,10,12.0,0022401212,Lonzo Ball,lonzo ball,,,2024-12-13,2,0.5159071367153912,0.051590713671539126,0.36113499570077384,0.2063628546861565,0.15477214101461736,6.0,5.0,3.0,3.0,4.0,3.0,4.0,7.0,3.0,0,0.0,0,0.0014299999999999998,22.5,15723.270440251576,22.467824999999998,0.10318142734307825,5.0,6.0,0.27558708
0022401212,1610612741,Chicago,Bulls,CHI,bulls,1641824,Matas,Buzelis,M. Buzelis,matas-buzelis,,,,19:58,19.966666666666665,1,11,0.091,1,5,0.2,2,2,1.0,3,2,5,3,0,3,0,1,5,11.0,0022401212,Matas Buzelis,matas buzelis,,,2024-12-13,3,0.25041736227045075,0.15025041736227046,0.25041736227045075,0.15025041736227046,0.3005008347245409,8.0,1.0,4.0,4.0,7.0,2.0,6.0,6.0,0.0,0,0.0,0,0.00211,22.7,10753.197536712458,22.652103,0.15025041736227046,3.0,2.0,0.12837325
0022401212,1610612741,Chicago,Bulls,CHI,bulls,1629659,Talen,Horton-Tucker,T. Horton-Tucker,talen-horton-tucker,,,,12:32,12.533333333333333,1,2,0.5,0,1,0.0,0,0,0.0,1,3,4,1,0,1,0,0,2,12.0,0022401212,Talen Horton-Tucker,talen horton-tucker,,,2024-12-13,1,0.1595744680851064,0.0797872340425532,0.3191489361702128,0.0797872340425532,0.1595744680851064,10.0,5.0,5.0,7.0,7.0,3.0,4.0,9.0,0.0,0,0.0,0,0.00067,42.0,62593.14456035767,41.97186,0.0797872340425532,8.0,5.0,0.026298935
0022401212,1610612741,Chicago,Bulls,CHI,bulls,1641766,Adama,Sanogo,A. Sanogo,adama-sanogo,,,,7:46,7.766666666666667,1,2,0.5,0,0,0.0,0,0,0.0,3,1,4,0,0,0,0,0,2,2.0,0022401212,Adama Sanogo,adama sanogo,,,2024-12-13,0,0.2575107296137339,0.38626609442060084,0.5150214592274678,0.0,0.38626609442060084,10.0,1.0,5.0,10.0,7.0,6.0,8.0,11.0,1.0,0,0.0,0,0.00095,6.3,6624.605678233438,6.294015,0.0,10.0,1.0,0.019067647
0022401212,1610612741,Chicago,Bulls,CHI,bulls,1630172,Patrick,Williams,P. Williams,patrick-williams,,,,13:57,13.95,1,7,0.143,0,5,0.0,2,2,1.0,0,2,2,1,0,0,1,1,4,-15.0,0022401212,Patrick Williams,patrick williams,,,2024-12-13,0,0.28673835125448033,0.0,0.14336917562724016,0.07168458781362008,0.0,9.0,7.0,9.0,7.0,7.0,6.0,11.0,8.0,0.0,0,0.0,0,0.00243,-45.5,-18716.57754010695,-45.389435,0.0,10.0,11.0,0.0069639203
0022401212,1610612741,Chicago,Bulls,CHI,bulls,1641763,Julian,Phillips,J. Phillips,julian-phillips,,,,9:25,9.416666666666666,3,5,0.6,2,4,0.5,0,1,0.0,0,1,1,0,1,0,0,3,8,0.0,0022401212,Julian Phillips,julian phillips,,,2024-12-13,1,0.8495575221238939,0.0,0.10619469026548674,0.0,0.10619469026548674,7.0,7.0,11.0,10.0,4.0,6.0,9.0,10.0,1.0,0,0.0,0,0.00227,0.0,0.0,0.0,0.10619469026548674,8.0,7.0,0.16341789
0022401223,1610612741,Chicago,Bulls,CHI,bulls,1630245,Ayo,Dosunmu,A. Dosunmu,ayo-dosunmu,F,,,39:45,39.75,5,15,0.333,1,6,0.167,1,2,0.5,0,5,5,5,1,1,0,3,12,-6.0,0022401223,Ayo Dosunmu,ayo dosunmu,,,2024-12-16,2,0.3018867924528302,0.0,0.12578616352201258,0.12578616352201258,0.050314465408805034,4.0,7.0,3.0,3.0,4.0,3.0,8.0,1.0,0.0,0,0.0,0,0.00158,-10.2,-6451.612903225806,-10.183883999999999,0.050314465408805034,4.0,9.0,0.22785082
0022401223,1610612741,Chicago,Bulls,CHI,bulls,1630172,Patrick,Williams,P. Williams,patrick-williams,F,,,21:23,21.383333333333333,2,6,0.333,0,2,0.0,2,2,1.0,2,2,4,1,1,2,0,1,6,-4.0,0022401223,Patrick Williams,patrick williams,,,2024-12-16,3,0.2805923616523772,0.09353078721745908,0.18706157443491817,0.04676539360872954,0.2338269680436477,10.0,1.0,6.0,7.0,4.0,1.0,7.0,7.0,4.0,0,0.0,0,0.0013,-8.0,-6149.116064565719,-7.9896,0.1402961808261886,1.0,1.0,0.09168377
0022401223,1610612741,Chicago,Bulls,CHI,bulls,202696,Nikola,Vučević,N. Vučević,nikola-vučević,C,,,32:10,32.166666666666664,10,17,0.588,2,4,0.5,2,2,1.0,1,4,5,3,0,2,0,3,24,2.0,0022401223,Nikola Vučević,nikola vučević,,,2024-12-16,2,0.7461139896373058,0.031088082901554407,0.15544041450777205,0.09326424870466322,0.09326424870466322,1.0,3.0,3.0,5.0,9.0,1.0,4.0,3.0,2.0,0,0.0,0,0.00228,1.2,526.085050416484,1.197264,0.062176165803108814,4.0,7.0,0.9003933
0022401223,1610612741,Chicago,Bulls,CHI,bulls,1629632,Coby,White,C. White,coby-white,G,,,34:38,34.63333333333333,5,15,0.333,3,7,0.429,6,7,0.857,0,0,0,5,3,0,4,4,19,10.0,0022401223,Coby White,coby white,,,2024-12-16,3,0.548604427333975,0.0,0.0,0.14436958614051973,0.08662175168431184,2.0,7.0,9.0,3.0,1.0,7.0,2.0,2.0,2.0,0,0.0,0,0.0025,9.8,3918.4326269492203,9.775500000000001,0.08662175168431184,1.0,8.0,0.34600824
0022401223,1610612741,Chicago,Bulls,CHI,bulls,1630581,Josh,Giddey,J. Giddey,josh-giddey,G,,,23:52,23.866666666666667,3,4,0.75,1,2,0.5,4,4,1.0,1,8,9,8,2,1,3,2,11,12.0,0022401223,Josh Giddey,josh giddey,,,2024-12-16,3,0.46089385474860334,0.04189944134078212,0.3770949720670391,0.33519553072625696,0.16759776536312848,5.0,3.0,1.0,1.0,2.0,3.0,1.0,5.0,4.0,0,0.0,0,0.0015,21.4,14257.161892071952,21.3679,0.12569832402234637,1.0,4.0,0.6020847
0022401223,1610612741,Chicago,Bulls,CHI,bulls,1628366,Lonzo,Ball,L. Ball,lonzo-ball,,,,23:02,23.033333333333335,2,9,0.222,2,8,0.25,2,2,1.0,1,5,6,7,1,1,3,3,8,-9.0,0022401223,Lonzo Ball,lonzo ball,,,2024-12-16,2,0.3473227206946454,0.04341534008683068,0.26049204052098407,0.30390738060781475,0.13024602026049203,8.0,3.0,2.0,2.0,4.0,3.0,10.0,6.0,4.0,0,0.0,0,0.0023599999999999997,-14.9,-6310.885218127913,-14.864836,0.08683068017366136,4.0,5.0,0.060853865
0022401223,1610612741,Chicago,Bulls,CHI,bulls,1629659,Talen,Horton-Tucker,T. Horton-Tucker,talen-horton-tucker,,,,24:58,24.966666666666665,6,12,0.5,1,6,0.167,2,6,0.333,1,2,3,2,2,0,0,3,15,-6.0,0022401223,Talen Horton-Tucker,talen horton-tucker,,,2024-12-16,2,0.6008010680907877,0.04005340453938585,0.12016021361815755,0.0801068090787717,0.12016021361815755,3.0,3.0,8.0,6.0,2.0,7.0,8.0,4.0,2.0,0,0.0,0,0.00231,-8.2,-3548.24751189961,-8.181057999999998,0.0801068090787717,4.0,6.0,0.7427521
0022401223,1610612741,Chicago,Bulls,CHI,bulls,1641824,Matas,Buzelis,M. Buzelis,matas-buzelis,,,,12:33,12.55,3,5,0.6,1,2,0.5,0,0,0.0,0,4,4,1,0,0,0,1,7,7.0,0022401223,Matas Buzelis,matas buzelis,,,2024-12-16,0,0.5577689243027888,0.0,0.3187250996015936,0.0796812749003984,0.0,9.0,7.0,6.0,7.0,9.0,7.0,3.0,9.0,0.0,0,0.0,0,0.0014299999999999998,19.2,13417.190775681343,19.172544,0.0,10.0,10.0,0.089052245
0022401223,1610612741,Chicago,Bulls,CHI,bulls,1630188,Jalen,Smith,J. Smith,jalen-smith,,,,15:46,15.766666666666667,3,5,0.6,2,2,1.0,2,2,1.0,2,3,5,1,1,0,0,0,10,2.0,0022401223,Jalen Smith,jalen smith,,,2024-12-16,1,0.6342494714587738,0.12684989429175475,0.3171247357293869,0.06342494714587738,0.19027484143763213,6.0,1.0,3.0,7.0,4.0,7.0,4.0,8.0,1.0,0,0.0,0,0.0015,5.7,3797.46835443038,5.691450000000001,0.06342494714587738,9.0,2.0,0.27871066
0022401223,1610612741,Chicago,Bulls,CHI,bulls,1641763,Julian,Phillips,J. Phillips,julian-phillips,,,,11:53,11.883333333333333,4,5,0.8,1,1,1.0,1,1,1.0,0,0,0,0,1,1,2,3,10,-3.0,0022401223,Julian Phillips,julian phillips,,,2024-12-16,2,0.841514726507714,0.0,0.0,0.0,0.16830294530154277,6.0,7.0,9.0,10.0,4.0,3.0,6.0,10.0,1.0,0,0.0,0,0.00269,-8.2,-3047.194351542177,-8.177942,0.16830294530154277,4.0,3.0,0.49826428
0022400363,1610612741,Chicago,Bulls,CHI,bulls,203897,Zach,LaVine,Z. LaVine,zach-lavine,F,,,33:00,33.0,11,19,0.579,6,11,0.545,8,9,0.889,0,6,6,4,0,0,1,1,36,8.0,0022400363,Zach LaVine,zach lavine,,,2024-12-19,0,1.0909090909090908,0.0,0.18181818181818182,0.12121212121212122,0.0,1.0,8.0,3.0,1.0,2.0,3.0,3.0,2.0,0.0,0,0.0,0,0.00299,10.1,3376.797057840187,10.069801,0.0,4.0,8.0,0.7836125
0022400363,1610612741,Chicago,Bulls,CHI,bulls,1630172,Patrick,Williams,P. Williams,patrick-williams,F,,,22:57,22.95,5,13,0.385,4,9,0.444,0,0,0.0,0,2,2,1,0,0,1,3,14,-1.0,0022400363,Patrick Williams,patrick williams,,,2024-12-19,0,0.6100217864923747,0.0,0.08714596949891068,0.04357298474945534,0.0,4.0,8.0,10.0,6.0,2.0,3.0,8.0,5.0,0.0,0,0.0,0,0.00255,-6.5,-2548.020384163073,-6.4834249999999995,0.0,4.0,8.0,0.59566706
0022400363,1610612741,Chicago,Bulls,CHI,bulls,202696,Nikola,Vučević,N. Vučević,nikola-vučević,C,,,33:00,33.0,7,9,0.778,2,3,0.667,0,0,0.0,2,12,14,4,0,1,3,1,16,8.0,0022400363,Nikola Vučević,nikola vučević,,,2024-12-19,1,0.48484848484848486,0.06060606060606061,0.42424242424242425,0.12121212121212122,0.09090909090909091,3.0,2.0,1.0,1.0,2.0,1.0,3.0,2.0,0.0,0,0.0,0,0.00156,10.1,6470.211402946829,10.084244,0.030303030303030304,2.0,3.0,0.7774218
0022400363,1610612741,Chicago,Bulls,CHI,bulls,1630245,Ayo,Dosunmu,A. Dosunmu,ayo-dosunmu,G,,,37:39,37.65,7,14,0.5,3,5,0.6,0,0,0.0,1,7,8,4,2,0,1,1,17,17.0,0022400363,Ayo Dosunmu,ayo dosunmu,,,2024-12-19,2,0.451527224435591,0.02656042496679947,0.21248339973439576,0.10624169986719788,0.0796812749003984,2.0,4.0,2.0,1.0,1.0,3.0,1.0,1.0,2.0,0,0.0,0,0.00169,23.8,14074.51212300414,23.759778,0.05312084993359894,1.0,4.0,0.83551407
0022400363,1610612741,Chicago,Bulls,CHI,bulls,1629632,Coby,White,C. White,coby-white,G,,,32:18,32.3,4,11,0.364,1,5,0.2,3,4,0.75,2,4,6,3,0,0,0,3,12,-3.0,0022400363,Coby White,coby white,,,2024-12-19,0,0.3715170278637771,0.061919504643962855,0.18575851393188855,0.09287925696594428,0.061919504643962855,5.0,2.0,3.0,4.0,2.0,3.0,9.0,4.0,0.0,0,0.0,0,0.0017100000000000001,-5.9,-3448.2758620689656,-5.889911000000001,0.0,4.0,6.0,0.25358388
0022400363,1610612741,Chicago,Bulls,CHI,bulls,1628366,Lonzo,Ball,L. Ball,lonzo-ball,,,,18:04,18.066666666666666,1,7,0.143,1,7,0.143,0,0,0.0,1,2,3,3,0,1,2,2,3,10.0,0022400363,Lonzo Ball,lonzo ball,,,2024-12-19,1,0.16605166051660517,0.055350553505535055,0.16605166051660517,0.16605166051660517,0.11070110701107011,8.0,4.0,7.0,4.0,2.0,1.0,2.0,8.0,1.0,0,0.0,0,0.002,28.6,14292.853573213393,28.5428,0.055350553505535055,2.0,2.0,0.04449462
0022400363,1610612741,Chicago,Bulls,CHI,bulls,1641824,Matas,Buzelis,M. Buzelis,matas-buzelis,,,,9:45,9.75,0,3,0.0,0,2,0.0,0,0,0.0,0,3,3,1,0,0,0,2,0,1.0,0022400363,Matas Buzelis,matas buzelis,,,2024-12-19,0,0.0,0.0,0.3076923076923077,0.10256410256410256,0.0,9.0,8.0,7.0,6.0,2.0,3.0,6.0,10.0,0.0,0,0.0,0,0.00125,-0.2,-159.8721023181455,-0.19975,0.0,4.0,8.0,0.0068802023
0022400363,1610612741,Chicago,Bulls,CHI,bulls,1629659,Talen,Horton-Tucker,T. Horton-Tucker,talen-horton-tucker,,,,18:55,18.916666666666668,4,11,0.364,1,5,0.2,0,0,0.0,1,2,3,1,0,0,1,2,9,-4.0,0022400363,Talen Horton-Tucker,talen horton-tucker,,,2024-12-19,0,0.47577092511013214,0.05286343612334801,0.15859030837004404,0.05286343612334801,0.05286343612334801,7.0,4.0,7.0,6.0,2.0,3.0,10.0,7.0,2.0,0,0.0,0,0.0024,-7.4,-3082.0491461890883,-7.38224,0.0,4.0,7.0,0.13346156
0022400363,1610612741,Chicago,Bulls,CHI,bulls,1630188,Jalen,Smith,J. Smith,jalen-smith,,,,15:00,15.0,0,0,0.0,0,0,0.0,0,0,0.0,1,5,6,1,0,0,1,1,0,1.0,0022400363,Jalen Smith,jalen smith,,,2024-12-19,0,0.0,0.06666666666666667,0.4,0.06666666666666667,0.06666666666666667,9.0,4.0,3.0,6.0,2.0,3.0,6.0,9.0,0.0,0,1.0,0,0.00026,7.4,28352.49042145594,7.398076,0.0,4.0,5.0,0.041350584
0022400363,1610612741,Chicago,Bulls,CHI,bulls,1641763,Julian,Phillips,J. Phillips,julian-phillips,,,,19:22,19.366666666666667,3,7,0.429,1,5,0.2,3,3,1.0,3,2,5,1,0,0,0,3,10,8.0,0022400363,Julian Phillips,julian phillips,,,2024-12-19,0,0.5163511187607573,0.1549053356282272,0.25817555938037867,0.05163511187607573,0.1549053356282272,6.0,1.0,6.0,6.0,2.0,3.0,3.0,6.0,0.0,0,0.0,0,0.0017399999999999998,27.9,16025.272831705917,27.851454,0.0,4.0,1.0,0.34260446
0022400381,1610612741,Chicago,Bulls,CHI,bulls,203897,Zach,LaVine,Z. LaVine,zach-lavine,F,,,29:32,29.533333333333335,4,11,0.364,4,5,0.8,2,2,1.0,0,4,4,4,1,0,2,1,14,-12.0,0022400381,Zach LaVine,zach lavine,,,2024-12-21,1,0.47404063205417607,0.0,0.13544018058690743,0.13544018058690743,0.03386004514672686,2.0,5.0,4.0,3.0,2.0,5.0,8.0,3.0,2.0,0,0.0,0,0.00187,-16.6,-8872.260823089258,-16.568958000000002,0.03386004514672686,3.0,11.0,0.5801709
0022400381,1610612741,Chicago,Bulls,CHI,bulls,1630172,Patrick,Williams,P. Williams,patrick-williams,F,,,21:49,21.816666666666666,5,11,0.455,2,4,0.5,2,2,1.0,0,5,5,5,1,1,1,0,14,-5.0,0022400381,Patrick Williams,patrick williams,,,2024-12-21,2,0.6417112299465241,0.0,0.2291825821237586,0.2291825821237586,0.09167303284950344,2.0,5.0,3.0,2.0,2.0,1.0,3.0,5.0,3.0,0,0.0,0,0.0022,-12.7,-5770.104497955474,-12.67206,0.09167303284950344,1.0,5.0,0.80584115
0022400381,1610612741,Chicago,Bulls,CHI,bulls,202696,Nikola,Vučević,N. Vučević,nikola-vučević,C,,,32:09,32.15,8,19,0.421,0,4,0.0,3,3,1.0,6,4,10,2,1,0,1,1,19,-17.0,0022400381,Nikola Vučević,nikola vučević,,,2024-12-21,1,0.5909797822706065,0.18662519440124417,0.3110419906687403,0.06220839813374806,0.2177293934681182,1.0,1.0,1.0,4.0,2.0,5.0,11.0,2.0,2.0,0,0.0,0,0.0025900000000000003,-22.6,-8722.500964878425,-22.541466000000003,0.03110419906687403,3.0,2.0,0.7407179
0022400381,1610612741,Chicago,Bulls,CHI,bulls,1630245,Ayo,Dosunmu,A. Dosunmu,ayo-dosunmu,G,,,32:16,32.266666666666666,3,7,0.429,1,4,0.25,0,0,0.0,1,3,4,6,1,0,1,1,7,-10.0,0022400381,Ayo Dosunmu,ayo dosunmu,,,2024-12-21,1,0.21694214876033058,0.030991735537190084,0.12396694214876033,0.18595041322314051,0.06198347107438017,6.0,3.0,4.0,1.0,2.0,5.0,6.0,1.0,2.0,0,0.0,0,0.00098,-14.3,-14576.962283384304,-14.285986000000001,0.030991735537190084,3.0,8.0,0.07739204
0022400381,1610612741,Chicago,Bulls,CHI,bulls,1629632,Coby,White,C. White,coby-white,G,,,25:23,25.383333333333333,5,14,0.357,2,8,0.25,2,2,1.0,0,0,0,1,1,0,3,4,14,-23.0,0022400381,Coby White,coby white,,,2024-12-21,1,0.551543007222587,0.0,0.0,0.03939592908732764,0.03939592908732764,2.0,5.0,12.0,8.0,2.0,5.0,12.0,4.0,2.0,0,0.0,0,0.003,-41.8,-13928.690436521158,-41.6746,0.03939592908732764,3.0,10.0,0.6313414
0022400381,1610612741,Chicago,Bulls,CHI,bulls,1628366,Lonzo,Ball,L. Ball,lonzo-ball,,,,15:17,15.283333333333333,1,5,0.2,0,3,0.0,0,0,0.0,0,2,2,2,2,0,1,0,2,-6.0,0022400381,Lonzo Ball,lonzo ball,,,2024-12-21,2,0.13086150490730644,0.0,0.13086150490730644,0.13086150490730644,0.13086150490730644,11.0,5.0,8.0,4.0,1.0,5.0,4.0,9.0,5.0,0,0.0,0,0.00158,-12.3,-7779.886148007591,-12.280566,0.13086150490730644,1.0,4.0,0.016796242
0022400381,1610612741,Chicago,Bulls,CHI,bulls,1641824,Matas,Buzelis,M. Buzelis,matas-buzelis,,,,20:06,20.1,4,10,0.4,1,4,0.25,0,0,0.0,0,1,1,2,0,1,0,2,9,-13.0,0022400381,Matas Buzelis,matas buzelis,,,2024-12-21,1,0.4477611940298507,0.0,0.04975124378109452,0.09950248756218905,0.04975124378109452,5.0,5.0,9.0,4.0,8.0,1.0,9.0,6.0,0.0,0,0.0,0,0.00213,-30.2,-14171.750351947441,-30.135674,0.04975124378109452,3.0,9.0,0.10570601
0022400381,1610612741,Chicago,Bulls,CHI,bulls,1629659,Talen,Horton-Tucker,T. Horton-Tucker,talen-horton-tucker,,,,14:20,14.333333333333334,1,5,0.2,1,2,0.5,0,0,0.0,0,3,3,1,1,0,1,1,3,-10.0,0022400381,Talen Horton-Tucker,talen horton-tucker,,,2024-12-21,1,0.20930232558139533,0.0,0.20930232558139533,0.06976744186046512,0.06976744186046512,9.0,5.0,7.0,8.0,2.0,5.0,6.0,10.0,1.0,0,0.0,0,0.00182,-32.3,-17737.506864360243,-32.24121399999999,0.06976744186046512,3.0,7.0,0.008339071
0022400381,1610612741,Chicago,Bulls,CHI,bulls,1631207,Dalen,Terry,D. Terry,dalen-terry,,,,11:31,11.516666666666667,1,5,0.2,1,2,0.5,0,0,0.0,0,1,1,1,0,1,2,2,3,-9.0,0022400381,Dalen Terry,dalen terry,,,2024-12-21,1,0.26049204052098407,0.0,0.08683068017366136,0.08683068017366136,0.08683068017366136,9.0,5.0,9.0,8.0,8.0,1.0,5.0,11.0,0.0,0,0.0,0,0.00269,-33.9,-12597.547380156075,-33.808809,0.08683068017366136,3.0,6.0,0.007169659
0022400381,1610612741,Chicago,Bulls,CHI,bulls,1630188,Jalen,Smith,J. Smith,jalen-smith,,,,16:36,16.6,1,3,0.333,0,1,0.0,0,0,0.0,0,8,8,1,0,0,0,0,2,-16.0,0022400381,Jalen Smith,jalen smith,,,2024-12-21,0,0.12048192771084336,0.0,0.48192771084337344,0.06024096385542168,0.0,11.0,5.0,2.0,8.0,8.0,5.0,10.0,8.0,1.0,0,0.0,0,0.00077,-44.4,-57587.54863813229,-44.365812,0.0,11.0,12.0,0.01096377
0022400381,1610612741,Chicago,Bulls,CHI,bulls,1641763,Julian,Phillips,J. Phillips,julian-phillips,,,,16:43,16.716666666666665,2,5,0.4,2,4,0.5,1,2,0.5,2,2,4,2,0,1,0,2,7,-4.0,0022400381,Julian Phillips,julian phillips,,,2024-12-21,1,0.4187437686939183,0.11964107676969093,0.23928215353938187,0.11964107676969093,0.1794616151545364,6.0,2.0,4.0,4.0,8.0,1.0,2.0,7.0,2.0,0,0.0,0,0.0014299999999999998,-11.8,-8245.981830887493,-11.783126,0.05982053838484547,3.0,3.0,0.3969857
0022400381,1610612741,Chicago,Bulls,CHI,bulls,1628975,Jevon,Carter,J. Carter,jevon-carter,,,,4:18,4.3,2,3,0.667,0,0,0.0,0,0,0.0,1,0,1,1,0,0,0,0,4,0.0,0022400381,Jevon Carter,jevon carter,,,2024-12-21,0,0.9302325581395349,0.23255813953488372,0.23255813953488372,0.23255813953488372,0.23255813953488372,8.0,3.0,9.0,8.0,8.0,5.0,1.0,12.0,,1,,1,0.003,12.5,4165.278240586471,12.4625,0.0,11.0,1.0,0.042634178
0022400398,1610612741,Chicago,Bulls,CHI,bulls,203897,Zach,LaVine,Z. LaVine,zach-lavine,F,,,33:37,33.61666666666667,5,13,0.385,1,6,0.167,3,3,1.0,0,6,6,3,1,0,3,0,14,-18.0,0022400398,Zach LaVine,zach lavine,,,2024-12-23,1,0.4164600892414477,0.0,0.17848289538919188,0.08924144769459594,0.029747149231531978,2.0,7.0,3.0,2.0,3.0,2.0,10.0,3.0,1.0,0,0.0,0,0.00221,-23.7,-10719.131614654001,-23.647623,0.029747149231531978,3.0,10.0,0.44883397
0022400398,1610612741,Chicago,Bulls,CHI,bulls,1630172,Patrick,Williams,P. Williams,patrick-williams,F,,,22:54,22.9,5,8,0.625,3,6,0.5,0,0,0.0,0,4,4,1,0,0,0,2,13,1.0,0022400398,Patrick Williams,patrick williams,,,2024-12-23,0,0.5676855895196506,0.0,0.17467248908296945,0.04366812227074236,0.0,4.0,7.0,4.0,6.0,8.0,2.0,2.0,5.0,1.0,0,0.0,0,0.00157,8.1,5155.951623169955,8.087283,0.0,9.0,11.0,0.8230286
0022400398,1610612741,Chicago,Bulls,CHI,bulls,202696,Nikola,Vučević,N. Vučević,nikola-vučević,C,,,30:58,30.966666666666665,7,16,0.438,2,8,0.25,1,2,0.5,2,10,12,3,1,0,1,1,17,-15.0,0022400398,Nikola Vučević,nikola vučević,,,2024-12-23,1,0.5489773950484392,0.06458557588805167,0.38751345532831005,0.09687836383207751,0.09687836383207751,1.0,1.0,1.0,2.0,3.0,2.0,9.0,4.0,1.0,0,0.0,0,0.0025,-22.4,-8956.417433026789,-22.344,0.03229278794402583,3.0,6.0,0.8175775
0022400398,1610612741,Chicago,Bulls,CHI,bulls,1630245,Ayo,Dosunmu,A. Dosunmu,ayo-dosunmu,G,,,33:47,33.78333333333333,2,9,0.222,0,5,0.0,1,2,0.5,0,4,4,11,2,0,4,2,5,-19.0,0022400398,Ayo Dosunmu,ayo dosunmu,,,2024-12-23,2,0.1480019733596448,0.0,0.11840157868771584,0.3256043413912186,0.05920078934385792,7.0,7.0,4.0,1.0,1.0,2.0,11.0,2.0,0.0,0,0.0,0,0.00169,-24.5,-14488.468361916026,-24.458595000000003,0.05920078934385792,1.0,8.0,0.054225013
0022400398,1610612741,Chicago,Bulls,CHI,bulls,1629632,Coby,White,C. White,coby-white,G,,,34:04,34.06666666666667,4,11,0.364,2,6,0.333,0,0,0.0,1,1,2,3,1,0,3,0,10,-13.0,0022400398,Coby White,coby white,,,2024-12-23,1,0.29354207436399216,0.029354207436399216,0.05870841487279843,0.08806262230919765,0.05870841487279843,5.0,4.0,8.0,2.0,3.0,2.0,8.0,1.0,0.0,0,0.0,0,0.0017299999999999998,-14.9,-8607.741190063549,-14.874223,0.029354207436399216,3.0,9.0,0.19969644
0022400398,1610612741,Chicago,Bulls,CHI,bulls,1629659,Talen,Horton-Tucker,T. Horton-Tucker,talen-horton-tucker,,,,13:25,13.416666666666666,0,4,0.0,0,3,0.0,2,2,1.0,0,3,3,1,2,0,0,2,2,-10.0,0022400398,Talen Horton-Tucker,talen horton-tucker,,,2024-12-23,2,0.14906832298136646,0.0,0.2236024844720497,0.07453416149068323,0.14906832298136646,9.0,7.0,6.0,6.0,1.0,2.0,6.0,10.0,2.0,0,0.0,0,0.00172,-35.7,-20743.753631609532,-35.638596,0.14906832298136646,1.0,3.0,0.009753378
0022400398,1610612741,Chicago,Bulls,CHI,bulls,1641763,Julian,Phillips,J. Phillips,julian-phillips,,,,14:19,14.316666666666666,1,4,0.25,0,3,0.0,0,0,0.0,1,0,1,0,0,0,1,3,2,-20.0,0022400398,Julian Phillips,julian phillips,,,2024-12-23,0,0.13969732246798602,0.06984866123399301,0.06984866123399301,0.0,0.06984866123399301,9.0,4.0,11.0,11.0,8.0,2.0,12.0,9.0,1.0,0,0.0,0,0.00161,-73.4,-45561.762880198636,-73.28182600000001,0.0,9.0,7.0,0.008372638
0022400398,1610612741,Chicago,Bulls,CHI,bulls,1630188,Jalen,Smith,J. Smith,jalen-smith,,,,16:47,16.783333333333335,6,11,0.545,1,5,0.2,1,1,1.0,2,5,7,2,0,0,2,2,14,-10.0,0022400398,Jalen Smith,jalen smith,,,2024-12-23,0,0.8341608738828202,0.11916583912611717,0.4170804369414101,0.11916583912611717,0.11916583912611717,2.0,1.0,2.0,5.0,8.0,2.0,6.0,6.0,0.0,0,0.0,0,0.00317,-27.8,-8766.950488804792,-27.711874,0.0,9.0,5.0,0.8545927
0022400398,1610612741,Chicago,Bulls,CHI,bulls,1641824,Matas,Buzelis,M. Buzelis,matas-buzelis,,,,15:21,15.35,1,4,0.25,1,3,0.333,1,2,0.5,1,1,2,1,0,1,1,1,4,2.0,0022400398,Matas Buzelis,matas buzelis,,,2024-12-23,1,0.26058631921824105,0.06514657980456026,0.13029315960912052,0.06514657980456026,0.13029315960912052,8.0,4.0,8.0,6.0,8.0,1.0,1.0,8.0,1.0,0,0.0,0,0.00158,8.9,5629.348513598989,8.885938,0.06514657980456026,3.0,4.0,0.06255292
0022400398,1610612741,Chicago,Bulls,CHI,bulls,1631207,Dalen,Terry,D. Terry,dalen-terry,,,,16:24,16.4,4,7,0.571,0,2,0.0,0,0,0.0,2,1,3,1,1,0,0,2,8,-5.0,0022400398,Dalen Terry,dalen terry,,,2024-12-23,1,0.48780487804878053,0.12195121951219513,0.1829268292682927,0.06097560975609757,0.1829268292682927,6.0,1.0,6.0,6.0,3.0,2.0,5.0,7.0,2.0,0,0.0,0,0.0017100000000000001,-13.9,-8123.904149620105,-13.876231,0.06097560975609757,3.0,2.0,0.4562745
0022400398,1610612741,Chicago,Bulls,CHI,bulls,1628975,Jevon,Carter,J. Carter,jevon-carter,,,,4:12,4.2,0,1,0.0,0,1,0.0,0,0,0.0,0,0,0,0,1,0,0,0,0,1.0,0022400398,Jevon Carter,jevon carter,,,2024-12-23,1,0.0,0.0,0.0,0.0,0.23809523809523808,12.0,7.0,12.0,11.0,3.0,2.0,2.0,11.0,1.0,0,0.0,0,0.00125,12.5,9992.006394884093,12.484375,0.23809523809523808,3.0,1.0,0.008348887
0022400398,1610612741,Chicago,Bulls,CHI,bulls,1630537,Chris,Duarte,C. Duarte,chris-duarte,,,,4:12,4.2,1,2,0.5,0,0,0.0,0,0,0.0,0,2,2,1,0,0,0,0,2,1.0,0022400398,Chris Duarte,chris duarte,,,2024-12-23,0,0.47619047619047616,0.0,0.47619047619047616,0.23809523809523808,0.0,9.0,7.0,8.0,6.0,8.0,2.0,2.0,11.0,,1,,1,0.0025,12.5,4998.000799680128,12.46875,0.0,9.0,11.0,0.012430959
0022400413,1610612741,Chicago,Bulls,CHI,bulls,1631207,Dalen,Terry,D. Terry,dalen-terry,F,,,9:08,9.133333333333333,0,1,0.0,0,1,0.0,0,0,0.0,0,0,0,1,0,0,1,4,0,-16.0,0022400413,Dalen Terry,dalen terry,,,2024-12-26,0,0.0,0.0,0.0,0.10948905109489052,0.0,9.0,7.0,9.0,7.0,6.0,2.0,8.0,10.0,5.0,0,0.0,0,0.00095,-73.3,-77076.76130389064,-73.23036499999999,0.0,6.0,9.0,0.0026200563
0022400413,1610612741,Chicago,Bulls,CHI,bulls,1630172,Patrick,Williams,P. Williams,patrick-williams,F,,,27:09,27.15,5,10,0.5,1,6,0.167,0,0,0.0,1,2,3,4,3,0,0,0,11,-19.0,0022400413,Patrick Williams,patrick williams,,,2024-12-26,3,0.40515653775322286,0.03683241252302026,0.11049723756906078,0.14732965009208104,0.14732965009208104,5.0,4.0,6.0,5.0,1.0,2.0,10.0,5.0,4.0,0,0.0,0,0.0015199999999999999,-33.0,-21696.252465483238,-32.94984,0.11049723756906078,1.0,2.0,0.45863748
0022400413,1610612741,Chicago,Bulls,CHI,bulls,202696,Nikola,Vučević,N. Vučević,nikola-vučević,C,,,36:04,36.06666666666667,9,13,0.692,1,1,1.0,0,0,0.0,2,6,8,3,2,0,0,4,19,-8.0,0022400413,Nikola Vučević,nikola vučević,,,2024-12-26,2,0.5268022181146026,0.055452865064695,0.22181146025878,0.08317929759704251,0.11090573012939,4.0,1.0,1.0,6.0,2.0,2.0,5.0,1.0,3.0,0,0.0,0,0.00149,-8.3,-5566.733735747821,-8.287633000000001,0.055452865064695,2.0,4.0,0.76498777
0022400413,1610612741,Chicago,Bulls,CHI,bulls,203897,Zach,LaVine,Z. LaVine,zach-lavine,G,,,36:04,36.06666666666667,14,25,0.56,7,9,0.778,2,2,1.0,1,4,5,7,1,1,7,3,37,-8.0,0022400413,Zach LaVine,zach lavine,,,2024-12-26,2,1.0258780036968576,0.0277264325323475,0.1386321626617375,0.19408502772643252,0.08317929759704251,1.0,4.0,3.0,2.0,3.0,1.0,5.0,1.0,2.0,0,0.0,0,0.00379,-8.3,-2189.3959377472966,-8.268543000000001,0.055452865064695,2.0,6.0,0.8746156
0022400413,1610612741,Chicago,Bulls,CHI,bulls,1629632,Coby,White,C. White,coby-white,G,,,34:23,34.38333333333333,8,13,0.615,5,8,0.625,2,2,1.0,0,3,3,9,1,0,3,3,23,-16.0,0022400413,Coby White,coby white,,,2024-12-26,1,0.6689287445467765,0.0,0.08725157537566651,0.2617547261269995,0.029083858458555503,3.0,7.0,6.0,1.0,3.0,2.0,8.0,4.0,1.0,0,0.0,0,0.00198,-18.9,-9540.636042402826,-18.862578,0.029083858458555503,4.0,7.0,0.8329492
0022400413,1610612741,Chicago,Bulls,CHI,bulls,1628975,Jevon,Carter,J. Carter,jevon-carter,,,,35:57,35.95,9,15,0.6,7,11,0.636,1,2,0.5,0,4,4,5,1,0,2,3,26,7.0,0022400413,Jevon Carter,jevon carter,,,2024-12-26,1,0.7232267037552155,0.0,0.11126564673157162,0.13908205841446453,0.027816411682892905,2.0,7.0,4.0,4.0,3.0,2.0,3.0,3.0,4.0,0,0.0,0,0.00193,7.2,3728.638011393061,7.186104,0.027816411682892905,4.0,8.0,0.8444593
0022400413,1610612741,Chicago,Bulls,CHI,bulls,1629659,Talen,Horton-Tucker,T. Horton-Tucker,talen-horton-tucker,,,,22:15,22.25,0,6,0.0,0,3,0.0,0,0,0.0,0,0,0,6,0,0,1,2,0,14.0,0022400413,Talen Horton-Tucker,talen horton-tucker,,,2024-12-26,0,0.0,0.0,0.0,0.2696629213483146,0.0,9.0,7.0,9.0,3.0,6.0,2.0,2.0,6.0,4.0,0,0.0,0,0.0013,35.4,27209.838585703306,35.35398,0.0,6.0,9.0,0.0114762755
0022400413,1610612741,Chicago,Bulls,CHI,bulls,1641763,Julian,Phillips,J. Phillips,julian-phillips,,,,13:29,13.483333333333333,1,5,0.2,0,1,0.0,0,0,0.0,2,1,3,1,0,0,0,2,2,15.0,0022400413,Julian Phillips,julian phillips,,,2024-12-26,0,0.14833127317676145,0.14833127317676145,0.22249690976514216,0.07416563658838073,0.14833127317676145,8.0,1.0,6.0,7.0,6.0,2.0,1.0,8.0,2.0,0,0.0,0,0.00147,48.3,32834.80625424881,48.228999,0.0,6.0,1.0,0.08141166
0022400413,1610612741,Chicago,Bulls,CHI,bulls,1630188,Jalen,Smith,J. Smith,jalen-smith,,,,11:56,11.933333333333334,4,5,0.8,0,0,0.0,0,0,0.0,1,5,6,0,0,0,0,2,8,0.0,0022400413,Jalen Smith,jalen smith,,,2024-12-26,0,0.6703910614525139,0.08379888268156424,0.5027932960893855,0.0,0.08379888268156424,6.0,4.0,2.0,9.0,6.0,2.0,4.0,9.0,2.0,0,0.0,0,0.00167,4.9,2932.375822860563,4.8918170000000005,0.0,6.0,5.0,0.6227181
0022400413,1610612741,Chicago,Bulls,CHI,bulls,1628470,Torrey,Craig,T. Craig,torrey-craig,,,,13:35,13.583333333333334,3,5,0.6,1,3,0.333,0,0,0.0,2,2,4,0,0,0,0,3,7,-9.0,0022400413,Torrey Craig,torrey craig,,,2024-12-26,0,0.5153374233128835,0.14723926380368096,0.29447852760736193,0.0,0.14723926380368096,7.0,1.0,4.0,9.0,6.0,2.0,7.0,7.0,1.0,0,0.0,0,0.0014299999999999998,-30.0,-20964.3605870021,-29.957099999999997,0.0,6.0,3.0,0.11852058
0022400430,1610612741,Chicago,Bulls,CHI,bulls,203897,Zach,LaVine,Z. LaVine,zach-lavine,F,,,34:35,34.583333333333336,5,12,0.417,1,4,0.25,4,6,0.667,0,6,6,7,0,0,3,0,15,7.0,0022400430,Zach LaVine,zach lavine,,,2024-12-28,0,0.4337349397590361,0.0,0.17349397590361446,0.20240963855421684,0.0,4.0,6.0,3.0,2.0,5.0,5.0,4.0,2.0,2.0,0,0.0,0,0.00212,9.5,4479.019330504479,9.47986,0.0,7.0,9.0,0.41566655
0022400430,1610612741,Chicago,Bulls,CHI,bulls,1630172,Patrick,Williams,P. Williams,patrick-williams,F,,,28:41,28.683333333333334,4,8,0.5,1,1,1.0,0,0,0.0,0,2,2,1,1,2,1,1,9,12.0,0022400430,Patrick Williams,patrick williams,,,2024-12-28,3,0.31377106333527016,0.0,0.06972690296339337,0.034863451481696686,0.10459035444509006,5.0,6.0,8.0,7.0,1.0,1.0,2.0,5.0,3.0,0,0.0,0,0.0013,21.4,16448.885472713297,21.37218,0.10459035444509006,1.0,4.0,0.60120976
0022400430,1610612741,Chicago,Bulls,CHI,bulls,202696,Nikola,Vučević,N. Vučević,nikola-vučević,C,,,38:25,38.416666666666664,10,24,0.417,3,7,0.429,0,0,0.0,5,8,13,5,1,0,1,2,23,3.0,0022400430,Nikola Vučević,nikola vučević,,,2024-12-28,1,0.5986984815618221,0.13015184381778744,0.33839479392624733,0.13015184381778744,0.1561822125813449,1.0,1.0,2.0,3.0,1.0,5.0,6.0,1.0,3.0,0,0.0,0,0.00269,3.6,1337.7926421404682,3.590316,0.026030368763557486,4.0,2.0,0.8567482
0022400430,1610612741,Chicago,Bulls,CHI,bulls,1629632,Coby,White,C. White,coby-white,G,,,34:11,34.18333333333333,9,16,0.563,1,5,0.2,3,3,1.0,0,2,2,4,0,1,1,3,22,12.0,0022400430,Coby White,coby white,,,2024-12-28,1,0.643588493417845,0.0,0.05850804485616773,0.11701608971233546,0.029254022428083865,3.0,6.0,8.0,4.0,5.0,3.0,2.0,3.0,0.0,0,0.0,0,0.0022500000000000003,15.6,6930.253220790758,15.5649,0.029254022428083865,4.0,8.0,0.7943261
0022400430,1610612741,Chicago,Bulls,CHI,bulls,1630581,Josh,Giddey,J. Giddey,josh-giddey,G,,,29:29,29.483333333333334,9,15,0.6,2,6,0.333,3,4,0.75,2,13,15,10,1,1,2,1,23,18.0,0022400430,Josh Giddey,josh giddey,,,2024-12-28,2,0.7801017524024872,0.06783493499152063,0.5087620124364047,0.3391746749576032,0.13566986998304126,1.0,2.0,1.0,1.0,1.0,3.0,1.0,4.0,1.0,0,0.0,0,0.0027500000000000003,30.9,11232.279171210466,30.815025,0.06783493499152063,2.0,3.0,0.9207287
0022400430,1610612741,Chicago,Bulls,CHI,bulls,1628366,Lonzo,Ball,L. Ball,lonzo-ball,,,,19:29,19.483333333333334,3,5,0.6,3,4,0.75,0,0,0.0,0,3,3,3,1,0,2,3,9,-17.0,0022400430,Lonzo Ball,lonzo ball,,,2024-12-28,1,0.4619332763045338,0.0,0.15397775876817793,0.15397775876817793,0.05132591958939264,5.0,6.0,4.0,5.0,1.0,5.0,12.0,6.0,3.0,0,0.0,0,0.0014000000000000002,-38.0,-27123.48322626695,-37.9468,0.05132591958939264,4.0,7.0,0.09830108
0022400430,1610612741,Chicago,Bulls,CHI,bulls,1641824,Matas,Buzelis,M. Buzelis,matas-buzelis,,,,12:58,12.966666666666667,1,2,0.5,0,0,0.0,0,0,0.0,2,1,3,0,0,2,0,1,2,-4.0,0022400430,Matas Buzelis,matas buzelis,,,2024-12-28,2,0.15424164524421594,0.15424164524421594,0.23136246786632392,0.0,0.30848329048843187,9.0,2.0,4.0,9.0,5.0,1.0,9.0,8.0,0.0,0,0.0,0,0.00065,-17.4,-26728.11059907834,-17.388689999999997,0.15424164524421594,2.0,1.0,0.046193466
0022400430,1610612741,Chicago,Bulls,CHI,bulls,1631207,Dalen,Terry,D. Terry,dalen-terry,,,,16:51,16.85,1,2,0.5,0,0,0.0,0,2,0.0,1,2,3,2,0,0,1,3,2,-6.0,0022400430,Dalen Terry,dalen terry,,,2024-12-28,0,0.11869436201780414,0.05934718100890207,0.17804154302670622,0.11869436201780414,0.05934718100890207,9.0,4.0,4.0,6.0,5.0,5.0,11.0,7.0,2.0,0,0.0,0,0.00083,-18.5,-22262.33453670277,-18.484645,0.0,7.0,6.0,0.010095389
0022400430,1610612741,Chicago,Bulls,CHI,bulls,1628975,Jevon,Carter,J. Carter,jevon-carter,,,,6:10,6.166666666666667,1,2,0.5,1,2,0.5,2,2,1.0,0,1,1,1,0,0,0,0,5,-4.0,0022400430,Jevon Carter,jevon carter,,,2024-12-28,0,0.8108108108108107,0.0,0.16216216216216214,0.16216216216216214,0.0,8.0,6.0,10.0,7.0,5.0,5.0,9.0,10.0,0.0,0,0.0,0,0.00231,-40.4,-17481.60969277369,-40.306675999999996,0.0,7.0,9.0,0.008750416
0022400430,1610612741,Chicago,Bulls,CHI,bulls,1641763,Julian,Phillips,J. Phillips,julian-phillips,,,,4:43,4.716666666666667,0,1,0.0,0,0,0.0,0,0,0.0,0,1,1,0,0,0,0,0,0,0.0,0022400430,Julian Phillips,julian phillips,,,2024-12-28,0,0.0,0.0,0.21201413427561838,0.0,0.0,11.0,6.0,10.0,9.0,5.0,5.0,7.0,11.0,0.0,0,0.0,0,0.00091,-8.2,-9001.097694840833,-8.192537999999999,0.0,7.0,9.0,0.0036080044
0022400430,1610612741,Chicago,Bulls,CHI,bulls,1629659,Talen,Horton-Tucker,T. Horton-Tucker,talen-horton-tucker,,,,3:15,3.25,0,0,0.0,0,0,0.0,0,0,0.0,0,0,0,0,0,0,0,1,0,5.0,0022400430,Talen Horton-Tucker,talen horton-tucker,,,2024-12-28,0,0.0,0.0,0.0,0.0,0.0,11.0,6.0,12.0,9.0,5.0,5.0,5.0,12.0,,1,,1,0.0,97.6,97600000.0,97.6,0.0,7.0,9.0,0.0048522986
0022400430,1610612741,Chicago,Bulls,CHI,bulls,1628470,Torrey,Craig,T. Craig,torrey-craig,,,,11:13,11.216666666666667,2,8,0.25,2,7,0.286,0,0,0.0,1,2,3,0,0,0,0,1,6,-1.0,0022400430,Torrey Craig,torrey craig,,,2024-12-28,0,0.5349182763744428,0.08915304606240713,0.2674591381872214,0.0,0.08915304606240713,7.0,4.0,4.0,9.0,5.0,5.0,8.0,9.0,1.0,0,0.0,0,0.00267,0.5,187.19580681392736,0.498665,0.0,7.0,5.0,0.07799628
0022400442,1610612741,Chicago,Bulls,CHI,bulls,1641763,Julian,Phillips,J. Phillips,julian-phillips,F,,,11:00,11.0,0,0,0.0,0,0,0.0,2,2,1.0,0,1,1,0,0,0,1,1,2,-21.0,0022400442,Julian Phillips,julian phillips,,,2024-12-30,0,0.18181818181818182,0.0,0.09090909090909091,0.0,0.0,10.0,9.0,11.0,8.0,8.0,4.0,11.0,10.0,0.0,0,0.0,0,0.0006900000000000001,-78.9,-114182.34442836468,-78.84555900000001,0.0,9.0,10.0,0.0033283322
0022400442,1610612741,Chicago,Bulls,CHI,bulls,1630172,Patrick,Williams,P. Williams,patrick-williams,F,,,32:17,32.28333333333333,5,11,0.455,5,10,0.5,2,2,1.0,1,2,3,0,0,0,1,2,17,-9.0,0022400442,Patrick Williams,patrick williams,,,2024-12-30,0,0.5265875064532783,0.030975735673722252,0.09292720702116676,0.0,0.030975735673722252,3.0,4.0,8.0,8.0,8.0,4.0,10.0,3.0,1.0,0,0.0,0,0.0016,-11.5,-7183.010618363523,-11.4816,0.0,9.0,9.0,0.849195
0022400442,1610612741,Chicago,Bulls,CHI,bulls,202696,Nikola,Vučević,N. Vučević,nikola-vučević,C,,,34:51,34.85,6,14,0.429,3,7,0.429,1,3,0.333,2,11,13,3,1,0,2,3,16,-4.0,0022400442,Nikola Vučević,nikola vučević,,,2024-12-30,1,0.45911047345767575,0.05738880918220947,0.3730272596843615,0.0860832137733142,0.0860832137733142,4.0,2.0,1.0,4.0,3.0,4.0,8.0,2.0,1.0,0,0.0,0,0.00191,-5.4,-2825.74568288854,-5.389686,0.028694404591104734,4.0,7.0,0.45005146
0022400442,1610612741,Chicago,Bulls,CHI,bulls,1629632,Coby,White,C. White,coby-white,G,,,40:54,40.9,8,24,0.333,1,11,0.091,6,7,0.857,1,9,10,9,1,0,3,2,23,-3.0,0022400442,Coby White,coby white,,,2024-12-30,1,0.5623471882640587,0.02444987775061125,0.24449877750611249,0.22004889975550124,0.0488997555012225,1.0,4.0,3.0,1.0,3.0,4.0,7.0,1.0,0.0,0,0.0,0,0.0028799999999999997,-3.4,-1180.1457827143354,-3.390208,0.02444987775061125,4.0,8.0,0.53103364
0022400442,1610612741,Chicago,Bulls,CHI,bulls,1630581,Josh,Giddey,J. Giddey,josh-giddey,G,,,30:28,30.466666666666665,4,16,0.25,1,9,0.111,4,4,1.0,5,7,12,6,1,0,2,0,13,-4.0,0022400442,Josh Giddey,josh giddey,,,2024-12-30,1,0.42669584245076586,0.1641137855579869,0.39387308533916854,0.19693654266958427,0.19693654266958427,5.0,1.0,2.0,2.0,3.0,4.0,8.0,4.0,3.0,0,0.0,0,0.0026,-7.5,-2883.506343713956,-7.480499999999999,0.03282275711159738,4.0,2.0,0.2207702
0022400442,1610612741,Chicago,Bulls,CHI,bulls,1628366,Lonzo,Ball,L. Ball,lonzo-ball,,,,25:54,25.9,1,3,0.333,1,3,0.333,1,3,0.333,1,2,3,5,3,0,1,3,4,25.0,0022400442,Lonzo Ball,lonzo ball,,,2024-12-30,3,0.15444015444015444,0.03861003861003861,0.11583011583011583,0.19305019305019305,0.15444015444015444,8.0,4.0,8.0,3.0,1.0,4.0,1.0,5.0,5.0,0,0.0,0,0.0007599999999999999,41.8,54927.72667542707,41.768232,0.11583011583011583,2.0,4.0,0.1505119
0022400442,1610612741,Chicago,Bulls,CHI,bulls,1641824,Matas,Buzelis,M. Buzelis,matas-buzelis,,,,10:26,10.433333333333334,1,6,0.167,0,1,0.0,0,0,0.0,0,2,2,0,0,1,0,1,2,3.0,0022400442,Matas Buzelis,matas buzelis,,,2024-12-30,1,0.19169329073482427,0.0,0.19169329073482427,0.0,0.09584664536741214,10.0,9.0,10.0,8.0,8.0,2.0,6.0,11.0,0.0,0,0.0,0,0.00214,13.0,6071.929005137786,12.97218,0.09584664536741214,4.0,6.0,0.011588373
0022400442,1610612741,Chicago,Bulls,CHI,bulls,1631207,Dalen,Terry,D. Terry,dalen-terry,,,,19:28,19.466666666666665,1,4,0.25,1,3,0.333,2,4,0.5,0,4,4,3,0,0,1,0,5,5.0,0022400442,Dalen Terry,dalen terry,,,2024-12-30,0,0.2568493150684932,0.0,0.20547945205479454,0.1541095890410959,0.0,7.0,9.0,7.0,4.0,8.0,4.0,5.0,8.0,1.0,0,0.0,0,0.00149,15.9,10663.983903420523,15.876309000000001,0.0,9.0,10.0,0.019842766
0022400442,1610612741,Chicago,Bulls,CHI,bulls,1630188,Jalen,Smith,J. Smith,jalen-smith,,,,18:09,18.15,5,10,0.5,1,6,0.167,0,0,0.0,1,4,5,0,1,1,0,1,11,11.0,0022400442,Jalen Smith,jalen smith,,,2024-12-30,2,0.6060606060606061,0.05509641873278237,0.27548209366391185,0.0,0.1652892561983471,6.0,4.0,4.0,8.0,3.0,2.0,4.0,9.0,1.0,0,0.0,0,0.00227,30.5,13430.206957287539,30.430765,0.11019283746556474,3.0,3.0,0.6903791
0022400442,1610612741,Chicago,Bulls,CHI,bulls,1629659,Talen,Horton-Tucker,T. Horton-Tucker,talen-horton-tucker,,,,20:06,20.1,2,6,0.333,0,3,0.0,0,0,0.0,1,4,5,3,3,2,2,3,4,20.0,0022400442,Talen Horton-Tucker,talen horton-tucker,,,2024-12-30,5,0.1990049751243781,0.04975124378109452,0.24875621890547261,0.14925373134328357,0.29850746268656714,8.0,4.0,4.0,4.0,1.0,1.0,2.0,7.0,2.0,0,0.0,0,0.0016,45.5,28419.737663960026,45.4272,0.24875621890547261,1.0,1.0,0.4216415
0022400442,1610612741,Chicago,Bulls,CHI,bulls,1628470,Torrey,Craig,T. Craig,torrey-craig,,,,21:27,21.45,6,10,0.6,5,7,0.714,1,2,0.5,2,3,5,2,1,0,0,1,18,12.0,0022400442,Torrey Craig,torrey craig,,,2024-12-30,1,0.8391608391608392,0.09324009324009325,0.23310023310023312,0.09324009324009325,0.13986013986013987,2.0,2.0,4.0,7.0,3.0,4.0,3.0,6.0,2.0,0,0.0,0,0.00216,29.3,13558.537714021286,29.236712,0.046620046620046623,4.0,5.0,0.89208245
0022400456,1610612741,Chicago,Bulls,CHI,bulls,203897,Zach,LaVine,Z. LaVine,zach-lavine,F,,,31:13,31.216666666666665,12,20,0.6,3,8,0.375,5,7,0.714,0,1,1,3,2,1,3,2,32,2.0,0022400456,Zach LaVine,zach lavine,,,2025-01-01,3,1.0250934329951948,0.0,0.03203416978109984,0.09610250934329953,0.09610250934329953,1.0,6.0,9.0,4.0,2.0,1.0,1.0,2.0,1.0,0,0.0,0,0.00329,4.3,1306.5937405044058,4.2858529999999995,0.09610250934329953,2.0,6.0,0.8549338
0022400456,1610612741,Chicago,Bulls,CHI,bulls,1630172,Patrick,Williams,P. Williams,patrick-williams,F,,,22:43,22.716666666666665,3,6,0.5,1,4,0.25,0,0,0.0,0,3,3,3,1,0,2,0,7,-3.0,0022400456,Patrick Williams,patrick williams,,,2025-01-01,1,0.30814380044020545,0.0,0.13206162876008806,0.13206162876008806,0.04402054292002935,4.0,6.0,5.0,4.0,3.0,7.0,6.0,5.0,1.0,0,0.0,0,0.00145,-3.5,-2412.1295658166787,-3.4949250000000003,0.04402054292002935,6.0,9.0,0.076390475
0022400456,1610612741,Chicago,Bulls,CHI,bulls,202696,Nikola,Vučević,N. Vučević,nikola-vučević,C,,,31:49,31.816666666666666,5,17,0.294,2,9,0.222,0,0,0.0,2,12,14,6,0,0,1,2,12,-2.0,0022400456,Nikola Vučević,nikola vučević,,,2025-01-01,0,0.3771608171817706,0.06286013619696176,0.4400209533787323,0.1885804085908853,0.06286013619696176,3.0,2.0,1.0,1.0,9.0,7.0,4.0,1.0,0.0,0,0.0,0,0.0022500000000000003,-4.3,-1910.2621057307858,-4.290325,0.0,10.0,7.0,0.23742379
0022400456,1610612741,Chicago,Bulls,CHI,bulls,1630581,Josh,Giddey,J. Giddey,josh-giddey,G,,,26:16,26.266666666666666,3,8,0.375,0,1,0.0,0,0,0.0,3,3,6,2,1,1,5,1,6,-17.0,0022400456,Josh Giddey,josh giddey,,,2025-01-01,2,0.2284263959390863,0.11421319796954316,0.2284263959390863,0.07614213197969544,0.1903553299492386,6.0,1.0,3.0,7.0,3.0,1.0,9.0,4.0,4.0,0,0.0,0,0.00197,-27.9,-14155.25114155251,-27.845036999999998,0.07614213197969544,3.0,3.0,0.08692383
0022400456,1610612741,Chicago,Bulls,CHI,bulls,1629632,Coby,White,C. White,coby-white,G,,,31:00,31.0,5,11,0.455,2,6,0.333,5,5,1.0,0,2,2,6,1,0,4,3,17,-22.0,0022400456,Coby White,coby white,,,2025-01-01,1,0.5483870967741935,0.0,0.06451612903225806,0.1935483870967742,0.03225806451612903,2.0,6.0,7.0,1.0,3.0,7.0,12.0,3.0,3.0,0,0.0,0,0.0022400000000000002,-25.0,-11155.73404730031,-24.944,0.03225806451612903,6.0,10.0,0.79800075
0022400456,1610612741,Chicago,Bulls,CHI,bulls,1628366,Lonzo,Ball,L. Ball,lonzo-ball,,,,22:28,22.466666666666665,2,7,0.286,1,6,0.167,0,0,0.0,1,7,8,4,3,1,1,1,5,-6.0,0022400456,Lonzo Ball,lonzo ball,,,2025-01-01,4,0.2225519287833828,0.04451038575667656,0.3560830860534125,0.17804154302670624,0.2225519287833828,8.0,3.0,2.0,3.0,1.0,1.0,7.0,6.0,4.0,0,0.0,0,0.0013800000000000002,-13.2,-9558.291093410571,-13.181783999999999,0.17804154302670624,1.0,1.0,0.042605586
0022400456,1610612741,Chicago,Bulls,CHI,bulls,1641824,Matas,Buzelis,M. Buzelis,matas-buzelis,,,,14:12,14.2,2,5,0.4,1,3,0.333,0,0,0.0,1,3,4,0,1,1,1,0,5,2.0,0022400456,Matas Buzelis,matas buzelis,,,2025-01-01,2,0.35211267605633806,0.07042253521126761,0.28169014084507044,0.0,0.21126760563380284,8.0,3.0,4.0,9.0,3.0,1.0,1.0,9.0,2.0,0,0.0,0,0.00167,8.7,5206.463195691203,8.685471,0.14084507042253522,3.0,2.0,0.14771737
0022400456,1610612741,Chicago,Bulls,CHI,bulls,1631207,Dalen,Terry,D. Terry,dalen-terry,,,,18:32,18.533333333333335,2,3,0.667,1,2,0.5,1,2,0.5,0,1,1,3,1,0,2,1,6,-7.0,0022400456,Dalen Terry,dalen terry,,,2025-01-01,1,0.3237410071942446,0.0,0.0539568345323741,0.1618705035971223,0.0539568345323741,6.0,6.0,9.0,4.0,3.0,7.0,8.0,7.0,2.0,0,0.0,0,0.00125,-11.6,-9272.581934452439,-11.5855,0.0539568345323741,6.0,8.0,0.034531236
0022400456,1610612741,Chicago,Bulls,CHI,bulls,1630188,Jalen,Smith,J. Smith,jalen-smith,,,,13:42,13.7,1,6,0.167,1,4,0.25,0,0,0.0,0,2,2,0,1,1,1,2,3,-17.0,0022400456,Jalen Smith,jalen smith,,,2025-01-01,2,0.21897810218978103,0.0,0.14598540145985403,0.0,0.14598540145985403,11.0,6.0,7.0,9.0,3.0,1.0,9.0,10.0,1.0,0,0.0,0,0.002,-46.3,-23138.43078460769,-46.2074,0.14598540145985403,3.0,4.0,0.008400941
0022400456,1610612741,Chicago,Bulls,CHI,bulls,1629659,Talen,Horton-Tucker,T. Horton-Tucker,talen-horton-tucker,,,,15:55,15.916666666666666,3,5,0.6,1,2,0.5,0,0,0.0,1,2,3,0,0,1,0,1,7,-18.0,0022400456,Talen Horton-Tucker,talen horton-tucker,,,2025-01-01,1,0.4397905759162304,0.06282722513089005,0.18848167539267016,0.0,0.1256544502617801,4.0,3.0,5.0,9.0,9.0,1.0,11.0,8.0,1.0,0,0.0,0,0.00132,-46.3,-35049.205147615445,-46.238884,0.06282722513089005,6.0,5.0,0.14199652
0022400456,1610612741,Chicago,Bulls,CHI,bulls,1641763,Julian,Phillips,J. Phillips,julian-phillips,,,,7:49,7.816666666666666,2,3,0.667,0,1,0.0,0,0,0.0,0,0,0,0,0,0,0,0,4,-2.0,0022400456,Julian Phillips,julian phillips,,,2025-01-01,0,0.511727078891258,0.0,0.0,0.0,0.0,10.0,6.0,11.0,9.0,9.0,7.0,4.0,11.0,0.0,0,0.0,0,0.00158,-6.1,-3858.3175205566095,-6.090362,0.0,10.0,11.0,0.023210898
0022400456,1610612741,Chicago,Bulls,CHI,bulls,1628975,Jevon,Carter,J. Carter,jevon-carter,,,,4:21,4.35,1,1,1.0,1,1,1.0,0,0,0.0,0,0,0,1,0,0,0,0,3,0.0,0022400456,Jevon Carter,jevon carter,,,2025-01-01,0,0.6896551724137931,0.0,0.0,0.2298850574712644,0.0,11.0,6.0,11.0,8.0,9.0,7.0,3.0,12.0,0.0,0,0.0,0,0.00111,14.4,12961.296129612962,14.384015999999999,0.0,10.0,11.0,0.009107098
0022400482,1610612741,Chicago,Bulls,CHI,bulls,203897,Zach,LaVine,Z. LaVine,zach-lavine,F,,,35:49,35.81666666666667,13,21,0.619,3,6,0.5,4,4,1.0,1,3,4,7,1,0,2,0,33,7.0,0022400482,Zach LaVine,zach lavine,,,2025-01-04,1,0.9213587715216379,0.027919962773382965,0.11167985109353186,0.19543973941368076,0.05583992554676593,1.0,2.0,5.0,2.0,2.0,4.0,5.0,1.0,2.0,0,0.0,0,0.0027900000000000004,11.7,4192.045861698315,11.667356999999999,0.027919962773382965,4.0,7.0,0.8549561
0022400482,1610612741,Chicago,Bulls,CHI,bulls,1630172,Patrick,Williams,P. Williams,patrick-williams,F,,,34:56,34.93333333333333,1,5,0.2,0,2,0.0,3,3,1.0,0,5,5,5,0,1,1,2,5,-6.0,0022400482,Patrick Williams,patrick williams,,,2025-01-04,1,0.14312977099236643,0.0,0.14312977099236643,0.14312977099236643,0.028625954198473285,8.0,7.0,3.0,4.0,6.0,2.0,11.0,2.0,2.0,0,0.0,0,0.00083,-3.2,-3850.7821901323705,-3.197344,0.028625954198473285,4.0,9.0,0.016935438
0022400482,1610612741,Chicago,Bulls,CHI,bulls,202696,Nikola,Vučević,N. Vučević,nikola-vučević,C,,,34:01,34.016666666666666,10,19,0.526,1,4,0.25,1,1,1.0,4,8,12,3,1,0,2,5,22,6.0,0022400482,Nikola Vučević,nikola vučević,,,2025-01-04,1,0.6467417932386086,0.11758941695247428,0.35276825085742286,0.08819206271435572,0.14698677119059286,3.0,1.0,1.0,5.0,2.0,4.0,7.0,3.0,2.0,0,0.0,0,0.00253,7.9,3121.2959304622677,7.880013,0.02939735423811857,4.0,3.0,0.7090437
0022400482,1610612741,Chicago,Bulls,CHI,bulls,1629632,Coby,White,C. White,coby-white,G,,,33:30,33.5,11,17,0.647,9,11,0.818,2,2,1.0,1,1,2,3,0,0,2,0,33,10.0,0022400482,Coby White,coby white,,,2025-01-04,0,0.9850746268656716,0.029850746268656716,0.05970149253731343,0.08955223880597014,0.029850746268656716,1.0,2.0,6.0,5.0,6.0,4.0,2.0,4.0,0.0,0,0.0,0,0.00253,17.0,6716.7127617542465,16.95699,0.0,8.0,8.0,0.93728125
0022400482,1610612741,Chicago,Bulls,CHI,bulls,1630581,Josh,Giddey,J. Giddey,josh-giddey,G,,,30:36,30.6,5,10,0.5,3,3,1.0,2,2,1.0,0,10,10,8,1,1,2,2,15,10.0,0022400482,Josh Giddey,josh giddey,,,2025-01-04,2,0.49019607843137253,0.0,0.32679738562091504,0.26143790849673204,0.06535947712418301,4.0,7.0,2.0,1.0,2.0,2.0,2.0,5.0,2.0,0,0.0,0,0.00169,14.3,8456.534594914252,14.275833,0.06535947712418301,1.0,6.0,0.88051134
0022400482,1610612741,Chicago,Bulls,CHI,bulls,1628366,Lonzo,Ball,L. Ball,lonzo-ball,,,,25:21,25.35,3,7,0.429,1,4,0.25,1,2,0.5,0,2,2,6,2,0,0,2,8,10.0,0022400482,Lonzo Ball,lonzo ball,,,2025-01-04,2,0.3155818540433925,0.0,0.07889546351084813,0.23668639053254437,0.07889546351084813,6.0,7.0,6.0,3.0,1.0,4.0,2.0,6.0,2.0,0,0.0,0,0.00133,22.5,16904.5830202855,22.470074999999998,0.07889546351084813,1.0,5.0,0.208479
0022400482,1610612741,Chicago,Bulls,CHI,bulls,1631207,Dalen,Terry,D. Terry,dalen-terry,,,,11:52,11.866666666666667,1,3,0.333,0,0,0.0,0,0,0.0,0,1,1,1,0,0,1,4,2,5.0,0022400482,Dalen Terry,dalen terry,,,2025-01-04,0,0.16853932584269662,0.0,0.08426966292134831,0.08426966292134831,0.0,9.0,7.0,8.0,7.0,6.0,4.0,8.0,9.0,0.0,0,1.0,0,0.00154,33.8,21933.809214795587,33.747948,0.0,8.0,10.0,0.0046136566
0022400482,1610612741,Chicago,Bulls,CHI,bulls,1641763,Julian,Phillips,J. Phillips,julian-phillips,,,,15:02,15.033333333333333,3,4,0.75,1,1,1.0,0,0,0.0,1,0,1,1,1,0,0,0,7,12.0,0022400482,Julian Phillips,julian phillips,,,2025-01-04,1,0.4656319290465632,0.06651884700665188,0.06651884700665188,0.06651884700665188,0.13303769401330376,7.0,2.0,8.0,7.0,2.0,4.0,1.0,7.0,1.0,0,0.0,0,0.00105,31.8,30256.89819219791,31.76661,0.06651884700665188,4.0,4.0,0.3595345
0022400482,1610612741,Chicago,Bulls,CHI,bulls,1630188,Jalen,Smith,J. Smith,jalen-smith,,,,13:59,13.983333333333333,3,7,0.429,2,6,0.333,2,2,1.0,1,4,5,1,0,2,0,5,10,7.0,0022400482,Jalen Smith,jalen smith,,,2025-01-04,2,0.7151370679380215,0.07151370679380215,0.3575685339690107,0.07151370679380215,0.21454112038140644,5.0,2.0,3.0,7.0,6.0,1.0,5.0,8.0,0.0,0,0.0,0,0.0023499999999999997,30.0,12760.527435133987,29.9295,0.1430274135876043,1.0,2.0,0.3354834
0022400482,1610612741,Chicago,Bulls,CHI,bulls,1629659,Talen,Horton-Tucker,T. Horton-Tucker,talen-horton-tucker,,,,2:53,2.8833333333333333,1,1,1.0,0,0,0.0,0,0,0.0,0,0,0,1,0,0,2,0,2,0.0,0022400482,Talen Horton-Tucker,talen horton-tucker,,,2025-01-04,0,0.6936416184971098,0.0,0.0,0.3468208092485549,0.0,9.0,7.0,11.0,7.0,6.0,4.0,10.0,10.0,0.0,0,0.0,0,0.00333,0.0,0.0,0.0,0.0,8.0,10.0,0.009154437
0022400482,1610612741,Chicago,Bulls,CHI,bulls,1641824,Matas,Buzelis,M. Buzelis,matas-buzelis,,,,2:01,2.0166666666666666,0,0,0.0,0,0,0.0,2,2,1.0,1,0,1,0,0,0,0,1,2,4.0,0022400482,Matas Buzelis,matas buzelis,,,2025-01-04,0,0.9917355371900827,0.49586776859504134,0.49586776859504134,0.0,0.49586776859504134,9.0,2.0,8.0,11.0,6.0,4.0,9.0,11.0,,1,,1,0.00167,80.0,47875.523638539795,79.8664,0.0,8.0,1.0,0.018821582
0022400498,1610612741,Chicago,Bulls,CHI,bulls,203897,Zach,LaVine,Z. LaVine,zach-lavine,F,,,39:35,39.583333333333336,13,25,0.52,3,6,0.5,6,7,0.857,1,9,10,8,1,0,2,1,35,13.0,0022400498,Zach LaVine,zach lavine,,,2025-01-06,1,0.8842105263157894,0.02526315789473684,0.25263157894736843,0.20210526315789473,0.05052631578947368,1.0,4.0,2.0,1.0,4.0,4.0,1.0,1.0,3.0,0,0.0,0,0.0028599999999999997,13.6,4753.582663404404,13.561104,0.02526315789473684,6.0,8.0,0.8258816
0022400498,1610612741,Chicago,Bulls,CHI,bulls,1630172,Patrick,Williams,P. Williams,patrick-williams,F,,,34:18,34.3,4,7,0.571,3,5,0.6,1,2,0.5,0,1,1,3,1,1,2,2,12,6.0,0022400498,Patrick Williams,patrick williams,,,2025-01-06,2,0.34985422740524785,0.0,0.02915451895043732,0.08746355685131196,0.05830903790087464,4.0,7.0,8.0,3.0,4.0,2.0,4.0,3.0,3.0,0,0.0,0,0.00114,5.4,4732.690622261175,5.3938440000000005,0.05830903790087464,4.0,7.0,0.5266376
0022400498,1610612741,Chicago,Bulls,CHI,bulls,202696,Nikola,Vučević,N. Vučević,nikola-vučević,C,,,33:41,33.68333333333333,10,22,0.455,2,9,0.222,2,2,1.0,4,7,11,3,1,0,0,2,24,3.0,0022400498,Nikola Vučević,nikola vučević,,,2025-01-06,1,0.7125185551707076,0.11875309252845127,0.326571004453241,0.08906481939633845,0.1484413656605641,2.0,2.0,1.0,3.0,4.0,4.0,5.0,4.0,1.0,0,0.0,0,0.00267,2.5,935.9790340696368,2.493325,0.02968827313211282,6.0,5.0,0.78672177
0022400498,1610612741,Chicago,Bulls,CHI,bulls,1629632,Coby,White,C. White,coby-white,G,,,36:07,36.11666666666667,9,18,0.5,3,6,0.5,2,2,1.0,0,2,2,4,4,0,2,3,23,7.0,0022400498,Coby White,coby white,,,2025-01-06,4,0.63682510383018,0.0,0.05537609598523304,0.11075219197046608,0.11075219197046608,3.0,7.0,6.0,2.0,1.0,4.0,2.0,2.0,5.0,0,0.0,0,0.00244,6.3,2580.909463334699,6.284628,0.11075219197046608,1.0,6.0,0.7828648
0022400498,1610612741,Chicago,Bulls,CHI,bulls,1630581,Josh,Giddey,J. Giddey,josh-giddey,G,,,31:16,31.266666666666666,3,12,0.25,0,2,0.0,0,0,0.0,2,5,7,3,2,1,2,0,6,-2.0,0022400498,Josh Giddey,josh giddey,,,2025-01-06,3,0.19189765458422176,0.06396588486140725,0.22388059701492538,0.09594882729211088,0.15991471215351813,6.0,3.0,4.0,3.0,3.0,2.0,7.0,5.0,3.0,0,0.0,0,0.0016300000000000002,-2.9,-1778.050275904353,-2.895273,0.09594882729211088,2.0,4.0,0.0974392
0022400498,1610612741,Chicago,Bulls,CHI,bulls,1628366,Lonzo,Ball,L. Ball,lonzo-ball,,,,24:07,24.116666666666667,2,4,0.5,1,3,0.333,0,0,0.0,1,3,4,2,3,0,3,1,5,7.0,0022400498,Lonzo Ball,lonzo ball,,,2025-01-06,3,0.2073255010366275,0.0414651002073255,0.165860400829302,0.082930200414651,0.165860400829302,7.0,4.0,5.0,6.0,2.0,4.0,2.0,6.0,5.0,0,0.0,0,0.00117,19.1,16310.845431255339,19.077653,0.1243953006219765,2.0,3.0,0.10378991
0022400498,1610612741,Chicago,Bulls,CHI,bulls,1630188,Jalen,Smith,J. Smith,jalen-smith,,,,14:19,14.316666666666666,3,11,0.273,1,6,0.167,2,2,1.0,5,3,8,1,0,0,0,0,9,1.0,0022400498,Jalen Smith,jalen smith,,,2025-01-06,0,0.6286379511059371,0.3492433061699651,0.5587892898719441,0.06984866123399301,0.3492433061699651,5.0,1.0,3.0,7.0,7.0,4.0,6.0,7.0,0.0,0,0.0,0,0.00316,-0.2,-63.27111673521038,-0.199368,0.0,8.0,1.0,0.42973912
0022400498,1610612741,Chicago,Bulls,CHI,bulls,1631207,Dalen,Terry,D. Terry,dalen-terry,,,,5:27,5.45,0,0,0.0,0,0,0.0,0,0,0.0,0,2,2,0,0,0,2,0,0,-8.0,0022400498,Dalen Terry,dalen terry,,,2025-01-06,0,0.0,0.0,0.36697247706422015,0.0,0.0,8.0,7.0,6.0,9.0,7.0,4.0,10.0,10.0,1.0,0,0.0,0,0.00167,-85.5,-51166.96588868941,-85.35721500000001,0.0,8.0,9.0,0.002546437
0022400498,1610612741,Chicago,Bulls,CHI,bulls,1641763,Julian,Phillips,J. Phillips,julian-phillips,,,,8:57,8.95,0,0,0.0,0,0,0.0,0,0,0.0,0,1,1,0,0,0,0,0,0,-4.0,0022400498,Julian Phillips,julian phillips,,,2025-01-06,0,0.0,0.0,0.111731843575419,0.0,0.0,8.0,7.0,8.0,9.0,7.0,4.0,9.0,9.0,0.0,0,0.0,0,0.0,-22.2,-22200000.0,-22.2,0.0,8.0,9.0,0.00540224
0022400498,1610612741,Chicago,Bulls,CHI,bulls,1641824,Matas,Buzelis,M. Buzelis,matas-buzelis,,,,12:13,12.216666666666667,0,3,0.0,0,2,0.0,0,0,0.0,1,0,1,1,0,2,0,0,0,-3.0,0022400498,Matas Buzelis,matas buzelis,,,2025-01-06,2,0.0,0.08185538881309685,0.08185538881309685,0.08185538881309685,0.24556616643929058,8.0,4.0,8.0,7.0,7.0,1.0,8.0,8.0,1.0,0,0.0,0,0.00079,-20.3,-25663.716814159292,-20.283963,0.1637107776261937,4.0,2.0,0.010243346
0022400510,1610612741,Chicago,Bulls,CHI,bulls,203897,Zach,LaVine,Z. LaVine,zach-lavine,F,,,34:55,34.916666666666664,12,20,0.6,2,6,0.333,5,6,0.833,0,4,4,4,0,1,3,2,31,-20.0,0022400510,Zach LaVine,zach lavine,,,2025-01-08,1,0.8878281622911696,0.0,0.11455847255369929,0.11455847255369929,0.028639618138424822,1.0,7.0,4.0,3.0,6.0,2.0,11.0,1.0,0.0,0,0.0,0,0.00294,-28.6,-9724.583475008501,-28.515916,0.028639618138424822,3.0,11.0,0.7844608
0022400510,1610612741,Chicago,Bulls,CHI,bulls,1630172,Patrick,Williams,P. Williams,patrick-williams,F,,,21:23,21.383333333333333,0,5,0.0,0,3,0.0,2,4,0.5,0,3,3,0,0,1,2,3,2,-21.0,0022400510,Patrick Williams,patrick williams,,,2025-01-08,1,0.09353078721745908,0.0,0.1402961808261886,0.0,0.04676539360872954,10.0,7.0,5.0,9.0,6.0,2.0,12.0,5.0,1.0,0,0.0,0,0.0017299999999999998,-45.7,-26400.924321201623,-45.620939,0.04676539360872954,3.0,10.0,0.004953854
0022400510,1610612741,Chicago,Bulls,CHI,bulls,202696,Nikola,Vučević,N. Vučević,nikola-vučević,C,,,26:56,26.933333333333334,5,9,0.556,0,0,0.0,0,0,0.0,2,5,7,1,0,2,1,1,10,-22.0,0022400510,Nikola Vučević,nikola vučević,,,2025-01-08,2,0.3712871287128713,0.07425742574257425,0.2599009900990099,0.03712871287128713,0.1485148514851485,4.0,1.0,1.0,6.0,6.0,1.0,13.0,3.0,0.0,0,0.0,0,0.00149,-40.3,-27028.839704896043,-40.239953,0.07425742574257425,2.0,4.0,0.33802676
0022400510,1610612741,Chicago,Bulls,CHI,bulls,1629632,Coby,White,C. White,coby-white,G,,,31:03,31.05,8,17,0.471,3,10,0.3,0,1,0.0,0,2,2,5,0,0,2,2,19,-13.0,0022400510,Coby White,coby white,,,2025-01-08,0,0.6119162640901771,0.0,0.0644122383252818,0.1610305958132045,0.0,2.0,7.0,8.0,1.0,6.0,6.0,10.0,2.0,0.0,0,0.0,0,0.0025,-23.0,-9196.321471411435,-22.942500000000003,0.0,10.0,12.0,0.6130107
0022400510,1610612741,Chicago,Bulls,CHI,bulls,1630581,Josh,Giddey,J. Giddey,josh-giddey,G,,,21:47,21.783333333333335,4,7,0.571,1,2,0.5,0,0,0.0,2,3,5,5,1,0,5,2,9,-8.0,0022400510,Josh Giddey,josh giddey,,,2025-01-08,1,0.413159908186687,0.0918133129303749,0.22953328232593725,0.22953328232593725,0.13771996939556236,5.0,1.0,3.0,1.0,2.0,6.0,7.0,4.0,3.0,0,0.0,0,0.00218,-19.1,-8757.450710683173,-19.058362000000002,0.04590665646518745,3.0,5.0,0.2869881
0022400510,1610612741,Chicago,Bulls,CHI,bulls,1628366,Lonzo,Ball,L. Ball,lonzo-ball,,,,19:15,19.25,2,6,0.333,1,5,0.2,0,0,0.0,0,3,3,1,2,1,2,1,5,-7.0,0022400510,Lonzo Ball,lonzo ball,,,2025-01-08,3,0.2597402597402597,0.0,0.15584415584415584,0.05194805194805195,0.15584415584415584,8.0,7.0,5.0,6.0,1.0,2.0,6.0,6.0,2.0,0,0.0,0,0.0017000000000000001,-19.8,-11640.21164021164,-19.76634,0.15584415584415584,1.0,2.0,0.029983137
0022400510,1610612741,Chicago,Bulls,CHI,bulls,1641763,Julian,Phillips,J. Phillips,julian-phillips,,,,14:53,14.883333333333333,2,4,0.5,1,2,0.5,1,2,0.5,1,1,2,0,0,0,1,2,6,4.0,0022400510,Julian Phillips,julian phillips,,,2025-01-08,0,0.4031354983202688,0.0671892497200448,0.1343784994400896,0.0,0.0671892497200448,7.0,4.0,8.0,9.0,6.0,6.0,3.0,8.0,0.0,0,0.0,0,0.00154,8.4,5451.005840363401,8.387064,0.0,10.0,9.0,0.08701004
0022400510,1610612741,Chicago,Bulls,CHI,bulls,1630188,Jalen,Smith,J. Smith,jalen-smith,,,,16:51,16.85,4,4,1.0,2,2,1.0,3,3,1.0,2,5,7,3,0,1,2,3,13,3.0,0022400510,Jalen Smith,jalen smith,,,2025-01-08,1,0.7715133531157269,0.11869436201780414,0.4154302670623145,0.17804154302670622,0.17804154302670622,3.0,1.0,1.0,4.0,6.0,2.0,4.0,7.0,0.0,0,0.0,0,0.00179,1.5,837.5209380234506,1.497315,0.05934718100890207,3.0,1.0,0.8712849
0022400510,1610612741,Chicago,Bulls,CHI,bulls,1631207,Dalen,Terry,D. Terry,dalen-terry,,,,8:22,8.366666666666667,1,3,0.333,0,1,0.0,0,0,0.0,0,1,1,1,1,0,0,2,2,-8.0,0022400510,Dalen Terry,dalen terry,,,2025-01-08,1,0.2390438247011952,0.0,0.1195219123505976,0.1195219123505976,0.1195219123505976,10.0,7.0,11.0,6.0,2.0,6.0,7.0,12.0,1.0,0,0.0,0,0.0014299999999999998,-54.5,-38085.25506638715,-54.422064999999996,0.1195219123505976,3.0,6.0,0.006685197
0022400510,1610612741,Chicago,Bulls,CHI,bulls,1641824,Matas,Buzelis,M. Buzelis,matas-buzelis,,,,13:03,13.05,1,2,0.5,0,1,0.0,0,0,0.0,1,1,2,0,1,0,0,4,2,2.0,0022400510,Matas Buzelis,matas buzelis,,,2025-01-08,1,0.1532567049808429,0.07662835249042145,0.1532567049808429,0.0,0.1532567049808429,10.0,4.0,8.0,9.0,2.0,6.0,5.0,10.0,0.0,0,0.0,0,0.00067,7.1,10581.222056631892,7.095243,0.07662835249042145,3.0,3.0,0.024031306
0022400510,1610612741,Chicago,Bulls,CHI,bulls,1630537,Chris,Duarte,C. Duarte,chris-duarte,,,,14:26,14.433333333333334,2,5,0.4,1,2,0.5,0,0,0.0,1,2,3,3,0,0,0,2,5,-8.0,0022400510,Chris Duarte,chris duarte,,,2025-01-08,0,0.3464203233256351,0.06928406466512702,0.20785219399538105,0.20785219399538105,0.06928406466512702,8.0,4.0,5.0,4.0,6.0,6.0,7.0,9.0,2.0,0,0.0,0,0.0015199999999999999,-26.7,-17554.24063116371,-26.659416,0.0,10.0,8.0,0.026328415
0022400510,1610612741,Chicago,Bulls,CHI,bulls,1629659,Talen,Horton-Tucker,T. Horton-Tucker,talen-horton-tucker,,,,10:10,10.166666666666666,3,4,0.75,1,1,1.0,1,1,1.0,0,0,0,0,1,0,0,0,8,11.0,0022400510,Talen Horton-Tucker,talen horton-tucker,,,2025-01-08,1,0.7868852459016394,0.0,0.0,0.0,0.09836065573770493,6.0,7.0,12.0,9.0,2.0,6.0,1.0,11.0,1.0,0,0.0,0,0.00182,44.8,24601.867105985722,44.718464,0.09836065573770493,3.0,7.0,0.10498518
0022400510,1610612741,Chicago,Bulls,CHI,bulls,1628975,Jevon,Carter,J. Carter,jevon-carter,,,,6:56,6.933333333333334,0,0,0.0,0,0,0.0,1,2,0.5,0,0,0,0,0,0,0,0,1,7.0,0022400510,Jevon Carter,jevon carter,,,2025-01-08,0,0.14423076923076922,0.0,0.0,0.0,0.0,13.0,7.0,12.0,9.0,6.0,6.0,2.0,13.0,,1,,1,0.0005600000000000001,35.7,63636.36363636363,35.680008,0.0,10.0,12.0,0.005450172
0022400530,1610612741,Chicago,Bulls,CHI,bulls,203897,Zach,LaVine,Z. LaVine,zach-lavine,F,,,32:57,32.95,14,21,0.667,3,7,0.429,2,4,0.5,0,5,5,3,1,0,1,0,33,34.0,0022400530,Zach LaVine,zach lavine,,,2025-01-10,1,1.0015174506828528,0.0,0.15174506828528073,0.09104704097116843,0.030349013657056143,1.0,8.0,4.0,6.0,4.0,7.0,1.0,1.0,1.0,0,0.0,0,0.00293,45.9,15660.184237461617,45.765513,0.030349013657056143,5.0,11.0,0.6444847
0022400530,1610612741,Chicago,Bulls,CHI,bulls,1630172,Patrick,Williams,P. Williams,patrick-williams,F,,,19:23,19.383333333333333,1,8,0.125,0,4,0.0,0,0,0.0,1,2,3,3,3,0,2,3,2,8.0,0022400530,Patrick Williams,patrick williams,,,2025-01-10,3,0.10318142734307825,0.051590713671539126,0.15477214101461736,0.15477214101461736,0.2063628546861565,10.0,4.0,6.0,6.0,1.0,7.0,9.0,6.0,3.0,0,0.0,0,0.00192,14.5,7548.152004164498,14.472159999999999,0.15477214101461736,2.0,3.0,0.01474886
0022400530,1610612741,Chicago,Bulls,CHI,bulls,202696,Nikola,Vučević,N. Vučević,nikola-vučević,C,,,27:06,27.1,9,12,0.75,4,6,0.667,1,3,0.333,3,10,13,6,0,1,0,1,23,29.0,0022400530,Nikola Vučević,nikola vučević,,,2025-01-10,1,0.8487084870848708,0.11070110701107011,0.4797047970479705,0.22140221402214022,0.14760147601476015,2.0,1.0,1.0,2.0,6.0,2.0,2.0,4.0,0.0,0,0.0,0,0.0018599999999999999,46.8,25147.770016120365,46.712952,0.03690036900369004,5.0,6.0,0.9235571
0022400530,1610612741,Chicago,Bulls,CHI,bulls,1629632,Coby,White,C. White,coby-white,G,,,27:55,27.916666666666668,5,12,0.417,3,9,0.333,2,2,1.0,1,3,4,6,0,1,4,0,15,11.0,0022400530,Coby White,coby white,,,2025-01-10,1,0.5373134328358209,0.035820895522388055,0.14328358208955222,0.21492537313432836,0.07164179104477611,3.0,4.0,5.0,2.0,6.0,2.0,7.0,3.0,0.0,0,0.0,0,0.0022400000000000002,14.5,6470.32574743418,14.46752,0.035820895522388055,5.0,10.0,0.64736587
0022400530,1610612741,Chicago,Bulls,CHI,bulls,1630581,Josh,Giddey,J. Giddey,josh-giddey,G,,,31:35,31.583333333333332,5,11,0.455,2,4,0.5,0,0,0.0,2,11,13,7,3,0,1,0,12,23.0,0022400530,Josh Giddey,josh giddey,,,2025-01-10,3,0.3799472295514512,0.0633245382585752,0.4116094986807388,0.2216358839050132,0.158311345646438,5.0,2.0,1.0,1.0,1.0,7.0,3.0,2.0,5.0,0,0.0,0,0.0015199999999999999,33.8,22222.222222222223,33.748624,0.0949868073878628,2.0,5.0,0.7560521
0022400530,1610612741,Chicago,Bulls,CHI,bulls,1628366,Lonzo,Ball,L. Ball,lonzo-ball,,,,22:06,22.1,4,7,0.571,4,7,0.571,0,0,0.0,1,0,1,6,3,1,1,1,12,14.0,0022400530,Lonzo Ball,lonzo ball,,,2025-01-10,4,0.5429864253393665,0.04524886877828054,0.04524886877828054,0.27149321266968324,0.2262443438914027,5.0,4.0,10.0,2.0,1.0,2.0,4.0,5.0,3.0,0,0.0,0,0.0014000000000000002,28.0,19985.72448251249,27.960800000000003,0.18099547511312217,1.0,2.0,0.84047395
0022400530,1610612741,Chicago,Bulls,CHI,bulls,1641763,Julian,Phillips,J. Phillips,julian-phillips,,,,12:53,12.883333333333333,1,3,0.333,0,1,0.0,0,0,0.0,1,1,2,0,0,0,0,0,2,10.0,0022400530,Julian Phillips,julian phillips,,,2025-01-10,0,0.1552393272962484,0.0776196636481242,0.1552393272962484,0.0,0.0776196636481242,10.0,4.0,9.0,10.0,6.0,7.0,8.0,10.0,1.0,0,0.0,0,0.00091,35.7,39187.70581778266,35.66751300000001,0.0,11.0,9.0,0.011847547
0022400530,1610612741,Chicago,Bulls,CHI,bulls,1630188,Jalen,Smith,J. Smith,jalen-smith,,,,17:29,17.483333333333334,5,6,0.833,3,4,0.75,2,3,0.667,2,4,6,4,0,1,0,1,15,3.0,0022400530,Jalen Smith,jalen smith,,,2025-01-10,1,0.8579599618684461,0.11439466158245948,0.34318398474737843,0.22878932316491896,0.17159199237368922,3.0,2.0,3.0,5.0,6.0,2.0,11.0,7.0,1.0,0,0.0,0,0.00167,4.8,2872.531418312388,4.791984,0.05719733079122974,5.0,4.0,0.85301334
0022400530,1610612741,Chicago,Bulls,CHI,bulls,1631207,Dalen,Terry,D. Terry,dalen-terry,,,,10:53,10.883333333333333,0,2,0.0,0,0,0.0,0,0,0.0,0,1,1,1,1,0,0,2,0,0.0,0022400530,Dalen Terry,dalen terry,,,2025-01-10,1,0.0,0.0,0.09188361408882083,0.09188361408882083,0.09188361408882083,12.0,8.0,10.0,9.0,4.0,7.0,13.0,11.0,0.0,0,0.0,0,0.0007099999999999999,-9.4,-13220.815752461323,-9.393326,0.09188361408882083,5.0,8.0,0.0070318803
0022400530,1610612741,Chicago,Bulls,CHI,bulls,1641824,Matas,Buzelis,M. Buzelis,matas-buzelis,,,,15:40,15.666666666666666,3,4,0.75,2,3,0.667,0,0,0.0,0,3,3,0,0,2,2,2,8,13.0,0022400530,Matas Buzelis,matas buzelis,,,2025-01-10,2,0.5106382978723405,0.0,0.19148936170212766,0.0,0.12765957446808512,8.0,8.0,6.0,10.0,6.0,1.0,5.0,8.0,1.0,0,0.0,0,0.0017599999999999998,41.9,23793.29926178308,41.826256,0.12765957446808512,4.0,7.0,0.25448418
0022400530,1610612741,Chicago,Bulls,CHI,bulls,1629659,Talen,Horton-Tucker,T. Horton-Tucker,talen-horton-tucker,,,,14:39,14.65,5,8,0.625,2,4,0.5,0,0,0.0,0,3,3,3,0,0,2,2,12,13.0,0022400530,Talen Horton-Tucker,talen horton-tucker,,,2025-01-10,0,0.8191126279863481,0.0,0.20477815699658702,0.20477815699658702,0.0,5.0,8.0,6.0,6.0,6.0,7.0,5.0,9.0,1.0,0,0.0,0,0.00313,44.8,14308.527626956242,44.659776,0.0,11.0,12.0,0.69610995
0022400530,1610612741,Chicago,Bulls,CHI,bulls,1628975,Jevon,Carter,J. Carter,jevon-carter,,,,3:59,3.9833333333333334,1,1,1.0,0,0,0.0,2,2,1.0,0,1,1,0,0,1,0,0,4,6.0,0022400530,Jevon Carter,jevon carter,,,2025-01-10,1,1.00418410041841,0.0,0.2510460251046025,0.0,0.2510460251046025,9.0,8.0,10.0,10.0,6.0,2.0,10.0,12.0,0.0,0,0.0,0,0.00222,66.7,30031.51733453399,66.55192600000001,0.2510460251046025,5.0,1.0,0.019915475
0022400530,1610612741,Chicago,Bulls,CHI,bulls,1630537,Chris,Duarte,C. Duarte,chris-duarte,,,,3:25,3.4166666666666665,0,0,0.0,0,0,0.0,0,0,0.0,0,0,0,0,0,0,0,0,0,1.0,0022400530,Chris Duarte,chris duarte,,,2025-01-10,0,0.0,0.0,0.0,0.0,0.0,12.0,8.0,13.0,10.0,6.0,7.0,12.0,13.0,,1,,1,0.0,25.0,25000000.0,25.0,0.0,11.0,12.0,0.0034167643
0022400541,1610612741,Chicago,Bulls,CHI,bulls,203897,Zach,LaVine,Z. LaVine,zach-lavine,F,,,37:30,37.5,12,24,0.5,5,8,0.625,7,7,1.0,2,8,10,4,1,0,2,0,36,5.0,0022400541,Zach LaVine,zach lavine,,,2025-01-12,1,0.96,0.05333333333333334,0.26666666666666666,0.10666666666666667,0.08,1.0,1.0,2.0,3.0,1.0,4.0,1.0,1.0,1.0,0,0.0,0,0.00337,4.9,1453.5746069415604,4.883487000000001,0.02666666666666667,2.0,3.0,0.85564315
0022400541,1610612741,Chicago,Bulls,CHI,bulls,1630172,Patrick,Williams,P. Williams,patrick-williams,F,,,34:12,34.2,3,12,0.25,1,5,0.2,1,1,1.0,0,5,5,5,1,2,0,2,8,-3.0,0022400541,Patrick Williams,patrick williams,,,2025-01-12,3,0.23391812865497075,0.0,0.14619883040935672,0.14619883040935672,0.08771929824561403,7.0,7.0,4.0,2.0,1.0,1.0,5.0,3.0,0.0,0,0.0,0,0.0014000000000000002,-5.4,-3854.389721627409,-5.392440000000001,0.08771929824561403,1.0,1.0,0.10527652
0022400541,1610612741,Chicago,Bulls,CHI,bulls,202696,Nikola,Vučević,N. Vučević,nikola-vučević,C,,,33:07,33.11666666666667,8,15,0.533,1,4,0.25,1,3,0.333,1,6,7,3,1,0,2,4,18,2.0,0022400541,Nikola Vučević,nikola vučević,,,2025-01-12,1,0.5435329642677403,0.03019627579265224,0.21137393054856568,0.09058882737795672,0.06039255158530448,2.0,3.0,3.0,4.0,1.0,4.0,2.0,4.0,5.0,0,0.0,0,0.00234,4.5,1922.2554463904312,4.48947,0.03019627579265224,2.0,8.0,0.8004469
0022400541,1610612741,Chicago,Bulls,CHI,bulls,1628366,Lonzo,Ball,L. Ball,lonzo-ball,G,,,25:43,25.716666666666665,5,9,0.556,5,8,0.625,0,0,0.0,0,1,1,3,0,1,0,2,15,-3.0,0022400541,Lonzo Ball,lonzo ball,,,2025-01-12,1,0.5832793259883344,0.0,0.0388852883992223,0.1166558651976669,0.0388852883992223,3.0,7.0,8.0,4.0,5.0,2.0,5.0,5.0,0.0,0,0.0,0,0.0015,-5.4,-3597.6015989340444,-5.391900000000001,0.0388852883992223,2.0,9.0,0.851033
0022400541,1610612741,Chicago,Bulls,CHI,bulls,1630581,Josh,Giddey,J. Giddey,josh-giddey,G,,,36:31,36.516666666666666,4,9,0.444,1,2,0.5,3,4,0.75,2,9,11,7,1,0,3,4,12,2.0,0022400541,Josh Giddey,josh giddey,,,2025-01-12,1,0.3286170698311274,0.05476951163852122,0.30123231401186673,0.19169329073482427,0.08215426745778184,4.0,1.0,1.0,1.0,1.0,4.0,2.0,2.0,3.0,0,0.0,0,0.00161,-1.9,-1179.3916821849782,-1.896941,0.02738475581926061,2.0,2.0,0.6069068
0022400541,1610612741,Chicago,Bulls,CHI,bulls,1631207,Dalen,Terry,D. Terry,dalen-terry,,,,14:44,14.733333333333333,1,3,0.333,0,1,0.0,0,0,0.0,0,1,1,3,0,1,0,1,2,2.0,0022400541,Dalen Terry,dalen terry,,,2025-01-12,1,0.13574660633484165,0.0,0.06787330316742082,0.20361990950226244,0.06787330316742082,10.0,7.0,8.0,4.0,5.0,2.0,2.0,8.0,2.0,0,0.0,0,0.0008799999999999999,18.1,20544.83541430193,18.084072000000003,0.06787330316742082,2.0,6.0,0.028956044
0022400541,1610612741,Chicago,Bulls,CHI,bulls,1641763,Julian,Phillips,J. Phillips,julian-phillips,,,,13:07,13.116666666666667,2,3,0.667,0,0,0.0,0,0,0.0,1,0,1,0,0,0,0,0,4,-8.0,0022400541,Julian Phillips,julian phillips,,,2025-01-12,0,0.30495552731893266,0.07623888182973317,0.07623888182973317,0.0,0.07623888182973317,9.0,3.0,8.0,8.0,5.0,4.0,9.0,9.0,0.0,0,0.0,0,0.001,-29.6,-29570.429570429573,-29.570400000000003,0.0,7.0,5.0,0.015955424
0022400541,1610612741,Chicago,Bulls,CHI,bulls,1630188,Jalen,Smith,J. Smith,jalen-smith,,,,14:53,14.883333333333333,3,8,0.375,1,4,0.25,2,3,0.667,1,4,5,1,0,0,0,2,9,-7.0,0022400541,Jalen Smith,jalen smith,,,2025-01-12,0,0.6047032474804032,0.0671892497200448,0.335946248600224,0.0671892497200448,0.0671892497200448,6.0,3.0,4.0,7.0,5.0,4.0,8.0,7.0,1.0,0,0.0,0,0.0025,-21.2,-8476.609356257497,-21.147000000000002,0.0,7.0,7.0,0.1428901
0022400541,1610612741,Chicago,Bulls,CHI,bulls,1629659,Talen,Horton-Tucker,T. Horton-Tucker,talen-horton-tucker,,,,17:23,17.383333333333333,3,8,0.375,3,4,0.75,1,2,0.5,0,2,2,0,0,0,0,1,10,-12.0,0022400541,Talen Horton-Tucker,talen horton-tucker,,,2025-01-12,0,0.5752636625119847,0.0,0.11505273250239693,0.0,0.0,5.0,7.0,6.0,8.0,5.0,4.0,10.0,6.0,2.0,0,0.0,0,0.00214,-38.9,-18169.07986921999,-38.816753999999996,0.0,7.0,10.0,0.11542979
0022400541,1610612741,Chicago,Bulls,CHI,bulls,1641824,Matas,Buzelis,M. Buzelis,matas-buzelis,,,,12:50,12.833333333333334,2,2,1.0,1,1,1.0,0,0,0.0,1,1,2,0,0,0,0,2,5,-3.0,0022400541,Matas Buzelis,matas buzelis,,,2025-01-12,0,0.3896103896103896,0.07792207792207792,0.15584415584415584,0.0,0.07792207792207792,8.0,3.0,6.0,8.0,5.0,4.0,5.0,10.0,0.0,0,0.0,0,0.00067,-15.5,-23099.850968703427,-15.489615,0.0,7.0,4.0,0.048466366
0022400557,1610612741,Chicago,Bulls,CHI,bulls,203897,Zach,LaVine,Z. LaVine,zach-lavine,F,,,38:02,38.03333333333333,10,22,0.455,4,6,0.667,1,3,0.333,0,7,7,5,1,0,5,2,25,6.0,0022400557,Zach LaVine,zach lavine,,,2025-01-14,1,0.6573181419807187,0.0,0.18404907975460125,0.13146362839614373,0.02629272567922875,1.0,5.0,4.0,3.0,2.0,6.0,2.0,1.0,2.0,0,0.0,0,0.0027700000000000003,4.6,1660.050523276795,4.587257999999999,0.02629272567922875,5.0,8.0,0.80031025
0022400557,1610612741,Chicago,Bulls,CHI,bulls,1630172,Patrick,Williams,P. Williams,patrick-williams,F,,,20:03,20.05,3,7,0.429,2,4,0.5,0,0,0.0,0,1,1,1,0,1,1,2,8,-19.0,0022400557,Patrick Williams,patrick williams,,,2025-01-14,1,0.399002493765586,0.0,0.04987531172069825,0.04987531172069825,0.04987531172069825,6.0,5.0,9.0,6.0,6.0,2.0,11.0,6.0,3.0,0,0.0,0,0.0017000000000000001,-41.8,-24573.780129335682,-41.728939999999994,0.04987531172069825,5.0,7.0,0.06361833
0022400557,1610612741,Chicago,Bulls,CHI,bulls,202696,Nikola,Vučević,N. Vučević,nikola-vučević,C,,,35:22,35.36666666666667,10,16,0.625,1,2,0.5,1,2,0.5,7,8,15,2,1,1,3,3,22,6.0,0022400557,Nikola Vučević,nikola vučević,,,2025-01-14,2,0.6220546654099905,0.19792648444863337,0.4241281809613572,0.05655042412818096,0.2544769085768143,2.0,1.0,1.0,5.0,2.0,2.0,2.0,2.0,2.0,0,0.0,0,0.002,3.5,1749.1254372813592,3.493,0.05655042412818096,2.0,2.0,0.92848307
0022400557,1610612741,Chicago,Bulls,CHI,bulls,1629632,Coby,White,C. White,coby-white,G,,,33:39,33.65,8,17,0.471,1,8,0.125,5,5,1.0,0,3,3,4,0,0,0,3,22,-6.0,0022400557,Coby White,coby white,,,2025-01-14,0,0.6537890044576523,0.0,0.08915304606240713,0.11887072808320952,0.0,2.0,5.0,7.0,4.0,6.0,6.0,7.0,4.0,0.0,0,0.0,0,0.00207,-16.3,-7870.593915982618,-16.266259,0.0,8.0,9.0,0.76434326
0022400557,1610612741,Chicago,Bulls,CHI,bulls,1630581,Josh,Giddey,J. Giddey,josh-giddey,G,,,33:47,33.78333333333333,2,12,0.167,1,6,0.167,2,2,1.0,5,8,13,12,4,1,2,2,7,-8.0,0022400557,Josh Giddey,josh giddey,,,2025-01-14,5,0.2072027627035027,0.1480019733596448,0.3848051307350765,0.3552047360631475,0.2960039467192896,7.0,2.0,2.0,1.0,1.0,2.0,9.0,3.0,5.0,0,0.0,0,0.00165,-15.8,-9569.957601453665,-15.77393,0.1480019733596448,1.0,1.0,0.4204595
0022400557,1610612741,Chicago,Bulls,CHI,bulls,1628366,Lonzo,Ball,L. Ball,lonzo-ball,,,,24:50,24.833333333333332,4,10,0.4,3,8,0.375,0,0,0.0,3,5,8,6,1,1,3,4,11,10.0,0022400557,Lonzo Ball,lonzo ball,,,2025-01-14,2,0.4429530201342282,0.12080536912751678,0.32214765100671144,0.24161073825503357,0.20134228187919465,5.0,3.0,3.0,2.0,2.0,2.0,1.0,5.0,3.0,0,0.0,0,0.00181,12.5,6902.263942573164,12.477375,0.08053691275167786,2.0,4.0,0.8343272
0022400557,1610612741,Chicago,Bulls,CHI,bulls,1641763,Julian,Phillips,J. Phillips,julian-phillips,,,,14:07,14.116666666666667,0,2,0.0,0,2,0.0,0,0,0.0,0,2,2,1,0,2,0,0,0,1.0,0022400557,Julian Phillips,julian phillips,,,2025-01-14,2,0.0,0.0,0.14167650531286893,0.07083825265643447,0.14167650531286893,9.0,5.0,8.0,6.0,6.0,1.0,5.0,7.0,0.0,0,0.0,0,0.0005099999999999999,-0.3,-587.0841487279844,-0.299847,0.14167650531286893,2.0,6.0,0.026650472
0022400557,1610612741,Chicago,Bulls,CHI,bulls,1631207,Dalen,Terry,D. Terry,dalen-terry,,,,6:08,6.133333333333334,0,0,0.0,0,0,0.0,0,0,0.0,0,0,0,0,1,0,0,1,0,-7.0,0022400557,Dalen Terry,dalen terry,,,2025-01-14,1,0.0,0.0,0.0,0.0,0.16304347826086957,9.0,5.0,10.0,8.0,2.0,6.0,8.0,11.0,1.0,0,0.0,0,0.0,-58.8,-58800000.0,-58.8,0.16304347826086957,5.0,5.0,0.0040710676
0022400557,1610612741,Chicago,Bulls,CHI,bulls,1630188,Jalen,Smith,J. Smith,jalen-smith,,,,13:52,13.866666666666667,6,9,0.667,1,4,0.25,0,0,0.0,3,1,4,0,0,0,1,2,13,-17.0,0022400557,Jalen Smith,jalen smith,,,2025-01-14,0,0.9375,0.21634615384615383,0.28846153846153844,0.0,0.21634615384615383,4.0,3.0,5.0,8.0,6.0,6.0,10.0,8.0,0.0,0,0.0,0,0.00294,-61.5,-20911.254675280517,-61.31919,0.0,8.0,3.0,0.618027
0022400557,1610612741,Chicago,Bulls,CHI,bulls,1629659,Talen,Horton-Tucker,T. Horton-Tucker,talen-horton-tucker,,,,8:14,8.233333333333333,0,1,0.0,0,0,0.0,0,0,0.0,0,0,0,0,0,0,0,0,0,6.0,0022400557,Talen Horton-Tucker,talen horton-tucker,,,2025-01-14,0,0.0,0.0,0.0,0.0,0.0,9.0,5.0,10.0,8.0,6.0,6.0,2.0,10.0,0.0,0,0.0,0,0.00048,28.4,59043.659043659034,28.386367999999997,0.0,8.0,9.0,0.005848499
0022400557,1610612741,Chicago,Bulls,CHI,bulls,1641824,Matas,Buzelis,M. Buzelis,matas-buzelis,,,,11:56,11.933333333333334,2,6,0.333,1,3,0.333,0,0,0.0,0,4,4,0,0,0,0,0,5,-2.0,0022400557,Matas Buzelis,matas buzelis,,,2025-01-14,0,0.41899441340782123,0.0,0.33519553072625696,0.0,0.0,8.0,5.0,5.0,8.0,6.0,6.0,6.0,9.0,1.0,0,0.0,0,0.00188,-11.3,-6007.442849548113,-11.278756000000001,0.0,8.0,9.0,0.023097068
0022400563,1610612741,Chicago,Bulls,CHI,bulls,203897,Zach,LaVine,Z. LaVine,zach-lavine,F,,,35:30,35.5,7,13,0.538,1,2,0.5,0,0,0.0,0,6,6,7,2,0,3,2,15,-10.0,0022400563,Zach LaVine,zach lavine,,,2025-01-15,2,0.4225352112676056,0.0,0.16901408450704225,0.19718309859154928,0.056338028169014086,2.0,5.0,3.0,1.0,1.0,4.0,8.0,1.0,6.0,0,0.0,0,0.0019500000000000001,-13.3,-6817.0169144028705,-13.274065,0.056338028169014086,1.0,8.0,0.6672543
0022400563,1610612741,Chicago,Bulls,CHI,bulls,1630172,Patrick,Williams,P. Williams,patrick-williams,F,,,24:32,24.533333333333335,4,8,0.5,2,3,0.667,0,0,0.0,0,2,2,0,0,0,0,0,10,-14.0,0022400563,Patrick Williams,patrick williams,,,2025-01-15,0,0.4076086956521739,0.0,0.08152173913043478,0.0,0.0,4.0,5.0,8.0,7.0,4.0,4.0,11.0,6.0,0.0,0,0.0,0,0.00131,-25.9,-19755.911517925248,-25.866070999999998,0.0,6.0,9.0,0.19629842
0022400563,1610612741,Chicago,Bulls,CHI,bulls,202696,Nikola,Vučević,N. Vučević,nikola-vučević,C,,,34:10,34.166666666666664,6,14,0.429,0,3,0.0,2,2,1.0,4,12,16,4,0,0,3,2,14,-3.0,0022400563,Nikola Vučević,nikola vučević,,,2025-01-15,0,0.40975609756097564,0.11707317073170732,0.4682926829268293,0.11707317073170732,0.11707317073170732,3.0,1.0,1.0,3.0,4.0,4.0,6.0,2.0,0.0,0,0.0,0,0.0022500000000000003,-5.6,-2487.783207463349,-5.5874,0.0,6.0,3.0,0.4585162
0022400563,1610612741,Chicago,Bulls,CHI,bulls,1629632,Coby,White,C. White,coby-white,G,,,32:32,32.53333333333333,5,14,0.357,1,7,0.143,5,5,1.0,0,2,2,6,1,1,3,2,16,-12.0,0022400563,Coby White,coby white,,,2025-01-15,2,0.49180327868852464,0.0,0.06147540983606558,0.18442622950819673,0.06147540983606558,1.0,5.0,8.0,2.0,3.0,3.0,10.0,3.0,0.0,0,0.0,0,0.00232,-17.6,-7582.938388625593,-17.559168000000003,0.06147540983606558,1.0,7.0,0.6259968
0022400563,1610612741,Chicago,Bulls,CHI,bulls,1630581,Josh,Giddey,J. Giddey,josh-giddey,G,,,29:48,29.8,3,8,0.375,1,2,0.5,0,0,0.0,0,10,10,3,0,2,3,3,7,-20.0,0022400563,Josh Giddey,josh giddey,,,2025-01-15,2,0.2348993288590604,0.0,0.33557046979865773,0.10067114093959731,0.06711409395973154,8.0,5.0,2.0,4.0,4.0,1.0,13.0,4.0,1.0,0,0.0,0,0.00157,-30.8,-19605.3469127944,-30.751644000000002,0.06711409395973154,1.0,6.0,0.030268727
0022400563,1610612741,Chicago,Bulls,CHI,bulls,1641763,Julian,Phillips,J. Phillips,julian-phillips,,,,13:47,13.783333333333333,4,5,0.8,0,1,0.0,2,2,1.0,2,2,4,0,0,0,1,0,10,0.0,0022400563,Julian Phillips,julian phillips,,,2025-01-15,0,0.7255139056831923,0.14510278113663846,0.29020556227327693,0.0,0.14510278113663846,4.0,2.0,5.0,7.0,4.0,4.0,3.0,8.0,1.0,0,0.0,0,0.00194,-5.9,-3039.6702730551265,-5.888554,0.0,6.0,1.0,0.5823112
0022400563,1610612741,Chicago,Bulls,CHI,bulls,1630245,Ayo,Dosunmu,A. Dosunmu,ayo-dosunmu,,,,25:07,25.116666666666667,4,7,0.571,0,1,0.0,1,1,1.0,1,2,3,2,2,0,1,1,9,12.0,0022400563,Ayo Dosunmu,ayo dosunmu,,,2025-01-15,2,0.35832780358327804,0.039814200398142006,0.11944260119442601,0.07962840079628401,0.11944260119442601,6.0,3.0,7.0,5.0,1.0,4.0,1.0,5.0,1.0,0,0.0,0,0.0012900000000000001,14.2,10999.225406661502,14.181681999999999,0.07962840079628401,1.0,2.0,0.7177685
0022400563,1610612741,Chicago,Bulls,CHI,bulls,1630188,Jalen,Smith,J. Smith,jalen-smith,,,,12:24,12.4,2,6,0.333,1,3,0.333,0,0,0.0,1,3,4,0,0,0,2,1,5,-11.0,0022400563,Jalen Smith,jalen smith,,,2025-01-15,0,0.4032258064516129,0.08064516129032258,0.3225806451612903,0.0,0.08064516129032258,9.0,3.0,5.0,7.0,4.0,4.0,9.0,9.0,0.0,0,0.0,0,0.0023499999999999997,-38.8,-16503.61548277329,-38.708819999999996,0.0,6.0,5.0,0.024798622
0022400563,1610612741,Chicago,Bulls,CHI,bulls,1631207,Dalen,Terry,D. Terry,dalen-terry,,,,5:36,5.6,0,2,0.0,0,0,0.0,0,0,0.0,0,0,0,1,0,0,2,2,0,-2.0,0022400563,Dalen Terry,dalen terry,,,2025-01-15,0,0.0,0.0,0.0,0.17857142857142858,0.0,10.0,5.0,11.0,6.0,4.0,4.0,4.0,10.0,0.0,0,0.0,0,0.0023499999999999997,-24.6,-10463.632496809869,-24.54219,0.0,6.0,9.0,0.0042673005
0022400563,1610612741,Chicago,Bulls,CHI,bulls,1641824,Matas,Buzelis,M. Buzelis,matas-buzelis,,,,17:29,17.483333333333334,4,8,0.5,0,3,0.0,0,0,0.0,0,5,5,0,0,2,0,1,8,-18.0,0022400563,Matas Buzelis,matas buzelis,,,2025-01-15,2,0.4575786463298379,0.0,0.2859866539561487,0.0,0.11439466158245948,7.0,5.0,4.0,7.0,4.0,1.0,12.0,7.0,0.0,0,0.0,0,0.0019500000000000001,-46.2,-23680.164018452077,-46.10991,0.11439466158245948,1.0,4.0,0.2330979
0022400563,1610612741,Chicago,Bulls,CHI,bulls,1628975,Jevon,Carter,J. Carter,jevon-carter,,,,4:16,4.266666666666667,0,2,0.0,0,1,0.0,0,0,0.0,0,0,0,0,0,0,1,1,0,5.0,0022400563,Jevon Carter,jevon carter,,,2025-01-15,0,0.0,0.0,0.0,0.0,0.0,10.0,5.0,11.0,7.0,4.0,4.0,2.0,11.0,0.0,0,0.0,0,0.0027300000000000002,43.3,15854.998169168799,43.181791,0.0,6.0,9.0,0.004514747
0022400563,1610612741,Chicago,Bulls,CHI,bulls,1629659,Talen,Horton-Tucker,T. Horton-Tucker,talen-horton-tucker,,,,3:23,3.3833333333333333,0,1,0.0,0,1,0.0,0,0,0.0,0,0,0,0,0,0,1,0,0,-5.0,0022400563,Talen Horton-Tucker,talen horton-tucker,,,2025-01-15,0,0.0,0.0,0.0,0.0,0.0,10.0,5.0,11.0,7.0,4.0,4.0,7.0,12.0,0.0,0,0.0,0,0.0025,-48.6,-19432.227109156338,-48.478500000000004,0.0,6.0,9.0,0.0026694455
0022400563,1610612741,Chicago,Bulls,CHI,bulls,1630537,Chris,Duarte,C. Duarte,chris-duarte,,,,1:26,1.4333333333333333,0,0,0.0,0,0,0.0,0,0,0.0,0,1,1,0,0,0,0,0,0,-2.0,0022400563,Chris Duarte,chris duarte,,,2025-01-15,0,0.0,0.0,0.6976744186046512,0.0,0.0,10.0,5.0,10.0,7.0,4.0,4.0,4.0,13.0,,1,,1,0.0,-66.7,-66700000.00000001,-66.7,0.0,6.0,9.0,0.010954239
0022400584,1610612741,Chicago,Bulls,CHI,bulls,203897,Zach,LaVine,Z. LaVine,zach-lavine,F,,,34:48,34.8,7,15,0.467,2,4,0.5,3,3,1.0,1,5,6,8,2,0,4,1,19,4.0,0022400584,Zach LaVine,zach lavine,,,2025-01-17,2,0.5459770114942529,0.02873563218390805,0.1724137931034483,0.2298850574712644,0.08620689655172414,2.0,4.0,2.0,1.0,2.0,3.0,3.0,1.0,1.0,0,0.0,0,0.00233,2.1,900.9009009009009,2.095107,0.0574712643678161,2.0,7.0,0.7148578
0022400584,1610612741,Chicago,Bulls,CHI,bulls,1630172,Patrick,Williams,P. Williams,patrick-williams,F,,,16:55,16.916666666666668,2,8,0.25,1,5,0.2,0,0,0.0,0,0,0,1,0,2,0,0,5,-17.0,0022400584,Patrick Williams,patrick williams,,,2025-01-17,2,0.29556650246305416,0.0,0.0,0.059113300492610835,0.11822660098522167,10.0,8.0,9.0,7.0,7.0,1.0,11.0,8.0,2.0,0,0.0,0,0.0019500000000000001,-41.3,-21168.63147104049,-41.219465,0.11822660098522167,2.0,5.0,0.01255674
0022400584,1610612741,Chicago,Bulls,CHI,bulls,202696,Nikola,Vučević,N. Vučević,nikola-vučević,C,,,34:11,34.18333333333333,17,25,0.68,2,6,0.333,4,4,1.0,2,11,13,3,1,0,0,3,40,5.0,0022400584,Nikola Vučević,nikola vučević,,,2025-01-17,1,1.1701608971233546,0.05850804485616773,0.3803022915650902,0.0877620672842516,0.0877620672842516,1.0,2.0,1.0,5.0,3.0,3.0,2.0,2.0,1.0,0,0.0,0,0.0032500000000000003,3.5,1076.5918179021837,3.488625,0.029254022428083865,4.0,6.0,0.9033673
0022400584,1610612741,Chicago,Bulls,CHI,bulls,1629632,Coby,White,C. White,coby-white,G,,,32:56,32.93333333333333,6,7,0.857,4,5,0.8,2,3,0.667,0,5,5,8,1,0,3,2,18,4.0,0022400584,Coby White,coby white,,,2025-01-17,1,0.5465587044534413,0.0,0.15182186234817815,0.24291497975708504,0.03036437246963563,3.0,8.0,3.0,1.0,3.0,3.0,3.0,3.0,1.0,0,0.0,0,0.00136,5.6,4114.621601763409,5.592383999999999,0.03036437246963563,4.0,11.0,0.8513934
0022400584,1610612741,Chicago,Bulls,CHI,bulls,1630581,Josh,Giddey,J. Giddey,josh-giddey,G,,,26:13,26.216666666666665,3,7,0.429,0,2,0.0,0,0,0.0,2,3,5,5,0,0,4,2,6,-16.0,0022400584,Josh Giddey,josh giddey,,,2025-01-17,0,0.22886204704386523,0.07628734901462175,0.19071837253655435,0.19071837253655435,0.07628734901462175,5.0,2.0,3.0,3.0,7.0,3.0,10.0,5.0,2.0,0,0.0,0,0.00183,-24.2,-13216.821409066084,-24.155714,0.0,9.0,8.0,0.062469915
0022400584,1610612741,Chicago,Bulls,CHI,bulls,1628366,Lonzo,Ball,L. Ball,lonzo-ball,,,,24:49,24.816666666666666,2,6,0.333,2,6,0.333,0,0,0.0,1,2,3,3,3,0,0,2,6,16.0,0022400584,Lonzo Ball,lonzo ball,,,2025-01-17,3,0.24177300201477503,0.040295500335795834,0.12088650100738751,0.12088650100738751,0.16118200134318333,5.0,4.0,8.0,5.0,1.0,3.0,1.0,6.0,1.0,0,0.0,0,0.0010299999999999999,30.2,29291.949563530557,30.168894,0.12088650100738751,1.0,3.0,0.47539154
0022400584,1610612741,Chicago,Bulls,CHI,bulls,1630245,Ayo,Dosunmu,A. Dosunmu,ayo-dosunmu,,,,28:12,28.2,4,8,0.5,1,3,0.333,0,0,0.0,1,4,5,4,1,0,0,4,9,4.0,0022400584,Ayo Dosunmu,ayo dosunmu,,,2025-01-17,1,0.3191489361702128,0.03546099290780142,0.1773049645390071,0.14184397163120568,0.07092198581560284,4.0,4.0,3.0,4.0,3.0,3.0,3.0,4.0,1.0,0,0.0,0,0.00111,6.6,5940.59405940594,6.592674,0.03546099290780142,4.0,10.0,0.5197793
0022400584,1610612741,Chicago,Bulls,CHI,bulls,1641763,Julian,Phillips,J. Phillips,julian-phillips,,,,17:34,17.566666666666666,1,6,0.167,0,1,0.0,4,4,1.0,4,0,4,0,0,0,1,3,6,-4.0,0022400584,Julian Phillips,julian phillips,,,2025-01-17,0,0.3415559772296015,0.22770398481973436,0.22770398481973436,0.0,0.22770398481973436,5.0,1.0,6.0,10.0,7.0,3.0,8.0,7.0,0.0,0,0.0,0,0.00209,-7.4,-3538.9765662362506,-7.384534,0.0,9.0,2.0,0.056976307
0022400584,1610612741,Chicago,Bulls,CHI,bulls,1630188,Jalen,Smith,J. Smith,jalen-smith,,,,13:49,13.816666666666666,3,7,0.429,0,4,0.0,0,0,0.0,1,3,4,1,0,0,1,0,6,-7.0,0022400584,Jalen Smith,jalen smith,,,2025-01-17,0,0.4342581423401689,0.07237635705669482,0.28950542822677927,0.07237635705669482,0.07237635705669482,5.0,4.0,6.0,7.0,7.0,3.0,9.0,9.0,0.0,0,0.0,0,0.00229,-24.1,-10519.423832387603,-24.044811000000003,0.0,9.0,9.0,0.07633044
0022400584,1610612741,Chicago,Bulls,CHI,bulls,1631207,Dalen,Terry,D. Terry,dalen-terry,,,,6:23,6.383333333333334,2,4,0.5,2,3,0.667,0,0,0.0,0,0,0,1,1,0,0,1,6,-2.0,0022400584,Dalen Terry,dalen terry,,,2025-01-17,1,0.9399477806788511,0.0,0.0,0.15665796344647517,0.15665796344647517,5.0,8.0,9.0,7.0,3.0,3.0,7.0,10.0,2.0,0,0.0,0,0.0025,-15.4,-6157.5369852059175,-15.361500000000001,0.15665796344647517,4.0,4.0,0.109350815
0022400584,1610612741,Chicago,Bulls,CHI,bulls,1641824,Matas,Buzelis,M. Buzelis,matas-buzelis,,,,4:10,4.166666666666667,1,2,0.5,0,1,0.0,0,0,0.0,0,0,0,0,0,1,0,0,2,3.0,0022400584,Matas Buzelis,matas buzelis,,,2025-01-17,1,0.48,0.0,0.0,0.0,0.24,11.0,8.0,9.0,10.0,7.0,2.0,6.0,11.0,0.0,0,0.0,0,0.002,33.3,16641.679160419786,33.233399999999996,0.24,4.0,1.0,0.013135889
0022400597,1610612741,Chicago,Bulls,CHI,bulls,203897,Zach,LaVine,Z. LaVine,zach-lavine,F,,,38:34,38.56666666666667,10,21,0.476,2,7,0.286,5,5,1.0,0,4,4,5,2,1,4,1,27,0.0,0022400597,Zach LaVine,zach lavine,,,2025-01-19,3,0.700086430423509,0.0,0.10371650821089022,0.12964563526361278,0.07778738115816766,1.0,7.0,2.0,2.0,2.0,3.0,3.0,1.0,3.0,0,0.0,0,0.003,-1.3,-433.18893702099297,-1.2961,0.07778738115816766,2.0,6.0,0.80548024
0022400597,1610612741,Chicago,Bulls,CHI,bulls,1630172,Patrick,Williams,P. Williams,patrick-williams,F,,,25:39,25.65,5,11,0.455,2,5,0.4,3,4,0.75,0,3,3,1,1,0,1,2,15,-9.0,0022400597,Patrick Williams,patrick williams,,,2025-01-19,1,0.584795321637427,0.0,0.11695906432748539,0.038986354775828465,0.038986354775828465,3.0,7.0,3.0,5.0,3.0,6.0,8.0,6.0,1.0,0,0.0,0,0.0023,-16.4,-7127.335940895262,-16.36228,0.038986354775828465,6.0,8.0,0.75496835
0022400597,1610612741,Chicago,Bulls,CHI,bulls,202696,Nikola,Vučević,N. Vučević,nikola-vučević,C,,,35:05,35.083333333333336,6,14,0.429,1,4,0.25,4,4,1.0,2,9,11,7,3,1,0,2,17,0.0,0022400597,Nikola Vučević,nikola vučević,,,2025-01-19,4,0.48456057007125886,0.05700712589073634,0.31353919239904987,0.1995249406175772,0.171021377672209,2.0,1.0,1.0,1.0,1.0,3.0,3.0,2.0,6.0,0,0.0,0,0.0019,-1.4,-736.4544976328248,-1.3973399999999998,0.11401425178147268,1.0,4.0,0.80863094
0022400597,1610612741,Chicago,Bulls,CHI,bulls,1629632,Coby,White,C. White,coby-white,G,,,27:22,27.366666666666667,4,10,0.4,1,4,0.25,0,2,0.0,0,3,3,0,0,0,2,0,9,-8.0,0022400597,Coby White,coby white,,,2025-01-19,0,0.32886723507917176,0.0,0.10962241169305724,0.0,0.0,5.0,7.0,3.0,6.0,8.0,6.0,7.0,5.0,0.0,0,0.0,0,0.00194,-11.7,-6027.820710973724,-11.677302,0.0,8.0,10.0,0.05938017
0022400597,1610612741,Chicago,Bulls,CHI,bulls,1630581,Josh,Giddey,J. Giddey,josh-giddey,G,,,29:20,29.333333333333332,0,2,0.0,0,1,0.0,0,0,0.0,2,1,3,4,1,1,2,3,0,-15.0,0022400597,Josh Giddey,josh giddey,,,2025-01-19,2,0.0,0.06818181818181819,0.10227272727272728,0.13636363636363638,0.13636363636363638,10.0,1.0,3.0,3.0,3.0,3.0,11.0,4.0,2.0,0,0.0,0,0.00058,-22.2,-38209.98278829604,-22.187123999999997,0.06818181818181819,5.0,5.0,0.044630717
0022400597,1610612741,Chicago,Bulls,CHI,bulls,1631207,Dalen,Terry,D. Terry,dalen-terry,,,,15:37,15.616666666666667,2,4,0.5,0,1,0.0,2,2,1.0,1,2,3,0,0,0,0,2,6,3.0,0022400597,Dalen Terry,dalen terry,,,2025-01-19,0,0.384204909284952,0.064034151547492,0.192102454642476,0.0,0.064034151547492,8.0,3.0,3.0,6.0,8.0,6.0,2.0,7.0,1.0,0,0.0,0,0.0013900000000000002,5.1,3666.4270309130115,5.092911,0.0,8.0,7.0,0.101620026
0022400597,1610612741,Chicago,Bulls,CHI,bulls,1641824,Matas,Buzelis,M. Buzelis,matas-buzelis,,,,14:50,14.833333333333334,2,5,0.4,1,2,0.5,2,2,1.0,1,2,3,0,1,2,1,2,7,8.0,0022400597,Matas Buzelis,matas buzelis,,,2025-01-19,3,0.47191011235955055,0.06741573033707865,0.20224719101123595,0.0,0.2696629213483146,6.0,3.0,3.0,6.0,3.0,1.0,1.0,8.0,2.0,0,0.0,0,0.00184,14.2,7713.1993481803365,14.173872,0.20224719101123595,2.0,2.0,0.5425724
0022400597,1610612741,Chicago,Bulls,CHI,bulls,1630245,Ayo,Dosunmu,A. Dosunmu,ayo-dosunmu,,,,32:09,32.15,4,8,0.5,1,3,0.333,3,4,0.75,0,1,1,4,1,0,1,3,12,-11.0,0022400597,Ayo Dosunmu,ayo dosunmu,,,2025-01-19,1,0.37325038880248834,0.0,0.03110419906687403,0.12441679626749612,0.03110419906687403,4.0,7.0,9.0,3.0,3.0,6.0,9.0,3.0,5.0,0,0.0,0,0.0014299999999999998,-17.8,-12438.853948287913,-17.774546,0.03110419906687403,6.0,9.0,0.31250632
0022400597,1610612741,Chicago,Bulls,CHI,bulls,1630188,Jalen,Smith,J. Smith,jalen-smith,,,,12:55,12.916666666666666,2,5,0.4,0,2,0.0,3,3,1.0,1,2,3,0,1,2,2,1,7,-11.0,0022400597,Jalen Smith,jalen smith,,,2025-01-19,3,0.5419354838709678,0.07741935483870968,0.23225806451612904,0.0,0.3096774193548387,6.0,3.0,3.0,6.0,3.0,1.0,9.0,9.0,2.0,0,0.0,0,0.00267,-36.5,-13665.293897416697,-36.402545,0.23225806451612904,2.0,1.0,0.12615165
0022400597,1610612741,Chicago,Bulls,CHI,bulls,1641763,Julian,Phillips,J. Phillips,julian-phillips,,,,4:51,4.85,1,1,1.0,0,0,0.0,0,0,0.0,1,0,1,0,0,0,1,2,2,-7.0,0022400597,Julian Phillips,julian phillips,,,2025-01-19,0,0.4123711340206186,0.2061855670103093,0.2061855670103093,0.0,0.2061855670103093,9.0,3.0,9.0,6.0,8.0,6.0,6.0,10.0,0.0,0,0.0,0,0.00182,-57.3,-31466.227347611202,-57.195713999999995,0.0,8.0,3.0,0.008696191
0022400597,1610612741,Chicago,Bulls,CHI,bulls,1629659,Talen,Horton-Tucker,T. Horton-Tucker,talen-horton-tucker,,,,3:38,3.6333333333333333,0,0,0.0,0,0,0.0,0,0,0.0,0,1,1,0,0,0,0,1,0,-5.0,0022400597,Talen Horton-Tucker,talen horton-tucker,,,2025-01-19,0,0.0,0.0,0.27522935779816515,0.0,0.0,10.0,7.0,9.0,6.0,8.0,6.0,5.0,11.0,2.0,0,0.0,0,0.0,-62.5,-62500000.0,-62.5,0.0,8.0,10.0,0.004063324
0022400611,1610612741,Chicago,Bulls,CHI,bulls,203897,Zach,LaVine,Z. LaVine,zach-lavine,F,,,33:57,33.95,11,21,0.524,5,12,0.417,8,10,0.8,0,3,3,0,0,0,1,2,35,20.0,0022400611,Zach LaVine,zach lavine,,,2025-01-20,0,1.0309278350515463,0.0,0.08836524300441825,0.0,0.0,1.0,8.0,9.0,8.0,4.0,7.0,1.0,2.0,1.0,0,0.0,0,0.00329,29.9,9085.384381646914,29.801629,0.0,8.0,9.0,0.81320333
0022400611,1610612741,Chicago,Bulls,CHI,bulls,1630172,Patrick,Williams,P. Williams,patrick-williams,F,,,25:52,25.866666666666667,3,7,0.429,2,4,0.5,0,0,0.0,1,4,5,3,0,1,1,1,8,5.0,0022400611,Patrick Williams,patrick williams,,,2025-01-20,1,0.30927835051546393,0.03865979381443299,0.19329896907216496,0.11597938144329897,0.07731958762886598,5.0,6.0,6.0,3.0,4.0,1.0,7.0,5.0,0.0,0,0.0,0,0.00136,17.0,12490.815576781779,16.97688,0.03865979381443299,3.0,8.0,0.0648781
0022400611,1610612741,Chicago,Bulls,CHI,bulls,202696,Nikola,Vučević,N. Vučević,nikola-vučević,C,,,33:46,33.766666666666666,6,15,0.4,1,5,0.2,1,2,0.5,3,5,8,4,3,1,1,2,14,13.0,0022400611,Nikola Vučević,nikola vučević,,,2025-01-20,4,0.4146100691016782,0.08884501480750247,0.23692003948667326,0.11846001974333663,0.2073050345508391,4.0,1.0,2.0,2.0,1.0,1.0,4.0,3.0,3.0,0,0.0,0,0.0021,18.4,8757.734412184673,18.361359999999998,0.11846001974333663,1.0,4.0,0.49572137
0022400611,1610612741,Chicago,Bulls,CHI,bulls,1628366,Lonzo,Ball,L. Ball,lonzo-ball,G,,,26:20,26.333333333333332,2,9,0.222,1,8,0.125,0,0,0.0,0,4,4,3,3,1,2,3,5,7.0,0022400611,Lonzo Ball,lonzo ball,,,2025-01-20,4,0.189873417721519,0.0,0.1518987341772152,0.1139240506329114,0.1518987341772152,6.0,8.0,7.0,3.0,1.0,1.0,6.0,4.0,4.0,0,0.0,0,0.00172,13.0,7553.747821034283,12.97764,0.1518987341772152,1.0,5.0,0.034648236
0022400611,1610612741,Chicago,Bulls,CHI,bulls,1630581,Josh,Giddey,J. Giddey,josh-giddey,G,,,40:24,40.4,7,9,0.778,2,4,0.5,2,2,1.0,3,7,10,9,1,0,2,3,18,17.0,0022400611,Josh Giddey,josh giddey,,,2025-01-20,1,0.44554455445544555,0.07425742574257425,0.24752475247524752,0.22277227722772278,0.09900990099009901,2.0,1.0,1.0,1.0,3.0,7.0,2.0,1.0,1.0,0,0.0,0,0.00125,22.6,18065.547561950443,22.57175,0.024752475247524754,3.0,7.0,0.86934817
0022400611,1610612741,Chicago,Bulls,CHI,bulls,1631207,Dalen,Terry,D. Terry,dalen-terry,,,,16:29,16.483333333333334,0,3,0.0,0,1,0.0,1,2,0.5,3,3,6,2,0,1,0,2,1,10.0,0022400611,Dalen Terry,dalen terry,,,2025-01-20,1,0.06066734074823053,0.18200202224469159,0.36400404448938317,0.12133468149646107,0.24266936299292213,10.0,1.0,4.0,6.0,4.0,1.0,5.0,7.0,1.0,0,0.0,0,0.0007000000000000001,29.4,41940.085592011405,29.379419999999996,0.06066734074823053,3.0,2.0,0.15903682
0022400611,1610612741,Chicago,Bulls,CHI,bulls,1641824,Matas,Buzelis,M. Buzelis,matas-buzelis,,,,12:31,12.516666666666667,1,6,0.167,1,3,0.333,2,2,1.0,3,1,4,0,0,0,0,0,5,-11.0,0022400611,Matas Buzelis,matas buzelis,,,2025-01-20,0,0.3994673768308921,0.23968042609853527,0.3195739014647137,0.0,0.23968042609853527,6.0,1.0,7.0,8.0,4.0,7.0,10.0,10.0,0.0,0,0.0,0,0.00212,-44.0,-20744.931636020745,-43.90672,0.0,8.0,3.0,0.016034413
0022400611,1610612741,Chicago,Bulls,CHI,bulls,1630188,Jalen,Smith,J. Smith,jalen-smith,,,,14:08,14.133333333333333,1,5,0.2,0,1,0.0,2,2,1.0,1,6,7,1,0,1,0,2,4,0.0,0022400611,Jalen Smith,jalen smith,,,2025-01-20,1,0.2830188679245283,0.07075471698113207,0.49528301886792453,0.07075471698113207,0.14150943396226415,8.0,6.0,3.0,7.0,4.0,1.0,8.0,8.0,0.0,0,0.0,0,0.00158,6.1,3858.3175205566095,6.090362,0.07075471698113207,3.0,6.0,0.028296212
0022400611,1610612741,Chicago,Bulls,CHI,bulls,1629659,Talen,Horton-Tucker,T. Horton-Tucker,talen-horton-tucker,,,,22:46,22.766666666666666,6,15,0.4,2,6,0.333,4,4,1.0,0,1,1,3,0,0,2,1,18,-10.0,0022400611,Talen Horton-Tucker,talen horton-tucker,,,2025-01-20,0,0.7906295754026355,0.0,0.043923865300146414,0.13177159590043924,0.0,2.0,8.0,10.0,3.0,4.0,7.0,9.0,6.0,3.0,0,0.0,0,0.00317,-18.2,-5739.514348785871,-18.142305999999998,0.0,8.0,9.0,0.71003693
0022400611,1610612741,Chicago,Bulls,CHI,bulls,1641763,Julian,Phillips,J. Phillips,julian-phillips,,,,13:47,13.783333333333333,1,4,0.25,1,2,0.5,1,2,0.5,3,3,6,0,0,1,1,1,4,14.0,0022400611,Julian Phillips,julian phillips,,,2025-01-20,1,0.29020556227327693,0.21765417170495768,0.43530834340991537,0.0,0.29020556227327693,8.0,1.0,4.0,8.0,4.0,1.0,3.0,9.0,1.0,0,0.0,0,0.00154,50.6,32835.82089552239,50.522076000000006,0.07255139056831923,3.0,1.0,0.12711108
0022400628,1610612741,Chicago,Bulls,CHI,bulls,203897,Zach,LaVine,Z. LaVine,zach-lavine,F,,,32:48,32.8,6,13,0.462,3,6,0.5,9,12,0.75,0,3,3,4,0,0,0,0,24,-18.0,0022400628,Zach LaVine,zach lavine,,,2025-01-23,0,0.7317073170731708,0.0,0.09146341463414635,0.12195121951219513,0.0,1.0,7.0,5.0,1.0,5.0,3.0,11.0,2.0,1.0,0,0.0,0,0.0026,-23.1,-8881.199538638986,-23.03994,0.0,6.0,7.0,0.8644586
0022400628,1610612741,Chicago,Bulls,CHI,bulls,1630172,Patrick,Williams,P. Williams,patrick-williams,F,,,27:08,27.133333333333333,3,11,0.273,1,4,0.25,0,0,0.0,0,3,3,1,0,0,1,0,7,1.0,0022400628,Patrick Williams,patrick williams,,,2025-01-23,0,0.257985257985258,0.0,0.11056511056511056,0.036855036855036855,0.0,8.0,7.0,5.0,7.0,5.0,3.0,1.0,4.0,2.0,0,0.0,0,0.00185,5.5,2971.366828741221,5.489825,0.0,6.0,7.0,0.085002385
0022400628,1610612741,Chicago,Bulls,CHI,bulls,202696,Nikola,Vučević,N. Vučević,nikola-vučević,C,,,30:20,30.333333333333332,4,9,0.444,1,2,0.5,0,0,0.0,1,5,6,4,4,0,3,3,9,-15.0,0022400628,Nikola Vučević,nikola vučević,,,2025-01-23,4,0.2967032967032967,0.03296703296703297,0.19780219780219782,0.13186813186813187,0.16483516483516483,4.0,4.0,2.0,1.0,1.0,3.0,9.0,3.0,3.0,0,0.0,0,0.00179,-20.1,-11222.78056951424,-20.064021000000004,0.13186813186813187,1.0,4.0,0.3723789
0022400628,1610612741,Chicago,Bulls,CHI,bulls,1628366,Lonzo,Ball,L. Ball,lonzo-ball,G,,,23:08,23.133333333333333,3,10,0.3,3,9,0.333,0,0,0.0,1,2,3,4,1,0,3,3,9,-6.0,0022400628,Lonzo Ball,lonzo ball,,,2025-01-23,1,0.38904899135446686,0.043227665706051875,0.12968299711815562,0.1729106628242075,0.08645533141210375,4.0,4.0,5.0,1.0,2.0,3.0,3.0,5.0,4.0,0,0.0,0,0.00245,-5.2,-2121.5830273357815,-5.18726,0.043227665706051875,3.0,6.0,0.1459352
0022400628,1610612741,Chicago,Bulls,CHI,bulls,1630581,Josh,Giddey,J. Giddey,josh-giddey,G,,,33:34,33.56666666666667,6,12,0.5,2,4,0.5,2,3,0.667,2,9,11,3,1,1,3,3,16,-12.0,0022400628,Josh Giddey,josh giddey,,,2025-01-23,2,0.47666335650446867,0.059582919563058584,0.3277060575968222,0.08937437934458788,0.11916583912611717,2.0,2.0,1.0,4.0,2.0,1.0,8.0,1.0,2.0,0,0.0,0,0.00203,-20.9,-10290.497291974394,-20.857573,0.059582919563058584,2.0,5.0,0.62583464
0022400628,1610612741,Chicago,Bulls,CHI,bulls,1630245,Ayo,Dosunmu,A. Dosunmu,ayo-dosunmu,,,,22:37,22.616666666666667,4,6,0.667,2,4,0.5,3,4,0.75,0,2,2,2,0,0,0,2,13,-26.0,0022400628,Ayo Dosunmu,ayo dosunmu,,,2025-01-23,0,0.5747973470891673,0.0,0.08843036109064112,0.08843036109064112,0.0,3.0,7.0,8.0,5.0,5.0,3.0,12.0,6.0,1.0,0,0.0,0,0.00151,-48.6,-32164.129715420255,-48.526614,0.0,6.0,7.0,0.69678545
0022400628,1610612741,Chicago,Bulls,CHI,bulls,1641824,Matas,Buzelis,M. Buzelis,matas-buzelis,,,,11:01,11.016666666666667,1,6,0.167,0,1,0.0,1,1,1.0,2,2,4,0,0,0,1,2,3,-9.0,0022400628,Matas Buzelis,matas buzelis,,,2025-01-23,0,0.2723146747352496,0.1815431164901664,0.3630862329803328,0.0,0.1815431164901664,9.0,2.0,4.0,10.0,5.0,3.0,5.0,10.0,0.0,0,0.0,0,0.00233,-37.5,-16087.516087516085,-37.412625,0.0,6.0,3.0,0.019657044
0022400628,1610612741,Chicago,Bulls,CHI,bulls,1630188,Jalen,Smith,J. Smith,jalen-smith,,,,17:40,17.666666666666668,2,5,0.4,1,3,0.333,4,4,1.0,3,3,6,1,0,1,0,0,9,-10.0,0022400628,Jalen Smith,jalen smith,,,2025-01-23,1,0.5094339622641509,0.16981132075471697,0.33962264150943394,0.056603773584905655,0.22641509433962262,4.0,1.0,2.0,7.0,5.0,1.0,7.0,7.0,0.0,0,0.0,0,0.0015199999999999999,-23.5,-15450.361604207761,-23.464280000000002,0.056603773584905655,3.0,1.0,0.377155
0022400628,1610612741,Chicago,Bulls,CHI,bulls,1631207,Dalen,Terry,D. Terry,dalen-terry,,,,11:22,11.366666666666667,1,3,0.333,0,1,0.0,0,0,0.0,0,0,0,2,0,0,0,1,2,-6.0,0022400628,Dalen Terry,dalen terry,,,2025-01-23,0,0.1759530791788856,0.0,0.0,0.1759530791788856,0.0,11.0,7.0,12.0,5.0,5.0,3.0,3.0,9.0,,1,,1,0.0010299999999999999,-19.5,-18913.676042677016,-19.479915000000002,0.0,6.0,7.0,0.007092257
0022400628,1610612741,Chicago,Bulls,CHI,bulls,1629659,Talen,Horton-Tucker,T. Horton-Tucker,talen-horton-tucker,,,,10:37,10.616666666666667,0,3,0.0,0,0,0.0,2,2,1.0,1,0,1,1,1,0,0,0,2,-9.0,0022400628,Talen Horton-Tucker,talen horton-tucker,,,2025-01-23,1,0.18838304552590265,0.09419152276295133,0.09419152276295133,0.09419152276295133,0.18838304552590265,11.0,4.0,10.0,7.0,2.0,3.0,5.0,11.0,2.0,0,0.0,0,0.0017399999999999998,-36.4,-20907.524411257902,-36.336664,0.09419152276295133,3.0,2.0,0.0059771477
0022400628,1610612741,Chicago,Bulls,CHI,bulls,1641763,Julian,Phillips,J. Phillips,julian-phillips,,,,14:08,14.133333333333333,1,2,0.5,0,0,0.0,1,1,1.0,0,2,2,0,0,0,0,1,3,-16.0,0022400628,Julian Phillips,julian phillips,,,2025-01-23,0,0.21226415094339623,0.0,0.14150943396226415,0.0,0.0,9.0,7.0,8.0,10.0,5.0,3.0,10.0,8.0,,1,,1,0.00061,-51.4,-84124.38625204582,-51.368646,0.0,6.0,7.0,0.012467183
0022400628,1610612741,Chicago,Bulls,CHI,bulls,1628975,Jevon,Carter,J. Carter,jevon-carter,,,,5:37,5.616666666666667,3,7,0.429,3,6,0.5,0,0,0.0,0,1,1,0,0,0,0,1,9,1.0,0022400628,Jevon Carter,jevon carter,,,2025-01-23,0,1.602373887240356,0.0,0.17804154302670622,0.0,0.0,4.0,7.0,10.0,10.0,5.0,3.0,1.0,12.0,0.0,0,0.0,0,0.00438,8.3,1894.544624514951,8.263646,0.0,6.0,7.0,0.25159833
0022400642,1610612741,Chicago,Bulls,CHI,bulls,203897,Zach,LaVine,Z. LaVine,zach-lavine,F,,,37:38,37.63333333333333,10,20,0.5,2,9,0.222,3,8,0.375,1,7,8,4,1,0,4,2,25,-5.0,0022400642,Zach LaVine,zach lavine,,,2025-01-25,1,0.6643046944198405,0.026572187776793623,0.21257750221434898,0.10628875110717449,0.053144375553587246,1.0,4.0,3.0,2.0,2.0,2.0,4.0,2.0,3.0,0,0.0,0,0.00315,-8.8,-2792.7642018406855,-8.77228,0.026572187776793623,3.0,9.0,0.7861523
0022400642,1610612741,Chicago,Bulls,CHI,bulls,1630172,Patrick,Williams,P. Williams,patrick-williams,F,,,27:06,27.1,1,9,0.111,0,4,0.0,0,1,0.0,0,4,4,3,0,0,2,1,2,-12.0,0022400642,Patrick Williams,patrick williams,,,2025-01-25,0,0.07380073800738007,0.0,0.14760147601476015,0.11070110701107011,0.0,9.0,9.0,5.0,4.0,6.0,2.0,11.0,5.0,1.0,0,0.0,0,0.00169,-25.6,-15138.971023063277,-25.556736,0.0,6.0,11.0,0.008842426
0022400642,1610612741,Chicago,Bulls,CHI,bulls,202696,Nikola,Vučević,N. Vučević,nikola-vučević,C,,,34:19,34.31666666666667,8,12,0.667,0,3,0.0,6,6,1.0,2,10,12,4,1,3,0,5,22,-9.0,0022400642,Nikola Vučević,nikola vučević,,,2025-01-25,4,0.6410879067508498,0.05828071879553181,0.34968431277319084,0.11656143759106362,0.17484215638659542,2.0,2.0,1.0,2.0,2.0,1.0,9.0,3.0,2.0,0,0.0,0,0.00181,-15.1,-8337.934842628383,-15.072669,0.11656143759106362,1.0,2.0,0.91307837
0022400642,1610612741,Chicago,Bulls,CHI,bulls,1628366,Lonzo,Ball,L. Ball,lonzo-ball,G,,,24:15,24.25,3,7,0.429,3,7,0.429,0,0,0.0,0,4,4,2,2,0,0,0,9,-8.0,0022400642,Lonzo Ball,lonzo ball,,,2025-01-25,2,0.3711340206185567,0.0,0.16494845360824742,0.08247422680412371,0.08247422680412371,4.0,9.0,5.0,5.0,1.0,2.0,8.0,6.0,3.0,0,0.0,0,0.00111,-17.8,-16021.602160216022,-17.780242,0.08247422680412371,2.0,8.0,0.10054143
0022400642,1610612741,Chicago,Bulls,CHI,bulls,1630581,Josh,Giddey,J. Giddey,josh-giddey,G,,,38:18,38.3,4,13,0.308,1,4,0.25,1,1,1.0,4,6,10,7,0,0,5,1,10,-7.0,0022400642,Josh Giddey,josh giddey,,,2025-01-25,0,0.26109660574412535,0.10443864229765014,0.26109660574412535,0.18276762402088775,0.10443864229765014,3.0,1.0,2.0,1.0,6.0,2.0,6.0,1.0,0.0,0,0.0,0,0.002,-11.3,-5647.176411794103,-11.2774,0.0,6.0,5.0,0.24697216
0022400642,1610612741,Chicago,Bulls,CHI,bulls,1630245,Ayo,Dosunmu,A. Dosunmu,ayo-dosunmu,,,,27:52,27.866666666666667,3,10,0.3,2,5,0.4,0,0,0.0,1,1,2,2,0,0,2,2,8,-10.0,0022400642,Ayo Dosunmu,ayo dosunmu,,,2025-01-25,0,0.28708133971291866,0.03588516746411483,0.07177033492822966,0.07177033492822966,0.03588516746411483,6.0,4.0,8.0,5.0,6.0,2.0,10.0,4.0,1.0,0,0.0,0,0.0017100000000000001,-24.1,-14085.330216247808,-24.058789,0.0,6.0,10.0,0.047711805
0022400642,1610612741,Chicago,Bulls,CHI,bulls,1631207,Dalen,Terry,D. Terry,dalen-terry,,,,9:42,9.7,0,2,0.0,0,0,0.0,0,0,0.0,1,0,1,1,0,0,1,1,0,-5.0,0022400642,Dalen Terry,dalen terry,,,2025-01-25,0,0.0,0.10309278350515465,0.10309278350515465,0.10309278350515465,0.10309278350515465,11.0,4.0,10.0,7.0,6.0,2.0,4.0,9.0,0.0,0,0.0,0,0.001,-30.3,-30269.730269730273,-30.2697,0.0,6.0,6.0,0.0051607173
0022400642,1610612741,Chicago,Bulls,CHI,bulls,1630188,Jalen,Smith,J. Smith,jalen-smith,,,,13:41,13.683333333333334,3,4,0.75,3,3,1.0,0,0,0.0,2,5,7,0,0,0,0,1,9,-3.0,0022400642,Jalen Smith,jalen smith,,,2025-01-25,0,0.6577344701583435,0.146163215590743,0.5115712545676004,0.0,0.146163215590743,4.0,2.0,4.0,9.0,6.0,2.0,3.0,7.0,0.0,0,0.0,0,0.00114,-10.3,-9027.169149868538,-10.288258,0.0,6.0,3.0,0.31411004
0022400642,1610612741,Chicago,Bulls,CHI,bulls,1629659,Talen,Horton-Tucker,T. Horton-Tucker,talen-horton-tucker,,,,8:04,8.066666666666666,1,4,0.25,0,2,0.0,2,2,1.0,0,1,1,1,1,0,3,2,4,-7.0,0022400642,Talen Horton-Tucker,talen horton-tucker,,,2025-01-25,1,0.49586776859504134,0.0,0.12396694214876033,0.12396694214876033,0.12396694214876033,8.0,9.0,10.0,7.0,2.0,2.0,6.0,10.0,2.0,0,0.0,0,0.0034799999999999996,-41.2,-11835.679402470556,-41.056624,0.12396694214876033,3.0,4.0,0.014805711
0022400642,1610612741,Chicago,Bulls,CHI,bulls,1641824,Matas,Buzelis,M. Buzelis,matas-buzelis,,,,12:07,12.116666666666667,2,2,1.0,1,1,1.0,1,2,0.5,1,2,3,0,0,0,2,1,6,5.0,0022400642,Matas Buzelis,matas buzelis,,,2025-01-25,0,0.4951856946354883,0.08253094910591471,0.24759284731774414,0.0,0.08253094910591471,7.0,4.0,7.0,9.0,6.0,2.0,1.0,8.0,0.0,0,0.0,0,0.00172,19.2,11156.30447414294,19.166976,0.0,6.0,7.0,0.13483135
0022400642,1610612741,Chicago,Bulls,CHI,bulls,1641763,Julian,Phillips,J. Phillips,julian-phillips,,,,6:58,6.966666666666667,1,2,0.5,0,0,0.0,0,0,0.0,1,1,2,0,1,0,0,0,2,1.0,0022400642,Julian Phillips,julian phillips,,,2025-01-25,1,0.28708133971291866,0.14354066985645933,0.28708133971291866,0.0,0.28708133971291866,9.0,4.0,8.0,9.0,2.0,2.0,2.0,11.0,1.0,0,0.0,0,0.001,0.5,499.50049950049953,0.4995,0.14354066985645933,3.0,1.0,0.03260776
0022400655,1610612741,Chicago,Bulls,CHI,bulls,203897,Zach,LaVine,Z. LaVine,zach-lavine,F,,,34:47,34.78333333333333,6,13,0.462,5,10,0.5,4,4,1.0,0,3,3,6,2,0,4,2,21,-10.0,0022400655,Zach LaVine,zach lavine,,,2025-01-27,2,0.6037374221370388,0.0,0.08624820316243412,0.17249640632486823,0.057498802108289414,1.0,7.0,8.0,2.0,2.0,5.0,11.0,1.0,2.0,0,0.0,0,0.00221,-12.8,-5789.235639981908,-12.771712,0.057498802108289414,3.0,8.0,0.8622457
0022400655,1610612741,Chicago,Bulls,CHI,bulls,1630245,Ayo,Dosunmu,A. Dosunmu,ayo-dosunmu,F,,,34:26,34.43333333333333,6,13,0.462,4,7,0.571,1,2,0.5,2,0,2,2,2,1,2,1,17,20.0,0022400655,Ayo Dosunmu,ayo dosunmu,,,2025-01-27,3,0.49370764762826724,0.05808325266214909,0.05808325266214909,0.05808325266214909,0.14520813165537272,4.0,3.0,9.0,5.0,2.0,2.0,1.0,2.0,1.0,0,0.0,0,0.0018,29.0,16102.165463631318,28.9478,0.08712487899322363,2.0,5.0,0.7632046
0022400655,1610612741,Chicago,Bulls,CHI,bulls,202696,Nikola,Vučević,N. Vučević,nikola-vučević,C,,,34:22,34.36666666666667,9,23,0.391,2,9,0.222,0,0,0.0,4,6,10,6,1,0,4,1,20,2.0,0022400655,Nikola Vučević,nikola vučević,,,2025-01-27,1,0.5819592628516004,0.11639185257032007,0.2909796314258002,0.1745877788554801,0.1454898157129001,2.0,1.0,1.0,2.0,4.0,5.0,6.0,3.0,6.0,0,0.0,0,0.00318,1.1,345.80320653882427,1.096502,0.029097963142580018,6.0,4.0,0.63714314
0022400655,1610612741,Chicago,Bulls,CHI,bulls,1628366,Lonzo,Ball,L. Ball,lonzo-ball,G,,,24:45,24.75,6,10,0.6,4,7,0.571,2,2,1.0,0,4,4,0,1,1,0,1,18,2.0,0022400655,Lonzo Ball,lonzo ball,,,2025-01-27,2,0.7272727272727273,0.0,0.16161616161616163,0.0,0.08080808080808081,3.0,7.0,4.0,11.0,4.0,2.0,6.0,6.0,2.0,0,0.0,0,0.0018,1.4,777.3459189339256,1.3974799999999998,0.08080808080808081,3.0,7.0,0.882986
0022400655,1610612741,Chicago,Bulls,CHI,bulls,1630581,Josh,Giddey,J. Giddey,josh-giddey,G,,,26:43,26.716666666666665,5,8,0.625,2,4,0.5,0,0,0.0,2,2,4,10,3,1,4,1,12,-8.0,0022400655,Josh Giddey,josh giddey,,,2025-01-27,4,0.44915782907049284,0.07485963817841547,0.14971927635683094,0.3742981908920774,0.22457891453524642,6.0,3.0,4.0,1.0,1.0,2.0,10.0,5.0,1.0,0,0.0,0,0.0017599999999999998,-13.1,-7438.955139125498,-13.076944,0.14971927635683094,1.0,1.0,0.52450323
0022400655,1610612741,Chicago,Bulls,CHI,bulls,1641824,Matas,Buzelis,M. Buzelis,matas-buzelis,,,,19:53,19.883333333333333,4,5,0.8,1,1,1.0,0,0,0.0,0,4,4,2,0,0,1,1,9,10.0,0022400655,Matas Buzelis,matas buzelis,,,2025-01-27,0,0.4526404023470243,0.0,0.20117351215423304,0.10058675607711652,0.0,8.0,7.0,4.0,5.0,8.0,5.0,4.0,7.0,0.0,0,0.0,0,0.00115,23.8,20677.67158992181,23.77263,0.0,9.0,9.0,0.19721662
0022400655,1610612741,Chicago,Bulls,CHI,bulls,1630172,Patrick,Williams,P. Williams,patrick-williams,,,,28:25,28.416666666666668,5,12,0.417,1,5,0.2,0,0,0.0,3,5,8,3,1,0,0,0,11,16.0,0022400655,Patrick Williams,patrick williams,,,2025-01-27,1,0.3870967741935484,0.10557184750733137,0.281524926686217,0.10557184750733137,0.1407624633431085,7.0,2.0,2.0,4.0,4.0,5.0,2.0,4.0,2.0,0,0.0,0,0.00169,22.6,13364.872856298049,22.561806,0.03519061583577712,6.0,6.0,0.72861534
0022400655,1610612741,Chicago,Bulls,CHI,bulls,1629659,Talen,Horton-Tucker,T. Horton-Tucker,talen-horton-tucker,,,,4:17,4.283333333333333,0,1,0.0,0,1,0.0,0,0,0.0,0,1,1,1,0,0,0,2,0,-6.0,0022400655,Talen Horton-Tucker,talen horton-tucker,,,2025-01-27,0,0.0,0.0,0.23346303501945526,0.23346303501945526,0.0,11.0,7.0,10.0,9.0,8.0,5.0,9.0,11.0,1.0,0,0.0,0,0.001,-60.0,-59940.059940059946,-59.94,0.0,9.0,9.0,0.002876724
0022400655,1610612741,Chicago,Bulls,CHI,bulls,1630188,Jalen,Smith,J. Smith,jalen-smith,,,,13:38,13.633333333333333,2,6,0.333,1,4,0.25,0,0,0.0,1,6,7,1,0,2,1,2,5,6.0,0022400655,Jalen Smith,jalen smith,,,2025-01-27,2,0.36674816625916873,0.07334963325183375,0.5134474327628362,0.07334963325183375,0.22004889975550124,9.0,5.0,3.0,9.0,8.0,1.0,5.0,8.0,0.0,0,0.0,0,0.00194,19.4,9994.848016486347,19.362363999999996,0.1466992665036675,3.0,2.0,0.09590389
0022400655,1610612741,Chicago,Bulls,CHI,bulls,1631207,Dalen,Terry,D. Terry,dalen-terry,,,,13:04,13.066666666666666,5,6,0.833,3,4,0.75,0,0,0.0,1,3,4,2,1,0,1,1,13,11.0,0022400655,Dalen Terry,dalen terry,,,2025-01-27,1,0.9948979591836735,0.07653061224489796,0.30612244897959184,0.15306122448979592,0.15306122448979592,5.0,5.0,4.0,5.0,4.0,5.0,3.0,9.0,1.0,0,0.0,0,0.002,36.7,18340.829585207397,36.6266,0.07653061224489796,6.0,3.0,0.7491208
0022400655,1610612741,Chicago,Bulls,CHI,bulls,1641763,Julian,Phillips,J. Phillips,julian-phillips,,,,5:40,5.666666666666667,1,1,1.0,1,1,1.0,0,0,0.0,0,0,0,2,0,0,0,2,3,-3.0,0022400655,Julian Phillips,julian phillips,,,2025-01-27,0,0.5294117647058824,0.0,0.0,0.3529411764705882,0.0,10.0,7.0,11.0,5.0,8.0,5.0,8.0,10.0,,1,,1,0.0007099999999999999,-35.3,-49648.38255977497,-35.274936999999994,0.0,9.0,9.0,0.0059696757
0022400666,1610612741,Chicago,Bulls,CHI,bulls,1628366,Lonzo,Ball,L. Ball,lonzo-ball,F,,,23:11,23.183333333333334,2,8,0.25,2,6,0.333,3,3,1.0,2,1,3,4,1,0,3,1,9,-8.0,0022400666,Lonzo Ball,lonzo ball,,,2025-01-29,1,0.3882099209202013,0.08626887131560029,0.12940330697340044,0.17253774263120059,0.12940330697340044,6.0,2.0,7.0,2.0,1.0,5.0,5.0,6.0,1.0,0,0.0,0,0.00207,-22.7,-10960.888459681313,-22.653011,0.043134435657800146,3.0,3.0,0.15413158
0022400666,1610612741,Chicago,Bulls,CHI,bulls,1630245,Ayo,Dosunmu,A. Dosunmu,ayo-dosunmu,F,,,31:32,31.533333333333335,5,13,0.385,2,5,0.4,0,0,0.0,1,3,4,4,1,0,1,2,12,-23.0,0022400666,Ayo Dosunmu,ayo dosunmu,,,2025-01-29,1,0.38054968287526425,0.03171247357293869,0.12684989429175475,0.12684989429175475,0.06342494714587738,3.0,4.0,4.0,2.0,1.0,5.0,12.0,1.0,1.0,0,0.0,0,0.0017499999999999998,-35.9,-20502.569960022847,-35.837174999999995,0.03171247357293869,3.0,6.0,0.3737072
0022400666,1610612741,Chicago,Bulls,CHI,bulls,202696,Nikola,Vučević,N. Vučević,nikola-vučević,C,,,24:52,24.866666666666667,3,9,0.333,0,3,0.0,0,0,0.0,2,9,11,2,0,2,2,3,6,-13.0,0022400666,Nikola Vučević,nikola vučević,,,2025-01-29,2,0.24128686327077747,0.08042895442359249,0.44235924932975873,0.08042895442359249,0.16085790884718498,8.0,2.0,1.0,7.0,4.0,2.0,9.0,5.0,0.0,0,0.0,0,0.0017699999999999999,-25.9,-14624.505928853756,-25.854156999999997,0.08042895442359249,2.0,2.0,0.11024108
0022400666,1610612741,Chicago,Bulls,CHI,bulls,1629632,Coby,White,C. White,coby-white,G,,,30:35,30.583333333333332,6,15,0.4,2,7,0.286,2,2,1.0,0,2,2,3,0,0,4,1,16,-15.0,0022400666,Coby White,coby white,,,2025-01-29,0,0.5231607629427794,0.0,0.06539509536784742,0.09809264305177112,0.0,1.0,7.0,8.0,5.0,4.0,5.0,10.0,2.0,1.0,0,0.0,0,0.00267,-26.1,-9771.621115687009,-26.030313000000003,0.0,8.0,8.0,0.5838664
0022400666,1610612741,Chicago,Bulls,CHI,bulls,1630581,Josh,Giddey,J. Giddey,josh-giddey,G,,,25:32,25.533333333333335,4,8,0.5,1,4,0.25,1,2,0.5,1,3,4,6,1,0,1,2,10,-15.0,0022400666,Josh Giddey,josh giddey,,,2025-01-29,1,0.39164490861618795,0.03916449086161879,0.15665796344647517,0.23498694516971277,0.07832898172323759,5.0,4.0,4.0,1.0,1.0,5.0,10.0,4.0,4.0,0,0.0,0,0.00156,-26.8,-17168.481742472777,-26.758192,0.03916449086161879,3.0,4.0,0.4349594
0022400666,1610612741,Chicago,Bulls,CHI,bulls,1641824,Matas,Buzelis,M. Buzelis,matas-buzelis,,,,21:34,21.566666666666666,4,6,0.667,2,4,0.5,2,2,1.0,0,4,4,0,0,1,0,5,12,-10.0,0022400666,Matas Buzelis,matas buzelis,,,2025-01-29,1,0.5564142194744977,0.0,0.18547140649149924,0.0,0.04636785162287481,3.0,7.0,4.0,10.0,4.0,3.0,8.0,8.0,0.0,0,0.0,0,0.00135,-21.3,-15766.099185788305,-21.271245,0.04636785162287481,3.0,7.0,0.8278107
0022400666,1610612741,Chicago,Bulls,CHI,bulls,1630172,Patrick,Williams,P. Williams,patrick-williams,,,,30:09,30.15,6,11,0.545,3,7,0.429,1,1,1.0,1,6,7,4,0,1,2,1,16,-4.0,0022400666,Patrick Williams,patrick williams,,,2025-01-29,1,0.5306799336650083,0.03316749585406302,0.23217247097844113,0.13266998341625208,0.06633499170812604,1.0,4.0,3.0,2.0,4.0,3.0,3.0,3.0,1.0,0,0.0,0,0.00183,-7.9,-4314.582195521573,-7.885543,0.03316749585406302,3.0,5.0,0.8474129
0022400666,1610612741,Chicago,Bulls,CHI,bulls,1631207,Dalen,Terry,D. Terry,dalen-terry,,,,12:58,12.966666666666667,1,4,0.25,0,1,0.0,0,0,0.0,0,1,1,3,0,0,0,3,2,-9.0,0022400666,Dalen Terry,dalen terry,,,2025-01-29,0,0.15424164524421594,0.0,0.07712082262210797,0.23136246786632392,0.0,11.0,7.0,9.0,5.0,4.0,5.0,6.0,9.0,1.0,0,0.0,0,0.0013800000000000002,-25.2,-18247.646632874726,-25.165224,0.0,8.0,8.0,0.009597121
0022400666,1610612741,Chicago,Bulls,CHI,bulls,1630188,Jalen,Smith,J. Smith,jalen-smith,,,,23:08,23.133333333333333,3,10,0.3,1,5,0.2,2,2,1.0,3,8,11,1,0,3,1,0,9,-9.0,0022400666,Jalen Smith,jalen smith,,,2025-01-29,3,0.38904899135446686,0.12968299711815562,0.4755043227665706,0.043227665706051875,0.25936599423631124,6.0,1.0,1.0,8.0,4.0,1.0,6.0,7.0,0.0,0,0.0,0,0.00218,-22.6,-10362.219165520402,-22.550732000000004,0.12968299711815562,1.0,1.0,0.24494675
0022400666,1610612741,Chicago,Bulls,CHI,bulls,1629659,Talen,Horton-Tucker,T. Horton-Tucker,talen-horton-tucker,,,,1:50,1.8333333333333335,0,0,0.0,0,0,0.0,0,0,0.0,0,0,0,0,0,0,0,0,0,-2.0,0022400666,Talen Horton-Tucker,talen horton-tucker,,,2025-01-29,0,0.0,0.0,0.0,0.0,0.0,12.0,7.0,10.0,10.0,4.0,5.0,2.0,12.0,,1,,1,0.0,-50.0,-50000000.0,-50.0,0.0,8.0,8.0,0.0041105812
0022400666,1610612741,Chicago,Bulls,CHI,bulls,1641763,Julian,Phillips,J. Phillips,julian-phillips,,,,10:54,10.9,2,5,0.4,1,4,0.25,0,0,0.0,0,0,0,0,0,0,0,1,5,2.0,0022400666,Julian Phillips,julian phillips,,,2025-01-29,0,0.4587155963302752,0.0,0.0,0.0,0.0,9.0,7.0,10.0,10.0,4.0,5.0,1.0,10.0,0.0,0,0.0,0,0.002,9.1,4547.726136931534,9.0818,0.0,8.0,8.0,0.02028639
0022400666,1610612741,Chicago,Bulls,CHI,bulls,1628975,Jevon,Carter,J. Carter,jevon-carter,,,,3:45,3.75,1,3,0.333,1,3,0.333,0,0,0.0,0,0,0,1,0,0,0,0,3,-4.0,0022400666,Jevon Carter,jevon carter,,,2025-01-29,0,0.8,0.0,0.0,0.26666666666666666,0.0,10.0,7.0,10.0,8.0,4.0,5.0,3.0,11.0,,1,,1,0.0042899999999999995,-57.1,-13306.921463528317,-56.855041,0.0,8.0,8.0,0.008100543
0022400682,1610612741,Chicago,Bulls,CHI,bulls,1628366,Lonzo,Ball,L. Ball,lonzo-ball,F,,,24:53,24.883333333333333,2,7,0.286,1,3,0.333,0,0,0.0,2,1,3,5,0,1,0,5,5,-3.0,0022400682,Lonzo Ball,lonzo ball,,,2025-01-31,1,0.20093770931011387,0.08037508372404555,0.12056262558606833,0.20093770931011387,0.12056262558606833,9.0,2.0,8.0,4.0,5.0,3.0,9.0,7.0,0.0,0,0.0,0,0.0011899999999999999,0.1,83.96305625524771,0.099881,0.04018754186202277,5.0,3.0,0.04408159
0022400682,1610612741,Chicago,Bulls,CHI,bulls,1630245,Ayo,Dosunmu,A. Dosunmu,ayo-dosunmu,F,,,35:10,35.166666666666664,2,9,0.222,2,6,0.333,0,0,0.0,0,4,4,8,1,1,1,1,6,10.0,0022400682,Ayo Dosunmu,ayo dosunmu,,,2025-01-31,2,0.17061611374407584,0.0,0.1137440758293839,0.2274881516587678,0.05687203791469195,8.0,6.0,6.0,1.0,1.0,3.0,4.0,1.0,5.0,0,0.0,0,0.00122,16.4,13431.613431613432,16.379991999999998,0.05687203791469195,2.0,7.0,0.06653301
0022400682,1610612741,Chicago,Bulls,CHI,bulls,202696,Nikola,Vučević,N. Vučević,nikola-vučević,C,,,31:00,31.0,7,12,0.583,1,2,0.5,6,7,0.857,4,8,12,3,1,0,2,1,21,9.0,0022400682,Nikola Vučević,nikola vučević,,,2025-01-31,1,0.6774193548387096,0.12903225806451613,0.3870967741935484,0.0967741935483871,0.16129032258064516,2.0,1.0,1.0,6.0,1.0,7.0,5.0,3.0,3.0,0,0.0,0,0.0023,11.9,5171.664493698392,11.872630000000001,0.03225806451612903,5.0,1.0,0.82197
0022400682,1610612741,Chicago,Bulls,CHI,bulls,1629632,Coby,White,C. White,coby-white,G,,,33:19,33.31666666666667,9,16,0.563,5,8,0.625,2,2,1.0,0,4,4,6,1,0,3,2,25,11.0,0022400682,Coby White,coby white,,,2025-01-31,1,0.7503751875937968,0.0,0.1200600300150075,0.18009004502251125,0.030015007503751873,1.0,6.0,6.0,2.0,1.0,7.0,3.0,2.0,0.0,0,0.0,0,0.00256,15.5,6052.323311206559,15.46032,0.030015007503751873,5.0,8.0,0.8170032
0022400682,1610612741,Chicago,Bulls,CHI,bulls,1630581,Josh,Giddey,J. Giddey,josh-giddey,G,,,30:35,30.583333333333332,6,11,0.545,1,4,0.25,2,2,1.0,1,6,7,6,0,2,3,1,15,8.0,0022400682,Josh Giddey,josh giddey,,,2025-01-31,2,0.4904632152588556,0.03269754768392371,0.22888283378746596,0.19618528610354224,0.09809264305177112,4.0,3.0,3.0,2.0,5.0,2.0,6.0,4.0,0.0,0,0.0,0,0.0020499999999999997,10.5,5119.4539249146765,10.478475,0.06539509536784742,2.0,6.0,0.56027293
0022400682,1610612741,Chicago,Bulls,CHI,bulls,1641824,Matas,Buzelis,M. Buzelis,matas-buzelis,,,,26:04,26.066666666666666,4,8,0.5,2,4,0.5,2,2,1.0,0,7,7,0,0,3,1,1,12,18.0,0022400682,Matas Buzelis,matas buzelis,,,2025-01-31,3,0.46035805626598464,0.0,0.26854219948849106,0.0,0.11508951406649616,5.0,6.0,3.0,9.0,5.0,1.0,1.0,6.0,2.0,0,0.0,0,0.00169,35.2,20816.085156712008,35.140512,0.11508951406649616,1.0,4.0,0.77353615
0022400682,1610612741,Chicago,Bulls,CHI,bulls,1630172,Patrick,Williams,P. Williams,patrick-williams,,,,28:43,28.716666666666665,4,11,0.364,2,5,0.4,1,2,0.5,1,8,9,1,1,1,0,3,11,15.0,0022400682,Patrick Williams,patrick williams,,,2025-01-31,2,0.3830528148578062,0.03482298316889147,0.3134068485200232,0.03482298316889147,0.10446894950667442,6.0,3.0,2.0,7.0,1.0,3.0,2.0,5.0,1.0,0,0.0,0,0.00194,27.1,13961.87532199897,27.047426,0.06964596633778294,2.0,5.0,0.62157696
0022400682,1610612741,Chicago,Bulls,CHI,bulls,1630188,Jalen,Smith,J. Smith,jalen-smith,,,,17:00,17.0,7,10,0.7,3,6,0.5,0,0,0.0,0,5,5,1,0,0,0,3,17,7.0,0022400682,Jalen Smith,jalen smith,,,2025-01-31,0,1.0,0.0,0.29411764705882354,0.058823529411764705,0.0,3.0,6.0,5.0,7.0,5.0,7.0,7.0,8.0,0.0,0,0.0,0,0.0027800000000000004,26.8,9636.821287306722,26.725496,0.0,9.0,9.0,0.8065604
0022400682,1610612741,Chicago,Bulls,CHI,bulls,1631207,Dalen,Terry,D. Terry,dalen-terry,,,,13:16,13.266666666666667,4,5,0.8,1,2,0.5,1,2,0.5,1,0,1,4,0,1,0,1,10,5.0,0022400682,Dalen Terry,dalen terry,,,2025-01-31,1,0.7537688442211055,0.07537688442211055,0.07537688442211055,0.3015075376884422,0.1507537688442211,7.0,3.0,9.0,5.0,5.0,3.0,8.0,9.0,1.0,0,0.0,0,0.00207,14.1,6808.30516658619,14.070813,0.07537688442211055,5.0,2.0,0.4147264
0022400695,1610612741,Chicago,Bulls,CHI,bulls,1628366,Lonzo,Ball,L. Ball,lonzo-ball,F,,,27:52,27.866666666666667,3,8,0.375,3,8,0.375,4,4,1.0,2,2,4,2,1,0,1,1,13,-2.0,0022400695,Lonzo Ball,lonzo ball,,,2025-02-02,1,0.4665071770334928,0.07177033492822966,0.14354066985645933,0.07177033492822966,0.10765550239234449,5.0,1.0,3.0,5.0,2.0,4.0,6.0,5.0,3.0,0,0.0,0,0.00155,-5.0,-3223.7266279819473,-4.992249999999999,0.03588516746411483,4.0,4.0,0.26802444
0022400695,1610612741,Chicago,Bulls,CHI,bulls,1630245,Ayo,Dosunmu,A. Dosunmu,ayo-dosunmu,F,,,31:38,31.633333333333333,6,9,0.667,2,5,0.4,0,0,0.0,1,2,3,5,0,1,3,3,14,-11.0,0022400695,Ayo Dosunmu,ayo dosunmu,,,2025-02-02,1,0.44257112750263433,0.03161222339304531,0.09483667017913594,0.15806111696522657,0.06322444678609063,4.0,5.0,5.0,2.0,6.0,2.0,9.0,4.0,1.0,0,0.0,0,0.00156,-15.9,-10185.778347213325,-15.875196,0.03161222339304531,4.0,8.0,0.5538487
0022400695,1610612741,Chicago,Bulls,CHI,bulls,202696,Nikola,Vučević,N. Vučević,nikola-vučević,C,,,36:29,36.483333333333334,8,10,0.8,4,6,0.667,0,0,0.0,0,11,11,10,1,2,3,2,20,0.0,0022400695,Nikola Vučević,nikola vučević,,,2025-02-02,3,0.5481955230698949,0.0,0.3015075376884422,0.27409776153494747,0.08222932846048424,2.0,8.0,1.0,1.0,2.0,1.0,5.0,1.0,1.0,0,0.0,0,0.00146,0.0,0.0,0.0,0.08222932846048424,1.0,5.0,0.93123585
0022400695,1610612741,Chicago,Bulls,CHI,bulls,1629632,Coby,White,C. White,coby-white,G,,,33:31,33.516666666666666,5,17,0.294,3,10,0.3,9,9,1.0,1,2,3,3,0,0,4,3,22,-18.0,0022400695,Coby White,coby white,,,2025-02-02,0,0.6563898557931378,0.029835902536051718,0.08950770760815514,0.08950770760815514,0.029835902536051718,1.0,5.0,5.0,4.0,6.0,4.0,11.0,3.0,2.0,0,0.0,0,0.0028399999999999996,-27.4,-9644.491376275959,-27.322184,0.0,7.0,9.0,0.45033917
0022400695,1610612741,Chicago,Bulls,CHI,bulls,1630581,Josh,Giddey,J. Giddey,josh-giddey,G,,,35:51,35.85,7,17,0.412,3,8,0.375,3,4,0.75,2,8,10,4,3,0,2,1,20,7.0,0022400695,Josh Giddey,josh giddey,,,2025-02-02,3,0.5578800557880056,0.05578800557880056,0.2789400278940028,0.11157601115760112,0.1394700139470014,2.0,1.0,2.0,3.0,1.0,4.0,1.0,2.0,4.0,0,0.0,0,0.0023599999999999997,5.7,2414.2312579415507,5.686548,0.08368200836820083,1.0,2.0,0.84512144
0022400695,1610612741,Chicago,Bulls,CHI,bulls,1641824,Matas,Buzelis,M. Buzelis,matas-buzelis,,,,25:42,25.7,5,9,0.556,2,5,0.4,0,0,0.0,2,1,3,1,0,0,1,0,12,-3.0,0022400695,Matas Buzelis,matas buzelis,,,2025-02-02,0,0.4669260700389105,0.07782101167315175,0.11673151750972763,0.038910505836575876,0.07782101167315175,6.0,1.0,5.0,6.0,6.0,4.0,7.0,6.0,2.0,0,0.0,0,0.00147,-8.8,-5982.324949014277,-8.787064,0.0,7.0,7.0,0.2708986
0022400695,1610612741,Chicago,Bulls,CHI,bulls,1630172,Patrick,Williams,P. Williams,patrick-williams,,,,19:59,19.983333333333334,4,8,0.5,1,2,0.5,2,3,0.667,2,1,3,0,1,1,4,0,11,-9.0,0022400695,Patrick Williams,patrick williams,,,2025-02-02,2,0.5504587155963302,0.1000834028356964,0.1501251042535446,0.0,0.2001668056713928,7.0,1.0,5.0,10.0,2.0,2.0,8.0,7.0,2.0,0,0.0,0,0.00241,-26.7,-11074.243052675238,-26.635652999999998,0.1000834028356964,3.0,1.0,0.5082073
0022400695,1610612741,Chicago,Bulls,CHI,bulls,1641763,Julian,Phillips,J. Phillips,julian-phillips,,,,7:36,7.6,0,0,0.0,0,0,0.0,0,0,0.0,0,2,2,1,0,0,1,0,0,5.0,0022400695,Julian Phillips,julian phillips,,,2025-02-02,0,0.0,0.0,0.2631578947368421,0.13157894736842105,0.0,10.0,8.0,9.0,6.0,6.0,4.0,2.0,10.0,0.0,0,0.0,0,0.00042,18.3,43467.93349168646,18.292314,0.0,7.0,10.0,0.008034529
0022400695,1610612741,Chicago,Bulls,CHI,bulls,1631207,Dalen,Terry,D. Terry,dalen-terry,,,,7:45,7.75,1,4,0.25,0,2,0.0,0,0,0.0,1,0,1,1,0,0,0,0,2,-14.0,0022400695,Dalen Terry,dalen terry,,,2025-02-02,0,0.25806451612903225,0.12903225806451613,0.12903225806451613,0.12903225806451613,0.12903225806451613,9.0,5.0,10.0,6.0,6.0,4.0,10.0,9.0,1.0,0,0.0,0,0.002,-73.7,-36831.58420789605,-73.5526,0.0,7.0,3.0,0.0050906185
0022400695,1610612741,Chicago,Bulls,CHI,bulls,1628975,Jevon,Carter,J. Carter,jevon-carter,,,,12:15,12.25,2,6,0.333,1,5,0.2,0,0,0.0,0,4,4,0,1,0,0,1,5,1.0,0022400695,Jevon Carter,jevon carter,,,2025-02-02,1,0.40816326530612246,0.0,0.32653061224489793,0.0,0.08163265306122448,8.0,8.0,3.0,10.0,2.0,4.0,4.0,8.0,0.0,0,0.0,0,0.00182,-3.0,-1647.4464579901155,-2.9945399999999998,0.08163265306122448,4.0,6.0,0.0649592
0022400695,1610612741,Chicago,Bulls,CHI,bulls,1630537,Chris,Duarte,C. Duarte,chris-duarte,,,,1:22,1.3666666666666667,0,1,0.0,0,1,0.0,0,0,0.0,0,0,0,1,0,0,0,0,0,4.0,0022400695,Chris Duarte,chris duarte,,,2025-02-02,0,0.0,0.0,0.0,0.7317073170731707,0.0,10.0,8.0,11.0,6.0,6.0,4.0,3.0,11.0,,1,,1,0.0025,100.0,39984.00639744102,99.75,0.0,7.0,10.0,0.00441377
0022400714,1610612741,Chicago,Bulls,CHI,bulls,1630245,Ayo,Dosunmu,A. Dosunmu,ayo-dosunmu,F,,,28:48,28.8,8,11,0.727,2,2,1.0,3,3,1.0,0,2,2,9,1,1,1,4,21,3.0,0022400714,Ayo Dosunmu,ayo dosunmu,,,2025-02-04,2,0.7291666666666666,0.0,0.06944444444444445,0.3125,0.06944444444444445,4.0,5.0,7.0,1.0,1.0,2.0,6.0,6.0,2.0,0,0.0,0,0.0021,11.0,5235.602094240838,10.9769,0.06944444444444445,1.0,3.0,0.8349248
0022400714,1610612741,Chicago,Bulls,CHI,bulls,1630581,Josh,Giddey,J. Giddey,josh-giddey,F,,,29:47,29.783333333333335,8,14,0.571,2,5,0.4,6,8,0.75,1,4,5,7,1,0,2,2,24,7.0,0022400714,Josh Giddey,josh giddey,,,2025-02-04,1,0.8058198097369893,0.03357582540570789,0.16787912702853944,0.2350307778399552,0.06715165081141578,1.0,3.0,4.0,2.0,1.0,3.0,4.0,5.0,3.0,0,0.0,0,0.00294,12.7,4318.259095545733,12.662662,0.03357582540570789,3.0,4.0,0.83501
0022400714,1610612741,Chicago,Bulls,CHI,bulls,202696,Nikola,Vučević,N. Vučević,nikola-vučević,C,,,33:16,33.266666666666666,5,13,0.385,2,5,0.4,0,2,0.0,3,8,11,2,1,0,1,1,12,1.0,0022400714,Nikola Vučević,nikola vučević,,,2025-02-04,1,0.36072144288577157,0.09018036072144289,0.3306613226452906,0.06012024048096193,0.12024048096192386,5.0,1.0,1.0,6.0,1.0,3.0,7.0,1.0,1.0,0,0.0,0,0.00181,-0.2,-110.43622308117064,-0.199638,0.030060120240480964,3.0,1.0,0.37639806
0022400714,1610612741,Chicago,Bulls,CHI,bulls,1629632,Coby,White,C. White,coby-white,G,,,31:43,31.716666666666665,7,16,0.438,4,7,0.571,4,4,1.0,0,3,3,7,0,0,2,0,22,11.0,0022400714,Coby White,coby white,,,2025-02-04,0,0.6936416184971098,0.0,0.09458749343142407,0.2207041513399895,0.0,3.0,5.0,6.0,2.0,5.0,3.0,2.0,2.0,0.0,0,0.0,0,0.00247,10.4,4208.822339133953,10.374312,0.0,6.0,7.0,0.7792658
0022400714,1610612741,Chicago,Bulls,CHI,bulls,1628366,Lonzo,Ball,L. Ball,lonzo-ball,G,,,28:45,28.75,2,9,0.222,1,7,0.143,0,0,0.0,1,4,5,2,1,0,2,2,5,6.0,0022400714,Lonzo Ball,lonzo ball,,,2025-02-04,1,0.17391304347826086,0.034782608695652174,0.17391304347826086,0.06956521739130435,0.06956521739130435,8.0,3.0,4.0,6.0,1.0,3.0,5.0,7.0,3.0,0,0.0,0,0.00145,4.1,2825.6374913852515,4.094055,0.034782608695652174,3.0,2.0,0.049017336
0022400714,1610612741,Chicago,Bulls,CHI,bulls,1630172,Patrick,Williams,P. Williams,patrick-williams,,,,30:55,30.916666666666668,3,8,0.375,2,5,0.4,2,2,1.0,2,5,7,4,0,0,1,1,10,18.0,0022400714,Patrick Williams,patrick williams,,,2025-02-04,0,0.32345013477088946,0.0646900269541779,0.22641509433962262,0.1293800539083558,0.0646900269541779,6.0,2.0,3.0,4.0,5.0,3.0,1.0,4.0,1.0,0,0.0,0,0.00128,26.1,20374.707259953164,26.066592000000004,0.0,6.0,5.0,0.33405626
0022400714,1610612741,Chicago,Bulls,CHI,bulls,1641824,Matas,Buzelis,M. Buzelis,matas-buzelis,,,,31:02,31.033333333333335,10,10,1.0,4,4,1.0,0,0,0.0,0,2,2,0,0,2,1,4,24,1.0,0022400714,Matas Buzelis,matas buzelis,,,2025-02-04,2,0.7733619763694951,0.0,0.06444683136412459,0.0,0.06444683136412459,1.0,5.0,7.0,8.0,5.0,1.0,7.0,3.0,0.0,0,1.0,0,0.00149,-0.4,-268.2763246143528,-0.39940400000000004,0.06444683136412459,1.0,6.0,0.95982605
0022400714,1610612741,Chicago,Bulls,CHI,bulls,1630188,Jalen,Smith,J. Smith,jalen-smith,,,,14:44,14.733333333333333,3,6,0.5,2,4,0.5,0,0,0.0,0,8,8,4,0,0,0,1,8,8.0,0022400714,Jalen Smith,jalen smith,,,2025-02-04,0,0.5429864253393666,0.0,0.5429864253393666,0.2714932126696833,0.0,7.0,5.0,2.0,4.0,5.0,3.0,3.0,8.0,1.0,0,0.0,0,0.00194,32.1,16537.867078825348,32.037726,0.0,6.0,7.0,0.3016903
0022400714,1610612741,Chicago,Bulls,CHI,bulls,1628975,Jevon,Carter,J. Carter,jevon-carter,,,,5:30,5.5,1,3,0.333,0,2,0.0,0,0,0.0,0,0,0,0,0,0,0,0,2,-5.0,0022400714,Jevon Carter,jevon carter,,,2025-02-04,0,0.36363636363636365,0.0,0.0,0.0,0.0,10.0,5.0,9.0,8.0,5.0,3.0,9.0,9.0,0.0,0,0.0,0,0.00333,-55.6,-16691.684178925247,-55.414851999999996,0.0,6.0,7.0,0.004354362
0022400714,1610612741,Chicago,Bulls,CHI,bulls,1641763,Julian,Phillips,J. Phillips,julian-phillips,,,,5:30,5.5,1,1,1.0,0,0,0.0,3,3,1.0,0,0,0,0,0,0,0,3,5,-5.0,0022400714,Julian Phillips,julian phillips,,,2025-02-04,0,0.9090909090909091,0.0,0.0,0.0,0.0,8.0,5.0,9.0,8.0,5.0,3.0,9.0,9.0,1.0,0,0.0,0,0.00222,-55.6,-25033.76857271499,-55.476568,0.0,6.0,7.0,0.008800667
0022400723,1610612741,Chicago,Bulls,CHI,bulls,1630245,Ayo,Dosunmu,A. Dosunmu,ayo-dosunmu,F,,,36:29,36.483333333333334,5,10,0.5,1,5,0.2,0,0,0.0,0,0,0,4,2,0,2,3,11,-8.0,0022400723,Ayo Dosunmu,ayo dosunmu,,,2025-02-05,2,0.3015075376884422,0.0,0.0,0.10963910461397898,0.05481955230698949,5.0,5.0,8.0,2.0,1.0,4.0,4.0,1.0,3.0,0,0.0,0,0.00156,-12.9,-8263.933376041,-12.879876,0.05481955230698949,3.0,6.0,0.29366422
0022400723,1610612741,Chicago,Bulls,CHI,bulls,1641824,Matas,Buzelis,M. Buzelis,matas-buzelis,F,,,29:22,29.366666666666667,4,10,0.4,0,4,0.0,6,9,0.667,1,4,5,1,2,3,0,3,14,-20.0,0022400723,Matas Buzelis,matas buzelis,,,2025-02-05,5,0.4767309875141884,0.0340522133938706,0.170261066969353,0.0340522133938706,0.2043132803632236,3.0,3.0,2.0,6.0,1.0,1.0,8.0,5.0,4.0,0,0.0,0,0.00215,-36.2,-16829.38168293817,-36.122170000000004,0.170261066969353,1.0,1.0,0.64354616
0022400723,1610612741,Chicago,Bulls,CHI,bulls,202696,Nikola,Vučević,N. Vučević,nikola-vučević,C,,,30:40,30.666666666666668,5,11,0.455,0,4,0.0,0,0,0.0,1,10,11,4,1,0,0,5,10,-14.0,0022400723,Nikola Vučević,nikola vučević,,,2025-02-05,1,0.32608695652173914,0.03260869565217391,0.358695652173913,0.13043478260869565,0.06521739130434782,6.0,3.0,1.0,2.0,4.0,4.0,5.0,4.0,1.0,0,0.0,0,0.00164,-23.3,-14198.659354052408,-23.261788000000003,0.03260869565217391,4.0,5.0,0.33965588
0022400723,1610612741,Chicago,Bulls,CHI,bulls,1629632,Coby,White,C. White,coby-white,G,,,31:53,31.883333333333333,5,11,0.455,4,6,0.667,6,6,1.0,0,0,0,4,0,0,1,4,20,-15.0,0022400723,Coby White,coby white,,,2025-02-05,0,0.6272869837950863,0.0,0.0,0.12545739675901726,0.0,1.0,5.0,8.0,2.0,7.0,4.0,7.0,3.0,0.0,0,0.0,0,0.0020599999999999998,-22.0,-10674.429888403689,-21.95468,0.0,8.0,8.0,0.88313484
0022400723,1610612741,Chicago,Bulls,CHI,bulls,1630581,Josh,Giddey,J. Giddey,josh-giddey,G,,,32:05,32.083333333333336,7,14,0.5,3,5,0.6,2,2,1.0,2,2,4,4,1,0,4,3,19,-23.0,0022400723,Josh Giddey,josh giddey,,,2025-02-05,1,0.5922077922077922,0.06233766233766233,0.12467532467532466,0.12467532467532466,0.0935064935064935,2.0,1.0,4.0,2.0,4.0,4.0,9.0,2.0,4.0,0,0.0,0,0.00264,-35.9,-13593.335857629685,-35.805224,0.031168831168831165,4.0,4.0,0.6663027
0022400723,1610612741,Chicago,Bulls,CHI,bulls,1630172,Patrick,Williams,P. Williams,patrick-williams,,,,24:46,24.766666666666666,3,10,0.3,0,4,0.0,2,5,0.4,0,3,3,1,2,1,1,1,8,-14.0,0022400723,Patrick Williams,patrick williams,,,2025-02-05,3,0.3230148048452221,0.0,0.12113055181695828,0.04037685060565276,0.12113055181695828,8.0,5.0,6.0,6.0,1.0,2.0,5.0,6.0,3.0,0,0.0,0,0.0022,-20.1,-9132.212630622444,-20.055780000000002,0.12113055181695828,2.0,3.0,0.057455283
0022400723,1610612741,Chicago,Bulls,CHI,bulls,1628975,Jevon,Carter,J. Carter,jevon-carter,,,,23:14,23.233333333333334,4,7,0.571,2,4,0.5,0,0,0.0,0,2,2,6,1,0,1,1,10,4.0,0022400723,Jevon Carter,jevon carter,,,2025-02-05,1,0.430416068866571,0.0,0.0860832137733142,0.2582496413199426,0.0430416068866571,6.0,5.0,7.0,1.0,4.0,4.0,1.0,7.0,2.0,0,0.0,0,0.00148,3.0,2025.6583389601622,2.99556,0.0430416068866571,4.0,7.0,0.73784924
0022400723,1610612741,Chicago,Bulls,CHI,bulls,1641763,Julian,Phillips,J. Phillips,julian-phillips,,,,16:40,16.666666666666668,1,2,0.5,0,0,0.0,0,0,0.0,2,2,4,0,0,1,0,1,2,-4.0,0022400723,Julian Phillips,julian phillips,,,2025-02-05,1,0.12,0.12,0.24,0.0,0.18,9.0,1.0,4.0,9.0,7.0,2.0,3.0,8.0,1.0,0,0.0,0,0.00053,-4.4,-8286.252354048966,-4.397668,0.06,4.0,2.0,0.08172659
0022400723,1610612741,Chicago,Bulls,CHI,bulls,1630188,Jalen,Smith,J. Smith,jalen-smith,,,,14:51,14.85,6,8,0.75,2,4,0.5,0,0,0.0,0,5,5,1,0,0,0,1,14,-1.0,0022400723,Jalen Smith,jalen smith,,,2025-02-05,0,0.9427609427609428,0.0,0.3367003367003367,0.06734006734006734,0.0,3.0,5.0,2.0,6.0,7.0,4.0,2.0,9.0,0.0,0,0.0,0,0.0025,1.2,479.80807676929226,1.197,0.0,8.0,8.0,0.9026443
0022400745,1610612741,Chicago,Bulls,CHI,bulls,1630245,Ayo,Dosunmu,A. Dosunmu,ayo-dosunmu,F,,,30:16,30.266666666666666,4,6,0.667,1,3,0.333,1,1,1.0,0,1,1,4,1,0,4,4,10,-13.0,0022400745,Ayo Dosunmu,ayo dosunmu,,,2025-02-08,1,0.3303964757709251,0.0,0.03303964757709251,0.13215859030837004,0.03303964757709251,5.0,6.0,9.0,2.0,2.0,3.0,8.0,3.0,3.0,0,0.0,0,0.00145,-21.7,-14955.203308063406,-21.668535000000002,0.03303964757709251,4.0,9.0,0.17939535
0022400745,1610612741,Chicago,Bulls,CHI,bulls,1641824,Matas,Buzelis,M. Buzelis,matas-buzelis,F,,,29:08,29.133333333333333,6,10,0.6,1,3,0.333,3,4,0.75,0,4,4,5,1,1,3,3,16,-18.0,0022400745,Matas Buzelis,matas buzelis,,,2025-02-08,2,0.5491990846681922,0.0,0.13729977116704806,0.17162471395881007,0.06864988558352403,2.0,6.0,2.0,1.0,2.0,2.0,9.0,4.0,1.0,0,0.0,0,0.00231,-26.8,-11596.711380354824,-26.738091999999998,0.06864988558352403,2.0,5.0,0.7875199
0022400745,1610612741,Chicago,Bulls,CHI,bulls,202696,Nikola,Vučević,N. Vučević,nikola-vučević,C,,,28:53,28.883333333333333,4,11,0.364,0,2,0.0,2,2,1.0,1,3,4,1,2,0,2,4,10,-27.0,0022400745,Nikola Vučević,nikola vučević,,,2025-02-08,2,0.3462204270051933,0.03462204270051933,0.13848817080207732,0.03462204270051933,0.103866128101558,5.0,2.0,2.0,6.0,1.0,3.0,11.0,5.0,1.0,0,0.0,0,0.0020599999999999998,-45.2,-21931.10140708394,-45.106888000000005,0.06924408540103866,2.0,4.0,0.18517636
0022400745,1610612741,Chicago,Bulls,CHI,bulls,1629632,Coby,White,C. White,coby-white,G,,,33:35,33.583333333333336,7,12,0.583,6,9,0.667,7,7,1.0,0,4,4,4,0,0,2,0,27,-27.0,0022400745,Coby White,coby white,,,2025-02-08,0,0.803970223325062,0.0,0.11910669975186103,0.11910669975186103,0.0,1.0,6.0,2.0,2.0,8.0,3.0,11.0,1.0,0.0,0,0.0,0,0.00215,-41.0,-19060.90190609019,-40.91185,0.0,8.0,10.0,0.8867143
0022400745,1610612741,Chicago,Bulls,CHI,bulls,1630581,Josh,Giddey,J. Giddey,josh-giddey,G,,,30:38,30.633333333333333,3,11,0.273,2,6,0.333,3,4,0.75,2,4,6,4,1,3,1,2,11,-22.0,0022400745,Josh Giddey,josh giddey,,,2025-02-08,4,0.3590859630032644,0.06528835690968444,0.19586507072905332,0.1305767138193689,0.19586507072905332,4.0,1.0,1.0,2.0,2.0,1.0,10.0,2.0,4.0,0,0.0,0,0.00197,-31.7,-16083.206494165397,-31.637551,0.1305767138193689,1.0,2.0,0.18131925
0022400745,1610612741,Chicago,Bulls,CHI,bulls,1628989,Kevin,Huerter,K. Huerter,kevin-huerter,,,,19:12,19.2,1,7,0.143,1,4,0.25,1,2,0.5,1,3,4,1,1,0,1,2,4,0.0,0022400745,Kevin Huerter,kevin huerter,,,2025-02-08,1,0.20833333333333334,0.052083333333333336,0.20833333333333334,0.052083333333333336,0.10416666666666667,9.0,2.0,2.0,6.0,2.0,3.0,5.0,7.0,1.0,0,0.0,0,0.00196,3.0,1529.8317185109638,2.99412,0.052083333333333336,4.0,3.0,0.037172828
0022400745,1610612741,Chicago,Bulls,CHI,bulls,1630172,Patrick,Williams,P. Williams,patrick-williams,,,,19:43,19.716666666666665,2,6,0.333,1,3,0.333,3,4,0.75,1,1,2,0,0,0,3,2,8,-8.0,0022400745,Patrick Williams,patrick williams,,,2025-02-08,0,0.4057480980557904,0.0507185122569738,0.1014370245139476,0.0,0.0507185122569738,7.0,2.0,7.0,10.0,8.0,3.0,6.0,6.0,1.0,0,0.0,0,0.00234,-26.3,-11234.515164459632,-26.238458,0.0,8.0,8.0,0.075086266
0022400745,1610612741,Chicago,Bulls,CHI,bulls,1630200,Tre,Jones,T. Jones,tre-jones,,,,17:49,17.816666666666666,0,3,0.0,0,0,0.0,0,0,0.0,0,2,2,3,1,0,0,2,0,-8.0,0022400745,Tre Jones,tre jones,,,2025-02-08,1,0.0,0.0,0.11225444340505145,0.16838166510757718,0.05612722170252572,11.0,6.0,7.0,5.0,2.0,3.0,6.0,9.0,1.0,0,0.0,0,0.00067,-18.8,-28017.88375558867,-18.787404000000002,0.05612722170252572,4.0,6.0,0.010347594
0022400745,1610612741,Chicago,Bulls,CHI,bulls,1630188,Jalen,Smith,J. Smith,jalen-smith,,,,19:07,19.116666666666667,5,7,0.714,4,5,0.8,1,2,0.5,1,2,3,0,0,0,1,0,15,6.0,0022400745,Jalen Smith,jalen smith,,,2025-02-08,0,0.7846556233653008,0.05231037489102005,0.15693112467306014,0.0,0.05231037489102005,3.0,2.0,6.0,10.0,8.0,3.0,1.0,8.0,1.0,0,0.0,0,0.002,12.7,6346.826586706646,12.6746,0.0,8.0,7.0,0.9114162
0022400745,1610612741,Chicago,Bulls,CHI,bulls,1631207,Dalen,Terry,D. Terry,dalen-terry,,,,3:53,3.8833333333333333,2,2,1.0,0,0,0.0,3,5,0.6,0,0,0,0,0,0,0,0,7,4.0,0022400745,Dalen Terry,dalen terry,,,2025-02-08,0,1.8025751072961373,0.0,0.0,0.0,0.0,8.0,6.0,11.0,10.0,8.0,3.0,2.0,10.0,,1,,1,0.00364,44.4,12194.452073606151,44.238383999999996,0.0,8.0,10.0,0.082017064
0022400745,1610612741,Chicago,Bulls,CHI,bulls,1641763,Julian,Phillips,J. Phillips,julian-phillips,,,,3:53,3.8833333333333333,1,1,1.0,1,1,1.0,0,0,0.0,0,0,0,1,1,0,0,0,3,4.0,0022400745,Julian Phillips,julian phillips,,,2025-02-08,1,0.7725321888412017,0.0,0.0,0.2575107296137339,0.2575107296137339,10.0,6.0,11.0,6.0,2.0,3.0,2.0,10.0,1.0,0,0.0,0,0.00091,44.4,48737.65093304061,44.359596,0.2575107296137339,4.0,1.0,0.02486857
0022400745,1610612741,Chicago,Bulls,CHI,bulls,1628975,Jevon,Carter,J. Carter,jevon-carter,,,,3:53,3.8833333333333333,0,3,0.0,0,3,0.0,0,0,0.0,0,1,1,1,0,0,0,0,0,4.0,0022400745,Jevon Carter,jevon carter,,,2025-02-08,0,0.0,0.0,0.2575107296137339,0.2575107296137339,0.0,11.0,6.0,9.0,6.0,8.0,3.0,2.0,10.0,1.0,0,0.0,0,0.0027300000000000002,44.4,16257.781032588793,44.278788,0.0,8.0,10.0,0.007869787
0022400766,1610612741,Chicago,Bulls,CHI,bulls,1630245,Ayo,Dosunmu,A. Dosunmu,ayo-dosunmu,F,,,20:10,20.166666666666668,3,6,0.5,1,3,0.333,1,2,0.5,0,1,1,2,3,0,3,0,8,-28.0,0022400766,Ayo Dosunmu,ayo dosunmu,,,2025-02-11,3,0.396694214876033,0.0,0.04958677685950413,0.09917355371900825,0.1487603305785124,3.0,10.0,12.0,5.0,1.0,3.0,11.0,5.0,3.0,0,0.0,0,0.00182,-71.1,-39044.48105436573,-70.970598,0.1487603305785124,1.0,4.0,0.12701863
0022400766,1610612741,Chicago,Bulls,CHI,bulls,1641824,Matas,Buzelis,M. Buzelis,matas-buzelis,F,,,19:05,19.083333333333332,5,7,0.714,2,2,1.0,0,0,0.0,0,1,1,1,0,0,1,2,12,-17.0,0022400766,Matas Buzelis,matas buzelis,,,2025-02-11,0,0.62882096069869,0.0,0.052401746724890834,0.052401746724890834,0.0,1.0,10.0,12.0,7.0,7.0,3.0,7.0,7.0,0.0,0,0.0,0,0.00154,-49.1,-31862.4269954575,-49.024386,0.0,8.0,11.0,0.8612643
0022400766,1610612741,Chicago,Bulls,CHI,bulls,202696,Nikola,Vučević,N. Vučević,nikola-vučević,C,,,25:15,25.25,4,15,0.267,0,5,0.0,0,1,0.0,3,4,7,1,0,1,2,0,8,-33.0,0022400766,Nikola Vučević,nikola vučević,,,2025-02-11,1,0.31683168316831684,0.1188118811881188,0.27722772277227725,0.039603960396039604,0.15841584158415842,3.0,1.0,1.0,7.0,7.0,1.0,14.0,2.0,1.0,0,0.0,0,0.00254,-62.5,-24596.615505706413,-62.34125,0.039603960396039604,4.0,3.0,0.11052379
0022400766,1610612741,Chicago,Bulls,CHI,bulls,1629632,Coby,White,C. White,coby-white,G,,,27:57,27.95,2,13,0.154,0,8,0.0,1,2,0.5,1,2,3,2,1,0,2,1,5,-30.0,0022400766,Coby White,coby white,,,2025-02-11,1,0.17889087656529518,0.03577817531305903,0.10733452593917711,0.07155635062611806,0.07155635062611806,8.0,5.0,5.0,5.0,3.0,3.0,13.0,1.0,2.0,0,0.0,0,0.00222,-59.6,-26834.75911751463,-59.467688,0.03577817531305903,4.0,10.0,0.011622116
0022400766,1610612741,Chicago,Bulls,CHI,bulls,1630581,Josh,Giddey,J. Giddey,josh-giddey,G,,,22:41,22.683333333333334,5,10,0.5,1,4,0.25,0,0,0.0,2,4,6,4,1,1,2,1,11,-29.0,0022400766,Josh Giddey,josh giddey,,,2025-02-11,2,0.4849375459221161,0.0881704628949302,0.26451138868479057,0.1763409257898604,0.1763409257898604,2.0,2.0,2.0,1.0,3.0,1.0,12.0,3.0,2.0,0,0.0,0,0.00214,-59.2,-27650.63054647361,-59.073312,0.0881704628949302,2.0,2.0,0.50366575
0022400766,1610612741,Chicago,Bulls,CHI,bulls,1630172,Patrick,Williams,P. Williams,patrick-williams,,,,19:40,19.666666666666668,2,8,0.25,1,3,0.333,0,0,0.0,2,1,3,0,0,0,0,2,5,-23.0,0022400766,Patrick Williams,patrick williams,,,2025-02-11,0,0.2542372881355932,0.10169491525423728,0.15254237288135591,0.0,0.10169491525423728,8.0,2.0,5.0,10.0,7.0,3.0,9.0,6.0,0.0,0,0.0,0,0.00145,-53.5,-36871.123363197796,-53.422425000000004,0.0,8.0,7.0,0.020837128
0022400766,1610612741,Chicago,Bulls,CHI,bulls,1630200,Tre,Jones,T. Jones,tre-jones,,,,15:32,15.533333333333333,3,6,0.5,0,1,0.0,2,2,1.0,1,1,2,1,2,0,0,1,8,-23.0,0022400766,Tre Jones,tre jones,,,2025-02-11,2,0.5150214592274678,0.06437768240343347,0.12875536480686695,0.06437768240343347,0.19313304721030042,3.0,5.0,9.0,7.0,2.0,3.0,9.0,8.0,2.0,0,0.0,0,0.00156,-62.2,-39846.25240230622,-62.102968000000004,0.12875536480686695,2.0,1.0,0.24275143
0022400766,1610612741,Chicago,Bulls,CHI,bulls,1630188,Jalen,Smith,J. Smith,jalen-smith,,,,10:32,10.533333333333333,2,6,0.333,1,5,0.2,0,0,0.0,1,2,3,3,0,0,0,0,5,-2.0,0022400766,Jalen Smith,jalen smith,,,2025-02-11,0,0.4746835443037975,0.0949367088607595,0.2848101265822785,0.2848101265822785,0.0949367088607595,8.0,5.0,5.0,4.0,7.0,3.0,4.0,13.0,0.0,0,0.0,0,0.00214,-13.2,-6165.3432975245205,-13.171752,0.0,8.0,8.0,0.035054144
0022400766,1610612741,Chicago,Bulls,CHI,bulls,1628989,Kevin,Huerter,K. Huerter,kevin-huerter,,,,21:17,21.283333333333335,2,7,0.286,0,3,0.0,1,2,0.5,2,3,5,4,1,0,3,1,5,-20.0,0022400766,Kevin Huerter,kevin huerter,,,2025-02-11,1,0.2349256068911511,0.09397024275646045,0.2349256068911511,0.1879404855129209,0.14095536413469067,8.0,2.0,3.0,1.0,3.0,3.0,8.0,4.0,3.0,0,0.0,0,0.0018,-48.8,-27096.057745696835,-48.71216,0.04698512137823022,4.0,6.0,0.022111567
0022400766,1610612741,Chicago,Bulls,CHI,bulls,1641763,Julian,Phillips,J. Phillips,julian-phillips,,,,12:45,12.75,2,4,0.5,1,3,0.333,2,3,0.667,0,1,1,0,0,0,0,0,7,-4.0,0022400766,Julian Phillips,julian phillips,,,2025-02-11,0,0.5490196078431373,0.0,0.0784313725490196,0.0,0.0,6.0,10.0,12.0,10.0,7.0,3.0,5.0,10.0,1.0,0,0.0,0,0.0013900000000000002,-21.0,-15097.05248023005,-20.97081,0.0,8.0,11.0,0.07533849
0022400766,1610612741,Chicago,Bulls,CHI,bulls,1628380,Zach,Collins,Z. Collins,zach-collins,,,,12:13,12.216666666666667,1,2,0.5,1,2,0.5,2,2,1.0,1,4,5,0,0,0,0,1,5,-5.0,0022400766,Zach Collins,zach collins,,,2025-02-11,0,0.4092769440654843,0.08185538881309685,0.4092769440654843,0.0,0.08185538881309685,8.0,5.0,3.0,10.0,7.0,3.0,6.0,11.0,0.0,0,0.0,0,0.0008799999999999999,-22.1,-25085.13053348468,-22.080552,0.0,8.0,9.0,0.016365923
0022400766,1610612741,Chicago,Bulls,CHI,bulls,1628975,Jevon,Carter,J. Carter,jevon-carter,,,,11:16,11.266666666666667,1,5,0.2,1,3,0.333,0,0,0.0,0,2,2,4,0,0,1,0,3,4.0,0022400766,Jevon Carter,jevon carter,,,2025-02-11,0,0.2662721893491124,0.0,0.17751479289940827,0.35502958579881655,0.0,14.0,10.0,9.0,1.0,7.0,3.0,3.0,12.0,1.0,0,0.0,0,0.00194,7.4,3812.4678001030397,7.385644,0.0,8.0,11.0,0.013534676
0022400766,1610612741,Chicago,Bulls,CHI,bulls,1631207,Dalen,Terry,D. Terry,dalen-terry,,,,13:48,13.8,2,6,0.333,1,3,0.333,1,2,0.5,1,2,3,0,1,0,0,1,6,5.0,0022400766,Dalen Terry,dalen terry,,,2025-02-11,1,0.43478260869565216,0.07246376811594203,0.21739130434782608,0.0,0.14492753623188406,7.0,5.0,5.0,10.0,3.0,3.0,1.0,9.0,3.0,0,0.0,0,0.00184,12.8,6952.743074416078,12.776448000000002,0.07246376811594203,4.0,5.0,0.220924
0022400766,1610612741,Chicago,Bulls,CHI,bulls,1629659,Talen,Horton-Tucker,T. Horton-Tucker,talen-horton-tucker,,,,7:49,7.816666666666666,1,5,0.2,0,2,0.0,2,3,0.667,0,2,2,0,0,0,0,0,4,5.0,0022400766,Talen Horton-Tucker,talen horton-tucker,,,2025-02-11,0,0.511727078891258,0.0,0.255863539445629,0.0,0.0,13.0,10.0,9.0,10.0,7.0,3.0,1.0,14.0,0.0,0,0.0,0,0.003,23.2,7730.75641452849,23.130399999999998,0.0,8.0,11.0,0.019866414
0022400775,1610612741,Chicago,Bulls,CHI,bulls,1630245,Ayo,Dosunmu,A. Dosunmu,ayo-dosunmu,F,,,35:04,35.06666666666667,9,16,0.563,0,5,0.0,5,6,0.833,1,2,3,6,2,0,4,4,23,-9.0,0022400775,Ayo Dosunmu,ayo dosunmu,,,2025-02-12,2,0.6558935361216729,0.028517110266159693,0.08555133079847908,0.17110266159695817,0.08555133079847908,1.0,3.0,5.0,1.0,1.0,6.0,6.0,2.0,3.0,0,0.0,0,0.0025900000000000003,-10.3,-3975.299112311848,-10.273323000000001,0.05703422053231939,3.0,9.0,0.8012498
0022400775,1610612741,Chicago,Bulls,CHI,bulls,1641824,Matas,Buzelis,M. Buzelis,matas-buzelis,F,,,25:55,25.916666666666668,5,12,0.417,1,7,0.143,0,0,0.0,0,1,1,1,0,0,0,4,11,-20.0,0022400775,Matas Buzelis,matas buzelis,,,2025-02-12,0,0.42443729903536975,0.0,0.03858520900321543,0.03858520900321543,0.0,5.0,7.0,8.0,7.0,8.0,6.0,7.0,5.0,0.0,0,0.0,0,0.0019,-33.9,-17832.719621251974,-33.835589999999996,0.0,9.0,10.0,0.079322696
0022400775,1610612741,Chicago,Bulls,CHI,bulls,202696,Nikola,Vučević,N. Vučević,nikola-vučević,C,,,33:45,33.75,7,12,0.583,1,3,0.333,6,6,1.0,4,10,14,5,0,0,4,3,21,-24.0,0022400775,Nikola Vučević,nikola vučević,,,2025-02-12,0,0.6222222222222222,0.11851851851851852,0.4148148148148148,0.14814814814814814,0.11851851851851852,2.0,1.0,1.0,2.0,8.0,6.0,8.0,3.0,0.0,0,0.0,0,0.00226,-33.3,-14727.99646174259,-33.224742,0.0,9.0,4.0,0.7102399
0022400775,1610612741,Chicago,Bulls,CHI,bulls,1629632,Coby,White,C. White,coby-white,G,,,35:12,35.2,2,14,0.143,2,9,0.222,1,1,1.0,1,3,4,3,1,2,2,1,7,-28.0,0022400775,Coby White,coby white,,,2025-02-12,3,0.19886363636363635,0.028409090909090908,0.11363636363636363,0.08522727272727272,0.11363636363636363,7.0,3.0,3.0,3.0,3.0,1.0,9.0,1.0,2.0,0,0.0,0,0.00182,-33.9,-18616.1449752883,-33.838302,0.08522727272727272,1.0,6.0,0.029441977
0022400775,1610612741,Chicago,Bulls,CHI,bulls,1630581,Josh,Giddey,J. Giddey,josh-giddey,G,,,30:40,30.666666666666668,4,8,0.5,3,4,0.75,6,8,0.75,0,2,2,3,1,2,3,4,17,-29.0,0022400775,Josh Giddey,josh giddey,,,2025-02-12,3,0.5543478260869565,0.0,0.06521739130434782,0.09782608695652173,0.09782608695652173,3.0,7.0,6.0,3.0,3.0,1.0,10.0,4.0,4.0,0,0.0,0,0.00197,-41.9,-21258.244545915775,-41.817457,0.09782608695652173,1.0,8.0,0.6406118
0022400775,1610612741,Chicago,Bulls,CHI,bulls,1630172,Patrick,Williams,P. Williams,patrick-williams,,,,18:10,18.166666666666668,1,2,0.5,1,2,0.5,0,0,0.0,0,1,1,1,1,1,0,0,3,4.0,0022400775,Patrick Williams,patrick williams,,,2025-02-12,2,0.16513761467889906,0.0,0.055045871559633024,0.055045871559633024,0.11009174311926605,8.0,7.0,8.0,7.0,3.0,3.0,2.0,7.0,1.0,0,0.0,0,0.00045,7.0,15521.064301552105,6.99685,0.11009174311926605,3.0,7.0,0.034752313
0022400775,1610612741,Chicago,Bulls,CHI,bulls,1628989,Kevin,Huerter,K. Huerter,kevin-huerter,,,,17:30,17.5,1,8,0.125,0,5,0.0,0,0,0.0,1,3,4,2,1,0,1,4,2,4.0,0022400775,Kevin Huerter,kevin huerter,,,2025-02-12,1,0.11428571428571428,0.05714285714285714,0.22857142857142856,0.11428571428571428,0.11428571428571428,9.0,3.0,3.0,5.0,3.0,6.0,2.0,8.0,1.0,0,0.0,0,0.0020499999999999997,7.6,3705.509507557289,7.58442,0.05714285714285714,7.0,5.0,0.031791873
0022400775,1610612741,Chicago,Bulls,CHI,bulls,1630188,Jalen,Smith,J. Smith,jalen-smith,,,,14:15,14.25,3,7,0.429,1,5,0.2,4,4,1.0,2,3,5,0,0,1,1,4,11,6.0,0022400775,Jalen Smith,jalen smith,,,2025-02-12,1,0.7719298245614035,0.14035087719298245,0.3508771929824561,0.0,0.21052631578947367,5.0,2.0,2.0,9.0,8.0,3.0,1.0,9.0,0.0,0,0.0,0,0.0027800000000000004,16.1,5789.284430061129,16.055242,0.07017543859649122,7.0,1.0,0.5266978
0022400775,1610612741,Chicago,Bulls,CHI,bulls,1630200,Tre,Jones,T. Jones,tre-jones,,,,19:17,19.283333333333335,5,7,0.714,0,1,0.0,5,5,1.0,1,1,2,2,2,0,1,1,15,4.0,0022400775,Tre Jones,tre jones,,,2025-02-12,2,0.7778738115816767,0.05185825410544511,0.10371650821089022,0.10371650821089022,0.15557476231633532,4.0,3.0,6.0,5.0,1.0,6.0,2.0,6.0,2.0,0,0.0,0,0.0020399999999999997,4.2,2057.8147966683,4.191432,0.10371650821089022,3.0,3.0,0.8552484
0022400775,1610612741,Chicago,Bulls,CHI,bulls,1641763,Julian,Phillips,J. Phillips,julian-phillips,,,,10:12,10.2,0,0,0.0,0,0,0.0,0,0,0.0,0,1,1,0,1,1,0,2,0,2.0,0022400775,Julian Phillips,julian phillips,,,2025-02-12,2,0.0,0.0,0.09803921568627452,0.0,0.19607843137254904,10.0,7.0,8.0,9.0,3.0,3.0,5.0,10.0,3.0,0,0.0,0,0.0,11.8,11800000.000000002,11.8,0.19607843137254904,3.0,2.0,0.01409406
0022400792,1610612741,Chicago,Bulls,CHI,bulls,1628366,Lonzo,Ball,L. Ball,lonzo-ball,F,,,29:41,29.683333333333334,4,13,0.308,3,9,0.333,3,5,0.6,0,4,4,4,0,0,1,1,14,5.0,0022400792,Lonzo Ball,lonzo ball,,,2025-02-20,0,0.4716451431779899,0.0,0.13475575519371139,0.13475575519371139,0.0,3.0,5.0,6.0,2.0,6.0,7.0,3.0,4.0,1.0,0,0.0,0,0.0022500000000000003,7.9,3509.5513105286536,7.882225000000001,0.0,10.0,10.0,0.34918493
0022400792,1610612741,Chicago,Bulls,CHI,bulls,1641824,Matas,Buzelis,M. Buzelis,matas-buzelis,F,,,24:16,24.266666666666666,2,8,0.25,1,6,0.167,0,0,0.0,0,7,7,1,0,1,1,0,5,-3.0,0022400792,Matas Buzelis,matas buzelis,,,2025-02-20,1,0.20604395604395606,0.0,0.2884615384615385,0.04120879120879121,0.04120879120879121,7.0,5.0,3.0,6.0,6.0,1.0,9.0,6.0,1.0,0,0.0,0,0.00145,-7.3,-5031.0130944176435,-7.289415,0.04120879120879121,3.0,7.0,0.031077089
0022400792,1610612741,Chicago,Bulls,CHI,bulls,202696,Nikola,Vučević,N. Vučević,nikola-vučević,C,,,36:10,36.166666666666664,9,21,0.429,3,5,0.6,0,0,0.0,2,7,9,1,0,1,4,3,21,0.0,0022400792,Nikola Vučević,nikola vučević,,,2025-02-20,1,0.5806451612903226,0.055299539170506916,0.2488479262672811,0.027649769585253458,0.08294930875576037,2.0,2.0,2.0,6.0,6.0,1.0,5.0,2.0,1.0,0,0.0,0,0.00291,0.0,0.0,0.0,0.027649769585253458,3.0,4.0,0.6499545
0022400792,1610612741,Chicago,Bulls,CHI,bulls,1630581,Josh,Giddey,J. Giddey,josh-giddey,G,,,34:24,34.4,11,18,0.611,4,6,0.667,1,1,1.0,6,10,16,4,1,1,4,2,27,7.0,0022400792,Josh Giddey,josh giddey,,,2025-02-20,2,0.7848837209302326,0.1744186046511628,0.46511627906976744,0.11627906976744186,0.23255813953488372,1.0,1.0,1.0,2.0,2.0,1.0,1.0,3.0,2.0,0,0.0,0,0.0027500000000000003,11.7,4252.998909487458,11.667824999999999,0.05813953488372093,2.0,2.0,0.9315538
0022400792,1610612741,Chicago,Bulls,CHI,bulls,1629632,Coby,White,C. White,coby-white,G,,,40:58,40.96666666666667,5,11,0.455,1,3,0.333,0,0,0.0,0,2,2,6,0,1,1,0,11,3.0,0022400792,Coby White,coby white,,,2025-02-20,1,0.2685109845402766,0.0,0.04882017900732302,0.14646053702196907,0.02441008950366151,5.0,5.0,7.0,1.0,6.0,1.0,4.0,1.0,2.0,0,0.0,0,0.00124,5.8,4673.6502820306205,5.792808,0.02441008950366151,3.0,9.0,0.40250236
0022400792,1610612741,Chicago,Bulls,CHI,bulls,1630245,Ayo,Dosunmu,A. Dosunmu,ayo-dosunmu,,,,28:07,28.116666666666667,2,8,0.25,1,5,0.2,0,0,0.0,0,5,5,3,1,0,3,1,5,-16.0,0022400792,Ayo Dosunmu,ayo dosunmu,,,2025-02-20,1,0.17783046828689983,0.0,0.17783046828689983,0.10669828097213989,0.03556609365737996,7.0,5.0,5.0,4.0,2.0,7.0,11.0,5.0,1.0,0,0.0,0,0.00164,-23.3,-14198.659354052408,-23.261788000000003,0.03556609365737996,3.0,8.0,0.020453995
0022400792,1610612741,Chicago,Bulls,CHI,bulls,1628989,Kevin,Huerter,K. Huerter,kevin-huerter,,,,18:44,18.733333333333334,3,9,0.333,3,6,0.5,0,0,0.0,0,1,1,1,1,0,0,2,9,-11.0,0022400792,Kevin Huerter,kevin huerter,,,2025-02-20,1,0.48042704626334515,0.0,0.05338078291814946,0.05338078291814946,0.05338078291814946,6.0,5.0,8.0,6.0,2.0,7.0,10.0,8.0,1.0,0,0.0,0,0.00191,-24.1,-12611.198325484042,-24.053969000000002,0.05338078291814946,3.0,6.0,0.11708274
0022400792,1610612741,Chicago,Bulls,CHI,bulls,1630188,Jalen,Smith,J. Smith,jalen-smith,,,,2:00,2.0,0,1,0.0,0,1,0.0,0,0,0.0,0,1,1,1,0,0,1,1,0,-1.0,0022400792,Jalen Smith,jalen smith,,,2025-02-20,0,0.0,0.0,0.5,0.5,0.0,11.0,5.0,8.0,6.0,6.0,7.0,7.0,11.0,,1,,1,0.0028599999999999997,-30.0,-10485.844110450891,-29.9142,0.0,10.0,10.0,0.002545973
0022400792,1610612741,Chicago,Bulls,CHI,bulls,1641763,Julian,Phillips,J. Phillips,julian-phillips,,,,22:42,22.7,3,5,0.6,2,3,0.667,4,4,1.0,2,4,6,0,1,0,0,1,12,7.0,0022400792,Julian Phillips,julian phillips,,,2025-02-20,1,0.5286343612334802,0.0881057268722467,0.2643171806167401,0.0,0.13215859030837004,4.0,2.0,4.0,10.0,2.0,7.0,1.0,7.0,2.0,0,0.0,0,0.0014000000000000002,19.7,14061.384725196287,19.67242,0.04405286343612335,3.0,3.0,0.39100522
0022400792,1610612741,Chicago,Bulls,CHI,bulls,1628380,Zach,Collins,Z. Collins,zach-collins,,,,14:50,14.833333333333334,0,4,0.0,0,3,0.0,2,2,1.0,1,0,1,3,2,1,0,1,2,-1.0,0022400792,Zach Collins,zach collins,,,2025-02-20,3,0.1348314606741573,0.06741573033707865,0.06741573033707865,0.20224719101123595,0.2696629213483146,10.0,4.0,8.0,4.0,1.0,1.0,7.0,9.0,4.0,0,0.0,0,0.0015199999999999999,3.1,2038.1328073635768,3.095288,0.20224719101123595,1.0,1.0,0.014479969
0022400792,1610612741,Chicago,Bulls,CHI,bulls,1630200,Tre,Jones,T. Jones,tre-jones,,,,13:08,13.133333333333333,2,5,0.4,1,1,1.0,0,0,0.0,0,1,1,0,0,1,0,0,5,0.0,0022400792,Tre Jones,tre jones,,,2025-02-20,1,0.3807106598984772,0.0,0.07614213197969544,0.0,0.07614213197969544,7.0,5.0,8.0,10.0,6.0,1.0,5.0,10.0,2.0,0,0.0,0,0.00179,5.1,2847.571189279732,5.090871,0.07614213197969544,3.0,5.0,0.06957265
0022400806,1610612741,Chicago,Bulls,CHI,bulls,1628366,Lonzo,Ball,L. Ball,lonzo-ball,F,,,29:23,29.383333333333333,1,9,0.111,1,7,0.143,0,0,0.0,1,2,3,1,0,1,2,0,3,3.0,0022400806,Lonzo Ball,lonzo ball,,,2025-02-22,1,0.10209869540555871,0.03403289846851957,0.10209869540555871,0.03403289846851957,0.06806579693703914,10.0,3.0,5.0,5.0,6.0,1.0,2.0,5.0,3.0,0,0.0,0,0.00157,3.2,2036.9191597708468,3.1949760000000005,0.03403289846851957,5.0,6.0,0.033246227
0022400806,1610612741,Chicago,Bulls,CHI,bulls,1641824,Matas,Buzelis,M. Buzelis,matas-buzelis,F,,,23:35,23.583333333333332,5,10,0.5,3,7,0.429,2,2,1.0,0,3,3,1,1,1,2,0,15,-4.0,0022400806,Matas Buzelis,matas buzelis,,,2025-02-22,2,0.6360424028268552,0.0,0.12720848056537104,0.04240282685512368,0.08480565371024736,4.0,7.0,5.0,5.0,4.0,1.0,8.0,7.0,1.0,0,0.0,0,0.0022400000000000002,-9.6,-4283.801874163319,-9.578496,0.08480565371024736,3.0,5.0,0.5898564
0022400806,1610612741,Chicago,Bulls,CHI,bulls,202696,Nikola,Vučević,N. Vučević,nikola-vučević,C,,,30:15,30.25,6,16,0.375,2,5,0.4,2,2,1.0,1,10,11,1,0,0,3,2,16,-1.0,0022400806,Nikola Vučević,nikola vučević,,,2025-02-22,0,0.5289256198347108,0.03305785123966942,0.36363636363636365,0.03305785123966942,0.03305785123966942,3.0,3.0,1.0,5.0,6.0,5.0,5.0,3.0,0.0,0,0.0,0,0.0027800000000000004,0.1,35.95828838547285,0.099722,0.0,7.0,7.0,0.4403393
0022400806,1610612741,Chicago,Bulls,CHI,bulls,1629632,Coby,White,C. White,coby-white,G,,,31:02,31.033333333333335,7,14,0.5,2,8,0.25,4,4,1.0,0,4,4,8,1,0,1,4,20,-16.0,0022400806,Coby White,coby white,,,2025-02-22,1,0.6444683136412459,0.0,0.12889366272824918,0.25778732545649835,0.032223415682062294,2.0,7.0,4.0,2.0,4.0,5.0,10.0,2.0,1.0,0,0.0,0,0.0020499999999999997,-23.2,-11311.555338859094,-23.15244,0.032223415682062294,5.0,8.0,0.79900855
0022400806,1610612741,Chicago,Bulls,CHI,bulls,1630581,Josh,Giddey,J. Giddey,josh-giddey,G,,,34:49,34.81666666666667,6,14,0.429,3,5,0.6,9,9,1.0,3,5,8,10,3,1,0,2,24,2.0,0022400806,Josh Giddey,josh giddey,,,2025-02-22,4,0.6893250359023455,0.08616562948779319,0.2297750119674485,0.28721876495931065,0.20105313547151746,1.0,2.0,3.0,1.0,1.0,1.0,3.0,1.0,4.0,0,0.0,0,0.0022,2.7,1226.7151294865969,2.6940600000000003,0.11488750598372426,1.0,2.0,0.92438287
0022400806,1610612741,Chicago,Bulls,CHI,bulls,1628989,Kevin,Huerter,K. Huerter,kevin-huerter,,,,30:12,30.2,5,12,0.417,4,10,0.4,0,0,0.0,1,1,2,2,2,0,0,2,14,11.0,0022400806,Kevin Huerter,kevin huerter,,,2025-02-22,2,0.4635761589403974,0.033112582781456956,0.06622516556291391,0.06622516556291391,0.09933774834437087,5.0,3.0,8.0,4.0,2.0,5.0,1.0,4.0,4.0,0,0.0,0,0.0016,14.8,9244.22236102436,14.77632,0.06622516556291391,3.0,4.0,0.81577396
0022400806,1610612741,Chicago,Bulls,CHI,bulls,1641763,Julian,Phillips,J. Phillips,julian-phillips,,,,24:25,24.416666666666668,3,7,0.429,3,6,0.5,0,0,0.0,1,2,3,1,2,1,0,6,9,0.0,0022400806,Julian Phillips,julian phillips,,,2025-02-22,3,0.36860068259385664,0.040955631399317405,0.12286689419795221,0.040955631399317405,0.16382252559726962,6.0,3.0,5.0,5.0,2.0,1.0,4.0,6.0,4.0,0,0.0,0,0.00121,5.2,4293.971924029728,5.193708,0.12286689419795221,2.0,3.0,0.23338138
0022400806,1610612741,Chicago,Bulls,CHI,bulls,1630200,Tre,Jones,T. Jones,tre-jones,,,,14:21,14.35,2,6,0.333,0,2,0.0,0,0,0.0,0,1,1,3,0,0,0,0,4,-3.0,0022400806,Tre Jones,tre jones,,,2025-02-22,0,0.2787456445993031,0.0,0.06968641114982578,0.20905923344947736,0.0,8.0,7.0,9.0,3.0,6.0,5.0,6.0,9.0,0.0,0,0.0,0,0.00154,-12.7,-8241.401687216094,-12.680442,0.0,7.0,9.0,0.024711113
0022400806,1610612741,Chicago,Bulls,CHI,bulls,1628380,Zach,Collins,Z. Collins,zach-collins,,,,17:45,17.75,4,7,0.571,0,2,0.0,0,0,0.0,4,6,10,1,0,0,1,4,8,-3.0,0022400806,Zach Collins,zach collins,,,2025-02-22,0,0.4507042253521127,0.22535211267605634,0.5633802816901409,0.056338028169014086,0.22535211267605634,7.0,1.0,2.0,5.0,6.0,5.0,6.0,8.0,0.0,0,0.0,0,0.00182,-4.3,-2361.339923119165,-4.292173999999999,0.0,7.0,1.0,0.3608323
0022400806,1610612741,Chicago,Bulls,CHI,bulls,1631207,Dalen,Terry,D. Terry,dalen-terry,,,,4:13,4.216666666666667,2,3,0.667,0,1,0.0,0,0,0.0,0,0,0,1,0,0,0,1,4,-9.0,0022400806,Dalen Terry,dalen terry,,,2025-02-22,0,0.9486166007905138,0.0,0.0,0.23715415019762845,0.0,8.0,7.0,10.0,5.0,6.0,5.0,9.0,10.0,0.0,0,0.0,0,0.00333,-88.9,-26688.682077454218,-88.60396300000001,0.0,7.0,9.0,0.018330308
0022400823,1610612741,Chicago,Bulls,CHI,bulls,1628366,Lonzo,Ball,L. Ball,lonzo-ball,F,,,8:16,8.266666666666667,2,2,1.0,2,2,1.0,0,0,0.0,0,2,2,1,0,0,0,1,6,3.0,0022400823,Lonzo Ball,lonzo ball,,,2025-02-24,0,0.7258064516129031,0.0,0.24193548387096772,0.12096774193548386,0.0,9.0,6.0,8.0,7.0,8.0,5.0,7.0,9.0,1.0,0,0.0,0,0.00091,31.9,35016.46542261251,31.870971,0.0,9.0,9.0,0.03562556
0022400823,1610612741,Chicago,Bulls,CHI,bulls,1641824,Matas,Buzelis,M. Buzelis,matas-buzelis,F,,,35:37,35.61666666666667,6,17,0.353,1,6,0.167,4,4,1.0,1,2,3,5,0,1,0,2,17,40.0,0022400823,Matas Buzelis,matas buzelis,,,2025-02-24,1,0.47730463266261114,0.028076743097800654,0.08423022929340196,0.14038371548900327,0.05615348619560131,4.0,4.0,6.0,3.0,8.0,2.0,2.0,1.0,0.0,0,0.0,0,0.00211,54.2,25675.035528185694,54.085638,0.028076743097800654,6.0,8.0,0.30113524
0022400823,1610612741,Chicago,Bulls,CHI,bulls,1628380,Zach,Collins,Z. Collins,zach-collins,C,,,27:44,27.733333333333334,6,10,0.6,1,3,0.333,6,6,1.0,3,2,5,1,1,1,1,3,19,41.0,0022400823,Zach Collins,zach collins,,,2025-02-24,2,0.6850961538461539,0.10817307692307691,0.18028846153846154,0.036057692307692304,0.18028846153846154,3.0,1.0,2.0,7.0,4.0,2.0,1.0,5.0,1.0,0,0.0,0,0.0020599999999999998,69.6,33770.014556040755,69.45662399999999,0.07211538461538461,4.0,2.0,0.75544834
0022400823,1610612741,Chicago,Bulls,CHI,bulls,1628989,Kevin,Huerter,K. Huerter,kevin-huerter,G,,,34:03,34.05,8,12,0.667,7,11,0.636,0,0,0.0,0,0,0,4,2,0,0,2,23,39.0,0022400823,Kevin Huerter,kevin huerter,,,2025-02-24,2,0.6754772393538914,0.0,0.0,0.11747430249632894,0.05873715124816447,2.0,6.0,10.0,5.0,2.0,5.0,3.0,2.0,4.0,0,0.0,0,0.00136,49.4,36296.84055841293,49.332815999999994,0.05873715124816447,4.0,7.0,0.6897685
0022400823,1610612741,Chicago,Bulls,CHI,bulls,1630581,Josh,Giddey,J. Giddey,josh-giddey,G,,,31:25,31.416666666666668,8,11,0.727,3,3,1.0,6,6,1.0,3,13,16,6,1,3,6,4,25,28.0,0022400823,Josh Giddey,josh giddey,,,2025-02-24,4,0.7957559681697612,0.09549071618037135,0.5092838196286472,0.1909814323607427,0.22281167108753314,1.0,1.0,1.0,1.0,4.0,1.0,5.0,3.0,3.0,0,0.0,0,0.00253,44.0,17384.433030422755,43.88868,0.1273209549071618,1.0,1.0,0.8570434
0022400823,1610612741,Chicago,Bulls,CHI,bulls,1629632,Coby,White,C. White,coby-white,,,,28:21,28.35,5,13,0.385,2,5,0.4,3,3,1.0,0,5,5,6,3,0,2,1,15,38.0,0022400823,Coby White,coby white,,,2025-02-24,3,0.5291005291005291,0.0,0.1763668430335097,0.21164021164021163,0.10582010582010581,6.0,6.0,2.0,1.0,1.0,5.0,4.0,4.0,4.0,0,0.0,0,0.00208,56.2,27006.246996636233,56.083104000000006,0.10582010582010581,2.0,6.0,0.59881234
0022400823,1610612741,Chicago,Bulls,CHI,bulls,1641763,Julian,Phillips,J. Phillips,julian-phillips,,,,20:40,20.666666666666668,2,8,0.25,0,3,0.0,4,6,0.667,2,1,3,0,1,0,0,1,8,-4.0,0022400823,Julian Phillips,julian phillips,,,2025-02-24,1,0.3870967741935484,0.0967741935483871,0.14516129032258063,0.0,0.14516129032258063,7.0,3.0,6.0,10.0,4.0,5.0,8.0,7.0,1.0,0,0.0,0,0.00212,-0.6,-282.88543140028287,-0.5987279999999999,0.04838709677419355,6.0,3.0,0.13359107
0022400823,1610612741,Chicago,Bulls,CHI,bulls,1631207,Dalen,Terry,D. Terry,dalen-terry,,,,21:20,21.333333333333332,6,8,0.75,0,1,0.0,5,5,1.0,0,4,4,3,2,1,1,3,17,12.0,0022400823,Dalen Terry,dalen terry,,,2025-02-24,3,0.796875,0.0,0.1875,0.140625,0.140625,4.0,6.0,4.0,6.0,2.0,2.0,6.0,6.0,2.0,0,0.0,0,0.00193,24.8,12843.08648368721,24.752136,0.140625,2.0,4.0,0.7714127
0022400823,1610612741,Chicago,Bulls,CHI,bulls,1630200,Tre,Jones,T. Jones,tre-jones,,,,18:30,18.5,0,1,0.0,0,0,0.0,4,4,1.0,1,3,4,5,1,0,1,0,4,-9.0,0022400823,Tre Jones,tre jones,,,2025-02-24,1,0.21621621621621623,0.05405405405405406,0.21621621621621623,0.2702702702702703,0.10810810810810811,10.0,4.0,4.0,3.0,4.0,5.0,9.0,8.0,1.0,0,0.0,0,0.00095,-19.1,-20084.121976866456,-19.081855,0.05405405405405406,6.0,5.0,0.010482891
0022400823,1610612741,Chicago,Bulls,CHI,bulls,1628975,Jevon,Carter,J. Carter,jevon-carter,,,,7:02,7.033333333333333,2,4,0.5,2,4,0.5,2,2,1.0,0,0,0,0,0,0,0,0,8,-14.0,0022400823,Jevon Carter,jevon carter,,,2025-02-24,0,1.1374407582938388,0.0,0.0,0.0,0.0,7.0,6.0,10.0,10.0,8.0,5.0,10.0,10.0,0.0,0,0.0,0,0.00294,-82.4,-28017.681060863655,-82.15774400000001,0.0,9.0,9.0,0.060978796
0022400823,1610612741,Chicago,Bulls,CHI,bulls,1629659,Talen,Horton-Tucker,T. Horton-Tucker,talen-horton-tucker,,,,7:02,7.033333333333333,0,3,0.0,0,2,0.0,0,0,0.0,0,2,2,1,0,0,2,2,0,-14.0,0022400823,Talen Horton-Tucker,talen horton-tucker,,,2025-02-24,0,0.0,0.0,0.2843601895734597,0.14218009478672985,0.0,11.0,6.0,8.0,7.0,8.0,5.0,10.0,10.0,0.0,0,0.0,0,0.00294,-82.4,-28017.681060863655,-82.15774400000001,0.0,9.0,9.0,0.0027599614
0022400842,1610612741,Chicago,Bulls,CHI,bulls,1628366,Lonzo,Ball,L. Ball,lonzo-ball,F,,,28:17,28.283333333333335,6,10,0.6,2,5,0.4,1,1,1.0,2,2,4,3,2,1,0,2,15,6.0,0022400842,Lonzo Ball,lonzo ball,,,2025-02-26,3,0.5303476723629935,0.07071302298173246,0.14142604596346492,0.1060695344725987,0.17678255745433116,5.0,2.0,3.0,3.0,1.0,1.0,2.0,5.0,3.0,0,0.0,0,0.00145,14.0,9648.518263266715,13.979700000000001,0.1060695344725987,1.0,2.0,0.90406585
0022400842,1610612741,Chicago,Bulls,CHI,bulls,1641824,Matas,Buzelis,M. Buzelis,matas-buzelis,F,,,25:48,25.8,2,7,0.286,1,3,0.333,0,0,0.0,2,2,4,2,0,0,2,1,5,-18.0,0022400842,Matas Buzelis,matas buzelis,,,2025-02-26,0,0.19379844961240308,0.07751937984496124,0.15503875968992248,0.07751937984496124,0.07751937984496124,7.0,2.0,3.0,7.0,7.0,2.0,9.0,6.0,0.0,0,0.0,0,0.00134,-32.1,-23937.360178970917,-32.056986,0.0,7.0,6.0,0.015994994
0022400842,1610612741,Chicago,Bulls,CHI,bulls,1628380,Zach,Collins,Z. Collins,zach-collins,C,,,38:07,38.11666666666667,8,14,0.571,2,4,0.5,3,5,0.6,7,10,17,7,2,0,3,3,21,6.0,0022400842,Zach Collins,zach collins,,,2025-02-26,2,0.5509400961958898,0.18364669873196326,0.4459991254919108,0.18364669873196326,0.23611718408395277,1.0,1.0,1.0,2.0,1.0,2.0,2.0,1.0,2.0,0,0.0,0,0.00207,6.2,2993.7228392081124,6.187166,0.052470485351989504,2.0,1.0,0.9306766
0022400842,1610612741,Chicago,Bulls,CHI,bulls,1629632,Coby,White,C. White,coby-white,G,,,31:25,31.416666666666668,7,16,0.438,4,11,0.364,1,1,1.0,0,1,1,3,1,0,2,4,19,-15.0,0022400842,Coby White,coby white,,,2025-02-26,1,0.6047745358090185,0.0,0.03183023872679045,0.09549071618037135,0.03183023872679045,3.0,7.0,8.0,3.0,4.0,2.0,8.0,3.0,3.0,0,0.0,0,0.00231,-21.7,-9389.874513197748,-21.649873,0.03183023872679045,4.0,7.0,0.76548207
0022400842,1610612741,Chicago,Bulls,CHI,bulls,1630581,Josh,Giddey,J. Giddey,josh-giddey,G,,,36:38,36.63333333333333,8,14,0.571,4,4,1.0,1,2,0.5,2,6,8,12,1,0,5,1,21,8.0,0022400842,Josh Giddey,josh giddey,,,2025-02-26,1,0.5732484076433121,0.0545950864422202,0.2183803457688808,0.3275705186533212,0.0818926296633303,1.0,2.0,2.0,1.0,4.0,2.0,1.0,2.0,2.0,0,0.0,0,0.00218,9.0,4126.547455295736,8.98038,0.0272975432211101,4.0,5.0,0.91546696
0022400842,1610612741,Chicago,Bulls,CHI,bulls,1628989,Kevin,Huerter,K. Huerter,kevin-huerter,,,,28:27,28.45,5,15,0.333,3,9,0.333,0,0,0.0,0,2,2,3,0,0,2,1,13,-9.0,0022400842,Kevin Huerter,kevin huerter,,,2025-02-26,0,0.4569420035149385,0.0,0.070298769771529,0.1054481546572935,0.0,6.0,7.0,5.0,3.0,7.0,2.0,6.0,4.0,1.0,0,0.0,0,0.0023899999999999998,-13.8,-5771.643663739022,-13.767018,0.0,7.0,8.0,0.109976165
0022400842,1610612741,Chicago,Bulls,CHI,bulls,1631207,Dalen,Terry,D. Terry,dalen-terry,,,,17:44,17.733333333333334,2,5,0.4,1,2,0.5,0,2,0.0,1,0,1,3,2,0,0,0,5,2.0,0022400842,Dalen Terry,dalen terry,,,2025-02-26,2,0.2819548872180451,0.05639097744360902,0.05639097744360902,0.16917293233082706,0.16917293233082706,7.0,5.0,8.0,3.0,1.0,2.0,5.0,8.0,0.0,0,0.0,0,0.0015,8.5,5662.891405729514,8.487250000000001,0.11278195488721804,2.0,3.0,0.030705094
0022400842,1610612741,Chicago,Bulls,CHI,bulls,1641763,Julian,Phillips,J. Phillips,julian-phillips,,,,15:40,15.666666666666666,1,4,0.25,0,2,0.0,0,0,0.0,0,2,2,0,0,0,2,0,2,-11.0,0022400842,Julian Phillips,julian phillips,,,2025-02-26,0,0.12765957446808512,0.0,0.12765957446808512,0.0,0.0,9.0,7.0,5.0,9.0,7.0,2.0,7.0,9.0,1.0,0,0.0,0,0.0016200000000000001,-30.0,-18507.09438618137,-29.9514,0.0,7.0,8.0,0.0052002696
0022400842,1610612741,Chicago,Bulls,CHI,bulls,1630200,Tre,Jones,T. Jones,tre-jones,,,,17:54,17.9,7,9,0.778,2,2,1.0,0,0,0.0,1,1,2,2,1,0,0,0,16,6.0,0022400842,Tre Jones,tre jones,,,2025-02-26,1,0.893854748603352,0.0558659217877095,0.111731843575419,0.111731843575419,0.111731843575419,4.0,5.0,5.0,7.0,4.0,2.0,2.0,7.0,1.0,0,1.0,0,0.0020499999999999997,14.3,6972.208678693321,14.270685,0.0558659217877095,4.0,4.0,0.88311
0022400855,1610612741,Chicago,Bulls,CHI,bulls,1628366,Lonzo,Ball,L. Ball,lonzo-ball,F,,,34:25,34.416666666666664,5,13,0.385,4,10,0.4,0,0,0.0,2,0,2,2,1,0,2,1,14,12.0,0022400855,Lonzo Ball,lonzo ball,,,2025-02-28,1,0.4067796610169492,0.05811138014527845,0.05811138014527845,0.05811138014527845,0.08716707021791768,5.0,2.0,7.0,5.0,2.0,5.0,4.0,4.0,1.0,0,0.0,0,0.0017599999999999998,19.1,10846.110164679161,19.066384000000003,0.029055690072639227,6.0,5.0,0.6360138
0022400855,1610612741,Chicago,Bulls,CHI,bulls,1641824,Matas,Buzelis,M. Buzelis,matas-buzelis,F,,,25:01,25.016666666666666,4,8,0.5,0,4,0.0,2,2,1.0,0,4,4,3,0,0,3,1,10,-11.0,0022400855,Matas Buzelis,matas buzelis,,,2025-02-28,0,0.39973351099267157,0.0,0.15989340439706862,0.11992005329780148,0.0,7.0,5.0,5.0,3.0,9.0,5.0,10.0,6.0,3.0,0,0.0,0,0.00197,-20.4,-10350.07610350076,-20.359811999999998,0.0,9.0,9.0,0.099769324
0022400855,1610612741,Chicago,Bulls,CHI,bulls,1628380,Zach,Collins,Z. Collins,zach-collins,C,,,40:03,40.05,5,10,0.5,0,4,0.0,5,6,0.833,5,8,13,5,1,1,1,2,15,28.0,0022400855,Zach Collins,zach collins,,,2025-02-28,2,0.37453183520599254,0.12484394506866418,0.32459425717852686,0.12484394506866418,0.17478152309612985,3.0,1.0,1.0,2.0,2.0,1.0,1.0,2.0,4.0,0,0.0,0,0.00146,32.9,22518.822724161535,32.851966,0.04993757802746567,2.0,2.0,0.8728741
0022400855,1610612741,Chicago,Bulls,CHI,bulls,1629632,Coby,White,C. White,coby-white,G,,,36:50,36.833333333333336,8,19,0.421,2,9,0.222,6,6,1.0,0,4,4,3,4,0,2,2,24,11.0,0022400855,Coby White,coby white,,,2025-02-28,4,0.6515837104072397,0.0,0.10859728506787329,0.08144796380090497,0.10859728506787329,1.0,5.0,5.0,3.0,1.0,5.0,5.0,3.0,2.0,0,0.0,0,0.0025800000000000003,15.5,6005.424254165051,15.46001,0.10859728506787329,1.0,4.0,0.7695763
0022400855,1610612741,Chicago,Bulls,CHI,bulls,1630581,Josh,Giddey,J. Giddey,josh-giddey,G,,,40:29,40.483333333333334,7,17,0.412,2,6,0.333,3,4,0.75,0,8,8,12,1,1,1,3,19,16.0,0022400855,Josh Giddey,josh giddey,,,2025-02-28,2,0.46932894195142033,0.0,0.19761218608480857,0.29641827912721286,0.04940304652120214,2.0,5.0,2.0,1.0,2.0,1.0,2.0,1.0,2.0,0,0.0,0,0.00202,19.5,9648.688767936665,19.46061,0.04940304652120214,2.0,7.0,0.87194765
0022400855,1610612741,Chicago,Bulls,CHI,bulls,1628989,Kevin,Huerter,K. Huerter,kevin-huerter,,,,28:17,28.283333333333335,4,10,0.4,4,8,0.5,3,3,1.0,0,1,1,2,1,1,0,1,15,13.0,0022400855,Kevin Huerter,kevin huerter,,,2025-02-28,2,0.5303476723629935,0.0,0.03535651149086623,0.07071302298173246,0.07071302298173246,3.0,5.0,8.0,5.0,2.0,1.0,3.0,5.0,3.0,0,0.0,0,0.00167,19.7,11789.347695990426,19.667101,0.07071302298173246,2.0,6.0,0.8041161
0022400855,1610612741,Chicago,Bulls,CHI,bulls,1630245,Ayo,Dosunmu,A. Dosunmu,ayo-dosunmu,,,,22:39,22.65,5,9,0.556,0,2,0.0,1,2,0.5,0,5,5,2,1,0,1,2,11,9.0,0022400855,Ayo Dosunmu,ayo dosunmu,,,2025-02-28,1,0.48565121412803536,0.0,0.2207505518763797,0.08830022075055188,0.04415011037527594,6.0,5.0,4.0,5.0,2.0,5.0,6.0,7.0,2.0,0,0.0,0,0.002,28.5,14242.878560719639,28.443,0.04415011037527594,6.0,8.0,0.4378837
0022400855,1610612741,Chicago,Bulls,CHI,bulls,1641763,Julian,Phillips,J. Phillips,julian-phillips,,,,7:57,7.95,1,1,1.0,1,1,1.0,0,0,0.0,0,1,1,0,0,0,0,0,3,-3.0,0022400855,Julian Phillips,julian phillips,,,2025-02-28,0,0.3773584905660377,0.0,0.12578616352201258,0.0,0.0,10.0,5.0,8.0,10.0,9.0,5.0,8.0,10.0,1.0,0,0.0,0,0.0005600000000000001,-25.8,-45989.30481283422,-25.785552,0.0,9.0,9.0,0.018409198
0022400855,1610612741,Chicago,Bulls,CHI,bulls,1630188,Jalen,Smith,J. Smith,jalen-smith,,,,12:57,12.95,2,7,0.286,0,4,0.0,0,0,0.0,2,4,6,1,1,1,1,2,4,-18.0,0022400855,Jalen Smith,jalen smith,,,2025-02-28,2,0.3088803088803089,0.15444015444015444,0.46332046332046334,0.07722007722007722,0.3088803088803089,9.0,2.0,3.0,9.0,2.0,1.0,11.0,8.0,0.0,0,0.0,0,0.00242,-72.2,-29822.387443205287,-72.025276,0.15444015444015444,2.0,1.0,0.032558274
0022400855,1610612741,Chicago,Bulls,CHI,bulls,1631207,Dalen,Terry,D. Terry,dalen-terry,,,,4:00,4.0,0,1,0.0,0,0,0.0,0,0,0.0,0,0,0,0,0,0,0,1,0,-7.0,0022400855,Dalen Terry,dalen terry,,,2025-02-28,0,0.0,0.0,0.0,0.0,0.0,11.0,5.0,11.0,10.0,9.0,5.0,9.0,11.0,0.0,0,0.0,0,0.00111,-68.1,-61296.12961296129,-68.02440899999999,0.0,9.0,9.0,0.0028460799
0022400855,1610612741,Chicago,Bulls,CHI,bulls,1630200,Tre,Jones,T. Jones,tre-jones,,,,12:22,12.366666666666667,4,6,0.667,0,1,0.0,2,2,1.0,1,0,1,2,1,0,0,1,10,0.0,0022400855,Tre Jones,tre jones,,,2025-02-28,1,0.8086253369272237,0.08086253369272237,0.08086253369272237,0.16172506738544473,0.16172506738544473,7.0,4.0,8.0,5.0,2.0,5.0,7.0,9.0,1.0,0,0.0,0,0.00233,-9.8,-4204.204204204204,-9.777166,0.08086253369272237,6.0,3.0,0.39585966
0022400868,1610612741,Chicago,Bulls,CHI,bulls,1631207,Dalen,Terry,D. Terry,dalen-terry,F,,,18:37,18.616666666666667,1,5,0.2,0,2,0.0,0,0,0.0,0,1,1,1,0,0,1,1,2,-18.0,0022400868,Dalen Terry,dalen terry,,,2025-03-02,0,0.10743061772605192,0.0,0.05371530886302596,0.05371530886302596,0.0,9.0,7.0,8.0,6.0,6.0,4.0,7.0,7.0,0.0,0,0.0,0,0.0014000000000000002,-52.9,-37758.743754461095,-52.82594,0.0,7.0,9.0,0.0051055504
0022400868,1610612741,Chicago,Bulls,CHI,bulls,1641824,Matas,Buzelis,M. Buzelis,matas-buzelis,F,,,30:13,30.216666666666665,8,16,0.5,2,6,0.333,0,0,0.0,2,4,6,3,1,1,1,2,18,-24.0,0022400868,Matas Buzelis,matas buzelis,,,2025-03-02,2,0.5956977385548814,0.06618863761720906,0.19856591285162714,0.09928295642581357,0.1323772752344181,2.0,2.0,3.0,3.0,2.0,2.0,10.0,3.0,1.0,0,0.0,0,0.0023599999999999997,-40.3,-17069.03854299026,-40.204891999999994,0.06618863761720906,2.0,4.0,0.7002045
0022400868,1610612741,Chicago,Bulls,CHI,bulls,1628380,Zach,Collins,Z. Collins,zach-collins,C,,,29:10,29.166666666666668,6,9,0.667,2,5,0.4,2,2,1.0,2,3,5,2,0,0,3,1,16,-20.0,0022400868,Zach Collins,zach collins,,,2025-03-02,0,0.5485714285714286,0.06857142857142857,0.17142857142857143,0.06857142857142857,0.06857142857142857,4.0,2.0,5.0,4.0,6.0,4.0,8.0,4.0,2.0,0,0.0,0,0.00188,-35.6,-18926.103136629456,-35.533072000000004,0.0,7.0,7.0,0.5518891
0022400868,1610612741,Chicago,Bulls,CHI,bulls,1629632,Coby,White,C. White,coby-white,G,,,34:24,34.4,10,18,0.556,4,9,0.444,2,2,1.0,1,6,7,1,1,0,3,2,26,4.0,0022400868,Coby White,coby white,,,2025-03-02,1,0.7558139534883721,0.029069767441860465,0.20348837209302326,0.029069767441860465,0.05813953488372093,1.0,6.0,2.0,6.0,2.0,4.0,4.0,1.0,0.0,0,0.0,0,0.00262,5.6,2136.5890881343,5.585328,0.029069767441860465,4.0,8.0,0.85292095
0022400868,1610612741,Chicago,Bulls,CHI,bulls,1630581,Josh,Giddey,J. Giddey,josh-giddey,G,,,33:51,33.85,5,15,0.333,0,4,0.0,8,11,0.727,3,6,9,7,0,0,2,1,18,-21.0,0022400868,Josh Giddey,josh giddey,,,2025-03-02,0,0.5317577548005908,0.08862629246676514,0.2658788774002954,0.206794682422452,0.08862629246676514,2.0,1.0,1.0,1.0,6.0,4.0,9.0,2.0,0.0,0,0.0,0,0.00272,-31.5,-11576.62624035281,-31.414319999999996,0.0,7.0,5.0,0.29562923
0022400868,1610612741,Chicago,Bulls,CHI,bulls,1628975,Jevon,Carter,J. Carter,jevon-carter,,,,13:48,13.8,1,3,0.333,0,1,0.0,0,0,0.0,0,1,1,1,1,0,0,2,2,-10.0,0022400868,Jevon Carter,jevon carter,,,2025-03-02,1,0.14492753623188406,0.0,0.07246376811594203,0.07246376811594203,0.07246376811594203,9.0,7.0,8.0,6.0,2.0,4.0,5.0,10.0,2.0,0,0.0,0,0.00094,-35.7,-37938.363443145594,-35.666442,0.07246376811594203,4.0,6.0,0.013025406
0022400868,1610612741,Chicago,Bulls,CHI,bulls,1629659,Talen,Horton-Tucker,T. Horton-Tucker,talen-horton-tucker,,,,14:50,14.833333333333334,3,6,0.5,0,1,0.0,0,0,0.0,0,3,3,1,1,2,0,2,6,12.0,0022400868,Talen Horton-Tucker,talen horton-tucker,,,2025-03-02,3,0.4044943820224719,0.0,0.20224719101123595,0.06741573033707865,0.20224719101123595,7.0,7.0,7.0,6.0,2.0,1.0,1.0,9.0,1.0,0,0.0,0,0.00167,34.7,20766.00837821664,34.642051,0.20224719101123595,1.0,2.0,0.4821344
0022400868,1610612741,Chicago,Bulls,CHI,bulls,1641763,Julian,Phillips,J. Phillips,julian-phillips,,,,20:20,20.333333333333332,1,3,0.333,0,2,0.0,1,2,0.5,2,2,4,0,0,1,0,1,3,7.0,0022400868,Julian Phillips,julian phillips,,,2025-03-02,1,0.14754098360655737,0.09836065573770493,0.19672131147540986,0.0,0.14754098360655737,8.0,2.0,6.0,10.0,6.0,2.0,2.0,6.0,2.0,0,0.0,0,0.00083,10.9,13116.726835138388,10.890953,0.049180327868852465,4.0,3.0,0.11888563
0022400868,1610612741,Chicago,Bulls,CHI,bulls,1630188,Jalen,Smith,J. Smith,jalen-smith,,,,17:48,17.8,4,7,0.571,2,3,0.667,0,0,0.0,2,4,6,2,2,0,1,2,10,5.0,0022400868,Jalen Smith,jalen smith,,,2025-03-02,2,0.5617977528089887,0.11235955056179775,0.33707865168539325,0.11235955056179775,0.2247191011235955,6.0,2.0,3.0,4.0,1.0,4.0,3.0,8.0,0.0,0,0.0,0,0.0018599999999999999,13.2,7092.9607737775395,13.175448,0.11235955056179775,2.0,1.0,0.6775479
0022400868,1610612741,Chicago,Bulls,CHI,bulls,1630200,Tre,Jones,T. Jones,tre-jones,,,,26:59,26.983333333333334,5,6,0.833,0,0,0.0,1,1,1.0,0,0,0,6,0,0,1,3,11,-10.0,0022400868,Tre Jones,tre jones,,,2025-03-02,0,0.4076590487955528,0.0,0.0,0.22235948116121063,0.0,5.0,7.0,10.0,2.0,6.0,4.0,5.0,5.0,2.0,0,0.0,0,0.00109,-15.7,-14390.467461044913,-15.682887,0.0,7.0,9.0,0.47924912
0022400886,1610612741,Chicago,Bulls,CHI,bulls,1631207,Dalen,Terry,D. Terry,dalen-terry,F,,,16:28,16.466666666666665,2,5,0.4,0,2,0.0,0,0,0.0,0,1,1,2,0,0,0,3,4,-9.0,0022400886,Dalen Terry,dalen terry,,,2025-03-04,0,0.24291497975708504,0.0,0.06072874493927126,0.12145748987854252,0.0,7.0,6.0,8.0,6.0,4.0,7.0,7.0,8.0,1.0,0,0.0,0,0.00122,-23.7,-19410.31941031941,-23.671086,0.0,7.0,8.0,0.019237397
0022400886,1610612741,Chicago,Bulls,CHI,bulls,1641824,Matas,Buzelis,M. Buzelis,matas-buzelis,F,,,31:07,31.116666666666667,7,17,0.412,1,7,0.143,2,2,1.0,3,4,7,3,0,1,0,5,17,-19.0,0022400886,Matas Buzelis,matas buzelis,,,2025-03-04,1,0.5463310123192286,0.09641135511515801,0.22495982860203534,0.09641135511515801,0.12854847348687734,4.0,2.0,4.0,4.0,4.0,1.0,9.0,4.0,0.0,0,0.0,0,0.0022,-28.2,-12812.358019082234,-28.13796,0.032137118371719335,4.0,2.0,0.52902204
0022400886,1610612741,Chicago,Bulls,CHI,bulls,1628380,Zach,Collins,Z. Collins,zach-collins,C,,,28:05,28.083333333333332,10,16,0.625,0,2,0.0,0,0,0.0,4,8,12,2,3,1,1,4,20,-22.0,0022400886,Zach Collins,zach collins,,,2025-03-04,4,0.712166172106825,0.142433234421365,0.427299703264095,0.0712166172106825,0.28486646884273,3.0,1.0,1.0,6.0,1.0,1.0,11.0,5.0,4.0,0,0.0,0,0.0023,-35.4,-15384.615384615383,-35.31858,0.142433234421365,1.0,1.0,0.8064241
0022400886,1610612741,Chicago,Bulls,CHI,bulls,1629632,Coby,White,C. White,coby-white,G,,,38:32,38.53333333333333,9,23,0.391,3,12,0.25,4,5,0.8,0,4,4,7,2,1,2,0,25,-19.0,0022400886,Coby White,coby white,,,2025-03-04,3,0.6487889273356402,0.0,0.10380622837370243,0.18166089965397925,0.07785467128027682,1.0,6.0,5.0,1.0,2.0,1.0,9.0,1.0,2.0,0,0.0,0,0.0027,-18.9,-6997.40836727138,-18.848969999999998,0.07785467128027682,2.0,5.0,0.65382344
0022400886,1610612741,Chicago,Bulls,CHI,bulls,1630200,Tre,Jones,T. Jones,tre-jones,G,,,33:32,33.53333333333333,4,9,0.444,1,2,0.5,0,2,0.0,1,7,8,7,0,1,2,0,9,-26.0,0022400886,Tre Jones,tre jones,,,2025-03-04,1,0.26838966202783304,0.029821073558648114,0.2385685884691849,0.20874751491053678,0.05964214711729623,6.0,3.0,3.0,1.0,4.0,1.0,12.0,2.0,2.0,0,0.0,0,0.0014299999999999998,-32.9,-22990.915443745635,-32.852953,0.029821073558648114,4.0,6.0,0.1313481
0022400886,1610612741,Chicago,Bulls,CHI,bulls,1629659,Talen,Horton-Tucker,T. Horton-Tucker,talen-horton-tucker,,,,31:26,31.433333333333334,9,18,0.5,3,6,0.5,1,2,0.5,1,3,4,6,0,0,2,3,22,-9.0,0022400886,Talen Horton-Tucker,talen horton-tucker,,,2025-03-04,0,0.6998939554612937,0.031813361611876985,0.12725344644750794,0.19088016967126192,0.031813361611876985,2.0,3.0,5.0,3.0,4.0,7.0,7.0,3.0,1.0,0,0.0,0,0.0025,-12.3,-4918.0327868852455,-12.269250000000001,0.0,7.0,7.0,0.7758522
0022400886,1610612741,Chicago,Bulls,CHI,bulls,1641763,Julian,Phillips,J. Phillips,julian-phillips,,,,20:17,20.283333333333335,1,4,0.25,0,2,0.0,2,2,1.0,0,0,0,1,0,0,0,4,4,-1.0,0022400886,Julian Phillips,julian phillips,,,2025-03-04,0,0.19720624486442068,0.0,0.0,0.04930156121610517,0.0,7.0,6.0,10.0,8.0,4.0,7.0,3.0,6.0,1.0,0,0.0,0,0.0009299999999999999,0.3,322.23415682062296,0.299721,0.0,7.0,8.0,0.011013773
0022400886,1610612741,Chicago,Bulls,CHI,bulls,1628975,Jevon,Carter,J. Carter,jevon-carter,,,,15:52,15.866666666666667,1,5,0.2,1,5,0.2,0,0,0.0,0,2,2,3,1,1,0,1,3,1.0,0022400886,Jevon Carter,jevon carter,,,2025-03-04,2,0.18907563025210083,0.0,0.12605042016806722,0.18907563025210083,0.12605042016806722,9.0,6.0,7.0,4.0,3.0,1.0,2.0,9.0,1.0,0,0.0,0,0.0011899999999999999,5.5,4617.968094038624,5.493455,0.12605042016806722,3.0,3.0,0.04092131
0022400886,1610612741,Chicago,Bulls,CHI,bulls,1630188,Jalen,Smith,J. Smith,jalen-smith,,,,17:32,17.533333333333335,4,7,0.571,2,4,0.5,3,4,0.75,1,10,11,0,0,1,0,1,13,3.0,0022400886,Jalen Smith,jalen smith,,,2025-03-04,1,0.741444866920152,0.05703422053231939,0.6273764258555132,0.0,0.11406844106463877,5.0,3.0,2.0,10.0,4.0,1.0,1.0,7.0,0.0,0,0.0,0,0.00191,4.6,2407.1166928309785,4.591214,0.05703422053231939,4.0,4.0,0.918373
0022400886,1610612741,Chicago,Bulls,CHI,bulls,1642443,Jahmir,Young,J. Young,jahmir-young,,,,2:23,2.3833333333333333,0,0,0.0,0,0,0.0,0,0,0.0,0,1,1,1,0,0,0,0,0,-3.0,0022400886,Jahmir Young,jahmir young,,,2025-03-04,0,0.0,0.0,0.4195804195804196,0.4195804195804196,0.0,10.0,6.0,8.0,8.0,4.0,7.0,4.0,10.0,,1,,1,0.0,-60.0,-60000000.0,-60.0,0.0,7.0,8.0,0.004772458
0022400886,1610612741,Chicago,Bulls,CHI,bulls,1641801,Emanuel,Miller,E. Miller,emanuel-miller,,,,2:23,2.3833333333333333,0,0,0.0,0,0,0.0,0,0,0.0,0,0,0,0,0,0,0,0,0,-3.0,0022400886,Emanuel Miller,emanuel miller,,,2025-03-04,0,0.0,0.0,0.0,0.0,0.0,10.0,6.0,10.0,10.0,4.0,7.0,4.0,10.0,,1,,1,0.0,-60.0,-60000000.0,-60.0,0.0,7.0,8.0,0.004032648
0022400886,1610612741,Chicago,Bulls,CHI,bulls,1630604,E.J.,Liddell,E. Liddell,ej-liddell,,,,2:23,2.3833333333333333,0,2,0.0,0,2,0.0,0,0,0.0,0,0,0,0,0,0,0,0,0,-3.0,0022400886,E.J. Liddell,ej liddell,,,2025-03-04,0,0.0,0.0,0.0,0.0,0.0,10.0,6.0,10.0,10.0,4.0,7.0,4.0,10.0,1.0,0,0.0,0,0.004,-60.0,-14996.250937265682,-59.76,0.0,7.0,8.0,0.002952631
0022400944,1610612741,Chicago,Bulls,CHI,bulls,1630581,Josh,Giddey,J. Giddey,josh-giddey,F,,,38:49,38.81666666666667,6,14,0.429,0,3,0.0,7,8,0.875,4,9,13,9,1,0,2,2,19,-3.0,0022400944,Josh Giddey,josh giddey,,,2025-03-06,1,0.489480463718334,0.103048518677544,0.334907685702018,0.231859167024474,0.12881064834693,3.0,1.0,1.0,1.0,2.0,6.0,8.0,1.0,1.0,0,0.0,0,0.0020399999999999997,-2.2,-1077.9029887310144,-2.195512,0.025762129669386,3.0,4.0,0.5070958
0022400944,1610612741,Chicago,Bulls,CHI,bulls,1641824,Matas,Buzelis,M. Buzelis,matas-buzelis,F,,,29:18,29.3,4,8,0.5,2,4,0.5,1,1,1.0,2,3,5,2,0,3,3,5,11,8.0,0022400944,Matas Buzelis,matas buzelis,,,2025-03-06,3,0.37542662116040953,0.06825938566552901,0.1706484641638225,0.06825938566552901,0.1706484641638225,5.0,2.0,3.0,5.0,5.0,1.0,1.0,4.0,1.0,0,0.0,0,0.00145,14.3,9855.272226051002,14.279265,0.10238907849829351,1.0,1.0,0.7723881
0022400944,1610612741,Chicago,Bulls,CHI,bulls,1628380,Zach,Collins,Z. Collins,zach-collins,C,,,12:01,12.016666666666667,0,1,0.0,0,1,0.0,3,4,0.75,1,1,2,0,0,1,2,6,3,-12.0,0022400944,Zach Collins,zach collins,,,2025-03-06,1,0.2496532593619972,0.08321775312066573,0.16643550624133147,0.0,0.16643550624133147,8.0,5.0,7.0,10.0,5.0,2.0,10.0,9.0,1.0,0,0.0,0,0.00172,-46.0,-26728.64613596746,-45.92088,0.08321775312066573,3.0,2.0,0.010301341
0022400944,1610612741,Chicago,Bulls,CHI,bulls,1629632,Coby,White,C. White,coby-white,G,,,36:33,36.55,16,28,0.571,7,15,0.467,5,6,0.833,0,5,5,1,2,0,1,3,44,2.0,0022400944,Coby White,coby white,,,2025-03-06,2,1.2038303693570451,0.0,0.13679890560875513,0.02735978112175103,0.05471956224350206,1.0,8.0,3.0,6.0,1.0,6.0,5.0,2.0,4.0,0,0.0,0,0.0034799999999999996,5.9,1694.9152542372883,5.879468,0.05471956224350206,2.0,8.0,0.90630424
0022400944,1610612741,Chicago,Bulls,CHI,bulls,1630200,Tre,Jones,T. Jones,tre-jones,G,,,30:27,30.45,7,12,0.583,1,2,0.5,5,5,1.0,2,3,5,4,1,0,1,1,20,-4.0,0022400944,Tre Jones,tre jones,,,2025-03-06,1,0.6568144499178982,0.06568144499178982,0.16420361247947454,0.13136288998357964,0.09852216748768473,2.0,2.0,3.0,2.0,2.0,6.0,9.0,3.0,3.0,0,1.0,0,0.00192,-6.5,-3383.65434669443,-6.48752,0.03284072249589491,3.0,6.0,0.88806427
0022400944,1610612741,Chicago,Bulls,CHI,bulls,1630188,Jalen,Smith,J. Smith,jalen-smith,,,,26:03,26.05,1,6,0.167,0,4,0.0,1,2,0.5,2,7,9,3,0,1,1,6,3,7.0,0022400944,Jalen Smith,jalen smith,,,2025-03-06,1,0.11516314779270632,0.07677543186180422,0.345489443378119,0.11516314779270632,0.11516314779270632,8.0,2.0,2.0,3.0,5.0,2.0,2.0,5.0,0.0,0,0.0,0,0.0011899999999999999,11.7,9823.677581863982,11.686077,0.03838771593090211,3.0,5.0,0.092017524
0022400944,1610612741,Chicago,Bulls,CHI,bulls,1628989,Kevin,Huerter,K. Huerter,kevin-huerter,,,,24:55,24.916666666666668,4,9,0.444,3,7,0.429,2,2,1.0,1,4,5,3,1,0,3,2,13,1.0,0022400944,Kevin Huerter,kevin huerter,,,2025-03-06,1,0.5217391304347826,0.04013377926421405,0.2006688963210702,0.12040133779264213,0.0802675585284281,4.0,5.0,3.0,3.0,2.0,6.0,7.0,6.0,2.0,0,0.0,0,0.00213,1.7,797.7475363679024,1.696379,0.04013377926421405,3.0,7.0,0.5626301
0022400944,1610612741,Chicago,Bulls,CHI,bulls,1629659,Talen,Horton-Tucker,T. Horton-Tucker,talen-horton-tucker,,,,9:17,9.283333333333333,1,2,0.5,1,2,0.5,0,2,0.0,0,1,1,1,0,0,2,1,3,2.0,0022400944,Talen Horton-Tucker,talen horton-tucker,,,2025-03-06,0,0.3231597845601436,0.0,0.10771992818671454,0.10771992818671454,0.0,8.0,8.0,9.0,6.0,5.0,6.0,5.0,10.0,0.0,0,0.0,0,0.00208,8.7,4180.682364247958,8.681904,0.0,10.0,10.0,0.007893407
0022400944,1610612741,Chicago,Bulls,CHI,bulls,1641763,Julian,Phillips,J. Phillips,julian-phillips,,,,19:42,19.7,2,2,1.0,0,0,0.0,0,0,0.0,0,1,1,1,0,1,2,3,4,5.0,0022400944,Julian Phillips,julian phillips,,,2025-03-06,1,0.20304568527918782,0.0,0.050761421319796954,0.050761421319796954,0.050761421319796954,7.0,8.0,9.0,6.0,5.0,2.0,3.0,7.0,0.0,0,0.0,0,0.0008500000000000001,15.4,18096.357226792006,15.38691,0.050761421319796954,3.0,9.0,0.026073366
0022400944,1610612741,Chicago,Bulls,CHI,bulls,1631207,Dalen,Terry,D. Terry,dalen-terry,,,,12:55,12.916666666666666,2,4,0.5,1,2,0.5,0,0,0.0,1,1,2,1,0,1,1,2,5,4.0,0022400944,Dalen Terry,dalen terry,,,2025-03-06,1,0.38709677419354843,0.07741935483870968,0.15483870967741936,0.07741935483870968,0.15483870967741936,6.0,5.0,7.0,6.0,5.0,2.0,4.0,8.0,1.0,0,0.0,0,0.00161,21.4,13283.674736188701,21.365546,0.07741935483870968,3.0,3.0,0.06599447
0022400916,1610612741,Chicago,Bulls,CHI,bulls,1630581,Josh,Giddey,J. Giddey,josh-giddey,F,,,37:02,37.03333333333333,9,15,0.6,3,4,0.75,5,6,0.833,0,10,10,12,1,1,4,3,26,26.0,0022400916,Josh Giddey,josh giddey,,,2025-03-08,2,0.7020702070207021,0.0,0.27002700270027,0.32403240324032406,0.05400540054005401,1.0,5.0,2.0,1.0,3.0,2.0,1.0,1.0,1.0,0,0.0,0,0.00256,34.0,13276.064037485356,33.91296,0.05400540054005401,3.0,6.0,0.8789626
0022400916,1610612741,Chicago,Bulls,CHI,bulls,1641824,Matas,Buzelis,M. Buzelis,matas-buzelis,F,,,32:17,32.28333333333333,4,9,0.444,1,5,0.2,4,4,1.0,0,5,5,1,0,0,2,2,13,9.0,0022400916,Matas Buzelis,matas buzelis,,,2025-03-08,0,0.4026845637583893,0.0,0.15487867836861127,0.030975735673722252,0.0,5.0,5.0,3.0,6.0,4.0,4.0,5.0,4.0,0.0,0,0.0,0,0.0017599999999999998,15.6,8858.603066439524,15.572544,0.0,5.0,7.0,0.36859998
0022400916,1610612741,Chicago,Bulls,CHI,bulls,1628380,Zach,Collins,Z. Collins,zach-collins,C,,,31:57,31.95,6,11,0.545,4,6,0.667,2,2,1.0,2,13,15,3,0,0,0,2,18,13.0,0022400916,Zach Collins,zach collins,,,2025-03-08,0,0.5633802816901409,0.06259780907668232,0.4694835680751174,0.09389671361502347,0.06259780907668232,3.0,1.0,1.0,3.0,4.0,4.0,4.0,5.0,0.0,0,0.0,0,0.0016,19.7,12304.809494066209,19.66848,0.0,5.0,5.0,0.86820835
0022400916,1610612741,Chicago,Bulls,CHI,bulls,1629632,Coby,White,C. White,coby-white,G,,,33:14,33.233333333333334,6,16,0.375,0,8,0.0,9,9,1.0,0,3,3,3,0,0,2,2,21,-11.0,0022400916,Coby White,coby white,,,2025-03-08,0,0.6318956870611835,0.0,0.09027081243731193,0.09027081243731193,0.0,2.0,5.0,6.0,3.0,4.0,4.0,9.0,2.0,1.0,0,0.0,0,0.0027300000000000002,-12.2,-4467.228121567191,-12.166694,0.0,5.0,7.0,0.4779594
0022400916,1610612741,Chicago,Bulls,CHI,bulls,1630200,Tre,Jones,T. Jones,tre-jones,G,,,32:47,32.78333333333333,7,11,0.636,1,1,1.0,0,0,0.0,1,4,5,5,2,1,0,2,15,14.0,0022400916,Tre Jones,tre jones,,,2025-03-08,3,0.45754956786985257,0.03050330452465684,0.1525165226232842,0.1525165226232842,0.12201321809862736,4.0,2.0,3.0,2.0,2.0,2.0,2.0,3.0,2.0,0,0.0,0,0.0014299999999999998,19.4,13556.95317959469,19.372258,0.09150991357397052,1.0,2.0,0.87818956
0022400916,1610612741,Chicago,Bulls,CHI,bulls,1628989,Kevin,Huerter,K. Huerter,kevin-huerter,,,,29:54,29.9,4,13,0.308,1,9,0.111,2,4,0.5,0,3,3,0,3,0,2,1,11,14.0,0022400916,Kevin Huerter,kevin huerter,,,2025-03-08,3,0.3678929765886288,0.0,0.10033444816053512,0.0,0.10033444816053512,6.0,5.0,6.0,8.0,1.0,4.0,2.0,6.0,5.0,0,0.0,0,0.0023899999999999998,19.3,8071.93642827269,19.253873000000002,0.10033444816053512,1.0,3.0,0.46278605
0022400916,1610612741,Chicago,Bulls,CHI,bulls,1631207,Dalen,Terry,D. Terry,dalen-terry,,,,8:24,8.4,1,1,1.0,0,0,0.0,1,1,1.0,0,1,1,0,0,0,0,1,3,-23.0,0022400916,Dalen Terry,dalen terry,,,2025-03-08,0,0.35714285714285715,0.0,0.11904761904761904,0.0,0.0,8.0,5.0,10.0,8.0,4.0,4.0,10.0,9.0,0.0,0,0.0,0,0.00053,-119.3,-224670.43314500942,-119.23677099999999,0.0,5.0,7.0,0.012380321
0022400916,1610612741,Chicago,Bulls,CHI,bulls,1630188,Jalen,Smith,J. Smith,jalen-smith,,,,16:03,16.05,3,9,0.333,1,6,0.167,0,0,0.0,1,3,4,1,0,2,0,1,7,-8.0,0022400916,Jalen Smith,jalen smith,,,2025-03-08,2,0.43613707165109034,0.06230529595015576,0.24922118380062305,0.06230529595015576,0.18691588785046728,7.0,2.0,5.0,6.0,4.0,1.0,7.0,7.0,0.0,0,0.0,0,0.00243,-22.9,-9419.991772932948,-22.844352999999998,0.12461059190031153,3.0,1.0,0.15052566
0022400916,1610612741,Chicago,Bulls,CHI,bulls,1641763,Julian,Phillips,J. Phillips,julian-phillips,,,,12:32,12.533333333333333,0,2,0.0,0,2,0.0,0,0,0.0,1,2,3,0,0,0,0,0,0,-10.0,0022400916,Julian Phillips,julian phillips,,,2025-03-08,0,0.0,0.0797872340425532,0.2393617021276596,0.0,0.0797872340425532,9.0,2.0,6.0,8.0,4.0,4.0,8.0,8.0,0.0,0,0.0,0,0.0006900000000000001,-32.7,-47322.72069464544,-32.677437000000005,0.0,5.0,4.0,0.0070102317
0022400916,1610612741,Chicago,Bulls,CHI,bulls,1629659,Talen,Horton-Tucker,T. Horton-Tucker,talen-horton-tucker,,,,5:50,5.833333333333333,0,1,0.0,0,1,0.0,0,0,0.0,0,2,2,2,0,0,0,0,0,1.0,0022400916,Talen Horton-Tucker,talen horton-tucker,,,2025-03-08,0,0.0,0.0,0.34285714285714286,0.34285714285714286,0.0,9.0,5.0,9.0,5.0,4.0,4.0,6.0,10.0,0.0,0,0.0,0,0.00077,7.7,9987.029831387808,7.694071,0.0,5.0,7.0,0.006533914
0022400933,1610612741,Chicago,Bulls,CHI,bulls,1630581,Josh,Giddey,J. Giddey,josh-giddey,F,,,27:52,27.866666666666667,11,18,0.611,2,5,0.4,5,5,1.0,0,10,10,4,0,1,3,1,29,26.0,0022400933,Josh Giddey,josh giddey,,,2025-03-10,1,1.0406698564593302,0.0,0.3588516746411483,0.14354066985645933,0.03588516746411483,1.0,7.0,2.0,3.0,3.0,1.0,1.0,4.0,1.0,0,0.0,0,0.0032400000000000003,47.3,14594.261030546126,47.146747999999995,0.03588516746411483,3.0,8.0,0.71480715
0022400933,1610612741,Chicago,Bulls,CHI,bulls,1641824,Matas,Buzelis,M. Buzelis,matas-buzelis,F,,,24:11,24.183333333333334,4,9,0.444,0,3,0.0,0,0,0.0,0,4,4,1,0,1,2,3,8,4.0,0022400933,Matas Buzelis,matas buzelis,,,2025-03-10,1,0.33080634045485874,0.0,0.16540317022742937,0.04135079255685734,0.04135079255685734,6.0,7.0,5.0,6.0,3.0,1.0,6.0,5.0,0.0,0,0.0,0,0.0018,3.5,1943.364797334814,3.4937,0.04135079255685734,3.0,7.0,0.28659084
0022400933,1610612741,Chicago,Bulls,CHI,bulls,1628380,Zach,Collins,Z. Collins,zach-collins,C,,,22:34,22.566666666666666,3,4,0.75,1,2,0.5,0,0,0.0,2,7,9,6,1,1,2,1,7,17.0,0022400933,Zach Collins,zach collins,,,2025-03-10,2,0.310192023633678,0.08862629246676514,0.39881831610044316,0.2658788774002954,0.17725258493353027,8.0,2.0,3.0,2.0,2.0,1.0,4.0,7.0,1.0,0,0.0,0,0.00107,30.2,28197.94584500467,30.167686,0.08862629246676514,2.0,2.0,0.3251402
0022400933,1610612741,Chicago,Bulls,CHI,bulls,1629632,Coby,White,C. White,coby-white,G,,,34:29,34.483333333333334,11,20,0.55,3,6,0.5,4,5,0.8,1,6,7,4,0,0,3,2,29,0.0,0022400933,Coby White,coby white,,,2025-03-10,0,0.8409859835669405,0.028999516674722087,0.2029966167230546,0.11599806669888835,0.028999516674722087,1.0,4.0,4.0,3.0,3.0,7.0,8.0,1.0,0.0,0,0.0,0,0.0027900000000000004,4.9,1755.6431386599784,4.886329000000001,0.0,7.0,9.0,0.79587644
0022400933,1610612741,Chicago,Bulls,CHI,bulls,1630200,Tre,Jones,T. Jones,tre-jones,G,,,33:40,33.666666666666664,4,12,0.333,0,1,0.0,0,0,0.0,1,2,3,8,0,1,1,3,8,25.0,0022400933,Tre Jones,tre jones,,,2025-03-10,1,0.23762376237623764,0.029702970297029705,0.08910891089108912,0.23762376237623764,0.05940594059405941,6.0,4.0,8.0,1.0,3.0,1.0,3.0,3.0,3.0,0,0.0,0,0.00149,33.6,22535.211267605635,33.549936,0.029702970297029705,3.0,6.0,0.41354564
0022400933,1610612741,Chicago,Bulls,CHI,bulls,1628989,Kevin,Huerter,K. Huerter,kevin-huerter,,,,34:16,34.266666666666666,5,15,0.333,3,10,0.3,0,0,0.0,0,4,4,1,3,1,2,4,13,26.0,0022400933,Kevin Huerter,kevin huerter,,,2025-03-10,4,0.37937743190661477,0.0,0.11673151750972763,0.029182879377431907,0.11673151750972763,3.0,7.0,5.0,6.0,1.0,1.0,1.0,2.0,7.0,0,0.0,0,0.00191,34.9,18262.68969126112,34.833341,0.11673151750972763,1.0,3.0,0.24412188
0022400933,1610612741,Chicago,Bulls,CHI,bulls,202696,Nikola,Vučević,N. Vučević,nikola-vučević,,,,23:36,23.6,5,8,0.625,1,1,1.0,0,0,0.0,2,9,11,1,0,0,2,2,11,6.0,0022400933,Nikola Vučević,nikola vučević,,,2025-03-10,0,0.4661016949152542,0.0847457627118644,0.4661016949152542,0.0423728813559322,0.0847457627118644,4.0,2.0,1.0,6.0,3.0,7.0,5.0,6.0,0.0,0,0.0,0,0.00161,16.0,9931.719428926133,15.97424,0.0,7.0,4.0,0.50805277
0022400933,1610612741,Chicago,Bulls,CHI,bulls,1630172,Patrick,Williams,P. Williams,patrick-williams,,,,12:40,12.666666666666666,1,3,0.333,0,2,0.0,0,2,0.0,1,2,3,1,0,0,3,2,2,2.0,0022400933,Patrick Williams,patrick williams,,,2025-03-10,0,0.15789473684210528,0.07894736842105264,0.2368421052631579,0.07894736842105264,0.07894736842105264,10.0,4.0,8.0,6.0,3.0,7.0,7.0,9.0,0.0,0,0.0,0,0.00212,9.9,4667.609618104668,9.879012,0.0,7.0,5.0,0.008278747
0022400933,1610612741,Chicago,Bulls,CHI,bulls,1641763,Julian,Phillips,J. Phillips,julian-phillips,,,,17:24,17.4,3,5,0.6,1,1,1.0,2,2,1.0,3,1,4,1,0,1,0,1,9,0.0,0022400933,Julian Phillips,julian phillips,,,2025-03-10,1,0.5172413793103449,0.1724137931034483,0.2298850574712644,0.0574712643678161,0.2298850574712644,5.0,1.0,5.0,6.0,3.0,1.0,8.0,8.0,0.0,0,0.0,0,0.0013,0.0,0.0,0.0,0.0574712643678161,3.0,1.0,0.39551347
0022400933,1610612741,Chicago,Bulls,CHI,bulls,1631207,Dalen,Terry,D. Terry,dalen-terry,,,,3:30,3.5,0,1,0.0,0,0,0.0,0,0,0.0,0,0,0,2,0,0,0,0,0,-4.0,0022400933,Dalen Terry,dalen terry,,,2025-03-10,0,0.0,0.0,0.0,0.5714285714285714,0.0,11.0,7.0,11.0,5.0,3.0,7.0,10.0,10.0,0.0,0,0.0,0,0.00111,-62.5,-56255.625562556255,-62.430625,0.0,7.0,10.0,0.0022370291
0022400933,1610612741,Chicago,Bulls,CHI,bulls,1629659,Talen,Horton-Tucker,T. Horton-Tucker,talen-horton-tucker,,,,2:54,2.9,0,0,0.0,0,0,0.0,0,0,0.0,0,1,1,0,0,0,0,0,0,-6.0,0022400933,Talen Horton-Tucker,talen horton-tucker,,,2025-03-10,0,0.0,0.0,0.3448275862068966,0.0,0.0,11.0,7.0,10.0,12.0,3.0,7.0,11.0,11.0,0.0,0,0.0,0,0.0,-85.7,-85700000.0,-85.7,0.0,7.0,10.0,0.004162068
0022400933,1610612741,Chicago,Bulls,CHI,bulls,1628975,Jevon,Carter,J. Carter,jevon-carter,,,,2:54,2.9,2,3,0.667,1,2,0.5,0,0,0.0,0,0,0,1,0,0,0,0,5,-6.0,0022400933,Jevon Carter,jevon carter,,,2025-03-10,0,1.7241379310344829,0.0,0.0,0.3448275862068966,0.0,9.0,7.0,11.0,6.0,3.0,7.0,11.0,11.0,,1,,1,0.0042899999999999995,-85.7,-19972.03449079469,-85.332347,0.0,7.0,10.0,0.021961594
0022400956,1610612741,Chicago,Bulls,CHI,bulls,1628989,Kevin,Huerter,K. Huerter,kevin-huerter,F,,,32:39,32.65,7,16,0.438,2,8,0.25,2,2,1.0,2,7,9,3,0,0,1,1,18,-3.0,0022400956,Kevin Huerter,kevin huerter,,,2025-03-13,0,0.5513016845329249,0.06125574272588055,0.27565084226646247,0.09188361408882083,0.06125574272588055,2.0,3.0,1.0,4.0,7.0,3.0,7.0,4.0,2.0,0,0.0,0,0.0022400000000000002,-6.4,-2855.86791610888,-6.385664,0.0,7.0,6.0,0.72251797
0022400956,1610612741,Chicago,Bulls,CHI,bulls,1641824,Matas,Buzelis,M. Buzelis,matas-buzelis,F,,,14:35,14.583333333333334,2,7,0.286,0,3,0.0,2,2,1.0,1,2,3,1,0,0,0,3,6,-12.0,0022400956,Matas Buzelis,matas buzelis,,,2025-03-13,0,0.4114285714285714,0.06857142857142857,0.2057142857142857,0.06857142857142857,0.06857142857142857,8.0,5.0,6.0,6.0,7.0,3.0,10.0,8.0,1.0,0,0.0,0,0.00226,-45.8,-20256.523662096417,-45.69649199999999,0.0,7.0,5.0,0.03422546
0022400956,1610612741,Chicago,Bulls,CHI,bulls,202696,Nikola,Vučević,N. Vučević,nikola-vučević,C,,,22:59,22.983333333333334,3,6,0.5,0,2,0.0,1,2,0.5,0,3,3,3,0,0,1,2,7,-9.0,0022400956,Nikola Vučević,nikola vučević,,,2025-03-13,0,0.3045685279187817,0.0,0.1305293691080493,0.1305293691080493,0.0,7.0,7.0,6.0,4.0,7.0,3.0,9.0,7.0,1.0,0,0.0,0,0.00167,-19.6,-11729.503291442252,-19.567268000000002,0.0,7.0,9.0,0.036497716
0022400956,1610612741,Chicago,Bulls,CHI,bulls,1629632,Coby,White,C. White,coby-white,G,,,36:25,36.416666666666664,12,24,0.5,3,8,0.375,4,4,1.0,1,6,7,4,1,0,3,3,31,7.0,0022400956,Coby White,coby white,,,2025-03-13,1,0.851258581235698,0.027459954233409613,0.1922196796338673,0.10983981693363845,0.054919908466819226,1.0,5.0,3.0,3.0,2.0,3.0,4.0,1.0,1.0,0,1.0,0,0.00333,13.9,4172.921044731312,13.853712999999999,0.027459954233409613,4.0,7.0,0.8632275
0022400956,1610612741,Chicago,Bulls,CHI,bulls,1630200,Tre,Jones,T. Jones,tre-jones,G,,,36:17,36.28333333333333,6,12,0.5,1,2,0.5,5,6,0.833,3,3,6,6,3,0,1,1,18,2.0,0022400956,Tre Jones,tre jones,,,2025-03-13,3,0.4960955443270556,0.08268259072117594,0.16536518144235188,0.16536518144235188,0.16536518144235188,2.0,2.0,5.0,1.0,1.0,3.0,5.0,2.0,3.0,0,0.0,0,0.0019,1.1,578.6428195686482,1.0979100000000002,0.08268259072117594,2.0,3.0,0.6850102
0022400956,1610612741,Chicago,Bulls,CHI,bulls,1641763,Julian,Phillips,J. Phillips,julian-phillips,,,,34:18,34.3,5,10,0.5,2,5,0.4,4,4,1.0,4,3,7,5,1,1,0,2,16,19.0,0022400956,Julian Phillips,julian phillips,,,2025-03-13,2,0.4664723032069971,0.11661807580174928,0.20408163265306123,0.1457725947521866,0.17492711370262393,4.0,1.0,3.0,2.0,2.0,2.0,1.0,3.0,5.0,0,0.0,0,0.00146,30.0,20533.88090349076,29.9562,0.05830903790087464,3.0,2.0,0.8355435
0022400956,1610612741,Chicago,Bulls,CHI,bulls,1630172,Patrick,Williams,P. Williams,patrick-williams,,,,23:12,23.2,4,8,0.5,2,5,0.4,0,0,0.0,0,2,2,1,1,0,0,1,10,14.0,0022400956,Patrick Williams,patrick williams,,,2025-03-13,1,0.4310344827586207,0.0,0.08620689655172414,0.04310344827586207,0.04310344827586207,5.0,7.0,8.0,6.0,2.0,3.0,3.0,6.0,5.0,0,0.0,0,0.00145,27.2,18745.69262577533,27.16056,0.04310344827586207,4.0,8.0,0.51522064
0022400956,1610612741,Chicago,Bulls,CHI,bulls,1628380,Zach,Collins,Z. Collins,zach-collins,,,,25:01,25.016666666666666,2,4,0.5,1,2,0.5,4,4,1.0,2,7,9,1,1,3,1,3,9,15.0,0022400956,Zach Collins,zach collins,,,2025-03-13,4,0.35976015989340443,0.07994670219853431,0.35976015989340443,0.039973351099267154,0.23984010659560295,6.0,3.0,1.0,6.0,2.0,1.0,2.0,5.0,4.0,0,0.0,0,0.00111,31.2,28082.80828082808,31.165367999999997,0.15989340439706862,1.0,1.0,0.62016374
0022400956,1610612741,Chicago,Bulls,CHI,bulls,1631207,Dalen,Terry,D. Terry,dalen-terry,,,,10:36,10.6,0,3,0.0,0,2,0.0,1,2,0.5,0,1,1,0,1,0,0,0,1,0.0,0022400956,Dalen Terry,dalen terry,,,2025-03-13,1,0.09433962264150944,0.0,0.09433962264150944,0.0,0.09433962264150944,9.0,7.0,9.0,9.0,2.0,3.0,6.0,9.0,1.0,0,0.0,0,0.00167,4.2,2513.4649910233393,4.192986,0.09433962264150944,4.0,4.0,0.00992362
0022400956,1610612741,Chicago,Bulls,CHI,bulls,1629659,Talen,Horton-Tucker,T. Horton-Tucker,talen-horton-tucker,,,,3:58,3.966666666666667,0,0,0.0,0,0,0.0,0,0,0.0,0,0,0,0,0,0,1,0,0,-3.0,0022400956,Talen Horton-Tucker,talen horton-tucker,,,2025-03-13,0,0.0,0.0,0.0,0.0,0.0,10.0,7.0,10.0,9.0,7.0,3.0,7.0,10.0,0.0,0,0.0,0,0.00125,-37.5,-29976.01918465228,-37.453125,0.0,7.0,9.0,0.0026677065
0022400970,1610612741,Chicago,Bulls,CHI,bulls,1628989,Kevin,Huerter,K. Huerter,kevin-huerter,F,,,33:34,33.56666666666667,4,11,0.364,1,6,0.167,0,0,0.0,0,1,1,4,1,0,2,4,9,-7.0,0022400970,Kevin Huerter,kevin huerter,,,2025-03-15,1,0.26812313803376364,0.0,0.029791459781529292,0.11916583912611717,0.029791459781529292,7.0,4.0,8.0,2.0,2.0,5.0,8.0,2.0,2.0,0,0.0,0,0.0017100000000000001,-4.9,-2863.8223261250732,-4.891621000000001,0.029791459781529292,5.0,7.0,0.124886855
0022400970,1610612741,Chicago,Bulls,CHI,bulls,1641824,Matas,Buzelis,M. Buzelis,matas-buzelis,F,,,18:41,18.683333333333334,4,10,0.4,2,5,0.4,0,0,0.0,0,3,3,1,1,2,2,1,10,-7.0,0022400970,Matas Buzelis,matas buzelis,,,2025-03-15,3,0.5352363960749331,0.0,0.16057091882247992,0.05352363960749331,0.16057091882247992,5.0,4.0,5.0,6.0,2.0,1.0,8.0,8.0,3.0,0,0.0,0,0.00255,-19.0,-7448.059584476675,-18.951549999999997,0.16057091882247992,1.0,2.0,0.55320877
0022400970,1610612741,Chicago,Bulls,CHI,bulls,202696,Nikola,Vučević,N. Vučević,nikola-vučević,C,,,29:19,29.316666666666666,6,10,0.6,3,4,0.75,0,0,0.0,1,6,7,3,0,0,0,4,15,-2.0,0022400970,Nikola Vučević,nikola vučević,,,2025-03-15,0,0.511654349061967,0.03411028993746447,0.23877202956225127,0.10233086981239341,0.03411028993746447,3.0,2.0,1.0,4.0,6.0,5.0,6.0,4.0,1.0,0,0.0,0,0.00147,2.4,1631.5431679129845,2.396472,0.0,7.0,6.0,0.78864896
0022400970,1610612741,Chicago,Bulls,CHI,bulls,1629632,Coby,White,C. White,coby-white,G,,,38:32,38.53333333333333,7,21,0.333,1,7,0.143,8,8,1.0,0,7,7,4,0,0,2,2,23,5.0,0022400970,Coby White,coby white,,,2025-03-15,0,0.596885813148789,0.0,0.18166089965397925,0.10380622837370243,0.0,1.0,4.0,1.0,2.0,6.0,5.0,3.0,1.0,1.0,0,0.0,0,0.00293,4.6,1569.4302285909246,4.5865219999999995,0.0,7.0,8.0,0.58735883
0022400970,1610612741,Chicago,Bulls,CHI,bulls,1630200,Tre,Jones,T. Jones,tre-jones,G,,,33:24,33.4,8,13,0.615,2,2,1.0,1,2,0.5,0,2,2,6,0,0,1,0,19,-17.0,0022400970,Tre Jones,tre jones,,,2025-03-15,0,0.5688622754491018,0.0,0.059880239520958084,0.17964071856287425,0.0,2.0,4.0,7.0,1.0,6.0,5.0,10.0,3.0,2.0,0,0.0,0,0.00181,-26.8,-14798.453892876865,-26.751492000000002,0.0,7.0,8.0,0.83885425
0022400970,1610612741,Chicago,Bulls,CHI,bulls,1641763,Julian,Phillips,J. Phillips,julian-phillips,,,,19:17,19.283333333333335,2,6,0.333,1,2,0.5,3,3,1.0,1,0,1,1,2,0,0,2,8,11.0,0022400970,Julian Phillips,julian phillips,,,2025-03-15,2,0.4148660328435609,0.05185825410544511,0.05185825410544511,0.05185825410544511,0.15557476231633532,8.0,2.0,8.0,6.0,1.0,5.0,1.0,6.0,0.0,0,0.0,0,0.00159,30.6,19233.18667504714,30.551346000000002,0.10371650821089022,2.0,3.0,0.16873239
0022400970,1610612741,Chicago,Bulls,CHI,bulls,1631207,Dalen,Terry,D. Terry,dalen-terry,,,,13:07,13.116666666666667,4,5,0.8,3,3,1.0,0,0,0.0,0,1,1,3,1,1,1,3,11,6.0,0022400970,Dalen Terry,dalen terry,,,2025-03-15,2,0.8386277001270648,0.0,0.07623888182973317,0.22871664548919948,0.15247776365946633,4.0,4.0,8.0,4.0,2.0,2.0,2.0,9.0,2.0,0,0.0,0,0.00214,25.9,12097.150864082203,25.844573999999998,0.15247776365946633,2.0,4.0,0.76876426
0022400970,1610612741,Chicago,Bulls,CHI,bulls,1628380,Zach,Collins,Z. Collins,zach-collins,,,,19:04,19.066666666666666,2,5,0.4,0,2,0.0,1,1,1.0,3,2,5,0,0,1,2,5,5,-1.0,0022400970,Zach Collins,zach collins,,,2025-03-15,1,0.26223776223776224,0.15734265734265734,0.26223776223776224,0.0,0.2097902097902098,9.0,1.0,4.0,10.0,6.0,2.0,5.0,7.0,2.0,0,0.0,0,0.00156,-0.1,-64.06149903907752,-0.099844,0.05244755244755245,5.0,1.0,0.08231532
0022400970,1610612741,Chicago,Bulls,CHI,bulls,1630172,Patrick,Williams,P. Williams,patrick-williams,,,,22:37,22.616666666666667,4,5,0.8,1,2,0.5,1,2,0.5,0,3,3,1,1,1,0,2,10,-6.0,0022400970,Patrick Williams,patrick williams,,,2025-03-15,2,0.4421518054532056,0.0,0.13264554163596168,0.04421518054532056,0.08843036109064112,5.0,4.0,5.0,6.0,2.0,2.0,7.0,5.0,1.0,0,0.0,0,0.00113,-7.5,-6631.299734748011,-7.491525,0.08843036109064112,2.0,5.0,0.36276034
0022400970,1610612741,Chicago,Bulls,CHI,bulls,1630188,Jalen,Smith,J. Smith,jalen-smith,,,,12:25,12.416666666666666,2,7,0.286,0,5,0.0,0,0,0.0,0,6,6,1,0,0,0,0,4,3.0,0022400970,Jalen Smith,jalen smith,,,2025-03-15,0,0.32214765100671144,0.0,0.48322147651006714,0.08053691275167786,0.0,10.0,4.0,3.0,6.0,6.0,5.0,4.0,10.0,0.0,0,0.0,0,0.00226,10.7,4732.419283502874,10.675818,0.0,7.0,8.0,0.036181614
0022400989,1610612741,Chicago,Bulls,CHI,bulls,1628989,Kevin,Huerter,K. Huerter,kevin-huerter,F,,,35:45,35.75,6,11,0.545,5,9,0.556,0,0,0.0,0,9,9,2,1,1,0,1,17,23.0,0022400989,Kevin Huerter,kevin huerter,,,2025-03-17,2,0.4755244755244755,0.0,0.2517482517482518,0.055944055944055944,0.055944055944055944,3.0,8.0,2.0,4.0,4.0,1.0,1.0,1.0,2.0,0,0.0,0,0.00133,29.9,22464.312546957175,29.860232999999997,0.055944055944055944,2.0,9.0,0.7318492
0022400989,1610612741,Chicago,Bulls,CHI,bulls,1641824,Matas,Buzelis,M. Buzelis,matas-buzelis,F,,,29:46,29.766666666666666,7,13,0.538,3,7,0.429,0,0,0.0,1,8,9,2,0,1,1,1,17,20.0,0022400989,Matas Buzelis,matas buzelis,,,2025-03-17,1,0.5711086226203808,0.0335946248600224,0.3023516237402016,0.0671892497200448,0.0671892497200448,3.0,3.0,2.0,4.0,9.0,1.0,2.0,5.0,2.0,0,0.0,0,0.00203,30.0,14771.048744460855,29.9391,0.0335946248600224,6.0,8.0,0.88135153
0022400989,1610612741,Chicago,Bulls,CHI,bulls,202696,Nikola,Vučević,N. Vučević,nikola-vučević,C,,,30:50,30.833333333333332,3,15,0.2,2,6,0.333,2,2,1.0,1,9,10,4,1,1,1,2,10,17.0,0022400989,Nikola Vučević,nikola vučević,,,2025-03-17,2,0.32432432432432434,0.032432432432432434,0.32432432432432434,0.12972972972972974,0.0972972972972973,6.0,3.0,1.0,2.0,4.0,1.0,3.0,4.0,3.0,0,0.0,0,0.00233,23.8,10210.210210210209,23.744546,0.06486486486486487,2.0,7.0,0.1508476
0022400989,1610612741,Chicago,Bulls,CHI,bulls,1629632,Coby,White,C. White,coby-white,G,,,35:23,35.38333333333333,9,19,0.474,2,10,0.2,6,7,0.857,0,3,3,4,0,0,2,0,26,16.0,0022400989,Coby White,coby white,,,2025-03-17,0,0.7348092322185587,0.0,0.08478568064060292,0.11304757418747056,0.0,1.0,8.0,6.0,2.0,9.0,4.0,4.0,2.0,0.0,0,0.0,0,0.0027600000000000003,18.0,6519.377037305323,17.95032,0.0,10.0,10.0,0.5314764
0022400989,1610612741,Chicago,Bulls,CHI,bulls,1630200,Tre,Jones,T. Jones,tre-jones,G,,,33:32,33.53333333333333,8,10,0.8,1,2,0.5,1,1,1.0,1,3,4,12,3,0,1,1,18,6.0,0022400989,Tre Jones,tre jones,,,2025-03-17,3,0.5367793240556661,0.029821073558648114,0.11928429423459246,0.35785288270377735,0.11928429423459246,2.0,3.0,5.0,1.0,1.0,4.0,5.0,3.0,4.0,0,0.0,0,0.0013900000000000002,5.6,4025.8806613946795,5.592216,0.08946322067594434,1.0,6.0,0.8724782
0022400989,1610612741,Chicago,Bulls,CHI,bulls,1641763,Julian,Phillips,J. Phillips,julian-phillips,,,,16:02,16.033333333333335,2,3,0.667,1,2,0.5,0,0,0.0,1,0,1,1,2,0,0,2,5,2.0,0022400989,Julian Phillips,julian phillips,,,2025-03-17,2,0.3118503118503118,0.06237006237006237,0.06237006237006237,0.06237006237006237,0.1871101871101871,7.0,3.0,9.0,7.0,2.0,4.0,6.0,8.0,2.0,0,0.0,0,0.00067,8.0,11922.503725782413,7.99464,0.12474012474012473,2.0,2.0,0.06492977
0022400989,1610612741,Chicago,Bulls,CHI,bulls,1630172,Patrick,Williams,P. Williams,patrick-williams,,,,20:12,20.2,2,10,0.2,0,3,0.0,1,2,0.5,2,4,6,2,1,0,2,3,5,1.0,0022400989,Patrick Williams,patrick williams,,,2025-03-17,1,0.24752475247524752,0.09900990099009901,0.297029702970297,0.09900990099009901,0.1485148514851485,7.0,1.0,4.0,4.0,4.0,4.0,7.0,6.0,2.0,0,0.0,0,0.0023599999999999997,0.0,0.0,0.0,0.04950495049504951,6.0,5.0,0.04767212
0022400989,1610612741,Chicago,Bulls,CHI,bulls,1628380,Zach,Collins,Z. Collins,zach-collins,,,,17:10,17.166666666666668,0,6,0.0,0,3,0.0,0,0,0.0,2,1,3,1,1,0,2,2,0,-3.0,0022400989,Zach Collins,zach collins,,,2025-03-17,1,0.0,0.11650485436893203,0.17475728155339804,0.058252427184466014,0.17475728155339804,10.0,1.0,6.0,7.0,4.0,4.0,8.0,7.0,0.0,0,0.0,0,0.0017000000000000001,-10.2,-5996.47266313933,-10.182659999999998,0.058252427184466014,6.0,3.0,0.01098644
0022400989,1610612741,Chicago,Bulls,CHI,bulls,1631207,Dalen,Terry,D. Terry,dalen-terry,,,,15:06,15.1,5,7,0.714,0,2,0.0,2,2,1.0,1,2,3,1,2,0,0,1,12,-7.0,0022400989,Dalen Terry,dalen terry,,,2025-03-17,2,0.794701986754967,0.06622516556291391,0.19867549668874174,0.06622516556291391,0.19867549668874174,5.0,3.0,6.0,7.0,2.0,4.0,10.0,9.0,2.0,0,0.0,0,0.0019,-22.5,-11835.875854813257,-22.45725,0.13245033112582782,2.0,1.0,0.7854201
0022400989,1610612741,Chicago,Bulls,CHI,bulls,1629659,Talen,Horton-Tucker,T. Horton-Tucker,talen-horton-tucker,,,,6:14,6.233333333333333,0,3,0.0,0,1,0.0,1,2,0.5,0,1,1,0,1,0,0,1,1,-5.0,0022400989,Talen Horton-Tucker,talen horton-tucker,,,2025-03-17,1,0.16042780748663102,0.0,0.16042780748663102,0.0,0.16042780748663102,9.0,8.0,9.0,10.0,4.0,4.0,9.0,10.0,3.0,0,0.0,0,0.0025,-35.7,-14274.290283886445,-35.61075,0.16042780748663102,6.0,4.0,0.0059470646
0022401007,1610612741,Chicago,Bulls,CHI,bulls,1628989,Kevin,Huerter,K. Huerter,kevin-huerter,F,,,31:50,31.833333333333332,6,11,0.545,3,8,0.375,0,0,0.0,0,2,2,4,0,1,1,4,15,1.0,0022401007,Kevin Huerter,kevin huerter,,,2025-03-19,1,0.4712041884816754,0.0,0.06282722513089005,0.1256544502617801,0.031413612565445025,4.0,5.0,6.0,4.0,6.0,2.0,3.0,3.0,1.0,0,0.0,0,0.00167,1.5,897.6660682226212,1.497495,0.031413612565445025,5.0,9.0,0.6365562
0022401007,1610612741,Chicago,Bulls,CHI,bulls,1641824,Matas,Buzelis,M. Buzelis,matas-buzelis,F,,,24:56,24.933333333333334,1,6,0.167,0,3,0.0,3,3,1.0,0,0,0,1,1,0,1,1,5,-6.0,0022401007,Matas Buzelis,matas buzelis,,,2025-03-19,1,0.20053475935828877,0.0,0.0,0.040106951871657755,0.040106951871657755,8.0,5.0,10.0,6.0,3.0,7.0,7.0,6.0,3.0,0,0.0,0,0.00154,-6.7,-4347.826086956522,-6.689682,0.040106951871657755,5.0,8.0,0.0112835085
0022401007,1610612741,Chicago,Bulls,CHI,bulls,202696,Nikola,Vučević,N. Vučević,nikola-vučević,C,,,29:41,29.683333333333334,10,17,0.588,4,8,0.5,0,2,0.0,2,4,6,2,0,3,1,2,24,-4.0,0022401007,Nikola Vučević,nikola vučević,,,2025-03-19,3,0.8085345311622684,0.06737787759685569,0.2021336327905671,0.06737787759685569,0.16844469399213924,1.0,2.0,3.0,5.0,6.0,1.0,6.0,5.0,4.0,0,0.0,0,0.0028799999999999997,-6.5,-2256.1610551891704,-6.48128,0.10106681639528355,1.0,3.0,0.90357924
0022401007,1610612741,Chicago,Bulls,CHI,bulls,1629632,Coby,White,C. White,coby-white,G,,,35:19,35.31666666666667,9,18,0.5,3,9,0.333,3,4,0.75,0,6,6,5,0,0,2,3,24,-9.0,0022401007,Coby White,coby white,,,2025-03-19,0,0.679565832940066,0.0,0.1698914582350165,0.1415762151958471,0.0,1.0,5.0,3.0,3.0,6.0,7.0,10.0,1.0,0.0,0,0.0,0,0.00263,-10.4,-3952.8696313188902,-10.372648,0.0,10.0,10.0,0.77995384
0022401007,1610612741,Chicago,Bulls,CHI,bulls,1630200,Tre,Jones,T. Jones,tre-jones,G,,,31:51,31.85,5,7,0.714,0,0,0.0,2,2,1.0,1,5,6,9,0,1,1,3,12,-6.0,0022401007,Tre Jones,tre jones,,,2025-03-19,1,0.3767660910518053,0.03139717425431711,0.18838304552590265,0.28257456828885397,0.06279434850863422,5.0,3.0,3.0,1.0,6.0,2.0,7.0,2.0,0.0,0,0.0,0,0.00127,-7.0,-5507.474429583006,-6.99111,0.03139717425431711,5.0,7.0,0.5242375
0022401007,1610612741,Chicago,Bulls,CHI,bulls,1630581,Josh,Giddey,J. Giddey,josh-giddey,,,,30:39,30.65,10,15,0.667,2,4,0.5,0,0,0.0,1,6,7,7,2,1,1,0,22,2.0,0022401007,Josh Giddey,josh giddey,,,2025-03-19,3,0.7177814029363785,0.032626427406199025,0.22838499184339317,0.22838499184339317,0.1305057096247961,3.0,3.0,1.0,2.0,1.0,2.0,1.0,4.0,2.0,0,0.0,0,0.00219,8.7,3970.789593792788,8.680947,0.09787928221859707,1.0,4.0,0.8928219
0022401007,1610612741,Chicago,Bulls,CHI,bulls,1641763,Julian,Phillips,J. Phillips,julian-phillips,,,,14:42,14.7,2,4,0.5,2,3,0.667,0,0,0.0,0,2,2,0,1,0,0,2,6,-6.0,0022401007,Julian Phillips,julian phillips,,,2025-03-19,1,0.40816326530612246,0.0,0.1360544217687075,0.0,0.06802721088435375,7.0,5.0,6.0,8.0,3.0,7.0,7.0,9.0,2.0,0,0.0,0,0.00114,-12.3,-10780.017528483788,-12.285978,0.06802721088435375,5.0,6.0,0.088396385
0022401007,1610612741,Chicago,Bulls,CHI,bulls,1630172,Patrick,Williams,P. Williams,patrick-williams,,,,17:54,17.9,2,5,0.4,1,3,0.333,0,1,0.0,0,2,2,0,1,1,2,2,5,-2.0,0022401007,Patrick Williams,patrick williams,,,2025-03-19,2,0.2793296089385475,0.0,0.111731843575419,0.0,0.111731843575419,8.0,5.0,6.0,8.0,3.0,2.0,4.0,8.0,1.0,0,0.0,0,0.0016300000000000002,-2.0,-1226.2415695892091,-1.99674,0.111731843575419,3.0,5.0,0.040518384
0022401007,1610612741,Chicago,Bulls,CHI,bulls,1628380,Zach,Collins,Z. Collins,zach-collins,,,,18:19,18.316666666666666,4,6,0.667,0,0,0.0,0,0,0.0,4,3,7,1,0,1,2,1,8,-2.0,0022401007,Zach Collins,zach collins,,,2025-03-19,1,0.4367606915377616,0.2183803457688808,0.3821656050955414,0.0545950864422202,0.272975432211101,6.0,1.0,1.0,6.0,6.0,2.0,4.0,7.0,0.0,0,0.0,0,0.0018599999999999999,0.1,53.734551316496514,0.09981400000000001,0.0545950864422202,5.0,2.0,0.49281168
0022401007,1610612741,Chicago,Bulls,CHI,bulls,1631207,Dalen,Terry,D. Terry,dalen-terry,,,,4:49,4.816666666666666,0,1,0.0,0,0,0.0,0,0,0.0,0,2,2,0,2,0,2,1,0,2.0,0022401007,Dalen Terry,dalen terry,,,2025-03-19,2,0.0,0.0,0.4152249134948097,0.0,0.4152249134948097,10.0,5.0,6.0,8.0,1.0,7.0,1.0,10.0,1.0,0,0.0,0,0.0027300000000000002,18.2,6664.225558403514,18.150313999999998,0.4152249134948097,3.0,1.0,0.0109858345
0022401013,1610612741,Chicago,Bulls,CHI,bulls,1628989,Kevin,Huerter,K. Huerter,kevin-huerter,F,,,37:21,37.35,10,16,0.625,5,9,0.556,0,0,0.0,1,4,5,7,4,1,1,2,25,16.0,0022401013,Kevin Huerter,kevin huerter,,,2025-03-20,5,0.6693440428380187,0.02677376171352075,0.13386880856760375,0.18741633199464525,0.1606425702811245,2.0,2.0,3.0,2.0,1.0,1.0,3.0,2.0,5.0,0,0.0,0,0.0019500000000000001,22.7,11635.058944131215,22.655735,0.13386880856760375,1.0,2.0,0.85945225
0022401013,1610612741,Chicago,Bulls,CHI,bulls,1641824,Matas,Buzelis,M. Buzelis,matas-buzelis,F,,,14:56,14.933333333333334,2,5,0.4,1,4,0.25,0,0,0.0,0,1,1,0,0,1,1,1,5,-10.0,0022401013,Matas Buzelis,matas buzelis,,,2025-03-20,1,0.33482142857142855,0.0,0.06696428571428571,0.0,0.06696428571428571,8.0,8.0,7.0,7.0,6.0,1.0,9.0,8.0,0.0,0,0.0,0,0.00167,-35.6,-21304.60801915021,-35.540548,0.06696428571428571,3.0,7.0,0.019331526
0022401013,1610612741,Chicago,Bulls,CHI,bulls,202696,Nikola,Vučević,N. Vučević,nikola-vučević,C,,,32:17,32.28333333333333,9,14,0.643,4,5,0.8,2,2,1.0,6,8,14,8,0,0,0,0,24,18.0,0022401013,Nikola Vučević,nikola vučević,,,2025-03-20,0,0.7434176561693341,0.18585441404233352,0.43366029943211154,0.24780588538977802,0.18585441404233352,3.0,1.0,1.0,1.0,6.0,3.0,1.0,4.0,3.0,0,0.0,0,0.002,29.3,14642.678660669664,29.241400000000002,0.0,7.0,1.0,0.9633159
0022401013,1610612741,Chicago,Bulls,CHI,bulls,1629632,Coby,White,C. White,coby-white,G,,,38:13,38.21666666666667,10,18,0.556,2,5,0.4,13,14,0.929,1,0,1,5,0,0,2,4,35,10.0,0022401013,Coby White,coby white,,,2025-03-20,0,0.9158307893589184,0.026166593981683382,0.026166593981683382,0.13083296990841692,0.026166593981683382,1.0,2.0,7.0,4.0,6.0,3.0,4.0,1.0,1.0,0,0.0,0,0.00298,17.6,5904.059040590406,17.547552000000003,0.0,7.0,9.0,0.84820825
0022401013,1610612741,Chicago,Bulls,CHI,bulls,1630200,Tre,Jones,T. Jones,tre-jones,G,,,33:26,33.43333333333333,6,10,0.6,1,2,0.5,2,2,1.0,1,3,4,7,2,0,3,3,15,8.0,0022401013,Tre Jones,tre jones,,,2025-03-20,2,0.448654037886341,0.029910269192422734,0.11964107676969093,0.20937188434695914,0.0897308075772682,4.0,2.0,5.0,2.0,2.0,3.0,5.0,3.0,1.0,0,0.0,0,0.0017299999999999998,11.1,6412.478336221838,11.080796999999999,0.05982053838484547,2.0,5.0,0.6847247
0022401013,1610612741,Chicago,Bulls,CHI,bulls,1631207,Dalen,Terry,D. Terry,dalen-terry,,,,20:06,20.1,2,6,0.333,2,3,0.667,3,4,0.75,1,4,5,2,1,0,2,3,9,6.0,0022401013,Dalen Terry,dalen terry,,,2025-03-20,1,0.4477611940298507,0.04975124378109452,0.24875621890547261,0.09950248756218905,0.09950248756218905,5.0,2.0,3.0,6.0,3.0,3.0,6.0,7.0,3.0,0,0.0,0,0.00208,17.0,8169.149447381067,16.96464,0.04975124378109452,3.0,4.0,0.15520744
0022401013,1610612741,Chicago,Bulls,CHI,bulls,1641763,Julian,Phillips,J. Phillips,julian-phillips,,,,27:22,27.366666666666667,1,8,0.125,0,5,0.0,0,0,0.0,1,5,6,0,1,0,0,2,2,18.0,0022401013,Julian Phillips,julian phillips,,,2025-03-20,1,0.0730816077953715,0.03654080389768575,0.21924482338611448,0.0,0.0730816077953715,9.0,2.0,2.0,7.0,3.0,3.0,1.0,6.0,2.0,0,0.0,0,0.00123,32.7,26563.76929325752,32.65977900000001,0.03654080389768575,3.0,6.0,0.070497796
0022401013,1610612741,Chicago,Bulls,CHI,bulls,1630172,Patrick,Williams,P. Williams,patrick-williams,,,,28:39,28.65,2,5,0.4,0,1,0.0,3,4,0.75,0,1,1,3,1,0,1,2,7,2.0,0022401013,Patrick Williams,patrick williams,,,2025-03-20,1,0.2443280977312391,0.0,0.034904013961605584,0.10471204188481675,0.034904013961605584,6.0,8.0,7.0,5.0,3.0,3.0,7.0,5.0,1.0,0,0.0,0,0.00123,3.5,2843.216896831844,3.495695,0.034904013961605584,3.0,8.0,0.03438074
0022401013,1610612741,Chicago,Bulls,CHI,bulls,1628380,Zach,Collins,Z. Collins,zach-collins,,,,7:40,7.666666666666667,3,4,0.75,0,1,0.0,0,0,0.0,1,2,3,0,0,0,2,2,6,-8.0,0022401013,Zach Collins,zach collins,,,2025-03-20,0,0.7826086956521738,0.13043478260869565,0.3913043478260869,0.0,0.13043478260869565,7.0,2.0,6.0,7.0,6.0,3.0,8.0,9.0,0.0,0,0.0,0,0.003,-58.8,-19593.468843718758,-58.623599999999996,0.0,7.0,3.0,0.09052086
0022401028,1610612741,Chicago,Bulls,CHI,bulls,1628989,Kevin,Huerter,K. Huerter,kevin-huerter,F,,,33:33,33.55,6,12,0.5,0,4,0.0,2,2,1.0,1,2,3,2,1,1,0,2,14,16.0,0022401028,Kevin Huerter,kevin huerter,,,2025-03-22,2,0.41728763040238454,0.02980625931445604,0.08941877794336811,0.05961251862891208,0.08941877794336811,4.0,3.0,4.0,6.0,5.0,1.0,5.0,2.0,2.0,0,0.0,0,0.00157,23.9,15213.23997453851,23.862477,0.05961251862891208,3.0,6.0,0.63150954
0022401028,1610612741,Chicago,Bulls,CHI,bulls,1641824,Matas,Buzelis,M. Buzelis,matas-buzelis,F,,,29:51,29.85,12,18,0.667,5,10,0.5,2,2,1.0,1,1,2,1,1,0,2,5,31,26.0,0022401028,Matas Buzelis,matas buzelis,,,2025-03-22,1,1.0385259631490786,0.03350083752093802,0.06700167504187604,0.03350083752093802,0.06700167504187604,2.0,3.0,8.0,9.0,5.0,6.0,2.0,4.0,2.0,0,0.0,0,0.0028799999999999997,39.4,13675.807011454357,39.286528,0.03350083752093802,7.0,8.0,0.7124551
0022401028,1610612741,Chicago,Bulls,CHI,bulls,202696,Nikola,Vučević,N. Vučević,nikola-vučević,C,,,26:21,26.35,5,10,0.5,2,3,0.667,0,0,0.0,3,9,12,5,2,1,1,0,12,19.0,0022401028,Nikola Vučević,nikola vučević,,,2025-03-22,3,0.45540796963946867,0.11385199240986717,0.45540796963946867,0.18975332068311193,0.22770398481973433,7.0,1.0,1.0,2.0,2.0,1.0,4.0,5.0,5.0,0,0.0,0,0.00167,31.1,18611.609814482348,31.048063000000003,0.11385199240986717,2.0,3.0,0.8358121
0022401028,1610612741,Chicago,Bulls,CHI,bulls,1629632,Coby,White,C. White,coby-white,G,,,34:19,34.31666666666667,12,17,0.706,6,9,0.667,6,8,0.75,0,3,3,2,2,0,3,1,36,28.0,0022401028,Coby White,coby white,,,2025-03-22,2,1.0490529383195726,0.0,0.08742107819329771,0.05828071879553181,0.05828071879553181,1.0,7.0,4.0,6.0,2.0,6.0,1.0,1.0,3.0,0,0.0,0,0.00271,40.1,14791.589819254887,39.991329,0.05828071879553181,3.0,9.0,0.6212134
0022401028,1610612741,Chicago,Bulls,CHI,bulls,1630581,Josh,Giddey,J. Giddey,josh-giddey,G,,,33:11,33.18333333333333,5,11,0.455,1,2,0.5,4,6,0.667,3,7,10,17,8,0,2,3,15,22.0,0022401028,Josh Giddey,josh giddey,,,2025-03-22,8,0.4520341536916123,0.09040683073832247,0.30135610246107486,0.5123053741838273,0.33149171270718236,3.0,1.0,2.0,1.0,1.0,6.0,3.0,3.0,6.0,0,0.0,0,0.0019500000000000001,30.1,15427.985648385444,30.041305,0.24108488196885988,1.0,1.0,0.9049639
0022401028,1610612741,Chicago,Bulls,CHI,bulls,1631207,Dalen,Terry,D. Terry,dalen-terry,,,,24:29,24.483333333333334,6,12,0.5,1,4,0.25,0,0,0.0,1,3,4,4,2,0,0,2,13,8.0,0022401028,Dalen Terry,dalen terry,,,2025-03-22,2,0.5309734513274336,0.04084411164057181,0.16337644656228725,0.16337644656228725,0.12253233492171545,6.0,3.0,3.0,3.0,2.0,6.0,8.0,6.0,1.0,0,0.0,0,0.00197,14.3,7255.200405885337,14.271829,0.08168822328114363,3.0,4.0,0.54016054
0022401028,1610612741,Chicago,Bulls,CHI,bulls,1630172,Patrick,Williams,P. Williams,patrick-williams,,,,22:32,22.533333333333335,5,8,0.625,4,7,0.571,0,0,0.0,1,2,3,3,0,1,0,2,14,16.0,0022401028,Patrick Williams,patrick williams,,,2025-03-22,1,0.621301775147929,0.04437869822485207,0.1331360946745562,0.1331360946745562,0.08875739644970414,4.0,3.0,4.0,5.0,8.0,1.0,5.0,7.0,0.0,0,0.0,0,0.00136,27.8,20426.157237325497,27.762192,0.04437869822485207,7.0,7.0,0.7979143
0022401028,1610612741,Chicago,Bulls,CHI,bulls,1628380,Zach,Collins,Z. Collins,zach-collins,,,,17:57,17.95,4,4,1.0,0,0,0.0,1,2,0.5,0,3,3,4,1,1,1,1,9,10.0,0022401028,Zach Collins,zach collins,,,2025-03-22,2,0.5013927576601671,0.0,0.1671309192200557,0.22284122562674097,0.11142061281337048,8.0,7.0,4.0,3.0,5.0,1.0,7.0,8.0,2.0,0,0.0,0,0.00133,25.9,19459.053343350864,25.865553,0.11142061281337048,3.0,5.0,0.26936862
0022401028,1610612741,Chicago,Bulls,CHI,bulls,1641763,Julian,Phillips,J. Phillips,julian-phillips,,,,7:21,7.35,0,1,0.0,0,1,0.0,0,0,0.0,0,0,0,1,0,0,1,0,0,0.0,0022401028,Julian Phillips,julian phillips,,,2025-03-22,0,0.0,0.0,0.0,0.1360544217687075,0.0,10.0,7.0,11.0,9.0,8.0,6.0,12.0,9.0,0.0,0,0.0,0,0.00105,-11.8,-11227.402473834445,-11.78761,0.0,10.0,10.0,0.0036209612
0022401028,1610612741,Chicago,Bulls,CHI,bulls,1630188,Jalen,Smith,J. Smith,jalen-smith,,,,3:42,3.7,0,1,0.0,0,1,0.0,0,0,0.0,0,1,1,2,0,0,0,0,0,2.0,0022401028,Jalen Smith,jalen smith,,,2025-03-22,0,0.0,0.0,0.27027027027027023,0.5405405405405405,0.0,10.0,7.0,9.0,6.0,8.0,6.0,11.0,10.0,0.0,0,0.0,0,0.00125,25.0,19984.012789768185,24.96875,0.0,10.0,10.0,0.0030877392
0022401028,1610612741,Chicago,Bulls,CHI,bulls,1628975,Jevon,Carter,J. Carter,jevon-carter,,,,3:32,3.533333333333333,1,1,1.0,0,0,0.0,0,0,0.0,0,1,1,0,0,1,0,0,2,4.0,0022401028,Jevon Carter,jevon carter,,,2025-03-22,1,0.5660377358490566,0.0,0.2830188679245283,0.0,0.2830188679245283,9.0,7.0,9.0,11.0,8.0,1.0,9.0,11.0,0.0,0,0.0,0,0.00125,41.1,32853.7170263789,41.048625,0.2830188679245283,7.0,2.0,0.017717218
0022401028,1610612741,Chicago,Bulls,CHI,bulls,1629659,Talen,Horton-Tucker,T. Horton-Tucker,talen-horton-tucker,,,,3:12,3.2,0,1,0.0,0,0,0.0,0,0,0.0,0,0,0,0,0,0,0,0,0,4.0,0022401028,Talen Horton-Tucker,talen horton-tucker,,,2025-03-22,0,0.0,0.0,0.0,0.0,0.0,10.0,7.0,11.0,11.0,8.0,6.0,9.0,12.0,,1,,1,0.0014299999999999998,45.2,31586.3032844165,45.135364,0.0,10.0,10.0,0.0029967953
0022401042,1610612741,Chicago,Bulls,CHI,bulls,1628989,Kevin,Huerter,K. Huerter,kevin-huerter,F,,,36:07,36.11666666666667,4,11,0.364,1,7,0.143,0,0,0.0,0,1,1,6,2,0,1,0,9,8.0,0022401042,Kevin Huerter,kevin huerter,,,2025-03-24,2,0.24919243193354867,0.0,0.02768804799261652,0.16612828795569912,0.05537609598523304,7.0,9.0,10.0,2.0,1.0,5.0,5.0,2.0,2.0,0,0.0,0,0.0014299999999999998,10.7,7477.288609364082,10.684698999999998,0.05537609598523304,3.0,9.0,0.29467845
0022401042,1610612741,Chicago,Bulls,CHI,bulls,1641824,Matas,Buzelis,M. Buzelis,matas-buzelis,F,,,23:57,23.95,3,7,0.429,2,3,0.667,2,2,1.0,1,3,4,2,1,2,0,0,10,-8.0,0022401042,Matas Buzelis,matas buzelis,,,2025-03-24,3,0.4175365344467641,0.04175365344467641,0.16701461377870563,0.08350730688935282,0.16701461377870563,6.0,4.0,4.0,5.0,4.0,1.0,10.0,6.0,1.0,0,0.0,0,0.00148,-18.3,-12356.51586765699,-18.272916,0.12526096033402923,1.0,4.0,0.15281425
0022401042,1610612741,Chicago,Bulls,CHI,bulls,202696,Nikola,Vučević,N. Vučević,nikola-vučević,C,,,29:06,29.1,5,12,0.417,1,4,0.25,2,2,1.0,1,7,8,2,2,0,1,3,13,-6.0,0022401042,Nikola Vučević,nikola vučević,,,2025-03-24,2,0.4467353951890034,0.034364261168384876,0.274914089347079,0.06872852233676975,0.10309278350515463,5.0,4.0,2.0,5.0,1.0,5.0,9.0,5.0,2.0,0,0.0,0,0.00212,-11.6,-5469.118340405469,-11.575408,0.06872852233676975,3.0,5.0,0.36946237
0022401042,1610612741,Chicago,Bulls,CHI,bulls,1629632,Coby,White,C. White,coby-white,G,,,39:33,39.55,11,22,0.5,5,10,0.5,10,11,0.909,1,2,3,4,2,1,1,1,37,16.0,0022401042,Coby White,coby white,,,2025-03-24,3,0.9355246523388117,0.025284450063211127,0.07585335018963338,0.10113780025284451,0.10113780025284451,1.0,4.0,6.0,3.0,1.0,2.0,2.0,1.0,2.0,0,0.0,0,0.0028299999999999996,16.1,5687.036382903569,16.054437,0.07585335018963338,1.0,6.0,0.8868467
0022401042,1610612741,Chicago,Bulls,CHI,bulls,1630581,Josh,Giddey,J. Giddey,josh-giddey,G,,,35:32,35.53333333333333,8,11,0.727,2,3,0.667,8,10,0.8,1,6,7,9,0,1,3,4,26,10.0,0022401042,Josh Giddey,josh giddey,,,2025-03-24,1,0.7317073170731707,0.028142589118198877,0.19699812382739212,0.2532833020637899,0.056285178236397754,2.0,4.0,3.0,1.0,6.0,2.0,3.0,3.0,3.0,0,0.0,0,0.00226,11.6,5130.47324192835,11.573784,0.028142589118198877,6.0,8.0,0.8639775
0022401042,1610612741,Chicago,Bulls,CHI,bulls,1631207,Dalen,Terry,D. Terry,dalen-terry,,,,29:13,29.216666666666665,5,10,0.5,4,4,1.0,0,0,0.0,2,1,3,2,0,0,2,4,14,8.0,0022401042,Dalen Terry,dalen terry,,,2025-03-24,0,0.47917855105533375,0.06845407872219053,0.1026811180832858,0.06845407872219053,0.06845407872219053,3.0,2.0,6.0,5.0,6.0,5.0,5.0,4.0,0.0,0,0.0,0,0.0016200000000000001,11.1,6847.624922887107,11.082018,0.0,7.0,7.0,0.5494151
0022401042,1610612741,Chicago,Bulls,CHI,bulls,1630172,Patrick,Williams,P. Williams,patrick-williams,,,,18:20,18.333333333333332,3,9,0.333,0,5,0.0,0,0,0.0,2,2,4,2,1,1,2,2,6,-4.0,0022401042,Patrick Williams,patrick williams,,,2025-03-24,2,0.32727272727272727,0.1090909090909091,0.2181818181818182,0.1090909090909091,0.2181818181818182,8.0,2.0,4.0,5.0,4.0,2.0,8.0,7.0,2.0,0,0.0,0,0.0025,-1.1,-439.82407037185123,-1.09725,0.1090909090909091,3.0,2.0,0.091070965
0022401042,1610612741,Chicago,Bulls,CHI,bulls,1628380,Zach,Collins,Z. Collins,zach-collins,,,,3:36,3.6,0,1,0.0,0,0,0.0,0,0,0.0,1,1,2,1,0,0,0,0,0,-1.0,0022401042,Zach Collins,zach collins,,,2025-03-24,0,0.0,0.2777777777777778,0.5555555555555556,0.2777777777777778,0.2777777777777778,9.0,4.0,8.0,9.0,6.0,5.0,7.0,10.0,0.0,0,0.0,0,0.00091,-12.5,-13721.1855104281,-12.488625,0.0,7.0,1.0,0.006789015
0022401042,1610612741,Chicago,Bulls,CHI,bulls,1641763,Julian,Phillips,J. Phillips,julian-phillips,,,,9:18,9.3,0,0,0.0,0,0,0.0,0,0,0.0,0,2,2,0,0,0,0,1,0,10.0,0022401042,Julian Phillips,julian phillips,,,2025-03-24,0,0.0,0.0,0.2150537634408602,0.0,0.0,9.0,9.0,8.0,10.0,6.0,5.0,3.0,9.0,1.0,0,0.0,0,0.0,50.0,50000000.0,50.0,0.0,7.0,10.0,0.008695948
0022401042,1610612741,Chicago,Bulls,CHI,bulls,1630188,Jalen,Smith,J. Smith,jalen-smith,,,,15:18,15.3,6,8,0.75,2,3,0.667,0,1,0.0,3,6,9,3,0,0,0,2,14,17.0,0022401042,Jalen Smith,jalen smith,,,2025-03-24,0,0.9150326797385621,0.19607843137254902,0.5882352941176471,0.19607843137254902,0.19607843137254902,3.0,1.0,1.0,4.0,6.0,5.0,1.0,8.0,0.0,0,0.0,0,0.002,48.3,24137.931034482754,48.203399999999995,0.0,7.0,3.0,0.944302
0022401063,1610612741,Chicago,Bulls,CHI,bulls,1628989,Kevin,Huerter,K. Huerter,kevin-huerter,F,,,39:36,39.6,8,17,0.471,5,10,0.5,0,0,0.0,0,6,6,5,1,0,2,0,21,12.0,0022401063,Kevin Huerter,kevin huerter,,,2025-03-27,1,0.5303030303030303,0.0,0.15151515151515152,0.12626262626262627,0.025252525252525252,3.0,6.0,4.0,3.0,2.0,2.0,1.0,2.0,2.0,0,0.0,0,0.00196,14.0,7139.214686384497,13.972560000000001,0.025252525252525252,3.0,7.0,0.84068584
0022401063,1610612741,Chicago,Bulls,CHI,bulls,1641824,Matas,Buzelis,M. Buzelis,matas-buzelis,F,,,24:53,24.883333333333333,3,10,0.3,2,5,0.4,4,5,0.8,2,5,7,1,0,0,1,1,12,3.0,0022401063,Matas Buzelis,matas buzelis,,,2025-03-27,0,0.4822505023442733,0.08037508372404555,0.2813127930341594,0.04018754186202277,0.08037508372404555,5.0,3.0,3.0,6.0,4.0,2.0,4.0,6.0,0.0,0,0.0,0,0.0020599999999999998,2.1,1018.9228529839885,2.0956740000000003,0.0,5.0,4.0,0.22061223
0022401063,1610612741,Chicago,Bulls,CHI,bulls,202696,Nikola,Vučević,N. Vučević,nikola-vučević,C,,,32:17,32.28333333333333,6,10,0.6,1,3,0.333,1,2,0.5,3,5,8,2,0,2,1,2,14,11.0,0022401063,Nikola Vučević,nikola vučević,,,2025-03-27,2,0.43366029943211154,0.09292720702116676,0.24780588538977802,0.061951471347444505,0.15487867836861127,4.0,1.0,2.0,5.0,4.0,1.0,2.0,4.0,0.0,0,0.0,0,0.00148,13.7,9250.506414584741,13.679723999999998,0.061951471347444505,1.0,1.0,0.825545
0022401063,1610612741,Chicago,Bulls,CHI,bulls,1629632,Coby,White,C. White,coby-white,G,,,38:17,38.28333333333333,9,20,0.45,5,10,0.5,3,4,0.75,1,2,3,9,0,0,2,2,26,-1.0,0022401063,Coby White,coby white,,,2025-03-27,0,0.6791467131040488,0.0261210274270788,0.0783630822812364,0.2350892468437092,0.0261210274270788,1.0,5.0,6.0,2.0,4.0,2.0,5.0,3.0,0.0,0,0.0,0,0.00247,-1.2,-485.6333468231485,-1.197036,0.0,5.0,6.0,0.7689093
0022401063,1610612741,Chicago,Bulls,CHI,bulls,1630581,Josh,Giddey,J. Giddey,josh-giddey,G,,,39:51,39.85,8,19,0.421,4,9,0.444,5,9,0.556,3,11,14,11,2,0,7,3,25,8.0,0022401063,Josh Giddey,josh giddey,,,2025-03-27,2,0.6273525721455457,0.07528230865746549,0.35131744040150564,0.27603513174404015,0.12547051442910914,2.0,1.0,1.0,1.0,1.0,2.0,3.0,1.0,3.0,0,0.0,0,0.00309,7.8,2523.4551924943385,7.775898,0.050188205771643665,1.0,3.0,0.8094879
0022401063,1610612741,Chicago,Bulls,CHI,bulls,1630172,Patrick,Williams,P. Williams,patrick-williams,,,,29:28,29.466666666666665,4,8,0.5,2,4,0.5,1,2,0.5,0,5,5,4,1,0,0,2,11,-6.0,0022401063,Patrick Williams,patrick williams,,,2025-03-27,1,0.3733031674208145,0.0,0.16968325791855204,0.13574660633484165,0.03393665158371041,6.0,6.0,5.0,4.0,2.0,2.0,7.0,5.0,2.0,0,0.0,0,0.0012,-9.0,-7493.75520399667,-8.9892,0.03393665158371041,3.0,5.0,0.2860336
0022401063,1610612741,Chicago,Bulls,CHI,bulls,1628380,Zach,Collins,Z. Collins,zach-collins,,,,15:43,15.716666666666667,5,5,1.0,0,0,0.0,0,0,0.0,2,1,3,0,0,0,2,3,10,-9.0,0022401063,Zach Collins,zach collins,,,2025-03-27,0,0.6362672322375398,0.12725344644750794,0.19088016967126192,0.0,0.12725344644750794,7.0,3.0,6.0,8.0,4.0,2.0,9.0,7.0,0.0,0,1.0,0,0.00179,-31.5,-17587.939698492464,-31.443615,0.0,5.0,2.0,0.6014016
0022401063,1610612741,Chicago,Bulls,CHI,bulls,1631207,Dalen,Terry,D. Terry,dalen-terry,,,,12:58,12.966666666666667,0,2,0.0,0,2,0.0,0,0,0.0,0,2,2,1,0,0,0,1,0,-2.0,0022401063,Dalen Terry,dalen terry,,,2025-03-27,0,0.0,0.0,0.15424164524421594,0.07712082262210797,0.0,8.0,6.0,8.0,6.0,4.0,2.0,6.0,8.0,2.0,0,0.0,0,0.00065,-7.1,-10906.298003072196,-7.095384999999999,0.0,5.0,8.0,0.007775774
0022401063,1610612741,Chicago,Bulls,CHI,bulls,1641763,Julian,Phillips,J. Phillips,julian-phillips,,,,6:57,6.95,0,1,0.0,0,1,0.0,0,0,0.0,0,0,0,0,0,0,0,1,0,-6.0,0022401063,Julian Phillips,julian phillips,,,2025-03-27,0,0.0,0.0,0.0,0.0,0.0,8.0,6.0,9.0,8.0,4.0,2.0,7.0,9.0,,1,,1,0.0005600000000000001,-42.9,-76470.5882352941,-42.875976,0.0,5.0,8.0,0.0029945425
0022401077,1610612741,Chicago,Bulls,CHI,bulls,1628989,Kevin,Huerter,K. Huerter,kevin-huerter,F,,,32:07,32.11666666666667,3,9,0.333,1,5,0.2,1,2,0.5,0,3,3,6,0,0,3,2,8,-13.0,0022401077,Kevin Huerter,kevin huerter,,,2025-03-29,0,0.24909185262065386,0.0,0.09340944473274519,0.18681888946549038,0.0,5.0,6.0,7.0,1.0,4.0,3.0,7.0,3.0,2.0,0,0.0,0,0.00155,-19.5,-12572.533849129595,-19.469775,0.0,6.0,8.0,0.06658708
0022401077,1610612741,Chicago,Bulls,CHI,bulls,1641824,Matas,Buzelis,M. Buzelis,matas-buzelis,F,,,37:37,37.61666666666667,10,17,0.588,5,7,0.714,3,4,0.75,0,9,9,6,0,1,2,1,28,9.0,0022401077,Matas Buzelis,matas buzelis,,,2025-03-29,1,0.7443509082853345,0.0,0.23925564909171465,0.1595037660611431,0.02658396101019052,1.0,6.0,2.0,1.0,4.0,2.0,3.0,1.0,0.0,0,0.0,0,0.00226,13.4,5926.581158779301,13.369716,0.02658396101019052,3.0,7.0,0.8566103
0022401077,1610612741,Chicago,Bulls,CHI,bulls,202696,Nikola,Vučević,N. Vučević,nikola-vučević,C,,,30:26,30.433333333333334,9,18,0.5,2,5,0.4,5,6,0.833,4,5,9,5,1,0,1,3,25,-10.0,0022401077,Nikola Vučević,nikola vučević,,,2025-03-29,1,0.8214676889375685,0.13143483023001096,0.29572836801752467,0.16429353778751368,0.16429353778751368,2.0,1.0,2.0,3.0,2.0,3.0,6.0,4.0,1.0,0,0.0,0,0.0028599999999999997,-14.5,-5068.157986717931,-14.45853,0.03285870755750274,3.0,2.0,0.83228135
0022401077,1610612741,Chicago,Bulls,CHI,bulls,1629632,Coby,White,C. White,coby-white,G,,,35:26,35.43333333333333,8,16,0.5,2,4,0.5,7,9,0.778,1,10,11,2,0,0,4,0,25,9.0,0022401077,Coby White,coby white,,,2025-03-29,0,0.7055503292568204,0.028222013170272814,0.310442144873001,0.05644402634054563,0.028222013170272814,2.0,5.0,1.0,6.0,4.0,3.0,3.0,2.0,2.0,0,0.0,0,0.0027300000000000002,16.2,5931.893079458073,16.155773999999997,0.0,6.0,6.0,0.7099068
0022401077,1610612741,Chicago,Bulls,CHI,bulls,1630581,Josh,Giddey,J. Giddey,josh-giddey,G,,,26:41,26.683333333333334,3,12,0.25,0,3,0.0,2,2,1.0,2,6,8,4,0,2,4,1,8,-14.0,0022401077,Josh Giddey,josh giddey,,,2025-03-29,2,0.29981261711430357,0.07495315427857589,0.29981261711430357,0.14990630855715179,0.14990630855715179,5.0,3.0,4.0,4.0,4.0,1.0,8.0,5.0,1.0,0,0.0,0,0.00243,-24.5,-10078.157136980666,-24.440465,0.07495315427857589,1.0,3.0,0.0966242
0022401077,1610612741,Chicago,Bulls,CHI,bulls,1630172,Patrick,Williams,P. Williams,patrick-williams,,,,17:34,17.566666666666666,0,3,0.0,0,2,0.0,0,0,0.0,0,2,2,1,0,0,3,2,0,-19.0,0022401077,Patrick Williams,patrick williams,,,2025-03-29,0,0.0,0.0,0.11385199240986718,0.05692599620493359,0.0,9.0,6.0,8.0,8.0,4.0,3.0,9.0,7.0,2.0,0,0.0,0,0.0012,-46.3,-38551.20732722731,-46.24444,0.0,6.0,8.0,0.0045551406
0022401077,1610612741,Chicago,Bulls,CHI,bulls,1631207,Dalen,Terry,D. Terry,dalen-terry,,,,26:09,26.15,3,6,0.5,2,3,0.667,0,0,0.0,2,3,5,4,1,0,1,4,8,10.0,0022401077,Dalen Terry,dalen terry,,,2025-03-29,1,0.30592734225621415,0.07648183556405354,0.19120458891013387,0.15296367112810708,0.11472275334608031,5.0,3.0,6.0,4.0,2.0,3.0,2.0,6.0,4.0,0,0.0,0,0.00106,20.3,19132.89349670123,20.278482,0.03824091778202677,3.0,5.0,0.35451657
0022401077,1610612741,Chicago,Bulls,CHI,bulls,1628380,Zach,Collins,Z. Collins,zach-collins,,,,17:34,17.566666666666666,5,8,0.625,2,4,0.5,1,1,1.0,3,4,7,2,0,0,1,2,13,9.0,0022401077,Zach Collins,zach collins,,,2025-03-29,0,0.7400379506641366,0.17077798861480076,0.3984819734345351,0.11385199240986718,0.17077798861480076,4.0,2.0,5.0,6.0,4.0,3.0,3.0,7.0,0.0,0,0.0,0,0.00196,24.5,12493.62570117287,24.451980000000002,0.0,6.0,1.0,0.8095108
0022401077,1610612741,Chicago,Bulls,CHI,bulls,1641763,Julian,Phillips,J. Phillips,julian-phillips,,,,16:26,16.433333333333334,2,2,1.0,0,0,0.0,0,0,0.0,0,2,2,1,2,0,0,2,4,14.0,0022401077,Julian Phillips,julian phillips,,,2025-03-29,2,0.2434077079107505,0.0,0.12170385395537525,0.060851926977687626,0.12170385395537525,8.0,6.0,8.0,8.0,1.0,3.0,1.0,9.0,3.0,0,0.0,0,0.0005,42.6,85029.94011976047,42.578700000000005,0.12170385395537525,1.0,4.0,0.23893026
0022401094,1610612741,Chicago,Bulls,CHI,bulls,1631207,Dalen,Terry,D. Terry,dalen-terry,F,,,22:59,22.983333333333334,1,4,0.25,0,2,0.0,2,2,1.0,0,3,3,2,3,0,1,2,4,0.0,0022401094,Dalen Terry,dalen terry,,,2025-03-31,3,0.1740391588107324,0.0,0.1305293691080493,0.0870195794053662,0.1305293691080493,10.0,7.0,6.0,5.0,1.0,4.0,4.0,5.0,3.0,0,0.0,0,0.001,0.0,0.0,0.0,0.1305293691080493,2.0,5.0,0.027388077
0022401094,1610612741,Chicago,Bulls,CHI,bulls,1641824,Matas,Buzelis,M. Buzelis,matas-buzelis,F,,,30:38,30.633333333333333,5,12,0.417,2,7,0.286,2,2,1.0,0,7,7,1,1,4,1,2,14,-22.0,0022401094,Matas Buzelis,matas buzelis,,,2025-03-31,5,0.45701849836779107,0.0,0.22850924918389554,0.03264417845484222,0.1632208922742111,5.0,7.0,3.0,8.0,2.0,1.0,7.0,1.0,1.0,0,0.0,0,0.0017499999999999998,-32.8,-18732.153055396917,-32.742599999999996,0.1632208922742111,1.0,3.0,0.48523074
0022401094,1610612741,Chicago,Bulls,CHI,bulls,202696,Nikola,Vučević,N. Vučević,nikola-vučević,C,,,21:00,21.0,5,12,0.417,1,5,0.2,0,0,0.0,1,7,8,2,0,1,3,1,11,-24.0,0022401094,Nikola Vučević,nikola vučević,,,2025-03-31,1,0.5238095238095238,0.047619047619047616,0.38095238095238093,0.09523809523809523,0.09523809523809523,6.0,3.0,1.0,5.0,6.0,3.0,8.0,6.0,1.0,0,0.0,0,0.0027300000000000002,-47.1,-17246.429879165138,-46.971417,0.047619047619047616,4.0,7.0,0.38711047
0022401094,1610612741,Chicago,Bulls,CHI,bulls,1629632,Coby,White,C. White,coby-white,G,,,23:21,23.35,2,5,0.4,1,2,0.5,2,2,1.0,0,0,0,1,1,0,4,1,7,-39.0,0022401094,Coby White,coby white,,,2025-03-31,1,0.29978586723768735,0.0,0.0,0.042826552462526764,0.042826552462526764,8.0,7.0,11.0,8.0,2.0,4.0,11.0,4.0,1.0,0,0.0,0,0.00164,-65.8,-40097.5015234613,-65.692088,0.042826552462526764,4.0,9.0,0.022309773
0022401094,1610612741,Chicago,Bulls,CHI,bulls,1630581,Josh,Giddey,J. Giddey,josh-giddey,G,,,27:31,27.516666666666666,6,15,0.4,1,5,0.2,2,3,0.667,4,4,8,10,1,0,4,1,15,-24.0,0022401094,Josh Giddey,josh giddey,,,2025-03-31,1,0.5451241671714113,0.14536644457904302,0.29073288915808604,0.36341611144760755,0.18170805572380377,4.0,1.0,1.0,1.0,2.0,4.0,8.0,3.0,3.0,0,0.0,0,0.0027800000000000004,-36.6,-13160.733549083061,-36.498252,0.036341611144760755,4.0,1.0,0.44095528
0022401094,1610612741,Chicago,Bulls,CHI,bulls,1630172,Patrick,Williams,P. Williams,patrick-williams,,,,29:24,29.4,6,11,0.545,4,8,0.5,0,0,0.0,0,2,2,3,0,0,2,1,16,-32.0,0022401094,Patrick Williams,patrick williams,,,2025-03-31,0,0.54421768707483,0.0,0.06802721088435375,0.10204081632653061,0.0,2.0,7.0,7.0,3.0,6.0,4.0,10.0,2.0,1.0,0,0.0,0,0.00165,-44.3,-26832.22289521502,-44.226904999999995,0.0,8.0,10.0,0.7933339
0022401094,1610612741,Chicago,Bulls,CHI,bulls,1641763,Julian,Phillips,J. Phillips,julian-phillips,,,,17:57,17.95,2,4,0.5,1,2,0.5,0,0,0.0,0,1,1,0,0,0,1,1,5,-6.0,0022401094,Julian Phillips,julian phillips,,,2025-03-31,0,0.2785515320334262,0.0,0.05571030640668524,0.0,0.0,9.0,7.0,10.0,11.0,6.0,4.0,5.0,8.0,0.0,0,0.0,0,0.0010199999999999999,-13.3,-13026.444662095988,-13.286434,0.0,8.0,10.0,0.020338818
0022401094,1610612741,Chicago,Bulls,CHI,bulls,1628380,Zach,Collins,Z. Collins,zach-collins,,,,15:00,15.0,1,2,0.5,0,1,0.0,0,0,0.0,2,2,4,4,0,0,1,3,2,-16.0,0022401094,Zach Collins,zach collins,,,2025-03-31,0,0.13333333333333333,0.13333333333333333,0.26666666666666666,0.26666666666666666,0.13333333333333333,11.0,2.0,5.0,2.0,6.0,4.0,6.0,11.0,0.0,0,0.0,0,0.00073,-48.5,-66347.46922024623,-48.464595,0.0,8.0,4.0,0.014600672
0022401094,1610612741,Chicago,Bulls,CHI,bulls,1630188,Jalen,Smith,J. Smith,jalen-smith,,,,17:30,17.5,4,9,0.444,0,4,0.0,2,2,1.0,1,5,6,1,0,2,1,2,10,8.0,0022401094,Jalen Smith,jalen smith,,,2025-03-31,2,0.5714285714285714,0.05714285714285714,0.34285714285714286,0.05714285714285714,0.17142857142857143,7.0,3.0,4.0,8.0,6.0,2.0,2.0,9.0,0.0,0,0.0,0,0.00217,19.0,8751.727314601565,18.95877,0.11428571428571428,3.0,2.0,0.74522465
0022401094,1610612741,Chicago,Bulls,CHI,bulls,1628975,Jevon,Carter,J. Carter,jevon-carter,,,,18:23,18.383333333333333,6,14,0.429,5,11,0.455,0,0,0.0,1,1,2,3,0,0,0,1,17,3.0,0022401094,Jevon Carter,jevon carter,,,2025-03-31,0,0.9247506799637353,0.05439709882139619,0.10879419764279238,0.1631912964641886,0.05439709882139619,1.0,3.0,7.0,3.0,6.0,4.0,3.0,7.0,1.0,0,0.0,0,0.00269,6.5,2415.4589371980674,6.482515,0.0,8.0,8.0,0.88518596
0022401094,1610612741,Chicago,Bulls,CHI,bulls,1629659,Talen,Horton-Tucker,T. Horton-Tucker,talen-horton-tucker,,,,16:17,16.283333333333335,6,10,0.6,1,4,0.25,3,5,0.6,1,1,2,2,1,0,1,1,16,12.0,0022401094,Talen Horton-Tucker,talen horton-tucker,,,2025-03-31,1,0.9825997952917093,0.06141248720573183,0.12282497441146366,0.12282497441146366,0.12282497441146366,2.0,3.0,7.0,5.0,2.0,4.0,1.0,10.0,1.0,0,0.0,0,0.0028299999999999996,30.0,10596.96220416814,29.9151,0.06141248720573183,4.0,6.0,0.9062216
0022401099,1610612741,Chicago,Bulls,CHI,bulls,1628989,Kevin,Huerter,K. Huerter,kevin-huerter,F,,,33:19,33.31666666666667,7,9,0.778,2,4,0.5,0,0,0.0,0,2,2,1,0,0,0,0,16,14.0,0022401099,Kevin Huerter,kevin huerter,,,2025-04-01,0,0.48024012006003,0.0,0.06003001500750375,0.030015007503751873,0.0,5.0,7.0,8.0,6.0,5.0,3.0,4.0,2.0,2.0,0,0.0,0,0.00113,17.9,15826.702033598587,17.879773,0.0,6.0,9.0,0.4246557
0022401099,1610612741,Chicago,Bulls,CHI,bulls,1641824,Matas,Buzelis,M. Buzelis,matas-buzelis,F,,,28:44,28.733333333333334,3,5,0.6,1,2,0.5,2,4,0.5,0,3,3,0,4,1,2,1,9,12.0,0022401099,Matas Buzelis,matas buzelis,,,2025-04-01,5,0.31322505800464034,0.0,0.10440835266821345,0.0,0.1740139211136891,6.0,7.0,5.0,9.0,1.0,1.0,6.0,4.0,3.0,0,0.0,0,0.00136,21.1,15503.306392358561,21.071304,0.1740139211136891,1.0,3.0,0.14913058
0022401099,1610612741,Chicago,Bulls,CHI,bulls,202696,Nikola,Vučević,N. Vučević,nikola-vučević,C,,,25:19,25.316666666666666,9,12,0.75,2,3,0.667,2,2,1.0,4,6,10,7,0,1,1,0,22,9.0,0022401099,Nikola Vučević,nikola vučević,,,2025-04-01,1,0.8689927583936801,0.15799868334430547,0.39499670836076367,0.2764976958525346,0.19749835418038184,3.0,1.0,2.0,2.0,5.0,1.0,7.0,6.0,1.0,0,0.0,0,0.00241,11.9,4935.711323102448,11.871321,0.03949967083607637,4.0,2.0,0.8575078
0022401099,1610612741,Chicago,Bulls,CHI,bulls,1629632,Coby,White,C. White,coby-white,G,,,33:54,33.9,10,16,0.625,3,7,0.429,5,5,1.0,0,3,3,6,2,0,3,2,28,19.0,0022401099,Coby White,coby white,,,2025-04-01,2,0.8259587020648967,0.0,0.08849557522123894,0.17699115044247787,0.058997050147492625,1.0,7.0,5.0,3.0,3.0,3.0,2.0,1.0,2.0,0,1.0,0,0.0025900000000000003,28.4,10961.018911617133,28.326444,0.058997050147492625,3.0,6.0,0.8538647
0022401099,1610612741,Chicago,Bulls,CHI,bulls,1630581,Josh,Giddey,J. Giddey,josh-giddey,G,,,28:22,28.366666666666667,5,12,0.417,1,2,0.5,6,8,0.75,1,6,7,12,3,0,5,1,17,9.0,0022401099,Josh Giddey,josh giddey,,,2025-04-01,3,0.599294947121034,0.03525264394829612,0.24676850763807284,0.42303172737955347,0.1410105757931845,4.0,3.0,3.0,1.0,2.0,3.0,7.0,5.0,4.0,0,0.0,0,0.0032300000000000002,15.0,4642.525533890436,14.951550000000001,0.10575793184488837,2.0,4.0,0.60492337
0022401099,1610612741,Chicago,Bulls,CHI,bulls,1629659,Talen,Horton-Tucker,T. Horton-Tucker,talen-horton-tucker,,,,32:19,32.31666666666667,8,16,0.5,3,8,0.375,8,8,1.0,2,4,6,3,0,0,0,1,27,19.0,0022401099,Talen Horton-Tucker,talen horton-tucker,,,2025-04-01,0,0.8354822073233624,0.061887570912841666,0.185662712738525,0.0928313563692625,0.061887570912841666,2.0,2.0,4.0,5.0,5.0,3.0,2.0,3.0,4.0,0,0.0,0,0.0025,26.4,10555.777688924429,26.334,0.0,6.0,5.0,0.8756447
0022401099,1610612741,Chicago,Bulls,CHI,bulls,1630172,Patrick,Williams,P. Williams,patrick-williams,,,,24:13,24.216666666666665,3,7,0.429,1,4,0.25,0,0,0.0,1,2,3,1,0,0,1,2,7,21.0,0022401099,Patrick Williams,patrick williams,,,2025-04-01,0,0.289057123193393,0.04129387474191329,0.12388162422573985,0.04129387474191329,0.04129387474191329,7.0,3.0,5.0,6.0,5.0,3.0,1.0,7.0,1.0,0,0.0,0,0.0014000000000000002,41.9,29907.20913633119,41.84134,0.0,6.0,8.0,0.30561227
0022401099,1610612741,Chicago,Bulls,CHI,bulls,1628380,Zach,Collins,Z. Collins,zach-collins,,,,18:42,18.7,3,6,0.5,1,2,0.5,0,0,0.0,1,11,12,5,0,0,0,0,7,14.0,0022401099,Zach Collins,zach collins,,,2025-04-01,0,0.37433155080213903,0.053475935828877004,0.6417112299465241,0.26737967914438504,0.053475935828877004,7.0,3.0,1.0,4.0,5.0,3.0,4.0,8.0,0.0,0,0.0,0,0.0013,37.9,29131.437355880094,37.85073,0.0,6.0,7.0,0.27404922
0022401099,1610612741,Chicago,Bulls,CHI,bulls,1642443,Jahmir,Young,J. Young,jahmir-young,,,,5:06,5.1,0,1,0.0,0,1,0.0,0,0,0.0,0,0,0,0,0,0,0,1,0,-4.0,0022401099,Jahmir Young,jahmir young,,,2025-04-01,0,0.0,0.0,0.0,0.0,0.0,10.0,7.0,11.0,9.0,5.0,3.0,9.0,9.0,0.0,0,0.0,0,0.0007099999999999999,-44.9,-63150.492264416316,-44.868121,0.0,6.0,9.0,0.002565733
0022401099,1610612741,Chicago,Bulls,CHI,bulls,1630188,Jalen,Smith,J. Smith,jalen-smith,,,,3:59,3.9833333333333334,2,3,0.667,0,1,0.0,0,0,0.0,1,1,2,0,1,0,0,1,4,-4.0,0022401099,Jalen Smith,jalen smith,,,2025-04-01,1,1.00418410041841,0.2510460251046025,0.502092050209205,0.0,0.502092050209205,9.0,3.0,8.0,9.0,4.0,3.0,9.0,10.0,,1,,1,0.0027300000000000002,-40.0,-14646.649578908822,-39.8908,0.2510460251046025,4.0,1.0,0.067071036
0022401099,1610612741,Chicago,Bulls,CHI,bulls,1641801,Emanuel,Miller,E. Miller,emanuel-miller,,,,3:25,3.4166666666666665,0,1,0.0,0,0,0.0,0,0,0.0,0,1,1,1,0,0,0,0,0,-6.0,0022401099,Emanuel Miller,emanuel miller,,,2025-04-01,0,0.0,0.0,0.29268292682926833,0.29268292682926833,0.0,10.0,7.0,10.0,6.0,5.0,3.0,11.0,11.0,,1,,1,0.001,-66.7,-66633.36663336663,-66.6333,0.0,6.0,9.0,0.0027741694
0022401099,1610612741,Chicago,Bulls,CHI,bulls,1630604,E.J.,Liddell,E. Liddell,ej-liddell,,,,2:38,2.6333333333333333,0,0,0.0,0,0,0.0,0,0,0.0,0,0,0,0,0,0,0,0,0,-8.0,0022401099,E.J. Liddell,ej liddell,,,2025-04-01,0,0.0,0.0,0.0,0.0,0.0,10.0,7.0,11.0,9.0,5.0,3.0,12.0,12.0,0.0,0,0.0,0,0.0,-114.3,-114300000.0,-114.3,0.0,6.0,9.0,0.0029691095
0022401122,1610612741,Chicago,Bulls,CHI,bulls,1628989,Kevin,Huerter,K. Huerter,kevin-huerter,F,,,34:15,34.25,3,10,0.3,3,7,0.429,0,0,0.0,0,2,2,1,0,1,1,2,9,0.0,0022401122,Kevin Huerter,kevin huerter,,,2025-04-04,1,0.26277372262773724,0.0,0.058394160583941604,0.029197080291970802,0.029197080291970802,6.0,5.0,7.0,4.0,3.0,3.0,8.0,3.0,2.0,0,0.0,0,0.00125,-1.4,-1119.1047162270183,-1.39825,0.029197080291970802,5.0,6.0,0.059060924
0022401122,1610612741,Chicago,Bulls,CHI,bulls,1641824,Matas,Buzelis,M. Buzelis,matas-buzelis,F,,,33:34,33.56666666666667,5,10,0.5,2,4,0.5,0,1,0.0,2,10,12,1,0,3,3,2,12,8.0,0022401122,Matas Buzelis,matas buzelis,,,2025-04-04,3,0.3574975173783515,0.059582919563058584,0.3574975173783515,0.029791459781529292,0.14895729890764647,5.0,3.0,2.0,4.0,3.0,1.0,2.0,4.0,0.0,0,0.0,0,0.00153,9.3,6074.4611365120845,9.285771,0.08937437934458788,1.0,3.0,0.8363393
0022401122,1610612741,Chicago,Bulls,CHI,bulls,202696,Nikola,Vučević,N. Vučević,nikola-vučević,C,,,33:22,33.36666666666667,13,22,0.591,2,3,0.667,3,3,1.0,3,9,12,2,0,2,3,2,31,2.0,0022401122,Nikola Vučević,nikola vučević,,,2025-04-04,2,0.929070929070929,0.0899100899100899,0.3596403596403596,0.05994005994005994,0.14985014985014986,1.0,2.0,2.0,3.0,3.0,2.0,5.0,5.0,1.0,0,0.0,0,0.00292,1.2,410.8182129407737,1.196496,0.05994005994005994,2.0,2.0,0.8711554
0022401122,1610612741,Chicago,Bulls,CHI,bulls,1629632,Coby,White,C. White,coby-white,G,,,34:46,34.766666666666666,9,16,0.563,2,6,0.333,11,12,0.917,0,5,5,7,0,0,4,2,31,-2.0,0022401122,Coby White,coby white,,,2025-04-04,0,0.8916586768935763,0.0,0.14381591562799617,0.20134228187919465,0.0,1.0,5.0,4.0,2.0,3.0,6.0,9.0,2.0,2.0,0,0.0,0,0.0028699999999999997,-4.0,-1393.2427725531174,-3.98852,0.0,6.0,7.0,0.7901489
0022401122,1610612741,Chicago,Bulls,CHI,bulls,1630581,Josh,Giddey,J. Giddey,josh-giddey,G,,,39:14,39.233333333333334,4,13,0.308,0,1,0.0,7,9,0.778,5,14,19,12,0,0,2,2,15,10.0,0022401122,Josh Giddey,josh giddey,,,2025-04-04,0,0.3823279524214104,0.1274426508071368,0.4842820730671198,0.3058623619371283,0.1274426508071368,3.0,1.0,1.0,1.0,3.0,6.0,1.0,1.0,0.0,0,0.0,0,0.0018599999999999999,11.0,5910.800644814616,10.97954,0.0,6.0,5.0,0.8388036
0022401122,1610612741,Chicago,Bulls,CHI,bulls,1631207,Dalen,Terry,D. Terry,dalen-terry,,,,14:38,14.633333333333333,0,2,0.0,0,1,0.0,0,0,0.0,1,3,4,1,1,1,1,2,0,1.0,0022401122,Dalen Terry,dalen terry,,,2025-04-04,2,0.0,0.0683371298405467,0.2733485193621868,0.0683371298405467,0.2050113895216401,9.0,4.0,6.0,4.0,1.0,3.0,6.0,7.0,1.0,0,0.0,0,0.00073,0.2,273.5978112175103,0.199854,0.1366742596810934,2.0,1.0,0.024017993
0022401122,1610612741,Chicago,Bulls,CHI,bulls,1630172,Patrick,Williams,P. Williams,patrick-williams,,,,14:26,14.433333333333334,1,5,0.2,0,2,0.0,0,0,0.0,0,5,5,0,0,0,1,0,2,-3.0,0022401122,Patrick Williams,patrick williams,,,2025-04-04,0,0.13856812933025403,0.0,0.3464203233256351,0.0,0.0,8.0,5.0,4.0,8.0,3.0,6.0,10.0,9.0,0.0,0,0.0,0,0.00167,-8.8,-5266.307600239378,-8.785304000000002,0.0,6.0,7.0,0.008626246
0022401122,1610612741,Chicago,Bulls,CHI,bulls,1629659,Talen,Horton-Tucker,T. Horton-Tucker,talen-horton-tucker,,,,15:50,15.833333333333334,4,5,0.8,0,1,0.0,5,6,0.833,0,0,0,0,0,0,1,1,13,1.0,0022401122,Talen Horton-Tucker,talen horton-tucker,,,2025-04-04,0,0.8210526315789474,0.0,0.0,0.0,0.0,4.0,5.0,9.0,8.0,3.0,6.0,6.0,6.0,1.0,0,1.0,0,0.0025,5.8,2319.072371051579,5.7855,0.0,6.0,7.0,0.7726151
0022401122,1610612741,Chicago,Bulls,CHI,bulls,1628380,Zach,Collins,Z. Collins,zach-collins,,,,14:38,14.633333333333333,2,4,0.5,1,2,0.5,0,0,0.0,0,2,2,0,1,1,1,3,5,3.0,0022401122,Zach Collins,zach collins,,,2025-04-04,2,0.3416856492027335,0.0,0.1366742596810934,0.0,0.1366742596810934,7.0,5.0,7.0,8.0,1.0,3.0,4.0,7.0,1.0,0,0.0,0,0.0015199999999999999,6.4,4207.758053911901,6.390272,0.1366742596810934,2.0,4.0,0.06423967
0022401122,1610612741,Chicago,Bulls,CHI,bulls,1641763,Julian,Phillips,J. Phillips,julian-phillips,,,,5:17,5.283333333333333,0,0,0.0,0,0,0.0,0,0,0.0,0,0,0,1,0,0,0,0,0,5.0,0022401122,Julian Phillips,julian phillips,,,2025-04-04,0,0.0,0.0,0.0,0.18927444794952683,0.0,9.0,5.0,9.0,4.0,3.0,6.0,3.0,10.0,,1,,1,0.0,29.3,29300000.000000004,29.3,0.0,6.0,7.0,0.0052955365
0022401133,1610612741,Chicago,Bulls,CHI,bulls,1628989,Kevin,Huerter,K. Huerter,kevin-huerter,F,,,28:49,28.816666666666666,5,8,0.625,3,5,0.6,0,0,0.0,0,1,1,3,1,0,0,4,13,8.0,0022401133,Kevin Huerter,kevin huerter,,,2025-04-06,1,0.4511278195488722,0.0,0.03470213996529786,0.10410641989589359,0.03470213996529786,5.0,6.0,7.0,4.0,4.0,2.0,5.0,4.0,2.0,0,0.0,0,0.0011899999999999999,14.5,12174.643157010918,14.482745,0.03470213996529786,4.0,7.0,0.6217042
0022401133,1610612741,Chicago,Bulls,CHI,bulls,1641824,Matas,Buzelis,M. Buzelis,matas-buzelis,F,,,23:49,23.816666666666666,4,8,0.5,2,3,0.667,0,2,0.0,2,2,4,1,0,1,1,3,10,5.0,0022401133,Matas Buzelis,matas buzelis,,,2025-04-06,1,0.4198740377886634,0.08397480755773268,0.16794961511546536,0.04198740377886634,0.12596221133659902,6.0,2.0,4.0,7.0,6.0,1.0,8.0,6.0,1.0,0,0.0,0,0.00185,10.0,5402.485143165856,9.9815,0.04198740377886634,4.0,2.0,0.27634466
0022401133,1610612741,Chicago,Bulls,CHI,bulls,202696,Nikola,Vučević,N. Vučević,nikola-vučević,C,,,32:45,32.75,6,12,0.5,2,5,0.4,2,4,0.5,1,10,11,4,2,0,2,2,16,25.0,0022401133,Nikola Vučević,nikola vučević,,,2025-04-06,2,0.48854961832061067,0.030534351145038167,0.33587786259541985,0.12213740458015267,0.0916030534351145,3.0,4.0,1.0,3.0,1.0,2.0,1.0,3.0,1.0,0,0.0,0,0.00211,33.3,15774.514448128848,33.229737,0.061068702290076333,1.0,4.0,0.7126108
0022401133,1610612741,Chicago,Bulls,CHI,bulls,1629632,Coby,White,C. White,coby-white,G,,,35:25,35.416666666666664,12,16,0.75,6,8,0.75,7,7,1.0,0,2,2,5,2,0,1,2,37,14.0,0022401133,Coby White,coby white,,,2025-04-06,2,1.0447058823529412,0.0,0.05647058823529412,0.1411764705882353,0.05647058823529412,1.0,6.0,6.0,2.0,1.0,2.0,3.0,1.0,1.0,0,0.0,0,0.0023799999999999997,18.2,7643.847123057539,18.156684,0.05647058823529412,1.0,6.0,0.89890254
0022401133,1610612741,Chicago,Bulls,CHI,bulls,1630581,Josh,Giddey,J. Giddey,josh-giddey,G,,,33:44,33.733333333333334,7,13,0.538,2,6,0.333,7,8,0.875,2,8,10,8,1,0,5,1,23,14.0,0022401133,Josh Giddey,josh giddey,,,2025-04-06,1,0.6818181818181818,0.05928853754940711,0.2964426877470356,0.23715415019762845,0.08893280632411067,2.0,2.0,2.0,1.0,4.0,2.0,3.0,2.0,0.0,0,0.0,0,0.00269,21.0,7803.790412486064,20.94351,0.029644268774703556,4.0,5.0,0.73790324
0022401133,1610612741,Chicago,Bulls,CHI,bulls,1630172,Patrick,Williams,P. Williams,patrick-williams,,,,26:41,26.683333333333334,6,8,0.75,1,2,0.5,2,2,1.0,1,2,3,0,2,0,0,0,15,25.0,0022401133,Patrick Williams,patrick williams,,,2025-04-06,2,0.5621486570893192,0.037476577139287946,0.11242973141786383,0.0,0.11242973141786383,4.0,4.0,5.0,9.0,1.0,2.0,1.0,5.0,5.0,0,0.0,0,0.0014099999999999998,40.1,28419.560595322473,40.043459,0.07495315427857589,1.0,3.0,0.8441262
0022401133,1610612741,Chicago,Bulls,CHI,bulls,1631207,Dalen,Terry,D. Terry,dalen-terry,,,,12:17,12.283333333333333,1,5,0.2,0,0,0.0,0,0,0.0,0,1,1,2,0,0,1,1,2,6.0,0022401133,Dalen Terry,dalen terry,,,2025-04-06,0,0.1628222523744912,0.0,0.0814111261872456,0.1628222523744912,0.0,10.0,6.0,7.0,5.0,6.0,2.0,7.0,9.0,2.0,0,0.0,0,0.002,24.5,12243.878060969515,24.451,0.0,7.0,8.0,0.007705678
0022401133,1610612741,Chicago,Bulls,CHI,bulls,1628380,Zach,Collins,Z. Collins,zach-collins,,,,15:15,15.25,2,6,0.333,0,2,0.0,0,0,0.0,3,5,8,2,0,0,0,4,4,-11.0,0022401133,Zach Collins,zach collins,,,2025-04-06,0,0.26229508196721313,0.19672131147540983,0.5245901639344263,0.13114754098360656,0.19672131147540983,8.0,1.0,3.0,5.0,6.0,2.0,13.0,7.0,0.0,0,0.0,0,0.00167,-23.5,-14063.435068821065,-23.460755000000002,0.0,7.0,1.0,0.07683673
0022401133,1610612741,Chicago,Bulls,CHI,bulls,1629659,Talen,Horton-Tucker,T. Horton-Tucker,talen-horton-tucker,,,,14:08,14.133333333333333,1,4,0.25,0,1,0.0,3,4,0.75,0,1,1,1,0,0,1,2,5,0.0,0022401133,Talen Horton-Tucker,talen horton-tucker,,,2025-04-06,0,0.3537735849056604,0.0,0.07075471698113207,0.07075471698113207,0.0,7.0,6.0,7.0,7.0,6.0,2.0,9.0,8.0,0.0,0,0.0,0,0.00212,3.6,1697.3125884016972,3.592368,0.0,7.0,8.0,0.01760717
0022401133,1610612741,Chicago,Bulls,CHI,bulls,1641763,Julian,Phillips,J. Phillips,julian-phillips,,,,10:33,10.55,1,4,0.25,0,3,0.0,0,0,0.0,0,0,0,0,0,0,0,2,2,7.0,0022401133,Julian Phillips,julian phillips,,,2025-04-06,0,0.1895734597156398,0.0,0.0,0.0,0.0,10.0,6.0,10.0,9.0,6.0,2.0,6.0,10.0,1.0,0,0.0,0,0.00167,44.5,26630.76002393776,44.425685,0.0,7.0,8.0,0.0060894443
0022401133,1610612741,Chicago,Bulls,CHI,bulls,1628975,Jevon,Carter,J. Carter,jevon-carter,,,,2:22,2.3666666666666667,0,0,0.0,0,0,0.0,0,0,0.0,0,0,0,0,0,0,1,0,0,-11.0,0022401133,Jevon Carter,jevon carter,,,2025-04-06,0,0.0,0.0,0.0,0.0,0.0,12.0,6.0,10.0,9.0,6.0,2.0,13.0,11.0,,1,,1,0.00167,-147.6,-88330.34111310593,-147.353508,0.0,7.0,8.0,0.0025532173
0022401133,1610612741,Chicago,Bulls,CHI,bulls,1642443,Jahmir,Young,J. Young,jahmir-young,,,,1:24,1.4,0,0,0.0,0,0,0.0,0,0,0.0,0,0,0,0,0,0,0,0,0,-4.0,0022401133,Jahmir Young,jahmir young,,,2025-04-06,0,0.0,0.0,0.0,0.0,0.0,12.0,6.0,10.0,9.0,6.0,2.0,10.0,12.0,,1,,1,0.0,-100.0,-100000000.0,-100.0,0.0,7.0,8.0,0.0027078227
0022401133,1610612741,Chicago,Bulls,CHI,bulls,1630604,E.J.,Liddell,E. Liddell,ej-liddell,,,,1:24,1.4,0,0,0.0,0,0,0.0,0,0,0.0,0,0,0,0,0,0,0,2,0,-4.0,0022401133,E.J. Liddell,ej liddell,,,2025-04-06,0,0.0,0.0,0.0,0.0,0.0,12.0,6.0,10.0,9.0,6.0,2.0,10.0,12.0,,1,,1,0.0,-100.0,-100000000.0,-100.0,0.0,7.0,8.0,0.0027550077
0022401133,1610612741,Chicago,Bulls,CHI,bulls,1641801,Emanuel,Miller,E. Miller,emanuel-miller,,,,1:24,1.4,1,2,0.5,0,1,0.0,2,2,1.0,0,0,0,0,0,0,0,0,4,-4.0,0022401133,Emanuel Miller,emanuel miller,,,2025-04-06,0,2.857142857142857,0.0,0.0,0.0,0.0,8.0,6.0,10.0,9.0,6.0,2.0,10.0,12.0,,1,,1,0.0075,-100.0,-13331.555792560992,-99.25,0.0,7.0,8.0,0.012583646
0022401147,1610612741,Chicago,Bulls,CHI,bulls,1630172,Patrick,Williams,P. Williams,patrick-williams,F,,,26:15,26.25,7,11,0.636,5,6,0.833,2,2,1.0,0,3,3,5,1,0,4,1,21,-1.0,0022401147,Patrick Williams,patrick williams,,,2025-04-08,1,0.8,0.0,0.11428571428571428,0.19047619047619047,0.0380952380952381,1.0,6.0,4.0,1.0,3.0,4.0,1.0,5.0,1.0,0,0.0,0,0.00254,-6.0,-2361.2750885478154,-5.98476,0.0380952380952381,4.0,9.0,0.9131248
0022401147,1610612741,Chicago,Bulls,CHI,bulls,1641824,Matas,Buzelis,M. Buzelis,matas-buzelis,F,,,27:08,27.133333333333333,6,12,0.5,2,7,0.286,5,7,0.714,0,5,5,5,2,1,3,2,19,-15.0,0022401147,Matas Buzelis,matas buzelis,,,2025-04-08,3,0.7002457002457002,0.0,0.18427518427518427,0.18427518427518427,0.11056511056511056,2.0,6.0,3.0,1.0,2.0,1.0,9.0,4.0,3.0,0,0.0,0,0.0027700000000000003,-25.0,-9022.013713460843,-24.93075,0.11056511056511056,2.0,6.0,0.84949917
0022401147,1610612741,Chicago,Bulls,CHI,bulls,1630188,Jalen,Smith,J. Smith,jalen-smith,C,,,31:53,31.883333333333333,4,10,0.4,1,5,0.2,4,5,0.8,2,8,10,2,1,1,2,0,13,-10.0,0022401147,Jalen Smith,jalen smith,,,2025-04-08,2,0.40773653946680605,0.06272869837950863,0.31364349189754315,0.06272869837950863,0.12545739675901726,4.0,2.0,2.0,6.0,3.0,1.0,6.0,2.0,1.0,0,0.0,0,0.00187,-16.3,-8711.91876002138,-16.269519,0.06272869837950863,3.0,4.0,0.38616544
0022401147,1610612741,Chicago,Bulls,CHI,bulls,1631207,Dalen,Terry,D. Terry,dalen-terry,G,,,24:14,24.233333333333334,3,8,0.375,1,5,0.2,2,2,1.0,0,3,3,1,1,0,2,4,9,-11.0,0022401147,Dalen Terry,dalen terry,,,2025-04-08,1,0.3713892709766162,0.0,0.12379642365887207,0.04126547455295736,0.04126547455295736,6.0,6.0,4.0,8.0,3.0,4.0,7.0,6.0,1.0,0,0.0,0,0.00172,-24.7,-14352.120859965136,-24.657515999999998,0.04126547455295736,4.0,8.0,0.056719624
0022401147,1610612741,Chicago,Bulls,CHI,bulls,1628975,Jevon,Carter,J. Carter,jevon-carter,G,,,33:38,33.63333333333333,4,15,0.267,2,9,0.222,0,0,0.0,0,1,1,3,4,0,1,1,10,-18.0,0022401147,Jevon Carter,jevon carter,,,2025-04-08,4,0.29732408325074333,0.0,0.02973240832507433,0.08919722497522299,0.11892963330029732,5.0,6.0,10.0,3.0,1.0,4.0,11.0,1.0,2.0,0,0.0,0,0.00193,-28.6,-14810.978767477991,-28.544802,0.11892963330029732,1.0,5.0,0.16566303
0022401147,1610612741,Chicago,Bulls,CHI,bulls,1628380,Zach,Collins,Z. Collins,zach-collins,,,,24:13,24.216666666666665,3,6,0.5,1,3,0.333,0,0,0.0,5,8,13,3,0,0,5,3,7,-16.0,0022401147,Zach Collins,zach collins,,,2025-04-08,0,0.289057123193393,0.20646937370956642,0.5368203716448727,0.12388162422573985,0.20646937370956642,7.0,1.0,1.0,3.0,6.0,4.0,10.0,7.0,1.0,0,0.0,0,0.0017499999999999998,-29.6,-16904.62592804112,-29.5482,0.0,7.0,2.0,0.15143397
0022401147,1610612741,Chicago,Bulls,CHI,bulls,1641763,Julian,Phillips,J. Phillips,julian-phillips,,,,18:47,18.783333333333335,3,6,0.5,1,2,0.5,0,0,0.0,1,1,2,1,0,1,1,2,7,-12.0,0022401147,Julian Phillips,julian phillips,,,2025-04-08,1,0.37267080745341613,0.05323868677905944,0.10647737355811888,0.05323868677905944,0.10647737355811888,7.0,5.0,7.0,8.0,6.0,1.0,8.0,8.0,2.0,0,0.0,0,0.0013700000000000001,-32.0,-23340.627279358134,-31.95616,0.05323868677905944,4.0,7.0,0.0398429
0022401147,1610612741,Chicago,Bulls,CHI,bulls,1629659,Talen,Horton-Tucker,T. Horton-Tucker,talen-horton-tucker,,,,30:17,30.283333333333335,6,11,0.545,2,5,0.4,3,3,1.0,0,2,2,3,0,0,1,1,17,-9.0,0022401147,Talen Horton-Tucker,talen horton-tucker,,,2025-04-08,0,0.5613648871766648,0.0,0.06604292790313704,0.09906439185470556,0.0,3.0,6.0,7.0,3.0,6.0,4.0,5.0,3.0,1.0,0,0.0,0,0.00178,-11.6,-6513.194834362718,-11.579352,0.0,7.0,10.0,0.7924763
0022401147,1610612741,Chicago,Bulls,CHI,bulls,1642443,Jahmir,Young,J. Young,jahmir-young,,,,9:46,9.766666666666667,2,2,1.0,0,0,0.0,0,0,0.0,0,1,1,2,0,0,1,0,4,-7.0,0022401147,Jahmir Young,jahmir young,,,2025-04-08,0,0.40955631399317405,0.0,0.10238907849829351,0.20477815699658702,0.0,10.0,6.0,10.0,6.0,6.0,4.0,3.0,10.0,,1,,1,0.00115,-36.6,-31798.4361424848,-36.55791,0.0,7.0,10.0,0.016791504
0022401147,1610612741,Chicago,Bulls,CHI,bulls,1630604,E.J.,Liddell,E. Liddell,ej-liddell,,,,9:47,9.783333333333333,3,4,0.75,0,1,0.0,0,0,0.0,2,1,3,0,0,0,0,0,6,-7.0,0022401147,E.J. Liddell,ej liddell,,,2025-04-08,0,0.6132879045996593,0.20442930153321975,0.30664395229982966,0.0,0.20442930153321975,9.0,2.0,4.0,11.0,6.0,4.0,3.0,9.0,0.0,0,0.0,0,0.00167,-33.3,-19928.18671454219,-33.244389,0.0,7.0,3.0,0.09442927
0022401147,1610612741,Chicago,Bulls,CHI,bulls,1641801,Emanuel,Miller,E. Miller,emanuel-miller,,,,4:02,4.033333333333333,0,1,0.0,0,0,0.0,0,0,0.0,2,0,2,1,0,0,0,1,0,-4.0,0022401147,Emanuel Miller,emanuel miller,,,2025-04-08,0,0.0,0.49586776859504134,0.49586776859504134,0.24793388429752067,0.49586776859504134,11.0,2.0,7.0,8.0,6.0,4.0,2.0,11.0,0.0,0,0.0,0,0.00091,-50.0,-54884.7420417124,-49.9545,0.0,7.0,1.0,0.0074251667
0022401160,1610612741,Chicago,Bulls,CHI,bulls,1628989,Kevin,Huerter,K. Huerter,kevin-huerter,F,,,36:52,36.86666666666667,9,16,0.563,4,9,0.444,0,0,0.0,1,3,4,7,1,0,2,3,22,10.0,0022401160,Kevin Huerter,kevin huerter,,,2025-04-09,1,0.596745027124774,0.027124773960216998,0.10849909584086799,0.18987341772151897,0.054249547920433995,2.0,3.0,4.0,3.0,3.0,6.0,4.0,2.0,4.0,0,0.0,0,0.00202,9.6,4750.12370113805,9.580608,0.027124773960216998,4.0,8.0,0.76753235
0022401160,1610612741,Chicago,Bulls,CHI,bulls,1641824,Matas,Buzelis,M. Buzelis,matas-buzelis,F,,,34:14,34.233333333333334,6,10,0.6,3,5,0.6,2,2,1.0,0,4,4,0,1,1,1,0,17,21.0,0022401160,Matas Buzelis,matas buzelis,,,2025-04-09,2,0.49659201557935734,0.0,0.11684518013631938,0.0,0.05842259006815969,5.0,5.0,4.0,6.0,3.0,2.0,1.0,5.0,2.0,0,0.0,0,0.00146,28.8,19712.525667351132,28.757952,0.05842259006815969,3.0,7.0,0.76265997
0022401160,1610612741,Chicago,Bulls,CHI,bulls,202696,Nikola,Vučević,N. Vučević,nikola-vučević,C,,,35:06,35.1,9,15,0.6,2,4,0.5,0,0,0.0,6,5,11,8,2,1,2,2,20,13.0,0022401160,Nikola Vučević,nikola vučević,,,2025-04-09,3,0.5698005698005698,0.17094017094017094,0.31339031339031337,0.22792022792022792,0.2564102564102564,3.0,1.0,2.0,2.0,1.0,2.0,2.0,4.0,1.0,0,0.0,0,0.00202,17.3,8560.118753092527,17.265054,0.08547008547008547,2.0,1.0,0.91030866
0022401160,1610612741,Chicago,Bulls,CHI,bulls,1629632,Coby,White,C. White,coby-white,G,,,35:42,35.7,5,14,0.357,0,5,0.0,8,8,1.0,0,5,5,4,0,1,4,3,18,3.0,0022401160,Coby White,coby white,,,2025-04-09,1,0.5042016806722689,0.0,0.1400560224089636,0.11204481792717086,0.028011204481792715,4.0,5.0,3.0,4.0,7.0,2.0,5.0,3.0,0.0,0,0.0,0,0.00256,2.4,937.1339320577898,2.393856,0.028011204481792715,4.0,9.0,0.3088089
0022401160,1610612741,Chicago,Bulls,CHI,bulls,1630581,Josh,Giddey,J. Giddey,josh-giddey,G,,,40:28,40.46666666666667,11,19,0.579,3,6,0.5,3,3,1.0,2,14,16,11,2,3,4,2,28,11.0,0022401160,Josh Giddey,josh giddey,,,2025-04-09,5,0.6919275123558484,0.049423393739703454,0.39538714991762763,0.271828665568369,0.1729818780889621,1.0,2.0,1.0,1.0,1.0,1.0,3.0,1.0,3.0,0,0.0,0,0.00245,11.3,4610.363117095063,11.272315,0.12355848434925865,1.0,2.0,0.9182068
0022401160,1610612741,Chicago,Bulls,CHI,bulls,1631207,Dalen,Terry,D. Terry,dalen-terry,,,,15:51,15.85,2,3,0.667,2,3,0.667,0,0,0.0,0,1,1,3,1,0,1,1,6,0.0,0022401160,Dalen Terry,dalen terry,,,2025-04-09,1,0.37854889589905366,0.0,0.06309148264984227,0.18927444794952683,0.06309148264984227,6.0,5.0,7.0,5.0,3.0,6.0,6.0,6.0,1.0,0,0.0,0,0.0011799999999999998,8.8,7451.312447078749,8.789616,0.06309148264984227,4.0,6.0,0.06700201
0022401160,1610612741,Chicago,Bulls,CHI,bulls,1630172,Patrick,Williams,P. Williams,patrick-williams,,,,13:46,13.766666666666667,2,4,0.5,0,2,0.0,0,0,0.0,0,0,0,0,1,0,2,0,4,-13.0,0022401160,Patrick Williams,patrick williams,,,2025-04-09,1,0.29055690072639223,0.0,0.0,0.0,0.07263922518159806,7.0,5.0,9.0,6.0,3.0,6.0,10.0,7.0,2.0,0,0.0,0,0.00188,-41.9,-22275.38543328017,-41.821228,0.07263922518159806,4.0,5.0,0.014988129
0022401160,1610612741,Chicago,Bulls,CHI,bulls,1628380,Zach,Collins,Z. Collins,zach-collins,,,,12:54,12.9,0,3,0.0,0,2,0.0,0,0,0.0,0,4,4,0,0,1,0,1,0,-5.0,0022401160,Zach Collins,zach collins,,,2025-04-09,1,0.0,0.0,0.31007751937984496,0.0,0.07751937984496124,10.0,5.0,4.0,6.0,7.0,2.0,9.0,8.0,0.0,0,0.0,0,0.001,-17.2,-17182.817182817183,-17.1828,0.07751937984496124,4.0,4.0,0.0091510555
0022401160,1610612741,Chicago,Bulls,CHI,bulls,1629659,Talen,Horton-Tucker,T. Horton-Tucker,talen-horton-tucker,,,,8:13,8.216666666666667,1,4,0.25,0,1,0.0,0,0,0.0,1,0,1,0,0,0,0,2,2,0.0,0022401160,Talen Horton-Tucker,talen horton-tucker,,,2025-04-09,0,0.2434077079107505,0.12170385395537525,0.12170385395537525,0.0,0.12170385395537525,8.0,3.0,7.0,6.0,7.0,6.0,6.0,9.0,0.0,0,0.0,0,0.002,0.0,0.0,0.0,0.0,9.0,3.0,0.01244102
0022401160,1610612741,Chicago,Bulls,CHI,bulls,1641763,Julian,Phillips,J. Phillips,julian-phillips,,,,6:54,6.9,1,1,1.0,0,0,0.0,0,0,0.0,0,0,0,0,0,0,0,0,2,0.0,0022401160,Julian Phillips,julian phillips,,,2025-04-09,0,0.2898550724637681,0.0,0.0,0.0,0.0,8.0,5.0,9.0,6.0,7.0,6.0,6.0,10.0,,1,,1,0.0007099999999999999,0.0,0.0,0.0,0.0,9.0,10.0,0.0054683876
0022401176,1610612741,Chicago,Bulls,CHI,bulls,1641824,Matas,Buzelis,M. Buzelis,matas-buzelis,F,,,31:36,31.6,7,14,0.5,3,6,0.5,3,3,1.0,2,4,6,4,0,3,2,1,20,12.0,0022401176,Matas Buzelis,matas buzelis,,,2025-04-11,3,0.6329113924050632,0.06329113924050632,0.18987341772151897,0.12658227848101264,0.1582278481012658,2.0,3.0,4.0,3.0,8.0,1.0,5.0,1.0,1.0,0,0.0,0,0.00218,20.5,9399.358092618064,20.45531,0.09493670886075949,1.0,3.0,0.80305225
0022401176,1610612741,Chicago,Bulls,CHI,bulls,1641763,Julian,Phillips,J. Phillips,julian-phillips,F,,,27:55,27.916666666666668,7,11,0.636,3,6,0.5,6,6,1.0,3,6,9,1,1,0,0,3,23,25.0,0022401176,Julian Phillips,julian phillips,,,2025-04-11,1,0.8238805970149253,0.10746268656716418,0.32238805970149254,0.035820895522388055,0.14328358208955222,1.0,1.0,2.0,7.0,2.0,5.0,2.0,5.0,3.0,0,0.0,0,0.00194,42.3,21792.890262751156,42.217938,0.035820895522388055,6.0,5.0,0.9005299
0022401176,1610612741,Chicago,Bulls,CHI,bulls,202696,Nikola,Vučević,N. Vučević,nikola-vučević,C,,,28:15,28.25,7,15,0.467,1,3,0.333,0,0,0.0,3,9,12,8,1,2,1,0,15,23.0,0022401176,Nikola Vučević,nikola vučević,,,2025-04-11,3,0.5309734513274337,0.10619469026548672,0.4247787610619469,0.2831858407079646,0.21238938053097345,4.0,1.0,1.0,1.0,2.0,2.0,3.0,3.0,0.0,0,0.0,0,0.00219,37.2,16978.54860794158,37.118532,0.10619469026548672,1.0,2.0,0.80078703
0022401176,1610612741,Chicago,Bulls,CHI,bulls,1629632,Coby,White,C. White,coby-white,G,,,28:06,28.1,6,11,0.545,1,2,0.5,3,3,1.0,1,8,9,4,1,1,2,2,16,30.0,0022401176,Coby White,coby white,,,2025-04-11,2,0.5693950177935942,0.03558718861209964,0.32028469750889677,0.14234875444839856,0.10676156583629892,3.0,5.0,2.0,3.0,2.0,3.0,1.0,4.0,2.0,0,0.0,0,0.00194,46.9,24162.802679031425,46.809014,0.07117437722419928,3.0,6.0,0.71753913
0022401176,1610612741,Chicago,Bulls,CHI,bulls,1628989,Kevin,Huerter,K. Huerter,kevin-huerter,G,,,30:49,30.816666666666666,3,9,0.333,1,6,0.167,0,0,0.0,0,4,4,6,2,0,2,2,7,12.0,0022401176,Kevin Huerter,kevin huerter,,,2025-04-11,2,0.22714981070849108,0.0,0.12979989183342347,0.19469983775013522,0.06489994591671173,8.0,8.0,5.0,2.0,1.0,5.0,5.0,2.0,3.0,0,0.0,0,0.00149,23.1,15492.957746478874,23.065581,0.06489994591671173,3.0,9.0,0.0722398
0022401176,1610612741,Chicago,Bulls,CHI,bulls,1629659,Talen,Horton-Tucker,T. Horton-Tucker,talen-horton-tucker,,,,24:23,24.383333333333333,3,9,0.333,0,4,0.0,6,8,0.75,0,1,1,4,1,1,2,2,12,1.0,0022401176,Talen Horton-Tucker,talen horton-tucker,,,2025-04-11,2,0.49213943950786054,0.0,0.04101161995898838,0.16404647983595352,0.08202323991797676,5.0,8.0,9.0,3.0,2.0,3.0,13.0,6.0,2.0,0,0.0,0,0.00242,3.6,1486.988847583643,3.591288,0.08202323991797676,3.0,8.0,0.14359379
0022401176,1610612741,Chicago,Bulls,CHI,bulls,1630172,Patrick,Williams,P. Williams,patrick-williams,,,,23:27,23.45,2,7,0.286,1,4,0.25,0,0,0.0,1,2,3,1,1,0,0,3,5,7.0,0022401176,Patrick Williams,patrick williams,,,2025-04-11,1,0.21321961620469085,0.042643923240938165,0.1279317697228145,0.042643923240938165,0.08528784648187633,9.0,5.0,7.0,7.0,2.0,5.0,7.0,7.0,1.0,0,0.0,0,0.0011899999999999999,11.8,9907.64063811923,11.785958,0.042643923240938165,6.0,7.0,0.023313982
0022401176,1610612741,Chicago,Bulls,CHI,bulls,1628380,Zach,Collins,Z. Collins,zach-collins,,,,19:45,19.75,3,5,0.6,0,1,0.0,2,2,1.0,2,2,4,3,1,0,3,0,8,7.0,0022401176,Zach Collins,zach collins,,,2025-04-11,1,0.4050632911392405,0.10126582278481013,0.20253164556962025,0.1518987341772152,0.1518987341772152,6.0,3.0,5.0,6.0,2.0,5.0,7.0,8.0,2.0,0,0.0,0,0.0020499999999999997,23.3,11360.3120429059,23.252235000000002,0.05063291139240506,6.0,4.0,0.12138761
0022401176,1610612741,Chicago,Bulls,CHI,bulls,1628975,Jevon,Carter,J. Carter,jevon-carter,,,,13:19,13.316666666666666,3,10,0.3,2,8,0.25,0,0,0.0,0,3,3,1,0,0,0,0,8,15.0,0022401176,Jevon Carter,jevon carter,,,2025-04-11,0,0.6007509386733417,0.0,0.22528160200250313,0.07509386733416772,0.0,6.0,8.0,7.0,7.0,8.0,5.0,4.0,9.0,0.0,0,0.0,0,0.0032300000000000002,53.1,16434.540389972142,52.928487000000004,0.0,9.0,10.0,0.22712162
0022401176,1610612741,Chicago,Bulls,CHI,bulls,1630188,Jalen,Smith,J. Smith,jalen-smith,,,,4:13,4.216666666666667,1,1,1.0,0,0,0.0,0,0,0.0,0,1,1,0,0,0,0,0,2,6.0,0022401176,Jalen Smith,jalen smith,,,2025-04-11,0,0.4743083003952569,0.0,0.23715415019762845,0.0,0.0,11.0,8.0,9.0,10.0,8.0,5.0,9.0,10.0,,1,,1,0.00111,66.7,60036.00360036004,66.625963,0.0,9.0,10.0,0.009744967
0022401176,1610612741,Chicago,Bulls,CHI,bulls,1630604,E.J.,Liddell,E. Liddell,ej-liddell,,,,2:44,2.7333333333333334,0,0,0.0,0,0,0.0,0,0,0.0,0,1,1,0,0,0,0,0,0,4.0,0022401176,E.J. Liddell,ej liddell,,,2025-04-11,0,0.0,0.0,0.36585365853658536,0.0,0.0,12.0,8.0,9.0,10.0,8.0,5.0,10.0,11.0,,1,,1,0.0,110.0,110000000.0,110.0,0.0,9.0,10.0,0.004966367
0022401176,1610612741,Chicago,Bulls,CHI,bulls,1641801,Emanuel,Miller,E. Miller,emanuel-miller,,,,2:44,2.7333333333333334,0,0,0.0,0,0,0.0,0,0,0.0,0,0,0,0,0,0,0,0,0,4.0,0022401176,Emanuel Miller,emanuel miller,,,2025-04-11,0,0.0,0.0,0.0,0.0,0.0,12.0,8.0,13.0,10.0,8.0,5.0,10.0,11.0,0.0,0,0.0,0,0.0,110.0,110000000.0,110.0,0.0,9.0,10.0,0.004014785
0022401176,1610612741,Chicago,Bulls,CHI,bulls,1642443,Jahmir,Young,J. Young,jahmir-young,,,,2:44,2.7333333333333334,1,1,1.0,1,1,1.0,0,0,0.0,1,0,1,0,0,0,0,0,3,4.0,0022401176,Jahmir Young,jahmir young,,,2025-04-11,0,1.0975609756097562,0.36585365853658536,0.36585365853658536,0.0,0.36585365853658536,10.0,5.0,9.0,10.0,8.0,5.0,10.0,11.0,0.0,0,0.0,0,0.002,110.0,54972.51374312843,109.78,0.0,9.0,1.0,0.02039438
0022401191,1610612741,Chicago,Bulls,CHI,bulls,1641824,Matas,Buzelis,M. Buzelis,matas-buzelis,F,,,14:28,14.466666666666667,3,3,1.0,1,1,1.0,0,0,0.0,1,2,3,1,1,0,2,0,7,0.0,0022401191,Matas Buzelis,matas buzelis,,,2025-04-13,1,0.4838709677419355,0.06912442396313365,0.2073732718894009,0.06912442396313365,0.1382488479262673,8.0,4.0,9.0,10.0,4.0,5.0,11.0,11.0,1.0,0,0.0,0,0.0013900000000000002,3.6,2588.0661394680087,3.594996,0.06912442396313365,5.0,5.0,0.10052455
0022401191,1610612741,Chicago,Bulls,CHI,bulls,1641763,Julian,Phillips,J. Phillips,julian-phillips,F,,,26:06,26.1,4,8,0.5,1,4,0.25,0,0,0.0,1,6,7,2,2,1,0,2,9,18.0,0022401191,Julian Phillips,julian phillips,,,2025-04-13,3,0.3448275862068965,0.038314176245210725,0.2681992337164751,0.07662835249042145,0.1532567049808429,6.0,4.0,3.0,5.0,1.0,1.0,4.0,3.0,3.0,0,0.0,0,0.00121,32.0,26424.442609413712,31.96128,0.11494252873563218,1.0,4.0,0.63656867
0022401191,1610612741,Chicago,Bulls,CHI,bulls,202696,Nikola,Vučević,N. Vučević,nikola-vučević,C,,,16:34,16.566666666666666,3,10,0.3,0,1,0.0,2,2,1.0,6,2,8,0,1,1,2,1,8,-6.0,0022401191,Nikola Vučević,nikola vučević,,,2025-04-13,2,0.482897384305835,0.36217303822937624,0.482897384305835,0.0,0.482897384305835,7.0,1.0,2.0,12.0,4.0,1.0,12.0,7.0,0.0,0,0.0,0,0.00271,-19.1,-7045.370711914423,-19.048239000000002,0.12072434607645875,3.0,1.0,0.45529458
0022401191,1610612741,Chicago,Bulls,CHI,bulls,1629632,Coby,White,C. White,coby-white,G,,,18:47,18.783333333333335,1,6,0.167,0,2,0.0,0,0,0.0,0,4,4,4,0,1,3,1,2,-14.0,0022401191,Coby White,coby white,,,2025-04-13,1,0.10647737355811888,0.0,0.21295474711623777,0.21295474711623777,0.05323868677905944,13.0,8.0,6.0,2.0,8.0,1.0,14.0,5.0,0.0,0,1.0,0,0.0017299999999999998,-28.9,-16695.551704217218,-28.850002999999997,0.05323868677905944,5.0,10.0,0.011097747
0022401191,1610612741,Chicago,Bulls,CHI,bulls,1628989,Kevin,Huerter,K. Huerter,kevin-huerter,G,,,16:16,16.266666666666666,6,11,0.545,5,7,0.714,1,2,0.5,0,2,2,2,0,0,0,2,18,4.0,0022401191,Kevin Huerter,kevin huerter,,,2025-04-13,0,1.1065573770491803,0.0,0.12295081967213116,0.12295081967213116,0.0,1.0,8.0,12.0,5.0,8.0,5.0,9.0,9.0,0.0,0,0.0,0,0.00255,11.1,4351.234809878479,11.071694999999998,0.0,9.0,12.0,0.90946466
0022401191,1610612741,Chicago,Bulls,CHI,bulls,1631207,Dalen,Terry,D. Terry,dalen-terry,,,,17:39,17.65,3,9,0.333,0,3,0.0,0,0,0.0,0,3,3,1,1,0,1,1,6,-11.0,0022401191,Dalen Terry,dalen terry,,,2025-04-13,1,0.33994334277620397,0.0,0.16997167138810199,0.056657223796034,0.056657223796034,9.0,8.0,9.0,10.0,4.0,5.0,13.0,6.0,0.0,0,0.0,0,0.00192,-29.9,-15564.809994794377,-29.842591999999996,0.056657223796034,5.0,9.0,0.03566188
0022401191,1610612741,Chicago,Bulls,CHI,bulls,1630172,Patrick,Williams,P. Williams,patrick-williams,,,,26:11,26.183333333333334,6,12,0.5,3,8,0.375,0,1,0.0,0,6,6,4,2,1,3,2,15,23.0,0022401191,Patrick Williams,patrick williams,,,2025-04-13,3,0.5728835136855506,0.0,0.22915340547422025,0.1527689369828135,0.11457670273711013,3.0,8.0,4.0,2.0,1.0,1.0,2.0,2.0,2.0,0,0.0,0,0.00203,38.3,18857.70556376169,38.222251,0.11457670273711013,1.0,6.0,0.8249904
0022401191,1610612741,Chicago,Bulls,CHI,bulls,1630188,Jalen,Smith,J. Smith,jalen-smith,,,,16:24,16.4,5,13,0.385,1,3,0.333,1,2,0.5,3,7,10,2,0,0,0,1,12,8.0,0022401191,Jalen Smith,jalen smith,,,2025-04-13,0,0.7317073170731708,0.1829268292682927,0.6097560975609757,0.12195121951219513,0.1829268292682927,5.0,2.0,1.0,5.0,8.0,5.0,6.0,8.0,0.0,0,0.0,0,0.0032600000000000003,18.7,5734.437289175099,18.639038,0.0,9.0,3.0,0.8021352
0022401191,1610612741,Chicago,Bulls,CHI,bulls,1629659,Talen,Horton-Tucker,T. Horton-Tucker,talen-horton-tucker,,,,28:32,28.533333333333335,6,9,0.667,0,2,0.0,5,7,0.714,0,3,3,6,2,0,1,0,17,20.0,0022401191,Talen Horton-Tucker,talen horton-tucker,,,2025-04-13,2,0.5957943925233644,0.0,0.10514018691588785,0.2102803738317757,0.07009345794392523,2.0,8.0,9.0,1.0,1.0,5.0,3.0,1.0,3.0,0,0.0,0,0.00181,30.8,17007.178354500276,30.744252000000003,0.07009345794392523,3.0,7.0,0.7890133
0022401191,1610612741,Chicago,Bulls,CHI,bulls,1628975,Jevon,Carter,J. Carter,jevon-carter,,,,21:34,21.566666666666666,2,9,0.222,1,7,0.143,0,0,0.0,1,3,4,2,0,0,0,2,5,26.0,0022401191,Jevon Carter,jevon carter,,,2025-04-13,0,0.23183925811437403,0.04636785162287481,0.18547140649149924,0.09273570324574962,0.04636785162287481,11.0,4.0,6.0,5.0,8.0,5.0,1.0,4.0,1.0,0,0.0,0,0.00164,54.9,33455.210237659965,54.809964,0.0,9.0,11.0,0.11254796
0022401191,1610612741,Chicago,Bulls,CHI,bulls,1628380,Zach,Collins,Z. Collins,zach-collins,,,,15:02,15.033333333333333,4,7,0.571,1,1,1.0,4,4,1.0,1,3,4,2,0,0,0,1,13,18.0,0022401191,Zach Collins,zach collins,,,2025-04-13,0,0.8647450110864745,0.06651884700665188,0.2660753880266075,0.13303769401330376,0.06651884700665188,4.0,4.0,6.0,5.0,8.0,5.0,4.0,10.0,0.0,0,0.0,0,0.00231,51.4,22241.453916053655,51.281265999999995,0.0,9.0,8.0,0.7617373
0022401191,1610612741,Chicago,Bulls,CHI,bulls,1642443,Jahmir,Young,J. Young,jahmir-young,,,,8:17,8.283333333333333,1,1,1.0,0,0,0.0,2,2,1.0,0,0,0,3,0,0,0,1,4,7.0,0022401191,Jahmir Young,jahmir young,,,2025-04-13,0,0.482897384305835,0.0,0.0,0.36217303822937624,0.0,12.0,8.0,13.0,4.0,8.0,5.0,7.0,13.0,1.0,0,0.0,0,0.00091,30.0,32930.84522502744,29.9727,0.0,9.0,12.0,0.0067581544
0022401191,1610612741,Chicago,Bulls,CHI,bulls,1641801,Emanuel,Miller,E. Miller,emanuel-miller,,,,10:46,10.766666666666667,3,4,0.75,0,0,0.0,0,0,0.0,2,3,5,0,1,0,0,2,6,5.0,0022401191,Emanuel Miller,emanuel miller,,,2025-04-13,1,0.5572755417956656,0.18575851393188852,0.46439628482972134,0.0,0.2786377708978328,9.0,3.0,5.0,12.0,4.0,5.0,8.0,12.0,1.0,0,0.0,0,0.0014299999999999998,25.0,17470.300489168418,24.96425,0.09287925696594426,5.0,2.0,0.18091027
0022401191,1610612741,Chicago,Bulls,CHI,bulls,1630604,E.J.,Liddell,E. Liddell,ej-liddell,,,,3:24,3.4,0,1,0.0,0,1,0.0,0,0,0.0,0,0,0,0,0,0,0,1,0,2.0,0022401191,E.J. Liddell,ej liddell,,,2025-04-13,0,0.0,0.0,0.0,0.0,0.0,14.0,8.0,13.0,12.0,8.0,5.0,10.0,14.0,0.0,0,0.0,0,0.00111,36.1,32493.249324932494,36.059929,0.0,9.0,12.0,0.0026107882
