gameId,teamId,teamCity,teamName,teamTricode,teamSlug,personId,firstName,familyName,nameI,playerSlug,position,comment,jerseyNum,minutes,minutes_decimal,fieldGoalsMade,fieldGoalsAttempted,fieldGoalsPercentage,threePointersMade,threePointersAttempted,threePointersPercentage,freeThrowsMade,freeThrowsAttempted,freeThrowsPercentage,reboundsOffensive,reboundsDefensive,reboundsTotal,assists,steals,blocks,turnovers,foulsPersonal,points,plusMinusPoints,GAME_ID,player_name,player_name_key,y,winner_names,game_date,stocks,points_per_min,oreb_per_min,reb_per_min,ast_per_min,hustle_proxy,points_rank,reboundsOffensive_rank,reboundsTotal_rank,assists_rank,steals_rank,blocks_rank,plusMinusPoints_rank,minutes_decimal_rank,deflections,deflections_missing,charges_drawn,charges_drawn_missing,usage_rate,net_rating,impact_efficiency,role_outperformance,stocks_per_min,stocks_rank,hustle_proxy_rank,pred_prob
0022500003,1610612739,Cleveland,Cavaliers,CLE,cavaliers,1630596,Evan,Mobley,E. Mobley,evan-mobley,F,,,35:56,35.93333333333333,8,18,0.444,4,8,0.5,2,5,0.4,0,8,8,3,3,1,3,3,22,0.0,0022500003,Evan Mobley,evan mobley,,,2025-10-22,4,0.6122448979591837,0.0,0.22263450834879409,0.08348794063079779,0.11131725417439704,2.0,5.0,1.0,3.0,1.0,1.0,1.0,1.0,3.0,0,0.0,0,0.0025800000000000003,0.0,0.0,0.0,0.11131725417439704,1.0,1.0,0.86909705
0022500003,1610612739,Cleveland,Cavaliers,CLE,cavaliers,1642281,Jaylon,Tyson,J. Tyson,jaylon-tyson,F,,,20:13,20.216666666666665,2,4,0.5,1,3,0.333,0,0,0.0,1,1,2,1,0,1,2,4,5,-6.0,0022500003,Jaylon Tyson,jaylon tyson,,,2025-10-22,1,0.247320692497939,0.0494641384995878,0.0989282769991756,0.0494641384995878,0.0989282769991756,6.0,1.0,6.0,5.0,5.0,1.0,8.0,7.0,3.0,0,0.0,0,0.0014000000000000002,-12.1,-8636.688079942896,-12.08306,0.0494641384995878,5.0,2.0,0.044063658
0022500003,1610612739,Cleveland,Cavaliers,CLE,cavaliers,1628386,Jarrett,Allen,J. Allen,jarrett-allen,C,,,28:13,28.216666666666665,1,4,0.25,0,0,0.0,2,4,0.5,0,4,4,1,2,0,1,0,4,-4.0,0022500003,Jarrett Allen,jarrett allen,,,2025-10-22,2,0.14176018901358536,0.0,0.14176018901358536,0.03544004725339634,0.07088009450679268,8.0,5.0,3.0,5.0,2.0,5.0,7.0,4.0,4.0,0,0.0,0,0.00106,-10.0,-9425.07068803016,-9.9894,0.07088009450679268,3.0,5.0,0.015088437
0022500003,1610612739,Cleveland,Cavaliers,CLE,cavaliers,1630241,Sam,Merrill,S. Merrill,sam-merrill,G,,,28:22,28.366666666666667,6,11,0.545,5,10,0.5,2,2,1.0,1,2,3,1,0,0,1,6,19,-1.0,0022500003,Sam Merrill,sam merrill,,,2025-10-22,0,0.6698002350176263,0.03525264394829612,0.10575793184488837,0.03525264394829612,0.03525264394829612,3.0,1.0,5.0,5.0,5.0,5.0,3.0,3.0,1.0,0,0.0,0,0.00191,-1.6,-837.257980115123,-1.5969440000000001,0.0,6.0,8.0,0.8196345
0022500003,1610612739,Cleveland,Cavaliers,CLE,cavaliers,1628378,Donovan,Mitchell,D. Mitchell,donovan-mitchell,G,,,35:53,35.88333333333333,12,25,0.48,2,9,0.222,5,5,1.0,0,2,2,5,2,1,3,2,31,-14.0,0022500003,Donovan Mitchell,donovan mitchell,,,2025-10-22,3,0.8639108221086855,0.0,0.0557361820715281,0.13934045517882027,0.08360427310729215,1.0,5.0,6.0,2.0,2.0,1.0,10.0,2.0,6.0,0,0.0,0,0.00357,-21.8,-6104.73256790815,-21.722174000000003,0.08360427310729215,2.0,3.0,0.86110353
0022500003,1610612739,Cleveland,Cavaliers,CLE,cavaliers,1629731,Dean,Wade,D. Wade,dean-wade,,,,28:07,28.116666666666667,3,3,1.0,3,3,1.0,1,2,0.5,0,2,2,0,1,1,0,4,10,0.0,0022500003,Dean Wade,dean wade,,,2025-10-22,2,0.35566093657379966,0.0,0.07113218731475993,0.0,0.07113218731475993,4.0,5.0,6.0,10.0,4.0,1.0,1.0,5.0,2.0,0,0.0,0,0.0005899999999999999,3.4,5752.961082910322,3.397994,0.07113218731475993,3.0,4.0,0.44194075
0022500003,1610612739,Cleveland,Cavaliers,CLE,cavaliers,1628366,Lonzo,Ball,L. Ball,lonzo-ball,,,,23:29,23.483333333333334,1,7,0.143,1,7,0.143,0,0,0.0,1,3,4,6,0,0,4,0,3,-3.0,0022500003,Lonzo Ball,lonzo ball,,,2025-10-22,0,0.12775017743080197,0.042583392476934,0.170333569907736,0.25550035486160394,0.042583392476934,9.0,1.0,3.0,1.0,5.0,5.0,6.0,6.0,1.0,0,0.0,0,0.00183,-9.2,-5024.576734025122,-9.183164,0.0,6.0,7.0,0.021146348
0022500003,1610612739,Cleveland,Cavaliers,CLE,cavaliers,1641854,Craig,Porter Jr.,C. Porter Jr.,craig-porter-jr,,,,6:43,6.716666666666667,1,2,0.5,0,1,0.0,0,0,0.0,0,0,0,1,0,0,0,1,2,-9.0,0022500003,Craig Porter Jr.,craig porter jr,,,2025-10-22,0,0.2977667493796526,0.0,0.0,0.1488833746898263,0.0,10.0,5.0,10.0,5.0,5.0,5.0,9.0,10.0,2.0,0,0.0,0,0.0014299999999999998,-56.6,-39552.7603074773,-56.519062,0.0,6.0,9.0,0.0038543914
0022500003,1610612739,Cleveland,Cavaliers,CLE,cavaliers,1626204,Larry,Nance Jr.,L. Nance Jr.,larry-nance-jr,,,,16:59,16.983333333333334,4,7,0.571,2,2,1.0,0,0,0.0,1,5,6,1,0,0,1,3,10,-2.0,0022500003,Larry Nance Jr.,larry nance jr,,,2025-10-22,0,0.5888125613346418,0.05888125613346418,0.35328753680078506,0.05888125613346418,0.05888125613346418,4.0,1.0,2.0,5.0,5.0,5.0,5.0,8.0,4.0,0,0.0,0,0.0020499999999999997,-5.6,-2730.3754266211604,-5.58852,0.0,6.0,6.0,0.5815866
0022500003,1610612739,Cleveland,Cavaliers,CLE,cavaliers,1642878,Tyrese,Proctor,T. Proctor,tyrese-proctor,,,,16:06,16.1,2,5,0.4,1,3,0.333,0,0,0.0,0,1,1,2,0,0,0,2,5,-1.0,0022500003,Tyrese Proctor,tyrese proctor,,,2025-10-22,0,0.3105590062111801,0.0,0.06211180124223602,0.12422360248447203,0.0,6.0,5.0,9.0,4.0,5.0,5.0,3.0,9.0,2.0,0,0.0,0,0.00135,-2.9,-2146.5581051073277,-2.8960850000000002,0.0,6.0,9.0,0.056118704
0022500091,1610612739,Cleveland,Cavaliers,CLE,cavaliers,1642281,Jaylon,Tyson,J. Tyson,jaylon-tyson,F,,,22:35,22.583333333333332,3,4,0.75,2,3,0.667,0,0,0.0,1,3,4,1,3,1,1,3,8,-1.0,0022500091,Jaylon Tyson,jaylon tyson,,,2025-10-24,4,0.3542435424354244,0.04428044280442805,0.1771217712177122,0.04428044280442805,0.22140221402214022,7.0,3.0,4.0,7.0,1.0,2.0,6.0,6.0,5.0,0,0.0,0,0.00089,0.4,448.93378226711565,0.39964400000000005,0.1771217712177122,1.0,1.0,0.18531777
0022500091,1610612739,Cleveland,Cavaliers,CLE,cavaliers,1630596,Evan,Mobley,E. Mobley,evan-mobley,F,,,34:14,34.233333333333334,5,12,0.417,1,4,0.25,2,4,0.5,3,5,8,5,0,2,3,2,13,-8.0,0022500091,Evan Mobley,evan mobley,,,2025-10-24,2,0.37974683544303794,0.08763388510223953,0.23369036027263876,0.1460564751703992,0.1460564751703992,5.0,1.0,1.0,2.0,9.0,1.0,8.0,2.0,5.0,0,0.0,0,0.002,-8.9,-4447.776111944027,-8.882200000000001,0.05842259006815969,4.0,3.0,0.36805844
0022500091,1610612739,Cleveland,Cavaliers,CLE,cavaliers,1628386,Jarrett,Allen,J. Allen,jarrett-allen,C,,,30:25,30.416666666666668,8,11,0.727,0,1,0.0,6,9,0.667,2,5,7,4,2,1,2,2,22,24.0,0022500091,Jarrett Allen,jarrett allen,,,2025-10-24,3,0.7232876712328767,0.06575342465753424,0.23013698630136986,0.13150684931506848,0.1643835616438356,2.0,2.0,2.0,5.0,3.0,2.0,1.0,3.0,4.0,0,0.0,0,0.00227,33.9,14927.344782034346,33.823046999999995,0.09863013698630137,2.0,2.0,0.85587674
0022500091,1610612739,Cleveland,Cavaliers,CLE,cavaliers,1630241,Sam,Merrill,S. Merrill,sam-merrill,G,,,26:20,26.333333333333332,6,11,0.545,6,10,0.6,4,4,1.0,1,0,1,5,1,1,4,4,22,14.0,0022500091,Sam Merrill,sam merrill,,,2025-10-24,2,0.8354430379746836,0.0379746835443038,0.0379746835443038,0.189873417721519,0.1139240506329114,2.0,3.0,9.0,2.0,5.0,2.0,3.0,5.0,1.0,0,0.0,0,0.0025,21.7,8676.5293882447,21.64575,0.0759493670886076,4.0,5.0,0.8295309
0022500091,1610612739,Cleveland,Cavaliers,CLE,cavaliers,1628378,Donovan,Mitchell,D. Mitchell,donovan-mitchell,G,,,34:52,34.86666666666667,10,15,0.667,6,10,0.6,9,12,0.75,0,2,2,5,3,0,3,3,35,22.0,0022500091,Donovan Mitchell,donovan mitchell,,,2025-10-24,3,1.0038240917782026,0.0,0.05736137667304015,0.14340344168260039,0.08604206500956023,1.0,7.0,6.0,2.0,1.0,5.0,2.0,1.0,4.0,0,0.0,0,0.00265,30.8,11618.257261410788,30.71838,0.08604206500956023,2.0,7.0,0.8260172
0022500091,1610612739,Cleveland,Cavaliers,CLE,cavaliers,1628366,Lonzo,Ball,L. Ball,lonzo-ball,,,,22:30,22.5,0,4,0.0,0,2,0.0,2,2,1.0,0,2,2,8,2,0,2,0,2,0.0,0022500091,Lonzo Ball,lonzo ball,,,2025-10-24,2,0.08888888888888889,0.0,0.08888888888888889,0.35555555555555557,0.08888888888888889,9.0,7.0,6.0,1.0,3.0,5.0,5.0,7.0,3.0,0,0.0,0,0.00121,-2.4,-1981.8331957060282,-2.397096,0.08888888888888889,4.0,6.0,0.015811495
0022500091,1610612739,Cleveland,Cavaliers,CLE,cavaliers,1629731,Dean,Wade,D. Wade,dean-wade,,,,26:57,26.95,2,7,0.286,1,6,0.167,1,1,1.0,1,5,6,1,0,0,0,2,6,-8.0,0022500091,Dean Wade,dean wade,,,2025-10-24,0,0.22263450834879406,0.03710575139146568,0.22263450834879406,0.03710575139146568,0.03710575139146568,8.0,3.0,3.0,7.0,9.0,5.0,8.0,4.0,3.0,0,0.0,0,0.00104,-11.3,-10854.947166186363,-11.288248,0.0,10.0,10.0,0.037900206
0022500091,1610612739,Cleveland,Cavaliers,CLE,cavaliers,1641854,Craig,Porter Jr.,C. Porter Jr.,craig-porter-jr,,,,14:25,14.416666666666666,6,6,1.0,2,2,1.0,0,0,0.0,0,2,2,2,1,0,0,0,14,8.0,0022500091,Craig Porter Jr.,craig porter jr,,,2025-10-24,1,0.9710982658959538,0.0,0.13872832369942198,0.13872832369942198,0.06936416184971099,4.0,7.0,6.0,6.0,5.0,5.0,4.0,9.0,4.0,0,0.0,0,0.00188,17.9,9516.214779372674,17.866348,0.06936416184971099,7.0,9.0,0.75782436
0022500091,1610612739,Cleveland,Cavaliers,CLE,cavaliers,1642878,Tyrese,Proctor,T. Proctor,tyrese-proctor,,,,11:57,11.95,0,4,0.0,0,3,0.0,0,0,0.0,0,1,1,0,1,0,2,2,0,-11.0,0022500091,Tyrese Proctor,tyrese proctor,,,2025-10-24,1,0.0,0.0,0.08368200836820085,0.0,0.08368200836820085,10.0,7.0,9.0,10.0,5.0,5.0,10.0,10.0,3.0,0,0.0,0,0.00214,-46.3,-21625.40868752919,-46.200917999999994,0.08368200836820085,7.0,8.0,0.005664104
0022500091,1610612739,Cleveland,Cavaliers,CLE,cavaliers,1626204,Larry,Nance Jr.,L. Nance Jr.,larry-nance-jr,,,,15:46,15.766666666666667,4,8,0.5,0,1,0.0,1,3,0.333,1,2,3,1,1,0,0,0,9,-5.0,0022500091,Larry Nance Jr.,larry nance jr,,,2025-10-24,1,0.5708245243128964,0.06342494714587738,0.19027484143763213,0.06342494714587738,0.12684989429175475,6.0,3.0,5.0,7.0,5.0,5.0,7.0,8.0,1.0,0,0.0,0,0.0025,-18.1,-7237.105157936825,-18.054750000000002,0.06342494714587738,7.0,4.0,0.42376724
0022500107,1610612739,Cleveland,Cavaliers,CLE,cavaliers,1629631,De'Andre,Hunter,D. Hunter,deandre-hunter,F,,,26:42,26.7,6,13,0.462,1,4,0.25,3,5,0.6,1,3,4,2,0,0,1,4,16,3.0,0022500107,De'Andre Hunter,de'andre hunter,,,2025-10-26,0,0.599250936329588,0.03745318352059925,0.149812734082397,0.0749063670411985,0.03745318352059925,4.0,3.0,5.0,4.0,7.0,2.0,5.0,4.0,3.0,0,0.0,0,0.00254,9.2,3620.6218024399836,9.176632,0.0,7.0,6.0,0.61397433
0022500107,1610612739,Cleveland,Cavaliers,CLE,cavaliers,1630596,Evan,Mobley,E. Mobley,evan-mobley,F,,,34:02,34.03333333333333,5,13,0.385,1,5,0.2,12,12,1.0,1,7,8,6,3,2,2,4,23,16.0,0022500107,Evan Mobley,evan mobley,,,2025-10-26,5,0.6758080313418218,0.029382957884427033,0.23506366307541626,0.1762977473065622,0.1762977473065622,2.0,3.0,2.0,1.0,1.0,1.0,2.0,1.0,4.0,0,0.0,0,0.00263,27.0,10262.257696693272,26.92899,0.14691478942213518,1.0,2.0,0.8756681
0022500107,1610612739,Cleveland,Cavaliers,CLE,cavaliers,1628386,Jarrett,Allen,J. Allen,jarrett-allen,C,,,26:10,26.166666666666668,3,6,0.5,0,0,0.0,2,2,1.0,2,9,11,1,1,0,1,2,8,12.0,0022500107,Jarrett Allen,jarrett allen,,,2025-10-26,1,0.3057324840764331,0.07643312101910828,0.4203821656050955,0.03821656050955414,0.11464968152866241,6.0,2.0,1.0,5.0,3.0,2.0,3.0,5.0,5.0,0,0.0,0,0.00121,17.4,14368.290668868704,17.378946,0.03821656050955414,3.0,5.0,0.21108699
0022500107,1610612739,Cleveland,Cavaliers,CLE,cavaliers,1630241,Sam,Merrill,S. Merrill,sam-merrill,G,,,30:21,30.35,5,11,0.455,4,9,0.444,3,3,1.0,1,2,3,1,0,0,0,3,17,17.0,0022500107,Sam Merrill,sam merrill,,,2025-10-26,0,0.5601317957166392,0.032948929159802305,0.09884678747940691,0.032948929159802305,0.032948929159802305,3.0,3.0,6.0,5.0,7.0,2.0,1.0,3.0,2.0,0,0.0,0,0.0016200000000000001,29.2,18013.571869216532,29.152696000000002,0.0,7.0,7.0,0.88016784
0022500107,1610612739,Cleveland,Cavaliers,CLE,cavaliers,1628378,Donovan,Mitchell,D. Mitchell,donovan-mitchell,G,,,33:24,33.4,9,20,0.45,1,8,0.125,5,8,0.625,0,3,3,4,1,0,5,0,24,2.0,0022500107,Donovan Mitchell,donovan mitchell,,,2025-10-26,1,0.718562874251497,0.0,0.08982035928143713,0.11976047904191617,0.029940119760479042,1.0,8.0,6.0,3.0,3.0,2.0,6.0,2.0,2.0,0,0.0,0,0.0031,-1.8,-580.457916801032,-1.7944200000000001,0.029940119760479042,3.0,8.0,0.68579125
0022500107,1610612739,Cleveland,Cavaliers,CLE,cavaliers,1629731,Dean,Wade,D. Wade,dean-wade,,,,23:00,23.0,1,5,0.2,0,4,0.0,2,2,1.0,0,1,1,1,0,0,0,3,4,-10.0,0022500107,Dean Wade,dean wade,,,2025-10-26,0,0.17391304347826086,0.0,0.043478260869565216,0.043478260869565216,0.0,10.0,8.0,9.0,5.0,7.0,2.0,9.0,7.0,0.0,0,0.0,0,0.0010199999999999999,-7.7,-7541.62585700294,-7.692146,0.0,7.0,9.0,0.0076697827
0022500107,1610612739,Cleveland,Cavaliers,CLE,cavaliers,1628366,Lonzo,Ball,L. Ball,lonzo-ball,,,,23:08,23.133333333333333,4,7,0.571,2,4,0.5,1,3,0.333,3,3,6,5,1,0,3,1,11,-5.0,0022500107,Lonzo Ball,lonzo ball,,,2025-10-26,1,0.4755043227665706,0.12968299711815562,0.25936599423631124,0.21613832853025938,0.1729106628242075,5.0,1.0,3.0,2.0,3.0,2.0,8.0,6.0,1.0,0,0.0,0,0.0017499999999999998,-15.4,-8794.974300399774,-15.37305,0.043227665706051875,3.0,3.0,0.55503047
0022500107,1610612739,Cleveland,Cavaliers,CLE,cavaliers,1642281,Jaylon,Tyson,J. Tyson,jaylon-tyson,,,,14:53,14.883333333333333,2,4,0.5,1,2,0.5,0,0,0.0,0,0,0,1,0,0,1,3,5,-13.0,0022500107,Jaylon Tyson,jaylon tyson,,,2025-10-26,0,0.335946248600224,0.0,0.0,0.0671892497200448,0.0,7.0,8.0,10.0,5.0,7.0,2.0,10.0,9.0,1.0,0,0.0,0,0.00125,-42.2,-33733.0135891287,-42.14725000000001,0.0,7.0,9.0,0.018062456
0022500107,1610612739,Cleveland,Cavaliers,CLE,cavaliers,1641854,Craig,Porter Jr.,C. Porter Jr.,craig-porter-jr,,,,16:21,16.35,2,5,0.4,1,3,0.333,0,0,0.0,1,2,3,1,3,0,2,1,5,4.0,0022500107,Craig Porter Jr.,craig porter jr,,,2025-10-26,3,0.3058103975535168,0.061162079510703356,0.18348623853211007,0.061162079510703356,0.24464831804281342,7.0,3.0,6.0,5.0,1.0,2.0,4.0,8.0,6.0,0,0.0,0,0.0017100000000000001,14.8,8649.912331969608,14.774692000000002,0.18348623853211007,2.0,1.0,0.07058634
0022500107,1610612739,Cleveland,Cavaliers,CLE,cavaliers,1626204,Larry,Nance Jr.,L. Nance Jr.,larry-nance-jr,,,,12:00,12.0,2,3,0.667,1,1,1.0,0,0,0.0,1,4,5,1,1,0,1,2,5,-1.0,0022500107,Larry Nance Jr.,larry nance jr,,,2025-10-26,1,0.4166666666666667,0.08333333333333333,0.4166666666666667,0.08333333333333333,0.16666666666666666,7.0,3.0,4.0,5.0,3.0,2.0,7.0,10.0,2.0,0,0.0,0,0.0013800000000000002,-3.7,-2679.217958001448,-3.694894,0.08333333333333333,3.0,4.0,0.056226555
0022500007,1610612739,Cleveland,Cavaliers,CLE,cavaliers,1629631,De'Andre,Hunter,D. Hunter,deandre-hunter,F,,,24:22,24.366666666666667,4,11,0.364,2,6,0.333,3,3,1.0,1,4,5,6,1,0,2,3,13,5.0,0022500007,De'Andre Hunter,de'andre hunter,,,2025-10-27,1,0.533515731874145,0.04103967168262654,0.2051983584131327,0.24623803009575923,0.08207934336525308,4.0,5.0,5.0,1.0,4.0,3.0,7.0,5.0,1.0,0,0.0,0,0.0023,13.5,5867.014341590612,13.46895,0.04103967168262654,5.0,8.0,0.6220963
0022500007,1610612739,Cleveland,Cavaliers,CLE,cavaliers,1630596,Evan,Mobley,E. Mobley,evan-mobley,F,,,30:21,30.35,5,10,0.5,1,5,0.2,4,6,0.667,2,9,11,5,1,3,2,3,15,27.0,0022500007,Evan Mobley,evan mobley,,,2025-10-27,4,0.4942339373970346,0.06589785831960461,0.36243822075782534,0.16474464579901152,0.19769357495881382,3.0,3.0,1.0,2.0,4.0,1.0,2.0,1.0,4.0,0,0.0,0,0.002,43.9,21939.03048475762,43.8122,0.13179571663920922,1.0,3.0,0.78738236
0022500007,1610612739,Cleveland,Cavaliers,CLE,cavaliers,1628386,Jarrett,Allen,J. Allen,jarrett-allen,C,,,25:11,25.183333333333334,7,12,0.583,0,0,0.0,6,7,0.857,2,5,7,2,1,0,3,3,20,18.0,0022500007,Jarrett Allen,jarrett allen,,,2025-10-27,1,0.7941760423560555,0.07941760423560555,0.27796161482461945,0.07941760423560555,0.11912640635340833,2.0,3.0,2.0,4.0,4.0,3.0,3.0,4.0,3.0,0,0.0,0,0.00269,35.4,13154.960981047936,35.304774,0.039708802117802776,5.0,5.0,0.8229668
0022500007,1610612739,Cleveland,Cavaliers,CLE,cavaliers,1630241,Sam,Merrill,S. Merrill,sam-merrill,G,,,17:59,17.983333333333334,4,7,0.571,3,6,0.5,0,0,0.0,0,1,1,1,2,0,0,1,11,13.0,0022500007,Sam Merrill,sam merrill,,,2025-10-27,2,0.6116774791473586,0.0,0.05560704355885079,0.05560704355885079,0.11121408711770157,5.0,7.0,10.0,8.0,2.0,3.0,5.0,8.0,2.0,0,0.0,0,0.00149,31.7,21260.898725687457,31.652767,0.11121408711770157,3.0,6.0,0.73513603
0022500007,1610612739,Cleveland,Cavaliers,CLE,cavaliers,1628378,Donovan,Mitchell,D. Mitchell,donovan-mitchell,G,,,29:29,29.483333333333334,13,18,0.722,2,4,0.5,7,8,0.875,0,1,1,2,0,0,5,0,35,38.0,0022500007,Donovan Mitchell,donovan mitchell,,,2025-10-27,0,1.187111362351611,0.0,0.033917467495760314,0.06783493499152063,0.0,1.0,7.0,10.0,4.0,8.0,3.0,1.0,2.0,1.0,0,0.0,0,0.0034200000000000003,56.7,16574.101140017538,56.506086,0.0,9.0,10.0,0.51425046
0022500007,1610612739,Cleveland,Cavaliers,CLE,cavaliers,1641854,Craig,Porter Jr.,C. Porter Jr.,craig-porter-jr,,,,23:49,23.816666666666666,1,4,0.25,0,2,0.0,2,3,0.667,3,4,7,3,3,0,1,0,4,18.0,0022500007,Craig Porter Jr.,craig porter jr,,,2025-10-27,3,0.16794961511546536,0.12596221133659902,0.2939118264520644,0.12596221133659902,0.25192442267319803,7.0,1.0,2.0,3.0,1.0,3.0,3.0,6.0,3.0,0,0.0,0,0.00097,31.8,32749.742533470646,31.769154,0.12596221133659902,2.0,2.0,0.21464956
0022500007,1610612739,Cleveland,Cavaliers,CLE,cavaliers,1629731,Dean,Wade,D. Wade,dean-wade,,,,19:50,19.833333333333332,1,3,0.333,1,2,0.5,2,4,0.5,3,3,6,2,2,0,2,1,5,13.0,0022500007,Dean Wade,dean wade,,,2025-10-27,2,0.25210084033613445,0.1512605042016807,0.3025210084033614,0.10084033613445378,0.25210084033613445,6.0,1.0,4.0,4.0,2.0,3.0,5.0,7.0,3.0,0,0.0,0,0.0013700000000000001,32.1,23413.56673960613,32.056023,0.10084033613445378,3.0,1.0,0.17209473
0022500007,1610612739,Cleveland,Cavaliers,CLE,cavaliers,1642281,Jaylon,Tyson,J. Tyson,jaylon-tyson,,,,27:34,27.566666666666666,0,5,0.0,0,2,0.0,3,4,0.75,0,2,2,1,0,0,1,5,3,3.0,0022500007,Jaylon Tyson,jaylon tyson,,,2025-10-27,0,0.10882708585247884,0.0,0.07255139056831923,0.036275695284159616,0.0,9.0,7.0,7.0,8.0,8.0,3.0,9.0,3.0,2.0,0,0.0,0,0.00116,6.5,5598.621877691646,6.4924599999999995,0.0,9.0,10.0,0.007932638
0022500007,1610612739,Cleveland,Cavaliers,CLE,cavaliers,1626204,Larry,Nance Jr.,L. Nance Jr.,larry-nance-jr,,,,17:38,17.633333333333333,1,3,0.333,1,2,0.5,0,0,0.0,0,4,4,2,0,1,1,5,3,4.0,0022500007,Larry Nance Jr.,larry nance jr,,,2025-10-27,1,0.17013232514177695,0.0,0.22684310018903592,0.11342155009451796,0.05671077504725898,9.0,7.0,6.0,4.0,8.0,2.0,8.0,9.0,2.0,0,0.0,0,0.0009299999999999999,10.5,11278.195488721805,10.490235,0.05671077504725898,5.0,9.0,0.012948721
0022500007,1610612739,Cleveland,Cavaliers,CLE,cavaliers,1642878,Tyrese,Proctor,T. Proctor,tyrese-proctor,,,,10:08,10.133333333333333,1,5,0.2,1,3,0.333,0,0,0.0,0,2,2,1,1,0,2,1,3,-10.0,0022500007,Tyrese Proctor,tyrese proctor,,,2025-10-27,1,0.2960526315789474,0.0,0.19736842105263158,0.09868421052631579,0.09868421052631579,9.0,7.0,7.0,8.0,4.0,3.0,10.0,10.0,,1,,1,0.0028000000000000004,-45.5,-16244.19850053552,-45.3726,0.09868421052631579,5.0,7.0,0.0058780555
0022500007,1610612739,Cleveland,Cavaliers,CLE,cavaliers,1631247,Luke,Travers,L. Travers,luke-travers,,,,6:49,6.816666666666666,0,3,0.0,0,1,0.0,0,0,0.0,0,0,0,0,0,0,0,0,0,-12.0,0022500007,Luke Travers,luke travers,,,2025-10-27,0,0.0,0.0,0.0,0.0,0.0,12.0,7.0,12.0,11.0,8.0,3.0,11.0,11.0,,1,,1,0.0017599999999999998,-80.0,-45428.73367404884,-79.8592,0.0,9.0,10.0,0.0030671805
0022500007,1610612739,Cleveland,Cavaliers,CLE,cavaliers,1628418,Thomas,Bryant,T. Bryant,thomas-bryant,,,,6:49,6.816666666666666,2,4,0.5,0,2,0.0,0,0,0.0,1,1,2,0,0,0,0,3,4,-12.0,0022500007,Thomas Bryant,thomas bryant,,,2025-10-27,0,0.58679706601467,0.1466992665036675,0.293398533007335,0.0,0.1466992665036675,7.0,5.0,7.0,11.0,8.0,3.0,11.0,11.0,0.0,0,0.0,0,0.0023499999999999997,-80.0,-34028.0731603573,-79.812,0.0,9.0,4.0,0.039036755
0022500128,1610612739,Cleveland,Cavaliers,CLE,cavaliers,1629631,De'Andre,Hunter,D. Hunter,deandre-hunter,F,,,30:14,30.233333333333334,5,17,0.294,3,12,0.25,5,5,1.0,1,5,6,2,0,0,1,1,18,-25.0,0022500128,De'Andre Hunter,de'andre hunter,,,2025-10-29,0,0.5953693495038589,0.0330760749724366,0.19845644983461963,0.0661521499448732,0.0330760749724366,3.0,5.0,2.0,5.0,5.0,4.0,12.0,3.0,6.0,0,0.0,0,0.0027,-40.3,-14920.399851906699,-40.19119,0.0,6.0,6.0,0.26080027
0022500128,1610612739,Cleveland,Cavaliers,CLE,cavaliers,1630596,Evan,Mobley,E. Mobley,evan-mobley,F,,,34:06,34.1,7,19,0.368,2,8,0.25,3,5,0.6,4,7,11,4,1,2,3,1,19,-22.0,0022500128,Evan Mobley,evan mobley,,,2025-10-29,3,0.5571847507331378,0.11730205278592375,0.3225806451612903,0.11730205278592375,0.20527859237536655,1.0,1.0,1.0,3.0,2.0,1.0,11.0,1.0,3.0,0,0.0,0,0.00296,-31.9,-10773.38736913205,-31.805576,0.0879765395894428,1.0,1.0,0.62812614
0022500128,1610612739,Cleveland,Cavaliers,CLE,cavaliers,1628386,Jarrett,Allen,J. Allen,jarrett-allen,C,,,25:02,25.033333333333335,4,7,0.571,0,0,0.0,8,8,1.0,2,4,6,1,1,1,1,1,16,-4.0,0022500128,Jarrett Allen,jarrett allen,,,2025-10-29,2,0.6391478029294274,0.07989347536617843,0.23968042609853527,0.03994673768308921,0.15978695073235685,4.0,2.0,2.0,7.0,2.0,2.0,3.0,5.0,5.0,0,0.0,0,0.00197,-7.7,-3906.6463723997967,-7.684831,0.07989347536617843,3.0,3.0,0.6006337
0022500128,1610612739,Cleveland,Cavaliers,CLE,cavaliers,1642281,Jaylon,Tyson,J. Tyson,jaylon-tyson,G,,,26:31,26.516666666666666,8,11,0.727,2,5,0.4,1,2,0.5,2,3,5,1,3,0,3,6,19,-10.0,0022500128,Jaylon Tyson,jaylon tyson,,,2025-10-29,3,0.7165304839723444,0.07542426147077311,0.18856065367693275,0.037712130735386554,0.18856065367693275,1.0,2.0,4.0,7.0,1.0,4.0,10.0,4.0,2.0,0,0.0,0,0.0020599999999999998,-26.9,-13051.916545366326,-26.844586,0.11313639220615965,1.0,2.0,0.9181788
0022500128,1610612739,Cleveland,Cavaliers,CLE,cavaliers,1628378,Donovan,Mitchell,D. Mitchell,donovan-mitchell,G,,,31:56,31.933333333333334,5,12,0.417,5,9,0.556,0,2,0.0,0,4,4,6,0,1,3,4,15,-6.0,0022500128,Donovan Mitchell,donovan mitchell,,,2025-10-29,1,0.4697286012526096,0.0,0.12526096033402923,0.18789144050104384,0.031315240083507306,5.0,6.0,5.0,1.0,5.0,2.0,7.0,2.0,3.0,0,0.0,0,0.00216,-9.2,-4257.288292457195,-9.180127999999998,0.031315240083507306,4.0,7.0,0.4542359
0022500128,1610612739,Cleveland,Cavaliers,CLE,cavaliers,1629731,Dean,Wade,D. Wade,dean-wade,,,,17:36,17.6,2,5,0.4,2,5,0.4,0,0,0.0,0,3,3,0,0,0,0,2,6,-5.0,0022500128,Dean Wade,dean wade,,,2025-10-29,0,0.3409090909090909,0.0,0.17045454545454544,0.0,0.0,7.0,6.0,6.0,9.0,5.0,4.0,4.0,8.0,2.0,0,0.0,0,0.0011899999999999999,-10.0,-8396.30562552477,-9.9881,0.0,6.0,8.0,0.063005365
0022500128,1610612739,Cleveland,Cavaliers,CLE,cavaliers,1628366,Lonzo,Ball,L. Ball,lonzo-ball,,,,24:23,24.383333333333333,1,5,0.2,1,5,0.2,0,0,0.0,0,3,3,5,1,0,2,1,3,1.0,0022500128,Lonzo Ball,lonzo ball,,,2025-10-29,1,0.12303485987696514,0.0,0.12303485987696514,0.2050580997949419,0.04101161995898838,8.0,6.0,6.0,2.0,2.0,4.0,1.0,6.0,9.0,0,0.0,0,0.00111,-3.0,-2700.2700270027003,-2.99667,0.04101161995898838,4.0,5.0,0.031623058
0022500128,1610612739,Cleveland,Cavaliers,CLE,cavaliers,1641854,Craig,Porter Jr.,C. Porter Jr.,craig-porter-jr,,,,22:15,22.25,2,4,0.5,2,3,0.667,1,2,0.5,2,0,2,4,0,0,1,1,7,-3.0,0022500128,Craig Porter Jr.,craig porter jr,,,2025-10-29,0,0.3146067415730337,0.0898876404494382,0.0898876404494382,0.1797752808988764,0.0898876404494382,6.0,2.0,8.0,3.0,5.0,4.0,2.0,7.0,0.0,0,0.0,0,0.0012,-3.9,-3247.2939217318904,-3.89532,0.0,6.0,4.0,0.19275612
0022500128,1610612739,Cleveland,Cavaliers,CLE,cavaliers,1626204,Larry,Nance Jr.,L. Nance Jr.,larry-nance-jr,,,,13:49,13.816666666666666,0,3,0.0,0,3,0.0,0,0,0.0,0,2,2,2,0,0,0,3,0,-7.0,0022500128,Larry Nance Jr.,larry nance jr,,,2025-10-29,0,0.0,0.0,0.14475271411338964,0.14475271411338964,0.0,10.0,6.0,8.0,5.0,5.0,4.0,8.0,9.0,1.0,0,0.0,0,0.00097,-38.1,-39237.89907312049,-38.063043,0.0,6.0,8.0,0.0047082384
0022500128,1610612739,Cleveland,Cavaliers,CLE,cavaliers,1642878,Tyrese,Proctor,T. Proctor,tyrese-proctor,,,,8:33,8.55,1,2,0.5,0,1,0.0,0,0,0.0,0,0,0,0,0,0,0,1,2,-9.0,0022500128,Tyrese Proctor,tyrese proctor,,,2025-10-29,0,0.23391812865497075,0.0,0.0,0.0,0.0,9.0,6.0,10.0,9.0,5.0,4.0,9.0,10.0,0.0,0,0.0,0,0.0011799999999999998,-56.3,-47671.4648602879,-56.233565999999996,0.0,6.0,8.0,0.0040626912
0022500128,1610612739,Cleveland,Cavaliers,CLE,cavaliers,1628418,Thomas,Bryant,T. Bryant,thomas-bryant,,,,2:47,2.783333333333333,0,2,0.0,0,1,0.0,0,0,0.0,0,0,0,0,0,0,0,1,0,-5.0,0022500128,Thomas Bryant,thomas bryant,,,2025-10-29,0,0.0,0.0,0.0,0.0,0.0,10.0,6.0,10.0,9.0,5.0,4.0,4.0,11.0,0.0,0,0.0,0,0.00333,-83.3,-25007.505253677573,-83.022611,0.0,6.0,8.0,0.002654661
0022500128,1610612739,Cleveland,Cavaliers,CLE,cavaliers,1631247,Luke,Travers,L. Travers,luke-travers,,,,2:47,2.783333333333333,0,0,0.0,0,0,0.0,0,0,0.0,0,0,0,0,0,0,0,0,0,-5.0,0022500128,Luke Travers,luke travers,,,2025-10-29,0,0.0,0.0,0.0,0.0,0.0,10.0,6.0,10.0,9.0,5.0,4.0,4.0,11.0,,1,,1,0.0,-83.3,-83300000.0,-83.3,0.0,6.0,8.0,0.003451919
0022500022,1610612739,Cleveland,Cavaliers,CLE,cavaliers,1629631,De'Andre,Hunter,D. Hunter,deandre-hunter,F,,,33:56,33.93333333333333,8,18,0.444,4,12,0.333,6,8,0.75,1,5,6,2,0,1,3,3,26,-3.0,0022500022,De'Andre Hunter,de'andre hunter,,,2025-10-31,1,0.7662082514734775,0.02946954813359529,0.17681728880157171,0.05893909626719058,0.05893909626719058,2.0,5.0,2.0,5.0,7.0,4.0,4.0,2.0,1.0,0,0.0,0,0.00294,-2.7,-918.0550833049983,-2.692062,0.02946954813359529,5.0,9.0,0.8043534
0022500022,1610612739,Cleveland,Cavaliers,CLE,cavaliers,1629731,Dean,Wade,D. Wade,dean-wade,F,,,30:17,30.283333333333335,1,7,0.143,1,5,0.2,2,2,1.0,1,3,4,4,3,2,0,1,5,4.0,0022500022,Dean Wade,dean wade,,,2025-10-31,5,0.1651073197578426,0.03302146395156852,0.13208585580627408,0.13208585580627408,0.19812878370941112,5.0,5.0,5.0,2.0,1.0,2.0,2.0,4.0,4.0,0,0.0,0,0.00105,3.1,2949.5718363463375,3.0967450000000003,0.1651073197578426,1.0,4.0,0.1764879
0022500022,1610612739,Cleveland,Cavaliers,CLE,cavaliers,1630596,Evan,Mobley,E. Mobley,evan-mobley,C,,,35:35,35.583333333333336,11,17,0.647,2,5,0.4,5,8,0.625,3,5,8,3,3,1,3,2,29,-7.0,0022500022,Evan Mobley,evan mobley,,,2025-10-31,4,0.8149882903981264,0.08430913348946135,0.22482435597189693,0.08430913348946135,0.19672131147540983,1.0,1.0,1.0,4.0,1.0,4.0,6.0,1.0,4.0,0,0.0,0,0.0027900000000000004,-8.0,-2866.3561447509846,-7.97768,0.11241217798594846,2.0,5.0,0.8499254
0022500022,1610612739,Cleveland,Cavaliers,CLE,cavaliers,1642281,Jaylon,Tyson,J. Tyson,jaylon-tyson,G,,,33:20,33.333333333333336,7,14,0.5,4,8,0.5,0,0,0.0,1,2,3,4,0,3,2,4,18,2.0,0022500022,Jaylon Tyson,jaylon tyson,,,2025-10-31,3,0.5399999999999999,0.03,0.09,0.12,0.12,3.0,5.0,7.0,2.0,7.0,1.0,3.0,3.0,1.0,0,0.0,0,0.00203,6.3,3101.9202363367795,6.287211,0.09,3.0,7.0,0.78942037
0022500022,1610612739,Cleveland,Cavaliers,CLE,cavaliers,1628366,Lonzo,Ball,L. Ball,lonzo-ball,G,,,25:57,25.95,3,7,0.429,2,4,0.5,0,0,0.0,1,4,5,5,1,0,2,0,8,5.0,0022500022,Lonzo Ball,lonzo ball,,,2025-10-31,1,0.3082851637764933,0.03853564547206166,0.1926782273603083,0.1926782273603083,0.07707129094412332,4.0,5.0,3.0,1.0,3.0,7.0,1.0,5.0,1.0,0,0.0,0,0.0014299999999999998,5.3,3703.7037037037044,5.292421,0.03853564547206166,5.0,8.0,0.25192422
0022500022,1610612739,Cleveland,Cavaliers,CLE,cavaliers,1641854,Craig,Porter Jr.,C. Porter Jr.,craig-porter-jr,,,,20:51,20.85,2,5,0.4,1,2,0.5,0,2,0.0,2,2,4,1,1,2,1,1,5,-17.0,0022500022,Craig Porter Jr.,craig porter jr,,,2025-10-31,3,0.2398081534772182,0.09592326139088729,0.19184652278177458,0.047961630695443645,0.2398081534772182,5.0,2.0,5.0,8.0,3.0,2.0,10.0,6.0,2.0,0,0.0,0,0.0014000000000000002,-35.7,-25481.798715203426,-35.650020000000005,0.14388489208633093,3.0,2.0,0.036609296
0022500022,1610612739,Cleveland,Cavaliers,CLE,cavaliers,1626204,Larry,Nance Jr.,L. Nance Jr.,larry-nance-jr,,,,19:30,19.5,0,6,0.0,0,4,0.0,0,0,0.0,1,1,2,0,0,0,0,3,0,-10.0,0022500022,Larry Nance Jr.,larry nance jr,,,2025-10-31,0,0.0,0.05128205128205128,0.10256410256410256,0.0,0.05128205128205128,10.0,5.0,9.0,10.0,7.0,7.0,7.0,7.0,1.0,0,0.0,0,0.00133,-25.0,-18782.870022539446,-24.966749999999998,0.0,10.0,10.0,0.0056852307
0022500022,1610612739,Cleveland,Cavaliers,CLE,cavaliers,1642878,Tyrese,Proctor,T. Proctor,tyrese-proctor,,,,14:00,14.0,2,7,0.286,0,3,0.0,0,0,0.0,1,1,2,2,1,0,1,0,4,-11.0,0022500022,Tyrese Proctor,tyrese proctor,,,2025-10-31,1,0.2857142857142857,0.07142857142857142,0.14285714285714285,0.14285714285714285,0.14285714285714285,7.0,5.0,9.0,5.0,3.0,7.0,8.0,9.0,1.0,0,0.0,0,0.00222,-39.3,-17694.732102656457,-39.212754,0.07142857142857142,5.0,6.0,0.01830147
0022500022,1610612739,Cleveland,Cavaliers,CLE,cavaliers,1628418,Thomas,Bryant,T. Bryant,thomas-bryant,,,,12:02,12.033333333333333,2,4,0.5,0,1,0.0,0,1,0.0,2,1,3,1,1,0,0,0,4,-4.0,0022500022,Thomas Bryant,thomas bryant,,,2025-10-31,1,0.33240997229916897,0.16620498614958448,0.24930747922437674,0.08310249307479224,0.24930747922437674,7.0,2.0,7.0,8.0,3.0,7.0,5.0,10.0,1.0,0,0.0,0,0.0014299999999999998,-12.5,-8735.150244584209,-12.482125,0.08310249307479224,5.0,1.0,0.049806748
0022500022,1610612739,Cleveland,Cavaliers,CLE,cavaliers,1631247,Luke,Travers,L. Travers,luke-travers,,,,14:32,14.533333333333333,0,5,0.0,0,2,0.0,2,2,1.0,2,3,5,2,0,1,1,1,2,-14.0,0022500022,Luke Travers,luke travers,,,2025-10-31,1,0.13761467889908258,0.13761467889908258,0.3440366972477064,0.13761467889908258,0.20642201834862386,9.0,2.0,3.0,5.0,7.0,4.0,9.0,8.0,0.0,0,0.0,0,0.002,-41.2,-20589.705147426288,-41.1176,0.06880733944954129,5.0,3.0,0.008945844
0022500151,1610612739,Cleveland,Cavaliers,CLE,cavaliers,1629631,De'Andre,Hunter,D. Hunter,deandre-hunter,F,,,30:40,30.666666666666668,5,14,0.357,2,9,0.222,7,7,1.0,1,6,7,3,3,0,2,2,19,15.0,0022500151,De'Andre Hunter,de'andre hunter,,,2025-11-02,3,0.6195652173913043,0.03260869565217391,0.22826086956521738,0.09782608695652173,0.13043478260869565,2.0,5.0,2.0,4.0,1.0,4.0,2.0,3.0,5.0,0,0.0,0,0.00221,19.5,8819.538670284937,19.456905,0.09782608695652173,2.0,5.0,0.72598594
0022500151,1610612739,Cleveland,Cavaliers,CLE,cavaliers,1626204,Larry,Nance Jr.,L. Nance Jr.,larry-nance-jr,F,,,24:33,24.55,1,9,0.111,0,4,0.0,0,0,0.0,1,3,4,4,1,0,1,4,2,5.0,0022500151,Larry Nance Jr.,larry nance jr,,,2025-11-02,1,0.0814663951120163,0.04073319755600815,0.1629327902240326,0.1629327902240326,0.0814663951120163,9.0,5.0,6.0,3.0,4.0,4.0,6.0,7.0,6.0,0,0.0,0,0.00169,11.1,6564.163217031342,11.081241,0.04073319755600815,5.0,8.0,0.015398171
0022500151,1610612739,Cleveland,Cavaliers,CLE,cavaliers,1630596,Evan,Mobley,E. Mobley,evan-mobley,C,,,34:34,34.56666666666667,6,16,0.375,1,3,0.333,1,2,0.5,2,6,8,5,3,1,3,1,14,13.0,0022500151,Evan Mobley,evan mobley,,,2025-11-02,4,0.40501446480231434,0.057859209257473475,0.2314368370298939,0.1446480231436837,0.17357762777242042,4.0,3.0,1.0,1.0,1.0,2.0,3.0,2.0,3.0,0,0.0,0,0.00215,15.3,7112.970711297071,15.267105,0.11571841851494695,1.0,3.0,0.5451616
0022500151,1610612739,Cleveland,Cavaliers,CLE,cavaliers,1642281,Jaylon,Tyson,J. Tyson,jaylon-tyson,G,,,24:44,24.733333333333334,6,14,0.429,5,11,0.455,1,1,1.0,1,2,3,2,0,0,1,5,18,16.0,0022500151,Jaylon Tyson,jaylon tyson,,,2025-11-02,0,0.7277628032345013,0.04043126684636118,0.12129380053908355,0.08086253369272237,0.04043126684636118,3.0,5.0,7.0,8.0,8.0,4.0,1.0,6.0,3.0,0,0.0,0,0.00227,27.2,11977.10259797446,27.138256,0.0,9.0,10.0,0.8770474
0022500151,1610612739,Cleveland,Cavaliers,CLE,cavaliers,1628378,Donovan,Mitchell,D. Mitchell,donovan-mitchell,G,,,35:57,35.95,12,21,0.571,8,15,0.533,5,5,1.0,0,2,2,5,2,1,3,5,37,9.0,0022500151,Donovan Mitchell,donovan mitchell,,,2025-11-02,3,1.0292072322670374,0.0,0.05563282336578581,0.13908205841446453,0.08344923504867871,1.0,8.0,8.0,1.0,3.0,2.0,4.0,1.0,7.0,0,0.0,0,0.00299,12.6,4212.637913741223,12.562325999999999,0.08344923504867871,2.0,7.0,0.9019413
0022500151,1610612739,Cleveland,Cavaliers,CLE,cavaliers,1629731,Dean,Wade,D. Wade,dean-wade,,,,25:18,25.3,4,9,0.444,2,6,0.333,1,1,1.0,2,4,6,3,0,0,0,2,11,-10.0,0022500151,Dean Wade,dean wade,,,2025-11-02,0,0.43478260869565216,0.07905138339920949,0.23715415019762845,0.11857707509881422,0.07905138339920949,5.0,3.0,4.0,4.0,8.0,4.0,10.0,5.0,2.0,0,0.0,0,0.00132,-16.9,-12793.33838001514,-16.877692,0.0,9.0,9.0,0.3238264
0022500151,1610612739,Cleveland,Cavaliers,CLE,cavaliers,1628366,Lonzo,Ball,L. Ball,lonzo-ball,,,,26:32,26.533333333333335,3,8,0.375,2,6,0.333,0,0,0.0,3,3,6,3,1,0,4,5,8,6.0,0022500151,Lonzo Ball,lonzo ball,,,2025-11-02,1,0.3015075376884422,0.11306532663316582,0.22613065326633164,0.11306532663316582,0.1507537688442211,6.0,1.0,4.0,4.0,4.0,4.0,5.0,4.0,3.0,0,0.0,0,0.0016,8.3,5184.259837601499,8.28672,0.03768844221105527,5.0,4.0,0.29401776
0022500151,1610612739,Cleveland,Cavaliers,CLE,cavaliers,1641854,Craig,Porter Jr.,C. Porter Jr.,craig-porter-jr,,,,21:12,21.2,2,2,1.0,0,0,0.0,0,0,0.0,3,4,7,3,1,0,2,1,4,-6.0,0022500151,Craig Porter Jr.,craig porter jr,,,2025-11-02,1,0.18867924528301888,0.14150943396226415,0.33018867924528306,0.14150943396226415,0.18867924528301888,7.0,1.0,2.0,4.0,4.0,4.0,8.0,8.0,2.0,0,0.0,0,0.00073,-12.5,-17099.86320109439,-12.490874999999999,0.04716981132075472,5.0,2.0,0.0897599
0022500151,1610612739,Cleveland,Cavaliers,CLE,cavaliers,1628418,Thomas,Bryant,T. Bryant,thomas-bryant,,,,5:22,5.366666666666666,0,1,0.0,0,1,0.0,0,0,0.0,0,1,1,0,0,2,0,0,0,-6.0,0022500151,Thomas Bryant,thomas bryant,,,2025-11-02,2,0.0,0.0,0.1863354037267081,0.0,0.3726708074534162,10.0,8.0,9.0,10.0,8.0,1.0,8.0,10.0,0.0,0,0.0,0,0.00083,-67.3,-80986.7629362214,-67.244141,0.3726708074534162,4.0,1.0,0.009541736
0022500151,1610612739,Cleveland,Cavaliers,CLE,cavaliers,1642878,Tyrese,Proctor,T. Proctor,tyrese-proctor,,,,11:09,11.15,1,3,0.333,0,2,0.0,2,2,1.0,0,0,0,2,1,0,0,3,4,-2.0,0022500151,Tyrese Proctor,tyrese proctor,,,2025-11-02,1,0.35874439461883406,0.0,0.0,0.17937219730941703,0.08968609865470852,7.0,8.0,10.0,8.0,4.0,4.0,7.0,9.0,3.0,0,0.0,0,0.00148,-8.3,-5604.321404456449,-8.287716,0.08968609865470852,5.0,6.0,0.011048975
0022500171,1610612739,Cleveland,Cavaliers,CLE,cavaliers,1642281,Jaylon,Tyson,J. Tyson,jaylon-tyson,F,,,28:42,28.7,4,7,0.571,2,5,0.4,0,0,0.0,2,3,5,3,2,1,0,3,10,12.0,0022500171,Jaylon Tyson,jaylon tyson,,,2025-11-05,3,0.34843205574912894,0.06968641114982578,0.17421602787456447,0.10452961672473868,0.17421602787456447,5.0,3.0,2.0,5.0,2.0,3.0,3.0,4.0,4.0,0,0.0,0,0.00097,21.4,22039.134912461377,21.379241999999998,0.10452961672473868,2.0,3.0,0.56502014
0022500171,1610612739,Cleveland,Cavaliers,CLE,cavaliers,1630596,Evan,Mobley,E. Mobley,evan-mobley,F,,,34:02,34.03333333333333,9,17,0.529,3,5,0.6,2,3,0.667,1,4,5,3,1,2,4,1,23,-2.0,0022500171,Evan Mobley,evan mobley,,,2025-11-05,3,0.6758080313418218,0.029382957884427033,0.14691478942213518,0.0881488736532811,0.11753183153770813,3.0,4.0,2.0,5.0,3.0,2.0,11.0,2.0,3.0,0,0.0,0,0.00262,-2.7,-1030.141167493323,-2.6929260000000004,0.0881488736532811,2.0,4.0,0.67701375
0022500171,1610612739,Cleveland,Cavaliers,CLE,cavaliers,1628386,Jarrett,Allen,J. Allen,jarrett-allen,C,,,29:31,29.516666666666666,11,17,0.647,0,2,0.0,2,2,1.0,3,7,10,1,3,3,0,2,24,24.0,0022500171,Jarrett Allen,jarrett allen,,,2025-11-05,6,0.8130999435347261,0.10163749294184077,0.33879164313946925,0.03387916431394692,0.3049124788255223,2.0,1.0,1.0,7.0,1.0,1.0,1.0,3.0,2.0,0,0.0,0,0.0025,33.8,13514.594162335065,33.7155,0.20327498588368154,1.0,1.0,0.9290034
0022500171,1610612739,Cleveland,Cavaliers,CLE,cavaliers,1628378,Donovan,Mitchell,D. Mitchell,donovan-mitchell,G,,,35:04,35.06666666666667,15,21,0.714,6,11,0.545,10,10,1.0,0,4,4,8,1,0,2,0,46,17.0,0022500171,Donovan Mitchell,donovan mitchell,,,2025-11-05,1,1.3117870722433458,0.0,0.11406844106463877,0.22813688212927755,0.028517110266159693,1.0,6.0,5.0,1.0,3.0,5.0,2.0,1.0,2.0,0,0.0,0,0.00329,20.1,6107.566089334549,20.033871,0.028517110266159693,5.0,7.0,0.81374645
0022500171,1610612739,Cleveland,Cavaliers,CLE,cavaliers,1629636,Darius,Garland,D. Garland,darius-garland,G,,,26:05,26.083333333333332,3,11,0.273,2,7,0.286,0,0,0.0,1,1,2,4,0,0,3,3,8,5.0,0022500171,Darius Garland,darius garland,,,2025-11-05,0,0.30670926517571884,0.038338658146964855,0.07667731629392971,0.15335463258785942,0.038338658146964855,6.0,4.0,6.0,3.0,7.0,5.0,4.0,6.0,1.0,0,0.0,0,0.00226,6.8,3007.518796992481,6.784631999999999,0.0,7.0,6.0,0.07706698
0022500171,1610612739,Cleveland,Cavaliers,CLE,cavaliers,1629731,Dean,Wade,D. Wade,dean-wade,,,,0:38,0.6333333333333333,0,0,0.0,0,0,0.0,0,0,0.0,0,0,0,1,0,0,0,0,0,-3.0,0022500171,Dean Wade,dean wade,,,2025-11-05,0,0.0,0.0,0.0,1.5789473684210527,0.0,8.0,6.0,9.0,7.0,7.0,5.0,12.0,13.0,1.0,0,0.0,0,0.0,-50.0,-50000000.0,-50.0,0.0,7.0,8.0,0.0024574997
0022500171,1610612739,Cleveland,Cavaliers,CLE,cavaliers,1628366,Lonzo,Ball,L. Ball,lonzo-ball,,,,22:44,22.733333333333334,0,3,0.0,0,3,0.0,0,0,0.0,0,1,1,8,1,1,1,3,0,3.0,0022500171,Lonzo Ball,lonzo ball,,,2025-11-05,2,0.0,0.0,0.0439882697947214,0.3519061583577712,0.0879765395894428,8.0,6.0,8.0,1.0,3.0,3.0,6.0,7.0,0.0,0,0.0,0,0.0006900000000000001,3.5,5065.123010130245,3.497585,0.0879765395894428,4.0,5.0,0.016493643
0022500171,1610612739,Cleveland,Cavaliers,CLE,cavaliers,1630241,Sam,Merrill,S. Merrill,sam-merrill,,,,26:48,26.8,4,6,0.667,4,5,0.8,2,2,1.0,0,0,0,0,0,0,1,4,14,1.0,0022500171,Sam Merrill,sam merrill,,,2025-11-05,0,0.5223880597014925,0.0,0.0,0.0,0.0,4.0,6.0,9.0,10.0,7.0,5.0,7.0,5.0,0.0,0,0.0,0,0.0011899999999999999,-4.7,-3946.2636439966423,-4.694407,0.0,7.0,8.0,0.6991956
0022500171,1610612739,Cleveland,Cavaliers,CLE,cavaliers,1626204,Larry,Nance Jr.,L. Nance Jr.,larry-nance-jr,,,,15:05,15.083333333333334,3,6,0.5,1,3,0.333,0,0,0.0,3,2,5,1,1,0,1,5,7,-6.0,0022500171,Larry Nance Jr.,larry nance jr,,,2025-11-05,1,0.46408839779005523,0.19889502762430938,0.3314917127071823,0.06629834254143646,0.26519337016574585,7.0,1.0,2.0,7.0,3.0,5.0,13.0,9.0,1.0,0,0.0,0,0.0017499999999999998,-17.6,-10051.399200456885,-17.569200000000002,0.06629834254143646,5.0,2.0,0.3109177
0022500171,1610612739,Cleveland,Cavaliers,CLE,cavaliers,1641854,Craig,Porter Jr.,C. Porter Jr.,craig-porter-jr,,,,18:04,18.066666666666666,0,4,0.0,0,3,0.0,0,0,0.0,0,2,2,4,0,0,1,1,0,4.0,0022500171,Craig Porter Jr.,craig porter jr,,,2025-11-05,0,0.0,0.0,0.11070110701107011,0.22140221402214022,0.0,8.0,6.0,6.0,3.0,7.0,5.0,5.0,8.0,0.0,0,0.0,0,0.00111,3.7,3330.3330333033305,3.695893,0.0,7.0,8.0,0.009337681
0022500171,1610612739,Cleveland,Cavaliers,CLE,cavaliers,1628418,Thomas,Bryant,T. Bryant,thomas-bryant,,,,1:06,1.1,0,0,0.0,0,0,0.0,0,0,0.0,0,0,0,0,0,0,1,0,0,0.0,0022500171,Thomas Bryant,thomas bryant,,,2025-11-05,0,0.0,0.0,0.0,0.0,0.0,8.0,6.0,9.0,10.0,7.0,5.0,8.0,10.0,0.0,0,0.0,0,0.005,0.0,0.0,0.0,0.0,7.0,8.0,0.0035604767
0022500171,1610612739,Cleveland,Cavaliers,CLE,cavaliers,1642878,Tyrese,Proctor,T. Proctor,tyrese-proctor,,,,1:06,1.1,0,0,0.0,0,0,0.0,0,0,0.0,0,0,0,0,0,0,0,0,0,0.0,0022500171,Tyrese Proctor,tyrese proctor,,,2025-11-05,0,0.0,0.0,0.0,0.0,0.0,8.0,6.0,9.0,10.0,7.0,5.0,8.0,10.0,0.0,0,0.0,0,0.0,0.0,0.0,0.0,0.0,7.0,8.0,0.0047046286
0022500171,1610612739,Cleveland,Cavaliers,CLE,cavaliers,1641772,Nae'Qwan,Tomlin,N. Tomlin,naeqwan-tomlin,,,,1:06,1.1,0,0,0.0,0,0,0.0,0,0,0.0,0,0,0,0,0,0,0,0,0,0.0,0022500171,Nae'Qwan Tomlin,nae'qwan tomlin,,,2025-11-05,0,0.0,0.0,0.0,0.0,0.0,8.0,6.0,9.0,10.0,7.0,5.0,8.0,10.0,,1,,1,0.0,0.0,0.0,0.0,0.0,7.0,8.0,0.0045761075
0022500029,1610612739,Cleveland,Cavaliers,CLE,cavaliers,1629631,De'Andre,Hunter,D. Hunter,deandre-hunter,F,,,21:16,21.266666666666666,2,9,0.222,0,3,0.0,4,4,1.0,0,5,5,2,1,0,2,0,8,16.0,0022500029,De'Andre Hunter,de'andre hunter,,,2025-11-07,1,0.3761755485893417,0.0,0.23510971786833856,0.09404388714733543,0.047021943573667714,8.0,11.0,3.0,6.0,4.0,7.0,5.0,6.0,2.0,0,0.0,0,0.0022,31.1,14129.940935938208,31.03158,0.047021943573667714,7.0,13.0,0.054346915
0022500029,1610612739,Cleveland,Cavaliers,CLE,cavaliers,1630596,Evan,Mobley,E. Mobley,evan-mobley,F,,,27:51,27.85,7,16,0.438,0,4,0.0,4,7,0.571,4,6,10,3,1,1,1,1,18,20.0,0022500029,Evan Mobley,evan mobley,,,2025-11-07,2,0.6463195691202872,0.1436265709156194,0.3590664272890485,0.10771992818671454,0.21543985637342908,3.0,3.0,2.0,3.0,4.0,1.0,4.0,2.0,1.0,0,0.0,0,0.0026,32.8,12610.534409842367,32.71471999999999,0.0718132854578097,3.0,7.0,0.7440898
0022500029,1610612739,Cleveland,Cavaliers,CLE,cavaliers,1628386,Jarrett,Allen,J. Allen,jarrett-allen,C,,,26:00,26.0,7,13,0.538,0,0,0.0,2,4,0.5,8,6,14,3,2,1,1,2,16,27.0,0022500029,Jarrett Allen,jarrett allen,,,2025-11-07,3,0.6153846153846154,0.3076923076923077,0.5384615384615384,0.11538461538461539,0.4230769230769231,5.0,1.0,1.0,3.0,2.0,1.0,1.0,3.0,6.0,0,0.0,0,0.0020499999999999997,44.9,21891.76011701609,44.807955,0.11538461538461539,2.0,2.0,0.87754494
0022500029,1610612739,Cleveland,Cavaliers,CLE,cavaliers,1628378,Donovan,Mitchell,D. Mitchell,donovan-mitchell,G,,,25:37,25.616666666666667,8,20,0.4,4,10,0.4,4,4,1.0,2,3,5,5,4,1,2,0,24,22.0,0022500029,Donovan Mitchell,donovan mitchell,,,2025-11-07,5,0.936890045543266,0.07807417046193885,0.1951854261548471,0.1951854261548471,0.27325959661678595,1.0,4.0,3.0,2.0,1.0,1.0,3.0,4.0,3.0,0,0.0,0,0.00291,39.7,13637.925111645483,39.584473,0.1951854261548471,1.0,6.0,0.7304643
0022500029,1610612739,Cleveland,Cavaliers,CLE,cavaliers,1629636,Darius,Garland,D. Garland,darius-garland,G,,,28:20,28.333333333333332,7,16,0.438,4,9,0.444,2,2,1.0,1,1,2,9,1,0,2,0,20,24.0,0022500029,Darius Garland,darius garland,,,2025-11-07,1,0.7058823529411765,0.03529411764705882,0.07058823529411765,0.31764705882352945,0.07058823529411765,2.0,5.0,7.0,1.0,4.0,7.0,2.0,1.0,1.0,0,0.0,0,0.00241,37.6,15595.18871837412,37.509384,0.03529411764705882,7.0,10.0,0.7065795
0022500029,1610612739,Cleveland,Cavaliers,CLE,cavaliers,1630241,Sam,Merrill,S. Merrill,sam-merrill,,,,18:21,18.35,5,6,0.833,4,5,0.8,0,0,0.0,0,2,2,2,1,0,0,2,14,10.0,0022500029,Sam Merrill,sam merrill,,,2025-11-07,1,0.7629427792915531,0.0,0.108991825613079,0.108991825613079,0.0544959128065395,6.0,11.0,7.0,6.0,4.0,7.0,8.0,8.0,3.0,0,0.0,0,0.0012,19.8,16486.261448792677,19.77624,0.0544959128065395,7.0,11.0,0.6339949
0022500029,1610612739,Cleveland,Cavaliers,CLE,cavaliers,1642281,Jaylon,Tyson,J. Tyson,jaylon-tyson,,,,23:24,23.4,3,7,0.429,2,3,0.667,2,2,1.0,1,3,4,2,1,0,0,4,10,11.0,0022500029,Jaylon Tyson,jaylon tyson,,,2025-11-07,1,0.4273504273504274,0.042735042735042736,0.17094017094017094,0.08547008547008547,0.08547008547008547,7.0,5.0,6.0,6.0,4.0,7.0,7.0,5.0,2.0,0,0.0,0,0.0011899999999999999,22.4,18807.724601175483,22.373344,0.042735042735042736,7.0,9.0,0.07142124
0022500029,1610612739,Cleveland,Cavaliers,CLE,cavaliers,1641854,Craig,Porter Jr.,C. Porter Jr.,craig-porter-jr,,,,15:55,15.916666666666666,1,4,0.25,0,1,0.0,0,0,0.0,5,0,5,2,0,0,1,3,2,13.0,0022500029,Craig Porter Jr.,craig porter jr,,,2025-11-07,0,0.1256544502617801,0.31413612565445026,0.31413612565445026,0.1256544502617801,0.31413612565445026,13.0,2.0,3.0,6.0,11.0,7.0,6.0,9.0,4.0,0,0.0,0,0.00104,33.3,31988.472622478388,33.265367999999995,0.0,12.0,5.0,0.05829244
0022500029,1610612739,Cleveland,Cavaliers,CLE,cavaliers,1626204,Larry,Nance Jr.,L. Nance Jr.,larry-nance-jr,,,,14:15,14.25,2,3,0.667,1,2,0.5,0,0,0.0,1,1,2,1,0,1,0,1,5,3.0,0022500029,Larry Nance Jr.,larry nance jr,,,2025-11-07,1,0.3508771929824561,0.07017543859649122,0.14035087719298245,0.07017543859649122,0.14035087719298245,10.0,5.0,7.0,11.0,11.0,1.0,12.0,10.0,1.0,0,0.0,0,0.00083,10.3,12394.705174488568,10.291451,0.07017543859649122,7.0,8.0,0.038810074
0022500029,1610612739,Cleveland,Cavaliers,CLE,cavaliers,1642878,Tyrese,Proctor,T. Proctor,tyrese-proctor,,,,18:46,18.766666666666666,5,6,0.833,5,6,0.833,2,3,0.667,1,1,2,3,0,0,1,2,17,7.0,0022500029,Tyrese Proctor,tyrese proctor,,,2025-11-07,0,0.9058614564831261,0.05328596802841919,0.10657193605683837,0.15985790408525755,0.05328596802841919,4.0,5.0,7.0,3.0,11.0,7.0,9.0,7.0,1.0,0,0.0,0,0.0016,17.5,10930.668332292318,17.471999999999998,0.0,12.0,12.0,0.7290115
0022500029,1610612739,Cleveland,Cavaliers,CLE,cavaliers,1631247,Luke,Travers,L. Travers,luke-travers,,,,8:31,8.516666666666667,1,3,0.333,0,0,0.0,2,2,1.0,1,1,2,2,1,1,0,0,4,2.0,0022500029,Luke Travers,luke travers,,,2025-11-07,2,0.46966731898238745,0.11741682974559686,0.23483365949119372,0.23483365949119372,0.3522504892367906,11.0,5.0,7.0,6.0,4.0,1.0,13.0,11.0,2.0,0,0.0,0,0.0016,10.0,6246.096189881324,9.984,0.23483365949119372,3.0,3.0,0.018039076
0022500029,1610612739,Cleveland,Cavaliers,CLE,cavaliers,1628418,Thomas,Bryant,T. Bryant,thomas-bryant,,,,5:52,5.866666666666667,2,3,0.667,0,1,0.0,0,1,0.0,0,2,2,0,2,0,0,0,4,5.0,0022500029,Thomas Bryant,thomas bryant,,,2025-11-07,2,0.6818181818181818,0.0,0.3409090909090909,0.0,0.3409090909090909,11.0,11.0,7.0,12.0,2.0,7.0,10.0,12.0,2.0,0,0.0,0,0.00167,26.2,15679.233991621782,26.156246,0.3409090909090909,3.0,4.0,0.059103474
0022500029,1610612739,Cleveland,Cavaliers,CLE,cavaliers,1641772,Nae'Qwan,Tomlin,N. Tomlin,naeqwan-tomlin,,,,5:52,5.866666666666667,2,4,0.5,0,1,0.0,2,2,1.0,1,1,2,0,1,1,0,2,6,5.0,0022500029,Nae'Qwan Tomlin,nae'qwan tomlin,,,2025-11-07,2,1.0227272727272727,0.17045454545454544,0.3409090909090909,0.0,0.5113636363636364,9.0,5.0,7.0,12.0,4.0,1.0,10.0,12.0,1.0,0,0.0,0,0.0027800000000000004,26.2,9421.071556993886,26.127164,0.3409090909090909,3.0,1.0,0.1865711
0022500186,1610612739,Cleveland,Cavaliers,CLE,cavaliers,1629631,De'Andre,Hunter,D. Hunter,deandre-hunter,F,,,29:57,29.95,10,16,0.625,4,8,0.5,5,7,0.714,1,3,4,2,0,1,3,2,29,23.0,0022500186,De'Andre Hunter,de'andre hunter,,,2025-11-08,1,0.9682804674457429,0.0333889816360601,0.1335559265442404,0.0667779632721202,0.0667779632721202,1.0,5.0,4.0,6.0,5.0,3.0,1.0,4.0,3.0,0,0.0,0,0.00296,37.5,12664.640324214792,37.389,0.0333889816360601,4.0,6.0,0.79480946
0022500186,1610612739,Cleveland,Cavaliers,CLE,cavaliers,1630596,Evan,Mobley,E. Mobley,evan-mobley,F,,,33:37,33.61666666666667,9,14,0.643,1,4,0.25,5,7,0.714,2,6,8,5,0,1,1,3,24,17.0,0022500186,Evan Mobley,evan mobley,,,2025-11-08,1,0.7139315815567675,0.059494298463063956,0.23797719385225583,0.1487357461576599,0.08924144769459594,3.0,1.0,1.0,3.0,5.0,3.0,2.0,2.0,0.0,0,0.0,0,0.00215,28.8,13389.121338912133,28.73808,0.029747149231531978,4.0,4.0,0.906432
0022500186,1610612739,Cleveland,Cavaliers,CLE,cavaliers,1628386,Jarrett,Allen,J. Allen,jarrett-allen,C,,,24:37,24.616666666666667,4,8,0.5,0,0,0.0,3,6,0.5,2,1,3,2,1,2,2,2,11,3.0,0022500186,Jarrett Allen,jarrett allen,,,2025-11-08,3,0.44685172647257954,0.08124576844955991,0.12186865267433987,0.08124576844955991,0.2031144211238998,5.0,1.0,6.0,6.0,3.0,1.0,6.0,6.0,5.0,0,0.0,0,0.00213,1.1,516.1895823557015,1.097657,0.12186865267433987,2.0,2.0,0.56500435
0022500186,1610612739,Cleveland,Cavaliers,CLE,cavaliers,1642281,Jaylon,Tyson,J. Tyson,jaylon-tyson,G,,,30:37,30.616666666666667,6,10,0.6,3,4,0.75,2,2,1.0,1,6,7,3,2,2,0,2,17,6.0,0022500186,Jaylon Tyson,jaylon tyson,,,2025-11-08,4,0.5552531301034295,0.0326619488296135,0.2286336418072945,0.0979858464888405,0.1633097441480675,4.0,5.0,2.0,5.0,1.0,1.0,4.0,3.0,3.0,0,0.0,0,0.00157,14.9,9484.404837683005,14.876607000000002,0.130647795318454,1.0,3.0,0.8029948
0022500186,1610612739,Cleveland,Cavaliers,CLE,cavaliers,1628378,Donovan,Mitchell,D. Mitchell,donovan-mitchell,G,,,35:21,35.35,10,24,0.417,5,12,0.417,4,4,1.0,0,6,6,6,1,0,2,2,29,14.0,0022500186,Donovan Mitchell,donovan mitchell,,,2025-11-08,1,0.8203677510608204,0.0,0.16973125884016974,0.16973125884016974,0.028288543140028287,1.0,7.0,3.0,2.0,3.0,6.0,3.0,1.0,4.0,0,0.0,0,0.00307,20.8,6773.038098339303,20.736144,0.028288543140028287,4.0,7.0,0.7215564
0022500186,1610612739,Cleveland,Cavaliers,CLE,cavaliers,1629731,Dean,Wade,D. Wade,dean-wade,,,,19:10,19.166666666666668,1,5,0.2,0,4,0.0,0,0,0.0,2,1,3,0,2,1,0,4,2,-4.0,0022500186,Dean Wade,dean wade,,,2025-11-08,3,0.10434782608695652,0.10434782608695652,0.15652173913043477,0.0,0.2608695652173913,8.0,1.0,6.0,10.0,1.0,3.0,7.0,8.0,4.0,0,0.0,0,0.00114,-6.8,-5959.68448729185,-6.792248,0.15652173913043477,2.0,1.0,0.03145059
0022500186,1610612739,Cleveland,Cavaliers,CLE,cavaliers,1628366,Lonzo,Ball,L. Ball,lonzo-ball,,,,22:19,22.316666666666666,1,4,0.25,0,3,0.0,0,0,0.0,0,4,4,4,0,0,0,4,2,-8.0,0022500186,Lonzo Ball,lonzo ball,,,2025-11-08,0,0.08961911874533234,0.0,0.17923823749066467,0.17923823749066467,0.0,8.0,7.0,4.0,4.0,5.0,6.0,8.0,7.0,2.0,0,0.0,0,0.00082,-16.7,-20341.047503045065,-16.686306,0.0,7.0,8.0,0.010207561
0022500186,1610612739,Cleveland,Cavaliers,CLE,cavaliers,1630241,Sam,Merrill,S. Merrill,sam-merrill,,,,27:31,27.516666666666666,3,8,0.375,2,6,0.333,0,0,0.0,2,0,2,8,0,0,1,3,8,6.0,0022500186,Sam Merrill,sam merrill,,,2025-11-08,0,0.29073288915808604,0.07268322228952151,0.07268322228952151,0.29073288915808604,0.07268322228952151,6.0,1.0,8.0,1.0,5.0,6.0,4.0,5.0,1.0,0,0.0,0,0.0013800000000000002,9.8,7096.307023895728,9.786476,0.0,7.0,5.0,0.1124299
0022500186,1610612739,Cleveland,Cavaliers,CLE,cavaliers,1641854,Craig,Porter Jr.,C. Porter Jr.,craig-porter-jr,,,,4:14,4.233333333333333,0,0,0.0,0,0,0.0,0,0,0.0,0,0,0,1,0,0,0,2,0,-11.0,0022500186,Craig Porter Jr.,craig porter jr,,,2025-11-08,0,0.0,0.0,0.0,0.23622047244094488,0.0,10.0,7.0,10.0,8.0,5.0,6.0,9.0,10.0,0.0,0,0.0,0,0.0,-104.4,-104400000.00000001,-104.4,0.0,7.0,8.0,0.0028520827
0022500186,1610612739,Cleveland,Cavaliers,CLE,cavaliers,1642878,Tyrese,Proctor,T. Proctor,tyrese-proctor,,,,12:38,12.633333333333333,2,5,0.4,2,5,0.4,0,0,0.0,0,2,2,1,0,0,0,3,6,-16.0,0022500186,Tyrese Proctor,tyrese proctor,,,2025-11-08,0,0.474934036939314,0.0,0.158311345646438,0.079155672823219,0.0,7.0,7.0,8.0,8.0,5.0,6.0,10.0,9.0,2.0,0,0.0,0,0.00185,-70.3,-37979.47055645597,-70.169945,0.0,7.0,8.0,0.039046146
0022500201,1610612739,Cleveland,Cavaliers,CLE,cavaliers,1629631,De'Andre,Hunter,D. Hunter,deandre-hunter,F,,,35:16,35.266666666666666,9,19,0.474,2,8,0.25,3,3,1.0,0,4,4,4,1,0,1,5,23,-7.0,0022500201,De'Andre Hunter,de'andre hunter,,,2025-11-10,1,0.6521739130434783,0.0,0.11342155009451796,0.11342155009451796,0.02835538752362949,2.0,9.0,6.0,3.0,3.0,5.0,8.0,3.0,3.0,0,0.0,0,0.00221,-9.3,-4206.241519674355,-9.279447000000001,0.02835538752362949,3.0,9.0,0.7323178
0022500201,1610612739,Cleveland,Cavaliers,CLE,cavaliers,1630596,Evan,Mobley,E. Mobley,evan-mobley,F,,,38:43,38.71666666666667,8,15,0.533,3,4,0.75,2,7,0.286,8,2,10,5,0,1,2,3,21,0.0,0022500201,Evan Mobley,evan mobley,,,2025-11-10,1,0.5424020662935859,0.20662935858803272,0.25828669823504086,0.12914334911752043,0.2324580284115368,3.0,1.0,2.0,2.0,6.0,1.0,4.0,2.0,2.0,0,0.0,0,0.00194,4.5,2318.3925811437402,4.49127,0.02582866982350409,3.0,2.0,0.8503231
0022500201,1610612739,Cleveland,Cavaliers,CLE,cavaliers,1628386,Jarrett,Allen,J. Allen,jarrett-allen,C,,,20:53,20.883333333333333,6,9,0.667,0,0,0.0,2,3,0.667,3,4,7,2,0,1,3,0,14,8.0,0022500201,Jarrett Allen,jarrett allen,,,2025-11-10,1,0.670391061452514,0.14365522745411013,0.335195530726257,0.09577015163607343,0.19154030327214686,4.0,4.0,4.0,4.0,6.0,1.0,2.0,7.0,1.0,0,0.0,0,0.0022,16.3,7405.724670604271,16.26414,0.047885075818036714,3.0,3.0,0.8123168
0022500201,1610612739,Cleveland,Cavaliers,CLE,cavaliers,1628378,Donovan,Mitchell,D. Mitchell,donovan-mitchell,G,,,40:55,40.916666666666664,10,28,0.357,3,16,0.188,5,6,0.833,5,10,15,8,1,0,1,4,28,14.0,0022500201,Donovan Mitchell,donovan mitchell,,,2025-11-10,1,0.6843177189409368,0.12219959266802445,0.36659877800407337,0.19551934826883913,0.14663951120162932,1.0,2.0,1.0,1.0,3.0,5.0,1.0,1.0,8.0,0,0.0,0,0.0028100000000000004,15.7,5585.200996086801,15.655883,0.02443991853360489,3.0,6.0,0.8630464
0022500201,1610612739,Cleveland,Cavaliers,CLE,cavaliers,1629636,Darius,Garland,D. Garland,darius-garland,G,,,18:57,18.95,2,9,0.222,1,3,0.333,6,6,1.0,1,4,5,2,2,0,0,3,11,-5.0,0022500201,Darius Garland,darius garland,,,2025-11-10,2,0.5804749340369393,0.052770448548812667,0.2638522427440633,0.10554089709762533,0.158311345646438,6.0,6.0,5.0,4.0,2.0,5.0,6.0,9.0,2.0,0,0.0,0,0.00245,-9.1,-3712.770297837617,-9.077705,0.10554089709762533,2.0,4.0,0.19389445
0022500201,1610612739,Cleveland,Cavaliers,CLE,cavaliers,1630241,Sam,Merrill,S. Merrill,sam-merrill,,,,32:38,32.63333333333333,4,16,0.25,4,16,0.25,0,0,0.0,1,1,2,2,0,0,0,3,12,-7.0,0022500201,Sam Merrill,sam merrill,,,2025-11-10,0,0.3677221654749745,0.030643513789581207,0.06128702757916241,0.06128702757916241,0.030643513789581207,5.0,6.0,9.0,4.0,6.0,5.0,8.0,4.0,0.0,0,0.0,0,0.0017599999999999998,-6.3,-3577.5127768313464,-6.288912,0.0,9.0,8.0,0.14730825
0022500201,1610612739,Cleveland,Cavaliers,CLE,cavaliers,1642281,Jaylon,Tyson,J. Tyson,jaylon-tyson,,,,31:05,31.083333333333332,3,10,0.3,2,6,0.333,1,2,0.5,5,4,9,1,3,1,0,3,9,-5.0,0022500201,Jaylon Tyson,jaylon tyson,,,2025-11-10,4,0.289544235924933,0.16085790884718498,0.289544235924933,0.032171581769437,0.289544235924933,7.0,2.0,3.0,8.0,1.0,1.0,6.0,5.0,5.0,0,0.0,0,0.00133,-5.5,-4132.231404958678,-5.492685,0.128686327077748,1.0,1.0,0.3635167
0022500201,1610612739,Cleveland,Cavaliers,CLE,cavaliers,1628366,Lonzo,Ball,L. Ball,lonzo-ball,,,,19:31,19.516666666666666,3,7,0.429,3,7,0.429,0,0,0.0,2,2,4,2,1,0,0,3,9,4.0,0022500201,Lonzo Ball,lonzo ball,,,2025-11-10,1,0.46114432109308284,0.10247651579846286,0.2049530315969257,0.10247651579846286,0.1537147736976943,7.0,5.0,6.0,4.0,3.0,5.0,3.0,8.0,5.0,0,0.0,0,0.00123,5.9,4792.851340373681,5.892743,0.05123825789923143,3.0,5.0,0.24601175
0022500201,1610612739,Cleveland,Cavaliers,CLE,cavaliers,1629731,Dean,Wade,D. Wade,dean-wade,,,,21:37,21.616666666666667,3,5,0.6,3,4,0.75,0,0,0.0,1,2,3,0,0,1,0,3,9,-8.0,0022500201,Dean Wade,dean wade,,,2025-11-10,1,0.4163454124903624,0.04626060138781804,0.13878180416345412,0.0,0.09252120277563608,7.0,6.0,8.0,9.0,6.0,1.0,10.0,6.0,5.0,0,0.0,0,0.00083,-9.9,-11913.357400722021,-9.891783,0.04626060138781804,3.0,7.0,0.11489632
0022500201,1610612739,Cleveland,Cavaliers,CLE,cavaliers,1641854,Craig,Porter Jr.,C. Porter Jr.,craig-porter-jr,,,,5:25,5.416666666666667,1,2,0.5,0,1,0.0,0,0,0.0,0,1,1,0,0,0,0,0,2,-4.0,0022500201,Craig Porter Jr.,craig porter jr,,,2025-11-10,0,0.3692307692307692,0.0,0.1846153846153846,0.0,0.0,10.0,9.0,10.0,9.0,6.0,5.0,5.0,10.0,1.0,0,0.0,0,0.0014299999999999998,-54.4,-38015.373864430476,-54.322207999999996,0.0,9.0,10.0,0.006511333
0022500217,1610612739,Cleveland,Cavaliers,CLE,cavaliers,1629631,De'Andre,Hunter,D. Hunter,deandre-hunter,F,,,28:21,28.35,8,13,0.615,1,5,0.2,4,5,0.8,1,5,6,2,2,0,3,1,21,4.0,0022500217,De'Andre Hunter,de'andre hunter,,,2025-11-12,2,0.7407407407407407,0.03527336860670194,0.21164021164021163,0.07054673721340388,0.10582010582010581,2.0,6.0,3.0,4.0,2.0,7.0,6.0,2.0,2.0,0,0.0,0,0.0022500000000000003,7.5,3331.852509995557,7.483125,0.07054673721340388,4.0,7.0,0.7894635
0022500217,1610612739,Cleveland,Cavaliers,CLE,cavaliers,1629731,Dean,Wade,D. Wade,dean-wade,F,,,26:13,26.216666666666665,3,7,0.429,2,4,0.5,0,0,0.0,0,3,3,2,1,0,1,0,8,-7.0,0022500217,Dean Wade,dean wade,,,2025-11-12,1,0.305149396058487,0.0,0.11443102352193261,0.07628734901462175,0.038143674507310876,7.0,9.0,8.0,4.0,5.0,7.0,9.0,4.0,1.0,0,0.0,0,0.0011899999999999999,-10.2,-8564.231738035265,-10.187861999999999,0.038143674507310876,8.0,10.0,0.045874476
0022500217,1610612739,Cleveland,Cavaliers,CLE,cavaliers,1628386,Jarrett,Allen,J. Allen,jarrett-allen,C,,,27:26,27.433333333333334,12,20,0.6,0,1,0.0,6,7,0.857,2,8,10,2,0,0,1,0,30,2.0,0022500217,Jarrett Allen,jarrett allen,,,2025-11-12,0,1.0935601458080195,0.07290400972053462,0.3645200486026731,0.07290400972053462,0.07290400972053462,1.0,2.0,1.0,4.0,9.0,7.0,8.0,3.0,1.0,0,0.0,0,0.00329,3.2,972.3488301428138,3.1894720000000003,0.0,10.0,9.0,0.8445402
0022500217,1610612739,Cleveland,Cavaliers,CLE,cavaliers,1630241,Sam,Merrill,S. Merrill,sam-merrill,G,,,20:39,20.65,1,10,0.1,1,8,0.125,2,2,1.0,0,0,0,3,1,1,0,3,5,-8.0,0022500217,Sam Merrill,sam merrill,,,2025-11-12,2,0.2421307506053269,0.0,0.0,0.14527845036319614,0.09685230024213076,8.0,9.0,11.0,3.0,5.0,3.0,10.0,6.0,1.0,0,0.0,0,0.00183,-12.8,-6990.7154560349545,-12.776576,0.09685230024213076,4.0,8.0,0.010949312
0022500217,1610612739,Cleveland,Cavaliers,CLE,cavaliers,1628366,Lonzo,Ball,L. Ball,lonzo-ball,G,,,20:29,20.483333333333334,4,8,0.5,4,7,0.571,3,3,1.0,2,0,2,8,1,1,3,1,15,-9.0,0022500217,Lonzo Ball,lonzo ball,,,2025-11-12,2,0.7323026851098454,0.09764035801464604,0.09764035801464604,0.3905614320585842,0.1952807160292921,4.0,2.0,9.0,2.0,5.0,3.0,11.0,7.0,2.0,0,0.0,0,0.0020399999999999997,-19.6,-9603.1357177854,-19.560016,0.09764035801464604,4.0,5.0,0.77052736
0022500217,1610612739,Cleveland,Cavaliers,CLE,cavaliers,1641854,Craig,Porter Jr.,C. Porter Jr.,craig-porter-jr,,,,32:10,32.166666666666664,7,12,0.583,3,3,1.0,2,3,0.667,2,2,4,9,3,4,2,2,19,21.0,0022500217,Craig Porter Jr.,craig porter jr,,,2025-11-12,7,0.5906735751295337,0.062176165803108814,0.12435233160621763,0.27979274611398963,0.27979274611398963,3.0,2.0,6.0,1.0,1.0,1.0,1.0,1.0,7.0,0,0.0,0,0.0017399999999999998,29.7,17059.1614014934,29.648322,0.21761658031088085,1.0,3.0,0.96165985
0022500217,1610612739,Cleveland,Cavaliers,CLE,cavaliers,1626204,Larry,Nance Jr.,L. Nance Jr.,larry-nance-jr,,,,19:25,19.416666666666668,1,3,0.333,1,2,0.5,0,0,0.0,1,4,5,2,2,0,1,4,3,3.0,0022500217,Larry Nance Jr.,larry nance jr,,,2025-11-12,2,0.15450643776824033,0.05150214592274678,0.2575107296137339,0.10300429184549356,0.15450643776824033,11.0,6.0,5.0,4.0,2.0,7.0,7.0,8.0,4.0,0,0.0,0,0.00073,6.5,8891.928864569083,6.495255,0.10300429184549356,4.0,6.0,0.015556627
0022500217,1610612739,Cleveland,Cavaliers,CLE,cavaliers,1642878,Tyrese,Proctor,T. Proctor,tyrese-proctor,,,,22:44,22.733333333333334,4,15,0.267,2,8,0.25,2,2,1.0,0,2,2,2,0,0,0,4,12,19.0,0022500217,Tyrese Proctor,tyrese proctor,,,2025-11-12,0,0.5278592375366569,0.0,0.0879765395894428,0.0879765395894428,0.0,5.0,9.0,9.0,4.0,9.0,7.0,3.0,5.0,1.0,0,1.0,0,0.0025,40.8,16313.474610155936,40.698,0.0,10.0,11.0,0.25202882
0022500217,1610612739,Cleveland,Cavaliers,CLE,cavaliers,1631247,Luke,Travers,L. Travers,luke-travers,,,,12:06,12.1,1,5,0.2,0,3,0.0,2,2,1.0,1,3,4,0,1,2,0,1,4,11.0,0022500217,Luke Travers,luke travers,,,2025-11-12,3,0.3305785123966942,0.08264462809917356,0.3305785123966942,0.0,0.3305785123966942,9.0,6.0,6.0,10.0,5.0,2.0,5.0,11.0,1.0,0,0.0,0,0.00167,40.5,24236.983842010774,40.432365000000004,0.24793388429752067,2.0,2.0,0.043723017
0022500217,1610612739,Cleveland,Cavaliers,CLE,cavaliers,1628418,Thomas,Bryant,T. Bryant,thomas-bryant,,,,12:48,12.8,2,4,0.5,0,2,0.0,0,1,0.0,2,5,7,0,0,1,0,1,4,14.0,0022500217,Thomas Bryant,thomas bryant,,,2025-11-12,1,0.3125,0.15625,0.546875,0.0,0.234375,9.0,2.0,2.0,10.0,9.0,3.0,4.0,10.0,2.0,0,0.0,0,0.00108,52.2,48288.621646623506,52.143624,0.078125,8.0,4.0,0.21951698
0022500217,1610612739,Cleveland,Cavaliers,CLE,cavaliers,1641772,Nae'Qwan,Tomlin,N. Tomlin,naeqwan-tomlin,,,,17:39,17.65,2,7,0.286,0,4,0.0,5,6,0.833,4,2,6,2,2,1,1,4,9,20.0,0022500217,Nae'Qwan Tomlin,nae'qwan tomlin,,,2025-11-12,3,0.509915014164306,0.226628895184136,0.33994334277620397,0.113314447592068,0.39660056657223797,6.0,1.0,3.0,4.0,2.0,3.0,2.0,9.0,1.0,0,0.0,0,0.00234,51.3,21913.712088850916,51.179958,0.16997167138810199,2.0,1.0,0.51775
0022500225,1610612739,Cleveland,Cavaliers,CLE,cavaliers,1629631,De'Andre,Hunter,D. Hunter,deandre-hunter,F,,,27:27,27.45,7,16,0.438,1,5,0.2,1,2,0.5,0,2,2,6,0,1,0,2,16,-7.0,0022500225,De'Andre Hunter,de'andre hunter,,,2025-11-13,1,0.5828779599271403,0.0,0.07285974499089254,0.2185792349726776,0.03642987249544627,3.0,7.0,6.0,1.0,7.0,3.0,7.0,3.0,0.0,0,0.0,0,0.0023899999999999998,-12.3,-5144.291091593476,-12.270603000000001,0.03642987249544627,5.0,9.0,0.66313213
0022500225,1610612739,Cleveland,Cavaliers,CLE,cavaliers,1630596,Evan,Mobley,E. Mobley,evan-mobley,F,,,34:47,34.78333333333333,2,7,0.286,1,3,0.333,2,4,0.5,3,6,9,3,1,0,1,2,7,-18.0,0022500225,Evan Mobley,evan mobley,,,2025-11-13,1,0.20124580737901296,0.08624820316243412,0.2587446094873024,0.08624820316243412,0.11499760421657883,6.0,2.0,1.0,4.0,2.0,5.0,11.0,2.0,2.0,0,0.0,0,0.00122,-25.4,-20802.620802620804,-25.369011999999998,0.028749401054144707,5.0,5.0,0.107369244
0022500225,1610612739,Cleveland,Cavaliers,CLE,cavaliers,1628386,Jarrett,Allen,J. Allen,jarrett-allen,C,,,20:54,20.9,3,6,0.5,0,0,0.0,0,0,0.0,2,6,8,0,1,1,2,2,6,-6.0,0022500225,Jarrett Allen,jarrett allen,,,2025-11-13,2,0.28708133971291866,0.09569377990430622,0.3827751196172249,0.0,0.19138755980861244,8.0,3.0,2.0,9.0,2.0,3.0,6.0,7.0,3.0,0,0.0,0,0.00151,-13.6,-9000.66181336863,-13.579464,0.09569377990430622,3.0,3.0,0.16438313
0022500225,1610612739,Cleveland,Cavaliers,CLE,cavaliers,1630241,Sam,Merrill,S. Merrill,sam-merrill,G,,,27:12,27.2,4,11,0.364,3,9,0.333,1,1,1.0,1,1,2,3,0,0,0,1,12,-2.0,0022500225,Sam Merrill,sam merrill,,,2025-11-13,0,0.4411764705882353,0.03676470588235294,0.07352941176470588,0.11029411764705882,0.03676470588235294,4.0,5.0,6.0,4.0,7.0,5.0,5.0,4.0,0.0,0,0.0,0,0.00159,-5.7,-3582.6524198617226,-5.690937,0.0,8.0,8.0,0.32006457
0022500225,1610612739,Cleveland,Cavaliers,CLE,cavaliers,1628378,Donovan,Mitchell,D. Mitchell,donovan-mitchell,G,,,35:41,35.68333333333333,7,18,0.389,2,9,0.222,15,17,0.882,1,5,6,6,1,2,7,2,31,-18.0,0022500225,Donovan Mitchell,donovan mitchell,,,2025-11-13,3,0.8687529191966372,0.028024287716020554,0.16814572629612332,0.16814572629612332,0.11209715086408222,1.0,5.0,3.0,1.0,2.0,1.0,11.0,1.0,2.0,0,0.0,0,0.0037199999999999998,-24.3,-6530.50255307713,-24.209604000000002,0.08407286314806166,1.0,6.0,0.7856471
0022500225,1610612739,Cleveland,Cavaliers,CLE,cavaliers,1642878,Tyrese,Proctor,T. Proctor,tyrese-proctor,,,,11:08,11.133333333333333,3,8,0.375,1,5,0.2,0,0,0.0,0,0,0,1,0,0,0,2,7,-7.0,0022500225,Tyrese Proctor,tyrese proctor,,,2025-11-13,0,0.62874251497006,0.0,0.0,0.08982035928143713,0.0,6.0,7.0,9.0,6.0,7.0,5.0,7.0,9.0,1.0,0,0.0,0,0.0034799999999999996,-33.3,-9566.216604424017,-33.184115999999996,0.0,8.0,10.0,0.03474664
0022500225,1610612739,Cleveland,Cavaliers,CLE,cavaliers,1629731,Dean,Wade,D. Wade,dean-wade,,,,20:49,20.816666666666666,1,5,0.2,0,3,0.0,0,0,0.0,2,1,3,1,0,0,0,1,2,-1.0,0022500225,Dean Wade,dean wade,,,2025-11-13,0,0.09607686148919135,0.09607686148919135,0.14411529223378702,0.04803843074459568,0.09607686148919135,10.0,3.0,5.0,6.0,7.0,5.0,4.0,8.0,1.0,0,0.0,0,0.00106,-5.6,-5278.03958529689,-5.594064,0.0,8.0,7.0,0.015974669
0022500225,1610612739,Cleveland,Cavaliers,CLE,cavaliers,1641854,Craig,Porter Jr.,C. Porter Jr.,craig-porter-jr,,,,24:25,24.416666666666668,4,6,0.667,2,4,0.5,0,0,0.0,0,1,1,5,1,2,0,1,10,5.0,0022500225,Craig Porter Jr.,craig porter jr,,,2025-11-13,3,0.40955631399317405,0.0,0.040955631399317405,0.20477815699658702,0.12286689419795221,5.0,7.0,8.0,3.0,2.0,1.0,2.0,5.0,3.0,0,0.0,0,0.00105,10.2,9705.042816365367,10.18929,0.12286689419795221,1.0,4.0,0.76336205
0022500225,1610612739,Cleveland,Cavaliers,CLE,cavaliers,1626204,Larry,Nance Jr.,L. Nance Jr.,larry-nance-jr,,,,7:03,7.05,0,0,0.0,0,0,0.0,0,0,0.0,0,0,0,1,0,0,2,1,0,-13.0,0022500225,Larry Nance Jr.,larry nance jr,,,2025-11-13,0,0.0,0.0,0.0,0.14184397163120568,0.0,11.0,7.0,9.0,6.0,7.0,5.0,10.0,10.0,0.0,0,0.0,0,0.0014299999999999998,-114.7,-80153.7386443047,-114.535979,0.0,8.0,10.0,0.0020819323
0022500225,1610612739,Cleveland,Cavaliers,CLE,cavaliers,1641772,Nae'Qwan,Tomlin,N. Tomlin,naeqwan-tomlin,,,,21:31,21.516666666666666,8,10,0.8,0,1,0.0,2,2,1.0,5,1,6,0,2,0,0,5,18,-10.0,0022500225,Nae'Qwan Tomlin,nae'qwan tomlin,,,2025-11-13,2,0.836560805577072,0.2323780015491867,0.278853601859024,0.0,0.32532920216886135,2.0,1.0,3.0,9.0,1.0,5.0,9.0,6.0,3.0,0,0.0,0,0.00208,-20.0,-9610.764055742431,-19.9584,0.09295120061967467,3.0,2.0,0.9058678
0022500225,1610612739,Cleveland,Cavaliers,CLE,cavaliers,1628418,Thomas,Bryant,T. Bryant,thomas-bryant,,,,6:49,6.816666666666666,2,4,0.5,0,2,0.0,0,0,0.0,0,0,0,0,0,0,0,1,4,8.0,0022500225,Thomas Bryant,thomas bryant,,,2025-11-13,0,0.58679706601467,0.0,0.0,0.0,0.0,9.0,7.0,9.0,9.0,7.0,5.0,1.0,11.0,0.0,0,0.0,0,0.00211,53.3,25248.697299857886,53.187537,0.0,8.0,10.0,0.04357264
0022500225,1610612739,Cleveland,Cavaliers,CLE,cavaliers,1631247,Luke,Travers,L. Travers,luke-travers,,,,2:14,2.2333333333333334,0,0,0.0,0,0,0.0,0,0,0.0,0,0,0,0,1,0,0,0,0,4.0,0022500225,Luke Travers,luke travers,,,2025-11-13,1,0.0,0.0,0.0,0.0,0.44776119402985076,11.0,7.0,9.0,9.0,2.0,5.0,3.0,12.0,1.0,0,0.0,0,0.0,53.3,53300000.0,53.3,0.44776119402985076,5.0,1.0,0.010409148
0022500228,1610612739,Cleveland,Cavaliers,CLE,cavaliers,1629631,De'Andre,Hunter,D. Hunter,deandre-hunter,F,,,32:07,32.11666666666667,4,8,0.5,1,3,0.333,0,0,0.0,0,3,3,3,0,0,0,5,9,3.0,0022500228,De'Andre Hunter,de'andre hunter,,,2025-11-15,0,0.2802283341982356,0.0,0.09340944473274519,0.09340944473274519,0.0,5.0,8.0,8.0,4.0,6.0,5.0,5.0,3.0,1.0,0,0.0,0,0.00104,7.5,7204.610951008647,7.4921999999999995,0.0,9.0,9.0,0.14469849
0022500228,1610612739,Cleveland,Cavaliers,CLE,cavaliers,1630596,Evan,Mobley,E. Mobley,evan-mobley,F,,,35:19,35.31666666666667,7,16,0.438,3,6,0.5,5,8,0.625,3,10,13,4,0,4,4,4,22,0.0,0022500228,Evan Mobley,evan mobley,,,2025-11-15,4,0.6229353468617271,0.08494572911750825,0.36809815950920244,0.11326097215667767,0.1982067012741859,2.0,1.0,1.0,3.0,6.0,1.0,7.0,1.0,3.0,0,0.0,0,0.0027300000000000002,1.2,439.39948736726467,1.196724,0.11326097215667767,1.0,3.0,0.8285318
0022500228,1610612739,Cleveland,Cavaliers,CLE,cavaliers,1628386,Jarrett,Allen,J. Allen,jarrett-allen,C,,,26:21,26.35,5,8,0.625,0,0,0.0,6,8,0.75,1,5,6,2,0,1,2,2,16,1.0,0022500228,Jarrett Allen,jarrett allen,,,2025-11-15,1,0.6072106261859582,0.03795066413662239,0.22770398481973433,0.07590132827324478,0.07590132827324478,3.0,4.0,3.0,5.0,6.0,4.0,6.0,5.0,0.0,0,0.0,0,0.00215,5.4,2510.460251046025,5.38839,0.03795066413662239,6.0,7.0,0.7590376
0022500228,1610612739,Cleveland,Cavaliers,CLE,cavaliers,1630241,Sam,Merrill,S. Merrill,sam-merrill,G,,,27:12,27.2,5,9,0.556,2,6,0.333,1,2,0.5,1,3,4,1,1,0,2,4,13,-4.0,0022500228,Sam Merrill,sam merrill,,,2025-11-15,1,0.47794117647058826,0.03676470588235294,0.14705882352941177,0.03676470588235294,0.07352941176470588,4.0,4.0,5.0,7.0,3.0,5.0,10.0,4.0,2.0,0,0.0,0,0.00179,-8.2,-4578.447794528197,-8.185322,0.03676470588235294,6.0,8.0,0.4312759
0022500228,1610612739,Cleveland,Cavaliers,CLE,cavaliers,1628378,Donovan,Mitchell,D. Mitchell,donovan-mitchell,G,,,32:56,32.93333333333333,10,21,0.476,4,13,0.308,6,9,0.667,1,4,5,5,2,0,4,4,30,4.0,0022500228,Donovan Mitchell,donovan mitchell,,,2025-11-15,2,0.9109311740890689,0.03036437246963563,0.15182186234817815,0.15182186234817815,0.0910931174089069,1.0,4.0,4.0,1.0,1.0,5.0,4.0,2.0,3.0,0,0.0,0,0.0034100000000000003,6.6,1934.9164467897974,6.577494,0.06072874493927126,3.0,5.0,0.83282954
0022500228,1610612739,Cleveland,Cavaliers,CLE,cavaliers,1629731,Dean,Wade,D. Wade,dean-wade,,,,24:29,24.483333333333334,2,4,0.5,0,2,0.0,0,0,0.0,0,4,4,2,0,2,1,0,4,22.0,0022500228,Dean Wade,dean wade,,,2025-11-15,2,0.16337644656228725,0.0,0.16337644656228725,0.08168822328114363,0.08168822328114363,7.0,8.0,5.0,5.0,6.0,2.0,1.0,6.0,3.0,0,0.0,0,0.00083,43.1,51865.22262334537,43.064227,0.08168822328114363,3.0,6.0,0.3277672
0022500228,1610612739,Cleveland,Cavaliers,CLE,cavaliers,1628366,Lonzo,Ball,L. Ball,lonzo-ball,,,,22:02,22.033333333333335,3,5,0.6,3,5,0.6,0,0,0.0,2,5,7,5,2,0,5,2,9,16.0,0022500228,Lonzo Ball,lonzo ball,,,2025-11-15,2,0.4084720121028744,0.0907715582450832,0.3177004538577912,0.22692889561270801,0.1815431164901664,5.0,2.0,2.0,1.0,1.0,5.0,2.0,7.0,1.0,0,0.0,0,0.00172,29.8,17315.514235909355,29.748744,0.0907715582450832,3.0,4.0,0.41443858
0022500228,1610612739,Cleveland,Cavaliers,CLE,cavaliers,1641854,Craig,Porter Jr.,C. Porter Jr.,craig-porter-jr,,,,12:58,12.966666666666667,1,4,0.25,0,0,0.0,1,2,0.5,2,1,3,1,1,0,1,1,3,-1.0,0022500228,Craig Porter Jr.,craig porter jr,,,2025-11-15,1,0.23136246786632392,0.15424164524421594,0.23136246786632392,0.07712082262210797,0.23136246786632392,8.0,2.0,8.0,7.0,3.0,5.0,8.0,9.0,2.0,0,0.0,0,0.00167,-3.2,-1915.020945541592,-3.194656,0.07712082262210797,6.0,1.0,0.023544442
0022500228,1610612739,Cleveland,Cavaliers,CLE,cavaliers,1626204,Larry,Nance Jr.,L. Nance Jr.,larry-nance-jr,,,,4:33,4.55,0,2,0.0,0,2,0.0,0,0,0.0,0,0,0,0,0,0,1,3,0,-7.0,0022500228,Larry Nance Jr.,larry nance jr,,,2025-11-15,0,0.0,0.0,0.0,0.0,0.0,10.0,8.0,10.0,10.0,6.0,5.0,11.0,10.0,,1,,1,0.0027300000000000002,-83.3,-30501.647748077623,-83.072591,0.0,9.0,9.0,0.0032615284
0022500228,1610612739,Cleveland,Cavaliers,CLE,cavaliers,1641772,Nae'Qwan,Tomlin,N. Tomlin,naeqwan-tomlin,,,,17:53,17.883333333333333,1,4,0.25,0,1,0.0,0,0,0.0,1,3,4,1,1,2,0,3,2,8.0,0022500228,Nae'Qwan Tomlin,nae'qwan tomlin,,,2025-11-15,3,0.11183597390493942,0.05591798695246971,0.22367194780987884,0.05591798695246971,0.22367194780987884,9.0,4.0,5.0,7.0,3.0,2.0,3.0,8.0,6.0,0,0.0,0,0.00091,20.5,22502.744237102084,20.481345,0.16775396085740915,2.0,2.0,0.077141084
0022500228,1610612739,Cleveland,Cavaliers,CLE,cavaliers,1642878,Tyrese,Proctor,T. Proctor,tyrese-proctor,,,,4:10,4.166666666666667,0,2,0.0,0,2,0.0,0,0,0.0,0,0,0,0,0,0,0,0,0,-2.0,0022500228,Tyrese Proctor,tyrese proctor,,,2025-11-15,0,0.0,0.0,0.0,0.0,0.0,10.0,8.0,10.0,10.0,6.0,5.0,9.0,11.0,0.0,0,0.0,0,0.00222,-9.5,-4277.352543899144,-9.47891,0.0,9.0,9.0,0.0034202097
0022500241,1610612739,Cleveland,Cavaliers,CLE,cavaliers,1629631,De'Andre,Hunter,D. Hunter,deandre-hunter,F,,,25:35,25.583333333333332,5,11,0.455,1,4,0.25,0,0,0.0,0,5,5,1,0,0,2,3,11,-3.0,0022500241,De'Andre Hunter,de'andre hunter,,,2025-11-17,0,0.42996742671009774,0.0,0.19543973941368079,0.03908794788273616,0.0,5.0,4.0,4.0,6.0,5.0,6.0,10.0,5.0,0.0,0,0.0,0,0.0022400000000000002,-7.4,-3302.097278000892,-7.383424,0.0,9.0,9.0,0.144213
0022500241,1610612739,Cleveland,Cavaliers,CLE,cavaliers,1630596,Evan,Mobley,E. Mobley,evan-mobley,F,,,36:03,36.05,4,9,0.444,1,2,0.5,5,8,0.625,0,6,6,6,0,1,6,4,14,5.0,0022500241,Evan Mobley,evan mobley,,,2025-11-17,1,0.38834951456310685,0.0,0.1664355062413315,0.1664355062413315,0.027739251040221916,3.0,4.0,2.0,2.0,5.0,1.0,6.0,1.0,4.0,0,0.0,0,0.0023799999999999997,6.6,2771.9445611087776,6.584292,0.027739251040221916,4.0,8.0,0.39602852
0022500241,1610612739,Cleveland,Cavaliers,CLE,cavaliers,1628386,Jarrett,Allen,J. Allen,jarrett-allen,C,,,24:46,24.766666666666666,4,7,0.571,0,0,0.0,4,4,1.0,2,4,6,2,0,1,2,0,12,0.0,0022500241,Jarrett Allen,jarrett allen,,,2025-11-17,1,0.4845222072678331,0.08075370121130553,0.24226110363391656,0.08075370121130553,0.12113055181695828,4.0,1.0,2.0,5.0,5.0,1.0,9.0,6.0,1.0,0,0.0,0,0.0018599999999999999,0.0,0.0,0.0,0.04037685060565276,4.0,2.0,0.31764254
0022500241,1610612739,Cleveland,Cavaliers,CLE,cavaliers,1630241,Sam,Merrill,S. Merrill,sam-merrill,G,,,27:52,27.866666666666667,7,10,0.7,6,9,0.667,0,0,0.0,1,4,5,0,0,1,1,1,20,4.0,0022500241,Sam Merrill,sam merrill,,,2025-11-17,1,0.7177033492822966,0.03588516746411483,0.17942583732057416,0.0,0.07177033492822966,2.0,2.0,4.0,8.0,5.0,1.0,8.0,3.0,1.0,0,0.0,0,0.00172,6.7,3893.0854154561307,6.688476,0.03588516746411483,4.0,6.0,0.8908062
0022500241,1610612739,Cleveland,Cavaliers,CLE,cavaliers,1628378,Donovan,Mitchell,D. Mitchell,donovan-mitchell,G,,,35:45,35.75,14,22,0.636,4,8,0.5,5,7,0.714,0,5,5,7,1,0,2,4,37,7.0,0022500241,Donovan Mitchell,donovan mitchell,,,2025-11-17,1,1.034965034965035,0.0,0.13986013986013987,0.1958041958041958,0.027972027972027972,1.0,4.0,4.0,1.0,4.0,6.0,5.0,2.0,2.0,0,0.0,0,0.0034200000000000003,10.9,3186.202864659456,10.862722,0.027972027972027972,4.0,7.0,0.8574425
0022500241,1610612739,Cleveland,Cavaliers,CLE,cavaliers,1629731,Dean,Wade,D. Wade,dean-wade,,,,27:32,27.533333333333335,2,3,0.667,1,2,0.5,0,0,0.0,0,8,8,3,2,1,0,0,5,14.0,0022500241,Dean Wade,dean wade,,,2025-11-17,3,0.18159806295399514,0.0,0.29055690072639223,0.1089588377723971,0.1089588377723971,8.0,4.0,1.0,4.0,1.0,1.0,1.0,4.0,4.0,0,0.0,0,0.00047,26.9,57112.52653927813,26.887356999999998,0.1089588377723971,1.0,3.0,0.24304599
0022500241,1610612739,Cleveland,Cavaliers,CLE,cavaliers,1628366,Lonzo,Ball,L. Ball,lonzo-ball,,,,23:04,23.066666666666666,2,8,0.25,1,6,0.167,1,2,0.5,0,5,5,5,2,0,1,4,6,11.0,0022500241,Lonzo Ball,lonzo ball,,,2025-11-17,2,0.26011560693641617,0.0,0.21676300578034682,0.21676300578034682,0.08670520231213873,7.0,4.0,4.0,3.0,1.0,6.0,2.0,7.0,1.0,0,0.0,0,0.00182,23.9,13124.656781987918,23.856502,0.08670520231213873,2.0,5.0,0.1465549
0022500241,1610612739,Cleveland,Cavaliers,CLE,cavaliers,1641854,Craig,Porter Jr.,C. Porter Jr.,craig-porter-jr,,,,20:08,20.133333333333333,5,6,0.833,1,2,0.5,0,0,0.0,0,1,1,0,2,0,1,0,11,8.0,0022500241,Craig Porter Jr.,craig porter jr,,,2025-11-17,2,0.5463576158940397,0.0,0.049668874172185434,0.0,0.09933774834437087,5.0,4.0,10.0,8.0,1.0,6.0,4.0,8.0,4.0,0,0.0,0,0.0015199999999999999,19.0,12491.781722550955,18.97112,0.09933774834437087,2.0,4.0,0.67345476
0022500241,1610612739,Cleveland,Cavaliers,CLE,cavaliers,1628418,Thomas,Bryant,T. Bryant,thomas-bryant,,,,7:05,7.083333333333333,0,1,0.0,0,1,0.0,0,0,0.0,0,2,2,0,0,0,0,0,0,5.0,0022500241,Thomas Bryant,thomas bryant,,,2025-11-17,0,0.0,0.0,0.2823529411764706,0.0,0.0,10.0,4.0,8.0,8.0,5.0,6.0,6.0,10.0,1.0,0,0.0,0,0.00063,30.8,48811.410459587954,30.780596,0.0,9.0,9.0,0.005663068
0022500241,1610612739,Cleveland,Cavaliers,CLE,cavaliers,1641772,Nae'Qwan,Tomlin,N. Tomlin,naeqwan-tomlin,,,,12:11,12.183333333333334,1,2,0.5,0,1,0.0,0,0,0.0,1,1,2,1,0,1,1,1,2,9.0,0022500241,Nae'Qwan Tomlin,nae'qwan tomlin,,,2025-11-17,1,0.16415868673050615,0.08207934336525308,0.16415868673050615,0.08207934336525308,0.16415868673050615,9.0,2.0,8.0,6.0,5.0,1.0,3.0,9.0,0.0,0,0.0,0,0.001,34.6,34565.43456543457,34.565400000000004,0.08207934336525308,4.0,1.0,0.04226049
0022500255,1610612739,Cleveland,Cavaliers,CLE,cavaliers,1629631,De'Andre,Hunter,D. Hunter,deandre-hunter,F,,,30:32,30.533333333333335,6,11,0.545,5,8,0.625,8,8,1.0,2,2,4,2,0,0,3,3,25,-6.0,0022500255,De'Andre Hunter,de'andre hunter,,,2025-11-19,0,0.8187772925764192,0.06550218340611354,0.13100436681222707,0.06550218340611354,0.06550218340611354,1.0,1.0,5.0,5.0,4.0,4.0,7.0,3.0,1.0,0,0.0,0,0.0025700000000000002,-11.5,-4472.967716841696,-11.470445,0.0,6.0,7.0,0.89207447
0022500255,1610612739,Cleveland,Cavaliers,CLE,cavaliers,1630596,Evan,Mobley,E. Mobley,evan-mobley,F,,,35:41,35.68333333333333,7,13,0.538,0,3,0.0,4,10,0.4,1,5,6,0,0,0,3,2,18,-10.0,0022500255,Evan Mobley,evan mobley,,,2025-11-19,0,0.5044371788883699,0.028024287716020554,0.16814572629612332,0.0,0.028024287716020554,3.0,4.0,4.0,8.0,4.0,4.0,9.0,1.0,1.0,0,0.0,0,0.00247,-14.7,-5949.008498583569,-14.663691,0.0,6.0,8.0,0.34601226
0022500255,1610612739,Cleveland,Cavaliers,CLE,cavaliers,1628386,Jarrett,Allen,J. Allen,jarrett-allen,C,,,28:16,28.266666666666666,4,9,0.444,0,0,0.0,0,0,0.0,2,5,7,3,1,0,1,3,8,-9.0,0022500255,Jarrett Allen,jarrett allen,,,2025-11-19,1,0.2830188679245283,0.07075471698113207,0.24764150943396226,0.10613207547169812,0.10613207547169812,6.0,1.0,1.0,2.0,2.0,4.0,8.0,4.0,2.0,0,0.0,0,0.00164,-17.0,-10359.53686776356,-16.97212,0.03537735849056604,5.0,3.0,0.22377165
0022500255,1610612739,Cleveland,Cavaliers,CLE,cavaliers,1641772,Nae'Qwan,Tomlin,N. Tomlin,naeqwan-tomlin,G,,,19:38,19.633333333333333,4,10,0.4,0,5,0.0,2,4,0.5,2,0,2,0,0,0,0,1,10,-1.0,0022500255,Nae'Qwan Tomlin,nae'qwan tomlin,,,2025-11-19,0,0.5093378607809848,0.10186757215619695,0.10186757215619695,0.0,0.10186757215619695,4.0,1.0,7.0,8.0,4.0,4.0,3.0,8.0,7.0,0,0.0,0,0.0027500000000000003,0.4,145.40167211922935,0.39890000000000003,0.0,6.0,4.0,0.48128742
0022500255,1610612739,Cleveland,Cavaliers,CLE,cavaliers,1628378,Donovan,Mitchell,D. Mitchell,donovan-mitchell,G,,,34:06,34.1,8,17,0.471,3,9,0.333,2,2,1.0,1,2,3,2,2,0,4,2,21,-18.0,0022500255,Donovan Mitchell,donovan mitchell,,,2025-11-19,2,0.6158357771260997,0.029325513196480937,0.0879765395894428,0.05865102639296187,0.0879765395894428,2.0,4.0,6.0,5.0,1.0,4.0,10.0,2.0,3.0,0,0.0,0,0.0028199999999999996,-27.2,-9641.970932293514,-27.123296,0.05865102639296187,1.0,5.0,0.69524026
0022500255,1610612739,Cleveland,Cavaliers,CLE,cavaliers,1641854,Craig,Porter Jr.,C. Porter Jr.,craig-porter-jr,,,,25:47,25.783333333333335,4,6,0.667,1,2,0.5,0,0,0.0,1,6,7,5,0,2,1,2,9,-3.0,0022500255,Craig Porter Jr.,craig porter jr,,,2025-11-19,2,0.34906270200387846,0.0387847446670976,0.27149321266968324,0.19392372333548802,0.11635423400129281,5.0,4.0,1.0,1.0,4.0,1.0,5.0,6.0,3.0,0,0.0,0,0.00117,-5.6,-4782.237403928267,-5.5934479999999995,0.0775694893341952,1.0,1.0,0.5680466
0022500255,1610612739,Cleveland,Cavaliers,CLE,cavaliers,1628366,Lonzo,Ball,L. Ball,lonzo-ball,,,,25:00,25.0,2,8,0.25,2,8,0.25,1,2,0.5,0,2,2,2,1,1,0,1,7,1.0,0022500255,Lonzo Ball,lonzo ball,,,2025-11-19,2,0.28,0.0,0.08,0.08,0.08,7.0,8.0,7.0,5.0,2.0,3.0,1.0,7.0,3.0,0,0.0,0,0.00153,0.2,130.63357282821687,0.199694,0.08,1.0,6.0,0.13765612
0022500255,1610612739,Cleveland,Cavaliers,CLE,cavaliers,1629731,Dean,Wade,D. Wade,dean-wade,,,,26:43,26.716666666666665,1,5,0.2,1,4,0.25,1,4,0.25,1,6,7,3,0,2,0,3,4,0.0,0022500255,Dean Wade,dean wade,,,2025-11-19,2,0.14971927635683094,0.037429819089207735,0.26200873362445415,0.11228945726762321,0.11228945726762321,8.0,4.0,1.0,2.0,4.0,1.0,2.0,5.0,2.0,0,0.0,0,0.00109,0.0,0.0,0.0,0.07485963817841547,1.0,2.0,0.12524387
0022500255,1610612739,Cleveland,Cavaliers,CLE,cavaliers,1628418,Thomas,Bryant,T. Bryant,thomas-bryant,,,,3:53,3.8833333333333333,0,1,0.0,0,0,0.0,0,0,0.0,0,0,0,0,0,0,0,1,0,-1.0,0022500255,Thomas Bryant,thomas bryant,,,2025-11-19,0,0.0,0.0,0.0,0.0,0.0,10.0,8.0,10.0,8.0,4.0,4.0,3.0,10.0,0.0,0,0.0,0,0.00125,-1.4,-1119.1047162270183,-1.39825,0.0,6.0,9.0,0.004293623
0022500255,1610612739,Cleveland,Cavaliers,CLE,cavaliers,1642878,Tyrese,Proctor,T. Proctor,tyrese-proctor,,,,10:23,10.383333333333333,0,1,0.0,0,0,0.0,2,2,1.0,0,1,1,3,0,0,0,0,2,-3.0,0022500255,Tyrese Proctor,tyrese proctor,,,2025-11-19,0,0.1926163723916533,0.0,0.09630818619582665,0.28892455858747995,0.0,9.0,8.0,9.0,2.0,4.0,4.0,5.0,9.0,1.0,0,0.0,0,0.0008,-13.6,-16978.776529338324,-13.58912,0.0,6.0,9.0,0.006970139
0022500048,1610612739,Cleveland,Cavaliers,CLE,cavaliers,1629631,De'Andre,Hunter,D. Hunter,deandre-hunter,F,,,28:17,28.283333333333335,8,16,0.5,3,9,0.333,1,1,1.0,3,4,7,1,2,0,1,2,20,19.0,0022500048,De'Andre Hunter,de'andre hunter,,,2025-11-21,2,0.7071302298173247,0.1060695344725987,0.24749558043606362,0.03535651149086623,0.17678255745433116,3.0,2.0,4.0,6.0,1.0,5.0,1.0,3.0,3.0,0,0.0,0,0.00246,28.0,11377.488825680617,27.93112,0.07071302298173246,3.0,3.0,0.8485544
0022500048,1610612739,Cleveland,Cavaliers,CLE,cavaliers,1642281,Jaylon,Tyson,J. Tyson,jaylon-tyson,F,,,26:56,26.933333333333334,6,7,0.857,2,3,0.667,0,0,0.0,2,6,8,3,0,0,0,3,14,-6.0,0022500048,Jaylon Tyson,jaylon tyson,,,2025-11-21,0,0.5198019801980198,0.07425742574257425,0.297029702970297,0.11138613861386139,0.07425742574257425,5.0,3.0,3.0,5.0,5.0,5.0,11.0,4.0,1.0,0,0.0,0,0.0010299999999999999,-8.6,-8341.41610087294,-8.591142,0.0,8.0,7.0,0.68732965
0022500048,1610612739,Cleveland,Cavaliers,CLE,cavaliers,1630596,Evan,Mobley,E. Mobley,evan-mobley,C,,,34:50,34.833333333333336,7,13,0.538,1,1,1.0,7,11,0.636,4,8,12,4,0,4,2,2,22,18.0,0022500048,Evan Mobley,evan mobley,,,2025-11-21,4,0.631578947368421,0.11483253588516745,0.34449760765550236,0.11483253588516745,0.2296650717703349,2.0,1.0,1.0,4.0,5.0,1.0,2.0,1.0,1.0,0,0.0,0,0.00233,22.9,9824.109824109823,22.846642999999997,0.11483253588516745,1.0,1.0,0.8952077
0022500048,1610612739,Cleveland,Cavaliers,CLE,cavaliers,1628378,Donovan,Mitchell,D. Mitchell,donovan-mitchell,G,,,34:13,34.21666666666667,11,22,0.5,4,11,0.364,6,8,0.75,2,7,9,5,1,0,5,4,32,13.0,0022500048,Donovan Mitchell,donovan mitchell,,,2025-11-21,1,0.9352167559668777,0.058451047247929856,0.26302971261568436,0.14612761811982464,0.08767657087189479,1.0,3.0,2.0,2.0,2.0,5.0,4.0,2.0,2.0,0,0.0,0,0.00345,14.4,4172.703564184294,14.350320000000002,0.029225523623964928,4.0,6.0,0.75928295
0022500048,1610612739,Cleveland,Cavaliers,CLE,cavaliers,1629636,Darius,Garland,D. Garland,darius-garland,G,,,26:34,26.566666666666666,5,12,0.417,3,4,0.75,7,7,1.0,1,1,2,7,0,0,4,3,20,18.0,0022500048,Darius Garland,darius garland,,,2025-11-21,0,0.7528230865746549,0.037641154328732745,0.07528230865746549,0.26348808030112925,0.037641154328732745,3.0,5.0,7.0,1.0,5.0,5.0,2.0,5.0,1.0,0,0.0,0,0.00292,25.8,8832.591578226635,25.724664,0.0,8.0,9.0,0.78456134
0022500048,1610612739,Cleveland,Cavaliers,CLE,cavaliers,1628366,Lonzo,Ball,L. Ball,lonzo-ball,,,,25:18,25.3,0,2,0.0,0,2,0.0,0,0,0.0,0,7,7,5,0,1,1,4,0,12.0,0022500048,Lonzo Ball,lonzo ball,,,2025-11-21,1,0.0,0.0,0.2766798418972332,0.1976284584980237,0.039525691699604744,10.0,8.0,4.0,2.0,5.0,3.0,5.0,6.0,2.0,0,0.0,0,0.0005,20.0,39920.15968063872,19.990000000000002,0.039525691699604744,4.0,8.0,0.027639072
0022500048,1610612739,Cleveland,Cavaliers,CLE,cavaliers,1629731,Dean,Wade,D. Wade,dean-wade,,,,20:05,20.083333333333332,2,4,0.5,0,2,0.0,0,0,0.0,1,2,3,1,0,1,1,3,4,10.0,0022500048,Dean Wade,dean wade,,,2025-11-21,1,0.19917012448132781,0.049792531120331954,0.14937759336099585,0.049792531120331954,0.09958506224066391,6.0,5.0,6.0,6.0,5.0,3.0,6.0,7.0,0.0,0,0.0,0,0.001,21.7,21678.321678321678,21.6783,0.049792531120331954,4.0,4.0,0.04037558
0022500048,1610612739,Cleveland,Cavaliers,CLE,cavaliers,1626204,Larry,Nance Jr.,L. Nance Jr.,larry-nance-jr,,,,19:11,19.183333333333334,2,4,0.5,0,1,0.0,0,0,0.0,1,1,2,1,1,2,0,0,4,-2.0,0022500048,Larry Nance Jr.,larry nance jr,,,2025-11-21,3,0.20851433536055602,0.052128583840139006,0.10425716768027801,0.052128583840139006,0.20851433536055602,6.0,5.0,7.0,6.0,2.0,2.0,7.0,8.0,1.0,0,0.0,0,0.00083,-6.6,-7942.238267148014,-6.5945219999999996,0.15638575152041703,2.0,2.0,0.035449456
0022500048,1610612739,Cleveland,Cavaliers,CLE,cavaliers,1641854,Craig,Porter Jr.,C. Porter Jr.,craig-porter-jr,,,,10:36,10.6,1,3,0.333,0,0,0.0,0,0,0.0,0,1,1,1,1,0,0,0,2,-5.0,0022500048,Craig Porter Jr.,craig porter jr,,,2025-11-21,1,0.18867924528301888,0.0,0.09433962264150944,0.09433962264150944,0.09433962264150944,8.0,8.0,9.0,6.0,2.0,5.0,10.0,10.0,2.0,0,0.0,0,0.0012,-21.7,-18068.276436303084,-21.67396,0.09433962264150944,4.0,5.0,0.01007412
0022500048,1610612739,Cleveland,Cavaliers,CLE,cavaliers,1641772,Nae'Qwan,Tomlin,N. Tomlin,naeqwan-tomlin,,,,11:36,11.6,1,4,0.25,0,1,0.0,0,0,0.0,0,0,0,0,0,0,0,0,2,-14.0,0022500048,Nae'Qwan Tomlin,nae'qwan tomlin,,,2025-11-21,0,0.1724137931034483,0.0,0.0,0.0,0.0,8.0,8.0,11.0,10.0,5.0,5.0,12.0,9.0,0.0,0,0.0,0,0.00148,-53.7,-36259.2842673869,-53.620524,0.0,8.0,10.0,0.0047216266
0022500048,1610612739,Cleveland,Cavaliers,CLE,cavaliers,1628418,Thomas,Bryant,T. Bryant,thomas-bryant,,,,1:12,1.2,0,1,0.0,0,1,0.0,0,0,0.0,0,0,0,0,0,0,0,1,0,-4.0,0022500048,Thomas Bryant,thomas bryant,,,2025-11-21,0,0.0,0.0,0.0,0.0,0.0,10.0,8.0,11.0,10.0,5.0,5.0,8.0,11.0,,1,,1,0.00333,-133.3,-40018.01260882618,-132.856111,0.0,8.0,10.0,0.0027944325
0022500048,1610612739,Cleveland,Cavaliers,CLE,cavaliers,1642878,Tyrese,Proctor,T. Proctor,tyrese-proctor,,,,1:12,1.2,0,1,0.0,0,0,0.0,0,0,0.0,0,1,1,0,0,0,0,0,0,-4.0,0022500048,Tyrese Proctor,tyrese proctor,,,2025-11-21,0,0.0,0.0,0.8333333333333334,0.0,0.0,10.0,8.0,9.0,10.0,5.0,5.0,8.0,11.0,0.0,0,0.0,0,0.00333,-133.3,-40018.01260882618,-132.856111,0.0,8.0,10.0,0.009853745
0022500278,1610612739,Cleveland,Cavaliers,CLE,cavaliers,1642281,Jaylon,Tyson,J. Tyson,jaylon-tyson,F,,,22:46,22.766666666666666,3,6,0.5,1,3,0.333,0,0,0.0,1,3,4,0,0,0,0,4,7,7.0,0022500278,Jaylon Tyson,jaylon tyson,,,2025-11-23,0,0.3074670571010249,0.043923865300146414,0.17569546120058566,0.0,0.043923865300146414,7.0,3.0,4.0,9.0,7.0,3.0,4.0,5.0,2.0,0,0.0,0,0.00113,18.1,16003.536693191869,18.079547,0.0,7.0,6.0,0.07529063
0022500278,1610612739,Cleveland,Cavaliers,CLE,cavaliers,1629631,De'Andre,Hunter,D. Hunter,deandre-hunter,F,,,29:18,29.3,5,11,0.455,4,7,0.571,3,4,0.75,0,4,4,4,1,0,2,4,17,4.0,0022500278,De'Andre Hunter,de'andre hunter,,,2025-11-23,1,0.5802047781569966,0.0,0.13651877133105803,0.13651877133105803,0.034129692832764506,3.0,6.0,4.0,3.0,4.0,3.0,5.0,4.0,3.0,0,0.0,0,0.0022400000000000002,6.7,2989.7367246764834,6.684992,0.034129692832764506,5.0,7.0,0.79116935
0022500278,1610612739,Cleveland,Cavaliers,CLE,cavaliers,1630596,Evan,Mobley,E. Mobley,evan-mobley,C,,,34:21,34.35,9,12,0.75,0,2,0.0,0,4,0.0,3,7,10,2,2,2,1,3,18,26.0,0022500278,Evan Mobley,evan mobley,,,2025-11-23,4,0.5240174672489083,0.08733624454148471,0.29112081513828236,0.05822416302765648,0.20378457059679767,2.0,1.0,1.0,6.0,2.0,1.0,1.0,1.0,2.0,0,0.0,0,0.00181,34.8,19215.90281612369,34.737012,0.11644832605531295,1.0,1.0,0.9233003
0022500278,1610612739,Cleveland,Cavaliers,CLE,cavaliers,1628378,Donovan,Mitchell,D. Mitchell,donovan-mitchell,G,,,32:39,32.65,14,22,0.636,5,9,0.556,4,4,1.0,2,6,8,6,1,0,2,2,37,26.0,0022500278,Donovan Mitchell,donovan mitchell,,,2025-11-23,1,1.1332312404287903,0.06125574272588055,0.2450229709035222,0.18376722817764166,0.09188361408882083,1.0,2.0,2.0,2.0,4.0,3.0,1.0,2.0,2.0,0,0.0,0,0.00316,36.9,11673.521037646313,36.783395999999996,0.030627871362940276,5.0,5.0,0.61272603
0022500278,1610612739,Cleveland,Cavaliers,CLE,cavaliers,1629636,Darius,Garland,D. Garland,darius-garland,G,,,29:28,29.466666666666665,3,10,0.3,0,4,0.0,2,2,1.0,0,1,1,8,0,0,4,0,8,0.0,0022500278,Darius Garland,darius garland,,,2025-11-23,0,0.2714932126696833,0.0,0.03393665158371041,0.2714932126696833,0.0,5.0,6.0,9.0,1.0,7.0,3.0,8.0,3.0,0.0,0,0.0,0,0.00221,-2.0,-904.5680687471731,-1.99558,0.0,7.0,8.0,0.055572163
0022500278,1610612739,Cleveland,Cavaliers,CLE,cavaliers,1642878,Tyrese,Proctor,T. Proctor,tyrese-proctor,,,,17:05,17.083333333333332,3,7,0.429,2,5,0.4,3,4,0.75,0,3,3,3,0,0,0,0,11,0.0,0022500278,Tyrese Proctor,tyrese proctor,,,2025-11-23,0,0.6439024390243903,0.0,0.175609756097561,0.175609756097561,0.0,4.0,6.0,6.0,4.0,7.0,3.0,8.0,8.0,1.0,0,0.0,0,0.0022500000000000003,-3.0,-1332.7410039982228,-2.99325,0.0,7.0,8.0,0.20730725
0022500278,1610612739,Cleveland,Cavaliers,CLE,cavaliers,1629731,Dean,Wade,D. Wade,dean-wade,,,,22:35,22.583333333333332,2,6,0.333,1,5,0.2,0,0,0.0,1,4,5,3,3,0,1,3,5,3.0,0022500278,Dean Wade,dean wade,,,2025-11-23,3,0.22140221402214022,0.04428044280442805,0.22140221402214022,0.13284132841328414,0.1771217712177122,8.0,3.0,3.0,4.0,1.0,3.0,6.0,6.0,4.0,0,0.0,0,0.0013,9.2,7071.483474250576,9.188039999999999,0.13284132841328414,2.0,3.0,0.05315822
0022500278,1610612739,Cleveland,Cavaliers,CLE,cavaliers,1641772,Nae'Qwan,Tomlin,N. Tomlin,naeqwan-tomlin,,,,21:52,21.866666666666667,3,5,0.6,1,3,0.333,1,2,0.5,1,1,2,1,1,2,1,3,8,12.0,0022500278,Nae'Qwan Tomlin,nae'qwan tomlin,,,2025-11-23,3,0.36585365853658536,0.04573170731707317,0.09146341463414634,0.04573170731707317,0.18292682926829268,5.0,3.0,7.0,7.0,4.0,1.0,3.0,7.0,1.0,0,0.0,0,0.00135,24.7,18282.753515914137,24.666655,0.13719512195121952,2.0,2.0,0.27593756
0022500278,1610612739,Cleveland,Cavaliers,CLE,cavaliers,1631247,Luke,Travers,L. Travers,luke-travers,,,,14:55,14.916666666666666,1,3,0.333,1,3,0.333,0,0,0.0,0,2,2,1,2,0,0,1,3,3.0,0022500278,Luke Travers,luke travers,,,2025-11-23,2,0.2011173184357542,0.0,0.1340782122905028,0.0670391061452514,0.1340782122905028,9.0,6.0,7.0,7.0,2.0,3.0,6.0,9.0,3.0,0,0.0,0,0.00086,6.3,7317.073170731707,6.294582,0.1340782122905028,4.0,4.0,0.02891683
0022500278,1610612739,Cleveland,Cavaliers,CLE,cavaliers,1626204,Larry,Nance Jr.,L. Nance Jr.,larry-nance-jr,,,,12:31,12.516666666666667,1,3,0.333,1,2,0.5,0,0,0.0,0,1,1,0,0,0,0,2,3,-4.0,0022500278,Larry Nance Jr.,larry nance jr,,,2025-11-23,0,0.23968042609853527,0.0,0.07989347536617843,0.0,0.0,9.0,6.0,9.0,9.0,7.0,3.0,11.0,10.0,1.0,0,1.0,0,0.00107,-22.3,-20821.66199813259,-22.276139,0.0,7.0,8.0,0.014171987
0022500278,1610612739,Cleveland,Cavaliers,CLE,cavaliers,1628418,Thomas,Bryant,T. Bryant,thomas-bryant,,,,2:30,2.5,1,2,0.5,1,2,0.5,0,0,0.0,0,1,1,0,0,0,1,0,3,-2.0,0022500278,Thomas Bryant,thomas bryant,,,2025-11-23,0,1.2,0.0,0.4,0.0,0.0,9.0,6.0,9.0,9.0,7.0,3.0,10.0,11.0,0.0,0,0.0,0,0.0042899999999999995,-53.3,-12421.347005360056,-53.071343,0.0,7.0,8.0,0.017537149
0022500284,1610612739,Cleveland,Cavaliers,CLE,cavaliers,1642281,Jaylon,Tyson,J. Tyson,jaylon-tyson,F,,,33:47,33.78333333333333,6,9,0.667,2,3,0.667,1,1,1.0,3,6,9,2,1,1,3,2,15,-11.0,0022500284,Jaylon Tyson,jaylon tyson,,,2025-11-24,2,0.4440059200789344,0.08880118401578688,0.26640355204736066,0.05920078934385792,0.1480019733596448,2.0,1.0,1.0,4.0,3.0,1.0,8.0,2.0,0.0,0,0.0,0,0.00156,-15.3,-9801.40935297886,-15.276132,0.05920078934385792,2.0,2.0,0.7347909
0022500284,1610612739,Cleveland,Cavaliers,CLE,cavaliers,1626204,Larry,Nance Jr.,L. Nance Jr.,larry-nance-jr,F,,,18:08,18.133333333333333,2,4,0.5,2,3,0.667,0,0,0.0,0,1,1,2,2,0,0,0,6,5.0,0022500284,Larry Nance Jr.,larry nance jr,,,2025-11-24,2,0.33088235294117646,0.0,0.05514705882352941,0.11029411764705882,0.11029411764705882,8.0,3.0,9.0,4.0,1.0,5.0,2.0,7.0,0.0,0,0.0,0,0.001,12.8,12787.21278721279,12.7872,0.11029411764705882,2.0,3.0,0.15703307
0022500284,1610612739,Cleveland,Cavaliers,CLE,cavaliers,1630596,Evan,Mobley,E. Mobley,evan-mobley,C,,,31:11,31.183333333333334,5,7,0.714,2,3,0.667,2,2,1.0,0,5,5,4,0,1,4,0,14,-21.0,0022500284,Evan Mobley,evan mobley,,,2025-11-24,1,0.4489577765900588,0.0,0.16034206306787813,0.1282736504543025,0.032068412613575625,3.0,3.0,3.0,3.0,10.0,1.0,9.0,5.0,0.0,0,0.0,0,0.00167,-31.3,-18731.298623578696,-31.247729000000003,0.032068412613575625,5.0,8.0,0.4417427
0022500284,1610612739,Cleveland,Cavaliers,CLE,cavaliers,1628378,Donovan,Mitchell,D. Mitchell,donovan-mitchell,G,,,33:46,33.766666666666666,6,20,0.3,3,12,0.25,2,2,1.0,0,1,1,8,1,0,2,0,17,-22.0,0022500284,Donovan Mitchell,donovan mitchell,,,2025-11-24,1,0.5034550839091807,0.0,0.029615004935834157,0.23692003948667326,0.029615004935834157,1.0,3.0,9.0,1.0,3.0,5.0,10.0,3.0,2.0,0,0.0,0,0.00299,-30.6,-10230.692076228686,-30.508506,0.029615004935834157,5.0,10.0,0.08029991
0022500284,1610612739,Cleveland,Cavaliers,CLE,cavaliers,1628366,Lonzo,Ball,L. Ball,lonzo-ball,G,,,34:03,34.05,3,15,0.2,2,12,0.167,0,0,0.0,0,7,7,7,2,1,2,1,8,-7.0,0022500284,Lonzo Ball,lonzo ball,,,2025-11-24,3,0.23494860499265788,0.0,0.20558002936857564,0.20558002936857564,0.0881057268722467,5.0,3.0,2.0,2.0,1.0,1.0,6.0,1.0,2.0,0,0.0,0,0.0022400000000000002,-11.0,-4908.522980812137,-10.97536,0.0881057268722467,1.0,5.0,0.08307669
0022500284,1610612739,Cleveland,Cavaliers,CLE,cavaliers,1642878,Tyrese,Proctor,T. Proctor,tyrese-proctor,,,,19:32,19.533333333333335,2,9,0.222,0,5,0.0,4,4,1.0,0,3,3,1,1,0,1,1,8,-7.0,0022500284,Tyrese Proctor,tyrese proctor,,,2025-11-24,1,0.40955631399317405,0.0,0.15358361774744025,0.051194539249146756,0.051194539249146756,5.0,3.0,5.0,6.0,3.0,5.0,6.0,6.0,3.0,0,0.0,0,0.0027300000000000002,-11.4,-4174.295129989015,-11.368878,0.051194539249146756,5.0,7.0,0.09293475
0022500284,1610612739,Cleveland,Cavaliers,CLE,cavaliers,1641772,Nae'Qwan,Tomlin,N. Tomlin,naeqwan-tomlin,,,,31:52,31.866666666666667,6,8,0.75,2,3,0.667,0,0,0.0,0,4,4,0,1,0,0,4,14,-5.0,0022500284,Nae'Qwan Tomlin,nae'qwan tomlin,,,2025-11-24,1,0.4393305439330544,0.0,0.12552301255230125,0.0,0.03138075313807531,3.0,3.0,4.0,10.0,3.0,5.0,5.0,4.0,4.0,0,0.0,0,0.00121,-6.1,-5037.159372419488,-6.092618999999999,0.03138075313807531,5.0,9.0,0.6434382
0022500284,1610612739,Cleveland,Cavaliers,CLE,cavaliers,1631247,Luke,Travers,L. Travers,luke-travers,,,,11:02,11.033333333333333,1,6,0.167,0,3,0.0,3,3,1.0,0,2,2,1,1,0,0,1,5,-3.0,0022500284,Luke Travers,luke travers,,,2025-11-24,1,0.45317220543806647,0.0,0.18126888217522658,0.09063444108761329,0.09063444108761329,9.0,3.0,7.0,6.0,3.0,5.0,4.0,10.0,2.0,0,0.0,0,0.0028000000000000004,-8.0,-2856.1228132809706,-7.9776,0.09063444108761329,5.0,4.0,0.02641532
0022500284,1610612739,Cleveland,Cavaliers,CLE,cavaliers,1628418,Thomas,Bryant,T. Bryant,thomas-bryant,,,,12:36,12.6,2,4,0.5,1,2,0.5,0,0,0.0,1,1,2,1,1,1,0,2,5,4.0,0022500284,Thomas Bryant,thomas bryant,,,2025-11-24,2,0.39682539682539686,0.07936507936507936,0.15873015873015872,0.07936507936507936,0.2380952380952381,9.0,2.0,7.0,6.0,3.0,1.0,3.0,9.0,2.0,0,0.0,0,0.0014299999999999998,21.7,15164.220824598186,21.668968999999997,0.15873015873015872,2.0,1.0,0.08078867
0022500284,1610612739,Cleveland,Cavaliers,CLE,cavaliers,1641753,Chris,Livingston,C. Livingston,chris-livingston,,,,14:03,14.05,3,5,0.6,0,2,0.0,1,1,1.0,0,3,3,1,1,0,0,2,7,12.0,0022500284,Chris Livingston,chris livingston,,,2025-11-24,1,0.49822064056939497,0.0,0.21352313167259784,0.07117437722419928,0.07117437722419928,7.0,3.0,5.0,6.0,3.0,5.0,1.0,8.0,1.0,0,0.0,0,0.00167,41.4,24775.583482944345,41.330862,0.07117437722419928,5.0,6.0,0.26060784
0022500069,1610612739,Cleveland,Cavaliers,CLE,cavaliers,1629631,De'Andre,Hunter,D. Hunter,deandre-hunter,F,,,32:11,32.18333333333333,6,9,0.667,2,4,0.5,2,2,1.0,0,4,4,1,2,0,3,4,16,-3.0,0022500069,De'Andre Hunter,de'andre hunter,,,2025-11-28,2,0.49715173485240816,0.0,0.12428793371310204,0.03107198342827551,0.06214396685655102,3.0,8.0,5.0,5.0,2.0,4.0,5.0,4.0,3.0,0,0.0,0,0.0016,-4.1,-2560.8994378513426,-4.093439999999999,0.06214396685655102,3.0,7.0,0.6597083
0022500069,1610612739,Cleveland,Cavaliers,CLE,cavaliers,1630596,Evan,Mobley,E. Mobley,evan-mobley,F,,,33:39,33.65,7,17,0.412,3,6,0.5,3,3,1.0,4,10,14,7,2,2,2,2,20,-4.0,0022500069,Evan Mobley,evan mobley,,,2025-11-28,4,0.5943536404160475,0.11887072808320952,0.4160475482912333,0.20802377414561665,0.23774145616641904,2.0,1.0,1.0,2.0,2.0,1.0,6.0,2.0,3.0,0,0.0,0,0.00233,-3.7,-1587.3015873015872,-3.691379,0.11887072808320952,1.0,1.0,0.8532826
0022500069,1610612739,Cleveland,Cavaliers,CLE,cavaliers,1628386,Jarrett,Allen,J. Allen,jarrett-allen,C,,,27:59,27.983333333333334,3,6,0.5,0,0,0.0,2,2,1.0,3,5,8,1,0,1,2,1,8,-18.0,0022500069,Jarrett Allen,jarrett allen,,,2025-11-28,1,0.2858844550327576,0.10720667063728409,0.2858844550327576,0.0357355568790947,0.1429422275163788,6.0,2.0,2.0,5.0,6.0,2.0,9.0,5.0,3.0,0,0.0,0,0.00125,-28.8,-23021.582733812953,-28.764000000000003,0.0357355568790947,4.0,4.0,0.09003051
0022500069,1610612739,Cleveland,Cavaliers,CLE,cavaliers,1628378,Donovan,Mitchell,D. Mitchell,donovan-mitchell,G,,,35:23,35.38333333333333,15,28,0.536,7,15,0.467,5,5,1.0,0,3,3,3,1,0,4,3,42,0.0,0022500069,Donovan Mitchell,donovan mitchell,,,2025-11-28,1,1.186999528968441,0.0,0.08478568064060292,0.08478568064060292,0.02826189354686764,1.0,8.0,6.0,4.0,4.0,4.0,3.0,1.0,3.0,0,0.0,0,0.0037,1.4,378.2761415833558,1.39482,0.02826189354686764,4.0,10.0,0.91908485
0022500069,1610612739,Cleveland,Cavaliers,CLE,cavaliers,1629636,Darius,Garland,D. Garland,darius-garland,G,,,32:59,32.983333333333334,6,14,0.429,1,3,0.333,2,2,1.0,1,4,5,10,1,0,5,2,15,-18.0,0022500069,Darius Garland,darius garland,,,2025-11-28,1,0.45477513895907024,0.03031834259727135,0.15159171298635674,0.30318342597271347,0.0606366851945427,4.0,5.0,3.0,1.0,4.0,4.0,9.0,3.0,2.0,0,0.0,0,0.0023799999999999997,-22.4,-9407.811843763124,-22.346687999999997,0.03031834259727135,4.0,8.0,0.5139275
0022500069,1610612739,Cleveland,Cavaliers,CLE,cavaliers,1628366,Lonzo,Ball,L. Ball,lonzo-ball,,,,16:41,16.683333333333334,1,4,0.25,1,4,0.25,0,0,0.0,1,4,5,4,0,0,1,0,3,-5.0,0022500069,Lonzo Ball,lonzo ball,,,2025-11-28,0,0.1798201798201798,0.05994005994005994,0.2997002997002997,0.23976023976023975,0.05994005994005994,9.0,5.0,3.0,3.0,6.0,4.0,7.0,8.0,1.0,0,0.0,0,0.00106,-13.5,-12723.845428840717,-13.48569,0.0,8.0,9.0,0.011992805
0022500069,1610612739,Cleveland,Cavaliers,CLE,cavaliers,1642281,Jaylon,Tyson,J. Tyson,jaylon-tyson,,,,21:20,21.333333333333332,3,10,0.3,1,3,0.333,2,4,0.5,1,1,2,1,3,0,0,0,9,-10.0,0022500069,Jaylon Tyson,jaylon tyson,,,2025-11-28,3,0.421875,0.046875,0.09375,0.046875,0.1875,5.0,5.0,9.0,5.0,1.0,4.0,8.0,6.0,2.0,0,0.0,0,0.002,-20.8,-10394.80259870065,-20.7584,0.140625,2.0,3.0,0.13113604
0022500069,1610612739,Cleveland,Cavaliers,CLE,cavaliers,1629731,Dean,Wade,D. Wade,dean-wade,,,,18:47,18.783333333333335,1,3,0.333,1,2,0.5,2,2,1.0,2,1,3,1,0,0,0,1,5,-1.0,0022500069,Dean Wade,dean wade,,,2025-11-28,0,0.2661934338952972,0.10647737355811888,0.15971606033717833,0.05323868677905944,0.10647737355811888,7.0,3.0,6.0,5.0,6.0,4.0,4.0,7.0,2.0,0,0.0,0,0.00077,-5.6,-7263.294422827496,-5.595687999999999,0.0,8.0,5.0,0.031652987
0022500069,1610612739,Cleveland,Cavaliers,CLE,cavaliers,1626204,Larry,Nance Jr.,L. Nance Jr.,larry-nance-jr,,,,9:56,9.933333333333334,0,1,0.0,0,1,0.0,0,0,0.0,2,1,3,1,0,0,0,2,0,15.0,0022500069,Larry Nance Jr.,larry nance jr,,,2025-11-28,0,0.0,0.20134228187919462,0.30201342281879195,0.10067114093959731,0.20134228187919462,10.0,3.0,6.0,5.0,6.0,4.0,1.0,10.0,1.0,0,0.0,0,0.00043,78.9,183062.64501160092,78.866073,0.0,8.0,2.0,0.051355984
0022500069,1610612739,Cleveland,Cavaliers,CLE,cavaliers,1641772,Nae'Qwan,Tomlin,N. Tomlin,naeqwan-tomlin,,,,11:05,11.083333333333334,2,3,0.667,1,1,1.0,0,0,0.0,0,1,1,0,0,1,0,2,5,9.0,0022500069,Nae'Qwan Tomlin,nae'qwan tomlin,,,2025-11-28,1,0.45112781954887216,0.0,0.09022556390977443,0.0,0.09022556390977443,7.0,8.0,10.0,10.0,6.0,2.0,2.0,9.0,1.0,0,0.0,0,0.00111,32.4,29162.91629162916,32.364036,0.09022556390977443,4.0,6.0,0.09905777
0022500302,1610612739,Cleveland,Cavaliers,CLE,cavaliers,1629631,De'Andre,Hunter,D. Hunter,deandre-hunter,F,,,26:38,26.633333333333333,3,10,0.3,2,8,0.25,0,0,0.0,0,3,3,1,0,0,2,3,8,-31.0,0022500302,De'Andre Hunter,de'andre hunter,,,2025-11-30,0,0.30037546933667086,0.0,0.11264080100125157,0.03754693366708386,0.0,5.0,8.0,5.0,6.0,5.0,2.0,10.0,5.0,1.0,0,0.0,0,0.00197,-59.0,-29934.04363267377,-58.88377,0.0,5.0,8.0,0.03243639
0022500302,1610612739,Cleveland,Cavaliers,CLE,cavaliers,1642281,Jaylon,Tyson,J. Tyson,jaylon-tyson,F,,,34:08,34.13333333333333,6,18,0.333,5,12,0.417,0,0,0.0,4,1,5,1,2,2,0,3,17,2.0,0022500302,Jaylon Tyson,jaylon tyson,,,2025-11-30,4,0.498046875,0.1171875,0.146484375,0.029296875,0.234375,4.0,2.0,3.0,6.0,2.0,1.0,6.0,3.0,0.0,0,0.0,0,0.00222,1.1,495.2723998199009,1.097558,0.1171875,1.0,2.0,0.6136305
0022500302,1610612739,Cleveland,Cavaliers,CLE,cavaliers,1630596,Evan,Mobley,E. Mobley,evan-mobley,C,,,38:40,38.666666666666664,11,17,0.647,3,6,0.5,2,2,1.0,5,9,14,4,0,0,1,1,27,8.0,0022500302,Evan Mobley,evan mobley,,,2025-11-30,0,0.6982758620689655,0.12931034482758622,0.3620689655172414,0.10344827586206898,0.12931034482758622,1.0,1.0,1.0,3.0,5.0,2.0,3.0,1.0,1.0,0,0.0,0,0.002,11.6,5797.101449275362,11.5768,0.0,5.0,4.0,0.896823
0022500302,1610612739,Cleveland,Cavaliers,CLE,cavaliers,1628378,Donovan,Mitchell,D. Mitchell,donovan-mitchell,G,,,38:40,38.666666666666664,7,16,0.438,3,7,0.429,1,2,0.5,1,6,7,8,3,0,5,5,18,8.0,0022500302,Donovan Mitchell,donovan mitchell,,,2025-11-30,3,0.4655172413793104,0.025862068965517244,0.1810344827586207,0.20689655172413796,0.10344827586206898,3.0,4.0,2.0,1.0,1.0,2.0,3.0,1.0,5.0,0,0.0,0,0.00232,11.6,4997.845756139594,11.573088,0.07758620689655173,2.0,5.0,0.5852936
0022500302,1610612739,Cleveland,Cavaliers,CLE,cavaliers,1629636,Darius,Garland,D. Garland,darius-garland,G,,,31:25,31.416666666666668,7,16,0.438,4,9,0.444,3,5,0.6,1,2,3,8,0,0,4,1,21,-27.0,0022500302,Darius Garland,darius garland,,,2025-11-30,0,0.6684350132625995,0.03183023872679045,0.09549071618037135,0.2546419098143236,0.03183023872679045,2.0,4.0,5.0,1.0,5.0,2.0,9.0,4.0,1.0,0,0.0,0,0.0028199999999999996,-43.9,-15561.857497341369,-43.776202,0.0,5.0,7.0,0.6833699
0022500302,1610612739,Cleveland,Cavaliers,CLE,cavaliers,1629731,Dean,Wade,D. Wade,dean-wade,,,,20:19,20.316666666666666,1,4,0.25,1,4,0.25,0,0,0.0,0,2,2,0,0,0,0,2,3,7.0,0022500302,Dean Wade,dean wade,,,2025-11-30,0,0.14766201804757997,0.0,0.09844134536505332,0.0,0.0,9.0,8.0,7.0,8.0,5.0,2.0,5.0,7.0,0.0,0,0.0,0,0.00075,14.6,19440.74567243675,14.589049999999999,0.0,5.0,8.0,0.013675823
0022500302,1610612739,Cleveland,Cavaliers,CLE,cavaliers,1641772,Nae'Qwan,Tomlin,N. Tomlin,naeqwan-tomlin,,,,22:22,22.366666666666667,3,5,0.6,0,2,0.0,1,2,0.5,1,1,2,0,1,0,0,4,7,19.0,0022500302,Nae'Qwan Tomlin,nae'qwan tomlin,,,2025-11-30,1,0.31296572280178836,0.044709388971684055,0.08941877794336811,0.0,0.08941877794336811,7.0,4.0,7.0,8.0,3.0,2.0,1.0,6.0,5.0,0,0.0,0,0.00107,40.0,37348.27264239029,39.9572,0.044709388971684055,3.0,6.0,0.2766233
0022500302,1610612739,Cleveland,Cavaliers,CLE,cavaliers,1641854,Craig,Porter Jr.,C. Porter Jr.,craig-porter-jr,,,,10:46,10.766666666666667,2,3,0.667,0,1,0.0,0,0,0.0,3,1,4,2,1,0,1,1,4,-3.0,0022500302,Craig Porter Jr.,craig porter jr,,,2025-11-30,1,0.37151702786377705,0.2786377708978328,0.37151702786377705,0.18575851393188852,0.37151702786377705,8.0,3.0,4.0,5.0,3.0,2.0,7.0,9.0,0.0,0,0.0,0,0.00148,-8.5,-5739.36529372046,-8.48742,0.09287925696594426,3.0,1.0,0.04952964
0022500302,1610612739,Cleveland,Cavaliers,CLE,cavaliers,1628418,Thomas,Bryant,T. Bryant,thomas-bryant,,,,6:01,6.016666666666667,0,1,0.0,0,0,0.0,2,2,1.0,1,1,2,0,0,0,0,1,2,-3.0,0022500302,Thomas Bryant,thomas bryant,,,2025-11-30,0,0.33240997229916897,0.16620498614958448,0.33240997229916897,0.0,0.16620498614958448,10.0,4.0,7.0,8.0,5.0,2.0,7.0,10.0,,1,,1,0.0014299999999999998,-2.4,-1677.148846960168,-2.396568,0.0,5.0,3.0,0.008071809
0022500302,1610612739,Cleveland,Cavaliers,CLE,cavaliers,1642878,Tyrese,Proctor,T. Proctor,tyrese-proctor,,,,11:01,11.016666666666667,3,4,0.75,2,3,0.667,0,0,0.0,0,1,1,4,0,0,0,1,8,10.0,0022500302,Tyrese Proctor,tyrese proctor,,,2025-11-30,0,0.7261724659606656,0.0,0.0907715582450832,0.3630862329803328,0.0,5.0,8.0,10.0,3.0,5.0,2.0,2.0,8.0,1.0,0,0.0,0,0.0017399999999999998,51.5,29580.700746697305,51.41039,0.0,5.0,8.0,0.3330574
0022500310,1610612739,Cleveland,Cavaliers,CLE,cavaliers,1629731,Dean,Wade,D. Wade,dean-wade,F,,,25:40,25.666666666666668,3,6,0.5,1,4,0.25,2,3,0.667,1,1,2,3,1,0,1,6,9,3.0,0022500310,Dean Wade,dean wade,,,2025-12-01,1,0.35064935064935066,0.03896103896103896,0.07792207792207792,0.11688311688311688,0.07792207792207792,6.0,6.0,8.0,5.0,2.0,4.0,7.0,6.0,2.0,0,0.0,0,0.00121,7.7,6358.3815028901745,7.690683,0.03896103896103896,4.0,9.0,0.05994565
0022500310,1610612739,Cleveland,Cavaliers,CLE,cavaliers,1629631,De'Andre,Hunter,D. Hunter,deandre-hunter,F,,,27:57,27.95,4,10,0.4,2,6,0.333,3,6,0.5,1,2,3,4,0,0,1,3,13,5.0,0022500310,De'Andre Hunter,de'andre hunter,,,2025-12-01,0,0.46511627906976744,0.03577817531305903,0.10733452593917711,0.14311270125223613,0.03577817531305903,3.0,6.0,6.0,3.0,7.0,4.0,6.0,4.0,1.0,0,0.0,0,0.00189,6.1,3225.8064516129034,6.088471,0.0,8.0,10.0,0.39325708
0022500310,1610612739,Cleveland,Cavaliers,CLE,cavaliers,1630596,Evan,Mobley,E. Mobley,evan-mobley,C,,,28:12,28.2,6,13,0.462,0,3,0.0,1,2,0.5,1,4,5,5,0,2,0,5,13,22.0,0022500310,Evan Mobley,evan mobley,,,2025-12-01,2,0.46099290780141844,0.03546099290780142,0.1773049645390071,0.1773049645390071,0.10638297872340426,3.0,6.0,4.0,2.0,7.0,2.0,2.0,3.0,1.0,0,0.0,0,0.00197,42.5,21562.658548959917,42.416275,0.07092198581560284,3.0,5.0,0.63919073
0022500310,1610612739,Cleveland,Cavaliers,CLE,cavaliers,1642281,Jaylon,Tyson,J. Tyson,jaylon-tyson,G,,,30:47,30.783333333333335,10,13,0.769,4,5,0.8,3,3,1.0,5,6,11,4,1,0,2,3,27,23.0,0022500310,Jaylon Tyson,jaylon tyson,,,2025-12-01,1,0.8770979967514888,0.16242555495397942,0.3573362208987547,0.12994044396318352,0.1949106659447753,2.0,1.0,1.0,3.0,2.0,4.0,1.0,2.0,1.0,0,0.0,0,0.00213,40.9,19192.867198498356,40.812883,0.03248511099079588,4.0,4.0,0.9271639
0022500310,1610612739,Cleveland,Cavaliers,CLE,cavaliers,1628378,Donovan,Mitchell,D. Mitchell,donovan-mitchell,G,,,34:29,34.483333333333334,16,27,0.593,4,10,0.4,7,9,0.778,3,6,9,6,0,0,3,2,43,22.0,0022500310,Donovan Mitchell,donovan mitchell,,,2025-12-01,0,1.2469792170130498,0.08699855002416626,0.2609956500724988,0.17399710004833252,0.08699855002416626,1.0,2.0,2.0,1.0,7.0,4.0,2.0,1.0,4.0,0,0.0,0,0.00375,30.1,8024.526792855239,29.987125,0.0,8.0,7.0,0.765888
0022500310,1610612739,Cleveland,Cavaliers,CLE,cavaliers,1641772,Nae'Qwan,Tomlin,N. Tomlin,naeqwan-tomlin,,,,27:15,27.25,2,6,0.333,0,1,0.0,2,2,1.0,3,3,6,1,2,4,1,2,6,15.0,0022500310,Nae'Qwan Tomlin,nae'qwan tomlin,,,2025-12-01,6,0.22018348623853212,0.11009174311926606,0.22018348623853212,0.03669724770642202,0.3302752293577982,7.0,2.0,3.0,7.0,1.0,1.0,4.0,5.0,4.0,0,0.0,0,0.00121,27.3,22543.35260115607,27.266967,0.22018348623853212,1.0,1.0,0.53910154
0022500310,1610612739,Cleveland,Cavaliers,CLE,cavaliers,1641854,Craig,Porter Jr.,C. Porter Jr.,craig-porter-jr,,,,22:26,22.433333333333334,2,5,0.4,0,1,0.0,0,0,0.0,2,3,5,3,1,2,0,4,4,-4.0,0022500310,Craig Porter Jr.,craig porter jr,,,2025-12-01,3,0.17830609212481427,0.08915304606240713,0.22288261515601782,0.1337295690936107,0.22288261515601782,9.0,4.0,4.0,5.0,2.0,2.0,9.0,7.0,4.0,0,0.0,0,0.0008500000000000001,-5.9,-6933.019976498237,-5.894985,0.1337295690936107,2.0,3.0,0.03839523
0022500310,1610612739,Cleveland,Cavaliers,CLE,cavaliers,1628418,Thomas,Bryant,T. Bryant,thomas-bryant,,,,12:04,12.066666666666666,3,6,0.5,0,2,0.0,0,0,0.0,0,2,2,0,1,0,0,0,6,-4.0,0022500310,Thomas Bryant,thomas bryant,,,2025-12-01,1,0.4972375690607735,0.0,0.16574585635359115,0.0,0.08287292817679558,7.0,10.0,8.0,9.0,2.0,4.0,9.0,9.0,0.0,0,0.0,0,0.00194,-16.0,-8243.17362184441,-15.96896,0.08287292817679558,4.0,8.0,0.09032504
0022500310,1610612739,Cleveland,Cavaliers,CLE,cavaliers,1642878,Tyrese,Proctor,T. Proctor,tyrese-proctor,,,,21:31,21.516666666666666,3,9,0.333,3,7,0.429,3,4,0.75,1,1,2,0,1,0,0,2,12,7.0,0022500310,Tyrese Proctor,tyrese proctor,,,2025-12-01,1,0.557707203718048,0.046475600309837335,0.09295120061967467,0.0,0.09295120061967467,5.0,6.0,8.0,9.0,2.0,4.0,5.0,8.0,4.0,0,0.0,0,0.0020399999999999997,18.0,8819.20627143557,17.963279999999997,0.046475600309837335,4.0,6.0,0.21629217
0022500310,1610612739,Cleveland,Cavaliers,CLE,cavaliers,1631247,Luke,Travers,L. Travers,luke-travers,,,,8:43,8.716666666666667,1,3,0.333,0,1,0.0,0,0,0.0,2,1,3,1,0,0,0,1,2,-9.0,0022500310,Luke Travers,luke travers,,,2025-12-01,0,0.2294455066921606,0.2294455066921606,0.3441682600382409,0.1147227533460803,0.2294455066921606,10.0,4.0,6.0,7.0,7.0,4.0,11.0,10.0,1.0,0,0.0,0,0.0013,-46.4,-35664.873174481174,-46.33968,0.0,8.0,2.0,0.008330892
0022500310,1610612739,Cleveland,Cavaliers,CLE,cavaliers,1641753,Chris,Livingston,C. Livingston,chris-livingston,,,,0:57,0.95,0,0,0.0,0,0,0.0,0,0,0.0,0,0,0,0,0,0,0,0,0,0.0,0022500310,Chris Livingston,chris livingston,,,2025-12-01,0,0.0,0.0,0.0,0.0,0.0,11.0,10.0,11.0,9.0,7.0,4.0,8.0,11.0,0.0,0,0.0,0,0.0,33.3,33300000.0,33.3,0.0,8.0,11.0,0.003283802
0022500324,1610612739,Cleveland,Cavaliers,CLE,cavaliers,1642281,Jaylon,Tyson,J. Tyson,jaylon-tyson,F,,,32:59,32.983333333333334,6,9,0.667,1,3,0.333,1,2,0.5,4,3,7,2,0,0,0,4,14,3.0,0022500324,Jaylon Tyson,jaylon tyson,,,2025-12-03,0,0.4244567963617989,0.1212733703890854,0.21222839818089945,0.0606366851945427,0.1212733703890854,3.0,1.0,2.0,4.0,7.0,6.0,1.0,3.0,1.0,0,0.0,0,0.00127,4.2,3304.4846577498033,4.194666,0.0,10.0,6.0,0.6228981
0022500324,1610612739,Cleveland,Cavaliers,CLE,cavaliers,1629631,De'Andre,Hunter,D. Hunter,deandre-hunter,F,,,30:06,30.1,3,9,0.333,0,3,0.0,4,4,1.0,0,3,3,1,1,0,0,2,10,-8.0,0022500324,De'Andre Hunter,de'andre hunter,,,2025-12-03,1,0.33222591362126247,0.0,0.09966777408637874,0.03322259136212624,0.03322259136212624,5.0,6.0,7.0,7.0,4.0,6.0,6.0,4.0,1.0,0,0.0,0,0.00149,-14.0,-9389.671361502347,-13.979140000000001,0.03322259136212624,6.0,10.0,0.06939789
0022500324,1610612739,Cleveland,Cavaliers,CLE,cavaliers,1630596,Evan,Mobley,E. Mobley,evan-mobley,C,,,34:47,34.78333333333333,8,14,0.571,3,7,0.429,4,4,1.0,2,8,10,5,2,5,2,3,23,2.0,0022500324,Evan Mobley,evan mobley,,,2025-12-03,7,0.6612362242453282,0.057498802108289414,0.2874940105414471,0.14374700527072354,0.2587446094873024,2.0,2.0,1.0,1.0,1.0,1.0,2.0,1.0,1.0,0,0.0,0,0.00209,-0.3,-143.47202295552367,-0.299373,0.20124580737901296,1.0,1.0,0.9241528
0022500324,1610612739,Cleveland,Cavaliers,CLE,cavaliers,1628378,Donovan,Mitchell,D. Mitchell,donovan-mitchell,G,,,34:25,34.416666666666664,12,26,0.462,3,13,0.231,6,6,1.0,1,4,5,5,1,0,4,4,33,-15.0,0022500324,Donovan Mitchell,donovan mitchell,,,2025-12-03,1,0.9588377723970944,0.029055690072639227,0.14527845036319614,0.14527845036319614,0.05811138014527845,1.0,4.0,5.0,1.0,4.0,6.0,10.0,2.0,3.0,0,0.0,0,0.00407,-22.1,-5428.641611397691,-22.010053000000003,0.029055690072639227,6.0,8.0,0.83448714
0022500324,1610612739,Cleveland,Cavaliers,CLE,cavaliers,1629636,Darius,Garland,D. Garland,darius-garland,G,,,29:14,29.233333333333334,2,13,0.154,1,8,0.125,1,2,0.5,0,2,2,4,0,1,0,4,6,-8.0,0022500324,Darius Garland,darius garland,,,2025-12-03,1,0.20524515393386544,0.0,0.06841505131128849,0.13683010262257697,0.03420752565564424,7.0,6.0,8.0,3.0,7.0,4.0,6.0,5.0,0.0,0,0.0,0,0.00192,-17.8,-9266.007287870902,-17.765824,0.03420752565564424,6.0,9.0,0.043531414
0022500324,1610612739,Cleveland,Cavaliers,CLE,cavaliers,1628366,Lonzo,Ball,L. Ball,lonzo-ball,,,,23:57,23.95,1,9,0.111,1,8,0.125,0,0,0.0,2,5,7,2,2,0,0,1,3,-2.0,0022500324,Lonzo Ball,lonzo ball,,,2025-12-03,2,0.12526096033402923,0.08350730688935282,0.29227557411273486,0.08350730688935282,0.16701461377870563,8.0,2.0,2.0,4.0,1.0,6.0,4.0,6.0,2.0,0,0.0,0,0.0015,-5.7,-3797.46835443038,-5.691450000000001,0.08350730688935282,3.0,4.0,0.04379108
0022500324,1610612739,Cleveland,Cavaliers,CLE,cavaliers,1628418,Thomas,Bryant,T. Bryant,thomas-bryant,,,,13:13,13.216666666666667,4,6,0.667,3,4,0.75,3,4,0.75,0,6,6,0,0,2,0,3,14,-14.0,0022500324,Thomas Bryant,thomas bryant,,,2025-12-03,2,1.0592686002522067,0.0,0.45397225725094575,0.0,0.15132408575031525,3.0,6.0,4.0,10.0,7.0,2.0,8.0,9.0,1.0,0,0.0,0,0.0025,-42.4,-16953.218712514994,-42.294000000000004,0.15132408575031525,3.0,5.0,0.7702203
0022500324,1610612739,Cleveland,Cavaliers,CLE,cavaliers,1629731,Dean,Wade,D. Wade,dean-wade,,,,15:30,15.5,0,3,0.0,0,3,0.0,0,0,0.0,0,1,1,1,1,2,0,0,0,-14.0,0022500324,Dean Wade,dean wade,,,2025-12-03,3,0.0,0.0,0.06451612903225806,0.06451612903225806,0.1935483870967742,9.0,6.0,9.0,7.0,4.0,2.0,8.0,8.0,1.0,0,0.0,0,0.00079,-40.0,-50568.900126422246,-39.9684,0.1935483870967742,2.0,2.0,0.009324238
0022500324,1610612739,Cleveland,Cavaliers,CLE,cavaliers,1641854,Craig,Porter Jr.,C. Porter Jr.,craig-porter-jr,,,,10:15,10.25,0,1,0.0,0,0,0.0,0,0,0.0,0,0,0,2,0,1,1,1,0,-4.0,0022500324,Craig Porter Jr.,craig porter jr,,,2025-12-03,1,0.0,0.0,0.0,0.1951219512195122,0.0975609756097561,9.0,6.0,10.0,4.0,7.0,4.0,5.0,10.0,3.0,0,0.0,0,0.00083,-23.4,-28158.844765342958,-23.380578,0.0975609756097561,6.0,7.0,0.0075078835
0022500324,1610612739,Cleveland,Cavaliers,CLE,cavaliers,1641772,Nae'Qwan,Tomlin,N. Tomlin,naeqwan-tomlin,,,,15:33,15.55,2,4,0.5,1,3,0.333,2,2,1.0,1,3,4,1,2,0,0,2,7,0.0,0022500324,Nae'Qwan Tomlin,nae'qwan tomlin,,,2025-12-03,2,0.45016077170418006,0.06430868167202572,0.2572347266881029,0.06430868167202572,0.19292604501607716,6.0,4.0,6.0,7.0,1.0,6.0,3.0,7.0,3.0,0,0.0,0,0.00132,0.0,0.0,0.0,0.12861736334405144,3.0,3.0,0.21956387
0022500341,1610612739,Cleveland,Cavaliers,CLE,cavaliers,1641772,Nae'Qwan,Tomlin,N. Tomlin,naeqwan-tomlin,F,,,18:21,18.35,5,10,0.5,1,3,0.333,2,4,0.5,2,0,2,2,0,0,0,2,13,-7.0,0022500341,Nae'Qwan Tomlin,nae'qwan tomlin,,,2025-12-05,0,0.7084468664850135,0.108991825613079,0.108991825613079,0.108991825613079,0.108991825613079,4.0,1.0,8.0,5.0,6.0,3.0,10.0,8.0,3.0,0,0.0,0,0.003,-4.2,-1399.5334888370544,-4.1874,0.0,8.0,5.0,0.6169294
0022500341,1610612739,Cleveland,Cavaliers,CLE,cavaliers,1629631,De'Andre,Hunter,D. Hunter,deandre-hunter,F,,,20:33,20.55,5,9,0.556,1,4,0.25,0,0,0.0,0,3,3,0,1,0,1,4,11,-7.0,0022500341,De'Andre Hunter,de'andre hunter,,,2025-12-05,1,0.5352798053527981,0.0,0.145985401459854,0.0,0.048661800486618,6.0,8.0,6.0,10.0,4.0,3.0,10.0,7.0,4.0,0,0.0,0,0.0020399999999999997,-19.5,-9554.140127388535,-19.46022,0.048661800486618,6.0,9.0,0.6023377
0022500341,1610612739,Cleveland,Cavaliers,CLE,cavaliers,1630596,Evan,Mobley,E. Mobley,evan-mobley,C,,,32:18,32.3,7,12,0.583,0,0,0.0,3,4,0.75,1,9,10,5,0,2,2,2,17,9.0,0022500341,Evan Mobley,evan mobley,,,2025-12-05,2,0.5263157894736843,0.030959752321981428,0.30959752321981426,0.15479876160990713,0.09287925696594428,3.0,3.0,1.0,2.0,6.0,1.0,5.0,2.0,1.0,0,0.0,0,0.00213,11.2,5255.748474894415,11.176143999999999,0.061919504643962855,3.0,6.0,0.77072287
0022500341,1610612739,Cleveland,Cavaliers,CLE,cavaliers,1642281,Jaylon,Tyson,J. Tyson,jaylon-tyson,G,,,32:52,32.86666666666667,11,15,0.733,2,4,0.5,0,1,0.0,2,4,6,2,0,2,2,3,24,16.0,0022500341,Jaylon Tyson,jaylon tyson,,,2025-12-05,2,0.7302231237322515,0.060851926977687626,0.18255578093306288,0.060851926977687626,0.12170385395537525,2.0,1.0,4.0,5.0,6.0,1.0,3.0,1.0,0.0,0,0.0,0,0.00213,21.6,10136.08634443923,21.553992,0.060851926977687626,3.0,4.0,0.799471
0022500341,1610612739,Cleveland,Cavaliers,CLE,cavaliers,1628378,Donovan,Mitchell,D. Mitchell,donovan-mitchell,G,,,31:45,31.75,9,17,0.529,1,5,0.2,9,11,0.818,1,1,2,8,3,0,5,1,28,18.0,0022500341,Donovan Mitchell,donovan mitchell,,,2025-12-05,3,0.8818897637795275,0.031496062992125984,0.06299212598425197,0.25196850393700787,0.12598425196850394,1.0,3.0,8.0,1.0,1.0,3.0,2.0,3.0,3.0,0,0.0,0,0.0035099999999999997,29.7,8459.128453432071,29.595753,0.09448818897637795,1.0,2.0,0.7442325
0022500341,1610612739,Cleveland,Cavaliers,CLE,cavaliers,1629731,Dean,Wade,D. Wade,dean-wade,,,,29:12,29.2,4,6,0.667,2,4,0.5,2,2,1.0,1,7,8,5,1,0,0,2,12,16.0,0022500341,Dean Wade,dean wade,,,2025-12-05,1,0.4109589041095891,0.03424657534246575,0.273972602739726,0.17123287671232876,0.0684931506849315,5.0,3.0,2.0,2.0,4.0,3.0,3.0,4.0,6.0,0,0.0,0,0.00083,23.2,27918.170878459685,23.180744,0.03424657534246575,6.0,7.0,0.7464025
0022500341,1610612739,Cleveland,Cavaliers,CLE,cavaliers,1628366,Lonzo,Ball,L. Ball,lonzo-ball,,,,22:27,22.45,1,2,0.5,0,1,0.0,0,0,0.0,0,6,6,5,3,0,2,1,2,1.0,0022500341,Lonzo Ball,lonzo ball,,,2025-12-05,3,0.08908685968819599,0.0,0.267260579064588,0.22271714922049,0.133630289532294,9.0,8.0,4.0,2.0,1.0,3.0,7.0,6.0,3.0,0,0.0,0,0.00074,6.4,8636.97705802969,6.395264000000001,0.133630289532294,1.0,1.0,0.034392726
0022500341,1610612739,Cleveland,Cavaliers,CLE,cavaliers,1628418,Thomas,Bryant,T. Bryant,thomas-bryant,,,,15:42,15.7,2,4,0.5,0,0,0.0,4,4,1.0,1,2,3,2,0,0,1,2,8,4.0,0022500341,Thomas Bryant,thomas bryant,,,2025-12-05,0,0.5095541401273885,0.06369426751592357,0.1910828025477707,0.12738853503184713,0.06369426751592357,8.0,3.0,6.0,5.0,6.0,3.0,6.0,9.0,0.0,0,0.0,0,0.0017100000000000001,17.5,10227.936879018118,17.470075,0.0,8.0,8.0,0.10377184
0022500341,1610612739,Cleveland,Cavaliers,CLE,cavaliers,1641854,Craig,Porter Jr.,C. Porter Jr.,craig-porter-jr,,,,23:54,23.9,4,6,0.667,1,2,0.5,2,3,0.667,1,6,7,1,2,0,0,3,11,20.0,0022500341,Craig Porter Jr.,craig porter jr,,,2025-12-05,2,0.46025104602510464,0.041841004184100423,0.29288702928870297,0.041841004184100423,0.12552301255230125,6.0,3.0,3.0,9.0,3.0,3.0,1.0,5.0,5.0,0,0.0,0,0.00121,38.8,32039.636663914123,38.753052,0.08368200836820085,3.0,3.0,0.7051961
0022500341,1610612739,Cleveland,Cavaliers,CLE,cavaliers,1631247,Luke,Travers,L. Travers,luke-travers,,,,10:30,10.5,1,3,0.333,0,2,0.0,0,0,0.0,0,1,1,2,0,0,1,0,2,-1.0,0022500341,Luke Travers,luke travers,,,2025-12-05,0,0.19047619047619047,0.0,0.09523809523809523,0.19047619047619047,0.0,9.0,8.0,10.0,5.0,6.0,3.0,8.0,10.0,0.0,0,0.0,0,0.00167,-4.3,-2573.309395571514,-4.292819,0.0,8.0,10.0,0.007425567
0022500341,1610612739,Cleveland,Cavaliers,CLE,cavaliers,1641753,Chris,Livingston,C. Livingston,chris-livingston,,,,2:26,2.4333333333333336,1,2,0.5,0,1,0.0,0,0,0.0,0,0,0,0,0,0,0,2,2,-4.0,0022500341,Chris Livingston,chris livingston,,,2025-12-05,0,0.821917808219178,0.0,0.0,0.0,0.0,9.0,8.0,11.0,10.0,6.0,3.0,9.0,11.0,0.0,0,0.0,0,0.004,-60.0,-14996.250937265682,-59.76,0.0,8.0,10.0,0.011426572
0022500352,1610612739,Cleveland,Cavaliers,CLE,cavaliers,1642281,Jaylon,Tyson,J. Tyson,jaylon-tyson,F,,,34:05,34.083333333333336,5,12,0.417,1,4,0.25,0,0,0.0,4,7,11,3,0,0,1,5,11,6.0,0022500352,Jaylon Tyson,jaylon tyson,,,2025-12-06,0,0.32273838630806845,0.11735941320293397,0.32273838630806845,0.08801955990220048,0.11735941320293397,4.0,2.0,2.0,2.0,6.0,5.0,2.0,3.0,1.0,0,0.0,0,0.00151,10.0,6618.1336863004635,9.9849,0.0,8.0,5.0,0.4948689
0022500352,1610612739,Cleveland,Cavaliers,CLE,cavaliers,1629631,De'Andre,Hunter,D. Hunter,deandre-hunter,F,,,33:17,33.28333333333333,2,9,0.222,0,4,0.0,2,3,0.667,1,2,3,3,1,0,2,4,6,-7.0,0022500352,De'Andre Hunter,de'andre hunter,,,2025-12-06,1,0.18027040560841262,0.030045067601402103,0.09013520280420631,0.09013520280420631,0.06009013520280421,5.0,8.0,9.0,2.0,3.0,5.0,9.0,4.0,4.0,0,0.0,0,0.0014299999999999998,-13.7,-9573.724668064291,-13.680409,0.030045067601402103,4.0,10.0,0.043526266
0022500352,1610612739,Cleveland,Cavaliers,CLE,cavaliers,1630596,Evan,Mobley,E. Mobley,evan-mobley,C,,,35:08,35.13333333333333,8,19,0.421,0,5,0.0,2,2,1.0,2,8,10,1,1,1,1,1,18,-3.0,0022500352,Evan Mobley,evan mobley,,,2025-12-06,2,0.5123339658444023,0.05692599620493359,0.2846299810246679,0.028462998102466795,0.11385199240986718,2.0,4.0,3.0,5.0,3.0,1.0,5.0,2.0,5.0,0,0.0,0,0.00241,-2.8,-1161.3438407299875,-2.793252,0.05692599620493359,2.0,6.0,0.6271197
0022500352,1610612739,Cleveland,Cavaliers,CLE,cavaliers,1628378,Donovan,Mitchell,D. Mitchell,donovan-mitchell,G,,,37:10,37.166666666666664,11,26,0.423,7,14,0.5,0,0,0.0,2,2,4,3,0,1,2,2,29,8.0,0022500352,Donovan Mitchell,donovan mitchell,,,2025-12-06,1,0.7802690582959642,0.053811659192825115,0.10762331838565023,0.08071748878923768,0.08071748878923768,1.0,4.0,6.0,2.0,6.0,1.0,1.0,1.0,2.0,0,0.0,0,0.00298,9.5,3186.8500503186847,9.47169,0.026905829596412557,4.0,8.0,0.8790637
0022500352,1610612739,Cleveland,Cavaliers,CLE,cavaliers,1629636,Darius,Garland,D. Garland,darius-garland,G,,,31:59,31.983333333333334,6,15,0.4,1,6,0.167,4,5,0.8,1,4,5,4,2,0,3,0,17,-14.0,0022500352,Darius Garland,darius garland,,,2025-12-06,2,0.5315268368942158,0.03126628452318916,0.1563314226159458,0.12506513809275663,0.09379885356956748,3.0,8.0,5.0,1.0,1.0,5.0,10.0,5.0,2.0,0,0.0,0,0.00227,-21.2,-9335.094671950683,-21.151875999999998,0.06253256904637831,2.0,7.0,0.471671
0022500352,1610612739,Cleveland,Cavaliers,CLE,cavaliers,1641854,Craig,Porter Jr.,C. Porter Jr.,craig-porter-jr,,,,15:12,15.2,0,4,0.0,0,0,0.0,0,0,0.0,3,1,4,0,0,1,0,3,0,-6.0,0022500352,Craig Porter Jr.,craig porter jr,,,2025-12-06,1,0.0,0.19736842105263158,0.2631578947368421,0.0,0.2631578947368421,10.0,3.0,6.0,7.0,6.0,1.0,8.0,8.0,2.0,0,0.0,0,0.0009299999999999999,-16.1,-17293.23308270677,-16.085027,0.06578947368421052,4.0,3.0,0.01999559
0022500352,1610612739,Cleveland,Cavaliers,CLE,cavaliers,1629731,Dean,Wade,D. Wade,dean-wade,,,,19:22,19.366666666666667,1,5,0.2,1,3,0.333,0,0,0.0,2,2,4,0,1,0,0,1,3,-5.0,0022500352,Dean Wade,dean wade,,,2025-12-06,1,0.1549053356282272,0.10327022375215146,0.20654044750430292,0.0,0.1549053356282272,7.0,4.0,6.0,7.0,3.0,5.0,6.0,6.0,2.0,0,0.0,0,0.0009299999999999999,-12.5,-13426.423200859292,-12.488375,0.05163511187607573,4.0,4.0,0.025196996
0022500352,1610612739,Cleveland,Cavaliers,CLE,cavaliers,1628418,Thomas,Bryant,T. Bryant,thomas-bryant,,,,12:24,12.4,0,4,0.0,0,3,0.0,2,2,1.0,1,5,6,0,0,0,0,2,2,0.0,0022500352,Thomas Bryant,thomas bryant,,,2025-12-06,0,0.16129032258064516,0.08064516129032258,0.48387096774193544,0.0,0.08064516129032258,8.0,8.0,4.0,7.0,6.0,5.0,4.0,9.0,0.0,0,0.0,0,0.0013900000000000002,-3.2,-2300.503235082674,-3.195552,0.0,8.0,9.0,0.014122068
0022500352,1610612739,Cleveland,Cavaliers,CLE,cavaliers,1641772,Nae'Qwan,Tomlin,N. Tomlin,naeqwan-tomlin,,,,16:05,16.083333333333332,3,10,0.3,0,2,0.0,0,0,0.0,6,6,12,1,2,1,3,0,6,1.0,0022500352,Nae'Qwan Tomlin,nae'qwan tomlin,,,2025-12-06,3,0.3730569948186529,0.3730569948186529,0.7461139896373058,0.062176165803108814,0.5595854922279793,5.0,1.0,1.0,5.0,1.0,1.0,3.0,7.0,2.0,0,0.0,0,0.0028899999999999998,9.0,3113.109650639917,8.97399,0.18652849740932645,1.0,1.0,0.5755189
0022500352,1610612739,Cleveland,Cavaliers,CLE,cavaliers,1631247,Luke,Travers,L. Travers,luke-travers,,,,5:18,5.3,1,3,0.333,0,1,0.0,0,0,0.0,2,0,2,0,0,0,0,0,2,-5.0,0022500352,Luke Travers,luke travers,,,2025-12-06,0,0.37735849056603776,0.37735849056603776,0.37735849056603776,0.0,0.37735849056603776,8.0,4.0,10.0,7.0,6.0,5.0,6.0,10.0,0.0,0,0.0,0,0.00188,-55.6,-29558.745348219036,-55.495472,0.0,8.0,2.0,0.008830458
0022501212,1610612739,Cleveland,Cavaliers,CLE,cavaliers,1642281,Jaylon,Tyson,J. Tyson,jaylon-tyson,F,,,30:54,30.9,3,5,0.6,1,3,0.333,6,6,1.0,1,5,6,3,0,0,0,2,13,-10.0,0022501212,Jaylon Tyson,jaylon tyson,,,2025-12-12,0,0.42071197411003236,0.03236245954692557,0.1941747572815534,0.0970873786407767,0.03236245954692557,5.0,3.0,2.0,5.0,6.0,2.0,9.0,4.0,1.0,0,0.0,0,0.00108,-9.4,-8695.652173913044,-9.389848,0.0,6.0,10.0,0.12415575
0022501212,1610612739,Cleveland,Cavaliers,CLE,cavaliers,1629631,De'Andre,Hunter,D. Hunter,deandre-hunter,F,,,27:07,27.116666666666667,4,14,0.286,3,10,0.3,4,4,1.0,1,3,4,0,0,0,0,1,15,-17.0,0022501212,De'Andre Hunter,de'andre hunter,,,2025-12-12,0,0.5531653349723418,0.03687768899815611,0.14751075599262445,0.0,0.03687768899815611,4.0,3.0,5.0,9.0,6.0,2.0,10.0,5.0,0.0,0,0.0,0,0.0023899999999999998,-27.9,-11668.757841907152,-27.833319,0.0,6.0,9.0,0.43568236
0022501212,1610612739,Cleveland,Cavaliers,CLE,cavaliers,1630596,Evan,Mobley,E. Mobley,evan-mobley,C,,,36:14,36.233333333333334,7,17,0.412,2,6,0.333,7,9,0.778,5,8,13,6,0,0,0,4,23,0.0,0022501212,Evan Mobley,evan mobley,,,2025-12-12,0,0.6347746090156393,0.13799448022079117,0.35878564857405704,0.1655933762649494,0.13799448022079117,2.0,1.0,1.0,1.0,6.0,2.0,6.0,1.0,1.0,0,0.0,0,0.00221,0.0,0.0,0.0,0.0,6.0,3.0,0.6819574
0022501212,1610612739,Cleveland,Cavaliers,CLE,cavaliers,1628378,Donovan,Mitchell,D. Mitchell,donovan-mitchell,G,,,35:13,35.21666666666667,17,31,0.548,8,15,0.533,6,6,1.0,0,4,4,4,2,0,3,1,48,9.0,0022501212,Donovan Mitchell,donovan mitchell,,,2025-12-12,2,1.362991008045433,0.0,0.11358258400378608,0.11358258400378608,0.05679129200189304,1.0,9.0,5.0,3.0,2.0,2.0,3.0,3.0,2.0,0,0.0,0,0.00411,15.8,3843.347117489662,15.735062000000001,0.05679129200189304,2.0,7.0,0.9361383
0022501212,1610612739,Cleveland,Cavaliers,CLE,cavaliers,1629636,Darius,Garland,D. Garland,darius-garland,G,,,35:19,35.31666666666667,6,17,0.353,0,11,0.0,6,7,0.857,0,3,3,6,2,0,2,2,18,-5.0,0022501212,Darius Garland,darius garland,,,2025-12-12,2,0.5096743747050495,0.0,0.08494572911750825,0.1698914582350165,0.056630486078338836,3.0,9.0,7.0,1.0,2.0,2.0,8.0,2.0,3.0,0,0.0,0,0.00244,-8.0,-3277.345350266284,-7.98048,0.056630486078338836,2.0,8.0,0.28660193
0022501212,1610612739,Cleveland,Cavaliers,CLE,cavaliers,1629731,Dean,Wade,D. Wade,dean-wade,,,,22:41,22.683333333333334,0,2,0.0,0,2,0.0,2,2,1.0,1,4,5,2,2,0,0,3,2,11.0,0022501212,Dean Wade,dean wade,,,2025-12-12,2,0.0881704628949302,0.0440852314474651,0.2204261572373255,0.0881704628949302,0.13225569434239529,8.0,3.0,3.0,6.0,2.0,2.0,2.0,7.0,1.0,0,0.0,0,0.00052,27.8,53358.92514395394,27.785544,0.0881704628949302,2.0,4.0,0.1342962
0022501212,1610612739,Cleveland,Cavaliers,CLE,cavaliers,1628418,Thomas,Bryant,T. Bryant,thomas-bryant,,,,7:35,7.583333333333333,1,1,1.0,0,0,0.0,0,0,0.0,1,1,2,0,0,0,1,1,2,3.0,0022501212,Thomas Bryant,thomas bryant,,,2025-12-12,0,0.26373626373626374,0.13186813186813187,0.26373626373626374,0.0,0.13186813186813187,8.0,3.0,10.0,9.0,6.0,2.0,5.0,10.0,2.0,0,0.0,0,0.00111,30.6,27542.754275427546,30.566034,0.0,6.0,5.0,0.018474076
0022501212,1610612739,Cleveland,Cavaliers,CLE,cavaliers,1628366,Lonzo,Ball,L. Ball,lonzo-ball,,,,24:04,24.066666666666666,1,6,0.167,1,5,0.2,2,2,1.0,1,2,3,2,3,1,0,0,5,26.0,0022501212,Lonzo Ball,lonzo ball,,,2025-12-12,4,0.20775623268698062,0.04155124653739612,0.12465373961218837,0.08310249307479224,0.20775623268698062,6.0,3.0,7.0,6.0,1.0,1.0,1.0,6.0,4.0,0,0.0,0,0.00111,48.9,44014.401440144014,48.845721,0.16620498614958448,1.0,2.0,0.23350675
0022501212,1610612739,Cleveland,Cavaliers,CLE,cavaliers,1641772,Nae'Qwan,Tomlin,N. Tomlin,naeqwan-tomlin,,,,10:05,10.083333333333334,0,2,0.0,0,1,0.0,0,0,0.0,1,2,3,1,0,0,0,6,0,-3.0,0022501212,Nae'Qwan Tomlin,nae'qwan tomlin,,,2025-12-12,0,0.0,0.09917355371900825,0.2975206611570248,0.09917355371900825,0.09917355371900825,10.0,3.0,7.0,8.0,6.0,2.0,7.0,9.0,1.0,0,0.0,0,0.00074,-2.3,-3103.9136302294196,-2.298298,0.0,6.0,6.0,0.010790842
0022501212,1610612739,Cleveland,Cavaliers,CLE,cavaliers,1641854,Craig,Porter Jr.,C. Porter Jr.,craig-porter-jr,,,,10:48,10.8,2,2,1.0,0,0,0.0,0,0,0.0,4,1,5,4,2,0,1,0,4,6.0,0022501212,Craig Porter Jr.,craig porter jr,,,2025-12-12,2,0.37037037037037035,0.37037037037037035,0.4629629629629629,0.37037037037037035,0.5555555555555555,7.0,2.0,3.0,3.0,2.0,2.0,4.0,8.0,2.0,0,0.0,0,0.00094,19.4,20616.3655685441,19.381763999999997,0.18518518518518517,2.0,1.0,0.13901094
0022501218,1610612739,Cleveland,Cavaliers,CLE,cavaliers,1629631,De'Andre,Hunter,D. Hunter,deandre-hunter,F,,,26:32,26.533333333333335,1,7,0.143,0,3,0.0,2,2,1.0,2,2,4,0,0,0,1,3,4,-4.0,0022501218,De'Andre Hunter,de'andre hunter,,,2025-12-14,0,0.1507537688442211,0.07537688442211055,0.1507537688442211,0.0,0.07537688442211055,9.0,2.0,5.0,9.0,6.0,4.0,5.0,6.0,1.0,0,0.0,0,0.00153,-3.4,-2220.770738079687,-3.3947979999999998,0.0,7.0,5.0,0.026915882
0022501218,1610612739,Cleveland,Cavaliers,CLE,cavaliers,1629731,Dean,Wade,D. Wade,dean-wade,F,,,31:33,31.55,5,9,0.556,3,6,0.5,1,2,0.5,1,7,8,2,1,0,0,2,14,-11.0,0022501218,Dean Wade,dean wade,,,2025-12-14,1,0.4437400950871632,0.03169572107765452,0.25356576862123614,0.06339144215530904,0.06339144215530904,4.0,5.0,2.0,4.0,3.0,4.0,10.0,5.0,5.0,0,0.0,0,0.0014099999999999998,-15.5,-10985.116938341604,-15.478145,0.03169572107765452,4.0,7.0,0.5155024
0022501218,1610612739,Cleveland,Cavaliers,CLE,cavaliers,1628386,Jarrett,Allen,J. Allen,jarrett-allen,C,,,22:54,22.9,3,8,0.375,0,0,0.0,3,5,0.6,1,2,3,1,0,0,1,2,9,-5.0,0022501218,Jarrett Allen,jarrett allen,,,2025-12-14,0,0.39301310043668125,0.04366812227074236,0.13100436681222707,0.04366812227074236,0.04366812227074236,6.0,5.0,6.0,6.0,6.0,4.0,7.0,7.0,2.0,0,0.0,0,0.00208,-10.6,-5093.7049495434885,-10.577952,0.0,7.0,9.0,0.06566834
0022501218,1610612739,Cleveland,Cavaliers,CLE,cavaliers,1628378,Donovan,Mitchell,D. Mitchell,donovan-mitchell,G,,,37:55,37.916666666666664,6,24,0.25,1,11,0.091,4,5,0.8,1,1,2,7,2,1,2,4,17,-12.0,0022501218,Donovan Mitchell,donovan mitchell,,,2025-12-14,3,0.44835164835164837,0.026373626373626374,0.05274725274725275,0.18461538461538463,0.1054945054945055,2.0,5.0,8.0,2.0,2.0,1.0,11.0,2.0,8.0,0,0.0,0,0.0032600000000000003,-13.1,-4017.1726464274757,-13.057293999999999,0.07912087912087913,2.0,4.0,0.13020922
0022501218,1610612739,Cleveland,Cavaliers,CLE,cavaliers,1629636,Darius,Garland,D. Garland,darius-garland,G,,,39:25,39.416666666666664,8,19,0.421,3,7,0.429,7,8,0.875,0,2,2,9,1,1,4,2,26,-8.0,0022501218,Darius Garland,darius garland,,,2025-12-14,2,0.6596194503171248,0.0,0.05073995771670191,0.22832980972515857,0.05073995771670191,1.0,9.0,8.0,1.0,3.0,1.0,9.0,1.0,4.0,0,0.0,0,0.00293,-8.5,-2900.0341180484475,-8.475095,0.05073995771670191,3.0,8.0,0.7080276
0022501218,1610612739,Cleveland,Cavaliers,CLE,cavaliers,1642281,Jaylon,Tyson,J. Tyson,jaylon-tyson,,,,35:29,35.483333333333334,6,13,0.462,2,4,0.5,2,2,1.0,3,10,13,1,1,0,1,5,16,-4.0,0022501218,Jaylon Tyson,jaylon tyson,,,2025-12-14,1,0.45091592296852984,0.08454673555659933,0.3663691874119305,0.028182245185533115,0.11272898074213246,3.0,1.0,1.0,6.0,3.0,4.0,5.0,3.0,6.0,0,0.0,0,0.0017399999999999998,-2.9,-1665.7093624353822,-2.894954,0.028182245185533115,4.0,3.0,0.676396
0022501218,1610612739,Cleveland,Cavaliers,CLE,cavaliers,1641772,Nae'Qwan,Tomlin,N. Tomlin,naeqwan-tomlin,,,,14:10,14.166666666666666,3,3,1.0,1,1,1.0,0,0,0.0,1,2,3,0,0,0,0,2,7,0.0,0022501218,Nae'Qwan Tomlin,nae'qwan tomlin,,,2025-12-14,0,0.49411764705882355,0.07058823529411765,0.21176470588235294,0.0,0.07058823529411765,8.0,5.0,6.0,9.0,6.0,4.0,3.0,9.0,1.0,0,0.0,0,0.00094,8.3,8820.403825717323,8.292198,0.0,7.0,6.0,0.10529467
0022501218,1610612739,Cleveland,Cavaliers,CLE,cavaliers,1628366,Lonzo,Ball,L. Ball,lonzo-ball,,,,31:54,31.9,3,8,0.375,1,5,0.2,1,2,0.5,2,3,5,4,5,0,2,0,8,-1.0,0022501218,Lonzo Ball,lonzo ball,,,2025-12-14,5,0.25078369905956116,0.06269592476489029,0.15673981191222572,0.12539184952978058,0.219435736677116,7.0,2.0,4.0,3.0,1.0,4.0,4.0,4.0,6.0,0,0.0,0,0.00147,0.1,67.98096532970769,0.09985300000000001,0.15673981191222572,1.0,1.0,0.18497282
0022501218,1610612739,Cleveland,Cavaliers,CLE,cavaliers,1628418,Thomas,Bryant,T. Bryant,thomas-bryant,,,,14:13,14.216666666666667,3,4,0.75,1,1,1.0,3,3,1.0,2,4,6,1,0,1,1,3,10,6.0,0022501218,Thomas Bryant,thomas bryant,,,2025-12-14,1,0.7033997655334114,0.1406799531066823,0.4220398593200469,0.07033997655334115,0.21101992966002345,5.0,2.0,3.0,6.0,6.0,1.0,1.0,8.0,1.0,0,0.0,0,0.0017599999999999998,28.3,16070.414537194778,28.250192000000002,0.07033997655334115,4.0,2.0,0.5580819
0022501218,1610612739,Cleveland,Cavaliers,CLE,cavaliers,1641854,Craig,Porter Jr.,C. Porter Jr.,craig-porter-jr,,,,4:23,4.383333333333334,0,0,0.0,0,0,0.0,0,0,0.0,0,0,0,0,0,0,2,0,0,-7.0,0022501218,Craig Porter Jr.,craig porter jr,,,2025-12-14,0,0.0,0.0,0.0,0.0,0.0,10.0,9.0,10.0,9.0,6.0,4.0,8.0,11.0,1.0,0,0.0,0,0.002,-87.5,-43728.135932033976,-87.325,0.0,7.0,10.0,0.0025872693
0022501218,1610612739,Cleveland,Cavaliers,CLE,cavaliers,1642878,Tyrese,Proctor,T. Proctor,tyrese-proctor,,,,6:32,6.533333333333333,0,0,0.0,0,0,0.0,0,0,0.0,0,0,0,2,0,0,0,1,0,6.0,0022501218,Tyrese Proctor,tyrese proctor,,,2025-12-14,0,0.0,0.0,0.0,0.30612244897959184,0.0,10.0,9.0,10.0,4.0,6.0,4.0,1.0,10.0,1.0,0,0.0,0,0.0,49.5,49500000.0,49.5,0.0,7.0,10.0,0.007209354
0022500367,1610612739,Cleveland,Cavaliers,CLE,cavaliers,1642281,Jaylon,Tyson,J. Tyson,jaylon-tyson,F,,,32:29,32.483333333333334,8,10,0.8,2,4,0.5,3,4,0.75,0,2,2,3,1,1,3,3,21,-15.0,0022500367,Jaylon Tyson,jaylon tyson,,,2025-12-17,2,0.6464853771164699,0.0,0.06157003591585428,0.09235505387378143,0.06157003591585428,2.0,6.0,7.0,4.0,2.0,2.0,9.0,2.0,3.0,0,0.0,0,0.0019500000000000001,-17.7,-9072.270630445924,-17.665485,0.06157003591585428,3.0,6.0,0.84426814
0022500367,1610612739,Cleveland,Cavaliers,CLE,cavaliers,1629731,Dean,Wade,D. Wade,dean-wade,F,,,21:51,21.85,1,3,0.333,0,2,0.0,0,0,0.0,2,0,2,1,0,0,0,2,2,-6.0,0022500367,Dean Wade,dean wade,,,2025-12-17,0,0.09153318077803203,0.09153318077803203,0.09153318077803203,0.04576659038901602,0.09153318077803203,8.0,1.0,7.0,6.0,5.0,3.0,6.0,6.0,3.0,0,0.0,0,0.00058,-7.1,-12220.309810671255,-7.095882,0.0,5.0,5.0,0.041270696
0022500367,1610612739,Cleveland,Cavaliers,CLE,cavaliers,1628386,Jarrett,Allen,J. Allen,jarrett-allen,C,,,27:36,27.6,7,9,0.778,0,0,0.0,0,0,0.0,0,6,6,3,1,2,2,1,14,-13.0,0022500367,Jarrett Allen,jarrett allen,,,2025-12-17,3,0.5072463768115941,0.0,0.21739130434782608,0.10869565217391304,0.10869565217391304,4.0,6.0,2.0,4.0,2.0,1.0,8.0,5.0,4.0,0,0.0,0,0.00164,-21.3,-12979.890310786108,-21.265068000000003,0.10869565217391304,1.0,4.0,0.7134715
0022500367,1610612739,Cleveland,Cavaliers,CLE,cavaliers,1628378,Donovan,Mitchell,D. Mitchell,donovan-mitchell,G,,,32:32,32.53333333333333,11,23,0.478,4,9,0.444,6,6,1.0,0,1,1,5,0,0,3,2,32,-15.0,0022500367,Donovan Mitchell,donovan mitchell,,,2025-12-17,0,0.9836065573770493,0.0,0.03073770491803279,0.15368852459016394,0.0,1.0,6.0,10.0,2.0,5.0,3.0,9.0,1.0,2.0,0,0.0,0,0.0034999999999999996,-20.3,-5798.343330477007,-20.22895,0.0,5.0,8.0,0.8995776
0022500367,1610612739,Cleveland,Cavaliers,CLE,cavaliers,1629636,Darius,Garland,D. Garland,darius-garland,G,,,30:11,30.183333333333334,6,16,0.375,3,7,0.429,0,0,0.0,1,4,5,6,0,0,2,2,15,-18.0,0022500367,Darius Garland,darius garland,,,2025-12-17,0,0.4969630038652678,0.03313086692435119,0.16565433462175594,0.19878520154610713,0.03313086692435119,3.0,4.0,4.0,1.0,5.0,3.0,11.0,3.0,2.0,0,1.0,0,0.00247,-25.0,-10117.361392148927,-24.93825,0.0,5.0,7.0,0.32452485
0022500367,1610612739,Cleveland,Cavaliers,CLE,cavaliers,1629631,De'Andre,Hunter,D. Hunter,deandre-hunter,,,,27:46,27.766666666666666,4,9,0.444,2,6,0.333,2,2,1.0,0,5,5,1,0,0,2,3,12,-3.0,0022500367,De'Andre Hunter,de'andre hunter,,,2025-12-17,0,0.43217286914765907,0.0,0.18007202881152462,0.03601440576230492,0.0,5.0,6.0,4.0,6.0,5.0,3.0,4.0,4.0,1.0,0,0.0,0,0.0017599999999999998,-4.8,-2725.7240204429304,-4.791552,0.0,5.0,8.0,0.28360084
0022500367,1610612739,Cleveland,Cavaliers,CLE,cavaliers,1628418,Thomas,Bryant,T. Bryant,thomas-bryant,,,,18:05,18.083333333333332,2,6,0.333,1,4,0.25,2,2,1.0,0,6,6,0,0,0,3,2,7,-5.0,0022500367,Thomas Bryant,thomas bryant,,,2025-12-17,0,0.38709677419354843,0.0,0.3317972350230415,0.0,0.0,6.0,6.0,2.0,11.0,5.0,3.0,5.0,7.0,1.0,0,0.0,0,0.00222,-9.6,-4322.377307519135,-9.578688,0.0,5.0,8.0,0.07548415
0022500367,1610612739,Cleveland,Cavaliers,CLE,cavaliers,1628366,Lonzo,Ball,L. Ball,lonzo-ball,,,,17:25,17.416666666666668,1,5,0.2,0,4,0.0,0,0,0.0,2,5,7,1,1,0,3,0,2,-8.0,0022500367,Lonzo Ball,lonzo ball,,,2025-12-17,1,0.11483253588516745,0.11483253588516745,0.4019138755980861,0.057416267942583726,0.17224880382775118,8.0,1.0,1.0,6.0,2.0,3.0,7.0,9.0,3.0,0,0.0,0,0.0019,-25.8,-13571.804313519202,-25.750980000000002,0.057416267942583726,4.0,2.0,0.020547202
0022500367,1610612739,Cleveland,Cavaliers,CLE,cavaliers,1641854,Craig,Porter Jr.,C. Porter Jr.,craig-porter-jr,,,,17:49,17.816666666666666,2,2,1.0,0,0,0.0,0,0,0.0,2,0,2,4,3,0,1,1,4,2.0,0022500367,Craig Porter Jr.,craig porter jr,,,2025-12-17,3,0.2245088868101029,0.11225444340505145,0.11225444340505145,0.2245088868101029,0.2806361085126286,7.0,1.0,7.0,3.0,1.0,3.0,2.0,8.0,1.0,0,0.0,0,0.00068,5.0,7342.143906020558,4.9966,0.16838166510757718,1.0,1.0,0.19976062
0022500367,1610612739,Cleveland,Cavaliers,CLE,cavaliers,1642878,Tyrese,Proctor,T. Proctor,tyrese-proctor,,,,6:31,6.516666666666667,0,2,0.0,0,2,0.0,0,0,0.0,0,3,3,1,0,0,1,0,0,3.0,0022500367,Tyrese Proctor,tyrese proctor,,,2025-12-17,0,0.0,0.0,0.46035805626598464,0.1534526854219949,0.0,11.0,6.0,6.0,6.0,5.0,3.0,1.0,11.0,,1,,1,0.0017599999999999998,26.7,15161.8398637138,26.653008,0.0,5.0,8.0,0.006499394
0022500367,1610612739,Cleveland,Cavaliers,CLE,cavaliers,1641772,Nae'Qwan,Tomlin,N. Tomlin,naeqwan-tomlin,,,,7:45,7.75,0,2,0.0,0,1,0.0,2,4,0.5,1,0,1,1,0,0,0,0,2,-2.0,0022500367,Nae'Qwan Tomlin,nae'qwan tomlin,,,2025-12-17,0,0.25806451612903225,0.12903225806451613,0.12903225806451613,0.12903225806451613,0.12903225806451613,8.0,4.0,10.0,6.0,5.0,3.0,3.0,10.0,0.0,0,0.0,0,0.00182,-11.1,-6095.551894563427,-11.079797999999998,0.0,5.0,3.0,0.007935287
0022500384,1610612739,Cleveland,Cavaliers,CLE,cavaliers,1642281,Jaylon,Tyson,J. Tyson,jaylon-tyson,F,,,25:45,25.75,4,10,0.4,0,3,0.0,1,1,1.0,1,4,5,1,1,0,5,3,9,-1.0,0022500384,Jaylon Tyson,jaylon tyson,,,2025-12-19,1,0.34951456310679613,0.038834951456310676,0.1941747572815534,0.038834951456310676,0.07766990291262135,7.0,3.0,3.0,7.0,3.0,2.0,3.0,7.0,1.0,0,0.0,0,0.00242,-6.2,-2560.9252375051633,-6.184996,0.038834951456310676,3.0,6.0,0.17109764
0022500384,1610612739,Cleveland,Cavaliers,CLE,cavaliers,1629731,Dean,Wade,D. Wade,dean-wade,F,,,27:54,27.9,1,4,0.25,0,2,0.0,0,0,0.0,0,5,5,1,0,0,0,0,2,-11.0,0022500384,Dean Wade,dean wade,,,2025-12-19,0,0.07168458781362008,0.0,0.17921146953405018,0.03584229390681004,0.0,10.0,10.0,3.0,7.0,9.0,2.0,8.0,4.0,0.0,0,0.0,0,0.00055,-17.7,-32123.41197822141,-17.690265,0.0,9.0,10.0,0.01825406
0022500384,1610612739,Cleveland,Cavaliers,CLE,cavaliers,1628386,Jarrett,Allen,J. Allen,jarrett-allen,C,,,29:45,29.75,6,9,0.667,0,0,0.0,2,2,1.0,4,8,12,5,2,1,1,2,14,-8.0,0022500384,Jarrett Allen,jarrett allen,,,2025-12-19,3,0.47058823529411764,0.13445378151260504,0.40336134453781514,0.16806722689075632,0.23529411764705882,4.0,1.0,1.0,3.0,1.0,1.0,6.0,2.0,4.0,0,0.0,0,0.0014099999999999998,-13.8,-9780.297661233171,-13.780542,0.10084033613445378,1.0,2.0,0.78531134
0022500384,1610612739,Cleveland,Cavaliers,CLE,cavaliers,1642878,Tyrese,Proctor,T. Proctor,tyrese-proctor,G,,,26:51,26.85,6,15,0.4,3,8,0.375,1,2,0.5,1,5,6,3,1,0,1,0,16,-10.0,0022500384,Tyrese Proctor,tyrese proctor,,,2025-12-19,1,0.5959031657355679,0.037243947858472994,0.22346368715083798,0.11173184357541899,0.07448789571694599,2.0,3.0,2.0,4.0,3.0,2.0,7.0,5.0,2.0,0,0.0,0,0.00246,-16.7,-6785.859406745225,-16.658918,0.037243947858472994,3.0,7.0,0.52353156
0022500384,1610612739,Cleveland,Cavaliers,CLE,cavaliers,1629636,Darius,Garland,D. Garland,darius-garland,G,,,33:12,33.2,13,27,0.481,6,12,0.5,3,3,1.0,1,1,2,8,1,0,4,1,35,3.0,0022500384,Darius Garland,darius garland,,,2025-12-19,1,1.0542168674698795,0.03012048192771084,0.06024096385542168,0.24096385542168672,0.06024096385542168,1.0,3.0,10.0,1.0,3.0,2.0,1.0,1.0,1.0,0,0.0,0,0.0037199999999999998,4.0,1074.9798441279227,3.98512,0.03012048192771084,3.0,8.0,0.873624
0022500384,1610612739,Cleveland,Cavaliers,CLE,cavaliers,1629631,De'Andre,Hunter,D. Hunter,deandre-hunter,,,,25:47,25.783333333333335,3,10,0.3,1,4,0.25,4,5,0.8,1,2,3,1,0,0,1,5,11,-13.0,0022500384,De'Andre Hunter,de'andre hunter,,,2025-12-19,0,0.4266321913380737,0.0387847446670976,0.11635423400129281,0.0387847446670976,0.0387847446670976,5.0,3.0,6.0,7.0,9.0,2.0,10.0,6.0,0.0,0,0.0,0,0.0017100000000000001,-21.7,-12682.641729982466,-21.662893,0.0,9.0,9.0,0.11079897
0022500384,1610612739,Cleveland,Cavaliers,CLE,cavaliers,1628366,Lonzo,Ball,L. Ball,lonzo-ball,,,,28:06,28.1,3,4,0.75,1,2,0.5,1,2,0.5,2,1,3,8,2,0,1,2,8,-11.0,0022500384,Lonzo Ball,lonzo ball,,,2025-12-19,2,0.2846975088967971,0.07117437722419928,0.10676156583629892,0.2846975088967971,0.14234875444839856,8.0,2.0,6.0,1.0,1.0,2.0,8.0,3.0,5.0,0,0.0,0,0.00082,-15.3,-18635.80998781973,-15.287454,0.07117437722419928,2.0,3.0,0.12234078
0022500384,1610612739,Cleveland,Cavaliers,CLE,cavaliers,1628418,Thomas,Bryant,T. Bryant,thomas-bryant,,,,16:06,16.1,4,6,0.667,1,3,0.333,2,2,1.0,1,3,4,2,1,0,0,2,11,1.0,0022500384,Thomas Bryant,thomas bryant,,,2025-12-19,1,0.6832298136645962,0.06211180124223602,0.24844720496894407,0.12422360248447203,0.12422360248447203,5.0,3.0,5.0,5.0,3.0,2.0,2.0,9.0,1.0,0,0.0,0,0.00167,6.4,3830.041891083184,6.389312,0.06211180124223602,3.0,4.0,0.86500525
0022500384,1610612739,Cleveland,Cavaliers,CLE,cavaliers,1641772,Nae'Qwan,Tomlin,N. Tomlin,naeqwan-tomlin,,,,20:55,20.916666666666668,6,14,0.429,2,5,0.4,1,2,0.5,1,2,3,2,1,0,1,1,15,-2.0,0022500384,Nae'Qwan Tomlin,nae'qwan tomlin,,,2025-12-19,1,0.7171314741035856,0.04780876494023904,0.14342629482071712,0.09561752988047809,0.09561752988047809,3.0,3.0,6.0,5.0,3.0,2.0,4.0,8.0,2.0,0,0.0,0,0.0028100000000000004,-6.6,-2347.918890074706,-6.581454,0.04780876494023904,3.0,5.0,0.7810876
0022500384,1610612739,Cleveland,Cavaliers,CLE,cavaliers,1631247,Luke,Travers,L. Travers,luke-travers,,,,5:39,5.65,2,2,1.0,0,0,0.0,0,0,0.0,1,2,3,0,1,0,1,1,4,-3.0,0022500384,Luke Travers,luke travers,,,2025-12-19,1,0.7079646017699115,0.17699115044247787,0.5309734513274336,0.0,0.35398230088495575,9.0,3.0,6.0,10.0,3.0,2.0,5.0,10.0,1.0,0,0.0,0,0.00167,-20.0,-11968.880909634949,-19.9666,0.17699115044247787,3.0,1.0,0.085832894
0022500402,1610612739,Cleveland,Cavaliers,CLE,cavaliers,1642281,Jaylon,Tyson,J. Tyson,jaylon-tyson,F,,,20:03,20.05,0,6,0.0,0,1,0.0,0,0,0.0,0,1,1,3,3,0,2,1,0,-11.0,0022500402,Jaylon Tyson,jaylon tyson,,,2025-12-22,3,0.0,0.0,0.04987531172069825,0.14962593516209477,0.14962593516209477,12.0,5.0,7.0,5.0,1.0,2.0,11.0,7.0,2.0,0,0.0,0,0.0017399999999999998,-21.9,-12578.977599080989,-21.861894,0.14962593516209477,1.0,2.0,0.0065482636
0022500402,1610612739,Cleveland,Cavaliers,CLE,cavaliers,1629731,Dean,Wade,D. Wade,dean-wade,F,,,27:53,27.883333333333333,4,7,0.571,4,7,0.571,2,2,1.0,0,7,7,2,0,0,0,0,14,18.0,0022500402,Dean Wade,dean wade,,,2025-12-22,0,0.502092050209205,0.0,0.2510460251046025,0.07172743574417215,0.0,4.0,5.0,1.0,6.0,7.0,2.0,1.0,3.0,1.0,0,0.0,0,0.00123,25.7,20877.335499593828,25.668389,0.0,7.0,8.0,0.5678945
0022500402,1610612739,Cleveland,Cavaliers,CLE,cavaliers,1628386,Jarrett,Allen,J. Allen,jarrett-allen,C,,,19:48,19.8,4,4,1.0,0,0,0.0,4,4,1.0,1,4,5,2,1,2,2,4,12,4.0,0022500402,Jarrett Allen,jarrett allen,,,2025-12-22,3,0.6060606060606061,0.050505050505050504,0.25252525252525254,0.10101010101010101,0.20202020202020202,5.0,2.0,2.0,6.0,3.0,1.0,7.0,8.0,2.0,0,0.0,0,0.0017399999999999998,6.3,3618.609994256175,6.289038,0.15151515151515152,1.0,1.0,0.71279085
0022500402,1610612739,Cleveland,Cavaliers,CLE,cavaliers,1628378,Donovan,Mitchell,D. Mitchell,donovan-mitchell,G,,,28:43,28.716666666666665,10,18,0.556,6,11,0.545,4,4,1.0,1,3,4,5,0,0,3,5,30,10.0,0022500402,Donovan Mitchell,donovan mitchell,,,2025-12-22,0,1.044689495066744,0.03482298316889147,0.1392919326755659,0.17411491584445735,0.03482298316889147,1.0,2.0,4.0,3.0,7.0,2.0,4.0,2.0,0.0,0,0.0,0,0.00319,11.2,3509.87151363209,11.164271999999999,0.0,7.0,7.0,0.85620767
0022500402,1610612739,Cleveland,Cavaliers,CLE,cavaliers,1629636,Darius,Garland,D. Garland,darius-garland,G,,,30:24,30.4,9,15,0.6,5,6,0.833,4,4,1.0,2,2,4,10,2,0,3,4,27,13.0,0022500402,Darius Garland,darius garland,,,2025-12-22,2,0.8881578947368421,0.06578947368421052,0.13157894736842105,0.32894736842105265,0.13157894736842105,2.0,1.0,4.0,1.0,2.0,2.0,2.0,1.0,3.0,0,0.0,0,0.0028599999999999997,18.2,6361.412093673541,18.147948,0.06578947368421052,3.0,3.0,0.8924932
0022500402,1610612739,Cleveland,Cavaliers,CLE,cavaliers,1630241,Sam,Merrill,S. Merrill,sam-merrill,,,,25:56,25.933333333333334,2,7,0.286,0,4,0.0,0,0,0.0,0,1,1,5,1,0,0,0,4,6.0,0022500402,Sam Merrill,sam merrill,,,2025-12-22,1,0.15424164524421594,0.0,0.038560411311053984,0.1928020565552699,0.038560411311053984,9.0,5.0,7.0,3.0,3.0,2.0,6.0,4.0,1.0,0,1.0,0,0.0011899999999999999,1.8,1511.3350125944587,1.797858,0.038560411311053984,4.0,6.0,0.024224218
0022500402,1610612739,Cleveland,Cavaliers,CLE,cavaliers,1629631,De'Andre,Hunter,D. Hunter,deandre-hunter,,,,25:40,25.666666666666668,9,13,0.692,4,5,0.8,5,5,1.0,1,4,5,1,1,0,2,3,27,9.0,0022500402,De'Andre Hunter,de'andre hunter,,,2025-12-22,1,1.051948051948052,0.03896103896103896,0.1948051948051948,0.03896103896103896,0.07792207792207792,2.0,2.0,2.0,8.0,3.0,2.0,5.0,5.0,1.0,0,0.0,0,0.00271,11.5,4241.9771302102545,11.468835,0.03896103896103896,4.0,4.0,0.89102536
0022500402,1610612739,Cleveland,Cavaliers,CLE,cavaliers,1628366,Lonzo,Ball,L. Ball,lonzo-ball,,,,23:49,23.816666666666666,2,5,0.4,2,4,0.5,0,0,0.0,0,2,2,7,1,0,1,1,6,11.0,0022500402,Lonzo Ball,lonzo ball,,,2025-12-22,1,0.25192442267319803,0.0,0.08397480755773268,0.2939118264520644,0.04198740377886634,7.0,5.0,6.0,2.0,3.0,2.0,3.0,6.0,1.0,0,0.0,0,0.00115,22.0,19113.81407471764,21.9747,0.04198740377886634,4.0,5.0,0.10110832
0022500402,1610612739,Cleveland,Cavaliers,CLE,cavaliers,1628418,Thomas,Bryant,T. Bryant,thomas-bryant,,,,19:39,19.65,4,5,0.8,2,3,0.667,0,0,0.0,0,1,1,1,0,0,0,1,10,-13.0,0022500402,Thomas Bryant,thomas bryant,,,2025-12-22,0,0.5089058524173028,0.0,0.050890585241730284,0.050890585241730284,0.0,6.0,5.0,7.0,8.0,7.0,2.0,12.0,9.0,0.0,0,0.0,0,0.00114,-31.0,-27169.149868536373,-30.96466,0.0,7.0,8.0,0.27562916
0022500402,1610612739,Cleveland,Cavaliers,CLE,cavaliers,1641772,Nae'Qwan,Tomlin,N. Tomlin,naeqwan-tomlin,,,,12:44,12.733333333333333,2,4,0.5,1,2,0.5,0,0,0.0,0,0,0,0,0,0,0,0,5,-1.0,0022500402,Nae'Qwan Tomlin,nae'qwan tomlin,,,2025-12-22,0,0.39267015706806285,0.0,0.0,0.0,0.0,8.0,5.0,10.0,10.0,7.0,2.0,8.0,10.0,1.0,0,0.0,0,0.0014299999999999998,-9.0,-6289.30817610063,-8.98713,0.0,7.0,8.0,0.016383097
0022500402,1610612739,Cleveland,Cavaliers,CLE,cavaliers,1641854,Craig,Porter Jr.,C. Porter Jr.,craig-porter-jr,,,,2:55,2.9166666666666665,1,1,1.0,0,0,0.0,0,0,0.0,0,0,0,0,0,0,0,1,2,-7.0,0022500402,Craig Porter Jr.,craig porter jr,,,2025-12-22,0,0.6857142857142857,0.0,0.0,0.0,0.0,10.0,5.0,10.0,10.0,7.0,2.0,10.0,11.0,,1,,1,0.002,-140.0,-69965.01749125437,-139.72,0.0,7.0,8.0,0.0086987065
0022500402,1610612739,Cleveland,Cavaliers,CLE,cavaliers,1642878,Tyrese,Proctor,T. Proctor,tyrese-proctor,,,,2:26,2.4333333333333336,1,2,0.5,0,1,0.0,0,0,0.0,0,0,0,0,0,0,0,0,2,-4.0,0022500402,Tyrese Proctor,tyrese proctor,,,2025-12-22,0,0.821917808219178,0.0,0.0,0.0,0.0,10.0,5.0,10.0,10.0,7.0,2.0,9.0,12.0,0.0,0,0.0,0,0.004,-120.0,-29992.501874531365,-119.52,0.0,7.0,8.0,0.008123513
0022500412,1610612739,Cleveland,Cavaliers,CLE,cavaliers,1630241,Sam,Merrill,S. Merrill,sam-merrill,F,,,25:43,25.716666666666665,7,12,0.583,6,10,0.6,2,2,1.0,2,4,6,7,1,0,1,2,22,18.0,0022500412,Sam Merrill,sam merrill,,,2025-12-23,1,0.8554763447828905,0.0777705767984446,0.2333117303953338,0.2721970187945561,0.1166558651976669,2.0,3.0,4.0,3.0,3.0,6.0,3.0,4.0,0.0,0,0.0,0,0.00222,30.5,13732.552904097252,30.43229,0.0388852883992223,5.0,7.0,0.86620855
0022500412,1610612739,Cleveland,Cavaliers,CLE,cavaliers,1629731,Dean,Wade,D. Wade,dean-wade,F,,,24:53,24.883333333333333,4,10,0.4,3,8,0.375,0,0,0.0,1,4,5,4,0,0,1,2,11,9.0,0022500412,Dean Wade,dean wade,,,2025-12-23,0,0.4420629604822505,0.04018754186202277,0.20093770931011387,0.1607501674480911,0.04018754186202277,7.0,5.0,6.0,4.0,7.0,6.0,7.0,5.0,1.0,0,0.0,0,0.0017499999999999998,16.4,9366.076527698458,16.371299999999998,0.0,9.0,9.0,0.27239937
0022500412,1610612739,Cleveland,Cavaliers,CLE,cavaliers,1628386,Jarrett,Allen,J. Allen,jarrett-allen,C,,,26:17,26.283333333333335,6,9,0.667,1,1,1.0,1,2,0.5,1,8,9,3,0,0,1,4,14,15.0,0022500412,Jarrett Allen,jarrett allen,,,2025-12-23,0,0.5326569435637286,0.03804692454026633,0.34242232086239693,0.11414077362079898,0.03804692454026633,5.0,5.0,1.0,6.0,7.0,6.0,4.0,3.0,1.0,0,0.0,0,0.00169,25.0,14784.15138971023,24.95775,0.0,9.0,10.0,0.6353847
0022500412,1610612739,Cleveland,Cavaliers,CLE,cavaliers,1628378,Donovan,Mitchell,D. Mitchell,donovan-mitchell,G,,,29:40,29.666666666666668,11,16,0.688,2,6,0.333,3,4,0.75,1,3,4,4,1,0,3,4,27,19.0,0022500412,Donovan Mitchell,donovan mitchell,,,2025-12-23,1,0.9101123595505618,0.033707865168539325,0.1348314606741573,0.1348314606741573,0.06741573033707865,1.0,5.0,7.0,4.0,3.0,6.0,2.0,1.0,2.0,0,0.0,0,0.00247,28.4,11493.32254148118,28.329852,0.033707865168539325,5.0,8.0,0.8667685
0022500412,1610612739,Cleveland,Cavaliers,CLE,cavaliers,1629636,Darius,Garland,D. Garland,darius-garland,G,,,28:34,28.566666666666666,4,9,0.444,2,6,0.333,0,0,0.0,0,1,1,8,0,0,3,0,10,14.0,0022500412,Darius Garland,darius garland,,,2025-12-23,0,0.3500583430571762,0.0,0.03500583430571762,0.28004667444574094,0.0,8.0,8.0,9.0,1.0,7.0,6.0,6.0,2.0,3.0,0,0.0,0,0.0017399999999999998,21.9,12578.977599080989,21.861894,0.0,9.0,11.0,0.31354994
0022500412,1610612739,Cleveland,Cavaliers,CLE,cavaliers,1629631,De'Andre,Hunter,D. Hunter,deandre-hunter,,,,24:07,24.116666666666667,5,13,0.385,0,4,0.0,0,0,0.0,0,2,2,1,2,1,1,1,10,23.0,0022500412,De'Andre Hunter,de'andre hunter,,,2025-12-23,3,0.414651002073255,0.0,0.082930200414651,0.0414651002073255,0.1243953006219765,8.0,8.0,8.0,9.0,1.0,2.0,1.0,7.0,3.0,0,0.0,0,0.00212,35.6,16784.535596416787,35.524528000000004,0.1243953006219765,1.0,5.0,0.42973483
0022500412,1610612739,Cleveland,Cavaliers,CLE,cavaliers,1642281,Jaylon,Tyson,J. Tyson,jaylon-tyson,,,,24:39,24.65,8,13,0.615,2,4,0.5,0,0,0.0,3,3,6,2,0,1,0,4,18,15.0,0022500412,Jaylon Tyson,jaylon tyson,,,2025-12-23,1,0.7302231237322515,0.12170385395537527,0.24340770791075053,0.08113590263691683,0.16227180527383367,3.0,2.0,4.0,7.0,7.0,2.0,4.0,6.0,2.0,0,0.0,0,0.00197,29.8,15119.228817858955,29.741294,0.04056795131845842,5.0,4.0,0.85474145
0022500412,1610612739,Cleveland,Cavaliers,CLE,cavaliers,1628418,Thomas,Bryant,T. Bryant,thomas-bryant,,,,21:43,21.716666666666665,6,8,0.75,2,2,1.0,1,1,1.0,4,3,7,1,0,2,0,3,15,8.0,0022500412,Thomas Bryant,thomas bryant,,,2025-12-23,2,0.6907137375287797,0.18419033000767462,0.32233307751343054,0.046047582501918656,0.2762854950115119,4.0,1.0,3.0,9.0,7.0,1.0,8.0,9.0,0.0,0,0.0,0,0.00131,16.7,12738.367658276125,16.678123,0.09209516500383731,3.0,2.0,0.7501667
0022500412,1610612739,Cleveland,Cavaliers,CLE,cavaliers,1641854,Craig,Porter Jr.,C. Porter Jr.,craig-porter-jr,,,,22:17,22.283333333333335,4,8,0.5,2,4,0.5,2,2,1.0,2,6,8,8,2,1,1,0,12,5.0,0022500412,Craig Porter Jr.,craig porter jr,,,2025-12-23,3,0.5385190725504861,0.08975317875841435,0.3590127150336574,0.3590127150336574,0.22438294689603588,6.0,3.0,2.0,1.0,1.0,2.0,9.0,8.0,3.0,0,0.0,0,0.00159,10.2,6411.062225015713,10.183781999999999,0.13462976813762154,1.0,3.0,0.6621661
0022500412,1610612739,Cleveland,Cavaliers,CLE,cavaliers,1642878,Tyrese,Proctor,T. Proctor,tyrese-proctor,,,,8:18,8.3,0,5,0.0,0,3,0.0,0,0,0.0,0,1,1,2,1,0,2,1,0,-8.0,0022500412,Tyrese Proctor,tyrese proctor,,,2025-12-23,1,0.0,0.0,0.12048192771084336,0.24096385542168672,0.12048192771084336,11.0,8.0,9.0,7.0,3.0,6.0,11.0,10.0,2.0,0,0.0,0,0.00292,-42.1,-14412.872304005477,-41.977068,0.12048192771084336,5.0,6.0,0.003411725
0022500412,1610612739,Cleveland,Cavaliers,CLE,cavaliers,1641772,Nae'Qwan,Tomlin,N. Tomlin,naeqwan-tomlin,,,,3:49,3.8166666666666664,1,2,0.5,0,1,0.0,0,0,0.0,0,0,0,0,1,1,0,0,2,-3.0,0022500412,Nae'Qwan Tomlin,nae'qwan tomlin,,,2025-12-23,2,0.5240174672489083,0.0,0.0,0.0,0.5240174672489083,10.0,8.0,11.0,11.0,3.0,2.0,10.0,11.0,2.0,0,0.0,0,0.00222,-33.3,-14993.246285456999,-33.226074,0.5240174672489083,3.0,1.0,0.010793932
0022500009,1610612739,Cleveland,Cavaliers,CLE,cavaliers,1630241,Sam,Merrill,S. Merrill,sam-merrill,F,,,29:15,29.25,4,11,0.364,2,8,0.25,1,2,0.5,1,4,5,1,2,0,1,2,11,3.0,0022500009,Sam Merrill,sam merrill,,,2025-12-25,2,0.37606837606837606,0.03418803418803419,0.17094017094017094,0.03418803418803419,0.10256410256410256,6.0,4.0,5.0,8.0,2.0,1.0,2.0,4.0,2.0,0,0.0,0,0.00183,4.8,2621.5182960131074,4.7912159999999995,0.06837606837606838,2.0,4.0,0.6703525
0022500009,1610612739,Cleveland,Cavaliers,CLE,cavaliers,1629731,Dean,Wade,D. Wade,dean-wade,F,,,29:28,29.466666666666665,2,4,0.5,1,3,0.333,1,1,1.0,1,3,4,2,0,0,0,2,6,-2.0,0022500009,Dean Wade,dean wade,,,2025-12-25,0,0.20361990950226244,0.03393665158371041,0.13574660633484165,0.06787330316742082,0.03393665158371041,8.0,4.0,6.0,5.0,4.0,1.0,7.0,3.0,0.0,0,0.0,0,0.0006,2.1,3494.1763727121465,2.09874,0.0,4.0,7.0,0.055115145
0022500009,1610612739,Cleveland,Cavaliers,CLE,cavaliers,1628386,Jarrett,Allen,J. Allen,jarrett-allen,C,,,23:07,23.116666666666667,3,4,0.75,0,0,0.0,1,2,0.5,2,6,8,2,0,0,2,3,7,-3.0,0022500009,Jarrett Allen,jarrett allen,,,2025-12-25,0,0.3028118240807498,0.08651766402307137,0.3460706560922855,0.08651766402307137,0.08651766402307137,7.0,1.0,2.0,5.0,4.0,1.0,8.0,7.0,2.0,0,0.0,0,0.00127,-3.9,-3068.450039339103,-3.895047,0.0,4.0,5.0,0.083089784
0022500009,1610612739,Cleveland,Cavaliers,CLE,cavaliers,1629636,Darius,Garland,D. Garland,darius-garland,G,,,36:00,36.0,7,14,0.5,3,4,0.75,3,4,0.75,0,1,1,10,0,0,4,2,20,0.0,0022500009,Darius Garland,darius garland,,,2025-12-25,0,0.5555555555555556,0.0,0.027777777777777776,0.2777777777777778,0.0,2.0,7.0,8.0,1.0,4.0,1.0,5.0,1.0,3.0,0,0.0,0,0.00227,-1.6,-704.5354469396742,-1.596368,0.0,4.0,8.0,0.8551454
0022500009,1610612739,Cleveland,Cavaliers,CLE,cavaliers,1628378,Donovan,Mitchell,D. Mitchell,donovan-mitchell,G,,,32:51,32.85,12,25,0.48,4,9,0.444,6,6,1.0,0,7,7,6,4,0,1,3,34,2.0,0022500009,Donovan Mitchell,donovan mitchell,,,2025-12-25,4,1.035007610350076,0.0,0.213089802130898,0.182648401826484,0.121765601217656,1.0,7.0,3.0,2.0,1.0,1.0,3.0,2.0,5.0,0,0.0,0,0.00367,4.4,1198.583492236448,4.383852000000001,0.121765601217656,1.0,3.0,0.8598919
0022500009,1610612739,Cleveland,Cavaliers,CLE,cavaliers,1628366,Lonzo,Ball,L. Ball,lonzo-ball,,,,13:39,13.65,0,1,0.0,0,1,0.0,0,0,0.0,0,1,1,3,0,0,1,1,0,2.0,0022500009,Lonzo Ball,lonzo ball,,,2025-12-25,0,0.0,0.0,0.07326007326007326,0.21978021978021978,0.0,10.0,7.0,8.0,3.0,4.0,1.0,3.0,9.0,0.0,0,0.0,0,0.00057,-2.1,-3677.7583187390546,-2.098803,0.0,4.0,8.0,0.012376176
0022500009,1610612739,Cleveland,Cavaliers,CLE,cavaliers,1630596,Evan,Mobley,E. Mobley,evan-mobley,,,,25:19,25.316666666666666,6,8,0.75,0,1,0.0,2,2,1.0,2,7,9,3,0,0,2,4,14,4.0,0022500009,Evan Mobley,evan mobley,,,2025-12-25,0,0.5529953917050692,0.07899934167215274,0.3554970375246873,0.1184990125082291,0.07899934167215274,4.0,1.0,1.0,3.0,4.0,1.0,1.0,6.0,0.0,0,0.0,0,0.0017499999999999998,9.2,5254.140491147916,9.1839,0.0,4.0,6.0,0.8468063
0022500009,1610612739,Cleveland,Cavaliers,CLE,cavaliers,1629631,De'Andre,Hunter,D. Hunter,deandre-hunter,,,,27:06,27.1,3,7,0.429,2,3,0.667,5,6,0.833,0,3,3,2,0,0,0,1,13,-7.0,0022500009,De'Andre Hunter,de'andre hunter,,,2025-12-25,0,0.4797047970479705,0.0,0.11070110701107011,0.07380073800738007,0.0,5.0,7.0,7.0,5.0,4.0,1.0,9.0,5.0,0.0,0,0.0,0,0.00159,-11.9,-7479.572595851666,-11.881079,0.0,4.0,8.0,0.15650949
0022500009,1610612739,Cleveland,Cavaliers,CLE,cavaliers,1642281,Jaylon,Tyson,J. Tyson,jaylon-tyson,,,,20:05,20.083333333333332,7,11,0.636,2,4,0.5,0,0,0.0,2,4,6,1,1,0,2,4,16,-1.0,0022500009,Jaylon Tyson,jaylon tyson,,,2025-12-25,1,0.7966804979253113,0.09958506224066391,0.2987551867219917,0.049792531120331954,0.14937759336099585,3.0,1.0,4.0,8.0,3.0,1.0,6.0,8.0,3.0,0,0.0,0,0.00271,0.6,221.32054592401326,0.598374,0.049792531120331954,3.0,2.0,0.81240594
0022500009,1610612739,Cleveland,Cavaliers,CLE,cavaliers,1628418,Thomas,Bryant,T. Bryant,thomas-bryant,,,,3:10,3.1666666666666665,1,1,1.0,1,1,1.0,0,0,0.0,1,0,1,0,0,0,1,0,3,-8.0,0022500009,Thomas Bryant,thomas bryant,,,2025-12-25,0,0.9473684210526316,0.31578947368421056,0.31578947368421056,0.0,0.31578947368421056,9.0,4.0,8.0,10.0,4.0,1.0,10.0,10.0,,1,,1,0.00222,-140.5,-63259.792886087336,-140.18809,0.0,4.0,1.0,0.01570763
0022500438,1610612739,Cleveland,Cavaliers,CLE,cavaliers,1630241,Sam,Merrill,S. Merrill,sam-merrill,F,,,25:22,25.366666666666667,5,8,0.625,3,6,0.5,0,1,0.0,0,3,3,3,1,0,1,4,13,-24.0,0022500438,Sam Merrill,sam merrill,,,2025-12-27,1,0.5124835742444153,0.0,0.11826544021024966,0.11826544021024966,0.03942181340341656,3.0,6.0,5.0,2.0,4.0,7.0,10.0,3.0,4.0,0,0.0,0,0.00161,-47.1,-29236.499068901303,-47.024169,0.03942181340341656,6.0,9.0,0.65678567
0022500438,1610612739,Cleveland,Cavaliers,CLE,cavaliers,1629731,Dean,Wade,D. Wade,dean-wade,F,,,17:30,17.5,2,6,0.333,2,5,0.4,0,0,0.0,0,3,3,1,1,0,0,1,6,-13.0,0022500438,Dean Wade,dean wade,,,2025-12-27,1,0.34285714285714286,0.0,0.17142857142857143,0.05714285714285714,0.05714285714285714,7.0,6.0,5.0,8.0,4.0,7.0,9.0,9.0,1.0,0,0.0,0,0.0015,-35.1,-23384.410393071288,-35.04735,0.05714285714285714,6.0,7.0,0.034994297
0022500438,1610612739,Cleveland,Cavaliers,CLE,cavaliers,1628386,Jarrett,Allen,J. Allen,jarrett-allen,C,,,17:37,17.616666666666667,3,3,1.0,0,0,0.0,0,0,0.0,1,3,4,2,2,1,2,2,6,-5.0,0022500438,Jarrett Allen,jarrett allen,,,2025-12-27,3,0.34058656575212864,0.056764427625354774,0.2270577105014191,0.11352885525070955,0.2270577105014191,7.0,4.0,3.0,4.0,1.0,1.0,6.0,8.0,4.0,0,0.0,0,0.00132,-10.8,-8175.624526873582,-10.785744000000001,0.17029328287606432,1.0,3.0,0.20242512
0022500438,1610612739,Cleveland,Cavaliers,CLE,cavaliers,1629636,Darius,Garland,D. Garland,darius-garland,G,,,24:25,24.416666666666668,5,9,0.556,2,4,0.5,0,0,0.0,0,0,0,1,0,0,3,1,12,-32.0,0022500438,Darius Garland,darius garland,,,2025-12-27,0,0.49146757679180886,0.0,0.0,0.040955631399317405,0.0,4.0,6.0,11.0,8.0,8.0,7.0,12.0,4.0,0.0,0,0.0,0,0.00222,-65.3,-29401.170643854115,-65.155034,0.0,10.0,10.0,0.16252378
0022500438,1610612739,Cleveland,Cavaliers,CLE,cavaliers,1628378,Donovan,Mitchell,D. Mitchell,donovan-mitchell,G,,,30:27,30.45,7,17,0.412,2,5,0.4,0,1,0.0,0,3,3,6,2,1,1,1,16,-3.0,0022500438,Donovan Mitchell,donovan mitchell,,,2025-12-27,3,0.5254515599343186,0.0,0.09852216748768473,0.19704433497536947,0.09852216748768473,2.0,6.0,5.0,1.0,1.0,1.0,5.0,1.0,2.0,0,0.0,0,0.00254,-6.4,-2518.6934277843366,-6.383744,0.09852216748768473,1.0,6.0,0.7022426
0022500438,1610612739,Cleveland,Cavaliers,CLE,cavaliers,1629631,De'Andre,Hunter,D. Hunter,deandre-hunter,,,,20:18,20.3,0,7,0.0,0,3,0.0,2,2,1.0,0,1,1,2,0,1,1,2,2,-28.0,0022500438,De'Andre Hunter,de'andre hunter,,,2025-12-27,1,0.09852216748768472,0.0,0.04926108374384236,0.09852216748768472,0.04926108374384236,10.0,6.0,8.0,4.0,8.0,1.0,11.0,5.0,4.0,0,0.0,0,0.00196,-60.4,-30800.611932687403,-60.281616,0.04926108374384236,6.0,8.0,0.0047701015
0022500438,1610612739,Cleveland,Cavaliers,CLE,cavaliers,1628366,Lonzo,Ball,L. Ball,lonzo-ball,,,,18:18,18.3,0,2,0.0,0,2,0.0,2,2,1.0,1,0,1,0,2,0,0,1,2,4.0,0022500438,Lonzo Ball,lonzo ball,,,2025-12-27,2,0.1092896174863388,0.0546448087431694,0.0546448087431694,0.0,0.16393442622950818,10.0,4.0,8.0,11.0,1.0,7.0,4.0,7.0,2.0,0,0.0,0,0.00064,19.4,30265.21060842433,19.387584,0.1092896174863388,3.0,5.0,0.019631587
0022500438,1610612739,Cleveland,Cavaliers,CLE,cavaliers,1642281,Jaylon,Tyson,J. Tyson,jaylon-tyson,,,,29:39,29.65,10,20,0.5,1,5,0.2,2,3,0.667,8,7,15,0,1,1,3,1,23,-6.0,0022500438,Jaylon Tyson,jaylon tyson,,,2025-12-27,2,0.7757166947723441,0.26981450252951095,0.5059021922428331,0.0,0.3372681281618887,1.0,1.0,1.0,11.0,4.0,1.0,7.0,2.0,1.0,0,0.0,0,0.00299,-6.1,-2039.4516883985286,-6.081760999999999,0.06745362563237774,3.0,1.0,0.81047815
0022500438,1610612739,Cleveland,Cavaliers,CLE,cavaliers,1630596,Evan,Mobley,E. Mobley,evan-mobley,,,,20:04,20.066666666666666,2,9,0.222,0,2,0.0,0,0,0.0,2,2,4,2,1,1,3,1,4,-12.0,0022500438,Evan Mobley,evan mobley,,,2025-12-27,2,0.19933554817275748,0.09966777408637874,0.19933554817275748,0.09966777408637874,0.19933554817275748,9.0,3.0,3.0,4.0,4.0,1.0,8.0,6.0,0.0,0,0.0,0,0.00267,-22.5,-8423.81130662673,-22.439925000000002,0.09966777408637874,3.0,4.0,0.025183665
0022500438,1610612739,Cleveland,Cavaliers,CLE,cavaliers,1641854,Craig,Porter Jr.,C. Porter Jr.,craig-porter-jr,,,,17:10,17.166666666666668,1,5,0.2,0,1,0.0,0,0,0.0,0,1,1,3,0,0,0,0,2,11.0,0022500438,Craig Porter Jr.,craig porter jr,,,2025-12-27,0,0.11650485436893203,0.0,0.058252427184466014,0.17475728155339804,0.0,10.0,6.0,8.0,2.0,8.0,7.0,2.0,10.0,1.0,0,0.0,0,0.00109,31.4,28780.934922089826,31.365774,0.0,10.0,10.0,0.012630716
0022500438,1610612739,Cleveland,Cavaliers,CLE,cavaliers,1628418,Thomas,Bryant,T. Bryant,thomas-bryant,,,,12:00,12.0,3,7,0.429,0,2,0.0,1,2,0.5,3,4,7,2,0,1,0,1,7,10.0,0022500438,Thomas Bryant,thomas bryant,,,2025-12-27,1,0.5833333333333334,0.25,0.5833333333333334,0.16666666666666666,0.3333333333333333,5.0,2.0,2.0,4.0,8.0,1.0,3.0,11.0,0.0,0,0.0,0,0.0023499999999999997,41.7,17737.133134836244,41.602005000000005,0.08333333333333333,6.0,2.0,0.40382499
0022500438,1610612739,Cleveland,Cavaliers,CLE,cavaliers,1642878,Tyrese,Proctor,T. Proctor,tyrese-proctor,,,,7:10,7.166666666666667,3,3,1.0,1,1,1.0,0,0,0.0,0,0,0,1,0,0,0,0,7,13.0,0022500438,Tyrese Proctor,tyrese proctor,,,2025-12-27,0,0.9767441860465116,0.0,0.0,0.13953488372093023,0.0,5.0,6.0,11.0,8.0,8.0,7.0,1.0,12.0,1.0,0,0.0,0,0.0014299999999999998,92.9,64919.63661774984,92.76715300000001,0.0,10.0,10.0,0.24941124
0022500456,1610612739,Cleveland,Cavaliers,CLE,cavaliers,1629731,Dean,Wade,D. Wade,dean-wade,F,,,24:39,24.65,4,7,0.571,2,5,0.4,0,0,0.0,0,5,5,0,0,0,0,1,10,-6.0,0022500456,Dean Wade,dean wade,,,2025-12-29,0,0.40567951318458423,0.0,0.20283975659229211,0.0,0.0,6.0,6.0,5.0,8.0,7.0,3.0,10.0,6.0,3.0,0,0.0,0,0.00117,-8.9,-7600.341588385995,-8.889587,0.0,9.0,9.0,0.1362196
0022500456,1610612739,Cleveland,Cavaliers,CLE,cavaliers,1630596,Evan,Mobley,E. Mobley,evan-mobley,F,,,28:38,28.633333333333333,7,13,0.538,0,2,0.0,2,2,1.0,2,5,7,2,0,3,1,4,16,11.0,0022500456,Evan Mobley,evan mobley,,,2025-12-29,3,0.5587892898719441,0.06984866123399301,0.24447031431897556,0.06984866123399301,0.17462165308498254,2.0,2.0,3.0,4.0,7.0,1.0,4.0,3.0,1.0,0,0.0,0,0.00217,18.6,8567.480423767849,18.559638,0.10477299185098952,1.0,3.0,0.81873816
0022500456,1610612739,Cleveland,Cavaliers,CLE,cavaliers,1628386,Jarrett,Allen,J. Allen,jarrett-allen,C,,,28:05,28.083333333333332,11,21,0.524,0,1,0.0,5,7,0.714,2,8,10,0,2,0,2,4,27,9.0,0022500456,Jarrett Allen,jarrett allen,,,2025-12-29,2,0.9614243323442137,0.0712166172106825,0.3560830860534125,0.0,0.142433234421365,1.0,2.0,1.0,8.0,3.0,3.0,5.0,4.0,1.0,0,0.0,0,0.00377,15.9,4216.388225934766,15.840057,0.0712166172106825,4.0,4.0,0.8161763
0022500456,1610612739,Cleveland,Cavaliers,CLE,cavaliers,1629636,Darius,Garland,D. Garland,darius-garland,G,,,31:22,31.366666666666667,5,13,0.385,1,5,0.2,4,4,1.0,0,5,5,11,1,0,3,2,15,3.0,0022500456,Darius Garland,darius garland,,,2025-12-29,1,0.4782146652497343,0.0,0.1594048884165781,0.35069075451647186,0.031880977683315624,3.0,6.0,5.0,1.0,5.0,3.0,7.0,2.0,3.0,0,0.0,0,0.00231,4.2,1817.3950670705321,4.190298,0.031880977683315624,6.0,8.0,0.64777
0022500456,1610612739,Cleveland,Cavaliers,CLE,cavaliers,1628378,Donovan,Mitchell,D. Mitchell,donovan-mitchell,G,,,35:17,35.28333333333333,3,12,0.25,2,9,0.222,2,2,1.0,0,2,2,7,3,0,3,3,10,15.0,0022500456,Donovan Mitchell,donovan mitchell,,,2025-12-29,3,0.28341993386868214,0.0,0.05668398677373642,0.19839395370807747,0.08502598016060463,6.0,6.0,8.0,2.0,1.0,3.0,1.0,1.0,5.0,0,0.0,0,0.0018,18.5,10272.071071626875,18.4667,0.08502598016060463,1.0,6.0,0.13502894
0022500456,1610612739,Cleveland,Cavaliers,CLE,cavaliers,1642281,Jaylon,Tyson,J. Tyson,jaylon-tyson,,,,21:31,21.516666666666666,4,8,0.5,3,4,0.75,0,0,0.0,2,1,3,2,3,0,1,4,11,5.0,0022500456,Jaylon Tyson,jaylon tyson,,,2025-12-29,3,0.5112316034082107,0.09295120061967467,0.139426800929512,0.09295120061967467,0.2323780015491867,4.0,2.0,7.0,4.0,1.0,3.0,6.0,8.0,2.0,0,0.0,0,0.00167,14.6,8737.283064033512,14.575618,0.139426800929512,1.0,2.0,0.77881
0022500456,1610612739,Cleveland,Cavaliers,CLE,cavaliers,1630241,Sam,Merrill,S. Merrill,sam-merrill,,,,25:50,25.833333333333332,1,6,0.167,1,6,0.167,2,2,1.0,0,0,0,1,1,0,1,2,5,-4.0,0022500456,Sam Merrill,sam merrill,,,2025-12-29,1,0.19354838709677422,0.0,0.0,0.03870967741935484,0.03870967741935484,9.0,6.0,9.0,7.0,5.0,3.0,9.0,5.0,1.0,0,0.0,0,0.00121,-1.9,-1568.951279933939,-1.8977009999999999,0.03870967741935484,6.0,7.0,0.009856964
0022500456,1610612739,Cleveland,Cavaliers,CLE,cavaliers,1629631,De'Andre,Hunter,D. Hunter,deandre-hunter,,,,24:00,24.0,4,9,0.444,2,5,0.4,1,1,1.0,1,8,9,2,2,0,1,3,11,14.0,0022500456,De'Andre Hunter,de'andre hunter,,,2025-12-29,2,0.4583333333333333,0.041666666666666664,0.375,0.08333333333333333,0.125,4.0,5.0,2.0,4.0,3.0,3.0,2.0,7.0,2.0,0,0.0,0,0.00164,25.9,15783.059110298598,25.857523999999998,0.08333333333333333,4.0,5.0,0.7621519
0022500456,1610612739,Cleveland,Cavaliers,CLE,cavaliers,1641854,Craig,Porter Jr.,C. Porter Jr.,craig-porter-jr,,,,15:17,15.283333333333333,0,2,0.0,0,1,0.0,2,2,1.0,3,3,6,4,0,1,0,1,2,12.0,0022500456,Craig Porter Jr.,craig porter jr,,,2025-12-29,1,0.13086150490730644,0.19629225736095965,0.3925845147219193,0.2617230098146129,0.2617230098146129,10.0,1.0,4.0,3.0,7.0,2.0,3.0,9.0,0.0,0,0.0,0,0.00075,36.4,48468.708388814906,36.372699999999995,0.06543075245365322,6.0,1.0,0.19324139
0022500456,1610612739,Cleveland,Cavaliers,CLE,cavaliers,1641772,Nae'Qwan,Tomlin,N. Tomlin,naeqwan-tomlin,,,,5:21,5.35,2,5,0.4,2,4,0.5,0,0,0.0,0,0,0,0,0,0,0,0,6,1.0,0022500456,Nae'Qwan Tomlin,nae'qwan tomlin,,,2025-12-29,0,1.1214953271028039,0.0,0.0,0.0,0.0,8.0,6.0,9.0,8.0,7.0,3.0,8.0,10.0,1.0,0,0.0,0,0.00385,9.1,2363.022591534666,9.064964999999999,0.0,9.0,9.0,0.064035304
0022500465,1610612739,Cleveland,Cavaliers,CLE,cavaliers,1629731,Dean,Wade,D. Wade,dean-wade,F,,,23:24,23.4,2,5,0.4,1,3,0.333,0,0,0.0,1,4,5,2,2,0,0,0,5,4.0,0022500465,Dean Wade,dean wade,,,2025-12-31,2,0.2136752136752137,0.042735042735042736,0.2136752136752137,0.08547008547008547,0.12820512820512822,7.0,5.0,5.0,6.0,1.0,5.0,8.0,7.0,1.0,0,0.0,0,0.00089,12.6,14141.414141414141,12.588786,0.08547008547008547,3.0,6.0,0.033390924
0022500465,1610612739,Cleveland,Cavaliers,CLE,cavaliers,1630596,Evan,Mobley,E. Mobley,evan-mobley,F,,,28:40,28.666666666666668,7,10,0.7,0,1,0.0,2,3,0.667,2,8,10,5,1,5,2,3,16,15.0,0022500465,Evan Mobley,evan mobley,,,2025-12-31,6,0.5581395348837209,0.06976744186046512,0.3488372093023256,0.1744186046511628,0.27906976744186046,4.0,3.0,2.0,3.0,3.0,1.0,3.0,4.0,2.0,0,0.0,0,0.00181,21.8,12037.5483158476,21.760542,0.20930232558139533,1.0,1.0,0.901517
0022500465,1610612739,Cleveland,Cavaliers,CLE,cavaliers,1628386,Jarrett,Allen,J. Allen,jarrett-allen,C,,,26:36,26.6,7,12,0.583,0,0,0.0,2,2,1.0,3,8,11,3,0,0,2,0,16,18.0,0022500465,Jarrett Allen,jarrett allen,,,2025-12-31,0,0.6015037593984962,0.11278195488721804,0.41353383458646614,0.11278195488721804,0.11278195488721804,4.0,2.0,1.0,4.0,6.0,5.0,1.0,6.0,0.0,0,0.0,0,0.00221,32.3,14608.774310266845,32.22861699999999,0.0,7.0,7.0,0.83106095
0022500465,1610612739,Cleveland,Cavaliers,CLE,cavaliers,1628378,Donovan,Mitchell,D. Mitchell,donovan-mitchell,G,,,29:52,29.866666666666667,10,18,0.556,4,7,0.571,10,12,0.833,2,8,10,7,2,1,4,4,34,17.0,0022500465,Donovan Mitchell,donovan mitchell,,,2025-12-31,3,1.1383928571428572,0.06696428571428571,0.33482142857142855,0.234375,0.16741071428571427,1.0,3.0,2.0,1.0,1.0,3.0,2.0,2.0,3.0,0,0.0,0,0.0032500000000000003,26.1,8028.298984927714,26.015175000000003,0.10044642857142858,2.0,4.0,0.8270798
0022500465,1610612739,Cleveland,Cavaliers,CLE,cavaliers,1629636,Darius,Garland,D. Garland,darius-garland,G,,,28:59,28.983333333333334,7,13,0.538,2,7,0.286,3,3,1.0,0,1,1,6,1,0,3,1,19,15.0,0022500465,Darius Garland,darius garland,,,2025-12-31,1,0.6555491661874641,0.0,0.034502587694077054,0.20701552616446234,0.034502587694077054,2.0,8.0,8.0,2.0,3.0,5.0,3.0,3.0,1.0,0,0.0,0,0.0023599999999999997,25.2,10673.443456162644,25.140528,0.034502587694077054,6.0,8.0,0.7590986
0022500465,1610612739,Cleveland,Cavaliers,CLE,cavaliers,1630241,Sam,Merrill,S. Merrill,sam-merrill,,,,22:47,22.783333333333335,6,14,0.429,4,9,0.444,0,0,0.0,0,1,1,1,0,0,2,4,16,14.0,0022500465,Sam Merrill,sam merrill,,,2025-12-31,0,0.7022677395757132,0.0,0.043891733723482075,0.043891733723482075,0.0,4.0,8.0,8.0,8.0,6.0,5.0,5.0,8.0,0.0,0,0.0,0,0.00291,29.1,9996.564754379939,29.015319,0.0,7.0,10.0,0.5802701
0022500465,1610612739,Cleveland,Cavaliers,CLE,cavaliers,1642281,Jaylon,Tyson,J. Tyson,jaylon-tyson,,,,31:13,31.216666666666665,7,16,0.438,3,6,0.5,1,2,0.5,1,1,2,3,0,0,1,2,18,12.0,0022500465,Jaylon Tyson,jaylon tyson,,,2025-12-31,0,0.5766150560597971,0.03203416978109984,0.06406833956219968,0.09610250934329953,0.03203416978109984,3.0,5.0,7.0,4.0,6.0,5.0,6.0,1.0,2.0,0,0.0,0,0.00228,20.8,9118.807540552389,20.752576,0.0,7.0,9.0,0.62674695
0022500465,1610612739,Cleveland,Cavaliers,CLE,cavaliers,1641854,Craig,Porter Jr.,C. Porter Jr.,craig-porter-jr,,,,28:32,28.533333333333335,1,3,0.333,0,2,0.0,0,0,0.0,4,5,9,2,1,1,0,2,2,8.0,0022500465,Craig Porter Jr.,craig porter jr,,,2025-12-31,2,0.07009345794392523,0.14018691588785046,0.31542056074766356,0.07009345794392523,0.2102803738317757,9.0,1.0,4.0,6.0,3.0,3.0,7.0,5.0,3.0,0,0.0,0,0.00042,14.9,35391.923990498806,14.893742000000001,0.07009345794392523,3.0,3.0,0.12928203
0022500465,1610612739,Cleveland,Cavaliers,CLE,cavaliers,1641772,Nae'Qwan,Tomlin,N. Tomlin,naeqwan-tomlin,,,,12:36,12.6,0,1,0.0,0,0,0.0,0,0,0.0,0,4,4,1,0,2,0,1,0,-7.0,0022500465,Nae'Qwan Tomlin,nae'qwan tomlin,,,2025-12-31,2,0.0,0.0,0.31746031746031744,0.07936507936507936,0.15873015873015872,10.0,8.0,6.0,8.0,6.0,2.0,9.0,9.0,0.0,0,0.0,0,0.00031,-17.5,-56270.096463022506,-17.494575,0.15873015873015872,3.0,5.0,0.011998517
0022500465,1610612739,Cleveland,Cavaliers,CLE,cavaliers,1642878,Tyrese,Proctor,T. Proctor,tyrese-proctor,,,,3:41,3.6833333333333336,0,2,0.0,0,1,0.0,0,0,0.0,1,0,1,1,0,0,0,0,0,-8.0,0022500465,Tyrese Proctor,tyrese proctor,,,2025-12-31,0,0.0,0.27149321266968324,0.27149321266968324,0.27149321266968324,0.27149321266968324,10.0,5.0,8.0,8.0,6.0,5.0,10.0,10.0,,1,,1,0.00222,-92.9,-41828.005402971634,-92.693762,0.0,7.0,2.0,0.0027720528
0022500465,1610612739,Cleveland,Cavaliers,CLE,cavaliers,1628418,Thomas,Bryant,T. Bryant,thomas-bryant,,,,3:40,3.6666666666666665,1,2,0.5,1,2,0.5,0,0,0.0,0,0,0,0,0,0,0,0,3,-8.0,0022500465,Thomas Bryant,thomas bryant,,,2025-12-31,0,0.8181818181818182,0.0,0.0,0.0,0.0,8.0,8.0,11.0,11.0,6.0,5.0,10.0,11.0,0.0,0,0.0,0,0.00222,-92.9,-41828.005402971634,-92.693762,0.0,7.0,10.0,0.008969944
0022500478,1610612739,Cleveland,Cavaliers,CLE,cavaliers,1642281,Jaylon,Tyson,J. Tyson,jaylon-tyson,F,,,23:46,23.766666666666666,3,8,0.375,1,4,0.25,1,2,0.5,1,4,5,1,0,0,1,2,8,-8.0,0022500478,Jaylon Tyson,jaylon tyson,,,2026-01-02,0,0.33660589060308554,0.04207573632538569,0.2103786816269285,0.04207573632538569,0.04207573632538569,5.0,5.0,5.0,8.0,6.0,6.0,9.0,6.0,1.0,0,0.0,0,0.00169,-11.4,-6741.573033707866,-11.380734,0.0,7.0,7.0,0.04489002
0022500478,1610612739,Cleveland,Cavaliers,CLE,cavaliers,1630596,Evan,Mobley,E. Mobley,evan-mobley,F,,,32:17,32.28333333333333,4,10,0.4,0,2,0.0,0,5,0.0,5,6,11,4,1,3,0,2,8,-9.0,0022500478,Evan Mobley,evan mobley,,,2026-01-02,4,0.24780588538977802,0.15487867836861127,0.3407330924109448,0.12390294269488901,0.2787816210635003,5.0,1.0,2.0,4.0,2.0,1.0,10.0,2.0,2.0,0,0.0,0,0.00156,-10.1,-6470.211402946829,-10.084244,0.12390294269488901,1.0,1.0,0.5275359
0022500478,1610612739,Cleveland,Cavaliers,CLE,cavaliers,1628386,Jarrett,Allen,J. Allen,jarrett-allen,C,,,29:48,29.8,3,5,0.6,0,0,0.0,2,2,1.0,0,12,12,3,1,1,2,1,8,12.0,0022500478,Jarrett Allen,jarrett allen,,,2026-01-02,2,0.2684563758389262,0.0,0.40268456375838924,0.10067114093959731,0.06711409395973154,5.0,7.0,1.0,6.0,2.0,3.0,1.0,4.0,3.0,0,0.0,0,0.0011,17.8,16167.120799273389,17.78042,0.06711409395973154,3.0,6.0,0.26324853
0022500478,1610612739,Cleveland,Cavaliers,CLE,cavaliers,1628378,Donovan,Mitchell,D. Mitchell,donovan-mitchell,G,,,35:07,35.11666666666667,14,24,0.583,5,12,0.417,0,2,0.0,3,3,6,5,1,0,4,3,33,10.0,0022500478,Donovan Mitchell,donovan mitchell,,,2026-01-02,1,0.9397247271001423,0.0854295206454675,0.170859041290935,0.14238253440911247,0.11390602752728998,1.0,2.0,3.0,2.0,2.0,6.0,3.0,1.0,3.0,0,0.0,0,0.00329,12.2,3707.0799149194772,12.159861999999999,0.028476506881822496,6.0,5.0,0.8327734
0022500478,1610612739,Cleveland,Cavaliers,CLE,cavaliers,1629636,Darius,Garland,D. Garland,darius-garland,G,,,32:09,32.15,6,12,0.5,4,8,0.5,2,2,1.0,0,2,2,8,0,0,6,3,18,-1.0,0022500478,Darius Garland,darius garland,,,2026-01-02,0,0.5598755832037325,0.0,0.06220839813374806,0.24883359253499224,0.0,2.0,7.0,9.0,1.0,6.0,6.0,7.0,3.0,2.0,0,0.0,0,0.00247,-1.5,-607.0416835289357,-1.496295,0.0,7.0,9.0,0.7462662
0022500478,1610612739,Cleveland,Cavaliers,CLE,cavaliers,1629631,De'Andre,Hunter,D. Hunter,deandre-hunter,,,,25:36,25.6,5,12,0.417,2,7,0.286,4,4,1.0,1,4,5,4,0,0,0,4,16,1.0,0022500478,De'Andre Hunter,de'andre hunter,,,2026-01-02,0,0.625,0.0390625,0.1953125,0.15625,0.0390625,3.0,5.0,5.0,4.0,6.0,6.0,6.0,5.0,0.0,0,0.0,0,0.00246,10.9,4429.093864282812,10.873186,0.0,7.0,8.0,0.6660208
0022500478,1610612739,Cleveland,Cavaliers,CLE,cavaliers,1641854,Craig,Porter Jr.,C. Porter Jr.,craig-porter-jr,,,,23:12,23.2,4,7,0.571,2,2,1.0,0,0,0.0,2,3,5,5,2,1,2,2,10,6.0,0022500478,Craig Porter Jr.,craig porter jr,,,2026-01-02,3,0.4310344827586207,0.08620689655172414,0.21551724137931036,0.21551724137931036,0.21551724137931036,4.0,3.0,5.0,2.0,1.0,3.0,4.0,7.0,2.0,0,0.0,0,0.00167,16.1,9634.949132256135,16.073113000000003,0.12931034482758622,2.0,2.0,0.72177535
0022500478,1610612739,Cleveland,Cavaliers,CLE,cavaliers,1641772,Nae'Qwan,Tomlin,N. Tomlin,naeqwan-tomlin,,,,18:39,18.65,2,5,0.4,0,1,0.0,2,2,1.0,2,4,6,0,1,1,1,1,6,6.0,0022500478,Nae'Qwan Tomlin,nae'qwan tomlin,,,2026-01-02,2,0.32171581769437,0.10723860589812333,0.32171581769437,0.0,0.21447721179624665,8.0,3.0,3.0,9.0,2.0,3.0,4.0,8.0,2.0,0,0.0,0,0.00167,18.4,11011.370436864152,18.369272,0.10723860589812333,3.0,3.0,0.16655365
0022500478,1610612739,Cleveland,Cavaliers,CLE,cavaliers,1628366,Lonzo,Ball,L. Ball,lonzo-ball,,,,14:46,14.766666666666667,2,3,0.667,2,3,0.667,0,0,0.0,0,3,3,2,0,2,0,0,6,11.0,0022500478,Lonzo Ball,lonzo ball,,,2026-01-02,2,0.4063205417607223,0.0,0.20316027088036115,0.13544018058690743,0.13544018058690743,8.0,7.0,8.0,7.0,6.0,2.0,2.0,9.0,0.0,0,0.0,0,0.00094,40.8,43358.129649309245,40.761647999999994,0.13544018058690743,3.0,4.0,0.45788184
0022500478,1610612739,Cleveland,Cavaliers,CLE,cavaliers,1642878,Tyrese,Proctor,T. Proctor,tyrese-proctor,,,,4:40,4.666666666666667,0,0,0.0,0,0,0.0,0,0,0.0,0,0,0,0,0,0,0,0,0,-3.0,0022500478,Tyrese Proctor,tyrese proctor,,,2026-01-02,0,0.0,0.0,0.0,0.0,0.0,10.0,7.0,10.0,9.0,6.0,6.0,8.0,10.0,,1,,1,0.0,-64.3,-64300000.0,-64.3,0.0,7.0,9.0,0.0028491996
0022500494,1610612739,Cleveland,Cavaliers,CLE,cavaliers,1630241,Sam,Merrill,S. Merrill,sam-merrill,F,,,27:15,27.25,5,8,0.625,5,7,0.714,0,0,0.0,1,2,3,2,1,0,2,6,15,0.0,0022500494,Sam Merrill,sam merrill,,,2026-01-04,1,0.5504587155963303,0.03669724770642202,0.11009174311926606,0.07339449541284404,0.07339449541284404,3.0,4.0,8.0,5.0,3.0,6.0,5.0,4.0,0.0,0,0.0,0,0.00154,0.0,0.0,0.0,0.03669724770642202,7.0,8.0,0.8564726
0022500494,1610612739,Cleveland,Cavaliers,CLE,cavaliers,1642281,Jaylon,Tyson,J. Tyson,jaylon-tyson,F,,,25:16,25.266666666666666,2,9,0.222,1,5,0.2,1,2,0.5,4,3,7,3,1,2,2,1,6,-12.0,0022500494,Jaylon Tyson,jaylon tyson,,,2026-01-04,3,0.237467018469657,0.158311345646438,0.2770448548812665,0.1187335092348285,0.2770448548812665,7.0,1.0,1.0,3.0,3.0,2.0,8.0,5.0,2.0,0,0.0,0,0.002,-20.4,-10194.902548725635,-20.359199999999998,0.1187335092348285,2.0,1.0,0.110043034
0022500494,1610612739,Cleveland,Cavaliers,CLE,cavaliers,1630596,Evan,Mobley,E. Mobley,evan-mobley,C,,,32:45,32.75,5,9,0.556,2,3,0.667,3,3,1.0,1,3,4,5,1,4,2,2,15,8.0,0022500494,Evan Mobley,evan mobley,,,2026-01-04,5,0.4580152671755725,0.030534351145038167,0.12213740458015267,0.15267175572519084,0.183206106870229,3.0,4.0,5.0,2.0,3.0,1.0,2.0,2.0,1.0,0,0.0,0,0.0016200000000000001,13.5,8328.192473781615,13.47813,0.15267175572519084,1.0,4.0,0.8843916
0022500494,1610612739,Cleveland,Cavaliers,CLE,cavaliers,1628378,Donovan,Mitchell,D. Mitchell,donovan-mitchell,G,,,33:05,33.083333333333336,10,21,0.476,3,10,0.3,7,9,0.778,0,6,6,3,3,0,2,2,30,10.0,0022500494,Donovan Mitchell,donovan mitchell,,,2026-01-04,3,0.906801007556675,0.0,0.181360201511335,0.0906801007556675,0.0906801007556675,1.0,7.0,2.0,3.0,1.0,6.0,1.0,1.0,3.0,0,0.0,0,0.0035499999999999998,13.2,3717.262742889327,13.153139999999999,0.0906801007556675,2.0,7.0,0.7547195
0022500494,1610612739,Cleveland,Cavaliers,CLE,cavaliers,1629636,Darius,Garland,D. Garland,darius-garland,G,,,32:08,32.13333333333333,7,15,0.467,0,7,0.0,2,2,1.0,0,2,2,6,1,0,2,3,16,-1.0,0022500494,Darius Garland,darius garland,,,2026-01-04,1,0.4979253112033195,0.0,0.06224066390041494,0.18672199170124482,0.03112033195020747,2.0,7.0,9.0,1.0,3.0,6.0,6.0,3.0,1.0,0,0.0,0,0.0023699999999999997,1.9,801.3496415014762,1.895497,0.03112033195020747,7.0,9.0,0.5526756
0022500494,1610612739,Cleveland,Cavaliers,CLE,cavaliers,1629631,De'Andre,Hunter,D. Hunter,deandre-hunter,,,,24:06,24.1,3,8,0.375,2,5,0.4,6,6,1.0,0,6,6,0,0,0,3,1,14,8.0,0022500494,De'Andre Hunter,de'andre hunter,,,2026-01-04,0,0.5809128630705394,0.0,0.24896265560165973,0.0,0.0,5.0,7.0,2.0,9.0,9.0,6.0,2.0,6.0,1.0,0,0.0,0,0.0025,13.8,5517.792882846861,13.765500000000001,0.0,10.0,10.0,0.239565
0022500494,1610612739,Cleveland,Cavaliers,CLE,cavaliers,1628418,Thomas,Bryant,T. Bryant,thomas-bryant,,,,15:15,15.25,1,2,0.5,1,2,0.5,4,4,1.0,2,2,4,1,1,1,1,1,7,-12.0,0022500494,Thomas Bryant,thomas bryant,,,2026-01-04,2,0.45901639344262296,0.13114754098360656,0.26229508196721313,0.06557377049180328,0.26229508196721313,6.0,2.0,5.0,7.0,3.0,4.0,8.0,9.0,1.0,0,0.0,0,0.00122,-33.3,-27272.727272727272,-33.259373999999994,0.13114754098360656,5.0,2.0,0.06424459
0022500494,1610612739,Cleveland,Cavaliers,CLE,cavaliers,1641854,Craig,Porter Jr.,C. Porter Jr.,craig-porter-jr,,,,22:32,22.533333333333335,1,3,0.333,0,1,0.0,0,0,0.0,2,4,6,1,2,1,1,0,2,1.0,0022500494,Craig Porter Jr.,craig porter jr,,,2026-01-04,3,0.08875739644970414,0.08875739644970414,0.2662721893491124,0.04437869822485207,0.22189349112426035,9.0,2.0,2.0,7.0,2.0,4.0,4.0,7.0,3.0,0,0.0,0,0.00075,2.1,2796.271637816245,2.098425,0.1331360946745562,2.0,3.0,0.11346193
0022500494,1610612739,Cleveland,Cavaliers,CLE,cavaliers,1641772,Nae'Qwan,Tomlin,N. Tomlin,naeqwan-tomlin,,,,17:59,17.983333333333334,1,4,0.25,0,1,0.0,3,4,0.75,1,3,4,0,0,2,0,2,5,-4.0,0022500494,Nae'Qwan Tomlin,nae'qwan tomlin,,,2026-01-04,2,0.27803521779425394,0.05560704355885079,0.22242817423540315,0.0,0.16682113067655235,8.0,4.0,5.0,9.0,9.0,2.0,7.0,8.0,1.0,0,0.0,0,0.0014000000000000002,-10.5,-7494.646680942184,-10.4853,0.11121408711770157,5.0,5.0,0.02426473
0022500494,1610612739,Cleveland,Cavaliers,CLE,cavaliers,1628366,Lonzo,Ball,L. Ball,lonzo-ball,,,,9:40,9.666666666666666,0,1,0.0,0,1,0.0,0,0,0.0,0,2,2,2,1,0,2,0,0,-18.0,0022500494,Lonzo Ball,lonzo ball,,,2026-01-04,1,0.0,0.0,0.20689655172413796,0.20689655172413796,0.10344827586206898,10.0,7.0,9.0,5.0,3.0,6.0,10.0,10.0,2.0,0,0.0,0,0.0010299999999999999,-75.1,-72841.90106692532,-75.02264699999999,0.10344827586206898,7.0,6.0,0.0041054273
0022500510,1610612739,Cleveland,Cavaliers,CLE,cavaliers,1629731,Dean,Wade,D. Wade,dean-wade,F,,,8:25,8.416666666666666,1,2,0.5,1,2,0.5,0,0,0.0,0,1,1,0,0,0,1,0,3,-2.0,0022500510,Dean Wade,dean wade,,,2026-01-06,0,0.3564356435643565,0.0,0.11881188118811882,0.0,0.0,8.0,7.0,9.0,9.0,5.0,4.0,8.0,9.0,0.0,0,0.0,0,0.00158,-11.1,-7020.872865275142,-11.082462,0.0,6.0,8.0,0.008914505
0022500510,1610612739,Cleveland,Cavaliers,CLE,cavaliers,1630596,Evan,Mobley,E. Mobley,evan-mobley,F,,,35:36,35.6,8,16,0.5,0,3,0.0,4,4,1.0,1,5,6,5,2,2,4,4,20,-1.0,0022500510,Evan Mobley,evan mobley,,,2026-01-06,4,0.5617977528089887,0.028089887640449437,0.16853932584269662,0.14044943820224717,0.14044943820224717,2.0,4.0,4.0,3.0,1.0,2.0,7.0,1.0,2.0,0,0.0,0,0.00244,1.5,614.5022531749283,1.49634,0.11235955056179775,2.0,3.0,0.66254973
0022500510,1610612739,Cleveland,Cavaliers,CLE,cavaliers,1628386,Jarrett,Allen,J. Allen,jarrett-allen,C,,,33:39,33.65,8,13,0.615,0,1,0.0,3,6,0.5,3,9,12,4,2,0,2,3,19,3.0,0022500510,Jarrett Allen,jarrett allen,,,2026-01-06,2,0.5646359583952452,0.08915304606240713,0.35661218424962854,0.11887072808320952,0.1485884101040119,3.0,1.0,1.0,4.0,1.0,4.0,4.0,2.0,5.0,0,0.0,0,0.0022500000000000003,7.3,3243.003109729009,7.283575,0.05943536404160476,3.0,2.0,0.7891348
0022500510,1610612739,Cleveland,Cavaliers,CLE,cavaliers,1630241,Sam,Merrill,S. Merrill,sam-merrill,G,,,31:26,31.433333333333334,6,12,0.5,6,10,0.6,1,2,0.5,1,3,4,2,0,0,1,2,19,5.0,0022500510,Sam Merrill,sam merrill,,,2026-01-06,0,0.6044538706256628,0.031813361611876985,0.12725344644750794,0.06362672322375397,0.031813361611876985,3.0,4.0,5.0,6.0,5.0,4.0,3.0,4.0,1.0,0,0.0,0,0.00184,10.3,5594.7854426941885,10.281048000000002,0.0,6.0,7.0,0.812646
0022500510,1610612739,Cleveland,Cavaliers,CLE,cavaliers,1629636,Darius,Garland,D. Garland,darius-garland,G,,,32:58,32.96666666666667,14,23,0.609,1,4,0.25,0,0,0.0,0,2,2,6,0,0,0,2,29,1.0,0022500510,Darius Garland,darius garland,,,2026-01-06,0,0.8796764408493427,0.0,0.06066734074823053,0.18200202224469159,0.0,1.0,7.0,7.0,2.0,5.0,4.0,6.0,3.0,2.0,0,0.0,0,0.00291,3.0,1030.5736860185502,2.99127,0.0,6.0,8.0,0.8178883
0022500510,1610612739,Cleveland,Cavaliers,CLE,cavaliers,1629631,De'Andre,Hunter,D. Hunter,deandre-hunter,,,,21:45,21.75,5,9,0.556,0,1,0.0,2,2,1.0,2,7,9,2,0,0,5,4,12,2.0,0022500510,De'Andre Hunter,de'andre hunter,,,2026-01-06,0,0.5517241379310345,0.09195402298850575,0.41379310344827586,0.09195402298850575,0.09195402298850575,5.0,2.0,2.0,6.0,5.0,4.0,5.0,7.0,1.0,0,0.0,0,0.0028799999999999997,1.9,659.4932315168344,1.894528,0.0,6.0,5.0,0.5728474
0022500510,1610612739,Cleveland,Cavaliers,CLE,cavaliers,1642281,Jaylon,Tyson,J. Tyson,jaylon-tyson,,,,27:29,27.483333333333334,1,2,0.5,0,0,0.0,1,2,0.5,0,2,2,4,1,0,1,2,3,-5.0,0022500510,Jaylon Tyson,jaylon tyson,,,2026-01-06,1,0.1091570648878108,0.0,0.07277137659187385,0.1455427531837477,0.03638568829593693,8.0,7.0,7.0,4.0,4.0,4.0,9.0,6.0,1.0,0,0.0,0,0.00061,-8.3,-13584.28805237316,-8.294937000000001,0.03638568829593693,4.0,6.0,0.014199439
0022500510,1610612739,Cleveland,Cavaliers,CLE,cavaliers,1641854,Craig,Porter Jr.,C. Porter Jr.,craig-porter-jr,,,,27:58,27.966666666666665,3,6,0.5,1,2,0.5,1,2,0.5,2,7,9,9,2,3,4,4,8,7.0,0022500510,Craig Porter Jr.,craig porter jr,,,2026-01-06,5,0.2860548271752086,0.07151370679380215,0.3218116805721097,0.3218116805721097,0.25029797377830754,6.0,2.0,2.0,1.0,1.0,1.0,2.0,5.0,3.0,0,0.0,0,0.00151,9.2,6088.682991396426,9.186107999999999,0.17878426698450536,1.0,1.0,0.66268873
0022500510,1610612739,Cleveland,Cavaliers,CLE,cavaliers,1641772,Nae'Qwan,Tomlin,N. Tomlin,naeqwan-tomlin,,,,20:44,20.733333333333334,3,5,0.6,1,3,0.333,0,0,0.0,1,2,3,1,0,1,1,2,7,10.0,0022500510,Nae'Qwan Tomlin,nae'qwan tomlin,,,2026-01-06,1,0.337620578778135,0.04823151125401929,0.14469453376205788,0.04823151125401929,0.09646302250803858,7.0,4.0,6.0,8.0,5.0,3.0,1.0,8.0,2.0,0,0.0,0,0.00113,24.5,21662.24580017684,24.472315000000002,0.04823151125401929,4.0,4.0,0.26488382
0022500530,1610612739,Cleveland,Cavaliers,CLE,cavaliers,1628378,Donovan,Mitchell,D. Mitchell,donovan-mitchell,F,,,36:50,36.833333333333336,10,20,0.5,2,8,0.25,8,9,0.889,1,6,7,8,1,0,4,4,30,4.0,0022500530,Donovan Mitchell,donovan mitchell,,,2026-01-08,1,0.8144796380090498,0.027149321266968323,0.19004524886877827,0.21719457013574658,0.054298642533936646,1.0,4.0,2.0,1.0,4.0,3.0,4.0,2.0,4.0,0,0.0,0,0.00322,5.0,1552.312946289972,4.9839,0.027149321266968323,4.0,8.0,0.79575896
0022500530,1610612739,Cleveland,Cavaliers,CLE,cavaliers,1630596,Evan,Mobley,E. Mobley,evan-mobley,F,,,37:31,37.516666666666666,8,11,0.727,3,5,0.6,0,1,0.0,0,4,4,3,0,1,3,4,19,2.0,0022500530,Evan Mobley,evan mobley,,,2026-01-08,1,0.5064415815193247,0.0,0.10661928031985785,0.07996446023989338,0.02665482007996446,3.0,7.0,5.0,4.0,7.0,1.0,5.0,1.0,3.0,0,0.0,0,0.00159,3.9,2451.2884978001257,3.893799,0.02665482007996446,4.0,9.0,0.6162629
0022500530,1610612739,Cleveland,Cavaliers,CLE,cavaliers,1628386,Jarrett,Allen,J. Allen,jarrett-allen,C,,,29:57,29.95,5,9,0.556,0,0,0.0,1,2,0.5,2,8,10,1,2,0,0,1,11,-29.0,0022500530,Jarrett Allen,jarrett allen,,,2026-01-08,2,0.36727879799666113,0.0667779632721202,0.333889816360601,0.0333889816360601,0.1335559265442404,6.0,1.0,1.0,7.0,1.0,3.0,9.0,5.0,2.0,0,0.0,0,0.00135,-44.8,-33160.62176165803,-44.73952,0.0667779632721202,1.0,2.0,0.40978336
0022500530,1610612739,Cleveland,Cavaliers,CLE,cavaliers,1641854,Craig,Porter Jr.,C. Porter Jr.,craig-porter-jr,G,,,14:57,14.95,2,5,0.4,0,1,0.0,0,0,0.0,0,1,1,2,0,1,0,0,4,-17.0,0022500530,Craig Porter Jr.,craig porter jr,,,2026-01-08,1,0.26755852842809363,0.0,0.06688963210702341,0.13377926421404682,0.06688963210702341,7.0,7.0,7.0,6.0,7.0,1.0,7.0,8.0,1.0,0,0.0,0,0.0015199999999999999,-49.9,-32807.36357659435,-49.824152,0.06688963210702341,4.0,6.0,0.024678703
0022500530,1610612739,Cleveland,Cavaliers,CLE,cavaliers,1629636,Darius,Garland,D. Garland,darius-garland,G,,,36:33,36.55,7,16,0.438,1,4,0.25,1,4,0.25,0,1,1,8,2,0,2,1,16,-24.0,0022500530,Darius Garland,darius garland,,,2026-01-08,2,0.43775649794801647,0.0,0.02735978112175103,0.21887824897400823,0.05471956224350206,4.0,7.0,7.0,1.0,1.0,3.0,8.0,3.0,3.0,0,0.0,0,0.00222,-30.5,-13732.552904097252,-30.43229,0.05471956224350206,1.0,7.0,0.3338302
0022500530,1610612739,Cleveland,Cavaliers,CLE,cavaliers,1629631,De'Andre,Hunter,D. Hunter,deandre-hunter,,,,27:08,27.133333333333333,6,11,0.545,0,3,0.0,2,2,1.0,1,6,7,4,2,0,2,2,14,13.0,0022500530,De'Andre Hunter,de'andre hunter,,,2026-01-08,2,0.515970515970516,0.036855036855036855,0.257985257985258,0.14742014742014742,0.11056511056511056,5.0,4.0,2.0,3.0,1.0,3.0,1.0,6.0,2.0,0,0.0,0,0.00215,25.2,11715.481171548116,25.14582,0.07371007371007371,1.0,4.0,0.81061375
0022500530,1610612739,Cleveland,Cavaliers,CLE,cavaliers,1642281,Jaylon,Tyson,J. Tyson,jaylon-tyson,,,,18:20,18.333333333333332,2,5,0.4,0,1,0.0,0,0,0.0,2,3,5,1,1,0,1,1,4,-5.0,0022500530,Jaylon Tyson,jaylon tyson,,,2026-01-08,1,0.2181818181818182,0.1090909090909091,0.27272727272727276,0.05454545454545455,0.16363636363636364,7.0,1.0,4.0,7.0,4.0,3.0,6.0,7.0,3.0,0,0.0,0,0.00133,-6.3,-4733.28324567994,-6.291620999999999,0.05454545454545455,4.0,1.0,0.052232306
0022500530,1610612739,Cleveland,Cavaliers,CLE,cavaliers,1630241,Sam,Merrill,S. Merrill,sam-merrill,,,,30:48,30.8,7,13,0.538,5,11,0.455,3,3,1.0,2,0,2,3,1,0,0,3,22,6.0,0022500530,Sam Merrill,sam merrill,,,2026-01-08,1,0.7142857142857143,0.06493506493506493,0.06493506493506493,0.09740259740259741,0.09740259740259741,2.0,1.0,6.0,4.0,4.0,3.0,2.0,4.0,2.0,0,0.0,0,0.00184,10.4,5649.103747963064,10.380864,0.032467532467532464,4.0,5.0,0.9096444
0022500530,1610612739,Cleveland,Cavaliers,CLE,cavaliers,1641772,Nae'Qwan,Tomlin,N. Tomlin,naeqwan-tomlin,,,,7:56,7.933333333333334,1,1,1.0,0,0,0.0,0,0,0.0,1,0,1,1,0,0,0,1,2,5.0,0022500530,Nae'Qwan Tomlin,nae'qwan tomlin,,,2026-01-08,0,0.25210084033613445,0.12605042016806722,0.12605042016806722,0.12605042016806722,0.12605042016806722,9.0,4.0,7.0,7.0,7.0,3.0,3.0,9.0,0.0,0,0.0,0,0.0005,33.3,66467.06586826347,33.28335,0.0,9.0,3.0,0.029514339
0022500542,1610612739,Cleveland,Cavaliers,CLE,cavaliers,1630241,Sam,Merrill,S. Merrill,sam-merrill,F,,,25:30,25.5,5,7,0.714,5,6,0.833,5,5,1.0,0,2,2,1,3,0,2,2,20,20.0,0022500542,Sam Merrill,sam merrill,,,2026-01-10,3,0.7843137254901961,0.0,0.0784313725490196,0.0392156862745098,0.11764705882352941,5.0,4.0,5.0,9.0,1.0,3.0,3.0,7.0,3.0,0,0.0,0,0.0019,41.4,21778.01157285639,41.32134,0.11764705882352941,1.0,5.0,0.82176244
0022500542,1610612739,Cleveland,Cavaliers,CLE,cavaliers,1630596,Evan,Mobley,E. Mobley,evan-mobley,F,,,31:33,31.55,11,16,0.688,0,3,0.0,2,4,0.5,1,3,4,3,2,0,1,1,24,0.0,0022500542,Evan Mobley,evan mobley,,,2026-01-10,2,0.7606973058637084,0.03169572107765452,0.12678288431061807,0.09508716323296355,0.09508716323296355,2.0,3.0,3.0,5.0,2.0,3.0,6.0,1.0,2.0,0,0.0,0,0.0025,1.7,679.7281087564974,1.69575,0.06339144215530904,2.0,6.0,0.82563525
0022500542,1610612739,Cleveland,Cavaliers,CLE,cavaliers,1628386,Jarrett,Allen,J. Allen,jarrett-allen,C,,,28:10,28.166666666666668,6,10,0.6,0,0,0.0,4,5,0.8,4,7,11,4,1,1,0,3,16,22.0,0022500542,Jarrett Allen,jarrett allen,,,2026-01-10,2,0.5680473372781065,0.14201183431952663,0.3905325443786982,0.14201183431952663,0.21301775147928992,6.0,1.0,1.0,4.0,4.0,1.0,1.0,4.0,3.0,0,0.0,0,0.00188,38.6,20520.999468367892,38.527432000000005,0.07100591715976332,2.0,2.0,0.88329345
0022500542,1610612739,Cleveland,Cavaliers,CLE,cavaliers,1628378,Donovan,Mitchell,D. Mitchell,donovan-mitchell,G,,,31:25,31.416666666666668,9,21,0.429,4,10,0.4,6,7,0.857,0,3,3,8,1,0,1,2,28,1.0,0022500542,Donovan Mitchell,donovan mitchell,,,2026-01-10,1,0.8912466843501325,0.0,0.09549071618037135,0.2546419098143236,0.03183023872679045,1.0,4.0,4.0,1.0,4.0,3.0,5.0,2.0,4.0,0,0.0,0,0.00329,1.4,425.402613187481,1.3953939999999998,0.03183023872679045,5.0,7.0,0.77651536
0022500542,1610612739,Cleveland,Cavaliers,CLE,cavaliers,1629636,Darius,Garland,D. Garland,darius-garland,G,,,28:43,28.716666666666665,10,13,0.769,1,3,0.333,1,1,1.0,0,0,0,6,0,0,0,2,22,21.0,0022500542,Darius Garland,darius garland,,,2026-01-10,0,0.7661056297156124,0.0,0.0,0.20893789901334883,0.0,4.0,4.0,9.0,3.0,7.0,3.0,2.0,3.0,1.0,0,0.0,0,0.00194,33.0,17001.545595054096,32.93598,0.0,8.0,8.0,0.8156729
0022500542,1610612739,Cleveland,Cavaliers,CLE,cavaliers,1629631,De'Andre,Hunter,D. Hunter,deandre-hunter,,,,21:06,21.1,1,5,0.2,0,2,0.0,2,2,1.0,0,2,2,2,0,0,0,1,4,-6.0,0022500542,De'Andre Hunter,de'andre hunter,,,2026-01-10,0,0.1895734597156398,0.0,0.0947867298578199,0.0947867298578199,0.0,7.0,4.0,5.0,6.0,7.0,3.0,11.0,8.0,0.0,0,0.0,0,0.0011799999999999998,-16.1,-13632.514817950892,-16.081002,0.0,8.0,8.0,0.012379469
0022500542,1610612739,Cleveland,Cavaliers,CLE,cavaliers,1642281,Jaylon,Tyson,J. Tyson,jaylon-tyson,,,,26:19,26.316666666666666,9,12,0.75,4,4,1.0,1,1,1.0,0,2,2,2,0,0,2,2,23,14.0,0022500542,Jaylon Tyson,jaylon tyson,,,2026-01-10,0,0.8739708676377455,0.0,0.0759974667511083,0.0759974667511083,0.0,3.0,4.0,5.0,6.0,7.0,3.0,4.0,5.0,1.0,0,0.0,0,0.00222,19.3,8689.77937865826,19.257154,0.0,8.0,8.0,0.8529309
0022500542,1610612739,Cleveland,Cavaliers,CLE,cavaliers,1641854,Craig,Porter Jr.,C. Porter Jr.,craig-porter-jr,,,,25:34,25.566666666666666,0,4,0.0,0,2,0.0,0,0,0.0,3,3,6,8,1,0,1,1,0,-5.0,0022500542,Craig Porter Jr.,craig porter jr,,,2026-01-10,1,0.0,0.11734028683181226,0.23468057366362452,0.31290743155149936,0.15645371577574968,11.0,2.0,2.0,1.0,4.0,3.0,10.0,6.0,2.0,0,0.0,0,0.0008100000000000001,-8.6,-10604.192355117139,-8.593034,0.03911342894393742,5.0,3.0,0.052295227
0022500542,1610612739,Cleveland,Cavaliers,CLE,cavaliers,1641772,Nae'Qwan,Tomlin,N. Tomlin,naeqwan-tomlin,,,,16:08,16.133333333333333,2,2,1.0,0,0,0.0,0,0,0.0,0,1,1,2,2,0,1,3,4,0.0,0022500542,Nae'Qwan Tomlin,nae'qwan tomlin,,,2026-01-10,2,0.24793388429752067,0.0,0.06198347107438017,0.12396694214876033,0.12396694214876033,7.0,4.0,8.0,6.0,2.0,3.0,6.0,9.0,1.0,0,0.0,0,0.00075,-4.0,-5326.231691078561,-3.997,0.12396694214876033,2.0,4.0,0.044538368
0022500542,1610612739,Cleveland,Cavaliers,CLE,cavaliers,1642878,Tyrese,Proctor,T. Proctor,tyrese-proctor,,,,2:50,2.8333333333333335,1,1,1.0,0,0,0.0,0,0,0.0,0,0,0,1,0,0,1,1,2,-4.0,0022500542,Tyrese Proctor,tyrese proctor,,,2026-01-10,0,0.7058823529411764,0.0,0.0,0.3529411764705882,0.0,10.0,4.0,9.0,9.0,7.0,3.0,9.0,10.0,,1,,1,0.0025,-73.2,-29268.29268292683,-73.01700000000001,0.0,8.0,8.0,0.005205653
0022500542,1610612739,Cleveland,Cavaliers,CLE,cavaliers,1628418,Thomas,Bryant,T. Bryant,thomas-bryant,,,,2:42,2.7,1,1,1.0,1,1,1.0,0,0,0.0,0,0,0,1,0,1,0,0,3,-3.0,0022500542,Thomas Bryant,thomas bryant,,,2026-01-10,1,1.111111111111111,0.0,0.0,0.37037037037037035,0.37037037037037035,9.0,4.0,9.0,9.0,7.0,1.0,8.0,11.0,0.0,0,0.0,0,0.0014299999999999998,-42.9,-29979.035639413003,-42.838652999999994,0.37037037037037035,5.0,1.0,0.007744441
0022500558,1610612739,Cleveland,Cavaliers,CLE,cavaliers,1630241,Sam,Merrill,S. Merrill,sam-merrill,F,,,27:43,27.716666666666665,5,11,0.455,3,8,0.375,1,1,1.0,0,2,2,3,0,0,1,5,14,-10.0,0022500558,Sam Merrill,sam merrill,,,2026-01-12,0,0.5051112447384246,0.0,0.07215874924834637,0.10823812387251955,0.0,4.0,5.0,7.0,3.0,7.0,4.0,6.0,5.0,1.0,0,1.0,0,0.00185,-20.8,-11237.169097784981,-20.76152,0.0,7.0,8.0,0.26637632
0022500558,1610612739,Cleveland,Cavaliers,CLE,cavaliers,1630596,Evan,Mobley,E. Mobley,evan-mobley,F,,,34:17,34.28333333333333,6,11,0.545,1,4,0.25,2,2,1.0,2,7,9,8,2,3,1,4,15,-11.0,0022500558,Evan Mobley,evan mobley,,,2026-01-12,5,0.4375303840544483,0.0583373845405931,0.262518230432669,0.2333495381623724,0.20418084589207586,3.0,1.0,1.0,1.0,2.0,1.0,8.0,1.0,3.0,0,0.0,0,0.00159,-18.0,-11313.639220615965,-17.97138,0.14584346135148274,1.0,2.0,0.83698654
0022500558,1610612739,Cleveland,Cavaliers,CLE,cavaliers,1628386,Jarrett,Allen,J. Allen,jarrett-allen,C,,,32:24,32.4,3,7,0.429,0,0,0.0,2,2,1.0,2,2,4,3,1,0,2,1,8,-6.0,0022500558,Jarrett Allen,jarrett allen,,,2026-01-12,1,0.2469135802469136,0.0617283950617284,0.1234567901234568,0.0925925925925926,0.0925925925925926,7.0,1.0,2.0,3.0,4.0,4.0,4.0,4.0,3.0,0,0.0,0,0.00132,-9.9,-7494.32248296745,-9.886932,0.0308641975308642,5.0,4.0,0.11017772
0022500558,1610612739,Cleveland,Cavaliers,CLE,cavaliers,1628378,Donovan,Mitchell,D. Mitchell,donovan-mitchell,G,,,33:59,33.983333333333334,7,18,0.389,4,9,0.444,3,3,1.0,0,3,3,2,1,0,0,2,21,-12.0,0022500558,Donovan Mitchell,donovan mitchell,,,2026-01-12,1,0.6179499754781755,0.0,0.08827856792545365,0.0588523786169691,0.02942618930848455,2.0,5.0,4.0,7.0,4.0,4.0,9.0,2.0,3.0,0,0.0,0,0.0023499999999999997,-19.6,-8336.877924287539,-19.55394,0.02942618930848455,5.0,7.0,0.79164207
0022500558,1610612739,Cleveland,Cavaliers,CLE,cavaliers,1629636,Darius,Garland,D. Garland,darius-garland,G,,,33:35,33.583333333333336,7,17,0.412,5,9,0.556,4,4,1.0,0,2,2,8,3,1,3,2,23,-6.0,0022500558,Darius Garland,darius garland,,,2026-01-12,4,0.6848635235732009,0.0,0.059553349875930514,0.23821339950372206,0.11910669975186103,1.0,5.0,7.0,1.0,1.0,3.0,4.0,3.0,5.0,0,0.0,0,0.0028199999999999996,-11.1,-3934.774902516838,-11.068698,0.11910669975186103,2.0,3.0,0.79173213
0022500558,1610612739,Cleveland,Cavaliers,CLE,cavaliers,1641854,Craig,Porter Jr.,C. Porter Jr.,craig-porter-jr,,,,15:39,15.65,2,3,0.667,1,1,1.0,0,0,0.0,1,2,3,1,0,0,1,0,5,-10.0,0022500558,Craig Porter Jr.,craig porter jr,,,2026-01-12,0,0.3194888178913738,0.06389776357827476,0.19169329073482427,0.06389776357827476,0.06389776357827476,8.0,3.0,4.0,9.0,7.0,4.0,6.0,9.0,2.0,0,0.0,0,0.00105,-24.3,-23120.837297811613,-24.274485000000002,0.0,7.0,6.0,0.028867694
0022500558,1610612739,Cleveland,Cavaliers,CLE,cavaliers,1629631,De'Andre,Hunter,D. Hunter,deandre-hunter,,,,17:40,17.666666666666668,1,5,0.2,0,2,0.0,0,0,0.0,0,0,0,3,0,0,3,1,2,-2.0,0022500558,De'Andre Hunter,de'andre hunter,,,2026-01-12,0,0.11320754716981131,0.0,0.0,0.16981132075471697,0.0,9.0,5.0,9.0,3.0,7.0,4.0,2.0,8.0,0.0,0,0.0,0,0.0018599999999999999,-5.1,-2740.462117141322,-5.090514,0.0,7.0,8.0,0.0118021425
0022500558,1610612739,Cleveland,Cavaliers,CLE,cavaliers,1642281,Jaylon,Tyson,J. Tyson,jaylon-tyson,,,,25:29,25.483333333333334,4,9,0.444,2,5,0.4,1,1,1.0,0,4,4,2,2,0,2,3,11,5.0,0022500558,Jaylon Tyson,jaylon tyson,,,2026-01-12,2,0.4316546762589928,0.0,0.15696533682145192,0.07848266841072596,0.07848266841072596,6.0,5.0,2.0,7.0,2.0,4.0,1.0,6.0,2.0,0,0.0,0,0.00183,8.9,4860.731840524304,8.883713,0.07848266841072596,4.0,5.0,0.66592413
0022500558,1610612739,Cleveland,Cavaliers,CLE,cavaliers,1641772,Nae'Qwan,Tomlin,N. Tomlin,naeqwan-tomlin,,,,19:14,19.233333333333334,6,11,0.545,1,3,0.333,0,0,0.0,1,2,3,3,1,2,0,1,13,-3.0,0022500558,Nae'Qwan Tomlin,nae'qwan tomlin,,,2026-01-12,3,0.6759098786828422,0.05199306759098787,0.1559792027729636,0.1559792027729636,0.20797227036395147,5.0,3.0,4.0,3.0,4.0,2.0,3.0,7.0,3.0,0,0.0,0,0.0023899999999999998,-4.4,-1840.2342116269347,-4.389484,0.1559792027729636,3.0,1.0,0.733343
0022500572,1610612739,Cleveland,Cavaliers,CLE,cavaliers,1642281,Jaylon,Tyson,J. Tyson,jaylon-tyson,F,,,25:00,25.0,4,9,0.444,3,4,0.75,1,2,0.5,3,2,5,3,1,0,2,1,12,10.0,0022500572,Jaylon Tyson,jaylon tyson,,,2026-01-14,1,0.48,0.12,0.2,0.12,0.16,5.0,1.0,3.0,6.0,1.0,3.0,6.0,4.0,1.0,0,0.0,0,0.00197,21.8,11060.375443937088,21.757054,0.04,3.0,2.0,0.5283906
0022500572,1610612739,Cleveland,Cavaliers,CLE,cavaliers,1630596,Evan,Mobley,E. Mobley,evan-mobley,F,,,33:32,33.53333333333333,7,10,0.7,1,1,1.0,2,4,0.5,2,11,13,6,1,4,2,5,17,27.0,0022500572,Evan Mobley,evan mobley,,,2026-01-14,5,0.5069582504970179,0.05964214711729623,0.38767395626242546,0.17892644135188868,0.20874751491053678,3.0,2.0,1.0,3.0,1.0,1.0,2.0,1.0,1.0,0,0.0,0,0.00153,39.3,25669.497060744612,39.239870999999994,0.14910536779324057,1.0,1.0,0.9217141
0022500572,1610612739,Cleveland,Cavaliers,CLE,cavaliers,1628386,Jarrett,Allen,J. Allen,jarrett-allen,C,,,25:38,25.633333333333333,5,6,0.833,0,0,0.0,0,1,0.0,2,3,5,2,0,0,2,3,10,16.0,0022500572,Jarrett Allen,jarrett allen,,,2026-01-14,0,0.3901170351105332,0.07802340702210664,0.1950585175552666,0.07802340702210664,0.07802340702210664,6.0,2.0,3.0,9.0,7.0,3.0,3.0,3.0,2.0,0,0.0,0,0.00127,30.2,23760.818253343823,30.161646,0.0,7.0,6.0,0.33498985
0022500572,1610612739,Cleveland,Cavaliers,CLE,cavaliers,1628378,Donovan,Mitchell,D. Mitchell,donovan-mitchell,G,,,33:18,33.3,11,22,0.5,5,12,0.417,8,8,1.0,1,6,7,9,1,0,1,1,35,29.0,0022500572,Donovan Mitchell,donovan mitchell,,,2026-01-14,1,1.0510510510510511,0.030030030030030033,0.21021021021021022,0.2702702702702703,0.060060060060060066,1.0,4.0,2.0,1.0,1.0,3.0,1.0,2.0,1.0,0,0.0,0,0.00329,41.4,12579.762989972653,41.263794,0.030030030030030033,3.0,7.0,0.616839
0022500572,1610612739,Cleveland,Cavaliers,CLE,cavaliers,1629636,Darius,Garland,D. Garland,darius-garland,G,,,23:01,23.016666666666666,8,13,0.615,3,7,0.429,1,2,0.5,1,2,3,7,1,0,4,2,20,10.0,0022500572,Darius Garland,darius garland,,,2026-01-14,1,0.8689355539464156,0.04344677769732078,0.13034033309196236,0.30412744388124546,0.08689355539464157,2.0,4.0,7.0,2.0,1.0,3.0,6.0,5.0,1.0,0,0.0,0,0.00316,23.4,7402.720658019613,23.326055999999998,0.04344677769732078,3.0,5.0,0.79582
0022500572,1610612739,Cleveland,Cavaliers,CLE,cavaliers,1630241,Sam,Merrill,S. Merrill,sam-merrill,,,,9:43,9.716666666666667,1,5,0.2,1,3,0.333,0,0,0.0,0,3,3,0,0,0,0,1,3,5.0,0022500572,Sam Merrill,sam merrill,,,2026-01-14,0,0.30874785591766724,0.0,0.30874785591766724,0.0,0.0,9.0,9.0,7.0,10.0,7.0,3.0,8.0,10.0,1.0,0,0.0,0,0.00192,21.9,11400.312337324309,21.857951999999997,0.0,7.0,9.0,0.009356646
0022500572,1610612739,Cleveland,Cavaliers,CLE,cavaliers,1629631,De'Andre,Hunter,D. Hunter,deandre-hunter,,,,21:36,21.6,7,13,0.538,3,7,0.429,0,0,0.0,1,3,4,4,0,0,1,1,17,15.0,0022500572,De'Andre Hunter,de'andre hunter,,,2026-01-14,0,0.787037037037037,0.046296296296296294,0.18518518518518517,0.18518518518518517,0.046296296296296294,3.0,4.0,5.0,4.0,7.0,3.0,5.0,6.0,0.0,0,0.0,0,0.0025900000000000003,32.6,12582.014666152063,32.515566,0.0,7.0,8.0,0.7998074
0022500572,1610612739,Cleveland,Cavaliers,CLE,cavaliers,1641854,Craig,Porter Jr.,C. Porter Jr.,craig-porter-jr,,,,17:59,17.983333333333334,0,3,0.0,0,1,0.0,1,1,1.0,1,2,3,3,1,0,1,0,1,16.0,0022500572,Craig Porter Jr.,craig porter jr,,,2026-01-14,1,0.05560704355885079,0.05560704355885079,0.16682113067655235,0.16682113067655235,0.11121408711770157,12.0,4.0,7.0,6.0,1.0,3.0,3.0,8.0,2.0,0,0.0,0,0.00089,36.0,40404.0404040404,35.967960000000005,0.05560704355885079,3.0,4.0,0.040346935
0022500572,1610612739,Cleveland,Cavaliers,CLE,cavaliers,1628366,Lonzo,Ball,L. Ball,lonzo-ball,,,,14:05,14.083333333333334,3,6,0.5,3,6,0.5,0,0,0.0,0,4,4,4,0,0,1,0,9,5.0,0022500572,Lonzo Ball,lonzo ball,,,2026-01-14,0,0.6390532544378698,0.0,0.28402366863905326,0.28402366863905326,0.0,7.0,9.0,5.0,4.0,7.0,3.0,8.0,9.0,0.0,0,0.0,0,0.0020599999999999998,23.0,11159.631246967492,22.95262,0.0,7.0,9.0,0.10412869
0022500572,1610612739,Cleveland,Cavaliers,CLE,cavaliers,1641772,Nae'Qwan,Tomlin,N. Tomlin,naeqwan-tomlin,,,,21:14,21.233333333333334,0,1,0.0,0,1,0.0,0,0,0.0,1,1,2,3,1,1,0,3,0,3.0,0022500572,Nae'Qwan Tomlin,nae'qwan tomlin,,,2026-01-14,2,0.0,0.04709576138147566,0.09419152276295133,0.14128728414442698,0.14128728414442698,13.0,4.0,10.0,6.0,1.0,2.0,10.0,7.0,3.0,0,0.0,0,0.00018999999999999998,6.0,31413.61256544503,5.99886,0.09419152276295133,2.0,3.0,0.02073268
0022500572,1610612739,Cleveland,Cavaliers,CLE,cavaliers,1642878,Tyrese,Proctor,T. Proctor,tyrese-proctor,,,,4:58,4.966666666666667,1,2,0.5,0,1,0.0,0,0,0.0,0,1,1,0,0,0,1,0,2,-2.0,0022500572,Tyrese Proctor,tyrese proctor,,,2026-01-14,0,0.40268456375838924,0.0,0.20134228187919462,0.0,0.0,11.0,9.0,11.0,10.0,7.0,3.0,11.0,11.0,,1,,1,0.002,-14.3,-7146.426786606697,-14.2714,0.0,7.0,9.0,0.010337495
0022500572,1610612739,Cleveland,Cavaliers,CLE,cavaliers,1626204,Larry,Nance Jr.,L. Nance Jr.,larry-nance-jr,,,,4:58,4.966666666666667,1,2,0.5,1,2,0.5,0,0,0.0,0,1,1,0,0,0,0,0,3,-2.0,0022500572,Larry Nance Jr.,larry nance jr,,,2026-01-14,0,0.6040268456375839,0.0,0.20134228187919462,0.0,0.0,9.0,9.0,11.0,10.0,7.0,3.0,11.0,11.0,0.0,0,0.0,0,0.00133,-14.3,-10743.801652892564,-14.280981,0.0,7.0,9.0,0.014801538
0022500572,1610612739,Cleveland,Cavaliers,CLE,cavaliers,1628418,Thomas,Bryant,T. Bryant,thomas-bryant,,,,4:58,4.966666666666667,2,3,0.667,0,1,0.0,0,0,0.0,0,1,1,0,0,0,0,2,4,-2.0,0022500572,Thomas Bryant,thomas bryant,,,2026-01-14,0,0.8053691275167785,0.0,0.20134228187919462,0.0,0.0,8.0,9.0,11.0,10.0,7.0,3.0,11.0,11.0,0.0,0,0.0,0,0.002,-14.3,-7146.426786606697,-14.2714,0.0,7.0,9.0,0.054485857
0022500589,1610612739,Cleveland,Cavaliers,CLE,cavaliers,1642281,Jaylon,Tyson,J. Tyson,jaylon-tyson,F,,,38:10,38.166666666666664,13,17,0.765,7,9,0.778,6,6,1.0,1,4,5,4,0,0,4,1,39,4.0,0022500589,Jaylon Tyson,jaylon tyson,,,2026-01-16,0,1.0218340611353713,0.026200873362445417,0.13100436681222707,0.10480349344978167,0.026200873362445417,1.0,4.0,3.0,3.0,7.0,3.0,4.0,2.0,0.0,0,0.0,0,0.0027,8.3,3072.9359496482784,8.27759,0.0,7.0,9.0,0.8776302
0022500589,1610612739,Cleveland,Cavaliers,CLE,cavaliers,1630596,Evan,Mobley,E. Mobley,evan-mobley,F,,,36:22,36.36666666666667,6,11,0.545,1,4,0.25,2,4,0.5,3,2,5,4,1,4,4,1,15,-12.0,0022500589,Evan Mobley,evan mobley,,,2026-01-16,5,0.41246562786434465,0.08249312557286893,0.13748854262144822,0.10999083409715857,0.21998166819431714,3.0,1.0,3.0,3.0,2.0,1.0,9.0,3.0,1.0,0,0.0,0,0.00191,-17.4,-9105.180533751962,-17.366766,0.13748854262144822,1.0,1.0,0.6878811
0022500589,1610612739,Cleveland,Cavaliers,CLE,cavaliers,1628386,Jarrett,Allen,J. Allen,jarrett-allen,C,,,33:11,33.18333333333333,4,6,0.667,0,0,0.0,2,2,1.0,2,5,7,1,1,0,2,4,10,5.0,0022500589,Jarrett Allen,jarrett allen,,,2026-01-16,1,0.30135610246107486,0.06027122049221497,0.2109492717227524,0.030135610246107485,0.09040683073832247,6.0,2.0,2.0,6.0,2.0,3.0,3.0,4.0,2.0,0,1.0,0,0.00117,7.5,6404.782237403929,7.491225,0.030135610246107485,4.0,3.0,0.60193735
0022500589,1610612739,Cleveland,Cavaliers,CLE,cavaliers,1628378,Donovan,Mitchell,D. Mitchell,donovan-mitchell,G,,,38:51,38.85,4,13,0.308,4,7,0.571,1,2,0.5,1,8,9,12,1,0,6,1,13,-2.0,0022500589,Donovan Mitchell,donovan mitchell,,,2026-01-16,1,0.3346203346203346,0.02574002574002574,0.23166023166023164,0.3088803088803089,0.05148005148005148,4.0,4.0,1.0,1.0,2.0,3.0,7.0,1.0,2.0,0,0.0,0,0.00213,-4.0,-1877.0530267480055,-3.99148,0.02574002574002574,4.0,8.0,0.62159854
0022500589,1610612739,Cleveland,Cavaliers,CLE,cavaliers,1641854,Craig,Porter Jr.,C. Porter Jr.,craig-porter-jr,G,,,22:09,22.15,1,5,0.2,0,0,0.0,0,2,0.0,2,1,3,11,0,0,1,0,2,12.0,0022500589,Craig Porter Jr.,craig porter jr,,,2026-01-16,0,0.09029345372460497,0.09029345372460497,0.13544018058690746,0.49661399548532736,0.09029345372460497,8.0,2.0,6.0,2.0,7.0,3.0,1.0,6.0,1.0,0,0.0,0,0.0014000000000000002,30.5,21770.164168451105,30.4573,0.0,7.0,4.0,0.08710824
0022500589,1610612739,Cleveland,Cavaliers,CLE,cavaliers,1629631,De'Andre,Hunter,D. Hunter,deandre-hunter,,,,30:46,30.766666666666666,7,13,0.538,2,5,0.4,0,0,0.0,0,3,3,4,1,1,1,3,16,12.0,0022500589,De'Andre Hunter,de'andre hunter,,,2026-01-16,2,0.5200433369447454,0.0,0.09750812567713976,0.13001083423618634,0.06500541711809317,2.0,7.0,6.0,3.0,2.0,2.0,1.0,5.0,2.0,0,0.0,0,0.00187,17.9,9567.07642971673,17.866526999999998,0.06500541711809317,2.0,6.0,0.8737609
0022500589,1610612739,Cleveland,Cavaliers,CLE,cavaliers,1641772,Nae'Qwan,Tomlin,N. Tomlin,naeqwan-tomlin,,,,17:38,17.633333333333333,4,9,0.444,0,2,0.0,1,1,1.0,1,4,5,0,0,0,0,4,9,-7.0,0022500589,Nae'Qwan Tomlin,nae'qwan tomlin,,,2026-01-16,0,0.5103969754253308,0.05671077504725898,0.2835538752362949,0.0,0.05671077504725898,7.0,4.0,3.0,9.0,7.0,3.0,8.0,7.0,0.0,0,0.0,0,0.00191,-20.3,-10622.710622710623,-20.261227,0.0,7.0,7.0,0.3276
0022500589,1610612739,Cleveland,Cavaliers,CLE,cavaliers,1628366,Lonzo,Ball,L. Ball,lonzo-ball,,,,11:38,11.633333333333333,0,3,0.0,0,2,0.0,0,0,0.0,0,3,3,1,1,0,0,0,0,-1.0,0022500589,Lonzo Ball,lonzo ball,,,2026-01-16,1,0.0,0.0,0.25787965616045844,0.08595988538681949,0.08595988538681949,9.0,7.0,6.0,6.0,2.0,3.0,5.0,8.0,2.0,0,0.0,0,0.00097,-7.5,-7723.99588053553,-7.492725,0.08595988538681949,4.0,5.0,0.010677053
0022500589,1610612739,Cleveland,Cavaliers,CLE,cavaliers,1642878,Tyrese,Proctor,T. Proctor,tyrese-proctor,,,,11:15,11.25,5,8,0.625,3,5,0.6,0,0,0.0,0,2,2,1,2,0,0,1,13,-1.0,0022500589,Tyrese Proctor,tyrese proctor,,,2026-01-16,2,1.1555555555555554,0.0,0.17777777777777778,0.08888888888888889,0.17777777777777778,4.0,7.0,9.0,6.0,1.0,3.0,5.0,9.0,2.0,0,0.0,0,0.0028599999999999997,-4.3,-1502.9709891646278,-4.287702,0.17777777777777778,2.0,2.0,0.69742024
0022500015,1610612739,Cleveland,Cavaliers,CLE,cavaliers,1629731,Dean,Wade,D. Wade,dean-wade,F,,,16:30,16.5,0,2,0.0,0,1,0.0,0,0,0.0,0,2,2,0,0,0,1,2,0,-20.0,0022500015,Dean Wade,dean wade,,,2026-01-19,0,0.0,0.0,0.12121212121212122,0.0,0.0,10.0,8.0,8.0,10.0,6.0,4.0,8.0,8.0,3.0,0,0.0,0,0.00067,-50.6,-75409.83606557376,-50.566098000000004,0.0,7.0,8.0,0.0061760237
0022500015,1610612739,Cleveland,Cavaliers,CLE,cavaliers,1630596,Evan,Mobley,E. Mobley,evan-mobley,F,,,31:07,31.116666666666667,7,14,0.5,0,2,0.0,2,3,0.667,2,5,7,5,1,1,2,3,16,-11.0,0022500015,Evan Mobley,evan mobley,,,2026-01-19,2,0.5141938939475094,0.06427423674343867,0.22495982860203534,0.16068559185859668,0.12854847348687734,2.0,4.0,5.0,1.0,3.0,2.0,6.0,3.0,1.0,0,0.0,0,0.00215,-15.7,-7298.930729893073,-15.666245,0.06427423674343867,3.0,5.0,0.74573165
0022500015,1610612739,Cleveland,Cavaliers,CLE,cavaliers,1628386,Jarrett,Allen,J. Allen,jarrett-allen,C,,,28:33,28.55,4,8,0.5,0,0,0.0,8,10,0.8,5,4,9,1,0,3,1,0,16,-31.0,0022500015,Jarrett Allen,jarrett allen,,,2026-01-19,3,0.5604203152364273,0.17513134851138354,0.31523642732049034,0.03502626970227671,0.28021015761821366,2.0,2.0,2.0,5.0,6.0,1.0,11.0,4.0,1.0,0,0.0,0,0.0017499999999999998,-46.3,-26442.033123929185,-46.21897499999999,0.10507880910683012,1.0,1.0,0.78177613
0022500015,1610612739,Cleveland,Cavaliers,CLE,cavaliers,1642281,Jaylon,Tyson,J. Tyson,jaylon-tyson,G,,,32:41,32.68333333333333,6,13,0.462,2,5,0.4,2,3,0.667,6,4,10,4,0,0,4,1,16,-26.0,0022500015,Jaylon Tyson,jaylon tyson,,,2026-01-19,0,0.4895461499235085,0.18357980622131567,0.3059663437021928,0.12238653748087712,0.18357980622131567,2.0,1.0,1.0,2.0,6.0,4.0,9.0,2.0,1.0,0,0.0,0,0.0020499999999999997,-35.6,-17357.38664066309,-35.52702,0.0,7.0,3.0,0.37184978
0022500015,1610612739,Cleveland,Cavaliers,CLE,cavaliers,1628378,Donovan,Mitchell,D. Mitchell,donovan-mitchell,G,,,35:01,35.016666666666666,5,18,0.278,1,9,0.111,8,11,0.727,1,3,4,3,3,0,1,1,19,-26.0,0022500015,Donovan Mitchell,donovan mitchell,,,2026-01-19,3,0.5425987624940505,0.028557829604950024,0.1142313184198001,0.08567348881485007,0.1142313184198001,1.0,5.0,7.0,3.0,1.0,4.0,9.0,1.0,3.0,0,0.0,0,0.00255,-33.3,-13053.704429635434,-33.215084999999995,0.08567348881485007,1.0,6.0,0.33353776
0022500015,1610612739,Cleveland,Cavaliers,CLE,cavaliers,1629631,De'Andre,Hunter,D. Hunter,deandre-hunter,,,,25:31,25.516666666666666,3,13,0.231,2,6,0.333,8,8,1.0,1,8,9,1,1,0,5,2,16,-5.0,0022500015,De'Andre Hunter,de'andre hunter,,,2026-01-19,1,0.6270411495754409,0.039190071848465055,0.3527106466361855,0.039190071848465055,0.07838014369693011,2.0,5.0,2.0,5.0,3.0,4.0,2.0,6.0,3.0,0,0.0,0,0.0028199999999999996,-13.9,-4927.330733782347,-13.860802,0.039190071848465055,6.0,7.0,0.23675275
0022500015,1610612739,Cleveland,Cavaliers,CLE,cavaliers,1641772,Nae'Qwan,Tomlin,N. Tomlin,naeqwan-tomlin,,,,26:25,26.416666666666668,3,7,0.429,0,3,0.0,0,0,0.0,3,5,8,1,2,0,0,2,6,-10.0,0022500015,Nae'Qwan Tomlin,nae'qwan tomlin,,,2026-01-19,2,0.22712933753943218,0.11356466876971609,0.3028391167192429,0.03785488958990536,0.1892744479495268,7.0,3.0,4.0,5.0,2.0,4.0,5.0,5.0,2.0,0,0.0,0,0.0009299999999999999,-19.6,-21052.63157894737,-19.581772,0.07570977917981073,3.0,2.0,0.2660991
0022500015,1610612739,Cleveland,Cavaliers,CLE,cavaliers,1641854,Craig,Porter Jr.,C. Porter Jr.,craig-porter-jr,,,,21:28,21.466666666666665,4,9,0.444,1,3,0.333,0,0,0.0,1,4,5,3,1,1,3,4,9,-6.0,0022500015,Craig Porter Jr.,craig porter jr,,,2026-01-19,2,0.4192546583850932,0.04658385093167702,0.23291925465838512,0.13975155279503107,0.13975155279503107,6.0,5.0,6.0,3.0,3.0,2.0,3.0,7.0,1.0,0,0.0,0,0.002,-16.9,-8445.777111444277,-16.8662,0.09316770186335405,3.0,4.0,0.2561487
0022500015,1610612739,Cleveland,Cavaliers,CLE,cavaliers,1628366,Lonzo,Ball,L. Ball,lonzo-ball,,,,5:21,5.35,1,4,0.25,1,4,0.25,0,0,0.0,0,0,0,1,0,0,1,1,3,-1.0,0022500015,Lonzo Ball,lonzo ball,,,2026-01-19,0,0.5607476635514019,0.0,0.0,0.1869158878504673,0.0,8.0,8.0,9.0,5.0,6.0,4.0,1.0,10.0,0.0,0,0.0,0,0.00357,-8.3,-2324.278913469617,-8.270369,0.0,7.0,8.0,0.014317428
0022500015,1610612739,Cleveland,Cavaliers,CLE,cavaliers,1642878,Tyrese,Proctor,T. Proctor,tyrese-proctor,,,,14:48,14.8,1,3,0.333,1,2,0.5,0,0,0.0,0,0,0,1,0,0,3,5,3,-15.0,0022500015,Tyrese Proctor,tyrese proctor,,,2026-01-19,0,0.2027027027027027,0.0,0.0,0.06756756756756756,0.0,8.0,8.0,9.0,5.0,6.0,4.0,7.0,9.0,2.0,0,0.0,0,0.0017100000000000001,-43.9,-25657.510227936877,-43.824931,0.0,7.0,8.0,0.006216516
0022500015,1610612739,Cleveland,Cavaliers,CLE,cavaliers,1628418,Thomas,Bryant,T. Bryant,thomas-bryant,,,,2:35,2.5833333333333335,0,0,0.0,0,0,0.0,0,0,0.0,0,0,0,0,0,0,0,0,0,-9.0,0022500015,Thomas Bryant,thomas bryant,,,2026-01-19,0,0.0,0.0,0.0,0.0,0.0,10.0,8.0,9.0,10.0,6.0,4.0,4.0,11.0,0.0,0,0.0,0,0.0,-150.0,-150000000.0,-150.0,0.0,7.0,8.0,0.0035247663
0022500620,1610612739,Cleveland,Cavaliers,CLE,cavaliers,1629731,Dean,Wade,D. Wade,dean-wade,F,,,27:07,27.116666666666667,1,3,0.333,0,2,0.0,2,2,1.0,1,8,9,4,1,1,1,1,4,11.0,0022500620,Dean Wade,dean wade,,,2026-01-21,2,0.14751075599262445,0.03687768899815611,0.33189920098340503,0.14751075599262445,0.11063306699446834,8.0,4.0,2.0,2.0,1.0,4.0,3.0,5.0,1.0,0,0.0,0,0.00079,20.8,26295.82806573957,20.783568000000002,0.07375537799631222,2.0,5.0,0.061083443
0022500620,1610612739,Cleveland,Cavaliers,CLE,cavaliers,1630596,Evan,Mobley,E. Mobley,evan-mobley,F,,,35:31,35.516666666666666,6,13,0.462,0,4,0.0,2,3,0.667,1,13,14,0,1,3,2,4,14,10.0,0022500620,Evan Mobley,evan mobley,,,2026-01-21,4,0.3941811356170812,0.028155795401220086,0.3941811356170812,0.0,0.14077897700610043,2.0,4.0,1.0,8.0,1.0,1.0,4.0,2.0,2.0,0,0.0,0,0.00184,13.9,7550.24443237371,13.874424000000001,0.11262318160488034,1.0,4.0,0.79326946
0022500620,1610612739,Cleveland,Cavaliers,CLE,cavaliers,1628386,Jarrett,Allen,J. Allen,jarrett-allen,C,,,34:37,34.61666666666667,4,8,0.5,0,0,0.0,5,6,0.833,1,8,9,0,0,2,1,1,13,-3.0,0022500620,Jarrett Allen,jarrett allen,,,2026-01-21,2,0.3755416466056813,0.02888781896966779,0.2599903707270101,0.0,0.08666345690900337,4.0,4.0,2.0,8.0,7.0,2.0,7.0,3.0,1.0,0,0.0,0,0.00136,-4.3,-3159.441587068332,-4.2941519999999995,0.05777563793933558,2.0,9.0,0.37094107
0022500620,1610612739,Cleveland,Cavaliers,CLE,cavaliers,1642281,Jaylon,Tyson,J. Tyson,jaylon-tyson,G,,,30:39,30.65,6,17,0.353,1,9,0.111,1,2,0.5,2,5,7,4,1,0,2,3,14,14.0,0022500620,Jaylon Tyson,jaylon tyson,,,2026-01-21,1,0.45676998368678634,0.06525285481239805,0.22838499184339317,0.1305057096247961,0.09787928221859707,2.0,2.0,5.0,2.0,1.0,5.0,1.0,4.0,3.0,0,0.0,0,0.0027400000000000002,23.6,8609.99635169646,23.535336,0.032626427406199025,5.0,8.0,0.43401438
0022500620,1610612739,Cleveland,Cavaliers,CLE,cavaliers,1628378,Donovan,Mitchell,D. Mitchell,donovan-mitchell,G,,,37:29,37.483333333333334,8,20,0.4,2,8,0.25,6,7,0.857,1,2,3,6,1,0,8,1,24,-3.0,0022500620,Donovan Mitchell,donovan mitchell,,,2026-01-21,1,0.640284570920409,0.026678523788350377,0.08003557136505113,0.16007114273010226,0.053357047576700754,1.0,4.0,7.0,1.0,1.0,5.0,7.0,1.0,3.0,0,0.0,0,0.00333,-5.2,-1561.0927649354549,-5.182684,0.026678523788350377,5.0,10.0,0.66289186
0022500620,1610612739,Cleveland,Cavaliers,CLE,cavaliers,1641854,Craig,Porter Jr.,C. Porter Jr.,craig-porter-jr,,,,18:11,18.183333333333334,2,5,0.4,2,3,0.667,1,2,0.5,0,1,1,2,0,2,2,1,7,-5.0,0022500620,Craig Porter Jr.,craig porter jr,,,2026-01-21,2,0.384967919340055,0.0,0.054995417048579284,0.10999083409715857,0.10999083409715857,5.0,10.0,10.0,4.0,7.0,2.0,9.0,7.0,0.0,0,0.0,0,0.00151,-7.8,-5162.144275314361,-7.788221999999999,0.10999083409715857,2.0,6.0,0.086042054
0022500620,1610612739,Cleveland,Cavaliers,CLE,cavaliers,1629631,De'Andre,Hunter,D. Hunter,deandre-hunter,,,,13:17,13.283333333333333,1,6,0.167,1,6,0.167,1,2,0.5,2,2,4,1,1,0,4,3,4,-7.0,0022500620,De'Andre Hunter,de'andre hunter,,,2026-01-21,1,0.30112923462986196,0.15056461731493098,0.30112923462986196,0.07528230865746549,0.2258469259723965,8.0,2.0,6.0,6.0,1.0,5.0,10.0,8.0,1.0,0,0.0,0,0.0027500000000000003,-20.3,-7379.13486005089,-20.244175,0.07528230865746549,5.0,2.0,0.018324438
0022500620,1610612739,Cleveland,Cavaliers,CLE,cavaliers,1641772,Nae'Qwan,Tomlin,N. Tomlin,naeqwan-tomlin,,,,20:50,20.833333333333332,3,7,0.429,0,3,0.0,0,0,0.0,7,2,9,2,0,0,0,1,6,0.0,0022500620,Nae'Qwan Tomlin,nae'qwan tomlin,,,2026-01-21,0,0.28800000000000003,0.336,0.43200000000000005,0.096,0.336,6.0,1.0,2.0,4.0,7.0,5.0,6.0,6.0,0.0,0,0.0,0,0.00117,-4.0,-3415.8838599487617,-3.99532,0.0,9.0,1.0,0.34157673
0022500620,1610612739,Cleveland,Cavaliers,CLE,cavaliers,1626204,Larry,Nance Jr.,L. Nance Jr.,larry-nance-jr,,,,12:35,12.583333333333334,2,3,0.667,1,1,1.0,0,0,0.0,1,1,2,1,1,0,0,3,5,14.0,0022500620,Larry Nance Jr.,larry nance jr,,,2026-01-21,1,0.3973509933774834,0.07947019867549668,0.15894039735099336,0.07947019867549668,0.15894039735099336,7.0,4.0,8.0,6.0,1.0,5.0,1.0,9.0,2.0,0,0.0,0,0.00107,58.3,54435.10737628385,58.237618999999995,0.07947019867549668,5.0,3.0,0.21763851
0022500620,1610612739,Cleveland,Cavaliers,CLE,cavaliers,1642878,Tyrese,Proctor,T. Proctor,tyrese-proctor,,,,9:45,9.75,1,5,0.2,1,4,0.25,0,0,0.0,1,1,2,0,0,0,0,3,3,4.0,0022500620,Tyrese Proctor,tyrese proctor,,,2026-01-21,0,0.3076923076923077,0.10256410256410256,0.20512820512820512,0.0,0.10256410256410256,10.0,4.0,8.0,8.0,7.0,5.0,5.0,10.0,3.0,0,0.0,0,0.00217,26.6,12252.418240442192,26.542278,0.0,9.0,7.0,0.016270392
0022500638,1610612739,Cleveland,Cavaliers,CLE,cavaliers,1629731,Dean,Wade,D. Wade,dean-wade,F,,,28:00,28.0,2,4,0.5,2,4,0.5,0,0,0.0,2,3,5,1,1,0,0,0,6,21.0,0022500638,Dean Wade,dean wade,,,2026-01-23,1,0.21428571428571427,0.07142857142857142,0.17857142857142858,0.03571428571428571,0.10714285714285714,6.0,4.0,4.0,5.0,2.0,4.0,1.0,5.0,2.0,0,0.0,0,0.00061,33.4,54664.48445171849,33.379626,0.03571428571428571,4.0,6.0,0.4246958
0022500638,1610612739,Cleveland,Cavaliers,CLE,cavaliers,1630596,Evan,Mobley,E. Mobley,evan-mobley,F,,,34:46,34.766666666666666,13,24,0.542,0,4,0.0,3,5,0.6,3,10,13,7,0,4,0,0,29,17.0,0022500638,Evan Mobley,evan mobley,,,2026-01-23,4,0.8341323106423778,0.0862895493767977,0.37392138063279,0.20134228187919465,0.20134228187919465,2.0,3.0,1.0,2.0,6.0,1.0,3.0,2.0,0.0,0,0.0,0,0.00298,20.9,7011.070110701106,20.837718,0.11505273250239693,1.0,3.0,0.8040038
0022500638,1610612739,Cleveland,Cavaliers,CLE,cavaliers,1628386,Jarrett,Allen,J. Allen,jarrett-allen,C,,,33:38,33.63333333333333,3,6,0.5,0,0,0.0,9,10,0.9,4,5,9,0,2,1,0,2,15,7.0,0022500638,Jarrett Allen,jarrett allen,,,2026-01-23,3,0.445986124876115,0.11892963330029732,0.267591674925669,0.0,0.20812685827552033,4.0,1.0,2.0,6.0,1.0,2.0,4.0,4.0,3.0,0,0.0,0,0.00134,6.4,4772.557792692021,6.391424000000001,0.08919722497522299,2.0,2.0,0.45206985
0022500638,1610612739,Cleveland,Cavaliers,CLE,cavaliers,1642281,Jaylon,Tyson,J. Tyson,jaylon-tyson,G,,,35:49,35.81666666666667,6,14,0.429,3,5,0.6,2,3,0.667,4,3,7,4,0,0,3,3,17,20.0,0022500638,Jaylon Tyson,jaylon tyson,,,2026-01-23,0,0.4746393671475104,0.11167985109353186,0.19543973941368076,0.11167985109353186,0.11167985109353186,3.0,1.0,3.0,3.0,6.0,4.0,2.0,1.0,0.0,0,0.0,0,0.00209,26.3,12577.714012434242,26.245033,0.0,7.0,5.0,0.47926658
0022500638,1610612739,Cleveland,Cavaliers,CLE,cavaliers,1628378,Donovan,Mitchell,D. Mitchell,donovan-mitchell,G,,,34:11,34.18333333333333,11,25,0.44,5,12,0.417,6,7,0.857,0,5,5,8,1,0,1,3,33,5.0,0022500638,Donovan Mitchell,donovan mitchell,,,2026-01-23,1,0.9653827401267675,0.0,0.14627011214041932,0.23403217942467092,0.029254022428083865,1.0,7.0,4.0,1.0,2.0,4.0,5.0,3.0,4.0,0,0.0,0,0.0034100000000000003,3.6,1055.4089709762532,3.587724,0.029254022428083865,4.0,8.0,0.854464
0022500638,1610612739,Cleveland,Cavaliers,CLE,cavaliers,1641854,Craig,Porter Jr.,C. Porter Jr.,craig-porter-jr,,,,21:21,21.35,2,5,0.4,1,3,0.333,0,0,0.0,1,4,5,3,0,0,1,1,5,-7.0,0022500638,Craig Porter Jr.,craig porter jr,,,2026-01-23,0,0.23419203747072598,0.046838407494145196,0.23419203747072598,0.1405152224824356,0.046838407494145196,7.0,6.0,4.0,4.0,6.0,4.0,8.0,6.0,1.0,0,0.0,0,0.00111,-19.1,-17191.719171917193,-19.078799,0.0,7.0,7.0,0.02040833
0022500638,1610612739,Cleveland,Cavaliers,CLE,cavaliers,1629631,De'Andre,Hunter,D. Hunter,deandre-hunter,,,,19:01,19.016666666666666,3,9,0.333,1,3,0.333,2,2,1.0,0,0,0,0,0,0,0,1,9,-12.0,0022500638,De'Andre Hunter,de'andre hunter,,,2026-01-23,0,0.4732690622261175,0.0,0.0,0.0,0.0,5.0,7.0,9.0,6.0,6.0,4.0,9.0,7.0,0.0,0,0.0,0,0.00208,-30.8,-14800.576645843345,-30.735936000000002,0.0,7.0,9.0,0.040583912
0022500638,1610612739,Cleveland,Cavaliers,CLE,cavaliers,1641772,Nae'Qwan,Tomlin,N. Tomlin,naeqwan-tomlin,,,,15:14,15.233333333333333,2,4,0.5,0,1,0.0,0,0,0.0,0,1,1,0,1,1,0,4,4,-27.0,0022500638,Nae'Qwan Tomlin,nae'qwan tomlin,,,2026-01-23,2,0.262582056892779,0.0,0.06564551422319476,0.0,0.1312910284463895,8.0,7.0,8.0,6.0,2.0,2.0,10.0,8.0,1.0,0,0.0,0,0.00114,-73.9,-64767.74758983349,-73.815754,0.1312910284463895,3.0,4.0,0.023754012
0022500638,1610612739,Cleveland,Cavaliers,CLE,cavaliers,1642878,Tyrese,Proctor,T. Proctor,tyrese-proctor,,,,4:20,4.333333333333333,1,1,1.0,1,1,1.0,0,0,0.0,0,0,0,0,0,0,1,1,3,-1.0,0022500638,Tyrese Proctor,tyrese proctor,,,2026-01-23,0,0.6923076923076924,0.0,0.0,0.0,0.0,9.0,7.0,9.0,6.0,6.0,4.0,7.0,10.0,,1,,1,0.00182,5.6,3075.2333882482153,5.589808,0.0,7.0,9.0,0.010234932
0022500638,1610612739,Cleveland,Cavaliers,CLE,cavaliers,1626204,Larry,Nance Jr.,L. Nance Jr.,larry-nance-jr,,,,13:40,13.666666666666666,1,4,0.25,0,3,0.0,0,0,0.0,2,1,3,0,1,0,0,2,2,2.0,0022500638,Larry Nance Jr.,larry nance jr,,,2026-01-23,1,0.14634146341463417,0.14634146341463417,0.21951219512195122,0.0,0.21951219512195122,10.0,4.0,7.0,6.0,2.0,4.0,6.0,9.0,0.0,0,1.0,0,0.00108,-1.0,-925.0693802035154,-0.99892,0.07317073170731708,4.0,1.0,0.065135576
0022500646,1610612739,Cleveland,Cavaliers,CLE,cavaliers,1629731,Dean,Wade,D. Wade,dean-wade,F,,,25:55,25.916666666666668,4,4,1.0,2,2,1.0,0,0,0.0,0,3,3,1,3,2,0,1,10,10.0,0022500646,Dean Wade,dean wade,,,2026-01-24,5,0.3858520900321543,0.0,0.1157556270096463,0.03858520900321543,0.19292604501607716,5.0,6.0,6.0,6.0,1.0,1.0,4.0,4.0,4.0,0,0.0,0,0.00063,16.5,26148.969889064974,16.489605,0.19292604501607716,1.0,2.0,0.6318671
0022500646,1610612739,Cleveland,Cavaliers,CLE,cavaliers,1630596,Evan,Mobley,E. Mobley,evan-mobley,F,,,34:33,34.55,4,14,0.286,1,6,0.167,4,4,1.0,2,5,7,3,0,1,2,1,13,14.0,0022500646,Evan Mobley,evan mobley,,,2026-01-24,1,0.3762662807525326,0.057887120115774245,0.20260492040520986,0.08683068017366137,0.08683068017366137,3.0,1.0,2.0,4.0,5.0,3.0,2.0,2.0,2.0,0,0.0,0,0.0022,18.1,8223.534756928668,18.060180000000003,0.028943560057887122,5.0,6.0,0.51318777
0022500646,1610612739,Cleveland,Cavaliers,CLE,cavaliers,1628386,Jarrett,Allen,J. Allen,jarrett-allen,C,,,24:50,24.833333333333332,3,5,0.6,0,1,0.0,2,2,1.0,1,5,6,1,3,2,2,4,8,7.0,0022500646,Jarrett Allen,jarrett allen,,,2026-01-24,5,0.32214765100671144,0.04026845637583893,0.24161073825503357,0.04026845637583893,0.24161073825503357,7.0,4.0,3.0,6.0,1.0,1.0,6.0,6.0,1.0,0,0.0,0,0.0013800000000000002,16.9,12237.509051412018,16.876678,0.20134228187919465,1.0,1.0,0.1820806
0022500646,1610612739,Cleveland,Cavaliers,CLE,cavaliers,1642281,Jaylon,Tyson,J. Tyson,jaylon-tyson,G,,,32:19,32.31666666666667,5,9,0.556,3,5,0.6,4,4,1.0,2,3,5,4,0,0,2,2,17,5.0,0022500646,Jaylon Tyson,jaylon tyson,,,2026-01-24,0,0.5260443527591542,0.061887570912841666,0.15471892728210415,0.12377514182568333,0.061887570912841666,2.0,1.0,4.0,2.0,5.0,5.0,7.0,3.0,0.0,0,0.0,0,0.0017100000000000001,9.2,5376.97253068381,9.184268,0.0,7.0,8.0,0.7844738
0022500646,1610612739,Cleveland,Cavaliers,CLE,cavaliers,1628378,Donovan,Mitchell,D. Mitchell,donovan-mitchell,G,,,37:37,37.61666666666667,15,30,0.5,2,8,0.25,4,5,0.8,2,3,5,9,2,0,3,4,36,15.0,0022500646,Donovan Mitchell,donovan mitchell,,,2026-01-24,2,0.9570225963668586,0.05316792202038104,0.13291980505095258,0.23925564909171465,0.10633584404076207,1.0,1.0,4.0,1.0,4.0,5.0,1.0,1.0,2.0,0,0.0,0,0.00398,22.7,5702.08490329063,22.609654,0.05316792202038104,4.0,4.0,0.8665119
0022500646,1610612739,Cleveland,Cavaliers,CLE,cavaliers,1641854,Craig,Porter Jr.,C. Porter Jr.,craig-porter-jr,,,,15:16,15.266666666666667,2,3,0.667,0,0,0.0,0,1,0.0,0,0,0,1,0,1,1,0,4,0.0,0022500646,Craig Porter Jr.,craig porter jr,,,2026-01-24,1,0.26200873362445415,0.0,0.0,0.06550218340611354,0.06550218340611354,9.0,6.0,9.0,6.0,5.0,3.0,9.0,8.0,2.0,0,0.0,0,0.00147,0.0,0.0,0.0,0.06550218340611354,5.0,7.0,0.02447514
0022500646,1610612739,Cleveland,Cavaliers,CLE,cavaliers,1641772,Nae'Qwan,Tomlin,N. Tomlin,naeqwan-tomlin,,,,24:59,24.983333333333334,3,5,0.6,2,4,0.5,1,2,0.5,0,1,1,4,0,0,1,5,9,-8.0,0022500646,Nae'Qwan Tomlin,nae'qwan tomlin,,,2026-01-24,0,0.3602401601067378,0.0,0.0400266844563042,0.1601067378252168,0.0,6.0,6.0,8.0,2.0,5.0,5.0,10.0,5.0,5.0,0,0.0,0,0.00123,-10.8,-8773.354995938264,-10.786716000000002,0.0,7.0,9.0,0.061591018
0022500646,1610612739,Cleveland,Cavaliers,CLE,cavaliers,1628366,Lonzo,Ball,L. Ball,lonzo-ball,,,,24:33,24.55,2,4,0.5,2,4,0.5,0,0,0.0,0,8,8,2,3,0,1,4,6,5.0,0022500646,Lonzo Ball,lonzo ball,,,2026-01-24,3,0.24439918533604887,0.0,0.3258655804480652,0.0814663951120163,0.12219959266802444,8.0,6.0,1.0,5.0,1.0,5.0,7.0,7.0,3.0,0,0.0,0,0.00089,9.8,10998.877665544333,9.791278000000002,0.12219959266802444,3.0,3.0,0.06803251
0022500646,1610612739,Cleveland,Cavaliers,CLE,cavaliers,1628418,Thomas,Bryant,T. Bryant,thomas-bryant,,,,10:14,10.233333333333333,1,3,0.333,1,2,0.5,1,2,0.5,1,2,3,1,0,0,2,3,4,13.0,0022500646,Thomas Bryant,thomas bryant,,,2026-01-24,0,0.39087947882736157,0.09771986970684039,0.2931596091205212,0.09771986970684039,0.09771986970684039,9.0,4.0,6.0,6.0,5.0,5.0,3.0,9.0,1.0,0,1.0,0,0.00261,65.9,25239.371888165457,65.728001,0.0,7.0,5.0,0.014853326
0022500646,1610612739,Cleveland,Cavaliers,CLE,cavaliers,1642878,Tyrese,Proctor,T. Proctor,tyrese-proctor,,,,9:46,9.766666666666667,4,4,1.0,2,2,1.0,2,2,1.0,0,0,0,1,0,0,0,1,12,9.0,0022500646,Tyrese Proctor,tyrese proctor,,,2026-01-24,0,1.228668941979522,0.0,0.0,0.10238907849829351,0.0,4.0,6.0,9.0,6.0,5.0,5.0,5.0,10.0,1.0,0,0.0,0,0.00227,45.0,19815.059445178336,44.89785,0.0,7.0,9.0,0.6244803
0022500658,1610612739,Cleveland,Cavaliers,CLE,cavaliers,1629731,Dean,Wade,D. Wade,dean-wade,F,,,28:54,28.9,2,4,0.5,0,2,0.0,2,2,1.0,2,5,7,2,1,1,1,1,6,21.0,0022500658,Dean Wade,dean wade,,,2026-01-26,2,0.20761245674740486,0.06920415224913495,0.24221453287197234,0.06920415224913495,0.1384083044982699,6.0,1.0,3.0,5.0,2.0,2.0,2.0,5.0,2.0,0,0.0,0,0.0008799999999999999,32.8,37230.41997729852,32.771136,0.06920415224913495,1.0,3.0,0.29251304
0022500658,1610612739,Cleveland,Cavaliers,CLE,cavaliers,1630596,Evan,Mobley,E. Mobley,evan-mobley,F,,,34:60,35.0,9,16,0.563,1,3,0.333,1,4,0.25,2,7,9,2,0,2,1,4,20,5.0,0022500658,Evan Mobley,evan mobley,,,2026-01-26,2,0.5714285714285714,0.05714285714285714,0.2571428571428571,0.05714285714285714,0.11428571428571428,2.0,1.0,1.0,5.0,6.0,1.0,5.0,2.0,2.0,0,0.0,0,0.00241,7.1,2944.8361675653255,7.082889,0.05714285714285714,1.0,5.0,0.7470356
0022500658,1610612739,Cleveland,Cavaliers,CLE,cavaliers,1628386,Jarrett,Allen,J. Allen,jarrett-allen,C,,,33:12,33.2,4,6,0.667,0,0,0.0,1,3,0.333,0,4,4,1,0,0,0,2,9,18.0,0022500658,Jarrett Allen,jarrett allen,,,2026-01-26,0,0.2710843373493976,0.0,0.12048192771084336,0.03012048192771084,0.0,4.0,5.0,5.0,7.0,6.0,5.0,3.0,4.0,2.0,0,0.0,0,0.0009299999999999999,24.7,26530.61224489796,24.677029,0.0,7.0,8.0,0.17835492
0022500658,1610612739,Cleveland,Cavaliers,CLE,cavaliers,1642281,Jaylon,Tyson,J. Tyson,jaylon-tyson,G,,,34:46,34.766666666666666,5,10,0.5,2,3,0.667,2,2,1.0,2,7,9,4,1,1,3,1,14,12.0,0022500658,Jaylon Tyson,jaylon tyson,,,2026-01-26,2,0.4026845637583893,0.05752636625119847,0.2588686481303931,0.11505273250239693,0.11505273250239693,3.0,1.0,1.0,2.0,2.0,2.0,4.0,3.0,1.0,0,0.0,0,0.00187,15.6,8337.787279529664,15.570827999999999,0.05752636625119847,1.0,4.0,0.6312582
0022500658,1610612739,Cleveland,Cavaliers,CLE,cavaliers,1628378,Donovan,Mitchell,D. Mitchell,donovan-mitchell,G,,,35:09,35.15,15,25,0.6,5,8,0.625,10,12,0.833,0,4,4,4,1,0,4,2,45,23.0,0022500658,Donovan Mitchell,donovan mitchell,,,2026-01-26,1,1.2802275960170697,0.0,0.11379800853485064,0.11379800853485064,0.02844950213371266,1.0,5.0,5.0,2.0,2.0,5.0,1.0,1.0,1.0,0,0.0,0,0.00398,27.1,6807.334840492339,26.992142,0.02844950213371266,6.0,7.0,0.69353265
0022500658,1610612739,Cleveland,Cavaliers,CLE,cavaliers,1641854,Craig,Porter Jr.,C. Porter Jr.,craig-porter-jr,,,,15:29,15.483333333333333,2,5,0.4,0,1,0.0,0,0,0.0,1,4,5,5,0,0,0,2,4,5.0,0022500658,Craig Porter Jr.,craig porter jr,,,2026-01-26,0,0.25834230355220666,0.06458557588805167,0.32292787944025836,0.32292787944025836,0.06458557588805167,8.0,4.0,4.0,1.0,6.0,5.0,5.0,7.0,1.0,0,0.0,0,0.0015199999999999999,18.9,12426.03550295858,18.871271999999998,0.0,7.0,6.0,0.055683866
0022500658,1610612739,Cleveland,Cavaliers,CLE,cavaliers,1641772,Nae'Qwan,Tomlin,N. Tomlin,naeqwan-tomlin,,,,23:36,23.6,2,7,0.286,1,4,0.25,3,4,0.75,0,3,3,1,0,0,2,1,8,-5.0,0022500658,Nae'Qwan Tomlin,nae'qwan tomlin,,,2026-01-26,0,0.3389830508474576,0.0,0.1271186440677966,0.0423728813559322,0.0,5.0,5.0,7.0,7.0,6.0,5.0,10.0,6.0,2.0,0,0.0,0,0.00208,-8.7,-4180.682364247958,-8.681904,0.0,7.0,8.0,0.040368374
0022500658,1610612739,Cleveland,Cavaliers,CLE,cavaliers,1628366,Lonzo,Ball,L. Ball,lonzo-ball,,,,13:53,13.883333333333333,0,1,0.0,0,1,0.0,0,0,0.0,0,1,1,1,1,1,1,2,0,-1.0,0022500658,Lonzo Ball,lonzo ball,,,2026-01-26,2,0.0,0.0,0.07202881152460984,0.07202881152460984,0.14405762304921968,10.0,5.0,9.0,7.0,2.0,2.0,8.0,9.0,1.0,0,0.0,0,0.00065,-0.2,-307.21966205837174,-0.19987,0.14405762304921968,1.0,1.0,0.013042783
0022500658,1610612739,Cleveland,Cavaliers,CLE,cavaliers,1626204,Larry,Nance Jr.,L. Nance Jr.,larry-nance-jr,,,,6:01,6.016666666666667,1,2,0.5,0,1,0.0,0,0,0.0,0,1,1,0,0,0,0,0,2,-1.0,0022500658,Larry Nance Jr.,larry nance jr,,,2026-01-26,0,0.33240997229916897,0.0,0.16620498614958448,0.0,0.0,9.0,5.0,9.0,10.0,6.0,5.0,8.0,10.0,0.0,0,0.0,0,0.0014299999999999998,-8.3,-5800.139762403915,-8.288131,0.0,7.0,8.0,0.007526515
0022500658,1610612739,Cleveland,Cavaliers,CLE,cavaliers,1642878,Tyrese,Proctor,T. Proctor,tyrese-proctor,,,,14:02,14.033333333333333,2,3,0.667,2,2,1.0,0,0,0.0,0,2,2,3,2,0,2,0,6,3.0,0022500658,Tyrese Proctor,tyrese proctor,,,2026-01-26,2,0.42755344418052255,0.0,0.14251781472684086,0.21377672209026127,0.14251781472684086,6.0,5.0,8.0,4.0,1.0,5.0,7.0,8.0,3.0,0,0.0,0,0.0015199999999999999,11.1,7297.830374753453,11.083128,0.14251781472684086,1.0,2.0,0.10051901
0022500671,1610612739,Cleveland,Cavaliers,CLE,cavaliers,1642281,Jaylon,Tyson,J. Tyson,jaylon-tyson,F,,,29:23,29.383333333333333,8,15,0.533,3,7,0.429,1,1,1.0,2,4,6,6,1,0,1,2,20,29.0,0022500671,Jaylon Tyson,jaylon tyson,,,2026-01-28,1,0.6806579693703914,0.06806579693703914,0.20419739081111743,0.20419739081111743,0.10209869540555871,2.0,2.0,2.0,1.0,3.0,3.0,2.0,1.0,2.0,0,0.0,0,0.00232,48.3,20809.99569151228,48.187943999999995,0.03403289846851957,3.0,7.0,0.77034754
0022500671,1610612739,Cleveland,Cavaliers,CLE,cavaliers,1629731,Dean,Wade,D. Wade,dean-wade,F,,,17:56,17.933333333333334,4,5,0.8,2,3,0.667,1,2,0.5,0,5,5,2,1,0,0,1,11,17.0,0022500671,Dean Wade,dean wade,,,2026-01-28,1,0.6133828996282528,0.0,0.2788104089219331,0.11152416356877323,0.055762081784386616,5.0,10.0,3.0,7.0,3.0,3.0,5.0,7.0,1.0,0,0.0,0,0.00146,44.3,30321.697467488022,44.235322,0.055762081784386616,3.0,11.0,0.74915504
0022500671,1610612739,Cleveland,Cavaliers,CLE,cavaliers,1628386,Jarrett,Allen,J. Allen,jarrett-allen,C,,,24:04,24.066666666666666,8,11,0.727,0,0,0.0,1,2,0.5,2,7,9,2,1,0,2,1,17,24.0,0022500671,Jarrett Allen,jarrett allen,,,2026-01-28,1,0.7063711911357341,0.08310249307479224,0.3739612188365651,0.08310249307479224,0.12465373961218837,4.0,2.0,1.0,7.0,3.0,3.0,3.0,4.0,0.0,0,0.0,0,0.00241,44.1,18291.165491497304,43.993719,0.04155124653739612,3.0,4.0,0.7462274
0022500671,1610612739,Cleveland,Cavaliers,CLE,cavaliers,1630241,Sam,Merrill,S. Merrill,sam-merrill,G,,,23:55,23.916666666666668,1,4,0.25,1,3,0.333,1,2,0.5,1,0,1,4,0,1,1,0,4,31.0,0022500671,Sam Merrill,sam merrill,,,2026-01-28,1,0.16724738675958187,0.04181184668989547,0.04181184668989547,0.16724738675958187,0.08362369337979093,10.0,5.0,10.0,3.0,11.0,1.0,1.0,5.0,1.0,0,0.0,0,0.00109,61.5,56370.30247479377,61.432964999999996,0.04181184668989547,3.0,10.0,0.074428074
0022500671,1610612739,Cleveland,Cavaliers,CLE,cavaliers,1628378,Donovan,Mitchell,D. Mitchell,donovan-mitchell,G,,,28:40,28.666666666666668,9,21,0.429,3,9,0.333,4,4,1.0,2,3,5,5,1,0,0,4,25,11.0,0022500671,Donovan Mitchell,donovan mitchell,,,2026-01-28,1,0.872093023255814,0.06976744186046512,0.1744186046511628,0.1744186046511628,0.10465116279069767,1.0,2.0,3.0,2.0,3.0,3.0,7.0,2.0,3.0,0,0.0,0,0.00307,12.8,4168.023445131879,12.760704,0.03488372093023256,3.0,6.0,0.6865165
0022500671,1610612739,Cleveland,Cavaliers,CLE,cavaliers,1641854,Craig,Porter Jr.,C. Porter Jr.,craig-porter-jr,,,,15:18,15.3,3,5,0.6,1,3,0.333,0,0,0.0,1,0,1,3,2,0,0,1,7,16.0,0022500671,Craig Porter Jr.,craig porter jr,,,2026-01-28,2,0.45751633986928103,0.06535947712418301,0.06535947712418301,0.19607843137254902,0.19607843137254902,9.0,5.0,10.0,4.0,1.0,3.0,6.0,9.0,3.0,0,0.0,0,0.00128,44.3,34582.3575331772,44.243296,0.13071895424836602,2.0,2.0,0.2026679
0022500671,1610612739,Cleveland,Cavaliers,CLE,cavaliers,1629631,De'Andre,Hunter,D. Hunter,deandre-hunter,,,,21:01,21.016666666666666,7,15,0.467,3,8,0.375,2,2,1.0,1,2,3,1,1,0,0,0,19,7.0,0022500671,De'Andre Hunter,de'andre hunter,,,2026-01-28,1,0.9040444091990484,0.04758128469468676,0.1427438540840603,0.04758128469468676,0.09516256938937352,3.0,5.0,8.0,10.0,3.0,3.0,10.0,6.0,1.0,0,0.0,0,0.00296,13.3,4491.725768321513,13.260632000000001,0.04758128469468676,3.0,8.0,0.7361758
0022500671,1610612739,Cleveland,Cavaliers,CLE,cavaliers,1641772,Nae'Qwan,Tomlin,N. Tomlin,naeqwan-tomlin,,,,28:32,28.533333333333335,4,6,0.667,0,2,0.0,0,0,0.0,3,1,4,3,2,1,1,2,8,8.0,0022500671,Nae'Qwan Tomlin,nae'qwan tomlin,,,2026-01-28,3,0.2803738317757009,0.10514018691588785,0.14018691588785046,0.10514018691588785,0.2102803738317757,7.0,1.0,6.0,4.0,1.0,1.0,8.0,3.0,7.0,0,0.0,0,0.001,13.6,13586.413586413586,13.5864,0.10514018691588785,1.0,1.0,0.44752967
0022500671,1610612739,Cleveland,Cavaliers,CLE,cavaliers,1626204,Larry,Nance Jr.,L. Nance Jr.,larry-nance-jr,,,,12:02,12.033333333333333,0,3,0.0,0,2,0.0,0,0,0.0,1,2,3,0,1,0,1,1,0,-14.0,0022500671,Larry Nance Jr.,larry nance jr,,,2026-01-28,1,0.0,0.08310249307479224,0.24930747922437674,0.0,0.16620498614958448,11.0,5.0,8.0,12.0,3.0,3.0,12.0,10.0,1.0,0,0.0,0,0.0012900000000000001,-53.8,-41673.12161115414,-53.73059799999999,0.08310249307479224,3.0,3.0,0.007866265
0022500671,1610612739,Cleveland,Cavaliers,CLE,cavaliers,1642878,Tyrese,Proctor,T. Proctor,tyrese-proctor,,,,10:40,10.666666666666666,3,5,0.6,2,2,1.0,0,0,0.0,0,0,0,3,1,0,0,2,8,-5.0,0022500671,Tyrese Proctor,tyrese proctor,,,2026-01-28,1,0.75,0.0,0.0,0.28125,0.09375,7.0,10.0,12.0,4.0,3.0,3.0,11.0,12.0,1.0,0,0.0,0,0.002,-11.8,-5897.051474262868,-11.7764,0.09375,3.0,9.0,0.08248421
0022500671,1610612739,Cleveland,Cavaliers,CLE,cavaliers,1628418,Thomas,Bryant,T. Bryant,thomas-bryant,,,,16:29,16.483333333333334,4,7,0.571,2,5,0.4,0,0,0.0,1,3,4,1,1,0,0,0,10,18.0,0022500671,Thomas Bryant,thomas bryant,,,2026-01-28,1,0.6066734074823054,0.06066734074823053,0.24266936299292213,0.06066734074823053,0.12133468149646107,6.0,5.0,6.0,10.0,3.0,3.0,4.0,8.0,1.0,0,0.0,0,0.0020599999999999998,58.1,28190.198932557014,57.98031400000001,0.06066734074823053,3.0,5.0,0.6079966
0022500671,1610612739,Cleveland,Cavaliers,CLE,cavaliers,1628366,Lonzo,Ball,L. Ball,lonzo-ball,,,,12:00,12.0,0,0,0.0,0,0,0.0,0,0,0.0,0,5,5,2,0,0,2,1,0,8.0,0022500671,Lonzo Ball,lonzo ball,,,2026-01-28,0,0.0,0.0,0.4166666666666667,0.16666666666666666,0.0,11.0,10.0,3.0,7.0,11.0,3.0,8.0,11.0,1.0,0,0.0,0,0.00083,36.4,43802.647412755716,36.369788,0.0,12.0,12.0,0.0062451884
0022500693,1610612739,Cleveland,Cavaliers,CLE,cavaliers,1642281,Jaylon,Tyson,J. Tyson,jaylon-tyson,F,,,25:21,25.35,7,13,0.538,2,5,0.4,0,0,0.0,1,3,4,3,0,0,0,1,16,-30.0,0022500693,Jaylon Tyson,jaylon tyson,,,2026-01-30,0,0.631163708086785,0.03944773175542406,0.15779092702169625,0.11834319526627218,0.03944773175542406,2.0,5.0,5.0,5.0,8.0,3.0,11.0,2.0,2.0,0,0.0,0,0.00194,-52.7,-27150.953116950026,-52.597762,0.0,9.0,10.0,0.75207615
0022500693,1610612739,Cleveland,Cavaliers,CLE,cavaliers,1629731,Dean,Wade,D. Wade,dean-wade,F,,,19:59,19.983333333333334,1,3,0.333,1,3,0.333,0,0,0.0,2,2,4,0,0,0,1,1,3,-14.0,0022500693,Dean Wade,dean wade,,,2026-01-30,0,0.1501251042535446,0.1000834028356964,0.2001668056713928,0.0,0.1000834028356964,10.0,4.0,5.0,11.0,8.0,3.0,8.0,8.0,0.0,0,0.0,0,0.00078,-27.3,-34955.185659411014,-27.278706,0.0,9.0,6.0,0.0122403875
0022500693,1610612739,Cleveland,Cavaliers,CLE,cavaliers,1628386,Jarrett,Allen,J. Allen,jarrett-allen,C,,,23:05,23.083333333333332,6,9,0.667,0,0,0.0,0,0,0.0,5,2,7,3,1,1,1,2,12,-27.0,0022500693,Jarrett Allen,jarrett allen,,,2026-01-30,2,0.5198555956678701,0.21660649819494585,0.3032490974729242,0.12996389891696752,0.3032490974729242,5.0,1.0,1.0,5.0,5.0,1.0,10.0,6.0,1.0,0,0.0,0,0.00164,-54.0,-32906.76416819013,-53.91144,0.08664259927797835,3.0,2.0,0.65739894
0022500693,1610612739,Cleveland,Cavaliers,CLE,cavaliers,1630241,Sam,Merrill,S. Merrill,sam-merrill,G,,,18:46,18.766666666666666,4,12,0.333,2,7,0.286,0,0,0.0,1,1,2,2,0,0,1,3,10,-19.0,0022500693,Sam Merrill,sam merrill,,,2026-01-30,0,0.5328596802841918,0.05328596802841919,0.10657193605683837,0.10657193605683837,0.05328596802841919,6.0,5.0,10.0,7.0,8.0,3.0,9.0,9.0,1.0,0,0.0,0,0.0025,-48.7,-19472.21111555378,-48.578250000000004,0.0,9.0,8.0,0.24317476
0022500693,1610612739,Cleveland,Cavaliers,CLE,cavaliers,1628378,Donovan,Mitchell,D. Mitchell,donovan-mitchell,G,,,27:44,27.733333333333334,6,12,0.5,3,8,0.375,1,1,1.0,0,3,3,6,1,0,8,0,16,-10.0,0022500693,Donovan Mitchell,donovan mitchell,,,2026-01-30,1,0.5769230769230769,0.0,0.10817307692307691,0.21634615384615383,0.036057692307692304,2.0,8.0,7.0,1.0,5.0,3.0,5.0,1.0,0.0,0,0.0,0,0.0027400000000000002,-21.3,-7770.88653775994,-21.241638000000002,0.036057692307692304,6.0,11.0,0.7279688
0022500693,1610612739,Cleveland,Cavaliers,CLE,cavaliers,1628366,Lonzo,Ball,L. Ball,lonzo-ball,,,,24:33,24.55,1,8,0.125,1,7,0.143,0,1,0.0,1,5,6,5,3,0,3,0,3,-10.0,0022500693,Lonzo Ball,lonzo ball,,,2026-01-30,3,0.12219959266802444,0.04073319755600815,0.24439918533604887,0.20366598778004072,0.1629327902240326,10.0,5.0,2.0,3.0,1.0,3.0,5.0,5.0,3.0,0,0.0,0,0.00164,-18.2,-11090.79829372334,-18.170151999999998,0.12219959266802444,1.0,4.0,0.03293535
0022500693,1610612739,Cleveland,Cavaliers,CLE,cavaliers,1629631,De'Andre,Hunter,D. Hunter,deandre-hunter,,,,22:52,22.866666666666667,7,15,0.467,2,7,0.286,1,3,0.333,0,3,3,1,3,0,3,2,17,-10.0,0022500693,De'Andre Hunter,de'andre hunter,,,2026-01-30,3,0.7434402332361516,0.0,0.13119533527696792,0.043731778425655975,0.13119533527696792,1.0,8.0,7.0,9.0,1.0,3.0,5.0,7.0,2.0,0,0.0,0,0.00328,-20.0,-6095.70252971655,-19.9344,0.13119533527696792,1.0,5.0,0.8677606
0022500693,1610612739,Cleveland,Cavaliers,CLE,cavaliers,1641772,Nae'Qwan,Tomlin,N. Tomlin,naeqwan-tomlin,,,,24:55,24.916666666666668,6,9,0.667,0,2,0.0,2,2,1.0,3,2,5,1,2,0,1,3,14,14.0,0022500693,Nae'Qwan Tomlin,nae'qwan tomlin,,,2026-01-30,2,0.5618729096989966,0.12040133779264213,0.2006688963210702,0.04013377926421405,0.2006688963210702,4.0,2.0,4.0,9.0,3.0,3.0,2.0,3.0,3.0,0,0.0,0,0.00167,21.6,12926.391382405745,21.563928000000004,0.0802675585284281,3.0,3.0,0.8528091
0022500693,1610612739,Cleveland,Cavaliers,CLE,cavaliers,1628418,Thomas,Bryant,T. Bryant,thomas-bryant,,,,24:43,24.716666666666665,3,6,0.5,3,5,0.6,0,0,0.0,0,6,6,6,0,1,1,1,9,14.0,0022500693,Thomas Bryant,thomas bryant,,,2026-01-30,1,0.36412677006068783,0.0,0.24275118004045854,0.24275118004045854,0.04045853000674309,7.0,8.0,2.0,1.0,8.0,1.0,2.0,4.0,0.0,0,0.0,0,0.00106,19.7,18567.389255419417,19.679118,0.04045853000674309,6.0,9.0,0.28325573
0022500693,1610612739,Cleveland,Cavaliers,CLE,cavaliers,1642878,Tyrese,Proctor,T. Proctor,tyrese-proctor,,,,17:50,17.833333333333332,1,5,0.2,0,3,0.0,2,2,1.0,0,0,0,5,1,0,3,3,4,10.0,0022500693,Tyrese Proctor,tyrese proctor,,,2026-01-30,1,0.22429906542056077,0.0,0.0,0.28037383177570097,0.05607476635514019,9.0,8.0,11.0,3.0,5.0,3.0,4.0,10.0,2.0,0,0.0,0,0.00196,23.1,11779.704232534421,23.054724000000004,0.05607476635514019,6.0,7.0,0.016868519
0022500693,1610612739,Cleveland,Cavaliers,CLE,cavaliers,1626204,Larry,Nance Jr.,L. Nance Jr.,larry-nance-jr,,,,10:12,10.2,3,5,0.6,1,1,1.0,2,2,1.0,3,0,3,2,2,0,0,1,9,17.0,0022500693,Larry Nance Jr.,larry nance jr,,,2026-01-30,2,0.8823529411764707,0.29411764705882354,0.29411764705882354,0.19607843137254904,0.4901960784313726,7.0,2.0,7.0,7.0,3.0,3.0,1.0,11.0,2.0,0,0.0,0,0.00207,67.8,32737.807822308063,67.65965399999999,0.19607843137254904,3.0,1.0,0.39546308
0022500710,1610612739,Cleveland,Cavaliers,CLE,cavaliers,1642281,Jaylon,Tyson,J. Tyson,jaylon-tyson,F,,,29:30,29.5,7,12,0.583,4,4,1.0,0,0,0.0,1,2,3,6,0,0,4,0,18,25.0,0022500710,Jaylon Tyson,jaylon tyson,,,2026-02-01,0,0.6101694915254238,0.03389830508474576,0.1016949152542373,0.2033898305084746,0.03389830508474576,3.0,3.0,3.0,3.0,8.0,4.0,2.0,2.0,1.0,0,0.0,0,0.0022500000000000003,41.3,18347.4011550422,41.207074999999996,0.0,8.0,9.0,0.6895992
0022500710,1610612739,Cleveland,Cavaliers,CLE,cavaliers,1629731,Dean,Wade,D. Wade,dean-wade,F,,,26:25,26.416666666666668,2,5,0.4,2,4,0.5,0,0,0.0,0,3,3,1,3,0,0,3,6,32.0,0022500710,Dean Wade,dean wade,,,2026-02-01,3,0.22712933753943218,0.0,0.11356466876971609,0.03785488958990536,0.11356466876971609,7.0,5.0,3.0,7.0,2.0,4.0,1.0,6.0,2.0,0,0.0,0,0.00077,59.0,76523.99481193256,58.95457,0.11356466876971609,3.0,5.0,0.43256548
0022500710,1610612739,Cleveland,Cavaliers,CLE,cavaliers,1628386,Jarrett,Allen,J. Allen,jarrett-allen,C,,,29:30,29.5,16,23,0.696,0,1,0.0,8,12,0.667,6,11,17,5,2,4,0,0,40,25.0,0022500710,Jarrett Allen,jarrett allen,,,2026-02-01,6,1.3559322033898304,0.2033898305084746,0.576271186440678,0.1694915254237288,0.4067796610169492,1.0,1.0,1.0,4.0,3.0,1.0,2.0,2.0,4.0,0,0.0,0,0.004079999999999999,41.3,10120.06861063465,41.131496,0.2033898305084746,2.0,2.0,0.87142634
0022500710,1610612739,Cleveland,Cavaliers,CLE,cavaliers,1630241,Sam,Merrill,S. Merrill,sam-merrill,G,,,29:22,29.366666666666667,7,9,0.778,6,8,0.75,2,2,1.0,0,2,2,4,0,0,1,2,22,25.0,0022500710,Sam Merrill,sam merrill,,,2026-02-01,0,0.7491486946651532,0.0,0.0681044267877412,0.1362088535754824,0.0,2.0,5.0,7.0,5.0,8.0,4.0,2.0,4.0,0.0,0,0.0,0,0.00155,39.7,25596.389426176665,39.638465000000004,0.0,8.0,10.0,0.9064022
0022500710,1610612739,Cleveland,Cavaliers,CLE,cavaliers,1628378,Donovan,Mitchell,D. Mitchell,donovan-mitchell,G,,,31:28,31.466666666666665,6,15,0.4,2,7,0.286,0,0,0.0,0,0,0,9,2,1,3,3,14,6.0,0022500710,Donovan Mitchell,donovan mitchell,,,2026-02-01,3,0.44491525423728817,0.0,0.0,0.2860169491525424,0.09533898305084747,4.0,5.0,11.0,2.0,3.0,3.0,5.0,1.0,1.0,0,0.0,0,0.0023699999999999997,11.6,4892.450442851118,11.572508,0.09533898305084747,3.0,6.0,0.40961847
0022500710,1610612739,Cleveland,Cavaliers,CLE,cavaliers,1641854,Craig,Porter Jr.,C. Porter Jr.,craig-porter-jr,,,,27:43,27.716666666666665,1,5,0.2,0,1,0.0,1,2,0.5,0,4,4,12,5,2,1,2,3,2.0,0022500710,Craig Porter Jr.,craig porter jr,,,2026-02-01,7,0.10823812387251955,0.0,0.14431749849669273,0.4329524954900782,0.2525556223692123,8.0,5.0,2.0,1.0,1.0,2.0,6.0,5.0,7.0,0,0.0,0,0.00109,9.8,8982.584784601284,9.789318,0.2525556223692123,1.0,3.0,0.121717505
0022500710,1610612739,Cleveland,Cavaliers,CLE,cavaliers,1641772,Nae'Qwan,Tomlin,N. Tomlin,naeqwan-tomlin,,,,21:28,21.466666666666665,5,8,0.625,0,2,0.0,2,2,1.0,0,1,1,0,1,0,0,1,12,-7.0,0022500710,Nae'Qwan Tomlin,nae'qwan tomlin,,,2026-02-01,1,0.5590062111801243,0.0,0.04658385093167702,0.0,0.04658385093167702,5.0,5.0,9.0,10.0,5.0,4.0,11.0,7.0,1.0,0,0.0,0,0.0018,-3.1,-1721.2659633536925,-3.09442,0.04658385093167702,5.0,8.0,0.61261666
0022500710,1610612739,Cleveland,Cavaliers,CLE,cavaliers,1628418,Thomas,Bryant,T. Bryant,thomas-bryant,,,,13:34,13.566666666666666,4,8,0.5,1,4,0.25,1,1,1.0,0,1,1,0,0,0,2,3,10,-2.0,0022500710,Thomas Bryant,thomas bryant,,,2026-02-01,0,0.7371007371007371,0.0,0.07371007371007371,0.0,0.0,6.0,5.0,9.0,10.0,8.0,4.0,9.0,9.0,2.0,0,0.0,0,0.0030299999999999997,3.6,1187.726822830749,3.589092,0.0,8.0,10.0,0.39137945
0022500710,1610612739,Cleveland,Cavaliers,CLE,cavaliers,1628366,Lonzo,Ball,L. Ball,lonzo-ball,,,,16:26,16.433333333333334,1,2,0.5,1,2,0.5,0,0,0.0,0,3,3,2,1,0,0,1,3,-10.0,0022500710,Lonzo Ball,lonzo ball,,,2026-02-01,1,0.18255578093306288,0.0,0.18255578093306288,0.12170385395537525,0.060851926977687626,8.0,5.0,3.0,6.0,5.0,4.0,12.0,8.0,2.0,0,0.0,0,0.0005099999999999999,-23.9,-46771.037181996086,-23.887811,0.060851926977687626,5.0,7.0,0.022774193
0022500710,1610612739,Cleveland,Cavaliers,CLE,cavaliers,1626204,Larry,Nance Jr.,L. Nance Jr.,larry-nance-jr,,,,9:27,9.45,0,2,0.0,0,1,0.0,0,0,0.0,1,2,3,0,1,0,1,0,0,-5.0,0022500710,Larry Nance Jr.,larry nance jr,,,2026-02-01,1,0.0,0.10582010582010583,0.3174603174603175,0.0,0.21164021164021166,11.0,3.0,3.0,10.0,5.0,4.0,10.0,10.0,2.0,0,0.0,0,0.0013,-23.8,-18293.620292083015,-23.769060000000003,0.10582010582010583,5.0,4.0,0.011935816
0022500710,1610612739,Cleveland,Cavaliers,CLE,cavaliers,1642400,Tristan,Enaruna,T. Enaruna,tristan-enaruna,,,,2:34,2.5666666666666664,1,1,1.0,0,0,0.0,0,0,0.0,2,0,2,1,0,0,0,0,2,2.0,0022500710,Tristan Enaruna,tristan enaruna,,,2026-02-01,0,0.7792207792207793,0.7792207792207793,0.7792207792207793,0.38961038961038963,0.7792207792207793,10.0,2.0,7.0,7.0,8.0,4.0,6.0,11.0,,1,,1,0.0014299999999999998,56.7,39622.64150943397,56.618919,0.0,8.0,1.0,0.047986414
0022500710,1610612739,Cleveland,Cavaliers,CLE,cavaliers,1642878,Tyrese,Proctor,T. Proctor,tyrese-proctor,,,,2:34,2.5666666666666664,0,1,0.0,0,0,0.0,0,0,0.0,0,0,0,1,0,0,1,0,0,2.0,0022500710,Tyrese Proctor,tyrese proctor,,,2026-02-01,0,0.0,0.0,0.0,0.38961038961038963,0.0,11.0,5.0,11.0,7.0,8.0,4.0,6.0,11.0,,1,,1,0.0028599999999999997,56.7,19818.24536875219,56.53783800000001,0.0,8.0,10.0,0.0039028856
0022500732,1610612739,Cleveland,Cavaliers,CLE,cavaliers,1642281,Jaylon,Tyson,J. Tyson,jaylon-tyson,F,,,24:32,24.533333333333335,7,10,0.7,3,3,1.0,0,3,0.0,2,2,4,1,1,0,2,1,17,20.0,0022500732,Jaylon Tyson,jaylon tyson,,,2026-02-04,1,0.6929347826086956,0.08152173913043478,0.16304347826086957,0.04076086956521739,0.12228260869565216,2.0,4.0,4.0,8.0,6.0,4.0,3.0,3.0,0.0,0,0.0,0,0.0022,41.0,18627.8964107224,40.909800000000004,0.04076086956521739,7.0,8.0,0.7785673
0022500732,1610612739,Cleveland,Cavaliers,CLE,cavaliers,1629731,Dean,Wade,D. Wade,dean-wade,F,,,19:37,19.616666666666667,2,5,0.4,1,3,0.333,0,0,0.0,0,3,3,3,1,0,0,1,5,12.0,0022500732,Dean Wade,dean wade,,,2026-02-04,1,0.2548853016142736,0.0,0.15293118096856415,0.15293118096856415,0.05097706032285471,11.0,7.0,5.0,3.0,6.0,4.0,7.0,7.0,3.0,0,0.0,0,0.00111,27.0,24302.4302430243,26.970029999999998,0.05097706032285471,7.0,11.0,0.019055774
0022500732,1610612739,Cleveland,Cavaliers,CLE,cavaliers,1628386,Jarrett,Allen,J. Allen,jarrett-allen,C,,,23:23,23.383333333333333,5,8,0.625,0,0,0.0,0,2,0.0,3,8,11,3,2,1,0,0,10,20.0,0022500732,Jarrett Allen,jarrett allen,,,2026-02-04,3,0.4276550249465431,0.12829650748396293,0.47042052744119744,0.12829650748396293,0.25659301496792586,5.0,1.0,1.0,3.0,3.0,3.0,3.0,4.0,2.0,0,0.0,0,0.00145,43.5,29979.324603721576,43.436925,0.12829650748396293,3.0,3.0,0.76102513
0022500732,1610612739,Cleveland,Cavaliers,CLE,cavaliers,1630241,Sam,Merrill,S. Merrill,sam-merrill,G,,,21:03,21.05,4,6,0.667,3,5,0.6,0,0,0.0,1,0,1,0,0,0,1,1,11,21.0,0022500732,Sam Merrill,sam merrill,,,2026-02-04,0,0.5225653206650831,0.047505938242280284,0.047505938242280284,0.0,0.047505938242280284,3.0,5.0,10.0,11.0,10.0,4.0,2.0,5.0,3.0,0,0.0,0,0.0014000000000000002,47.7,34047.10920770878,47.63322,0.0,11.0,12.0,0.81274915
0022500732,1610612739,Cleveland,Cavaliers,CLE,cavaliers,1628378,Donovan,Mitchell,D. Mitchell,donovan-mitchell,G,,,30:05,30.083333333333332,10,19,0.526,3,9,0.333,6,6,1.0,0,5,5,9,4,0,2,1,29,24.0,0022500732,Donovan Mitchell,donovan mitchell,,,2026-02-04,4,0.96398891966759,0.0,0.16620498614958448,0.2991689750692521,0.1329639889196676,1.0,7.0,3.0,1.0,1.0,4.0,1.0,1.0,5.0,0,0.0,0,0.00338,38.8,11475.894705708368,38.668856,0.1329639889196676,1.0,7.0,0.7288209
0022500732,1610612739,Cleveland,Cavaliers,CLE,cavaliers,1641772,Nae'Qwan,Tomlin,N. Tomlin,naeqwan-tomlin,,,,20:16,20.266666666666666,1,7,0.143,0,4,0.0,2,2,1.0,0,1,1,2,2,2,0,4,4,16.0,0022500732,Nae'Qwan Tomlin,nae'qwan tomlin,,,2026-02-04,4,0.19736842105263158,0.0,0.049342105263157895,0.09868421052631579,0.19736842105263158,12.0,7.0,10.0,5.0,3.0,1.0,5.0,6.0,4.0,0,0.0,0,0.00154,34.4,22323.166774821548,34.347024,0.19736842105263158,1.0,4.0,0.0400064
0022500732,1610612739,Cleveland,Cavaliers,CLE,cavaliers,203471,Dennis,Schröder,D. Schröder,dennis-schröder,,,,19:13,19.216666666666665,5,14,0.357,1,5,0.2,0,0,0.0,0,2,2,6,3,0,3,0,11,15.0,0022500732,Dennis Schröder,dennis schröder,,,2026-02-04,3,0.572419774501301,0.0,0.10407632263660019,0.31222896790980054,0.15611448395490027,3.0,7.0,8.0,2.0,2.0,4.0,6.0,8.0,3.0,0,0.0,0,0.0035399999999999997,39.4,11126.80033888732,39.260524,0.15611448395490027,3.0,5.0,0.66986555
0022500732,1610612739,Cleveland,Cavaliers,CLE,cavaliers,1628418,Thomas,Bryant,T. Bryant,thomas-bryant,,,,16:30,16.5,4,6,0.667,0,1,0.0,0,0,0.0,3,5,8,0,0,2,0,0,8,8.0,0022500732,Thomas Bryant,thomas bryant,,,2026-02-04,2,0.48484848484848486,0.18181818181818182,0.48484848484848486,0.0,0.30303030303030304,6.0,1.0,2.0,11.0,10.0,1.0,9.0,10.0,0.0,0,0.0,0,0.0015,22.9,15256.495669553631,22.86565,0.12121212121212122,5.0,2.0,0.513874
0022500732,1610612739,Cleveland,Cavaliers,CLE,cavaliers,1641854,Craig,Porter Jr.,C. Porter Jr.,craig-porter-jr,,,,24:46,24.766666666666666,3,5,0.6,1,2,0.5,0,0,0.0,1,1,2,2,1,0,0,2,7,11.0,0022500732,Craig Porter Jr.,craig porter jr,,,2026-02-04,1,0.28263795423956933,0.04037685060565276,0.08075370121130553,0.08075370121130553,0.08075370121130553,8.0,5.0,8.0,5.0,6.0,4.0,8.0,2.0,6.0,0,0.0,0,0.00079,19.0,24020.227560050567,18.98499,0.04037685060565276,7.0,10.0,0.03908156
0022500732,1610612739,Cleveland,Cavaliers,CLE,cavaliers,1631165,Keon,Ellis,K. Ellis,keon-ellis,,,,18:32,18.533333333333335,2,5,0.4,2,4,0.5,0,0,0.0,0,3,3,0,2,0,1,1,6,3.0,0022500732,Keon Ellis,keon ellis,,,2026-02-04,2,0.3237410071942446,0.0,0.1618705035971223,0.0,0.1079136690647482,9.0,7.0,5.0,11.0,3.0,4.0,13.0,9.0,5.0,0,0.0,0,0.0013,4.9,3766.3335895465034,4.893630000000001,0.1079136690647482,5.0,9.0,0.065637335
0022500732,1610612739,Cleveland,Cavaliers,CLE,cavaliers,1626204,Larry,Nance Jr.,L. Nance Jr.,larry-nance-jr,,,,8:07,8.116666666666667,3,4,0.75,2,3,0.667,0,0,0.0,0,1,1,1,0,0,0,1,8,5.0,0022500732,Larry Nance Jr.,larry nance jr,,,2026-02-04,0,0.9856262833675564,0.0,0.12320328542094455,0.12320328542094455,0.0,6.0,7.0,10.0,8.0,10.0,4.0,10.0,11.0,2.0,0,0.0,0,0.0019,23.5,12361.914781693846,23.45535,0.0,11.0,13.0,0.089990556
0022500732,1610612739,Cleveland,Cavaliers,CLE,cavaliers,1642400,Tristan,Enaruna,T. Enaruna,tristan-enaruna,,,,6:58,6.966666666666667,1,2,0.5,0,0,0.0,0,0,0.0,3,0,3,1,0,0,0,0,2,5.0,0022500732,Tristan Enaruna,tristan enaruna,,,2026-02-04,0,0.28708133971291866,0.43062200956937796,0.43062200956937796,0.14354066985645933,0.43062200956937796,13.0,1.0,5.0,8.0,10.0,4.0,10.0,12.0,0.0,0,0.0,0,0.0011799999999999998,28.0,23708.72142252329,27.96696,0.0,11.0,1.0,0.013479297
0022500732,1610612739,Cleveland,Cavaliers,CLE,cavaliers,1642878,Tyrese,Proctor,T. Proctor,tyrese-proctor,,,,6:58,6.966666666666667,3,7,0.429,0,2,0.0,0,0,0.0,0,0,0,2,1,0,0,0,6,5.0,0022500732,Tyrese Proctor,tyrese proctor,,,2026-02-04,1,0.8612440191387559,0.0,0.0,0.28708133971291866,0.14354066985645933,9.0,7.0,13.0,5.0,6.0,4.0,10.0,12.0,1.0,0,0.0,0,0.0041199999999999995,28.0,6794.467362290707,27.88464,0.14354066985645933,7.0,6.0,0.035433043
0022500756,1610612739,Cleveland,Cavaliers,CLE,cavaliers,1630241,Sam,Merrill,S. Merrill,sam-merrill,F,,,23:54,23.9,0,6,0.0,0,5,0.0,2,2,1.0,0,1,1,2,0,0,1,2,2,-8.0,0022500756,Sam Merrill,sam merrill,,,2026-02-07,0,0.08368200836820085,0.0,0.041841004184100423,0.08368200836820085,0.0,10.0,7.0,10.0,6.0,6.0,3.0,7.0,5.0,0.0,0,0.0,0,0.00127,-19.7,-15499.606608969316,-19.674981,0.0,6.0,9.0,0.0063973805
0022500756,1610612739,Cleveland,Cavaliers,CLE,cavaliers,1642281,Jaylon,Tyson,J. Tyson,jaylon-tyson,F,,,27:17,27.283333333333335,3,8,0.375,0,1,0.0,4,4,1.0,3,3,6,0,0,0,3,1,10,-27.0,0022500756,Jaylon Tyson,jaylon tyson,,,2026-02-07,0,0.3665241295051924,0.10995723885155773,0.21991447770311545,0.0,0.10995723885155773,4.0,1.0,2.0,10.0,6.0,3.0,10.0,4.0,2.0,0,0.0,0,0.00191,-48.3,-25274.725274725275,-48.207747,0.0,6.0,5.0,0.07889336
0022500756,1610612739,Cleveland,Cavaliers,CLE,cavaliers,1628386,Jarrett,Allen,J. Allen,jarrett-allen,C,,,32:43,32.71666666666667,11,12,0.917,0,0,0.0,7,8,0.875,1,9,10,1,0,0,1,0,29,-18.0,0022500756,Jarrett Allen,jarrett allen,,,2026-02-07,0,0.8863983698420784,0.030565461029037184,0.3056546102903719,0.030565461029037184,0.030565461029037184,2.0,3.0,1.0,9.0,6.0,3.0,9.0,2.0,2.0,0,0.0,0,0.0021,-25.4,-12089.481199428843,-25.34666,0.0,6.0,8.0,0.8711524
0022500756,1610612739,Cleveland,Cavaliers,CLE,cavaliers,201935,James,Harden,J. Harden,james-harden,G,,,32:11,32.18333333333333,7,13,0.538,5,8,0.625,4,4,1.0,0,2,2,8,1,0,3,1,23,-14.0,0022500756,James Harden,james harden,,,2026-02-07,1,0.7146556188503367,0.0,0.06214396685655102,0.24857586742620408,0.03107198342827551,3.0,7.0,8.0,1.0,4.0,3.0,8.0,3.0,0.0,0,0.0,0,0.00217,-21.6,-9949.332105020727,-21.553128,0.03107198342827551,4.0,7.0,0.88230413
0022500756,1610612739,Cleveland,Cavaliers,CLE,cavaliers,1628378,Donovan,Mitchell,D. Mitchell,donovan-mitchell,G,,,34:39,34.65,13,24,0.542,2,8,0.25,7,7,1.0,1,1,2,4,2,2,3,4,35,12.0,0022500756,Donovan Mitchell,donovan mitchell,,,2026-02-07,4,1.0101010101010102,0.02886002886002886,0.05772005772005772,0.11544011544011544,0.14430014430014432,1.0,3.0,8.0,2.0,2.0,1.0,5.0,1.0,5.0,0,0.0,0,0.00345,14.1,4085.772239930455,14.051355000000001,0.11544011544011544,1.0,2.0,0.8371643
0022500756,1610612739,Cleveland,Cavaliers,CLE,cavaliers,1641854,Craig,Porter Jr.,C. Porter Jr.,craig-porter-jr,,,,22:48,22.8,1,3,0.333,0,1,0.0,2,4,0.5,1,2,3,4,2,0,0,1,4,3.0,0022500756,Craig Porter Jr.,craig porter jr,,,2026-02-07,2,0.17543859649122806,0.043859649122807015,0.13157894736842105,0.17543859649122806,0.13157894736842105,9.0,3.0,4.0,2.0,2.0,3.0,6.0,6.0,6.0,0,0.0,0,0.00091,9.0,9879.253567508233,8.991810000000001,0.08771929824561403,3.0,3.0,0.04218571
0022500756,1610612739,Cleveland,Cavaliers,CLE,cavaliers,1641772,Nae'Qwan,Tomlin,N. Tomlin,naeqwan-tomlin,,,,16:49,16.816666666666666,3,4,0.75,0,0,0.0,0,0,0.0,2,3,5,2,0,0,0,2,6,16.0,0022500756,Nae'Qwan Tomlin,nae'qwan tomlin,,,2026-02-07,0,0.35678889990089196,0.11892963330029732,0.29732408325074333,0.11892963330029732,0.11892963330029732,7.0,2.0,3.0,6.0,6.0,3.0,4.0,9.0,2.0,0,0.0,0,0.00108,52.6,48658.64939870491,52.543192000000005,0.0,6.0,4.0,0.43949464
0022500756,1610612739,Cleveland,Cavaliers,CLE,cavaliers,1628418,Thomas,Bryant,T. Bryant,thomas-bryant,,,,15:17,15.283333333333333,3,5,0.6,2,4,0.5,2,2,1.0,0,3,3,2,1,0,0,1,10,24.0,0022500756,Thomas Bryant,thomas bryant,,,2026-02-07,1,0.6543075245365322,0.0,0.19629225736095965,0.13086150490730644,0.06543075245365322,4.0,7.0,4.0,6.0,4.0,3.0,1.0,10.0,1.0,0,0.0,0,0.00158,70.2,44402.2770398482,70.089084,0.06543075245365322,4.0,6.0,0.61888766
0022500756,1610612739,Cleveland,Cavaliers,CLE,cavaliers,203471,Dennis,Schröder,D. Schröder,dennis-schröder,,,,17:00,17.0,3,9,0.333,0,4,0.0,1,1,1.0,0,3,3,4,0,0,0,1,7,22.0,0022500756,Dennis Schröder,dennis schröder,,,2026-02-07,0,0.4117647058823529,0.0,0.17647058823529413,0.23529411764705882,0.0,6.0,7.0,4.0,2.0,6.0,3.0,2.0,8.0,1.0,0,0.0,0,0.00214,54.4,25408.687529191964,54.283584,0.0,6.0,9.0,0.35711086
0022500756,1610612739,Cleveland,Cavaliers,CLE,cavaliers,1631165,Keon,Ellis,K. Ellis,keon-ellis,,,,17:22,17.366666666666667,2,4,0.5,2,4,0.5,0,0,0.0,1,2,3,3,3,1,0,1,6,20.0,0022500756,Keon Ellis,keon ellis,,,2026-02-07,4,0.345489443378119,0.05758157389635316,0.1727447216890595,0.1727447216890595,0.28790786948176583,7.0,3.0,4.0,5.0,1.0,2.0,3.0,7.0,4.0,0,0.0,0,0.0009299999999999999,48.7,52309.3447905478,48.654709000000004,0.23032629558541265,1.0,1.0,0.48893285
0022500767,1610612739,Cleveland,Cavaliers,CLE,cavaliers,1630241,Sam,Merrill,S. Merrill,sam-merrill,F,,,25:03,25.05,3,6,0.5,3,6,0.5,0,0,0.0,1,1,2,1,1,0,1,4,9,13.0,0022500767,Sam Merrill,sam merrill,,,2026-02-09,1,0.3592814371257485,0.03992015968063872,0.07984031936127745,0.03992015968063872,0.07984031936127745,5.0,4.0,6.0,4.0,3.0,5.0,1.0,5.0,1.0,0,0.0,0,0.00115,27.3,23718.505647263253,27.268605,0.03992015968063872,5.0,7.0,0.2487563
0022500767,1610612739,Cleveland,Cavaliers,CLE,cavaliers,1642281,Jaylon,Tyson,J. Tyson,jaylon-tyson,F,,,31:10,31.166666666666668,6,13,0.462,4,9,0.444,0,0,0.0,2,1,3,1,0,0,2,3,16,11.0,0022500767,Jaylon Tyson,jaylon tyson,,,2026-02-09,0,0.5133689839572192,0.0641711229946524,0.0962566844919786,0.0320855614973262,0.0641711229946524,4.0,3.0,3.0,4.0,5.0,5.0,2.0,4.0,0.0,0,0.0,0,0.0020499999999999997,21.2,10336.421257922964,21.15654,0.0,7.0,9.0,0.79762113
0022500767,1610612739,Cleveland,Cavaliers,CLE,cavaliers,1628386,Jarrett,Allen,J. Allen,jarrett-allen,C,,,34:38,34.63333333333333,10,16,0.625,0,0,0.0,2,4,0.5,4,9,13,1,0,0,0,5,22,8.0,0022500767,Jarrett Allen,jarrett allen,,,2026-02-09,0,0.6352261790182868,0.11549566891241579,0.3753609239653513,0.028873917228103948,0.11549566891241579,2.0,1.0,1.0,4.0,5.0,5.0,4.0,2.0,5.0,0,0.0,0,0.0022,13.1,5951.840072694229,13.07118,0.0,7.0,3.0,0.773513
0022500767,1610612739,Cleveland,Cavaliers,CLE,cavaliers,1628378,Donovan,Mitchell,D. Mitchell,donovan-mitchell,G,,,34:08,34.13333333333333,11,23,0.478,3,10,0.3,7,8,0.875,1,0,1,10,2,2,2,1,32,3.0,0022500767,Donovan Mitchell,donovan mitchell,,,2026-02-09,4,0.9375,0.029296875,0.029296875,0.29296875,0.146484375,1.0,4.0,8.0,1.0,1.0,2.0,5.0,3.0,3.0,0,0.0,0,0.00337,11.1,3292.791456541085,11.062593,0.1171875,1.0,2.0,0.7829373
0022500767,1610612739,Cleveland,Cavaliers,CLE,cavaliers,201935,James,Harden,J. Harden,james-harden,G,,,36:02,36.03333333333333,7,16,0.438,2,7,0.286,6,6,1.0,3,7,10,7,0,3,2,3,22,9.0,0022500767,James Harden,james harden,,,2026-02-09,3,0.6105457909343202,0.08325624421831637,0.2775208140610546,0.1942645698427382,0.16651248843663274,2.0,2.0,2.0,2.0,5.0,1.0,3.0,1.0,3.0,0,0.0,0,0.00233,13.8,5920.20592020592,13.767846,0.08325624421831637,2.0,1.0,0.76750314
0022500767,1610612739,Cleveland,Cavaliers,CLE,cavaliers,1631165,Keon,Ellis,K. Ellis,keon-ellis,,,,19:33,19.55,1,5,0.2,0,4,0.0,0,0,0.0,0,3,3,1,1,1,2,3,2,2.0,0022500767,Keon Ellis,keon ellis,,,2026-02-09,2,0.10230179028132992,0.0,0.1534526854219949,0.05115089514066496,0.10230179028132992,9.0,7.0,3.0,4.0,3.0,3.0,6.0,7.0,2.0,0,0.0,0,0.0015199999999999999,10.8,7100.591715976333,10.783584000000001,0.10230179028132992,3.0,4.0,0.01592605
0022500767,1610612739,Cleveland,Cavaliers,CLE,cavaliers,203471,Dennis,Schröder,D. Schröder,dennis-schröder,,,,24:39,24.65,2,7,0.286,0,4,0.0,1,2,0.5,0,2,2,3,2,0,1,2,5,-14.0,0022500767,Dennis Schröder,dennis schröder,,,2026-02-09,2,0.20283975659229211,0.0,0.08113590263691683,0.12170385395537527,0.08113590263691683,7.0,7.0,6.0,3.0,1.0,5.0,10.0,6.0,4.0,0,1.0,0,0.00167,-20.2,-12088.569718731298,-20.166266,0.08113590263691683,3.0,5.0,0.03166161
0022500767,1610612739,Cleveland,Cavaliers,CLE,cavaliers,1628418,Thomas,Bryant,T. Bryant,thomas-bryant,,,,13:22,13.366666666666667,1,3,0.333,1,3,0.333,2,2,1.0,1,2,3,1,0,0,0,4,5,-6.0,0022500767,Thomas Bryant,thomas bryant,,,2026-02-09,0,0.37406483790523687,0.07481296758104738,0.22443890274314213,0.07481296758104738,0.07481296758104738,7.0,4.0,3.0,4.0,5.0,5.0,7.0,8.0,1.0,0,0.0,0,0.00125,-15.5,-12390.087929656276,-15.480625,0.0,7.0,8.0,0.024147568
0022500767,1610612739,Cleveland,Cavaliers,CLE,cavaliers,1641772,Nae'Qwan,Tomlin,N. Tomlin,naeqwan-tomlin,,,,12:30,12.5,2,3,0.667,2,2,1.0,0,0,0.0,0,1,1,0,0,1,0,3,6,-10.0,0022500767,Nae'Qwan Tomlin,nae'qwan tomlin,,,2026-02-09,1,0.48,0.0,0.08,0.0,0.08,6.0,7.0,8.0,9.0,5.0,3.0,9.0,9.0,0.0,0,0.0,0,0.0010299999999999999,-31.5,-30552.861299709028,-31.467555,0.08,5.0,6.0,0.058154147
0022500767,1610612739,Cleveland,Cavaliers,CLE,cavaliers,1641854,Craig,Porter Jr.,C. Porter Jr.,craig-porter-jr,,,,8:55,8.916666666666666,0,0,0.0,0,0,0.0,0,0,0.0,0,1,1,0,0,0,2,1,0,-6.0,0022500767,Craig Porter Jr.,craig porter jr,,,2026-02-09,0,0.0,0.0,0.11214953271028039,0.0,0.0,10.0,7.0,8.0,9.0,5.0,5.0,7.0,10.0,0.0,0,0.0,0,0.00091,-22.9,-25137.21185510428,-22.879161,0.0,7.0,10.0,0.0035546804
0022500776,1610612739,Cleveland,Cavaliers,CLE,cavaliers,1630241,Sam,Merrill,S. Merrill,sam-merrill,F,,,24:59,24.983333333333334,11,12,0.917,9,10,0.9,1,1,1.0,1,4,5,1,1,1,1,1,32,22.0,0022500776,Sam Merrill,sam merrill,,,2026-02-11,2,1.2808539026017345,0.0400266844563042,0.200133422281521,0.0400266844563042,0.1200800533689126,1.0,5.0,3.0,6.0,4.0,2.0,2.0,5.0,1.0,0,0.0,0,0.002,33.8,16891.554222888553,33.7324,0.0800533689126084,2.0,5.0,0.94800764
0022500776,1610612739,Cleveland,Cavaliers,CLE,cavaliers,1642281,Jaylon,Tyson,J. Tyson,jaylon-tyson,F,,,21:29,21.483333333333334,2,6,0.333,0,1,0.0,3,4,0.75,1,4,5,1,1,0,0,0,7,19.0,0022500776,Jaylon Tyson,jaylon tyson,,,2026-02-11,1,0.32583397982932505,0.04654771140418929,0.23273855702094645,0.04654771140418929,0.09309542280837858,6.0,5.0,3.0,6.0,4.0,8.0,3.0,6.0,1.0,0,0.0,0,0.00151,36.5,24156.18795499669,36.444885,0.04654771140418929,7.0,7.0,0.07288579
0022500776,1610612739,Cleveland,Cavaliers,CLE,cavaliers,1628386,Jarrett,Allen,J. Allen,jarrett-allen,C,,,26:37,26.616666666666667,8,8,1.0,0,0,0.0,5,6,0.833,3,6,9,1,0,2,2,1,21,25.0,0022500776,Jarrett Allen,jarrett allen,,,2026-02-11,2,0.788979336255479,0.11271133375078271,0.33813400125234816,0.03757044458359424,0.18785222291797118,3.0,2.0,1.0,6.0,7.0,1.0,1.0,4.0,2.0,0,0.0,0,0.00188,36.6,19457.735247208933,36.531192000000004,0.07514088916718847,2.0,4.0,0.8804692
0022500776,1610612739,Cleveland,Cavaliers,CLE,cavaliers,1628378,Donovan,Mitchell,D. Mitchell,donovan-mitchell,G,,,27:51,27.85,11,19,0.579,2,7,0.286,6,6,1.0,0,3,3,5,2,0,5,4,30,11.0,0022500776,Donovan Mitchell,donovan mitchell,,,2026-02-11,2,1.0771992818671454,0.0,0.10771992818671454,0.17953321364452424,0.0718132854578097,2.0,8.0,9.0,2.0,1.0,8.0,6.0,2.0,1.0,0,0.0,0,0.00361,19.9,5510.938798116865,19.828160999999998,0.0718132854578097,2.0,8.0,0.7565897
0022500776,1610612739,Cleveland,Cavaliers,CLE,cavaliers,201935,James,Harden,J. Harden,james-harden,G,,,28:27,28.45,1,4,0.25,1,4,0.25,10,12,0.833,0,4,4,11,0,1,6,3,13,18.0,0022500776,James Harden,james harden,,,2026-02-11,1,0.4569420035149385,0.0,0.140597539543058,0.3866432337434095,0.0351493848857645,4.0,8.0,6.0,1.0,7.0,2.0,4.0,1.0,4.0,0,0.0,0,0.00203,21.8,10733.628754308222,21.755746000000002,0.0351493848857645,7.0,10.0,0.15043038
0022500776,1610612739,Cleveland,Cavaliers,CLE,cavaliers,1631165,Keon,Ellis,K. Ellis,keon-ellis,,,,27:27,27.45,2,4,0.5,1,3,0.333,1,2,0.5,1,3,4,3,1,1,1,1,6,17.0,0022500776,Keon Ellis,keon ellis,,,2026-02-11,2,0.2185792349726776,0.03642987249544627,0.14571948998178508,0.1092896174863388,0.1092896174863388,8.0,5.0,6.0,4.0,4.0,2.0,5.0,3.0,2.0,0,0.0,0,0.00082,25.4,30937.880633373934,25.379171999999997,0.07285974499089254,2.0,6.0,0.08630031
0022500776,1610612739,Cleveland,Cavaliers,CLE,cavaliers,203471,Dennis,Schröder,D. Schröder,dennis-schröder,,,,17:57,17.95,1,5,0.2,1,2,0.5,4,4,1.0,0,3,3,2,0,1,1,2,7,5.0,0022500776,Dennis Schröder,dennis schröder,,,2026-02-11,1,0.38997214484679665,0.0,0.1671309192200557,0.11142061281337048,0.05571030640668524,6.0,8.0,9.0,5.0,7.0,2.0,10.0,7.0,1.0,0,0.0,0,0.0017399999999999998,12.5,7179.781734635269,12.478250000000001,0.05571030640668524,7.0,9.0,0.031693373
0022500776,1610612739,Cleveland,Cavaliers,CLE,cavaliers,1628418,Thomas,Bryant,T. Bryant,thomas-bryant,,,,16:18,16.3,2,7,0.286,0,4,0.0,2,2,1.0,3,3,6,1,0,1,0,0,6,-6.0,0022500776,Thomas Bryant,thomas bryant,,,2026-02-11,1,0.36809815950920244,0.18404907975460122,0.36809815950920244,0.06134969325153374,0.24539877300613497,8.0,2.0,2.0,6.0,7.0,2.0,13.0,9.0,1.0,0,0.0,0,0.0019,-10.1,-5312.9931614939505,-10.08081,0.06134969325153374,7.0,3.0,0.10783231
0022500776,1610612739,Cleveland,Cavaliers,CLE,cavaliers,1641772,Nae'Qwan,Tomlin,N. Tomlin,naeqwan-tomlin,,,,15:59,15.983333333333333,4,8,0.5,0,2,0.0,0,0,0.0,4,1,5,0,2,0,1,2,8,-4.0,0022500776,Nae'Qwan Tomlin,nae'qwan tomlin,,,2026-02-11,2,0.5005213764337852,0.2502606882168926,0.31282586027111575,0.0,0.37539103232533894,5.0,1.0,3.0,11.0,1.0,8.0,12.0,10.0,3.0,0,0.0,0,0.00214,-8.1,-3783.278841662774,-8.082666,0.1251303441084463,2.0,1.0,0.34168118
0022500776,1610612739,Cleveland,Cavaliers,CLE,cavaliers,1641854,Craig,Porter Jr.,C. Porter Jr.,craig-porter-jr,,,,17:41,17.683333333333334,0,3,0.0,0,1,0.0,0,0,0.0,3,1,4,4,2,1,1,0,0,0.0,0022500776,Craig Porter Jr.,craig porter jr,,,2026-02-11,3,0.0,0.1696512723845429,0.22620169651272384,0.22620169651272384,0.3393025447690858,13.0,2.0,6.0,3.0,1.0,2.0,11.0,8.0,2.0,0,0.0,0,0.0008699999999999999,-3.0,-3444.3168771526985,-2.9973899999999998,0.1696512723845429,1.0,2.0,0.029270602
0022500776,1610612739,Cleveland,Cavaliers,CLE,cavaliers,1642878,Tyrese,Proctor,T. Proctor,tyrese-proctor,,,,5:05,5.083333333333333,1,2,0.5,1,2,0.5,0,0,0.0,0,0,0,0,0,0,3,1,3,6.0,0022500776,Tyrese Proctor,tyrese proctor,,,2026-02-11,0,0.5901639344262295,0.0,0.0,0.0,0.0,10.0,8.0,13.0,11.0,7.0,8.0,7.0,11.0,0.0,0,0.0,0,0.00385,52.2,13554.920799792262,51.999030000000005,0.0,11.0,11.0,0.008204729
0022500776,1610612739,Cleveland,Cavaliers,CLE,cavaliers,1626204,Larry,Nance Jr.,L. Nance Jr.,larry-nance-jr,,,,5:05,5.083333333333333,1,2,0.5,1,1,1.0,0,0,0.0,0,2,2,1,0,0,0,0,3,6.0,0022500776,Larry Nance Jr.,larry nance jr,,,2026-02-11,0,0.5901639344262295,0.0,0.3934426229508197,0.19672131147540986,0.0,10.0,8.0,11.0,6.0,7.0,8.0,7.0,11.0,1.0,0,0.0,0,0.00154,52.2,33874.10772225828,52.119612000000004,0.0,11.0,11.0,0.010477017
0022500776,1610612739,Cleveland,Cavaliers,CLE,cavaliers,1642400,Tristan,Enaruna,T. Enaruna,tristan-enaruna,,,,5:05,5.083333333333333,1,3,0.333,0,1,0.0,0,0,0.0,0,1,1,0,0,0,0,0,2,6.0,0022500776,Tristan Enaruna,tristan enaruna,,,2026-02-11,0,0.3934426229508197,0.0,0.19672131147540986,0.0,0.0,12.0,8.0,12.0,11.0,7.0,8.0,7.0,11.0,,1,,1,0.00231,52.2,22587.624405019473,52.079418000000004,0.0,11.0,11.0,0.008879602
0022500793,1610612739,Cleveland,Cavaliers,CLE,cavaliers,1629731,Dean,Wade,D. Wade,dean-wade,F,,,16:24,16.4,4,4,1.0,3,3,1.0,0,0,0.0,1,4,5,0,0,0,0,0,11,28.0,0022500793,Dean Wade,dean wade,,,2026-02-19,0,0.6707317073170732,0.06097560975609757,0.30487804878048785,0.0,0.06097560975609757,5.0,3.0,3.0,9.0,6.0,5.0,3.0,10.0,3.0,0,0.0,0,0.00108,84.5,78168.36262719704,84.40874000000001,0.0,8.0,8.0,0.69326144
0022500793,1610612739,Cleveland,Cavaliers,CLE,cavaliers,1630596,Evan,Mobley,E. Mobley,evan-mobley,F,,,18:37,18.616666666666667,5,9,0.556,0,1,0.0,0,0,0.0,1,8,9,2,0,1,2,1,10,20.0,0022500793,Evan Mobley,evan mobley,,,2026-02-19,1,0.5371530886302596,0.05371530886302596,0.4834377797672336,0.10743061772605192,0.10743061772605192,7.0,3.0,2.0,5.0,6.0,3.0,5.0,8.0,2.0,0,0.0,0,0.0025,50.0,19992.00319872051,49.875,0.05371530886302596,4.0,4.0,0.6873242
0022500793,1610612739,Cleveland,Cavaliers,CLE,cavaliers,1628386,Jarrett,Allen,J. Allen,jarrett-allen,C,,,23:50,23.833333333333332,5,8,0.625,0,1,0.0,5,10,0.5,2,8,10,1,1,2,0,2,15,31.0,0022500793,Jarrett Allen,jarrett allen,,,2026-02-19,3,0.6293706293706294,0.08391608391608392,0.4195804195804196,0.04195804195804196,0.2097902097902098,3.0,1.0,1.0,8.0,2.0,2.0,2.0,2.0,3.0,0,0.0,0,0.00241,65.0,26959.767731231856,64.84335,0.1258741258741259,2.0,1.0,0.81576806
0022500793,1610612739,Cleveland,Cavaliers,CLE,cavaliers,1628378,Donovan,Mitchell,D. Mitchell,donovan-mitchell,G,,,20:44,20.733333333333334,7,12,0.583,2,4,0.5,1,1,1.0,0,3,3,5,0,0,2,0,17,37.0,0022500793,Donovan Mitchell,donovan mitchell,,,2026-02-19,0,0.8199356913183279,0.0,0.14469453376205788,0.24115755627009644,0.0,1.0,7.0,7.0,2.0,6.0,5.0,1.0,5.0,1.0,0,0.0,0,0.00298,87.5,29352.566252935256,87.23925,0.0,8.0,11.0,0.7406611
0022500793,1610612739,Cleveland,Cavaliers,CLE,cavaliers,201935,James,Harden,J. Harden,james-harden,G,,,28:06,28.1,6,8,0.75,3,5,0.6,1,2,0.5,0,5,5,9,3,0,2,2,16,25.0,0022500793,James Harden,james harden,,,2026-02-19,3,0.5693950177935942,0.0,0.1779359430604982,0.32028469750889677,0.10676156583629892,2.0,7.0,3.0,1.0,1.0,5.0,4.0,1.0,1.0,0,0.0,0,0.00169,41.3,24423.4180958013,41.230202999999996,0.10676156583629892,2.0,5.0,0.78592205
0022500793,1610612739,Cleveland,Cavaliers,CLE,cavaliers,1630241,Sam,Merrill,S. Merrill,sam-merrill,,,,22:12,22.2,1,4,0.25,1,4,0.25,0,0,0.0,1,2,3,3,0,0,0,0,3,13.0,0022500793,Sam Merrill,sam merrill,,,2026-02-19,0,0.13513513513513514,0.04504504504504505,0.13513513513513514,0.13513513513513514,0.04504504504504505,10.0,3.0,7.0,3.0,6.0,5.0,6.0,4.0,4.0,0,0.0,0,0.0008,31.8,39700.3745318352,31.77456,0.0,8.0,10.0,0.028345175
0022500793,1610612739,Cleveland,Cavaliers,CLE,cavaliers,203471,Dennis,Schröder,D. Schröder,dennis-schröder,,,,20:24,20.4,4,8,0.5,1,1,1.0,3,4,0.75,0,3,3,3,1,0,1,1,12,10.0,0022500793,Dennis Schröder,dennis schröder,,,2026-02-19,1,0.5882352941176471,0.0,0.14705882352941177,0.14705882352941177,0.04901960784313726,4.0,7.0,7.0,3.0,2.0,5.0,7.0,6.0,2.0,0,0.0,0,0.0023899999999999998,23.8,9953.994144709328,23.743118,0.04901960784313726,4.0,9.0,0.48612624
0022500793,1610612739,Cleveland,Cavaliers,CLE,cavaliers,1642281,Jaylon,Tyson,J. Tyson,jaylon-tyson,,,,22:32,22.533333333333335,4,10,0.4,1,4,0.25,2,2,1.0,1,4,5,2,0,1,1,1,11,10.0,0022500793,Jaylon Tyson,jaylon tyson,,,2026-02-19,1,0.4881656804733727,0.04437869822485207,0.22189349112426035,0.08875739644970414,0.08875739644970414,5.0,3.0,3.0,5.0,6.0,3.0,7.0,3.0,1.0,0,0.0,0,0.0023499999999999997,21.3,9059.97447894513,21.249945,0.04437869822485207,4.0,7.0,0.2788203
0022500793,1610612739,Cleveland,Cavaliers,CLE,cavaliers,1631165,Keon,Ellis,K. Ellis,keon-ellis,,,,19:35,19.583333333333332,3,6,0.5,1,4,0.25,0,0,0.0,0,3,3,0,1,3,0,1,7,-9.0,0022500793,Keon Ellis,keon ellis,,,2026-02-19,4,0.3574468085106383,0.0,0.15319148936170213,0.0,0.2042553191489362,8.0,7.0,7.0,9.0,2.0,1.0,12.0,7.0,0.0,0,0.0,0,0.0013,-22.5,-17294.388931591086,-22.470750000000002,0.2042553191489362,1.0,2.0,0.09535197
0022500793,1610612739,Cleveland,Cavaliers,CLE,cavaliers,1641854,Craig,Porter Jr.,C. Porter Jr.,craig-porter-jr,,,,16:46,16.766666666666666,1,5,0.2,0,2,0.0,0,0,0.0,0,2,2,2,0,0,2,2,2,-14.0,0022500793,Craig Porter Jr.,craig porter jr,,,2026-02-19,0,0.11928429423459246,0.0,0.11928429423459246,0.11928429423459246,0.0,11.0,7.0,11.0,5.0,6.0,5.0,13.0,9.0,3.0,0,0.0,0,0.0017100000000000001,-41.7,-24371.712448860315,-41.628693000000005,0.0,8.0,11.0,0.00679674
0022500793,1610612739,Cleveland,Cavaliers,CLE,cavaliers,1626204,Larry,Nance Jr.,L. Nance Jr.,larry-nance-jr,,,,12:00,12.0,0,3,0.0,0,2,0.0,0,0,0.0,2,3,5,0,0,0,1,2,0,-7.0,0022500793,Larry Nance Jr.,larry nance jr,,,2026-02-19,0,0.0,0.16666666666666666,0.4166666666666667,0.0,0.16666666666666666,13.0,1.0,3.0,9.0,6.0,5.0,11.0,11.0,0.0,0,0.0,0,0.0014299999999999998,-29.2,-20405.31097134871,-29.158244,0.0,8.0,3.0,0.0048938743
0022500793,1610612739,Cleveland,Cavaliers,CLE,cavaliers,1642878,Tyrese,Proctor,T. Proctor,tyrese-proctor,,,,10:00,10.0,3,6,0.5,0,3,0.0,0,0,0.0,0,2,2,0,1,0,1,1,6,-2.0,0022500793,Tyrese Proctor,tyrese proctor,,,2026-02-19,1,0.6,0.0,0.2,0.0,0.1,9.0,7.0,11.0,9.0,2.0,5.0,9.0,12.0,2.0,0,0.0,0,0.0030399999999999997,-7.4,-2433.410062479448,-7.377504,0.1,4.0,6.0,0.06640845
0022500793,1610612739,Cleveland,Cavaliers,CLE,cavaliers,1642400,Tristan,Enaruna,T. Enaruna,tristan-enaruna,,,,8:50,8.833333333333334,1,3,0.333,0,1,0.0,0,1,0.0,0,1,1,0,0,0,1,0,2,-2.0,0022500793,Tristan Enaruna,tristan enaruna,,,2026-02-19,0,0.22641509433962262,0.0,0.11320754716981131,0.0,0.0,11.0,7.0,13.0,9.0,6.0,5.0,9.0,13.0,,1,,1,0.002,-12.5,-6246.87656171914,-12.475,0.0,8.0,11.0,0.007515591
0022500802,1610612739,Cleveland,Cavaliers,CLE,cavaliers,1630241,Sam,Merrill,S. Merrill,sam-merrill,F,,,24:16,24.266666666666666,4,6,0.667,2,4,0.5,0,0,0.0,0,2,2,2,0,0,0,3,10,-14.0,0022500802,Sam Merrill,sam merrill,,,2026-02-20,0,0.4120879120879121,0.0,0.08241758241758242,0.08241758241758242,0.0,4.0,5.0,7.0,5.0,7.0,4.0,9.0,5.0,2.0,0,0.0,0,0.00109,-37.5,-34372.13565536206,-37.459125,0.0,8.0,9.0,0.12344547
0022500802,1610612739,Cleveland,Cavaliers,CLE,cavaliers,1629731,Dean,Wade,D. Wade,dean-wade,F,,,26:01,26.016666666666666,3,3,1.0,2,2,1.0,0,0,0.0,0,4,4,0,1,0,0,2,8,-16.0,0022500802,Dean Wade,dean wade,,,2026-02-20,1,0.3074951953875721,0.0,0.15374759769378604,0.0,0.03843689942344651,5.0,5.0,3.0,9.0,4.0,4.0,10.0,4.0,1.0,0,0.0,0,0.00053,-35.8,-67419.96233521657,-35.781026,0.03843689942344651,5.0,8.0,0.07803707
0022500802,1610612739,Cleveland,Cavaliers,CLE,cavaliers,1628386,Jarrett,Allen,J. Allen,jarrett-allen,C,,,32:04,32.06666666666667,11,15,0.733,0,0,0.0,4,5,0.8,7,7,14,2,0,1,1,0,26,-2.0,0022500802,Jarrett Allen,jarrett allen,,,2026-02-20,1,0.8108108108108107,0.21829521829521828,0.43659043659043656,0.06237006237006237,0.24948024948024947,2.0,1.0,1.0,5.0,7.0,1.0,7.0,3.0,0.0,0,0.0,0,0.0027300000000000002,-0.9,-329.54961552544853,-0.897543,0.031185031185031183,5.0,2.0,0.8228804
0022500802,1610612739,Cleveland,Cavaliers,CLE,cavaliers,1628378,Donovan,Mitchell,D. Mitchell,donovan-mitchell,G,,,34:18,34.3,9,22,0.409,2,7,0.286,12,13,0.923,0,3,3,4,2,0,3,5,32,-4.0,0022500802,Donovan Mitchell,donovan mitchell,,,2026-02-20,2,0.9329446064139942,0.0,0.08746355685131196,0.11661807580174928,0.05830903790087464,1.0,5.0,6.0,2.0,2.0,4.0,8.0,2.0,4.0,0,0.0,0,0.00383,-9.2,-2401.4617593317666,-9.164764,0.05830903790087464,3.0,6.0,0.7774071
0022500802,1610612739,Cleveland,Cavaliers,CLE,cavaliers,201935,James,Harden,J. Harden,james-harden,G,,,34:22,34.36666666666667,6,14,0.429,2,3,0.667,4,4,1.0,1,3,4,8,1,0,2,3,18,3.0,0022500802,James Harden,james harden,,,2026-02-20,1,0.5237633365664404,0.029097963142580018,0.11639185257032007,0.23278370514064015,0.058195926285160036,3.0,3.0,3.0,1.0,4.0,4.0,6.0,1.0,5.0,0,0.0,0,0.0025,4.8,1919.232307077169,4.788,0.029097963142580018,5.0,7.0,0.71807706
0022500802,1610612739,Cleveland,Cavaliers,CLE,cavaliers,203471,Dennis,Schröder,D. Schröder,dennis-schröder,,,,20:04,20.066666666666666,2,4,0.5,0,1,0.0,4,4,1.0,0,0,0,3,3,0,2,0,8,16.0,0022500802,Dennis Schröder,dennis schröder,,,2026-02-20,3,0.39867109634551495,0.0,0.0,0.14950166112956811,0.14950166112956811,5.0,5.0,10.0,3.0,1.0,4.0,2.0,7.0,2.0,0,0.0,0,0.00178,39.0,21897.810218978106,38.93058,0.14950166112956811,1.0,3.0,0.23718977
0022500802,1610612739,Cleveland,Cavaliers,CLE,cavaliers,1642281,Jaylon,Tyson,J. Tyson,jaylon-tyson,,,,16:42,16.7,2,4,0.5,1,2,0.5,0,0,0.0,0,1,1,0,0,0,1,1,5,14.0,0022500802,Jaylon Tyson,jaylon tyson,,,2026-02-20,0,0.29940119760479045,0.0,0.059880239520958084,0.0,0.0,7.0,5.0,9.0,9.0,7.0,4.0,3.0,8.0,2.0,0,0.0,0,0.0013900000000000002,41.2,29618.979151689433,41.142732,0.0,8.0,9.0,0.033059057
0022500802,1610612739,Cleveland,Cavaliers,CLE,cavaliers,1631165,Keon,Ellis,K. Ellis,keon-ellis,,,,23:44,23.733333333333334,2,2,1.0,0,0,0.0,0,0,0.0,0,4,4,3,2,1,1,3,4,19.0,0022500802,Keon Ellis,keon ellis,,,2026-02-20,3,0.16853932584269662,0.0,0.16853932584269662,0.12640449438202248,0.12640449438202248,9.0,5.0,3.0,3.0,2.0,1.0,1.0,6.0,2.0,0,0.0,0,0.0006,42.3,70382.69550748751,42.27462,0.12640449438202248,1.0,4.0,0.28636247
0022500802,1610612739,Cleveland,Cavaliers,CLE,cavaliers,1628418,Thomas,Bryant,T. Bryant,thomas-bryant,,,,15:42,15.7,1,4,0.25,0,0,0.0,0,0,0.0,2,3,5,1,1,1,2,1,2,5.0,0022500802,Thomas Bryant,thomas bryant,,,2026-02-20,2,0.12738853503184713,0.12738853503184713,0.3184713375796179,0.06369426751592357,0.25477707006369427,10.0,2.0,2.0,7.0,4.0,1.0,4.0,9.0,1.0,0,0.0,0,0.0016200000000000001,12.3,7587.908698334361,12.280074,0.12738853503184713,3.0,1.0,0.042313304
0022500802,1610612739,Cleveland,Cavaliers,CLE,cavaliers,1641772,Nae'Qwan,Tomlin,N. Tomlin,naeqwan-tomlin,,,,12:47,12.783333333333333,1,3,0.333,1,2,0.5,2,2,1.0,1,1,2,1,0,0,0,3,5,4.0,0022500802,Nae'Qwan Tomlin,nae'qwan tomlin,,,2026-02-20,0,0.39113428943937417,0.07822685788787484,0.15645371577574968,0.07822685788787484,0.07822685788787484,7.0,3.0,7.0,7.0,7.0,4.0,5.0,10.0,0.0,0,0.0,0,0.0016,22.3,13928.794503435354,22.26432,0.0,8.0,5.0,0.030248629
0022500817,1610612739,Cleveland,Cavaliers,CLE,cavaliers,1629731,Dean,Wade,D. Wade,dean-wade,F,,,17:41,17.683333333333334,0,1,0.0,0,1,0.0,0,0,0.0,1,2,3,1,0,1,1,2,0,-13.0,0022500817,Dean Wade,dean wade,,,2026-02-22,1,0.0,0.05655042412818096,0.1696512723845429,0.05655042412818096,0.11310084825636192,9.0,3.0,6.0,6.0,8.0,1.0,8.0,8.0,0.0,0,0.0,0,0.00047,-35.1,-74522.29299363057,-35.083503,0.05655042412818096,5.0,4.0,0.022735868
0022500817,1610612739,Cleveland,Cavaliers,CLE,cavaliers,1630596,Evan,Mobley,E. Mobley,evan-mobley,F,,,25:10,25.166666666666668,6,11,0.545,1,4,0.25,2,2,1.0,0,2,2,1,1,0,1,4,15,-3.0,0022500817,Evan Mobley,evan mobley,,,2026-02-22,1,0.5960264900662251,0.0,0.07947019867549668,0.03973509933774834,0.03973509933774834,4.0,7.0,8.0,6.0,3.0,4.0,6.0,5.0,2.0,0,0.0,0,0.0022,-3.3,-1499.3184915947295,-3.29274,0.03973509933774834,5.0,9.0,0.59947145
0022500817,1610612739,Cleveland,Cavaliers,CLE,cavaliers,1628386,Jarrett,Allen,J. Allen,jarrett-allen,C,,,28:34,28.566666666666666,4,6,0.667,0,0,0.0,3,6,0.5,6,7,13,2,1,0,3,1,11,-15.0,0022500817,Jarrett Allen,jarrett allen,,,2026-02-22,1,0.38506417736289383,0.21003500583430573,0.45507584597432904,0.07001166861143523,0.24504084014002334,5.0,1.0,1.0,5.0,3.0,4.0,10.0,3.0,4.0,0,0.0,0,0.00169,-26.3,-15552.927261975163,-26.255553000000003,0.03500583430571762,5.0,1.0,0.47019863
0022500817,1610612739,Cleveland,Cavaliers,CLE,cavaliers,201935,James,Harden,J. Harden,james-harden,G,,,33:45,33.75,8,14,0.571,3,7,0.429,1,2,0.5,1,4,5,9,1,1,5,5,20,-13.0,0022500817,James Harden,james harden,,,2026-02-22,2,0.5925925925925926,0.02962962962962963,0.14814814814814814,0.26666666666666666,0.08888888888888889,1.0,3.0,3.0,1.0,3.0,1.0,8.0,2.0,0.0,0,0.0,0,0.0023799999999999997,-16.8,-7055.858882822345,-16.760016,0.05925925925925926,1.0,6.0,0.7487816
0022500817,1610612739,Cleveland,Cavaliers,CLE,cavaliers,1628378,Donovan,Mitchell,D. Mitchell,donovan-mitchell,G,,,35:09,35.15,9,19,0.474,0,6,0.0,2,3,0.667,0,7,7,5,2,0,3,1,20,-1.0,0022500817,Donovan Mitchell,donovan mitchell,,,2026-02-22,2,0.5689900426742532,0.0,0.19914651493598862,0.1422475106685633,0.05689900426742532,1.0,7.0,2.0,3.0,1.0,4.0,4.0,1.0,3.0,0,0.0,0,0.0027400000000000002,-2.9,-1058.0080262677852,-2.892054,0.05689900426742532,1.0,8.0,0.7336221
0022500817,1610612739,Cleveland,Cavaliers,CLE,cavaliers,1630241,Sam,Merrill,S. Merrill,sam-merrill,,,,28:30,28.5,7,12,0.583,6,10,0.6,0,0,0.0,1,2,3,0,0,0,0,2,20,6.0,0022500817,Sam Merrill,sam merrill,,,2026-02-22,0,0.7017543859649122,0.03508771929824561,0.10526315789473684,0.0,0.03508771929824561,1.0,3.0,6.0,8.0,8.0,4.0,1.0,4.0,2.0,0,0.0,0,0.00169,10.3,6091.070372560615,10.282593,0.0,9.0,10.0,0.9344611
0022500817,1610612739,Cleveland,Cavaliers,CLE,cavaliers,203471,Dennis,Schröder,D. Schröder,dennis-schröder,,,,22:21,22.35,3,9,0.333,1,2,0.5,4,4,1.0,0,4,4,7,1,1,2,1,11,-3.0,0022500817,Dennis Schröder,dennis schröder,,,2026-02-22,2,0.49217002237136465,0.0,0.17897091722595077,0.3131991051454138,0.08948545861297538,5.0,7.0,4.0,2.0,3.0,1.0,6.0,7.0,1.0,0,0.0,0,0.00241,-6.1,-2530.0705101617586,-6.085298999999999,0.08948545861297538,1.0,5.0,0.18296987
0022500817,1610612739,Cleveland,Cavaliers,CLE,cavaliers,1642281,Jaylon,Tyson,J. Tyson,jaylon-tyson,,,,15:45,15.75,2,7,0.286,1,4,0.25,2,2,1.0,1,3,4,0,1,0,1,1,7,-1.0,0022500817,Jaylon Tyson,jaylon tyson,,,2026-02-22,1,0.4444444444444444,0.06349206349206349,0.25396825396825395,0.0,0.12698412698412698,8.0,3.0,4.0,8.0,3.0,4.0,4.0,9.0,1.0,0,0.0,0,0.0023699999999999997,-6.4,-2699.283002952341,-6.384832,0.06349206349206349,5.0,3.0,0.10591773
0022500817,1610612739,Cleveland,Cavaliers,CLE,cavaliers,1631165,Keon,Ellis,K. Ellis,keon-ellis,,,,23:21,23.35,4,7,0.571,1,4,0.25,0,0,0.0,0,1,1,3,2,0,1,2,9,0.0,0022500817,Keon Ellis,keon ellis,,,2026-02-22,2,0.38543897216274087,0.0,0.042826552462526764,0.1284796573875803,0.08565310492505353,7.0,7.0,10.0,4.0,1.0,4.0,3.0,6.0,5.0,0,0.0,0,0.0014000000000000002,2.2,1570.3069236259814,2.1969200000000004,0.08565310492505353,1.0,7.0,0.42450127
0022500817,1610612739,Cleveland,Cavaliers,CLE,cavaliers,1641772,Nae'Qwan,Tomlin,N. Tomlin,naeqwan-tomlin,,,,9:45,9.75,0,3,0.0,0,1,0.0,0,0,0.0,2,0,2,0,0,0,0,3,0,3.0,0022500817,Nae'Qwan Tomlin,nae'qwan tomlin,,,2026-02-22,0,0.0,0.20512820512820512,0.20512820512820512,0.0,0.20512820512820512,9.0,2.0,8.0,8.0,8.0,4.0,2.0,10.0,2.0,0,0.0,0,0.0013,15.8,12144.504227517296,15.779460000000002,0.0,9.0,2.0,0.011430898
0022500835,1610612739,Cleveland,Cavaliers,CLE,cavaliers,1629731,Dean,Wade,D. Wade,dean-wade,F,,,24:40,24.666666666666668,4,9,0.444,3,5,0.6,0,0,0.0,3,5,8,3,3,2,0,2,11,22.0,0022500835,Dean Wade,dean wade,,,2026-02-24,5,0.44594594594594594,0.12162162162162161,0.3243243243243243,0.12162162162162161,0.3243243243243243,6.0,2.0,2.0,4.0,1.0,1.0,1.0,5.0,3.0,0,0.0,0,0.00148,40.1,27076.29979743417,40.040652,0.2027027027027027,1.0,2.0,0.85922873
0022500835,1610612739,Cleveland,Cavaliers,CLE,cavaliers,1630596,Evan,Mobley,E. Mobley,evan-mobley,F,,,24:28,24.466666666666665,4,7,0.571,1,1,1.0,3,6,0.5,3,4,7,1,1,0,1,2,12,5.0,0022500835,Evan Mobley,evan mobley,,,2026-02-24,1,0.4904632152588556,0.1226158038147139,0.28610354223433243,0.04087193460490463,0.16348773841961853,4.0,2.0,4.0,6.0,4.0,5.0,8.0,6.0,2.0,0,0.0,0,0.00183,9.6,5243.036592026215,9.582431999999999,0.04087193460490463,6.0,4.0,0.4778924
0022500835,1610612739,Cleveland,Cavaliers,CLE,cavaliers,1628386,Jarrett,Allen,J. Allen,jarrett-allen,C,,,28:49,28.816666666666666,7,8,0.875,0,0,0.0,5,7,0.714,4,6,10,1,1,2,1,2,19,11.0,0022500835,Jarrett Allen,jarrett allen,,,2026-02-24,3,0.6593406593406593,0.13880855986119145,0.3470213996529786,0.03470213996529786,0.242914979757085,3.0,1.0,1.0,6.0,4.0,1.0,5.0,3.0,3.0,0,0.0,0,0.0017399999999999998,18.6,10683.51522113728,18.567636000000004,0.10410641989589359,2.0,3.0,0.85591376
0022500835,1610612739,Cleveland,Cavaliers,CLE,cavaliers,1628378,Donovan,Mitchell,D. Mitchell,donovan-mitchell,G,,,31:21,31.35,5,18,0.278,2,8,0.25,11,14,0.786,0,5,5,4,3,0,3,1,23,21.0,0022500835,Donovan Mitchell,donovan mitchell,,,2026-02-24,3,0.733652312599681,0.0,0.15948963317384368,0.12759170653907495,0.09569377990430622,1.0,7.0,5.0,2.0,1.0,5.0,2.0,2.0,2.0,0,0.0,0,0.0035499999999999998,34.8,9800.05632216277,34.67646,0.09569377990430622,2.0,6.0,0.53452724
0022500835,1610612739,Cleveland,Cavaliers,CLE,cavaliers,201935,James,Harden,J. Harden,james-harden,G,,,32:12,32.2,8,18,0.444,4,7,0.571,0,0,0.0,1,1,2,4,0,0,3,3,20,10.0,0022500835,James Harden,james harden,,,2026-02-24,0,0.6211180124223602,0.03105590062111801,0.06211180124223602,0.12422360248447203,0.03105590062111801,2.0,4.0,6.0,2.0,7.0,5.0,6.0,1.0,1.0,0,0.0,0,0.00266,13.4,5035.700864336715,13.364356,0.0,8.0,9.0,0.67457294
0022500835,1610612739,Cleveland,Cavaliers,CLE,cavaliers,1630241,Sam,Merrill,S. Merrill,sam-merrill,,,,20:58,20.966666666666665,0,4,0.0,0,4,0.0,0,0,0.0,0,1,1,1,0,0,1,1,0,13.0,0022500835,Sam Merrill,sam merrill,,,2026-02-24,0,0.0,0.0,0.04769475357710652,0.04769475357710652,0.0,10.0,7.0,8.0,6.0,7.0,5.0,3.0,8.0,1.0,0,0.0,0,0.00106,31.7,29877.47408105561,31.666398,0.0,8.0,10.0,0.0060068946
0022500835,1610612739,Cleveland,Cavaliers,CLE,cavaliers,203471,Dennis,Schröder,D. Schröder,dennis-schröder,,,,21:18,21.3,1,6,0.167,1,3,0.333,0,0,0.0,0,2,2,5,2,0,1,0,3,7.0,0022500835,Dennis Schröder,dennis schröder,,,2026-02-24,2,0.14084507042253522,0.0,0.09389671361502347,0.2347417840375587,0.09389671361502347,9.0,7.0,6.0,1.0,3.0,5.0,7.0,7.0,3.0,0,0.0,0,0.00149,21.7,14553.99061032864,21.667666999999998,0.09389671361502347,4.0,7.0,0.0135527495
0022500835,1610612739,Cleveland,Cavaliers,CLE,cavaliers,1642281,Jaylon,Tyson,J. Tyson,jaylon-tyson,,,,26:56,26.933333333333334,5,10,0.5,1,4,0.25,1,1,1.0,1,7,8,2,1,1,1,4,12,13.0,0022500835,Jaylon Tyson,jaylon tyson,,,2026-02-24,2,0.44554455445544555,0.03712871287128713,0.297029702970297,0.07425742574257425,0.11138613861386139,4.0,4.0,2.0,5.0,4.0,3.0,3.0,4.0,3.0,0,0.0,0,0.0018,21.3,11826.762909494726,21.26166,0.07425742574257425,4.0,5.0,0.60761803
0022500835,1610612739,Cleveland,Cavaliers,CLE,cavaliers,1631165,Keon,Ellis,K. Ellis,keon-ellis,,,,15:50,15.833333333333334,2,3,0.667,0,1,0.0,0,0,0.0,0,0,0,1,0,1,0,2,4,-7.0,0022500835,Keon Ellis,keon ellis,,,2026-02-24,1,0.25263157894736843,0.0,0.0,0.06315789473684211,0.06315789473684211,8.0,7.0,11.0,6.0,7.0,3.0,14.0,9.0,1.0,0,0.0,0,0.0008799999999999999,-28.8,-32690.12485811578,-28.774656,0.06315789473684211,6.0,8.0,0.012951927
0022500835,1610612739,Cleveland,Cavaliers,CLE,cavaliers,1641854,Craig,Porter Jr.,C. Porter Jr.,craig-porter-jr,,,,2:42,2.7,0,0,0.0,0,0,0.0,0,0,0.0,1,0,1,0,0,0,0,1,0,-4.0,0022500835,Craig Porter Jr.,craig porter jr,,,2026-02-24,0,0.0,0.37037037037037035,0.37037037037037035,0.0,0.37037037037037035,10.0,4.0,8.0,11.0,7.0,5.0,9.0,10.0,0.0,0,0.0,0,0.0,-80.0,-80000000.0,-80.0,0.0,8.0,1.0,0.0061923712
0022500835,1610612739,Cleveland,Cavaliers,CLE,cavaliers,1628418,Thomas,Bryant,T. Bryant,thomas-bryant,,,,2:42,2.7,1,2,0.5,1,2,0.5,2,2,1.0,0,0,0,0,0,0,0,0,5,-4.0,0022500835,Thomas Bryant,thomas bryant,,,2026-02-24,0,1.8518518518518516,0.0,0.0,0.0,0.0,7.0,7.0,11.0,11.0,7.0,5.0,9.0,10.0,0.0,0,0.0,0,0.005,-80.0,-15996.800639872024,-79.6,0.0,8.0,10.0,0.023732083
0022500835,1610612739,Cleveland,Cavaliers,CLE,cavaliers,1642878,Tyrese,Proctor,T. Proctor,tyrese-proctor,,,,2:42,2.7,0,0,0.0,0,0,0.0,0,0,0.0,0,0,0,1,0,0,0,0,0,-4.0,0022500835,Tyrese Proctor,tyrese proctor,,,2026-02-24,0,0.0,0.0,0.0,0.37037037037037035,0.0,10.0,7.0,11.0,6.0,7.0,5.0,9.0,10.0,,1,,1,0.0,-80.0,-80000000.0,-80.0,0.0,8.0,10.0,0.0027859346
0022500835,1610612739,Cleveland,Cavaliers,CLE,cavaliers,1641772,Nae'Qwan,Tomlin,N. Tomlin,naeqwan-tomlin,,,,2:42,2.7,0,1,0.0,0,0,0.0,0,0,0.0,0,0,0,0,0,0,0,0,0,-4.0,0022500835,Nae'Qwan Tomlin,nae'qwan tomlin,,,2026-02-24,0,0.0,0.0,0.0,0.0,0.0,10.0,7.0,11.0,11.0,7.0,5.0,9.0,10.0,,1,,1,0.00167,-80.0,-47875.523638539795,-79.8664,0.0,8.0,10.0,0.0028303096
0022500835,1610612739,Cleveland,Cavaliers,CLE,cavaliers,1642468,Darius,Brown,D. Brown,darius-brown,,,,2:40,2.6666666666666665,0,1,0.0,0,0,0.0,0,0,0.0,0,1,1,0,0,0,0,0,0,-4.0,0022500835,Darius Brown,darius brown,,,2026-02-24,0,0.0,0.0,0.375,0.0,0.0,10.0,7.0,8.0,11.0,7.0,5.0,9.0,14.0,,1,,1,0.00167,-80.0,-47875.523638539795,-79.8664,0.0,8.0,10.0,0.0035921293
0022500846,1610612739,Cleveland,Cavaliers,CLE,cavaliers,1642281,Jaylon,Tyson,J. Tyson,jaylon-tyson,F,,,35:08,35.13333333333333,5,16,0.313,1,6,0.167,3,3,1.0,3,7,10,3,2,0,0,3,14,-19.0,0022500846,Jaylon Tyson,jaylon tyson,,,2026-02-25,2,0.3984819734345351,0.08538899430740038,0.2846299810246679,0.08538899430740038,0.14231499051233396,3.0,2.0,2.0,4.0,1.0,3.0,10.0,1.0,2.0,0,0.0,0,0.0020499999999999997,-29.5,-14383.2276938079,-29.439525,0.05692599620493359,3.0,3.0,0.16955094
0022500846,1610612739,Cleveland,Cavaliers,CLE,cavaliers,1629731,Dean,Wade,D. Wade,dean-wade,F,,,21:33,21.55,0,4,0.0,0,3,0.0,0,2,0.0,1,3,4,4,0,0,0,0,0,9.0,0022500846,Dean Wade,dean wade,,,2026-02-25,0,0.0,0.04640371229698376,0.18561484918793503,0.18561484918793503,0.04640371229698376,9.0,4.0,4.0,3.0,5.0,3.0,1.0,7.0,1.0,0,0.0,0,0.0009299999999999999,18.3,19656.283566058002,18.282981,0.0,5.0,6.0,0.025672259
0022500846,1610612739,Cleveland,Cavaliers,CLE,cavaliers,1628386,Jarrett,Allen,J. Allen,jarrett-allen,C,,,32:19,32.31666666666667,10,15,0.667,0,0,0.0,7,8,0.875,6,5,11,1,2,1,1,0,27,-10.0,0022500846,Jarrett Allen,jarrett allen,,,2026-02-25,3,0.8354822073233624,0.185662712738525,0.34038164002062915,0.030943785456420833,0.2784940691077875,1.0,1.0,1.0,7.0,1.0,1.0,9.0,4.0,2.0,0,0.0,0,0.0025,-17.7,-7077.16913234706,-17.65575,0.0928313563692625,1.0,1.0,0.8807131
0022500846,1610612739,Cleveland,Cavaliers,CLE,cavaliers,1630241,Sam,Merrill,S. Merrill,sam-merrill,G,,,33:41,33.68333333333333,6,13,0.462,2,8,0.25,0,2,0.0,1,4,5,2,0,0,3,3,14,-2.0,0022500846,Sam Merrill,sam merrill,,,2026-02-25,0,0.4156358238495795,0.02968827313211282,0.1484413656605641,0.05937654626422564,0.02968827313211282,3.0,4.0,3.0,6.0,5.0,3.0,6.0,3.0,1.0,0,0.0,0,0.00218,-1.2,-550.2063273727647,-1.197384,0.0,5.0,8.0,0.36426735
0022500846,1610612739,Cleveland,Cavaliers,CLE,cavaliers,203471,Dennis,Schröder,D. Schröder,dennis-schröder,G,,,34:34,34.56666666666667,8,14,0.571,3,6,0.5,7,9,0.778,1,1,2,5,1,0,3,1,26,-5.0,0022500846,Dennis Schröder,dennis schröder,,,2026-02-25,1,0.7521697203471552,0.028929604628736737,0.057859209257473475,0.1446480231436837,0.057859209257473475,2.0,4.0,6.0,2.0,4.0,3.0,8.0,2.0,1.0,0,0.0,0,0.0025,-9.1,-3638.544582167133,-9.07725,0.028929604628736737,4.0,5.0,0.8136797
0022500846,1610612739,Cleveland,Cavaliers,CLE,cavaliers,1631165,Keon,Ellis,K. Ellis,keon-ellis,,,,28:54,28.9,5,9,0.556,4,8,0.5,0,0,0.0,2,2,4,3,2,1,2,1,14,6.0,0022500846,Keon Ellis,keon ellis,,,2026-02-25,3,0.4844290657439447,0.06920415224913495,0.1384083044982699,0.10380622837370243,0.17301038062283738,3.0,3.0,4.0,4.0,1.0,1.0,3.0,5.0,5.0,0,0.0,0,0.00157,12.4,7893.061744112031,12.380532,0.10380622837370243,1.0,2.0,0.81640047
0022500846,1610612739,Cleveland,Cavaliers,CLE,cavaliers,1641772,Nae'Qwan,Tomlin,N. Tomlin,naeqwan-tomlin,,,,8:51,8.85,1,4,0.25,0,2,0.0,0,0,0.0,1,1,2,0,0,0,2,0,2,-3.0,0022500846,Nae'Qwan Tomlin,nae'qwan tomlin,,,2026-02-25,0,0.22598870056497175,0.11299435028248588,0.22598870056497175,0.0,0.11299435028248588,8.0,4.0,6.0,9.0,5.0,3.0,7.0,9.0,1.0,0,0.0,0,0.0027300000000000002,-23.4,-8568.290003661661,-23.336118,0.0,5.0,4.0,0.009562804
0022500846,1610612739,Cleveland,Cavaliers,CLE,cavaliers,1641854,Craig,Porter Jr.,C. Porter Jr.,craig-porter-jr,,,,21:47,21.783333333333335,3,4,0.75,1,2,0.5,1,1,1.0,1,1,2,9,0,0,0,0,8,5.0,0022500846,Craig Porter Jr.,craig porter jr,,,2026-02-25,0,0.3672532517214996,0.04590665646518745,0.0918133129303749,0.413159908186687,0.04590665646518745,7.0,4.0,6.0,1.0,5.0,3.0,4.0,6.0,2.0,0,0.0,0,0.00082,17.0,20706.455542021926,16.98606,0.0,5.0,7.0,0.18280768
0022500846,1610612739,Cleveland,Cavaliers,CLE,cavaliers,1628418,Thomas,Bryant,T. Bryant,thomas-bryant,,,,15:41,15.683333333333334,4,8,0.5,1,5,0.2,2,2,1.0,0,2,2,0,0,0,0,2,11,8.0,0022500846,Thomas Bryant,thomas bryant,,,2026-02-25,0,0.7013815090329437,0.0,0.1275239107332625,0.0,0.0,6.0,9.0,6.0,9.0,5.0,3.0,2.0,8.0,0.0,0,0.0,0,0.00265,29.2,11014.711429649187,29.122619999999998,0.0,5.0,9.0,0.7657744
0022500846,1610612739,Cleveland,Cavaliers,CLE,cavaliers,1626204,Larry,Nance Jr.,L. Nance Jr.,larry-nance-jr,,,,7:32,7.533333333333333,0,0,0.0,0,0,0.0,0,0,0.0,0,2,2,1,0,0,0,0,0,1.0,0022500846,Larry Nance Jr.,larry nance jr,,,2026-02-25,0,0.0,0.0,0.26548672566371684,0.13274336283185842,0.0,9.0,9.0,6.0,7.0,5.0,3.0,5.0,10.0,2.0,0,0.0,0,0.0,13.8,13800000.000000002,13.8,0.0,5.0,9.0,0.0065681213
0022500858,1610612739,Cleveland,Cavaliers,CLE,cavaliers,1642281,Jaylon,Tyson,J. Tyson,jaylon-tyson,F,,,40:40,40.666666666666664,5,10,0.5,4,7,0.571,1,2,0.5,1,3,4,1,2,0,1,5,15,-9.0,0022500858,Jaylon Tyson,jaylon tyson,,,2026-02-27,2,0.36885245901639346,0.024590163934426233,0.09836065573770493,0.024590163934426233,0.07377049180327869,4.0,3.0,4.0,5.0,2.0,7.0,6.0,1.0,1.0,0,0.0,0,0.00122,-18.5,-15151.515151515154,-18.47743,0.049180327868852465,3.0,7.0,0.5626344
0022500858,1610612739,Cleveland,Cavaliers,CLE,cavaliers,1630596,Evan,Mobley,E. Mobley,evan-mobley,F,,,37:03,37.05,9,15,0.6,4,8,0.5,1,2,0.5,0,12,12,1,0,4,1,2,23,-5.0,0022500858,Evan Mobley,evan mobley,,,2026-02-27,4,0.620782726045884,0.0,0.32388663967611336,0.02699055330634278,0.10796221322537113,2.0,7.0,1.0,5.0,7.0,1.0,5.0,3.0,2.0,0,0.0,0,0.00193,-7.9,-4091.144484722942,-7.884753000000001,0.10796221322537113,1.0,5.0,0.87734216
0022500858,1610612739,Cleveland,Cavaliers,CLE,cavaliers,1628386,Jarrett,Allen,J. Allen,jarrett-allen,C,,,31:28,31.466666666666665,10,12,0.833,0,0,0.0,5,8,0.625,4,5,9,4,0,1,1,6,25,-9.0,0022500858,Jarrett Allen,jarrett allen,,,2026-02-27,1,0.7944915254237288,0.1271186440677966,0.2860169491525424,0.1271186440677966,0.15889830508474578,1.0,1.0,2.0,3.0,7.0,2.0,6.0,6.0,2.0,0,0.0,0,0.00219,-12.1,-5522.592423550889,-12.073500999999998,0.03177966101694915,7.0,3.0,0.9195958
0022500858,1610612739,Cleveland,Cavaliers,CLE,cavaliers,1630241,Sam,Merrill,S. Merrill,sam-merrill,G,,,36:20,36.333333333333336,6,14,0.429,4,10,0.4,4,4,1.0,0,1,1,3,2,0,2,3,20,-13.0,0022500858,Sam Merrill,sam merrill,,,2026-02-27,2,0.5504587155963302,0.0,0.027522935779816512,0.08256880733944953,0.055045871559633024,3.0,7.0,7.0,4.0,2.0,7.0,8.0,4.0,4.0,0,0.0,0,0.0019500000000000001,-20.2,-10353.66478728857,-20.16061,0.055045871559633024,3.0,8.0,0.8253139
0022500858,1610612739,Cleveland,Cavaliers,CLE,cavaliers,203471,Dennis,Schröder,D. Schröder,dennis-schröder,G,,,37:47,37.78333333333333,4,15,0.267,0,2,0.0,4,4,1.0,1,0,1,9,1,1,8,1,12,-15.0,0022500858,Dennis Schröder,dennis schröder,,,2026-02-27,2,0.317600352889281,0.02646669607410675,0.02646669607410675,0.23820026466696076,0.07940008822232025,6.0,3.0,7.0,2.0,4.0,2.0,9.0,2.0,3.0,0,0.0,0,0.0027500000000000003,-21.8,-7924.391130498,-21.74005,0.0529333921482135,3.0,6.0,0.099274226
0022500858,1610612739,Cleveland,Cavaliers,CLE,cavaliers,1641854,Craig,Porter Jr.,C. Porter Jr.,craig-porter-jr,,,,32:25,32.416666666666664,2,9,0.222,0,3,0.0,1,2,0.5,1,3,4,12,3,1,3,1,5,13.0,0022500858,Craig Porter Jr.,craig porter jr,,,2026-02-27,4,0.15424164524421594,0.03084832904884319,0.12339331619537276,0.3701799485861183,0.15424164524421594,7.0,3.0,4.0,1.0,1.0,2.0,1.0,5.0,4.0,0,0.0,0,0.00165,13.3,8055.723803755301,13.278055,0.12339331619537276,1.0,4.0,0.19081971
0022500858,1610612739,Cleveland,Cavaliers,CLE,cavaliers,1641772,Nae'Qwan,Tomlin,N. Tomlin,naeqwan-tomlin,,,,14:40,14.666666666666666,1,5,0.2,0,1,0.0,0,0,0.0,1,1,2,0,1,1,0,2,2,1.0,0022500858,Nae'Qwan Tomlin,nae'qwan tomlin,,,2026-02-27,2,0.13636363636363638,0.06818181818181819,0.13636363636363638,0.0,0.20454545454545456,9.0,3.0,6.0,9.0,4.0,2.0,4.0,9.0,1.0,0,0.0,0,0.0013900000000000002,-4.1,-2947.519769949676,-4.094301,0.13636363636363638,3.0,2.0,0.03139566
0022500858,1610612739,Cleveland,Cavaliers,CLE,cavaliers,1642878,Tyrese,Proctor,T. Proctor,tyrese-proctor,,,,18:54,18.9,1,2,0.5,0,1,0.0,2,2,1.0,0,0,0,1,1,0,0,3,4,12.0,0022500858,Tyrese Proctor,tyrese proctor,,,2026-02-27,1,0.21164021164021166,0.0,0.0,0.052910052910052914,0.052910052910052914,8.0,7.0,9.0,5.0,4.0,7.0,2.0,7.0,0.0,0,0.0,0,0.00065,25.6,39324.11674347158,25.58336,0.052910052910052914,7.0,9.0,0.021379236
0022500858,1610612739,Cleveland,Cavaliers,CLE,cavaliers,1628418,Thomas,Bryant,T. Bryant,thomas-bryant,,,,15:44,15.733333333333333,5,12,0.417,1,3,0.333,2,3,0.667,3,5,8,1,0,1,1,1,13,10.0,0022500858,Thomas Bryant,thomas bryant,,,2026-02-27,1,0.826271186440678,0.19067796610169493,0.5084745762711864,0.0635593220338983,0.2542372881355932,5.0,2.0,3.0,5.0,7.0,2.0,3.0,8.0,0.0,0,0.0,0,0.00378,22.2,5871.462576038085,22.116084,0.0635593220338983,7.0,1.0,0.8050655
0022500869,1610612739,Cleveland,Cavaliers,CLE,cavaliers,1642281,Jaylon,Tyson,J. Tyson,jaylon-tyson,F,,,27:49,27.816666666666666,3,7,0.429,3,6,0.5,0,0,0.0,0,1,1,2,0,0,3,1,9,3.0,0022500869,Jaylon Tyson,jaylon tyson,,,2026-03-01,0,0.32354703415218694,0.0,0.035949670461354104,0.07189934092270821,0.0,6.0,5.0,6.0,3.0,7.0,4.0,4.0,4.0,2.0,0,0.0,0,0.00167,1.5,897.6660682226212,1.497495,0.0,8.0,8.0,0.058940474
0022500869,1610612739,Cleveland,Cavaliers,CLE,cavaliers,1630596,Evan,Mobley,E. Mobley,evan-mobley,F,,,26:53,26.883333333333333,6,12,0.5,0,2,0.0,5,10,0.5,4,9,13,2,0,1,2,2,17,24.0,0022500869,Evan Mobley,evan mobley,,,2026-03-01,1,0.6323620582765034,0.14879107253564786,0.48357098574085555,0.07439553626782393,0.18598884066955984,3.0,1.0,1.0,3.0,7.0,2.0,1.0,6.0,1.0,0,0.0,0,0.00297,42.1,14170.3130259172,41.974963,0.037197768133911964,4.0,3.0,0.8222183
0022500869,1610612739,Cleveland,Cavaliers,CLE,cavaliers,1628386,Jarrett,Allen,J. Allen,jarrett-allen,C,,,31:48,31.8,7,12,0.583,0,0,0.0,6,8,0.75,2,4,6,1,2,0,2,1,20,5.0,0022500869,Jarrett Allen,jarrett allen,,,2026-03-01,2,0.6289308176100629,0.06289308176100629,0.18867924528301885,0.031446540880503145,0.12578616352201258,2.0,2.0,3.0,8.0,2.0,4.0,3.0,2.0,4.0,0,0.0,0,0.00261,9.2,3523.5541937954804,9.175987999999998,0.06289308176100629,2.0,4.0,0.7704325
0022500869,1610612739,Cleveland,Cavaliers,CLE,cavaliers,1630241,Sam,Merrill,S. Merrill,sam-merrill,G,,,27:26,27.433333333333334,5,8,0.625,4,6,0.667,1,1,1.0,0,1,1,2,0,0,1,3,15,20.0,0022500869,Sam Merrill,sam merrill,,,2026-03-01,0,0.5467800729040098,0.0,0.03645200486026731,0.07290400972053462,0.0,4.0,5.0,6.0,3.0,7.0,4.0,2.0,5.0,2.0,0,1.0,0,0.00153,38.0,24820.378837361204,37.94186,0.0,8.0,8.0,0.6977343
0022500869,1610612739,Cleveland,Cavaliers,CLE,cavaliers,201935,James,Harden,J. Harden,james-harden,G,,,36:23,36.38333333333333,5,9,0.556,4,7,0.571,8,12,0.667,0,9,9,8,0,0,5,2,22,3.0,0022500869,James Harden,james harden,,,2026-03-01,0,0.6046724690792488,0.0,0.24736601007787448,0.21988089784699955,0.0,1.0,5.0,2.0,1.0,7.0,4.0,4.0,1.0,0.0,0,0.0,0,0.0023499999999999997,4.0,1701.403658017865,3.9906,0.0,8.0,8.0,0.7381501
0022500869,1610612739,Cleveland,Cavaliers,CLE,cavaliers,203471,Dennis,Schröder,D. Schröder,dennis-schröder,,,,25:18,25.3,4,7,0.571,1,1,1.0,3,4,0.75,0,1,1,5,1,0,0,3,12,-8.0,0022500869,Dennis Schröder,dennis schröder,,,2026-03-01,1,0.4743083003952569,0.0,0.039525691699604744,0.1976284584980237,0.039525691699604744,5.0,5.0,6.0,2.0,3.0,4.0,8.0,7.0,3.0,0,0.0,0,0.00155,-15.4,-9929.078014184399,-15.37613,0.039525691699604744,4.0,7.0,0.51977897
0022500869,1610612739,Cleveland,Cavaliers,CLE,cavaliers,1631165,Keon,Ellis,K. Ellis,keon-ellis,,,,31:29,31.483333333333334,2,5,0.4,0,1,0.0,0,0,0.0,1,2,3,2,3,5,0,2,4,-5.0,0022500869,Keon Ellis,keon ellis,,,2026-03-01,8,0.12705134992059292,0.03176283748014823,0.09528851244044467,0.06352567496029646,0.285865537321334,7.0,3.0,4.0,3.0,1.0,1.0,7.0,3.0,3.0,0,0.0,0,0.00068,-9.1,-13362.701908957413,-9.093812,0.25410269984118583,1.0,2.0,0.25322393
0022500869,1610612739,Cleveland,Cavaliers,CLE,cavaliers,1641854,Craig,Porter Jr.,C. Porter Jr.,craig-porter-jr,,,,17:60,18.0,1,4,0.25,1,2,0.5,0,0,0.0,0,1,1,2,1,1,2,3,3,-10.0,0022500869,Craig Porter Jr.,craig porter jr,,,2026-03-01,2,0.16666666666666666,0.0,0.05555555555555555,0.1111111111111111,0.1111111111111111,9.0,5.0,6.0,3.0,3.0,2.0,10.0,8.0,3.0,0,0.0,0,0.00154,-25.0,-16223.231667748218,-24.9615,0.1111111111111111,2.0,5.0,0.008763007
0022500869,1610612739,Cleveland,Cavaliers,CLE,cavaliers,1628418,Thomas,Bryant,T. Bryant,thomas-bryant,,,,10:19,10.316666666666666,1,3,0.333,0,2,0.0,2,2,1.0,0,2,2,1,1,0,0,3,4,-8.0,0022500869,Thomas Bryant,thomas bryant,,,2026-03-01,1,0.3877221324717286,0.0,0.1938610662358643,0.09693053311793215,0.09693053311793215,7.0,5.0,5.0,8.0,3.0,4.0,8.0,9.0,2.0,0,0.0,0,0.00182,-44.3,-24327.292696320703,-44.219373999999995,0.09693053311793215,4.0,6.0,0.013188434
0022500869,1610612739,Cleveland,Cavaliers,CLE,cavaliers,1641772,Nae'Qwan,Tomlin,N. Tomlin,naeqwan-tomlin,,,,4:36,4.6,0,3,0.0,0,0,0.0,0,0,0.0,1,0,1,0,1,0,0,1,0,-4.0,0022500869,Nae'Qwan Tomlin,nae'qwan tomlin,,,2026-03-01,1,0.0,0.2173913043478261,0.2173913043478261,0.0,0.4347826086956522,10.0,3.0,6.0,10.0,3.0,4.0,6.0,10.0,1.0,0,0.0,0,0.0025,-51.1,-20431.827269092362,-50.97225,0.2173913043478261,4.0,1.0,0.012393778
0022500884,1610612739,Cleveland,Cavaliers,CLE,cavaliers,1642281,Jaylon,Tyson,J. Tyson,jaylon-tyson,F,,,31:57,31.95,8,15,0.533,5,12,0.417,1,3,0.333,1,2,3,4,0,2,1,5,22,8.0,0022500884,Jaylon Tyson,jaylon tyson,,,2026-03-03,2,0.6885758998435055,0.03129890453834116,0.09389671361502347,0.12519561815336464,0.09389671361502347,1.0,3.0,7.0,3.0,6.0,1.0,3.0,2.0,1.0,0,0.0,0,0.0023,16.1,6996.957844415472,16.062970000000004,0.06259780907668232,2.0,5.0,0.78067696
0022500884,1610612739,Cleveland,Cavaliers,CLE,cavaliers,1630596,Evan,Mobley,E. Mobley,evan-mobley,F,,,31:38,31.633333333333333,5,9,0.556,2,4,0.5,6,8,0.75,0,5,5,4,2,0,0,3,18,-2.0,0022500884,Evan Mobley,evan mobley,,,2026-03-03,2,0.5690200210748156,0.0,0.15806111696522657,0.12644889357218125,0.06322444678609063,2.0,7.0,2.0,3.0,1.0,4.0,5.0,3.0,2.0,0,0.0,0,0.00178,-1.3,-729.9270072992701,-1.2976860000000001,0.06322444678609063,2.0,6.0,0.8251323
0022500884,1610612739,Cleveland,Cavaliers,CLE,cavaliers,1628386,Jarrett,Allen,J. Allen,jarrett-allen,C,,,20:32,20.533333333333335,4,7,0.571,0,0,0.0,0,2,0.0,1,2,3,0,1,0,1,2,8,-3.0,0022500884,Jarrett Allen,jarrett allen,,,2026-03-03,1,0.3896103896103896,0.0487012987012987,0.1461038961038961,0.0,0.0974025974025974,7.0,3.0,7.0,8.0,3.0,4.0,6.0,8.0,1.0,0,0.0,0,0.00188,-2.2,-1169.590643274854,-2.1958640000000003,0.0487012987012987,5.0,4.0,0.3517474
0022500884,1610612739,Cleveland,Cavaliers,CLE,cavaliers,1630241,Sam,Merrill,S. Merrill,sam-merrill,G,,,26:59,26.983333333333334,3,10,0.3,3,7,0.429,0,0,0.0,0,0,0,2,1,0,0,1,9,-6.0,0022500884,Sam Merrill,sam merrill,,,2026-03-03,1,0.33353922174181594,0.0,0.0,0.07411982705373688,0.03705991352686844,5.0,7.0,9.0,6.0,3.0,4.0,8.0,5.0,1.0,0,0.0,0,0.00154,-8.5,-5515.898767034394,-8.48691,0.03705991352686844,5.0,8.0,0.07017482
0022500884,1610612739,Cleveland,Cavaliers,CLE,cavaliers,201935,James,Harden,J. Harden,james-harden,G,,,35:23,35.38333333333333,5,17,0.294,2,9,0.222,6,6,1.0,2,3,5,7,0,0,5,0,18,-6.0,0022500884,James Harden,james harden,,,2026-03-03,0,0.5087140838436175,0.05652378709373528,0.1413094677343382,0.19783325482807348,0.05652378709373528,2.0,2.0,2.0,1.0,6.0,4.0,8.0,1.0,3.0,0,0.0,0,0.00316,-5.3,-1676.6845934830749,-5.283251999999999,0.0,7.0,7.0,0.31460384
0022500884,1610612739,Cleveland,Cavaliers,CLE,cavaliers,1631165,Keon,Ellis,K. Ellis,keon-ellis,,,,26:32,26.533333333333335,2,5,0.4,0,3,0.0,3,3,1.0,1,3,4,2,2,1,0,6,7,-5.0,0022500884,Keon Ellis,keon ellis,,,2026-03-03,3,0.2638190954773869,0.03768844221105527,0.1507537688442211,0.07537688442211055,0.1507537688442211,8.0,3.0,6.0,6.0,1.0,2.0,7.0,6.0,4.0,0,0.0,0,0.00105,-8.0,-7611.798287345387,-7.9916,0.11306532663316582,1.0,3.0,0.07908427
0022500884,1610612739,Cleveland,Cavaliers,CLE,cavaliers,203471,Dennis,Schröder,D. Schröder,dennis-schröder,,,,28:24,28.4,6,10,0.6,2,3,0.667,1,1,1.0,0,5,5,5,0,0,2,2,15,16.0,0022500884,Dennis Schröder,dennis schröder,,,2026-03-03,0,0.5281690140845071,0.0,0.17605633802816903,0.17605633802816903,0.0,4.0,7.0,2.0,2.0,6.0,4.0,1.0,4.0,1.0,0,0.0,0,0.002,29.6,14792.603698150924,29.5408,0.0,7.0,9.0,0.8245204
0022500884,1610612739,Cleveland,Cavaliers,CLE,cavaliers,1641854,Craig,Porter Jr.,C. Porter Jr.,craig-porter-jr,,,,22:18,22.3,3,8,0.375,1,4,0.25,0,0,0.0,5,3,8,3,0,0,1,0,7,6.0,0022500884,Craig Porter Jr.,craig porter jr,,,2026-03-03,0,0.3139013452914798,0.22421524663677128,0.35874439461883406,0.13452914798206278,0.22421524663677128,8.0,1.0,1.0,5.0,6.0,4.0,4.0,7.0,2.0,0,0.0,0,0.00191,15.0,7849.293563579278,14.971350000000001,0.0,7.0,1.0,0.20623547
0022500884,1610612739,Cleveland,Cavaliers,CLE,cavaliers,1628418,Thomas,Bryant,T. Bryant,thomas-bryant,,,,16:17,16.283333333333335,2,5,0.4,2,4,0.5,3,3,1.0,1,4,5,0,1,1,0,1,9,12.0,0022500884,Thomas Bryant,thomas bryant,,,2026-03-03,2,0.5527123848515865,0.06141248720573183,0.3070624360286591,0.0,0.18423746161719548,5.0,3.0,2.0,8.0,3.0,2.0,2.0,9.0,0.0,0,0.0,0,0.0017100000000000001,41.4,24196.376388077148,41.329206,0.12282497441146366,2.0,2.0,0.58827865
0022500921,1610612739,Cleveland,Cavaliers,CLE,cavaliers,1630241,Sam,Merrill,S. Merrill,sam-merrill,F,,,29:07,29.116666666666667,2,9,0.222,1,7,0.143,0,0,0.0,1,4,5,4,1,0,0,5,5,-1.0,0022500921,Sam Merrill,sam merrill,,,2026-03-08,1,0.17172295363480253,0.0343445907269605,0.17172295363480253,0.137378362907842,0.068689181453921,6.0,3.0,4.0,3.0,1.0,4.0,4.0,4.0,1.0,0,0.0,0,0.0014299999999999998,-3.9,-2725.366876310273,-3.8944229999999997,0.0343445907269605,4.0,5.0,0.049128473
0022500921,1610612739,Cleveland,Cavaliers,CLE,cavaliers,1629731,Dean,Wade,D. Wade,dean-wade,F,,,20:34,20.566666666666666,3,5,0.6,1,3,0.333,0,0,0.0,0,3,3,0,1,0,0,5,7,1.0,0022500921,Dean Wade,dean wade,,,2026-03-08,1,0.34035656401944897,0.0,0.14586709886547813,0.0,0.04862236628849271,5.0,6.0,6.0,7.0,1.0,4.0,2.0,7.0,1.0,0,0.0,0,0.00111,5.3,4770.4770477047705,5.294117,0.04862236628849271,4.0,6.0,0.19734915
0022500921,1610612739,Cleveland,Cavaliers,CLE,cavaliers,1630596,Evan,Mobley,E. Mobley,evan-mobley,C,,,31:05,31.083333333333332,10,19,0.526,2,6,0.333,2,3,0.667,5,3,8,1,0,3,2,0,24,-6.0,0022500921,Evan Mobley,evan mobley,,,2026-03-08,3,0.772117962466488,0.16085790884718498,0.257372654155496,0.032171581769437,0.257372654155496,2.0,1.0,1.0,5.0,5.0,1.0,6.0,3.0,1.0,0,0.0,0,0.00314,-8.2,-2610.633556192295,-8.174252,0.096514745308311,1.0,1.0,0.74935246
0022500921,1610612739,Cleveland,Cavaliers,CLE,cavaliers,1628378,Donovan,Mitchell,D. Mitchell,donovan-mitchell,G,,,33:28,33.46666666666667,9,18,0.5,3,9,0.333,9,11,0.818,0,7,7,5,1,2,0,1,30,8.0,0022500921,Donovan Mitchell,donovan mitchell,,,2026-03-08,3,0.896414342629482,0.0,0.2091633466135458,0.149402390438247,0.0896414342629482,1.0,6.0,2.0,2.0,1.0,2.0,1.0,2.0,3.0,0,0.0,0,0.00319,13.9,4356.00125352554,13.855659,0.0896414342629482,1.0,3.0,0.88319534
0022500921,1610612739,Cleveland,Cavaliers,CLE,cavaliers,201935,James,Harden,J. Harden,james-harden,G,,,38:20,38.333333333333336,6,16,0.375,3,8,0.375,4,7,0.571,1,3,4,10,0,0,0,0,19,-12.0,0022500921,James Harden,james harden,,,2026-03-08,0,0.49565217391304345,0.02608695652173913,0.10434782608695652,0.2608695652173913,0.02608695652173913,3.0,3.0,5.0,1.0,5.0,4.0,8.0,1.0,2.0,0,0.0,0,0.0022400000000000002,-17.9,-7987.505577867022,-17.859903999999997,0.0,6.0,7.0,0.3436456
0022500921,1610612739,Cleveland,Cavaliers,CLE,cavaliers,1642281,Jaylon,Tyson,J. Tyson,jaylon-tyson,,,,25:20,25.333333333333332,3,8,0.375,2,6,0.333,0,0,0.0,2,4,6,1,0,0,1,2,8,-18.0,0022500921,Jaylon Tyson,jaylon tyson,,,2026-03-08,0,0.31578947368421056,0.07894736842105264,0.2368421052631579,0.03947368421052632,0.07894736842105264,4.0,2.0,3.0,5.0,5.0,4.0,10.0,5.0,2.0,0,0.0,0,0.00155,-37.9,-24435.84784010316,-37.841255,0.0,6.0,4.0,0.075510144
0022500921,1610612739,Cleveland,Cavaliers,CLE,cavaliers,1631165,Keon,Ellis,K. Ellis,keon-ellis,,,,24:04,24.066666666666666,0,1,0.0,0,1,0.0,0,0,0.0,1,2,3,0,1,1,0,4,0,-15.0,0022500921,Keon Ellis,keon ellis,,,2026-03-08,2,0.0,0.04155124653739612,0.12465373961218837,0.0,0.12465373961218837,9.0,3.0,6.0,7.0,1.0,3.0,9.0,6.0,8.0,0,0.0,0,0.00018999999999999998,-27.2,-142408.3769633508,-27.194831999999998,0.08310249307479224,3.0,2.0,0.03588596
0022500921,1610612739,Cleveland,Cavaliers,CLE,cavaliers,1628418,Thomas,Bryant,T. Bryant,thomas-bryant,,,,13:37,13.616666666666667,1,6,0.167,1,4,0.25,0,0,0.0,0,2,2,0,0,0,1,1,3,-8.0,0022500921,Thomas Bryant,thomas bryant,,,2026-03-08,0,0.22031823745410037,0.0,0.14687882496940025,0.0,0.0,7.0,6.0,9.0,7.0,5.0,4.0,7.0,9.0,0.0,0,0.0,0,0.00226,-31.8,-14064.573197700132,-31.728132,0.0,6.0,8.0,0.008534028
0022500921,1610612739,Cleveland,Cavaliers,CLE,cavaliers,203471,Dennis,Schröder,D. Schröder,dennis-schröder,,,,20:23,20.383333333333333,1,4,0.25,0,1,0.0,0,0,0.0,0,3,3,2,0,0,2,1,2,0.0,0022500921,Dennis Schröder,dennis schröder,,,2026-03-08,0,0.09811937857726902,0.0,0.1471790678659035,0.09811937857726902,0.0,8.0,6.0,6.0,4.0,5.0,4.0,3.0,8.0,3.0,0,0.0,0,0.00133,-2.8,-2103.681442524418,-2.7962759999999998,0.0,6.0,8.0,0.01648359
0022500921,1610612739,Cleveland,Cavaliers,CLE,cavaliers,1641854,Craig,Porter Jr.,C. Porter Jr.,craig-porter-jr,,,,4:02,4.033333333333333,0,0,0.0,0,0,0.0,0,0,0.0,0,1,1,0,0,0,1,0,0,-4.0,0022500921,Craig Porter Jr.,craig porter jr,,,2026-03-08,0,0.0,0.0,0.24793388429752067,0.0,0.0,9.0,6.0,10.0,7.0,5.0,4.0,5.0,10.0,,1,,1,0.00083,-51.4,-61853.1889290012,-51.357338,0.0,6.0,8.0,0.003981761
0022500931,1610612739,Cleveland,Cavaliers,CLE,cavaliers,1630241,Sam,Merrill,S. Merrill,sam-merrill,F,,,20:35,20.583333333333332,1,6,0.167,0,5,0.0,0,0,0.0,0,3,3,5,0,0,0,1,2,5.0,0022500931,Sam Merrill,sam merrill,,,2026-03-09,0,0.09716599190283401,0.0,0.14574898785425103,0.24291497975708504,0.0,10.0,6.0,5.0,2.0,4.0,7.0,8.0,7.0,0.0,0,0.0,0,0.00133,10.1,7588.279489105936,10.086566999999999,0.0,10.0,10.0,0.011561124
0022500931,1610612739,Cleveland,Cavaliers,CLE,cavaliers,1629731,Dean,Wade,D. Wade,dean-wade,F,,,20:13,20.216666666666665,5,9,0.556,3,6,0.5,0,0,0.0,4,6,10,2,0,1,0,3,13,16.0,0022500931,Dean Wade,dean wade,,,2026-03-09,1,0.6430338004946414,0.1978565539983512,0.494641384995878,0.0989282769991756,0.247320692497939,5.0,1.0,1.0,5.0,4.0,2.0,2.0,8.0,2.0,0,0.0,0,0.00196,41.0,20907.700152983172,40.91964,0.0494641384995878,3.0,2.0,0.9161581
0022500931,1610612739,Cleveland,Cavaliers,CLE,cavaliers,1630596,Evan,Mobley,E. Mobley,evan-mobley,C,,,28:07,28.116666666666667,7,12,0.583,0,2,0.0,1,1,1.0,1,7,8,1,0,3,1,2,15,9.0,0022500931,Evan Mobley,evan mobley,,,2026-03-09,3,0.5334914048606995,0.03556609365737996,0.2845287492590397,0.03556609365737996,0.14226437462951985,4.0,3.0,2.0,8.0,4.0,1.0,6.0,3.0,2.0,0,0.0,0,0.0020599999999999998,18.3,8879.184861717613,18.262302000000002,0.10669828097213989,1.0,4.0,0.7044926
0022500931,1610612739,Cleveland,Cavaliers,CLE,cavaliers,1628378,Donovan,Mitchell,D. Mitchell,donovan-mitchell,G,,,31:10,31.166666666666668,4,11,0.364,0,2,0.0,9,9,1.0,1,2,3,6,2,0,0,1,17,10.0,0022500931,Donovan Mitchell,donovan mitchell,,,2026-03-09,2,0.5454545454545454,0.0320855614973262,0.0962566844919786,0.1925133689839572,0.0962566844919786,3.0,3.0,5.0,1.0,1.0,7.0,4.0,1.0,1.0,0,0.0,0,0.00208,14.2,6823.642479577126,14.170463999999999,0.0641711229946524,2.0,5.0,0.65396386
0022500931,1610612739,Cleveland,Cavaliers,CLE,cavaliers,201935,James,Harden,J. Harden,james-harden,G,,,29:08,29.133333333333333,6,11,0.545,3,8,0.375,6,6,1.0,0,5,5,5,0,1,2,1,21,16.0,0022500931,James Harden,james harden,,,2026-03-09,1,0.7208237986270023,0.0,0.17162471395881007,0.17162471395881007,0.034324942791762014,1.0,6.0,3.0,2.0,4.0,2.0,2.0,2.0,2.0,0,0.0,0,0.00246,26.4,10727.346607070296,26.335055999999998,0.034324942791762014,3.0,9.0,0.88342893
0022500931,1610612739,Cleveland,Cavaliers,CLE,cavaliers,203471,Dennis,Schröder,D. Schröder,dennis-schröder,,,,21:43,21.716666666666665,1,2,0.5,0,1,0.0,2,2,1.0,0,1,1,2,0,1,1,2,4,5.0,0022500931,Dennis Schröder,dennis schröder,,,2026-03-09,1,0.18419033000767462,0.0,0.046047582501918656,0.09209516500383731,0.046047582501918656,8.0,6.0,9.0,5.0,4.0,2.0,8.0,5.0,1.0,0,0.0,0,0.0008500000000000001,9.0,10575.793184488835,8.99235,0.046047582501918656,3.0,8.0,0.008869758
0022500931,1610612739,Cleveland,Cavaliers,CLE,cavaliers,1642281,Jaylon,Tyson,J. Tyson,jaylon-tyson,,,,20:37,20.616666666666667,4,11,0.364,3,6,0.5,0,0,0.0,0,1,1,2,0,1,0,1,11,10.0,0022500931,Jaylon Tyson,jaylon tyson,,,2026-03-09,1,0.5335489086499595,0.0,0.04850444624090541,0.09700889248181083,0.04850444624090541,6.0,6.0,9.0,5.0,4.0,2.0,4.0,6.0,0.0,0,0.0,0,0.00229,18.0,7856.83107813182,17.95878,0.04850444624090541,3.0,7.0,0.5772986
0022500931,1610612739,Cleveland,Cavaliers,CLE,cavaliers,1631165,Keon,Ellis,K. Ellis,keon-ellis,,,,25:35,25.583333333333332,5,9,0.556,4,7,0.571,5,7,0.714,1,1,2,0,1,0,0,3,19,25.0,0022500931,Keon Ellis,keon ellis,,,2026-03-09,1,0.742671009771987,0.03908794788273616,0.07817589576547232,0.0,0.07817589576547232,2.0,3.0,7.0,11.0,2.0,7.0,1.0,4.0,4.0,0,0.0,0,0.00194,42.6,21947.449768160743,42.517356,0.03908794788273616,3.0,6.0,0.8299133
0022500931,1610612739,Cleveland,Cavaliers,CLE,cavaliers,1628418,Thomas,Bryant,T. Bryant,thomas-bryant,,,,12:34,12.566666666666666,3,9,0.333,2,5,0.4,0,0,0.0,2,3,5,1,0,1,0,1,8,6.0,0022500931,Thomas Bryant,thomas bryant,,,2026-03-09,1,0.636604774535809,0.15915119363395225,0.3978779840848806,0.07957559681697612,0.2387267904509284,7.0,2.0,3.0,8.0,4.0,2.0,7.0,10.0,0.0,0,0.0,0,0.0031,24.0,7739.438890680425,23.9256,0.07957559681697612,3.0,3.0,0.14275452
0022500931,1610612739,Cleveland,Cavaliers,CLE,cavaliers,1641854,Craig,Porter Jr.,C. Porter Jr.,craig-porter-jr,,,,14:58,14.966666666666667,0,1,0.0,0,0,0.0,0,0,0.0,0,2,2,3,0,0,2,1,0,0.0,0022500931,Craig Porter Jr.,craig porter jr,,,2026-03-09,0,0.0,0.0,0.13363028953229397,0.20044543429844097,0.0,12.0,6.0,7.0,4.0,4.0,7.0,10.0,9.0,0.0,0,0.0,0,0.00094,4.4,4675.876726886291,4.395864,0.0,10.0,10.0,0.006905627
0022500931,1610612739,Cleveland,Cavaliers,CLE,cavaliers,1642434,Riley,Minix,R. Minix,riley-minix,,,,3:50,3.8333333333333335,0,0,0.0,0,0,0.0,0,0,0.0,0,0,0,0,0,0,1,0,0,-8.0,0022500931,Riley Minix,riley minix,,,2026-03-09,0,0.0,0.0,0.0,0.0,0.0,12.0,6.0,12.0,11.0,4.0,7.0,11.0,11.0,0.0,0,0.0,0,0.00125,-100.0,-79936.05115907274,-99.875,0.0,10.0,10.0,0.0028633904
0022500931,1610612739,Cleveland,Cavaliers,CLE,cavaliers,1641772,Nae'Qwan,Tomlin,N. Tomlin,naeqwan-tomlin,,,,3:50,3.8333333333333335,1,1,1.0,0,0,0.0,0,0,0.0,0,0,0,0,1,0,1,0,2,-8.0,0022500931,Nae'Qwan Tomlin,nae'qwan tomlin,,,2026-03-09,1,0.5217391304347826,0.0,0.0,0.0,0.2608695652173913,10.0,6.0,12.0,11.0,2.0,7.0,11.0,11.0,2.0,0,0.0,0,0.0025,-100.0,-39984.00639744102,-99.75,0.2608695652173913,3.0,1.0,0.013112568
0022500931,1610612739,Cleveland,Cavaliers,CLE,cavaliers,1626204,Larry,Nance Jr.,L. Nance Jr.,larry-nance-jr,,,,3:50,3.8333333333333335,0,0,0.0,0,0,0.0,0,0,0.0,0,0,0,0,0,0,1,0,0,-8.0,0022500931,Larry Nance Jr.,larry nance jr,,,2026-03-09,0,0.0,0.0,0.0,0.0,0.0,12.0,6.0,12.0,11.0,4.0,7.0,11.0,11.0,0.0,0,0.0,0,0.00125,-100.0,-79936.05115907274,-99.875,0.0,10.0,10.0,0.0028633904
0022500931,1610612739,Cleveland,Cavaliers,CLE,cavaliers,1642400,Tristan,Enaruna,T. Enaruna,tristan-enaruna,,,,3:50,3.8333333333333335,1,2,0.5,1,2,0.5,0,0,0.0,0,1,1,1,0,0,0,0,3,-8.0,0022500931,Tristan Enaruna,tristan enaruna,,,2026-03-09,0,0.7826086956521738,0.0,0.2608695652173913,0.2608695652173913,0.0,9.0,6.0,9.0,8.0,4.0,7.0,11.0,11.0,0.0,0,0.0,0,0.0025,-100.0,-39984.00639744102,-99.75,0.0,10.0,10.0,0.007079438
0022500947,1610612739,Cleveland,Cavaliers,CLE,cavaliers,1630241,Sam,Merrill,S. Merrill,sam-merrill,F,,,30:12,30.2,5,8,0.625,2,5,0.4,1,2,0.5,1,3,4,2,1,0,0,4,13,-1.0,0022500947,Sam Merrill,sam merrill,,,2026-03-11,1,0.43046357615894043,0.033112582781456956,0.13245033112582782,0.06622516556291391,0.06622516556291391,5.0,4.0,6.0,4.0,1.0,5.0,4.0,5.0,1.0,0,0.0,0,0.00127,-3.7,-2911.0936270653033,-3.695301,0.033112582781456956,3.0,5.0,0.62588304
0022500947,1610612739,Cleveland,Cavaliers,CLE,cavaliers,1629731,Dean,Wade,D. Wade,dean-wade,F,,,19:58,19.966666666666665,0,2,0.0,0,1,0.0,0,0,0.0,0,5,5,0,0,1,1,1,0,-10.0,0022500947,Dean Wade,dean wade,,,2026-03-11,1,0.0,0.0,0.25041736227045075,0.0,0.05008347245409015,8.0,6.0,2.0,8.0,4.0,2.0,9.0,6.0,1.0,0,0.0,0,0.00068,-32.1,-47136.56387665198,-32.078172,0.05008347245409015,3.0,6.0,0.004931207
0022500947,1610612739,Cleveland,Cavaliers,CLE,cavaliers,1630596,Evan,Mobley,E. Mobley,evan-mobley,C,,,31:39,31.65,8,13,0.615,0,2,0.0,2,7,0.286,5,8,13,4,0,2,0,5,18,-5.0,0022500947,Evan Mobley,evan mobley,,,2026-03-11,2,0.5687203791469194,0.1579778830963665,0.41074249605055296,0.12638230647709323,0.2211690363349131,4.0,1.0,1.0,3.0,4.0,1.0,6.0,3.0,0.0,0,0.0,0,0.00192,-9.8,-5101.509630400833,-9.781184,0.06319115323854661,1.0,1.0,0.7386226
0022500947,1610612739,Cleveland,Cavaliers,CLE,cavaliers,1628378,Donovan,Mitchell,D. Mitchell,donovan-mitchell,G,,,36:07,36.11666666666667,9,24,0.375,4,13,0.308,3,3,1.0,2,3,5,5,1,0,3,1,25,0.0,0022500947,Donovan Mitchell,donovan mitchell,,,2026-03-11,1,0.6922011998154131,0.05537609598523304,0.1384402399630826,0.1384402399630826,0.08306414397784956,2.0,3.0,2.0,2.0,1.0,5.0,3.0,2.0,5.0,0,0.0,0,0.00329,0.0,0.0,0.0,0.02768804799261652,3.0,4.0,0.7336919
0022500947,1610612739,Cleveland,Cavaliers,CLE,cavaliers,201935,James,Harden,J. Harden,james-harden,G,,,36:50,36.833333333333336,11,16,0.688,5,9,0.556,3,5,0.6,0,5,5,8,0,0,4,1,30,-7.0,0022500947,James Harden,james harden,,,2026-03-11,0,0.8144796380090498,0.0,0.13574660633484162,0.21719457013574658,0.0,1.0,6.0,2.0,1.0,4.0,5.0,8.0,1.0,1.0,0,0.0,0,0.00265,-9.5,-3583.553376084496,-9.474825,0.0,7.0,7.0,0.8543452
0022500947,1610612739,Cleveland,Cavaliers,CLE,cavaliers,1642281,Jaylon,Tyson,J. Tyson,jaylon-tyson,,,,17:41,17.683333333333334,1,4,0.25,0,1,0.0,2,2,1.0,0,1,1,2,0,0,1,3,4,-4.0,0022500947,Jaylon Tyson,jaylon tyson,,,2026-03-11,0,0.22620169651272384,0.0,0.05655042412818096,0.11310084825636192,0.0,7.0,6.0,8.0,4.0,4.0,5.0,5.0,9.0,5.0,0,0.0,0,0.00158,-7.4,-4680.581910183429,-7.388308,0.0,7.0,7.0,0.012550556
0022500947,1610612739,Cleveland,Cavaliers,CLE,cavaliers,1631165,Keon,Ellis,K. Ellis,keon-ellis,,,,31:08,31.133333333333333,6,9,0.667,5,8,0.625,3,4,0.75,1,3,4,1,1,1,0,2,20,1.0,0022500947,Keon Ellis,keon ellis,,,2026-03-11,2,0.6423982869379015,0.032119914346895075,0.1284796573875803,0.032119914346895075,0.09635974304068523,3.0,4.0,6.0,7.0,1.0,2.0,1.0,4.0,4.0,0,0.0,0,0.00151,3.7,2448.7094639311717,3.694413,0.06423982869379015,1.0,3.0,0.9306388
0022500947,1610612739,Cleveland,Cavaliers,CLE,cavaliers,203471,Dennis,Schröder,D. Schröder,dennis-schröder,,,,17:48,17.8,0,5,0.0,0,1,0.0,0,0,0.0,0,0,0,2,0,0,0,4,0,-5.0,0022500947,Dennis Schröder,dennis schröder,,,2026-03-11,0,0.0,0.0,0.0,0.11235955056179775,0.0,8.0,6.0,9.0,4.0,4.0,5.0,6.0,8.0,,1,,1,0.00125,-10.8,-8633.093525179856,-10.7865,0.0,7.0,7.0,0.0046382584
0022500947,1610612739,Cleveland,Cavaliers,CLE,cavaliers,1628418,Thomas,Bryant,T. Bryant,thomas-bryant,,,,18:37,18.616666666666667,4,8,0.5,1,4,0.25,3,3,1.0,3,2,5,0,0,1,0,1,12,1.0,0022500947,Thomas Bryant,thomas bryant,,,2026-03-11,1,0.6445837063563116,0.1611459265890779,0.2685765443151298,0.0,0.21486123545210384,6.0,2.0,2.0,8.0,4.0,2.0,1.0,7.0,2.0,0,0.0,0,0.00214,6.2,2895.84306398879,6.186732,0.05371530886302596,3.0,2.0,0.8373621
0022500965,1610612739,Cleveland,Cavaliers,CLE,cavaliers,1631165,Keon,Ellis,K. Ellis,keon-ellis,F,,,25:53,25.883333333333333,5,9,0.556,3,5,0.6,0,0,0.0,1,2,3,1,1,2,1,1,13,14.0,0022500965,Keon Ellis,keon ellis,,,2026-03-13,3,0.5022537025112686,0.038634900193174504,0.11590470057952351,0.038634900193174504,0.15453960077269802,4.0,3.0,7.0,7.0,3.0,1.0,6.0,3.0,2.0,0,0.0,0,0.00164,23.0,14015.843997562462,22.96228,0.11590470057952351,2.0,3.0,0.6096822
0022500965,1610612739,Cleveland,Cavaliers,CLE,cavaliers,1629731,Dean,Wade,D. Wade,dean-wade,F,,,17:35,17.583333333333332,1,2,0.5,1,1,1.0,0,0,0.0,0,0,0,1,1,0,0,2,3,13.0,0022500965,Dean Wade,dean wade,,,2026-03-13,1,0.17061611374407584,0.0,0.0,0.05687203791469195,0.05687203791469195,12.0,8.0,13.0,7.0,3.0,3.0,7.0,8.0,2.0,0,0.0,0,0.0005099999999999999,40.4,79060.66536203523,40.379396,0.05687203791469195,4.0,10.0,0.016406348
0022500965,1610612739,Cleveland,Cavaliers,CLE,cavaliers,1630596,Evan,Mobley,E. Mobley,evan-mobley,C,,,23:12,23.2,12,15,0.8,2,4,0.5,3,7,0.429,2,5,7,2,1,0,2,4,29,12.0,0022500965,Evan Mobley,evan mobley,,,2026-03-13,1,1.25,0.08620689655172414,0.3017241379310345,0.08620689655172414,0.12931034482758622,1.0,1.0,1.0,4.0,3.0,3.0,8.0,4.0,2.0,0,0.0,0,0.0037,22.2,5998.378816536071,22.117859999999997,0.04310344827586207,4.0,7.0,0.8622639
0022500965,1610612739,Cleveland,Cavaliers,CLE,cavaliers,1628378,Donovan,Mitchell,D. Mitchell,donovan-mitchell,G,,,28:49,28.816666666666666,11,16,0.688,1,4,0.25,1,1,1.0,0,2,2,8,2,0,2,0,24,6.0,0022500965,Donovan Mitchell,donovan mitchell,,,2026-03-13,2,0.8328513591671487,0.0,0.06940427993059572,0.2776171197223829,0.06940427993059572,2.0,8.0,10.0,1.0,1.0,3.0,10.0,2.0,3.0,0,0.0,0,0.00261,7.6,2910.7621600919188,7.580164,0.06940427993059572,3.0,9.0,0.74899876
0022500965,1610612739,Cleveland,Cavaliers,CLE,cavaliers,201935,James,Harden,J. Harden,james-harden,G,,,28:51,28.85,6,11,0.545,3,7,0.429,2,2,1.0,0,7,7,7,1,0,4,0,17,27.0,0022500965,James Harden,james harden,,,2026-03-13,1,0.5892547660311959,0.0,0.24263431542461003,0.24263431542461003,0.03466204506065858,3.0,8.0,1.0,2.0,3.0,3.0,1.0,1.0,2.0,0,0.0,0,0.0023499999999999997,42.0,17864.738409187583,41.9013,0.03466204506065858,4.0,12.0,0.67666227
0022500965,1610612739,Cleveland,Cavaliers,CLE,cavaliers,1642281,Jaylon,Tyson,J. Tyson,jaylon-tyson,,,,19:58,19.966666666666665,3,6,0.5,2,3,0.667,0,0,0.0,0,3,3,2,0,0,2,4,8,16.0,0022500965,Jaylon Tyson,jaylon tyson,,,2026-03-13,0,0.4006677796327212,0.0,0.15025041736227046,0.1001669449081803,0.0,6.0,8.0,7.0,4.0,11.0,3.0,3.0,7.0,1.0,0,0.0,0,0.0017000000000000001,37.2,21869.488536155204,37.13676,0.0,11.0,13.0,0.09884619
0022500965,1610612739,Cleveland,Cavaliers,CLE,cavaliers,203471,Dennis,Schröder,D. Schröder,dennis-schröder,,,,20:56,20.933333333333334,3,8,0.375,2,4,0.5,0,0,0.0,0,5,5,6,1,0,0,3,8,20.0,0022500965,Dennis Schröder,dennis schröder,,,2026-03-13,1,0.38216560509554137,0.0,0.23885350318471338,0.28662420382165604,0.04777070063694267,6.0,8.0,3.0,3.0,3.0,3.0,2.0,6.0,0.0,0,0.0,0,0.00167,47.7,28545.780969479358,47.620341,0.04777070063694267,4.0,11.0,0.3718521
0022500965,1610612739,Cleveland,Cavaliers,CLE,cavaliers,1641854,Craig,Porter Jr.,C. Porter Jr.,craig-porter-jr,,,,14:45,14.75,2,2,1.0,1,1,1.0,0,0,0.0,1,3,4,1,1,0,0,0,5,12.0,0022500965,Craig Porter Jr.,craig porter jr,,,2026-03-13,1,0.3389830508474576,0.06779661016949153,0.2711864406779661,0.06779661016949153,0.13559322033898305,10.0,3.0,4.0,7.0,3.0,3.0,8.0,10.0,0.0,0,0.0,0,0.0005899999999999999,35.5,60067.68189509307,35.479055,0.06779661016949153,4.0,6.0,0.18442196
0022500965,1610612739,Cleveland,Cavaliers,CLE,cavaliers,1628418,Thomas,Bryant,T. Bryant,thomas-bryant,,,,22:15,22.25,4,5,0.8,1,2,0.5,2,2,1.0,1,3,4,0,2,2,0,2,11,15.0,0022500965,Thomas Bryant,thomas bryant,,,2026-03-13,4,0.4943820224719101,0.0449438202247191,0.1797752808988764,0.0,0.2247191011235955,5.0,3.0,4.0,12.0,1.0,1.0,4.0,5.0,1.0,0,0.0,0,0.00113,33.2,29354.553492484534,33.162484000000006,0.1797752808988764,1.0,2.0,0.73511964
0022500965,1610612739,Cleveland,Cavaliers,CLE,cavaliers,1641772,Nae'Qwan,Tomlin,N. Tomlin,naeqwan-tomlin,,,,17:07,17.116666666666667,4,7,0.571,0,3,0.0,0,1,0.0,1,1,2,1,1,0,2,3,8,15.0,0022500965,Nae'Qwan Tomlin,nae'qwan tomlin,,,2026-03-13,1,0.4673807205452775,0.05842259006815969,0.11684518013631938,0.05842259006815969,0.11684518013631938,6.0,3.0,10.0,7.0,3.0,3.0,4.0,9.0,1.0,0,0.0,0,0.00214,37.3,17421.765530126107,37.220178,0.05842259006815969,4.0,8.0,0.43664268
0022500965,1610612739,Cleveland,Cavaliers,CLE,cavaliers,1642434,Riley,Minix,R. Minix,riley-minix,,,,6:53,6.883333333333333,2,3,0.667,0,1,0.0,0,0,0.0,1,2,3,2,0,0,0,1,4,5.0,0022500965,Riley Minix,riley minix,,,2026-03-13,0,0.5811138014527846,0.14527845036319614,0.43583535108958843,0.2905569007263923,0.14527845036319614,11.0,3.0,7.0,4.0,11.0,3.0,11.0,11.0,1.0,0,0.0,0,0.00167,33.3,19928.18671454219,33.244389,0.0,11.0,4.0,0.02872202
0022500965,1610612739,Cleveland,Cavaliers,CLE,cavaliers,1642400,Tristan,Enaruna,T. Enaruna,tristan-enaruna,,,,6:53,6.883333333333333,1,5,0.2,0,1,0.0,0,0,0.0,0,1,1,0,1,0,1,1,2,5.0,0022500965,Tristan Enaruna,tristan enaruna,,,2026-03-13,1,0.2905569007263923,0.0,0.14527845036319614,0.0,0.14527845036319614,13.0,8.0,12.0,12.0,3.0,3.0,11.0,11.0,1.0,0,0.0,0,0.00333,33.3,9996.997898528969,33.189111,0.14527845036319614,4.0,4.0,0.010504163
0022500965,1610612739,Cleveland,Cavaliers,CLE,cavaliers,1626204,Larry,Nance Jr.,L. Nance Jr.,larry-nance-jr,,,,6:53,6.883333333333333,2,2,1.0,2,2,1.0,0,0,0.0,2,2,4,1,0,0,0,1,6,5.0,0022500965,Larry Nance Jr.,larry nance jr,,,2026-03-13,0,0.8716707021791769,0.2905569007263923,0.5811138014527846,0.14527845036319614,0.2905569007263923,9.0,1.0,4.0,7.0,11.0,3.0,11.0,11.0,0.0,0,0.0,0,0.00111,33.3,29972.99729972997,33.263037,0.0,11.0,1.0,0.08130887
0022500977,1610612739,Cleveland,Cavaliers,CLE,cavaliers,1631165,Keon,Ellis,K. Ellis,keon-ellis,F,,,31:26,31.433333333333334,2,7,0.286,1,5,0.2,0,0,0.0,3,2,5,3,0,1,2,2,5,-2.0,0022500977,Keon Ellis,keon ellis,,,2026-03-15,1,0.15906680805938495,0.09544008483563096,0.15906680805938495,0.09544008483563096,0.12725344644750794,8.0,1.0,3.0,5.0,5.0,2.0,2.0,4.0,2.0,0,0.0,0,0.00114,-4.9,-4294.478527607363,-4.894414,0.031813361611876985,3.0,3.0,0.095696926
0022500977,1610612739,Cleveland,Cavaliers,CLE,cavaliers,1629731,Dean,Wade,D. Wade,dean-wade,F,,,26:18,26.3,5,9,0.556,2,5,0.4,0,0,0.0,1,4,5,0,0,0,0,2,12,-12.0,0022500977,Dean Wade,dean wade,,,2026-03-15,0,0.45627376425855515,0.03802281368821293,0.19011406844106463,0.0,0.03802281368821293,5.0,4.0,3.0,7.0,5.0,3.0,9.0,5.0,1.0,0,0.0,0,0.0015,-24.3,-16189.207195203198,-24.263550000000002,0.0,7.0,7.0,0.31400865
0022500977,1610612739,Cleveland,Cavaliers,CLE,cavaliers,1630596,Evan,Mobley,E. Mobley,evan-mobley,C,,,36:03,36.05,8,14,0.571,0,3,0.0,2,5,0.4,3,8,11,4,0,4,4,3,18,-2.0,0022500977,Evan Mobley,evan mobley,,,2026-03-15,4,0.4993065187239945,0.08321775312066575,0.3051317614424411,0.11095700416088766,0.19417475728155342,3.0,1.0,1.0,4.0,5.0,1.0,2.0,3.0,0.0,0,0.0,0,0.00221,-4.3,-1944.8213478064222,-4.290496999999999,0.11095700416088766,1.0,1.0,0.7617109
0022500977,1610612739,Cleveland,Cavaliers,CLE,cavaliers,1628378,Donovan,Mitchell,D. Mitchell,donovan-mitchell,G,,,39:08,39.13333333333333,10,24,0.417,4,11,0.364,2,2,1.0,0,1,1,11,2,0,1,2,26,-4.0,0022500977,Donovan Mitchell,donovan mitchell,,,2026-03-15,2,0.6643952299829642,0.0,0.02555366269165247,0.28109028960817717,0.05110732538330494,1.0,5.0,7.0,1.0,1.0,3.0,4.0,1.0,2.0,0,0.0,0,0.0027400000000000002,-7.6,-2772.710689529368,-7.579176,0.05110732538330494,2.0,6.0,0.8715901
0022500977,1610612739,Cleveland,Cavaliers,CLE,cavaliers,201935,James,Harden,J. Harden,james-harden,G,,,37:33,37.55,4,12,0.333,1,5,0.2,4,5,0.8,0,5,5,7,1,0,6,2,13,-5.0,0022500977,James Harden,james harden,,,2026-03-15,1,0.34620505992010653,0.0,0.13315579227696406,0.18641810918774968,0.026631158455392812,4.0,5.0,3.0,2.0,2.0,3.0,5.0,2.0,1.0,0,0.0,0,0.00207,-7.7,-3718.0106228874943,-7.684061,0.026631158455392812,3.0,8.0,0.27761146
0022500977,1610612739,Cleveland,Cavaliers,CLE,cavaliers,203471,Dennis,Schröder,D. Schröder,dennis-schröder,,,,21:58,21.966666666666665,4,5,0.8,0,0,0.0,0,1,0.0,0,1,1,6,0,0,1,1,8,-9.0,0022500977,Dennis Schröder,dennis schröder,,,2026-03-15,0,0.3641881638846738,0.0,0.045523520485584223,0.27314112291350534,0.0,7.0,5.0,7.0,3.0,5.0,3.0,7.0,7.0,5.0,0,0.0,0,0.00128,-22.2,-17330.21077283372,-22.171584,0.0,7.0,9.0,0.13814138
0022500977,1610612739,Cleveland,Cavaliers,CLE,cavaliers,1629622,Max,Strus,M. Strus,max-strus,,,,22:52,22.866666666666667,7,9,0.778,6,7,0.857,4,4,1.0,3,5,8,1,0,0,1,5,24,0.0,0022500977,Max Strus,max strus,,,2026-03-15,0,1.0495626822157433,0.13119533527696792,0.3498542274052478,0.043731778425655975,0.13119533527696792,2.0,1.0,2.0,6.0,5.0,3.0,1.0,6.0,0.0,0,0.0,0,0.00203,0.0,0.0,0.0,0.0,7.0,2.0,0.9519567
0022500977,1610612739,Cleveland,Cavaliers,CLE,cavaliers,1628418,Thomas,Bryant,T. Bryant,thomas-bryant,,,,12:19,12.316666666666666,3,4,0.75,2,3,0.667,2,4,0.5,0,2,2,0,1,0,0,2,10,-7.0,0022500977,Thomas Bryant,thomas bryant,,,2026-03-15,1,0.8119079837618404,0.0,0.16238159675236807,0.0,0.08119079837618404,6.0,5.0,6.0,7.0,2.0,3.0,6.0,9.0,2.0,0,0.0,0,0.00222,-30.5,-13732.552904097252,-30.43229,0.08119079837618404,3.0,4.0,0.109764166
0022500977,1610612739,Cleveland,Cavaliers,CLE,cavaliers,1641772,Nae'Qwan,Tomlin,N. Tomlin,naeqwan-tomlin,,,,12:23,12.383333333333333,2,4,0.5,0,2,0.0,0,0,0.0,0,0,0,0,1,0,1,2,4,-9.0,0022500977,Nae'Qwan Tomlin,nae'qwan tomlin,,,2026-03-15,1,0.3230148048452221,0.0,0.0,0.0,0.08075370121130553,9.0,5.0,9.0,7.0,2.0,3.0,7.0,8.0,1.0,0,0.0,0,0.00172,-33.3,-19349.21557234166,-33.242723999999995,0.08075370121130553,3.0,5.0,0.009969921
0022500995,1610612739,Cleveland,Cavaliers,CLE,cavaliers,1630241,Sam,Merrill,S. Merrill,sam-merrill,F,,,28:02,28.033333333333335,6,12,0.5,3,8,0.375,2,2,1.0,0,6,6,2,0,0,0,2,17,22.0,0022500995,Sam Merrill,sam merrill,,,2026-03-17,0,0.6064209274673008,0.0,0.2140309155766944,0.0713436385255648,0.0,4.0,6.0,3.0,5.0,3.0,3.0,1.0,4.0,1.0,0,0.0,0,0.00197,40.0,20294.266869609335,39.9212,0.0,4.0,7.0,0.8271066
0022500995,1610612739,Cleveland,Cavaliers,CLE,cavaliers,1629731,Dean,Wade,D. Wade,dean-wade,F,,,24:52,24.866666666666667,4,8,0.5,1,4,0.25,0,0,0.0,1,1,2,2,0,0,0,1,9,13.0,0022500995,Dean Wade,dean wade,,,2026-03-17,0,0.36193029490616624,0.040214477211796246,0.08042895442359249,0.08042895442359249,0.040214477211796246,5.0,2.0,7.0,5.0,3.0,3.0,3.0,5.0,1.0,0,0.0,0,0.0014000000000000002,27.7,19771.591720199856,27.66122,0.0,4.0,6.0,0.30598348
0022500995,1610612739,Cleveland,Cavaliers,CLE,cavaliers,1630596,Evan,Mobley,E. Mobley,evan-mobley,C,,,32:58,32.96666666666667,12,21,0.571,0,2,0.0,3,5,0.6,6,9,15,2,0,3,0,2,27,7.0,0022500995,Evan Mobley,evan mobley,,,2026-03-17,3,0.8190091001011122,0.18200202224469159,0.455005055611729,0.06066734074823053,0.2730030333670374,1.0,1.0,1.0,5.0,3.0,1.0,5.0,3.0,1.0,0,0.0,0,0.00291,14.0,4809.343868086568,13.95926,0.09100101112234579,1.0,1.0,0.90039223
0022500995,1610612739,Cleveland,Cavaliers,CLE,cavaliers,1628378,Donovan,Mitchell,D. Mitchell,donovan-mitchell,G,,,33:53,33.88333333333333,4,14,0.286,1,4,0.25,10,13,0.769,0,8,8,3,1,1,0,4,19,-15.0,0022500995,Donovan Mitchell,donovan mitchell,,,2026-03-17,2,0.5607476635514019,0.0,0.23610427939006395,0.08853910477127398,0.05902606984751599,3.0,6.0,2.0,4.0,2.0,2.0,10.0,1.0,4.0,0,0.0,0,0.00247,-19.6,-7932.01133144476,-19.551588000000002,0.05902606984751599,2.0,4.0,0.6572613
0022500995,1610612739,Cleveland,Cavaliers,CLE,cavaliers,201935,James,Harden,J. Harden,james-harden,G,,,33:30,33.5,7,10,0.7,2,4,0.5,11,13,0.846,1,4,5,6,2,0,2,4,27,17.0,0022500995,James Harden,james harden,,,2026-03-17,2,0.8059701492537313,0.029850746268656716,0.14925373134328357,0.1791044776119403,0.08955223880597014,1.0,2.0,5.0,1.0,1.0,3.0,2.0,2.0,2.0,0,0.0,0,0.00218,24.0,11004.126547455295,23.947680000000002,0.05970149253731343,2.0,2.0,0.918147
0022500995,1610612739,Cleveland,Cavaliers,CLE,cavaliers,1631165,Keon,Ellis,K. Ellis,keon-ellis,,,,24:17,24.283333333333335,3,4,0.75,2,2,1.0,0,0,0.0,0,3,3,1,0,0,0,1,8,8.0,0022500995,Keon Ellis,keon ellis,,,2026-03-17,0,0.32944406314344543,0.0,0.12354152367879204,0.04118050789293068,0.0,6.0,6.0,6.0,9.0,3.0,3.0,4.0,6.0,0.0,0,0.0,0,0.0008,24.3,30337.07865168539,24.28056,0.0,4.0,7.0,0.071929105
0022500995,1610612739,Cleveland,Cavaliers,CLE,cavaliers,1629622,Max,Strus,M. Strus,max-strus,,,,23:06,23.1,2,6,0.333,2,6,0.333,0,0,0.0,1,5,6,4,0,0,1,5,6,1.0,0022500995,Max Strus,max strus,,,2026-03-17,0,0.2597402597402597,0.04329004329004329,0.2597402597402597,0.17316017316017315,0.04329004329004329,7.0,2.0,3.0,3.0,3.0,3.0,6.0,7.0,0.0,0,0.0,0,0.0013700000000000001,4.5,3282.2757111597375,4.493835,0.0,4.0,5.0,0.10442542
0022500995,1610612739,Cleveland,Cavaliers,CLE,cavaliers,1628418,Thomas,Bryant,T. Bryant,thomas-bryant,,,,10:19,10.316666666666666,2,4,0.5,1,3,0.333,0,0,0.0,0,0,0,0,0,0,1,0,5,-5.0,0022500995,Thomas Bryant,thomas bryant,,,2026-03-17,0,0.48465266558966075,0.0,0.0,0.0,0.0,8.0,6.0,9.0,10.0,3.0,3.0,7.0,10.0,0.0,0,0.0,0,0.0023799999999999997,-17.7,-7433.851322973541,-17.657874,0.0,4.0,7.0,0.02307073
0022500995,1610612739,Cleveland,Cavaliers,CLE,cavaliers,203471,Dennis,Schröder,D. Schröder,dennis-schröder,,,,15:51,15.85,1,2,0.5,0,1,0.0,1,1,1.0,1,0,1,5,0,0,1,0,3,-8.0,0022500995,Dennis Schröder,dennis schröder,,,2026-03-17,0,0.18927444794952683,0.06309148264984227,0.06309148264984227,0.31545741324921134,0.06309148264984227,9.0,2.0,8.0,2.0,3.0,3.0,9.0,8.0,0.0,0,1.0,0,0.00091,-17.6,-19319.429198682767,-17.583984,0.0,4.0,3.0,0.029880576
0022500995,1610612739,Cleveland,Cavaliers,CLE,cavaliers,1642281,Jaylon,Tyson,J. Tyson,jaylon-tyson,,,,13:12,13.2,1,5,0.2,0,2,0.0,0,0,0.0,0,0,0,2,0,0,1,1,2,-5.0,0022500995,Jaylon Tyson,jaylon tyson,,,2026-03-17,0,0.15151515151515152,0.0,0.0,0.15151515151515152,0.0,10.0,6.0,9.0,5.0,3.0,3.0,7.0,9.0,1.0,0,0.0,0,0.00207,-23.2,-11202.317720907775,-23.151975999999998,0.0,4.0,7.0,0.0070869
0022501011,1610612739,Cleveland,Cavaliers,CLE,cavaliers,1642281,Jaylon,Tyson,J. Tyson,jaylon-tyson,F,,,23:10,23.166666666666668,8,14,0.571,2,4,0.5,0,2,0.0,5,6,11,3,1,1,2,0,18,1.0,0022501011,Jaylon Tyson,jaylon tyson,,,2026-03-19,2,0.776978417266187,0.2158273381294964,0.4748201438848921,0.12949640287769784,0.302158273381295,3.0,2.0,2.0,2.0,4.0,2.0,7.0,6.0,1.0,0,0.0,0,0.0028299999999999996,6.0,2119.392440833628,5.98302,0.08633093525179855,4.0,1.0,0.8849464
0022501011,1610612739,Cleveland,Cavaliers,CLE,cavaliers,1629731,Dean,Wade,D. Wade,dean-wade,F,,,18:51,18.85,0,3,0.0,0,2,0.0,0,0,0.0,2,5,7,1,0,0,0,0,0,2.0,0022501011,Dean Wade,dean wade,,,2026-03-19,0,0.0,0.10610079575596816,0.37135278514588854,0.05305039787798408,0.10610079575596816,8.0,3.0,3.0,7.0,8.0,5.0,6.0,7.0,1.0,0,0.0,0,0.00067,8.3,12369.597615499255,8.294439,0.0,8.0,5.0,0.02149188
0022501011,1610612739,Cleveland,Cavaliers,CLE,cavaliers,1630596,Evan,Mobley,E. Mobley,evan-mobley,C,,,36:24,36.4,12,19,0.632,0,1,0.0,2,6,0.333,6,8,14,3,1,0,0,1,26,11.0,0022501011,Evan Mobley,evan mobley,,,2026-03-19,1,0.7142857142857143,0.16483516483516483,0.38461538461538464,0.08241758241758242,0.19230769230769232,2.0,1.0,1.0,2.0,4.0,5.0,1.0,2.0,2.0,0,0.0,0,0.0023899999999999998,13.1,5478.8791300711,13.068691,0.027472527472527472,6.0,2.0,0.9379747
0022501011,1610612739,Cleveland,Cavaliers,CLE,cavaliers,1630241,Sam,Merrill,S. Merrill,sam-merrill,G,,,31:13,31.216666666666665,5,12,0.417,3,8,0.375,0,0,0.0,0,1,1,3,1,2,0,3,13,1.0,0022501011,Sam Merrill,sam merrill,,,2026-03-19,3,0.4164442071542979,0.0,0.03203416978109984,0.09610250934329953,0.09610250934329953,4.0,7.0,9.0,2.0,4.0,1.0,7.0,3.0,3.0,0,0.0,0,0.00158,1.5,948.7666034155598,1.49763,0.09610250934329953,2.0,6.0,0.5947603
0022501011,1610612739,Cleveland,Cavaliers,CLE,cavaliers,201935,James,Harden,J. Harden,james-harden,G,,,36:30,36.5,10,23,0.435,7,13,0.538,9,11,0.818,1,6,7,9,2,1,5,5,36,9.0,0022501011,James Harden,james harden,,,2026-03-19,3,0.9863013698630136,0.0273972602739726,0.1917808219178082,0.2465753424657534,0.1095890410958904,1.0,4.0,3.0,1.0,2.0,2.0,2.0,1.0,2.0,0,0.0,0,0.00344,10.1,2935.1932577739026,10.065256,0.0821917808219178,2.0,4.0,0.792131
0022501011,1610612739,Cleveland,Cavaliers,CLE,cavaliers,1631165,Keon,Ellis,K. Ellis,keon-ellis,,,,26:52,26.866666666666667,2,6,0.333,0,3,0.0,4,4,1.0,1,1,2,3,3,1,4,4,8,-6.0,0022501011,Keon Ellis,keon ellis,,,2026-03-19,4,0.2977667493796526,0.03722084367245657,0.07444168734491315,0.11166253101736973,0.18610421836228289,6.0,4.0,7.0,2.0,1.0,2.0,9.0,4.0,3.0,0,0.0,0,0.00182,-8.1,-4448.105436573312,-8.085258,0.1488833746898263,1.0,3.0,0.04699564
0022501011,1610612739,Cleveland,Cavaliers,CLE,cavaliers,1629622,Max,Strus,M. Strus,max-strus,,,,23:58,23.966666666666665,0,5,0.0,0,5,0.0,0,0,0.0,0,6,6,1,2,0,1,1,0,-7.0,0022501011,Max Strus,max strus,,,2026-03-19,2,0.0,0.0,0.25034770514603616,0.04172461752433936,0.08344923504867872,8.0,7.0,5.0,7.0,2.0,5.0,10.0,5.0,2.0,0,0.0,0,0.001,-6.9,-6893.106893106894,-6.8931000000000004,0.08344923504867872,4.0,7.0,0.010683557
0022501011,1610612739,Cleveland,Cavaliers,CLE,cavaliers,1628418,Thomas,Bryant,T. Bryant,thomas-bryant,,,,15:56,15.933333333333334,2,5,0.4,1,2,0.5,0,2,0.0,1,3,4,0,0,0,0,0,5,4.0,0022501011,Thomas Bryant,thomas bryant,,,2026-03-19,0,0.3138075313807531,0.06276150627615062,0.2510460251046025,0.0,0.06276150627615062,7.0,4.0,6.0,9.0,8.0,5.0,4.0,9.0,0.0,0,0.0,0,0.0014299999999999998,16.4,11460.517120894481,16.376548,0.0,8.0,8.0,0.04967574
0022501011,1610612739,Cleveland,Cavaliers,CLE,cavaliers,203471,Dennis,Schröder,D. Schröder,dennis-schröder,,,,16:01,16.016666666666666,1,4,0.25,1,3,0.333,6,6,1.0,0,2,2,3,1,0,2,3,9,7.0,0022501011,Dennis Schröder,dennis schröder,,,2026-03-19,1,0.5619146722164412,0.0,0.12486992715920917,0.18730489073881373,0.06243496357960458,5.0,7.0,7.0,2.0,4.0,5.0,3.0,8.0,1.0,0,0.0,0,0.0020499999999999997,21.2,10336.421257922964,21.15654,0.06243496357960458,6.0,9.0,0.09674165
0022501011,1610612739,Cleveland,Cavaliers,CLE,cavaliers,1641772,Nae'Qwan,Tomlin,N. Tomlin,naeqwan-tomlin,,,,11:05,11.083333333333334,0,0,0.0,0,0,0.0,0,0,0.0,0,0,0,0,0,0,0,0,0,3.0,0022501011,Nae'Qwan Tomlin,nae'qwan tomlin,,,2026-03-19,0,0.0,0.0,0.0,0.0,0.0,8.0,7.0,10.0,9.0,8.0,5.0,5.0,10.0,1.0,0,0.0,0,0.0,13.0,13000000.0,13.0,0.0,8.0,10.0,0.004588281
0022501025,1610612739,Cleveland,Cavaliers,CLE,cavaliers,1630241,Sam,Merrill,S. Merrill,sam-merrill,F,,,32:05,32.083333333333336,5,9,0.556,3,7,0.429,2,2,1.0,1,9,10,2,0,0,1,2,15,5.0,0022501025,Sam Merrill,sam merrill,,,2026-03-21,0,0.4675324675324675,0.031168831168831165,0.3116883116883117,0.06233766233766233,0.031168831168831165,4.0,6.0,1.0,5.0,6.0,4.0,4.0,3.0,0.0,0,0.0,0,0.00155,6.1,3932.9464861379756,6.090545,0.0,7.0,9.0,0.44084275
0022501025,1610612739,Cleveland,Cavaliers,CLE,cavaliers,1629731,Dean,Wade,D. Wade,dean-wade,F,,,23:17,23.283333333333335,3,6,0.5,1,4,0.25,0,0,0.0,2,3,5,3,2,0,1,1,7,11.0,0022501025,Dean Wade,dean wade,,,2026-03-21,2,0.3006442376521116,0.08589835361488904,0.2147458840372226,0.12884753042233357,0.17179670722977808,6.0,2.0,7.0,2.0,1.0,4.0,3.0,6.0,2.0,0,0.0,0,0.00135,23.9,17690.599555884528,23.867735,0.08589835361488904,2.0,3.0,0.19369596
0022501025,1610612739,Cleveland,Cavaliers,CLE,cavaliers,1630596,Evan,Mobley,E. Mobley,evan-mobley,C,,,30:26,30.433333333333334,8,10,0.8,0,1,0.0,2,5,0.4,3,5,8,3,1,2,2,3,18,0.0,0022501025,Evan Mobley,evan mobley,,,2026-03-21,3,0.5914567360350493,0.09857612267250822,0.2628696604600219,0.09857612267250822,0.19715224534501644,3.0,1.0,2.0,2.0,2.0,1.0,6.0,4.0,2.0,0,0.0,0,0.00192,-3.6,-1874.0239458615306,-3.593088,0.09857612267250822,1.0,2.0,0.841773
0022501025,1610612739,Cleveland,Cavaliers,CLE,cavaliers,1628378,Donovan,Mitchell,D. Mitchell,donovan-mitchell,G,,,39:00,39.0,9,23,0.391,3,8,0.375,6,7,0.857,1,6,7,3,1,0,1,1,27,-3.0,0022501025,Donovan Mitchell,donovan mitchell,,,2026-03-21,1,0.6923076923076923,0.02564102564102564,0.1794871794871795,0.07692307692307693,0.05128205128205128,1.0,6.0,5.0,2.0,2.0,4.0,7.0,1.0,1.0,0,0.0,0,0.00293,-1.0,-341.180484476288,-0.99707,0.02564102564102564,4.0,8.0,0.75990117
0022501025,1610612739,Cleveland,Cavaliers,CLE,cavaliers,201935,James,Harden,J. Harden,james-harden,G,,,36:16,36.266666666666666,8,17,0.471,4,9,0.444,0,0,0.0,0,6,6,10,1,1,2,2,20,14.0,0022501025,James Harden,james harden,,,2026-03-21,2,0.5514705882352942,0.0,0.16544117647058823,0.2757352941176471,0.05514705882352941,2.0,9.0,6.0,1.0,2.0,2.0,1.0,2.0,3.0,0,0.0,0,0.00232,16.7,7195.174493752692,16.661255999999998,0.05514705882352941,2.0,7.0,0.8670495
0022501025,1610612739,Cleveland,Cavaliers,CLE,cavaliers,1631165,Keon,Ellis,K. Ellis,keon-ellis,,,,22:43,22.716666666666665,2,6,0.333,0,3,0.0,3,4,0.75,2,0,2,1,1,0,1,3,7,13.0,0022501025,Keon Ellis,keon ellis,,,2026-03-21,1,0.30814380044020545,0.0880410858400587,0.0880410858400587,0.04402054292002935,0.13206162876008806,6.0,2.0,8.0,7.0,2.0,4.0,2.0,7.0,5.0,0,0.0,0,0.00151,28.9,19126.40635340834,28.856361,0.04402054292002935,4.0,4.0,0.22541194
0022501025,1610612739,Cleveland,Cavaliers,CLE,cavaliers,1629622,Max,Strus,M. Strus,max-strus,,,,24:14,24.233333333333334,2,5,0.4,1,4,0.25,0,0,0.0,2,6,8,2,0,0,1,2,5,-6.0,0022501025,Max Strus,max strus,,,2026-03-21,0,0.2063273727647868,0.08253094910591471,0.33012379642365886,0.08253094910591471,0.08253094910591471,8.0,2.0,2.0,5.0,6.0,4.0,9.0,5.0,1.0,0,0.0,0,0.001,-9.8,-9790.209790209792,-9.7902,0.0,7.0,5.0,0.02900848
0022501025,1610612739,Cleveland,Cavaliers,CLE,cavaliers,203471,Dennis,Schröder,D. Schröder,dennis-schröder,,,,13:22,13.366666666666667,0,4,0.0,0,2,0.0,1,2,0.5,1,0,1,1,0,0,3,0,1,-4.0,0022501025,Dennis Schröder,dennis schröder,,,2026-03-21,0,0.07481296758104738,0.07481296758104738,0.07481296758104738,0.07481296758104738,0.07481296758104738,9.0,6.0,9.0,7.0,6.0,4.0,8.0,9.0,0.0,0,0.0,0,0.0023499999999999997,-6.4,-2722.245852828584,-6.38496,0.0,7.0,6.0,0.0056801597
0022501025,1610612739,Cleveland,Cavaliers,CLE,cavaliers,1628418,Thomas,Bryant,T. Bryant,thomas-bryant,,,,14:44,14.733333333333333,5,7,0.714,0,1,0.0,1,2,0.5,2,6,8,1,0,1,1,2,11,-6.0,0022501025,Thomas Bryant,thomas bryant,,,2026-03-21,1,0.746606334841629,0.13574660633484165,0.5429864253393666,0.06787330316742082,0.20361990950226244,5.0,2.0,2.0,7.0,6.0,2.0,9.0,8.0,0.0,0,0.0,0,0.0023699999999999997,-12.1,-5103.331927456769,-12.071323,0.06787330316742082,4.0,1.0,0.73082614
0022501025,1610612739,Cleveland,Cavaliers,CLE,cavaliers,1641772,Nae'Qwan,Tomlin,N. Tomlin,naeqwan-tomlin,,,,3:53,3.8833333333333333,0,1,0.0,0,0,0.0,0,0,0.0,0,0,0,0,0,0,0,1,0,1.0,0022501025,Nae'Qwan Tomlin,nae'qwan tomlin,,,2026-03-21,0,0.0,0.0,0.0,0.0,0.0,10.0,9.0,10.0,10.0,6.0,4.0,5.0,10.0,,1,,1,0.001,4.8,4795.204795204795,4.7951999999999995,0.0,7.0,10.0,0.0041818884
0022501049,1610612739,Cleveland,Cavaliers,CLE,cavaliers,1630241,Sam,Merrill,S. Merrill,sam-merrill,F,,,32:56,32.93333333333333,6,11,0.545,2,6,0.333,5,6,0.833,0,4,4,1,2,0,0,2,19,4.0,0022501049,Sam Merrill,sam merrill,,,2026-03-24,2,0.576923076923077,0.0,0.12145748987854252,0.03036437246963563,0.06072874493927126,3.0,5.0,3.0,6.0,1.0,5.0,3.0,3.0,7.0,0,0.0,0,0.00194,6.0,3091.190108191654,5.98836,0.06072874493927126,1.0,6.0,0.78691953
0022501049,1610612739,Cleveland,Cavaliers,CLE,cavaliers,1629731,Dean,Wade,D. Wade,dean-wade,F,,,20:41,20.683333333333334,1,4,0.25,0,2,0.0,0,0,0.0,0,1,1,1,0,0,0,0,2,-4.0,0022501049,Dean Wade,dean wade,,,2026-03-24,0,0.09669621273166801,0.0,0.048348106365834004,0.048348106365834004,0.0,8.0,5.0,8.0,6.0,6.0,5.0,9.0,6.0,0.0,0,0.0,0,0.0009299999999999999,-6.2,-6659.505907626209,-6.194234000000001,0.0,8.0,8.0,0.0072145336
0022501049,1610612739,Cleveland,Cavaliers,CLE,cavaliers,1630596,Evan,Mobley,E. Mobley,evan-mobley,C,,,32:30,32.5,8,8,1.0,0,0,0.0,3,4,0.75,3,6,9,6,0,1,3,4,19,-4.0,0022501049,Evan Mobley,evan mobley,,,2026-03-24,1,0.5846153846153846,0.09230769230769231,0.27692307692307694,0.18461538461538463,0.12307692307692308,3.0,1.0,1.0,2.0,6.0,1.0,9.0,4.0,1.0,0,0.0,0,0.0018599999999999999,-1.9,-1020.9564750134336,-1.896466,0.03076923076923077,5.0,4.0,0.7748396
0022501049,1610612739,Cleveland,Cavaliers,CLE,cavaliers,1628378,Donovan,Mitchell,D. Mitchell,donovan-mitchell,G,,,34:43,34.71666666666667,14,22,0.636,3,7,0.429,11,11,1.0,0,2,2,3,0,0,2,4,42,2.0,0022501049,Donovan Mitchell,donovan mitchell,,,2026-03-24,0,1.2097935669707152,0.0,0.057609217474795964,0.08641382621219394,0.0,1.0,5.0,7.0,3.0,6.0,5.0,5.0,2.0,0.0,0,0.0,0,0.0037199999999999998,0.8,214.99596882558453,0.7970240000000001,0.0,8.0,8.0,0.86957973
0022501049,1610612739,Cleveland,Cavaliers,CLE,cavaliers,201935,James,Harden,J. Harden,james-harden,G,,,37:10,37.166666666666664,8,16,0.5,4,6,0.667,6,7,0.857,0,3,3,7,1,1,2,4,26,-2.0,0022501049,James Harden,james harden,,,2026-03-24,2,0.6995515695067265,0.0,0.08071748878923768,0.1883408071748879,0.053811659192825115,2.0,5.0,4.0,1.0,3.0,1.0,7.0,1.0,1.0,0,0.0,0,0.00247,-0.8,-323.7555645487657,-0.7980240000000001,0.053811659192825115,1.0,7.0,0.83309156
0022501049,1610612739,Cleveland,Cavaliers,CLE,cavaliers,1629622,Max,Strus,M. Strus,max-strus,,,,26:42,26.7,4,10,0.4,3,8,0.375,0,0,0.0,1,2,3,3,1,0,0,3,11,13.0,0022501049,Max Strus,max strus,,,2026-03-24,1,0.41198501872659177,0.03745318352059925,0.11235955056179775,0.11235955056179775,0.0749063670411985,5.0,2.0,4.0,3.0,3.0,5.0,1.0,5.0,3.0,0,0.0,0,0.00164,16.6,10115.7830591103,16.572776,0.03745318352059925,5.0,5.0,0.7738328
0022501049,1610612739,Cleveland,Cavaliers,CLE,cavaliers,1631165,Keon,Ellis,K. Ellis,keon-ellis,,,,19:57,19.95,1,1,1.0,0,0,0.0,0,0,0.0,1,2,3,0,1,1,0,2,2,2.0,0022501049,Keon Ellis,keon ellis,,,2026-03-24,2,0.10025062656641605,0.050125313283208024,0.15037593984962405,0.0,0.15037593984962405,8.0,2.0,4.0,9.0,3.0,1.0,5.0,7.0,2.0,0,0.0,0,0.00024,1.9,7883.817427385891,1.899544,0.10025062656641605,1.0,3.0,0.12645213
0022501049,1610612739,Cleveland,Cavaliers,CLE,cavaliers,1628418,Thomas,Bryant,T. Bryant,thomas-bryant,,,,13:14,13.233333333333333,4,4,1.0,0,0,0.0,1,1,1.0,1,5,6,1,2,0,1,2,9,13.0,0022501049,Thomas Bryant,thomas bryant,,,2026-03-24,2,0.6801007556675064,0.07556675062972293,0.45340050377833757,0.07556675062972293,0.22670025188916879,6.0,2.0,2.0,6.0,1.0,5.0,1.0,9.0,2.0,0,0.0,0,0.00172,45.4,26380.011621150494,45.321912,0.15113350125944586,1.0,1.0,0.7861349
0022501049,1610612739,Cleveland,Cavaliers,CLE,cavaliers,203471,Dennis,Schröder,D. Schröder,dennis-schröder,,,,15:55,15.916666666666666,3,5,0.6,0,1,0.0,0,0,0.0,0,1,1,2,0,0,0,1,6,-2.0,0022501049,Dennis Schröder,dennis schröder,,,2026-03-24,0,0.3769633507853403,0.0,0.06282722513089005,0.1256544502617801,0.0,7.0,5.0,8.0,5.0,6.0,5.0,7.0,8.0,1.0,0,1.0,0,0.0015199999999999999,-2.0,-1314.924391847469,-1.99696,0.0,8.0,8.0,0.11394616
0022501049,1610612739,Cleveland,Cavaliers,CLE,cavaliers,1641772,Nae'Qwan,Tomlin,N. Tomlin,naeqwan-tomlin,,,,6:12,6.2,0,0,0.0,0,0,0.0,0,0,0.0,0,1,1,0,0,1,0,0,0,3.0,0022501049,Nae'Qwan Tomlin,nae'qwan tomlin,,,2026-03-24,1,0.0,0.0,0.16129032258064516,0.0,0.16129032258064516,10.0,5.0,8.0,9.0,6.0,1.0,4.0,10.0,1.0,0,0.0,0,0.0,23.1,23100000.000000004,23.1,0.16129032258064516,5.0,2.0,0.012212441
0022501055,1610612739,Cleveland,Cavaliers,CLE,cavaliers,1630241,Sam,Merrill,S. Merrill,sam-merrill,F,,,28:42,28.7,6,13,0.462,4,10,0.4,2,2,1.0,0,2,2,4,0,0,3,1,18,-22.0,0022501055,Sam Merrill,sam merrill,,,2026-03-25,0,0.6271777003484321,0.0,0.06968641114982578,0.13937282229965156,0.0,2.0,8.0,7.0,3.0,3.0,2.0,9.0,5.0,1.0,0,0.0,0,0.00254,-43.1,-16961.82605273514,-42.990526,0.0,4.0,8.0,0.7579797
0022501055,1610612739,Cleveland,Cavaliers,CLE,cavaliers,1631165,Keon,Ellis,K. Ellis,keon-ellis,F,,,36:53,36.88333333333333,5,12,0.417,1,7,0.143,6,6,1.0,1,1,2,1,2,0,0,2,17,-13.0,0022501055,Keon Ellis,keon ellis,,,2026-03-25,2,0.4609127880704926,0.02711251694532309,0.05422503389064618,0.02711251694532309,0.08133755083596927,4.0,2.0,7.0,6.0,1.0,2.0,6.0,2.0,11.0,0,0.0,0,0.00167,-17.6,-10532.615200478756,-17.570608000000004,0.05422503389064618,1.0,3.0,0.63120496
0022501055,1610612739,Cleveland,Cavaliers,CLE,cavaliers,1630596,Evan,Mobley,E. Mobley,evan-mobley,C,,,30:37,30.616666666666667,3,8,0.375,0,0,0.0,2,5,0.4,1,4,5,4,0,0,2,2,8,-5.0,0022501055,Evan Mobley,evan mobley,,,2026-03-25,0,0.261295590636908,0.0326619488296135,0.1633097441480675,0.130647795318454,0.0326619488296135,5.0,2.0,4.0,3.0,3.0,2.0,3.0,4.0,3.0,0,0.0,0,0.0017100000000000001,-8.1,-4734.073641145528,-8.086148999999999,0.0,4.0,6.0,0.07183324
0022501055,1610612739,Cleveland,Cavaliers,CLE,cavaliers,1628378,Donovan,Mitchell,D. Mitchell,donovan-mitchell,G,,,33:12,33.2,12,22,0.545,4,9,0.444,0,0,0.0,1,5,6,4,0,0,3,6,28,-21.0,0022501055,Donovan Mitchell,donovan mitchell,,,2026-03-25,0,0.8433734939759036,0.03012048192771084,0.18072289156626503,0.12048192771084336,0.03012048192771084,1.0,2.0,2.0,3.0,3.0,2.0,8.0,3.0,1.0,0,0.0,0,0.00321,-31.0,-9654.313298037994,-30.900489999999998,0.0,4.0,7.0,0.7369302
0022501055,1610612739,Cleveland,Cavaliers,CLE,cavaliers,201935,James,Harden,J. Harden,james-harden,G,,,42:30,42.5,4,10,0.4,3,9,0.333,7,7,1.0,1,8,9,7,0,1,5,1,18,-6.0,0022501055,James Harden,james harden,,,2026-03-25,1,0.4235294117647059,0.023529411764705882,0.21176470588235294,0.16470588235294117,0.047058823529411764,2.0,2.0,1.0,1.0,3.0,1.0,5.0,1.0,0.0,0,0.0,0,0.00191,-5.7,-2982.7315541601256,-5.689113000000001,0.023529411764705882,3.0,5.0,0.4714143
0022501055,1610612739,Cleveland,Cavaliers,CLE,cavaliers,203471,Dennis,Schröder,D. Schröder,dennis-schröder,,,,27:44,27.733333333333334,1,5,0.2,0,1,0.0,2,2,1.0,0,6,6,6,0,0,0,2,4,-5.0,0022501055,Dennis Schröder,dennis schröder,,,2026-03-25,0,0.14423076923076922,0.0,0.21634615384615383,0.21634615384615383,0.0,7.0,8.0,2.0,2.0,3.0,2.0,3.0,6.0,2.0,0,0.0,0,0.001,-11.2,-11188.811188811189,-11.188799999999999,0.0,4.0,8.0,0.030009614
0022501055,1610612739,Cleveland,Cavaliers,CLE,cavaliers,1641772,Nae'Qwan,Tomlin,N. Tomlin,naeqwan-tomlin,,,,17:54,17.9,2,3,0.667,0,0,0.0,2,2,1.0,2,2,4,0,0,0,0,4,6,-2.0,0022501055,Nae'Qwan Tomlin,nae'qwan tomlin,,,2026-03-25,0,0.335195530726257,0.111731843575419,0.223463687150838,0.0,0.111731843575419,6.0,1.0,6.0,7.0,3.0,2.0,2.0,7.0,4.0,0,0.0,0,0.00105,-2.2,-2093.2445290199817,-2.19769,0.0,4.0,2.0,0.2860152
0022501055,1610612739,Cleveland,Cavaliers,CLE,cavaliers,1628418,Thomas,Bryant,T. Bryant,thomas-bryant,,,,16:03,16.05,2,7,0.286,0,1,0.0,0,0,0.0,1,4,5,0,0,0,1,2,4,-13.0,0022501055,Thomas Bryant,thomas bryant,,,2026-03-25,0,0.24922118380062305,0.06230529595015576,0.3115264797507788,0.0,0.06230529595015576,7.0,2.0,4.0,7.0,3.0,2.0,6.0,8.0,1.0,0,0.0,0,0.00216,-41.2,-19065.24757056918,-41.111008,0.0,4.0,4.0,0.0329039
0022501055,1610612739,Cleveland,Cavaliers,CLE,cavaliers,1642878,Tyrese,Proctor,T. Proctor,tyrese-proctor,,,,6:25,6.416666666666667,0,1,0.0,0,0,0.0,0,0,0.0,1,0,1,0,2,0,0,1,0,2.0,0022501055,Tyrese Proctor,tyrese proctor,,,2026-03-25,2,0.0,0.15584415584415584,0.15584415584415584,0.0,0.4675324675324675,9.0,2.0,9.0,7.0,1.0,2.0,1.0,9.0,3.0,0,0.0,0,0.00067,15.4,22950.819672131147,15.389682,0.3116883116883117,1.0,1.0,0.04075331
0022501068,1610612739,Cleveland,Cavaliers,CLE,cavaliers,1630241,Sam,Merrill,S. Merrill,sam-merrill,F,,,26:44,26.733333333333334,3,9,0.333,2,7,0.286,2,2,1.0,0,3,3,4,0,0,0,2,10,25.0,0022501068,Sam Merrill,sam merrill,,,2026-03-27,0,0.37406483790523687,0.0,0.11221945137157106,0.14962593516209477,0.0,6.0,5.0,7.0,4.0,6.0,2.0,1.0,4.0,0.0,0,0.0,0,0.00136,41.7,30639.235855988245,41.643288,0.0,7.0,9.0,0.22074094
0022501068,1610612739,Cleveland,Cavaliers,CLE,cavaliers,1630596,Evan,Mobley,E. Mobley,evan-mobley,F,,,29:14,29.233333333333334,10,15,0.667,1,2,0.5,2,2,1.0,0,10,10,3,1,0,0,2,23,15.0,0022501068,Evan Mobley,evan mobley,,,2026-03-27,1,0.7867730900798175,0.0,0.3420752565564424,0.10262257696693272,0.03420752565564424,2.0,5.0,1.0,5.0,3.0,2.0,5.0,3.0,1.0,0,0.0,0,0.00229,23.4,10213.880401571365,23.346414,0.03420752565564424,3.0,8.0,0.82294446
0022501068,1610612739,Cleveland,Cavaliers,CLE,cavaliers,1628386,Jarrett,Allen,J. Allen,jarrett-allen,C,,,18:15,18.25,8,10,0.8,0,0,0.0,2,2,1.0,2,8,10,0,0,1,0,1,18,18.0,0022501068,Jarrett Allen,jarrett allen,,,2026-03-27,1,0.9863013698630136,0.1095890410958904,0.547945205479452,0.0,0.1643835616438356,3.0,2.0,1.0,11.0,6.0,1.0,4.0,8.0,1.0,0,0.0,0,0.00244,45.0,18435.06759524785,44.8902,0.0547945205479452,3.0,2.0,0.9075277
0022501068,1610612739,Cleveland,Cavaliers,CLE,cavaliers,1628378,Donovan,Mitchell,D. Mitchell,donovan-mitchell,G,,,30:38,30.633333333333333,1,10,0.1,0,3,0.0,4,4,1.0,1,3,4,6,4,0,2,2,6,14.0,0022501068,Donovan Mitchell,donovan mitchell,,,2026-03-27,4,0.19586507072905332,0.03264417845484222,0.1305767138193689,0.19586507072905332,0.1632208922742111,9.0,3.0,5.0,2.0,1.0,2.0,6.0,1.0,3.0,0,0.0,0,0.00184,18.6,10103.204780010865,18.565776000000003,0.1305767138193689,1.0,3.0,0.10765178
0022501068,1610612739,Cleveland,Cavaliers,CLE,cavaliers,201935,James,Harden,J. Harden,james-harden,G,,,29:30,29.5,4,11,0.364,2,6,0.333,7,7,1.0,0,5,5,14,2,0,1,3,17,25.0,0022501068,James Harden,james harden,,,2026-03-27,2,0.576271186440678,0.0,0.1694915254237288,0.4745762711864407,0.06779661016949153,4.0,5.0,4.0,1.0,2.0,2.0,1.0,2.0,2.0,0,0.0,0,0.00194,38.5,19835.13652756311,38.425309999999996,0.06779661016949153,2.0,4.0,0.7943669
0022501068,1610612739,Cleveland,Cavaliers,CLE,cavaliers,1631165,Keon,Ellis,K. Ellis,keon-ellis,,,,24:30,24.5,4,5,0.8,2,3,0.667,0,1,0.0,0,0,0,2,1,0,0,5,10,9.0,0022501068,Keon Ellis,keon ellis,,,2026-03-27,1,0.40816326530612246,0.0,0.0,0.08163265306122448,0.04081632653061224,6.0,5.0,10.0,6.0,3.0,2.0,7.0,5.0,2.0,0,0.0,0,0.00082,16.4,19975.63946406821,16.386552,0.04081632653061224,3.0,7.0,0.2589287
0022501068,1610612739,Cleveland,Cavaliers,CLE,cavaliers,1629622,Max,Strus,M. Strus,max-strus,,,,22:49,22.816666666666666,10,14,0.714,8,11,0.727,1,2,0.5,1,7,8,1,0,0,1,2,29,22.0,0022501068,Max Strus,max strus,,,2026-03-27,0,1.27100073046019,0.04382761139517896,0.3506208911614317,0.04382761139517896,0.04382761139517896,1.0,3.0,3.0,7.0,6.0,2.0,3.0,6.0,0.0,0,0.0,0,0.00271,39.5,14570.269273330872,39.392955,0.0,7.0,6.0,0.89765984
0022501068,1610612739,Cleveland,Cavaliers,CLE,cavaliers,203471,Dennis,Schröder,D. Schröder,dennis-schröder,,,,19:55,19.916666666666668,3,7,0.429,0,1,0.0,2,3,0.667,0,0,0,5,1,0,0,1,8,3.0,0022501068,Dennis Schröder,dennis schröder,,,2026-03-27,1,0.401673640167364,0.0,0.0,0.2510460251046025,0.0502092050209205,8.0,5.0,10.0,3.0,3.0,2.0,8.0,7.0,1.0,0,0.0,0,0.0016,1.1,687.0705808869457,1.09824,0.0502092050209205,3.0,5.0,0.05893382
0022501068,1610612739,Cleveland,Cavaliers,CLE,cavaliers,1628418,Thomas,Bryant,T. Bryant,thomas-bryant,,,,14:02,14.033333333333333,5,10,0.5,1,4,0.25,0,0,0.0,3,1,4,0,0,0,2,2,11,0.0,0022501068,Thomas Bryant,thomas bryant,,,2026-03-27,0,0.7838479809976248,0.21377672209026127,0.2850356294536817,0.0,0.21377672209026127,5.0,1.0,5.0,11.0,6.0,2.0,9.0,9.0,0.0,0,0.0,0,0.00333,-3.7,-1110.7775442809966,-3.687679,0.0,7.0,1.0,0.64062107
0022501068,1610612739,Cleveland,Cavaliers,CLE,cavaliers,1641772,Nae'Qwan,Tomlin,N. Tomlin,naeqwan-tomlin,,,,5:41,5.683333333333334,0,0,0.0,0,0,0.0,0,0,0.0,0,0,0,1,0,0,0,1,0,-3.0,0022501068,Nae'Qwan Tomlin,nae'qwan tomlin,,,2026-03-27,0,0.0,0.0,0.0,0.1759530791788856,0.0,14.0,5.0,10.0,7.0,6.0,2.0,10.0,10.0,,1,,1,0.0,-28.3,-28300000.000000004,-28.3,0.0,7.0,9.0,0.0033554253
0022501068,1610612739,Cleveland,Cavaliers,CLE,cavaliers,1642878,Tyrese,Proctor,T. Proctor,tyrese-proctor,,,,5:41,5.683333333333334,1,2,0.5,0,1,0.0,4,4,1.0,0,1,1,0,0,0,1,2,6,-3.0,0022501068,Tyrese Proctor,tyrese proctor,,,2026-03-27,0,1.0557184750733137,0.0,0.1759530791788856,0.0,0.0,9.0,5.0,8.0,11.0,6.0,2.0,10.0,10.0,1.0,0,0.0,0,0.0023499999999999997,-28.3,-12037.430880476395,-28.233495,0.0,7.0,9.0,0.03597941
0022501068,1610612739,Cleveland,Cavaliers,CLE,cavaliers,1642434,Riley,Minix,R. Minix,riley-minix,,,,4:39,4.65,2,3,0.667,2,2,1.0,0,0,0.0,0,0,0,1,0,0,1,1,6,-6.0,0022501068,Riley Minix,riley minix,,,2026-03-27,0,1.2903225806451613,0.0,0.0,0.2150537634408602,0.0,9.0,5.0,10.0,7.0,6.0,2.0,12.0,12.0,0.0,0,0.0,0,0.0028599999999999997,-60.9,-21286.26354421531,-60.725826,0.0,7.0,9.0,0.036792338
0022501068,1610612739,Cleveland,Cavaliers,CLE,cavaliers,1630846,Olivier,Sarr,O. Sarr,olivier-sarr,,,,4:11,4.183333333333334,0,0,0.0,0,0,0.0,1,2,0.5,0,0,0,0,0,0,0,2,1,-7.0,0022501068,Olivier Sarr,olivier sarr,,,2026-03-27,0,0.2390438247011952,0.0,0.0,0.0,0.0,13.0,5.0,10.0,11.0,6.0,2.0,13.0,13.0,,1,,1,0.00077,-75.0,-97276.26459143969,-74.94225,0.0,7.0,9.0,0.004407723
0022501068,1610612739,Cleveland,Cavaliers,CLE,cavaliers,1626204,Larry,Nance Jr.,L. Nance Jr.,larry-nance-jr,,,,4:11,4.183333333333334,1,1,1.0,1,1,1.0,1,2,0.5,0,1,1,1,0,0,1,0,4,-7.0,0022501068,Larry Nance Jr.,larry nance jr,,,2026-03-27,0,0.9561752988047808,0.0,0.2390438247011952,0.2390438247011952,0.0,12.0,5.0,8.0,7.0,6.0,2.0,13.0,13.0,,1,,1,0.00231,-75.0,-32453.483340545215,-74.82675,0.0,7.0,9.0,0.008789077
0022501096,1610612739,Cleveland,Cavaliers,CLE,cavaliers,1630241,Sam,Merrill,S. Merrill,sam-merrill,F,,,28:09,28.15,4,14,0.286,0,8,0.0,1,1,1.0,0,4,4,3,1,0,0,2,9,13.0,0022501096,Sam Merrill,sam merrill,,,2026-03-30,1,0.3197158081705151,0.0,0.14209591474245117,0.10657193605683837,0.03552397868561279,5.0,7.0,4.0,3.0,2.0,6.0,2.0,5.0,3.0,0,0.0,0,0.00203,20.0,9847.36582964057,19.959400000000002,0.03552397868561279,4.0,9.0,0.43318117
0022501096,1610612739,Cleveland,Cavaliers,CLE,cavaliers,1631165,Keon,Ellis,K. Ellis,keon-ellis,F,,,31:52,31.866666666666667,6,10,0.6,1,3,0.333,0,0,0.0,1,1,2,1,2,1,2,3,13,10.0,0022501096,Keon Ellis,keon ellis,,,2026-03-30,3,0.40794979079497906,0.03138075313807531,0.06276150627615062,0.03138075313807531,0.12552301255230125,3.0,4.0,7.0,7.0,1.0,2.0,4.0,3.0,2.0,0,0.0,0,0.0015199999999999999,9.9,6508.875739644972,9.884952,0.09414225941422594,2.0,5.0,0.6563388
0022501096,1610612739,Cleveland,Cavaliers,CLE,cavaliers,1630596,Evan,Mobley,E. Mobley,evan-mobley,C,,,29:39,29.65,15,21,0.714,0,0,0.0,4,5,0.8,4,13,17,3,1,3,2,5,34,21.0,0022501096,Evan Mobley,evan mobley,,,2026-03-30,4,1.1467116357504217,0.13490725126475547,0.5733558178752108,0.10118043844856661,0.26981450252951095,1.0,1.0,1.0,3.0,2.0,1.0,1.0,4.0,1.0,0,0.0,0,0.00333,34.3,10297.208045631942,34.185781,0.13490725126475547,1.0,1.0,0.88211757
0022501096,1610612739,Cleveland,Cavaliers,CLE,cavaliers,1628378,Donovan,Mitchell,D. Mitchell,donovan-mitchell,G,,,35:45,35.75,10,18,0.556,3,8,0.375,11,12,0.917,0,2,2,5,1,0,2,1,34,11.0,0022501096,Donovan Mitchell,donovan mitchell,,,2026-03-30,1,0.951048951048951,0.0,0.055944055944055944,0.13986013986013987,0.027972027972027972,1.0,7.0,7.0,2.0,2.0,6.0,3.0,2.0,3.0,0,0.0,0,0.00295,12.5,4235.852253473398,12.463125,0.027972027972027972,4.0,10.0,0.85562015
0022501096,1610612739,Cleveland,Cavaliers,CLE,cavaliers,201935,James,Harden,J. Harden,james-harden,G,,,38:39,38.65,4,9,0.444,1,5,0.2,4,6,0.667,0,6,6,14,1,1,1,1,13,7.0,0022501096,James Harden,james harden,,,2026-03-30,2,0.33635187580853815,0.0,0.1552393272962484,0.36222509702457956,0.0517464424320828,3.0,7.0,3.0,1.0,2.0,2.0,5.0,1.0,0.0,0,0.0,0,0.0013800000000000002,7.1,5141.202027516292,7.090202,0.0517464424320828,3.0,8.0,0.8494367
0022501096,1610612739,Cleveland,Cavaliers,CLE,cavaliers,203471,Dennis,Schröder,D. Schröder,dennis-schröder,,,,21:13,21.216666666666665,1,4,0.25,0,2,0.0,1,2,0.5,2,2,4,3,1,0,0,0,3,-2.0,0022501096,Dennis Schröder,dennis schröder,,,2026-03-30,1,0.14139827179890024,0.09426551453260017,0.18853102906520033,0.14139827179890024,0.14139827179890024,8.0,2.0,4.0,3.0,2.0,6.0,8.0,6.0,2.0,0,0.0,0,0.00104,-1.7,-1633.0451488952933,-1.698232,0.047132757266300083,4.0,4.0,0.021111634
0022501096,1610612739,Cleveland,Cavaliers,CLE,cavaliers,1641854,Craig,Porter Jr.,C. Porter Jr.,craig-porter-jr,,,,15:15,15.25,1,2,0.5,0,1,0.0,0,0,0.0,0,2,2,3,0,1,0,2,2,-6.0,0022501096,Craig Porter Jr.,craig porter jr,,,2026-03-30,1,0.13114754098360656,0.0,0.13114754098360656,0.19672131147540983,0.06557377049180328,9.0,7.0,7.0,3.0,9.0,2.0,9.0,8.0,1.0,0,0.0,0,0.0005600000000000001,-14.4,-25668.44919786096,-14.391936,0.06557377049180328,4.0,7.0,0.025524471
0022501096,1610612739,Cleveland,Cavaliers,CLE,cavaliers,1628418,Thomas,Bryant,T. Bryant,thomas-bryant,,,,18:21,18.35,1,3,0.333,0,2,0.0,0,0,0.0,1,6,7,0,1,0,3,1,2,-12.0,0022501096,Thomas Bryant,thomas bryant,,,2026-03-30,1,0.108991825613079,0.0544959128065395,0.38147138964577654,0.0,0.108991825613079,9.0,4.0,2.0,9.0,2.0,6.0,10.0,7.0,1.0,0,0.0,0,0.0014299999999999998,-24.9,-17400.419287211742,-24.864392999999996,0.0544959128065395,4.0,6.0,0.01159086
0022501096,1610612739,Cleveland,Cavaliers,CLE,cavaliers,1641772,Nae'Qwan,Tomlin,N. Tomlin,naeqwan-tomlin,,,,9:21,9.35,2,3,0.667,0,0,0.0,0,0,0.0,1,2,3,0,0,1,0,0,4,2.0,0022501096,Nae'Qwan Tomlin,nae'qwan tomlin,,,2026-03-30,1,0.42780748663101603,0.10695187165775401,0.32085561497326204,0.0,0.21390374331550802,7.0,4.0,6.0,9.0,9.0,2.0,6.0,10.0,2.0,0,0.0,0,0.0014299999999999998,10.0,6988.120195667367,9.9857,0.10695187165775401,4.0,3.0,0.06193189
0022501096,1610612739,Cleveland,Cavaliers,CLE,cavaliers,1642878,Tyrese,Proctor,T. Proctor,tyrese-proctor,,,,11:46,11.766666666666667,3,6,0.5,1,3,0.333,1,1,1.0,2,0,2,1,1,0,1,2,8,1.0,0022501096,Tyrese Proctor,tyrese proctor,,,2026-03-30,1,0.6798866855524078,0.16997167138810196,0.16997167138810196,0.08498583569405098,0.254957507082153,6.0,2.0,7.0,7.0,2.0,6.0,7.0,9.0,0.0,0,0.0,0,0.00269,9.1,3381.642512077294,9.075521,0.08498583569405098,4.0,2.0,0.1296973
0022501103,1610612739,Cleveland,Cavaliers,CLE,cavaliers,1629622,Max,Strus,M. Strus,max-strus,F,,,23:15,23.25,4,8,0.5,3,7,0.429,0,0,0.0,0,3,3,1,0,0,0,4,11,-10.0,0022501103,Max Strus,max strus,,,2026-03-31,0,0.4731182795698925,0.0,0.12903225806451613,0.043010752688172046,0.0,4.0,7.0,5.0,7.0,5.0,3.0,7.0,4.0,1.0,0,0.0,0,0.00154,-20.8,-13497.728747566518,-20.767968,0.0,6.0,8.0,0.2972344
0022501103,1610612739,Cleveland,Cavaliers,CLE,cavaliers,1630596,Evan,Mobley,E. Mobley,evan-mobley,F,,,21:31,21.516666666666666,2,4,0.5,0,1,0.0,2,2,1.0,1,3,4,4,0,0,1,2,6,-18.0,0022501103,Evan Mobley,evan mobley,,,2026-03-31,0,0.278853601859024,0.046475600309837335,0.18590240123934934,0.18590240123934934,0.046475600309837335,10.0,4.0,2.0,2.0,5.0,3.0,10.0,6.0,2.0,0,0.0,0,0.00128,-34.8,-27166.276346604212,-34.755456,0.0,6.0,7.0,0.02473094
0022501103,1610612739,Cleveland,Cavaliers,CLE,cavaliers,1628386,Jarrett,Allen,J. Allen,jarrett-allen,C,,,18:39,18.65,9,11,0.818,0,0,0.0,0,2,0.0,2,2,4,2,1,0,1,2,18,-7.0,0022501103,Jarrett Allen,jarrett allen,,,2026-03-31,1,0.96514745308311,0.10723860589812333,0.21447721179624665,0.10723860589812333,0.160857908847185,1.0,2.0,2.0,6.0,2.0,3.0,6.0,9.0,1.0,0,0.0,0,0.0031,-18.4,-5933.569816188326,-18.342959999999998,0.05361930294906166,3.0,3.0,0.92200863
0022501103,1610612739,Cleveland,Cavaliers,CLE,cavaliers,1628378,Donovan,Mitchell,D. Mitchell,donovan-mitchell,G,,,24:10,24.166666666666668,4,10,0.4,0,3,0.0,2,2,1.0,0,3,3,6,0,0,2,1,10,-24.0,0022501103,Donovan Mitchell,donovan mitchell,,,2026-03-31,0,0.41379310344827586,0.0,0.12413793103448276,0.2482758620689655,0.0,5.0,7.0,5.0,1.0,5.0,3.0,12.0,3.0,,1,,1,0.0022400000000000002,-43.4,-19366.35430611334,-43.302783999999996,0.0,6.0,8.0,0.14564346
0022501103,1610612739,Cleveland,Cavaliers,CLE,cavaliers,201935,James,Harden,J. Harden,james-harden,G,,,27:41,27.683333333333334,6,13,0.462,2,5,0.4,3,5,0.6,0,0,0,3,0,0,3,1,17,-19.0,0022501103,James Harden,james harden,,,2026-03-31,0,0.6140878988561108,0.0,0.0,0.10836845273931367,0.0,2.0,7.0,12.0,4.0,5.0,3.0,11.0,1.0,1.0,0,0.0,0,0.00295,-28.5,-9657.74313791935,-28.415925,0.0,6.0,8.0,0.7306913
0022501103,1610612739,Cleveland,Cavaliers,CLE,cavaliers,1631165,Keon,Ellis,K. Ellis,keon-ellis,,,,19:21,19.35,2,6,0.333,1,4,0.25,2,2,1.0,1,1,2,0,1,0,1,1,7,-11.0,0022501103,Keon Ellis,keon ellis,,,2026-03-31,1,0.3617571059431524,0.05167958656330749,0.10335917312661498,0.0,0.10335917312661498,9.0,4.0,9.0,11.0,2.0,3.0,8.0,7.0,3.0,0,0.0,0,0.0017399999999999998,-29.8,-17116.59965537048,-29.748148,0.05167958656330749,3.0,5.0,0.03771186
0022501103,1610612739,Cleveland,Cavaliers,CLE,cavaliers,1628418,Thomas,Bryant,T. Bryant,thomas-bryant,,,,24:39,24.65,5,7,0.714,3,4,0.75,1,2,0.5,4,2,6,0,0,1,0,1,14,5.0,0022501103,Thomas Bryant,thomas bryant,,,2026-03-31,1,0.5679513184584178,0.16227180527383367,0.24340770791075053,0.0,0.20283975659229211,3.0,1.0,1.0,11.0,5.0,1.0,3.0,2.0,0.0,0,0.0,0,0.00133,10.0,7513.148009015778,9.986699999999999,0.04056795131845842,3.0,2.0,0.8110464
0022501103,1610612739,Cleveland,Cavaliers,CLE,cavaliers,203471,Dennis,Schröder,D. Schröder,dennis-schröder,,,,18:52,18.866666666666667,3,7,0.429,1,2,0.5,2,2,1.0,0,3,3,3,1,1,3,2,9,-14.0,0022501103,Dennis Schröder,dennis schröder,,,2026-03-31,2,0.47703180212014135,0.0,0.15901060070671377,0.15901060070671377,0.10600706713780919,7.0,7.0,5.0,4.0,2.0,1.0,9.0,8.0,0.0,0,0.0,0,0.00244,-34.1,-13969.684555510037,-34.016796,0.10600706713780919,1.0,4.0,0.07054646
0022501103,1610612739,Cleveland,Cavaliers,CLE,cavaliers,1641772,Nae'Qwan,Tomlin,N. Tomlin,naeqwan-tomlin,,,,22:20,22.333333333333332,4,9,0.444,1,5,0.2,0,0,0.0,2,1,3,1,0,0,1,4,9,-2.0,0022501103,Nae'Qwan Tomlin,nae'qwan tomlin,,,2026-03-31,0,0.40298507462686567,0.08955223880597016,0.13432835820895522,0.04477611940298508,0.08955223880597016,7.0,2.0,5.0,7.0,5.0,3.0,5.0,5.0,1.0,0,0.0,0,0.00182,-4.4,-2416.2548050521696,-4.391992,0.0,6.0,6.0,0.26103932
0022501103,1610612739,Cleveland,Cavaliers,CLE,cavaliers,1641854,Craig,Porter Jr.,C. Porter Jr.,craig-porter-jr,,,,15:32,15.533333333333333,0,3,0.0,0,3,0.0,0,0,0.0,0,1,1,1,0,0,2,0,0,4.0,0022501103,Craig Porter Jr.,craig porter jr,,,2026-03-31,0,0.0,0.0,0.06437768240343347,0.06437768240343347,0.0,12.0,7.0,11.0,7.0,5.0,3.0,4.0,10.0,1.0,0,0.0,0,0.00135,13.3,9844.559585492229,13.282045000000002,0.0,6.0,8.0,0.008597419
0022501103,1610612739,Cleveland,Cavaliers,CLE,cavaliers,1626204,Larry,Nance Jr.,L. Nance Jr.,larry-nance-jr,,,,12:00,12.0,1,4,0.25,0,2,0.0,0,0,0.0,1,3,4,1,2,0,0,0,2,13.0,0022501103,Larry Nance Jr.,larry nance jr,,,2026-03-31,2,0.16666666666666666,0.08333333333333333,0.3333333333333333,0.08333333333333333,0.25,11.0,4.0,2.0,7.0,1.0,3.0,1.0,11.0,2.0,0,1.0,0,0.0013800000000000002,59.1,42795.07603186097,59.018442,0.16666666666666666,1.0,1.0,0.06628026
0022501103,1610612739,Cleveland,Cavaliers,CLE,cavaliers,1642878,Tyrese,Proctor,T. Proctor,tyrese-proctor,,,,12:00,12.0,3,5,0.6,2,3,0.667,2,2,1.0,0,2,2,4,0,0,0,1,10,13.0,0022501103,Tyrese Proctor,tyrese proctor,,,2026-03-31,0,0.8333333333333334,0.0,0.16666666666666666,0.3333333333333333,0.0,5.0,7.0,9.0,2.0,5.0,3.0,1.0,11.0,1.0,0,0.0,0,0.00207,59.1,28536.93867696765,58.977663,0.0,6.0,8.0,0.37192917
0022501117,1610612739,Cleveland,Cavaliers,CLE,cavaliers,1629622,Max,Strus,M. Strus,max-strus,F,,,27:53,27.883333333333333,9,14,0.643,6,10,0.6,0,0,0.0,0,5,5,2,0,0,2,3,24,17.0,0022501117,Max Strus,max strus,,,2026-04-02,0,0.8607292289300658,0.0,0.17931858936043038,0.07172743574417215,0.0,2.0,7.0,4.0,6.0,7.0,2.0,1.0,5.0,1.0,0,0.0,0,0.00232,24.1,10383.455407152089,24.044088000000002,0.0,7.0,7.0,0.9090169
0022501117,1610612739,Cleveland,Cavaliers,CLE,cavaliers,1630596,Evan,Mobley,E. Mobley,evan-mobley,F,,,32:20,32.333333333333336,6,11,0.545,0,2,0.0,0,2,0.0,2,8,10,5,1,0,0,0,12,3.0,0022501117,Evan Mobley,evan mobley,,,2026-04-02,1,0.37113402061855666,0.06185567010309278,0.3092783505154639,0.15463917525773194,0.09278350515463916,5.0,2.0,2.0,2.0,2.0,2.0,4.0,3.0,2.0,0,0.0,0,0.00156,4.3,2754.644458680333,4.293292,0.03092783505154639,2.0,5.0,0.68363816
0022501117,1610612739,Cleveland,Cavaliers,CLE,cavaliers,1628386,Jarrett,Allen,J. Allen,jarrett-allen,C,,,23:52,23.866666666666667,5,10,0.5,0,0,0.0,6,12,0.5,3,10,13,0,1,0,0,0,16,12.0,0022501117,Jarrett Allen,jarrett allen,,,2026-04-02,1,0.6703910614525139,0.12569832402234637,0.5446927374301676,0.0,0.16759776536312848,4.0,1.0,1.0,8.0,2.0,2.0,2.0,6.0,1.0,0,1.0,0,0.00262,18.5,7058.374666157954,18.45153,0.04189944134078212,2.0,1.0,0.78251463
0022501117,1610612739,Cleveland,Cavaliers,CLE,cavaliers,1628378,Donovan,Mitchell,D. Mitchell,donovan-mitchell,G,,,34:23,34.38333333333333,7,14,0.5,4,7,0.571,7,7,1.0,1,5,6,3,2,1,5,2,25,1.0,0022501117,Donovan Mitchell,donovan mitchell,,,2026-04-02,3,0.7270964614638875,0.029083858458555503,0.17450315075133302,0.08725157537566651,0.11633543383422201,1.0,4.0,3.0,5.0,1.0,1.0,6.0,2.0,3.0,0,0.0,0,0.00268,5.7,2126.0723610593063,5.684724,0.08725157537566651,1.0,3.0,0.81194246
0022501117,1610612739,Cleveland,Cavaliers,CLE,cavaliers,201935,James,Harden,J. Harden,james-harden,G,,,36:44,36.733333333333334,7,11,0.636,3,6,0.5,2,2,1.0,0,2,2,5,0,0,4,1,19,1.0,0022501117,James Harden,james harden,,,2026-04-02,0,0.5172413793103449,0.0,0.0544464609800363,0.13611615245009073,0.0,3.0,7.0,7.0,2.0,7.0,2.0,6.0,1.0,0.0,0,0.0,0,0.00184,2.7,1466.5942422596415,2.6950320000000003,0.0,7.0,7.0,0.7645927
0022501117,1610612739,Cleveland,Cavaliers,CLE,cavaliers,1630241,Sam,Merrill,S. Merrill,sam-merrill,,,,28:13,28.216666666666665,1,6,0.167,1,6,0.167,0,0,0.0,1,1,2,5,1,0,2,1,3,12.0,0022501117,Sam Merrill,sam merrill,,,2026-04-02,1,0.10632014176018902,0.03544004725339634,0.07088009450679268,0.1772002362669817,0.07088009450679268,8.0,4.0,7.0,2.0,2.0,2.0,2.0,4.0,3.0,0,0.0,0,0.00123,16.6,13484.971567831035,16.579582000000002,0.03544004725339634,2.0,6.0,0.043277796
0022501117,1610612739,Cleveland,Cavaliers,CLE,cavaliers,203471,Dennis,Schröder,D. Schröder,dennis-schröder,,,,20:18,20.3,4,7,0.571,1,2,0.5,3,3,1.0,1,1,2,6,1,0,2,3,12,-8.0,0022501117,Dennis Schröder,dennis schröder,,,2026-04-02,1,0.5911330049261083,0.04926108374384236,0.09852216748768472,0.29556650246305416,0.09852216748768472,5.0,4.0,7.0,1.0,2.0,2.0,9.0,8.0,1.0,0,0.0,0,0.00213,-22.3,-10464.570624120131,-22.252501000000002,0.04926108374384236,2.0,4.0,0.6428918
0022501117,1610612739,Cleveland,Cavaliers,CLE,cavaliers,1628418,Thomas,Bryant,T. Bryant,thomas-bryant,,,,14:09,14.15,1,2,0.5,1,1,1.0,0,0,0.0,0,3,3,0,0,0,0,2,3,3.0,0022501117,Thomas Bryant,thomas bryant,,,2026-04-02,0,0.21201413427561838,0.0,0.21201413427561838,0.0,0.0,8.0,7.0,5.0,8.0,7.0,2.0,4.0,9.0,1.0,0,0.0,0,0.00067,14.1,21013.412816691503,14.090553,0.0,7.0,7.0,0.011861803
0022501117,1610612739,Cleveland,Cavaliers,CLE,cavaliers,1631165,Keon,Ellis,K. Ellis,keon-ellis,,,,22:09,22.15,2,7,0.286,0,2,0.0,0,0,0.0,2,1,3,2,1,0,0,2,4,-6.0,0022501117,Keon Ellis,keon ellis,,,2026-04-02,1,0.18058690744920994,0.09029345372460497,0.13544018058690746,0.09029345372460497,0.13544018058690746,7.0,2.0,5.0,6.0,2.0,2.0,8.0,7.0,3.0,0,0.0,0,0.00135,-16.1,-11917.098445595857,-16.078265000000002,0.045146726862302484,2.0,2.0,0.04043548
0022501136,1610612739,Cleveland,Cavaliers,CLE,cavaliers,1629622,Max,Strus,M. Strus,max-strus,F,,,30:56,30.933333333333334,1,10,0.1,1,9,0.111,1,2,0.5,0,7,7,5,0,0,0,3,4,-8.0,0022501136,Max Strus,max strus,,,2026-04-05,0,0.12931034482758622,0.0,0.22629310344827586,0.16163793103448276,0.0,8.0,8.0,2.0,3.0,5.0,6.0,10.0,4.0,0.0,0,0.0,0,0.00151,-6.6,-4367.968232958306,-6.590033999999999,0.0,8.0,10.0,0.019302245
0022501136,1610612739,Cleveland,Cavaliers,CLE,cavaliers,1631165,Keon,Ellis,K. Ellis,keon-ellis,F,,,33:19,33.31666666666667,5,9,0.556,3,7,0.429,0,0,0.0,1,4,5,0,1,0,0,2,13,8.0,0022501136,Keon Ellis,keon ellis,,,2026-04-05,1,0.39019509754877435,0.030015007503751873,0.15007503751875936,0.0,0.06003001500750375,4.0,3.0,4.0,9.0,3.0,6.0,4.0,2.0,2.0,0,0.0,0,0.00123,11.6,9423.233143785541,11.585732,0.030015007503751873,4.0,9.0,0.582163
0022501136,1610612739,Cleveland,Cavaliers,CLE,cavaliers,1628418,Thomas,Bryant,T. Bryant,thomas-bryant,C,,,26:14,26.233333333333334,6,9,0.667,2,4,0.5,0,0,0.0,2,8,10,2,0,1,0,2,14,4.0,0022501136,Thomas Bryant,thomas bryant,,,2026-04-05,1,0.5336721728081322,0.07623888182973317,0.3811944091486658,0.07623888182973317,0.11435832274459974,3.0,1.0,1.0,5.0,5.0,2.0,7.0,5.0,1.0,0,0.0,0,0.0015,5.0,3331.112591605596,4.992500000000001,0.03811944091486658,4.0,5.0,0.8322006
0022501136,1610612739,Cleveland,Cavaliers,CLE,cavaliers,1628378,Donovan,Mitchell,D. Mitchell,donovan-mitchell,G,,,32:51,32.85,16,27,0.593,2,7,0.286,4,5,0.8,1,5,6,6,1,0,3,3,38,8.0,0022501136,Donovan Mitchell,donovan mitchell,,,2026-04-05,1,1.156773211567732,0.030441400304414,0.182648401826484,0.182648401826484,0.060882800608828,1.0,3.0,3.0,2.0,3.0,6.0,4.0,3.0,1.0,0,0.0,0,0.0042699999999999995,11.3,2645.750409740108,11.251749,0.030441400304414,4.0,8.0,0.84831715
0022501136,1610612739,Cleveland,Cavaliers,CLE,cavaliers,201935,James,Harden,J. Harden,james-harden,G,,,34:17,34.28333333333333,8,17,0.471,5,11,0.455,7,8,0.875,0,4,4,7,3,1,2,3,28,12.0,0022501136,James Harden,james harden,,,2026-04-05,4,0.8167233835683034,0.0,0.1166747690811862,0.20418084589207586,0.1166747690811862,2.0,8.0,5.0,1.0,1.0,2.0,1.0,1.0,6.0,0,0.0,0,0.00265,16.2,6110.901546586193,16.157069999999997,0.1166747690811862,1.0,4.0,0.8395805
0022501136,1610612739,Cleveland,Cavaliers,CLE,cavaliers,1641854,Craig,Porter Jr.,C. Porter Jr.,craig-porter-jr,,,,22:34,22.566666666666666,2,4,0.5,1,2,0.5,0,0,0.0,0,4,4,1,0,2,0,1,5,10.0,0022501136,Craig Porter Jr.,craig porter jr,,,2026-04-05,2,0.22156573116691286,0.0,0.17725258493353027,0.04431314623338257,0.08862629246676514,7.0,8.0,5.0,6.0,5.0,1.0,3.0,6.0,0.0,0,0.0,0,0.00077,25.4,32944.22827496757,25.380442,0.08862629246676514,3.0,7.0,0.113265626
0022501136,1610612739,Cleveland,Cavaliers,CLE,cavaliers,1626204,Larry,Nance Jr.,L. Nance Jr.,larry-nance-jr,,,,21:46,21.766666666666666,2,6,0.333,1,3,0.333,1,2,0.5,1,2,3,1,3,1,2,1,6,5.0,0022501136,Larry Nance Jr.,larry nance jr,,,2026-04-05,4,0.27565084226646247,0.045941807044410414,0.13782542113323124,0.045941807044410414,0.22970903522205208,5.0,3.0,8.0,6.0,1.0,2.0,6.0,7.0,4.0,0,0.0,0,0.0017599999999999998,16.1,9142.532651902331,16.071664000000002,0.18376722817764166,1.0,1.0,0.09932221
0022501136,1610612739,Cleveland,Cavaliers,CLE,cavaliers,203471,Dennis,Schröder,D. Schröder,dennis-schröder,,,,20:01,20.016666666666666,2,6,0.333,0,1,0.0,2,2,1.0,2,0,2,3,0,0,1,1,6,12.0,0022501136,Dennis Schröder,dennis schröder,,,2026-04-05,0,0.2997502081598668,0.09991673605328893,0.09991673605328893,0.1498751040799334,0.09991673605328893,5.0,1.0,9.0,4.0,5.0,6.0,1.0,8.0,1.0,0,0.0,0,0.0016,30.0,18738.288569643973,29.951999999999998,0.0,8.0,6.0,0.13296989
0022501136,1610612739,Cleveland,Cavaliers,CLE,cavaliers,1642878,Tyrese,Proctor,T. Proctor,tyrese-proctor,,,,4:49,4.816666666666666,0,2,0.0,0,1,0.0,0,0,0.0,1,0,1,1,0,0,0,1,0,-7.0,0022501136,Tyrese Proctor,tyrese proctor,,,2026-04-05,0,0.0,0.20761245674740486,0.20761245674740486,0.20761245674740486,0.20761245674740486,10.0,3.0,10.0,6.0,5.0,6.0,9.0,10.0,1.0,0,0.0,0,0.00167,-70.0,-41891.08318372232,-69.8831,0.0,8.0,2.0,0.003384539
0022501136,1610612739,Cleveland,Cavaliers,CLE,cavaliers,1641772,Nae'Qwan,Tomlin,N. Tomlin,naeqwan-tomlin,,,,13:13,13.216666666666667,1,2,0.5,1,2,0.5,0,0,0.0,1,3,4,0,0,1,1,3,3,1.0,0022501136,Nae'Qwan Tomlin,nae'qwan tomlin,,,2026-04-05,1,0.22698612862547288,0.07566204287515763,0.3026481715006305,0.0,0.15132408575031525,9.0,3.0,5.0,9.0,5.0,2.0,8.0,9.0,2.0,0,0.0,0,0.0010299999999999999,3.7,3588.74878758487,3.6961890000000004,0.07566204287515763,4.0,3.0,0.030801473
0022501145,1610612739,Cleveland,Cavaliers,CLE,cavaliers,1631165,Keon,Ellis,K. Ellis,keon-ellis,F,,,27:17,27.283333333333335,7,11,0.636,3,5,0.6,2,3,0.667,0,3,3,8,1,0,0,3,19,15.0,0022501145,Keon Ellis,keon ellis,,,2026-04-06,1,0.6963958460598656,0.0,0.10995723885155773,0.29321930360415394,0.03665241295051924,4.0,7.0,6.0,2.0,4.0,4.0,3.0,3.0,1.0,0,0.0,0,0.00182,30.6,16803.95387149918,30.544308,0.03665241295051924,6.0,8.0,0.79329896
0022501145,1610612739,Cleveland,Cavaliers,CLE,cavaliers,1630596,Evan,Mobley,E. Mobley,evan-mobley,F,,,25:40,25.666666666666668,9,11,0.818,1,2,0.5,5,8,0.625,2,4,6,4,0,0,3,2,24,-2.0,0022501145,Evan Mobley,evan mobley,,,2026-04-06,0,0.935064935064935,0.07792207792207792,0.23376623376623376,0.15584415584415584,0.07792207792207792,1.0,3.0,4.0,4.0,8.0,4.0,11.0,5.0,0.0,0,0.0,0,0.0030499999999999998,-1.1,-360.53752867912164,-1.096645,0.0,8.0,7.0,0.8946161
0022501145,1610612739,Cleveland,Cavaliers,CLE,cavaliers,1628386,Jarrett,Allen,J. Allen,jarrett-allen,C,,,24:48,24.8,5,7,0.714,0,0,0.0,3,5,0.6,2,7,9,1,1,2,2,0,13,11.0,0022501145,Jarrett Allen,jarrett allen,,,2026-04-06,3,0.5241935483870968,0.08064516129032258,0.3629032258064516,0.04032258064516129,0.20161290322580644,5.0,3.0,1.0,7.0,4.0,1.0,5.0,6.0,1.0,0,0.0,0,0.0018599999999999999,25.6,13756.045137023108,25.552384000000004,0.12096774193548386,2.0,3.0,0.7018178
0022501145,1610612739,Cleveland,Cavaliers,CLE,cavaliers,1630241,Sam,Merrill,S. Merrill,sam-merrill,G,,,27:57,27.95,7,16,0.438,4,11,0.364,3,4,0.75,0,2,2,2,3,0,0,0,21,-5.0,0022501145,Sam Merrill,sam merrill,,,2026-04-06,3,0.7513416815742398,0.0,0.07155635062611806,0.07155635062611806,0.10733452593917711,3.0,7.0,8.0,5.0,1.0,4.0,12.0,2.0,3.0,0,0.0,0,0.0023899999999999998,-10.2,-4265.997490589712,-10.175621999999999,0.10733452593917711,2.0,5.0,0.7923762
0022501145,1610612739,Cleveland,Cavaliers,CLE,cavaliers,203471,Dennis,Schröder,D. Schröder,dennis-schröder,G,,,29:16,29.266666666666666,8,12,0.667,1,2,0.5,5,6,0.833,1,4,5,11,0,0,3,1,22,16.0,0022501145,Dennis Schröder,dennis schröder,,,2026-04-06,0,0.7517084282460137,0.03416856492027335,0.17084282460136674,0.37585421412300685,0.03416856492027335,2.0,5.0,5.0,1.0,8.0,4.0,2.0,1.0,2.0,0,0.0,0,0.0025,25.4,10155.937624950018,25.3365,0.0,8.0,9.0,0.9216482
0022501145,1610612739,Cleveland,Cavaliers,CLE,cavaliers,1641854,Craig,Porter Jr.,C. Porter Jr.,craig-porter-jr,,,,26:11,26.183333333333334,4,7,0.571,1,3,0.333,2,2,1.0,3,5,8,6,2,2,0,0,11,2.0,0022501145,Craig Porter Jr.,craig porter jr,,,2026-04-06,4,0.4201145767027371,0.11457670273711013,0.305537873965627,0.22915340547422025,0.2673456397199236,6.0,2.0,3.0,3.0,3.0,1.0,9.0,4.0,3.0,0,0.0,0,0.0011899999999999999,3.4,2854.743912678422,3.3959539999999997,0.1527689369828135,1.0,2.0,0.68743217
0022501145,1610612739,Cleveland,Cavaliers,CLE,cavaliers,1626204,Larry,Nance Jr.,L. Nance Jr.,larry-nance-jr,,,,21:28,21.466666666666665,5,8,0.625,0,2,0.0,0,2,0.0,1,2,3,1,1,0,1,2,10,3.0,0022501145,Larry Nance Jr.,larry nance jr,,,2026-04-06,1,0.46583850931677023,0.04658385093167702,0.13975155279503107,0.04658385093167702,0.09316770186335405,7.0,5.0,6.0,7.0,4.0,4.0,8.0,9.0,2.0,0,0.0,0,0.0017499999999999998,6.4,3655.0542547115942,6.3888,0.04658385093167702,6.0,6.0,0.30381405
0022501145,1610612739,Cleveland,Cavaliers,CLE,cavaliers,1642878,Tyrese,Proctor,T. Proctor,tyrese-proctor,,,,21:58,21.966666666666665,2,8,0.25,1,4,0.25,5,6,0.833,0,2,2,1,3,0,1,1,10,2.0,0022501145,Tyrese Proctor,tyrese proctor,,,2026-04-06,3,0.45523520485584223,0.0,0.09104704097116845,0.045523520485584223,0.13657056145675267,7.0,7.0,8.0,7.0,1.0,4.0,9.0,7.0,2.0,0,0.0,0,0.00211,-0.8,-378.96731406916155,-0.7983120000000001,0.13657056145675267,2.0,4.0,0.09430048
0022501145,1610612739,Cleveland,Cavaliers,CLE,cavaliers,1641772,Nae'Qwan,Tomlin,N. Tomlin,naeqwan-tomlin,,,,21:32,21.533333333333335,4,7,0.571,1,2,0.5,1,1,1.0,4,5,9,2,1,1,2,2,10,12.0,0022501145,Nae'Qwan Tomlin,nae'qwan tomlin,,,2026-04-06,2,0.46439628482972134,0.18575851393188852,0.41795665634674917,0.09287925696594426,0.2786377708978328,7.0,1.0,1.0,5.0,4.0,3.0,4.0,8.0,1.0,0,0.0,0,0.00155,23.5,15151.515151515154,23.463575,0.09287925696594426,5.0,1.0,0.7119814
0022501145,1610612739,Cleveland,Cavaliers,CLE,cavaliers,1642400,Tristan,Enaruna,T. Enaruna,tristan-enaruna,,,,11:21,11.35,1,2,0.5,0,1,0.0,0,0,0.0,0,1,1,0,0,0,0,0,2,18.0,0022501145,Tristan Enaruna,tristan enaruna,,,2026-04-06,0,0.1762114537444934,0.0,0.0881057268722467,0.0,0.0,10.0,7.0,10.0,10.0,8.0,4.0,1.0,10.0,0.0,0,0.0,0,0.00067,75.0,111773.47242921013,74.94975000000001,0.0,8.0,10.0,0.021977339
0022501145,1610612739,Cleveland,Cavaliers,CLE,cavaliers,1630846,Olivier,Sarr,O. Sarr,olivier-sarr,,,,1:16,1.2666666666666666,0,0,0.0,0,0,0.0,0,0,0.0,0,0,0,0,0,0,0,0,0,4.0,0022501145,Olivier Sarr,olivier sarr,,,2026-04-06,0,0.0,0.0,0.0,0.0,0.0,11.0,7.0,11.0,10.0,8.0,4.0,6.0,11.0,0.0,0,0.0,0,0.0,100.0,100000000.0,100.0,0.0,8.0,10.0,0.0048883413
0022501145,1610612739,Cleveland,Cavaliers,CLE,cavaliers,1642434,Riley,Minix,R. Minix,riley-minix,,,,1:16,1.2666666666666666,0,0,0.0,0,0,0.0,0,0,0.0,0,0,0,0,0,0,0,0,0,4.0,0022501145,Riley Minix,riley minix,,,2026-04-06,0,0.0,0.0,0.0,0.0,0.0,11.0,7.0,11.0,10.0,8.0,4.0,6.0,11.0,0.0,0,0.0,0,0.0,100.0,100000000.0,100.0,0.0,8.0,10.0,0.0048883413
0022501158,1610612739,Cleveland,Cavaliers,CLE,cavaliers,1629731,Dean,Wade,D. Wade,dean-wade,F,,,21:15,21.25,3,4,0.75,2,3,0.667,0,0,0.0,2,2,4,2,1,1,0,0,8,12.0,0022501158,Dean Wade,dean wade,,,2026-04-08,2,0.3764705882352941,0.09411764705882353,0.18823529411764706,0.09411764705882353,0.18823529411764706,5.0,2.0,5.0,6.0,3.0,2.0,3.0,7.0,4.0,0,0.0,0,0.00074,26.1,35222.67206477733,26.080686000000004,0.09411764705882353,2.0,2.0,0.26386347
0022501158,1610612739,Cleveland,Cavaliers,CLE,cavaliers,1630596,Evan,Mobley,E. Mobley,evan-mobley,F,,,35:39,35.65,8,15,0.533,0,3,0.0,6,10,0.6,4,15,19,3,0,3,1,1,22,20.0,0022501158,Evan Mobley,evan mobley,,,2026-04-08,3,0.6171107994389902,0.11220196353436186,0.5329593267882188,0.08415147265077139,0.19635343618513323,2.0,1.0,1.0,3.0,5.0,1.0,1.0,1.0,0.0,0,0.0,0,0.00233,24.4,10467.610467610466,24.343147999999996,0.08415147265077139,1.0,1.0,0.9073053
0022501158,1610612739,Cleveland,Cavaliers,CLE,cavaliers,1628386,Jarrett,Allen,J. Allen,jarrett-allen,C,,,29:07,29.116666666666667,4,9,0.444,0,0,0.0,8,11,0.727,2,6,8,0,2,0,3,0,16,3.0,0022501158,Jarrett Allen,jarrett allen,,,2026-04-08,2,0.549513451631368,0.068689181453921,0.274756725815684,0.0,0.137378362907842,4.0,2.0,2.0,9.0,1.0,5.0,4.0,4.0,3.0,0,0.0,0,0.00233,1.3,557.7005577005576,1.2969709999999999,0.068689181453921,2.0,3.0,0.5809492
0022501158,1610612739,Cleveland,Cavaliers,CLE,cavaliers,1628378,Donovan,Mitchell,D. Mitchell,donovan-mitchell,G,,,34:42,34.7,12,19,0.632,1,4,0.25,6,6,1.0,1,6,7,4,0,1,2,2,31,20.0,0022501158,Donovan Mitchell,donovan mitchell,,,2026-04-08,1,0.893371757925072,0.02881844380403458,0.20172910662824206,0.11527377521613832,0.05763688760806916,1.0,4.0,3.0,1.0,5.0,2.0,1.0,2.0,2.0,0,0.0,0,0.0027300000000000002,23.8,8714.75649945075,23.735026,0.02881844380403458,5.0,5.0,0.8283644
0022501158,1610612739,Cleveland,Cavaliers,CLE,cavaliers,201935,James,Harden,J. Harden,james-harden,G,,,33:51,33.85,6,23,0.261,4,10,0.4,5,5,1.0,1,4,5,4,2,0,2,2,21,1.0,0022501158,James Harden,james harden,,,2026-04-08,2,0.620384047267356,0.029542097488921712,0.14771048744460857,0.11816838995568685,0.08862629246676514,3.0,4.0,4.0,1.0,1.0,5.0,5.0,3.0,2.0,0,0.0,0,0.00333,-0.1,-30.02101471029721,-0.099667,0.059084194977843424,2.0,4.0,0.39866745
0022501158,1610612739,Cleveland,Cavaliers,CLE,cavaliers,1630241,Sam,Merrill,S. Merrill,sam-merrill,,,,27:13,27.216666666666665,2,3,0.667,2,3,0.667,0,0,0.0,0,0,0,3,1,0,0,5,6,0.0,0022501158,Sam Merrill,sam merrill,,,2026-04-08,1,0.22045315370483773,0.0,0.0,0.11022657685241886,0.03674219228413962,7.0,6.0,9.0,3.0,3.0,5.0,6.0,5.0,3.0,0,0.0,0,0.00048,2.1,4365.9043659043655,2.098992,0.03674219228413962,5.0,7.0,0.07570989
0022501158,1610612739,Cleveland,Cavaliers,CLE,cavaliers,1629622,Max,Strus,M. Strus,max-strus,,,,21:14,21.233333333333334,3,7,0.429,2,5,0.4,0,0,0.0,0,2,2,2,0,0,1,1,8,-2.0,0022501158,Max Strus,max strus,,,2026-04-08,0,0.3767660910518053,0.0,0.09419152276295133,0.09419152276295133,0.0,5.0,6.0,6.0,6.0,5.0,5.0,7.0,8.0,1.0,0,0.0,0,0.00154,0.5,324.46463335496435,0.49923,0.0,8.0,8.0,0.060876314
0022501158,1610612739,Cleveland,Cavaliers,CLE,cavaliers,1631165,Keon,Ellis,K. Ellis,keon-ellis,,,,22:16,22.266666666666666,1,4,0.25,1,4,0.25,2,2,1.0,0,1,1,1,0,1,0,1,5,-2.0,0022501158,Keon Ellis,keon ellis,,,2026-04-08,1,0.22455089820359284,0.0,0.04491017964071856,0.04491017964071856,0.04491017964071856,8.0,6.0,7.0,8.0,5.0,2.0,7.0,6.0,2.0,0,0.0,0,0.0009299999999999999,-1.7,-1825.9935553168636,-1.698419,0.04491017964071856,5.0,6.0,0.012115712
0022501158,1610612739,Cleveland,Cavaliers,CLE,cavaliers,203471,Dennis,Schröder,D. Schröder,dennis-schröder,,,,14:43,14.716666666666667,2,4,0.5,0,1,0.0,1,1,1.0,0,1,1,3,0,0,2,2,5,-22.0,0022501158,Dennis Schröder,dennis schröder,,,2026-04-08,0,0.33975084937712347,0.0,0.06795016987542468,0.20385050962627407,0.0,8.0,6.0,7.0,3.0,5.0,5.0,9.0,9.0,0.0,0,0.0,0,0.00167,-68.8,-41172.95032914422,-68.685104,0.0,8.0,8.0,0.015405649
0022501173,1610612739,Cleveland,Cavaliers,CLE,cavaliers,1642281,Jaylon,Tyson,J. Tyson,jaylon-tyson,F,,,24:15,24.25,7,15,0.467,0,5,0.0,1,2,0.5,1,3,4,3,3,2,1,1,15,-10.0,0022501173,Jaylon Tyson,jaylon tyson,,,2026-04-10,5,0.6185567010309279,0.041237113402061855,0.16494845360824742,0.12371134020618557,0.24742268041237114,2.0,3.0,5.0,4.0,1.0,1.0,8.0,2.0,3.0,0,0.0,0,0.0028299999999999996,-17.8,-6287.530907806429,-17.749626,0.20618556701030927,1.0,1.0,0.7625636
0022501173,1610612739,Cleveland,Cavaliers,CLE,cavaliers,1629731,Dean,Wade,D. Wade,dean-wade,F,,,17:26,17.433333333333334,1,1,1.0,1,1,1.0,0,0,0.0,0,3,3,0,0,0,0,1,3,-18.0,0022501173,Dean Wade,dean wade,,,2026-04-10,0,0.17208413001912046,0.0,0.17208413001912046,0.0,0.0,11.0,7.0,7.0,10.0,6.0,5.0,11.0,7.0,4.0,0,0.0,0,0.00023,-53.4,-231168.83116883115,-53.387718,0.0,8.0,10.0,0.011974907
0022501173,1610612739,Cleveland,Cavaliers,CLE,cavaliers,1630596,Evan,Mobley,E. Mobley,evan-mobley,C,,,21:46,21.766666666666666,5,12,0.417,0,0,0.0,0,0,0.0,3,3,6,1,0,1,4,1,10,-16.0,0022501173,Evan Mobley,evan mobley,,,2026-04-10,1,0.45941807044410415,0.13782542113323124,0.27565084226646247,0.045941807044410414,0.18376722817764166,4.0,1.0,1.0,7.0,6.0,3.0,9.0,4.0,1.0,0,0.0,0,0.0028100000000000004,-31.4,-11170.401992173602,-31.311766,0.045941807044410414,5.0,4.0,0.15567648
0022501173,1610612739,Cleveland,Cavaliers,CLE,cavaliers,1629622,Max,Strus,M. Strus,max-strus,G,,,23:25,23.416666666666668,1,9,0.111,0,4,0.0,0,0,0.0,1,3,4,0,0,0,0,4,2,-30.0,0022501173,Max Strus,max strus,,,2026-04-10,0,0.08540925266903915,0.042704626334519574,0.1708185053380783,0.0,0.042704626334519574,13.0,3.0,5.0,10.0,6.0,5.0,13.0,3.0,0.0,0,1.0,0,0.00158,-60.0,-37950.66413662239,-59.9052,0.0,8.0,9.0,0.011701388
0022501173,1610612739,Cleveland,Cavaliers,CLE,cavaliers,201935,James,Harden,J. Harden,james-harden,G,,,25:01,25.016666666666666,6,13,0.462,2,6,0.333,6,6,1.0,0,0,0,5,0,0,5,1,20,-34.0,0022501173,James Harden,james harden,,,2026-04-10,0,0.7994670219853431,0.0,0.0,0.19986675549633579,0.0,1.0,7.0,13.0,1.0,6.0,5.0,14.0,1.0,1.0,0,0.0,0,0.0034999999999999996,-61.6,-17594.972864895746,-61.38440000000001,0.0,8.0,10.0,0.8236386
0022501173,1610612739,Cleveland,Cavaliers,CLE,cavaliers,1631165,Keon,Ellis,K. Ellis,keon-ellis,,,,18:38,18.633333333333333,1,4,0.25,0,2,0.0,0,0,0.0,0,3,3,0,0,0,1,1,2,-23.0,0022501173,Keon Ellis,keon ellis,,,2026-04-10,0,0.10733452593917711,0.0,0.16100178890876565,0.0,0.0,13.0,7.0,7.0,10.0,6.0,5.0,12.0,6.0,1.0,0,0.0,0,0.00111,-59.5,-53555.35553555356,-59.433955,0.0,8.0,10.0,0.006885287
0022501173,1610612739,Cleveland,Cavaliers,CLE,cavaliers,203471,Dennis,Schröder,D. Schröder,dennis-schröder,,,,15:41,15.683333333333334,2,8,0.25,1,2,0.5,2,2,1.0,1,1,2,4,2,0,0,2,7,-9.0,0022501173,Dennis Schröder,dennis schröder,,,2026-04-10,2,0.4463336875664187,0.06376195536663125,0.1275239107332625,0.255047821466525,0.19128586609989373,5.0,3.0,9.0,2.0,2.0,5.0,7.0,10.0,2.0,0,0.0,0,0.0023699999999999997,-23.9,-10080.134964150147,-23.843356999999997,0.1275239107332625,2.0,3.0,0.16000809
0022501173,1610612739,Cleveland,Cavaliers,CLE,cavaliers,1626204,Larry,Nance Jr.,L. Nance Jr.,larry-nance-jr,,,,16:29,16.483333333333334,2,2,1.0,0,0,0.0,0,0,0.0,0,1,1,0,0,0,3,1,4,-17.0,0022501173,Larry Nance Jr.,larry nance jr,,,2026-04-10,0,0.24266936299292213,0.0,0.06066734074823053,0.0,0.0,8.0,7.0,10.0,10.0,6.0,5.0,10.0,9.0,3.0,0,0.0,0,0.00135,-52.2,-38638.045891931906,-52.12953,0.0,8.0,10.0,0.012926203
0022501173,1610612739,Cleveland,Cavaliers,CLE,cavaliers,1641854,Craig,Porter Jr.,C. Porter Jr.,craig-porter-jr,,,,16:37,16.616666666666667,2,3,0.667,0,0,0.0,2,2,1.0,2,3,5,3,0,0,1,1,6,0.0,0022501173,Craig Porter Jr.,craig porter jr,,,2026-04-10,0,0.3610832497492477,0.12036108324974924,0.3009027081243731,0.18054162487462386,0.12036108324974924,7.0,2.0,2.0,4.0,6.0,5.0,6.0,8.0,1.0,0,0.0,0,0.00122,2.8,2293.2022932022933,2.7965839999999997,0.0,8.0,6.0,0.09953292
0022501173,1610612739,Cleveland,Cavaliers,CLE,cavaliers,1641772,Nae'Qwan,Tomlin,N. Tomlin,naeqwan-tomlin,,,,18:59,18.983333333333334,2,4,0.5,0,0,0.0,0,0,0.0,1,4,5,1,1,1,1,3,4,10.0,0022501173,Nae'Qwan Tomlin,nae'qwan tomlin,,,2026-04-10,2,0.21071115013169445,0.05267778753292361,0.2633889376646181,0.05267778753292361,0.15803336259877085,8.0,3.0,2.0,7.0,3.0,3.0,2.0,5.0,1.0,0,0.0,0,0.00104,22.0,21133.52545629203,21.97712,0.10535557506584722,2.0,5.0,0.13794658
0022501173,1610612739,Cleveland,Cavaliers,CLE,cavaliers,1642400,Tristan,Enaruna,T. Enaruna,tristan-enaruna,,,,12:00,12.0,3,4,0.75,0,1,0.0,1,1,1.0,0,1,1,1,1,0,0,0,7,9.0,0022501173,Tristan Enaruna,tristan enaruna,,,2026-04-10,1,0.5833333333333334,0.0,0.08333333333333333,0.08333333333333333,0.08333333333333333,5.0,7.0,10.0,7.0,3.0,5.0,3.0,11.0,2.0,0,0.0,0,0.0013800000000000002,29.3,21216.50977552498,29.259566,0.08333333333333333,5.0,7.0,0.14860445
0022501173,1610612739,Cleveland,Cavaliers,CLE,cavaliers,1642878,Tyrese,Proctor,T. Proctor,tyrese-proctor,,,,12:00,12.0,5,8,0.625,2,4,0.5,3,3,1.0,0,1,1,4,1,0,3,2,15,9.0,0022501173,Tyrese Proctor,tyrese proctor,,,2026-04-10,1,1.25,0.0,0.08333333333333333,0.3333333333333333,0.08333333333333333,2.0,7.0,10.0,2.0,3.0,5.0,3.0,11.0,2.0,0,0.0,0,0.00414,29.3,7075.585607341222,29.178698,0.08333333333333333,5.0,7.0,0.798592
0022501173,1610612739,Cleveland,Cavaliers,CLE,cavaliers,1630846,Olivier,Sarr,O. Sarr,olivier-sarr,,,,9:45,9.75,1,1,1.0,1,1,1.0,0,0,0.0,0,5,5,3,0,2,0,2,3,11.0,0022501173,Olivier Sarr,olivier sarr,,,2026-04-10,2,0.3076923076923077,0.0,0.5128205128205128,0.3076923076923077,0.20512820512820512,11.0,7.0,2.0,4.0,6.0,1.0,1.0,13.0,0.0,0,0.0,0,0.00043,52.4,121577.72621809744,52.37746799999999,0.20512820512820512,2.0,2.0,0.18143135
0022501173,1610612739,Cleveland,Cavaliers,CLE,cavaliers,1642434,Riley,Minix,R. Minix,riley-minix,,,,7:58,7.966666666666667,1,2,0.5,0,1,0.0,2,2,1.0,0,0,0,0,0,0,0,0,4,8.0,0022501173,Riley Minix,riley minix,,,2026-04-10,0,0.502092050209205,0.0,0.0,0.0,0.0,8.0,7.0,13.0,10.0,6.0,5.0,5.0,14.0,1.0,0,0.0,0,0.00158,38.2,24161.92283364959,38.139644000000004,0.0,8.0,10.0,0.010274477
0022501187,1610612739,Cleveland,Cavaliers,CLE,cavaliers,1642281,Jaylon,Tyson,J. Tyson,jaylon-tyson,F,,,25:58,25.966666666666665,6,16,0.375,3,7,0.429,3,4,0.75,1,5,6,3,1,0,4,2,18,-3.0,0022501187,Jaylon Tyson,jaylon tyson,,,2026-04-12,1,0.693196405648267,0.038510911424903725,0.23106546854942236,0.11553273427471118,0.07702182284980745,3.0,5.0,4.0,4.0,3.0,5.0,8.0,5.0,3.0,0,0.0,0,0.00319,-5.3,-1660.9213412723282,-5.283093,0.038510911424903725,4.0,7.0,0.44932434
0022501187,1610612739,Cleveland,Cavaliers,CLE,cavaliers,1641772,Nae'Qwan,Tomlin,N. Tomlin,naeqwan-tomlin,F,,,36:27,36.45,9,16,0.563,4,8,0.5,4,4,1.0,6,2,8,5,0,0,1,1,26,3.0,0022501187,Nae'Qwan Tomlin,nae'qwan tomlin,,,2026-04-12,0,0.7133058984910836,0.1646090534979424,0.2194787379972565,0.1371742112482853,0.1646090534979424,1.0,1.0,2.0,2.0,6.0,5.0,7.0,1.0,1.0,0,0.0,0,0.00211,5.7,2700.142112742776,5.687973,0.0,8.0,4.0,0.91894555
0022501187,1610612739,Cleveland,Cavaliers,CLE,cavaliers,1626204,Larry,Nance Jr.,L. Nance Jr.,larry-nance-jr,C,,,20:08,20.133333333333333,4,6,0.667,1,3,0.333,1,2,0.5,1,5,6,3,0,1,0,2,10,-5.0,0022501187,Larry Nance Jr.,larry nance jr,,,2026-04-12,1,0.49668874172185434,0.049668874172185434,0.2980132450331126,0.1490066225165563,0.09933774834437087,6.0,5.0,4.0,4.0,6.0,1.0,9.0,8.0,3.0,0,0.0,0,0.00135,-11.6,-8586.23242042931,-11.584340000000001,0.049668874172185434,4.0,5.0,0.27208504
0022501187,1610612739,Cleveland,Cavaliers,CLE,cavaliers,1629622,Max,Strus,M. Strus,max-strus,G,,,17:54,17.9,4,9,0.444,1,6,0.167,1,1,1.0,0,5,5,2,0,0,1,1,10,7.0,0022501187,Max Strus,max strus,,,2026-04-12,0,0.558659217877095,0.0,0.2793296089385475,0.111731843575419,0.0,6.0,8.0,7.0,7.0,6.0,5.0,6.0,9.0,0.0,0,0.0,0,0.00217,18.4,8475.356978350988,18.360072,0.0,8.0,9.0,0.46834293
0022501187,1610612739,Cleveland,Cavaliers,CLE,cavaliers,1641854,Craig,Porter Jr.,C. Porter Jr.,craig-porter-jr,G,,,27:51,27.85,3,5,0.6,1,1,1.0,0,0,0.0,4,3,7,4,0,1,2,2,7,11.0,0022501187,Craig Porter Jr.,craig porter jr,,,2026-04-12,1,0.2513464991023339,0.1436265709156194,0.2513464991023339,0.1436265709156194,0.17953321364452424,9.0,2.0,3.0,3.0,6.0,1.0,3.0,3.0,4.0,0,0.0,0,0.00101,25.1,24826.904055390703,25.074649,0.03590664272890485,4.0,3.0,0.28339416
0022501187,1610612739,Cleveland,Cavaliers,CLE,cavaliers,1642878,Tyrese,Proctor,T. Proctor,tyrese-proctor,,,,34:43,34.71666666666667,9,16,0.563,4,8,0.5,0,0,0.0,1,10,11,8,1,0,7,1,22,10.0,0022501187,Tyrese Proctor,tyrese proctor,,,2026-04-12,1,0.6337013922227556,0.028804608737397982,0.3168506961113778,0.23043686989918385,0.057609217474795964,2.0,5.0,1.0,1.0,3.0,5.0,4.0,2.0,2.0,0,0.0,0,0.00264,10.3,3900.037864445286,10.272808000000001,0.028804608737397982,4.0,8.0,0.70791954
0022501187,1610612739,Cleveland,Cavaliers,CLE,cavaliers,1642434,Riley,Minix,R. Minix,riley-minix,,,,25:13,25.216666666666665,5,9,0.556,1,5,0.2,1,1,1.0,0,1,1,1,1,1,1,2,12,16.0,0022501187,Riley Minix,riley minix,,,2026-04-12,2,0.47587574355584933,0.0,0.039656311962987446,0.039656311962987446,0.07931262392597489,5.0,8.0,9.0,9.0,3.0,1.0,2.0,6.0,1.0,0,0.0,0,0.00159,25.8,16216.216216216217,25.758978000000003,0.07931262392597489,3.0,6.0,0.6700351
0022501187,1610612739,Cleveland,Cavaliers,CLE,cavaliers,1630846,Olivier,Sarr,O. Sarr,olivier-sarr,,,,24:09,24.15,4,6,0.667,1,2,0.5,1,3,0.333,2,4,6,2,2,1,2,5,10,18.0,0022501187,Olivier Sarr,olivier sarr,,,2026-04-12,3,0.4140786749482402,0.08281573498964803,0.24844720496894412,0.08281573498964803,0.2070393374741201,6.0,3.0,4.0,7.0,2.0,1.0,1.0,7.0,2.0,0,0.0,0,0.00145,32.1,22122.67401791868,32.053455,0.12422360248447206,1.0,1.0,0.78904545
0022501187,1610612739,Cleveland,Cavaliers,CLE,cavaliers,1642400,Tristan,Enaruna,T. Enaruna,tristan-enaruna,,,,27:37,27.616666666666667,4,6,0.667,2,3,0.667,5,6,0.833,2,1,3,3,3,0,1,2,15,8.0,0022501187,Tristan Enaruna,tristan enaruna,,,2026-04-12,3,0.5431502715751357,0.07242003621001811,0.10863005431502716,0.10863005431502716,0.18105009052504525,4.0,3.0,8.0,4.0,1.0,5.0,5.0,4.0,3.0,0,0.0,0,0.0014099999999999998,9.4,6661.941885187812,9.386746,0.10863005431502716,1.0,2.0,0.7808745
