gameId,teamId,teamCity,teamName,teamTricode,teamSlug,personId,firstName,familyName,nameI,playerSlug,position,comment,jerseyNum,minutes,minutes_decimal,fieldGoalsMade,fieldGoalsAttempted,fieldGoalsPercentage,threePointersMade,threePointersAttempted,threePointersPercentage,freeThrowsMade,freeThrowsAttempted,freeThrowsPercentage,reboundsOffensive,reboundsDefensive,reboundsTotal,assists,steals,blocks,turnovers,foulsPersonal,points,plusMinusPoints,GAME_ID,player_name,player_name_key,y,winner_names,game_date,stocks,points_per_min,oreb_per_min,reb_per_min,ast_per_min,hustle_proxy,points_rank,reboundsOffensive_rank,reboundsTotal_rank,assists_rank,steals_rank,blocks_rank,plusMinusPoints_rank,minutes_decimal_rank,deflections,deflections_missing,charges_drawn,charges_drawn_missing,usage_rate,net_rating,impact_efficiency,role_outperformance,stocks_per_min,stocks_rank,hustle_proxy_rank,pred_prob
0022500002,1610612744,Golden State,Warriors,GSW,warriors,202710,Jimmy,Butler III,J. Butler III,jimmy-butler-iii,F,,,34:44,34.733333333333334,7,14,0.5,1,2,0.5,16,16,1.0,2,3,5,4,1,0,1,4,31,20.0,0022500002,Jimmy Butler III,jimmy butler   iii,,,2025-10-21,1,0.8925143953934741,0.05758157389635316,0.14395393474088292,0.11516314779270632,0.08637236084452975,1.0,2.0,4.0,3.0,2.0,4.0,1.0,1.0,3.0,0,0.0,0,0.0028199999999999996,31.1,11024.459411556187,31.012298,0.02879078694817658,4.0,6.0,0.8790213
0022500002,1610612744,Golden State,Warriors,GSW,warriors,1630228,Jonathan,Kuminga,J. Kuminga,jonathan-kuminga,F,,,32:54,32.9,6,11,0.545,4,6,0.667,1,2,0.5,3,6,9,6,1,0,2,3,17,4.0,0022500002,Jonathan Kuminga,jonathan kuminga,,,2025-10-21,1,0.5167173252279635,0.0911854103343465,0.27355623100303955,0.182370820668693,0.12158054711246201,3.0,1.0,1.0,2.0,2.0,4.0,6.0,2.0,3.0,0,0.0,0,0.00179,10.1,5639.307649357901,10.081921,0.030395136778115502,4.0,5.0,0.80592906
0022500002,1610612744,Golden State,Warriors,GSW,warriors,203110,Draymond,Green,D. Green,draymond-green,C,,,28:24,28.4,3,6,0.5,1,3,0.333,1,3,0.333,1,6,7,9,1,2,4,5,8,20.0,0022500002,Draymond Green,draymond green,,,2025-10-21,3,0.28169014084507044,0.035211267605633804,0.24647887323943662,0.31690140845070425,0.14084507042253522,5.0,3.0,2.0,1.0,2.0,1.0,1.0,5.0,2.0,0,0.0,0,0.00167,33.3,19928.18671454219,33.244389,0.10563380281690142,2.0,3.0,0.4946567
0022500002,1610612744,Golden State,Warriors,GSW,warriors,1641764,Brandin,Podziemski,B. Podziemski,brandin-podziemski,G,,,32:32,32.53333333333333,3,7,0.429,1,4,0.25,0,0,0.0,1,6,7,2,1,0,1,2,7,13.0,0022500002,Brandin Podziemski,brandin podziemski,,,2025-10-21,1,0.21516393442622953,0.03073770491803279,0.21516393442622953,0.06147540983606558,0.06147540983606558,6.0,3.0,2.0,5.0,2.0,4.0,3.0,3.0,7.0,0,0.0,0,0.0011,21.0,19073.56948228883,20.9769,0.03073770491803279,4.0,7.0,0.098487146
0022500002,1610612744,Golden State,Warriors,GSW,warriors,201939,Stephen,Curry,S. Curry,stephen-curry,G,,,32:04,32.06666666666667,6,14,0.429,3,9,0.333,8,8,1.0,0,1,1,4,3,1,2,3,23,1.0,0022500002,Stephen Curry,stephen curry,,,2025-10-21,4,0.7172557172557171,0.0,0.031185031185031183,0.12474012474012473,0.12474012474012473,2.0,7.0,8.0,3.0,1.0,2.0,8.0,4.0,4.0,0,0.0,0,0.00247,4.5,1821.125050586807,4.488885,0.12474012474012473,1.0,4.0,0.8149041
0022500002,1610612744,Golden State,Warriors,GSW,warriors,1627741,Buddy,Hield,B. Hield,buddy-hield,,,,22:15,22.25,6,11,0.545,5,10,0.5,0,0,0.0,0,1,1,0,1,0,2,0,17,5.0,0022500002,Buddy Hield,buddy hield,,,2025-10-21,1,0.7640449438202247,0.0,0.0449438202247191,0.0,0.0449438202247191,3.0,7.0,8.0,10.0,2.0,4.0,4.0,6.0,3.0,0,0.0,0,0.00271,11.1,4094.430099594245,11.069919,0.0449438202247191,4.0,8.0,0.77050906
0022500002,1610612744,Golden State,Warriors,GSW,warriors,1627780,Gary,Payton II,G. Payton II,gary-payton-ii,,,,12:04,12.066666666666666,3,6,0.5,0,1,0.0,0,0,0.0,1,1,2,1,1,1,3,3,6,3.0,0022500002,Gary Payton II,gary payton  ii,,,2025-10-21,2,0.4972375690607735,0.08287292817679558,0.16574585635359115,0.08287292817679558,0.24861878453038674,7.0,3.0,6.0,6.0,2.0,2.0,7.0,9.0,2.0,0,0.0,0,0.0029,17.1,5894.519131334024,17.050410000000003,0.16574585635359115,3.0,1.0,0.10656493
0022500002,1610612744,Golden State,Warriors,GSW,warriors,201143,Al,Horford,A. Horford,al-horford,,,,20:15,20.25,2,7,0.286,1,4,0.25,0,0,0.0,0,5,5,1,0,0,2,4,5,-10.0,0022500002,Al Horford,al horford,,,2025-10-21,0,0.24691358024691357,0.0,0.24691358024691357,0.04938271604938271,0.0,8.0,7.0,4.0,6.0,9.0,4.0,10.0,7.0,4.0,0,0.0,0,0.00196,-17.6,-8975.012748597655,-17.565504,0.0,9.0,9.0,0.018964365
0022500002,1610612744,Golden State,Warriors,GSW,warriors,1630611,Gui,Santos,G. Santos,gui-santos,,,,2:39,2.65,0,0,0.0,0,0,0.0,0,0,0.0,0,0,0,0,0,0,1,0,0,0.0,0022500002,Gui Santos,gui santos,,,2025-10-21,0,0.0,0.0,0.0,0.0,0.0,10.0,7.0,11.0,10.0,9.0,4.0,9.0,11.0,,1,,1,0.00167,-20.0,-11968.880909634949,-19.9666,0.0,9.0,9.0,0.004280403
0022500002,1610612744,Golden State,Warriors,GSW,warriors,1642954,Will,Richard,W. Richard,will-richard,,,,13:35,13.583333333333334,2,2,1.0,1,1,1.0,0,0,0.0,1,0,1,1,1,0,0,2,5,-11.0,0022500002,Will Richard,will richard,,,2025-10-21,1,0.36809815950920244,0.07361963190184048,0.07361963190184048,0.07361963190184048,0.14723926380368096,8.0,3.0,8.0,6.0,2.0,4.0,11.0,8.0,3.0,0,0.0,0,0.00067,-29.5,-43964.23248882265,-29.480235,0.07361963190184048,4.0,2.0,0.030358305
0022500002,1610612744,Golden State,Warriors,GSW,warriors,1642366,Quinten,Post,Q. Post,quinten-post,,,,8:34,8.566666666666666,0,0,0.0,0,0,0.0,0,0,0.0,0,2,2,1,0,0,0,1,0,5.0,0022500002,Quinten Post,quinten post,,,2025-10-21,0,0.0,0.0,0.23346303501945526,0.11673151750972763,0.0,10.0,7.0,6.0,6.0,9.0,4.0,4.0,10.0,1.0,0,0.0,0,0.0,24.3,24300000.0,24.3,0.0,9.0,9.0,0.007612441
0022500006,1610612744,Golden State,Warriors,GSW,warriors,202710,Jimmy,Butler III,J. Butler III,jimmy-butler-iii,F,,,38:34,38.56666666666667,6,16,0.375,2,4,0.5,7,8,0.875,3,2,5,6,3,0,0,1,21,8.0,0022500006,Jimmy Butler III,jimmy butler   iii,,,2025-10-23,3,0.5445116681071737,0.07778738115816766,0.12964563526361278,0.15557476231633532,0.15557476231633532,2.0,1.0,4.0,3.0,1.0,4.0,3.0,1.0,3.0,0,0.0,0,0.00217,10.3,4744.357438968217,10.277649,0.07778738115816766,2.0,2.0,0.4746724
0022500006,1610612744,Golden State,Warriors,GSW,warriors,1630228,Jonathan,Kuminga,J. Kuminga,jonathan-kuminga,F,,,36:15,36.25,6,11,0.545,1,4,0.25,1,3,0.333,1,4,5,3,0,0,1,3,14,8.0,0022500006,Jonathan Kuminga,jonathan kuminga,,,2025-10-23,0,0.38620689655172413,0.027586206896551724,0.13793103448275862,0.08275862068965517,0.027586206896551724,3.0,3.0,4.0,4.0,8.0,4.0,3.0,3.0,0.0,0,0.0,0,0.0016,7.6,4747.033104309806,7.587839999999999,0.0,9.0,9.0,0.41204888
0022500006,1610612744,Golden State,Warriors,GSW,warriors,203110,Draymond,Green,D. Green,draymond-green,C,,,34:18,34.3,5,8,0.625,2,5,0.4,1,2,0.5,0,8,8,8,0,1,1,2,13,11.0,0022500006,Draymond Green,draymond green,,,2025-10-23,1,0.37900874635568516,0.0,0.23323615160349856,0.23323615160349856,0.02915451895043732,4.0,7.0,1.0,1.0,8.0,1.0,2.0,5.0,3.0,0,0.0,0,0.0013700000000000001,18.4,13420.860685630925,18.374792,0.02915451895043732,4.0,8.0,0.81051576
0022500006,1610612744,Golden State,Warriors,GSW,warriors,1641764,Brandin,Podziemski,B. Podziemski,brandin-podziemski,G,,,34:24,34.4,4,9,0.444,2,6,0.333,1,2,0.5,1,2,3,1,1,0,1,3,11,-1.0,0022500006,Brandin Podziemski,brandin podziemski,,,2025-10-23,1,0.31976744186046513,0.029069767441860465,0.0872093023255814,0.029069767441860465,0.05813953488372093,6.0,3.0,7.0,8.0,3.0,4.0,6.0,4.0,1.0,0,1.0,0,0.00136,0.3,220.4261572373255,0.29959199999999997,0.029069767441860465,4.0,6.0,0.564298
0022500006,1610612744,Golden State,Warriors,GSW,warriors,201939,Stephen,Curry,S. Curry,stephen-curry,G,,,36:58,36.96666666666667,14,25,0.56,6,12,0.5,8,8,1.0,0,6,6,7,3,1,2,1,42,15.0,0022500006,Stephen Curry,stephen curry,,,2025-10-23,4,1.1361587015329124,0.0,0.1623083859332732,0.18935978358881875,0.10820559062218214,1.0,7.0,2.0,2.0,1.0,1.0,1.0,2.0,5.0,0,0.0,0,0.00357,18.5,5180.621674600952,18.433955,0.10820559062218214,1.0,4.0,0.78630054
0022500006,1610612744,Golden State,Warriors,GSW,warriors,1627741,Buddy,Hield,B. Hield,buddy-hield,,,,22:57,22.95,5,13,0.385,1,7,0.143,0,0,0.0,0,2,2,2,1,0,1,1,11,-5.0,0022500006,Buddy Hield,buddy hield,,,2025-10-23,1,0.4793028322440087,0.0,0.08714596949891068,0.08714596949891068,0.04357298474945534,6.0,7.0,9.0,6.0,3.0,4.0,9.0,7.0,1.0,0,0.0,0,0.00246,-7.6,-3088.1755383990244,-7.581303999999999,0.04357298474945534,4.0,7.0,0.27270204
0022500006,1610612744,Golden State,Warriors,GSW,warriors,1627780,Gary,Payton II,G. Payton II,gary-payton-ii,,,,11:30,11.5,3,5,0.6,0,1,0.0,0,0,0.0,3,3,6,1,1,0,0,2,6,-6.0,0022500006,Gary Payton II,gary payton  ii,,,2025-10-23,1,0.5217391304347826,0.2608695652173913,0.5217391304347826,0.08695652173913043,0.34782608695652173,8.0,1.0,2.0,8.0,3.0,4.0,10.0,9.0,1.0,0,0.0,0,0.00167,-18.5,-11071.214841412328,-18.469105000000003,0.08695652173913043,4.0,1.0,0.3103507
0022500006,1610612744,Golden State,Warriors,GSW,warriors,201143,Al,Horford,A. Horford,al-horford,,,,28:60,29.0,5,7,0.714,3,4,0.75,0,0,0.0,1,2,3,2,1,1,2,2,13,6.0,0022500006,Al Horford,al horford,,,2025-10-23,2,0.4482758620689655,0.034482758620689655,0.10344827586206896,0.06896551724137931,0.10344827586206896,4.0,3.0,7.0,6.0,3.0,1.0,5.0,6.0,1.0,0,0.0,0,0.00122,3.7,3030.303030303031,3.6954860000000003,0.06896551724137931,3.0,5.0,0.6841995
0022500006,1610612744,Golden State,Warriors,GSW,warriors,1642954,Will,Richard,W. Richard,will-richard,,,,16:42,16.7,2,5,0.4,1,4,0.25,1,2,0.5,1,4,5,3,1,0,0,1,6,-3.0,0022500006,Will Richard,will richard,,,2025-10-23,1,0.3592814371257485,0.059880239520958084,0.29940119760479045,0.17964071856287425,0.11976047904191617,8.0,3.0,4.0,4.0,3.0,4.0,7.0,8.0,5.0,0,0.0,0,0.0014000000000000002,-11.4,-8137.044967880085,-11.38404,0.059880239520958084,4.0,3.0,0.06509785
0022500006,1610612744,Golden State,Warriors,GSW,warriors,1642366,Quinten,Post,Q. Post,quinten-post,,,,4:22,4.366666666666666,0,0,0.0,0,0,0.0,0,0,0.0,0,0,0,0,0,0,0,0,0,-3.0,0022500006,Quinten Post,quinten post,,,2025-10-23,0,0.0,0.0,0.0,0.0,0.0,10.0,7.0,10.0,10.0,8.0,4.0,7.0,10.0,0.0,0,0.0,0,0.0,-37.5,-37500000.0,-37.5,0.0,9.0,10.0,0.003967603
0022500097,1610612744,Golden State,Warriors,GSW,warriors,1630228,Jonathan,Kuminga,J. Kuminga,jonathan-kuminga,F,,,24:08,24.133333333333333,4,7,0.571,1,2,0.5,7,7,1.0,3,5,8,3,2,0,4,3,16,-11.0,0022500097,Jonathan Kuminga,jonathan kuminga,,,2025-10-24,2,0.6629834254143646,0.12430939226519337,0.3314917127071823,0.12430939226519337,0.20718232044198895,2.0,1.0,1.0,3.0,1.0,3.0,8.0,4.0,5.0,0,0.0,0,0.00215,-16.9,-7856.8107856810775,-16.863664999999997,0.08287292817679558,2.0,1.0,0.78884614
0022500097,1610612744,Golden State,Warriors,GSW,warriors,203110,Draymond,Green,D. Green,draymond-green,F,,,20:32,20.533333333333335,4,7,0.571,3,4,0.75,1,2,0.5,0,3,3,5,0,0,5,4,12,-13.0,0022500097,Draymond Green,draymond green,,,2025-10-24,0,0.5844155844155844,0.0,0.1461038961038961,0.24350649350649348,0.0,4.0,9.0,6.0,1.0,10.0,3.0,10.0,7.0,2.0,0,0.0,0,0.0022400000000000002,-31.2,-13922.356091030788,-31.130112,0.0,10.0,11.0,0.38629502
0022500097,1610612744,Golden State,Warriors,GSW,warriors,1642366,Quinten,Post,Q. Post,quinten-post,C,,,15:54,15.9,2,4,0.5,1,2,0.5,0,0,0.0,3,1,4,1,0,0,1,0,5,-3.0,0022500097,Quinten Post,quinten post,,,2025-10-24,0,0.31446540880503143,0.18867924528301885,0.25157232704402516,0.06289308176100629,0.18867924528301885,9.0,1.0,4.0,7.0,10.0,3.0,4.0,9.0,2.0,0,0.0,0,0.00116,-7.9,-6804.478897502154,-7.890836,0.0,10.0,2.0,0.04050983
0022500097,1610612744,Golden State,Warriors,GSW,warriors,202710,Jimmy,Butler III,J. Butler III,jimmy-butler-iii,G,,,26:43,26.716666666666665,3,7,0.429,0,2,0.0,8,10,0.8,1,2,3,4,1,0,1,1,14,-10.0,0022500097,Jimmy Butler III,jimmy butler   iii,,,2025-10-24,1,0.5240174672489083,0.037429819089207735,0.11228945726762321,0.14971927635683094,0.07485963817841547,3.0,3.0,6.0,2.0,4.0,3.0,7.0,2.0,2.0,0,0.0,0,0.00194,-16.1,-8294.693456980938,-16.068766,0.037429819089207735,6.0,9.0,0.27499077
0022500097,1610612744,Golden State,Warriors,GSW,warriors,201939,Stephen,Curry,S. Curry,stephen-curry,G,,,27:18,27.3,12,22,0.545,7,14,0.5,4,4,1.0,1,5,6,3,1,2,4,1,35,-13.0,0022500097,Stephen Curry,stephen curry,,,2025-10-24,3,1.282051282051282,0.03663003663003663,0.21978021978021978,0.10989010989010989,0.14652014652014653,1.0,3.0,2.0,3.0,4.0,1.0,10.0,1.0,2.0,0,0.0,0,0.0037,-17.8,-4809.510942988381,-17.73414,0.10989010989010989,1.0,6.0,0.8751361
0022500097,1610612744,Golden State,Warriors,GSW,warriors,1627741,Buddy,Hield,B. Hield,buddy-hield,,,,11:38,11.633333333333333,0,2,0.0,0,1,0.0,2,2,1.0,0,0,0,3,0,0,1,1,2,5.0,0022500097,Buddy Hield,buddy hield,,,2025-10-24,0,0.17191977077363899,0.0,0.0,0.25787965616045844,0.0,12.0,9.0,13.0,3.0,10.0,3.0,1.0,10.0,1.0,0,0.0,0,0.00125,8.0,6394.88409272582,7.99,0.0,10.0,11.0,0.0070552113
0022500097,1610612744,Golden State,Warriors,GSW,warriors,1630541,Moses,Moody,M. Moody,moses-moody,,,,21:17,21.283333333333335,1,6,0.167,1,3,0.333,4,6,0.667,0,2,2,0,1,0,2,1,7,-12.0,0022500097,Moses Moody,moses moody,,,2025-10-24,1,0.32889584964761154,0.0,0.09397024275646045,0.0,0.04698512137823022,6.0,9.0,8.0,11.0,4.0,3.0,9.0,6.0,5.0,0,0.0,0,0.00216,-25.5,-11800.092549745488,-25.44492,0.04698512137823022,6.0,10.0,0.026631843
0022500097,1610612744,Golden State,Warriors,GSW,warriors,1631218,Trayce,Jackson-Davis,T. Jackson-Davis,trayce-jackson-davis,,,,16:33,16.55,2,5,0.4,0,0,0.0,2,2,1.0,1,3,4,1,1,1,1,3,6,-1.0,0022500097,Trayce Jackson-Davis,trayce jackson-davis,,,2025-10-24,2,0.36253776435045315,0.060422960725075525,0.2416918429003021,0.060422960725075525,0.18126888217522658,8.0,3.0,4.0,7.0,4.0,2.0,2.0,8.0,2.0,0,0.0,0,0.00179,-6.0,-3350.0837520938026,-5.98926,0.12084592145015105,2.0,5.0,0.23008505
0022500097,1610612744,Golden State,Warriors,GSW,warriors,1641764,Brandin,Podziemski,B. Podziemski,brandin-podziemski,,,,22:27,22.45,2,9,0.222,1,3,0.333,3,4,0.75,1,4,5,0,2,0,2,1,8,-17.0,0022500097,Brandin Podziemski,brandin podziemski,,,2025-10-24,2,0.35634743875278396,0.044543429844097995,0.22271714922049,0.0,0.133630289532294,5.0,3.0,3.0,11.0,1.0,3.0,13.0,5.0,1.0,0,1.0,0,0.0022,-33.8,-15356.656065424804,-33.72564,0.08908685968819599,2.0,7.0,0.11729891
0022500097,1610612744,Golden State,Warriors,GSW,warriors,1642954,Will,Richard,W. Richard,will-richard,,,,24:37,24.616666666666667,2,4,0.5,1,3,0.333,2,2,1.0,0,2,2,2,2,0,2,4,7,-13.0,0022500097,Will Richard,will richard,,,2025-10-24,2,0.2843601895734597,0.0,0.08124576844955991,0.08124576844955991,0.08124576844955991,6.0,9.0,8.0,6.0,1.0,3.0,10.0,3.0,4.0,0,0.0,0,0.00113,-31.0,-27409.372236958447,-30.96497,0.08124576844955991,2.0,8.0,0.026334139
0022500097,1610612744,Golden State,Warriors,GSW,warriors,1630311,Pat,Spencer,P. Spencer,pat-spencer,,,,10:55,10.916666666666666,2,4,0.5,0,1,0.0,0,0,0.0,1,1,2,1,1,0,0,1,4,-7.0,0022500097,Pat Spencer,pat spencer,,,2025-10-24,1,0.366412213740458,0.0916030534351145,0.183206106870229,0.0916030534351145,0.183206106870229,10.0,3.0,8.0,7.0,4.0,3.0,6.0,12.0,2.0,0,0.0,0,0.00148,-25.4,-17150.573936529374,-25.362408,0.0916030534351145,6.0,3.0,0.037416346
0022500097,1610612744,Golden State,Warriors,GSW,warriors,1627780,Gary,Payton II,G. Payton II,gary-payton-ii,,,,7:01,7.016666666666667,0,1,0.0,0,1,0.0,0,0,0.0,0,1,1,0,0,0,0,0,0,-1.0,0022500097,Gary Payton II,gary payton  ii,,,2025-10-24,0,0.0,0.0,0.14251781472684086,0.0,0.0,13.0,9.0,11.0,11.0,10.0,3.0,2.0,13.0,2.0,0,0.0,0,0.00048,-17.1,-35550.93555093555,-17.091792,0.0,10.0,11.0,0.007039605
0022500097,1610612744,Golden State,Warriors,GSW,warriors,1630611,Gui,Santos,G. Santos,gui-santos,,,,10:57,10.95,1,2,0.5,1,2,0.5,0,0,0.0,1,0,1,1,1,0,2,2,3,-4.0,0022500097,Gui Santos,gui santos,,,2025-10-24,1,0.27397260273972607,0.09132420091324202,0.09132420091324202,0.09132420091324202,0.18264840182648404,11.0,3.0,11.0,7.0,4.0,3.0,5.0,11.0,2.0,0,0.0,0,0.00125,-20.3,-16227.018385291767,-20.274625,0.09132420091324202,6.0,4.0,0.019240823
0022500121,1610612744,Golden State,Warriors,GSW,warriors,202710,Jimmy,Butler III,J. Butler III,jimmy-butler-iii,F,,,31:22,31.366666666666667,6,8,0.75,2,2,1.0,6,8,0.75,0,5,5,5,0,0,5,0,20,8.0,0022500121,Jimmy Butler III,jimmy butler   iii,,,2025-10-27,0,0.6376195536663124,0.0,0.1594048884165781,0.1594048884165781,0.0,3.0,5.0,2.0,3.0,8.0,4.0,5.0,3.0,1.0,0,0.0,0,0.00232,15.3,6591.986212839293,15.264504,0.0,10.0,10.0,0.6452834
0022500121,1610612744,Golden State,Warriors,GSW,warriors,1630228,Jonathan,Kuminga,J. Kuminga,jonathan-kuminga,F,,,31:33,31.55,9,14,0.643,0,2,0.0,7,8,0.875,3,7,10,4,0,1,3,2,25,15.0,0022500121,Jonathan Kuminga,jonathan kuminga,,,2025-10-27,1,0.7923930269413629,0.09508716323296355,0.31695721077654515,0.12678288431061807,0.12678288431061807,1.0,1.0,1.0,4.0,8.0,3.0,4.0,2.0,1.0,0,0.0,0,0.0028000000000000004,23.8,8496.965369510888,23.73336,0.03169572107765452,3.0,6.0,0.80679995
0022500121,1610612744,Golden State,Warriors,GSW,warriors,203110,Draymond,Green,D. Green,draymond-green,C,,,27:34,27.566666666666666,2,6,0.333,2,5,0.4,1,2,0.5,0,4,4,10,1,0,4,6,7,18.0,0022500121,Draymond Green,draymond green,,,2025-10-27,1,0.2539298669891173,0.0,0.14510278113663846,0.36275695284159615,0.036275695284159616,6.0,5.0,3.0,1.0,1.0,4.0,1.0,5.0,4.0,0,0.0,0,0.0017499999999999998,31.6,18046.830382638494,31.5447,0.036275695284159616,3.0,9.0,0.33877784
0022500121,1610612744,Golden State,Warriors,GSW,warriors,1641764,Brandin,Podziemski,B. Podziemski,brandin-podziemski,G,,,31:47,31.783333333333335,8,14,0.571,5,7,0.714,2,4,0.5,2,2,4,6,1,0,0,3,23,17.0,0022500121,Brandin Podziemski,brandin podziemski,,,2025-10-27,1,0.723649711588883,0.06292606187729417,0.12585212375458835,0.18877818563188253,0.09438909281594127,2.0,2.0,3.0,2.0,1.0,4.0,2.0,1.0,1.0,0,0.0,0,0.00219,25.0,11410.31492469192,24.945249999999998,0.03146303093864709,3.0,8.0,0.9240304
0022500121,1610612744,Golden State,Warriors,GSW,warriors,201939,Stephen,Curry,S. Curry,stephen-curry,G,,,29:42,29.7,5,11,0.455,4,9,0.444,2,2,1.0,0,4,4,3,0,0,1,2,16,17.0,0022500121,Stephen Curry,stephen curry,,,2025-10-27,0,0.5387205387205387,0.0,0.13468013468013468,0.10101010101010101,0.0,5.0,5.0,3.0,5.0,8.0,4.0,2.0,4.0,0.0,0,0.0,0,0.0017599999999999998,21.5,12208.972174900626,21.46216,0.0,10.0,10.0,0.86268896
0022500121,1610612744,Golden State,Warriors,GSW,warriors,1627780,Gary,Payton II,G. Payton II,gary-payton-ii,,,,10:29,10.483333333333333,2,3,0.667,0,1,0.0,0,0,0.0,0,0,0,1,0,0,0,0,4,6.0,0022500121,Gary Payton II,gary payton  ii,,,2025-10-27,0,0.3815580286168522,0.0,0.0,0.09538950715421304,0.0,8.0,5.0,12.0,8.0,8.0,4.0,6.0,9.0,0.0,0,0.0,0,0.00111,31.3,28172.817281728174,31.265257,0.0,10.0,10.0,0.0152485
0022500121,1610612744,Golden State,Warriors,GSW,warriors,1642366,Quinten,Post,Q. Post,quinten-post,,,,13:18,13.3,1,4,0.25,0,3,0.0,0,0,0.0,0,4,4,2,0,2,0,2,2,-4.0,0022500121,Quinten Post,quinten post,,,2025-10-27,2,0.15037593984962405,0.0,0.3007518796992481,0.15037593984962405,0.15037593984962405,11.0,5.0,3.0,6.0,8.0,1.0,11.0,8.0,1.0,0,0.0,0,0.00125,-5.4,-4316.546762589928,-5.39325,0.15037593984962405,2.0,3.0,0.017851822
0022500121,1610612744,Golden State,Warriors,GSW,warriors,1630541,Moses,Moody,M. Moody,moses-moody,,,,22:08,22.133333333333333,6,10,0.6,5,7,0.714,3,3,1.0,0,2,2,1,1,2,2,2,20,-3.0,0022500121,Moses Moody,moses moody,,,2025-10-27,3,0.9036144578313253,0.0,0.09036144578313253,0.045180722891566265,0.1355421686746988,3.0,5.0,7.0,8.0,1.0,1.0,10.0,6.0,2.0,0,0.0,0,0.0025,-1.7,-679.7281087564974,-1.69575,0.1355421686746988,1.0,5.0,0.8470628
0022500121,1610612744,Golden State,Warriors,GSW,warriors,1627741,Buddy,Hield,B. Hield,buddy-hield,,,,18:24,18.4,2,7,0.286,0,5,0.0,1,1,1.0,1,1,2,2,1,0,0,3,5,1.0,0022500121,Buddy Hield,buddy hield,,,2025-10-27,1,0.27173913043478265,0.05434782608695653,0.10869565217391305,0.10869565217391305,0.10869565217391305,7.0,3.0,7.0,6.0,1.0,4.0,7.0,7.0,2.0,0,0.0,0,0.00146,2.3,1574.2642026009582,2.296642,0.05434782608695653,3.0,7.0,0.053636067
0022500121,1610612744,Golden State,Warriors,GSW,warriors,1631218,Trayce,Jackson-Davis,T. Jackson-Davis,trayce-jackson-davis,,,,6:50,6.833333333333333,0,1,0.0,0,0,0.0,2,2,1.0,0,1,1,1,1,0,0,1,2,-5.0,0022500121,Trayce Jackson-Davis,trayce jackson-davis,,,2025-10-27,1,0.29268292682926833,0.0,0.14634146341463417,0.14634146341463417,0.14634146341463417,11.0,5.0,10.0,8.0,1.0,4.0,13.0,11.0,1.0,0,0.0,0,0.00105,-36.4,-34633.68220742151,-36.361779999999996,0.14634146341463417,3.0,4.0,0.0055748764
0022500121,1610612744,Golden State,Warriors,GSW,warriors,1642954,Will,Richard,W. Richard,will-richard,,,,9:26,9.433333333333334,2,3,0.667,0,1,0.0,0,0,0.0,1,1,2,1,1,0,1,2,4,1.0,0022500121,Will Richard,will richard,,,2025-10-27,1,0.42402826855123676,0.10600706713780919,0.21201413427561838,0.10600706713780919,0.21201413427561838,8.0,3.0,7.0,8.0,1.0,4.0,7.0,10.0,1.0,0,0.0,0,0.00154,-4.5,-2920.1817001946793,-4.49307,0.10600706713780919,3.0,1.0,0.038899243
0022500121,1610612744,Golden State,Warriors,GSW,warriors,1630611,Gui,Santos,G. Santos,gui-santos,,,,6:20,6.333333333333333,1,1,1.0,1,1,1.0,0,0,0.0,0,1,1,0,1,0,0,1,3,-2.0,0022500121,Gui Santos,gui santos,,,2025-10-27,1,0.4736842105263158,0.0,0.15789473684210528,0.0,0.15789473684210528,10.0,5.0,10.0,12.0,1.0,4.0,9.0,12.0,1.0,0,0.0,0,0.00063,-12.5,-19809.825673534073,-12.492125,0.15789473684210528,3.0,2.0,0.03790811
0022500121,1610612744,Golden State,Warriors,GSW,warriors,1630311,Pat,Spencer,P. Spencer,pat-spencer,,,,1:07,1.1166666666666667,0,1,0.0,0,0,0.0,0,0,0.0,0,0,0,0,0,0,0,0,0,-4.0,0022500121,Pat Spencer,pat spencer,,,2025-10-27,0,0.0,0.0,0.0,0.0,0.0,13.0,5.0,12.0,12.0,8.0,4.0,11.0,13.0,,1,,1,0.0025,-100.0,-39984.00639744102,-99.75,0.0,10.0,10.0,0.0027546354
0022500127,1610612744,Golden State,Warriors,GSW,warriors,1630228,Jonathan,Kuminga,J. Kuminga,jonathan-kuminga,F,,,26:07,26.116666666666667,4,11,0.364,1,2,0.5,0,1,0.0,1,4,5,1,1,0,2,3,9,9.0,0022500127,Jonathan Kuminga,jonathan kuminga,,,2025-10-28,1,0.3446075303126994,0.03828972559029994,0.19144862795149967,0.03828972559029994,0.07657945118059988,5.0,4.0,3.0,6.0,3.0,4.0,7.0,4.0,7.0,0,0.0,0,0.0022,15.8,7178.555202180826,15.76524,0.03828972559029994,5.0,8.0,0.20978151
0022500127,1610612744,Golden State,Warriors,GSW,warriors,203110,Draymond,Green,D. Green,draymond-green,F,,,30:39,30.65,3,7,0.429,1,3,0.333,0,0,0.0,2,5,7,4,3,0,0,3,7,29.0,0022500127,Draymond Green,draymond green,,,2025-10-28,3,0.22838499184339317,0.06525285481239805,0.22838499184339317,0.1305057096247961,0.1631321370309951,7.0,2.0,2.0,3.0,1.0,4.0,2.0,2.0,6.0,0,0.0,0,0.00109,48.0,43996.33363886343,47.94768,0.09787928221859707,1.0,3.0,0.62270355
0022500127,1610612744,Golden State,Warriors,GSW,warriors,1642366,Quinten,Post,Q. Post,quinten-post,C,,,24:34,24.566666666666666,4,9,0.444,4,7,0.571,0,0,0.0,1,7,8,0,1,1,2,1,12,34.0,0022500127,Quinten Post,quinten post,,,2025-10-28,2,0.48846675712347354,0.0407055630936228,0.3256445047489824,0.0,0.12211668928086838,3.0,4.0,1.0,7.0,3.0,1.0,1.0,6.0,2.0,0,0.0,0,0.00212,70.8,33380.48090523338,70.64990399999999,0.0814111261872456,2.0,5.0,0.57372296
0022500127,1610612744,Golden State,Warriors,GSW,warriors,202710,Jimmy,Butler III,J. Butler III,jimmy-butler-iii,G,,,31:53,31.883333333333333,9,12,0.75,3,4,0.75,0,0,0.0,2,3,5,5,0,0,1,0,21,20.0,0022500127,Jimmy Butler III,jimmy butler   iii,,,2025-10-28,0,0.6586513329848406,0.06272869837950863,0.15682174594877157,0.15682174594877157,0.06272869837950863,1.0,2.0,3.0,2.0,9.0,4.0,3.0,1.0,4.0,0,0.0,0,0.00191,29.6,15489.272632129776,29.543464000000004,0.0,10.0,10.0,0.84096986
0022500127,1610612744,Golden State,Warriors,GSW,warriors,201939,Stephen,Curry,S. Curry,stephen-curry,G,,,25:32,25.533333333333335,7,15,0.467,2,8,0.25,3,3,1.0,0,2,2,8,2,0,2,1,19,16.0,0022500127,Stephen Curry,stephen curry,,,2025-10-28,2,0.7441253263707571,0.0,0.07832898172323759,0.31331592689295035,0.07832898172323759,2.0,7.0,9.0,1.0,2.0,4.0,5.0,5.0,3.0,0,0.0,0,0.0030499999999999998,29.1,9537.856440511308,29.011245000000002,0.07832898172323759,2.0,7.0,0.7395604
0022500127,1610612744,Golden State,Warriors,GSW,warriors,1627741,Buddy,Hield,B. Hield,buddy-hield,,,,10:14,10.233333333333333,1,2,0.5,0,1,0.0,0,0,0.0,1,2,3,0,0,0,0,0,2,7.0,0022500127,Buddy Hield,buddy hield,,,2025-10-28,0,0.19543973941368079,0.09771986970684039,0.2931596091205212,0.0,0.09771986970684039,9.0,4.0,7.0,7.0,9.0,4.0,8.0,9.0,3.0,0,0.0,0,0.00074,27.5,37112.01079622132,27.47965,0.0,10.0,6.0,0.010078786
0022500127,1610612744,Golden State,Warriors,GSW,warriors,1627780,Gary,Payton II,G. Payton II,gary-payton-ii,,,,5:22,5.366666666666666,0,0,0.0,0,0,0.0,0,0,0.0,0,0,0,0,0,1,0,1,0,-17.0,0022500127,Gary Payton II,gary payton  ii,,,2025-10-28,1,0.0,0.0,0.0,0.0,0.1863354037267081,11.0,7.0,10.0,7.0,9.0,1.0,14.0,11.0,0.0,0,0.0,0,0.0,-184.7,-184700000.0,-184.7,0.1863354037267081,5.0,2.0,0.0049806554
0022500127,1610612744,Golden State,Warriors,GSW,warriors,201143,Al,Horford,A. Horford,al-horford,,,,20:30,20.5,1,5,0.2,0,3,0.0,0,0,0.0,3,1,4,0,1,0,1,1,2,-12.0,0022500127,Al Horford,al horford,,,2025-10-28,1,0.0975609756097561,0.14634146341463414,0.1951219512195122,0.0,0.1951219512195122,9.0,1.0,6.0,7.0,3.0,4.0,13.0,8.0,0.0,0,0.0,0,0.00136,-29.3,-21528.288023512123,-29.260152,0.04878048780487805,5.0,1.0,0.016124284
0022500127,1610612744,Golden State,Warriors,GSW,warriors,1630541,Moses,Moody,M. Moody,moses-moody,,,,21:52,21.866666666666667,3,9,0.333,3,7,0.429,0,0,0.0,0,3,3,2,1,0,2,2,9,18.0,0022500127,Moses Moody,moses moody,,,2025-10-28,1,0.4115853658536585,0.0,0.13719512195121952,0.09146341463414634,0.04573170731707317,5.0,7.0,7.0,5.0,3.0,4.0,4.0,7.0,5.0,0,0.0,0,0.0023899999999999998,43.3,18109.57758260142,43.196512999999996,0.04573170731707317,5.0,11.0,0.22010568
0022500127,1610612744,Golden State,Warriors,GSW,warriors,1641764,Brandin,Podziemski,B. Podziemski,brandin-podziemski,,,,26:35,26.583333333333332,5,10,0.5,2,6,0.333,0,0,0.0,0,5,5,4,1,1,1,0,12,10.0,0022500127,Brandin Podziemski,brandin podziemski,,,2025-10-28,2,0.45141065830721006,0.0,0.18808777429467086,0.15047021943573669,0.07523510971786834,3.0,7.0,3.0,3.0,3.0,1.0,6.0,3.0,3.0,0,0.0,0,0.00193,20.4,10564.47436561367,20.360628,0.07523510971786834,2.0,9.0,0.5246036
0022500127,1610612744,Golden State,Warriors,GSW,warriors,1642954,Will,Richard,W. Richard,will-richard,,,,6:20,6.333333333333333,2,3,0.667,1,2,0.5,0,0,0.0,0,0,0,0,1,0,1,1,5,-9.0,0022500127,Will Richard,will richard,,,2025-10-28,1,0.7894736842105263,0.0,0.0,0.0,0.15789473684210528,8.0,7.0,10.0,7.0,3.0,4.0,12.0,10.0,1.0,0,0.0,0,0.0025,-73.1,-29228.308676529385,-72.91725,0.15789473684210528,5.0,4.0,0.02428692
0022500127,1610612744,Golden State,Warriors,GSW,warriors,1630611,Gui,Santos,G. Santos,gui-santos,,,,4:37,4.616666666666667,0,2,0.0,0,2,0.0,0,0,0.0,0,0,0,0,0,0,1,2,0,-4.0,0022500127,Gui Santos,gui santos,,,2025-10-28,0,0.0,0.0,0.0,0.0,0.0,11.0,7.0,10.0,7.0,9.0,4.0,11.0,12.0,1.0,0,0.0,0,0.0027300000000000002,-50.0,-18308.311973636028,-49.8635,0.0,10.0,12.0,0.0026358124
0022500127,1610612744,Golden State,Warriors,GSW,warriors,1631218,Trayce,Jackson-Davis,T. Jackson-Davis,trayce-jackson-davis,,,,2:53,2.8833333333333333,0,0,0.0,0,0,0.0,0,0,0.0,0,0,0,0,0,0,0,0,0,-3.0,0022500127,Trayce Jackson-Davis,trayce jackson-davis,,,2025-10-28,0,0.0,0.0,0.0,0.0,0.0,11.0,7.0,10.0,7.0,9.0,4.0,9.0,13.0,0.0,0,0.0,0,0.0,-70.0,-70000000.0,-70.0,0.0,10.0,12.0,0.0030518582
0022500127,1610612744,Golden State,Warriors,GSW,warriors,1630311,Pat,Spencer,P. Spencer,pat-spencer,,,,2:53,2.8833333333333333,0,1,0.0,0,0,0.0,0,0,0.0,0,0,0,0,0,0,0,0,0,-3.0,0022500127,Pat Spencer,pat spencer,,,2025-10-28,0,0.0,0.0,0.0,0.0,0.0,11.0,7.0,10.0,7.0,9.0,4.0,9.0,13.0,,1,,1,0.0014299999999999998,-70.0,-48916.841369671565,-69.8999,0.0,10.0,12.0,0.0024256215
0022500139,1610612744,Golden State,Warriors,GSW,warriors,1630228,Jonathan,Kuminga,J. Kuminga,jonathan-kuminga,F,,,33:50,33.833333333333336,7,11,0.636,2,4,0.5,8,8,1.0,1,7,8,4,0,1,5,2,24,-1.0,0022500139,Jonathan Kuminga,jonathan kuminga,,,2025-10-30,1,0.70935960591133,0.029556650246305417,0.23645320197044334,0.11822660098522167,0.059113300492610835,2.0,2.0,2.0,2.0,6.0,2.0,5.0,3.0,2.0,0,0.0,0,0.0023799999999999997,-1.4,-587.9882402351952,-1.3966679999999998,0.029556650246305417,5.0,7.0,0.79261076
0022500139,1610612744,Golden State,Warriors,GSW,warriors,203110,Draymond,Green,D. Green,draymond-green,F,,,32:38,32.63333333333333,3,7,0.429,1,3,0.333,0,0,0.0,0,4,4,6,0,1,1,3,7,4.0,0022500139,Draymond Green,draymond green,,,2025-10-30,1,0.21450459652706844,0.0,0.12257405515832483,0.18386108273748725,0.030643513789581207,6.0,5.0,5.0,1.0,6.0,2.0,2.0,4.0,2.0,0,0.0,0,0.00098,0.7,713.5575942915393,0.699314,0.030643513789581207,5.0,9.0,0.15247968
0022500139,1610612744,Golden State,Warriors,GSW,warriors,1642366,Quinten,Post,Q. Post,quinten-post,C,,,9:39,9.65,0,2,0.0,0,2,0.0,0,0,0.0,1,2,3,0,0,0,2,2,0,3.0,0022500139,Quinten Post,quinten post,,,2025-10-30,0,0.0,0.10362694300518134,0.31088082901554404,0.0,0.10362694300518134,10.0,2.0,6.0,8.0,6.0,6.0,4.0,10.0,0.0,0,0.0,0,0.00182,15.0,8237.232289950576,14.9727,0.0,10.0,5.0,0.0056543774
0022500139,1610612744,Golden State,Warriors,GSW,warriors,202710,Jimmy,Butler III,J. Butler III,jimmy-butler-iii,G,,,36:45,36.75,7,18,0.389,1,2,0.5,8,8,1.0,6,4,10,3,1,1,2,2,23,-7.0,0022500139,Jimmy Butler III,jimmy butler   iii,,,2025-10-30,2,0.6258503401360545,0.16326530612244897,0.272108843537415,0.08163265306122448,0.21768707482993196,3.0,1.0,1.0,4.0,3.0,2.0,8.0,1.0,2.0,0,0.0,0,0.0025,-7.4,-2958.816473410636,-7.381500000000001,0.05442176870748299,2.0,1.0,0.64774215
0022500139,1610612744,Golden State,Warriors,GSW,warriors,201939,Stephen,Curry,S. Curry,stephen-curry,G,,,34:57,34.95,8,19,0.421,4,10,0.4,7,8,0.875,0,6,6,4,1,0,5,2,27,-6.0,0022500139,Stephen Curry,stephen curry,,,2025-10-30,1,0.7725321888412017,0.0,0.17167381974248927,0.1144492131616595,0.028612303290414875,1.0,5.0,3.0,2.0,3.0,6.0,6.0,2.0,3.0,0,0.0,0,0.0031,-8.0,-2579.8129635601417,-7.9752,0.028612303290414875,5.0,10.0,0.74185455
0022500139,1610612744,Golden State,Warriors,GSW,warriors,1641764,Brandin,Podziemski,B. Podziemski,brandin-podziemski,,,,25:53,25.883333333333333,4,8,0.5,1,3,0.333,0,0,0.0,0,5,5,3,3,0,2,1,9,-8.0,0022500139,Brandin Podziemski,brandin podziemski,,,2025-10-30,3,0.34771410173857054,0.0,0.19317450096587252,0.11590470057952351,0.11590470057952351,4.0,5.0,4.0,4.0,1.0,6.0,9.0,5.0,4.0,0,0.0,0,0.0014299999999999998,-19.1,-13347.309573724671,-19.072687000000002,0.11590470057952351,1.0,4.0,0.34917057
0022500139,1610612744,Golden State,Warriors,GSW,warriors,1630541,Moses,Moody,M. Moody,moses-moody,,,,9:52,9.866666666666667,0,3,0.0,0,3,0.0,0,0,0.0,0,3,3,0,0,1,0,1,0,-6.0,0022500139,Moses Moody,moses moody,,,2025-10-30,1,0.0,0.0,0.30405405405405406,0.0,0.10135135135135134,10.0,5.0,6.0,8.0,6.0,2.0,6.0,9.0,0.0,0,0.0,0,0.00125,-26.1,-20863.309352517987,-26.067375000000002,0.10135135135135134,5.0,6.0,0.0077276146
0022500139,1610612744,Golden State,Warriors,GSW,warriors,201143,Al,Horford,A. Horford,al-horford,,,,20:17,20.283333333333335,1,6,0.167,1,4,0.25,0,0,0.0,1,1,2,2,0,2,2,2,3,-20.0,0022500139,Al Horford,al horford,,,2025-10-30,2,0.14790468364831552,0.04930156121610517,0.09860312243221034,0.09860312243221034,0.14790468364831552,8.0,2.0,8.0,6.0,6.0,1.0,12.0,6.0,0.0,0,0.0,0,0.00148,-43.5,-29372.045914922353,-43.43562,0.09860312243221034,2.0,3.0,0.013025449
0022500139,1610612744,Golden State,Warriors,GSW,warriors,1627741,Buddy,Hield,B. Hield,buddy-hield,,,,16:55,16.916666666666668,3,6,0.5,2,4,0.5,0,0,0.0,0,1,1,0,1,0,0,0,8,-8.0,0022500139,Buddy Hield,buddy hield,,,2025-10-30,1,0.4729064039408867,0.0,0.059113300492610835,0.0,0.059113300492610835,5.0,5.0,10.0,8.0,3.0,6.0,9.0,7.0,2.0,0,0.0,0,0.00133,-21.6,-16228.399699474081,-21.571272,0.059113300492610835,5.0,7.0,0.1448194
0022500139,1610612744,Golden State,Warriors,GSW,warriors,1642954,Will,Richard,W. Richard,will-richard,,,,11:45,11.75,2,2,1.0,1,1,1.0,2,2,1.0,0,0,0,1,2,0,0,0,7,-10.0,0022500139,Will Richard,will richard,,,2025-10-30,2,0.5957446808510638,0.0,0.0,0.0851063829787234,0.1702127659574468,6.0,5.0,11.0,7.0,2.0,6.0,11.0,8.0,7.0,0,0.0,0,0.00091,-35.2,-38638.85839736553,-35.167968,0.1702127659574468,2.0,2.0,0.049360454
0022500139,1610612744,Golden State,Warriors,GSW,warriors,1627780,Gary,Payton II,G. Payton II,gary-payton-ii,,,,3:27,3.45,0,1,0.0,0,1,0.0,0,0,0.0,0,2,2,0,0,0,0,1,0,4.0,0022500139,Gary Payton II,gary payton  ii,,,2025-10-30,0,0.0,0.0,0.5797101449275363,0.0,0.0,10.0,5.0,8.0,8.0,6.0,6.0,2.0,12.0,0.0,0,0.0,0,0.001,36.1,36063.93606393607,36.063900000000004,0.0,10.0,11.0,0.0057047494
0022500139,1610612744,Golden State,Warriors,GSW,warriors,1630611,Gui,Santos,G. Santos,gui-santos,,,,4:03,4.05,1,2,0.5,0,1,0.0,0,0,0.0,0,0,0,0,0,0,0,1,2,5.0,0022500139,Gui Santos,gui santos,,,2025-10-30,0,0.4938271604938272,0.0,0.0,0.0,0.0,9.0,5.0,11.0,8.0,6.0,6.0,1.0,11.0,,1,,1,0.00167,45.8,27408.737283064034,45.723514,0.0,10.0,11.0,0.010217461
0022500144,1610612744,Golden State,Warriors,GSW,warriors,202710,Jimmy,Butler III,J. Butler III,jimmy-butler-iii,F,,,34:26,34.43333333333333,6,14,0.429,0,2,0.0,8,9,0.889,3,3,6,7,3,2,2,2,20,-6.0,0022500144,Jimmy Butler III,jimmy butler   iii,,,2025-11-01,5,0.5808325266214909,0.08712487899322363,0.17424975798644726,0.2032913843175218,0.23233301064859635,2.0,1.0,2.0,1.0,1.0,1.0,8.0,2.0,5.0,0,0.0,0,0.0023799999999999997,-3.7,-1553.9689206215878,-3.691194,0.14520813165537272,1.0,2.0,0.777499
0022500144,1610612744,Golden State,Warriors,GSW,warriors,1630228,Jonathan,Kuminga,J. Kuminga,jonathan-kuminga,F,,,31:49,31.816666666666666,7,16,0.438,1,3,0.333,2,2,1.0,1,4,5,2,0,0,0,1,17,-20.0,0022500144,Jonathan Kuminga,jonathan kuminga,,,2025-11-01,0,0.5343111576741749,0.03143006809848088,0.1571503404924044,0.06286013619696176,0.03143006809848088,3.0,3.0,4.0,5.0,4.0,4.0,10.0,3.0,1.0,0,0.0,0,0.00218,-29.9,-13709.307657038054,-29.834818,0.0,5.0,9.0,0.53694636
0022500144,1610612744,Golden State,Warriors,GSW,warriors,203110,Draymond,Green,D. Green,draymond-green,C,,,29:44,29.733333333333334,2,5,0.4,2,4,0.5,2,2,1.0,1,9,10,1,0,0,3,5,8,-13.0,0022500144,Draymond Green,draymond green,,,2025-11-01,0,0.26905829596412556,0.033632286995515695,0.3363228699551569,0.033632286995515695,0.033632286995515695,6.0,3.0,1.0,7.0,4.0,4.0,9.0,4.0,1.0,0,0.0,0,0.00127,-18.8,-14791.502753737215,-18.776124,0.0,5.0,8.0,0.049174838
0022500144,1610612744,Golden State,Warriors,GSW,warriors,1641764,Brandin,Podziemski,B. Podziemski,brandin-podziemski,G,,,35:19,35.31666666666667,6,10,0.6,1,4,0.25,3,4,0.75,0,4,4,3,1,1,0,4,16,7.0,0022500144,Brandin Podziemski,brandin podziemski,,,2025-11-01,2,0.4530438886267107,0.0,0.11326097215667767,0.08494572911750825,0.056630486078338836,4.0,7.0,5.0,3.0,2.0,2.0,2.0,1.0,0.0,0,1.0,0,0.0014299999999999998,9.5,6638.714185883999,9.486415,0.056630486078338836,2.0,6.0,0.83651227
0022500144,1610612744,Golden State,Warriors,GSW,warriors,201939,Stephen,Curry,S. Curry,stephen-curry,G,,,29:07,29.116666666666667,8,23,0.348,4,16,0.25,4,5,0.8,0,0,0,2,1,0,5,2,24,-21.0,0022500144,Stephen Curry,stephen curry,,,2025-11-01,1,0.8242701774470521,0.0,0.0,0.068689181453921,0.0343445907269605,1.0,7.0,11.0,5.0,2.0,4.0,11.0,5.0,4.0,0,0.0,0,0.00414,-31.3,-7558.560734122193,-31.170417999999998,0.0343445907269605,3.0,7.0,0.74297893
0022500144,1610612744,Golden State,Warriors,GSW,warriors,1627741,Buddy,Hield,B. Hield,buddy-hield,,,,15:25,15.416666666666666,1,4,0.25,1,4,0.25,0,0,0.0,0,1,1,4,0,0,2,1,3,1.0,0022500144,Buddy Hield,buddy hield,,,2025-11-01,0,0.1945945945945946,0.0,0.06486486486486487,0.2594594594594595,0.0,9.0,7.0,10.0,2.0,4.0,4.0,6.0,7.0,1.0,0,0.0,0,0.00158,5.6,3542.0619860847564,5.591151999999999,0.0,5.0,10.0,0.017394938
0022500144,1610612744,Golden State,Warriors,GSW,warriors,1627780,Gary,Payton II,G. Payton II,gary-payton-ii,,,,8:48,8.8,0,1,0.0,0,1,0.0,0,0,0.0,1,2,3,1,0,0,1,3,0,0.0,0022500144,Gary Payton II,gary payton  ii,,,2025-11-01,0,0.0,0.11363636363636363,0.3409090909090909,0.11363636363636363,0.11363636363636363,11.0,3.0,7.0,7.0,4.0,4.0,7.0,11.0,0.0,0,0.0,0,0.0008699999999999999,-4.3,-4936.8541905855345,-4.296259,0.0,5.0,3.0,0.006171834
0022500144,1610612744,Golden State,Warriors,GSW,warriors,1630541,Moses,Moody,M. Moody,moses-moody,,,,16:06,16.1,1,3,0.333,1,2,0.5,0,0,0.0,0,2,2,3,0,1,0,2,3,15.0,0022500144,Moses Moody,moses moody,,,2025-11-01,1,0.18633540372670807,0.0,0.12422360248447203,0.18633540372670807,0.06211180124223602,9.0,7.0,9.0,3.0,4.0,2.0,1.0,6.0,1.0,0,0.0,0,0.0008100000000000001,44.1,54377.31196054254,44.064279,0.06211180124223602,3.0,5.0,0.08500821
0022500144,1610612744,Golden State,Warriors,GSW,warriors,201143,Al,Horford,A. Horford,al-horford,,,,15:13,15.216666666666667,2,4,0.5,0,2,0.0,0,0,0.0,0,6,6,1,0,0,1,1,4,2.0,0022500144,Al Horford,al horford,,,2025-11-01,0,0.2628696604600219,0.0,0.39430449069003287,0.06571741511500548,0.0,8.0,7.0,2.0,7.0,4.0,4.0,5.0,8.0,1.0,0,0.0,0,0.0013900000000000002,6.1,4385.334291876347,6.091520999999999,0.0,5.0,10.0,0.040015914
0022500144,1610612744,Golden State,Warriors,GSW,warriors,1642366,Quinten,Post,Q. Post,quinten-post,,,,12:49,12.816666666666666,4,8,0.5,1,5,0.2,0,0,0.0,1,2,3,0,0,0,1,3,9,4.0,0022500144,Quinten Post,quinten post,,,2025-11-01,0,0.7022106631989598,0.07802340702210664,0.2340702210663199,0.0,0.07802340702210664,5.0,3.0,7.0,11.0,4.0,4.0,4.0,9.0,1.0,0,0.0,0,0.0027300000000000002,23.1,8458.440131819845,23.036937,0.0,5.0,4.0,0.5047746
0022500144,1610612744,Golden State,Warriors,GSW,warriors,1630611,Gui,Santos,G. Santos,gui-santos,,,,11:14,11.233333333333333,2,2,1.0,1,1,1.0,0,0,0.0,3,1,4,1,0,0,1,3,5,6.0,0022500144,Gui Santos,gui santos,,,2025-11-01,0,0.4451038575667656,0.26706231454005935,0.3560830860534125,0.08902077151335312,0.26706231454005935,7.0,1.0,5.0,7.0,4.0,4.0,3.0,10.0,1.0,0,0.0,0,0.001,32.6,32567.43256743257,32.5674,0.0,5.0,1.0,0.08524385
0022500169,1610612744,Golden State,Warriors,GSW,warriors,1630228,Jonathan,Kuminga,J. Kuminga,jonathan-kuminga,F,,,24:39,24.65,4,7,0.571,0,1,0.0,1,1,1.0,2,3,5,2,1,0,4,2,9,0.0,0022500169,Jonathan Kuminga,jonathan kuminga,,,2025-11-04,1,0.36511156186612576,0.08113590263691683,0.20283975659229211,0.08113590263691683,0.12170385395537527,6.0,1.0,2.0,7.0,2.0,4.0,9.0,5.0,3.0,0,0.0,0,0.00193,0.0,0.0,0.0,0.04056795131845842,5.0,3.0,0.22012429
0022500169,1610612744,Golden State,Warriors,GSW,warriors,203110,Draymond,Green,D. Green,draymond-green,F,,,32:50,32.833333333333336,1,2,0.5,0,1,0.0,0,2,0.0,0,5,5,8,1,1,4,1,2,13.0,0022500169,Draymond Green,draymond green,,,2025-11-04,2,0.06091370558375634,0.0,0.15228426395939085,0.24365482233502536,0.06091370558375634,9.0,8.0,2.0,1.0,2.0,2.0,4.0,3.0,2.0,0,0.0,0,0.00095,20.4,21451.10410094637,20.380619999999997,0.06091370558375634,2.0,7.0,0.03065588
0022500169,1610612744,Golden State,Warriors,GSW,warriors,1642366,Quinten,Post,Q. Post,quinten-post,C,,,27:10,27.166666666666668,5,7,0.714,4,6,0.667,0,0,0.0,1,6,7,3,1,2,1,2,14,16.0,0022500169,Quinten Post,quinten post,,,2025-11-04,3,0.5153374233128835,0.03680981595092024,0.25766871165644173,0.11042944785276074,0.14723926380368096,3.0,2.0,1.0,4.0,2.0,1.0,2.0,4.0,2.0,0,0.0,0,0.00136,30.3,22263.041880969875,30.258792,0.11042944785276074,1.0,2.0,0.9193408
0022500169,1610612744,Golden State,Warriors,GSW,warriors,202710,Jimmy,Butler III,J. Butler III,jimmy-butler-iii,G,,,14:06,14.1,1,5,0.2,0,1,0.0,0,0,0.0,1,3,4,2,0,0,1,0,2,17.0,0022500169,Jimmy Butler III,jimmy butler   iii,,,2025-11-04,0,0.14184397163120568,0.07092198581560284,0.28368794326241137,0.14184397163120568,0.07092198581560284,9.0,2.0,5.0,7.0,9.0,4.0,1.0,9.0,1.0,0,0.0,0,0.00188,61.7,32801.70122275386,61.584004,0.0,9.0,6.0,0.062167823
0022500169,1610612744,Golden State,Warriors,GSW,warriors,201939,Stephen,Curry,S. Curry,stephen-curry,G,,,33:32,33.53333333333333,9,23,0.391,5,12,0.417,5,5,1.0,1,3,4,3,1,1,2,3,28,7.0,0022500169,Stephen Curry,stephen curry,,,2025-11-04,2,0.8349900596421471,0.029821073558648114,0.11928429423459246,0.08946322067594434,0.08946322067594434,1.0,2.0,5.0,4.0,2.0,2.0,5.0,2.0,3.0,0,1.0,0,0.0034599999999999995,9.7,2802.658191274198,9.666438,0.05964214711729623,2.0,5.0,0.8483263
0022500169,1610612744,Golden State,Warriors,GSW,warriors,1630541,Moses,Moody,M. Moody,moses-moody,,,,33:54,33.9,7,11,0.636,5,8,0.625,5,6,0.833,1,4,5,2,1,0,1,2,24,15.0,0022500169,Moses Moody,moses moody,,,2025-11-04,1,0.7079646017699115,0.029498525073746312,0.14749262536873156,0.058997050147492625,0.058997050147492625,2.0,2.0,2.0,7.0,2.0,4.0,3.0,1.0,7.0,0,0.0,0,0.002,23.2,11594.202898550724,23.1536,0.029498525073746312,5.0,8.0,0.8568727
0022500169,1610612744,Golden State,Warriors,GSW,warriors,1641764,Brandin,Podziemski,B. Podziemski,brandin-podziemski,,,,24:12,24.2,5,11,0.455,1,6,0.167,2,2,1.0,0,2,2,4,1,0,1,3,13,3.0,0022500169,Brandin Podziemski,brandin podziemski,,,2025-11-04,1,0.5371900826446281,0.0,0.08264462809917356,0.1652892561983471,0.04132231404958678,4.0,8.0,8.0,2.0,2.0,4.0,7.0,6.0,4.0,0,1.0,0,0.0025,8.7,3478.6085565773683,8.67825,0.04132231404958678,5.0,9.0,0.4903827
0022500169,1610612744,Golden State,Warriors,GSW,warriors,1631218,Trayce,Jackson-Davis,T. Jackson-Davis,trayce-jackson-davis,,,,15:30,15.5,3,5,0.6,0,0,0.0,1,1,1.0,0,2,2,3,0,0,0,2,7,2.0,0022500169,Trayce Jackson-Davis,trayce jackson-davis,,,2025-11-04,0,0.45161290322580644,0.0,0.12903225806451613,0.1935483870967742,0.0,7.0,8.0,8.0,4.0,9.0,4.0,8.0,8.0,0.0,0,0.0,0,0.00128,6.1,4761.9047619047615,6.092192,0.0,9.0,10.0,0.07747929
0022500169,1610612744,Golden State,Warriors,GSW,warriors,1627741,Buddy,Hield,B. Hield,buddy-hield,,,,19:55,19.916666666666668,4,7,0.571,3,5,0.6,1,1,1.0,1,1,2,2,1,0,1,2,12,-13.0,0022500169,Buddy Hield,buddy hield,,,2025-11-04,1,0.602510460251046,0.0502092050209205,0.100418410041841,0.100418410041841,0.100418410041841,5.0,2.0,8.0,7.0,2.0,4.0,11.0,7.0,3.0,0,0.0,0,0.00182,-26.1,-14332.784184514005,-26.052498,0.0502092050209205,5.0,4.0,0.7207858
0022500169,1610612744,Golden State,Warriors,GSW,warriors,1630311,Pat,Spencer,P. Spencer,pat-spencer,,,,11:15,11.25,2,5,0.4,1,2,0.5,2,2,1.0,1,2,3,4,2,0,0,1,7,5.0,0022500169,Pat Spencer,pat spencer,,,2025-11-04,2,0.6222222222222222,0.08888888888888889,0.26666666666666666,0.35555555555555557,0.26666666666666666,7.0,2.0,7.0,2.0,1.0,4.0,6.0,10.0,2.0,0,0.0,0,0.00222,16.3,7339.036470058531,16.263814,0.17777777777777778,2.0,1.0,0.21484303
0022500169,1610612744,Golden State,Warriors,GSW,warriors,1630611,Gui,Santos,G. Santos,gui-santos,,,,2:58,2.966666666666667,0,0,0.0,0,0,0.0,0,0,0.0,0,0,0,0,0,0,0,0,0,-10.0,0022500169,Gui Santos,gui santos,,,2025-11-04,0,0.0,0.0,0.0,0.0,0.0,11.0,8.0,11.0,11.0,9.0,4.0,10.0,11.0,2.0,0,0.0,0,0.0,-206.7,-206700000.0,-206.7,0.0,9.0,10.0,0.0037063106
0022500181,1610612744,Golden State,Warriors,GSW,warriors,1642954,Will,Richard,W. Richard,will-richard,F,,,34:30,34.5,10,15,0.667,5,8,0.625,5,7,0.714,5,2,7,3,1,0,1,3,30,1.0,0022500181,Will Richard,will richard,,,2025-11-05,1,0.8695652173913043,0.14492753623188406,0.2028985507246377,0.08695652173913043,0.17391304347826086,1.0,1.0,3.0,2.0,4.0,3.0,5.0,3.0,2.0,0,0.0,0,0.00216,1.3,601.5733456732994,1.297192,0.028985507246376812,4.0,3.0,0.93842727
0022500181,1610612744,Golden State,Warriors,GSW,warriors,1630228,Jonathan,Kuminga,J. Kuminga,jonathan-kuminga,F,,,35:35,35.583333333333336,8,19,0.421,2,5,0.4,6,8,0.75,2,7,9,3,0,0,5,5,24,2.0,0022500181,Jonathan Kuminga,jonathan kuminga,,,2025-11-05,0,0.6744730679156908,0.05620608899297423,0.2529274004683841,0.08430913348946135,0.05620608899297423,3.0,2.0,1.0,2.0,8.0,3.0,4.0,2.0,3.0,0,0.0,0,0.0032600000000000003,4.1,1257.2830420116527,4.086633999999999,0.0,8.0,8.0,0.5872205
0022500181,1610612744,Golden State,Warriors,GSW,warriors,1642366,Quinten,Post,Q. Post,quinten-post,C,,,15:39,15.65,0,5,0.0,0,3,0.0,0,0,0.0,0,4,4,1,2,2,0,2,0,4.0,0022500181,Quinten Post,quinten post,,,2025-11-05,4,0.0,0.0,0.25559105431309903,0.06389776357827476,0.25559105431309903,9.0,6.0,5.0,8.0,1.0,2.0,3.0,7.0,3.0,0,0.0,0,0.00132,11.4,8629.82588947767,11.384952,0.25559105431309903,2.0,1.0,0.060593292
0022500181,1610612744,Golden State,Warriors,GSW,warriors,1641764,Brandin,Podziemski,B. Podziemski,brandin-podziemski,G,,,31:02,31.033333333333335,5,10,0.5,2,4,0.5,2,2,1.0,1,8,9,9,0,0,4,3,14,14.0,0022500181,Brandin Podziemski,brandin podziemski,,,2025-11-05,0,0.45112781954887216,0.032223415682062294,0.2900107411385607,0.2900107411385607,0.032223415682062294,4.0,3.0,1.0,1.0,8.0,3.0,1.0,4.0,0.0,0,1.0,0,0.0019,19.7,10362.966859547607,19.66257,0.0,8.0,9.0,0.6058381
0022500181,1610612744,Golden State,Warriors,GSW,warriors,1630541,Moses,Moody,M. Moody,moses-moody,G,,,38:32,38.53333333333333,9,15,0.6,6,11,0.545,4,4,1.0,1,2,3,3,2,4,3,3,28,5.0,0022500181,Moses Moody,moses moody,,,2025-11-05,6,0.726643598615917,0.025951557093425608,0.07785467128027682,0.07785467128027682,0.18166089965397925,2.0,3.0,6.0,2.0,1.0,1.0,2.0,1.0,2.0,0,0.0,0,0.00196,4.6,2345.7419683834773,4.590984,0.15570934256055363,1.0,2.0,0.926238
0022500181,1610612744,Golden State,Warriors,GSW,warriors,201143,Al,Horford,A. Horford,al-horford,,,,26:31,26.516666666666666,0,8,0.0,0,7,0.0,0,0,0.0,1,6,7,2,2,0,1,2,0,-3.0,0022500181,Al Horford,al horford,,,2025-11-05,2,0.0,0.037712130735386554,0.26398491514770583,0.07542426147077311,0.11313639220615965,9.0,3.0,3.0,6.0,1.0,3.0,8.0,5.0,4.0,0,0.0,0,0.0014299999999999998,-5.2,-3633.822501747031,-5.192564,0.07542426147077311,3.0,4.0,0.018569632
0022500181,1610612744,Golden State,Warriors,GSW,warriors,1630611,Gui,Santos,G. Santos,gui-santos,,,,6:59,6.983333333333333,0,2,0.0,0,1,0.0,0,0,0.0,0,1,1,0,0,0,0,1,0,-2.0,0022500181,Gui Santos,gui santos,,,2025-11-05,0,0.0,0.0,0.1431980906921241,0.0,0.0,9.0,6.0,8.0,11.0,8.0,3.0,6.0,11.0,0.0,0,0.0,0,0.00105,-12.5,-11893.434823977166,-12.486875,0.0,8.0,10.0,0.0047485474
0022500181,1610612744,Golden State,Warriors,GSW,warriors,1627741,Buddy,Hield,B. Hield,buddy-hield,,,,13:49,13.816666666666666,3,5,0.6,1,3,0.333,2,2,1.0,0,1,1,2,1,0,1,3,9,-13.0,0022500181,Buddy Hield,buddy hield,,,2025-11-05,1,0.6513872135102533,0.0,0.07237635705669482,0.14475271411338964,0.07237635705669482,5.0,6.0,8.0,6.0,4.0,3.0,10.0,8.0,1.0,0,0.0,0,0.00194,-35.7,-18392.581143740343,-35.630742,0.07237635705669482,4.0,7.0,0.11083015
0022500181,1610612744,Golden State,Warriors,GSW,warriors,1630311,Pat,Spencer,P. Spencer,pat-spencer,,,,16:58,16.966666666666665,3,7,0.429,0,0,0.0,0,0,0.0,0,1,1,1,0,0,2,2,6,-19.0,0022500181,Pat Spencer,pat spencer,,,2025-11-05,0,0.35363457760314343,0.0,0.05893909626719058,0.05893909626719058,0.0,6.0,6.0,8.0,8.0,8.0,3.0,11.0,6.0,1.0,0,0.0,0,0.00214,-51.4,-24007.473143390936,-51.290003999999996,0.0,8.0,10.0,0.03044851
0022500181,1610612744,Golden State,Warriors,GSW,warriors,1631218,Trayce,Jackson-Davis,T. Jackson-Davis,trayce-jackson-davis,,,,9:02,9.033333333333333,1,2,0.5,0,0,0.0,0,0,0.0,0,0,0,1,1,0,0,1,2,-2.0,0022500181,Trayce Jackson-Davis,trayce jackson-davis,,,2025-11-05,1,0.22140221402214022,0.0,0.0,0.11070110701107011,0.11070110701107011,8.0,6.0,11.0,8.0,4.0,3.0,6.0,10.0,2.0,0,0.0,0,0.00077,-9.5,-12321.660181582361,-9.492685,0.11070110701107011,4.0,5.0,0.009616112
0022500181,1610612744,Golden State,Warriors,GSW,warriors,1627780,Gary,Payton II,G. Payton II,gary-payton-ii,,,,11:23,11.383333333333333,1,1,1.0,1,1,1.0,0,0,0.0,0,2,2,3,1,0,1,1,3,-12.0,0022500181,Gary Payton II,gary payton  ii,,,2025-11-05,1,0.2635431918008785,0.0,0.17569546120058566,0.2635431918008785,0.08784773060029283,7.0,6.0,7.0,2.0,4.0,3.0,9.0,9.0,1.0,0,0.0,0,0.0006900000000000001,-33.1,-47901.591895803176,-33.077161000000004,0.08784773060029283,4.0,6.0,0.0077286274
0022500037,1610612744,Golden State,Warriors,GSW,warriors,202710,Jimmy,Butler III,J. Butler III,jimmy-butler-iii,F,,,30:33,30.55,5,10,0.5,0,3,0.0,6,7,0.857,1,2,3,3,1,0,0,1,16,-20.0,0022500037,Jimmy Butler III,jimmy butler   iii,,,2025-11-07,1,0.5237315875613748,0.03273322422258593,0.09819967266775777,0.09819967266775777,0.06546644844517185,2.0,6.0,6.0,3.0,1.0,5.0,12.0,1.0,1.0,0,0.0,0,0.0016200000000000001,-31.3,-19309.068476249227,-31.249294000000003,0.03273322422258593,3.0,8.0,0.72689694
0022500037,1610612744,Golden State,Warriors,GSW,warriors,1630228,Jonathan,Kuminga,J. Kuminga,jonathan-kuminga,F,,,26:50,26.833333333333332,3,10,0.3,0,2,0.0,0,0,0.0,2,5,7,3,0,1,2,1,6,-19.0,0022500037,Jonathan Kuminga,jonathan kuminga,,,2025-11-07,1,0.2236024844720497,0.07453416149068323,0.2608695652173913,0.11180124223602485,0.11180124223602485,9.0,2.0,1.0,3.0,5.0,2.0,11.0,2.0,2.0,0,0.0,0,0.00197,-35.2,-17858.954845256216,-35.130656,0.037267080745341616,3.0,4.0,0.042166118
0022500037,1610612744,Golden State,Warriors,GSW,warriors,203110,Draymond,Green,D. Green,draymond-green,C,,,25:42,25.7,6,12,0.5,5,10,0.5,0,0,0.0,1,5,6,4,1,1,3,2,17,-10.0,0022500037,Draymond Green,draymond green,,,2025-11-07,2,0.6614785992217899,0.038910505836575876,0.23346303501945526,0.1556420233463035,0.11673151750972763,1.0,6.0,3.0,2.0,1.0,2.0,6.0,3.0,2.0,0,0.0,0,0.00242,-18.5,-7641.470466749277,-18.45523,0.07782101167315175,1.0,3.0,0.8655345
0022500037,1610612744,Golden State,Warriors,GSW,warriors,1630541,Moses,Moody,M. Moody,moses-moody,G,,,19:17,19.283333333333335,1,9,0.111,0,6,0.0,0,0,0.0,0,3,3,3,0,0,1,1,2,-9.0,0022500037,Moses Moody,moses moody,,,2025-11-07,0,0.10371650821089022,0.0,0.15557476231633532,0.15557476231633532,0.0,10.0,9.0,6.0,3.0,5.0,5.0,4.0,8.0,2.0,0,0.0,0,0.00213,-25.5,-11966.213045518536,-25.445685,0.0,8.0,10.0,0.0103789065
0022500037,1610612744,Golden State,Warriors,GSW,warriors,1641764,Brandin,Podziemski,B. Podziemski,brandin-podziemski,G,,,24:39,24.65,3,10,0.3,1,4,0.25,0,0,0.0,0,2,2,3,0,1,2,1,7,-15.0,0022500037,Brandin Podziemski,brandin podziemski,,,2025-11-07,1,0.2839756592292089,0.0,0.08113590263691683,0.12170385395537527,0.04056795131845842,8.0,9.0,10.0,3.0,5.0,2.0,9.0,4.0,3.0,0,0.0,0,0.00214,-30.0,-14012.143858010275,-29.9358,0.04056795131845842,3.0,9.0,0.022193788
0022500037,1610612744,Golden State,Warriors,GSW,warriors,1627741,Buddy,Hield,B. Hield,buddy-hield,,,,19:40,19.666666666666668,3,7,0.429,2,3,0.667,0,0,0.0,0,0,0,0,0,0,2,2,8,-17.0,0022500037,Buddy Hield,buddy hield,,,2025-11-07,0,0.4067796610169491,0.0,0.0,0.0,0.0,7.0,9.0,12.0,11.0,5.0,5.0,10.0,7.0,2.0,0,0.0,0,0.002,-43.6,-21789.10544727636,-43.5128,0.0,8.0,10.0,0.060147904
0022500037,1610612744,Golden State,Warriors,GSW,warriors,1630311,Pat,Spencer,P. Spencer,pat-spencer,,,,23:21,23.35,3,10,0.3,1,4,0.25,3,4,0.75,1,5,6,5,1,0,2,2,10,-10.0,0022500037,Pat Spencer,pat spencer,,,2025-11-07,1,0.4282655246252676,0.042826552462526764,0.2569593147751606,0.2141327623126338,0.08565310492505353,5.0,6.0,3.0,1.0,1.0,5.0,6.0,5.0,3.0,0,0.0,0,0.00233,-18.3,-7850.70785070785,-18.257361,0.042826552462526764,3.0,7.0,0.15211362
0022500037,1610612744,Golden State,Warriors,GSW,warriors,1642366,Quinten,Post,Q. Post,quinten-post,,,,19:41,19.683333333333334,6,6,1.0,2,2,1.0,0,0,0.0,2,1,3,1,0,0,0,2,14,-6.0,0022500037,Quinten Post,quinten post,,,2025-11-07,0,0.7112616426756986,0.10160880609652836,0.15241320914479253,0.05080440304826418,0.10160880609652836,3.0,2.0,6.0,9.0,5.0,5.0,3.0,6.0,0.0,0,0.0,0,0.00133,-19.7,-14800.901577761082,-19.673799,0.0,8.0,6.0,0.8589367
0022500037,1610612744,Golden State,Warriors,GSW,warriors,1631218,Trayce,Jackson-Davis,T. Jackson-Davis,trayce-jackson-davis,,,,18:30,18.5,4,8,0.5,0,0,0.0,1,1,1.0,6,1,7,3,0,2,0,3,9,-9.0,0022500037,Trayce Jackson-Davis,trayce jackson-davis,,,2025-11-07,2,0.4864864864864865,0.32432432432432434,0.3783783783783784,0.16216216216216217,0.43243243243243246,6.0,1.0,1.0,3.0,5.0,1.0,4.0,10.0,0.0,0,0.0,0,0.0017399999999999998,-21.2,-12176.909821941415,-21.163112,0.10810810810810811,1.0,2.0,0.78685063
0022500037,1610612744,Golden State,Warriors,GSW,warriors,1642954,Will,Richard,W. Richard,will-richard,,,,18:53,18.883333333333333,5,10,0.5,1,5,0.2,1,1,1.0,2,1,3,2,0,0,0,2,12,-10.0,0022500037,Will Richard,will richard,,,2025-11-07,0,0.6354810238305384,0.1059135039717564,0.1588702559576346,0.1059135039717564,0.1059135039717564,4.0,2.0,6.0,8.0,5.0,5.0,6.0,9.0,0.0,0,0.0,0,0.0020399999999999997,-28.5,-13963.743263106322,-28.44186,0.0,8.0,5.0,0.5969389
0022500037,1610612744,Golden State,Warriors,GSW,warriors,1630611,Gui,Santos,G. Santos,gui-santos,,,,6:27,6.45,0,1,0.0,0,1,0.0,1,2,0.5,2,2,4,0,1,0,0,1,1,0.0,0022500037,Gui Santos,gui santos,,,2025-11-07,1,0.15503875968992248,0.31007751937984496,0.6201550387596899,0.0,0.46511627906976744,12.0,2.0,5.0,11.0,1.0,5.0,1.0,11.0,1.0,0,0.0,0,0.00105,8.8,8372.978116079927,8.79076,0.15503875968992248,3.0,1.0,0.027900595
0022500037,1610612744,Golden State,Warriors,GSW,warriors,1627780,Gary,Payton II,G. Payton II,gary-payton-ii,,,,6:27,6.45,1,2,0.5,0,1,0.0,0,0,0.0,0,2,2,1,0,0,0,0,2,0.0,0022500037,Gary Payton II,gary payton  ii,,,2025-11-07,0,0.31007751937984496,0.0,0.31007751937984496,0.15503875968992248,0.0,10.0,9.0,10.0,9.0,5.0,5.0,1.0,11.0,2.0,0,0.0,0,0.00105,8.8,8372.978116079927,8.79076,0.0,8.0,10.0,0.009537055
0022500196,1610612744,Golden State,Warriors,GSW,warriors,1630228,Jonathan,Kuminga,J. Kuminga,jonathan-kuminga,F,,,20:22,20.366666666666667,1,9,0.111,0,5,0.0,3,6,0.5,2,6,8,2,0,0,1,0,5,2.0,0022500196,Jonathan Kuminga,jonathan kuminga,,,2025-11-09,0,0.24549918166939444,0.09819967266775777,0.39279869067103107,0.09819967266775777,0.09819967266775777,8.0,2.0,2.0,3.0,9.0,5.0,13.0,6.0,0.0,0,0.0,0,0.00265,2.4,905.318747642399,2.39364,0.0,10.0,9.0,0.04281213
0022500196,1610612744,Golden State,Warriors,GSW,warriors,203110,Draymond,Green,D. Green,draymond-green,F,,,24:39,24.65,1,3,0.333,1,2,0.5,0,0,0.0,0,2,2,3,0,0,4,2,3,14.0,0022500196,Draymond Green,draymond green,,,2025-11-09,0,0.12170385395537527,0.0,0.08113590263691683,0.12170385395537527,0.0,10.0,8.0,9.0,2.0,9.0,5.0,6.0,3.0,1.0,0,0.0,0,0.0011899999999999999,26.3,22082.283795130148,26.268703,0.0,10.0,11.0,0.01285272
0022500196,1610612744,Golden State,Warriors,GSW,warriors,1642366,Quinten,Post,Q. Post,quinten-post,C,,,24:03,24.05,4,10,0.4,2,7,0.286,4,5,0.8,2,6,8,2,1,0,0,0,14,17.0,0022500196,Quinten Post,quinten post,,,2025-11-09,1,0.5821205821205822,0.08316008316008315,0.3326403326403326,0.08316008316008315,0.12474012474012473,3.0,2.0,2.0,3.0,4.0,5.0,5.0,4.0,0.0,0,0.0,0,0.002,34.8,17391.304347826084,34.730399999999996,0.041580041580041575,6.0,5.0,0.75221354
0022500196,1610612744,Golden State,Warriors,GSW,warriors,202710,Jimmy,Butler III,J. Butler III,jimmy-butler-iii,G,,,30:06,30.1,10,15,0.667,0,0,0.0,1,4,0.25,3,6,9,7,2,1,1,1,21,19.0,0022500196,Jimmy Butler III,jimmy butler   iii,,,2025-11-09,3,0.6976744186046512,0.09966777408637874,0.2990033222591362,0.23255813953488372,0.19933554817275748,1.0,1.0,1.0,1.0,1.0,2.0,3.0,2.0,2.0,0,0.0,0,0.00234,26.1,11149.081589064503,26.038926,0.09966777408637874,1.0,3.0,0.86955494
0022500196,1610612744,Golden State,Warriors,GSW,warriors,1641764,Brandin,Podziemski,B. Podziemski,brandin-podziemski,G,,,31:40,31.666666666666668,4,11,0.364,1,6,0.167,5,6,0.833,0,6,6,1,2,0,2,3,14,22.0,0022500196,Brandin Podziemski,brandin podziemski,,,2025-11-09,2,0.4421052631578947,0.0,0.18947368421052632,0.031578947368421054,0.06315789473684211,3.0,8.0,4.0,7.0,1.0,5.0,1.0,1.0,1.0,0,0.0,0,0.0019,31.6,16622.830089426618,31.53996,0.06315789473684211,4.0,10.0,0.55057216
0022500196,1610612744,Golden State,Warriors,GSW,warriors,1627741,Buddy,Hield,B. Hield,buddy-hield,,,,19:46,19.766666666666666,3,7,0.429,0,3,0.0,2,2,1.0,1,3,4,2,1,0,0,2,8,4.0,0022500196,Buddy Hield,buddy hield,,,2025-11-09,1,0.40472175379426645,0.050590219224283306,0.20236087689713322,0.10118043844856661,0.10118043844856661,7.0,4.0,5.0,3.0,4.0,5.0,10.0,7.0,4.0,0,0.0,0,0.0016,9.3,5808.869456589632,9.285120000000001,0.050590219224283306,6.0,8.0,0.11173606
0022500196,1610612744,Golden State,Warriors,GSW,warriors,201143,Al,Horford,A. Horford,al-horford,,,,18:02,18.033333333333335,4,6,0.667,4,6,0.667,0,0,0.0,1,3,4,1,0,3,2,1,12,9.0,0022500196,Al Horford,al horford,,,2025-11-09,3,0.6654343807763401,0.055452865064695,0.22181146025878,0.055452865064695,0.22181146025878,6.0,4.0,5.0,7.0,9.0,1.0,8.0,9.0,0.0,0,0.0,0,0.0017000000000000001,22.5,13227.513227513227,22.46175,0.16635859519408502,1.0,2.0,0.6946367
0022500196,1610612744,Golden State,Warriors,GSW,warriors,1630541,Moses,Moody,M. Moody,moses-moody,,,,22:59,22.983333333333334,4,11,0.364,3,9,0.333,2,3,0.667,1,2,3,1,2,1,0,4,13,22.0,0022500196,Moses Moody,moses moody,,,2025-11-09,3,0.5656272661348803,0.0435097897026831,0.1305293691080493,0.0435097897026831,0.1740391588107324,5.0,4.0,7.0,7.0,1.0,2.0,1.0,5.0,3.0,0,0.0,0,0.00203,45.5,22402.757262432297,45.407635,0.1305293691080493,1.0,4.0,0.8588017
0022500196,1610612744,Golden State,Warriors,GSW,warriors,1630311,Pat,Spencer,P. Spencer,pat-spencer,,,,16:11,16.183333333333334,0,3,0.0,0,1,0.0,2,2,1.0,0,0,0,2,1,1,0,0,2,11.0,0022500196,Pat Spencer,pat spencer,,,2025-11-09,2,0.12358393408856848,0.0,0.0,0.12358393408856848,0.12358393408856848,12.0,8.0,12.0,3.0,4.0,2.0,7.0,10.0,4.0,0,0.0,0,0.00105,29.2,27783.06374881066,29.16934,0.12358393408856848,4.0,6.0,0.007078298
0022500196,1610612744,Golden State,Warriors,GSW,warriors,1642954,Will,Richard,W. Richard,will-richard,,,,19:29,19.483333333333334,4,8,0.5,0,2,0.0,7,8,0.875,1,2,3,1,1,0,0,1,15,19.0,0022500196,Will Richard,will richard,,,2025-11-09,1,0.7698887938408896,0.05132591958939264,0.15397775876817793,0.05132591958939264,0.10265183917878529,2.0,4.0,7.0,7.0,4.0,5.0,3.0,8.0,2.0,0,0.0,0,0.0024,42.2,17576.00999583507,42.09872000000001,0.05132591958939264,6.0,7.0,0.8481454
0022500196,1610612744,Golden State,Warriors,GSW,warriors,1631218,Trayce,Jackson-Davis,T. Jackson-Davis,trayce-jackson-davis,,,,5:00,5.0,2,2,1.0,0,0,0.0,0,1,0.0,0,0,0,0,0,0,0,1,4,8.0,0022500196,Trayce Jackson-Davis,trayce jackson-davis,,,2025-11-09,0,0.8,0.0,0.0,0.0,0.0,9.0,8.0,12.0,11.0,9.0,5.0,9.0,11.0,1.0,0,0.0,0,0.00182,72.7,39923.1191652938,72.567686,0.0,10.0,11.0,0.028567327
0022500196,1610612744,Golden State,Warriors,GSW,warriors,1630611,Gui,Santos,G. Santos,gui-santos,,,,3:52,3.8666666666666667,1,3,0.333,1,3,0.333,0,0,0.0,0,2,2,0,0,0,0,1,3,4.0,0022500196,Gui Santos,gui santos,,,2025-11-09,0,0.7758620689655172,0.0,0.5172413793103449,0.0,0.0,10.0,8.0,9.0,11.0,9.0,5.0,10.0,12.0,,1,,1,0.00375,50.0,13329.778725673154,49.8125,0.0,10.0,11.0,0.022342522
0022500196,1610612744,Golden State,Warriors,GSW,warriors,1627780,Gary,Payton II,G. Payton II,gary-payton-ii,,,,3:52,3.8666666666666667,0,0,0.0,0,0,0.0,0,0,0.0,0,1,1,0,1,0,0,0,0,4.0,0022500196,Gary Payton II,gary payton  ii,,,2025-11-09,1,0.0,0.0,0.25862068965517243,0.0,0.25862068965517243,13.0,8.0,11.0,11.0,4.0,5.0,10.0,12.0,1.0,0,0.0,0,0.0,50.0,50000000.0,50.0,0.25862068965517243,6.0,1.0,0.010589901
0022500210,1610612744,Golden State,Warriors,GSW,warriors,1630228,Jonathan,Kuminga,J. Kuminga,jonathan-kuminga,F,,,23:43,23.716666666666665,6,9,0.667,0,0,0.0,1,2,0.5,0,3,3,4,0,1,5,0,13,-20.0,0022500210,Jonathan Kuminga,jonathan kuminga,,,2025-11-11,1,0.5481377371749825,0.0,0.1264933239634575,0.16865776528461,0.0421644413211525,1.0,5.0,4.0,1.0,11.0,1.0,9.0,1.0,0.0,0,0.0,0,0.00294,-37.4,-12716.763005780345,-37.290043999999995,0.0421644413211525,6.0,13.0,0.70209175
0022500210,1610612744,Golden State,Warriors,GSW,warriors,203110,Draymond,Green,D. Green,draymond-green,F,,,21:55,21.916666666666668,1,4,0.25,1,3,0.333,0,0,0.0,0,2,2,4,1,0,3,4,3,-21.0,0022500210,Draymond Green,draymond green,,,2025-11-11,1,0.13688212927756654,0.0,0.09125475285171102,0.18250950570342203,0.04562737642585551,12.0,5.0,8.0,1.0,5.0,5.0,10.0,5.0,1.0,0,0.0,0,0.0013700000000000001,-44.5,-32458.0598103574,-44.439035000000004,0.04562737642585551,6.0,11.0,0.007852939
0022500210,1610612744,Golden State,Warriors,GSW,warriors,1642366,Quinten,Post,Q. Post,quinten-post,C,,,16:35,16.583333333333332,2,6,0.333,2,6,0.333,0,0,0.0,0,3,3,2,0,1,1,1,6,1.0,0022500210,Quinten Post,quinten post,,,2025-11-11,1,0.36180904522613067,0.0,0.18090452261306533,0.1206030150753769,0.06030150753768845,8.0,5.0,4.0,5.0,11.0,1.0,4.0,9.0,1.0,0,0.0,0,0.00184,-7.8,-4236.827810972298,-7.785648,0.06030150753768845,6.0,9.0,0.073533796
0022500210,1610612744,Golden State,Warriors,GSW,warriors,202710,Jimmy,Butler III,J. Butler III,jimmy-butler-iii,G,,,22:10,22.166666666666668,2,3,0.667,0,1,0.0,8,8,1.0,1,2,3,2,3,0,1,0,12,-15.0,0022500210,Jimmy Butler III,jimmy butler   iii,,,2025-11-11,3,0.5413533834586466,0.045112781954887216,0.13533834586466165,0.09022556390977443,0.18045112781954886,2.0,3.0,4.0,5.0,1.0,5.0,8.0,3.0,3.0,0,0.0,0,0.0014000000000000002,-31.3,-22341.184867951462,-31.25618,0.13533834586466165,1.0,2.0,0.2610377
0022500210,1610612744,Golden State,Warriors,GSW,warriors,201939,Stephen,Curry,S. Curry,stephen-curry,G,,,19:59,19.983333333333334,4,13,0.308,1,5,0.2,2,3,0.667,0,1,1,0,1,0,1,5,11,-23.0,0022500210,Stephen Curry,stephen curry,,,2025-11-11,1,0.5504587155963302,0.0,0.0500417014178482,0.0,0.0500417014178482,4.0,5.0,9.0,11.0,5.0,5.0,12.0,8.0,0.0,0,0.0,0,0.0034899999999999996,-50.2,-14379.83385849327,-50.024802,0.0500417014178482,6.0,10.0,0.45134327
0022500210,1610612744,Golden State,Warriors,GSW,warriors,1641764,Brandin,Podziemski,B. Podziemski,brandin-podziemski,,,,20:34,20.566666666666666,3,6,0.5,2,2,1.0,2,2,1.0,0,4,4,1,3,0,0,5,10,-21.0,0022500210,Brandin Podziemski,brandin podziemski,,,2025-11-11,3,0.4862236628849271,0.0,0.19448946515397084,0.04862236628849271,0.14586709886547813,5.0,5.0,3.0,7.0,1.0,5.0,10.0,6.0,3.0,0,0.0,0,0.0014000000000000002,-49.0,-34975.017844396854,-48.931400000000004,0.14586709886547813,1.0,5.0,0.13255431
0022500210,1610612744,Golden State,Warriors,GSW,warriors,1630541,Moses,Moody,M. Moody,moses-moody,,,,20:06,20.1,3,6,0.5,2,4,0.5,2,2,1.0,0,0,0,0,1,1,1,0,10,-25.0,0022500210,Moses Moody,moses moody,,,2025-11-11,2,0.49751243781094523,0.0,0.0,0.0,0.09950248756218905,5.0,5.0,11.0,11.0,5.0,1.0,13.0,7.0,3.0,0,0.0,0,0.00167,-51.5,-30819.868342309994,-51.413995,0.09950248756218905,3.0,8.0,0.15075049
0022500210,1610612744,Golden State,Warriors,GSW,warriors,1627741,Buddy,Hield,B. Hield,buddy-hield,,,,11:40,11.666666666666666,1,3,0.333,0,2,0.0,2,3,0.667,0,0,0,4,2,0,2,2,4,-11.0,0022500210,Buddy Hield,buddy hield,,,2025-11-11,2,0.34285714285714286,0.0,0.0,0.34285714285714286,0.17142857142857143,10.0,5.0,11.0,1.0,3.0,5.0,6.0,13.0,2.0,0,0.0,0,0.00214,-40.7,-19009.80850070061,-40.612902,0.17142857142857143,3.0,3.0,0.009922524
0022500210,1610612744,Golden State,Warriors,GSW,warriors,1631218,Trayce,Jackson-Davis,T. Jackson-Davis,trayce-jackson-davis,,,,22:20,22.333333333333332,2,4,0.5,0,0,0.0,2,4,0.5,2,4,6,1,0,1,6,4,6,-12.0,0022500210,Trayce Jackson-Davis,trayce jackson-davis,,,2025-11-11,1,0.26865671641791045,0.08955223880597016,0.26865671641791045,0.04477611940298508,0.13432835820895522,8.0,1.0,1.0,7.0,11.0,1.0,7.0,2.0,0.0,0,0.0,0,0.00231,-25.5,-11034.184335785374,-25.441095,0.04477611940298508,6.0,6.0,0.04064964
0022500210,1610612744,Golden State,Warriors,GSW,warriors,1642954,Will,Richard,W. Richard,will-richard,,,,22:01,22.016666666666666,3,6,0.5,3,5,0.6,0,1,0.0,0,0,0,1,1,0,0,4,9,-4.0,0022500210,Will Richard,will richard,,,2025-11-11,1,0.408781226343679,0.0,0.0,0.045420136260408785,0.045420136260408785,7.0,5.0,11.0,7.0,5.0,5.0,5.0,4.0,2.0,0,0.0,0,0.0012,-9.1,-7577.019150707744,-9.08908,0.045420136260408785,6.0,12.0,0.09168107
0022500210,1610612744,Golden State,Warriors,GSW,warriors,1627780,Gary,Payton II,G. Payton II,gary-payton-ii,,,,14:58,14.966666666666667,1,3,0.333,0,2,0.0,0,0,0.0,0,6,6,3,2,0,0,0,2,9.0,0022500210,Gary Payton II,gary payton  ii,,,2025-11-11,2,0.13363028953229397,0.0,0.40089086859688194,0.20044543429844097,0.13363028953229397,13.0,5.0,1.0,4.0,3.0,5.0,3.0,10.0,3.0,0,0.0,0,0.00083,27.4,32972.32250300842,27.377257999999998,0.13363028953229397,3.0,7.0,0.05288109
0022500210,1610612744,Golden State,Warriors,GSW,warriors,1630611,Gui,Santos,G. Santos,gui-santos,,,,12:00,12.0,2,3,0.667,0,1,0.0,0,0,0.0,2,1,3,0,1,0,0,1,4,11.0,0022500210,Gui Santos,gui santos,,,2025-11-11,1,0.3333333333333333,0.16666666666666666,0.25,0.0,0.25,10.0,1.0,4.0,11.0,5.0,5.0,1.0,11.0,2.0,0,0.0,0,0.001,42.4,42357.64235764236,42.3576,0.08333333333333333,6.0,1.0,0.1415518
0022500210,1610612744,Golden State,Warriors,GSW,warriors,1630311,Pat,Spencer,P. Spencer,pat-spencer,,,,12:00,12.0,3,8,0.375,2,4,0.5,4,4,1.0,1,0,1,1,1,0,0,2,12,11.0,0022500210,Pat Spencer,pat spencer,,,2025-11-11,1,1.0,0.08333333333333333,0.08333333333333333,0.08333333333333333,0.16666666666666666,2.0,3.0,9.0,7.0,5.0,5.0,1.0,11.0,2.0,0,0.0,0,0.00333,42.4,12728.910237166016,42.258807999999995,0.08333333333333333,6.0,4.0,0.50535
0022500220,1610612744,Golden State,Warriors,GSW,warriors,1642954,Will,Richard,W. Richard,will-richard,F,,,21:41,21.683333333333334,1,2,0.5,1,2,0.5,0,0,0.0,0,1,1,1,1,0,3,3,3,1.0,0022500220,Will Richard,will richard,,,2025-11-12,1,0.13835511145272866,0.0,0.04611837048424289,0.04611837048424289,0.04611837048424289,9.0,4.0,9.0,8.0,4.0,3.0,8.0,7.0,2.0,0,0.0,0,0.00086,-2.8,-3252.032520325203,-2.797592,0.04611837048424289,5.0,8.0,0.008233866
0022500220,1610612744,Golden State,Warriors,GSW,warriors,202710,Jimmy,Butler III,J. Butler III,jimmy-butler-iii,F,,,33:48,33.8,7,12,0.583,5,7,0.714,9,12,0.75,3,3,6,8,3,0,0,0,28,6.0,0022500220,Jimmy Butler III,jimmy butler   iii,,,2025-11-12,3,0.8284023668639054,0.08875739644970415,0.1775147928994083,0.2366863905325444,0.1775147928994083,2.0,2.0,1.0,1.0,1.0,3.0,4.0,1.0,3.0,0,0.0,0,0.00209,5.0,2391.200382592061,4.9895499999999995,0.08875739644970415,2.0,3.0,0.89898103
0022500220,1610612744,Golden State,Warriors,GSW,warriors,203110,Draymond,Green,D. Green,draymond-green,C,,,26:41,26.683333333333334,1,10,0.1,0,7,0.0,4,4,1.0,0,5,5,4,1,0,4,6,6,15.0,0022500220,Draymond Green,draymond green,,,2025-11-12,1,0.22485946283572766,0.0,0.1873828856964397,0.14990630855715179,0.037476577139287946,5.0,4.0,4.0,3.0,4.0,3.0,1.0,4.0,2.0,0,1.0,0,0.0023499999999999997,23.7,10080.81667375585,23.644305,0.037476577139287946,5.0,10.0,0.05399012
0022500220,1610612744,Golden State,Warriors,GSW,warriors,1630541,Moses,Moody,M. Moody,moses-moody,G,,,26:10,26.166666666666668,6,13,0.462,5,10,0.5,2,2,1.0,1,2,3,3,0,0,0,2,19,4.0,0022500220,Moses Moody,moses moody,,,2025-11-12,0,0.7261146496815286,0.03821656050955414,0.11464968152866241,0.11464968152866241,0.03821656050955414,3.0,3.0,7.0,5.0,9.0,3.0,6.0,5.0,,1,,1,0.00197,-1.9,-963.9776763064433,-1.8962569999999999,0.0,10.0,9.0,0.8702927
0022500220,1610612744,Golden State,Warriors,GSW,warriors,201939,Stephen,Curry,S. Curry,stephen-curry,G,,,33:32,33.53333333333333,13,25,0.52,5,16,0.313,15,16,0.938,0,5,5,5,2,0,1,2,46,5.0,0022500220,Stephen Curry,stephen curry,,,2025-11-12,2,1.371769383697813,0.0,0.14910536779324057,0.14910536779324057,0.05964214711729623,1.0,4.0,4.0,2.0,3.0,3.0,5.0,2.0,5.0,0,0.0,0,0.00379,6.5,1714.587180163545,6.475365,0.05964214711729623,3.0,7.0,0.87634057
0022500220,1610612744,Golden State,Warriors,GSW,warriors,201143,Al,Horford,A. Horford,al-horford,,,,22:30,22.5,3,7,0.429,3,6,0.5,0,0,0.0,0,3,3,3,0,2,1,2,9,-14.0,0022500220,Al Horford,al horford,,,2025-11-12,2,0.4,0.0,0.13333333333333333,0.13333333333333333,0.08888888888888889,4.0,4.0,7.0,5.0,9.0,1.0,11.0,6.0,2.0,0,0.0,0,0.00145,-22.8,-15713.301171605792,-22.76694,0.08888888888888889,3.0,5.0,0.15163901
0022500220,1610612744,Golden State,Warriors,GSW,warriors,1630228,Jonathan,Kuminga,J. Kuminga,jonathan-kuminga,,,,12:06,12.1,0,1,0.0,0,1,0.0,0,0,0.0,0,4,4,0,0,0,1,0,0,-10.0,0022500220,Jonathan Kuminga,jonathan kuminga,,,2025-11-12,0,0.0,0.0,0.3305785123966942,0.0,0.0,10.0,4.0,6.0,9.0,9.0,3.0,10.0,10.0,1.0,0,0.0,0,0.0008,-34.0,-42446.94132334581,-33.9728,0.0,10.0,11.0,0.0036203163
0022500220,1610612744,Golden State,Warriors,GSW,warriors,1627741,Buddy,Hield,B. Hield,buddy-hield,,,,15:31,15.516666666666667,1,4,0.25,0,2,0.0,2,2,1.0,0,1,1,0,1,0,1,0,4,-3.0,0022500220,Buddy Hield,buddy hield,,,2025-11-12,1,0.25778732545649835,0.0,0.06444683136412459,0.0,0.06444683136412459,7.0,4.0,9.0,9.0,4.0,3.0,9.0,8.0,2.0,0,0.0,0,0.00158,-15.2,-9614.168247944339,-15.175984,0.06444683136412459,5.0,6.0,0.019061213
0022500220,1610612744,Golden State,Warriors,GSW,warriors,1641764,Brandin,Podziemski,B. Podziemski,brandin-podziemski,,,,28:52,28.866666666666667,2,7,0.286,2,5,0.4,0,0,0.0,0,6,6,4,3,1,3,3,6,10.0,0022500220,Brandin Podziemski,brandin podziemski,,,2025-11-12,4,0.20785219399538105,0.0,0.20785219399538105,0.13856812933025403,0.13856812933025403,5.0,4.0,1.0,3.0,1.0,2.0,2.0,3.0,5.0,0,0.0,0,0.0014099999999999998,15.2,10772.501771793057,15.178567999999999,0.13856812933025403,1.0,4.0,0.21553253
0022500220,1610612744,Golden State,Warriors,GSW,warriors,1642366,Quinten,Post,Q. Post,quinten-post,,,,4:36,4.6,0,0,0.0,0,0,0.0,0,0,0.0,0,0,0,0,1,0,0,0,0,2.0,0022500220,Quinten Post,quinten post,,,2025-11-12,1,0.0,0.0,0.0,0.0,0.2173913043478261,10.0,4.0,11.0,9.0,4.0,3.0,7.0,11.0,0.0,0,0.0,0,0.0,6.7,6700000.000000001,6.7,0.2173913043478261,5.0,2.0,0.0083987685
0022500220,1610612744,Golden State,Warriors,GSW,warriors,1627780,Gary,Payton II,G. Payton II,gary-payton-ii,,,,14:34,14.566666666666666,2,4,0.5,0,1,0.0,0,0,0.0,4,2,6,2,1,0,1,0,4,9.0,0022500220,Gary Payton II,gary payton  ii,,,2025-11-12,1,0.2745995423340961,0.2745995423340961,0.41189931350114417,0.13729977116704806,0.34324942791762014,7.0,1.0,1.0,7.0,4.0,3.0,3.0,9.0,1.0,0,0.0,0,0.00135,39.3,29089.563286454475,39.246945,0.06864988558352403,5.0,1.0,0.14730446
0022500047,1610612744,Golden State,Warriors,GSW,warriors,1642954,Will,Richard,W. Richard,will-richard,F,,,15:55,15.916666666666666,4,7,0.571,2,5,0.4,0,0,0.0,0,1,1,0,2,1,0,4,10,0.0,0022500047,Will Richard,will richard,,,2025-11-14,3,0.6282722513089005,0.0,0.06282722513089005,0.0,0.18848167539267016,3.0,8.0,10.0,8.0,1.0,3.0,5.0,7.0,5.0,0,1.0,0,0.00184,-3.0,-1629.5491580662683,-2.9944800000000003,0.18848167539267016,2.0,5.0,0.89064085
0022500047,1610612744,Golden State,Warriors,GSW,warriors,202710,Jimmy,Butler III,J. Butler III,jimmy-butler-iii,F,,,34:39,34.65,7,14,0.5,0,1,0.0,7,8,0.875,4,4,8,1,2,0,1,4,21,-3.0,0022500047,Jimmy Butler III,jimmy butler   iii,,,2025-11-14,2,0.6060606060606061,0.11544011544011544,0.23088023088023088,0.02886002886002886,0.17316017316017318,2.0,1.0,1.0,5.0,1.0,6.0,8.0,2.0,4.0,0,0.0,0,0.00229,-4.3,-1876.9096464426013,-4.290153,0.05772005772005772,4.0,6.0,0.74676824
0022500047,1610612744,Golden State,Warriors,GSW,warriors,203110,Draymond,Green,D. Green,draymond-green,C,,,33:07,33.11666666666667,3,12,0.25,0,4,0.0,0,0,0.0,4,4,8,8,0,3,4,5,6,-8.0,0022500047,Draymond Green,draymond green,,,2025-11-14,3,0.18117765475591344,0.12078510317060896,0.24157020634121792,0.24157020634121792,0.21137393054856568,5.0,1.0,1.0,1.0,6.0,1.0,10.0,3.0,1.0,0,0.0,0,0.00203,-8.8,-4332.840965041851,-8.782136000000001,0.09058882737795672,2.0,3.0,0.18346104
0022500047,1610612744,Golden State,Warriors,GSW,warriors,1630541,Moses,Moody,M. Moody,moses-moody,G,,,29:39,29.65,2,8,0.25,0,4,0.0,0,0,0.0,1,2,3,1,0,0,2,1,4,-2.0,0022500047,Moses Moody,moses moody,,,2025-11-14,0,0.13490725126475547,0.03372681281618887,0.10118043844856661,0.03372681281618887,0.03372681281618887,7.0,5.0,5.0,5.0,6.0,6.0,7.0,5.0,3.0,0,1.0,0,0.00135,-3.2,-2368.615840118431,-3.1956800000000003,0.0,9.0,9.0,0.022880692
0022500047,1610612744,Golden State,Warriors,GSW,warriors,201939,Stephen,Curry,S. Curry,stephen-curry,G,,,36:03,36.05,16,26,0.615,9,17,0.529,8,8,1.0,0,4,4,2,2,0,3,2,49,9.0,0022500047,Stephen Curry,stephen curry,,,2025-11-14,2,1.3592233009708738,0.0,0.11095700416088766,0.05547850208044383,0.05547850208044383,1.0,8.0,3.0,3.0,1.0,6.0,1.0,1.0,5.0,0,0.0,0,0.0037199999999999998,14.9,4004.2999193765118,14.844572000000001,0.05547850208044383,4.0,8.0,0.9096363
0022500047,1610612744,Golden State,Warriors,GSW,warriors,1627780,Gary,Payton II,G. Payton II,gary-payton-ii,,,,15:38,15.633333333333333,2,7,0.286,2,4,0.5,0,0,0.0,2,1,3,2,1,0,2,1,6,3.0,0022500047,Gary Payton II,gary payton  ii,,,2025-11-14,1,0.3837953091684435,0.1279317697228145,0.19189765458422176,0.1279317697228145,0.19189765458422176,5.0,3.0,5.0,3.0,5.0,6.0,4.0,8.0,2.0,0,0.0,0,0.0023699999999999997,16.2,6832.560101223113,16.161606,0.06396588486140725,6.0,4.0,0.1427064
0022500047,1610612744,Golden State,Warriors,GSW,warriors,201143,Al,Horford,A. Horford,al-horford,,,,23:33,23.55,0,4,0.0,0,2,0.0,0,0,0.0,2,1,3,0,2,2,0,1,0,6.0,0022500047,Al Horford,al horford,,,2025-11-14,4,0.0,0.08492569002123142,0.12738853503184713,0.0,0.25477707006369427,9.0,3.0,5.0,8.0,1.0,2.0,2.0,6.0,1.0,0,0.0,0,0.0006900000000000001,14.7,21273.51664254703,14.689857,0.16985138004246284,1.0,2.0,0.16739756
0022500047,1610612744,Golden State,Warriors,GSW,warriors,1641764,Brandin,Podziemski,B. Podziemski,brandin-podziemski,,,,29:56,29.933333333333334,3,8,0.375,3,6,0.5,1,2,0.5,0,3,3,3,0,1,0,1,10,4.0,0022500047,Brandin Podziemski,brandin podziemski,,,2025-11-14,1,0.33407572383073497,0.0,0.10022271714922049,0.10022271714922049,0.03340757238307349,3.0,8.0,5.0,2.0,6.0,3.0,3.0,4.0,2.0,0,1.0,0,0.0012900000000000001,6.7,5189.775367931836,6.691357,0.03340757238307349,6.0,10.0,0.14790198
0022500047,1610612744,Golden State,Warriors,GSW,warriors,1627741,Buddy,Hield,B. Hield,buddy-hield,,,,14:15,14.25,0,1,0.0,0,0,0.0,0,0,0.0,1,3,4,1,0,0,1,1,0,-1.0,0022500047,Buddy Hield,buddy hield,,,2025-11-14,0,0.0,0.07017543859649122,0.2807017543859649,0.07017543859649122,0.07017543859649122,9.0,5.0,3.0,5.0,6.0,6.0,6.0,9.0,1.0,0,0.0,0,0.0005600000000000001,0.2,356.50623885918003,0.199888,0.0,9.0,7.0,0.012142547
0022500047,1610612744,Golden State,Warriors,GSW,warriors,1642366,Quinten,Post,Q. Post,quinten-post,,,,7:15,7.25,1,3,0.333,1,2,0.5,0,0,0.0,1,1,2,0,0,1,1,0,3,-3.0,0022500047,Quinten Post,quinten post,,,2025-11-14,1,0.41379310344827586,0.13793103448275862,0.27586206896551724,0.0,0.27586206896551724,8.0,5.0,9.0,8.0,6.0,3.0,8.0,10.0,1.0,0,0.0,0,0.0023499999999999997,-13.8,-5869.842620161634,-13.767570000000001,0.13793103448275862,6.0,1.0,0.011263694
0022500237,1610612744,Golden State,Warriors,GSW,warriors,1642954,Will,Richard,W. Richard,will-richard,F,,,22:13,22.216666666666665,4,9,0.444,1,5,0.2,0,0,0.0,5,2,7,1,0,0,2,1,9,11.0,0022500237,Will Richard,will richard,,,2025-11-16,0,0.4051012753188297,0.22505626406601653,0.31507876969242316,0.045011252813203305,0.22505626406601653,5.0,1.0,2.0,8.0,7.0,4.0,5.0,6.0,,1,,1,0.00167,17.3,10353.081986834231,17.271109000000003,0.0,7.0,4.0,0.41484866
0022500237,1610612744,Golden State,Warriors,GSW,warriors,202710,Jimmy,Butler III,J. Butler III,jimmy-butler-iii,F,,,31:15,31.25,6,8,0.75,1,1,1.0,5,5,1.0,1,2,3,10,3,0,6,2,18,21.0,0022500237,Jimmy Butler III,jimmy butler   iii,,,2025-11-16,3,0.576,0.032,0.096,0.32,0.128,3.0,3.0,6.0,1.0,1.0,4.0,3.0,2.0,2.0,0,0.0,0,0.0019500000000000001,29.2,14966.68375192209,29.14306,0.096,2.0,8.0,0.72960615
0022500237,1610612744,Golden State,Warriors,GSW,warriors,203110,Draymond,Green,D. Green,draymond-green,C,,,24:47,24.783333333333335,3,13,0.231,2,5,0.4,0,0,0.0,4,6,10,6,2,1,5,4,8,23.0,0022500237,Draymond Green,draymond green,,,2025-11-16,3,0.32279757901815737,0.16139878950907868,0.40349697377269667,0.242098184263618,0.2824478816408877,7.0,2.0,1.0,2.0,4.0,2.0,1.0,5.0,2.0,0,1.0,0,0.00269,42.6,15830.546265328872,42.485406000000005,0.121049092131809,2.0,3.0,0.4218631
0022500237,1610612744,Golden State,Warriors,GSW,warriors,1630541,Moses,Moody,M. Moody,moses-moody,G,,,33:04,33.06666666666667,10,16,0.625,8,12,0.667,4,5,0.8,1,3,4,0,3,1,1,2,32,22.0,0022500237,Moses Moody,moses moody,,,2025-11-16,4,0.9677419354838709,0.030241935483870965,0.12096774193548386,0.0,0.15120967741935482,1.0,3.0,5.0,10.0,1.0,2.0,2.0,1.0,5.0,0,1.0,0,0.0022400000000000002,31.8,14190.093708165996,31.728768,0.12096774193548386,1.0,5.0,0.9554556
0022500237,1610612744,Golden State,Warriors,GSW,warriors,201939,Stephen,Curry,S. Curry,stephen-curry,G,,,28:07,28.116666666666667,2,11,0.182,1,6,0.167,4,5,0.8,1,4,5,3,0,0,4,3,9,18.0,0022500237,Stephen Curry,stephen curry,,,2025-11-16,0,0.32009484291641965,0.03556609365737996,0.17783046828689983,0.10669828097213989,0.03556609365737996,5.0,3.0,4.0,4.0,7.0,4.0,4.0,3.0,2.0,0,0.0,0,0.00227,31.4,13826.508146191105,31.328722,0.0,7.0,10.0,0.064462654
0022500237,1610612744,Golden State,Warriors,GSW,warriors,1627780,Gary,Payton II,G. Payton II,gary-payton-ii,,,,12:03,12.05,0,2,0.0,0,1,0.0,0,0,0.0,1,2,3,0,1,2,0,4,0,1.0,0022500237,Gary Payton II,gary payton  ii,,,2025-11-16,3,0.0,0.08298755186721991,0.24896265560165973,0.0,0.33195020746887965,13.0,3.0,6.0,10.0,6.0,1.0,8.0,9.0,1.0,0,0.0,0,0.0006900000000000001,8.5,12301.013024602024,8.494135,0.24896265560165973,2.0,1.0,0.03168482
0022500237,1610612744,Golden State,Warriors,GSW,warriors,201143,Al,Horford,A. Horford,al-horford,,,,20:11,20.183333333333334,2,5,0.4,2,5,0.4,0,0,0.0,1,1,2,6,2,0,1,0,6,-1.0,0022500237,Al Horford,al horford,,,2025-11-16,2,0.2972749793559042,0.0495458298926507,0.0990916597853014,0.2972749793559042,0.1486374896779521,8.0,3.0,9.0,2.0,4.0,4.0,9.0,7.0,3.0,0,0.0,0,0.00128,-2.4,-1873.5362997658078,-2.396928,0.0990916597853014,6.0,7.0,0.07524524
0022500237,1610612744,Golden State,Warriors,GSW,warriors,1627741,Buddy,Hield,B. Hield,buddy-hield,,,,19:51,19.85,4,8,0.5,3,6,0.5,0,0,0.0,0,2,2,2,3,0,1,1,11,2.0,0022500237,Buddy Hield,buddy hield,,,2025-11-16,3,0.5541561712846347,0.0,0.10075566750629722,0.10075566750629722,0.15113350125944583,4.0,10.0,9.0,6.0,1.0,4.0,7.0,8.0,1.0,0,0.0,0,0.00184,4.7,2552.960347637154,4.691352,0.15113350125944583,2.0,6.0,0.6449735
0022500237,1610612744,Golden State,Warriors,GSW,warriors,1641764,Brandin,Podziemski,B. Podziemski,brandin-podziemski,,,,25:47,25.783333333333335,8,13,0.615,3,7,0.429,0,0,0.0,0,3,3,3,0,0,0,1,19,7.0,0022500237,Brandin Podziemski,brandin podziemski,,,2025-11-16,0,0.7369101486748545,0.0,0.11635423400129281,0.11635423400129281,0.0,2.0,10.0,6.0,4.0,7.0,4.0,6.0,4.0,0.0,0,0.0,0,0.00217,14.8,6817.134960847536,14.767884,0.0,7.0,11.0,0.8448353
0022500237,1610612744,Golden State,Warriors,GSW,warriors,1642366,Quinten,Post,Q. Post,quinten-post,,,,10:14,10.233333333333333,1,4,0.25,1,4,0.25,1,2,0.5,1,6,7,0,0,0,0,1,4,-2.0,0022500237,Quinten Post,quinten post,,,2025-11-16,0,0.39087947882736157,0.09771986970684039,0.6840390879478828,0.0,0.09771986970684039,9.0,3.0,2.0,10.0,7.0,4.0,10.0,10.0,0.0,0,0.0,0,0.002,-14.8,-7396.301849075462,-14.7704,0.0,7.0,9.0,0.044419196
0022500237,1610612744,Golden State,Warriors,GSW,warriors,1630311,Pat,Spencer,P. Spencer,pat-spencer,,,,4:43,4.716666666666667,1,1,1.0,1,1,1.0,0,0,0.0,0,0,0,2,0,0,1,0,3,-4.0,0022500237,Pat Spencer,pat spencer,,,2025-11-16,0,0.6360424028268551,0.0,0.0,0.42402826855123676,0.0,10.0,10.0,12.0,6.0,7.0,4.0,11.0,11.0,,1,,1,0.00133,-43.6,-32757.325319308795,-43.542012,0.0,7.0,11.0,0.0065789865
0022500237,1610612744,Golden State,Warriors,GSW,warriors,1630611,Gui,Santos,G. Santos,gui-santos,,,,4:43,4.716666666666667,1,3,0.333,1,3,0.333,0,0,0.0,0,0,0,0,0,0,0,2,3,-4.0,0022500237,Gui Santos,gui santos,,,2025-11-16,0,0.6360424028268551,0.0,0.0,0.0,0.0,10.0,10.0,12.0,10.0,7.0,4.0,11.0,11.0,,1,,1,0.002,-43.6,-21789.10544727636,-43.5128,0.0,7.0,11.0,0.011604869
0022500237,1610612744,Golden State,Warriors,GSW,warriors,1631218,Trayce,Jackson-Davis,T. Jackson-Davis,trayce-jackson-davis,,,,3:02,3.033333333333333,1,1,1.0,0,0,0.0,0,0,0.0,1,0,1,1,0,0,0,2,2,-4.0,0022500237,Trayce Jackson-Davis,trayce jackson-davis,,,2025-11-16,0,0.6593406593406593,0.32967032967032966,0.32967032967032966,0.32967032967032966,0.32967032967032966,12.0,3.0,11.0,8.0,7.0,4.0,11.0,13.0,1.0,0,0.0,0,0.00091,-44.4,-48737.65093304061,-44.359596,0.0,7.0,2.0,0.00795117
0022500249,1610612744,Golden State,Warriors,GSW,warriors,1642954,Will,Richard,W. Richard,will-richard,F,,,15:18,15.3,2,2,1.0,1,1,1.0,1,2,0.5,0,0,0,2,1,0,1,3,6,-4.0,0022500249,Will Richard,will richard,,,2025-11-18,1,0.39215686274509803,0.0,0.0,0.13071895424836602,0.06535947712418301,5.0,6.0,9.0,4.0,5.0,3.0,6.0,7.0,1.0,0,0.0,0,0.00108,-14.6,-13506.012950971324,-14.584232,0.06535947712418301,6.0,7.0,0.07342851
0022500249,1610612744,Golden State,Warriors,GSW,warriors,202710,Jimmy,Butler III,J. Butler III,jimmy-butler-iii,F,,,38:14,38.233333333333334,10,16,0.625,0,1,0.0,13,15,0.867,1,6,7,4,3,0,3,0,33,-1.0,0022500249,Jimmy Butler III,jimmy butler   iii,,,2025-11-18,3,0.8631211857018308,0.026155187445510025,0.18308631211857018,0.1046207497820401,0.1046207497820401,2.0,2.0,1.0,3.0,1.0,3.0,3.0,1.0,4.0,0,0.0,0,0.00302,2.9,959.9470374048327,2.8912419999999996,0.07846556233653007,1.0,3.0,0.8067544
0022500249,1610612744,Golden State,Warriors,GSW,warriors,203110,Draymond,Green,D. Green,draymond-green,C,,,31:24,31.4,5,8,0.625,2,5,0.4,0,0,0.0,0,6,6,6,0,2,3,4,12,9.0,0022500249,Draymond Green,draymond green,,,2025-11-18,2,0.3821656050955414,0.0,0.1910828025477707,0.1910828025477707,0.06369426751592357,3.0,6.0,2.0,2.0,6.0,1.0,1.0,3.0,3.0,0,0.0,0,0.00149,14.8,9926.224010731054,14.777948,0.06369426751592357,4.0,8.0,0.7572484
0022500249,1610612744,Golden State,Warriors,GSW,warriors,1630541,Moses,Moody,M. Moody,moses-moody,G,,,29:34,29.566666666666666,2,6,0.333,1,4,0.25,1,2,0.5,1,3,4,2,2,0,3,3,6,-3.0,0022500249,Moses Moody,moses moody,,,2025-11-18,2,0.20293122886133033,0.033821871476888386,0.13528748590755355,0.06764374295377677,0.10146561443066517,5.0,2.0,5.0,4.0,3.0,3.0,4.0,4.0,3.0,0,0.0,0,0.0014299999999999998,-2.8,-1956.6736547868625,-2.7959959999999997,0.06764374295377677,4.0,4.0,0.079150036
0022500249,1610612744,Golden State,Warriors,GSW,warriors,201939,Stephen,Curry,S. Curry,stephen-curry,G,,,34:13,34.21666666666667,12,23,0.522,7,15,0.467,3,5,0.6,0,3,3,9,3,0,5,2,34,-3.0,0022500249,Stephen Curry,stephen curry,,,2025-11-18,3,0.9936678032148075,0.0,0.08767657087189479,0.26302971261568436,0.08767657087189479,1.0,6.0,6.0,1.0,1.0,3.0,4.0,2.0,5.0,0,0.0,0,0.0037,-3.8,-1026.749527154823,-3.7859399999999996,0.08767657087189479,1.0,6.0,0.8568209
0022500249,1610612744,Golden State,Warriors,GSW,warriors,1641764,Brandin,Podziemski,B. Podziemski,brandin-podziemski,,,,26:31,26.516666666666666,2,7,0.286,1,2,0.5,0,0,0.0,1,5,6,0,0,0,0,2,5,-7.0,0022500249,Brandin Podziemski,brandin podziemski,,,2025-11-18,0,0.18856065367693275,0.037712130735386554,0.2262727844123193,0.0,0.037712130735386554,7.0,2.0,2.0,9.0,6.0,3.0,8.0,6.0,0.0,0,1.0,0,0.00117,-10.9,-9308.283518360377,-10.887247,0.0,7.0,9.0,0.025321765
0022500249,1610612744,Golden State,Warriors,GSW,warriors,1627780,Gary,Payton II,G. Payton II,gary-payton-ii,,,,10:15,10.25,2,3,0.667,0,0,0.0,0,0,0.0,1,0,1,1,0,0,0,2,4,-15.0,0022500249,Gary Payton II,gary payton  ii,,,2025-11-18,0,0.3902439024390244,0.0975609756097561,0.0975609756097561,0.0975609756097561,0.0975609756097561,8.0,2.0,8.0,6.0,6.0,3.0,10.0,10.0,0.0,0,0.0,0,0.00115,-57.3,-49782.79756733275,-57.234105,0.0,7.0,5.0,0.018077396
0022500249,1610612744,Golden State,Warriors,GSW,warriors,1627741,Buddy,Hield,B. Hield,buddy-hield,,,,15:12,15.2,1,3,0.333,0,1,0.0,0,0,0.0,0,0,0,0,0,0,1,0,2,-5.0,0022500249,Buddy Hield,buddy hield,,,2025-11-18,0,0.13157894736842105,0.0,0.0,0.0,0.0,9.0,6.0,9.0,9.0,6.0,3.0,7.0,8.0,,1,,1,0.00114,-18.4,-16126.205083260298,-18.379023999999998,0.0,7.0,10.0,0.006966905
0022500249,1610612744,Golden State,Warriors,GSW,warriors,201143,Al,Horford,A. Horford,al-horford,,,,27:10,27.166666666666668,2,6,0.333,1,4,0.25,4,4,1.0,0,6,6,1,2,1,2,2,9,-11.0,0022500249,Al Horford,al horford,,,2025-11-18,3,0.3312883435582822,0.0,0.22085889570552147,0.03680981595092024,0.11042944785276074,4.0,6.0,2.0,6.0,3.0,2.0,9.0,5.0,1.0,0,0.0,0,0.00161,-14.8,-9186.840471756674,-14.776172,0.11042944785276074,1.0,2.0,0.07161903
0022500249,1610612744,Golden State,Warriors,GSW,warriors,1642366,Quinten,Post,Q. Post,quinten-post,,,,12:09,12.15,1,4,0.25,0,3,0.0,0,0,0.0,2,1,3,1,0,0,0,0,2,0.0,0022500249,Quinten Post,quinten post,,,2025-11-18,0,0.1646090534979424,0.1646090534979424,0.24691358024691357,0.0823045267489712,0.1646090534979424,9.0,1.0,6.0,6.0,6.0,3.0,2.0,9.0,1.0,0,0.0,0,0.00148,-11.6,-7832.545577312627,-11.582832,0.0,7.0,1.0,0.019862333
0022500257,1610612744,Golden State,Warriors,GSW,warriors,1642954,Will,Richard,W. Richard,will-richard,F,,,18:05,18.083333333333332,0,3,0.0,0,2,0.0,0,0,0.0,1,2,3,0,0,0,1,1,0,-25.0,0022500257,Will Richard,will richard,,,2025-11-19,0,0.0,0.055299539170506916,0.16589861751152074,0.0,0.055299539170506916,9.0,5.0,9.0,6.0,6.0,5.0,9.0,9.0,0.0,0,0.0,0,0.00078,-64.1,-82074.2637644046,-64.05000199999999,0.0,8.0,8.0,0.004646351
0022500257,1610612744,Golden State,Warriors,GSW,warriors,1630611,Gui,Santos,G. Santos,gui-santos,F,,,18:26,18.433333333333334,1,7,0.143,1,6,0.167,1,2,0.5,3,3,6,0,0,1,2,2,4,-14.0,0022500257,Gui Santos,gui santos,,,2025-11-19,1,0.21699819168173598,0.162748643761302,0.325497287522604,0.0,0.21699819168173598,8.0,3.0,5.0,6.0,6.0,2.0,7.0,8.0,3.0,0,0.0,0,0.00208,-35.1,-16866.89091782797,-35.026992,0.054249547920433995,5.0,4.0,0.017185131
0022500257,1610612744,Golden State,Warriors,GSW,warriors,1631218,Trayce,Jackson-Davis,T. Jackson-Davis,trayce-jackson-davis,C,,,24:57,24.95,2,3,0.667,0,0,0.0,4,7,0.571,7,5,12,0,0,1,1,1,8,-16.0,0022500257,Trayce Jackson-Davis,trayce jackson-davis,,,2025-11-19,1,0.32064128256513025,0.280561122244489,0.4809619238476954,0.0,0.32064128256513025,6.0,1.0,1.0,6.0,6.0,2.0,8.0,6.0,0.0,0,0.0,0,0.001,-26.7,-26673.326673326676,-26.673299999999998,0.04008016032064128,5.0,1.0,0.37974113
0022500257,1610612744,Golden State,Warriors,GSW,warriors,1630541,Moses,Moody,M. Moody,moses-moody,G,,,35:42,35.7,3,12,0.25,1,6,0.167,2,2,1.0,1,5,6,4,1,1,3,3,9,-11.0,0022500257,Moses Moody,moses moody,,,2025-11-19,2,0.25210084033613445,0.028011204481792715,0.1680672268907563,0.11204481792717086,0.08403361344537814,5.0,5.0,5.0,2.0,4.0,2.0,4.0,1.0,1.0,0,0.0,0,0.00165,-11.5,-6965.475469412478,-11.481024999999999,0.05602240896358543,2.0,5.0,0.081947386
0022500257,1610612744,Golden State,Warriors,GSW,warriors,1641764,Brandin,Podziemski,B. Podziemski,brandin-podziemski,G,,,34:27,34.45,6,19,0.316,2,7,0.286,6,7,0.857,2,6,8,2,0,0,3,2,20,-13.0,0022500257,Brandin Podziemski,brandin podziemski,,,2025-11-19,0,0.5805515239477503,0.05805515239477503,0.23222060957910012,0.05805515239477503,0.05805515239477503,1.0,4.0,2.0,4.0,6.0,5.0,6.0,2.0,0.0,0,0.0,0,0.00269,-14.2,-5276.848755109624,-14.161802,0.0,8.0,7.0,0.49569753
0022500257,1610612744,Golden State,Warriors,GSW,warriors,1627741,Buddy,Hield,B. Hield,buddy-hield,,,,30:50,30.833333333333332,7,20,0.35,4,15,0.267,0,0,0.0,0,6,6,3,2,0,4,4,18,-11.0,0022500257,Buddy Hield,buddy hield,,,2025-11-19,2,0.5837837837837838,0.0,0.1945945945945946,0.0972972972972973,0.06486486486486487,3.0,8.0,5.0,3.0,1.0,5.0,4.0,4.0,6.0,0,0.0,0,0.0027600000000000003,-15.3,-5541.470481709525,-15.257772000000001,0.06486486486486487,2.0,6.0,0.70207864
0022500257,1610612744,Golden State,Warriors,GSW,warriors,1627780,Gary,Payton II,G. Payton II,gary-payton-ii,,,,19:07,19.116666666666667,2,5,0.4,1,2,0.5,2,2,1.0,1,6,7,0,2,2,0,2,7,5.0,0022500257,Gary Payton II,gary payton  ii,,,2025-11-19,4,0.36617262423714037,0.05231037489102005,0.36617262423714037,0.0,0.26155187445510025,7.0,5.0,4.0,6.0,1.0,1.0,2.0,7.0,2.0,0,0.0,0,0.00115,11.4,9904.430929626413,11.386890000000001,0.2092414995640802,1.0,2.0,0.6429754
0022500257,1610612744,Golden State,Warriors,GSW,warriors,1630311,Pat,Spencer,P. Spencer,pat-spencer,,,,32:07,32.11666666666667,5,13,0.385,1,4,0.25,0,0,0.0,5,3,8,13,2,0,2,4,11,10.0,0022500257,Pat Spencer,pat spencer,,,2025-11-19,2,0.34250129735339907,0.15568240788790866,0.24909185262065386,0.4047742605085625,0.21795537104307214,4.0,2.0,2.0,1.0,1.0,5.0,1.0,3.0,3.0,0,0.0,0,0.0017399999999999998,13.7,7869.040781160254,13.676162,0.062272963155163466,2.0,3.0,0.8802995
0022500257,1610612744,Golden State,Warriors,GSW,warriors,1642366,Quinten,Post,Q. Post,quinten-post,,,,26:19,26.316666666666666,8,13,0.615,3,7,0.429,0,0,0.0,0,6,6,2,1,0,5,1,19,5.0,0022500257,Quinten Post,quinten post,,,2025-11-19,1,0.7219759341355289,0.0,0.2279924002533249,0.0759974667511083,0.03799873337555415,2.0,8.0,5.0,4.0,4.0,5.0,2.0,5.0,3.0,0,0.0,0,0.0025700000000000002,8.5,3306.1065733177747,8.478155000000001,0.03799873337555415,5.0,9.0,0.8464128
0022500056,1610612744,Golden State,Warriors,GSW,warriors,1642954,Will,Richard,W. Richard,will-richard,F,,,9:19,9.316666666666666,1,2,0.5,0,1,0.0,0,0,0.0,0,2,2,1,0,0,0,2,2,-4.0,0022500056,Will Richard,will richard,,,2025-11-21,0,0.21466905187835422,0.0,0.21466905187835422,0.10733452593917711,0.0,9.0,5.0,5.0,7.0,7.0,5.0,9.0,10.0,2.0,0,1.0,0,0.00095,-7.7,-8096.7402733964245,-7.692685,0.0,8.0,8.0,0.012884338
0022500056,1610612744,Golden State,Warriors,GSW,warriors,202710,Jimmy,Butler III,J. Butler III,jimmy-butler-iii,F,,,33:53,33.88333333333333,5,15,0.333,0,0,0.0,10,11,0.909,6,2,8,5,2,1,0,2,20,0.0,0022500056,Jimmy Butler III,jimmy butler   iii,,,2025-11-21,3,0.5902606984751598,0.17707820954254797,0.23610427939006395,0.14756517461878996,0.26561731431382196,2.0,1.0,1.0,2.0,4.0,1.0,4.0,2.0,3.0,0,0.0,0,0.00241,0.0,0.0,0.0,0.08853910477127398,2.0,1.0,0.44496602
0022500056,1610612744,Golden State,Warriors,GSW,warriors,203110,Draymond,Green,D. Green,draymond-green,C,,,33:58,33.96666666666667,4,11,0.364,2,6,0.333,1,2,0.5,1,4,5,7,3,1,3,4,11,-3.0,0022500056,Draymond Green,draymond green,,,2025-11-21,4,0.323846908734053,0.02944062806673209,0.14720314033366044,0.20608439646712462,0.14720314033366044,4.0,2.0,3.0,1.0,1.0,1.0,6.0,1.0,3.0,0,0.0,0,0.0019,-1.0,-526.0389268805892,-0.9981,0.11776251226692835,1.0,4.0,0.57652587
0022500056,1610612744,Golden State,Warriors,GSW,warriors,1630541,Moses,Moody,M. Moody,moses-moody,G,,,28:27,28.45,3,6,0.5,2,5,0.4,2,2,1.0,1,1,2,1,0,1,2,5,10,-15.0,0022500056,Moses Moody,moses moody,,,2025-11-21,1,0.351493848857645,0.0351493848857645,0.070298769771529,0.0351493848857645,0.070298769771529,5.0,2.0,5.0,7.0,7.0,1.0,11.0,5.0,2.0,0,0.0,0,0.00136,-23.1,-16972.814107274065,-23.068584,0.0351493848857645,6.0,6.0,0.0958191
0022500056,1610612744,Golden State,Warriors,GSW,warriors,201939,Stephen,Curry,S. Curry,stephen-curry,G,,,33:39,33.65,14,23,0.609,9,17,0.529,1,1,1.0,0,2,2,4,0,0,3,2,38,-3.0,0022500056,Stephen Curry,stephen curry,,,2025-11-21,0,1.1292719167904903,0.0,0.05943536404160476,0.11887072808320952,0.0,1.0,5.0,5.0,3.0,7.0,5.0,6.0,3.0,1.0,0,0.0,0,0.0034200000000000003,-0.5,-146.15609470914936,-0.49829,0.0,8.0,8.0,0.93981963
0022500056,1610612744,Golden State,Warriors,GSW,warriors,201143,Al,Horford,A. Horford,al-horford,,,,18:08,18.133333333333333,2,5,0.4,1,3,0.333,2,2,1.0,1,5,6,3,2,1,1,1,7,-5.0,0022500056,Al Horford,al horford,,,2025-11-21,3,0.3860294117647059,0.05514705882352941,0.33088235294117646,0.16544117647058823,0.22058823529411764,6.0,2.0,2.0,5.0,4.0,1.0,10.0,6.0,2.0,0,0.0,0,0.0017100000000000001,-20.7,-12098.188194038574,-20.664603,0.16544117647058823,2.0,2.0,0.12546824
0022500056,1610612744,Golden State,Warriors,GSW,warriors,1627780,Gary,Payton II,G. Payton II,gary-payton-ii,,,,16:55,16.916666666666668,3,4,0.75,0,0,0.0,0,0,0.0,0,2,2,4,0,0,1,3,6,-2.0,0022500056,Gary Payton II,gary payton  ii,,,2025-11-21,0,0.354679802955665,0.0,0.11822660098522167,0.23645320197044334,0.0,8.0,5.0,5.0,3.0,7.0,5.0,5.0,7.0,1.0,0,0.0,0,0.00135,2.1,1554.4041450777204,2.097165,0.0,8.0,8.0,0.07050658
0022500056,1610612744,Golden State,Warriors,GSW,warriors,1641764,Brandin,Podziemski,B. Podziemski,brandin-podziemski,,,,29:55,29.916666666666668,5,9,0.556,2,5,0.4,8,10,0.8,0,0,0,3,3,0,1,1,20,3.0,0022500056,Brandin Podziemski,brandin podziemski,,,2025-11-21,3,0.6685236768802229,0.0,0.0,0.10027855153203342,0.10027855153203342,2.0,5.0,10.0,5.0,1.0,5.0,3.0,4.0,4.0,0,0.0,0,0.00203,2.9,1427.8680452978826,2.894113,0.10027855153203342,2.0,5.0,0.8294299
0022500056,1610612744,Golden State,Warriors,GSW,warriors,1627741,Buddy,Hield,B. Hield,buddy-hield,,,,15:37,15.616666666666667,0,1,0.0,0,1,0.0,0,0,0.0,0,1,1,0,1,0,1,1,0,5.0,0022500056,Buddy Hield,buddy hield,,,2025-11-21,1,0.0,0.0,0.064034151547492,0.0,0.064034151547492,11.0,5.0,9.0,10.0,6.0,5.0,2.0,9.0,2.0,0,0.0,0,0.0005,10.9,21756.487025948103,10.89455,0.064034151547492,6.0,7.0,0.018424314
0022500056,1610612744,Golden State,Warriors,GSW,warriors,1642366,Quinten,Post,Q. Post,quinten-post,,,,16:53,16.883333333333333,2,6,0.333,1,5,0.2,2,2,1.0,0,4,4,1,3,0,1,4,7,7.0,0022500056,Quinten Post,quinten post,,,2025-11-21,3,0.4146100691016782,0.0,0.23692003948667326,0.059230009871668314,0.17769002961500494,6.0,5.0,4.0,7.0,1.0,5.0,1.0,8.0,2.0,0,0.0,0,0.0019500000000000001,16.6,8508.457201435162,16.56763,0.17769002961500494,2.0,3.0,0.2581474
0022500056,1610612744,Golden State,Warriors,GSW,warriors,1631218,Trayce,Jackson-Davis,T. Jackson-Davis,trayce-jackson-davis,,,,3:17,3.283333333333333,1,1,1.0,0,0,0.0,0,0,0.0,0,0,0,0,0,0,0,0,2,-3.0,0022500056,Trayce Jackson-Davis,trayce jackson-davis,,,2025-11-21,0,0.6091370558375635,0.0,0.0,0.0,0.0,9.0,5.0,10.0,10.0,7.0,5.0,6.0,11.0,,1,,1,0.00125,-42.9,-34292.565947242205,-42.846375,0.0,8.0,8.0,0.0083515635
0022500291,1610612744,Golden State,Warriors,GSW,warriors,1627780,Gary,Payton II,G. Payton II,gary-payton-ii,F,,,20:50,20.833333333333332,4,8,0.5,1,2,0.5,0,0,0.0,2,4,6,8,1,0,0,3,9,-3.0,0022500291,Gary Payton II,gary payton  ii,,,2025-11-24,1,0.43200000000000005,0.096,0.28800000000000003,0.384,0.14400000000000002,5.0,3.0,1.0,1.0,4.0,4.0,9.0,7.0,0.0,0,0.0,0,0.00145,-1.2,-827.0158511371469,-1.19826,0.048,7.0,5.0,0.44349402
0022500291,1610612744,Golden State,Warriors,GSW,warriors,202710,Jimmy,Butler III,J. Butler III,jimmy-butler-iii,F,,,28:33,28.55,8,11,0.727,0,0,0.0,2,3,0.667,1,5,6,7,1,0,0,1,18,19.0,0022500291,Jimmy Butler III,jimmy butler   iii,,,2025-11-24,1,0.6304728546409807,0.03502626970227671,0.21015761821366025,0.24518388791593695,0.07005253940455342,3.0,5.0,1.0,2.0,4.0,4.0,4.0,3.0,2.0,0,0.0,0,0.00169,30.2,17859.25487876996,30.148962,0.03502626970227671,7.0,9.0,0.83505136
0022500291,1610612744,Golden State,Warriors,GSW,warriors,1642366,Quinten,Post,Q. Post,quinten-post,C,,,27:33,27.55,3,8,0.375,1,5,0.2,2,2,1.0,1,3,4,5,1,1,1,2,9,27.0,0022500291,Quinten Post,quinten post,,,2025-11-24,2,0.32667876588021777,0.036297640653357534,0.14519056261343014,0.18148820326678766,0.1088929219600726,5.0,5.0,8.0,3.0,4.0,3.0,2.0,4.0,0.0,0,0.0,0,0.00147,44.3,30115.567641060505,44.234879,0.07259528130671507,2.0,7.0,0.3102102
0022500291,1610612744,Golden State,Warriors,GSW,warriors,1630541,Moses,Moody,M. Moody,moses-moody,G,,,29:11,29.183333333333334,6,17,0.353,3,12,0.25,0,0,0.0,1,5,6,0,2,0,0,2,15,20.0,0022500291,Moses Moody,moses moody,,,2025-11-24,2,0.5139920045688178,0.034266133637921185,0.20559680182752713,0.0,0.10279840091376356,4.0,5.0,1.0,11.0,1.0,4.0,3.0,1.0,3.0,0,0.0,0,0.0022400000000000002,27.5,12271.307452030342,27.438399999999998,0.06853226727584237,2.0,8.0,0.40004295
0022500291,1610612744,Golden State,Warriors,GSW,warriors,201939,Stephen,Curry,S. Curry,stephen-curry,G,,,29:02,29.033333333333335,12,24,0.5,6,17,0.353,1,1,1.0,1,3,4,2,1,2,3,0,31,4.0,0022500291,Stephen Curry,stephen curry,,,2025-11-24,3,1.0677382319173363,0.03444316877152698,0.1377726750861079,0.06888633754305395,0.1377726750861079,1.0,5.0,8.0,6.0,4.0,1.0,6.0,2.0,2.0,0,0.0,0,0.0034599999999999995,6.1,1762.4963883270732,6.078893999999999,0.10332950631458093,1.0,6.0,0.8793748
0022500291,1610612744,Golden State,Warriors,GSW,warriors,1631218,Trayce,Jackson-Davis,T. Jackson-Davis,trayce-jackson-davis,,,,20:13,20.216666666666665,2,6,0.333,0,0,0.0,1,2,0.5,4,2,6,1,0,2,0,1,5,-7.0,0022500291,Trayce Jackson-Davis,trayce jackson-davis,,,2025-11-24,2,0.247320692497939,0.1978565539983512,0.29678483099752684,0.0494641384995878,0.29678483099752684,10.0,1.0,1.0,8.0,9.0,1.0,10.0,8.0,1.0,0,0.0,0,0.00123,-18.3,-14865.9626320065,-18.277491,0.0989282769991756,2.0,1.0,0.07792788
0022500291,1610612744,Golden State,Warriors,GSW,warriors,1630611,Gui,Santos,G. Santos,gui-santos,,,,8:58,8.966666666666667,3,4,0.75,1,1,1.0,2,2,1.0,0,0,0,2,0,0,2,0,9,-14.0,0022500291,Gui Santos,gui santos,,,2025-11-24,0,1.003717472118959,0.0,0.0,0.22304832713754646,0.0,5.0,10.0,11.0,6.0,9.0,4.0,11.0,11.0,2.0,0,0.0,0,0.00292,-77.9,-26668.948990071895,-77.672532,0.0,10.0,10.0,0.07184893
0022500291,1610612744,Golden State,Warriors,GSW,warriors,1641764,Brandin,Podziemski,B. Podziemski,brandin-podziemski,,,,17:47,17.783333333333335,1,4,0.25,1,2,0.5,3,4,0.75,1,4,5,3,2,0,1,1,6,-2.0,0022500291,Brandin Podziemski,brandin podziemski,,,2025-11-24,2,0.33739456419868785,0.05623242736644798,0.2811621368322399,0.16869728209934393,0.16869728209934393,9.0,5.0,6.0,5.0,1.0,4.0,8.0,9.0,2.0,0,0.0,0,0.0014299999999999998,-11.3,-7896.575821104125,-11.283841,0.11246485473289596,2.0,4.0,0.04094367
0022500291,1610612744,Golden State,Warriors,GSW,warriors,1627741,Buddy,Hield,B. Hield,buddy-hield,,,,22:44,22.733333333333334,8,13,0.615,4,8,0.5,0,0,0.0,3,2,5,4,1,0,2,1,20,0.0,0022500291,Buddy Hield,buddy hield,,,2025-11-24,1,0.8797653958944281,0.13196480938416422,0.21994134897360704,0.1759530791788856,0.1759530791788856,2.0,2.0,6.0,4.0,4.0,4.0,7.0,5.0,1.0,0,0.0,0,0.0023799999999999997,-2.4,-1007.9798404031919,-2.394288,0.0439882697947214,7.0,3.0,0.8933
0022500291,1610612744,Golden State,Warriors,GSW,warriors,1642954,Will,Richard,W. Richard,will-richard,,,,21:42,21.7,3,7,0.429,2,4,0.5,1,2,0.5,2,4,6,1,2,0,0,2,9,29.0,0022500291,Will Richard,will richard,,,2025-11-24,2,0.4147465437788019,0.09216589861751152,0.2764976958525346,0.04608294930875576,0.18433179723502305,5.0,3.0,1.0,8.0,1.0,4.0,1.0,6.0,3.0,0,0.0,0,0.0013800000000000002,65.0,47067.342505430846,64.91029999999999,0.09216589861751152,2.0,2.0,0.683059
0022500291,1610612744,Golden State,Warriors,GSW,warriors,1630311,Pat,Spencer,P. Spencer,pat-spencer,,,,13:27,13.45,1,2,0.5,0,1,0.0,1,2,0.5,0,2,2,1,0,0,1,1,3,12.0,0022500291,Pat Spencer,pat spencer,,,2025-11-24,0,0.2230483271375465,0.0,0.14869888475836432,0.07434944237918216,0.0,11.0,10.0,10.0,8.0,9.0,4.0,5.0,10.0,2.0,0,0.0,0,0.00121,42.9,35425.26837324526,42.848091,0.0,10.0,10.0,0.01172714
0022500066,1610612744,Golden State,Warriors,GSW,warriors,1642954,Will,Richard,W. Richard,will-richard,F,,,28:01,28.016666666666666,7,12,0.583,2,7,0.286,2,2,1.0,3,3,6,0,2,0,0,4,18,1.0,0022500066,Will Richard,will richard,,,2025-11-26,2,0.6424747174301012,0.10707911957168352,0.21415823914336704,0.0,0.17846519928613921,2.0,1.0,3.0,10.0,2.0,4.0,5.0,6.0,2.0,0,0.0,0,0.00185,4.0,2160.9940572663427,3.9926,0.07138607971445568,2.0,2.0,0.88124055
0022500066,1610612744,Golden State,Warriors,GSW,warriors,202710,Jimmy,Butler III,J. Butler III,jimmy-butler-iii,F,,,32:35,32.583333333333336,6,11,0.545,2,4,0.5,7,7,1.0,1,4,5,5,2,0,0,3,21,-4.0,0022500066,Jimmy Butler III,jimmy butler   iii,,,2025-11-26,2,0.6445012787723785,0.030690537084398974,0.15345268542199486,0.15345268542199486,0.09207161125319692,1.0,4.0,5.0,2.0,2.0,4.0,6.0,3.0,2.0,0,0.0,0,0.00194,-6.3,-3245.7496136012364,-6.287777999999999,0.06138107416879795,2.0,4.0,0.826385
0022500066,1610612744,Golden State,Warriors,GSW,warriors,203110,Draymond,Green,D. Green,draymond-green,C,,,34:16,34.266666666666666,5,8,0.625,2,5,0.4,0,0,0.0,1,8,9,8,0,2,4,3,12,9.0,0022500066,Draymond Green,draymond green,,,2025-11-26,2,0.3501945525291829,0.029182879377431907,0.26264591439688717,0.23346303501945526,0.08754863813229573,5.0,4.0,1.0,1.0,5.0,1.0,1.0,1.0,2.0,0,1.0,0,0.0015199999999999999,8.5,5588.428665351743,8.48708,0.058365758754863814,2.0,6.0,0.84902483
0022500066,1610612744,Golden State,Warriors,GSW,warriors,1630541,Moses,Moody,M. Moody,moses-moody,G,,,30:05,30.083333333333332,2,8,0.25,1,5,0.2,4,4,1.0,3,4,7,1,0,0,0,4,9,7.0,0022500066,Moses Moody,moses moody,,,2025-11-26,0,0.2991689750692521,0.0997229916897507,0.23268698060941828,0.0332409972299169,0.0997229916897507,7.0,1.0,2.0,5.0,5.0,4.0,2.0,4.0,3.0,0,0.0,0,0.00133,7.8,5860.255447032307,7.789625999999999,0.0,7.0,3.0,0.3910027
0022500066,1610612744,Golden State,Warriors,GSW,warriors,201939,Stephen,Curry,S. Curry,stephen-curry,G,,,32:45,32.75,4,13,0.308,2,9,0.222,4,4,1.0,1,5,6,5,0,2,7,4,14,5.0,0022500066,Stephen Curry,stephen curry,,,2025-11-26,2,0.42748091603053434,0.030534351145038167,0.183206106870229,0.15267175572519084,0.0916030534351145,3.0,4.0,3.0,2.0,5.0,1.0,3.0,2.0,1.0,0,0.0,0,0.00293,13.3,4537.70044353463,13.261031000000001,0.061068702290076333,2.0,5.0,0.3722008
0022500066,1610612744,Golden State,Warriors,GSW,warriors,1627780,Gary,Payton II,G. Payton II,gary-payton-ii,,,,4:54,4.9,0,1,0.0,0,0,0.0,0,0,0.0,0,1,1,1,0,0,1,1,0,3.0,0022500066,Gary Payton II,gary payton  ii,,,2025-11-26,0,0.0,0.0,0.2040816326530612,0.2040816326530612,0.0,8.0,9.0,9.0,5.0,5.0,4.0,4.0,11.0,1.0,0,0.0,0,0.00154,27.3,17715.768981181052,27.257958000000002,0.0,7.0,9.0,0.0050536096
0022500066,1610612744,Golden State,Warriors,GSW,warriors,1642366,Quinten,Post,Q. Post,quinten-post,,,,21:35,21.583333333333332,5,11,0.455,1,6,0.167,1,2,0.5,2,3,5,1,3,1,0,3,12,-7.0,0022500066,Quinten Post,quinten post,,,2025-11-26,4,0.555984555984556,0.09266409266409267,0.23166023166023167,0.04633204633204634,0.277992277992278,5.0,3.0,5.0,5.0,1.0,3.0,8.0,7.0,2.0,0,0.0,0,0.0023499999999999997,-16.3,-6933.2199064228,-16.261695,0.18532818532818535,1.0,1.0,0.62911916
0022500066,1610612744,Golden State,Warriors,GSW,warriors,1627741,Buddy,Hield,B. Hield,buddy-hield,,,,15:04,15.066666666666666,0,4,0.0,0,3,0.0,0,0,0.0,1,2,3,0,0,0,0,0,0,-10.0,0022500066,Buddy Hield,buddy hield,,,2025-11-26,0,0.0,0.06637168141592921,0.19911504424778761,0.0,0.06637168141592921,8.0,4.0,8.0,10.0,5.0,4.0,10.0,8.0,2.0,0,0.0,0,0.0014299999999999998,-30.2,-21104.122990915446,-30.156813999999997,0.0,7.0,8.0,0.006200919
0022500066,1610612744,Golden State,Warriors,GSW,warriors,1641764,Brandin,Podziemski,B. Podziemski,brandin-podziemski,,,,28:23,28.383333333333333,6,11,0.545,2,3,0.667,0,2,0.0,1,3,4,2,1,0,2,3,14,-7.0,0022500066,Brandin Podziemski,brandin podziemski,,,2025-11-26,1,0.4932472108044627,0.03523194362889019,0.14092777451556077,0.07046388725778038,0.07046388725778038,3.0,4.0,7.0,4.0,4.0,4.0,8.0,5.0,1.0,0,0.0,0,0.00197,-18.3,-9284.62709284627,-18.263949,0.03523194362889019,6.0,7.0,0.52748865
0022500066,1610612744,Golden State,Warriors,GSW,warriors,1630311,Pat,Spencer,P. Spencer,pat-spencer,,,,6:27,6.45,0,1,0.0,0,0,0.0,0,0,0.0,0,0,0,1,0,0,0,0,0,-6.0,0022500066,Pat Spencer,pat spencer,,,2025-11-26,0,0.0,0.0,0.0,0.15503875968992248,0.0,8.0,9.0,11.0,5.0,5.0,4.0,7.0,9.0,0.0,0,0.0,0,0.0007099999999999999,-65.2,-91701.82841068918,-65.15370800000001,0.0,7.0,9.0,0.0026390422
0022500066,1610612744,Golden State,Warriors,GSW,warriors,1630611,Gui,Santos,G. Santos,gui-santos,,,,5:55,5.916666666666667,0,2,0.0,0,1,0.0,0,0,0.0,0,1,1,1,0,0,2,1,0,-11.0,0022500066,Gui Santos,gui santos,,,2025-11-26,0,0.0,0.0,0.16901408450704225,0.16901408450704225,0.0,8.0,9.0,9.0,5.0,5.0,4.0,11.0,10.0,1.0,0,0.0,0,0.00308,-91.7,-29763.06394027913,-91.417564,0.0,7.0,9.0,0.002675243
0022500298,1610612744,Golden State,Warriors,GSW,warriors,202710,Jimmy,Butler III,J. Butler III,jimmy-butler-iii,F,,,37:14,37.233333333333334,7,15,0.467,0,2,0.0,10,14,0.714,5,3,8,10,0,0,2,0,24,22.0,0022500298,Jimmy Butler III,jimmy butler   iii,,,2025-11-29,0,0.6445837063563116,0.1342882721575649,0.21486123545210384,0.2685765443151298,0.1342882721575649,1.0,1.0,3.0,1.0,5.0,3.0,1.0,1.0,3.0,0,1.0,0,0.0025800000000000003,26.3,10189.84889577683,26.232146,0.0,6.0,3.0,0.89452654
0022500298,1610612744,Golden State,Warriors,GSW,warriors,203110,Draymond,Green,D. Green,draymond-green,F,,,31:21,31.35,0,9,0.0,0,7,0.0,2,2,1.0,1,8,9,4,1,0,1,4,2,3.0,0022500298,Draymond Green,draymond green,,,2025-11-29,1,0.06379585326953748,0.03189792663476874,0.28708133971291866,0.12759170653907495,0.06379585326953748,10.0,3.0,2.0,3.0,2.0,3.0,5.0,3.0,3.0,0,1.0,0,0.0013900000000000002,4.5,3235.082674335011,4.493745,0.03189792663476874,2.0,6.0,0.04340325
0022500298,1610612744,Golden State,Warriors,GSW,warriors,1642366,Quinten,Post,Q. Post,quinten-post,C,,,16:41,16.683333333333334,3,6,0.5,1,4,0.25,1,1,1.0,0,2,2,2,0,1,1,4,8,-2.0,0022500298,Quinten Post,quinten post,,,2025-11-29,1,0.4795204795204795,0.0,0.11988011988011987,0.11988011988011987,0.05994005994005994,6.0,8.0,7.0,5.0,5.0,2.0,8.0,8.0,1.0,0,0.0,0,0.00167,-0.6,-359.0664272890485,-0.598998,0.05994005994005994,2.0,7.0,0.10374818
0022500298,1610612744,Golden State,Warriors,GSW,warriors,1630541,Moses,Moody,M. Moody,moses-moody,G,,,27:06,27.1,4,12,0.333,2,7,0.286,1,1,1.0,1,2,3,0,2,2,1,1,11,8.0,0022500298,Moses Moody,moses moody,,,2025-11-29,4,0.4059040590405904,0.03690036900369004,0.11070110701107011,0.0,0.18450184501845018,4.0,3.0,6.0,8.0,1.0,1.0,3.0,4.0,4.0,0,0.0,0,0.002,14.8,7396.301849075462,14.7704,0.14760147601476015,1.0,1.0,0.5296942
0022500298,1610612744,Golden State,Warriors,GSW,warriors,1641764,Brandin,Podziemski,B. Podziemski,brandin-podziemski,G,,,32:49,32.81666666666667,5,13,0.385,3,9,0.333,2,2,1.0,0,5,5,6,1,0,0,3,15,7.0,0022500298,Brandin Podziemski,brandin podziemski,,,2025-11-29,1,0.457084814626714,0.0,0.15236160487557135,0.1828339258506856,0.030472320975114268,3.0,8.0,4.0,2.0,2.0,3.0,4.0,2.0,0.0,0,0.0,0,0.0017499999999999998,8.9,5082.80982295831,8.884425,0.030472320975114268,2.0,9.0,0.69653064
0022500298,1610612744,Golden State,Warriors,GSW,warriors,1627780,Gary,Payton II,G. Payton II,gary-payton-ii,,,,25:03,25.05,9,14,0.643,1,2,0.5,0,0,0.0,4,7,11,3,0,0,1,4,19,13.0,0022500298,Gary Payton II,gary payton  ii,,,2025-11-29,0,0.7584830339321357,0.1596806387225549,0.43912175648702595,0.11976047904191617,0.1596806387225549,2.0,2.0,1.0,4.0,5.0,3.0,2.0,5.0,0.0,0,0.0,0,0.00263,29.7,11288.483466362599,29.621889,0.0,6.0,2.0,0.9218274
0022500298,1610612744,Golden State,Warriors,GSW,warriors,1630228,Jonathan,Kuminga,J. Kuminga,jonathan-kuminga,,,,18:48,18.8,4,8,0.5,2,5,0.4,0,0,0.0,1,0,1,2,0,0,2,2,10,2.0,0022500298,Jonathan Kuminga,jonathan kuminga,,,2025-11-29,0,0.5319148936170213,0.05319148936170213,0.05319148936170213,0.10638297872340426,0.05319148936170213,5.0,3.0,10.0,5.0,5.0,3.0,7.0,7.0,1.0,0,0.0,0,0.00233,5.7,2445.302445302445,5.686719,0.0,6.0,8.0,0.4620444
0022500298,1610612744,Golden State,Warriors,GSW,warriors,1642954,Will,Richard,W. Richard,will-richard,,,,19:32,19.533333333333335,1,4,0.25,1,3,0.333,0,0,0.0,0,2,2,0,0,0,0,1,3,-2.0,0022500298,Will Richard,will richard,,,2025-11-29,0,0.15358361774744025,0.0,0.10238907849829351,0.0,0.0,9.0,8.0,7.0,8.0,5.0,3.0,8.0,6.0,1.0,0,0.0,0,0.0008699999999999999,-5.0,-5740.528128587831,-4.9956499999999995,0.0,6.0,10.0,0.00946827
0022500298,1610612744,Golden State,Warriors,GSW,warriors,1627741,Buddy,Hield,B. Hield,buddy-hield,,,,16:37,16.616666666666667,3,9,0.333,2,7,0.286,0,0,0.0,1,3,4,0,1,0,1,2,8,-14.0,0022500298,Buddy Hield,buddy hield,,,2025-11-29,1,0.48144433299899697,0.06018054162487462,0.24072216649949849,0.0,0.12036108324974924,6.0,3.0,5.0,8.0,2.0,3.0,10.0,9.0,3.0,0,0.0,0,0.00244,-47.6,-19500.20483408439,-47.483856,0.06018054162487462,2.0,4.0,0.09621973
0022500298,1610612744,Golden State,Warriors,GSW,warriors,1630311,Pat,Spencer,P. Spencer,pat-spencer,,,,14:49,14.816666666666666,2,3,0.667,0,1,0.0,0,0,0.0,1,1,2,1,0,0,0,2,4,3.0,0022500298,Pat Spencer,pat spencer,,,2025-11-29,0,0.26996625421822273,0.06749156355455568,0.13498312710911137,0.06749156355455568,0.06749156355455568,8.0,3.0,7.0,7.0,5.0,3.0,5.0,10.0,,1,,1,0.0008799999999999999,11.1,12599.318955732122,11.090232,0.0,6.0,5.0,0.054953817
0022500323,1610612744,Golden State,Warriors,GSW,warriors,1642954,Will,Richard,W. Richard,will-richard,F,,,25:24,25.4,2,5,0.4,1,3,0.333,0,0,0.0,0,4,4,2,0,0,0,1,5,-4.0,0022500323,Will Richard,will richard,,,2025-12-02,0,0.1968503937007874,0.0,0.15748031496062992,0.07874015748031496,0.0,9.0,9.0,4.0,6.0,5.0,3.0,5.0,5.0,2.0,0,1.0,0,0.00089,-9.7,-10886.644219977552,-9.691367,0.0,7.0,10.0,0.017502643
0022500323,1610612744,Golden State,Warriors,GSW,warriors,202710,Jimmy,Butler III,J. Butler III,jimmy-butler-iii,F,,,15:11,15.183333333333334,2,7,0.286,1,2,0.5,1,1,1.0,0,3,3,1,0,0,0,1,6,-13.0,0022500323,Jimmy Butler III,jimmy butler   iii,,,2025-12-02,0,0.3951701427003293,0.0,0.19758507135016465,0.06586169045005488,0.0,8.0,9.0,6.0,8.0,5.0,3.0,10.0,10.0,2.0,0,0.0,0,0.00179,-45.5,-25404.801786711338,-45.418555000000005,0.0,7.0,10.0,0.027374126
0022500323,1610612744,Golden State,Warriors,GSW,warriors,203110,Draymond,Green,D. Green,draymond-green,C,,,28:51,28.85,5,11,0.455,3,8,0.375,0,0,0.0,0,9,9,4,0,1,3,5,13,-17.0,0022500323,Draymond Green,draymond green,,,2025-12-02,1,0.4506065857885615,0.0,0.3119584055459272,0.1386481802426343,0.03466204506065858,4.0,9.0,1.0,3.0,5.0,1.0,11.0,1.0,1.0,0,0.0,0,0.00212,-28.3,-13342.762847713342,-28.240004,0.03466204506065858,2.0,9.0,0.23677474
0022500323,1610612744,Golden State,Warriors,GSW,warriors,1630541,Moses,Moody,M. Moody,moses-moody,G,,,14:36,14.6,1,5,0.2,1,5,0.2,0,0,0.0,2,0,2,1,0,0,2,0,3,2.0,0022500323,Moses Moody,moses moody,,,2025-12-02,0,0.20547945205479454,0.136986301369863,0.136986301369863,0.0684931506849315,0.136986301369863,10.0,2.0,9.0,8.0,5.0,3.0,3.0,11.0,0.0,0,0.0,0,0.00189,2.6,1374.9338974087786,2.5950860000000002,0.0,7.0,2.0,0.022137234
0022500323,1610612744,Golden State,Warriors,GSW,warriors,1641764,Brandin,Podziemski,B. Podziemski,brandin-podziemski,G,,,27:44,27.733333333333334,6,11,0.545,3,5,0.6,2,3,0.667,1,3,4,4,1,0,4,3,17,-9.0,0022500323,Brandin Podziemski,brandin podziemski,,,2025-12-02,1,0.6129807692307692,0.036057692307692304,0.14423076923076922,0.14423076923076922,0.07211538461538461,1.0,4.0,4.0,3.0,2.0,3.0,7.0,3.0,0.0,0,1.0,0,0.0023899999999999998,-14.5,-6064.408197406943,-14.465345,0.036057692307692304,2.0,7.0,0.80577195
0022500323,1610612744,Golden State,Warriors,GSW,warriors,1627741,Buddy,Hield,B. Hield,buddy-hield,,,,28:29,28.483333333333334,4,15,0.267,2,9,0.222,3,3,1.0,1,0,1,4,2,0,0,1,13,-12.0,0022500323,Buddy Hield,buddy hield,,,2025-12-02,2,0.45640725570509066,0.03510825043885313,0.03510825043885313,0.1404330017554125,0.10532475131655938,4.0,4.0,11.0,3.0,1.0,3.0,9.0,2.0,1.0,0,0.0,0,0.00219,-17.7,-8078.502966681879,-17.661237,0.07021650087770626,1.0,5.0,0.3148037
0022500323,1610612744,Golden State,Warriors,GSW,warriors,1630228,Jonathan,Kuminga,J. Kuminga,jonathan-kuminga,,,,15:49,15.816666666666666,3,10,0.3,1,3,0.333,1,2,0.5,3,4,7,1,0,1,2,1,8,3.0,0022500323,Jonathan Kuminga,jonathan kuminga,,,2025-12-02,1,0.505795574288725,0.18967334035827188,0.44257112750263433,0.06322444678609063,0.2528977871443625,7.0,1.0,2.0,8.0,5.0,1.0,2.0,9.0,0.0,0,0.0,0,0.00317,14.1,4446.546830652791,14.055303,0.06322444678609063,2.0,1.0,0.39343363
0022500323,1610612744,Golden State,Warriors,GSW,warriors,1642366,Quinten,Post,Q. Post,quinten-post,,,,18:17,18.283333333333335,1,1,1.0,1,1,1.0,0,0,0.0,2,1,3,0,0,0,1,3,3,6.0,0022500323,Quinten Post,quinten post,,,2025-12-02,0,0.1640838650865998,0.10938924339106654,0.1640838650865998,0.0,0.10938924339106654,10.0,2.0,6.0,11.0,5.0,3.0,1.0,7.0,0.0,0,0.0,0,0.00043,12.0,27842.227378190255,11.99484,0.0,7.0,4.0,0.14120165
0022500323,1610612744,Golden State,Warriors,GSW,warriors,1627780,Gary,Payton II,G. Payton II,gary-payton-ii,,,,26:32,26.533333333333335,5,9,0.556,2,2,1.0,1,1,1.0,1,4,5,5,0,0,3,2,13,-9.0,0022500323,Gary Payton II,gary payton  ii,,,2025-12-02,0,0.48994974874371855,0.03768844221105527,0.18844221105527637,0.18844221105527637,0.03768844221105527,4.0,4.0,3.0,2.0,5.0,3.0,7.0,4.0,2.0,0,0.0,0,0.00211,-12.6,-5968.735196589294,-12.573414,0.0,7.0,8.0,0.3775693
0022500323,1610612744,Golden State,Warriors,GSW,warriors,1630311,Pat,Spencer,P. Spencer,pat-spencer,,,,21:12,21.2,8,14,0.571,1,1,1.0,0,0,0.0,1,2,3,6,1,0,0,4,17,-5.0,0022500323,Pat Spencer,pat spencer,,,2025-12-02,1,0.8018867924528302,0.04716981132075472,0.14150943396226415,0.2830188679245283,0.09433962264150944,1.0,4.0,6.0,1.0,2.0,3.0,6.0,6.0,1.0,0,0.0,0,0.00264,-11.6,-4392.275653161681,-11.569376,0.04716981132075472,2.0,6.0,0.85533035
0022500323,1610612744,Golden State,Warriors,GSW,warriors,203552,Seth,Curry,S. Curry,seth-curry,,,,17:54,17.9,6,7,0.857,2,3,0.667,0,0,0.0,1,1,2,2,1,0,0,1,14,-2.0,0022500323,Seth Curry,seth curry,,,2025-12-02,1,0.782122905027933,0.0558659217877095,0.111731843575419,0.111731843575419,0.111731843575419,3.0,4.0,9.0,6.0,2.0,3.0,4.0,8.0,0.0,0,0.0,0,0.0013700000000000001,-10.8,-7877.46170678337,-10.785204,0.0558659217877095,2.0,3.0,0.8613581
0022500333,1610612744,Golden State,Warriors,GSW,warriors,1642954,Will,Richard,W. Richard,will-richard,F,,,20:23,20.383333333333333,2,2,1.0,1,1,1.0,0,0,0.0,0,0,0,2,2,0,2,2,5,10.0,0022500333,Will Richard,will richard,,,2025-12-04,2,0.24529844644317253,0.0,0.0,0.09811937857726902,0.09811937857726902,8.0,7.0,13.0,5.0,1.0,5.0,3.0,6.0,3.0,0,0.0,0,0.00082,21.0,25578.562728380024,20.982779999999998,0.09811937857726902,3.0,7.0,0.035545573
0022500333,1610612744,Golden State,Warriors,GSW,warriors,203110,Draymond,Green,D. Green,draymond-green,F,,,9:23,9.383333333333333,1,3,0.333,1,3,0.333,0,0,0.0,0,3,3,0,0,1,1,0,3,-10.0,0022500333,Draymond Green,draymond green,,,2025-12-04,1,0.3197158081705151,0.0,0.3197158081705151,0.0,0.10657193605683837,10.0,7.0,6.0,13.0,10.0,1.0,12.0,12.0,0.0,0,0.0,0,0.00182,-47.4,-26029.65403624382,-47.313731999999995,0.10657193605683837,5.0,6.0,0.013068424
0022500333,1610612744,Golden State,Warriors,GSW,warriors,201143,Al,Horford,A. Horford,al-horford,C,,,17:52,17.866666666666667,1,8,0.125,1,7,0.143,0,0,0.0,0,6,6,4,1,1,0,0,3,3.0,0022500333,Al Horford,al horford,,,2025-12-04,2,0.16791044776119401,0.0,0.33582089552238803,0.22388059701492538,0.11194029850746269,10.0,7.0,2.0,1.0,4.0,1.0,6.0,9.0,2.0,0,0.0,0,0.00178,10.0,5614.823133071309,9.9822,0.11194029850746269,3.0,5.0,0.045440197
0022500333,1610612744,Golden State,Warriors,GSW,warriors,1630541,Moses,Moody,M. Moody,moses-moody,G,,,23:11,23.183333333333334,5,10,0.5,2,5,0.4,2,2,1.0,1,1,2,2,1,0,1,2,14,-1.0,0022500333,Moses Moody,moses moody,,,2025-12-04,1,0.603882099209202,0.043134435657800146,0.08626887131560029,0.08626887131560029,0.08626887131560029,2.0,3.0,8.0,5.0,4.0,5.0,8.0,4.0,2.0,0,0.0,0,0.00226,1.9,840.3361344537815,1.895706,0.043134435657800146,5.0,8.0,0.7736272
0022500333,1610612744,Golden State,Warriors,GSW,warriors,1641764,Brandin,Podziemski,B. Podziemski,brandin-podziemski,G,,,19:44,19.733333333333334,2,8,0.25,0,5,0.0,2,2,1.0,3,3,6,0,1,0,3,0,6,-20.0,0022500333,Brandin Podziemski,brandin podziemski,,,2025-12-04,1,0.30405405405405406,0.15202702702702703,0.30405405405405406,0.0,0.2027027027027027,7.0,2.0,2.0,13.0,4.0,5.0,14.0,8.0,2.0,0,0.0,0,0.0024,-49.3,-20533.11120366514,-49.18168,0.05067567567567567,5.0,3.0,0.07384442
0022500333,1610612744,Golden State,Warriors,GSW,warriors,1629001,De'Anthony,Melton,D. Melton,deanthony-melton,,,,21:03,21.05,5,11,0.455,0,2,0.0,4,4,1.0,0,1,1,3,2,1,1,3,14,-6.0,0022500333,De'Anthony Melton,de'anthony melton,,,2025-12-04,3,0.665083135391924,0.0,0.047505938242280284,0.14251781472684086,0.14251781472684086,2.0,7.0,10.0,4.0,1.0,1.0,11.0,5.0,4.0,0,0.0,0,0.0028000000000000004,-11.9,-4248.482684755444,-11.86668,0.14251781472684086,1.0,4.0,0.76966095
0022500333,1610612744,Golden State,Warriors,GSW,warriors,1630228,Jonathan,Kuminga,J. Kuminga,jonathan-kuminga,,,,20:05,20.083333333333332,4,12,0.333,1,2,0.5,0,2,0.0,1,5,6,2,0,0,3,0,9,-18.0,0022500333,Jonathan Kuminga,jonathan kuminga,,,2025-12-04,0,0.44813278008298757,0.049792531120331954,0.2987551867219917,0.09958506224066391,0.049792531120331954,6.0,3.0,2.0,5.0,10.0,5.0,13.0,7.0,0.0,0,0.0,0,0.0034799999999999996,-41.9,-12036.771042803792,-41.754188,0.0,11.0,11.0,0.07017067
0022500333,1610612744,Golden State,Warriors,GSW,warriors,1627741,Buddy,Hield,B. Hield,buddy-hield,,,,25:31,25.516666666666666,6,12,0.5,2,7,0.286,0,0,0.0,4,4,8,2,2,1,0,4,14,-3.0,0022500333,Buddy Hield,buddy hield,,,2025-12-04,3,0.5486610058785107,0.15676028739386022,0.31352057478772044,0.07838014369693011,0.27433050293925537,2.0,1.0,1.0,5.0,1.0,1.0,9.0,1.0,5.0,0,0.0,0,0.00188,-7.7,-4093.5672514619887,-7.685524,0.11757021554539517,1.0,1.0,0.8447827
0022500333,1610612744,Golden State,Warriors,GSW,warriors,1642366,Quinten,Post,Q. Post,quinten-post,,,,25:28,25.466666666666665,4,8,0.5,2,4,0.5,0,0,0.0,1,2,3,4,0,0,0,3,10,4.0,0022500333,Quinten Post,quinten post,,,2025-12-04,0,0.39267015706806285,0.03926701570680628,0.11780104712041886,0.15706806282722513,0.03926701570680628,5.0,3.0,6.0,1.0,10.0,5.0,5.0,2.0,0.0,0,0.0,0,0.00136,7.8,5731.080088170463,7.789391999999999,0.0,11.0,12.0,0.45639452
0022500333,1610612744,Golden State,Warriors,GSW,warriors,1630311,Pat,Spencer,P. Spencer,pat-spencer,,,,24:00,24.0,5,8,0.625,2,3,0.667,4,4,1.0,1,3,4,4,1,0,2,1,16,17.0,0022500333,Pat Spencer,pat spencer,,,2025-12-04,1,0.6666666666666666,0.041666666666666664,0.16666666666666666,0.16666666666666666,0.08333333333333333,1.0,3.0,5.0,1.0,4.0,5.0,1.0,3.0,3.0,0,0.0,0,0.00207,32.9,15886.04538870111,32.831897,0.041666666666666664,5.0,9.0,0.8728105
0022500333,1610612744,Golden State,Warriors,GSW,warriors,1627780,Gary,Payton II,G. Payton II,gary-payton-ii,,,,3:22,3.3666666666666667,0,0,0.0,0,0,0.0,0,0,0.0,0,0,0,1,0,0,0,0,0,-4.0,0022500333,Gary Payton II,gary payton  ii,,,2025-12-04,0,0.0,0.0,0.0,0.297029702970297,0.0,12.0,7.0,13.0,9.0,10.0,5.0,10.0,14.0,0.0,0,0.0,0,0.0,-50.0,-50000000.0,-50.0,0.0,11.0,13.0,0.003073591
0022500333,1610612744,Golden State,Warriors,GSW,warriors,203552,Seth,Curry,S. Curry,seth-curry,,,,14:11,14.183333333333334,0,2,0.0,0,1,0.0,0,0,0.0,0,2,2,1,1,0,0,2,0,8.0,0022500333,Seth Curry,seth curry,,,2025-12-04,1,0.0,0.0,0.1410105757931845,0.07050528789659224,0.07050528789659224,12.0,7.0,8.0,9.0,4.0,5.0,4.0,10.0,1.0,0,0.0,0,0.00065,26.7,41013.82488479262,26.682644999999997,0.07050528789659224,5.0,10.0,0.018556975
0022500333,1610612744,Golden State,Warriors,GSW,warriors,1631218,Trayce,Jackson-Davis,T. Jackson-Davis,trayce-jackson-davis,,,,4:08,4.133333333333334,0,1,0.0,0,0,0.0,0,2,0.0,0,1,1,1,1,0,0,0,0,0.0,0022500333,Trayce Jackson-Davis,trayce jackson-davis,,,2025-12-04,1,0.0,0.0,0.24193548387096772,0.24193548387096772,0.24193548387096772,12.0,7.0,10.0,9.0,4.0,5.0,7.0,13.0,0.0,0,0.0,0,0.00182,-12.2,-6699.615595826469,-12.177795999999999,0.24193548387096772,5.0,2.0,0.005836985
0022500333,1610612744,Golden State,Warriors,GSW,warriors,1630611,Gui,Santos,G. Santos,gui-santos,,,,11:39,11.65,2,4,0.5,0,2,0.0,0,0,0.0,0,1,1,1,0,0,0,3,4,15.0,0022500333,Gui Santos,gui santos,,,2025-12-04,0,0.34334763948497854,0.0,0.08583690987124463,0.08583690987124463,0.0,9.0,7.0,10.0,9.0,10.0,5.0,2.0,11.0,1.0,0,0.0,0,0.00148,68.2,46049.966239027686,68.099064,0.0,11.0,13.0,0.0750952
0022500352,1610612744,Golden State,Warriors,GSW,warriors,1642954,Will,Richard,W. Richard,will-richard,F,,,20:36,20.6,1,4,0.25,0,2,0.0,2,2,1.0,1,2,3,0,1,0,1,1,4,-1.0,0022500352,Will Richard,will richard,,,2025-12-06,1,0.1941747572815534,0.04854368932038835,0.14563106796116504,0.0,0.0970873786407767,9.0,2.0,6.0,10.0,2.0,7.0,7.0,8.0,2.0,0,0.0,0,0.0012,-2.4,-1998.3347210657787,-2.39712,0.04854368932038835,5.0,5.0,0.020560708
0022500352,1610612744,Golden State,Warriors,GSW,warriors,1630228,Jonathan,Kuminga,J. Kuminga,jonathan-kuminga,F,,,21:30,21.5,1,10,0.1,0,3,0.0,2,2,1.0,1,6,7,3,0,1,1,2,4,5.0,0022500352,Jonathan Kuminga,jonathan kuminga,,,2025-12-06,1,0.18604651162790697,0.046511627906976744,0.32558139534883723,0.13953488372093023,0.09302325581395349,9.0,2.0,2.0,2.0,7.0,2.0,4.0,6.0,0.0,0,0.0,0,0.0023499999999999997,9.4,3998.298596341983,9.37791,0.046511627906976744,5.0,6.0,0.04411165
0022500352,1610612744,Golden State,Warriors,GSW,warriors,1642366,Quinten,Post,Q. Post,quinten-post,C,,,31:55,31.916666666666668,5,14,0.357,2,6,0.333,0,0,0.0,1,8,9,3,0,3,2,4,12,-10.0,0022500352,Quinten Post,quinten post,,,2025-12-06,3,0.37597911227154046,0.031331592689295036,0.2819843342036553,0.09399477806788512,0.12532637075718014,4.0,2.0,1.0,2.0,7.0,1.0,10.0,1.0,0.0,0,0.0,0,0.00229,-15.6,-6809.253601047577,-15.564276,0.09399477806788512,1.0,2.0,0.4154131
0022500352,1610612744,Golden State,Warriors,GSW,warriors,1627741,Buddy,Hield,B. Hield,buddy-hield,G,,,26:26,26.433333333333334,4,9,0.444,3,6,0.5,2,2,1.0,1,6,7,3,0,1,1,2,13,-1.0,0022500352,Buddy Hield,buddy hield,,,2025-12-06,1,0.4918032786885246,0.03783102143757881,0.2648171500630517,0.11349306431273644,0.07566204287515763,3.0,2.0,2.0,2.0,7.0,2.0,7.0,5.0,1.0,0,0.0,0,0.00164,-4.0,-2437.5380865326024,-3.99344,0.03783102143757881,5.0,7.0,0.60648835
0022500352,1610612744,Golden State,Warriors,GSW,warriors,1630311,Pat,Spencer,P. Spencer,pat-spencer,G,,,29:28,29.466666666666665,7,12,0.583,3,4,0.75,2,2,1.0,1,3,4,7,1,0,1,3,19,9.0,0022500352,Pat Spencer,pat spencer,,,2025-12-06,1,0.6447963800904978,0.03393665158371041,0.13574660633484165,0.23755656108597287,0.06787330316742082,1.0,2.0,5.0,1.0,2.0,7.0,2.0,2.0,1.0,0,0.0,0,0.00212,17.2,8109.382366808109,17.163536,0.03393665158371041,5.0,9.0,0.9023491
0022500352,1610612744,Golden State,Warriors,GSW,warriors,1631218,Trayce,Jackson-Davis,T. Jackson-Davis,trayce-jackson-davis,,,,16:05,16.083333333333332,3,6,0.5,0,0,0.0,2,2,1.0,2,3,5,1,1,1,0,1,8,15.0,0022500352,Trayce Jackson-Davis,trayce jackson-davis,,,2025-12-06,2,0.4974093264248705,0.12435233160621763,0.3108808290155441,0.062176165803108814,0.24870466321243526,7.0,1.0,4.0,8.0,2.0,2.0,1.0,10.0,0.0,0,0.0,0,0.0016300000000000002,46.4,28448.804414469647,46.324368,0.12435233160621763,3.0,1.0,0.56638896
0022500352,1610612744,Golden State,Warriors,GSW,warriors,1641764,Brandin,Podziemski,B. Podziemski,brandin-podziemski,,,,21:07,21.116666666666667,4,9,0.444,2,3,0.667,0,0,0.0,0,3,3,2,1,0,1,1,10,-5.0,0022500352,Brandin Podziemski,brandin podziemski,,,2025-12-06,1,0.47355958958168903,0.0,0.1420678768745067,0.0947119179163378,0.0473559589581689,5.0,8.0,6.0,6.0,2.0,7.0,9.0,7.0,3.0,0,0.0,0,0.00196,-6.9,-3518.6129525752167,-6.886476000000001,0.0473559589581689,5.0,10.0,0.29365057
0022500352,1610612744,Golden State,Warriors,GSW,warriors,1630541,Moses,Moody,M. Moody,moses-moody,,,,19:43,19.716666666666665,2,5,0.4,1,3,0.333,4,5,0.8,0,2,2,2,1,1,1,1,9,9.0,0022500352,Moses Moody,moses moody,,,2025-12-06,2,0.4564666103127642,0.0,0.1014370245139476,0.1014370245139476,0.1014370245139476,6.0,8.0,10.0,6.0,2.0,2.0,2.0,9.0,1.0,0,0.0,0,0.0017000000000000001,24.4,14344.50323339212,24.35852,0.1014370245139476,3.0,4.0,0.17333569
0022500352,1610612744,Golden State,Warriors,GSW,warriors,1630611,Gui,Santos,G. Santos,gui-santos,,,,26:30,26.5,3,8,0.375,2,4,0.5,6,8,0.75,1,2,3,3,0,1,2,0,14,0.0,0022500352,Gui Santos,gui santos,,,2025-12-06,1,0.5283018867924528,0.03773584905660377,0.11320754716981132,0.11320754716981132,0.07547169811320754,2.0,2.0,6.0,2.0,7.0,2.0,6.0,4.0,1.0,0,0.0,0,0.00226,-1.8,-796.1079168509509,-1.7959319999999999,0.03773584905660377,5.0,8.0,0.34548846
0022500352,1610612744,Golden State,Warriors,GSW,warriors,1627780,Gary,Payton II,G. Payton II,gary-payton-ii,,,,26:40,26.666666666666668,3,9,0.333,0,4,0.0,0,0,0.0,0,3,3,1,3,0,3,4,6,4.0,0022500352,Gary Payton II,gary payton  ii,,,2025-12-06,3,0.22499999999999998,0.0,0.11249999999999999,0.0375,0.11249999999999999,8.0,8.0,6.0,8.0,1.0,7.0,5.0,3.0,5.0,0,0.0,0,0.002,5.5,2748.6256871564215,5.489,0.11249999999999999,1.0,3.0,0.057981707
0022500361,1610612744,Golden State,Warriors,GSW,warriors,1642954,Will,Richard,W. Richard,will-richard,F,,,24:11,24.183333333333334,3,5,0.6,3,5,0.6,0,0,0.0,1,3,4,0,1,0,0,2,9,36.0,0022500361,Will Richard,will richard,,,2025-12-07,1,0.37215713301171605,0.04135079255685734,0.16540317022742937,0.0,0.08270158511371468,7.0,6.0,6.0,10.0,4.0,3.0,1.0,5.0,3.0,0,0.0,0,0.0008799999999999999,78.3,88876.27695800227,78.231096,0.04135079255685734,5.0,8.0,0.34602502
0022500361,1610612744,Golden State,Warriors,GSW,warriors,202710,Jimmy,Butler III,J. Butler III,jimmy-butler-iii,F,,,28:48,28.8,5,10,0.5,2,2,1.0,7,10,0.7,2,6,8,6,2,0,2,0,19,29.0,0022500361,Jimmy Butler III,jimmy butler   iii,,,2025-12-07,2,0.6597222222222222,0.06944444444444445,0.2777777777777778,0.20833333333333331,0.1388888888888889,2.0,3.0,1.0,2.0,1.0,3.0,3.0,2.0,3.0,0,0.0,0,0.0023,49.6,21555.845284658844,49.48592,0.06944444444444445,1.0,3.0,0.7091449
0022500361,1610612744,Golden State,Warriors,GSW,warriors,1642366,Quinten,Post,Q. Post,quinten-post,C,,,25:60,26.0,7,14,0.5,5,10,0.5,0,0,0.0,1,3,4,1,1,1,0,3,19,25.0,0022500361,Quinten Post,quinten post,,,2025-12-07,2,0.7307692307692307,0.038461538461538464,0.15384615384615385,0.038461538461538464,0.11538461538461539,2.0,6.0,6.0,6.0,4.0,1.0,4.0,4.0,1.0,0,0.0,0,0.00209,45.5,21759.923481587757,45.404905,0.07692307692307693,1.0,5.0,0.77180386
0022500361,1610612744,Golden State,Warriors,GSW,warriors,1627741,Buddy,Hield,B. Hield,buddy-hield,G,,,22:26,22.433333333333334,4,10,0.4,1,5,0.2,0,0,0.0,2,5,7,1,1,0,1,2,9,14.0,0022500361,Buddy Hield,buddy hield,,,2025-12-07,1,0.4011887072808321,0.08915304606240713,0.31203566121842496,0.04457652303120357,0.1337295690936107,7.0,3.0,3.0,6.0,4.0,3.0,6.0,6.0,2.0,0,0.0,0,0.00193,29.2,15121.698601760745,29.143644,0.04457652303120357,5.0,4.0,0.4234921
0022500361,1610612744,Golden State,Warriors,GSW,warriors,1630311,Pat,Spencer,P. Spencer,pat-spencer,G,,,27:10,27.166666666666668,6,10,0.6,0,0,0.0,0,0,0.0,1,4,5,6,1,0,4,1,12,30.0,0022500361,Pat Spencer,pat spencer,,,2025-12-07,1,0.44171779141104295,0.03680981595092024,0.18404907975460122,0.22085889570552147,0.07361963190184048,5.0,6.0,5.0,2.0,4.0,3.0,2.0,3.0,0.0,0,0.0,0,0.00212,55.1,25978.31211692598,54.983188,0.03680981595092024,5.0,9.0,0.5476184
0022500361,1610612744,Golden State,Warriors,GSW,warriors,1630611,Gui,Santos,G. Santos,gui-santos,,,,19:34,19.566666666666666,3,8,0.375,0,3,0.0,0,0,0.0,3,4,7,2,1,0,2,2,6,1.0,0022500361,Gui Santos,gui santos,,,2025-12-07,1,0.30664395229982966,0.15332197614991483,0.3577512776831346,0.10221465076660988,0.20442930153321975,9.0,1.0,3.0,4.0,4.0,3.0,8.0,8.0,2.0,0,0.0,0,0.00222,2.7,1215.6686177397569,2.6940060000000003,0.05110732538330494,5.0,1.0,0.13968323
0022500361,1610612744,Golden State,Warriors,GSW,warriors,1630541,Moses,Moody,M. Moody,moses-moody,,,,19:14,19.233333333333334,3,6,0.5,3,5,0.6,2,3,0.667,2,2,4,1,0,0,0,0,11,1.0,0022500361,Moses Moody,moses moody,,,2025-12-07,0,0.5719237435008665,0.10398613518197573,0.20797227036395147,0.05199306759098787,0.10398613518197573,6.0,3.0,6.0,6.0,9.0,3.0,8.0,9.0,0.0,0,0.0,0,0.00146,-3.8,-2600.9582477754966,-3.7944519999999997,0.0,10.0,7.0,0.21536398
0022500361,1610612744,Golden State,Warriors,GSW,warriors,1629001,De'Anthony,Melton,D. Melton,deanthony-melton,,,,17:25,17.416666666666668,4,9,0.444,3,7,0.429,2,4,0.5,0,1,1,1,2,0,3,2,13,-3.0,0022500361,De'Anthony Melton,de'anthony melton,,,2025-12-07,2,0.7464114832535884,0.0,0.057416267942583726,0.057416267942583726,0.11483253588516745,4.0,9.0,10.0,6.0,1.0,3.0,11.0,10.0,2.0,0,0.0,0,0.00359,-5.7,-1587.3015873015875,-5.679537,0.11483253588516745,1.0,6.0,0.6773994
0022500361,1610612744,Golden State,Warriors,GSW,warriors,1631218,Trayce,Jackson-Davis,T. Jackson-Davis,trayce-jackson-davis,,,,22:01,22.016666666666666,2,2,1.0,0,0,0.0,0,0,0.0,0,3,3,2,0,1,0,1,4,7.0,0022500361,Trayce Jackson-Davis,trayce jackson-davis,,,2025-12-07,1,0.18168054504163514,0.0,0.13626040878122636,0.09084027252081757,0.045420136260408785,10.0,9.0,9.0,4.0,9.0,1.0,7.0,7.0,2.0,0,0.0,0,0.0004,22.5,56109.72568578553,22.491,0.045420136260408785,5.0,10.0,0.040024195
0022500361,1610612744,Golden State,Warriors,GSW,warriors,1641764,Brandin,Podziemski,B. Podziemski,brandin-podziemski,,,,28:55,28.916666666666668,7,13,0.538,5,9,0.556,2,2,1.0,3,5,8,7,2,0,3,3,21,20.0,0022500361,Brandin Podziemski,brandin podziemski,,,2025-12-07,2,0.7262247838616714,0.1037463976945245,0.27665706051873196,0.2420749279538905,0.17291066282420747,1.0,1.0,1.0,1.0,1.0,3.0,5.0,1.0,1.0,0,0.0,0,0.0023,35.1,15254.237288135593,35.019270000000006,0.06916426512968299,1.0,2.0,0.92249846
0022500361,1610612744,Golden State,Warriors,GSW,warriors,1627780,Gary,Payton II,G. Payton II,gary-payton-ii,,,,4:17,4.283333333333333,0,1,0.0,0,1,0.0,0,0,0.0,0,0,0,0,0,0,0,0,0,0.0,0022500361,Gary Payton II,gary payton  ii,,,2025-12-07,0,0.0,0.0,0.0,0.0,0.0,11.0,9.0,11.0,10.0,9.0,3.0,10.0,11.0,,1,,1,0.001,0.0,0.0,0.0,0.0,10.0,11.0,0.0041906447
0022501215,1610612744,Golden State,Warriors,GSW,warriors,1627741,Buddy,Hield,B. Hield,buddy-hield,F,,,18:57,18.95,2,4,0.5,2,4,0.5,0,0,0.0,0,2,2,2,0,0,2,1,6,3.0,0022501215,Buddy Hield,buddy hield,,,2025-12-12,0,0.316622691292876,0.0,0.10554089709762533,0.10554089709762533,0.0,8.0,8.0,7.0,6.0,5.0,2.0,2.0,8.0,1.0,0,0.0,0,0.0013,10.2,7840.122982321292,10.18674,0.0,6.0,9.0,0.066369556
0022501215,1610612744,Golden State,Warriors,GSW,warriors,202710,Jimmy,Butler III,J. Butler III,jimmy-butler-iii,F,,,36:52,36.86666666666667,6,11,0.545,0,2,0.0,3,4,0.75,2,6,8,5,1,0,1,2,15,-5.0,0022501215,Jimmy Butler III,jimmy butler   iii,,,2025-12-12,1,0.40687160940325495,0.054249547920433995,0.21699819168173598,0.13562386980108498,0.081374321880651,3.0,2.0,1.0,1.0,3.0,2.0,8.0,1.0,3.0,0,0.0,0,0.00156,-3.4,-2178.0909673286355,-3.3946959999999997,0.027124773960216998,4.0,5.0,0.5997968
0022501215,1610612744,Golden State,Warriors,GSW,warriors,1642366,Quinten,Post,Q. Post,quinten-post,C,,,33:11,33.18333333333333,5,15,0.333,4,11,0.364,2,2,1.0,1,5,6,3,0,0,1,3,16,-5.0,0022501215,Quinten Post,quinten post,,,2025-12-12,0,0.48216976393771976,0.030135610246107485,0.18081366147664493,0.09040683073832247,0.030135610246107485,2.0,5.0,3.0,5.0,5.0,2.0,8.0,2.0,0.0,0,0.0,0,0.0020499999999999997,-1.9,-926.3773768893222,-1.896105,0.0,6.0,8.0,0.17321016
0022501215,1610612744,Golden State,Warriors,GSW,warriors,1630311,Pat,Spencer,P. Spencer,pat-spencer,G,,,28:16,28.266666666666666,5,13,0.385,2,6,0.333,0,0,0.0,0,5,5,4,2,0,2,2,12,-15.0,0022501215,Pat Spencer,pat spencer,,,2025-12-12,2,0.42452830188679247,0.0,0.1768867924528302,0.14150943396226415,0.07075471698113207,4.0,8.0,4.0,3.0,2.0,2.0,11.0,4.0,1.0,0,0.0,0,0.00221,-22.8,-10312.075983717774,-22.749612,0.07075471698113207,2.0,6.0,0.3624988
0022501215,1610612744,Golden State,Warriors,GSW,warriors,201939,Stephen,Curry,S. Curry,stephen-curry,G,,,32:13,32.21666666666667,14,28,0.5,6,15,0.4,5,7,0.714,2,3,5,5,0,0,2,3,39,-3.0,0022501215,Stephen Curry,stephen curry,,,2025-12-12,0,1.2105535437144335,0.062079668908432487,0.1551991722710812,0.1551991722710812,0.062079668908432487,1.0,2.0,4.0,1.0,5.0,2.0,7.0,3.0,1.0,0,0.0,0,0.00398,-2.4,-602.8636021100226,-2.390448,0.0,6.0,7.0,0.89713633
0022501215,1610612744,Golden State,Warriors,GSW,warriors,1629001,De'Anthony,Melton,D. Melton,deanthony-melton,,,,20:12,20.2,2,6,0.333,0,2,0.0,5,6,0.833,1,1,2,1,1,0,1,3,9,4.0,0022501215,De'Anthony Melton,de'anthony melton,,,2025-12-12,1,0.44554455445544555,0.04950495049504951,0.09900990099009901,0.04950495049504951,0.09900990099009901,6.0,5.0,7.0,8.0,3.0,2.0,1.0,7.0,4.0,0,0.0,0,0.00189,11.4,6028.556319407721,11.378454000000001,0.04950495049504951,4.0,4.0,0.19539334
0022501215,1610612744,Golden State,Warriors,GSW,warriors,1630541,Moses,Moody,M. Moody,moses-moody,,,,22:37,22.616666666666667,5,10,0.5,1,4,0.25,0,1,0.0,2,2,4,2,3,0,0,5,11,1.0,0022501215,Moses Moody,moses moody,,,2025-12-12,3,0.4863669859985261,0.08843036109064112,0.17686072218128224,0.08843036109064112,0.2210759027266028,5.0,2.0,6.0,6.0,1.0,2.0,3.0,6.0,4.0,0,0.0,0,0.00167,-0.3,-179.53321364452424,-0.299499,0.13264554163596168,1.0,2.0,0.7354489
0022501215,1610612744,Golden State,Warriors,GSW,warriors,1631218,Trayce,Jackson-Davis,T. Jackson-Davis,trayce-jackson-davis,,,,14:41,14.683333333333334,3,4,0.75,0,0,0.0,2,2,1.0,3,4,7,1,0,2,0,1,8,0.0,0022501215,Trayce Jackson-Davis,trayce jackson-davis,,,2025-12-12,2,0.5448354143019296,0.2043132803632236,0.4767309875141884,0.0681044267877412,0.340522133938706,7.0,1.0,2.0,8.0,5.0,1.0,4.0,9.0,0.0,0,0.0,0,0.00128,-3.3,-2576.112412177986,-3.295776,0.1362088535754824,2.0,1.0,0.53104067
0022501215,1610612744,Golden State,Warriors,GSW,warriors,1641764,Brandin,Podziemski,B. Podziemski,brandin-podziemski,,,,22:51,22.85,1,4,0.25,0,2,0.0,0,0,0.0,0,2,2,4,0,0,2,2,2,-11.0,0022501215,Brandin Podziemski,brandin podziemski,,,2025-12-12,0,0.087527352297593,0.0,0.087527352297593,0.175054704595186,0.0,9.0,8.0,7.0,3.0,5.0,2.0,10.0,5.0,0.0,0,0.0,0,0.00107,-16.4,-15312.791783380018,-16.382451999999997,0.0,6.0,9.0,0.009445462
0022501215,1610612744,Golden State,Warriors,GSW,warriors,1627780,Gary,Payton II,G. Payton II,gary-payton-ii,,,,3:42,3.7,0,0,0.0,0,0,0.0,0,0,0.0,0,0,0,0,0,0,1,0,0,-2.0,0022501215,Gary Payton II,gary payton  ii,,,2025-12-12,0,0.0,0.0,0.0,0.0,0.0,11.0,8.0,11.0,10.0,5.0,2.0,5.0,11.0,0.0,0,0.0,0,0.00091,-25.0,-27442.3710208562,-24.97725,0.0,6.0,9.0,0.004757482
0022501215,1610612744,Golden State,Warriors,GSW,warriors,1630611,Gui,Santos,G. Santos,gui-santos,,,,6:28,6.466666666666667,1,1,1.0,0,0,0.0,0,0,0.0,1,0,1,0,0,0,1,1,2,-2.0,0022501215,Gui Santos,gui santos,,,2025-12-12,0,0.30927835051546393,0.15463917525773196,0.15463917525773196,0.0,0.15463917525773196,9.0,5.0,10.0,10.0,5.0,2.0,5.0,10.0,0.0,0,0.0,0,0.00111,-12.5,-11251.12511251125,-12.486125,0.0,6.0,3.0,0.011615265
0022501221,1610612744,Golden State,Warriors,GSW,warriors,1630541,Moses,Moody,M. Moody,moses-moody,F,,,23:26,23.433333333333334,5,9,0.556,2,6,0.333,0,0,0.0,1,1,2,2,1,1,0,3,12,-4.0,0022501221,Moses Moody,moses moody,,,2025-12-14,2,0.5120910384068279,0.04267425320056899,0.08534850640113797,0.08534850640113797,0.12802275960170698,4.0,2.0,6.0,6.0,5.0,1.0,8.0,5.0,2.0,0,0.0,0,0.00155,-5.0,-3223.7266279819473,-4.992249999999999,0.08534850640113797,5.0,4.0,0.69281936
0022501221,1610612744,Golden State,Warriors,GSW,warriors,203110,Draymond,Green,D. Green,draymond-green,F,,,29:54,29.9,5,8,0.625,2,4,0.5,2,2,1.0,1,7,8,7,3,1,8,5,14,-12.0,0022501221,Draymond Green,draymond green,,,2025-12-14,4,0.4682274247491639,0.033444816053511704,0.26755852842809363,0.23411371237458195,0.16722408026755853,3.0,2.0,1.0,1.0,1.0,1.0,11.0,4.0,3.0,0,0.0,0,0.00227,-17.9,-7881.990312637604,-17.859367,0.13377926421404682,1.0,2.0,0.63778293
0022501221,1610612744,Golden State,Warriors,GSW,warriors,1642366,Quinten,Post,Q. Post,quinten-post,C,,,19:27,19.45,4,9,0.444,3,6,0.5,0,0,0.0,1,0,1,4,1,0,0,4,11,3.0,0022501221,Quinten Post,quinten post,,,2025-12-14,1,0.5655526992287918,0.05141388174807198,0.05141388174807198,0.20565552699228792,0.10282776349614396,6.0,2.0,8.0,3.0,5.0,6.0,1.0,6.0,1.0,0,0.0,0,0.00184,9.9,5377.5122216186855,9.881784000000001,0.05141388174807198,6.0,6.0,0.7117992
0022501221,1610612744,Golden State,Warriors,GSW,warriors,202710,Jimmy,Butler III,J. Butler III,jimmy-butler-iii,G,,,34:57,34.95,3,11,0.273,0,0,0.0,10,11,0.909,3,4,7,4,3,0,3,4,16,-4.0,0022501221,Jimmy Butler III,jimmy butler   iii,,,2025-12-14,3,0.457796852646638,0.08583690987124463,0.20028612303290413,0.1144492131616595,0.17167381974248927,2.0,1.0,2.0,3.0,1.0,6.0,8.0,2.0,4.0,0,0.0,0,0.00221,-2.1,-949.7964721845318,-2.095359,0.08583690987124463,3.0,1.0,0.24874866
0022501221,1610612744,Golden State,Warriors,GSW,warriors,201939,Stephen,Curry,S. Curry,stephen-curry,G,,,35:26,35.43333333333333,16,26,0.615,12,19,0.632,4,4,1.0,0,3,3,2,3,1,3,0,48,-8.0,0022501221,Stephen Curry,stephen curry,,,2025-12-14,4,1.354656632173095,0.0,0.08466603951081844,0.05644402634054563,0.11288805268109126,1.0,7.0,5.0,6.0,1.0,1.0,10.0,1.0,4.0,0,0.0,0,0.00344,-11.4,-3312.9904097646036,-11.360784,0.11288805268109126,1.0,5.0,0.93885875
0022501221,1610612744,Golden State,Warriors,GSW,warriors,1629001,De'Anthony,Melton,D. Melton,deanthony-melton,,,,18:54,18.9,0,5,0.0,0,3,0.0,0,0,0.0,0,1,1,1,2,1,1,2,0,0.0,0022501221,De'Anthony Melton,de'anthony melton,,,2025-12-14,3,0.0,0.0,0.052910052910052914,0.052910052910052914,0.15873015873015875,11.0,7.0,8.0,10.0,4.0,1.0,4.0,7.0,6.0,0,0.0,0,0.00128,5.3,4137.392661982825,5.293216,0.15873015873015875,3.0,3.0,0.014814324
0022501221,1610612744,Golden State,Warriors,GSW,warriors,1631218,Trayce,Jackson-Davis,T. Jackson-Davis,trayce-jackson-davis,,,,15:59,15.983333333333333,2,2,1.0,0,0,0.0,1,2,0.5,0,4,4,3,0,1,1,2,5,-2.0,0022501221,Trayce Jackson-Davis,trayce jackson-davis,,,2025-12-14,1,0.31282586027111575,0.0,0.2502606882168926,0.18769551616266947,0.06256517205422316,8.0,7.0,4.0,5.0,8.0,1.0,6.0,9.0,1.0,0,0.0,0,0.0008100000000000001,-12.1,-14919.852034525275,-12.090199,0.06256517205422316,6.0,7.0,0.037753187
0022501221,1610612744,Golden State,Warriors,GSW,warriors,1641764,Brandin,Podziemski,B. Podziemski,brandin-podziemski,,,,32:34,32.56666666666667,4,7,0.571,3,3,1.0,1,2,0.5,1,6,7,6,1,0,1,2,12,-2.0,0022501221,Brandin Podziemski,brandin podziemski,,,2025-12-14,1,0.36847492323439096,0.030706243602865915,0.2149437052200614,0.18423746161719548,0.06141248720573183,4.0,2.0,2.0,2.0,5.0,6.0,6.0,3.0,2.0,0,0.0,0,0.00115,-2.8,-2432.6672458731537,-2.79678,0.030706243602865915,6.0,8.0,0.51976675
0022501221,1610612744,Golden State,Warriors,GSW,warriors,1630311,Pat,Spencer,P. Spencer,pat-spencer,,,,6:45,6.75,1,3,0.333,0,1,0.0,0,0,0.0,0,0,0,2,0,0,0,1,2,0.0,0022501221,Pat Spencer,pat spencer,,,2025-12-14,0,0.2962962962962963,0.0,0.0,0.2962962962962963,0.0,9.0,7.0,11.0,6.0,8.0,6.0,4.0,10.0,0.0,0,0.0,0,0.002,9.3,4647.67616191904,9.281400000000001,0.0,9.0,10.0,0.006681271
0022501221,1610612744,Golden State,Warriors,GSW,warriors,1627741,Buddy,Hield,B. Hield,buddy-hield,,,,16:24,16.4,4,7,0.571,2,5,0.4,0,0,0.0,1,0,1,1,0,0,1,0,10,1.0,0022501221,Buddy Hield,buddy hield,,,2025-12-14,0,0.6097560975609757,0.06097560975609757,0.06097560975609757,0.06097560975609757,0.06097560975609757,7.0,2.0,8.0,10.0,8.0,6.0,3.0,8.0,0.0,0,0.0,0,0.00211,6.3,2984.367598294647,6.286707,0.0,9.0,9.0,0.46572918
0022501221,1610612744,Golden State,Warriors,GSW,warriors,1630611,Gui,Santos,G. Santos,gui-santos,,,,6:16,6.266666666666667,0,0,0.0,0,0,0.0,1,2,0.5,0,2,2,2,0,0,0,1,1,3.0,0022501221,Gui Santos,gui santos,,,2025-12-14,0,0.1595744680851064,0.0,0.3191489361702128,0.3191489361702128,0.0,10.0,7.0,6.0,6.0,8.0,6.0,1.0,11.0,0.0,0,0.0,0,0.00067,23.1,34426.229508196724,23.084523000000004,0.0,9.0,10.0,0.005599247
0022500378,1610612744,Golden State,Warriors,GSW,warriors,202710,Jimmy,Butler III,J. Butler III,jimmy-butler-iii,F,,,33:56,33.93333333333333,11,17,0.647,1,1,1.0,8,9,0.889,1,2,3,3,1,0,2,1,31,0.0,0022500378,Jimmy Butler III,jimmy butler   iii,,,2025-12-18,1,0.9135559921414539,0.02946954813359529,0.08840864440078586,0.08840864440078586,0.05893909626719058,1.0,5.0,8.0,2.0,3.0,3.0,5.0,1.0,3.0,0,0.0,0,0.0025900000000000003,-4.2,-1620.9957545349284,-4.189122,0.02946954813359529,4.0,10.0,0.8956877
0022500378,1610612744,Golden State,Warriors,GSW,warriors,203110,Draymond,Green,D. Green,draymond-green,F,,,30:03,30.05,3,9,0.333,1,6,0.167,0,0,0.0,2,4,6,3,2,2,5,2,7,-10.0,0022500378,Draymond Green,draymond green,,,2025-12-18,4,0.23294509151414308,0.06655574043261231,0.19966722129783693,0.09983361064891846,0.19966722129783693,5.0,2.0,4.0,2.0,1.0,1.0,11.0,4.0,4.0,0,0.0,0,0.0017499999999999998,-16.0,-9137.635636778985,-15.972,0.13311148086522462,1.0,2.0,0.117406525
0022500378,1610612744,Golden State,Warriors,GSW,warriors,1642366,Quinten,Post,Q. Post,quinten-post,C,,,26:38,26.633333333333333,3,14,0.214,2,10,0.2,1,2,0.5,4,7,11,1,1,0,1,5,9,-1.0,0022500378,Quinten Post,quinten post,,,2025-12-18,1,0.3379224030037547,0.15018773466833543,0.41301627033792243,0.03754693366708386,0.18773466833541927,4.0,1.0,1.0,9.0,3.0,3.0,7.0,6.0,1.0,0,0.0,0,0.00229,-5.4,-2357.0493234395462,-5.387634,0.03754693366708386,4.0,3.0,0.20178214
0022500378,1610612744,Golden State,Warriors,GSW,warriors,1630541,Moses,Moody,M. Moody,moses-moody,G,,,30:27,30.45,2,10,0.2,1,6,0.167,0,0,0.0,2,6,8,3,1,1,1,3,5,-1.0,0022500378,Moses Moody,moses moody,,,2025-12-18,2,0.16420361247947454,0.06568144499178982,0.2627257799671593,0.09852216748768473,0.13136288998357964,7.0,2.0,3.0,2.0,3.0,2.0,7.0,3.0,4.0,0,0.0,0,0.0013800000000000002,-4.6,-3330.9196234612596,-4.593652,0.06568144499178982,2.0,6.0,0.047648173
0022500378,1610612744,Golden State,Warriors,GSW,warriors,201939,Stephen,Curry,S. Curry,stephen-curry,G,,,33:15,33.25,3,13,0.231,2,9,0.222,7,7,1.0,1,8,9,7,1,0,2,1,15,-12.0,0022500378,Stephen Curry,stephen curry,,,2025-12-18,1,0.45112781954887216,0.03007518796992481,0.2706766917293233,0.21052631578947367,0.06015037593984962,3.0,5.0,2.0,1.0,3.0,3.0,12.0,2.0,5.0,0,0.0,0,0.0019500000000000001,-17.7,-9072.270630445924,-17.665485,0.03007518796992481,4.0,9.0,0.23809963
0022500378,1610612744,Golden State,Warriors,GSW,warriors,1627780,Gary,Payton II,G. Payton II,gary-payton-ii,,,,3:07,3.1166666666666667,0,0,0.0,0,0,0.0,0,0,0.0,2,0,2,0,0,0,1,0,0,-7.0,0022500378,Gary Payton II,gary payton  ii,,,2025-12-18,0,0.0,0.6417112299465241,0.6417112299465241,0.0,0.6417112299465241,11.0,2.0,9.0,11.0,8.0,3.0,10.0,12.0,0.0,0,0.0,0,0.00125,-65.0,-51958.433253397285,-64.91875,0.0,8.0,1.0,0.010873241
0022500378,1610612744,Golden State,Warriors,GSW,warriors,1631218,Trayce,Jackson-Davis,T. Jackson-Davis,trayce-jackson-davis,,,,6:46,6.766666666666667,0,0,0.0,0,0,0.0,0,0,0.0,1,3,4,3,0,0,0,0,0,3.0,0022500378,Trayce Jackson-Davis,trayce jackson-davis,,,2025-12-18,0,0.0,0.1477832512315271,0.5911330049261084,0.4433497536945813,0.1477832512315271,11.0,5.0,6.0,2.0,8.0,3.0,3.0,11.0,0.0,0,0.0,0,0.0,18.8,18800000.0,18.8,0.0,8.0,4.0,0.0143126575
0022500378,1610612744,Golden State,Warriors,GSW,warriors,1641764,Brandin,Podziemski,B. Podziemski,brandin-podziemski,,,,27:46,27.766666666666666,8,11,0.727,2,3,0.667,0,0,0.0,0,2,2,2,1,0,2,2,18,15.0,0022500378,Brandin Podziemski,brandin podziemski,,,2025-12-18,1,0.6482593037214887,0.0,0.07202881152460984,0.07202881152460984,0.03601440576230492,2.0,10.0,9.0,6.0,3.0,3.0,1.0,5.0,2.0,0,1.0,0,0.00194,20.7,10664.605873261205,20.659841999999998,0.03601440576230492,4.0,11.0,0.7700056
0022500378,1610612744,Golden State,Warriors,GSW,warriors,1629001,De'Anthony,Melton,D. Melton,deanthony-melton,,,,14:55,14.916666666666666,1,6,0.167,0,4,0.0,0,0,0.0,0,0,0,2,2,0,2,1,2,7.0,0022500378,De'Anthony Melton,de'anthony melton,,,2025-12-18,2,0.1340782122905028,0.0,0.0,0.1340782122905028,0.1340782122905028,9.0,10.0,11.0,6.0,1.0,3.0,2.0,7.0,3.0,0,0.0,0,0.0020499999999999997,22.6,11019.015114578257,22.55367,0.1340782122905028,2.0,5.0,0.023102535
0022500378,1610612744,Golden State,Warriors,GSW,warriors,1627741,Buddy,Hield,B. Hield,buddy-hield,,,,9:58,9.966666666666667,1,2,0.5,1,1,1.0,0,0,0.0,0,0,0,0,0,0,2,1,3,0.0,0022500378,Buddy Hield,buddy hield,,,2025-12-18,0,0.3010033444816054,0.0,0.0,0.0,0.0,8.0,10.0,11.0,11.0,8.0,3.0,5.0,9.0,0.0,0,0.0,0,0.0017399999999999998,0.0,0.0,0.0,0.0,8.0,12.0,0.009792329
0022500378,1610612744,Golden State,Warriors,GSW,warriors,1630228,Jonathan,Kuminga,J. Kuminga,jonathan-kuminga,,,,9:31,9.516666666666667,1,5,0.2,0,0,0.0,0,0,0.0,1,3,4,1,0,0,1,1,2,-1.0,0022500378,Jonathan Kuminga,jonathan kuminga,,,2025-12-18,0,0.21015761821366022,0.10507880910683011,0.42031523642732044,0.10507880910683011,0.10507880910683011,9.0,5.0,6.0,9.0,8.0,3.0,7.0,10.0,1.0,0,0.0,0,0.0027300000000000002,-9.0,-3295.496155254485,-8.97543,0.0,8.0,7.0,0.008213204
0022500378,1610612744,Golden State,Warriors,GSW,warriors,1630611,Gui,Santos,G. Santos,gui-santos,,,,13:39,13.65,2,2,1.0,2,2,1.0,0,0,0.0,1,4,5,2,0,0,1,3,6,2.0,0022500378,Gui Santos,gui santos,,,2025-12-18,0,0.43956043956043955,0.07326007326007326,0.3663003663003663,0.14652014652014653,0.07326007326007326,6.0,5.0,5.0,6.0,8.0,3.0,4.0,8.0,3.0,0,0.0,0,0.00097,4.6,4737.384140061791,4.5955379999999995,0.0,8.0,8.0,0.1033853
0022500392,1610612744,Golden State,Warriors,GSW,warriors,202710,Jimmy,Butler III,J. Butler III,jimmy-butler-iii,F,,,34:52,34.86666666666667,10,21,0.476,2,6,0.333,3,3,1.0,1,0,1,2,0,1,1,1,25,-2.0,0022500392,Jimmy Butler III,jimmy butler   iii,,,2025-12-20,1,0.7170172084130019,0.028680688336520075,0.028680688336520075,0.05736137667304015,0.05736137667304015,2.0,6.0,11.0,6.0,9.0,2.0,9.0,2.0,0.0,0,0.0,0,0.00267,-1.1,-411.83077499064024,-1.0970630000000001,0.028680688336520075,6.0,11.0,0.7446748
0022500392,1610612744,Golden State,Warriors,GSW,warriors,203110,Draymond,Green,D. Green,draymond-green,F,,,8:15,8.25,2,2,1.0,0,0,0.0,0,0,0.0,0,3,3,1,1,1,1,0,4,-6.0,0022500392,Draymond Green,draymond green,,,2025-12-20,2,0.48484848484848486,0.0,0.36363636363636365,0.12121212121212122,0.24242424242424243,9.0,10.0,6.0,8.0,2.0,2.0,10.0,11.0,1.0,0,0.0,0,0.00136,-36.2,-26598.08963997061,-36.150768,0.24242424242424243,2.0,4.0,0.023822496
0022500392,1610612744,Golden State,Warriors,GSW,warriors,1642366,Quinten,Post,Q. Post,quinten-post,C,,,26:25,26.416666666666668,3,8,0.375,1,6,0.167,0,0,0.0,1,3,4,2,0,1,1,0,7,10.0,0022500392,Quinten Post,quinten post,,,2025-12-20,1,0.2649842271293375,0.03785488958990536,0.15141955835962145,0.07570977917981073,0.07570977917981073,5.0,6.0,5.0,6.0,9.0,2.0,2.0,4.0,1.0,0,0.0,0,0.00136,20.4,14988.978692138133,20.372255999999997,0.03785488958990536,6.0,9.0,0.15941337
0022500392,1610612744,Golden State,Warriors,GSW,warriors,1630541,Moses,Moody,M. Moody,moses-moody,G,,,17:33,17.55,1,4,0.25,1,3,0.333,0,0,0.0,1,1,2,3,0,0,0,3,3,4.0,0022500392,Moses Moody,moses moody,,,2025-12-20,0,0.17094017094017094,0.05698005698005698,0.11396011396011396,0.17094017094017094,0.05698005698005698,11.0,6.0,9.0,4.0,9.0,7.0,4.0,7.0,1.0,0,1.0,0,0.0008500000000000001,7.6,8930.669800235017,7.59354,0.0,11.0,12.0,0.01726134
0022500392,1610612744,Golden State,Warriors,GSW,warriors,201939,Stephen,Curry,S. Curry,stephen-curry,G,,,35:06,35.1,9,19,0.474,4,11,0.364,6,7,0.857,2,8,10,6,1,0,4,2,28,13.0,0022500392,Stephen Curry,stephen curry,,,2025-12-20,1,0.7977207977207977,0.05698005698005698,0.2849002849002849,0.17094017094017094,0.08547008547008547,1.0,3.0,1.0,1.0,2.0,7.0,1.0,1.0,1.0,0,1.0,0,0.00266,12.6,4735.062006764374,12.566483999999999,0.02849002849002849,6.0,8.0,0.85173434
0022500392,1610612744,Golden State,Warriors,GSW,warriors,1641764,Brandin,Podziemski,B. Podziemski,brandin-podziemski,,,,29:54,29.9,4,11,0.364,2,8,0.25,1,2,0.5,1,2,3,6,1,0,4,2,11,1.0,0022500392,Brandin Podziemski,brandin podziemski,,,2025-12-20,1,0.3678929765886288,0.033444816053511704,0.10033444816053512,0.20066889632107024,0.06688963210702341,4.0,6.0,6.0,1.0,2.0,7.0,5.0,3.0,1.0,0,0.0,0,0.00203,-3.9,-1920.2363367799112,-3.892083,0.033444816053511704,6.0,10.0,0.45846242
0022500392,1610612744,Golden State,Warriors,GSW,warriors,1627780,Gary,Payton II,G. Payton II,gary-payton-ii,,,,18:47,18.783333333333335,2,6,0.333,1,3,0.333,0,0,0.0,4,4,8,3,1,1,2,3,5,-7.0,0022500392,Gary Payton II,gary payton  ii,,,2025-12-20,2,0.2661934338952972,0.21295474711623777,0.42590949423247554,0.15971606033717833,0.31943212067435667,6.0,1.0,2.0,4.0,2.0,2.0,11.0,6.0,2.0,0,0.0,0,0.00157,-11.1,-7065.563335455125,-11.082573,0.10647737355811888,2.0,2.0,0.11452465
0022500392,1610612744,Golden State,Warriors,GSW,warriors,1629001,De'Anthony,Melton,D. Melton,deanthony-melton,,,,15:34,15.566666666666666,0,5,0.0,0,4,0.0,2,3,0.667,0,2,2,5,1,2,2,4,2,7.0,0022500392,De'Anthony Melton,de'anthony melton,,,2025-12-20,3,0.1284796573875803,0.0,0.1284796573875803,0.32119914346895073,0.19271948608137046,12.0,10.0,9.0,3.0,2.0,1.0,3.0,9.0,1.0,0,0.0,0,0.0019500000000000001,24.7,12660.17426960533,24.651835,0.19271948608137046,1.0,5.0,0.03797702
0022500392,1610612744,Golden State,Warriors,GSW,warriors,1631218,Trayce,Jackson-Davis,T. Jackson-Davis,trayce-jackson-davis,,,,17:27,17.45,2,2,1.0,0,0,0.0,1,3,0.333,3,4,7,0,1,1,2,2,5,-7.0,0022500392,Trayce Jackson-Davis,trayce jackson-davis,,,2025-12-20,2,0.2865329512893983,0.17191977077363899,0.4011461318051576,0.0,0.2865329512893983,6.0,2.0,3.0,10.0,2.0,2.0,11.0,8.0,1.0,0,0.0,0,0.00106,-7.5,-7068.803016022621,-7.492050000000001,0.11461318051575932,2.0,3.0,0.14200933
0022500392,1610612744,Golden State,Warriors,GSW,warriors,1642954,Will,Richard,W. Richard,will-richard,,,,19:15,19.25,6,7,0.857,4,4,1.0,4,4,1.0,2,3,5,0,0,0,2,3,20,1.0,0022500392,Will Richard,will richard,,,2025-12-20,0,1.0389610389610389,0.1038961038961039,0.2597402597402597,0.0,0.1038961038961039,3.0,3.0,4.0,10.0,9.0,7.0,5.0,5.0,0.0,0,0.0,0,0.0022400000000000002,10.8,4819.277108433735,10.775808,0.0,11.0,6.0,0.87389606
0022500392,1610612744,Golden State,Warriors,GSW,warriors,1630311,Pat,Spencer,P. Spencer,pat-spencer,,,,10:19,10.316666666666666,1,4,0.25,1,2,0.5,1,2,0.5,0,1,1,1,1,0,0,1,4,0.0,0022500392,Pat Spencer,pat spencer,,,2025-12-20,1,0.3877221324717286,0.0,0.09693053311793215,0.09693053311793215,0.09693053311793215,9.0,10.0,11.0,8.0,2.0,7.0,8.0,10.0,1.0,0,0.0,0,0.00208,0.0,0.0,0.0,0.09693053311793215,6.0,7.0,0.013898758
0022500392,1610612744,Golden State,Warriors,GSW,warriors,1630611,Gui,Santos,G. Santos,gui-santos,,,,6:34,6.566666666666666,2,3,0.667,1,2,0.5,0,0,0.0,2,1,3,0,2,0,1,1,5,1.0,0022500392,Gui Santos,gui santos,,,2025-12-20,2,0.7614213197969544,0.30456852791878175,0.4568527918781726,0.0,0.6091370558375635,6.0,3.0,6.0,10.0,1.0,7.0,5.0,12.0,1.0,0,0.0,0,0.00222,14.1,6348.491670418729,14.068698,0.30456852791878175,2.0,1.0,0.16622522
0022500407,1610612744,Golden State,Warriors,GSW,warriors,202710,Jimmy,Butler III,J. Butler III,jimmy-butler-iii,F,,,29:30,29.5,7,9,0.778,1,1,1.0,6,7,0.857,2,1,3,4,0,1,1,0,21,4.0,0022500407,Jimmy Butler III,jimmy butler   iii,,,2025-12-22,1,0.711864406779661,0.06779661016949153,0.1016949152542373,0.13559322033898305,0.1016949152542373,2.0,2.0,6.0,4.0,6.0,2.0,8.0,3.0,3.0,0,0.0,0,0.00191,4.8,2511.773940345369,4.790832,0.03389830508474576,6.0,7.0,0.8633107
0022500407,1610612744,Golden State,Warriors,GSW,warriors,203110,Draymond,Green,D. Green,draymond-green,F,,,17:46,17.766666666666666,4,5,0.8,0,1,0.0,1,3,0.333,1,6,7,2,0,0,1,1,9,-5.0,0022500407,Draymond Green,draymond green,,,2025-12-22,0,0.5065666041275798,0.056285178236397754,0.39399624765478425,0.11257035647279551,0.056285178236397754,5.0,4.0,2.0,7.0,6.0,6.0,13.0,6.0,4.0,0,0.0,0,0.0016300000000000002,-16.0,-9809.932556713673,-15.97392,0.0,10.0,12.0,0.37623587
0022500407,1610612744,Golden State,Warriors,GSW,warriors,1642366,Quinten,Post,Q. Post,quinten-post,C,,,25:11,25.183333333333334,4,10,0.4,0,3,0.0,0,0,0.0,4,8,12,4,0,1,0,4,8,10.0,0022500407,Quinten Post,quinten post,,,2025-12-22,1,0.3176704169424222,0.1588352084712111,0.47650562541363334,0.1588352084712111,0.1985440105890139,6.0,1.0,1.0,4.0,6.0,2.0,5.0,5.0,1.0,0,0.0,0,0.00172,20.0,11621.150493898896,19.9656,0.039708802117802776,6.0,4.0,0.6879101
0022500407,1610612744,Golden State,Warriors,GSW,warriors,1630541,Moses,Moody,M. Moody,moses-moody,G,,,32:25,32.416666666666664,8,11,0.727,3,6,0.5,1,1,1.0,1,2,3,3,0,2,0,4,20,23.0,0022500407,Moses Moody,moses moody,,,2025-12-22,2,0.6169665809768637,0.03084832904884319,0.09254498714652958,0.09254498714652958,0.09254498714652958,3.0,4.0,6.0,6.0,6.0,1.0,2.0,1.0,3.0,0,0.0,0,0.0014299999999999998,34.8,24318.658280922435,34.750235999999994,0.06169665809768638,1.0,8.0,0.9026168
0022500407,1610612744,Golden State,Warriors,GSW,warriors,201939,Stephen,Curry,S. Curry,stephen-curry,G,,,31:09,31.15,10,23,0.435,4,13,0.308,2,2,1.0,0,3,3,6,2,0,3,1,26,17.0,0022500407,Stephen Curry,stephen curry,,,2025-12-22,2,0.8346709470304976,0.0,0.09630818619582665,0.1926163723916533,0.06420545746388444,1.0,10.0,6.0,1.0,1.0,6.0,3.0,2.0,2.0,0,0.0,0,0.0037,29.5,7970.818697649283,29.39085,0.06420545746388444,1.0,11.0,0.72856873
0022500407,1610612744,Golden State,Warriors,GSW,warriors,1641764,Brandin,Podziemski,B. Podziemski,brandin-podziemski,,,,27:30,27.5,6,10,0.6,2,6,0.333,2,3,0.667,1,3,4,5,1,1,2,4,16,36.0,0022500407,Brandin Podziemski,brandin podziemski,,,2025-12-22,2,0.5818181818181818,0.03636363636363636,0.14545454545454545,0.18181818181818182,0.10909090909090909,4.0,4.0,3.0,2.0,4.0,2.0,1.0,4.0,0.0,0,0.0,0,0.00194,64.7,33333.333333333336,64.574482,0.07272727272727272,1.0,6.0,0.7336366
0022500407,1610612744,Golden State,Warriors,GSW,warriors,1627780,Gary,Payton II,G. Payton II,gary-payton-ii,,,,10:20,10.333333333333334,3,3,1.0,0,0,0.0,1,4,0.25,2,2,4,5,1,0,1,2,7,5.0,0022500407,Gary Payton II,gary payton  ii,,,2025-12-22,1,0.6774193548387096,0.1935483870967742,0.3870967741935484,0.48387096774193544,0.29032258064516125,7.0,2.0,3.0,2.0,4.0,6.0,7.0,11.0,0.0,0,0.0,0,0.00231,30.4,13154.478580700994,30.329776,0.0967741935483871,6.0,3.0,0.14474642
0022500407,1610612744,Golden State,Warriors,GSW,warriors,1631218,Trayce,Jackson-Davis,T. Jackson-Davis,trayce-jackson-davis,,,,12:19,12.316666666666666,2,4,0.5,0,0,0.0,0,0,0.0,0,4,4,0,0,1,1,0,4,8.0,0022500407,Trayce Jackson-Davis,trayce jackson-davis,,,2025-12-22,1,0.32476319350473615,0.0,0.32476319350473615,0.0,0.08119079837618404,8.0,10.0,3.0,11.0,6.0,2.0,6.0,9.0,1.0,0,0.0,0,0.00161,32.9,20422.09807572936,32.847031,0.08119079837618404,6.0,10.0,0.042863112
0022500407,1610612744,Golden State,Warriors,GSW,warriors,1629001,De'Anthony,Melton,D. Melton,deanthony-melton,,,,15:30,15.5,1,6,0.167,0,2,0.0,2,2,1.0,0,0,0,1,2,0,0,1,4,1.0,0022500407,De'Anthony Melton,de'anthony melton,,,2025-12-22,2,0.25806451612903225,0.0,0.0,0.06451612903225806,0.12903225806451613,8.0,10.0,13.0,9.0,1.0,6.0,10.0,7.0,4.0,0,0.0,0,0.00194,0.1,51.51983513652757,0.099806,0.12903225806451613,1.0,5.0,0.013145393
0022500407,1610612744,Golden State,Warriors,GSW,warriors,1642954,Will,Richard,W. Richard,will-richard,,,,12:57,12.95,0,2,0.0,0,2,0.0,0,0,0.0,0,1,1,1,0,0,0,2,0,-1.0,0022500407,Will Richard,will richard,,,2025-12-22,0,0.0,0.0,0.07722007722007722,0.07722007722007722,0.0,12.0,10.0,11.0,9.0,6.0,6.0,12.0,8.0,1.0,0,0.0,0,0.00063,-3.6,-5705.229793977813,-3.597732,0.0,10.0,13.0,0.006210612
0022500407,1610612744,Golden State,Warriors,GSW,warriors,1630311,Pat,Spencer,P. Spencer,pat-spencer,,,,12:00,12.0,0,5,0.0,0,2,0.0,2,2,1.0,1,1,2,2,0,0,3,1,2,1.0,0022500407,Pat Spencer,pat spencer,,,2025-12-22,0,0.16666666666666666,0.08333333333333333,0.16666666666666666,0.16666666666666666,0.08333333333333333,11.0,4.0,10.0,7.0,6.0,6.0,10.0,10.0,0.0,0,0.0,0,0.0028100000000000004,-2.9,-1031.6613304873708,-2.891851,0.0,10.0,9.0,0.0063823457
0022500407,1610612744,Golden State,Warriors,GSW,warriors,1630611,Gui,Santos,G. Santos,gui-santos,,,,10:07,10.116666666666667,0,0,0.0,0,0,0.0,0,0,0.0,1,0,1,0,2,0,0,0,0,14.0,0022500407,Gui Santos,gui santos,,,2025-12-22,2,0.0,0.09884678747940691,0.09884678747940691,0.0,0.29654036243822074,12.0,4.0,11.0,11.0,1.0,6.0,4.0,12.0,1.0,0,0.0,0,0.0,73.1,73100000.0,73.1,0.19769357495881382,1.0,2.0,0.025567032
0022500407,1610612744,Golden State,Warriors,GSW,warriors,1627741,Buddy,Hield,B. Hield,buddy-hield,,,,3:16,3.2666666666666666,1,1,1.0,1,1,1.0,0,0,0.0,1,2,3,0,0,0,1,0,3,2.0,0022500407,Buddy Hield,buddy hield,,,2025-12-22,0,0.9183673469387755,0.30612244897959184,0.9183673469387755,0.0,0.30612244897959184,10.0,4.0,6.0,11.0,6.0,6.0,9.0,13.0,0.0,0,0.0,0,0.00222,28.6,12877.082395317424,28.536508,0.0,10.0,1.0,0.04267205
0022500011,1610612744,Golden State,Warriors,GSW,warriors,202710,Jimmy,Butler III,J. Butler III,jimmy-butler-iii,F,,,31:41,31.683333333333334,5,10,0.5,1,3,0.333,3,4,0.75,2,7,9,9,1,0,4,2,14,14.0,0022500011,Jimmy Butler III,jimmy butler   iii,,,2025-12-25,1,0.4418726985796949,0.0631246712256707,0.2840610205155181,0.2840610205155181,0.09468700683850605,3.0,1.0,1.0,1.0,2.0,5.0,2.0,2.0,1.0,0,0.0,0,0.00198,22.7,11458.859162039373,22.655054,0.03156233561283535,6.0,6.0,0.7218374
0022500011,1610612744,Golden State,Warriors,GSW,warriors,203110,Draymond,Green,D. Green,draymond-green,F,,,27:33,27.55,2,7,0.286,1,4,0.25,2,2,1.0,1,4,5,3,1,0,2,5,7,-9.0,0022500011,Draymond Green,draymond green,,,2025-12-25,1,0.2540834845735027,0.036297640653357534,0.18148820326678766,0.1088929219600726,0.07259528130671507,8.0,5.0,3.0,5.0,2.0,5.0,11.0,5.0,1.0,0,0.0,0,0.0014299999999999998,-11.3,-7896.575821104125,-11.283841,0.036297640653357534,6.0,8.0,0.031059539
0022500011,1610612744,Golden State,Warriors,GSW,warriors,1642366,Quinten,Post,Q. Post,quinten-post,C,,,13:37,13.616666666666667,3,9,0.333,0,4,0.0,0,0,0.0,1,2,3,0,1,0,0,1,6,-2.0,0022500011,Quinten Post,quinten post,,,2025-12-25,1,0.44063647490820074,0.07343941248470012,0.22031823745410037,0.0,0.14687882496940025,9.0,5.0,7.0,10.0,2.0,5.0,9.0,8.0,0.0,0,0.0,0,0.0025700000000000002,-6.5,-2528.199144301828,-6.483295,0.07343941248470012,6.0,4.0,0.095239215
0022500011,1610612744,Golden State,Warriors,GSW,warriors,1630541,Moses,Moody,M. Moody,moses-moody,G,,,30:28,30.466666666666665,4,9,0.444,2,5,0.4,2,2,1.0,0,2,2,2,1,1,1,2,12,5.0,0022500011,Moses Moody,moses moody,,,2025-12-25,2,0.39387308533916854,0.0,0.06564551422319476,0.06564551422319476,0.06564551422319476,6.0,10.0,10.0,7.0,2.0,1.0,6.0,3.0,4.0,0,0.0,0,0.0014299999999999998,7.6,5310.971348707199,7.589131999999999,0.06564551422319476,1.0,10.0,0.6157469
0022500011,1610612744,Golden State,Warriors,GSW,warriors,201939,Stephen,Curry,S. Curry,stephen-curry,G,,,32:53,32.88333333333333,6,18,0.333,2,10,0.2,9,9,1.0,1,2,3,4,0,0,3,3,23,-3.0,0022500011,Stephen Curry,stephen curry,,,2025-12-25,0,0.6994424733907755,0.030410542321338066,0.0912316269640142,0.12164216928535226,0.030410542321338066,1.0,5.0,7.0,3.0,9.0,5.0,10.0,1.0,2.0,0,0.0,0,0.00291,-2.7,-927.5163174166954,-2.692143,0.0,9.0,11.0,0.51492506
0022500011,1610612744,Golden State,Warriors,GSW,warriors,1641764,Brandin,Podziemski,B. Podziemski,brandin-podziemski,,,,28:24,28.4,4,8,0.5,1,5,0.2,4,4,1.0,2,6,8,4,0,0,1,3,13,2.0,0022500011,Brandin Podziemski,brandin podziemski,,,2025-12-25,0,0.45774647887323944,0.07042253521126761,0.28169014084507044,0.14084507042253522,0.07042253521126761,5.0,1.0,2.0,3.0,9.0,5.0,7.0,4.0,1.0,0,0.0,0,0.00149,6.8,4560.697518443997,6.789868,0.0,9.0,9.0,0.37505078
0022500011,1610612744,Golden State,Warriors,GSW,warriors,1627780,Gary,Payton II,G. Payton II,gary-payton-ii,,,,14:32,14.533333333333333,3,5,0.6,0,1,0.0,0,0,0.0,2,3,5,5,1,1,0,2,6,6.0,0022500011,Gary Payton II,gary payton  ii,,,2025-12-25,2,0.41284403669724773,0.13761467889908258,0.3440366972477064,0.3440366972477064,0.27522935779816515,9.0,1.0,3.0,2.0,2.0,1.0,5.0,7.0,1.0,0,0.0,0,0.00132,18.8,14231.642694928087,18.775184,0.13761467889908258,1.0,2.0,0.32300547
0022500011,1610612744,Golden State,Warriors,GSW,warriors,1631218,Trayce,Jackson-Davis,T. Jackson-Davis,trayce-jackson-davis,,,,12:38,12.633333333333333,5,6,0.833,0,0,0.0,0,0,0.0,2,3,5,0,1,1,0,2,10,8.0,0022500011,Trayce Jackson-Davis,trayce jackson-davis,,,2025-12-25,2,0.79155672823219,0.158311345646438,0.395778364116095,0.0,0.316622691292876,7.0,1.0,3.0,10.0,2.0,1.0,4.0,10.0,1.0,0,0.0,0,0.0017100000000000001,27.6,16130.917592051432,27.552804000000002,0.158311345646438,1.0,1.0,0.75813526
0022500011,1610612744,Golden State,Warriors,GSW,warriors,1629001,De'Anthony,Melton,D. Melton,deanthony-melton,,,,24:04,24.066666666666666,5,14,0.357,2,7,0.286,4,5,0.8,1,2,3,3,1,1,0,2,16,19.0,0022500011,De'Anthony Melton,de'anthony melton,,,2025-12-25,2,0.6648199445983379,0.04155124653739612,0.12465373961218837,0.12465373961218837,0.12465373961218837,2.0,5.0,7.0,5.0,2.0,1.0,1.0,6.0,2.0,0,0.0,0,0.0025800000000000003,37.2,14413.018209996124,37.104024,0.08310249307479224,1.0,5.0,0.8717575
0022500011,1610612744,Golden State,Warriors,GSW,warriors,201143,Al,Horford,A. Horford,al-horford,,,,11:26,11.433333333333334,5,7,0.714,4,6,0.667,0,0,0.0,0,4,4,2,2,0,0,0,14,9.0,0022500011,Al Horford,al horford,,,2025-12-25,2,1.2244897959183674,0.0,0.3498542274052478,0.1749271137026239,0.1749271137026239,3.0,10.0,6.0,7.0,1.0,5.0,3.0,11.0,1.0,0,0.0,0,0.00226,33.3,14727.99646174259,33.224742,0.1749271137026239,1.0,3.0,0.81277937
0022500011,1610612744,Golden State,Warriors,GSW,warriors,1642954,Will,Richard,W. Richard,will-richard,,,,12:44,12.733333333333333,2,6,0.333,1,5,0.2,0,0,0.0,1,1,2,1,0,0,0,0,5,1.0,0022500011,Will Richard,will richard,,,2025-12-25,0,0.39267015706806285,0.07853403141361257,0.15706806282722513,0.07853403141361257,0.07853403141361257,11.0,5.0,10.0,9.0,9.0,5.0,8.0,9.0,4.0,0,0.0,0,0.00188,3.3,1754.3859649122808,3.293796,0.0,9.0,7.0,0.029824205
0022500441,1610612744,Golden State,Warriors,GSW,warriors,202710,Jimmy,Butler III,J. Butler III,jimmy-butler-iii,F,,,37:41,37.68333333333333,6,16,0.375,0,4,0.0,7,7,1.0,3,3,6,5,0,0,3,2,19,-11.0,0022500441,Jimmy Butler III,jimmy butler   iii,,,2025-12-28,0,0.504201680672269,0.07961079168509509,0.15922158337019018,0.13268465280849184,0.07961079168509509,3.0,1.0,3.0,2.0,5.0,7.0,7.0,2.0,1.0,0,0.0,0,0.00234,-9.1,-3887.2276804784274,-9.078706,0.0,8.0,6.0,0.16655308
0022500441,1610612744,Golden State,Warriors,GSW,warriors,203110,Draymond,Green,D. Green,draymond-green,F,,,33:17,33.28333333333333,8,14,0.571,4,8,0.5,1,3,0.333,0,4,4,7,1,0,3,2,21,-2.0,0022500441,Draymond Green,draymond green,,,2025-12-28,1,0.6309464196294442,0.0,0.12018027040560841,0.21031547320981472,0.030045067601402103,2.0,8.0,5.0,1.0,3.0,7.0,4.0,4.0,4.0,0,0.0,0,0.0022500000000000003,-2.9,-1288.3163038649486,-2.893475,0.030045067601402103,6.0,9.0,0.81444246
0022500441,1610612744,Golden State,Warriors,GSW,warriors,1642366,Quinten,Post,Q. Post,quinten-post,C,,,18:08,18.133333333333333,2,3,0.667,2,2,1.0,2,2,1.0,0,2,2,2,0,1,2,4,8,-4.0,0022500441,Quinten Post,quinten post,,,2025-12-28,1,0.4411764705882353,0.0,0.11029411764705882,0.11029411764705882,0.05514705882352941,6.0,8.0,9.0,4.0,5.0,3.0,6.0,7.0,0.0,0,0.0,0,0.0014299999999999998,-10.3,-7197.763801537388,-10.285271,0.05514705882352941,6.0,7.0,0.0959775
0022500441,1610612744,Golden State,Warriors,GSW,warriors,1630541,Moses,Moody,M. Moody,moses-moody,G,,,29:00,29.0,1,6,0.167,1,4,0.25,0,0,0.0,2,4,6,1,2,1,2,2,3,6.0,0022500441,Moses Moody,moses moody,,,2025-12-28,3,0.10344827586206896,0.06896551724137931,0.20689655172413793,0.034482758620689655,0.1724137931034483,9.0,3.0,3.0,7.0,2.0,3.0,1.0,5.0,3.0,0,0.0,0,0.00113,12.8,11317.41821396994,12.785536,0.10344827586206896,2.0,4.0,0.13369976
0022500441,1610612744,Golden State,Warriors,GSW,warriors,201939,Stephen,Curry,S. Curry,stephen-curry,G,,,41:09,41.15,12,30,0.4,4,11,0.364,11,11,1.0,2,1,3,4,1,1,4,2,39,0.0,0022500441,Stephen Curry,stephen curry,,,2025-12-28,2,0.9477521263669502,0.04860267314702309,0.07290400972053464,0.09720534629404617,0.09720534629404617,1.0,3.0,6.0,3.0,3.0,3.0,3.0,1.0,2.0,0,0.0,0,0.00378,0.0,0.0,0.0,0.04860267314702309,4.0,5.0,0.89052856
0022500441,1610612744,Golden State,Warriors,GSW,warriors,1627780,Gary,Payton II,G. Payton II,gary-payton-ii,,,,11:34,11.566666666666666,2,3,0.667,0,1,0.0,0,0,0.0,1,0,1,2,0,3,2,1,4,-19.0,0022500441,Gary Payton II,gary payton  ii,,,2025-12-28,3,0.345821325648415,0.08645533141210375,0.08645533141210375,0.1729106628242075,0.345821325648415,8.0,6.0,10.0,4.0,5.0,1.0,9.0,10.0,2.0,0,0.0,0,0.00179,-56.0,-31267.44835287549,-55.89976,0.25936599423631124,2.0,1.0,0.04183135
0022500441,1610612744,Golden State,Warriors,GSW,warriors,201143,Al,Horford,A. Horford,al-horford,,,,16:51,16.85,3,6,0.5,1,3,0.333,0,0,0.0,3,4,7,0,0,2,0,0,7,-3.0,0022500441,Al Horford,al horford,,,2025-12-28,2,0.4154302670623145,0.17804154302670622,0.4154302670623145,0.0,0.29673590504451036,7.0,1.0,1.0,10.0,5.0,2.0,5.0,8.0,0.0,0,0.0,0,0.0014299999999999998,-5.2,-3633.822501747031,-5.192564,0.11869436201780414,4.0,2.0,0.4616588
0022500441,1610612744,Golden State,Warriors,GSW,warriors,1641764,Brandin,Podziemski,B. Podziemski,brandin-podziemski,,,,27:57,27.95,5,9,0.556,2,4,0.5,1,1,1.0,1,2,3,2,0,0,1,2,13,-23.0,0022500441,Brandin Podziemski,brandin podziemski,,,2025-12-28,0,0.46511627906976744,0.03577817531305903,0.10733452593917711,0.07155635062611806,0.03577817531305903,4.0,6.0,6.0,4.0,5.0,7.0,10.0,6.0,1.0,0,0.0,0,0.00133,-39.3,-29526.671675432004,-39.247730999999995,0.0,8.0,8.0,0.2269273
0022500441,1610612744,Golden State,Warriors,GSW,warriors,1642954,Will,Richard,W. Richard,will-richard,,,,35:07,35.11666666666667,3,7,0.429,1,5,0.2,3,4,0.75,2,5,7,1,5,1,2,4,10,-15.0,0022500441,Will Richard,will richard,,,2025-12-28,6,0.28476506881822494,0.05695301376364499,0.19933554817275748,0.028476506881822496,0.22781205505457996,5.0,3.0,1.0,7.0,1.0,3.0,8.0,3.0,7.0,0,0.0,0,0.00121,-19.7,-16267.547481420315,-19.676163,0.170859041290935,1.0,3.0,0.20277165
0022500441,1610612744,Golden State,Warriors,GSW,warriors,1627741,Buddy,Hield,B. Hield,buddy-hield,,,,14:16,14.266666666666667,1,2,0.5,1,2,0.5,0,0,0.0,0,3,3,1,0,0,1,1,3,1.0,0022500441,Buddy Hield,buddy hield,,,2025-12-28,0,0.2102803738317757,0.0,0.2102803738317757,0.07009345794392523,0.0,9.0,8.0,6.0,7.0,5.0,7.0,2.0,9.0,2.0,0,0.0,0,0.0008799999999999999,0.2,227.01475595913737,0.199824,0.0,8.0,10.0,0.014642657
0022500449,1610612744,Golden State,Warriors,GSW,warriors,202710,Jimmy,Butler III,J. Butler III,jimmy-butler-iii,F,,,31:12,31.2,5,9,0.556,0,0,0.0,11,12,0.917,3,2,5,4,1,0,1,1,21,7.0,0022500449,Jimmy Butler III,jimmy butler   iii,,,2025-12-29,1,0.6730769230769231,0.09615384615384616,0.16025641025641027,0.12820512820512822,0.12820512820512822,2.0,1.0,3.0,2.0,4.0,5.0,5.0,1.0,3.0,0,0.0,0,0.0022400000000000002,17.1,7630.522088353413,17.061696,0.032051282051282055,6.0,4.0,0.7591421
0022500449,1610612744,Golden State,Warriors,GSW,warriors,203110,Draymond,Green,D. Green,draymond-green,F,,,24:47,24.783333333333335,1,3,0.333,0,1,0.0,5,6,0.833,0,5,5,3,1,1,1,5,7,3.0,0022500449,Draymond Green,draymond green,,,2025-12-29,2,0.2824478816408877,0.0,0.20174848688634833,0.121049092131809,0.08069939475453934,7.0,5.0,3.0,4.0,4.0,2.0,9.0,3.0,2.0,0,0.0,0,0.00117,3.5,2988.8983774551666,3.495905,0.08069939475453934,4.0,8.0,0.038377922
0022500449,1610612744,Golden State,Warriors,GSW,warriors,1642366,Quinten,Post,Q. Post,quinten-post,C,,,4:52,4.866666666666667,1,1,1.0,1,1,1.0,0,0,0.0,0,0,0,0,0,0,1,3,3,-8.0,0022500449,Quinten Post,quinten post,,,2025-12-29,0,0.6164383561643835,0.0,0.0,0.0,0.0,12.0,5.0,12.0,11.0,9.0,5.0,12.0,13.0,0.0,0,0.0,0,0.00182,-80.0,-43931.905546403075,-79.8544,0.0,9.0,11.0,0.014445714
0022500449,1610612744,Golden State,Warriors,GSW,warriors,1630541,Moses,Moody,M. Moody,moses-moody,G,,,11:40,11.666666666666666,1,8,0.125,1,5,0.2,1,2,0.5,1,2,3,0,0,0,0,1,4,-15.0,0022500449,Moses Moody,moses moody,,,2025-12-29,0,0.34285714285714286,0.08571428571428572,0.2571428571428572,0.0,0.08571428571428572,10.0,2.0,6.0,11.0,9.0,5.0,13.0,9.0,0.0,0,0.0,0,0.003,-68.8,-22925.691436187935,-68.5936,0.0,9.0,7.0,0.011760778
0022500449,1610612744,Golden State,Warriors,GSW,warriors,201939,Stephen,Curry,S. Curry,stephen-curry,G,,,28:36,28.6,8,15,0.533,5,12,0.417,6,7,0.857,0,2,2,5,1,0,2,1,27,-6.0,0022500449,Stephen Curry,stephen curry,,,2025-12-29,1,0.9440559440559441,0.0,0.06993006993006992,0.17482517482517482,0.03496503496503496,1.0,5.0,8.0,1.0,4.0,5.0,11.0,2.0,1.0,0,0.0,0,0.00294,-14.3,-4862.291737504251,-14.257958,0.03496503496503496,6.0,10.0,0.88559365
0022500449,1610612744,Golden State,Warriors,GSW,warriors,1630611,Gui,Santos,G. Santos,gui-santos,,,,19:10,19.166666666666668,0,2,0.0,0,2,0.0,0,0,0.0,1,3,4,2,0,0,2,1,0,10.0,0022500449,Gui Santos,gui santos,,,2025-12-29,0,0.0,0.05217391304347826,0.20869565217391303,0.10434782608695652,0.05217391304347826,13.0,2.0,5.0,6.0,9.0,5.0,3.0,8.0,1.0,0,0.0,0,0.00082,18.9,23020.70645554202,18.884501999999998,0.0,9.0,9.0,0.013138522
0022500449,1610612744,Golden State,Warriors,GSW,warriors,1627780,Gary,Payton II,G. Payton II,gary-payton-ii,,,,10:04,10.066666666666666,4,5,0.8,1,1,1.0,1,2,0.5,0,0,0,1,0,0,2,2,10,4.0,0022500449,Gary Payton II,gary payton  ii,,,2025-12-29,0,0.9933774834437087,0.0,0.0,0.09933774834437087,0.0,4.0,5.0,12.0,8.0,9.0,5.0,7.0,12.0,1.0,0,0.0,0,0.00333,18.2,5463.824677274091,18.139394,0.0,9.0,11.0,0.3230252
0022500449,1610612744,Golden State,Warriors,GSW,warriors,1631218,Trayce,Jackson-Davis,T. Jackson-Davis,trayce-jackson-davis,,,,21:56,21.933333333333334,5,6,0.833,0,0,0.0,1,2,0.5,0,6,6,1,1,2,1,1,11,10.0,0022500449,Trayce Jackson-Davis,trayce jackson-davis,,,2025-12-29,3,0.5015197568389058,0.0,0.2735562310030395,0.04559270516717325,0.13677811550151975,3.0,5.0,2.0,8.0,4.0,1.0,3.0,6.0,2.0,0,0.0,0,0.00178,25.6,14373.94722066255,25.554432000000002,0.13677811550151975,1.0,3.0,0.67663985
0022500449,1610612744,Golden State,Warriors,GSW,warriors,1641764,Brandin,Podziemski,B. Podziemski,brandin-podziemski,,,,20:02,20.033333333333335,3,6,0.5,1,3,0.333,0,0,0.0,0,2,2,2,0,0,1,1,7,5.0,0022500449,Brandin Podziemski,brandin podziemski,,,2025-12-29,0,0.3494176372712146,0.0,0.09983361064891846,0.09983361064891846,0.0,7.0,5.0,8.0,6.0,9.0,5.0,6.0,7.0,1.0,0,0.0,0,0.00159,10.5,6599.622878692646,10.483305,0.0,9.0,11.0,0.05534066
0022500449,1610612744,Golden State,Warriors,GSW,warriors,1629001,De'Anthony,Melton,D. Melton,deanthony-melton,,,,23:32,23.533333333333335,4,6,0.667,0,2,0.0,2,2,1.0,1,7,8,1,2,1,1,1,10,26.0,0022500449,De'Anthony Melton,de'anthony melton,,,2025-12-29,3,0.4249291784702549,0.04249291784702549,0.3399433427762039,0.04249291784702549,0.16997167138810196,4.0,2.0,1.0,8.0,1.0,2.0,1.0,4.0,4.0,0,0.0,0,0.0016,57.1,35665.209244222366,57.00864,0.1274787535410765,1.0,2.0,0.7544561
0022500449,1610612744,Golden State,Warriors,GSW,warriors,1627741,Buddy,Hield,B. Hield,buddy-hield,,,,10:57,10.95,3,5,0.6,0,2,0.0,0,0,0.0,0,3,3,0,2,1,0,1,6,3.0,0022500449,Buddy Hield,buddy hield,,,2025-12-29,3,0.5479452054794521,0.0,0.27397260273972607,0.0,0.27397260273972607,9.0,5.0,6.0,11.0,1.0,2.0,9.0,10.0,3.0,0,0.0,0,0.00192,12.5,6507.0275897969805,12.475999999999999,0.27397260273972607,1.0,1.0,0.20771164
0022500449,1610612744,Golden State,Warriors,GSW,warriors,1642954,Will,Richard,W. Richard,will-richard,,,,22:51,22.85,4,7,0.571,1,4,0.25,1,1,1.0,0,1,1,3,2,0,1,1,10,22.0,0022500449,Will Richard,will richard,,,2025-12-29,2,0.437636761487965,0.0,0.0437636761487965,0.13129102844638948,0.087527352297593,4.0,5.0,10.0,4.0,1.0,5.0,2.0,5.0,3.0,0,0.0,0,0.00167,50.0,29922.202274087373,49.9165,0.087527352297593,4.0,6.0,0.60203964
0022500449,1610612744,Golden State,Warriors,GSW,warriors,1630311,Pat,Spencer,P. Spencer,pat-spencer,,,,10:21,10.35,2,4,0.5,0,0,0.0,0,0,0.0,0,1,1,4,1,0,0,2,4,4.0,0022500449,Pat Spencer,pat spencer,,,2025-12-29,1,0.3864734299516908,0.0,0.0966183574879227,0.3864734299516908,0.0966183574879227,10.0,5.0,10.0,2.0,4.0,5.0,7.0,11.0,1.0,0,0.0,0,0.0017399999999999998,19.0,10913.268236645608,18.96694,0.0966183574879227,6.0,5.0,0.027362054
0022500462,1610612744,Golden State,Warriors,GSW,warriors,202710,Jimmy,Butler III,J. Butler III,jimmy-butler-iii,F,,,30:52,30.866666666666667,4,8,0.5,0,1,0.0,11,12,0.917,1,4,5,7,1,0,3,1,19,8.0,0022500462,Jimmy Butler III,jimmy butler   iii,,,2025-12-31,1,0.6155507559395248,0.03239740820734341,0.16198704103671707,0.2267818574514039,0.06479481641468682,2.0,4.0,2.0,2.0,2.0,4.0,4.0,2.0,0.0,0,0.0,0,0.0022400000000000002,13.2,5890.227576974564,13.170432,0.03239740820734341,3.0,7.0,0.67893666
0022500462,1610612744,Golden State,Warriors,GSW,warriors,203110,Draymond,Green,D. Green,draymond-green,F,,,28:12,28.2,4,6,0.667,2,4,0.5,0,0,0.0,1,7,8,12,1,0,4,2,10,18.0,0022500462,Draymond Green,draymond green,,,2025-12-31,1,0.3546099290780142,0.03546099290780142,0.28368794326241137,0.425531914893617,0.07092198581560284,5.0,4.0,1.0,1.0,2.0,4.0,1.0,3.0,2.0,0,0.0,0,0.00145,24.7,17022.742935906273,24.664185,0.03546099290780142,3.0,5.0,0.85905945
0022500462,1610612744,Golden State,Warriors,GSW,warriors,1642366,Quinten,Post,Q. Post,quinten-post,C,,,14:18,14.3,3,7,0.429,3,7,0.429,0,0,0.0,0,1,1,0,1,0,1,1,9,6.0,0022500462,Quinten Post,quinten post,,,2025-12-31,1,0.6293706293706294,0.0,0.06993006993006992,0.0,0.06993006993006992,6.0,7.0,10.0,9.0,2.0,4.0,5.0,9.0,1.0,0,0.0,0,0.0023499999999999997,18.2,7741.386643981285,18.15723,0.06993006993006992,3.0,6.0,0.16464233
0022500462,1610612744,Golden State,Warriors,GSW,warriors,1630541,Moses,Moody,M. Moody,moses-moody,G,,,18:53,18.883333333333333,3,7,0.429,1,3,0.333,0,0,0.0,1,4,5,2,1,1,0,1,7,0.0,0022500462,Moses Moody,moses moody,,,2025-12-31,2,0.3706972639011474,0.0529567519858782,0.264783759929391,0.1059135039717564,0.1588702559576346,9.0,4.0,2.0,6.0,2.0,1.0,9.0,6.0,3.0,0,0.0,0,0.00156,2.8,1793.7219730941704,2.795632,0.1059135039717564,1.0,4.0,0.12793276
0022500462,1610612744,Golden State,Warriors,GSW,warriors,201939,Stephen,Curry,S. Curry,stephen-curry,G,,,33:07,33.11666666666667,9,16,0.563,5,10,0.5,3,3,1.0,0,2,2,4,0,1,5,4,26,11.0,0022500462,Stephen Curry,stephen curry,,,2025-12-31,1,0.7851031706089582,0.0,0.06039255158530448,0.12078510317060896,0.03019627579265224,1.0,7.0,7.0,3.0,7.0,1.0,3.0,1.0,4.0,0,0.0,0,0.0027500000000000003,11.7,4252.998909487458,11.667824999999999,0.03019627579265224,3.0,8.0,0.8211814
0022500462,1610612744,Golden State,Warriors,GSW,warriors,1641764,Brandin,Podziemski,B. Podziemski,brandin-podziemski,,,,23:18,23.3,6,9,0.667,5,7,0.714,2,2,1.0,0,3,3,3,0,0,1,1,19,-6.0,0022500462,Brandin Podziemski,brandin podziemski,,,2025-12-31,0,0.815450643776824,0.0,0.12875536480686695,0.12875536480686695,0.0,2.0,7.0,5.0,4.0,7.0,4.0,10.0,4.0,1.0,0,0.0,0,0.00216,-12.8,-5923.183711244794,-12.772352,0.0,9.0,9.0,0.8992861
0022500462,1610612744,Golden State,Warriors,GSW,warriors,1627780,Gary,Payton II,G. Payton II,gary-payton-ii,,,,10:02,10.033333333333333,4,4,1.0,1,1,1.0,0,0,0.0,0,1,1,0,0,0,0,4,9,-9.0,0022500462,Gary Payton II,gary payton  ii,,,2025-12-31,0,0.8970099667774086,0.0,0.09966777408637874,0.0,0.0,6.0,7.0,10.0,9.0,7.0,4.0,13.0,11.0,1.0,0,0.0,0,0.0017399999999999998,-20.8,-11947.156806433088,-20.763808,0.0,9.0,9.0,0.35652864
0022500462,1610612744,Golden State,Warriors,GSW,warriors,1631218,Trayce,Jackson-Davis,T. Jackson-Davis,trayce-jackson-davis,,,,5:27,5.45,0,0,0.0,0,0,0.0,0,0,0.0,0,0,0,0,0,0,0,0,0,-8.0,0022500462,Trayce Jackson-Davis,trayce jackson-davis,,,2025-12-31,0,0.0,0.0,0.0,0.0,0.0,12.0,7.0,12.0,9.0,7.0,4.0,12.0,13.0,0.0,0,0.0,0,0.0,-98.9,-98900000.00000001,-98.9,0.0,9.0,9.0,0.002707165
0022500462,1610612744,Golden State,Warriors,GSW,warriors,1629001,De'Anthony,Melton,D. Melton,deanthony-melton,,,,22:55,22.916666666666668,3,8,0.375,1,3,0.333,0,0,0.0,3,0,3,2,2,0,3,3,7,2.0,0022500462,De'Anthony Melton,de'anthony melton,,,2025-12-31,2,0.3054545454545454,0.1309090909090909,0.1309090909090909,0.08727272727272727,0.21818181818181817,9.0,1.0,5.0,6.0,1.0,4.0,7.0,5.0,4.0,0,0.0,0,0.00212,1.6,754.3611504007544,1.596608,0.08727272727272727,1.0,1.0,0.1004407
0022500462,1610612744,Golden State,Warriors,GSW,warriors,201143,Al,Horford,A. Horford,al-horford,,,,13:04,13.066666666666666,3,7,0.429,2,6,0.333,0,0,0.0,0,2,2,0,0,0,0,0,8,-6.0,0022500462,Al Horford,al horford,,,2025-12-31,0,0.6122448979591837,0.0,0.15306122448979592,0.0,0.0,8.0,7.0,7.0,9.0,7.0,4.0,10.0,10.0,1.0,0,0.0,0,0.00219,-21.4,-9767.229575536283,-21.353133999999997,0.0,9.0,9.0,0.07656973
0022500462,1610612744,Golden State,Warriors,GSW,warriors,1642954,Will,Richard,W. Richard,will-richard,,,,16:59,16.983333333333334,2,3,0.667,1,2,0.5,0,0,0.0,2,0,2,3,1,0,2,3,5,1.0,0022500462,Will Richard,will richard,,,2025-12-31,1,0.2944062806673209,0.11776251226692835,0.11776251226692835,0.17664376840039253,0.17664376840039253,11.0,2.0,7.0,4.0,2.0,4.0,8.0,7.0,1.0,0,0.0,0,0.00114,2.6,2278.702892199825,2.597036,0.05888125613346418,3.0,3.0,0.048440192
0022500462,1610612744,Golden State,Warriors,GSW,warriors,1630611,Gui,Santos,G. Santos,gui-santos,,,,16:50,16.833333333333332,5,6,0.833,3,4,0.75,0,0,0.0,2,3,5,2,0,1,0,0,13,15.0,0022500462,Gui Santos,gui santos,,,2025-12-31,1,0.7722772277227723,0.11881188118811882,0.29702970297029707,0.11881188118811882,0.17821782178217824,4.0,2.0,2.0,6.0,7.0,1.0,2.0,8.0,1.0,0,0.0,0,0.0016200000000000001,45.5,28069.093152375077,45.42629,0.05940594059405941,3.0,2.0,0.9196942
0022500462,1610612744,Golden State,Warriors,GSW,warriors,1630311,Pat,Spencer,P. Spencer,pat-spencer,,,,6:04,6.066666666666666,0,2,0.0,0,1,0.0,0,0,0.0,0,0,0,0,0,0,0,0,0,3.0,0022500462,Pat Spencer,pat spencer,,,2025-12-31,0,0.0,0.0,0.0,0.0,0.0,12.0,7.0,12.0,9.0,7.0,4.0,6.0,12.0,,1,,1,0.00154,35.6,23101.881894873462,35.545176000000005,0.0,9.0,9.0,0.0029581573
0022500484,1610612744,Golden State,Warriors,GSW,warriors,1642954,Will,Richard,W. Richard,will-richard,F,,,27:12,27.2,5,15,0.333,2,6,0.333,1,1,1.0,3,2,5,1,1,0,1,0,13,-19.0,0022500484,Will Richard,will richard,,,2026-01-02,1,0.47794117647058826,0.11029411764705882,0.18382352941176472,0.03676470588235294,0.14705882352941177,1.0,2.0,4.0,5.0,2.0,5.0,7.0,2.0,3.0,0,0.0,0,0.00229,-30.4,-13269.31470973374,-30.330384,0.03676470588235294,5.0,3.0,0.2207659
0022500484,1610612744,Golden State,Warriors,GSW,warriors,1630611,Gui,Santos,G. Santos,gui-santos,F,,,26:12,26.2,2,4,0.5,1,3,0.333,4,6,0.667,0,8,8,0,0,1,3,1,9,-10.0,0022500484,Gui Santos,gui santos,,,2026-01-02,1,0.3435114503816794,0.0,0.3053435114503817,0.0,0.03816793893129771,7.0,7.0,2.0,8.0,8.0,2.0,1.0,5.0,0.0,0,1.0,0,0.00154,-22.9,-14860.480207657367,-22.864734,0.03816793893129771,5.0,8.0,0.09357769
0022500484,1610612744,Golden State,Warriors,GSW,warriors,1642366,Quinten,Post,Q. Post,quinten-post,C,,,22:48,22.8,4,10,0.4,1,6,0.167,2,2,1.0,2,1,3,2,1,0,1,5,11,-21.0,0022500484,Quinten Post,quinten post,,,2026-01-02,1,0.4824561403508772,0.08771929824561403,0.13157894736842105,0.08771929824561403,0.13157894736842105,5.0,3.0,6.0,4.0,2.0,5.0,8.0,8.0,1.0,0,0.0,0,0.00207,-39.6,-19121.197489135684,-39.518028,0.043859649122807015,5.0,4.0,0.2755831
0022500484,1610612744,Golden State,Warriors,GSW,warriors,1630541,Moses,Moody,M. Moody,moses-moody,G,,,27:02,27.033333333333335,6,12,0.5,1,4,0.25,0,1,0.0,0,2,2,0,1,0,3,3,13,-14.0,0022500484,Moses Moody,moses moody,,,2026-01-02,1,0.4808877928483354,0.0,0.07398273736128236,0.0,0.03699136868064118,1.0,7.0,8.0,8.0,2.0,5.0,3.0,3.0,2.0,0,0.0,0,0.00217,-23.3,-10732.381391064026,-23.249439,0.03699136868064118,5.0,9.0,0.5695514
0022500484,1610612744,Golden State,Warriors,GSW,warriors,1641764,Brandin,Podziemski,B. Podziemski,brandin-podziemski,G,,,26:18,26.3,4,13,0.308,1,4,0.25,3,5,0.6,0,4,4,4,1,1,1,1,12,-10.0,0022500484,Brandin Podziemski,brandin podziemski,,,2026-01-02,2,0.45627376425855515,0.0,0.1520912547528517,0.1520912547528517,0.07604562737642585,4.0,7.0,5.0,2.0,2.0,2.0,1.0,4.0,1.0,0,1.0,0,0.0023899999999999998,-18.1,-7570.054370556253,-18.056741000000002,0.07604562737642585,1.0,7.0,0.59789413
0022500484,1610612744,Golden State,Warriors,GSW,warriors,1627780,Gary,Payton II,G. Payton II,gary-payton-ii,,,,15:34,15.566666666666666,1,5,0.2,0,3,0.0,0,0,0.0,0,1,1,1,0,0,0,0,2,-15.0,0022500484,Gary Payton II,gary payton  ii,,,2026-01-02,0,0.1284796573875803,0.0,0.06423982869379015,0.06423982869379015,0.0,10.0,7.0,10.0,5.0,8.0,5.0,4.0,10.0,,1,,1,0.0011899999999999999,-44.1,-37027.70780856424,-44.047521,0.0,10.0,10.0,0.0070555625
0022500484,1610612744,Golden State,Warriors,GSW,warriors,1630311,Pat,Spencer,P. Spencer,pat-spencer,,,,31:13,31.216666666666665,1,8,0.125,1,4,0.25,0,0,0.0,2,1,3,11,1,0,3,1,3,-41.0,0022500484,Pat Spencer,pat spencer,,,2026-01-02,1,0.09610250934329953,0.06406833956219968,0.09610250934329953,0.35237586759209827,0.09610250934329953,9.0,3.0,6.0,1.0,2.0,5.0,10.0,1.0,3.0,0,0.0,0,0.0014099999999999998,-63.5,-45003.543586109154,-63.410465,0.03203416978109984,5.0,6.0,0.027014246
0022500484,1610612744,Golden State,Warriors,GSW,warriors,1631218,Trayce,Jackson-Davis,T. Jackson-Davis,trayce-jackson-davis,,,,24:14,24.233333333333334,1,6,0.167,0,0,0.0,5,6,0.833,5,4,9,3,1,1,1,3,7,-22.0,0022500484,Trayce Jackson-Davis,trayce jackson-davis,,,2026-01-02,2,0.2888583218707015,0.2063273727647868,0.3713892709766162,0.12379642365887207,0.2888583218707015,8.0,1.0,1.0,3.0,2.0,2.0,9.0,6.0,3.0,0,0.0,0,0.00164,-44.2,-26934.795856185257,-44.127512,0.08253094910591471,1.0,1.0,0.237866
0022500484,1610612744,Golden State,Warriors,GSW,warriors,1627741,Buddy,Hield,B. Hield,buddy-hield,,,,23:41,23.683333333333334,4,11,0.364,3,9,0.333,0,0,0.0,1,1,2,1,2,0,2,3,11,-18.0,0022500484,Buddy Hield,buddy hield,,,2026-01-02,2,0.46446164672765655,0.0422237860661506,0.0844475721323012,0.0422237860661506,0.1266713581984518,5.0,5.0,8.0,5.0,1.0,5.0,6.0,7.0,2.0,0,0.0,0,0.00228,-33.3,-14598.86014905743,-33.224076,0.0844475721323012,1.0,5.0,0.33815637
0022500484,1610612744,Golden State,Warriors,GSW,warriors,201143,Al,Horford,A. Horford,al-horford,,,,15:46,15.766666666666667,4,6,0.667,3,5,0.6,2,2,1.0,1,5,6,0,0,2,1,1,13,-15.0,0022500484,Al Horford,al horford,,,2026-01-02,2,0.8245243128964059,0.06342494714587738,0.38054968287526425,0.0,0.19027484143763213,1.0,5.0,3.0,8.0,8.0,1.0,4.0,9.0,0.0,0,0.0,0,0.0020499999999999997,-42.9,-20916.62603607996,-42.812055,0.12684989429175475,1.0,2.0,0.91082937
0022500492,1610612744,Golden State,Warriors,GSW,warriors,202710,Jimmy,Butler III,J. Butler III,jimmy-butler-iii,F,,,33:31,33.516666666666666,4,9,0.444,1,2,0.5,6,8,0.75,1,2,3,7,3,0,2,0,15,9.0,0022500492,Jimmy Butler III,jimmy butler   iii,,,2026-01-03,3,0.44753853804077576,0.029835902536051718,0.08950770760815514,0.20885131775236201,0.11934361014420687,2.0,4.0,6.0,2.0,1.0,3.0,4.0,2.0,4.0,0,0.0,0,0.0017599999999999998,8.2,4656.445201590006,8.185568,0.08950770760815514,1.0,4.0,0.74043214
0022500492,1610612744,Golden State,Warriors,GSW,warriors,203110,Draymond,Green,D. Green,draymond-green,F,,,12:04,12.066666666666666,3,4,0.75,1,2,0.5,1,1,1.0,0,3,3,2,0,1,1,0,8,-15.0,0022500492,Draymond Green,draymond green,,,2026-01-03,1,0.6629834254143646,0.0,0.24861878453038674,0.16574585635359115,0.08287292817679558,7.0,7.0,6.0,4.0,7.0,1.0,11.0,10.0,0.0,0,0.0,0,0.00156,-61.7,-39525.94490711083,-61.603748,0.08287292817679558,4.0,6.0,0.07045742
0022500492,1610612744,Golden State,Warriors,GSW,warriors,1642366,Quinten,Post,Q. Post,quinten-post,C,,,22:31,22.516666666666666,6,9,0.667,3,6,0.5,0,0,0.0,1,4,5,2,0,0,2,1,15,14.0,0022500492,Quinten Post,quinten post,,,2026-01-03,0,0.6661732050333087,0.04441154700222058,0.2220577350111029,0.08882309400444116,0.04441154700222058,2.0,4.0,5.0,4.0,7.0,3.0,2.0,6.0,0.0,0,0.0,0,0.0022,28.1,12766.924125397545,28.03818,0.0,8.0,7.0,0.8861157
0022500492,1610612744,Golden State,Warriors,GSW,warriors,1630541,Moses,Moody,M. Moody,moses-moody,G,,,24:60,25.0,3,8,0.375,2,6,0.333,0,0,0.0,0,2,2,2,1,0,1,1,8,16.0,0022500492,Moses Moody,moses moody,,,2026-01-03,1,0.32,0.0,0.08,0.08,0.04,7.0,7.0,8.0,4.0,3.0,3.0,1.0,3.0,2.0,0,0.0,0,0.00148,24.8,16745.44226873734,24.763296,0.04,4.0,9.0,0.14303976
0022500492,1610612744,Golden State,Warriors,GSW,warriors,201939,Stephen,Curry,S. Curry,stephen-curry,G,,,34:16,34.266666666666666,8,18,0.444,6,12,0.5,9,9,1.0,0,2,2,5,1,0,2,2,31,5.0,0022500492,Stephen Curry,stephen curry,,,2026-01-03,1,0.9046692607003891,0.0,0.058365758754863814,0.14591439688715954,0.029182879377431907,1.0,7.0,8.0,3.0,3.0,3.0,6.0,1.0,1.0,0,0.0,0,0.00267,3.5,1310.3706476974914,3.4906550000000003,0.029182879377431907,4.0,10.0,0.8633911
0022500492,1610612744,Golden State,Warriors,GSW,warriors,1627780,Gary,Payton II,G. Payton II,gary-payton-ii,,,,20:54,20.9,5,9,0.556,0,1,0.0,0,0,0.0,4,4,8,2,1,1,3,1,10,0.0,0022500492,Gary Payton II,gary payton  ii,,,2026-01-03,2,0.47846889952153115,0.19138755980861244,0.3827751196172249,0.09569377990430622,0.28708133971291866,5.0,1.0,1.0,4.0,3.0,1.0,8.0,7.0,3.0,0,0.0,0,0.0024,2.7,1124.5314452311538,2.6935200000000004,0.09569377990430622,2.0,1.0,0.44796553
0022500492,1610612744,Golden State,Warriors,GSW,warriors,1641764,Brandin,Podziemski,B. Podziemski,brandin-podziemski,,,,24:03,24.05,2,7,0.286,1,4,0.25,1,2,0.5,1,5,6,8,0,0,0,1,6,6.0,0022500492,Brandin Podziemski,brandin podziemski,,,2026-01-03,0,0.24948024948024947,0.041580041580041575,0.24948024948024947,0.3326403326403326,0.041580041580041575,10.0,4.0,3.0,1.0,7.0,3.0,5.0,5.0,0.0,0,0.0,0,0.0014000000000000002,6.9,4925.053533190578,6.890340000000001,0.0,8.0,8.0,0.0933403
0022500492,1610612744,Golden State,Warriors,GSW,warriors,1631218,Trayce,Jackson-Davis,T. Jackson-Davis,trayce-jackson-davis,,,,16:52,16.866666666666667,4,5,0.8,0,0,0.0,1,4,0.25,4,2,6,0,0,0,0,1,9,10.0,0022500492,Trayce Jackson-Davis,trayce jackson-davis,,,2026-01-03,0,0.5335968379446641,0.23715415019762845,0.3557312252964427,0.0,0.23715415019762845,6.0,1.0,3.0,10.0,7.0,3.0,3.0,9.0,0.0,0,0.0,0,0.0015199999999999999,26.5,17422.748191978964,26.45972,0.0,8.0,2.0,0.6513102
0022500492,1610612744,Golden State,Warriors,GSW,warriors,1629001,De'Anthony,Melton,D. Melton,deanthony-melton,,,,24:34,24.566666666666666,5,11,0.455,3,7,0.429,0,0,0.0,2,5,7,2,2,0,1,2,13,-3.0,0022500492,De'Anthony Melton,de'anthony melton,,,2026-01-03,2,0.5291723202170964,0.0814111261872456,0.28493894165535955,0.0814111261872456,0.1628222523744912,4.0,3.0,2.0,4.0,2.0,3.0,10.0,4.0,6.0,0,0.0,0,0.00188,-10.8,-5741.626794258374,-10.779696000000001,0.0814111261872456,2.0,3.0,0.6636728
0022500492,1610612744,Golden State,Warriors,GSW,warriors,1642954,Will,Richard,W. Richard,will-richard,,,,17:51,17.85,3,5,0.6,2,4,0.5,0,0,0.0,0,2,2,0,0,0,2,2,8,-1.0,0022500492,Will Richard,will richard,,,2026-01-03,0,0.44817927170868344,0.0,0.11204481792717086,0.0,0.0,7.0,7.0,8.0,10.0,7.0,3.0,9.0,8.0,0.0,0,0.0,0,0.0015199999999999999,-6.0,-3944.773175542407,-5.990880000000001,0.0,8.0,11.0,0.07400942
0022500492,1610612744,Golden State,Warriors,GSW,warriors,1630611,Gui,Santos,G. Santos,gui-santos,,,,8:24,8.4,0,2,0.0,0,1,0.0,0,0,0.0,0,1,1,2,1,0,0,2,0,4.0,0022500492,Gui Santos,gui santos,,,2026-01-03,1,0.0,0.0,0.11904761904761904,0.23809523809523808,0.11904761904761904,11.0,7.0,11.0,4.0,3.0,3.0,7.0,11.0,1.0,0,0.0,0,0.00091,8.3,9110.86717892426,8.292447000000001,0.11904761904761904,4.0,5.0,0.008020051
0022500508,1610612744,Golden State,Warriors,GSW,warriors,202710,Jimmy,Butler III,J. Butler III,jimmy-butler-iii,F,,,33:25,33.416666666666664,7,16,0.438,1,4,0.25,9,11,0.818,5,1,6,2,4,1,2,0,24,3.0,0022500508,Jimmy Butler III,jimmy butler   iii,,,2026-01-05,5,0.7182044887780549,0.14962593516209477,0.17955112219451372,0.05985037406483791,0.29925187032418954,2.0,1.0,1.0,3.0,1.0,1.0,4.0,2.0,7.0,0,0.0,0,0.0027700000000000003,1.5,541.3208228076505,1.4958449999999999,0.14962593516209477,1.0,1.0,0.87397355
0022500508,1610612744,Golden State,Warriors,GSW,warriors,203110,Draymond,Green,D. Green,draymond-green,F,,,31:57,31.95,2,8,0.25,0,6,0.0,2,2,1.0,1,4,5,12,2,0,1,1,6,15.0,0022500508,Draymond Green,draymond green,,,2026-01-05,2,0.18779342723004694,0.03129890453834116,0.1564945226917058,0.3755868544600939,0.09389671361502347,4.0,2.0,2.0,1.0,4.0,5.0,1.0,3.0,4.0,0,0.0,0,0.0013,18.1,13912.37509607994,18.07647,0.06259780907668232,5.0,8.0,0.27265388
0022500508,1610612744,Golden State,Warriors,GSW,warriors,1642366,Quinten,Post,Q. Post,quinten-post,C,,,12:32,12.533333333333333,2,4,0.5,1,2,0.5,0,0,0.0,0,2,2,0,1,0,0,1,5,-5.0,0022500508,Quinten Post,quinten post,,,2026-01-05,1,0.39893617021276595,0.0,0.1595744680851064,0.0,0.0797872340425532,7.0,9.0,7.0,9.0,7.0,5.0,7.0,9.0,1.0,0,0.0,0,0.00111,-20.6,-18541.854185418542,-20.577134,0.0797872340425532,7.0,10.0,0.042628407
0022500508,1610612744,Golden State,Warriors,GSW,warriors,1630541,Moses,Moody,M. Moody,moses-moody,G,,,19:11,19.183333333333334,1,5,0.2,0,3,0.0,2,2,1.0,1,1,2,1,3,1,1,2,4,2.0,0022500508,Moses Moody,moses moody,,,2026-01-05,4,0.20851433536055602,0.052128583840139006,0.10425716768027801,0.052128583840139006,0.26064291920069504,10.0,2.0,7.0,6.0,2.0,1.0,5.0,6.0,2.0,0,0.0,0,0.00146,7.3,4996.577686516085,7.2893419999999995,0.20851433536055602,2.0,2.0,0.049838293
0022500508,1610612744,Golden State,Warriors,GSW,warriors,201939,Stephen,Curry,S. Curry,stephen-curry,G,,,33:33,33.55,9,23,0.391,4,15,0.267,5,5,1.0,1,3,4,6,3,0,1,6,27,5.0,0022500508,Stephen Curry,stephen curry,,,2026-01-05,3,0.804769001490313,0.02980625931445604,0.11922503725782416,0.17883755588673622,0.11922503725782416,1.0,2.0,5.0,2.0,2.0,5.0,3.0,1.0,4.0,0,0.0,0,0.00317,4.1,1292.9675181330808,4.087002999999999,0.08941877794336811,3.0,6.0,0.8118864
0022500508,1610612744,Golden State,Warriors,GSW,warriors,1641764,Brandin,Podziemski,B. Podziemski,brandin-podziemski,,,,26:43,26.716666666666665,2,5,0.4,1,1,1.0,1,2,0.5,1,3,4,0,2,0,0,0,6,-5.0,0022500508,Brandin Podziemski,brandin podziemski,,,2026-01-05,2,0.22457891453524642,0.037429819089207735,0.14971927635683094,0.0,0.11228945726762321,4.0,2.0,5.0,9.0,4.0,5.0,7.0,4.0,2.0,0,0.0,0,0.001,-13.7,-13686.313686313686,-13.6863,0.07485963817841547,5.0,7.0,0.07472374
0022500508,1610612744,Golden State,Warriors,GSW,warriors,1627780,Gary,Payton II,G. Payton II,gary-payton-ii,,,,15:24,15.4,7,10,0.7,0,0,0.0,0,1,0.0,1,4,5,2,0,1,0,1,14,-6.0,0022500508,Gary Payton II,gary payton  ii,,,2026-01-05,1,0.9090909090909091,0.06493506493506493,0.3246753246753247,0.12987012987012986,0.12987012987012986,3.0,2.0,2.0,3.0,9.0,1.0,10.0,8.0,2.0,0,0.0,0,0.0027,-23.4,-8663.45797852647,-23.33682,0.06493506493506493,7.0,4.0,0.869523
0022500508,1610612744,Golden State,Warriors,GSW,warriors,1631218,Trayce,Jackson-Davis,T. Jackson-Davis,trayce-jackson-davis,,,,4:39,4.65,0,1,0.0,0,0,0.0,0,0,0.0,1,1,2,0,0,0,0,2,0,-7.0,0022500508,Trayce Jackson-Davis,trayce jackson-davis,,,2026-01-05,0,0.0,0.2150537634408602,0.4301075268817204,0.0,0.2150537634408602,11.0,2.0,7.0,9.0,9.0,5.0,11.0,12.0,0.0,0,0.0,0,0.00077,-85.6,-111024.64332036316,-85.534088,0.0,10.0,3.0,0.005407985
0022500508,1610612744,Golden State,Warriors,GSW,warriors,1629001,De'Anthony,Melton,D. Melton,deanthony-melton,,,,24:39,24.65,2,7,0.286,1,2,0.5,0,0,0.0,0,2,2,1,2,1,2,3,5,-1.0,0022500508,De'Anthony Melton,de'anthony melton,,,2026-01-05,3,0.20283975659229211,0.0,0.08113590263691683,0.04056795131845842,0.12170385395537527,7.0,9.0,7.0,6.0,4.0,1.0,6.0,5.0,3.0,0,0.0,0,0.00158,0.2,126.50221378874132,0.199684,0.12170385395537527,3.0,5.0,0.040566944
0022500508,1610612744,Golden State,Warriors,GSW,warriors,1642954,Will,Richard,W. Richard,will-richard,,,,10:35,10.583333333333334,0,2,0.0,0,1,0.0,0,0,0.0,0,1,1,2,0,0,0,0,0,-5.0,0022500508,Will Richard,will richard,,,2026-01-05,0,0.0,0.0,0.09448818897637795,0.1889763779527559,0.0,11.0,9.0,12.0,3.0,9.0,5.0,7.0,11.0,1.0,0,0.0,0,0.0006900000000000001,-30.7,-44428.364688856724,-30.678817,0.0,10.0,12.0,0.0035411792
0022500508,1610612744,Golden State,Warriors,GSW,warriors,201143,Al,Horford,A. Horford,al-horford,,,,15:41,15.683333333333334,1,8,0.125,1,5,0.2,2,2,1.0,0,5,5,0,1,0,0,1,5,-14.0,0022500508,Al Horford,al horford,,,2026-01-05,1,0.3188097768331562,0.0,0.3188097768331562,0.0,0.06376195536663125,7.0,9.0,2.0,9.0,7.0,5.0,12.0,7.0,1.0,0,0.0,0,0.0022500000000000003,-49.9,-22167.925366503772,-49.787725,0.06376195536663125,7.0,11.0,0.013970009
0022500508,1610612744,Golden State,Warriors,GSW,warriors,1630611,Gui,Santos,G. Santos,gui-santos,,,,11:41,11.683333333333334,2,3,0.667,1,2,0.5,1,2,0.5,1,1,2,1,0,0,0,1,6,13.0,0022500508,Gui Santos,gui santos,,,2026-01-05,0,0.5135520684736091,0.08559201141226819,0.17118402282453637,0.08559201141226819,0.08559201141226819,4.0,2.0,7.0,6.0,9.0,5.0,2.0,10.0,1.0,0,0.0,0,0.00154,53.7,34847.50162232317,53.617302,0.0,10.0,9.0,0.2606725
0022500526,1610612744,Golden State,Warriors,GSW,warriors,202710,Jimmy,Butler III,J. Butler III,jimmy-butler-iii,F,,,31:57,31.95,6,15,0.4,1,5,0.2,8,9,0.889,2,3,5,3,1,0,2,3,21,-4.0,0022500526,Jimmy Butler III,jimmy butler   iii,,,2026-01-07,1,0.6572769953051644,0.06259780907668232,0.1564945226917058,0.09389671361502347,0.09389671361502347,3.0,2.0,4.0,5.0,1.0,2.0,8.0,2.0,1.0,0,0.0,0,0.00266,-13.4,-5035.700864336715,-13.364356,0.03129890453834116,2.0,3.0,0.41195756
0022500526,1610612744,Golden State,Warriors,GSW,warriors,203110,Draymond,Green,D. Green,draymond-green,F,,,29:26,29.433333333333334,5,12,0.417,3,8,0.375,1,2,0.5,0,3,3,7,1,0,1,5,14,-10.0,0022500526,Draymond Green,draymond green,,,2026-01-07,1,0.47565118912797283,0.0,0.10192525481313704,0.23782559456398641,0.03397508493771234,4.0,6.0,6.0,1.0,1.0,2.0,9.0,3.0,6.0,0,0.0,0,0.00194,-20.0,-10303.967027305513,-19.961199999999998,0.03397508493771234,2.0,7.0,0.44056275
0022500526,1610612744,Golden State,Warriors,GSW,warriors,1642366,Quinten,Post,Q. Post,quinten-post,C,,,18:46,18.766666666666666,5,8,0.625,1,3,0.333,0,0,0.0,0,1,1,3,0,0,0,1,11,-12.0,0022500526,Quinten Post,quinten post,,,2026-01-07,0,0.5861456483126111,0.0,0.05328596802841919,0.15985790408525755,0.0,5.0,6.0,9.0,5.0,7.0,2.0,10.0,8.0,0.0,0,0.0,0,0.00178,-40.1,-22515.44076361595,-40.028622,0.0,8.0,8.0,0.45019415
0022500526,1610612744,Golden State,Warriors,GSW,warriors,1630541,Moses,Moody,M. Moody,moses-moody,G,,,27:31,27.516666666666666,3,7,0.429,3,6,0.5,0,0,0.0,0,2,2,0,1,0,0,0,9,0.0,0022500526,Moses Moody,moses moody,,,2026-01-07,1,0.3270745003028468,0.0,0.07268322228952151,0.0,0.036341611144760755,6.0,6.0,8.0,8.0,1.0,2.0,7.0,4.0,2.0,0,0.0,0,0.00109,0.0,0.0,0.0,0.036341611144760755,2.0,6.0,0.05951342
0022500526,1610612744,Golden State,Warriors,GSW,warriors,201939,Stephen,Curry,S. Curry,stephen-curry,G,,,34:05,34.083333333333336,12,21,0.571,3,9,0.333,4,5,0.8,0,6,6,7,0,0,1,0,31,16.0,0022500526,Stephen Curry,stephen curry,,,2026-01-07,0,0.9095354523227384,0.0,0.17603911980440096,0.20537897310513445,0.0,1.0,6.0,2.0,1.0,7.0,2.0,2.0,1.0,2.0,0,0.0,0,0.00296,22.5,7598.784194528876,22.433400000000002,0.0,8.0,8.0,0.810745
0022500526,1610612744,Golden State,Warriors,GSW,warriors,1641764,Brandin,Podziemski,B. Podziemski,brandin-podziemski,,,,22:21,22.35,1,5,0.2,0,2,0.0,0,0,0.0,1,5,6,4,1,0,0,1,2,19.0,0022500526,Brandin Podziemski,brandin podziemski,,,2026-01-07,1,0.08948545861297538,0.04474272930648769,0.2684563758389262,0.17897091722595077,0.08948545861297538,8.0,3.0,2.0,4.0,1.0,2.0,1.0,6.0,0.0,0,0.0,0,0.001,42.0,41958.04195804196,41.958,0.04474272930648769,2.0,4.0,0.19426593
0022500526,1610612744,Golden State,Warriors,GSW,warriors,1630611,Gui,Santos,G. Santos,gui-santos,,,,18:17,18.283333333333335,1,3,0.333,0,1,0.0,0,0,0.0,1,3,4,1,1,0,2,1,2,12.0,0022500526,Gui Santos,gui santos,,,2026-01-07,1,0.10938924339106654,0.05469462169553327,0.21877848678213307,0.05469462169553327,0.10938924339106654,8.0,3.0,5.0,7.0,1.0,2.0,3.0,9.0,1.0,0,0.0,0,0.00114,27.0,23663.453111305877,26.96922,0.05469462169553327,2.0,2.0,0.05082802
0022500526,1610612744,Golden State,Warriors,GSW,warriors,201143,Al,Horford,A. Horford,al-horford,,,,19:04,19.066666666666666,3,6,0.5,2,4,0.5,0,0,0.0,3,7,10,6,0,2,2,0,8,9.0,0022500526,Al Horford,al horford,,,2026-01-07,2,0.4195804195804196,0.15734265734265734,0.5244755244755245,0.3146853146853147,0.26223776223776224,7.0,1.0,1.0,3.0,7.0,1.0,4.0,7.0,0.0,0,0.0,0,0.00182,17.3,9500.274574409666,17.268514,0.1048951048951049,1.0,1.0,0.5549395
0022500526,1610612744,Golden State,Warriors,GSW,warriors,1629001,De'Anthony,Melton,D. Melton,deanthony-melton,,,,25:19,25.316666666666666,8,12,0.667,5,9,0.556,1,2,0.5,1,2,3,0,1,0,1,3,22,4.0,0022500526,De'Anthony Melton,de'anthony melton,,,2026-01-07,1,0.8689927583936801,0.03949967083607637,0.1184990125082291,0.0,0.07899934167215274,2.0,3.0,6.0,8.0,1.0,2.0,5.0,5.0,2.0,0,0.0,0,0.00226,2.9,1282.6183104820875,2.893446,0.03949967083607637,2.0,5.0,0.9060829
0022500526,1610612744,Golden State,Warriors,GSW,warriors,1642954,Will,Richard,W. Richard,will-richard,,,,13:14,13.233333333333333,0,0,0.0,0,0,0.0,0,0,0.0,0,1,1,0,0,0,0,1,0,1.0,0022500526,Will Richard,will richard,,,2026-01-07,0,0.0,0.0,0.07556675062972293,0.0,0.0,10.0,6.0,9.0,8.0,7.0,2.0,6.0,10.0,2.0,0,0.0,0,0.0,-6.0,-6000000.0,-6.0,0.0,8.0,8.0,0.007384372
0022500539,1610612744,Golden State,Warriors,GSW,warriors,202710,Jimmy,Butler III,J. Butler III,jimmy-butler-iii,F,,,22:47,22.783333333333335,6,10,0.6,0,1,0.0,3,3,1.0,4,2,6,6,0,0,2,0,15,20.0,0022500539,Jimmy Butler III,jimmy butler   iii,,,2026-01-09,0,0.6583760058522311,0.1755669348939283,0.26335040234089246,0.26335040234089246,0.1755669348939283,3.0,1.0,2.0,3.0,5.0,4.0,2.0,3.0,0.0,0,0.0,0,0.0023599999999999997,44.4,18805.590851334182,44.295215999999996,0.0,7.0,6.0,0.87405914
0022500539,1610612744,Golden State,Warriors,GSW,warriors,203110,Draymond,Green,D. Green,draymond-green,F,,,27:10,27.166666666666668,4,7,0.571,3,4,0.75,0,0,0.0,0,6,6,8,1,0,3,2,11,16.0,0022500539,Draymond Green,draymond green,,,2026-01-09,1,0.4049079754601227,0.0,0.22085889570552147,0.29447852760736193,0.03680981595092024,6.0,8.0,2.0,2.0,1.0,4.0,4.0,2.0,1.0,0,0.0,0,0.00159,29.6,18604.6511627907,29.552936000000003,0.03680981595092024,3.0,11.0,0.71140313
0022500539,1610612744,Golden State,Warriors,GSW,warriors,1642366,Quinten,Post,Q. Post,quinten-post,C,,,13:03,13.05,4,9,0.444,3,8,0.375,0,0,0.0,0,2,2,2,0,3,0,0,11,10.0,0022500539,Quinten Post,quinten post,,,2026-01-09,3,0.842911877394636,0.0,0.1532567049808429,0.1532567049808429,0.22988505747126436,6.0,8.0,7.0,4.0,5.0,1.0,8.0,11.0,0.0,0,0.0,0,0.0025,28.1,11235.505797680928,28.029750000000003,0.22988505747126436,1.0,2.0,0.5902625
0022500539,1610612744,Golden State,Warriors,GSW,warriors,1630541,Moses,Moody,M. Moody,moses-moody,G,,,21:43,21.716666666666665,3,6,0.5,1,2,0.5,0,0,0.0,0,0,0,2,0,0,0,2,7,6.0,0022500539,Moses Moody,moses moody,,,2026-01-09,0,0.32233307751343054,0.0,0.0,0.09209516500383731,0.0,9.0,8.0,12.0,4.0,5.0,4.0,11.0,5.0,2.0,0,0.0,0,0.0012,20.2,16819.317235636972,20.17576,0.0,7.0,12.0,0.021345621
0022500539,1610612744,Golden State,Warriors,GSW,warriors,201939,Stephen,Curry,S. Curry,stephen-curry,G,,,31:54,31.9,10,21,0.476,6,12,0.5,1,1,1.0,0,0,0,10,1,2,2,0,27,14.0,0022500539,Stephen Curry,stephen curry,,,2026-01-09,3,0.8463949843260189,0.0,0.0,0.31347962382445144,0.09404388714733543,1.0,8.0,12.0,1.0,1.0,2.0,5.0,1.0,1.0,0,0.0,0,0.00315,21.9,6950.174547762615,21.831014999999997,0.09404388714733543,1.0,9.0,0.74243546
0022500539,1610612744,Golden State,Warriors,GSW,warriors,1627780,Gary,Payton II,G. Payton II,gary-payton-ii,,,,17:56,17.933333333333334,6,7,0.857,0,0,0.0,0,0,0.0,4,5,9,1,0,0,0,0,12,9.0,0022500539,Gary Payton II,gary payton  ii,,,2026-01-09,0,0.6691449814126395,0.22304832713754646,0.5018587360594795,0.055762081784386616,0.22304832713754646,5.0,1.0,1.0,9.0,5.0,4.0,9.0,8.0,3.0,0,0.0,0,0.0017499999999999998,22.4,12792.689891490578,22.360799999999998,0.0,7.0,5.0,0.6995397
0022500539,1610612744,Golden State,Warriors,GSW,warriors,1630611,Gui,Santos,G. Santos,gui-santos,,,,18:09,18.15,2,4,0.5,0,2,0.0,0,0,0.0,0,1,1,1,0,0,0,1,4,7.0,0022500539,Gui Santos,gui santos,,,2026-01-09,0,0.22038567493112948,0.0,0.05509641873278237,0.05509641873278237,0.0,11.0,8.0,10.0,9.0,5.0,4.0,10.0,7.0,1.0,0,0.0,0,0.001,23.2,23176.823176823178,23.1768,0.0,7.0,12.0,0.012876306
0022500539,1610612744,Golden State,Warriors,GSW,warriors,1629001,De'Anthony,Melton,D. Melton,deanthony-melton,,,,18:42,18.7,6,10,0.6,3,6,0.5,4,4,1.0,0,0,0,1,0,0,1,4,19,14.0,0022500539,De'Anthony Melton,de'anthony melton,,,2026-01-09,0,1.0160427807486632,0.0,0.0,0.053475935828877004,0.0,2.0,8.0,12.0,9.0,5.0,4.0,5.0,6.0,1.0,0,0.0,0,0.00302,38.9,12876.53095001655,38.782522,0.0,7.0,12.0,0.84494066
0022500539,1610612744,Golden State,Warriors,GSW,warriors,1641764,Brandin,Podziemski,B. Podziemski,brandin-podziemski,,,,22:27,22.45,4,6,0.667,0,2,0.0,6,6,1.0,0,4,4,2,1,0,1,1,14,28.0,0022500539,Brandin Podziemski,brandin podziemski,,,2026-01-09,1,0.623608017817372,0.0,0.17817371937639198,0.08908685968819599,0.044543429844097995,4.0,8.0,5.0,4.0,1.0,4.0,1.0,4.0,1.0,0,0.0,0,0.00157,63.6,40483.768300445576,63.500148,0.044543429844097995,3.0,10.0,0.79715794
0022500539,1610612744,Golden State,Warriors,GSW,warriors,201143,Al,Horford,A. Horford,al-horford,,,,16:22,16.366666666666667,4,6,0.667,1,2,0.5,0,0,0.0,1,4,5,2,0,1,0,2,9,13.0,0022500539,Al Horford,al horford,,,2026-01-09,1,0.5498981670061099,0.06109979633401222,0.30549898167006106,0.12219959266802444,0.12219959266802444,8.0,4.0,4.0,4.0,5.0,3.0,7.0,10.0,1.0,0,0.0,0,0.0016200000000000001,45.3,27945.712523133865,45.226614,0.06109979633401222,3.0,7.0,0.3773438
0022500539,1610612744,Golden State,Warriors,GSW,warriors,1642954,Will,Richard,W. Richard,will-richard,,,,16:23,16.383333333333333,1,2,0.5,0,1,0.0,0,0,0.0,1,1,2,1,1,0,0,1,2,18.0,0022500539,Will Richard,will richard,,,2026-01-09,1,0.12207527975584945,0.061037639877924724,0.12207527975584945,0.061037639877924724,0.12207527975584945,12.0,4.0,7.0,9.0,1.0,4.0,3.0,9.0,0.0,0,0.0,0,0.00045,53.2,117960.08869179602,53.17606000000001,0.061037639877924724,3.0,8.0,0.0944923
0022500539,1610612744,Golden State,Warriors,GSW,warriors,1631218,Trayce,Jackson-Davis,T. Jackson-Davis,trayce-jackson-davis,,,,4:28,4.466666666666667,0,2,0.0,0,0,0.0,0,0,0.0,2,0,2,0,0,0,0,0,0,5.0,0022500539,Trayce Jackson-Davis,trayce jackson-davis,,,2026-01-09,0,0.0,0.44776119402985076,0.44776119402985076,0.0,0.44776119402985076,13.0,3.0,7.0,14.0,5.0,4.0,12.0,12.0,0.0,0,0.0,0,0.00133,45.8,34410.21788129226,45.73908599999999,0.0,7.0,1.0,0.00784771
0022500539,1610612744,Golden State,Warriors,GSW,warriors,1630311,Pat,Spencer,P. Spencer,pat-spencer,,,,4:28,4.466666666666667,0,1,0.0,0,1,0.0,0,0,0.0,1,0,1,2,0,0,1,0,0,5.0,0022500539,Pat Spencer,pat spencer,,,2026-01-09,0,0.0,0.22388059701492538,0.22388059701492538,0.44776119402985076,0.22388059701492538,13.0,4.0,10.0,4.0,5.0,4.0,12.0,12.0,,1,,1,0.00133,45.8,34410.21788129226,45.73908599999999,0.0,7.0,3.0,0.0053158673
0022500539,1610612744,Golden State,Warriors,GSW,warriors,1627741,Buddy,Hield,B. Hield,buddy-hield,,,,4:28,4.466666666666667,2,4,0.5,2,4,0.5,0,0,0.0,1,2,3,1,0,0,0,0,6,5.0,0022500539,Buddy Hield,buddy hield,,,2026-01-09,0,1.3432835820895521,0.22388059701492538,0.6716417910447761,0.22388059701492538,0.22388059701492538,10.0,4.0,6.0,9.0,5.0,4.0,12.0,12.0,,1,,1,0.00267,45.8,17147.135904155744,45.677714,0.0,7.0,3.0,0.14319979
0022500556,1610612744,Golden State,Warriors,GSW,warriors,202710,Jimmy,Butler III,J. Butler III,jimmy-butler-iii,F,,,33:42,33.7,10,19,0.526,2,6,0.333,8,8,1.0,2,5,7,6,2,0,2,0,30,-5.0,0022500556,Jimmy Butler III,jimmy butler   iii,,,2026-01-11,2,0.890207715133531,0.05934718100890207,0.20771513353115725,0.17804154302670622,0.11869436201780414,2.0,3.0,3.0,1.0,1.0,5.0,4.0,1.0,3.0,0,0.0,0,0.0028799999999999997,-6.8,-2360.2915654286708,-6.780416,0.05934718100890207,1.0,6.0,0.7601363
0022500556,1610612744,Golden State,Warriors,GSW,warriors,203110,Draymond,Green,D. Green,draymond-green,F,,,28:52,28.866666666666667,2,4,0.5,0,2,0.0,1,2,0.5,0,9,9,4,0,1,1,4,5,-7.0,0022500556,Draymond Green,draymond green,,,2026-01-11,1,0.17321016166281755,0.0,0.3117782909930716,0.13856812933025403,0.03464203233256351,7.0,7.0,1.0,3.0,5.0,1.0,8.0,3.0,0.0,0,0.0,0,0.0008699999999999999,-9.2,-10562.571756601608,-9.191996,0.03464203233256351,3.0,8.0,0.026739702
0022500556,1610612744,Golden State,Warriors,GSW,warriors,1642366,Quinten,Post,Q. Post,quinten-post,C,,,17:30,17.5,3,6,0.5,2,5,0.4,0,0,0.0,0,3,3,0,0,0,1,2,8,0.0,0022500556,Quinten Post,quinten post,,,2026-01-11,0,0.45714285714285713,0.0,0.17142857142857143,0.0,0.0,4.0,7.0,6.0,11.0,5.0,5.0,3.0,5.0,0.0,0,0.0,0,0.00167,-6.4,-3830.041891083184,-6.389312,0.0,8.0,9.0,0.108136036
0022500556,1610612744,Golden State,Warriors,GSW,warriors,1630541,Moses,Moody,M. Moody,moses-moody,G,,,16:48,16.8,0,3,0.0,0,3,0.0,2,3,0.667,0,1,1,1,0,0,0,1,2,-6.0,0022500556,Moses Moody,moses moody,,,2026-01-11,0,0.11904761904761904,0.0,0.05952380952380952,0.05952380952380952,0.0,11.0,7.0,10.0,8.0,5.0,5.0,6.0,6.0,1.0,0,0.0,0,0.0010299999999999999,-20.8,-20174.587778855486,-20.778576,0.0,8.0,9.0,0.0062405965
0022500556,1610612744,Golden State,Warriors,GSW,warriors,201939,Stephen,Curry,S. Curry,stephen-curry,G,,,32:34,32.56666666666667,11,21,0.524,3,11,0.273,6,6,1.0,0,3,3,5,0,0,3,2,31,-9.0,0022500556,Stephen Curry,stephen curry,,,2026-01-11,0,0.9518935516888433,0.0,0.09211873080859774,0.15353121801432956,0.0,1.0,7.0,6.0,2.0,5.0,5.0,10.0,2.0,1.0,0,0.0,0,0.0032500000000000003,-11.3,-3475.853583512765,-11.263275,0.0,8.0,9.0,0.7870413
0022500556,1610612744,Golden State,Warriors,GSW,warriors,1630611,Gui,Santos,G. Santos,gui-santos,,,,15:59,15.983333333333333,2,3,0.667,1,2,0.5,0,0,0.0,0,2,2,3,0,1,0,4,5,-11.0,0022500556,Gui Santos,gui santos,,,2026-01-11,1,0.31282586027111575,0.0,0.1251303441084463,0.18769551616266947,0.06256517205422316,7.0,7.0,8.0,4.0,5.0,1.0,12.0,9.0,0.0,0,0.0,0,0.00077,-38.6,-50064.850843060965,-38.570278,0.06256517205422316,3.0,7.0,0.028106978
0022500556,1610612744,Golden State,Warriors,GSW,warriors,1627780,Gary,Payton II,G. Payton II,gary-payton-ii,,,,16:15,16.25,3,6,0.5,0,0,0.0,0,0,0.0,3,2,5,0,1,0,2,2,6,-6.0,0022500556,Gary Payton II,gary payton  ii,,,2026-01-11,1,0.36923076923076925,0.18461538461538463,0.3076923076923077,0.0,0.24615384615384617,5.0,1.0,4.0,11.0,2.0,5.0,6.0,8.0,3.0,0,0.0,0,0.00182,-16.7,-9170.785282811641,-16.669605999999998,0.06153846153846154,3.0,3.0,0.3413275
0022500556,1610612744,Golden State,Warriors,GSW,warriors,201143,Al,Horford,A. Horford,al-horford,,,,15:52,15.866666666666667,2,6,0.333,1,4,0.25,0,0,0.0,3,5,8,2,0,1,1,1,5,-10.0,0022500556,Al Horford,al horford,,,2026-01-11,1,0.31512605042016806,0.18907563025210083,0.5042016806722689,0.12605042016806722,0.25210084033613445,7.0,1.0,2.0,6.0,5.0,1.0,11.0,10.0,0.0,0,0.0,0,0.00179,-38.3,-21384.70128419877,-38.231443,0.06302521008403361,3.0,2.0,0.08622584
0022500556,1610612744,Golden State,Warriors,GSW,warriors,1629001,De'Anthony,Melton,D. Melton,deanthony-melton,,,,23:05,23.083333333333332,5,12,0.417,0,5,0.0,0,1,0.0,1,4,5,3,1,1,2,1,10,18.0,0022500556,De'Anthony Melton,de'anthony melton,,,2026-01-11,2,0.4332129963898917,0.043321299638989175,0.21660649819494585,0.12996389891696752,0.12996389891696752,3.0,4.0,4.0,4.0,2.0,1.0,1.0,4.0,2.0,0,0.0,0,0.0023699999999999997,35.3,14888.232813159004,35.216339,0.08664259927797835,1.0,4.0,0.71162444
0022500556,1610612744,Golden State,Warriors,GSW,warriors,1641764,Brandin,Podziemski,B. Podziemski,brandin-podziemski,,,,16:28,16.466666666666665,1,4,0.25,1,2,0.5,0,0,0.0,1,0,1,1,1,0,0,0,3,-21.0,0022500556,Brandin Podziemski,brandin podziemski,,,2026-01-11,1,0.1821862348178138,0.06072874493927126,0.06072874493927126,0.06072874493927126,0.12145748987854252,10.0,4.0,10.0,8.0,2.0,5.0,13.0,7.0,1.0,0,0.0,0,0.00114,-52.9,-46362.83961437336,-52.839693999999994,0.06072874493927126,3.0,5.0,0.010845231
0022500556,1610612744,Golden State,Warriors,GSW,warriors,1642954,Will,Richard,W. Richard,will-richard,,,,12:20,12.333333333333334,0,2,0.0,0,1,0.0,0,0,0.0,0,1,1,2,0,0,3,3,0,-5.0,0022500556,Will Richard,will richard,,,2026-01-11,0,0.0,0.0,0.08108108108108107,0.16216216216216214,0.0,12.0,7.0,10.0,6.0,5.0,5.0,4.0,11.0,1.0,0,0.0,0,0.00172,-22.6,-13131.900058105753,-22.561128,0.0,8.0,9.0,0.0052793226
0022500556,1610612744,Golden State,Warriors,GSW,warriors,1627741,Buddy,Hield,B. Hield,buddy-hield,,,,7:20,7.333333333333333,0,1,0.0,0,1,0.0,0,0,0.0,0,1,1,1,0,0,0,1,0,-7.0,0022500556,Buddy Hield,buddy hield,,,2026-01-11,0,0.0,0.0,0.13636363636363638,0.13636363636363638,0.0,12.0,7.0,10.0,8.0,5.0,5.0,8.0,12.0,0.0,0,0.0,0,0.0005600000000000001,-60.0,-106951.87165775399,-59.9664,0.0,8.0,9.0,0.0034716108
0022500556,1610612744,Golden State,Warriors,GSW,warriors,1631218,Trayce,Jackson-Davis,T. Jackson-Davis,trayce-jackson-davis,,,,3:16,3.2666666666666666,3,3,1.0,0,0,0.0,0,1,0.0,1,1,2,0,0,0,0,0,6,4.0,0022500556,Trayce Jackson-Davis,trayce jackson-davis,,,2026-01-11,0,1.836734693877551,0.30612244897959184,0.6122448979591837,0.0,0.30612244897959184,5.0,4.0,8.0,11.0,5.0,5.0,2.0,13.0,0.0,0,0.0,0,0.00375,45.2,12050.119968008532,45.0305,0.0,8.0,1.0,0.30054235
0022500570,1610612744,Golden State,Warriors,GSW,warriors,202710,Jimmy,Butler III,J. Butler III,jimmy-butler-iii,F,,,26:26,26.433333333333334,5,7,0.714,1,2,0.5,5,5,1.0,0,6,6,5,0,0,0,3,16,17.0,0022500570,Jimmy Butler III,jimmy butler   iii,,,2026-01-13,0,0.605296343001261,0.0,0.22698612862547288,0.18915510718789408,0.0,2.0,5.0,2.0,3.0,10.0,5.0,5.0,1.0,1.0,0,0.0,0,0.0014099999999999998,25.4,18001.41743444366,25.364185999999997,0.0,11.0,11.0,0.79181826
0022500570,1610612744,Golden State,Warriors,GSW,warriors,203110,Draymond,Green,D. Green,draymond-green,F,,,22:07,22.116666666666667,4,9,0.444,2,6,0.333,0,0,0.0,1,6,7,0,2,2,6,1,10,10.0,0022500570,Draymond Green,draymond green,,,2026-01-13,4,0.45214770158251694,0.0452147701582517,0.3165033911077619,0.0,0.22607385079125847,5.0,1.0,1.0,11.0,2.0,1.0,8.0,4.0,3.0,0,0.0,0,0.0027800000000000004,22.2,7982.740021574971,22.138284,0.1808590806330068,1.0,4.0,0.25412178
0022500570,1610612744,Golden State,Warriors,GSW,warriors,1642366,Quinten,Post,Q. Post,quinten-post,C,,,14:14,14.233333333333333,1,5,0.2,1,5,0.2,0,0,0.0,0,0,0,1,0,0,1,2,3,-11.0,0022500570,Quinten Post,quinten post,,,2026-01-13,0,0.2107728337236534,0.0,0.0,0.07025761124121781,0.0,11.0,5.0,12.0,6.0,10.0,5.0,14.0,10.0,0.0,0,0.0,0,0.00194,-36.7,-18907.779495105617,-36.628802,0.0,11.0,11.0,0.008141715
0022500570,1610612744,Golden State,Warriors,GSW,warriors,1630541,Moses,Moody,M. Moody,moses-moody,G,,,22:50,22.833333333333332,5,9,0.556,4,8,0.5,0,0,0.0,0,2,2,3,0,1,0,1,14,12.0,0022500570,Moses Moody,moses moody,,,2026-01-13,1,0.6131386861313869,0.0,0.08759124087591241,0.13138686131386862,0.043795620437956206,4.0,5.0,6.0,5.0,10.0,2.0,6.0,3.0,2.0,0,0.0,0,0.0017000000000000001,22.4,13168.72427983539,22.361919999999998,0.043795620437956206,7.0,9.0,0.75107086
0022500570,1610612744,Golden State,Warriors,GSW,warriors,201939,Stephen,Curry,S. Curry,stephen-curry,G,,,24:31,24.516666666666666,2,9,0.222,2,8,0.25,1,1,1.0,0,4,4,11,1,0,1,1,7,8.0,0022500570,Stephen Curry,stephen curry,,,2026-01-13,1,0.2855200543847723,0.0,0.16315431679129844,0.44867437117607073,0.04078857919782461,8.0,5.0,3.0,1.0,6.0,5.0,9.0,2.0,2.0,0,0.0,0,0.00167,16.2,9694.793536804309,16.172946,0.04078857919782461,7.0,10.0,0.14219272
0022500570,1610612744,Golden State,Warriors,GSW,warriors,1627780,Gary,Payton II,G. Payton II,gary-payton-ii,,,,12:52,12.866666666666667,3,5,0.6,0,2,0.0,2,2,1.0,1,0,1,1,2,0,1,2,8,11.0,0022500570,Gary Payton II,gary payton  ii,,,2026-01-13,2,0.6217616580310881,0.07772020725388601,0.07772020725388601,0.07772020725388601,0.23316062176165803,6.0,1.0,9.0,6.0,2.0,5.0,7.0,11.0,6.0,0,0.0,0,0.00212,42.1,19849.12776991985,42.010748,0.15544041450777202,4.0,3.0,0.16575165
0022500570,1610612744,Golden State,Warriors,GSW,warriors,1630611,Gui,Santos,G. Santos,gui-santos,,,,21:23,21.383333333333333,2,4,0.5,2,3,0.667,0,0,0.0,1,3,4,6,4,0,0,0,6,24.0,0022500570,Gui Santos,gui santos,,,2026-01-13,4,0.2805923616523772,0.04676539360872954,0.18706157443491817,0.2805923616523772,0.2338269680436477,9.0,1.0,3.0,2.0,1.0,5.0,1.0,6.0,5.0,0,0.0,0,0.00078,52.4,67093.46991037132,52.359128,0.18706157443491817,1.0,2.0,0.58247095
0022500570,1610612744,Golden State,Warriors,GSW,warriors,1629001,De'Anthony,Melton,D. Melton,deanthony-melton,,,,18:07,18.116666666666667,9,14,0.643,4,6,0.667,1,1,1.0,0,2,2,1,0,0,0,3,23,20.0,0022500570,De'Anthony Melton,de'anthony melton,,,2026-01-13,0,1.2695492180312786,0.0,0.11039558417663294,0.05519779208831647,0.0,1.0,5.0,6.0,6.0,10.0,5.0,2.0,9.0,2.0,0,0.0,0,0.0034100000000000003,51.5,15098.211668132511,51.324385,0.0,11.0,11.0,0.9224427
0022500570,1610612744,Golden State,Warriors,GSW,warriors,201143,Al,Horford,A. Horford,al-horford,,,,20:05,20.083333333333332,2,6,0.333,2,6,0.333,0,0,0.0,0,2,2,4,1,1,1,0,6,18.0,0022500570,Al Horford,al horford,,,2026-01-13,2,0.2987551867219917,0.0,0.09958506224066391,0.19917012448132781,0.09958506224066391,9.0,5.0,6.0,4.0,6.0,2.0,3.0,7.0,1.0,0,0.0,0,0.00159,42.9,26964.17347580138,42.831789,0.09958506224066391,4.0,7.0,0.14000174
0022500570,1610612744,Golden State,Warriors,GSW,warriors,1641764,Brandin,Podziemski,B. Podziemski,brandin-podziemski,,,,21:31,21.516666666666666,6,10,0.6,3,5,0.6,0,0,0.0,0,4,4,1,2,0,1,1,15,18.0,0022500570,Brandin Podziemski,brandin podziemski,,,2026-01-13,2,0.69713400464756,0.0,0.18590240123934934,0.046475600309837335,0.09295120061967467,3.0,5.0,3.0,6.0,2.0,5.0,3.0,5.0,1.0,0,0.0,0,0.00229,40.9,17852.466171977303,40.806339,0.09295120061967467,4.0,8.0,0.78882253
0022500570,1610612744,Golden State,Warriors,GSW,warriors,1642954,Will,Richard,W. Richard,will-richard,,,,18:30,18.5,2,5,0.4,2,5,0.4,2,2,1.0,0,0,0,0,2,1,1,0,8,1.0,0022500570,Will Richard,will richard,,,2026-01-13,3,0.43243243243243246,0.0,0.0,0.0,0.16216216216216217,6.0,5.0,12.0,11.0,2.0,2.0,10.0,8.0,2.0,0,0.0,0,0.0017100000000000001,2.6,1519.5791934541203,2.595554,0.16216216216216217,3.0,6.0,0.13742515
0022500570,1610612744,Golden State,Warriors,GSW,warriors,1631218,Trayce,Jackson-Davis,T. Jackson-Davis,trayce-jackson-davis,,,,5:48,5.8,0,1,0.0,0,0,0.0,0,0,0.0,0,0,0,1,0,0,0,0,0,-6.0,0022500570,Trayce Jackson-Davis,trayce jackson-davis,,,2026-01-13,0,0.0,0.0,0.0,0.1724137931034483,0.0,13.0,5.0,12.0,6.0,10.0,5.0,11.0,12.0,1.0,0,0.0,0,0.00077,-50.0,-64850.84306095979,-49.9615,0.0,11.0,11.0,0.0024462952
0022500570,1610612744,Golden State,Warriors,GSW,warriors,1630311,Pat,Spencer,P. Spencer,pat-spencer,,,,5:48,5.8,0,1,0.0,0,0,0.0,0,0,0.0,1,0,1,0,1,0,1,0,0,-6.0,0022500570,Pat Spencer,pat spencer,,,2026-01-13,1,0.0,0.1724137931034483,0.1724137931034483,0.0,0.3448275862068966,13.0,1.0,9.0,11.0,6.0,5.0,11.0,12.0,,1,,1,0.00154,-50.0,-32446.463335496435,-49.923,0.1724137931034483,7.0,1.0,0.006163323
0022500570,1610612744,Golden State,Warriors,GSW,warriors,1627741,Buddy,Hield,B. Hield,buddy-hield,,,,5:48,5.8,1,4,0.25,0,1,0.0,1,2,0.5,0,1,1,0,1,0,1,0,3,-6.0,0022500570,Buddy Hield,buddy hield,,,2026-01-13,1,0.5172413793103449,0.0,0.1724137931034483,0.0,0.1724137931034483,11.0,5.0,9.0,11.0,6.0,5.0,11.0,12.0,0.0,0,0.0,0,0.00462,-50.0,-10820.168794633197,-49.769000000000005,0.1724137931034483,7.0,5.0,0.016290218
0022500584,1610612744,Golden State,Warriors,GSW,warriors,202710,Jimmy,Butler III,J. Butler III,jimmy-butler-iii,F,,,31:58,31.966666666666665,14,22,0.636,1,3,0.333,3,5,0.6,7,1,8,4,2,0,0,1,32,15.0,0022500584,Jimmy Butler III,jimmy butler   iii,,,2026-01-15,2,1.0010427528675705,0.21897810218978103,0.2502606882168926,0.1251303441084463,0.28154327424400416,1.0,1.0,1.0,3.0,1.0,5.0,3.0,2.0,3.0,0,0.0,0,0.00312,21.2,6792.6946491509125,21.133855999999998,0.06256517205422316,3.0,1.0,0.87674356
0022500584,1610612744,Golden State,Warriors,GSW,warriors,203110,Draymond,Green,D. Green,draymond-green,F,,,27:14,27.233333333333334,1,4,0.25,1,4,0.25,3,3,1.0,1,4,5,3,0,0,2,3,6,6.0,0022500584,Draymond Green,draymond green,,,2026-01-15,0,0.22031823745410037,0.03671970624235006,0.1835985312117503,0.11015911872705018,0.03671970624235006,5.0,2.0,3.0,4.0,6.0,5.0,5.0,4.0,2.0,0,0.0,0,0.00123,6.3,5117.790414297319,6.292251,0.0,7.0,7.0,0.05133739
0022500584,1610612744,Golden State,Warriors,GSW,warriors,1642366,Quinten,Post,Q. Post,quinten-post,C,,,11:42,11.7,2,9,0.222,1,6,0.167,0,0,0.0,0,2,2,0,0,0,1,1,5,-4.0,0022500584,Quinten Post,quinten post,,,2026-01-15,0,0.4273504273504274,0.0,0.17094017094017094,0.0,0.0,6.0,5.0,7.0,8.0,6.0,5.0,12.0,10.0,0.0,0,0.0,0,0.0032300000000000002,-20.9,-6468.585577220673,-20.832493,0.0,7.0,9.0,0.030190397
0022500584,1610612744,Golden State,Warriors,GSW,warriors,1630541,Moses,Moody,M. Moody,moses-moody,G,,,28:01,28.016666666666666,7,10,0.7,7,9,0.778,0,0,0.0,1,0,1,0,0,0,1,3,21,3.0,0022500584,Moses Moody,moses moody,,,2026-01-15,0,0.7495538370017847,0.03569303985722784,0.03569303985722784,0.0,0.03569303985722784,3.0,2.0,9.0,8.0,6.0,5.0,6.0,3.0,0.0,0,0.0,0,0.00167,0.4,239.377618192699,0.399332,0.0,7.0,8.0,0.881635
0022500584,1610612744,Golden State,Warriors,GSW,warriors,201939,Stephen,Curry,S. Curry,stephen-curry,G,,,33:51,33.85,10,17,0.588,4,9,0.444,3,3,1.0,0,3,3,7,1,1,3,1,27,3.0,0022500584,Stephen Curry,stephen curry,,,2026-01-15,2,0.7976366322008862,0.0,0.08862629246676514,0.206794682422452,0.059084194977843424,2.0,5.0,6.0,1.0,3.0,3.0,6.0,1.0,3.0,0,0.0,0,0.00263,2.6,988.2174078297226,2.593162,0.059084194977843424,3.0,6.0,0.82061285
0022500584,1610612744,Golden State,Warriors,GSW,warriors,1630611,Gui,Santos,G. Santos,gui-santos,,,,4:34,4.566666666666666,1,1,1.0,1,1,1.0,0,0,0.0,0,1,1,0,0,1,0,1,3,-2.0,0022500584,Gui Santos,gui santos,,,2026-01-15,1,0.6569343065693432,0.0,0.21897810218978103,0.0,0.21897810218978103,9.0,5.0,9.0,8.0,6.0,3.0,9.0,11.0,1.0,0,0.0,0,0.00091,-9.1,-9989.023051591657,-9.091719,0.21897810218978103,6.0,2.0,0.016135111
0022500584,1610612744,Golden State,Warriors,GSW,warriors,1627780,Gary,Payton II,G. Payton II,gary-payton-ii,,,,16:02,16.033333333333335,0,2,0.0,0,2,0.0,0,0,0.0,0,6,6,3,0,0,0,2,0,-2.0,0022500584,Gary Payton II,gary payton  ii,,,2026-01-15,0,0.0,0.0,0.3742203742203742,0.1871101871101871,0.0,11.0,5.0,2.0,4.0,6.0,5.0,9.0,8.0,0.0,0,0.0,0,0.00057,-6.3,-11033.274956217163,-6.296409,0.0,7.0,9.0,0.013143426
0022500584,1610612744,Golden State,Warriors,GSW,warriors,1629001,De'Anthony,Melton,D. Melton,deanthony-melton,,,,23:07,23.116666666666667,2,8,0.25,1,5,0.2,0,0,0.0,0,2,2,2,1,2,1,1,5,17.0,0022500584,De'Anthony Melton,de'anthony melton,,,2026-01-15,3,0.21629416005767843,0.0,0.08651766402307137,0.08651766402307137,0.12977649603460706,6.0,5.0,7.0,6.0,3.0,1.0,2.0,6.0,4.0,0,0.0,0,0.0017599999999999998,34.7,19704.713231118687,34.638928,0.12977649603460706,1.0,4.0,0.23376316
0022500584,1610612744,Golden State,Warriors,GSW,warriors,201143,Al,Horford,A. Horford,al-horford,,,,21:10,21.166666666666668,2,5,0.4,1,2,0.5,0,0,0.0,1,4,5,5,1,2,1,1,5,9.0,0022500584,Al Horford,al horford,,,2026-01-15,3,0.23622047244094488,0.047244094488188976,0.23622047244094488,0.23622047244094488,0.1889763779527559,6.0,2.0,3.0,2.0,3.0,1.0,4.0,7.0,1.0,0,0.0,0,0.00128,22.0,17174.08274785324,21.97184,0.14173228346456693,1.0,3.0,0.13972972
0022500584,1610612744,Golden State,Warriors,GSW,warriors,1641764,Brandin,Podziemski,B. Podziemski,brandin-podziemski,,,,25:44,25.733333333333334,8,9,0.889,2,3,0.667,1,2,0.5,0,5,5,2,2,0,3,2,19,22.0,0022500584,Brandin Podziemski,brandin podziemski,,,2026-01-15,2,0.7383419689119171,0.0,0.19430051813471502,0.07772020725388601,0.07772020725388601,4.0,5.0,3.0,6.0,1.0,5.0,1.0,5.0,3.0,0,1.0,0,0.0022,41.4,18809.63198546115,41.30892,0.07772020725388601,3.0,5.0,0.82799256
0022500584,1610612744,Golden State,Warriors,GSW,warriors,1642954,Will,Richard,W. Richard,will-richard,,,,15:21,15.35,1,1,1.0,1,1,1.0,0,0,0.0,0,0,0,0,0,0,0,0,3,-2.0,0022500584,Will Richard,will richard,,,2026-01-15,0,0.19543973941368079,0.0,0.0,0.0,0.0,9.0,5.0,11.0,8.0,6.0,5.0,9.0,9.0,3.0,0,0.0,0,0.00029,-10.5,-36082.47422680412,-10.496955,0.0,7.0,9.0,0.011556646
0022500584,1610612744,Golden State,Warriors,GSW,warriors,1630311,Pat,Spencer,P. Spencer,pat-spencer,,,,1:16,1.2666666666666666,0,1,0.0,0,0,0.0,0,0,0.0,0,0,0,0,0,0,0,0,0,0.0,0022500584,Pat Spencer,pat spencer,,,2026-01-15,0,0.0,0.0,0.0,0.0,0.0,11.0,5.0,11.0,8.0,6.0,5.0,8.0,12.0,,1,,1,0.0025,-16.7,-6677.32906837265,-16.65825,0.0,7.0,9.0,0.002857553
0022500599,1610612744,Golden State,Warriors,GSW,warriors,1630541,Moses,Moody,M. Moody,moses-moody,F,,,26:55,26.916666666666668,4,6,0.667,4,6,0.667,0,0,0.0,0,1,1,2,0,1,0,2,12,6.0,0022500599,Moses Moody,moses moody,,,2026-01-17,1,0.4458204334365325,0.0,0.03715170278637771,0.07430340557275542,0.03715170278637771,6.0,7.0,11.0,6.0,5.0,3.0,6.0,4.0,1.0,0,0.0,0,0.00098,12.3,12538.226299694192,12.287946000000002,0.03715170278637771,5.0,8.0,0.6052133
0022500599,1610612744,Golden State,Warriors,GSW,warriors,203110,Draymond,Green,D. Green,draymond-green,F,,,26:33,26.55,8,14,0.571,4,8,0.5,0,0,0.0,1,2,3,6,0,0,3,4,20,-4.0,0022500599,Draymond Green,draymond green,,,2026-01-17,0,0.7532956685499058,0.03766478342749529,0.11299435028248588,0.22598870056497175,0.03766478342749529,2.0,3.0,5.0,2.0,5.0,5.0,12.0,5.0,3.0,0,0.0,0,0.0027900000000000004,-4.8,-1719.8136868505908,-4.786608,0.0,7.0,7.0,0.83989984
0022500599,1610612744,Golden State,Warriors,GSW,warriors,1642366,Quinten,Post,Q. Post,quinten-post,C,,,19:28,19.466666666666665,3,5,0.6,1,3,0.333,0,0,0.0,1,6,7,2,0,0,0,4,7,0.0,0022500599,Quinten Post,quinten post,,,2026-01-17,0,0.35958904109589046,0.051369863013698634,0.35958904109589046,0.10273972602739727,0.051369863013698634,9.0,3.0,1.0,6.0,5.0,5.0,9.0,7.0,0.0,0,0.0,0,0.00111,0.0,0.0,0.0,0.0,7.0,6.0,0.05384469
0022500599,1610612744,Golden State,Warriors,GSW,warriors,1642954,Will,Richard,W. Richard,will-richard,G,,,30:41,30.683333333333334,5,12,0.417,1,5,0.2,0,0,0.0,3,3,6,5,3,1,1,3,11,24.0,0022500599,Will Richard,will richard,,,2026-01-17,4,0.358500814774579,0.0977729494839761,0.1955458989679522,0.16295491580662683,0.22813688212927757,7.0,1.0,2.0,3.0,1.0,3.0,1.0,1.0,4.0,0,2.0,0,0.0017100000000000001,39.0,22793.687901811805,38.93331,0.13036393264530147,2.0,2.0,0.72423124
0022500599,1610612744,Golden State,Warriors,GSW,warriors,201939,Stephen,Curry,S. Curry,stephen-curry,G,,,29:35,29.583333333333332,6,12,0.5,2,8,0.25,0,0,0.0,1,2,3,5,0,0,3,0,14,2.0,0022500599,Stephen Curry,stephen curry,,,2026-01-17,0,0.47323943661971835,0.033802816901408454,0.10140845070422536,0.16901408450704225,0.033802816901408454,4.0,3.0,5.0,3.0,5.0,5.0,7.0,3.0,1.0,0,0.0,0,0.00221,1.2,542.7408412483038,1.1973479999999999,0.0,7.0,9.0,0.37706324
0022500599,1610612744,Golden State,Warriors,GSW,warriors,201143,Al,Horford,A. Horford,al-horford,,,,18:52,18.866666666666667,4,7,0.571,2,4,0.5,1,1,1.0,0,2,2,1,0,2,1,1,11,20.0,0022500599,Al Horford,al horford,,,2026-01-17,2,0.5830388692579506,0.0,0.10600706713780919,0.053003533568904596,0.10600706713780919,7.0,7.0,8.0,9.0,5.0,2.0,3.0,8.0,0.0,0,0.0,0,0.0018599999999999999,53.8,28909.188608275123,53.699932,0.10600706713780919,3.0,3.0,0.66415185
0022500599,1610612744,Golden State,Warriors,GSW,warriors,1627780,Gary,Payton II,G. Payton II,gary-payton-ii,,,,11:57,11.95,2,3,0.667,1,1,1.0,0,0,0.0,0,2,2,2,0,0,2,2,5,2.0,0022500599,Gary Payton II,gary payton  ii,,,2026-01-17,0,0.4184100418410042,0.0,0.1673640167364017,0.1673640167364017,0.0,10.0,7.0,8.0,6.0,5.0,5.0,7.0,10.0,0.0,0,0.0,0,0.00172,11.0,6391.632771644393,10.981079999999999,0.0,7.0,10.0,0.01849754
0022500599,1610612744,Golden State,Warriors,GSW,warriors,1629001,De'Anthony,Melton,D. Melton,deanthony-melton,,,,21:27,21.45,8,16,0.5,3,6,0.5,5,5,1.0,1,5,6,3,1,0,1,2,24,24.0,0022500599,De'Anthony Melton,de'anthony melton,,,2026-01-17,1,1.118881118881119,0.046620046620046623,0.27972027972027974,0.13986013986013987,0.09324009324009325,1.0,3.0,2.0,5.0,4.0,5.0,1.0,6.0,2.0,0,0.0,0,0.00365,52.2,14297.4527526705,52.00947,0.046620046620046623,5.0,4.0,0.8434965
0022500599,1610612744,Golden State,Warriors,GSW,warriors,1641764,Brandin,Podziemski,B. Podziemski,brandin-podziemski,,,,29:42,29.7,5,9,0.556,3,6,0.5,3,5,0.6,0,6,6,7,2,0,0,3,16,16.0,0022500599,Brandin Podziemski,brandin podziemski,,,2026-01-17,2,0.5387205387205387,0.0,0.20202020202020202,0.2356902356902357,0.06734006734006734,3.0,7.0,2.0,1.0,2.0,5.0,4.0,2.0,3.0,0,0.0,0,0.00153,21.6,14108.425865447423,21.566952,0.06734006734006734,3.0,5.0,0.838523
0022500599,1610612744,Golden State,Warriors,GSW,warriors,1627741,Buddy,Hield,B. Hield,buddy-hield,,,,17:43,17.716666666666665,5,8,0.625,2,5,0.4,2,2,1.0,2,1,3,1,2,3,0,2,14,10.0,0022500599,Buddy Hield,buddy hield,,,2026-01-17,5,0.7902163687676388,0.11288805268109126,0.16933207902163688,0.05644402634054563,0.3951081843838194,4.0,2.0,5.0,9.0,2.0,1.0,5.0,9.0,0.0,0,0.0,0,0.0020499999999999997,27.8,13554.36372501219,27.74301,0.28222013170272814,1.0,1.0,0.8932262
0022500599,1610612744,Golden State,Warriors,GSW,warriors,1631218,Trayce,Jackson-Davis,T. Jackson-Davis,trayce-jackson-davis,,,,3:35,3.5833333333333335,1,1,1.0,0,0,0.0,0,0,0.0,0,0,0,0,0,0,0,0,2,0.0,0022500599,Trayce Jackson-Davis,trayce jackson-davis,,,2026-01-17,0,0.5581395348837209,0.0,0.0,0.0,0.0,11.0,7.0,12.0,11.0,5.0,5.0,9.0,11.0,0.0,0,0.0,0,0.00125,0.0,0.0,0.0,0.0,7.0,10.0,0.010629058
0022500599,1610612744,Golden State,Warriors,GSW,warriors,1630311,Pat,Spencer,P. Spencer,pat-spencer,,,,3:35,3.5833333333333335,0,0,0.0,0,0,0.0,0,0,0.0,0,2,2,0,0,0,0,0,0,0.0,0022500599,Pat Spencer,pat spencer,,,2026-01-17,0,0.0,0.0,0.5581395348837209,0.0,0.0,12.0,7.0,8.0,11.0,5.0,5.0,9.0,11.0,1.0,0,0.0,0,0.0,0.0,0.0,0.0,0.0,7.0,10.0,0.007846867
0022500612,1610612744,Golden State,Warriors,GSW,warriors,1642954,Will,Richard,W. Richard,will-richard,F,,,26:00,26.0,2,5,0.4,1,3,0.333,0,0,0.0,1,2,3,7,2,1,0,3,5,19.0,0022500612,Will Richard,will richard,,,2026-01-19,3,0.19230769230769232,0.038461538461538464,0.11538461538461539,0.2692307692307692,0.15384615384615385,10.0,3.0,6.0,2.0,2.0,2.0,3.0,4.0,4.0,0,0.0,0,0.00077,37.1,48119.32555123217,37.071433,0.11538461538461539,1.0,3.0,0.21185438
0022500612,1610612744,Golden State,Warriors,GSW,warriors,202710,Jimmy,Butler III,J. Butler III,jimmy-butler-iii,F,,,20:50,20.833333333333332,6,11,0.545,0,1,0.0,5,5,1.0,2,1,3,4,2,0,2,0,17,9.0,0022500612,Jimmy Butler III,jimmy butler   iii,,,2026-01-19,2,0.8160000000000001,0.096,0.14400000000000002,0.192,0.192,3.0,1.0,6.0,3.0,2.0,3.0,5.0,7.0,1.0,0,0.0,0,0.0025900000000000003,15.8,6098.03164801235,15.759078,0.096,3.0,1.0,0.8153795
0022500612,1610612744,Golden State,Warriors,GSW,warriors,1642366,Quinten,Post,Q. Post,quinten-post,C,,,21:16,21.266666666666666,5,7,0.714,4,5,0.8,1,2,0.5,2,7,9,3,0,2,3,3,15,4.0,0022500612,Quinten Post,quinten post,,,2026-01-19,2,0.7053291536050157,0.09404388714733543,0.42319749216300945,0.14106583072100315,0.18808777429467086,5.0,1.0,1.0,5.0,8.0,1.0,7.0,6.0,1.0,0,0.0,0,0.00196,8.0,4079.55124936257,7.98432,0.09404388714733543,3.0,2.0,0.7953888
0022500612,1610612744,Golden State,Warriors,GSW,warriors,1630541,Moses,Moody,M. Moody,moses-moody,G,,,29:12,29.2,4,9,0.444,3,6,0.5,2,3,0.667,1,3,4,2,3,0,0,1,13,25.0,0022500612,Moses Moody,moses moody,,,2026-01-19,3,0.4452054794520548,0.03424657534246575,0.136986301369863,0.0684931506849315,0.136986301369863,6.0,3.0,4.0,7.0,1.0,3.0,2.0,2.0,2.0,0,0.0,0,0.00133,37.3,28024.04207362885,37.25039099999999,0.10273972602739727,1.0,4.0,0.78052235
0022500612,1610612744,Golden State,Warriors,GSW,warriors,201939,Stephen,Curry,S. Curry,stephen-curry,G,,,27:48,27.8,6,13,0.462,5,10,0.5,2,2,1.0,0,3,3,11,0,0,3,5,19,3.0,0022500612,Stephen Curry,stephen curry,,,2026-01-19,0,0.6834532374100719,0.0,0.1079136690647482,0.39568345323741005,0.0,2.0,7.0,6.0,1.0,8.0,3.0,11.0,3.0,2.0,0,0.0,0,0.0023899999999999998,4.7,1965.7047260560437,4.688767,0.0,9.0,10.0,0.8247573
0022500612,1610612744,Golden State,Warriors,GSW,warriors,1627780,Gary,Payton II,G. Payton II,gary-payton-ii,,,,16:27,16.45,3,4,0.75,0,0,0.0,0,0,0.0,1,2,3,0,0,0,1,0,6,1.0,0022500612,Gary Payton II,gary payton  ii,,,2026-01-19,0,0.364741641337386,0.060790273556231005,0.182370820668693,0.0,0.060790273556231005,9.0,3.0,6.0,10.0,8.0,3.0,12.0,9.0,0.0,0,0.0,0,0.00125,6.1,4876.099120703438,6.092375,0.0,9.0,7.0,0.04686148
0022500612,1610612744,Golden State,Warriors,GSW,warriors,1641764,Brandin,Podziemski,B. Podziemski,brandin-podziemski,,,,29:35,29.583333333333332,9,19,0.474,3,7,0.429,3,3,1.0,1,5,6,4,1,0,2,2,24,17.0,0022500612,Brandin Podziemski,brandin podziemski,,,2026-01-19,1,0.8112676056338028,0.033802816901408454,0.2028169014084507,0.13521126760563382,0.06760563380281691,1.0,3.0,3.0,3.0,4.0,3.0,4.0,1.0,6.0,0,1.0,0,0.00319,27.0,8461.297398934503,26.91387,0.033802816901408454,5.0,6.0,0.5207695
0022500612,1610612744,Golden State,Warriors,GSW,warriors,1631218,Trayce,Jackson-Davis,T. Jackson-Davis,trayce-jackson-davis,,,,7:41,7.683333333333334,3,3,1.0,1,1,1.0,0,2,0.0,0,1,1,0,1,0,0,0,7,-7.0,0022500612,Trayce Jackson-Davis,trayce jackson-davis,,,2026-01-19,1,0.911062906724512,0.0,0.1301518438177874,0.0,0.1301518438177874,8.0,7.0,11.0,10.0,4.0,3.0,13.0,11.0,1.0,0,0.0,0,0.0025,-27.1,-10835.665733706517,-27.03225,0.1301518438177874,5.0,5.0,0.11496148
0022500612,1610612744,Golden State,Warriors,GSW,warriors,1627741,Buddy,Hield,B. Hield,buddy-hield,,,,23:02,23.033333333333335,6,9,0.667,4,7,0.571,0,0,0.0,0,4,4,2,1,0,0,0,16,6.0,0022500612,Buddy Hield,buddy hield,,,2026-01-19,1,0.6946454413892909,0.0,0.1736613603473227,0.08683068017366136,0.04341534008683068,4.0,7.0,4.0,7.0,4.0,3.0,6.0,5.0,1.0,0,0.0,0,0.0017599999999999998,19.7,11186.825667234527,19.665328,0.04341534008683068,5.0,9.0,0.77844983
0022500612,1610612744,Golden State,Warriors,GSW,warriors,201143,Al,Horford,A. Horford,al-horford,,,,19:03,19.05,4,9,0.444,2,7,0.286,0,0,0.0,0,8,8,2,1,0,0,2,10,26.0,0022500612,Al Horford,al horford,,,2026-01-19,1,0.5249343832020997,0.0,0.4199475065616798,0.10498687664041995,0.05249343832020997,7.0,7.0,2.0,7.0,4.0,3.0,1.0,8.0,0.0,0,0.0,0,0.00191,63.8,33385.66195709053,63.678142,0.05249343832020997,5.0,8.0,0.68409294
0022500612,1610612744,Golden State,Warriors,GSW,warriors,1630311,Pat,Spencer,P. Spencer,pat-spencer,,,,13:24,13.4,0,3,0.0,0,2,0.0,0,0,0.0,0,0,0,3,0,0,1,0,0,4.0,0022500612,Pat Spencer,pat spencer,,,2026-01-19,0,0.0,0.0,0.0,0.22388059701492538,0.0,12.0,7.0,12.0,5.0,8.0,3.0,7.0,10.0,0.0,0,0.0,0,0.00121,22.4,18497.109826589596,22.372895999999997,0.0,9.0,10.0,0.005252925
0022500612,1610612744,Golden State,Warriors,GSW,warriors,1642502,Malevy,Leons,M. Leons,malevy-leons,,,,2:51,2.85,0,0,0.0,0,0,0.0,0,0,0.0,0,2,2,0,0,0,1,1,0,4.0,0022500612,Malevy Leons,malevy leons,,,2026-01-19,0,0.0,0.0,0.7017543859649122,0.0,0.0,12.0,7.0,10.0,10.0,8.0,3.0,7.0,12.0,1.0,0,0.0,0,0.0014299999999999998,57.1,39902.166317260664,57.018347,0.0,9.0,10.0,0.0104994355
0022500612,1610612744,Golden State,Warriors,GSW,warriors,1643018,LJ,Cryer,L. Cryer,lj-cryer,,,,2:51,2.85,1,3,0.333,1,2,0.5,0,0,0.0,0,0,0,0,0,0,0,0,3,4.0,0022500612,LJ Cryer,lj cryer,,,2026-01-19,0,1.0526315789473684,0.0,0.0,0.0,0.0,11.0,7.0,12.0,10.0,8.0,3.0,7.0,12.0,,1,,1,0.0042899999999999995,57.1,13306.921463528317,56.855041,0.0,9.0,10.0,0.017539196
0022500618,1610612744,Golden State,Warriors,GSW,warriors,1630541,Moses,Moody,M. Moody,moses-moody,F,,,17:37,17.616666666666667,5,7,0.714,0,2,0.0,0,1,0.0,3,2,5,0,0,0,0,0,10,-20.0,0022500618,Moses Moody,moses moody,,,2026-01-20,0,0.5676442762535477,0.17029328287606432,0.28382213812677387,0.0,0.17029328287606432,6.0,2.0,3.0,11.0,8.0,2.0,12.0,9.0,1.0,0,0.0,0,0.0014299999999999998,-57.6,-40251.572327044036,-57.517632,0.0,8.0,3.0,0.47096753
0022500618,1610612744,Golden State,Warriors,GSW,warriors,203110,Draymond,Green,D. Green,draymond-green,F,,,22:26,22.433333333333334,3,9,0.333,0,4,0.0,0,0,0.0,3,3,6,5,0,0,2,0,6,-27.0,0022500618,Draymond Green,draymond green,,,2026-01-20,0,0.2674591381872214,0.1337295690936107,0.2674591381872214,0.22288261515601782,0.1337295690936107,9.0,2.0,2.0,1.0,8.0,2.0,15.0,3.0,1.0,0,0.0,0,0.0018599999999999999,-56.9,-30574.959699086514,-56.794166,0.0,8.0,4.0,0.06368592
0022500618,1610612744,Golden State,Warriors,GSW,warriors,1642366,Quinten,Post,Q. Post,quinten-post,C,,,18:26,18.433333333333334,5,9,0.556,2,3,0.667,0,0,0.0,4,3,7,0,0,0,0,2,12,-10.0,0022500618,Quinten Post,quinten post,,,2026-01-20,0,0.650994575045208,0.21699819168173598,0.37974683544303794,0.0,0.21699819168173598,4.0,1.0,1.0,11.0,8.0,2.0,10.0,8.0,0.0,0,0.0,0,0.0017599999999999998,-20.3,-11527.541169789894,-20.264272000000002,0.0,8.0,2.0,0.76754284
0022500618,1610612744,Golden State,Warriors,GSW,warriors,1641764,Brandin,Podziemski,B. Podziemski,brandin-podziemski,G,,,21:59,21.983333333333334,4,10,0.4,1,7,0.143,2,5,0.4,0,3,3,2,1,1,2,2,11,-24.0,0022500618,Brandin Podziemski,brandin podziemski,,,2026-01-20,2,0.5003790750568612,0.0,0.13646702047005307,0.09097801364670205,0.09097801364670205,5.0,8.0,5.0,5.0,1.0,1.0,13.0,4.0,1.0,0,0.0,0,0.00233,-56.4,-24195.624195624194,-56.268587999999994,0.09097801364670205,1.0,8.0,0.3175865
0022500618,1610612744,Golden State,Warriors,GSW,warriors,201939,Stephen,Curry,S. Curry,stephen-curry,G,,,24:41,24.683333333333334,6,16,0.375,2,7,0.286,2,3,0.667,0,3,3,3,1,0,1,1,16,-25.0,0022500618,Stephen Curry,stephen curry,,,2026-01-20,1,0.6482106684672518,0.0,0.12153950033760973,0.12153950033760973,0.04051316677920324,3.0,8.0,5.0,4.0,1.0,2.0,14.0,1.0,1.0,0,0.0,0,0.0028100000000000004,-45.5,-16186.410530060473,-45.372145,0.04051316677920324,2.0,11.0,0.38185698
0022500618,1610612744,Golden State,Warriors,GSW,warriors,1627780,Gary,Payton II,G. Payton II,gary-payton-ii,,,,11:04,11.066666666666666,3,4,0.75,2,2,1.0,1,2,0.5,0,0,0,0,1,0,2,2,9,3.0,0022500618,Gary Payton II,gary payton  ii,,,2026-01-20,1,0.8132530120481928,0.0,0.0,0.0,0.09036144578313253,7.0,8.0,11.0,11.0,1.0,2.0,4.0,12.0,4.0,0,0.0,0,0.0025,14.6,5837.664934026388,14.563500000000001,0.09036144578313253,2.0,9.0,0.1279336
0022500618,1610612744,Golden State,Warriors,GSW,warriors,1630611,Gui,Santos,G. Santos,gui-santos,,,,14:46,14.766666666666667,1,2,0.5,1,2,0.5,0,0,0.0,0,0,0,2,0,0,1,4,3,-14.0,0022500618,Gui Santos,gui santos,,,2026-01-20,0,0.20316027088036115,0.0,0.0,0.13544018058690743,0.0,11.0,8.0,11.0,5.0,8.0,2.0,11.0,10.0,1.0,0,0.0,0,0.00077,-46.5,-60311.284046692606,-46.464195,0.0,8.0,12.0,0.0058480804
0022500618,1610612744,Golden State,Warriors,GSW,warriors,1631218,Trayce,Jackson-Davis,T. Jackson-Davis,trayce-jackson-davis,,,,11:56,11.933333333333334,0,1,0.0,0,0,0.0,0,0,0.0,0,0,0,1,0,0,0,1,0,8.0,0022500618,Trayce Jackson-Davis,trayce jackson-davis,,,2026-01-20,0,0.0,0.0,0.0,0.08379888268156424,0.0,12.0,8.0,11.0,9.0,8.0,2.0,2.0,11.0,0.0,0,0.0,0,0.00035999999999999997,32.0,88642.6592797784,31.98848,0.0,8.0,12.0,0.0067864824
0022500618,1610612744,Golden State,Warriors,GSW,warriors,1629001,De'Anthony,Melton,D. Melton,deanthony-melton,,,,20:28,20.466666666666665,2,6,0.333,0,3,0.0,2,2,1.0,1,2,3,5,1,0,5,3,6,2.0,0022500618,De'Anthony Melton,de'anthony melton,,,2026-01-20,1,0.2931596091205212,0.048859934853420196,0.1465798045602606,0.244299674267101,0.09771986970684039,9.0,4.0,5.0,1.0,1.0,2.0,7.0,6.0,2.0,0,0.0,0,0.00214,1.5,700.6071929005137,1.4967899999999998,0.048859934853420196,2.0,6.0,0.04332411
0022500618,1610612744,Golden State,Warriors,GSW,warriors,1642954,Will,Richard,W. Richard,will-richard,,,,23:19,23.316666666666666,0,4,0.0,0,3,0.0,0,0,0.0,0,0,0,1,1,0,1,2,0,7.0,0022500618,Will Richard,will richard,,,2026-01-20,1,0.0,0.0,0.0,0.04288777698355969,0.04288777698355969,12.0,8.0,11.0,9.0,1.0,2.0,3.0,2.0,2.0,0,0.0,0,0.0008500000000000001,14.0,16451.23384253819,13.9881,0.04288777698355969,2.0,10.0,0.010465842
0022500618,1610612744,Golden State,Warriors,GSW,warriors,1627741,Buddy,Hield,B. Hield,buddy-hield,,,,19:18,19.3,7,8,0.875,6,6,1.0,5,5,1.0,1,0,1,2,1,0,0,0,25,10.0,0022500618,Buddy Hield,buddy hield,,,2026-01-20,1,1.2953367875647668,0.05181347150259067,0.05181347150259067,0.10362694300518134,0.10362694300518134,1.0,4.0,9.0,5.0,1.0,2.0,1.0,7.0,2.0,0,0.0,0,0.002,23.3,11644.177911044477,23.2534,0.05181347150259067,2.0,5.0,0.9307978
0022500618,1610612744,Golden State,Warriors,GSW,warriors,1630228,Jonathan,Kuminga,J. Kuminga,jonathan-kuminga,,,,21:07,21.116666666666667,7,10,0.7,1,3,0.333,5,8,0.625,1,4,5,2,1,0,2,1,20,3.0,0022500618,Jonathan Kuminga,jonathan kuminga,,,2026-01-20,1,0.9471191791633781,0.0473559589581689,0.23677979479084452,0.0947119179163378,0.0947119179163378,2.0,4.0,3.0,5.0,1.0,2.0,4.0,5.0,2.0,0,0.0,0,0.00294,6.4,2176.13056783407,6.381184,0.0473559589581689,2.0,7.0,0.8833982
0022500618,1610612744,Golden State,Warriors,GSW,warriors,1630311,Pat,Spencer,P. Spencer,pat-spencer,,,,9:25,9.416666666666666,4,4,1.0,1,1,1.0,0,0,0.0,0,2,2,5,0,0,1,1,9,3.0,0022500618,Pat Spencer,pat spencer,,,2026-01-20,0,0.9557522123893806,0.0,0.21238938053097348,0.5309734513274337,0.0,7.0,8.0,8.0,1.0,8.0,2.0,4.0,13.0,1.0,0,0.0,0,0.0023799999999999997,16.7,7013.859722805544,16.660254,0.0,8.0,12.0,0.534772
0022500618,1610612744,Golden State,Warriors,GSW,warriors,1642502,Malevy,Leons,M. Leons,malevy-leons,,,,1:44,1.7333333333333334,0,1,0.0,0,0,0.0,0,0,0.0,1,0,1,0,0,0,0,0,0,-3.0,0022500618,Malevy Leons,malevy leons,,,2026-01-20,0,0.0,0.5769230769230769,0.5769230769230769,0.0,0.5769230769230769,12.0,4.0,9.0,11.0,8.0,2.0,8.0,14.0,,1,,1,0.00333,-66.7,-20024.016811768237,-66.477889,0.0,8.0,1.0,0.005605989
0022500618,1610612744,Golden State,Warriors,GSW,warriors,1643018,LJ,Cryer,L. Cryer,lj-cryer,,,,1:44,1.7333333333333334,0,0,0.0,0,0,0.0,0,0,0.0,0,0,0,0,0,0,0,1,0,-3.0,0022500618,LJ Cryer,lj cryer,,,2026-01-20,0,0.0,0.0,0.0,0.0,0.0,12.0,8.0,11.0,11.0,8.0,2.0,8.0,14.0,,1,,1,0.0,-66.7,-66700000.00000001,-66.7,0.0,8.0,12.0,0.0037289646
0022500630,1610612744,Golden State,Warriors,GSW,warriors,1630541,Moses,Moody,M. Moody,moses-moody,F,,,23:14,23.233333333333334,4,7,0.571,3,6,0.5,1,1,1.0,0,3,3,3,2,1,0,2,12,-5.0,0022500630,Moses Moody,moses moody,,,2026-01-22,3,0.5164992826398852,0.0,0.1291248206599713,0.1291248206599713,0.1291248206599713,3.0,4.0,6.0,3.0,2.0,1.0,7.0,6.0,1.0,0,0.0,0,0.00125,-9.8,-7833.73301358913,-9.78775,0.1291248206599713,1.0,5.0,0.79772
0022500630,1610612744,Golden State,Warriors,GSW,warriors,1630611,Gui,Santos,G. Santos,gui-santos,F,,,16:39,16.65,2,5,0.4,1,4,0.25,0,0,0.0,0,4,4,0,0,1,0,1,5,-5.0,0022500630,Gui Santos,gui santos,,,2026-01-22,1,0.3003003003003003,0.0,0.24024024024024027,0.0,0.060060060060060066,7.0,4.0,2.0,10.0,9.0,1.0,7.0,8.0,1.0,0,0.0,0,0.0011899999999999999,-16.3,-13685.978169605376,-16.280603,0.060060060060060066,9.0,10.0,0.03987012
0022500630,1610612744,Golden State,Warriors,GSW,warriors,203110,Draymond,Green,D. Green,draymond-green,C,,,23:24,23.4,1,5,0.2,0,1,0.0,2,2,1.0,0,4,4,5,2,1,3,6,4,-15.0,0022500630,Draymond Green,draymond green,,,2026-01-22,3,0.17094017094017094,0.0,0.17094017094017094,0.2136752136752137,0.12820512820512822,8.0,4.0,2.0,2.0,2.0,1.0,10.0,5.0,3.0,0,1.0,0,0.00158,-27.5,-17394.05439595193,-27.45655,0.12820512820512822,1.0,6.0,0.01639847
0022500630,1610612744,Golden State,Warriors,GSW,warriors,1641764,Brandin,Podziemski,B. Podziemski,brandin-podziemski,G,,,32:35,32.583333333333336,4,13,0.308,0,4,0.0,1,2,0.5,1,3,4,10,2,0,1,2,9,10.0,0022500630,Brandin Podziemski,brandin podziemski,,,2026-01-22,2,0.27621483375959077,0.030690537084398974,0.1227621483375959,0.3069053708439897,0.09207161125319692,5.0,2.0,2.0,1.0,2.0,8.0,3.0,2.0,4.0,0,0.0,0,0.0019,15.0,7890.583903208838,14.971499999999999,0.06138107416879795,5.0,9.0,0.5098169
0022500630,1610612744,Golden State,Warriors,GSW,warriors,201939,Stephen,Curry,S. Curry,stephen-curry,G,,,34:27,34.45,14,27,0.519,8,15,0.533,2,2,1.0,0,4,4,1,0,0,2,2,38,-24.0,0022500630,Stephen Curry,stephen curry,,,2026-01-22,0,1.1030478955007257,0.0,0.11611030478955006,0.029027576197387515,0.0,1.0,4.0,2.0,8.0,9.0,8.0,11.0,1.0,3.0,0,0.0,0,0.00357,-32.9,-9213.10557266872,-32.782547,0.0,11.0,11.0,0.90118134
0022500630,1610612744,Golden State,Warriors,GSW,warriors,1627780,Gary,Payton II,G. Payton II,gary-payton-ii,,,,16:59,16.983333333333334,2,6,0.333,0,1,0.0,0,0,0.0,2,1,3,0,0,1,1,1,4,-32.0,0022500630,Gary Payton II,gary payton  ii,,,2026-01-22,1,0.2355250245338567,0.11776251226692835,0.17664376840039253,0.0,0.17664376840039253,8.0,1.0,6.0,10.0,9.0,1.0,12.0,7.0,1.0,0,0.0,0,0.00167,-82.1,-49132.256134051466,-81.962893,0.05888125613346418,9.0,3.0,0.0326666
0022500630,1610612744,Golden State,Warriors,GSW,warriors,1642954,Will,Richard,W. Richard,will-richard,,,,13:29,13.483333333333333,0,1,0.0,0,1,0.0,0,0,0.0,0,0,0,2,3,0,0,2,0,-5.0,0022500630,Will Richard,will richard,,,2026-01-22,3,0.0,0.0,0.0,0.14833127317676145,0.22249690976514216,12.0,4.0,11.0,5.0,1.0,8.0,7.0,10.0,6.0,0,0.0,0,0.00029,-11.5,-39518.90034364261,-11.496665,0.22249690976514216,1.0,1.0,0.010935559
0022500630,1610612744,Golden State,Warriors,GSW,warriors,1629001,De'Anthony,Melton,D. Melton,deanthony-melton,,,,23:25,23.416666666666668,9,15,0.6,1,4,0.25,3,6,0.5,0,3,3,2,2,1,1,2,22,22.0,0022500630,De'Anthony Melton,de'anthony melton,,,2026-01-22,3,0.9395017793594306,0.0,0.12811387900355872,0.08540925266903915,0.12811387900355872,2.0,4.0,6.0,5.0,2.0,1.0,1.0,4.0,3.0,0,0.0,0,0.00328,38.4,11703.748857055774,38.274048,0.12811387900355872,1.0,7.0,0.90024537
0022500630,1610612744,Golden State,Warriors,GSW,warriors,201143,Al,Horford,A. Horford,al-horford,,,,26:06,26.1,1,4,0.25,1,3,0.333,0,0,0.0,1,7,8,3,1,1,2,3,3,2.0,0022500630,Al Horford,al horford,,,2026-01-22,2,0.11494252873563218,0.038314176245210725,0.3065134099616858,0.11494252873563218,0.11494252873563218,10.0,2.0,1.0,3.0,7.0,1.0,4.0,3.0,2.0,0,0.0,0,0.00092,1.5,1628.6644951140065,1.4986199999999998,0.07662835249042145,5.0,8.0,0.08239936
0022500630,1610612744,Golden State,Warriors,GSW,warriors,1630228,Jonathan,Kuminga,J. Kuminga,jonathan-kuminga,,,,9:28,9.466666666666667,3,3,1.0,0,0,0.0,4,4,1.0,0,1,1,2,2,0,0,1,10,18.0,0022500630,Jonathan Kuminga,jonathan kuminga,,,2026-01-22,2,1.056338028169014,0.0,0.1056338028169014,0.2112676056338028,0.2112676056338028,4.0,4.0,9.0,5.0,2.0,8.0,2.0,11.0,1.0,0,0.0,0,0.00167,80.4,48114.9012567325,80.26573200000001,0.2112676056338028,5.0,2.0,0.602897
0022500630,1610612744,Golden State,Warriors,GSW,warriors,1627741,Buddy,Hield,B. Hield,buddy-hield,,,,14:32,14.533333333333333,2,7,0.286,1,5,0.2,1,1,1.0,0,1,1,1,1,1,0,1,6,-2.0,0022500630,Buddy Hield,buddy hield,,,2026-01-22,2,0.41284403669724773,0.0,0.06880733944954129,0.06880733944954129,0.13761467889908258,6.0,4.0,9.0,8.0,7.0,1.0,5.0,9.0,0.0,0,0.0,0,0.00194,-0.2,-103.03967027305514,-0.199612,0.13761467889908258,5.0,4.0,0.1461089
0022500630,1610612744,Golden State,Warriors,GSW,warriors,1642366,Quinten,Post,Q. Post,quinten-post,,,,5:42,5.7,1,3,0.333,0,2,0.0,0,0,0.0,0,0,0,0,0,0,0,1,2,-4.0,0022500630,Quinten Post,quinten post,,,2026-01-22,0,0.3508771929824561,0.0,0.0,0.0,0.0,11.0,4.0,11.0,10.0,9.0,8.0,6.0,12.0,0.0,0,0.0,0,0.00214,-23.6,-11022.88650163475,-23.549496,0.0,11.0,11.0,0.00890714
0022500644,1610612744,Golden State,Warriors,GSW,warriors,1630541,Moses,Moody,M. Moody,moses-moody,F,,,27:42,27.7,7,15,0.467,5,9,0.556,0,0,0.0,0,8,8,2,0,2,1,1,19,13.0,0022500644,Moses Moody,moses moody,,,2026-01-25,2,0.6859205776173285,0.0,0.2888086642599278,0.07220216606498195,0.07220216606498195,2.0,6.0,1.0,5.0,11.0,1.0,5.0,1.0,1.0,0,0.0,0,0.0025,23.6,9436.22550979608,23.541000000000004,0.07220216606498195,4.0,10.0,0.74279493
0022500644,1610612744,Golden State,Warriors,GSW,warriors,203110,Draymond,Green,D. Green,draymond-green,F,,,23:21,23.35,1,5,0.2,0,3,0.0,0,0,0.0,1,4,5,5,2,0,1,2,2,14.0,0022500644,Draymond Green,draymond green,,,2026-01-25,2,0.08565310492505353,0.042826552462526764,0.2141327623126338,0.2141327623126338,0.1284796573875803,11.0,2.0,3.0,3.0,4.0,5.0,4.0,4.0,2.0,0,0.0,0,0.00109,29.5,27039.41338221815,29.467845,0.08565310492505353,4.0,7.0,0.06414906
0022500644,1610612744,Golden State,Warriors,GSW,warriors,201143,Al,Horford,A. Horford,al-horford,C,,,22:37,22.616666666666667,4,7,0.571,2,5,0.4,0,0,0.0,0,5,5,2,1,1,0,1,10,7.0,0022500644,Al Horford,al horford,,,2026-01-25,2,0.4421518054532056,0.0,0.2210759027266028,0.08843036109064112,0.08843036109064112,5.0,6.0,3.0,5.0,6.0,2.0,8.0,5.0,1.0,0,0.0,0,0.00135,14.3,10584.752035529238,14.280695000000001,0.08843036109064112,4.0,9.0,0.3811231
0022500644,1610612744,Golden State,Warriors,GSW,warriors,1641764,Brandin,Podziemski,B. Podziemski,brandin-podziemski,G,,,22:23,22.383333333333333,6,10,0.6,0,2,0.0,0,0,0.0,0,5,5,6,4,0,2,3,12,16.0,0022500644,Brandin Podziemski,brandin podziemski,,,2026-01-25,4,0.5361131794489948,0.0,0.22338049143708116,0.2680565897244974,0.17870439314966494,3.0,6.0,3.0,2.0,1.0,5.0,2.0,6.0,3.0,0,0.0,0,0.00218,29.8,13663.457129756991,29.735036,0.17870439314966494,1.0,5.0,0.8776536
0022500644,1610612744,Golden State,Warriors,GSW,warriors,201939,Stephen,Curry,S. Curry,stephen-curry,G,,,27:38,27.633333333333333,7,18,0.389,3,10,0.3,9,9,1.0,1,1,2,7,4,0,2,1,26,16.0,0022500644,Stephen Curry,stephen curry,,,2026-01-25,4,0.9408926417370326,0.03618817852834741,0.07237635705669482,0.25331724969843183,0.18094089264173704,1.0,2.0,8.0,1.0,1.0,5.0,2.0,2.0,4.0,0,0.0,0,0.0034799999999999996,24.2,6952.025280091928,24.115783999999998,0.14475271411338964,1.0,4.0,0.80705315
0022500644,1610612744,Golden State,Warriors,GSW,warriors,1642366,Quinten,Post,Q. Post,quinten-post,,,,15:57,15.95,1,5,0.2,1,4,0.25,2,2,1.0,0,4,4,0,1,0,1,2,5,20.0,0022500644,Quinten Post,quinten post,,,2026-01-25,1,0.31347962382445144,0.0,0.25078369905956116,0.0,0.06269592476489029,8.0,6.0,6.0,11.0,6.0,5.0,1.0,10.0,0.0,0,0.0,0,0.00159,47.0,29541.169076052796,46.92527,0.06269592476489029,9.0,11.0,0.07072114
0022500644,1610612744,Golden State,Warriors,GSW,warriors,1642954,Will,Richard,W. Richard,will-richard,,,,23:33,23.55,4,9,0.444,2,5,0.4,0,0,0.0,1,1,2,1,3,0,1,1,10,7.0,0022500644,Will Richard,will richard,,,2026-01-25,3,0.4246284501061571,0.04246284501061571,0.08492569002123142,0.04246284501061571,0.16985138004246284,5.0,2.0,8.0,8.0,3.0,5.0,8.0,3.0,3.0,0,0.0,0,0.00167,13.5,8078.994614003591,13.477455,0.12738853503184713,3.0,6.0,0.386609
0022500644,1610612744,Golden State,Warriors,GSW,warriors,1630611,Gui,Santos,G. Santos,gui-santos,,,,20:31,20.516666666666666,3,6,0.5,1,3,0.333,0,0,0.0,2,4,6,2,2,0,0,2,7,10.0,0022500644,Gui Santos,gui santos,,,2026-01-25,2,0.3411860276198213,0.0974817221770918,0.2924451665312754,0.0974817221770918,0.1949634443541836,7.0,1.0,2.0,5.0,4.0,5.0,7.0,8.0,2.0,0,0.0,0,0.00115,21.7,18853.171155516942,21.675045,0.0974817221770918,4.0,3.0,0.17140311
0022500644,1610612744,Golden State,Warriors,GSW,warriors,1629001,De'Anthony,Melton,D. Melton,deanthony-melton,,,,20:59,20.983333333333334,4,13,0.308,1,5,0.2,3,3,1.0,0,3,3,4,1,0,3,1,12,7.0,0022500644,De'Anthony Melton,de'anthony melton,,,2026-01-25,1,0.5718824463860206,0.0,0.14297061159650515,0.19062748212867353,0.04765687053216838,3.0,6.0,7.0,4.0,6.0,5.0,8.0,7.0,2.0,0,0.0,0,0.00321,11.2,3488.0099657427586,11.164048,0.04765687053216838,9.0,13.0,0.5687281
0022500644,1610612744,Golden State,Warriors,GSW,warriors,1627741,Buddy,Hield,B. Hield,buddy-hield,,,,16:32,16.533333333333335,2,5,0.4,0,3,0.0,0,0,0.0,0,2,2,0,0,1,1,2,4,11.0,0022500644,Buddy Hield,buddy hield,,,2026-01-25,1,0.24193548387096772,0.0,0.12096774193548386,0.0,0.06048387096774193,9.0,6.0,8.0,11.0,11.0,2.0,6.0,9.0,1.0,0,0.0,0,0.0015,30.6,20386.40906062625,30.554100000000002,0.06048387096774193,9.0,12.0,0.0340566
0022500644,1610612744,Golden State,Warriors,GSW,warriors,1627780,Gary,Payton II,G. Payton II,gary-payton-ii,,,,8:44,8.733333333333333,0,0,0.0,0,0,0.0,0,0,0.0,1,0,1,1,0,0,0,3,0,-6.0,0022500644,Gary Payton II,gary payton  ii,,,2026-01-25,0,0.0,0.11450381679389314,0.11450381679389314,0.11450381679389314,0.11450381679389314,13.0,2.0,11.0,8.0,11.0,5.0,14.0,11.0,0.0,0,0.0,0,0.0,-29.1,-29100000.000000004,-29.1,0.0,13.0,8.0,0.0074649877
0022500644,1610612744,Golden State,Warriors,GSW,warriors,1631218,Trayce,Jackson-Davis,T. Jackson-Davis,trayce-jackson-davis,,,,3:21,3.35,0,0,0.0,0,0,0.0,1,2,0.5,0,0,0,1,1,1,0,1,1,5.0,0022500644,Trayce Jackson-Davis,trayce jackson-davis,,,2026-01-25,2,0.29850746268656714,0.0,0.0,0.29850746268656714,0.5970149253731343,12.0,6.0,14.0,8.0,6.0,2.0,11.0,12.0,1.0,0,0.0,0,0.00111,57.1,51395.1395139514,57.036619,0.5970149253731343,4.0,1.0,0.006298071
0022500644,1610612744,Golden State,Warriors,GSW,warriors,1630311,Pat,Spencer,P. Spencer,pat-spencer,,,,3:21,3.35,0,0,0.0,0,0,0.0,0,0,0.0,0,1,1,0,1,0,0,0,0,5.0,0022500644,Pat Spencer,pat spencer,,,2026-01-25,1,0.0,0.0,0.29850746268656714,0.0,0.29850746268656714,13.0,6.0,11.0,11.0,6.0,5.0,11.0,12.0,1.0,0,0.0,0,0.0,57.1,57100000.00000001,57.1,0.29850746268656714,9.0,2.0,0.01013034
0022500644,1610612744,Golden State,Warriors,GSW,warriors,1643018,LJ,Cryer,L. Cryer,lj-cryer,,,,3:21,3.35,1,2,0.5,1,2,0.5,0,0,0.0,0,1,1,0,0,0,0,0,3,5.0,0022500644,LJ Cryer,lj cryer,,,2026-01-25,0,0.8955223880597015,0.0,0.29850746268656714,0.0,0.0,10.0,6.0,11.0,11.0,11.0,5.0,11.0,12.0,0.0,0,0.0,0,0.00222,57.1,25709.140027014855,56.973238,0.0,13.0,14.0,0.01313197
0022500663,1610612744,Golden State,Warriors,GSW,warriors,1630541,Moses,Moody,M. Moody,moses-moody,F,,,26:16,26.266666666666666,4,12,0.333,2,7,0.286,0,0,0.0,2,2,4,1,0,1,1,0,10,-13.0,0022500663,Moses Moody,moses moody,,,2026-01-26,1,0.3807106598984772,0.07614213197969544,0.15228426395939088,0.03807106598984772,0.11421319796954316,4.0,2.0,6.0,6.0,8.0,1.0,6.0,6.0,0.0,0,0.0,0,0.00197,-23.2,-11770.674784373414,-23.154296,0.03807106598984772,5.0,6.0,0.24998283
0022500663,1610612744,Golden State,Warriors,GSW,warriors,1630611,Gui,Santos,G. Santos,gui-santos,F,,,26:11,26.183333333333334,5,13,0.385,1,6,0.167,0,0,0.0,1,9,10,2,1,1,4,1,11,-5.0,0022500663,Gui Santos,gui santos,,,2026-01-26,2,0.4201145767027371,0.03819223424570337,0.3819223424570337,0.07638446849140675,0.11457670273711013,3.0,5.0,1.0,5.0,3.0,1.0,1.0,7.0,1.0,0,0.0,0,0.0023599999999999997,-11.1,-4701.3977128335455,-11.073803999999999,0.07638446849140675,2.0,5.0,0.51159877
0022500663,1610612744,Golden State,Warriors,GSW,warriors,1642366,Quinten,Post,Q. Post,quinten-post,C,,,27:34,27.566666666666666,5,12,0.417,3,7,0.429,0,0,0.0,3,2,5,0,0,1,0,2,13,-13.0,0022500663,Quinten Post,quinten post,,,2026-01-26,1,0.47158403869407495,0.10882708585247884,0.18137847642079807,0.0,0.14510278113663846,1.0,1.0,3.0,9.0,8.0,1.0,6.0,5.0,0.0,0,0.0,0,0.0017599999999999998,-21.7,-12322.544009085748,-21.661808,0.036275695284159616,5.0,4.0,0.7242951
0022500663,1610612744,Golden State,Warriors,GSW,warriors,1630311,Pat,Spencer,P. Spencer,pat-spencer,G,,,33:33,33.55,4,11,0.364,2,4,0.5,0,0,0.0,2,3,5,6,1,0,4,1,10,-10.0,0022500663,Pat Spencer,pat spencer,,,2026-01-26,1,0.2980625931445604,0.05961251862891208,0.1490312965722802,0.17883755588673622,0.08941877794336811,4.0,2.0,3.0,1.0,3.0,5.0,3.0,1.0,1.0,0,0.0,0,0.00169,-13.2,-7806.031933767002,-13.177692,0.02980625931445604,5.0,7.0,0.37264973
0022500663,1610612744,Golden State,Warriors,GSW,warriors,1641764,Brandin,Podziemski,B. Podziemski,brandin-podziemski,G,,,27:45,27.75,4,13,0.308,0,2,0.0,4,5,0.8,0,7,7,4,0,0,3,2,12,-14.0,0022500663,Brandin Podziemski,brandin podziemski,,,2026-01-26,0,0.43243243243243246,0.0,0.25225225225225223,0.14414414414414414,0.0,2.0,7.0,2.0,2.0,8.0,5.0,8.0,4.0,0.0,0,2.0,0,0.0025700000000000002,-23.0,-8945.935433683391,-22.94089,0.0,10.0,10.0,0.30095232
0022500663,1610612744,Golden State,Warriors,GSW,warriors,1642954,Will,Richard,W. Richard,will-richard,,,,28:10,28.166666666666668,2,9,0.222,0,6,0.0,0,0,0.0,0,2,2,3,6,0,1,1,4,-11.0,0022500663,Will Richard,will richard,,,2026-01-26,6,0.14201183431952663,0.0,0.07100591715976332,0.10650887573964496,0.21301775147928992,9.0,7.0,8.0,3.0,1.0,5.0,4.0,3.0,7.0,0,0.0,0,0.0013700000000000001,-18.4,-13420.860685630925,-18.374792,0.21301775147928992,1.0,2.0,0.047022954
0022500663,1610612744,Golden State,Warriors,GSW,warriors,1627741,Buddy,Hield,B. Hield,buddy-hield,,,,28:52,28.866666666666667,2,10,0.2,1,4,0.25,0,2,0.0,0,2,2,3,1,1,1,3,5,-20.0,0022500663,Buddy Hield,buddy hield,,,2026-01-26,2,0.17321016166281755,0.0,0.06928406466512702,0.10392609699769052,0.06928406466512702,8.0,7.0,8.0,3.0,3.0,1.0,9.0,2.0,2.0,0,0.0,0,0.00167,-29.2,-17474.566128067025,-29.151236,0.06928406466512702,2.0,9.0,0.011085723
0022500663,1610612744,Golden State,Warriors,GSW,warriors,1627780,Gary,Payton II,G. Payton II,gary-payton-ii,,,,11:53,11.883333333333333,2,4,0.5,0,2,0.0,0,0,0.0,0,1,1,0,1,0,2,6,4,-20.0,0022500663,Gary Payton II,gary payton  ii,,,2026-01-26,1,0.33660589060308554,0.0,0.08415147265077139,0.0,0.08415147265077139,9.0,7.0,10.0,9.0,3.0,5.0,9.0,9.0,2.0,0,0.0,0,0.002,-69.4,-34682.65867066467,-69.2612,0.08415147265077139,5.0,8.0,0.01728274
0022500663,1610612744,Golden State,Warriors,GSW,warriors,1631218,Trayce,Jackson-Davis,T. Jackson-Davis,trayce-jackson-davis,,,,20:26,20.433333333333334,3,7,0.429,0,0,0.0,2,4,0.5,2,2,4,1,2,0,2,3,8,-12.0,0022500663,Trayce Jackson-Davis,trayce jackson-davis,,,2026-01-26,2,0.3915171288743883,0.09787928221859707,0.19575856443719414,0.048939641109298535,0.19575856443719414,6.0,2.0,6.0,6.0,2.0,5.0,5.0,8.0,2.0,0,0.0,0,0.00193,-28.4,-14707.405489383738,-28.345188,0.09787928221859707,2.0,3.0,0.15371902
0022500663,1610612744,Golden State,Warriors,GSW,warriors,1642502,Malevy,Leons,M. Leons,malevy-leons,,,,9:22,9.366666666666667,2,4,0.5,0,1,0.0,2,2,1.0,1,4,5,1,1,0,0,0,6,-7.0,0022500663,Malevy Leons,malevy leons,,,2026-01-26,1,0.6405693950177935,0.10676156583629892,0.5338078291814946,0.10676156583629892,0.21352313167259784,7.0,5.0,3.0,6.0,3.0,5.0,2.0,10.0,0.0,0,0.0,0,0.002,-31.8,-15892.053973013491,-31.7364,0.10676156583629892,5.0,1.0,0.10530163
0022500678,1610612744,Golden State,Warriors,GSW,warriors,1630541,Moses,Moody,M. Moody,moses-moody,F,,,25:57,25.95,9,15,0.6,5,9,0.556,3,4,0.75,3,2,5,0,2,0,0,0,26,28.0,0022500678,Moses Moody,moses moody,,,2026-01-28,2,1.001926782273603,0.11560693641618497,0.1926782273603083,0.0,0.1926782273603083,2.0,1.0,3.0,11.0,3.0,5.0,1.0,3.0,2.0,0,0.0,0,0.00246,48.3,19626.168224299065,48.181182,0.07707129094412332,6.0,5.0,0.7816597
0022500678,1610612744,Golden State,Warriors,GSW,warriors,203110,Draymond,Green,D. Green,draymond-green,F,,,22:37,22.616666666666667,0,6,0.0,0,6,0.0,0,0,0.0,0,2,2,6,1,2,3,2,0,17.0,0022500678,Draymond Green,draymond green,,,2026-01-28,3,0.0,0.0,0.08843036109064112,0.26529108327192336,0.13264554163596168,12.0,8.0,8.0,3.0,5.0,2.0,3.0,6.0,3.0,0,0.0,0,0.00158,34.0,21505.376344086024,33.94628,0.13264554163596168,3.0,7.0,0.05514386
0022500678,1610612744,Golden State,Warriors,GSW,warriors,201143,Al,Horford,A. Horford,al-horford,C,,,24:04,24.066666666666666,4,5,0.8,1,2,0.5,0,0,0.0,3,2,5,8,1,3,1,2,9,22.0,0022500678,Al Horford,al horford,,,2026-01-28,4,0.3739612188365651,0.12465373961218837,0.20775623268698062,0.33240997229916897,0.29085872576177285,9.0,1.0,3.0,1.0,5.0,1.0,2.0,4.0,2.0,0,0.0,0,0.001,39.8,39760.23976023976,39.7602,0.16620498614958448,1.0,1.0,0.8248465
0022500678,1610612744,Golden State,Warriors,GSW,warriors,1641764,Brandin,Podziemski,B. Podziemski,brandin-podziemski,G,,,28:19,28.316666666666666,2,6,0.333,1,2,0.5,6,6,1.0,0,8,8,7,1,1,2,3,11,16.0,0022500678,Brandin Podziemski,brandin podziemski,,,2026-01-28,2,0.38846380223660976,0.0,0.28251912889935255,0.24720423778693348,0.07062978222483814,7.0,8.0,1.0,2.0,5.0,4.0,4.0,1.0,2.0,0,0.0,0,0.00155,27.0,17408.123791102516,26.95815,0.07062978222483814,6.0,9.0,0.22484049
0022500678,1610612744,Golden State,Warriors,GSW,warriors,201939,Stephen,Curry,S. Curry,stephen-curry,G,,,28:01,28.016666666666666,7,14,0.5,4,10,0.4,9,10,0.9,0,1,1,2,2,0,5,1,27,16.0,0022500678,Stephen Curry,stephen curry,,,2026-01-28,2,0.9637120761451518,0.0,0.03569303985722784,0.07138607971445568,0.07138607971445568,1.0,8.0,10.0,7.0,3.0,5.0,4.0,2.0,4.0,0,0.0,0,0.0032400000000000003,27.5,8485.035482875655,27.410899999999998,0.07138607971445568,6.0,8.0,0.7880586
0022500678,1610612744,Golden State,Warriors,GSW,warriors,1629001,De'Anthony,Melton,D. Melton,deanthony-melton,,,,23:07,23.116666666666667,3,8,0.375,2,5,0.4,4,5,0.8,1,1,2,2,4,0,3,3,12,13.0,0022500678,De'Anthony Melton,de'anthony melton,,,2026-01-28,4,0.5191059841384282,0.043258832011535686,0.08651766402307137,0.08651766402307137,0.21629416005767843,6.0,4.0,8.0,7.0,1.0,5.0,6.0,5.0,6.0,0,0.0,0,0.00228,26.5,11617.711530030689,26.439580000000003,0.17303532804614274,1.0,4.0,0.2490142
0022500678,1610612744,Golden State,Warriors,GSW,warriors,1630611,Gui,Santos,G. Santos,gui-santos,,,,21:33,21.55,6,7,0.857,2,3,0.667,2,3,0.667,1,2,3,4,1,2,1,3,16,6.0,0022500678,Gui Santos,gui santos,,,2026-01-28,3,0.7424593967517401,0.04640371229698376,0.13921113689095127,0.18561484918793503,0.18561484918793503,3.0,4.0,6.0,4.0,5.0,2.0,7.0,7.0,2.0,0,0.0,0,0.0017000000000000001,14.7,8641.975308641975,14.675009999999999,0.13921113689095127,3.0,6.0,0.82746756
0022500678,1610612744,Golden State,Warriors,GSW,warriors,1642366,Quinten,Post,Q. Post,quinten-post,,,,17:17,17.283333333333335,4,7,0.571,2,4,0.5,0,0,0.0,1,5,6,2,0,0,0,1,10,-3.0,0022500678,Quinten Post,quinten post,,,2026-01-28,0,0.5785920925747348,0.057859209257473475,0.34715525554484084,0.11571841851494695,0.057859209257473475,8.0,4.0,2.0,7.0,9.0,5.0,8.0,9.0,1.0,0,0.0,0,0.00159,-4.2,-2639.8491514770585,-4.193322,0.0,9.0,10.0,0.37348777
0022500678,1610612744,Golden State,Warriors,GSW,warriors,1642954,Will,Richard,W. Richard,will-richard,,,,20:22,20.366666666666667,5,8,0.625,3,6,0.5,0,0,0.0,2,3,5,3,3,0,2,2,13,-3.0,0022500678,Will Richard,will richard,,,2026-01-28,3,0.6382978723404256,0.09819967266775777,0.24549918166939444,0.14729950900163666,0.24549918166939444,4.0,3.0,3.0,6.0,2.0,5.0,8.0,8.0,4.0,0,0.0,0,0.0020399999999999997,-0.8,-391.9647231749143,-0.798368,0.14729950900163666,3.0,3.0,0.6939047
0022500678,1610612744,Golden State,Warriors,GSW,warriors,1627741,Buddy,Hield,B. Hield,buddy-hield,,,,17:13,17.216666666666665,5,8,0.625,3,6,0.5,0,0,0.0,0,3,3,4,0,0,1,0,13,-11.0,0022500678,Buddy Hield,buddy hield,,,2026-01-28,0,0.7550822846079381,0.0,0.17424975798644726,0.23233301064859635,0.0,4.0,8.0,6.0,4.0,9.0,5.0,13.0,10.0,1.0,0,0.0,0,0.00209,-27.5,-13151.602104256337,-27.442525,0.0,9.0,11.0,0.7046195
0022500678,1610612744,Golden State,Warriors,GSW,warriors,1630311,Pat,Spencer,P. Spencer,pat-spencer,,,,3:50,3.8333333333333335,0,0,0.0,0,0,0.0,1,2,0.5,1,0,1,0,0,0,0,0,1,-7.0,0022500678,Pat Spencer,pat spencer,,,2026-01-28,0,0.2608695652173913,0.2608695652173913,0.2608695652173913,0.0,0.2608695652173913,11.0,4.0,10.0,11.0,9.0,5.0,10.0,11.0,1.0,0,0.0,0,0.00091,-86.7,-95170.1427003293,-86.621103,0.0,9.0,2.0,0.005505064
0022500678,1610612744,Golden State,Warriors,GSW,warriors,1642502,Malevy,Leons,M. Leons,malevy-leons,,,,3:50,3.8333333333333335,0,1,0.0,0,1,0.0,0,0,0.0,0,0,0,0,0,0,0,0,0,-7.0,0022500678,Malevy Leons,malevy leons,,,2026-01-28,0,0.0,0.0,0.0,0.0,0.0,12.0,8.0,13.0,11.0,9.0,5.0,10.0,11.0,0.0,0,0.0,0,0.00091,-86.7,-95170.1427003293,-86.621103,0.0,9.0,11.0,0.002931397
0022500678,1610612744,Golden State,Warriors,GSW,warriors,1631218,Trayce,Jackson-Davis,T. Jackson-Davis,trayce-jackson-davis,,,,3:50,3.8333333333333335,1,1,1.0,0,0,0.0,0,0,0.0,0,1,1,1,0,0,2,0,2,-7.0,0022500678,Trayce Jackson-Davis,trayce jackson-davis,,,2026-01-28,0,0.5217391304347826,0.0,0.2608695652173913,0.2608695652173913,0.0,10.0,8.0,10.0,10.0,9.0,5.0,10.0,11.0,0.0,0,0.0,0,0.0027300000000000002,-86.7,-31746.612962284875,-86.463309,0.0,9.0,11.0,0.009125379
0022500696,1610612744,Golden State,Warriors,GSW,warriors,1630541,Moses,Moody,M. Moody,moses-moody,F,,,25:05,25.083333333333332,3,8,0.375,3,6,0.5,2,6,0.333,1,3,4,0,1,0,2,2,11,-3.0,0022500696,Moses Moody,moses moody,,,2026-01-30,1,0.4385382059800665,0.0398671096345515,0.159468438538206,0.0,0.079734219269103,6.0,2.0,5.0,11.0,5.0,5.0,5.0,6.0,5.0,0,0.0,0,0.00167,-10.4,-6223.818073010174,-10.382632000000001,0.0398671096345515,5.0,6.0,0.1645591
0022500696,1610612744,Golden State,Warriors,GSW,warriors,203110,Draymond,Green,D. Green,draymond-green,F,,,32:54,32.9,5,10,0.5,4,9,0.444,1,1,1.0,1,5,6,7,0,0,2,6,15,2.0,0022500696,Draymond Green,draymond green,,,2026-01-30,0,0.45592705167173253,0.030395136778115502,0.182370820668693,0.2127659574468085,0.030395136778115502,4.0,2.0,3.0,2.0,7.0,5.0,2.0,1.0,1.0,0,0.0,0,0.0014000000000000002,1.1,785.1534618129907,1.0984600000000002,0.0,9.0,11.0,0.76072735
0022500696,1610612744,Golden State,Warriors,GSW,warriors,201143,Al,Horford,A. Horford,al-horford,C,,,23:18,23.3,5,9,0.556,1,4,0.25,2,2,1.0,1,6,7,3,2,1,1,1,13,-11.0,0022500696,Al Horford,al horford,,,2026-01-30,3,0.5579399141630901,0.04291845493562232,0.3004291845493562,0.12875536480686695,0.17167381974248927,5.0,2.0,2.0,3.0,1.0,1.0,11.0,7.0,2.0,0,0.0,0,0.0018599999999999999,-22.6,-12144.008597528213,-22.557964000000002,0.12875536480686695,1.0,2.0,0.7122982
0022500696,1610612744,Golden State,Warriors,GSW,warriors,1641764,Brandin,Podziemski,B. Podziemski,brandin-podziemski,G,,,28:18,28.3,1,8,0.125,1,4,0.25,8,9,0.889,4,4,8,8,2,0,4,0,11,-7.0,0022500696,Brandin Podziemski,brandin podziemski,,,2026-01-30,2,0.38869257950530034,0.1413427561837456,0.2826855123674912,0.2826855123674912,0.21201413427561838,6.0,1.0,1.0,1.0,1.0,5.0,9.0,2.0,1.0,0,0.0,0,0.00203,-11.6,-5711.472181191531,-11.576452,0.0706713780918728,3.0,1.0,0.16206498
0022500696,1610612744,Golden State,Warriors,GSW,warriors,201939,Stephen,Curry,S. Curry,stephen-curry,G,,,25:24,25.4,7,16,0.438,4,10,0.4,5,5,1.0,0,1,1,2,0,1,4,0,23,-5.0,0022500696,Stephen Curry,stephen curry,,,2026-01-30,1,0.9055118110236221,0.0,0.03937007874015748,0.07874015748031496,0.03937007874015748,1.0,9.0,10.0,6.0,7.0,1.0,7.0,5.0,2.0,0,0.0,0,0.00333,-10.5,-3152.206544581207,-10.465035,0.03937007874015748,5.0,10.0,0.8888257
0022500696,1610612744,Golden State,Warriors,GSW,warriors,1642954,Will,Richard,W. Richard,will-richard,,,,15:09,15.15,0,1,0.0,0,1,0.0,0,0,0.0,1,1,2,1,0,0,1,1,0,-8.0,0022500696,Will Richard,will richard,,,2026-01-30,0,0.0,0.066006600660066,0.132013201320132,0.066006600660066,0.066006600660066,11.0,2.0,7.0,8.0,7.0,5.0,10.0,9.0,3.0,0,0.0,0,0.00049,-25.4,-51731.16089613034,-25.387553999999998,0.0,9.0,8.0,0.01738319
0022500696,1610612744,Golden State,Warriors,GSW,warriors,1629001,De'Anthony,Melton,D. Melton,deanthony-melton,,,,25:31,25.516666666666666,7,13,0.538,1,4,0.25,3,3,1.0,0,5,5,3,2,0,2,4,18,-3.0,0022500696,De'Anthony Melton,de'anthony melton,,,2026-01-30,2,0.705421293272371,0.0,0.1959503592423253,0.11757021554539517,0.07838014369693011,2.0,9.0,4.0,3.0,1.0,5.0,5.0,3.0,4.0,0,0.0,0,0.00246,-4.9,-1991.0605444941082,-4.887946,0.07838014369693011,3.0,7.0,0.8326821
0022500696,1610612744,Golden State,Warriors,GSW,warriors,1642366,Quinten,Post,Q. Post,quinten-post,,,,13:37,13.616666666666667,1,6,0.167,0,4,0.0,4,4,1.0,1,1,2,1,1,0,1,2,6,-6.0,0022500696,Quinten Post,quinten post,,,2026-01-30,1,0.44063647490820074,0.07343941248470012,0.14687882496940025,0.07343941248470012,0.14687882496940025,9.0,2.0,7.0,8.0,5.0,5.0,8.0,10.0,1.0,0,0.0,0,0.00231,-17.1,-7399.39420164431,-17.060499,0.07343941248470012,5.0,4.0,0.04105669
0022500696,1610612744,Golden State,Warriors,GSW,warriors,1630611,Gui,Santos,G. Santos,gui-santos,,,,25:28,25.466666666666665,7,9,0.778,2,3,0.667,0,1,0.0,1,0,1,1,2,1,0,2,16,-2.0,0022500696,Gui Santos,gui santos,,,2026-01-30,3,0.6282722513089005,0.03926701570680628,0.03926701570680628,0.03926701570680628,0.15706806282722513,3.0,2.0,10.0,8.0,1.0,1.0,4.0,4.0,2.0,0,0.0,0,0.00132,-3.3,-2498.107494322483,-3.295644,0.11780104712041886,1.0,3.0,0.84267
0022500696,1610612744,Golden State,Warriors,GSW,warriors,1627741,Buddy,Hield,B. Hield,buddy-hield,,,,17:08,17.133333333333333,4,10,0.4,2,7,0.286,0,2,0.0,1,3,4,2,0,0,1,2,10,1.0,0022500696,Buddy Hield,buddy hield,,,2026-01-30,0,0.5836575875486382,0.058365758754863814,0.23346303501945526,0.11673151750972763,0.058365758754863814,8.0,2.0,5.0,6.0,7.0,5.0,3.0,8.0,3.0,0,0.0,0,0.0027900000000000004,4.9,1755.6431386599784,4.886329000000001,0.0,9.0,9.0,0.4338237
0022500696,1610612744,Golden State,Warriors,GSW,warriors,1630311,Pat,Spencer,P. Spencer,pat-spencer,,,,8:08,8.133333333333333,0,0,0.0,0,0,0.0,1,2,0.5,0,2,2,3,0,1,0,0,1,7.0,0022500696,Pat Spencer,pat spencer,,,2026-01-30,1,0.12295081967213116,0.0,0.24590163934426232,0.36885245901639346,0.12295081967213116,10.0,9.0,7.0,3.0,7.0,1.0,1.0,11.0,0.0,0,0.0,0,0.0005,41.2,82235.52894211576,41.17940000000001,0.12295081967213116,5.0,5.0,0.029196195
0022500724,1610612744,Golden State,Warriors,GSW,warriors,1630611,Gui,Santos,G. Santos,gui-santos,F,,,26:28,26.466666666666665,5,7,0.714,3,5,0.6,0,0,0.0,0,2,2,3,2,2,1,1,13,-13.0,0022500724,Gui Santos,gui santos,,,2026-02-03,4,0.49118387909319905,0.0,0.07556675062972293,0.11335012594458439,0.15113350125944586,1.0,6.0,6.0,2.0,2.0,1.0,9.0,2.0,3.0,0,0.0,0,0.0014299999999999998,-20.5,-14325.646401118101,-20.470685,0.15113350125944586,1.0,3.0,0.8268853
0022500724,1610612744,Golden State,Warriors,GSW,warriors,203110,Draymond,Green,D. Green,draymond-green,F,,,25:28,25.466666666666665,2,7,0.286,2,7,0.286,0,0,0.0,0,7,7,3,0,0,1,0,6,-27.0,0022500724,Draymond Green,draymond green,,,2026-02-03,0,0.23560209424083772,0.0,0.274869109947644,0.11780104712041886,0.0,9.0,6.0,1.0,2.0,6.0,6.0,12.0,4.0,3.0,0,0.0,0,0.00148,-56.7,-38284.94260634707,-56.616084,0.0,10.0,11.0,0.022271011
0022500724,1610612744,Golden State,Warriors,GSW,warriors,201143,Al,Horford,A. Horford,al-horford,C,,,20:05,20.083333333333332,4,7,0.571,2,4,0.5,0,0,0.0,0,0,0,2,0,1,0,5,10,-27.0,0022500724,Al Horford,al horford,,,2026-02-03,1,0.4979253112033195,0.0,0.0,0.09958506224066391,0.049792531120331954,4.0,6.0,11.0,7.0,6.0,2.0,12.0,8.0,1.0,0,0.0,0,0.0016300000000000002,-67.1,-41140.40465971796,-66.99062699999999,0.049792531120331954,3.0,9.0,0.27947223
0022500724,1610612744,Golden State,Warriors,GSW,warriors,1630541,Moses,Moody,M. Moody,moses-moody,G,,,20:15,20.25,4,8,0.5,4,8,0.5,0,0,0.0,0,2,2,0,1,0,1,3,12,-26.0,0022500724,Moses Moody,moses moody,,,2026-02-03,1,0.5925925925925926,0.0,0.09876543209876543,0.0,0.04938271604938271,3.0,6.0,6.0,11.0,3.0,6.0,11.0,7.0,2.0,0,0.0,0,0.00209,-65.0,-31085.604973696794,-64.86415,0.04938271604938271,3.0,10.0,0.755496
0022500724,1610612744,Golden State,Warriors,GSW,warriors,1641764,Brandin,Podziemski,B. Podziemski,brandin-podziemski,G,,,25:16,25.266666666666666,3,8,0.375,2,5,0.4,0,0,0.0,1,1,2,2,0,1,4,1,8,-22.0,0022500724,Brandin Podziemski,brandin podziemski,,,2026-02-03,1,0.316622691292876,0.0395778364116095,0.079155672823219,0.079155672823219,0.079155672823219,8.0,3.0,6.0,7.0,6.0,2.0,10.0,5.0,3.0,0,0.0,0,0.00231,-38.7,-16745.997403721332,-38.610603000000005,0.0395778364116095,3.0,7.0,0.030115785
0022500724,1610612744,Golden State,Warriors,GSW,warriors,1642954,Will,Richard,W. Richard,will-richard,,,,13:06,13.1,1,3,0.333,1,3,0.333,0,0,0.0,1,1,2,1,0,0,2,0,3,-7.0,0022500724,Will Richard,will richard,,,2026-02-03,0,0.22900763358778625,0.07633587786259542,0.15267175572519084,0.07633587786259542,0.07633587786259542,10.0,3.0,6.0,9.0,6.0,6.0,8.0,10.0,2.0,0,0.0,0,0.00167,-18.8,-11250.748055056853,-18.768604000000003,0.0,10.0,8.0,0.0102649145
0022500724,1610612744,Golden State,Warriors,GSW,warriors,1630311,Pat,Spencer,P. Spencer,pat-spencer,,,,26:06,26.1,5,8,0.625,3,4,0.75,0,0,0.0,3,1,4,3,1,0,5,1,13,4.0,0022500724,Pat Spencer,pat spencer,,,2026-02-03,1,0.49808429118773945,0.11494252873563218,0.1532567049808429,0.11494252873563218,0.1532567049808429,1.0,1.0,3.0,2.0,3.0,6.0,4.0,3.0,1.0,0,0.0,0,0.00228,8.0,3507.2336694432265,7.98176,0.038314176245210725,3.0,2.0,0.5897321
0022500724,1610612744,Golden State,Warriors,GSW,warriors,1629001,De'Anthony,Melton,D. Melton,deanthony-melton,,,,23:48,23.8,5,13,0.385,0,5,0.0,0,0,0.0,2,4,6,6,1,0,2,3,10,9.0,0022500724,De'Anthony Melton,de'anthony melton,,,2026-02-03,1,0.42016806722689076,0.08403361344537814,0.25210084033613445,0.25210084033613445,0.12605042016806722,4.0,2.0,2.0,1.0,3.0,6.0,2.0,6.0,0.0,0,0.0,0,0.0028299999999999996,25.9,9148.710702931827,25.826703,0.04201680672268907,3.0,4.0,0.6787378
0022500724,1610612744,Golden State,Warriors,GSW,warriors,1642366,Quinten,Post,Q. Post,quinten-post,,,,16:34,16.566666666666666,4,6,0.667,2,3,0.667,0,0,0.0,1,3,4,3,0,1,1,0,10,10.0,0022500724,Quinten Post,quinten post,,,2026-02-03,1,0.6036217303822937,0.060362173038229376,0.2414486921529175,0.18108651911468812,0.12072434607645875,4.0,3.0,3.0,2.0,6.0,2.0,1.0,9.0,1.0,0,0.0,0,0.00189,31.3,16552.088841882603,31.240843,0.060362173038229376,3.0,5.0,0.8063162
0022500724,1610612744,Golden State,Warriors,GSW,warriors,1627741,Buddy,Hield,B. Hield,buddy-hield,,,,27:32,27.533333333333335,4,11,0.364,0,4,0.0,1,2,0.5,0,3,3,3,3,0,2,2,9,6.0,0022500724,Buddy Hield,buddy hield,,,2026-02-03,3,0.32687651331719125,0.0,0.1089588377723971,0.1089588377723971,0.1089588377723971,7.0,6.0,5.0,2.0,1.0,6.0,3.0,1.0,4.0,0,0.0,0,0.0023699999999999997,11.3,4765.921552087727,11.273219000000001,0.1089588377723971,2.0,6.0,0.20976193
0022500724,1610612744,Golden State,Warriors,GSW,warriors,1627780,Gary,Payton II,G. Payton II,gary-payton-ii,,,,8:50,8.833333333333334,0,0,0.0,0,0,0.0,0,0,0.0,0,0,0,1,0,0,0,0,0,2.0,0022500724,Gary Payton II,gary payton  ii,,,2026-02-03,0,0.0,0.0,0.0,0.11320754716981131,0.0,11.0,6.0,11.0,9.0,6.0,6.0,5.0,11.0,0.0,0,0.0,0,0.0,17.0,17000000.0,17.0,0.0,10.0,11.0,0.004334096
0022500724,1610612744,Golden State,Warriors,GSW,warriors,1642502,Malevy,Leons,M. Leons,malevy-leons,,,,3:16,3.2666666666666666,0,0,0.0,0,0,0.0,0,0,0.0,0,1,1,0,0,1,1,0,0,-2.0,0022500724,Malevy Leons,malevy leons,,,2026-02-03,1,0.0,0.0,0.30612244897959184,0.0,0.30612244897959184,11.0,6.0,10.0,11.0,6.0,2.0,6.0,12.0,0.0,0,0.0,0,0.00167,-33.3,-19928.18671454219,-33.244389,0.30612244897959184,3.0,1.0,0.006004532
0022500724,1610612744,Golden State,Warriors,GSW,warriors,1631218,Trayce,Jackson-Davis,T. Jackson-Davis,trayce-jackson-davis,,,,3:16,3.2666666666666666,0,0,0.0,0,0,0.0,0,0,0.0,0,0,0,0,0,0,0,0,0,-2.0,0022500724,Trayce Jackson-Davis,trayce jackson-davis,,,2026-02-03,0,0.0,0.0,0.0,0.0,0.0,11.0,6.0,11.0,11.0,6.0,6.0,6.0,12.0,0.0,0,0.0,0,0.0,-33.3,-33300000.0,-33.3,0.0,10.0,11.0,0.003739049
0022500739,1610612744,Golden State,Warriors,GSW,warriors,1630541,Moses,Moody,M. Moody,moses-moody,F,,,30:54,30.9,2,7,0.286,2,7,0.286,0,0,0.0,0,8,8,1,0,1,1,1,6,4.0,0022500739,Moses Moody,moses moody,,,2026-02-05,1,0.1941747572815534,0.0,0.25889967637540456,0.03236245954692557,0.03236245954692557,7.0,6.0,1.0,5.0,6.0,1.0,3.0,3.0,4.0,0,0.0,0,0.0011899999999999999,1.6,1343.4089000839633,1.598096,0.03236245954692557,5.0,8.0,0.09144765
0022500739,1610612744,Golden State,Warriors,GSW,warriors,1630611,Gui,Santos,G. Santos,gui-santos,F,,,35:56,35.93333333333333,6,9,0.667,3,6,0.5,3,5,0.6,0,4,4,7,1,1,4,2,18,2.0,0022500739,Gui Santos,gui santos,,,2026-02-05,2,0.5009276437847867,0.0,0.11131725417439704,0.19480519480519481,0.05565862708719852,2.0,6.0,5.0,1.0,3.0,1.0,5.0,1.0,5.0,0,0.0,0,0.00188,1.3,691.1217437533228,1.2975560000000002,0.05565862708719852,2.0,7.0,0.68672276
0022500739,1610612744,Golden State,Warriors,GSW,warriors,203110,Draymond,Green,D. Green,draymond-green,C,,,24:07,24.116666666666667,1,3,0.333,1,3,0.333,2,2,1.0,0,5,5,1,0,0,1,0,5,-1.0,0022500739,Draymond Green,draymond green,,,2026-02-05,0,0.2073255010366275,0.0,0.2073255010366275,0.0414651002073255,0.0,8.0,6.0,4.0,5.0,6.0,5.0,7.0,7.0,2.0,0,0.0,0,0.001,-4.3,-4295.704295704296,-4.2957,0.0,8.0,9.0,0.010091477
0022500739,1610612744,Golden State,Warriors,GSW,warriors,1630311,Pat,Spencer,P. Spencer,pat-spencer,G,,,32:24,32.4,6,11,0.545,6,10,0.6,2,2,1.0,1,5,6,4,2,0,4,2,20,-3.0,0022500739,Pat Spencer,pat spencer,,,2026-02-05,2,0.617283950617284,0.0308641975308642,0.1851851851851852,0.1234567901234568,0.0925925925925926,1.0,4.0,3.0,2.0,2.0,5.0,9.0,2.0,2.0,0,0.0,0,0.0023899999999999998,-6.9,-2885.821831869511,-6.883509,0.0617283950617284,2.0,5.0,0.8518651
0022500739,1610612744,Golden State,Warriors,GSW,warriors,1629001,De'Anthony,Melton,D. Melton,deanthony-melton,G,,,24:43,24.716666666666665,6,14,0.429,2,9,0.222,3,4,0.75,0,2,2,1,3,0,2,1,17,21.0,0022500739,De'Anthony Melton,de'anthony melton,,,2026-02-05,3,0.6877950101146325,0.0,0.08091706001348618,0.04045853000674309,0.12137559002022927,3.0,6.0,9.0,5.0,1.0,5.0,1.0,6.0,3.0,0,0.0,0,0.0034000000000000002,42.0,12349.309026756835,41.8572,0.12137559002022927,1.0,3.0,0.78965104
0022500739,1610612744,Golden State,Warriors,GSW,warriors,1627780,Gary,Payton II,G. Payton II,gary-payton-ii,,,,18:49,18.816666666666666,6,11,0.545,3,6,0.5,0,0,0.0,3,5,8,1,1,1,0,1,15,4.0,0022500739,Gary Payton II,gary payton  ii,,,2026-02-05,2,0.7971656333038087,0.15943312666076173,0.42515500442869797,0.053144375553587246,0.2657218777679362,4.0,1.0,1.0,5.0,3.0,1.0,3.0,8.0,1.0,0,0.0,0,0.0023899999999999998,8.0,3345.8803847762442,7.98088,0.10628875110717449,2.0,1.0,0.8513763
0022500739,1610612744,Golden State,Warriors,GSW,warriors,1641764,Brandin,Podziemski,B. Podziemski,brandin-podziemski,,,,12:11,12.183333333333334,0,3,0.0,0,3,0.0,0,0,0.0,1,2,3,1,0,0,1,1,0,-21.0,0022500739,Brandin Podziemski,brandin podziemski,,,2026-02-05,0,0.0,0.08207934336525308,0.24623803009575923,0.08207934336525308,0.08207934336525308,9.0,4.0,7.0,5.0,6.0,5.0,10.0,9.0,,1,,1,0.0014299999999999998,-91.3,-63801.53738644306,-91.16944099999999,0.0,8.0,6.0,0.004561127
0022500739,1610612744,Golden State,Warriors,GSW,warriors,201143,Al,Horford,A. Horford,al-horford,,,,27:56,27.933333333333334,4,10,0.4,2,5,0.4,3,5,0.6,2,2,4,4,0,1,2,1,13,0.0,0022500739,Al Horford,al horford,,,2026-02-05,1,0.46539379474940334,0.07159904534606205,0.1431980906921241,0.1431980906921241,0.10739856801909307,5.0,3.0,5.0,2.0,6.0,1.0,6.0,4.0,1.0,0,0.0,0,0.00212,-2.0,-942.951438000943,-1.99576,0.03579952267303103,5.0,4.0,0.45327148
0022500739,1610612744,Golden State,Warriors,GSW,warriors,1642954,Will,Richard,W. Richard,will-richard,,,,27:17,27.283333333333335,2,6,0.333,1,4,0.25,2,2,1.0,3,0,3,2,1,0,0,2,7,16.0,0022500739,Will Richard,will richard,,,2026-02-05,1,0.2565668906536347,0.10995723885155773,0.10995723885155773,0.07330482590103848,0.14660965180207697,6.0,1.0,7.0,4.0,3.0,5.0,2.0,5.0,2.0,0,0.0,0,0.00113,24.6,21750.66312997348,24.572202,0.03665241295051924,5.0,2.0,0.26893556
0022500739,1610612744,Golden State,Warriors,GSW,warriors,1642366,Quinten,Post,Q. Post,quinten-post,,,,5:43,5.716666666666667,0,2,0.0,0,2,0.0,0,0,0.0,0,2,2,1,0,0,0,1,0,-2.0,0022500739,Quinten Post,quinten post,,,2026-02-05,0,0.0,0.0,0.3498542274052478,0.1749271137026239,0.0,9.0,6.0,9.0,5.0,6.0,5.0,8.0,10.0,0.0,0,0.0,0,0.00133,-30.0,-22539.444027047335,-29.960099999999997,0.0,8.0,9.0,0.002437361
0022500753,1610612744,Golden State,Warriors,GSW,warriors,1630541,Moses,Moody,M. Moody,moses-moody,F,,,39:13,39.21666666666667,8,17,0.471,5,14,0.357,4,5,0.8,1,3,4,2,3,1,0,4,25,5.0,0022500753,Moses Moody,moses moody,,,2026-02-07,4,0.6374840628984275,0.0254993625159371,0.1019974500637484,0.0509987250318742,0.1274968125796855,1.0,4.0,5.0,5.0,2.0,2.0,2.0,1.0,3.0,0,0.0,0,0.00207,6.3,3042.008691453404,6.2869589999999995,0.1019974500637484,2.0,5.0,0.88005584
0022500753,1610612744,Golden State,Warriors,GSW,warriors,1630611,Gui,Santos,G. Santos,gui-santos,F,,,26:19,26.316666666666666,6,12,0.5,1,4,0.25,2,4,0.5,2,6,8,3,1,0,0,5,15,-4.0,0022500753,Gui Santos,gui santos,,,2026-02-07,1,0.5699810006333123,0.0759974667511083,0.3039898670044332,0.11399620012666245,0.11399620012666245,2.0,3.0,1.0,4.0,5.0,3.0,5.0,5.0,2.0,0,0.0,0,0.00213,-7.4,-3472.5480994838103,-7.384238000000001,0.03799873337555415,6.0,6.0,0.7790496
0022500753,1610612744,Golden State,Warriors,GSW,warriors,203110,Draymond,Green,D. Green,draymond-green,C,,,33:24,33.4,3,9,0.333,2,6,0.333,1,2,0.5,0,4,4,6,1,0,2,5,9,11.0,0022500753,Draymond Green,draymond green,,,2026-02-07,1,0.2694610778443114,0.0,0.11976047904191617,0.17964071856287425,0.029940119760479042,6.0,6.0,5.0,2.0,5.0,3.0,1.0,3.0,2.0,0,0.0,0,0.00148,14.2,9588.116137744768,14.178983999999998,0.029940119760479042,6.0,8.0,0.15343368
0022500753,1610612744,Golden State,Warriors,GSW,warriors,1629001,De'Anthony,Melton,D. Melton,deanthony-melton,G,,,23:36,23.6,2,10,0.2,1,6,0.167,0,0,0.0,0,0,0,1,5,0,3,1,5,-13.0,0022500753,De'Anthony Melton,de'anthony melton,,,2026-02-07,5,0.211864406779661,0.0,0.0,0.0423728813559322,0.211864406779661,7.0,6.0,9.0,6.0,1.0,3.0,9.0,6.0,3.0,0,0.0,0,0.0023599999999999997,-20.6,-8725.116476069463,-20.551384000000002,0.211864406779661,1.0,2.0,0.022854997
0022500753,1610612744,Golden State,Warriors,GSW,warriors,1630311,Pat,Spencer,P. Spencer,pat-spencer,G,,,28:09,28.15,6,12,0.5,2,5,0.4,0,0,0.0,1,4,5,7,1,0,1,3,14,0.0,0022500753,Pat Spencer,pat spencer,,,2026-02-07,1,0.49733570159857904,0.03552397868561279,0.17761989342806395,0.24866785079928952,0.07104795737122559,3.0,4.0,3.0,1.0,5.0,3.0,4.0,4.0,2.0,0,0.0,0,0.002,-3.6,-1799.1004497751123,-3.5928,0.03552397868561279,6.0,7.0,0.6393429
0022500753,1610612744,Golden State,Warriors,GSW,warriors,1627780,Gary,Payton II,G. Payton II,gary-payton-ii,,,,18:15,18.25,6,8,0.75,1,2,0.5,0,0,0.0,3,2,5,1,2,0,1,3,13,-4.0,0022500753,Gary Payton II,gary payton  ii,,,2026-02-07,2,0.7123287671232876,0.1643835616438356,0.273972602739726,0.0547945205479452,0.273972602739726,5.0,1.0,3.0,6.0,3.0,3.0,5.0,8.0,2.0,0,0.0,0,0.0022500000000000003,-5.6,-2487.783207463349,-5.5874,0.1095890410958904,4.0,1.0,0.80564195
0022500753,1610612744,Golden State,Warriors,GSW,warriors,1641764,Brandin,Podziemski,B. Podziemski,brandin-podziemski,,,,33:29,33.483333333333334,6,15,0.4,2,7,0.286,0,0,0.0,3,3,6,4,2,0,1,1,14,5.0,0022500753,Brandin Podziemski,brandin podziemski,,,2026-02-07,2,0.4181184668989547,0.08959681433549029,0.17919362867098057,0.11946241911398706,0.1493280238924838,3.0,1.0,2.0,3.0,3.0,3.0,2.0,2.0,1.0,0,0.0,0,0.0020499999999999997,7.2,3510.4826913700635,7.18524,0.05973120955699353,4.0,3.0,0.4698976
0022500753,1610612744,Golden State,Warriors,GSW,warriors,201143,Al,Horford,A. Horford,al-horford,,,,22:35,22.583333333333332,2,6,0.333,0,4,0.0,0,0,0.0,0,4,4,0,1,2,3,0,4,-11.0,0022500753,Al Horford,al horford,,,2026-02-07,3,0.1771217712177122,0.0,0.1771217712177122,0.0,0.13284132841328414,8.0,6.0,5.0,9.0,5.0,1.0,8.0,7.0,1.0,0,0.0,0,0.0017000000000000001,-28.1,-16519.694297472077,-28.05223,0.13284132841328414,3.0,4.0,0.01531821
0022500753,1610612744,Golden State,Warriors,GSW,warriors,1642954,Will,Richard,W. Richard,will-richard,,,,10:22,10.366666666666667,0,2,0.0,0,2,0.0,0,0,0.0,0,0,0,1,0,0,1,1,0,-13.0,0022500753,Will Richard,will richard,,,2026-02-07,0,0.0,0.0,0.0,0.09646302250803858,0.0,9.0,6.0,9.0,6.0,9.0,3.0,9.0,9.0,,1,,1,0.0015,-56.1,-37375.083277814796,-56.01585000000001,0.0,9.0,9.0,0.0027019111
0022500753,1610612744,Golden State,Warriors,GSW,warriors,1642366,Quinten,Post,Q. Post,quinten-post,,,,4:38,4.633333333333333,0,1,0.0,0,1,0.0,0,0,0.0,0,1,1,0,0,0,0,2,0,-6.0,0022500753,Quinten Post,quinten post,,,2026-02-07,0,0.0,0.0,0.21582733812949642,0.0,0.0,9.0,6.0,8.0,9.0,9.0,3.0,7.0,10.0,,1,,1,0.001,-58.3,-58241.758241758245,-58.241699999999994,0.0,9.0,9.0,0.0030899432
0022500768,1610612744,Golden State,Warriors,GSW,warriors,1630541,Moses,Moody,M. Moody,moses-moody,F,,,27:42,27.7,3,5,0.6,1,3,0.333,8,9,0.889,0,1,1,3,2,0,3,1,15,-8.0,0022500768,Moses Moody,moses moody,,,2026-02-09,2,0.5415162454873647,0.0,0.036101083032490974,0.10830324909747292,0.07220216606498195,5.0,7.0,9.0,4.0,2.0,2.0,8.0,4.0,4.0,0,0.0,0,0.00169,-11.4,-6741.573033707866,-11.380734,0.07220216606498195,2.0,5.0,0.18954311
0022500768,1610612744,Golden State,Warriors,GSW,warriors,1630611,Gui,Santos,G. Santos,gui-santos,F,,,29:50,29.833333333333332,7,10,0.7,1,3,0.333,1,1,1.0,1,7,8,2,1,0,4,3,16,11.0,0022500768,Gui Santos,gui santos,,,2026-02-09,1,0.5363128491620112,0.0335195530726257,0.2681564245810056,0.0670391061452514,0.0670391061452514,2.0,3.0,2.0,5.0,5.0,2.0,2.0,3.0,3.0,0,0.0,0,0.00182,13.4,7358.594179022516,13.375612,0.0335195530726257,5.0,7.0,0.8427684
0022500768,1610612744,Golden State,Warriors,GSW,warriors,203110,Draymond,Green,D. Green,draymond-green,C,,,23:33,23.55,5,7,0.714,4,6,0.667,0,0,0.0,1,3,4,2,2,0,7,2,14,-17.0,0022500768,Draymond Green,draymond green,,,2026-02-09,2,0.5944798301486199,0.04246284501061571,0.16985138004246284,0.08492569002123142,0.12738853503184713,6.0,3.0,3.0,5.0,2.0,2.0,10.0,8.0,1.0,0,0.0,0,0.00255,-35.1,-13759.310074480594,-35.010495,0.08492569002123142,2.0,3.0,0.43175998
0022500768,1610612744,Golden State,Warriors,GSW,warriors,1629001,De'Anthony,Melton,D. Melton,deanthony-melton,G,,,25:27,25.45,3,11,0.273,0,3,0.0,4,4,1.0,0,3,3,2,0,0,2,1,10,-1.0,0022500768,De'Anthony Melton,de'anthony melton,,,2026-02-09,0,0.39292730844793716,0.0,0.11787819253438114,0.07858546168958742,0.0,7.0,7.0,7.0,5.0,8.0,2.0,6.0,6.0,2.0,0,0.0,0,0.0025,-5.8,-2319.072371051579,-5.7855,0.0,8.0,9.0,0.07672769
0022500768,1610612744,Golden State,Warriors,GSW,warriors,1630311,Pat,Spencer,P. Spencer,pat-spencer,G,,,31:44,31.733333333333334,8,13,0.615,1,5,0.2,0,2,0.0,1,2,3,7,2,0,2,2,17,-15.0,0022500768,Pat Spencer,pat spencer,,,2026-02-09,2,0.5357142857142857,0.031512605042016806,0.09453781512605042,0.22058823529411764,0.09453781512605042,1.0,3.0,7.0,1.0,2.0,2.0,9.0,2.0,2.0,0,0.0,0,0.00197,-22.1,-11212.582445459158,-22.056463,0.06302521008403361,2.0,4.0,0.8453917
0022500768,1610612744,Golden State,Warriors,GSW,warriors,1642954,Will,Richard,W. Richard,will-richard,,,,14:54,14.9,1,1,1.0,1,1,1.0,0,0,0.0,1,3,4,0,0,0,2,5,3,-6.0,0022500768,Will Richard,will richard,,,2026-02-09,0,0.20134228187919462,0.06711409395973154,0.2684563758389262,0.0,0.06711409395973154,9.0,3.0,3.0,10.0,8.0,2.0,7.0,9.0,0.0,0,0.0,0,0.00086,-23.1,-26829.26829268293,-23.080134,0.0,8.0,6.0,0.018208582
0022500768,1610612744,Golden State,Warriors,GSW,warriors,201143,Al,Horford,A. Horford,al-horford,,,,26:20,26.333333333333332,7,12,0.583,1,3,0.333,1,1,1.0,3,6,9,6,1,0,0,0,16,24.0,0022500768,Al Horford,al horford,,,2026-02-09,1,0.6075949367088608,0.1139240506329114,0.34177215189873417,0.2278481012658228,0.1518987341772152,2.0,1.0,1.0,2.0,5.0,2.0,1.0,5.0,0.0,0,0.0,0,0.00179,40.5,22613.06532663317,40.427505000000004,0.0379746835443038,5.0,2.0,0.91462636
0022500768,1610612744,Golden State,Warriors,GSW,warriors,1641764,Brandin,Podziemski,B. Podziemski,brandin-podziemski,,,,31:53,31.883333333333333,7,15,0.467,1,6,0.167,1,2,0.5,0,4,4,5,1,0,1,0,16,9.0,0022500768,Brandin Podziemski,brandin podziemski,,,2026-02-09,1,0.5018295870360691,0.0,0.12545739675901726,0.15682174594877157,0.031364349189754316,2.0,7.0,3.0,3.0,5.0,2.0,3.0,1.0,2.0,0,1.0,0,0.0022400000000000002,15.0,6693.440428380186,14.9664,0.031364349189754316,5.0,8.0,0.5995016
0022500768,1610612744,Golden State,Warriors,GSW,warriors,1627780,Gary,Payton II,G. Payton II,gary-payton-ii,,,,23:39,23.65,3,9,0.333,1,3,0.333,0,0,0.0,3,1,4,2,3,1,1,2,7,6.0,0022500768,Gary Payton II,gary payton  ii,,,2026-02-09,4,0.2959830866807611,0.12684989429175478,0.16913319238900634,0.08456659619450317,0.2959830866807611,8.0,1.0,3.0,5.0,1.0,1.0,4.0,7.0,5.0,0,0.0,0,0.00169,7.3,4316.972205795387,7.287663,0.16913319238900634,1.0,1.0,0.25406262
0022500768,1610612744,Golden State,Warriors,GSW,warriors,1642366,Quinten,Post,Q. Post,quinten-post,,,,4:58,4.966666666666667,0,0,0.0,0,0,0.0,0,0,0.0,0,0,0,2,0,0,1,1,0,2.0,0022500768,Quinten Post,quinten post,,,2026-02-09,0,0.0,0.0,0.0,0.40268456375838924,0.0,10.0,7.0,10.0,5.0,8.0,2.0,5.0,10.0,0.0,0,0.0,0,0.00091,18.2,19978.046103183315,18.183438,0.0,8.0,9.0,0.003948063
0022500788,1610612744,Golden State,Warriors,GSW,warriors,1630541,Moses,Moody,M. Moody,moses-moody,F,,,35:01,35.016666666666666,6,12,0.5,3,8,0.375,2,2,1.0,1,3,4,2,0,0,0,5,17,-3.0,0022500788,Moses Moody,moses moody,,,2026-02-11,0,0.4854831032841504,0.028557829604950024,0.1142313184198001,0.05711565920990005,0.028557829604950024,1.0,4.0,4.0,6.0,4.0,2.0,4.0,2.0,1.0,0,0.0,0,0.00153,-5.9,-3853.6903984323976,-5.890973,0.0,4.0,7.0,0.5517897
0022500788,1610612744,Golden State,Warriors,GSW,warriors,1630611,Gui,Santos,G. Santos,gui-santos,F,,,29:46,29.766666666666666,4,11,0.364,0,3,0.0,1,2,0.5,3,2,5,6,4,0,2,5,9,-1.0,0022500788,Gui Santos,gui santos,,,2026-02-11,4,0.3023516237402016,0.1007838745800672,0.167973124300112,0.2015677491601344,0.23516237402015677,7.0,1.0,2.0,3.0,1.0,2.0,3.0,4.0,1.0,0,0.0,0,0.00203,-3.7,-1821.7626784835056,-3.692489,0.1343784994400896,1.0,1.0,0.47170025
0022500788,1610612744,Golden State,Warriors,GSW,warriors,203110,Draymond,Green,D. Green,draymond-green,C,,,29:42,29.7,6,14,0.429,2,8,0.25,3,4,0.75,2,10,12,8,0,0,2,4,17,-5.0,0022500788,Draymond Green,draymond green,,,2026-02-11,0,0.5723905723905724,0.06734006734006734,0.40404040404040403,0.26936026936026936,0.06734006734006734,1.0,2.0,1.0,1.0,4.0,2.0,5.0,5.0,2.0,0,0.0,0,0.0022400000000000002,-7.8,-3480.589022757697,-7.782528,0.0,4.0,5.0,0.8358555
0022500788,1610612744,Golden State,Warriors,GSW,warriors,1629001,De'Anthony,Melton,D. Melton,deanthony-melton,G,,,25:06,25.1,6,7,0.857,5,6,0.833,0,0,0.0,0,3,3,7,0,0,2,2,17,12.0,0022500788,De'Anthony Melton,de'anthony melton,,,2026-02-11,0,0.6772908366533864,0.0,0.1195219123505976,0.2788844621513944,0.0,1.0,7.0,7.0,2.0,4.0,2.0,1.0,7.0,1.0,0,0.0,0,0.0014299999999999998,13.9,9713.487071977639,13.880123,0.0,4.0,8.0,0.9201297
0022500788,1610612744,Golden State,Warriors,GSW,warriors,1630311,Pat,Spencer,P. Spencer,pat-spencer,G,,,30:38,30.633333333333333,4,11,0.364,0,2,0.0,1,2,0.5,1,3,4,4,0,0,2,1,9,-14.0,0022500788,Pat Spencer,pat spencer,,,2026-02-11,0,0.29379760609357997,0.03264417845484222,0.1305767138193689,0.1305767138193689,0.03264417845484222,7.0,4.0,4.0,5.0,4.0,2.0,7.0,3.0,2.0,0,0.0,0,0.00184,-23.6,-12819.120043454644,-23.556576000000003,0.0,4.0,6.0,0.081005886
0022500788,1610612744,Golden State,Warriors,GSW,warriors,1641764,Brandin,Podziemski,B. Podziemski,brandin-podziemski,,,,35:57,35.95,5,12,0.417,1,4,0.25,5,5,1.0,2,3,5,2,1,0,1,1,16,-27.0,0022500788,Brandin Podziemski,brandin podziemski,,,2026-02-11,1,0.4450625869262865,0.05563282336578581,0.13908205841446453,0.05563282336578581,0.08344923504867871,4.0,2.0,2.0,6.0,2.0,2.0,9.0,1.0,4.0,0,0.0,0,0.0017000000000000001,-40.2,-23633.1569664903,-40.131660000000004,0.027816411682892905,3.0,3.0,0.39788032
0022500788,1610612744,Golden State,Warriors,GSW,warriors,201143,Al,Horford,A. Horford,al-horford,,,,26:24,26.4,3,7,0.429,0,4,0.0,0,0,0.0,0,4,4,1,0,0,1,1,6,-16.0,0022500788,Al Horford,al horford,,,2026-02-11,0,0.2272727272727273,0.0,0.15151515151515152,0.03787878787878788,0.0,9.0,7.0,4.0,9.0,4.0,2.0,8.0,6.0,2.0,0,0.0,0,0.00127,-35.5,-27930.76317859953,-35.454915,0.0,4.0,8.0,0.019779367
0022500788,1610612744,Golden State,Warriors,GSW,warriors,1627780,Gary,Payton II,G. Payton II,gary-payton-ii,,,,14:21,14.35,4,11,0.364,2,7,0.286,0,0,0.0,0,0,0,5,1,1,1,2,10,-12.0,0022500788,Gary Payton II,gary payton  ii,,,2026-02-11,2,0.6968641114982579,0.0,0.0,0.34843205574912894,0.13937282229965156,6.0,7.0,9.0,4.0,2.0,1.0,6.0,8.0,2.0,0,0.0,0,0.00333,-41.8,-12548.784148904231,-41.660805999999994,0.13937282229965156,2.0,2.0,0.39382753
0022500788,1610612744,Golden State,Warriors,GSW,warriors,1642366,Quinten,Post,Q. Post,quinten-post,,,,13:06,13.1,4,6,0.667,3,5,0.6,1,2,0.5,1,2,3,2,0,0,0,3,12,1.0,0022500788,Quinten Post,quinten post,,,2026-02-11,0,0.916030534351145,0.07633587786259542,0.22900763358778625,0.15267175572519084,0.07633587786259542,5.0,4.0,7.0,6.0,4.0,2.0,2.0,9.0,0.0,0,0.0,0,0.00233,-1.2,-514.8005148005147,-1.197204,0.0,4.0,4.0,0.82081366
0022500799,1610612744,Golden State,Warriors,GSW,warriors,1630541,Moses,Moody,M. Moody,moses-moody,F,,,22:43,22.716666666666665,4,9,0.444,3,7,0.429,0,2,0.0,1,2,3,2,0,0,1,1,11,-27.0,0022500799,Moses Moody,moses moody,,,2026-02-19,0,0.48422597212032287,0.04402054292002935,0.13206162876008806,0.0880410858400587,0.04402054292002935,6.0,4.0,5.0,5.0,7.0,5.0,9.0,7.0,2.0,0,0.0,0,0.00208,-52.4,-25180.20182604517,-52.291008,0.0,9.0,8.0,0.1288308
0022500799,1610612744,Golden State,Warriors,GSW,warriors,1630611,Gui,Santos,G. Santos,gui-santos,F,,,31:58,31.966666666666665,6,14,0.429,5,9,0.556,0,0,0.0,3,3,6,2,2,0,0,4,17,8.0,0022500799,Gui Santos,gui santos,,,2026-02-19,2,0.5318039624608968,0.09384775808133473,0.18769551616266947,0.06256517205422316,0.15641293013555788,2.0,1.0,3.0,5.0,1.0,5.0,2.0,1.0,4.0,0,0.0,0,0.00187,10.4,5558.524853019776,10.380552,0.06256517205422316,1.0,3.0,0.9078524
0022500799,1610612744,Golden State,Warriors,GSW,warriors,203110,Draymond,Green,D. Green,draymond-green,C,,,18:33,18.55,0,7,0.0,0,5,0.0,0,0,0.0,0,2,2,3,0,0,1,0,0,-28.0,0022500799,Draymond Green,draymond green,,,2026-02-19,0,0.0,0.0,0.10781671159029649,0.16172506738544473,0.0,10.0,8.0,8.0,4.0,7.0,5.0,10.0,8.0,0.0,0,0.0,0,0.0019500000000000001,-71.6,-36699.12865197334,-71.46038,0.0,9.0,10.0,0.00423525
0022500799,1610612744,Golden State,Warriors,GSW,warriors,1629001,De'Anthony,Melton,D. Melton,deanthony-melton,G,,,25:10,25.166666666666668,7,13,0.538,2,6,0.333,2,4,0.5,0,3,3,1,1,0,2,2,18,-3.0,0022500799,De'Anthony Melton,de'anthony melton,,,2026-02-19,1,0.7152317880794702,0.0,0.11920529801324503,0.03973509933774834,0.03973509933774834,1.0,8.0,5.0,9.0,3.0,5.0,5.0,5.0,3.0,0,0.0,0,0.0028100000000000004,-3.4,-1209.5339736748485,-3.390446,0.03973509933774834,5.0,9.0,0.86238456
0022500799,1610612744,Golden State,Warriors,GSW,warriors,1630311,Pat,Spencer,P. Spencer,pat-spencer,G,,,26:42,26.7,2,7,0.286,1,3,0.333,0,0,0.0,1,1,2,7,2,0,0,0,5,-4.0,0022500799,Pat Spencer,pat spencer,,,2026-02-19,2,0.18726591760299627,0.03745318352059925,0.0749063670411985,0.2621722846441948,0.11235955056179775,8.0,4.0,8.0,1.0,1.0,5.0,6.0,4.0,4.0,0,0.0,0,0.00123,-0.5,-406.1738424045492,-0.499385,0.0749063670411985,1.0,4.0,0.058198288
0022500799,1610612744,Golden State,Warriors,GSW,warriors,1641764,Brandin,Podziemski,B. Podziemski,brandin-podziemski,,,,27:15,27.25,5,8,0.625,1,3,0.333,0,0,0.0,1,6,7,6,1,1,0,0,11,0.0,0022500799,Brandin Podziemski,brandin podziemski,,,2026-02-19,2,0.4036697247706422,0.03669724770642202,0.25688073394495414,0.22018348623853212,0.11009174311926606,6.0,4.0,2.0,2.0,3.0,1.0,4.0,3.0,1.0,0,0.0,0,0.00121,-1.8,-1486.3748967795214,-1.797822,0.07339449541284404,1.0,5.0,0.62254703
0022500799,1610612744,Golden State,Warriors,GSW,warriors,201143,Al,Horford,A. Horford,al-horford,,,,27:32,27.533333333333335,2,10,0.2,1,6,0.167,0,0,0.0,1,7,8,4,0,1,2,1,5,1.0,0022500799,Al Horford,al horford,,,2026-02-19,1,0.18159806295399514,0.03631961259079903,0.29055690072639223,0.14527845036319612,0.07263922518159806,8.0,4.0,1.0,3.0,7.0,1.0,3.0,2.0,0.0,0,0.0,0,0.0017599999999999998,-2.0,-1135.718341851221,-1.99648,0.03631961259079903,5.0,6.0,0.054466296
0022500799,1610612744,Golden State,Warriors,GSW,warriors,1627780,Gary,Payton II,G. Payton II,gary-payton-ii,,,,18:28,18.466666666666665,6,8,0.75,2,4,0.5,0,0,0.0,2,1,3,2,1,0,0,0,14,15.0,0022500799,Gary Payton II,gary payton  ii,,,2026-02-19,1,0.7581227436823106,0.10830324909747294,0.1624548736462094,0.10830324909747294,0.1624548736462094,4.0,2.0,5.0,5.0,3.0,5.0,1.0,9.0,4.0,0,0.0,0,0.00178,40.6,22796.181920269515,40.527732,0.05415162454873647,5.0,2.0,0.91389066
0022500799,1610612744,Golden State,Warriors,GSW,warriors,1642954,Will,Richard,W. Richard,will-richard,,,,24:24,24.4,6,11,0.545,3,7,0.429,2,2,1.0,2,3,5,2,1,1,0,3,17,-13.0,0022500799,Will Richard,will richard,,,2026-02-19,2,0.6967213114754098,0.0819672131147541,0.20491803278688525,0.0819672131147541,0.1639344262295082,2.0,2.0,4.0,5.0,3.0,1.0,8.0,6.0,3.0,0,0.0,0,0.00203,-26.9,-13244.707040866566,-26.845392999999998,0.0819672131147541,1.0,1.0,0.88655645
0022500799,1610612744,Golden State,Warriors,GSW,warriors,204001,Kristaps,Porziņģis,K. Porziņģis,kristaps-porziņģis,,,,17:15,17.25,5,9,0.556,2,5,0.4,0,0,0.0,0,1,1,1,0,1,2,0,12,-4.0,0022500799,Kristaps Porziņģis,kristaps porziņģis,,,2026-02-19,1,0.6956521739130435,0.0,0.057971014492753624,0.057971014492753624,0.057971014492753624,5.0,8.0,10.0,9.0,7.0,1.0,6.0,10.0,1.0,0,0.0,0,0.00297,-11.4,-3837.091888253113,-11.366142,0.057971014492753624,5.0,7.0,0.64579654
0022500820,1610612744,Golden State,Warriors,GSW,warriors,1630541,Moses,Moody,M. Moody,moses-moody,F,,,35:13,35.21666666666667,9,16,0.563,4,9,0.444,1,1,1.0,1,6,7,5,1,0,2,3,23,5.0,0022500820,Moses Moody,moses moody,,,2026-02-22,1,0.65309985802177,0.02839564600094652,0.19876952200662565,0.1419782300047326,0.05679129200189304,1.0,3.0,2.0,4.0,4.0,2.0,5.0,2.0,2.0,0,0.0,0,0.00198,6.3,3180.2120141342753,6.287526,0.02839564600094652,4.0,7.0,0.8349599
0022500820,1610612744,Golden State,Warriors,GSW,warriors,1630611,Gui,Santos,G. Santos,gui-santos,F,,,27:47,27.783333333333335,6,7,0.857,2,3,0.667,3,4,0.75,1,4,5,7,1,0,2,5,17,5.0,0022500820,Gui Santos,gui santos,,,2026-02-22,1,0.611877624475105,0.035992801439712056,0.1799640071985603,0.2519496100779844,0.07198560287942411,5.0,3.0,4.0,2.0,4.0,2.0,5.0,4.0,2.0,0,0.0,0,0.00157,12.0,7638.446849140675,11.981160000000001,0.035992801439712056,4.0,6.0,0.79982877
0022500820,1610612744,Golden State,Warriors,GSW,warriors,201143,Al,Horford,A. Horford,al-horford,C,,,26:59,26.983333333333334,8,11,0.727,6,7,0.857,0,0,0.0,0,1,1,7,3,2,2,0,22,14.0,0022500820,Al Horford,al horford,,,2026-02-22,5,0.8153180975911056,0.0,0.03705991352686844,0.25941939468807906,0.1852995676343422,2.0,7.0,8.0,2.0,2.0,1.0,2.0,5.0,3.0,0,0.0,0,0.00194,26.6,13704.276146316332,26.548396,0.1852995676343422,1.0,2.0,0.9213213
0022500820,1610612744,Golden State,Warriors,GSW,warriors,1629001,De'Anthony,Melton,D. Melton,deanthony-melton,G,,,24:59,24.983333333333334,7,18,0.389,2,10,0.2,4,4,1.0,1,3,4,2,4,0,0,2,20,6.0,0022500820,De'Anthony Melton,de'anthony melton,,,2026-02-22,4,0.800533689126084,0.0400266844563042,0.1601067378252168,0.0800533689126084,0.200133422281521,3.0,3.0,5.0,8.0,1.0,2.0,4.0,6.0,7.0,0,0.0,0,0.0032300000000000002,13.0,4023.522129371711,12.95801,0.1601067378252168,2.0,1.0,0.67590857
0022500820,1610612744,Golden State,Warriors,GSW,warriors,1630311,Pat,Spencer,P. Spencer,pat-spencer,G,,,18:34,18.566666666666666,1,3,0.333,0,2,0.0,0,0,0.0,0,0,0,5,1,0,2,4,2,-7.0,0022500820,Pat Spencer,pat spencer,,,2026-02-22,1,0.10771992818671454,0.0,0.0,0.26929982046678635,0.05385996409335727,8.0,7.0,9.0,4.0,4.0,2.0,9.0,9.0,1.0,0,0.0,0,0.00111,-10.7,-9630.96309630963,-10.688123,0.05385996409335727,4.0,8.0,0.009300307
0022500820,1610612744,Golden State,Warriors,GSW,warriors,1627780,Gary,Payton II,G. Payton II,gary-payton-ii,,,,19:23,19.383333333333333,6,11,0.545,3,8,0.375,0,0,0.0,1,2,3,0,2,0,3,2,15,4.0,0022500820,Gary Payton II,gary payton  ii,,,2026-02-22,2,0.7738607050730869,0.051590713671539126,0.15477214101461736,0.0,0.15477214101461736,6.0,3.0,6.0,9.0,3.0,2.0,7.0,8.0,3.0,0,0.0,0,0.00311,16.7,5368.048858887817,16.648063,0.10318142734307825,3.0,3.0,0.5888367
0022500820,1610612744,Golden State,Warriors,GSW,warriors,1641764,Brandin,Podziemski,B. Podziemski,brandin-podziemski,,,,36:34,36.56666666666667,7,16,0.438,3,7,0.429,1,1,1.0,3,12,15,9,1,0,3,2,18,19.0,0022500820,Brandin Podziemski,brandin podziemski,,,2026-02-22,1,0.4922515952597994,0.0820419325432999,0.4102096627164995,0.2461257976298997,0.10938924339106654,4.0,1.0,1.0,1.0,4.0,2.0,1.0,1.0,2.0,0,0.0,0,0.002,22.0,10994.502748625686,21.956,0.027347310847766634,4.0,4.0,0.8408839
0022500820,1610612744,Golden State,Warriors,GSW,warriors,1642366,Quinten,Post,Q. Post,quinten-post,,,,20:57,20.95,0,3,0.0,0,2,0.0,0,0,0.0,2,5,7,4,0,0,1,3,0,-1.0,0022500820,Quinten Post,quinten post,,,2026-02-22,0,0.0,0.0954653937947494,0.3341288782816229,0.1909307875894988,0.0954653937947494,9.0,2.0,2.0,6.0,9.0,2.0,8.0,7.0,0.0,0,0.0,0,0.00075,-2.2,-2929.4274300932093,-2.19835,0.0,9.0,5.0,0.020643424
0022500820,1610612744,Golden State,Warriors,GSW,warriors,1642954,Will,Richard,W. Richard,will-richard,,,,29:34,29.566666666666666,4,9,0.444,1,4,0.25,2,2,1.0,0,2,2,3,1,0,0,3,11,10.0,0022500820,Will Richard,will richard,,,2026-02-22,1,0.37204058624577224,0.0,0.06764374295377677,0.10146561443066517,0.033821871476888386,7.0,7.0,7.0,7.0,4.0,2.0,3.0,3.0,2.0,0,0.0,0,0.00133,18.1,13598.79789631856,18.075927,0.033821871476888386,4.0,9.0,0.4414241
0022500838,1610612744,Golden State,Warriors,GSW,warriors,1630541,Moses,Moody,M. Moody,moses-moody,F,,,34:00,34.0,7,13,0.538,4,10,0.4,6,8,0.75,2,3,5,3,0,0,1,5,24,13.0,0022500838,Moses Moody,moses moody,,,2026-02-24,0,0.7058823529411765,0.058823529411764705,0.14705882352941177,0.08823529411764706,0.058823529411764705,2.0,5.0,5.0,4.0,6.0,4.0,1.0,2.0,5.0,0,0.0,0,0.00183,18.2,9939.9235390497,18.166694,0.0,8.0,8.0,0.8760902
0022500838,1610612744,Golden State,Warriors,GSW,warriors,1630611,Gui,Santos,G. Santos,gui-santos,F,,,39:20,39.333333333333336,6,13,0.462,1,4,0.25,2,2,1.0,4,8,12,4,2,3,6,5,15,-7.0,0022500838,Gui Santos,gui santos,,,2026-02-24,5,0.3813559322033898,0.10169491525423728,0.30508474576271183,0.10169491525423728,0.22881355932203387,4.0,2.0,2.0,2.0,1.0,1.0,6.0,1.0,2.0,0,1.0,0,0.00189,-6.7,-3543.098889476468,-6.687337,0.1271186440677966,1.0,1.0,0.6798927
0022500838,1610612744,Golden State,Warriors,GSW,warriors,203110,Draymond,Green,D. Green,draymond-green,C,,,31:37,31.616666666666667,5,11,0.455,1,3,0.333,0,0,0.0,3,4,7,6,0,2,1,2,11,8.0,0022500838,Draymond Green,draymond green,,,2026-02-24,2,0.34791776489193466,0.09488666315234581,0.22140221402214022,0.18977332630469163,0.158144438587243,5.0,3.0,4.0,1.0,6.0,2.0,3.0,4.0,3.0,0,0.0,0,0.00133,11.0,8264.462809917355,10.98537,0.0632577754348972,2.0,6.0,0.67067444
0022500838,1610612744,Golden State,Warriors,GSW,warriors,1629001,De'Anthony,Melton,D. Melton,deanthony-melton,G,,,28:11,28.183333333333334,8,20,0.4,3,9,0.333,9,11,0.818,0,4,4,3,1,0,3,4,28,9.0,0022500838,De'Anthony Melton,de'anthony melton,,,2026-02-24,1,0.9934949733885274,0.0,0.1419278533412182,0.10644589000591366,0.03548196333530455,1.0,9.0,6.0,4.0,4.0,4.0,2.0,5.0,1.0,0,0.0,0,0.0034999999999999996,12.3,3513.2819194515855,12.256950000000002,0.03548196333530455,5.0,9.0,0.7775979
0022500838,1610612744,Golden State,Warriors,GSW,warriors,1630311,Pat,Spencer,P. Spencer,pat-spencer,G,,,23:07,23.116666666666667,2,7,0.286,1,4,0.25,0,0,0.0,1,1,2,4,1,0,3,1,5,1.0,0022500838,Pat Spencer,pat spencer,,,2026-02-24,1,0.21629416005767843,0.043258832011535686,0.08651766402307137,0.17303532804614274,0.08651766402307137,7.0,7.0,8.0,2.0,4.0,4.0,4.0,6.0,0.0,0,0.0,0,0.00172,5.7,3312.0278907611855,5.690196,0.043258832011535686,5.0,7.0,0.0420323
0022500838,1610612744,Golden State,Warriors,GSW,warriors,1642366,Quinten,Post,Q. Post,quinten-post,,,,22:55,22.916666666666668,3,7,0.429,0,4,0.0,0,0,0.0,3,6,9,1,0,1,2,1,6,-13.0,0022500838,Quinten Post,quinten post,,,2026-02-24,1,0.2618181818181818,0.1309090909090909,0.3927272727272727,0.04363636363636363,0.17454545454545453,6.0,3.0,3.0,8.0,6.0,3.0,8.0,7.0,0.0,0,0.0,0,0.0014099999999999998,-28.4,-20127.569099929133,-28.359955999999997,0.04363636363636363,5.0,3.0,0.17732754
0022500838,1610612744,Golden State,Warriors,GSW,warriors,1642954,Will,Richard,W. Richard,will-richard,,,,17:28,17.466666666666665,0,1,0.0,0,1,0.0,0,0,0.0,1,1,2,0,2,0,0,1,0,-19.0,0022500838,Will Richard,will richard,,,2026-02-24,2,0.0,0.05725190839694657,0.11450381679389314,0.0,0.1717557251908397,9.0,7.0,8.0,9.0,1.0,4.0,9.0,8.0,2.0,0,0.0,0,0.00021,-47.0,-222748.81516587676,-46.99013,0.11450381679389314,2.0,5.0,0.009755962
0022500838,1610612744,Golden State,Warriors,GSW,warriors,1641764,Brandin,Podziemski,B. Podziemski,brandin-podziemski,,,,31:52,31.866666666666667,7,18,0.389,1,6,0.167,1,2,0.5,5,10,15,3,2,0,3,1,16,-1.0,0022500838,Brandin Podziemski,brandin podziemski,,,2026-02-24,2,0.502092050209205,0.15690376569037656,0.4707112970711297,0.09414225941422594,0.2196652719665272,3.0,1.0,1.0,4.0,1.0,4.0,5.0,3.0,0.0,0,1.0,0,0.0023899999999999998,1.5,627.3525721455459,1.496415,0.06276150627615062,2.0,2.0,0.87967885
0022500838,1610612744,Golden State,Warriors,GSW,warriors,1627780,Gary,Payton II,G. Payton II,gary-payton-ii,,,,11:30,11.5,2,7,0.286,0,4,0.0,0,0,0.0,2,1,3,2,0,0,1,1,4,-11.0,0022500838,Gary Payton II,gary payton  ii,,,2026-02-24,0,0.34782608695652173,0.17391304347826086,0.2608695652173913,0.17391304347826086,0.17391304347826086,8.0,5.0,7.0,7.0,6.0,4.0,7.0,9.0,1.0,0,0.0,0,0.0025,-41.0,-16393.442622950817,-40.8975,0.0,8.0,4.0,0.015995393
0022500844,1610612744,Golden State,Warriors,GSW,warriors,1630541,Moses,Moody,M. Moody,moses-moody,F,,,27:35,27.583333333333332,4,7,0.571,3,5,0.6,3,3,1.0,1,1,2,3,1,0,1,2,14,6.0,0022500844,Moses Moody,moses moody,,,2026-02-25,1,0.5075528700906344,0.03625377643504532,0.07250755287009064,0.10876132930513596,0.07250755287009064,5.0,4.0,8.0,6.0,4.0,6.0,6.0,5.0,1.0,0,0.0,0,0.0013800000000000002,12.8,9268.645908761768,12.782336,0.03625377643504532,7.0,8.0,0.68017405
0022500844,1610612744,Golden State,Warriors,GSW,warriors,1630611,Gui,Santos,G. Santos,gui-santos,F,,,25:33,25.55,6,7,0.857,1,2,0.5,4,4,1.0,0,3,3,4,1,1,1,0,17,21.0,0022500844,Gui Santos,gui santos,,,2026-02-25,2,0.6653620352250489,0.0,0.11741682974559686,0.15655577299412915,0.07827788649706457,4.0,8.0,7.0,4.0,4.0,2.0,3.0,7.0,2.0,0,0.0,0,0.0015,46.2,30779.480346435714,46.130700000000004,0.07827788649706457,5.0,7.0,0.74410194
0022500844,1610612744,Golden State,Warriors,GSW,warriors,201143,Al,Horford,A. Horford,al-horford,C,,,26:44,26.733333333333334,4,10,0.4,2,6,0.333,0,0,0.0,2,5,7,3,0,1,0,1,10,12.0,0022500844,Al Horford,al horford,,,2026-02-25,1,0.37406483790523687,0.07481296758104738,0.26184538653366585,0.11221945137157106,0.11221945137157106,8.0,3.0,4.0,6.0,8.0,2.0,4.0,6.0,2.0,0,0.0,0,0.00159,17.7,11125.078566939032,17.671857,0.03740648379052369,7.0,5.0,0.38012484
0022500844,1610612744,Golden State,Warriors,GSW,warriors,1642954,Will,Richard,W. Richard,will-richard,G,,,29:35,29.583333333333332,9,15,0.6,2,6,0.333,1,1,1.0,3,2,5,6,3,0,1,2,21,6.0,0022500844,Will Richard,will richard,,,2026-02-25,3,0.7098591549295775,0.10140845070422536,0.16901408450704225,0.2028169014084507,0.2028169014084507,1.0,2.0,5.0,2.0,1.0,6.0,6.0,3.0,4.0,0,0.0,0,0.00219,14.6,6663.623916020081,14.568026,0.10140845070422536,1.0,2.0,0.8638551
0022500844,1610612744,Golden State,Warriors,GSW,warriors,1641764,Brandin,Podziemski,B. Podziemski,brandin-podziemski,G,,,30:39,30.65,6,14,0.429,3,8,0.375,4,4,1.0,1,7,8,6,0,0,3,2,19,22.0,0022500844,Brandin Podziemski,brandin podziemski,,,2026-02-25,0,0.6199021207177814,0.032626427406199025,0.2610114192495922,0.19575856443719414,0.032626427406199025,2.0,4.0,1.0,2.0,8.0,6.0,2.0,2.0,0.0,0,1.0,0,0.0026,35.5,13648.596693579393,35.4077,0.0,9.0,9.0,0.6326401
0022500844,1610612744,Golden State,Warriors,GSW,warriors,1627780,Gary,Payton II,G. Payton II,gary-payton-ii,,,,28:25,28.416666666666668,8,12,0.667,3,7,0.429,0,0,0.0,1,4,5,4,3,0,3,3,19,3.0,0022500844,Gary Payton II,gary payton  ii,,,2026-02-25,3,0.6686217008797654,0.03519061583577712,0.1759530791788856,0.1407624633431085,0.1407624633431085,2.0,4.0,5.0,4.0,1.0,6.0,8.0,4.0,4.0,0,0.0,0,0.00208,6.8,3267.6597789524267,6.785856,0.10557184750733137,1.0,4.0,0.8172407
0022500844,1610612744,Golden State,Warriors,GSW,warriors,1630311,Pat,Spencer,P. Spencer,pat-spencer,,,,32:21,32.35,5,13,0.385,2,5,0.4,0,0,0.0,1,1,2,9,1,1,2,4,12,23.0,0022500844,Pat Spencer,pat spencer,,,2026-02-25,2,0.3709428129829984,0.030911901081916538,0.061823802163833076,0.2782071097372488,0.0927357032457496,6.0,4.0,8.0,1.0,4.0,2.0,1.0,1.0,2.0,0,0.0,0,0.00183,35.9,19606.772255598033,35.834303,0.061823802163833076,5.0,6.0,0.75084984
0022500844,1610612744,Golden State,Warriors,GSW,warriors,1642366,Quinten,Post,Q. Post,quinten-post,,,,21:16,21.266666666666666,4,9,0.444,2,6,0.333,2,3,0.667,0,8,8,0,1,2,2,3,12,9.0,0022500844,Quinten Post,quinten post,,,2026-02-25,3,0.5642633228840126,0.0,0.3761755485893417,0.0,0.14106583072100315,6.0,8.0,1.0,9.0,4.0,1.0,5.0,8.0,0.0,0,0.0,0,0.00222,28.9,13012.156686177395,28.835842,0.14106583072100315,1.0,3.0,0.7049297
0022500844,1610612744,Golden State,Warriors,GSW,warriors,1642502,Malevy,Leons,M. Leons,malevy-leons,,,,17:52,17.866666666666667,3,5,0.6,1,1,1.0,2,4,0.5,5,3,8,2,2,1,1,4,9,3.0,0022500844,Malevy Leons,malevy leons,,,2026-02-25,3,0.503731343283582,0.2798507462686567,0.44776119402985076,0.11194029850746269,0.44776119402985076,9.0,1.0,1.0,8.0,3.0,2.0,8.0,9.0,3.0,0,0.0,0,0.00167,13.0,7779.7725912627175,12.978290000000001,0.16791044776119401,1.0,1.0,0.5708324
0022500866,1610612744,Golden State,Warriors,GSW,warriors,1630541,Moses,Moody,M. Moody,moses-moody,F,,,29:47,29.783333333333335,4,11,0.364,4,10,0.4,0,0,0.0,0,3,3,3,2,0,2,2,12,-25.0,0022500866,Moses Moody,moses moody,,,2026-02-28,2,0.40290990486849465,0.0,0.10072747621712366,0.10072747621712366,0.06715165081141578,2.0,7.0,6.0,5.0,1.0,4.0,10.0,2.0,4.0,0,0.0,0,0.00191,-37.1,-19413.919413919415,-37.029139,0.06715165081141578,1.0,8.0,0.5401528
0022500866,1610612744,Golden State,Warriors,GSW,warriors,1630611,Gui,Santos,G. Santos,gui-santos,F,,,27:17,27.283333333333335,6,12,0.5,2,7,0.286,0,0,0.0,2,2,4,2,0,0,1,3,14,-22.0,0022500866,Gui Santos,gui santos,,,2026-02-28,0,0.5131337813072694,0.07330482590103848,0.14660965180207697,0.07330482590103848,0.07330482590103848,1.0,1.0,5.0,7.0,5.0,4.0,9.0,3.0,1.0,0,0.0,0,0.00203,-41.9,-20630.231413096993,-41.814943,0.0,8.0,7.0,0.7357837
0022500866,1610612744,Golden State,Warriors,GSW,warriors,203110,Draymond,Green,D. Green,draymond-green,C,,,23:55,23.916666666666668,3,8,0.375,1,5,0.2,0,0,0.0,0,6,6,6,0,0,2,0,7,-30.0,0022500866,Draymond Green,draymond green,,,2026-02-28,0,0.2926829268292683,0.0,0.2508710801393728,0.2508710801393728,0.0,8.0,7.0,3.0,1.0,5.0,4.0,12.0,5.0,1.0,0,0.0,0,0.00185,-61.2,-33063.209076175044,-61.086780000000005,0.0,8.0,11.0,0.033229265
0022500866,1610612744,Golden State,Warriors,GSW,warriors,1629001,De'Anthony,Melton,D. Melton,deanthony-melton,G,,,23:53,23.883333333333333,3,12,0.25,2,5,0.4,2,2,1.0,0,1,1,4,0,1,0,0,10,-25.0,0022500866,De'Anthony Melton,de'anthony melton,,,2026-02-28,1,0.41870202372644805,0.0,0.0418702023726448,0.1674808094905792,0.0418702023726448,4.0,7.0,8.0,3.0,5.0,2.0,10.0,6.0,1.0,0,0.0,0,0.00228,-46.5,-20385.795703638756,-46.39398,0.0418702023726448,4.0,10.0,0.068601616
0022500866,1610612744,Golden State,Warriors,GSW,warriors,1641764,Brandin,Podziemski,B. Podziemski,brandin-podziemski,G,,,29:57,29.95,4,12,0.333,0,6,0.0,1,2,0.5,1,6,7,6,1,0,1,2,9,-20.0,0022500866,Brandin Podziemski,brandin podziemski,,,2026-02-28,1,0.3005008347245409,0.0333889816360601,0.2337228714524207,0.2003338898163606,0.0667779632721202,5.0,4.0,1.0,1.0,3.0,4.0,8.0,1.0,1.0,0,0.0,0,0.00197,-29.4,-14916.28614916286,-29.342081999999998,0.0333889816360601,4.0,9.0,0.12313809
0022500866,1610612744,Golden State,Warriors,GSW,warriors,1627780,Gary,Payton II,G. Payton II,gary-payton-ii,,,,15:36,15.6,6,10,0.6,0,3,0.0,0,0,0.0,0,1,1,3,2,0,1,3,12,-3.0,0022500866,Gary Payton II,gary payton  ii,,,2026-02-28,2,0.7692307692307693,0.0,0.06410256410256411,0.19230769230769232,0.12820512820512822,2.0,7.0,8.0,5.0,1.0,4.0,4.0,8.0,4.0,0,0.0,0,0.00344,-9.4,-2731.764022086603,-9.367664,0.12820512820512822,1.0,4.0,0.8414243
0022500866,1610612744,Golden State,Warriors,GSW,warriors,1630311,Pat,Spencer,P. Spencer,pat-spencer,,,,27:01,27.016666666666666,1,3,0.333,0,0,0.0,2,3,0.667,2,1,3,4,0,0,0,2,4,-3.0,0022500866,Pat Spencer,pat spencer,,,2026-02-28,0,0.14805675508945096,0.07402837754472548,0.11104256631708823,0.14805675508945096,0.07402837754472548,11.0,1.0,6.0,3.0,5.0,4.0,4.0,4.0,0.0,0,0.0,0,0.00068,-0.7,-1027.900146842878,-0.6995239999999999,0.0,8.0,6.0,0.044761997
0022500866,1610612744,Golden State,Warriors,GSW,warriors,1642954,Will,Richard,W. Richard,will-richard,,,,4:32,4.533333333333333,2,3,0.667,0,0,0.0,0,0,0.0,1,0,1,0,0,1,1,1,4,-9.0,0022500866,Will Richard,will richard,,,2026-02-28,1,0.8823529411764706,0.22058823529411764,0.22058823529411764,0.0,0.4411764705882353,11.0,4.0,8.0,10.0,5.0,2.0,7.0,12.0,0.0,0,0.0,0,0.00444,-88.9,-20018.013960819633,-88.505284,0.22058823529411764,4.0,1.0,0.05817871
0022500866,1610612744,Golden State,Warriors,GSW,warriors,201143,Al,Horford,A. Horford,al-horford,,,,22:09,22.15,2,3,0.667,2,3,0.667,2,2,1.0,0,5,5,2,0,2,0,1,8,-5.0,0022500866,Al Horford,al horford,,,2026-02-28,2,0.3611738148984199,0.0,0.22573363431151244,0.09029345372460497,0.09029345372460497,6.0,7.0,4.0,7.0,5.0,1.0,6.0,7.0,0.0,0,0.0,0,0.0008,-8.4,-10486.89138576779,-8.39328,0.09029345372460497,1.0,5.0,0.09587038
0022500866,1610612744,Golden State,Warriors,GSW,warriors,1642366,Quinten,Post,Q. Post,quinten-post,,,,13:19,13.316666666666666,4,8,0.5,0,2,0.0,0,0,0.0,2,5,7,0,1,0,0,0,8,-2.0,0022500866,Quinten Post,quinten post,,,2026-02-28,1,0.6007509386733417,0.15018773466833543,0.5256570713391739,0.0,0.22528160200250313,6.0,1.0,1.0,10.0,3.0,4.0,3.0,10.0,0.0,0,0.0,0,0.0025800000000000003,-3.2,-1239.8295234405268,-3.191744,0.07509386733416772,4.0,2.0,0.6080157
0022500866,1610612744,Golden State,Warriors,GSW,warriors,1631466,Nate,Williams,N. Williams,nate-williams,,,,14:49,14.816666666666666,3,5,0.6,1,2,0.5,0,0,0.0,0,1,1,2,0,0,2,4,7,1.0,0022500866,Nate Williams,nate williams,,,2026-02-28,0,0.47244094488188976,0.0,0.06749156355455568,0.13498312710911137,0.0,8.0,7.0,8.0,7.0,5.0,4.0,2.0,9.0,1.0,0,0.0,0,0.00219,3.4,1551.802829758101,3.3925539999999996,0.0,8.0,11.0,0.10217477
0022500866,1610612744,Golden State,Warriors,GSW,warriors,1642502,Malevy,Leons,M. Leons,malevy-leons,,,,7:45,7.75,3,4,0.75,0,1,0.0,0,0,0.0,1,0,1,0,0,0,0,1,6,3.0,0022500866,Malevy Leons,malevy leons,,,2026-02-28,0,0.7741935483870968,0.12903225806451613,0.12903225806451613,0.0,0.12903225806451613,10.0,4.0,8.0,10.0,5.0,4.0,1.0,11.0,1.0,0,0.0,0,0.00222,18.8,8464.655560558305,18.758264,0.0,8.0,3.0,0.11085279
0022500882,1610612744,Golden State,Warriors,GSW,warriors,1630541,Moses,Moody,M. Moody,moses-moody,F,,,25:04,25.066666666666666,4,12,0.333,2,8,0.25,0,0,0.0,1,2,3,1,1,0,1,2,10,-1.0,0022500882,Moses Moody,moses moody,,,2026-03-02,1,0.39893617021276595,0.0398936170212766,0.1196808510638298,0.0398936170212766,0.0797872340425532,4.0,6.0,5.0,8.0,2.0,3.0,3.0,6.0,6.0,0,0.0,0,0.0022400000000000002,2.0,892.4587237840249,1.99552,0.0398936170212766,2.0,7.0,0.376635
0022500882,1610612744,Golden State,Warriors,GSW,warriors,203110,Draymond,Green,D. Green,draymond-green,F,,,31:21,31.35,1,5,0.2,1,5,0.2,1,2,0.5,0,2,2,6,1,0,3,4,4,-18.0,0022500882,Draymond Green,draymond green,,,2026-03-02,1,0.12759170653907495,0.0,0.06379585326953748,0.19138755980861244,0.03189792663476874,9.0,10.0,7.0,1.0,2.0,3.0,10.0,2.0,4.0,0,0.0,0,0.0012,-28.6,-23813.4887593672,-28.56568,0.03189792663476874,2.0,9.0,0.011162888
0022500882,1610612744,Golden State,Warriors,GSW,warriors,201143,Al,Horford,A. Horford,al-horford,C,,,27:04,27.066666666666666,5,11,0.455,4,8,0.5,3,5,0.6,2,4,6,3,0,1,0,2,17,-15.0,0022500882,Al Horford,al horford,,,2026-03-02,1,0.6280788177339901,0.07389162561576355,0.22167487684729065,0.11083743842364532,0.11083743842364532,3.0,2.0,3.0,3.0,6.0,1.0,8.0,5.0,2.0,0,0.0,0,0.002,-24.4,-12193.90304847576,-24.3512,0.03694581280788178,2.0,5.0,0.8406789
0022500882,1610612744,Golden State,Warriors,GSW,warriors,1629001,De'Anthony,Melton,D. Melton,deanthony-melton,G,,,27:05,27.083333333333332,3,14,0.214,1,7,0.143,0,0,0.0,2,2,4,2,1,0,2,4,7,-16.0,0022500882,De'Anthony Melton,de'anthony melton,,,2026-03-02,1,0.25846153846153846,0.07384615384615385,0.1476923076923077,0.07384615384615385,0.11076923076923077,7.0,2.0,4.0,6.0,2.0,3.0,9.0,4.0,2.0,0,0.0,0,0.00232,-30.1,-12968.548039638086,-30.030168000000003,0.036923076923076927,2.0,6.0,0.036326237
0022500882,1610612744,Golden State,Warriors,GSW,warriors,1641764,Brandin,Podziemski,B. Podziemski,brandin-podziemski,G,,,36:58,36.96666666666667,9,18,0.5,3,6,0.5,1,2,0.5,1,6,7,3,0,0,2,1,22,-13.0,0022500882,Brandin Podziemski,brandin podziemski,,,2026-03-02,0,0.5951307484220018,0.027051397655545536,0.18935978358881875,0.0811541929666366,0.027051397655545536,1.0,6.0,2.0,3.0,6.0,3.0,7.0,1.0,3.0,0,1.0,0,0.0022,-15.7,-7133.121308496137,-15.66546,0.0,8.0,10.0,0.86572486
0022500882,1610612744,Golden State,Warriors,GSW,warriors,1630611,Gui,Santos,G. Santos,gui-santos,,,,31:01,31.016666666666666,2,8,0.25,1,3,0.333,0,0,0.0,3,7,10,3,3,0,2,1,5,-5.0,0022500882,Gui Santos,gui santos,,,2026-03-02,3,0.16120365394948952,0.09672219236969372,0.32240730789897903,0.09672219236969372,0.19344438473938744,8.0,1.0,1.0,3.0,1.0,3.0,6.0,3.0,3.0,0,1.0,0,0.0013,-2.5,-1921.5987701767874,-2.49675,0.09672219236969372,1.0,2.0,0.14336918
0022500882,1610612744,Golden State,Warriors,GSW,warriors,1630311,Pat,Spencer,P. Spencer,pat-spencer,,,,21:03,21.05,3,8,0.375,1,4,0.25,2,2,1.0,1,1,2,5,0,0,1,2,9,-1.0,0022500882,Pat Spencer,pat spencer,,,2026-03-02,0,0.42755344418052255,0.047505938242280284,0.09501187648456057,0.2375296912114014,0.047505938242280284,5.0,6.0,7.0,2.0,6.0,3.0,3.0,8.0,1.0,0,0.0,0,0.00208,3.7,1777.99135031235,3.6923040000000005,0.0,8.0,8.0,0.14908299
0022500882,1610612744,Golden State,Warriors,GSW,warriors,1631466,Nate,Williams,N. Williams,nate-williams,,,,21:32,21.533333333333335,5,8,0.625,3,4,0.75,5,6,0.833,2,0,2,2,1,0,1,1,18,1.0,0022500882,Nate Williams,nate williams,,,2026-03-02,1,0.8359133126934983,0.09287925696594426,0.09287925696594426,0.09287925696594426,0.1393188854489164,2.0,2.0,7.0,6.0,2.0,3.0,2.0,7.0,3.0,0,0.0,0,0.00226,4.9,2167.1826625387,4.8889260000000005,0.04643962848297213,2.0,4.0,0.92655784
0022500882,1610612744,Golden State,Warriors,GSW,warriors,1642366,Quinten,Post,Q. Post,quinten-post,,,,12:27,12.45,4,8,0.5,1,3,0.333,0,0,0.0,2,1,3,1,0,1,0,0,9,5.0,0022500882,Quinten Post,quinten post,,,2026-03-02,1,0.7228915662650602,0.1606425702811245,0.24096385542168677,0.08032128514056225,0.24096385542168677,5.0,2.0,5.0,8.0,6.0,1.0,1.0,9.0,0.0,0,0.0,0,0.0027600000000000003,24.5,8873.596522998912,24.432380000000002,0.08032128514056225,2.0,1.0,0.6815288
0022500882,1610612744,Golden State,Warriors,GSW,warriors,1642502,Malevy,Leons,M. Leons,malevy-leons,,,,6:25,6.416666666666667,0,1,0.0,0,0,0.0,0,0,0.0,1,0,1,0,0,0,0,0,0,-2.0,0022500882,Malevy Leons,malevy leons,,,2026-03-02,0,0.0,0.15584415584415584,0.15584415584415584,0.0,0.15584415584415584,10.0,6.0,10.0,10.0,6.0,3.0,5.0,10.0,0.0,0,0.0,0,0.0005600000000000001,-16.7,-29768.270944741525,-16.690648,0.0,8.0,3.0,0.007155065
0022500902,1610612744,Golden State,Warriors,GSW,warriors,1630611,Gui,Santos,G. Santos,gui-santos,F,,,41:37,41.61666666666667,6,12,0.5,0,4,0.0,2,4,0.5,1,5,6,6,1,1,7,1,14,20.0,0022500902,Gui Santos,gui santos,,,2026-03-05,2,0.3364036844213056,0.024028834601521824,0.14417300760913096,0.14417300760913096,0.07208650380456548,4.0,6.0,2.0,2.0,4.0,3.0,1.0,1.0,2.0,0,0.0,0,0.00196,26.6,13564.507904130545,26.547864000000004,0.04805766920304365,3.0,8.0,0.5305113
0022500902,1610612744,Golden State,Warriors,GSW,warriors,203110,Draymond,Green,D. Green,draymond-green,F,,,34:46,34.766666666666666,4,6,0.667,1,3,0.333,1,1,1.0,1,4,5,8,1,0,2,3,10,12.0,0022500902,Draymond Green,draymond green,,,2026-03-05,1,0.28763183125599234,0.028763183125599234,0.14381591562799617,0.23010546500479387,0.05752636625119847,6.0,6.0,6.0,1.0,4.0,4.0,2.0,3.0,2.0,0,0.0,0,0.001,16.1,16083.916083916087,16.0839,0.028763183125599234,6.0,9.0,0.592647
0022500902,1610612744,Golden State,Warriors,GSW,warriors,201143,Al,Horford,A. Horford,al-horford,C,,,32:43,32.71666666666667,7,15,0.467,3,6,0.5,0,0,0.0,2,4,6,5,1,2,1,0,17,7.0,0022500902,Al Horford,al horford,,,2026-03-05,3,0.5196128374936322,0.06113092205807437,0.18339276617422312,0.15282730514518594,0.15282730514518594,3.0,4.0,2.0,3.0,4.0,1.0,4.0,4.0,2.0,0,0.0,0,0.002,12.7,6346.826586706646,12.6746,0.09169638308711156,2.0,4.0,0.71990806
0022500902,1610612744,Golden State,Warriors,GSW,warriors,1629001,De'Anthony,Melton,D. Melton,deanthony-melton,G,,,29:57,29.95,10,22,0.455,2,6,0.333,1,2,0.5,3,3,6,2,3,2,2,2,23,8.0,0022500902,De'Anthony Melton,de'anthony melton,,,2026-03-05,5,0.7679465776293823,0.1001669449081803,0.2003338898163606,0.0667779632721202,0.2671118530884808,2.0,2.0,2.0,6.0,1.0,1.0,3.0,5.0,5.0,0,0.0,0,0.0032400000000000003,9.8,3023.758099352052,9.768248,0.1669449081803005,1.0,1.0,0.79423183
0022500902,1610612744,Golden State,Warriors,GSW,warriors,1641764,Brandin,Podziemski,B. Podziemski,brandin-podziemski,G,,,39:34,39.56666666666667,10,18,0.556,4,8,0.5,2,2,1.0,5,4,9,1,0,0,1,4,26,5.0,0022500902,Brandin Podziemski,brandin podziemski,,,2026-03-05,0,0.6571187868576243,0.12636899747262004,0.22746419545071608,0.025273799494524008,0.12636899747262004,1.0,1.0,1.0,7.0,7.0,4.0,6.0,2.0,0.0,0,0.0,0,0.00215,6.6,3068.3403068340303,6.5858099999999995,0.0,7.0,5.0,0.8755926
0022500902,1610612744,Golden State,Warriors,GSW,warriors,1642366,Quinten,Post,Q. Post,quinten-post,,,,20:03,20.05,0,2,0.0,0,1,0.0,3,4,0.75,2,4,6,3,0,0,4,3,3,-8.0,0022500902,Quinten Post,quinten post,,,2026-03-05,0,0.14962593516209477,0.0997506234413965,0.29925187032418954,0.14962593516209477,0.0997506234413965,8.0,4.0,2.0,4.0,7.0,4.0,7.0,7.0,0.0,0,0.0,0,0.0019500000000000001,-12.6,-6458.226550486929,-12.575429999999999,0.0,7.0,7.0,0.010691286
0022500902,1610612744,Golden State,Warriors,GSW,warriors,1630311,Pat,Spencer,P. Spencer,pat-spencer,,,,16:05,16.083333333333332,3,6,0.5,0,2,0.0,2,2,1.0,0,2,2,3,2,0,1,0,8,-17.0,0022500902,Pat Spencer,pat spencer,,,2026-03-05,2,0.4974093264248705,0.0,0.12435233160621763,0.18652849740932645,0.12435233160621763,7.0,9.0,9.0,4.0,2.0,4.0,10.0,9.0,2.0,0,0.0,0,0.00242,-45.0,-18587.36059479554,-44.8911,0.12435233160621763,3.0,6.0,0.0711885
0022500902,1610612744,Golden State,Warriors,GSW,warriors,1631466,Nate,Williams,N. Williams,nate-williams,,,,17:57,17.95,1,4,0.25,0,0,0.0,0,0,0.0,3,0,3,0,0,0,0,2,2,-13.0,0022500902,Nate Williams,nate williams,,,2026-03-05,0,0.11142061281337048,0.1671309192200557,0.1671309192200557,0.0,0.1671309192200557,9.0,2.0,7.0,9.0,7.0,4.0,9.0,8.0,1.0,0,0.0,0,0.00089,-35.1,-39393.9393939394,-35.068761,0.0,7.0,3.0,0.010565806
0022500902,1610612744,Golden State,Warriors,GSW,warriors,1643018,LJ,Cryer,L. Cryer,lj-cryer,,,,20:15,20.25,4,9,0.444,4,8,0.5,0,0,0.0,0,3,3,1,0,0,1,5,12,6.0,0022500902,LJ Cryer,lj cryer,,,2026-03-05,0,0.5925925925925926,0.0,0.14814814814814814,0.04938271604938271,0.0,5.0,9.0,7.0,7.0,7.0,4.0,5.0,6.0,0.0,0,0.0,0,0.00227,11.3,4975.781594011449,11.274349,0.0,7.0,10.0,0.6496093
0022500902,1610612744,Golden State,Warriors,GSW,warriors,1642502,Malevy,Leons,M. Leons,malevy-leons,,,,12:03,12.05,0,0,0.0,0,0,0.0,0,0,0.0,1,0,1,0,2,0,0,3,0,-10.0,0022500902,Malevy Leons,malevy leons,,,2026-03-05,2,0.0,0.08298755186721991,0.08298755186721991,0.0,0.24896265560165973,10.0,6.0,10.0,9.0,2.0,4.0,8.0,10.0,2.0,0,0.0,0,0.0,-43.1,-43100000.0,-43.1,0.16597510373443983,3.0,2.0,0.006506609
0022500920,1610612744,Golden State,Warriors,GSW,warriors,1630611,Gui,Santos,G. Santos,gui-santos,F,,,37:06,37.1,8,19,0.421,2,9,0.222,4,6,0.667,3,8,11,3,2,0,1,2,22,-4.0,0022500920,Gui Santos,gui santos,,,2026-03-07,2,0.5929919137466307,0.08086253369272237,0.29649595687331537,0.08086253369272237,0.1347708894878706,1.0,2.0,2.0,5.0,1.0,4.0,6.0,2.0,2.0,0,0.0,0,0.00244,-6.8,-2785.7435477263416,-6.783408,0.053908355795148244,1.0,3.0,0.76912385
0022500920,1610612744,Golden State,Warriors,GSW,warriors,203110,Draymond,Green,D. Green,draymond-green,F,,,32:38,32.63333333333333,6,10,0.6,4,6,0.667,0,0,0.0,2,2,4,5,2,0,4,2,16,0.0,0022500920,Draymond Green,draymond green,,,2026-03-07,2,0.4902962206332993,0.06128702757916241,0.12257405515832483,0.15321756894790603,0.12257405515832483,3.0,3.0,6.0,2.0,1.0,4.0,3.0,3.0,2.0,0,0.0,0,0.00189,-4.3,-2273.9291380222107,-4.291873,0.06128702757916241,1.0,4.0,0.69373184
0022500920,1610612744,Golden State,Warriors,GSW,warriors,201143,Al,Horford,A. Horford,al-horford,C,,,28:43,28.716666666666665,2,6,0.333,0,3,0.0,0,0,0.0,1,4,5,4,0,1,1,1,4,-9.0,0022500920,Al Horford,al horford,,,2026-03-07,1,0.1392919326755659,0.03482298316889147,0.17411491584445735,0.1392919326755659,0.06964596633778294,8.0,4.0,4.0,4.0,6.0,1.0,8.0,4.0,3.0,0,0.0,0,0.00106,-15.5,-14608.85956644675,-15.48357,0.03482298316889147,4.0,7.0,0.023229895
0022500920,1610612744,Golden State,Warriors,GSW,warriors,1630311,Pat,Spencer,P. Spencer,pat-spencer,G,,,25:28,25.466666666666665,4,6,0.667,1,2,0.5,0,0,0.0,0,1,1,1,1,0,2,2,9,-10.0,0022500920,Pat Spencer,pat spencer,,,2026-03-07,1,0.35340314136125656,0.0,0.03926701570680628,0.03926701570680628,0.03926701570680628,4.0,7.0,8.0,7.0,4.0,4.0,9.0,5.0,2.0,0,0.0,0,0.00136,-19.6,-14401.175606171933,-19.573344000000002,0.03926701570680628,4.0,8.0,0.17300324
0022500920,1610612744,Golden State,Warriors,GSW,warriors,1641764,Brandin,Podziemski,B. Podziemski,brandin-podziemski,G,,,39:03,39.05,6,17,0.353,3,10,0.3,2,2,1.0,1,5,6,6,2,0,1,1,17,-6.0,0022500920,Brandin Podziemski,brandin podziemski,,,2026-03-07,2,0.43533930857874525,0.025608194622279132,0.1536491677336748,0.1536491677336748,0.0768245838668374,2.0,4.0,3.0,1.0,1.0,4.0,7.0,1.0,3.0,0,0.0,0,0.00213,-6.3,-2956.358517128109,-6.286581,0.051216389244558264,1.0,6.0,0.2795528
0022500920,1610612744,Golden State,Warriors,GSW,warriors,1627780,Gary,Payton II,G. Payton II,gary-payton-ii,,,,22:04,22.066666666666666,3,8,0.375,1,4,0.25,0,2,0.0,7,5,12,1,1,0,1,2,7,-2.0,0022500920,Gary Payton II,gary payton  ii,,,2026-03-07,1,0.31722054380664655,0.31722054380664655,0.5438066465256798,0.045317220543806644,0.36253776435045315,6.0,1.0,1.0,7.0,4.0,4.0,5.0,7.0,3.0,0,0.0,0,0.00196,0.3,152.98317185109636,0.299412,0.045317220543806644,4.0,1.0,0.39248878
0022500920,1610612744,Golden State,Warriors,GSW,warriors,1643018,LJ,Cryer,L. Cryer,lj-cryer,,,,17:00,17.0,2,4,0.5,2,4,0.5,0,0,0.0,0,2,2,0,0,0,0,2,6,-1.0,0022500920,LJ Cryer,lj cryer,,,2026-03-07,0,0.35294117647058826,0.0,0.11764705882352941,0.0,0.0,7.0,7.0,7.0,10.0,6.0,4.0,4.0,8.0,0.0,0,0.0,0,0.00111,-3.1,-2790.2790279027904,-3.096559,0.0,9.0,9.0,0.058654074
0022500920,1610612744,Golden State,Warriors,GSW,warriors,204001,Kristaps,Porziņģis,K. Porziņģis,kristaps-porziņģis,,,,22:59,22.983333333333334,3,10,0.3,0,3,0.0,3,6,0.5,1,4,5,5,0,1,1,4,9,6.0,0022500920,Kristaps Porziņģis,kristaps porziņģis,,,2026-03-07,1,0.3915881073241479,0.0435097897026831,0.2175489485134155,0.2175489485134155,0.0870195794053662,4.0,4.0,4.0,2.0,6.0,1.0,1.0,6.0,2.0,0,0.0,0,0.00246,9.4,3819.585534335636,9.376876,0.0435097897026831,4.0,5.0,0.34330478
0022500920,1610612744,Golden State,Warriors,GSW,warriors,1642502,Malevy,Leons,M. Leons,malevy-leons,,,,6:23,6.383333333333334,1,2,0.5,1,2,0.5,0,0,0.0,0,1,1,2,0,1,0,0,3,3.0,0022500920,Malevy Leons,malevy leons,,,2026-03-07,1,0.46997389033942555,0.0,0.15665796344647517,0.31331592689295035,0.15665796344647517,10.0,7.0,8.0,6.0,6.0,1.0,2.0,10.0,0.0,0,0.0,0,0.00105,12.8,12178.877259752619,12.786560000000001,0.15665796344647517,4.0,2.0,0.018725231
0022500920,1610612744,Golden State,Warriors,GSW,warriors,1631466,Nate,Williams,N. Williams,nate-williams,,,,8:35,8.583333333333334,1,6,0.167,0,2,0.0,2,2,1.0,0,0,0,1,0,0,0,2,4,-12.0,0022500920,Nate Williams,nate williams,,,2026-03-07,0,0.4660194174757281,0.0,0.0,0.11650485436893203,0.0,8.0,7.0,10.0,7.0,6.0,4.0,10.0,9.0,1.0,0,0.0,0,0.00269,-66.7,-24786.324786324785,-66.520577,0.0,9.0,9.0,0.0064816307
0022500934,1610612744,Golden State,Warriors,GSW,warriors,1630611,Gui,Santos,G. Santos,gui-santos,F,,,33:27,33.45,6,13,0.462,1,7,0.143,2,4,0.5,3,5,8,5,2,0,0,1,15,-6.0,0022500934,Gui Santos,gui santos,,,2026-03-09,2,0.44843049327354256,0.08968609865470852,0.23916292974588937,0.14947683109118085,0.14947683109118085,2.0,3.0,1.0,2.0,1.0,3.0,9.0,2.0,4.0,0,0.0,0,0.00183,-8.7,-4751.501911523757,-8.684078999999999,0.059790732436472344,2.0,6.0,0.6679986
0022500934,1610612744,Golden State,Warriors,GSW,warriors,203110,Draymond,Green,D. Green,draymond-green,F,,,32:28,32.46666666666667,2,7,0.286,1,5,0.2,1,2,0.5,1,1,2,11,0,0,0,4,6,-3.0,0022500934,Draymond Green,draymond green,,,2026-03-09,0,0.18480492813141683,0.030800821355236138,0.061601642710472276,0.3388090349075975,0.030800821355236138,9.0,5.0,8.0,1.0,9.0,3.0,7.0,3.0,1.0,0,0.0,0,0.00092,-10.8,-11726.384364820848,-10.790064000000001,0.0,10.0,11.0,0.10878605
0022500934,1610612744,Golden State,Warriors,GSW,warriors,1642366,Quinten,Post,Q. Post,quinten-post,C,,,25:26,25.433333333333334,5,13,0.385,0,6,0.0,0,0,0.0,1,3,4,2,1,0,1,2,10,0.0,0022500934,Quinten Post,quinten post,,,2026-03-09,1,0.3931847968545216,0.039318479685452164,0.15727391874180865,0.07863695937090433,0.07863695937090433,8.0,5.0,5.0,5.0,4.0,3.0,4.0,5.0,2.0,0,0.0,0,0.0023699999999999997,-2.1,-885.7022353437369,-2.0950230000000003,0.039318479685452164,4.0,8.0,0.2418866
0022500934,1610612744,Golden State,Warriors,GSW,warriors,1629001,De'Anthony,Melton,D. Melton,deanthony-melton,G,,,19:56,19.933333333333334,7,16,0.438,3,6,0.5,5,5,1.0,4,3,7,2,2,1,2,3,22,-3.0,0022500934,De'Anthony Melton,de'anthony melton,,,2026-03-09,3,1.1036789297658862,0.20066889632107024,0.3511705685618729,0.10033444816053512,0.3511705685618729,1.0,1.0,3.0,5.0,1.0,1.0,7.0,6.0,5.0,0,0.0,0,0.00364,-6.7,-1840.1538039000275,-6.675612,0.1505016722408027,1.0,2.0,0.9084793
0022500934,1610612744,Golden State,Warriors,GSW,warriors,1641764,Brandin,Podziemski,B. Podziemski,brandin-podziemski,G,,,35:07,35.11666666666667,5,10,0.5,4,6,0.667,0,4,0.0,0,8,8,4,2,0,3,2,14,-6.0,0022500934,Brandin Podziemski,brandin podziemski,,,2026-03-09,2,0.39867109634551495,0.0,0.22781205505457996,0.11390602752728998,0.05695301376364499,3.0,11.0,1.0,3.0,1.0,3.0,9.0,1.0,3.0,0,0.0,0,0.00179,-9.9,-5527.6381909547745,-9.882279,0.05695301376364499,2.0,10.0,0.5496391
0022500934,1610612744,Golden State,Warriors,GSW,warriors,1627780,Gary,Payton II,G. Payton II,gary-payton-ii,,,,25:29,25.483333333333334,5,11,0.455,1,5,0.2,2,2,1.0,1,0,1,0,1,0,0,2,13,1.0,0022500934,Gary Payton II,gary payton  ii,,,2026-03-09,1,0.5101373446697187,0.03924133420536298,0.03924133420536298,0.0,0.07848266841072596,4.0,5.0,10.0,11.0,4.0,3.0,3.0,4.0,2.0,0,0.0,0,0.0017599999999999998,-4.3,-2441.794434980125,-4.292432,0.03924133420536298,4.0,9.0,0.57327
0022500934,1610612744,Golden State,Warriors,GSW,warriors,1631466,Nate,Williams,N. Williams,nate-williams,,,,13:12,13.2,5,8,0.625,1,3,0.333,1,1,1.0,4,0,4,1,1,0,1,1,12,-1.0,0022500934,Nate Williams,nate williams,,,2026-03-09,1,0.9090909090909092,0.30303030303030304,0.30303030303030304,0.07575757575757576,0.3787878787878788,6.0,1.0,5.0,9.0,4.0,3.0,5.0,9.0,2.0,0,0.0,0,0.0025,-8.8,-3518.59256297481,-8.778,0.07575757575757576,4.0,1.0,0.7502474
0022500934,1610612744,Golden State,Warriors,GSW,warriors,1643018,LJ,Cryer,L. Cryer,lj-cryer,,,,16:45,16.75,4,9,0.444,3,8,0.375,0,0,0.0,2,3,5,2,1,0,1,1,11,8.0,0022500934,LJ Cryer,lj cryer,,,2026-03-09,1,0.6567164179104478,0.11940298507462686,0.29850746268656714,0.11940298507462686,0.1791044776119403,7.0,4.0,4.0,5.0,4.0,3.0,1.0,7.0,1.0,0,0.0,0,0.002,18.8,9395.302348825588,18.7624,0.05970149253731343,4.0,3.0,0.81531656
0022500934,1610612744,Golden State,Warriors,GSW,warriors,1630311,Pat,Spencer,P. Spencer,pat-spencer,,,,12:39,12.65,0,4,0.0,0,2,0.0,0,0,0.0,1,3,4,2,1,0,1,1,0,-1.0,0022500934,Pat Spencer,pat spencer,,,2026-03-09,1,0.0,0.07905138339920949,0.31620553359683795,0.15810276679841898,0.15810276679841898,10.0,5.0,5.0,5.0,4.0,3.0,5.0,10.0,1.0,0,0.0,0,0.00156,0.5,320.3074951953876,0.49922,0.07905138339920949,4.0,4.0,0.0108314175
0022500934,1610612744,Golden State,Warriors,GSW,warriors,1642502,Malevy,Leons,M. Leons,malevy-leons,,,,13:22,13.366666666666667,0,2,0.0,0,1,0.0,0,0,0.0,1,1,2,1,0,1,0,3,0,-7.0,0022500934,Malevy Leons,malevy leons,,,2026-03-09,1,0.0,0.07481296758104738,0.14962593516209477,0.07481296758104738,0.14962593516209477,10.0,5.0,8.0,9.0,9.0,1.0,11.0,8.0,0.0,0,0.0,0,0.0006900000000000001,-17.9,-25904.48625180897,-17.887649,0.07481296758104738,4.0,5.0,0.010989823
0022500934,1610612744,Golden State,Warriors,GSW,warriors,203552,Seth,Curry,S. Curry,seth-curry,,,,12:09,12.15,4,6,0.667,2,3,0.667,3,3,1.0,1,0,1,3,0,0,0,0,13,3.0,0022500934,Seth Curry,seth curry,,,2026-03-09,0,1.0699588477366255,0.0823045267489712,0.0823045267489712,0.24691358024691357,0.0823045267489712,4.0,5.0,10.0,4.0,9.0,3.0,2.0,11.0,1.0,0,0.0,0,0.00233,-0.9,-386.10038610038606,-0.897903,0.0,10.0,7.0,0.74134547
0022500943,1610612744,Golden State,Warriors,GSW,warriors,1630611,Gui,Santos,G. Santos,gui-santos,F,,,36:40,36.666666666666664,7,19,0.368,3,9,0.333,0,0,0.0,0,5,5,1,0,1,3,3,17,-5.0,0022500943,Gui Santos,gui santos,,,2026-03-10,1,0.4636363636363637,0.0,0.13636363636363638,0.027272727272727275,0.027272727272727275,1.0,8.0,4.0,8.0,6.0,4.0,6.0,1.0,0.0,0,0.0,0,0.0023699999999999997,-7.5,-3163.222269084775,-7.482225,0.027272727272727275,7.0,10.0,0.27819836
0022500943,1610612744,Golden State,Warriors,GSW,warriors,203110,Draymond,Green,D. Green,draymond-green,F,,,29:29,29.483333333333334,4,5,0.8,4,5,0.8,0,0,0.0,0,7,7,4,1,2,1,2,12,-19.0,0022500943,Draymond Green,draymond green,,,2026-03-10,3,0.4070096099491238,0.0,0.23742227247032222,0.13566986998304126,0.10175240248728094,6.0,8.0,3.0,4.0,4.0,3.0,10.0,5.0,1.0,0,0.0,0,0.00086,-32.7,-37979.094076655056,-32.67187800000001,0.10175240248728094,3.0,7.0,0.33442914
0022500943,1610612744,Golden State,Warriors,GSW,warriors,201143,Al,Horford,A. Horford,al-horford,C,,,34:04,34.06666666666667,5,18,0.278,3,10,0.3,0,0,0.0,3,6,9,5,0,4,1,1,13,-7.0,0022500943,Al Horford,al horford,,,2026-03-10,4,0.3816046966731898,0.08806262230919765,0.26418786692759294,0.14677103718199608,0.2054794520547945,5.0,1.0,2.0,3.0,6.0,1.0,8.0,2.0,1.0,0,0.0,0,0.00232,-12.8,-5514.864282636794,-12.770304000000001,0.11741682974559686,1.0,4.0,0.2978182
0022500943,1610612744,Golden State,Warriors,GSW,warriors,1642954,Will,Richard,W. Richard,will-richard,G,,,31:44,31.733333333333334,3,9,0.333,1,5,0.2,1,1,1.0,2,2,4,1,3,0,1,3,8,-4.0,0022500943,Will Richard,will richard,,,2026-03-10,3,0.25210084033613445,0.06302521008403361,0.12605042016806722,0.031512605042016806,0.15756302521008403,9.0,3.0,5.0,8.0,1.0,6.0,5.0,3.0,3.0,0,0.0,0,0.00133,-7.7,-5785.123966942149,-7.689759,0.09453781512605042,3.0,5.0,0.06933095
0022500943,1610612744,Golden State,Warriors,GSW,warriors,1641764,Brandin,Podziemski,B. Podziemski,brandin-podziemski,G,,,26:55,26.916666666666668,3,8,0.375,1,4,0.25,2,2,1.0,0,2,2,7,2,1,2,0,9,-20.0,0022500943,Brandin Podziemski,brandin podziemski,,,2026-03-10,3,0.33436532507739936,0.0,0.07430340557275542,0.26006191950464397,0.11145510835913312,8.0,8.0,8.0,1.0,2.0,4.0,11.0,6.0,5.0,0,1.0,0,0.0017699999999999999,-38.1,-21513.2693393563,-38.032562999999996,0.11145510835913312,3.0,6.0,0.056900594
0022500943,1610612744,Golden State,Warriors,GSW,warriors,1643018,LJ,Cryer,L. Cryer,lj-cryer,,,,20:38,20.633333333333333,4,7,0.571,3,5,0.6,6,7,0.857,0,1,1,2,0,0,0,2,17,18.0,0022500943,LJ Cryer,lj cryer,,,2026-03-10,0,0.8239095315024233,0.0,0.048465266558966075,0.09693053311793215,0.0,1.0,8.0,10.0,5.0,6.0,6.0,1.0,8.0,,1,,1,0.00192,31.9,16605.934409161895,31.838751999999996,0.0,9.0,11.0,0.88688135
0022500943,1610612744,Golden State,Warriors,GSW,warriors,1631466,Nate,Williams,N. Williams,nate-williams,,,,10:58,10.966666666666667,1,3,0.333,0,1,0.0,0,0,0.0,1,1,2,0,0,0,1,2,2,-13.0,0022500943,Nate Williams,nate williams,,,2026-03-10,0,0.182370820668693,0.0911854103343465,0.182370820668693,0.0,0.0911854103343465,10.0,4.0,8.0,10.0,6.0,6.0,9.0,10.0,1.0,0,0.0,0,0.0017399999999999998,-53.7,-30844.342331993113,-53.606562000000004,0.0,9.0,8.0,0.008576131
0022500943,1610612744,Golden State,Warriors,GSW,warriors,1630311,Pat,Spencer,P. Spencer,pat-spencer,,,,30:10,30.166666666666668,7,16,0.438,3,8,0.375,0,1,0.0,1,2,3,6,1,0,1,0,17,18.0,0022500943,Pat Spencer,pat spencer,,,2026-03-10,1,0.56353591160221,0.03314917127071823,0.09944751381215469,0.19889502762430938,0.06629834254143646,1.0,4.0,7.0,2.0,4.0,6.0,1.0,4.0,2.0,0,0.0,0,0.0022400000000000002,24.1,10754.1276215975,24.046016,0.03314917127071823,7.0,9.0,0.8388339
0022500943,1610612744,Golden State,Warriors,GSW,warriors,204001,Kristaps,Porziņģis,K. Porziņģis,kristaps-porziņģis,,,,20:13,20.216666666666665,5,13,0.385,2,6,0.333,5,5,1.0,1,3,4,2,0,4,1,2,17,4.0,0022500943,Kristaps Porziņģis,kristaps porziņģis,,,2026-03-10,4,0.8408903544929927,0.0494641384995878,0.1978565539983512,0.0989282769991756,0.247320692497939,1.0,4.0,5.0,5.0,6.0,1.0,3.0,9.0,1.0,0,0.0,0,0.00291,3.9,1339.7457918241155,3.888651,0.1978565539983512,1.0,2.0,0.8952144
0022500943,1610612744,Golden State,Warriors,GSW,warriors,1627780,Gary,Payton II,G. Payton II,gary-payton-ii,,,,21:50,21.833333333333332,5,7,0.714,0,1,0.0,2,2,1.0,3,8,11,2,2,0,1,3,12,4.0,0022500943,Gary Payton II,gary payton  ii,,,2026-03-10,2,0.549618320610687,0.13740458015267176,0.5038167938931298,0.0916030534351145,0.22900763358778628,6.0,1.0,1.0,5.0,2.0,6.0,3.0,7.0,4.0,0,0.0,0,0.00158,10.0,6325.110689437065,9.9842,0.0916030534351145,6.0,3.0,0.7936077
0022500943,1610612744,Golden State,Warriors,GSW,warriors,1642502,Malevy,Leons,M. Leons,malevy-leons,,,,2:18,2.3,0,0,0.0,0,0,0.0,0,0,0.0,1,0,1,0,0,0,0,0,0,-6.0,0022500943,Malevy Leons,malevy leons,,,2026-03-10,0,0.0,0.4347826086956522,0.4347826086956522,0.0,0.4347826086956522,11.0,4.0,10.0,10.0,6.0,6.0,7.0,11.0,,1,,1,0.0,-150.0,-150000000.0,-150.0,0.0,9.0,1.0,0.005935758
0022500966,1610612744,Golden State,Warriors,GSW,warriors,1630611,Gui,Santos,G. Santos,gui-santos,F,,,34:42,34.7,6,15,0.4,3,10,0.3,2,2,1.0,2,1,3,8,1,0,1,4,17,-3.0,0022500966,Gui Santos,gui santos,,,2026-03-13,1,0.48991354466858783,0.05763688760806916,0.08645533141210374,0.23054755043227665,0.08645533141210374,3.0,2.0,4.0,1.0,3.0,2.0,4.0,2.0,1.0,0,0.0,0,0.00193,-5.6,-2900.051786639047,-5.589192,0.02881844380403458,3.0,4.0,0.2951263
0022500966,1610612744,Golden State,Warriors,GSW,warriors,204001,Kristaps,Porziņģis,K. Porziņģis,kristaps-porziņģis,F,,,22:04,22.066666666666666,7,16,0.438,2,5,0.4,4,4,1.0,2,2,4,2,2,1,1,3,20,-8.0,0022500966,Kristaps Porziņģis,kristaps porziņģis,,,2026-03-13,3,0.9063444108761329,0.09063444108761329,0.18126888217522658,0.09063444108761329,0.22658610271903323,2.0,2.0,3.0,4.0,1.0,1.0,11.0,5.0,1.0,0,0.0,0,0.00333,-19.5,-5854.097868507955,-19.435064999999998,0.13595166163141995,1.0,1.0,0.87818944
0022500966,1610612744,Golden State,Warriors,GSW,warriors,201143,Al,Horford,A. Horford,al-horford,C,,,4:55,4.916666666666667,1,3,0.333,1,3,0.333,0,0,0.0,0,1,1,0,0,0,1,1,3,-3.0,0022500966,Al Horford,al horford,,,2026-03-13,0,0.6101694915254237,0.0,0.20338983050847456,0.0,0.0,10.0,10.0,11.0,10.0,7.0,2.0,4.0,12.0,1.0,0,0.0,0,0.0028599999999999997,-40.9,-14295.700803914715,-40.783026,0.0,7.0,11.0,0.015628567
0022500966,1610612744,Golden State,Warriors,GSW,warriors,1629001,De'Anthony,Melton,D. Melton,deanthony-melton,G,,,23:54,23.9,4,11,0.364,2,5,0.4,2,2,1.0,1,1,2,3,1,0,1,1,12,0.0,0022500966,De'Anthony Melton,de'anthony melton,,,2026-03-13,1,0.502092050209205,0.041841004184100423,0.08368200836820085,0.12552301255230125,0.08368200836820085,4.0,5.0,7.0,2.0,3.0,2.0,3.0,4.0,3.0,0,0.0,0,0.0020599999999999998,2.5,1213.00339640951,2.49485,0.041841004184100423,3.0,5.0,0.5034498
0022500966,1610612744,Golden State,Warriors,GSW,warriors,1641764,Brandin,Podziemski,B. Podziemski,brandin-podziemski,G,,,35:53,35.88333333333333,8,17,0.471,5,10,0.5,4,5,0.8,3,7,10,2,0,0,0,2,25,-6.0,0022500966,Brandin Podziemski,brandin podziemski,,,2026-03-13,0,0.6967022758941013,0.08360427310729215,0.27868091035764053,0.0557361820715281,0.08360427310729215,1.0,1.0,1.0,4.0,7.0,2.0,9.0,1.0,3.0,0,0.0,0,0.0020399999999999997,-12.1,-5928.466438020579,-12.075315999999999,0.0,7.0,6.0,0.8804743
0022500966,1610612744,Golden State,Warriors,GSW,warriors,1642366,Quinten,Post,Q. Post,quinten-post,,,,11:29,11.483333333333333,2,4,0.5,1,2,0.5,2,2,1.0,0,3,3,1,0,0,1,0,7,-7.0,0022500966,Quinten Post,quinten post,,,2026-03-13,0,0.6095791001451379,0.0,0.2612481857764877,0.08708272859216257,0.0,7.0,10.0,4.0,7.0,7.0,2.0,10.0,10.0,1.0,0,0.0,0,0.0024,-30.4,-12661.391087047063,-30.32704,0.0,7.0,11.0,0.034843255
0022500966,1610612744,Golden State,Warriors,GSW,warriors,1642954,Will,Richard,W. Richard,will-richard,,,,29:16,29.266666666666666,0,3,0.0,0,3,0.0,0,0,0.0,1,4,5,0,1,0,1,3,0,1.0,0022500966,Will Richard,will richard,,,2026-03-13,1,0.0,0.03416856492027335,0.17084282460136674,0.0,0.0683371298405467,11.0,5.0,2.0,10.0,3.0,2.0,2.0,3.0,2.0,0,0.0,0,0.00054,3.3,6099.81515711645,3.298218,0.03416856492027335,3.0,8.0,0.034763888
0022500966,1610612744,Golden State,Warriors,GSW,warriors,203552,Seth,Curry,S. Curry,seth-curry,,,,7:08,7.133333333333334,0,2,0.0,0,0,0.0,0,0,0.0,1,0,1,1,0,0,0,0,0,-5.0,0022500966,Seth Curry,seth curry,,,2026-03-13,0,0.0,0.14018691588785046,0.14018691588785046,0.14018691588785046,0.14018691588785046,11.0,5.0,11.0,7.0,7.0,2.0,7.0,11.0,0.0,0,0.0,0,0.0011799999999999998,-33.3,-28196.443691786626,-33.260706,0.0,7.0,3.0,0.0027544927
0022500966,1610612744,Golden State,Warriors,GSW,warriors,1630311,Pat,Spencer,P. Spencer,pat-spencer,,,,18:51,18.85,3,6,0.5,1,3,0.333,0,0,0.0,0,2,2,3,1,0,2,2,7,-18.0,0022500966,Pat Spencer,pat spencer,,,2026-03-13,1,0.37135278514588854,0.0,0.10610079575596816,0.15915119363395225,0.05305039787798408,7.0,10.0,7.0,2.0,3.0,2.0,12.0,8.0,0.0,0,0.0,0,0.00167,-42.7,-25553.56074207062,-42.628691,0.05305039787798408,3.0,9.0,0.046192102
0022500966,1610612744,Golden State,Warriors,GSW,warriors,1627780,Gary,Payton II,G. Payton II,gary-payton-ii,,,,18:52,18.866666666666667,4,8,0.5,0,1,0.0,4,4,1.0,2,1,3,2,2,0,0,1,12,-5.0,0022500966,Gary Payton II,gary payton  ii,,,2026-03-13,2,0.6360424028268551,0.10600706713780919,0.15901060070671377,0.10600706713780919,0.21201413427561838,4.0,2.0,4.0,4.0,1.0,2.0,7.0,7.0,5.0,0,0.0,0,0.002,-8.8,-4397.801099450275,-8.7824,0.10600706713780919,2.0,2.0,0.6695067
0022500966,1610612744,Golden State,Warriors,GSW,warriors,1643018,LJ,Cryer,L. Cryer,lj-cryer,,,,19:23,19.383333333333333,2,6,0.333,0,4,0.0,4,4,1.0,1,1,2,0,0,0,0,1,8,-3.0,0022500966,LJ Cryer,lj cryer,,,2026-03-13,0,0.412725709372313,0.051590713671539126,0.10318142734307825,0.0,0.051590713671539126,6.0,5.0,7.0,10.0,7.0,2.0,4.0,6.0,0.0,0,0.0,0,0.00167,-7.3,-4368.641532016756,-7.287809,0.0,7.0,10.0,0.06256198
0022500966,1610612744,Golden State,Warriors,GSW,warriors,1642502,Malevy,Leons,M. Leons,malevy-leons,,,,13:35,13.583333333333334,2,6,0.333,0,2,0.0,2,2,1.0,1,1,2,1,0,0,0,2,6,7.0,0022500966,Malevy Leons,malevy leons,,,2026-03-13,0,0.44171779141104295,0.07361963190184048,0.14723926380368096,0.07361963190184048,0.07361963190184048,9.0,5.0,7.0,7.0,7.0,2.0,1.0,9.0,1.0,0,0.0,0,0.0017100000000000001,14.4,8416.13091759205,14.375376000000001,0.0,7.0,7.0,0.08797339
0022500981,1610612744,Golden State,Warriors,GSW,warriors,1642502,Malevy,Leons,M. Leons,malevy-leons,F,,,19:38,19.633333333333333,1,7,0.143,0,2,0.0,0,0,0.0,4,1,5,2,0,2,0,2,2,3.0,0022500981,Malevy Leons,malevy leons,,,2026-03-15,2,0.10186757215619695,0.2037351443123939,0.2546689303904924,0.10186757215619695,0.30560271646859083,8.0,1.0,3.0,6.0,5.0,2.0,3.0,7.0,3.0,0,0.0,0,0.00156,18.0,11531.069827033953,17.97192,0.10186757215619695,4.0,1.0,0.08383223
0022500981,1610612744,Golden State,Warriors,GSW,warriors,1630611,Gui,Santos,G. Santos,gui-santos,F,,,31:45,31.75,7,12,0.583,2,4,0.5,4,4,1.0,3,4,7,7,2,0,5,4,20,2.0,0022500981,Gui Santos,gui santos,,,2026-03-15,2,0.6299212598425197,0.09448818897637795,0.2204724409448819,0.2204724409448819,0.15748031496062992,3.0,2.0,1.0,1.0,2.0,4.0,4.0,3.0,3.0,0,0.0,0,0.0026,5.2,1999.2310649750098,5.1864799999999995,0.06299212598425197,4.0,2.0,0.72177124
0022500981,1610612744,Golden State,Warriors,GSW,warriors,1642366,Quinten,Post,Q. Post,quinten-post,C,,,35:26,35.43333333333333,9,16,0.563,4,10,0.4,0,0,0.0,1,2,3,3,0,3,4,3,22,5.0,0022500981,Quinten Post,quinten post,,,2026-03-15,3,0.620884289746002,0.028222013170272814,0.08466603951081844,0.08466603951081844,0.11288805268109126,2.0,3.0,6.0,5.0,5.0,1.0,2.0,2.0,1.0,0,0.0,0,0.0026,7.2,2768.166089965398,7.18128,0.08466603951081844,1.0,5.0,0.73935795
0022500981,1610612744,Golden State,Warriors,GSW,warriors,1641764,Brandin,Podziemski,B. Podziemski,brandin-podziemski,G,,,37:09,37.15,8,15,0.533,2,7,0.286,7,9,0.778,0,5,5,6,2,0,4,1,25,1.0,0022500981,Brandin Podziemski,brandin podziemski,,,2026-03-15,2,0.6729475100942127,0.0,0.13458950201884254,0.16150740242261105,0.05383580080753701,1.0,7.0,3.0,2.0,2.0,4.0,5.0,1.0,3.0,0,0.0,0,0.0027800000000000004,3.1,1114.7069399496581,3.091382,0.05383580080753701,4.0,7.0,0.77131814
0022500981,1610612744,Golden State,Warriors,GSW,warriors,1642954,Will,Richard,W. Richard,will-richard,G,,,29:01,29.016666666666666,2,3,0.667,1,2,0.5,0,0,0.0,1,1,2,1,3,0,2,4,5,7.0,0022500981,Will Richard,will richard,,,2026-03-15,3,0.17231476163124643,0.03446295232624928,0.06892590465249857,0.03446295232624928,0.13785180930499713,6.0,3.0,7.0,7.0,1.0,4.0,1.0,4.0,4.0,0,0.0,0,0.00075,10.3,13715.046604527297,10.292275,0.10338885697874785,1.0,4.0,0.13314715
0022500981,1610612744,Golden State,Warriors,GSW,warriors,1627780,Gary,Payton II,G. Payton II,gary-payton-ii,,,,27:44,27.733333333333334,8,13,0.615,3,6,0.5,0,0,0.0,1,5,6,4,2,1,0,2,19,-12.0,0022500981,Gary Payton II,gary payton  ii,,,2026-03-15,3,0.6850961538461539,0.036057692307692304,0.21634615384615383,0.14423076923076922,0.14423076923076922,4.0,3.0,2.0,3.0,2.0,3.0,10.0,5.0,4.0,0,0.0,0,0.0022,-9.1,-4134.484325306678,-9.079979999999999,0.10817307692307691,1.0,3.0,0.78656155
0022500981,1610612744,Golden State,Warriors,GSW,warriors,1631466,Nate,Williams,N. Williams,nate-williams,,,,10:23,10.383333333333333,1,2,0.5,0,0,0.0,0,0,0.0,0,0,0,0,0,0,1,1,2,-10.0,0022500981,Nate Williams,nate williams,,,2026-03-15,0,0.1926163723916533,0.0,0.0,0.0,0.0,8.0,7.0,10.0,8.0,5.0,4.0,9.0,10.0,1.0,0,0.0,0,0.0014299999999999998,-34.4,-24039.13347309574,-34.350808,0.0,7.0,8.0,0.0038942604
0022500981,1610612744,Golden State,Warriors,GSW,warriors,1643018,LJ,Cryer,L. Cryer,lj-cryer,,,,13:38,13.633333333333333,1,3,0.333,1,3,0.333,0,0,0.0,0,1,1,0,0,0,1,0,3,-3.0,0022500981,LJ Cryer,lj cryer,,,2026-03-15,0,0.22004889975550124,0.0,0.07334963325183375,0.0,0.0,7.0,7.0,9.0,8.0,5.0,4.0,7.0,8.0,1.0,0,0.0,0,0.0012900000000000001,-14.8,-11463.981409759876,-14.780908,0.0,7.0,8.0,0.012535261
0022500981,1610612744,Golden State,Warriors,GSW,warriors,1630311,Pat,Spencer,P. Spencer,pat-spencer,,,,22:43,22.716666666666665,3,8,0.375,1,3,0.333,2,2,1.0,0,2,2,4,0,0,0,1,9,-2.0,0022500981,Pat Spencer,pat spencer,,,2026-03-15,0,0.39618488628026416,0.0,0.0880410858400587,0.1760821716801174,0.0,5.0,7.0,7.0,3.0,5.0,4.0,6.0,6.0,1.0,0,0.0,0,0.0017599999999999998,0.4,227.14366837024423,0.39929600000000004,0.0,7.0,8.0,0.10976666
0022500981,1610612744,Golden State,Warriors,GSW,warriors,1630209,Omer,Yurtseven,O. Yurtseven,omer-yurtseven,,,,12:33,12.55,0,3,0.0,0,1,0.0,0,0,0.0,1,3,4,0,0,0,1,2,0,-6.0,0022500981,Omer Yurtseven,omer yurtseven,,,2026-03-15,0,0.0,0.0796812749003984,0.3187250996015936,0.0,0.0796812749003984,10.0,3.0,5.0,8.0,5.0,4.0,8.0,9.0,1.0,0,0.0,0,0.0012900000000000001,-20.2,-15646.785437645236,-20.173942,0.0,7.0,6.0,0.006440891
0022500984,1610612744,Golden State,Warriors,GSW,warriors,1642954,Will,Richard,W. Richard,will-richard,F,,,32:13,32.21666666666667,0,6,0.0,0,4,0.0,0,0,0.0,1,2,3,2,1,0,0,3,0,-2.0,0022500984,Will Richard,will richard,,,2026-03-16,1,0.0,0.031039834454216243,0.09311950336264872,0.062079668908432487,0.062079668908432487,10.0,4.0,7.0,7.0,5.0,3.0,9.0,1.0,4.0,0,0.0,0,0.00073,-4.3,-5882.35294117647,-4.296861,0.031039834454216243,5.0,10.0,0.012127468
0022500984,1610612744,Golden State,Warriors,GSW,warriors,1630611,Gui,Santos,G. Santos,gui-santos,F,,,27:57,27.95,7,10,0.7,4,6,0.667,0,0,0.0,1,3,4,5,1,0,1,5,18,20.0,0022500984,Gui Santos,gui santos,,,2026-03-16,1,0.6440071556350626,0.03577817531305903,0.14311270125223613,0.17889087656529518,0.07155635062611806,3.0,4.0,5.0,2.0,5.0,3.0,1.0,5.0,3.0,0,0.0,0,0.00157,35.8,22788.033099936347,35.743794,0.03577817531305903,5.0,8.0,0.9256244
0022500984,1610612744,Golden State,Warriors,GSW,warriors,203110,Draymond,Green,D. Green,draymond-green,C,,,28:32,28.533333333333335,2,8,0.25,1,5,0.2,0,0,0.0,3,5,8,7,2,0,3,1,5,-8.0,0022500984,Draymond Green,draymond green,,,2026-03-16,2,0.17523364485981308,0.10514018691588785,0.2803738317757009,0.24532710280373832,0.17523364485981308,8.0,1.0,1.0,1.0,1.0,3.0,11.0,3.0,3.0,0,0.0,0,0.00145,-16.5,-11371.46795313577,-16.476075,0.07009345794392523,3.0,5.0,0.060453255
0022500984,1610612744,Golden State,Warriors,GSW,warriors,1641764,Brandin,Podziemski,B. Podziemski,brandin-podziemski,G,,,28:18,28.3,3,11,0.273,1,4,0.25,3,4,0.75,1,3,4,3,1,0,1,2,10,8.0,0022500984,Brandin Podziemski,brandin podziemski,,,2026-03-16,1,0.35335689045936397,0.0353356890459364,0.1413427561837456,0.10600706713780919,0.0706713780918728,5.0,4.0,5.0,6.0,5.0,3.0,3.0,4.0,3.0,0,0.0,0,0.00194,14.5,7470.376094796497,14.47187,0.0353356890459364,5.0,9.0,0.11448942
0022500984,1610612744,Golden State,Warriors,GSW,warriors,1629001,De'Anthony,Melton,D. Melton,deanthony-melton,G,,,30:26,30.433333333333334,12,17,0.706,0,2,0.0,3,3,1.0,1,4,5,4,2,0,3,0,27,10.0,0022500984,De'Anthony Melton,de'anthony melton,,,2026-03-16,2,0.8871851040525739,0.03285870755750274,0.16429353778751368,0.13143483023001096,0.09857612267250822,2.0,4.0,3.0,3.0,1.0,3.0,2.0,2.0,4.0,0,0.0,0,0.00266,16.2,6087.936865839909,16.156907999999998,0.06571741511500548,3.0,6.0,0.84155005
0022500984,1610612744,Golden State,Warriors,GSW,warriors,1627780,Gary,Payton II,G. Payton II,gary-payton-ii,,,,23:37,23.616666666666667,7,10,0.7,0,0,0.0,1,3,0.333,2,4,6,2,2,1,2,5,15,-6.0,0022500984,Gary Payton II,gary payton  ii,,,2026-03-16,3,0.6351446718419196,0.08468595624558928,0.25405786873676783,0.08468595624558928,0.21171489061397317,4.0,2.0,2.0,7.0,1.0,2.0,10.0,7.0,3.0,0,0.0,0,0.0020599999999999998,-11.8,-5725.376031052888,-11.775692000000001,0.12702893436838392,2.0,3.0,0.7052492
0022500984,1610612744,Golden State,Warriors,GSW,warriors,1630311,Pat,Spencer,P. Spencer,pat-spencer,,,,21:51,21.85,3,9,0.333,2,4,0.5,2,2,1.0,1,2,3,4,1,0,1,0,10,2.0,0022500984,Pat Spencer,pat spencer,,,2026-03-16,1,0.45766590389016015,0.04576659038901602,0.13729977116704806,0.18306636155606407,0.09153318077803203,5.0,4.0,7.0,3.0,5.0,3.0,6.0,8.0,2.0,0,0.0,0,0.00196,4.2,2141.7644059153495,4.191768000000001,0.04576659038901602,5.0,7.0,0.16551702
0022500984,1610612744,Golden State,Warriors,GSW,warriors,204001,Kristaps,Porziņģis,K. Porziņģis,kristaps-porziņģis,,,,25:43,25.716666666666665,8,13,0.615,1,5,0.2,13,14,0.929,1,4,5,4,2,3,3,2,30,7.0,0022500984,Kristaps Porziņģis,kristaps porziņģis,,,2026-03-16,5,1.1665586519766689,0.0388852883992223,0.19442644199611148,0.1555411535968892,0.2333117303953338,1.0,4.0,3.0,3.0,1.0,1.0,4.0,6.0,3.0,0,0.0,0,0.0034899999999999996,15.1,4325.408192494987,15.047301,0.19442644199611148,1.0,2.0,0.8972062
0022500984,1610612744,Golden State,Warriors,GSW,warriors,1642502,Malevy,Leons,M. Leons,malevy-leons,,,,15:41,15.683333333333334,4,5,0.8,0,1,0.0,0,0,0.0,2,0,2,0,1,0,1,2,8,2.0,0022500984,Malevy Leons,malevy leons,,,2026-03-16,1,0.51009564293305,0.1275239107332625,0.1275239107332625,0.0,0.19128586609989373,7.0,2.0,9.0,10.0,5.0,3.0,6.0,9.0,1.0,0,0.0,0,0.00154,9.4,6099.93510707333,9.385524,0.06376195536663125,5.0,4.0,0.6518775
0022500984,1610612744,Golden State,Warriors,GSW,warriors,1631466,Nate,Williams,N. Williams,nate-williams,,,,3:27,3.45,0,2,0.0,0,1,0.0,0,0,0.0,1,0,1,0,0,0,0,0,0,6.0,0022500984,Nate Williams,nate williams,,,2026-03-16,0,0.0,0.2898550724637681,0.2898550724637681,0.0,0.2898550724637681,10.0,4.0,10.0,10.0,10.0,3.0,5.0,10.0,0.0,0,0.0,0,0.00222,85.7,38586.22242233228,85.509746,0.0,10.0,1.0,0.007187722
0022500984,1610612744,Golden State,Warriors,GSW,warriors,1630209,Omer,Yurtseven,O. Yurtseven,omer-yurtseven,,,,2:17,2.283333333333333,0,0,0.0,0,0,0.0,2,2,1.0,0,0,0,1,0,0,0,1,2,1.0,0022500984,Omer Yurtseven,omer yurtseven,,,2026-03-16,0,0.8759124087591241,0.0,0.0,0.43795620437956206,0.0,9.0,11.0,11.0,9.0,10.0,3.0,8.0,11.0,0.0,0,0.0,0,0.00167,43.3,25912.627169359665,43.227689,0.0,10.0,11.0,0.004589873
0022500999,1610612744,Golden State,Warriors,GSW,warriors,1630611,Gui,Santos,G. Santos,gui-santos,F,,,28:03,28.05,5,12,0.417,0,4,0.0,3,3,1.0,0,5,5,0,0,0,3,4,13,-4.0,0022500999,Gui Santos,gui santos,,,2026-03-18,0,0.46345811051693403,0.0,0.17825311942959002,0.0,0.0,3.0,7.0,3.0,10.0,8.0,3.0,4.0,2.0,0.0,0,0.0,0,0.00246,-5.0,-2031.6944331572531,-4.9877,0.0,8.0,9.0,0.28674895
0022500999,1610612744,Golden State,Warriors,GSW,warriors,203110,Draymond,Green,D. Green,draymond-green,F,,,31:58,31.966666666666665,5,12,0.417,3,7,0.429,0,0,0.0,2,3,5,5,1,0,4,1,13,-12.0,0022500999,Draymond Green,draymond green,,,2026-03-18,1,0.40667361835245047,0.06256517205422316,0.15641293013555788,0.15641293013555788,0.09384775808133473,3.0,2.0,3.0,1.0,4.0,3.0,8.0,1.0,1.0,0,0.0,0,0.0020499999999999997,-16.4,-7996.099463676255,-16.36638,0.03128258602711158,5.0,6.0,0.51410854
0022500999,1610612744,Golden State,Warriors,GSW,warriors,204001,Kristaps,Porziņģis,K. Porziņģis,kristaps-porziņģis,C,,,22:30,22.5,4,13,0.308,2,7,0.286,1,4,0.25,2,3,5,2,2,2,0,1,11,3.0,0022500999,Kristaps Porziņģis,kristaps porziņģis,,,2026-03-18,4,0.4888888888888889,0.08888888888888889,0.2222222222222222,0.08888888888888889,0.26666666666666666,5.0,2.0,3.0,5.0,2.0,1.0,1.0,6.0,1.0,0,0.0,0,0.00254,6.1,2400.6296733569457,6.084505999999999,0.17777777777777778,1.0,3.0,0.70480704
0022500999,1610612744,Golden State,Warriors,GSW,warriors,1629001,De'Anthony,Melton,D. Melton,deanthony-melton,G,,,23:21,23.35,2,9,0.222,1,6,0.167,0,0,0.0,1,0,1,2,1,1,1,2,5,-13.0,0022500999,De'Anthony Melton,de'anthony melton,,,2026-03-18,2,0.2141327623126338,0.042826552462526764,0.042826552462526764,0.08565310492505353,0.1284796573875803,9.0,6.0,9.0,5.0,4.0,2.0,10.0,5.0,0.0,0,0.0,0,0.00169,-27.1,-16026.02010644589,-27.054201000000003,0.08565310492505353,3.0,4.0,0.0152950175
0022500999,1610612744,Golden State,Warriors,GSW,warriors,1641764,Brandin,Podziemski,B. Podziemski,brandin-podziemski,G,,,27:48,27.8,1,8,0.125,1,7,0.143,7,10,0.7,2,4,6,5,1,0,2,2,10,-11.0,0022500999,Brandin Podziemski,brandin podziemski,,,2026-03-18,1,0.3597122302158273,0.07194244604316546,0.2158273381294964,0.17985611510791366,0.1079136690647482,6.0,2.0,1.0,1.0,4.0,3.0,7.0,3.0,1.0,0,0.0,0,0.0022400000000000002,-24.3,-10843.373493975902,-24.245568,0.03597122302158273,5.0,5.0,0.06752503
0022500999,1610612744,Golden State,Warriors,GSW,warriors,1627780,Gary,Payton II,G. Payton II,gary-payton-ii,,,,20:47,20.783333333333335,7,11,0.636,0,3,0.0,0,0,0.0,5,1,6,4,4,0,0,2,14,-17.0,0022500999,Gary Payton II,gary payton  ii,,,2026-03-18,4,0.673616680032077,0.24057738572574175,0.28869286287089013,0.19246190858059342,0.43303929430633514,1.0,1.0,1.0,3.0,1.0,3.0,11.0,7.0,4.0,0,0.0,0,0.0020399999999999997,-41.8,-20480.15678588927,-41.714727999999994,0.19246190858059342,1.0,1.0,0.92055714
0022500999,1610612744,Golden State,Warriors,GSW,warriors,1630311,Pat,Spencer,P. Spencer,pat-spencer,,,,20:25,20.416666666666668,5,11,0.455,2,3,0.667,2,2,1.0,0,1,1,2,1,0,3,1,14,-8.0,0022500999,Pat Spencer,pat spencer,,,2026-03-18,1,0.6857142857142857,0.0,0.04897959183673469,0.09795918367346938,0.04897959183673469,1.0,7.0,9.0,5.0,4.0,3.0,6.0,9.0,1.0,0,0.0,0,0.00268,-19.1,-7124.207385303991,-19.048812,0.04897959183673469,5.0,8.0,0.8235987
0022500999,1610612744,Golden State,Warriors,GSW,warriors,1642366,Quinten,Post,Q. Post,quinten-post,,,,20:32,20.533333333333335,2,4,0.5,1,2,0.5,1,2,0.5,0,5,5,3,0,0,0,2,6,-21.0,0022500999,Quinten Post,quinten post,,,2026-03-18,0,0.2922077922077922,0.0,0.24350649350649348,0.1461038961038961,0.0,8.0,7.0,3.0,4.0,8.0,3.0,12.0,8.0,0.0,0,0.0,0,0.00106,-56.2,-52968.89726672951,-56.14042800000001,0.0,8.0,9.0,0.022733282
0022500999,1610612744,Golden State,Warriors,GSW,warriors,1642954,Will,Richard,W. Richard,will-richard,,,,25:09,25.15,3,6,0.5,0,3,0.0,1,1,1.0,0,2,2,2,2,0,0,0,7,-7.0,0022500999,Will Richard,will richard,,,2026-03-18,2,0.2783300198807157,0.0,0.07952286282306163,0.07952286282306163,0.07952286282306163,7.0,7.0,7.0,5.0,2.0,3.0,5.0,4.0,1.0,0,0.0,0,0.00095,-9.1,-9568.874868559411,-9.091355,0.07952286282306163,3.0,7.0,0.072828904
0022500999,1610612744,Golden State,Warriors,GSW,warriors,1642502,Malevy,Leons,M. Leons,malevy-leons,,,,9:54,9.9,0,1,0.0,0,0,0.0,0,0,0.0,0,1,1,0,0,0,1,1,0,-12.0,0022500999,Malevy Leons,malevy leons,,,2026-03-18,0,0.0,0.0,0.10101010101010101,0.0,0.0,12.0,7.0,9.0,10.0,8.0,3.0,8.0,10.0,0.0,0,0.0,0,0.00077,-46.7,-60570.68741893645,-46.664041,0.0,8.0,9.0,0.003906404
0022500999,1610612744,Golden State,Warriors,GSW,warriors,1630209,Omer,Yurtseven,O. Yurtseven,omer-yurtseven,,,,4:58,4.966666666666667,2,3,0.667,0,1,0.0,0,0,0.0,2,0,2,0,0,0,0,1,4,-3.0,0022500999,Omer Yurtseven,omer yurtseven,,,2026-03-18,0,0.8053691275167785,0.40268456375838924,0.40268456375838924,0.0,0.40268456375838924,10.0,2.0,7.0,10.0,8.0,3.0,3.0,11.0,1.0,0,0.0,0,0.00214,-16.0,-7473.143390938813,-15.96576,0.0,8.0,2.0,0.06168555
0022500999,1610612744,Golden State,Warriors,GSW,warriors,1631466,Nate,Williams,N. Williams,nate-williams,,,,4:35,4.583333333333333,0,0,0.0,0,0,0.0,2,2,1.0,0,0,0,1,0,0,0,0,2,0.0,0022500999,Nate Williams,nate williams,,,2026-03-18,0,0.4363636363636364,0.0,0.0,0.2181818181818182,0.0,11.0,7.0,12.0,9.0,8.0,3.0,2.0,12.0,1.0,0,0.0,0,0.00077,0.0,0.0,0.0,0.0,8.0,9.0,0.0056153033
0022501017,1610612744,Golden State,Warriors,GSW,warriors,1630611,Gui,Santos,G. Santos,gui-santos,F,,,29:47,29.783333333333335,4,10,0.4,1,4,0.25,4,4,1.0,0,5,5,5,0,0,3,3,13,-3.0,0022501017,Gui Santos,gui santos,,,2026-03-20,0,0.43648573027420257,0.0,0.16787912702853944,0.16787912702853944,0.0,4.0,6.0,3.0,2.0,7.0,6.0,3.0,2.0,0.0,0,0.0,0,0.00214,-4.7,-2195.2358710882763,-4.689942,0.0,10.0,11.0,0.32008868
0022501017,1610612744,Golden State,Warriors,GSW,warriors,203110,Draymond,Green,D. Green,draymond-green,F,,,22:15,22.25,0,2,0.0,0,2,0.0,0,0,0.0,1,4,5,6,1,1,4,2,0,-15.0,0022501017,Draymond Green,draymond green,,,2026-03-20,2,0.0,0.0449438202247191,0.2247191011235955,0.2696629213483146,0.1348314606741573,11.0,2.0,3.0,1.0,1.0,2.0,10.0,7.0,2.0,0,0.0,0,0.00113,-30.6,-27055.702917771887,-30.565422,0.0898876404494382,1.0,3.0,0.008550569
0022501017,1610612744,Golden State,Warriors,GSW,warriors,204001,Kristaps,Porziņģis,K. Porziņģis,kristaps-porziņģis,C,,,10:58,10.966666666666667,1,5,0.2,1,4,0.25,2,2,1.0,0,3,3,0,0,2,1,1,5,-6.0,0022501017,Kristaps Porziņģis,kristaps porziņģis,,,2026-03-20,2,0.45592705167173253,0.0,0.2735562310030395,0.0,0.182370820668693,9.0,6.0,7.0,9.0,7.0,1.0,6.0,11.0,2.0,0,0.0,0,0.0028000000000000004,-13.9,-4962.513388075687,-13.86108,0.182370820668693,1.0,2.0,0.017904788
0022501017,1610612744,Golden State,Warriors,GSW,warriors,1629001,De'Anthony,Melton,D. Melton,deanthony-melton,G,,,22:44,22.733333333333334,5,14,0.357,2,6,0.333,2,3,0.667,1,3,4,0,0,1,4,0,14,-21.0,0022501017,De'Anthony Melton,de'anthony melton,,,2026-03-20,1,0.6158357771260997,0.0439882697947214,0.1759530791788856,0.0,0.0879765395894428,2.0,2.0,5.0,9.0,7.0,2.0,11.0,5.0,3.0,0,0.0,0,0.00322,-39.9,-12387.457311393975,-39.771522,0.0439882697947214,4.0,6.0,0.68559426
0022501017,1610612744,Golden State,Warriors,GSW,warriors,1641764,Brandin,Podziemski,B. Podziemski,brandin-podziemski,G,,,30:25,30.416666666666668,4,10,0.4,2,4,0.5,5,6,0.833,0,6,6,3,1,1,2,1,15,-6.0,0022501017,Brandin Podziemski,brandin podziemski,,,2026-03-20,2,0.4931506849315068,0.0,0.19726027397260273,0.09863013698630137,0.06575342465753424,1.0,6.0,1.0,3.0,1.0,2.0,6.0,1.0,2.0,0,0.0,0,0.0020499999999999997,-7.5,-3656.752803510483,-7.484625,0.06575342465753424,1.0,7.0,0.68585813
0022501017,1610612744,Golden State,Warriors,GSW,warriors,1627780,Gary,Payton II,G. Payton II,gary-payton-ii,,,,24:50,24.833333333333332,6,8,0.75,1,2,0.5,1,2,0.5,0,3,3,3,1,0,1,2,14,-3.0,0022501017,Gary Payton II,gary payton  ii,,,2026-03-20,1,0.563758389261745,0.0,0.12080536912751678,0.12080536912751678,0.04026845637583893,2.0,6.0,7.0,3.0,1.0,6.0,3.0,4.0,4.0,0,0.0,0,0.0017499999999999998,-12.0,-6853.226727584239,-11.979,0.04026845637583893,4.0,9.0,0.8090507
0022501017,1610612744,Golden State,Warriors,GSW,warriors,1630311,Pat,Spencer,P. Spencer,pat-spencer,,,,22:30,22.5,3,6,0.5,0,3,0.0,0,0,0.0,1,3,4,2,0,1,2,0,6,-8.0,0022501017,Pat Spencer,pat spencer,,,2026-03-20,1,0.26666666666666666,0.044444444444444446,0.17777777777777778,0.08888888888888889,0.08888888888888889,8.0,2.0,5.0,5.0,7.0,2.0,8.0,6.0,0.0,0,0.0,0,0.0013800000000000002,-21.5,-15568.42867487328,-21.47033,0.044444444444444446,4.0,5.0,0.049975466
0022501017,1610612744,Golden State,Warriors,GSW,warriors,1643018,LJ,Cryer,L. Cryer,lj-cryer,,,,16:02,16.033333333333335,3,6,0.5,3,5,0.6,1,1,1.0,0,0,0,1,1,0,2,1,10,2.0,0022501017,LJ Cryer,lj cryer,,,2026-03-20,1,0.6237006237006236,0.0,0.0,0.06237006237006237,0.06237006237006237,6.0,6.0,11.0,7.0,1.0,6.0,1.0,9.0,1.0,0,0.0,0,0.0019,-5.9,-3103.6296685954762,-5.88879,0.06237006237006237,4.0,8.0,0.19880532
0022501017,1610612744,Golden State,Warriors,GSW,warriors,1630209,Omer,Yurtseven,O. Yurtseven,omer-yurtseven,,,,20:58,20.966666666666665,3,7,0.429,0,0,0.0,2,6,0.333,6,0,6,2,1,0,3,3,8,2.0,0022501017,Omer Yurtseven,omer yurtseven,,,2026-03-20,1,0.3815580286168522,0.28616852146263916,0.28616852146263916,0.09538950715421304,0.33386327503974567,7.0,1.0,1.0,5.0,1.0,6.0,1.0,8.0,0.0,0,0.0,0,0.00241,4.5,1866.4454583160514,4.489155,0.04769475357710652,4.0,1.0,0.3672495
0022501017,1610612744,Golden State,Warriors,GSW,warriors,1642954,Will,Richard,W. Richard,will-richard,,,,28:17,28.283333333333335,4,5,0.8,1,2,0.5,2,2,1.0,0,1,1,0,1,0,2,3,11,-4.0,0022501017,Will Richard,will richard,,,2026-03-20,1,0.38892162639952854,0.0,0.03535651149086623,0.0,0.03535651149086623,5.0,6.0,9.0,9.0,1.0,6.0,5.0,3.0,2.0,0,0.0,0,0.00111,-8.2,-7380.73807380738,-8.190897999999999,0.03535651149086623,4.0,10.0,0.36710006
0022501017,1610612744,Golden State,Warriors,GSW,warriors,1642502,Malevy,Leons,M. Leons,malevy-leons,,,,11:14,11.233333333333333,2,3,0.667,1,1,1.0,0,0,0.0,1,0,1,1,0,0,1,1,5,-8.0,0022501017,Malevy Leons,malevy leons,,,2026-03-20,0,0.4451038575667656,0.08902077151335312,0.08902077151335312,0.08902077151335312,0.08902077151335312,9.0,2.0,9.0,7.0,7.0,6.0,8.0,10.0,0.0,0,0.0,0,0.00121,-33.3,-27497.93559042114,-33.259707,0.0,10.0,4.0,0.017743228
0022501026,1610612744,Golden State,Warriors,GSW,warriors,1630611,Gui,Santos,G. Santos,gui-santos,F,,,23:43,23.716666666666665,0,2,0.0,0,0,0.0,2,4,0.5,0,2,2,6,2,0,4,2,2,-29.0,0022501026,Gui Santos,gui santos,,,2026-03-21,2,0.084328882642305,0.0,0.084328882642305,0.252986647926915,0.084328882642305,9.0,7.0,6.0,1.0,1.0,3.0,11.0,6.0,2.0,0,1.0,0,0.00145,-60.9,-41971.054445210204,-60.811695,0.084328882642305,2.0,6.0,0.009425857
0022501026,1610612744,Golden State,Warriors,GSW,warriors,203110,Draymond,Green,D. Green,draymond-green,F,,,26:06,26.1,4,8,0.5,2,6,0.333,3,4,0.75,0,6,6,4,0,0,2,3,13,-21.0,0022501026,Draymond Green,draymond green,,,2026-03-21,0,0.49808429118773945,0.0,0.22988505747126436,0.1532567049808429,0.0,4.0,7.0,1.0,2.0,8.0,3.0,10.0,4.0,1.0,0,0.0,0,0.002,-40.7,-20339.83008495752,-40.6186,0.0,9.0,9.0,0.19016825
0022501026,1610612744,Golden State,Warriors,GSW,warriors,1642366,Quinten,Post,Q. Post,quinten-post,C,,,14:24,14.4,3,6,0.5,2,5,0.4,0,0,0.0,2,1,3,1,0,1,1,2,8,-1.0,0022501026,Quinten Post,quinten post,,,2026-03-21,1,0.5555555555555556,0.1388888888888889,0.20833333333333331,0.06944444444444445,0.20833333333333331,7.0,1.0,5.0,6.0,8.0,1.0,6.0,10.0,0.0,0,0.0,0,0.00212,-3.3,-1555.8698727015558,-3.293004,0.06944444444444445,3.0,2.0,0.28422275
0022501026,1610612744,Golden State,Warriors,GSW,warriors,1629001,De'Anthony,Melton,D. Melton,deanthony-melton,G,,,21:43,21.716666666666665,7,15,0.467,2,7,0.286,4,4,1.0,1,1,2,4,1,0,1,1,20,-17.0,0022501026,De'Anthony Melton,de'anthony melton,,,2026-03-21,1,0.9209516500383731,0.046047582501918656,0.09209516500383731,0.18419033000767462,0.09209516500383731,1.0,3.0,6.0,2.0,3.0,3.0,8.0,7.0,3.0,0,0.0,0,0.0032700000000000003,-35.4,-10822.378477529805,-35.284242,0.046047582501918656,3.0,5.0,0.837665
0022501026,1610612744,Golden State,Warriors,GSW,warriors,1641764,Brandin,Podziemski,B. Podziemski,brandin-podziemski,G,,,24:22,24.366666666666667,2,6,0.333,0,4,0.0,1,1,1.0,0,0,0,1,0,0,3,0,5,-20.0,0022501026,Brandin Podziemski,brandin podziemski,,,2026-03-21,0,0.2051983584131327,0.0,0.0,0.04103967168262654,0.0,8.0,7.0,10.0,6.0,8.0,3.0,9.0,5.0,2.0,0,0.0,0,0.00155,-35.2,-22695.035460992913,-35.14544,0.0,9.0,9.0,0.010582529
0022501026,1610612744,Golden State,Warriors,GSW,warriors,1642954,Will,Richard,W. Richard,will-richard,,,,30:60,31.0,4,7,0.571,1,4,0.25,0,0,0.0,2,3,5,1,1,0,3,4,9,-12.0,0022501026,Will Richard,will richard,,,2026-03-21,1,0.2903225806451613,0.06451612903225806,0.16129032258064516,0.03225806451612903,0.0967741935483871,6.0,1.0,2.0,6.0,3.0,3.0,7.0,1.0,3.0,0,0.0,0,0.00132,-23.1,-17486.752460257383,-23.069508000000003,0.03225806451612903,3.0,4.0,0.21645218
0022501026,1610612744,Golden State,Warriors,GSW,warriors,1630311,Pat,Spencer,P. Spencer,pat-spencer,,,,26:12,26.2,8,14,0.571,2,4,0.5,0,0,0.0,0,0,0,3,1,0,1,1,18,2.0,0022501026,Pat Spencer,pat spencer,,,2026-03-21,1,0.6870229007633588,0.0,0.0,0.11450381679389313,0.03816793893129771,3.0,7.0,10.0,4.0,3.0,3.0,4.0,3.0,3.0,0,0.0,0,0.00231,-2.2,-951.968844655993,-2.194918,0.03816793893129771,3.0,8.0,0.79700416
0022501026,1610612744,Golden State,Warriors,GSW,warriors,1643018,LJ,Cryer,L. Cryer,lj-cryer,,,,19:27,19.45,4,11,0.364,4,9,0.444,0,0,0.0,0,2,2,0,0,0,2,3,12,6.0,0022501026,LJ Cryer,lj cryer,,,2026-03-21,0,0.6169665809768637,0.0,0.10282776349614396,0.0,0.0,5.0,7.0,6.0,10.0,8.0,3.0,2.0,8.0,3.0,0,0.0,0,0.00302,9.8,3243.9589539887456,9.770404000000001,0.0,9.0,9.0,0.76500607
0022501026,1610612744,Golden State,Warriors,GSW,warriors,1631466,Nate,Williams,N. Williams,nate-williams,,,,28:40,28.666666666666668,8,9,0.889,2,2,1.0,1,2,0.5,1,3,4,2,1,0,2,4,19,1.0,0022501026,Nate Williams,nate williams,,,2026-03-21,1,0.6627906976744186,0.03488372093023256,0.13953488372093023,0.06976744186046512,0.06976744186046512,2.0,3.0,3.0,5.0,3.0,3.0,5.0,2.0,2.0,0,0.0,0,0.0017100000000000001,4.9,2863.8223261250732,4.891621000000001,0.03488372093023256,3.0,7.0,0.8543993
0022501026,1610612744,Golden State,Warriors,GSW,warriors,1642502,Malevy,Leons,M. Leons,malevy-leons,,,,9:17,9.283333333333333,1,2,0.5,0,0,0.0,0,0,0.0,1,0,1,0,2,1,0,0,2,7.0,0022501026,Malevy Leons,malevy leons,,,2026-03-21,3,0.21543985637342908,0.10771992818671454,0.10771992818671454,0.0,0.43087971274685816,9.0,3.0,9.0,10.0,1.0,1.0,1.0,11.0,2.0,0,0.0,0,0.00074,31.8,42914.97975708502,31.776468,0.3231597845601436,1.0,1.0,0.12319153
0022501026,1610612744,Golden State,Warriors,GSW,warriors,1630209,Omer,Yurtseven,O. Yurtseven,omer-yurtseven,,,,15:08,15.133333333333333,0,2,0.0,0,1,0.0,2,2,1.0,1,3,4,1,1,0,2,1,2,4.0,0022501026,Omer Yurtseven,omer yurtseven,,,2026-03-21,1,0.13215859030837004,0.06607929515418502,0.2643171806167401,0.06607929515418502,0.13215859030837004,9.0,3.0,3.0,6.0,3.0,3.0,3.0,9.0,2.0,0,0.0,0,0.0011899999999999999,8.7,7304.7858942065495,8.689646999999999,0.06607929515418502,3.0,3.0,0.02691788
0022501044,1610612744,Golden State,Warriors,GSW,warriors,1630541,Moses,Moody,M. Moody,moses-moody,F,,,34:11,34.18333333333333,8,20,0.4,4,11,0.364,3,4,0.75,1,2,3,3,3,2,2,4,23,7.0,0022501044,Moses Moody,moses moody,,,2026-03-23,5,0.6728425158459289,0.029254022428083865,0.0877620672842516,0.0877620672842516,0.1755241345685032,1.0,6.0,8.0,7.0,1.0,1.0,1.0,4.0,4.0,0,0.0,0,0.00255,3.4,1332.8106624852996,3.39133,0.14627011214041932,1.0,2.0,0.8604546
0022501044,1610612744,Golden State,Warriors,GSW,warriors,203110,Draymond,Green,D. Green,draymond-green,F,,,38:29,38.483333333333334,5,11,0.455,0,5,0.0,1,2,0.5,2,5,7,6,3,0,6,3,11,-4.0,0022501044,Draymond Green,draymond green,,,2026-03-23,3,0.28583802511909917,0.0519705500216544,0.1818969250757904,0.1559116500649632,0.12992637505413598,8.0,3.0,2.0,1.0,1.0,4.0,9.0,2.0,4.0,0,0.0,0,0.0017100000000000001,-6.2,-3623.6119228521334,-6.189398000000001,0.0779558250324816,2.0,6.0,0.18407604
0022501044,1610612744,Golden State,Warriors,GSW,warriors,204001,Kristaps,Porziņģis,K. Porziņģis,kristaps-porziņģis,C,,,29:12,29.2,7,17,0.412,2,6,0.333,6,7,0.857,2,5,7,5,1,0,2,3,22,3.0,0022501044,Kristaps Porziņģis,kristaps porziņģis,,,2026-03-23,1,0.7534246575342466,0.0684931506849315,0.2397260273972603,0.17123287671232876,0.10273972602739727,2.0,3.0,2.0,3.0,6.0,4.0,6.0,5.0,1.0,0,0.0,0,0.00272,-2.1,-771.7750826901873,-2.094288,0.03424657534246575,7.0,7.0,0.7943971
0022501044,1610612744,Golden State,Warriors,GSW,warriors,1629001,De'Anthony,Melton,D. Melton,deanthony-melton,G,,,22:32,22.533333333333335,0,6,0.0,0,3,0.0,0,0,0.0,2,4,6,5,3,0,7,3,0,-1.0,0022501044,De'Anthony Melton,de'anthony melton,,,2026-03-23,3,0.0,0.08875739644970414,0.2662721893491124,0.22189349112426035,0.22189349112426035,10.0,3.0,4.0,3.0,1.0,4.0,8.0,6.0,2.0,0,0.0,0,0.00217,-4.8,-2210.962690004606,-4.789584,0.1331360946745562,2.0,1.0,0.025549112
0022501044,1610612744,Golden State,Warriors,GSW,warriors,1641764,Brandin,Podziemski,B. Podziemski,brandin-podziemski,G,,,40:29,40.483333333333334,8,15,0.533,2,6,0.333,2,2,1.0,5,5,10,6,1,1,3,1,20,3.0,0022501044,Brandin Podziemski,brandin podziemski,,,2026-03-23,2,0.4940304652120214,0.12350761630300534,0.2470152326060107,0.14820913956360643,0.1729106628242075,3.0,1.0,1.0,1.0,6.0,2.0,6.0,1.0,2.0,0,0.0,0,0.0017399999999999998,-0.5,-287.19126938541075,-0.49913,0.04940304652120214,5.0,3.0,0.71754515
0022501044,1610612744,Golden State,Warriors,GSW,warriors,1643018,LJ,Cryer,L. Cryer,lj-cryer,,,,19:02,19.033333333333335,5,7,0.714,4,6,0.667,0,0,0.0,1,3,4,1,0,0,0,3,14,7.0,0022501044,LJ Cryer,lj cryer,,,2026-03-23,0,0.7355516637478108,0.052539404553415055,0.21015761821366022,0.052539404553415055,0.052539404553415055,6.0,6.0,6.0,9.0,9.0,4.0,1.0,8.0,0.0,0,0.0,0,0.0014299999999999998,11.0,7686.932215234104,10.984269999999999,0.0,9.0,9.0,0.85409033
0022501044,1610612744,Golden State,Warriors,GSW,warriors,1642954,Will,Richard,W. Richard,will-richard,,,,12:00,12.0,4,5,0.8,4,4,1.0,0,0,0.0,0,0,0,1,1,0,0,2,12,-4.0,0022501044,Will Richard,will richard,,,2026-03-23,1,1.0,0.0,0.0,0.08333333333333333,0.08333333333333333,7.0,9.0,10.0,9.0,6.0,4.0,9.0,10.0,1.0,0,0.0,0,0.00172,-9.1,-5287.623474723998,-9.084347999999999,0.08333333333333333,7.0,8.0,0.57025033
0022501044,1610612744,Golden State,Warriors,GSW,warriors,1630611,Gui,Santos,G. Santos,gui-santos,,,,35:13,35.21666666666667,5,10,0.5,0,5,0.0,6,8,0.75,3,3,6,5,2,1,3,3,16,7.0,0022501044,Gui Santos,gui santos,,,2026-03-23,3,0.45433033601514433,0.08518693800283957,0.17037387600567913,0.1419782300047326,0.17037387600567913,5.0,2.0,4.0,3.0,4.0,2.0,1.0,3.0,4.0,0,0.0,0,0.00172,10.6,6159.209761766415,10.581767999999999,0.08518693800283957,2.0,4.0,0.7538714
0022501044,1610612744,Golden State,Warriors,GSW,warriors,1627780,Gary,Payton II,G. Payton II,gary-payton-ii,,,,21:26,21.433333333333334,8,8,1.0,1,1,1.0,0,1,0.0,1,3,4,3,2,0,0,3,17,7.0,0022501044,Gary Payton II,gary payton  ii,,,2026-03-23,2,0.7931570762052877,0.04665629860031104,0.18662519440124417,0.13996889580093314,0.13996889580093314,4.0,6.0,6.0,7.0,4.0,4.0,1.0,7.0,3.0,0,0.0,0,0.00145,14.3,9855.272226051002,14.279265,0.09331259720062209,5.0,5.0,0.9103217
0022501044,1610612744,Golden State,Warriors,GSW,warriors,1630311,Pat,Spencer,P. Spencer,pat-spencer,,,,12:26,12.433333333333334,1,2,0.5,0,0,0.0,0,0,0.0,0,2,2,4,0,0,1,0,2,5.0,0022501044,Pat Spencer,pat spencer,,,2026-03-23,0,0.16085790884718498,0.0,0.16085790884718498,0.32171581769436997,0.0,9.0,9.0,9.0,6.0,9.0,4.0,5.0,9.0,0.0,0,0.0,0,0.00091,23.3,25576.28979143798,23.278797,0.0,9.0,10.0,0.010332984
0022501060,1610612744,Golden State,Warriors,GSW,warriors,1630611,Gui,Santos,G. Santos,gui-santos,F,,,34:54,34.9,11,16,0.688,4,6,0.667,5,8,0.625,0,3,3,1,2,1,5,1,31,-6.0,0022501060,Gui Santos,gui santos,,,2026-03-25,3,0.8882521489971347,0.0,0.08595988538681949,0.02865329512893983,0.08595988538681949,1.0,6.0,6.0,8.0,2.0,1.0,7.0,2.0,1.0,0,0.0,0,0.00308,-6.7,-2174.618630314833,-6.6793640000000005,0.08595988538681949,2.0,7.0,0.84145147
0022501060,1610612744,Golden State,Warriors,GSW,warriors,203110,Draymond,Green,D. Green,draymond-green,F,,,33:36,33.6,2,4,0.5,1,3,0.333,2,4,0.5,0,5,5,3,2,1,3,4,7,11.0,0022501060,Draymond Green,draymond green,,,2026-03-25,3,0.20833333333333331,0.0,0.1488095238095238,0.08928571428571429,0.08928571428571429,6.0,6.0,4.0,2.0,2.0,1.0,3.0,3.0,4.0,0,0.0,0,0.00114,13.8,12094.653812445225,13.784268,0.08928571428571429,2.0,6.0,0.06953835
0022501060,1610612744,Golden State,Warriors,GSW,warriors,204001,Kristaps,Porziņģis,K. Porziņģis,kristaps-porziņģis,C,,,27:03,27.05,4,9,0.444,0,2,0.0,9,10,0.9,1,4,5,2,0,0,6,4,17,11.0,0022501060,Kristaps Porziņģis,kristaps porziņģis,,,2026-03-25,0,0.6284658040665434,0.03696857670979667,0.18484288354898337,0.07393715341959334,0.03696857670979667,3.0,4.0,4.0,5.0,7.0,4.0,3.0,5.0,2.0,0,0.0,0,0.00308,20.5,6653.6838688737425,20.43686,0.0,7.0,8.0,0.47032523
0022501060,1610612744,Golden State,Warriors,GSW,warriors,1629001,De'Anthony,Melton,D. Melton,deanthony-melton,G,,,27:32,27.533333333333335,5,12,0.417,1,5,0.2,3,4,0.75,2,7,9,3,4,0,4,1,14,16.0,0022501060,De'Anthony Melton,de'anthony melton,,,2026-03-25,4,0.5084745762711864,0.07263922518159806,0.32687651331719125,0.1089588377723971,0.2179176755447942,4.0,1.0,1.0,2.0,1.0,4.0,2.0,4.0,2.0,0,0.0,0,0.00269,26.7,9921.962095875138,26.628177,0.14527845036319612,1.0,1.0,0.6420572
0022501060,1610612744,Golden State,Warriors,GSW,warriors,1641764,Brandin,Podziemski,B. Podziemski,brandin-podziemski,G,,,35:07,35.11666666666667,6,11,0.545,2,4,0.5,8,8,1.0,0,6,6,5,0,0,3,3,22,19.0,0022501060,Brandin Podziemski,brandin podziemski,,,2026-03-25,0,0.6264831514000949,0.0,0.170859041290935,0.14238253440911247,0.0,2.0,6.0,3.0,1.0,7.0,4.0,1.0,1.0,2.0,0,0.0,0,0.00215,26.4,12273.361227336121,26.343239999999998,0.0,7.0,9.0,0.775756
0022501060,1610612744,Golden State,Warriors,GSW,warriors,1627780,Gary,Payton II,G. Payton II,gary-payton-ii,,,,24:09,24.15,5,5,1.0,0,0,0.0,0,0,0.0,2,5,7,2,1,0,0,3,10,-2.0,0022501060,Gary Payton II,gary payton  ii,,,2026-03-25,1,0.4140786749482402,0.08281573498964803,0.2898550724637681,0.08281573498964803,0.12422360248447206,5.0,1.0,2.0,5.0,4.0,4.0,5.0,6.0,3.0,0,0.0,0,0.0008100000000000001,-7.7,-9494.451294697903,-7.693763000000001,0.041407867494824016,5.0,4.0,0.50745666
0022501060,1610612744,Golden State,Warriors,GSW,warriors,1643018,LJ,Cryer,L. Cryer,lj-cryer,,,,15:22,15.366666666666667,0,4,0.0,0,3,0.0,0,0,0.0,0,2,2,2,0,0,2,2,0,-8.0,0022501060,LJ Cryer,lj cryer,,,2026-03-25,0,0.0,0.0,0.1301518438177874,0.1301518438177874,0.0,10.0,6.0,8.0,5.0,7.0,4.0,8.0,8.0,0.0,0,0.0,0,0.00167,-20.8,-12447.636146020348,-20.765264000000002,0.0,7.0,9.0,0.005847637
0022501060,1610612744,Golden State,Warriors,GSW,warriors,1630209,Omer,Yurtseven,O. Yurtseven,omer-yurtseven,,,,7:19,7.316666666666666,0,1,0.0,0,0,0.0,1,2,0.5,1,0,1,0,0,0,0,0,1,-4.0,0022501060,Omer Yurtseven,omer yurtseven,,,2026-03-25,0,0.1366742596810934,0.1366742596810934,0.1366742596810934,0.0,0.1366742596810934,9.0,4.0,10.0,9.0,7.0,4.0,6.0,10.0,,1,,1,0.00111,-30.9,-27812.78127812781,-30.865700999999998,0.0,7.0,3.0,0.0033129908
0022501060,1610612744,Golden State,Warriors,GSW,warriors,1630311,Pat,Spencer,P. Spencer,pat-spencer,,,,15:14,15.233333333333333,2,5,0.4,0,3,0.0,0,0,0.0,2,1,3,3,1,0,2,1,4,-9.0,0022501060,Pat Spencer,pat spencer,,,2026-03-25,1,0.262582056892779,0.1312910284463895,0.19693654266958427,0.19693654266958427,0.19693654266958427,7.0,1.0,6.0,2.0,4.0,4.0,9.0,9.0,0.0,0,0.0,0,0.0017100000000000001,-25.0,-14611.33839859731,-24.957250000000002,0.06564551422319476,5.0,2.0,0.046513565
0022501060,1610612744,Golden State,Warriors,GSW,warriors,1642954,Will,Richard,W. Richard,will-richard,,,,19:44,19.733333333333334,1,1,1.0,1,1,1.0,0,0,0.0,0,2,2,0,1,1,1,3,3,-13.0,0022501060,Will Richard,will richard,,,2026-03-25,2,0.15202702702702703,0.0,0.10135135135135134,0.0,0.10135135135135134,8.0,6.0,8.0,9.0,4.0,1.0,10.0,7.0,1.0,0,0.0,0,0.00037999999999999997,-32.9,-86351.70603674541,-32.887497999999994,0.10135135135135134,4.0,5.0,0.012218815
0022501073,1610612744,Golden State,Warriors,GSW,warriors,203110,Draymond,Green,D. Green,draymond-green,F,,,32:11,32.18333333333333,2,4,0.5,1,3,0.333,1,2,0.5,0,4,4,10,1,2,3,2,6,4.0,0022501073,Draymond Green,draymond green,,,2026-03-27,3,0.18643190056965306,0.0,0.12428793371310204,0.31071983428275507,0.09321595028482653,8.0,7.0,5.0,1.0,2.0,1.0,5.0,3.0,4.0,0,0.0,0,0.0010299999999999999,7.3,7080.504364694472,7.292481,0.09321595028482653,1.0,2.0,0.17207097
0022501073,1610612744,Golden State,Warriors,GSW,warriors,1630611,Gui,Santos,G. Santos,gui-santos,F,,,33:21,33.35,8,12,0.667,3,5,0.6,8,9,0.889,2,2,4,4,0,0,1,2,27,5.0,0022501073,Gui Santos,gui santos,,,2026-03-27,0,0.8095952023988006,0.05997001499250375,0.1199400299850075,0.1199400299850075,0.05997001499250375,2.0,1.0,5.0,3.0,5.0,3.0,3.0,1.0,0.0,0,0.0,0,0.00213,8.4,3941.811356170812,8.382108,0.0,5.0,7.0,0.8489281
0022501073,1610612744,Golden State,Warriors,GSW,warriors,204001,Kristaps,Porziņģis,K. Porziņģis,kristaps-porziņģis,C,,,28:49,28.816666666666666,9,17,0.529,5,11,0.455,5,7,0.714,2,6,8,3,0,0,0,0,28,5.0,0022501073,Kristaps Porziņģis,kristaps porziņģis,,,2026-03-27,0,0.97165991902834,0.06940427993059572,0.2776171197223829,0.10410641989589359,0.06940427993059572,1.0,1.0,2.0,4.0,5.0,3.0,3.0,4.0,1.0,0,0.0,0,0.0028199999999999996,11.5,4076.5685926976253,11.46757,0.0,5.0,6.0,0.865424
0022501073,1610612744,Golden State,Warriors,GSW,warriors,1642954,Will,Richard,W. Richard,will-richard,G,,,24:31,24.516666666666666,3,5,0.6,2,4,0.5,0,0,0.0,2,0,2,2,0,0,0,1,8,-10.0,0022501073,Will Richard,will richard,,,2026-03-27,0,0.3263086335825969,0.08157715839564922,0.08157715839564922,0.08157715839564922,0.08157715839564922,7.0,1.0,8.0,5.0,5.0,3.0,10.0,8.0,1.0,0,0.0,0,0.00078,-15.4,-19718.30985915493,-15.387988,0.0,5.0,4.0,0.09558485
0022501073,1610612744,Golden State,Warriors,GSW,warriors,1641764,Brandin,Podziemski,B. Podziemski,brandin-podziemski,G,,,33:18,33.3,6,13,0.462,3,8,0.375,7,8,0.875,1,9,10,7,2,0,3,1,22,7.0,0022501073,Brandin Podziemski,brandin podziemski,,,2026-03-27,2,0.6606606606606608,0.030030030030030033,0.3003003003003003,0.21021021021021022,0.0900900900900901,3.0,4.0,1.0,2.0,1.0,3.0,2.0,2.0,2.0,0,0.0,0,0.00233,9.1,3903.9039039039035,9.078797,0.060060060060060066,2.0,3.0,0.83251107
0022501073,1610612744,Golden State,Warriors,GSW,warriors,1643018,LJ,Cryer,L. Cryer,lj-cryer,,,,27:18,27.3,4,13,0.308,4,10,0.4,0,0,0.0,0,2,2,2,0,0,0,1,12,11.0,0022501073,LJ Cryer,lj cryer,,,2026-03-27,0,0.43956043956043955,0.0,0.07326007326007326,0.07326007326007326,0.0,6.0,7.0,8.0,5.0,5.0,3.0,1.0,5.0,0.0,0,0.0,0,0.00203,17.4,8567.208271787295,17.364677999999998,0.0,5.0,8.0,0.42012292
0022501073,1610612744,Golden State,Warriors,GSW,warriors,1627780,Gary,Payton II,G. Payton II,gary-payton-ii,,,,24:55,24.916666666666668,7,11,0.636,0,1,0.0,1,3,0.333,1,4,5,2,1,1,2,3,15,4.0,0022501073,Gary Payton II,gary payton  ii,,,2026-03-27,2,0.6020066889632106,0.04013377926421405,0.2006688963210702,0.0802675585284281,0.12040133779264213,4.0,4.0,3.0,5.0,2.0,2.0,5.0,6.0,3.0,0,0.0,0,0.0025,13.9,5557.776889244302,13.865250000000001,0.0802675585284281,2.0,1.0,0.6612006
0022501073,1610612744,Golden State,Warriors,GSW,warriors,1630311,Pat,Spencer,P. Spencer,pat-spencer,,,,24:53,24.883333333333333,5,9,0.556,1,2,0.5,2,2,1.0,1,4,5,2,1,0,2,2,13,3.0,0022501073,Pat Spencer,pat spencer,,,2026-03-27,1,0.522438044206296,0.04018754186202277,0.20093770931011387,0.08037508372404555,0.08037508372404555,5.0,4.0,3.0,5.0,2.0,3.0,7.0,7.0,0.0,0,0.0,0,0.00222,8.1,3647.0058532192697,8.082018,0.04018754186202277,4.0,5.0,0.54212743
0022501073,1610612744,Golden State,Warriors,GSW,warriors,1630209,Omer,Yurtseven,O. Yurtseven,omer-yurtseven,,,,7:49,7.816666666666666,0,0,0.0,0,0,0.0,0,0,0.0,0,3,3,0,0,0,1,2,0,-4.0,0022501073,Omer Yurtseven,omer yurtseven,,,2026-03-27,0,0.0,0.0,0.3837953091684435,0.0,0.0,9.0,7.0,7.0,9.0,5.0,3.0,9.0,9.0,0.0,0,0.0,0,0.00053,-21.1,-39736.346516007536,-21.088817000000002,0.0,5.0,8.0,0.005776685
0022501073,1610612744,Golden State,Warriors,GSW,warriors,1642502,Malevy,Leons,M. Leons,malevy-leons,,,,2:56,2.9333333333333336,0,1,0.0,0,0,0.0,0,0,0.0,0,0,0,0,0,0,0,0,0,0.0,0022501073,Malevy Leons,malevy leons,,,2026-03-27,0,0.0,0.0,0.0,0.0,0.0,9.0,7.0,10.0,9.0,5.0,3.0,8.0,10.0,0.0,0,0.0,0,0.0014299999999999998,0.0,0.0,0.0,0.0,5.0,8.0,0.0036392808
0022501090,1610612744,Golden State,Warriors,GSW,warriors,1630611,Gui,Santos,G. Santos,gui-santos,F,,,32:31,32.516666666666666,3,9,0.333,1,4,0.25,2,2,1.0,2,8,10,3,1,0,4,4,9,-12.0,0022501090,Gui Santos,gui santos,,,2026-03-29,1,0.2767811378780113,0.06150691952844695,0.3075345976422348,0.09226037929267043,0.09226037929267043,5.0,2.0,1.0,3.0,4.0,3.0,9.0,1.0,4.0,0,0.0,0,0.00194,-17.0,-8758.371973209685,-16.967019999999998,0.030753459764223477,4.0,5.0,0.078177586
0022501090,1610612744,Golden State,Warriors,GSW,warriors,203110,Draymond,Green,D. Green,draymond-green,F,,,29:33,29.55,5,11,0.455,2,7,0.286,1,1,1.0,0,4,4,8,1,0,2,2,13,-14.0,0022501090,Draymond Green,draymond green,,,2026-03-29,1,0.4399323181049069,0.0,0.1353637901861252,0.2707275803722504,0.0338409475465313,4.0,7.0,5.0,1.0,4.0,3.0,10.0,3.0,2.0,0,0.0,0,0.00213,-22.9,-10746.128578132331,-22.851223,0.0338409475465313,4.0,10.0,0.361117
0022501090,1610612744,Golden State,Warriors,GSW,warriors,204001,Kristaps,Porziņģis,K. Porziņģis,kristaps-porziņģis,C,,,28:39,28.65,8,14,0.571,5,5,1.0,2,2,1.0,0,3,3,2,1,0,2,1,23,-15.0,0022501090,Kristaps Porziņģis,kristaps porziņģis,,,2026-03-29,1,0.8027923211169284,0.0,0.10471204188481675,0.06980802792321117,0.034904013961605584,1.0,7.0,6.0,5.0,4.0,3.0,11.0,4.0,2.0,0,0.0,0,0.00266,-19.2,-7215.332581736188,-19.148927999999998,0.034904013961605584,4.0,9.0,0.8970444
0022501090,1610612744,Golden State,Warriors,GSW,warriors,1629001,De'Anthony,Melton,D. Melton,deanthony-melton,G,,,25:20,25.333333333333332,0,5,0.0,0,3,0.0,0,0,0.0,0,1,1,3,2,0,2,0,0,-29.0,0022501090,De'Anthony Melton,de'anthony melton,,,2026-03-29,2,0.0,0.0,0.03947368421052632,0.11842105263157895,0.07894736842105264,8.0,7.0,10.0,3.0,1.0,3.0,13.0,5.0,7.0,0,0.0,0,0.00125,-58.4,-46682.65387689848,-58.327,0.07894736842105264,2.0,7.0,0.0071305274
0022501090,1610612744,Golden State,Warriors,GSW,warriors,1641764,Brandin,Podziemski,B. Podziemski,brandin-podziemski,G,,,31:45,31.75,8,14,0.571,5,8,0.625,2,2,1.0,0,5,5,2,2,1,0,1,23,-8.0,0022501090,Brandin Podziemski,brandin podziemski,,,2026-03-29,3,0.7244094488188977,0.0,0.15748031496062992,0.06299212598425197,0.09448818897637795,1.0,7.0,2.0,5.0,1.0,1.0,7.0,2.0,2.0,0,1.0,0,0.00208,-8.6,-4132.628543969246,-8.582112,0.09448818897637795,1.0,4.0,0.95731527
0022501090,1610612744,Golden State,Warriors,GSW,warriors,1627780,Gary,Payton II,G. Payton II,gary-payton-ii,,,,20:59,20.983333333333334,7,8,0.875,1,2,0.5,1,1,1.0,1,4,5,1,0,0,0,5,16,-2.0,0022501090,Gary Payton II,gary payton  ii,,,2026-03-29,0,0.7625099285146941,0.04765687053216838,0.2382843526608419,0.04765687053216838,0.04765687053216838,3.0,3.0,2.0,8.0,7.0,3.0,3.0,7.0,3.0,0,0.0,0,0.0018599999999999999,0.5,268.6727565824826,0.49907,0.0,8.0,8.0,0.8479325
0022501090,1610612744,Golden State,Warriors,GSW,warriors,1643018,LJ,Cryer,L. Cryer,lj-cryer,,,,16:01,16.016666666666666,0,6,0.0,0,6,0.0,0,0,0.0,0,0,0,2,0,0,1,1,0,-15.0,0022501090,LJ Cryer,lj cryer,,,2026-03-29,0,0.0,0.0,0.0,0.12486992715920917,0.0,8.0,7.0,12.0,5.0,7.0,3.0,11.0,8.0,0.0,0,0.0,0,0.002,-51.7,-25837.081459270365,-51.5966,0.0,8.0,11.0,0.0044398797
0022501090,1610612744,Golden State,Warriors,GSW,warriors,1630311,Pat,Spencer,P. Spencer,pat-spencer,,,,24:10,24.166666666666668,3,9,0.333,0,4,0.0,1,3,0.333,3,2,5,8,2,0,0,2,7,0.0,0022501090,Pat Spencer,pat spencer,,,2026-03-29,2,0.28965517241379307,0.12413793103448276,0.20689655172413793,0.3310344827586207,0.20689655172413793,6.0,1.0,2.0,1.0,1.0,3.0,2.0,6.0,1.0,0,0.0,0,0.00185,-2.5,-1350.621285791464,-2.495375,0.08275862068965517,2.0,3.0,0.5889897
0022501090,1610612744,Golden State,Warriors,GSW,warriors,1631466,Nate,Williams,N. Williams,nate-williams,,,,11:24,11.4,0,3,0.0,0,2,0.0,0,0,0.0,1,2,3,0,0,0,1,1,0,-3.0,0022501090,Nate Williams,nate williams,,,2026-03-29,0,0.0,0.08771929824561403,0.2631578947368421,0.0,0.08771929824561403,8.0,3.0,6.0,9.0,7.0,3.0,4.0,9.0,0.0,0,0.0,0,0.0013800000000000002,-22.0,-15930.485155684286,-21.96964,0.0,8.0,6.0,0.0064862077
0022501090,1610612744,Golden State,Warriors,GSW,warriors,203552,Seth,Curry,S. Curry,seth-curry,,,,7:10,7.166666666666667,0,1,0.0,0,1,0.0,0,0,0.0,0,1,1,0,0,0,0,1,0,-8.0,0022501090,Seth Curry,seth curry,,,2026-03-29,0,0.0,0.0,0.13953488372093023,0.0,0.0,8.0,7.0,10.0,9.0,7.0,3.0,7.0,10.0,,1,,1,0.00053,-43.8,-82485.87570621468,-43.776785999999994,0.0,8.0,11.0,0.003332495
0022501090,1610612744,Golden State,Warriors,GSW,warriors,1642366,Quinten,Post,Q. Post,quinten-post,,,,4:38,4.633333333333333,0,1,0.0,0,0,0.0,0,0,0.0,1,1,2,0,0,1,0,0,0,1.0,0022501090,Quinten Post,quinten post,,,2026-03-29,1,0.0,0.21582733812949642,0.43165467625899284,0.0,0.43165467625899284,8.0,3.0,8.0,9.0,7.0,1.0,1.0,11.0,0.0,0,0.0,0,0.0007099999999999999,9.1,12798.87482419128,9.093539,0.21582733812949642,4.0,1.0,0.03534285
0022501090,1610612744,Golden State,Warriors,GSW,warriors,1630209,Omer,Yurtseven,O. Yurtseven,omer-yurtseven,,,,3:55,3.9166666666666665,0,1,0.0,0,0,0.0,0,0,0.0,1,1,2,0,0,0,1,0,0,-5.0,0022501090,Omer Yurtseven,omer yurtseven,,,2026-03-29,0,0.0,0.25531914893617025,0.5106382978723405,0.0,0.25531914893617025,8.0,3.0,8.0,9.0,7.0,3.0,5.0,12.0,0.0,0,0.0,0,0.002,-95.2,-47576.21189405297,-95.0096,0.0,8.0,2.0,0.0047887773
0022501090,1610612744,Golden State,Warriors,GSW,warriors,1642502,Malevy,Leons,M. Leons,malevy-leons,,,,3:55,3.9166666666666665,1,1,1.0,0,0,0.0,0,0,0.0,0,0,0,0,0,0,0,0,2,-5.0,0022501090,Malevy Leons,malevy leons,,,2026-03-29,0,0.5106382978723405,0.0,0.0,0.0,0.0,7.0,7.0,12.0,9.0,7.0,3.0,5.0,12.0,,1,,1,0.001,-95.2,-95104.89510489511,-95.1048,0.0,8.0,11.0,0.008358418
0022501113,1610612744,Golden State,Warriors,GSW,warriors,1642954,Will,Richard,W. Richard,will-richard,F,,,25:33,25.55,1,3,0.333,0,2,0.0,0,0,0.0,1,3,4,3,0,0,0,2,2,-18.0,0022501113,Will Richard,will richard,,,2026-04-01,0,0.07827788649706457,0.03913894324853229,0.15655577299412915,0.11741682974559686,0.03913894324853229,9.0,3.0,4.0,5.0,5.0,4.0,9.0,5.0,0.0,0,0.0,0,0.0005,-33.3,-66467.06586826347,-33.28335,0.0,6.0,6.0,0.021598987
0022501113,1610612744,Golden State,Warriors,GSW,warriors,1631466,Nate,Williams,N. Williams,nate-williams,F,,,46:35,46.583333333333336,8,18,0.444,2,4,0.5,0,0,0.0,2,2,4,1,2,0,2,5,18,-9.0,0022501113,Nate Williams,nate williams,,,2026-04-01,2,0.38640429338103754,0.04293381037567084,0.08586762075134168,0.02146690518783542,0.08586762075134168,1.0,1.0,4.0,7.0,1.0,4.0,5.0,1.0,9.0,0,0.0,0,0.00187,-9.2,-4917.156600748263,-9.182796,0.04293381037567084,1.0,3.0,0.6567514
0022501113,1610612744,Golden State,Warriors,GSW,warriors,203110,Draymond,Green,D. Green,draymond-green,C,,,20:41,20.683333333333334,4,7,0.571,4,6,0.667,2,2,1.0,0,2,2,1,1,1,0,5,14,-11.0,0022501113,Draymond Green,draymond green,,,2026-04-01,2,0.6768734891216761,0.0,0.09669621273166801,0.048348106365834004,0.09669621273166801,4.0,6.0,7.0,7.0,3.0,1.0,7.0,7.0,1.0,0,0.0,0,0.00178,-25.0,-14037.057832678272,-24.9555,0.09669621273166801,1.0,2.0,0.768391
0022501113,1610612744,Golden State,Warriors,GSW,warriors,1643018,LJ,Cryer,L. Cryer,lj-cryer,G,,,23:29,23.483333333333334,6,12,0.5,2,7,0.286,3,3,1.0,0,1,1,3,0,0,2,3,17,-16.0,0022501113,LJ Cryer,lj cryer,,,2026-04-01,0,0.7239176721078779,0.0,0.042583392476934,0.12775017743080197,0.0,2.0,6.0,9.0,5.0,5.0,4.0,8.0,6.0,0.0,0,0.0,0,0.00268,-32.0,-11935.844834017156,-31.91424,0.0,6.0,7.0,0.7023514
0022501113,1610612744,Golden State,Warriors,GSW,warriors,1641764,Brandin,Podziemski,B. Podziemski,brandin-podziemski,G,,,17:14,17.233333333333334,4,8,0.5,2,5,0.4,4,4,1.0,0,6,6,5,0,0,1,1,14,-9.0,0022501113,Brandin Podziemski,brandin podziemski,,,2026-04-01,0,0.8123791102514506,0.0,0.3481624758220503,0.2901353965183752,0.0,4.0,6.0,3.0,2.0,5.0,4.0,5.0,8.0,0.0,0,0.0,0,0.00297,-21.1,-7101.985863345675,-21.037333,0.0,6.0,7.0,0.74884063
0022501113,1610612744,Golden State,Warriors,GSW,warriors,1630311,Pat,Spencer,P. Spencer,pat-spencer,,,,38:00,38.0,6,15,0.4,2,6,0.333,0,0,0.0,1,7,8,7,1,1,5,1,14,-3.0,0022501113,Pat Spencer,pat spencer,,,2026-04-01,2,0.3684210526315789,0.02631578947368421,0.21052631578947367,0.18421052631578946,0.07894736842105263,4.0,3.0,1.0,1.0,3.0,1.0,3.0,2.0,0.0,0,0.0,0,0.00217,-5.1,-2349.147858129894,-5.088933,0.05263157894736842,1.0,4.0,0.30105987
0022501113,1610612744,Golden State,Warriors,GSW,warriors,1630209,Omer,Yurtseven,O. Yurtseven,omer-yurtseven,,,,29:00,29.0,6,9,0.667,0,1,0.0,5,6,0.833,1,7,8,4,0,1,1,5,17,1.0,0022501113,Omer Yurtseven,omer yurtseven,,,2026-04-01,1,0.5862068965517241,0.034482758620689655,0.27586206896551724,0.13793103448275862,0.06896551724137931,2.0,3.0,1.0,4.0,5.0,1.0,1.0,4.0,0.0,0,0.0,0,0.00188,3.4,1807.5491759702286,3.393608,0.034482758620689655,5.0,5.0,0.8868658
0022501113,1610612744,Golden State,Warriors,GSW,warriors,203552,Seth,Curry,S. Curry,seth-curry,,,,10:03,10.05,5,8,0.625,2,4,0.5,0,0,0.0,0,2,2,0,0,0,0,0,12,-4.0,0022501113,Seth Curry,seth curry,,,2026-04-01,0,1.1940298507462686,0.0,0.1990049751243781,0.0,0.0,7.0,6.0,7.0,9.0,5.0,4.0,4.0,9.0,0.0,0,0.0,0,0.0034799999999999996,-19.0,-5458.201666187878,-18.93388,0.0,6.0,7.0,0.6545567
0022501113,1610612744,Golden State,Warriors,GSW,warriors,1642502,Malevy,Leons,M. Leons,malevy-leons,,,,29:25,29.416666666666668,2,6,0.333,0,0,0.0,1,3,0.333,2,2,4,5,2,0,2,4,5,-1.0,0022501113,Malevy Leons,malevy leons,,,2026-04-01,2,0.16997167138810199,0.06798866855524079,0.13597733711048157,0.16997167138810199,0.13597733711048157,8.0,1.0,4.0,2.0,1.0,4.0,2.0,3.0,6.0,0,0.0,0,0.0012900000000000001,4.2,3253.2920216886137,4.1945820000000005,0.06798866855524079,1.0,1.0,0.09853828
0022501117,1610612744,Golden State,Warriors,GSW,warriors,1630611,Gui,Santos,G. Santos,gui-santos,F,,,31:11,31.183333333333334,9,14,0.643,2,6,0.333,5,6,0.833,1,3,4,4,2,0,3,5,25,5.0,0022501117,Gui Santos,gui santos,,,2026-04-02,2,0.8017103153393907,0.032068412613575625,0.1282736504543025,0.1282736504543025,0.09620523784072689,1.0,5.0,5.0,2.0,2.0,4.0,3.0,3.0,1.0,0,0.0,0,0.0028199999999999996,7.6,2694.080113434952,7.578568,0.06413682522715125,4.0,5.0,0.85288966
0022501117,1610612744,Golden State,Warriors,GSW,warriors,203110,Draymond,Green,D. Green,draymond-green,F,,,35:11,35.18333333333333,3,11,0.273,2,8,0.25,0,0,0.0,2,7,9,9,1,3,2,4,8,6.0,0022501117,Draymond Green,draymond green,,,2026-04-02,4,0.22738038844149694,0.056845097110374235,0.25580293699668405,0.25580293699668405,0.17053529133112272,6.0,3.0,2.0,1.0,5.0,1.0,2.0,2.0,2.0,0,0.0,0,0.00146,7.8,5338.809034907598,7.788612,0.11369019422074847,1.0,3.0,0.7452431
0022501117,1610612744,Golden State,Warriors,GSW,warriors,204001,Kristaps,Porziņģis,K. Porziņģis,kristaps-porziņģis,C,,,27:57,27.95,6,13,0.462,0,5,0.0,4,4,1.0,2,5,7,1,0,1,2,5,16,-16.0,0022501117,Kristaps Porziņģis,kristaps porziņģis,,,2026-04-02,1,0.5724508050089445,0.07155635062611806,0.25044722719141327,0.03577817531305903,0.10733452593917711,3.0,3.0,3.0,7.0,7.0,2.0,9.0,4.0,0.0,0,0.0,0,0.0023599999999999997,-25.8,-10927.573062261754,-25.739112,0.03577817531305903,6.0,4.0,0.73078114
0022501117,1610612744,Golden State,Warriors,GSW,warriors,1629001,De'Anthony,Melton,D. Melton,deanthony-melton,G,,,25:50,25.833333333333332,2,12,0.167,1,5,0.2,0,0,0.0,3,3,6,3,3,0,2,2,5,-15.0,0022501117,De'Anthony Melton,de'anthony melton,,,2026-04-02,3,0.19354838709677422,0.11612903225806452,0.23225806451612904,0.11612903225806452,0.23225806451612904,8.0,1.0,4.0,4.0,1.0,4.0,8.0,6.0,4.0,0,0.0,0,0.0020599999999999998,-22.5,-10917.03056768559,-22.45365,0.11612903225806452,2.0,1.0,0.03117278
0022501117,1610612744,Golden State,Warriors,GSW,warriors,1641764,Brandin,Podziemski,B. Podziemski,brandin-podziemski,G,,,35:12,35.2,9,15,0.6,2,5,0.4,5,6,0.833,0,4,4,4,2,0,1,2,25,-11.0,0022501117,Brandin Podziemski,brandin podziemski,,,2026-04-02,2,0.7102272727272727,0.0,0.11363636363636363,0.11363636363636363,0.056818181818181816,1.0,7.0,5.0,2.0,2.0,4.0,7.0,1.0,2.0,0,0.0,0,0.00221,-14.3,-6467.661691542288,-14.268397,0.056818181818181816,4.0,8.0,0.8765496
0022501117,1610612744,Golden State,Warriors,GSW,warriors,1627780,Gary,Payton II,G. Payton II,gary-payton-ii,,,,27:29,27.483333333333334,4,9,0.444,0,2,0.0,0,0,0.0,3,9,12,2,2,1,1,0,8,8.0,0022501117,Gary Payton II,gary payton  ii,,,2026-04-02,3,0.2910855063674954,0.1091570648878108,0.4366282595512432,0.07277137659187385,0.2183141297756216,6.0,1.0,1.0,5.0,2.0,2.0,1.0,5.0,4.0,0,0.0,0,0.00149,14.0,9389.671361502347,13.979140000000001,0.1091570648878108,2.0,2.0,0.78121936
0022501117,1610612744,Golden State,Warriors,GSW,warriors,1643018,LJ,Cryer,L. Cryer,lj-cryer,,,,24:44,24.733333333333334,3,9,0.333,3,7,0.429,3,4,0.75,0,1,1,0,0,0,0,1,12,-1.0,0022501117,LJ Cryer,lj cryer,,,2026-04-02,0,0.4851752021563342,0.0,0.04043126684636118,0.0,0.0,4.0,7.0,8.0,8.0,7.0,4.0,4.0,7.0,0.0,0,0.0,0,0.00161,-2.0,-1241.4649286157667,-1.99678,0.0,8.0,9.0,0.14367406
0022501117,1610612744,Golden State,Warriors,GSW,warriors,1642954,Will,Richard,W. Richard,will-richard,,,,16:50,16.833333333333332,0,3,0.0,0,2,0.0,0,0,0.0,0,2,2,0,1,0,0,1,0,-8.0,0022501117,Will Richard,will richard,,,2026-04-02,1,0.0,0.0,0.11881188118811882,0.0,0.05940594059405941,9.0,7.0,7.0,8.0,5.0,4.0,6.0,8.0,0.0,0,0.0,0,0.0007000000000000001,-16.3,-23252.496433666187,-16.28859,0.05940594059405941,6.0,7.0,0.009402125
0022501117,1610612744,Golden State,Warriors,GSW,warriors,1630311,Pat,Spencer,P. Spencer,pat-spencer,,,,15:38,15.633333333333333,5,8,0.625,2,4,0.5,0,0,0.0,1,0,1,2,0,0,1,0,12,-3.0,0022501117,Pat Spencer,pat spencer,,,2026-04-02,0,0.767590618336887,0.06396588486140725,0.06396588486140725,0.1279317697228145,0.06396588486140725,4.0,5.0,8.0,5.0,7.0,4.0,5.0,9.0,1.0,0,0.0,0,0.0023699999999999997,-5.7,-2404.0489245044287,-5.686491,0.0,8.0,6.0,0.72610486
0022501142,1610612744,Golden State,Warriors,GSW,warriors,1630611,Gui,Santos,G. Santos,gui-santos,F,,,32:04,32.06666666666667,5,15,0.333,2,8,0.25,3,4,0.75,0,4,4,1,2,0,3,3,15,-3.0,0022501142,Gui Santos,gui santos,,,2026-04-05,2,0.46777546777546775,0.0,0.12474012474012473,0.031185031185031183,0.06237006237006237,3.0,5.0,3.0,8.0,1.0,3.0,7.0,3.0,2.0,0,0.0,0,0.0028599999999999997,-4.6,-1607.8294302691365,-4.586844,0.06237006237006237,1.0,6.0,0.26077232
0022501142,1610612744,Golden State,Warriors,GSW,warriors,203110,Draymond,Green,D. Green,draymond-green,F,,,34:03,34.05,3,4,0.75,1,1,1.0,0,0,0.0,1,5,6,12,1,0,1,5,7,6.0,0022501142,Draymond Green,draymond green,,,2026-04-05,1,0.20558002936857564,0.029368575624082235,0.1762114537444934,0.3524229074889868,0.05873715124816447,6.0,3.0,2.0,1.0,2.0,3.0,3.0,2.0,1.0,0,0.0,0,0.00067,6.9,10283.159463487333,6.895377000000001,0.029368575624082235,3.0,7.0,0.38682857
0022501142,1610612744,Golden State,Warriors,GSW,warriors,204001,Kristaps,Porziņģis,K. Porziņģis,kristaps-porziņģis,C,,,22:36,22.6,3,9,0.333,0,3,0.0,3,3,1.0,2,6,8,3,0,0,0,6,9,-10.0,0022501142,Kristaps Porziņģis,kristaps porziņģis,,,2026-04-05,0,0.3982300884955752,0.08849557522123894,0.35398230088495575,0.1327433628318584,0.08849557522123894,5.0,1.0,1.0,4.0,7.0,3.0,10.0,7.0,1.0,0,0.0,0,0.00185,-22.2,-11993.5170178282,-22.158929999999998,0.0,9.0,2.0,0.1453072
0022501142,1610612744,Golden State,Warriors,GSW,warriors,1629001,De'Anthony,Melton,D. Melton,deanthony-melton,G,,,22:50,22.833333333333332,2,4,0.5,2,4,0.5,0,0,0.0,0,1,1,4,0,1,1,0,6,-7.0,0022501142,De'Anthony Melton,de'anthony melton,,,2026-04-05,1,0.26277372262773724,0.0,0.043795620437956206,0.17518248175182483,0.043795620437956206,8.0,5.0,8.0,2.0,7.0,2.0,9.0,6.0,2.0,0,0.0,0,0.001,-12.7,-12687.312687312688,-12.687299999999999,0.043795620437956206,3.0,8.0,0.040691763
0022501142,1610612744,Golden State,Warriors,GSW,warriors,1641764,Brandin,Podziemski,B. Podziemski,brandin-podziemski,G,,,36:50,36.833333333333336,7,11,0.636,2,6,0.333,2,2,1.0,0,2,2,3,1,0,2,0,18,-2.0,0022501142,Brandin Podziemski,brandin podziemski,,,2026-04-05,1,0.48868778280542985,0.0,0.054298642533936646,0.08144796380090497,0.027149321266968323,2.0,5.0,6.0,4.0,2.0,3.0,5.0,1.0,2.0,0,1.0,0,0.00161,-7.7,-4779.639975170701,-7.687603,0.027149321266968323,3.0,10.0,0.7048874
0022501142,1610612744,Golden State,Warriors,GSW,warriors,203552,Seth,Curry,S. Curry,seth-curry,,,,12:39,12.65,1,3,0.333,1,3,0.333,3,3,1.0,0,0,0,0,1,0,1,0,6,6.0,0022501142,Seth Curry,seth curry,,,2026-04-05,1,0.4743083003952569,0.0,0.0,0.0,0.07905138339920949,8.0,5.0,10.0,11.0,2.0,3.0,3.0,8.0,0.0,0,0.0,0,0.00179,15.1,8431.04410943607,15.072971,0.07905138339920949,3.0,4.0,0.040905453
0022501142,1610612744,Golden State,Warriors,GSW,warriors,1627780,Gary,Payton II,G. Payton II,gary-payton-ii,,,,25:20,25.333333333333332,6,11,0.545,0,3,0.0,2,2,1.0,2,1,3,2,0,0,0,3,14,-3.0,0022501142,Gary Payton II,gary payton  ii,,,2026-04-05,0,0.5526315789473685,0.07894736842105264,0.11842105263157895,0.07894736842105264,0.07894736842105264,4.0,1.0,5.0,7.0,7.0,3.0,7.0,5.0,1.0,0,0.0,0,0.00218,3.7,1696.469509399358,3.6919340000000003,0.0,9.0,5.0,0.6069261
0022501142,1610612744,Golden State,Warriors,GSW,warriors,1642954,Will,Richard,W. Richard,will-richard,,,,5:36,5.6,0,0,0.0,0,0,0.0,0,0,0.0,0,0,0,1,0,0,0,0,0,-12.0,0022501142,Will Richard,will richard,,,2026-04-05,0,0.0,0.0,0.0,0.17857142857142858,0.0,11.0,5.0,10.0,8.0,7.0,3.0,11.0,11.0,1.0,0,0.0,0,0.0,-103.6,-103600000.0,-103.6,0.0,9.0,11.0,0.0027650872
0022501142,1610612744,Golden State,Warriors,GSW,warriors,1629646,Charles,Bassey,C. Bassey,charles-bassey,,,,9:44,9.733333333333333,2,2,1.0,0,0,0.0,1,1,1.0,1,3,4,1,0,2,1,1,5,-2.0,0022501142,Charles Bassey,charles bassey,,,2026-04-05,2,0.5136986301369864,0.10273972602739727,0.4109589041095891,0.10273972602739727,0.3082191780821918,10.0,3.0,3.0,8.0,7.0,1.0,5.0,10.0,1.0,0,0.0,0,0.00136,-16.3,-11976.487876561352,-16.277832,0.20547945205479454,1.0,1.0,0.05447272
0022501142,1610612744,Golden State,Warriors,GSW,warriors,201939,Stephen,Curry,S. Curry,stephen-curry,,,,26:08,26.133333333333333,11,21,0.524,5,10,0.5,2,3,0.667,0,2,2,4,1,0,1,1,29,12.0,0022501142,Stephen Curry,stephen curry,,,2026-04-05,1,1.1096938775510203,0.0,0.07653061224489796,0.15306122448979592,0.03826530612244898,1.0,5.0,6.0,2.0,2.0,3.0,1.0,4.0,2.0,0,0.0,0,0.00404,20.7,5122.494432071269,20.616372,0.03826530612244898,3.0,9.0,0.9067387
0022501142,1610612744,Golden State,Warriors,GSW,warriors,1630311,Pat,Spencer,P. Spencer,pat-spencer,,,,12:09,12.15,2,4,0.5,1,2,0.5,2,2,1.0,0,1,1,3,1,0,0,0,7,10.0,0022501142,Pat Spencer,pat spencer,,,2026-04-05,1,0.5761316872427983,0.0,0.0823045267489712,0.24691358024691357,0.0823045267489712,6.0,5.0,8.0,4.0,2.0,3.0,2.0,9.0,1.0,0,0.0,0,0.00192,54.2,28214.471629359712,54.095936,0.0823045267489712,3.0,3.0,0.35940984
0022501154,1610612744,Golden State,Warriors,GSW,warriors,1630311,Pat,Spencer,P. Spencer,pat-spencer,F,,,40:34,40.56666666666667,5,16,0.313,3,8,0.375,1,2,0.5,1,1,2,3,1,0,3,2,14,-5.0,0022501154,Pat Spencer,pat spencer,,,2026-04-07,1,0.3451109285127362,0.024650780608052585,0.04930156121610517,0.07395234182415776,0.04930156121610517,4.0,4.0,7.0,3.0,3.0,4.0,8.0,1.0,3.0,0,0.0,0,0.00208,-7.6,-3652.090341182124,-7.584192,0.024650780608052585,5.0,7.0,0.18314373
0022501154,1610612744,Golden State,Warriors,GSW,warriors,1642502,Malevy,Leons,M. Leons,malevy-leons,F,,,20:60,21.0,1,5,0.2,0,0,0.0,0,0,0.0,3,2,5,3,0,2,3,3,2,-15.0,0022501154,Malevy Leons,malevy leons,,,2026-04-07,2,0.09523809523809523,0.14285714285714285,0.23809523809523808,0.14285714285714285,0.23809523809523808,8.0,2.0,3.0,3.0,8.0,1.0,9.0,8.0,1.0,0,0.0,0,0.00167,-30.9,-18491.921005385997,-30.848397,0.09523809523809523,3.0,3.0,0.014593628
0022501154,1610612744,Golden State,Warriors,GSW,warriors,203110,Draymond,Green,D. Green,draymond-green,C,,,27:06,27.1,0,3,0.0,0,3,0.0,1,2,0.5,0,6,6,7,1,1,3,3,1,0.0,0022501154,Draymond Green,draymond green,,,2026-04-07,2,0.03690036900369004,0.0,0.22140221402214022,0.25830258302583026,0.07380073800738007,9.0,7.0,2.0,1.0,3.0,3.0,6.0,5.0,1.0,0,0.0,0,0.00108,-4.0,-3700.2775208140615,-3.99568,0.07380073800738007,3.0,5.0,0.024010573
0022501154,1610612744,Golden State,Warriors,GSW,warriors,1629001,De'Anthony,Melton,D. Melton,deanthony-melton,G,,,28:40,28.666666666666668,7,12,0.583,4,6,0.667,3,5,0.6,1,3,4,5,1,0,1,0,21,-1.0,0022501154,De'Anthony Melton,de'anthony melton,,,2026-04-07,1,0.7325581395348837,0.03488372093023256,0.13953488372093023,0.1744186046511628,0.06976744186046512,1.0,4.0,5.0,2.0,3.0,4.0,7.0,3.0,1.0,0,0.0,0,0.0022400000000000002,-5.4,-2409.6385542168673,-5.387904,0.03488372093023256,5.0,6.0,0.90114254
0022501154,1610612744,Golden State,Warriors,GSW,warriors,1641764,Brandin,Podziemski,B. Podziemski,brandin-podziemski,G,,,29:31,29.516666666666666,5,11,0.455,4,6,0.667,6,6,1.0,0,1,1,3,1,0,2,2,20,8.0,0022501154,Brandin Podziemski,brandin podziemski,,,2026-04-07,1,0.6775832862789385,0.0,0.03387916431394692,0.10163749294184077,0.03387916431394692,2.0,7.0,8.0,3.0,3.0,4.0,3.0,2.0,3.0,0,1.0,0,0.0023499999999999997,10.0,4253.509145044663,9.9765,0.03387916431394692,5.0,8.0,0.7883573
0022501154,1610612744,Golden State,Warriors,GSW,warriors,1629646,Charles,Bassey,C. Bassey,charles-bassey,,,,27:14,27.233333333333334,7,12,0.583,0,0,0.0,0,0,0.0,4,8,12,0,2,2,0,2,14,9.0,0022501154,Charles Bassey,charles bassey,,,2026-04-07,4,0.5140758873929009,0.14687882496940025,0.44063647490820074,0.0,0.2937576499388005,4.0,1.0,1.0,9.0,2.0,1.0,2.0,4.0,3.0,0,0.0,0,0.00167,15.3,9156.193895870736,15.274449,0.14687882496940025,1.0,1.0,0.9301957
0022501154,1610612744,Golden State,Warriors,GSW,warriors,203552,Seth,Curry,S. Curry,seth-curry,,,,16:18,16.3,2,4,0.5,2,3,0.667,3,4,0.75,0,0,0,1,0,0,1,3,9,16.0,0022501154,Seth Curry,seth curry,,,2026-04-07,0,0.5521472392638036,0.0,0.0,0.06134969325153374,0.0,7.0,7.0,9.0,8.0,8.0,4.0,1.0,9.0,1.0,0,0.0,0,0.00159,38.9,24450.03142677561,38.838149,0.0,9.0,9.0,0.1796989
0022501154,1610612744,Golden State,Warriors,GSW,warriors,1627780,Gary,Payton II,G. Payton II,gary-payton-ii,,,,24:37,24.616666666666667,5,7,0.714,0,1,0.0,2,2,1.0,3,1,4,3,3,0,1,0,12,7.0,0022501154,Gary Payton II,gary payton  ii,,,2026-04-07,3,0.4874746106973595,0.12186865267433987,0.16249153689911983,0.12186865267433987,0.24373730534867974,6.0,2.0,5.0,3.0,1.0,4.0,4.0,7.0,3.0,0,0.0,0,0.00158,11.6,7337.1283997469955,11.581672,0.12186865267433987,2.0,2.0,0.6377748
0022501154,1610612744,Golden State,Warriors,GSW,warriors,201939,Stephen,Curry,S. Curry,stephen-curry,,,,25:00,25.0,5,12,0.417,4,11,0.364,3,3,1.0,1,4,5,2,1,0,3,0,17,6.0,0022501154,Stephen Curry,stephen curry,,,2026-04-07,1,0.68,0.04,0.2,0.08,0.08,3.0,4.0,3.0,7.0,3.0,4.0,5.0,6.0,1.0,0,0.0,0,0.0023799999999999997,5.2,2183.9563208735826,5.187624,0.04,5.0,4.0,0.76920325
0022501170,1610612744,Golden State,Warriors,GSW,warriors,1630311,Pat,Spencer,P. Spencer,pat-spencer,F,,,38:04,38.06666666666667,5,12,0.417,2,5,0.4,0,0,0.0,2,2,4,6,1,0,3,0,12,-17.0,0022501170,Pat Spencer,pat spencer,,,2026-04-09,1,0.31523642732049034,0.052539404553415055,0.10507880910683011,0.15761821366024517,0.07880910683012259,3.0,3.0,3.0,1.0,3.0,2.0,9.0,1.0,1.0,0,0.0,0,0.0017599999999999998,-22.0,-12492.901760363431,-21.961280000000002,0.026269702276707527,4.0,7.0,0.34995976
0022501170,1610612744,Golden State,Warriors,GSW,warriors,1631466,Nate,Williams,N. Williams,nate-williams,F,,,34:32,34.53333333333333,7,13,0.538,3,6,0.5,0,0,0.0,3,1,4,3,0,0,4,2,17,-16.0,0022501170,Nate Williams,nate williams,,,2026-04-09,0,0.4922779922779923,0.08687258687258688,0.11583011583011583,0.08687258687258688,0.08687258687258688,1.0,2.0,3.0,3.0,7.0,2.0,8.0,2.0,0.0,0,0.0,0,0.00215,-21.9,-10181.3110181311,-21.852915,0.0,8.0,6.0,0.52355415
0022501170,1610612744,Golden State,Warriors,GSW,warriors,203110,Draymond,Green,D. Green,draymond-green,C,,,22:06,22.1,0,1,0.0,0,1,0.0,2,2,1.0,2,3,5,6,1,0,4,2,2,-7.0,0022501170,Draymond Green,draymond green,,,2026-04-09,1,0.09049773755656108,0.09049773755656108,0.2262443438914027,0.27149321266968324,0.13574660633484162,9.0,3.0,2.0,1.0,3.0,2.0,4.0,7.0,3.0,0,0.0,0,0.0011799999999999998,-24.0,-20321.761219305678,-23.97168,0.04524886877828054,4.0,4.0,0.0169952
0022501170,1610612744,Golden State,Warriors,GSW,warriors,1629001,De'Anthony,Melton,D. Melton,deanthony-melton,G,,,14:55,14.916666666666666,1,5,0.2,0,3,0.0,0,0,0.0,0,3,3,2,2,0,2,0,2,-12.0,0022501170,De'Anthony Melton,de'anthony melton,,,2026-04-09,2,0.1340782122905028,0.0,0.2011173184357542,0.1340782122905028,0.1340782122905028,9.0,8.0,6.0,5.0,1.0,2.0,6.0,9.0,1.0,0,0.0,0,0.0020599999999999998,-50.0,-24260.0679281902,-49.897000000000006,0.1340782122905028,1.0,5.0,0.012616784
0022501170,1610612744,Golden State,Warriors,GSW,warriors,1641764,Brandin,Podziemski,B. Podziemski,brandin-podziemski,G,,,24:01,24.016666666666666,7,15,0.467,1,5,0.2,2,2,1.0,0,1,1,1,0,0,0,0,17,-17.0,0022501170,Brandin Podziemski,brandin podziemski,,,2026-04-09,0,0.7078417765440667,0.0,0.041637751561415685,0.041637751561415685,0.0,1.0,8.0,8.0,7.0,7.0,2.0,9.0,5.0,1.0,0,0.0,0,0.00291,-34.8,-11954.654757815182,-34.698732,0.0,8.0,10.0,0.6741465
0022501170,1610612744,Golden State,Warriors,GSW,warriors,1629646,Charles,Bassey,C. Bassey,charles-bassey,,,,29:48,29.8,6,8,0.75,0,0,0.0,0,0,0.0,4,9,13,1,0,2,2,1,12,-8.0,0022501170,Charles Bassey,charles bassey,,,2026-04-09,2,0.40268456375838924,0.1342281879194631,0.436241610738255,0.03355704697986577,0.20134228187919462,3.0,1.0,1.0,7.0,7.0,1.0,5.0,3.0,0.0,0,0.0,0,0.00149,-11.7,-7847.082494969819,-11.682566999999999,0.06711409395973154,1.0,1.0,0.804863
0022501170,1610612744,Golden State,Warriors,GSW,warriors,203552,Seth,Curry,S. Curry,seth-curry,,,,23:18,23.3,4,9,0.444,1,3,0.333,2,2,1.0,1,1,2,0,0,0,0,0,11,-1.0,0022501170,Seth Curry,seth curry,,,2026-04-09,0,0.4721030042918455,0.04291845493562232,0.08583690987124463,0.0,0.04291845493562232,6.0,6.0,7.0,9.0,7.0,2.0,2.0,6.0,1.0,0,0.0,0,0.0017000000000000001,-5.1,-2998.236331569665,-5.091329999999999,0.0,8.0,9.0,0.33601022
0022501170,1610612744,Golden State,Warriors,GSW,warriors,1627780,Gary,Payton II,G. Payton II,gary-payton-ii,,,,13:59,13.983333333333333,4,4,1.0,0,0,0.0,2,2,1.0,1,0,1,0,1,0,0,0,10,12.0,0022501170,Gary Payton II,gary payton  ii,,,2026-04-09,1,0.7151370679380215,0.07151370679380215,0.07151370679380215,0.0,0.1430274135876043,7.0,6.0,8.0,9.0,3.0,2.0,1.0,10.0,4.0,0,0.0,0,0.00156,35.4,22677.77065983344,35.344775999999996,0.07151370679380215,4.0,3.0,0.6442099
0022501170,1610612744,Golden State,Warriors,GSW,warriors,1643018,LJ,Cryer,L. Cryer,lj-cryer,,,,15:09,15.15,3,6,0.5,2,5,0.4,0,0,0.0,0,1,1,2,1,0,2,1,8,-1.0,0022501170,LJ Cryer,lj cryer,,,2026-04-09,1,0.528052805280528,0.0,0.066006600660066,0.132013201320132,0.066006600660066,8.0,8.0,8.0,5.0,3.0,2.0,2.0,8.0,1.0,0,0.0,0,0.00211,-9.6,-4547.607768829938,-9.579744,0.066006600660066,4.0,8.0,0.16649425
0022501170,1610612744,Golden State,Warriors,GSW,warriors,1642502,Malevy,Leons,M. Leons,malevy-leons,,,,24:08,24.133333333333333,4,8,0.5,0,2,0.0,4,4,1.0,2,2,4,3,2,0,2,0,12,-13.0,0022501170,Malevy Leons,malevy leons,,,2026-04-09,2,0.4972375690607735,0.08287292817679558,0.16574585635359115,0.12430939226519337,0.16574585635359115,3.0,3.0,3.0,3.0,1.0,2.0,7.0,4.0,2.0,0,0.0,0,0.00222,-21.9,-9860.423232778026,-21.851381999999997,0.08287292817679558,1.0,2.0,0.60793906
0022501184,1610612744,Golden State,Warriors,GSW,warriors,1630611,Gui,Santos,G. Santos,gui-santos,F,,,26:53,26.883333333333333,3,10,0.3,1,3,0.333,0,0,0.0,0,3,3,6,2,0,0,4,7,1.0,0022501184,Gui Santos,gui santos,,,2026-04-10,2,0.26038437693738375,0.0,0.1115933044017359,0.2231866088034718,0.07439553626782393,7.0,7.0,5.0,1.0,1.0,5.0,4.0,4.0,2.0,0,0.0,0,0.00159,5.4,3394.09176618479,5.391414,0.07439553626782393,1.0,7.0,0.12801671
0022501184,1610612744,Golden State,Warriors,GSW,warriors,203110,Draymond,Green,D. Green,draymond-green,F,,,23:33,23.55,2,3,0.667,1,2,0.5,2,2,1.0,1,3,4,6,1,0,3,2,7,-4.0,0022501184,Draymond Green,draymond green,,,2026-04-10,1,0.29723991507430997,0.04246284501061571,0.16985138004246284,0.25477707006369427,0.08492569002123142,7.0,1.0,2.0,1.0,5.0,5.0,7.0,6.0,0.0,0,0.0,0,0.00111,-5.7,-5130.513051305131,-5.6936729999999995,0.04246284501061571,6.0,6.0,0.07074847
0022501184,1610612744,Golden State,Warriors,GSW,warriors,204001,Kristaps,Porziņģis,K. Porziņģis,kristaps-porziņģis,C,,,25:51,25.85,4,12,0.333,1,3,0.333,2,3,0.667,1,6,7,2,1,1,4,2,11,11.0,0022501184,Kristaps Porziņģis,kristaps porziņģis,,,2026-04-10,2,0.425531914893617,0.03868471953578336,0.27079303675048355,0.07736943907156672,0.11605415860735009,3.0,1.0,1.0,6.0,5.0,1.0,1.0,5.0,1.0,0,0.0,0,0.0028799999999999997,23.0,7983.33911836168,22.93376,0.07736943907156672,1.0,5.0,0.5631714
0022501184,1610612744,Golden State,Warriors,GSW,warriors,1641764,Brandin,Podziemski,B. Podziemski,brandin-podziemski,G,,,32:10,32.166666666666664,9,15,0.6,3,8,0.375,9,10,0.9,0,3,3,1,1,0,2,2,30,3.0,0022501184,Brandin Podziemski,brandin podziemski,,,2026-04-10,1,0.9326424870466322,0.0,0.09326424870466322,0.031088082901554407,0.031088082901554407,1.0,7.0,5.0,8.0,5.0,5.0,3.0,1.0,2.0,0,0.0,0,0.00292,2.6,890.1061280383431,2.592408,0.031088082901554407,6.0,11.0,0.8808615
0022501184,1610612744,Golden State,Warriors,GSW,warriors,201939,Stephen,Curry,S. Curry,stephen-curry,G,,,27:16,27.266666666666666,3,8,0.375,2,6,0.333,3,3,1.0,0,3,3,5,2,0,3,0,11,-4.0,0022501184,Stephen Curry,stephen curry,,,2026-04-10,2,0.4034229828850856,0.0,0.11002444987775062,0.18337408312958436,0.07334963325183375,3.0,7.0,5.0,3.0,1.0,5.0,7.0,3.0,1.0,0,0.0,0,0.0019,-4.8,-2524.986849026828,-4.79088,0.07334963325183375,1.0,8.0,0.20853664
0022501184,1610612744,Golden State,Warriors,GSW,warriors,1627780,Gary,Payton II,G. Payton II,gary-payton-ii,,,,15:11,15.183333333333334,5,6,0.833,0,0,0.0,0,0,0.0,1,2,3,0,2,0,2,4,10,-11.0,0022501184,Gary Payton II,gary payton  ii,,,2026-04-10,2,0.6586169045005489,0.06586169045005488,0.19758507135016465,0.0,0.19758507135016465,5.0,1.0,5.0,10.0,1.0,5.0,11.0,8.0,6.0,0,0.0,0,0.00216,-28.9,-13373.438223044885,-28.837576,0.13172338090010977,1.0,3.0,0.6083111
0022501184,1610612744,Golden State,Warriors,GSW,warriors,1629001,De'Anthony,Melton,D. Melton,deanthony-melton,,,,28:02,28.033333333333335,5,9,0.556,3,6,0.5,4,4,1.0,0,4,4,3,1,0,2,2,17,-14.0,0022501184,De'Anthony Melton,de'anthony melton,,,2026-04-10,1,0.6064209274673008,0.0,0.1426872770511296,0.1070154577883472,0.0356718192627824,2.0,7.0,2.0,5.0,5.0,5.0,12.0,2.0,3.0,0,0.0,0,0.002,-21.6,-10794.602698650675,-21.556800000000003,0.0356718192627824,6.0,10.0,0.82656765
0022501184,1610612744,Golden State,Warriors,GSW,warriors,201143,Al,Horford,A. Horford,al-horford,,,,17:46,17.766666666666666,4,8,0.5,2,4,0.5,0,0,0.0,0,0,0,2,0,1,0,1,10,-10.0,0022501184,Al Horford,al horford,,,2026-04-10,1,0.5628517823639775,0.0,0.0,0.11257035647279551,0.056285178236397754,5.0,7.0,12.0,6.0,9.0,1.0,10.0,7.0,0.0,0,0.0,0,0.00216,-24.2,-11198.519204072187,-24.147727999999997,0.056285178236397754,6.0,9.0,0.5206847
0022501184,1610612744,Golden State,Warriors,GSW,warriors,1630311,Pat,Spencer,P. Spencer,pat-spencer,,,,13:57,13.95,1,3,0.333,0,2,0.0,0,0,0.0,0,1,1,4,0,0,0,1,2,0.0,0022501184,Pat Spencer,pat spencer,,,2026-04-10,0,0.14336917562724016,0.0,0.07168458781362008,0.28673835125448033,0.0,11.0,7.0,11.0,4.0,9.0,5.0,5.0,10.0,2.0,0,0.0,0,0.00086,0.0,0.0,0.0,0.0,12.0,12.0,0.015288269
0022501184,1610612744,Golden State,Warriors,GSW,warriors,1629646,Charles,Bassey,C. Bassey,charles-bassey,,,,15:02,15.033333333333333,1,3,0.333,0,0,0.0,4,4,1.0,1,3,4,1,0,1,0,3,6,-6.0,0022501184,Charles Bassey,charles bassey,,,2026-04-10,1,0.3991130820399113,0.06651884700665188,0.2660753880266075,0.06651884700665188,0.13303769401330376,10.0,1.0,2.0,8.0,9.0,1.0,9.0,9.0,0.0,0,0.0,0,0.00135,-18.2,-13471.502590673575,-18.17543,0.06651884700665188,6.0,4.0,0.065864146
0022501184,1610612744,Golden State,Warriors,GSW,warriors,1642502,Malevy,Leons,M. Leons,malevy-leons,,,,11:46,11.766666666666667,2,3,0.667,1,1,1.0,2,2,1.0,1,1,2,0,2,0,0,1,7,4.0,0022501184,Malevy Leons,malevy leons,,,2026-04-10,2,0.5949008498583569,0.08498583569405098,0.16997167138810196,0.0,0.254957507082153,7.0,1.0,9.0,10.0,1.0,5.0,2.0,11.0,2.0,0,0.0,0,0.0013800000000000002,16.0,11585.807385952208,15.97792,0.16997167138810196,1.0,2.0,0.2496348
0022501184,1610612744,Golden State,Warriors,GSW,warriors,1642954,Will,Richard,W. Richard,will-richard,,,,2:33,2.55,0,1,0.0,0,1,0.0,0,0,0.0,1,1,2,0,0,1,0,0,0,0.0,0022501184,Will Richard,will richard,,,2026-04-10,1,0.0,0.3921568627450981,0.7843137254901962,0.0,0.7843137254901962,12.0,1.0,9.0,10.0,9.0,1.0,5.0,12.0,1.0,0,0.0,0,0.00167,0.0,0.0,0.0,0.3921568627450981,6.0,1.0,0.03377059
0022501199,1610612744,Golden State,Warriors,GSW,warriors,1629001,De'Anthony,Melton,D. Melton,deanthony-melton,F,,,19:04,19.066666666666666,1,6,0.167,0,3,0.0,2,2,1.0,1,2,3,2,0,2,1,0,4,4.0,0022501199,De'Anthony Melton,de'anthony melton,,,2026-04-12,2,0.2097902097902098,0.05244755244755245,0.15734265734265734,0.1048951048951049,0.15734265734265734,11.0,5.0,6.0,3.0,4.0,1.0,6.0,6.0,1.0,0,0.0,0,0.00178,10.0,5614.823133071309,9.9822,0.1048951048951049,1.0,4.0,0.02528814
0022501199,1610612744,Golden State,Warriors,GSW,warriors,201143,Al,Horford,A. Horford,al-horford,F,,,18:40,18.666666666666668,2,5,0.4,1,4,0.25,0,0,0.0,0,4,4,2,0,0,1,0,5,10.0,0022501199,Al Horford,al horford,,,2026-04-12,0,0.26785714285714285,0.0,0.21428571428571427,0.10714285714285714,0.0,10.0,11.0,4.0,3.0,4.0,3.0,3.0,7.0,0.0,0,0.0,0,0.0014000000000000002,25.6,18272.66238401142,25.56416,0.0,5.0,12.0,0.028572515
0022501199,1610612744,Golden State,Warriors,GSW,warriors,204001,Kristaps,Porziņģis,K. Porziņģis,kristaps-porziņģis,C,,,24:01,24.016666666666666,3,8,0.375,0,4,0.0,6,6,1.0,2,6,8,1,0,0,0,4,12,5.0,0022501199,Kristaps Porziņģis,kristaps porziņģis,,,2026-04-12,0,0.4996530187369882,0.08327550312283137,0.3331020124913255,0.041637751561415685,0.08327550312283137,3.0,2.0,1.0,10.0,4.0,3.0,5.0,2.0,1.0,0,0.0,0,0.0019,6.3,3314.0452393477117,6.28803,0.0,5.0,7.0,0.18635726
0022501199,1610612744,Golden State,Warriors,GSW,warriors,1641764,Brandin,Podziemski,B. Podziemski,brandin-podziemski,G,,,21:03,21.05,3,10,0.3,2,5,0.4,2,2,1.0,1,3,4,2,0,0,1,0,10,16.0,0022501199,Brandin Podziemski,brandin podziemski,,,2026-04-12,0,0.4750593824228028,0.047505938242280284,0.19002375296912113,0.09501187648456057,0.047505938242280284,4.0,5.0,4.0,3.0,4.0,3.0,1.0,3.0,3.0,0,1.0,0,0.0025,39.0,15593.762495001998,38.9025,0.0,5.0,11.0,0.14949843
0022501199,1610612744,Golden State,Warriors,GSW,warriors,201939,Stephen,Curry,S. Curry,stephen-curry,G,,,28:39,28.65,7,14,0.5,4,9,0.444,6,8,0.75,0,6,6,3,1,1,3,0,24,13.0,0022501199,Stephen Curry,stephen curry,,,2026-04-12,2,0.837696335078534,0.0,0.2094240837696335,0.10471204188481675,0.06980802792321117,1.0,11.0,3.0,1.0,1.0,2.0,2.0,1.0,2.0,0,1.0,0,0.00294,19.3,6562.393743624618,19.243258,0.06980802792321117,1.0,8.0,0.7968846
0022501199,1610612744,Golden State,Warriors,GSW,warriors,1630611,Gui,Santos,G. Santos,gui-santos,,,,16:33,16.55,3,6,0.5,0,0,0.0,1,2,0.5,4,3,7,2,0,0,1,3,7,8.0,0022501199,Gui Santos,gui santos,,,2026-04-12,0,0.4229607250755287,0.2416918429003021,0.4229607250755287,0.12084592145015105,0.2416918429003021,7.0,1.0,2.0,3.0,4.0,3.0,4.0,10.0,0.0,0,0.0,0,0.002,21.9,10944.527736131933,21.856199999999998,0.0,5.0,1.0,0.27488697
0022501199,1610612744,Golden State,Warriors,GSW,warriors,1627780,Gary,Payton II,G. Payton II,gary-payton-ii,,,,12:03,12.05,1,2,0.5,0,1,0.0,0,0,0.0,1,1,2,1,1,0,0,2,2,2.0,0022501199,Gary Payton II,gary payton  ii,,,2026-04-12,1,0.16597510373443983,0.08298755186721991,0.16597510373443983,0.08298755186721991,0.16597510373443983,12.0,5.0,9.0,10.0,1.0,3.0,7.0,13.0,2.0,0,0.0,0,0.0006900000000000001,4.3,6222.86541244573,4.297033,0.08298755186721991,3.0,2.0,0.02857035
0022501199,1610612744,Golden State,Warriors,GSW,warriors,1642954,Will,Richard,W. Richard,will-richard,,,,20:29,20.483333333333334,0,3,0.0,0,3,0.0,0,0,0.0,1,1,2,1,1,0,0,2,0,-12.0,0022501199,Will Richard,will richard,,,2026-04-12,1,0.0,0.04882017900732302,0.09764035801464604,0.04882017900732302,0.09764035801464604,13.0,5.0,9.0,10.0,1.0,3.0,9.0,4.0,4.0,0,0.0,0,0.00061,-30.8,-50409.16530278233,-30.781212,0.04882017900732302,3.0,6.0,0.010943483
0022501199,1610612744,Golden State,Warriors,GSW,warriors,1629646,Charles,Bassey,C. Bassey,charles-bassey,,,,18:37,18.616666666666667,5,6,0.833,0,0,0.0,6,8,0.75,2,1,3,2,0,0,1,4,16,-17.0,0022501199,Charles Bassey,charles bassey,,,2026-04-12,0,0.8594449418084154,0.10743061772605192,0.1611459265890779,0.10743061772605192,0.10743061772605192,2.0,2.0,6.0,3.0,4.0,3.0,12.0,8.0,0.0,0,0.0,0,0.00227,-45.9,-20211.360634081902,-45.795806999999996,0.0,5.0,5.0,0.83163697
0022501199,1610612744,Golden State,Warriors,GSW,warriors,203552,Seth,Curry,S. Curry,seth-curry,,,,12:10,12.166666666666666,2,7,0.286,2,4,0.5,0,0,0.0,0,1,1,2,0,0,0,0,6,-12.0,0022501199,Seth Curry,seth curry,,,2026-04-12,0,0.4931506849315069,0.0,0.08219178082191782,0.16438356164383564,0.0,9.0,11.0,13.0,3.0,4.0,3.0,9.0,12.0,,1,,1,0.00241,-42.0,-17420.157610949813,-41.89878,0.0,5.0,12.0,0.025735991
0022501199,1610612744,Golden State,Warriors,GSW,warriors,1630311,Pat,Spencer,P. Spencer,pat-spencer,,,,19:21,19.35,3,8,0.375,1,3,0.333,0,0,0.0,1,2,3,3,0,0,1,2,7,-18.0,0022501199,Pat Spencer,pat spencer,,,2026-04-12,0,0.3617571059431524,0.05167958656330749,0.15503875968992248,0.15503875968992248,0.05167958656330749,7.0,5.0,6.0,1.0,4.0,3.0,13.0,5.0,0.0,0,0.0,0,0.00196,-43.0,-21927.587965323815,-42.91572,0.0,5.0,10.0,0.039595027
0022501199,1610612744,Golden State,Warriors,GSW,warriors,1642502,Malevy,Leons,M. Leons,malevy-leons,,,,16:49,16.816666666666666,3,4,0.75,0,0,0.0,2,2,1.0,1,1,2,2,0,0,0,3,8,-13.0,0022501199,Malevy Leons,malevy leons,,,2026-04-12,0,0.4757185332011893,0.05946481665014866,0.11892963330029732,0.11892963330029732,0.05946481665014866,6.0,5.0,9.0,3.0,4.0,3.0,11.0,9.0,0.0,0,0.0,0,0.00116,-41.8,-36003.44530577089,-41.751512,0.0,5.0,9.0,0.059332646
0022501199,1610612744,Golden State,Warriors,GSW,warriors,1631466,Nate,Williams,N. Williams,nate-williams,,,,12:31,12.516666666666667,3,7,0.429,1,3,0.333,2,2,1.0,2,0,2,1,0,0,0,1,9,-11.0,0022501199,Nate Williams,nate williams,,,2026-04-12,0,0.7190412782956058,0.15978695073235685,0.15978695073235685,0.07989347536617843,0.15978695073235685,5.0,2.0,9.0,10.0,4.0,3.0,8.0,11.0,1.0,0,0.0,0,0.0025800000000000003,-45.8,-17745.060054242538,-45.681836,0.0,5.0,3.0,0.12084481
