gameId,teamId,teamCity,teamName,teamTricode,teamSlug,personId,firstName,familyName,nameI,playerSlug,position,comment,jerseyNum,minutes,minutes_decimal,fieldGoalsMade,fieldGoalsAttempted,fieldGoalsPercentage,threePointersMade,threePointersAttempted,threePointersPercentage,freeThrowsMade,freeThrowsAttempted,freeThrowsPercentage,reboundsOffensive,reboundsDefensive,reboundsTotal,assists,steals,blocks,turnovers,foulsPersonal,points,plusMinusPoints,GAME_ID,player_name,player_name_key,y,winner_names,game_date,stocks,points_per_min,oreb_per_min,reb_per_min,ast_per_min,hustle_proxy,points_rank,reboundsOffensive_rank,reboundsTotal_rank,assists_rank,steals_rank,blocks_rank,plusMinusPoints_rank,minutes_decimal_rank,deflections,deflections_missing,charges_drawn,charges_drawn_missing,usage_rate,net_rating,impact_efficiency,role_outperformance,stocks_per_min,stocks_rank,hustle_proxy_rank,pred_prob
0022400068,1610612745,Houston,Rockets,HOU,rockets,1628415,Dillon,Brooks,D. Brooks,dillon-brooks,F,,,31:25,31.416666666666668,1,6,0.167,0,3,0.0,0,0,0.0,1,2,3,0,0,0,0,4,2,14.0,0022400068,Dillon Brooks,dillon brooks,,,2024-10-23,0,0.0636604774535809,0.03183023872679045,0.09549071618037135,0.0,0.03183023872679045,9.0,4.0,5.0,7.0,4.0,5.0,1.0,5.0,1.0,0,0.0,0,0.0007599999999999999,22.2,29172.141918528254,22.183128,0.0,7.0,8.0,0.022448769
0022400068,1610612745,Houston,Rockets,HOU,rockets,1631095,Jabari,Smith Jr.,J. Smith Jr.,jabari-smith-jr,F,,,33:07,33.11666666666667,2,7,0.286,2,5,0.4,2,3,0.667,1,4,5,1,0,1,0,2,8,2.0,0022400068,Jabari Smith Jr.,jabari smith jr,,,2024-10-23,1,0.24157020634121792,0.03019627579265224,0.1509813789632612,0.03019627579265224,0.06039255158530448,5.0,4.0,2.0,6.0,4.0,1.0,4.0,4.0,0.0,0,0.0,0,0.00098,-0.4,-407.7471967380225,-0.399608,0.03019627579265224,4.0,7.0,0.090922944
0022400068,1610612745,Houston,Rockets,HOU,rockets,1630578,Alperen,Sengun,A. Sengun,alperen-sengun,C,,,33:53,33.88333333333333,10,22,0.455,2,3,0.667,3,4,0.75,6,12,18,5,4,1,3,2,25,10.0,0022400068,Alperen Sengun,alperen sengun,,,2024-10-23,5,0.7378258730939499,0.17707820954254797,0.5312346286276439,0.14756517461878996,0.3246433841613379,2.0,1.0,1.0,2.0,1.0,1.0,2.0,3.0,5.0,0,0.0,0,0.0028899999999999998,5.2,1798.6855759252855,5.184972,0.14756517461878996,1.0,1.0,0.9065402
0022400068,1610612745,Houston,Rockets,HOU,rockets,1630224,Jalen,Green,J. Green,jalen-green,G,,,35:27,35.45,9,23,0.391,5,15,0.333,5,5,1.0,0,2,2,0,0,0,0,0,28,-11.0,0022400068,Jalen Green,jalen green,,,2024-10-23,0,0.7898448519040902,0.0,0.05641748942172073,0.0,0.0,1.0,9.0,7.0,7.0,4.0,5.0,8.0,2.0,1.0,0,0.0,0,0.00263,-17.0,-6461.421512732801,-16.955289999999998,0.0,7.0,9.0,0.8424766
0022400068,1610612745,Houston,Rockets,HOU,rockets,1627832,Fred,VanVleet,F. VanVleet,fred-vanvleet,G,,,37:24,37.4,4,18,0.222,2,11,0.182,4,4,1.0,2,2,4,6,2,0,2,1,14,0.0,0022400068,Fred VanVleet,fred vanvleet,,,2024-10-23,2,0.37433155080213903,0.053475935828877004,0.10695187165775401,0.16042780748663102,0.10695187165775401,3.0,3.0,3.0,1.0,2.0,5.0,5.0,1.0,4.0,0,0.0,0,0.00234,-2.8,-1196.0700555318238,-2.7934479999999997,0.053475935828877004,2.0,5.0,0.21885754
0022400068,1610612745,Houston,Rockets,HOU,rockets,1641708,Amen,Thompson,A. Thompson,amen-thompson,,,,21:50,21.833333333333332,5,11,0.455,1,2,0.5,2,4,0.5,1,3,4,0,0,1,0,3,13,-19.0,0022400068,Amen Thompson,amen thompson,,,2024-10-23,1,0.5954198473282443,0.04580152671755725,0.183206106870229,0.0,0.0916030534351145,4.0,4.0,3.0,7.0,4.0,1.0,10.0,6.0,2.0,0,0.0,0,0.00245,-35.2,-14361.485108119135,-35.113760000000006,0.04580152671755725,4.0,6.0,0.52328897
0022400068,1610612745,Houston,Rockets,HOU,rockets,1642263,Reed,Sheppard,R. Sheppard,reed-sheppard,,,,15:32,15.533333333333333,2,5,0.4,0,1,0.0,0,0,0.0,1,1,2,3,0,1,3,3,4,-6.0,0022400068,Reed Sheppard,reed sheppard,,,2024-10-23,1,0.2575107296137339,0.06437768240343347,0.12875536480686695,0.19313304721030042,0.12875536480686695,7.0,4.0,7.0,3.0,4.0,1.0,6.0,7.0,1.0,0,0.0,0,0.0020499999999999997,-11.4,-5558.264261335934,-11.37663,0.06437768240343347,4.0,4.0,0.03925514
0022400068,1610612745,Houston,Rockets,HOU,rockets,1629111,Jock,Landale,J. Landale,jock-landale,,,,10:27,10.45,2,4,0.5,1,1,1.0,0,0,0.0,3,0,3,2,0,0,0,1,5,-6.0,0022400068,Jock Landale,jock landale,,,2024-10-23,0,0.47846889952153115,0.28708133971291866,0.28708133971291866,0.19138755980861244,0.28708133971291866,6.0,2.0,5.0,4.0,4.0,5.0,6.0,9.0,0.0,0,0.0,0,0.00148,-17.7,-11951.384199864957,-17.673803999999997,0.0,7.0,2.0,0.053159505
0022400068,1610612745,Houston,Rockets,HOU,rockets,1631106,Tari,Eason,T. Eason,tari-eason,,,,12:54,12.9,1,3,0.333,0,1,0.0,0,0,0.0,1,1,2,2,2,0,0,1,2,-13.0,0022400068,Tari Eason,tari eason,,,2024-10-23,2,0.15503875968992248,0.07751937984496124,0.15503875968992248,0.15503875968992248,0.23255813953488372,9.0,4.0,7.0,4.0,2.0,5.0,9.0,8.0,2.0,0,0.0,0,0.0008799999999999999,-34.5,-39160.0454029512,-34.46964,0.15503875968992248,2.0,3.0,0.010841292
0022400068,1610612745,Houston,Rockets,HOU,rockets,1641715,Cam,Whitmore,C. Whitmore,cam-whitmore,,,,8:01,8.016666666666667,2,4,0.5,0,1,0.0,0,0,0.0,0,0,0,0,0,0,0,1,4,4.0,0022400068,Cam Whitmore,cam whitmore,,,2024-10-23,0,0.49896049896049893,0.0,0.0,0.0,0.0,7.0,9.0,10.0,7.0,4.0,5.0,3.0,10.0,,1,,1,0.00222,23.5,10580.819450697882,23.44783,0.0,7.0,9.0,0.029848242
0022400082,1610612745,Houston,Rockets,HOU,rockets,1628415,Dillon,Brooks,D. Brooks,dillon-brooks,F,,,31:13,31.216666666666665,5,12,0.417,2,6,0.333,6,6,1.0,3,1,4,0,2,0,0,3,18,13.0,0022400082,Dillon Brooks,dillon brooks,,,2024-10-25,2,0.5766150560597971,0.09610250934329953,0.12813667912439936,0.0,0.1601708489054992,2.0,3.0,6.0,9.0,2.0,4.0,5.0,4.0,1.0,0,0.0,0,0.00169,18.6,10999.408633944413,18.568566,0.06406833956219968,3.0,5.0,0.84001094
0022400082,1610612745,Houston,Rockets,HOU,rockets,1631095,Jabari,Smith Jr.,J. Smith Jr.,jabari-smith-jr,F,,,35:02,35.03333333333333,5,13,0.385,0,3,0.0,4,4,1.0,6,10,16,4,0,2,3,5,14,18.0,0022400082,Jabari Smith Jr.,jabari smith jr,,,2024-10-25,2,0.39961941008563273,0.1712654614652712,0.45670789724072314,0.11417697431018078,0.22835394862036157,5.0,1.0,1.0,1.0,7.0,1.0,2.0,1.0,1.0,0,0.0,0,0.00178,22.8,12801.796743402585,22.759416,0.05708848715509039,3.0,2.0,0.8506258
0022400082,1610612745,Houston,Rockets,HOU,rockets,1630578,Alperen,Sengun,A. Sengun,alperen-sengun,C,,,31:42,31.7,5,13,0.385,0,2,0.0,6,8,0.75,5,10,15,2,1,0,3,5,16,17.0,0022400082,Alperen Sengun,alperen sengun,,,2024-10-25,1,0.5047318611987381,0.15772870662460567,0.47318611987381703,0.06309148264984227,0.18927444794952683,3.0,2.0,2.0,5.0,4.0,4.0,3.0,3.0,4.0,0,1.0,0,0.00217,21.2,9765.08521418701,21.153996,0.031545741324921134,5.0,3.0,0.73209584
0022400082,1610612745,Houston,Rockets,HOU,rockets,1630224,Jalen,Green,J. Green,jalen-green,G,,,31:45,31.75,8,21,0.381,4,8,0.5,2,6,0.333,2,4,6,4,3,1,2,3,22,19.0,0022400082,Jalen Green,jalen green,,,2024-10-25,4,0.6929133858267716,0.06299212598425197,0.1889763779527559,0.12598425196850394,0.1889763779527559,1.0,5.0,3.0,1.0,1.0,2.0,1.0,2.0,4.0,0,0.0,0,0.0028000000000000004,25.7,9175.294537665117,25.62804,0.12598425196850394,1.0,4.0,0.8094533
0022400082,1610612745,Houston,Rockets,HOU,rockets,1627832,Fred,VanVleet,F. VanVleet,fred-vanvleet,G,,,30:55,30.916666666666668,5,9,0.556,5,9,0.556,1,4,0.25,0,3,3,3,1,0,0,4,16,9.0,0022400082,Fred VanVleet,fred vanvleet,,,2024-10-25,1,0.5175202156334232,0.0,0.09703504043126684,0.09703504043126684,0.03234501347708895,3.0,9.0,7.0,3.0,4.0,4.0,6.0,5.0,3.0,0,0.0,0,0.00133,16.9,12697.220135236663,16.877522999999997,0.03234501347708895,5.0,10.0,0.8266787
0022400082,1610612745,Houston,Rockets,HOU,rockets,1641708,Amen,Thompson,A. Thompson,amen-thompson,,,,24:06,24.1,2,4,0.5,0,1,0.0,5,5,1.0,3,3,6,3,0,0,8,3,9,15.0,0022400082,Amen Thompson,amen thompson,,,2024-10-25,0,0.37344398340248963,0.12448132780082986,0.24896265560165973,0.12448132780082986,0.12448132780082986,8.0,3.0,3.0,3.0,7.0,4.0,4.0,6.0,4.0,0,0.0,0,0.00197,24.8,12582.445459157787,24.751144,0.0,8.0,7.0,0.054401763
0022400082,1610612745,Houston,Rockets,HOU,rockets,1631106,Tari,Eason,T. Eason,tari-eason,,,,16:02,16.033333333333335,5,7,0.714,3,4,0.75,0,0,0.0,2,3,5,0,2,1,0,2,13,8.0,0022400082,Tari Eason,tari eason,,,2024-10-25,3,0.8108108108108107,0.12474012474012473,0.3118503118503118,0.0,0.3118503118503118,6.0,5.0,5.0,9.0,2.0,2.0,7.0,7.0,3.0,0,0.0,0,0.0015199999999999999,17.9,11768.573307034847,17.872792,0.1871101871101871,2.0,1.0,0.71059006
0022400082,1610612745,Houston,Rockets,HOU,rockets,1642263,Reed,Sheppard,R. Sheppard,reed-sheppard,,,,12:38,12.633333333333333,2,5,0.4,2,4,0.5,0,0,0.0,0,0,0,2,1,0,0,1,6,3.0,0022400082,Reed Sheppard,reed sheppard,,,2024-10-25,1,0.474934036939314,0.0,0.0,0.158311345646438,0.079155672823219,9.0,9.0,12.0,5.0,4.0,4.0,8.0,9.0,2.0,0,0.0,0,0.0013900000000000002,6.2,4457.225017972682,6.191382,0.079155672823219,5.0,8.0,0.057040177
0022400082,1610612745,Houston,Rockets,HOU,rockets,1629111,Jock,Landale,J. Landale,jock-landale,,,,6:28,6.466666666666667,0,0,0.0,0,0,0.0,0,0,0.0,1,2,3,0,0,0,0,0,0,-6.0,0022400082,Jock Landale,jock landale,,,2024-10-25,0,0.0,0.15463917525773196,0.4639175257731959,0.0,0.15463917525773196,11.0,7.0,7.0,9.0,7.0,4.0,13.0,10.0,0.0,0,0.0,0,0.0,-49.0,-49000000.0,-49.0,0.0,8.0,6.0,0.0044958075
0022400082,1610612745,Houston,Rockets,HOU,rockets,1641715,Cam,Whitmore,C. Whitmore,cam-whitmore,,,,13:31,13.516666666666667,5,12,0.417,0,4,0.0,1,3,0.333,1,2,3,0,0,0,1,5,11,-2.0,0022400082,Cam Whitmore,cam whitmore,,,2024-10-25,0,0.8138101109741059,0.07398273736128236,0.2219482120838471,0.0,0.07398273736128236,7.0,7.0,7.0,9.0,7.0,4.0,12.0,8.0,2.0,0,0.0,0,0.00368,-9.8,-2662.3200217332246,-9.763936000000001,0.0,8.0,9.0,0.5177832
0022400082,1610612745,Houston,Rockets,HOU,rockets,1630256,Jae'Sean,Tate,J. Tate,jaesean-tate,,,,2:13,2.216666666666667,0,0,0.0,0,0,0.0,0,0,0.0,0,1,1,1,0,0,0,1,0,2.0,0022400082,Jae'Sean Tate,jae'sean tate,,,2024-10-25,0,0.0,0.0,0.45112781954887216,0.45112781954887216,0.0,11.0,9.0,11.0,7.0,7.0,4.0,9.0,11.0,0.0,0,0.0,0,0.0,33.3,33300000.0,33.3,0.0,8.0,11.0,0.0050052903
0022400082,1610612745,Houston,Rockets,HOU,rockets,1631466,Nate,Williams,N. Williams,nate-williams,,,,2:13,2.216666666666667,1,1,1.0,1,1,1.0,0,0,0.0,0,2,2,0,0,0,0,0,3,2.0,0022400082,Nate Williams,nate williams,,,2024-10-25,0,1.3533834586466165,0.0,0.9022556390977443,0.0,0.0,10.0,9.0,10.0,9.0,7.0,4.0,9.0,11.0,,1,,1,0.00167,33.3,19928.18671454219,33.244389,0.0,8.0,11.0,0.05163078
0022400082,1610612745,Houston,Rockets,HOU,rockets,1628988,Aaron,Holiday,A. Holiday,aaron-holiday,,,,2:13,2.216666666666667,0,1,0.0,0,1,0.0,0,0,0.0,0,0,0,1,0,0,0,0,0,2.0,0022400082,Aaron Holiday,aaron holiday,,,2024-10-25,0,0.0,0.0,0.0,0.45112781954887216,0.0,11.0,9.0,12.0,7.0,7.0,4.0,9.0,11.0,0.0,0,0.0,0,0.00167,33.3,19928.18671454219,33.244389,0.0,8.0,11.0,0.00253373
0022400094,1610612745,Houston,Rockets,HOU,rockets,1628415,Dillon,Brooks,D. Brooks,dillon-brooks,F,,,35:20,35.333333333333336,6,12,0.5,4,7,0.571,0,0,0.0,1,1,2,1,1,1,1,5,16,9.0,0022400094,Dillon Brooks,dillon brooks,,,2024-10-26,2,0.45283018867924524,0.028301886792452827,0.056603773584905655,0.028301886792452827,0.08490566037735849,3.0,3.0,6.0,6.0,4.0,1.0,1.0,2.0,3.0,0,0.0,0,0.00159,12.7,7982.4010056568195,12.679807,0.056603773584905655,3.0,6.0,0.8027503
0022400094,1610612745,Houston,Rockets,HOU,rockets,1631095,Jabari,Smith Jr.,J. Smith Jr.,jabari-smith-jr,F,,,31:58,31.966666666666665,3,10,0.3,1,4,0.25,0,0,0.0,2,5,7,1,1,0,1,5,7,-3.0,0022400094,Jabari Smith Jr.,jabari smith jr,,,2024-10-26,1,0.21897810218978103,0.06256517205422316,0.21897810218978103,0.03128258602711158,0.09384775808133473,6.0,1.0,1.0,6.0,4.0,4.0,6.0,4.0,0.0,0,0.0,0,0.0014099999999999998,-4.8,-3401.8426647767546,-4.793232,0.03128258602711158,5.0,5.0,0.087071866
0022400094,1610612745,Houston,Rockets,HOU,rockets,1630578,Alperen,Sengun,A. Sengun,alperen-sengun,C,,,22:03,22.05,2,8,0.25,1,2,0.5,1,2,0.5,1,4,5,2,2,0,1,3,6,-6.0,0022400094,Alperen Sengun,alperen sengun,,,2024-10-26,2,0.27210884353741494,0.045351473922902494,0.22675736961451246,0.09070294784580499,0.13605442176870747,7.0,3.0,3.0,3.0,3.0,4.0,8.0,5.0,2.0,0,0.0,0,0.00185,-13.3,-7185.305240410589,-13.275395,0.09070294784580499,3.0,2.0,0.06687373
0022400094,1610612745,Houston,Rockets,HOU,rockets,1630224,Jalen,Green,J. Green,jalen-green,G,,,33:04,33.06666666666667,10,22,0.455,3,10,0.3,6,6,1.0,1,5,6,5,0,0,2,3,29,3.0,0022400094,Jalen Green,jalen green,,,2024-10-26,0,0.877016129032258,0.030241935483870965,0.18145161290322578,0.15120967741935482,0.030241935483870965,1.0,3.0,2.0,2.0,6.0,4.0,3.0,3.0,1.0,0,0.0,0,0.00338,4.5,1330.967169476486,4.484789999999999,0.0,7.0,8.0,0.71585804
0022400094,1610612745,Houston,Rockets,HOU,rockets,1627832,Fred,VanVleet,F. VanVleet,fred-vanvleet,G,,,38:37,38.61666666666667,5,12,0.417,4,10,0.4,4,4,1.0,0,2,2,7,3,0,2,3,18,0.0,0022400094,Fred VanVleet,fred vanvleet,,,2024-10-26,3,0.46611998273629696,0.0,0.05179110919292188,0.18126888217522658,0.07768666378938283,2.0,7.0,6.0,1.0,1.0,4.0,4.0,1.0,3.0,0,0.0,0,0.00172,4.3,2498.5473561882627,4.292604,0.07768666378938283,2.0,7.0,0.7955855
0022400094,1610612745,Houston,Rockets,HOU,rockets,1641708,Amen,Thompson,A. Thompson,amen-thompson,,,,19:54,19.9,0,3,0.0,0,2,0.0,1,2,0.5,2,2,4,2,0,0,1,2,1,-12.0,0022400094,Amen Thompson,amen thompson,,,2024-10-26,0,0.05025125628140704,0.10050251256281408,0.20100502512562815,0.10050251256281408,0.10050251256281408,9.0,1.0,4.0,3.0,6.0,4.0,10.0,7.0,0.0,0,0.0,0,0.00109,-29.3,-26856.095325389553,-29.268062999999998,0.0,7.0,3.0,0.0064015915
0022400094,1610612745,Houston,Rockets,HOU,rockets,1631106,Tari,Eason,T. Eason,tari-eason,,,,18:19,18.316666666666666,3,6,0.5,0,2,0.0,0,0,0.0,0,2,2,2,3,1,1,3,6,-1.0,0022400094,Tari Eason,tari eason,,,2024-10-26,4,0.3275705186533212,0.0,0.1091901728844404,0.1091901728844404,0.2183803457688808,7.0,7.0,6.0,3.0,1.0,1.0,5.0,8.0,2.0,0,0.0,0,0.0016300000000000002,-6.0,-3678.724708767627,-5.99022,0.2183803457688808,1.0,1.0,0.1352557
0022400094,1610612745,Houston,Rockets,HOU,rockets,1629111,Jock,Landale,J. Landale,jock-landale,,,,13:36,13.6,5,7,0.714,0,0,0.0,3,4,0.75,0,2,2,0,0,0,0,0,13,-4.0,0022400094,Jock Landale,jock landale,,,2024-10-26,0,0.9558823529411765,0.0,0.14705882352941177,0.0,0.0,4.0,7.0,6.0,9.0,6.0,4.0,7.0,9.0,0.0,0,0.0,0,0.0029,-14.3,-4929.334712168218,-14.25853,0.0,7.0,9.0,0.6546449
0022400094,1610612745,Houston,Rockets,HOU,rockets,1642263,Reed,Sheppard,R. Sheppard,reed-sheppard,,,,6:23,6.383333333333334,0,2,0.0,0,1,0.0,0,0,0.0,0,1,1,1,0,0,1,0,0,-7.0,0022400094,Reed Sheppard,reed sheppard,,,2024-10-26,0,0.0,0.0,0.15665796344647517,0.15665796344647517,0.0,10.0,7.0,10.0,6.0,6.0,4.0,9.0,10.0,1.0,0,0.0,0,0.0025,-46.8,-18712.514994002395,-46.683,0.0,7.0,9.0,0.002656596
0022400094,1610612745,Houston,Rockets,HOU,rockets,1641715,Cam,Whitmore,C. Whitmore,cam-whitmore,,,,20:46,20.766666666666666,4,10,0.4,0,3,0.0,2,3,0.667,1,2,3,0,0,1,0,0,10,6.0,0022400094,Cam Whitmore,cam whitmore,,,2024-10-26,1,0.48154093097913325,0.048154093097913325,0.14446227929373998,0.0,0.09630818619582665,5.0,3.0,5.0,9.0,6.0,1.0,2.0,6.0,1.0,0,0.0,0,0.0022400000000000002,17.6,7853.636769299419,17.560576,0.048154093097913325,5.0,4.0,0.5181056
0022400109,1610612745,Houston,Rockets,HOU,rockets,1628415,Dillon,Brooks,D. Brooks,dillon-brooks,F,,,36:53,36.88333333333333,2,9,0.222,1,4,0.25,2,2,1.0,2,5,7,0,0,0,0,2,7,8.0,0022400109,Dillon Brooks,dillon brooks,,,2024-10-28,0,0.18978761861726165,0.05422503389064618,0.18978761861726165,0.0,0.05422503389064618,5.0,2.0,3.0,7.0,5.0,3.0,2.0,3.0,0.0,0,0.0,0,0.00122,15.0,12285.012285012286,14.9817,0.0,5.0,7.0,0.17647022
0022400109,1610612745,Houston,Rockets,HOU,rockets,1631095,Jabari,Smith Jr.,J. Smith Jr.,jabari-smith-jr,F,,,28:55,28.916666666666668,5,8,0.625,2,4,0.5,5,6,0.833,2,6,8,1,0,0,2,4,17,-1.0,0022400109,Jabari Smith Jr.,jabari smith jr,,,2024-10-28,0,0.5878962536023055,0.06916426512968299,0.27665706051873196,0.034582132564841495,0.06916426512968299,2.0,2.0,2.0,5.0,5.0,3.0,7.0,4.0,0.0,0,0.0,0,0.00194,0.2,103.03967027305514,0.199612,0.0,5.0,6.0,0.7764799
0022400109,1610612745,Houston,Rockets,HOU,rockets,1630578,Alperen,Sengun,A. Sengun,alperen-sengun,C,,,26:08,26.133333333333333,5,14,0.357,1,1,1.0,1,2,0.5,5,7,12,5,1,1,2,5,12,-1.0,0022400109,Alperen Sengun,alperen sengun,,,2024-10-28,2,0.45918367346938777,0.1913265306122449,0.45918367346938777,0.1913265306122449,0.26785714285714285,3.0,1.0,1.0,2.0,3.0,1.0,7.0,5.0,2.0,0,0.0,0,0.0027900000000000004,-2.1,-752.4184879971335,-2.094141,0.07653061224489796,1.0,1.0,0.63744086
0022400109,1610612745,Houston,Rockets,HOU,rockets,1630224,Jalen,Green,J. Green,jalen-green,G,,,37:33,37.55,11,22,0.5,7,13,0.538,7,7,1.0,0,1,1,2,0,0,4,0,36,8.0,0022400109,Jalen Green,jalen green,,,2024-10-28,0,0.9587217043941412,0.0,0.026631158455392812,0.053262316910785625,0.0,1.0,7.0,8.0,3.0,5.0,3.0,2.0,2.0,1.0,0,0.0,0,0.00333,13.8,4142.900030021015,13.754046,0.0,5.0,8.0,0.80291355
0022400109,1610612745,Houston,Rockets,HOU,rockets,1627832,Fred,VanVleet,F. VanVleet,fred-vanvleet,G,,,40:57,40.95,4,14,0.286,3,8,0.375,0,0,0.0,1,2,3,9,2,0,0,3,11,4.0,0022400109,Fred VanVleet,fred vanvleet,,,2024-10-28,2,0.2686202686202686,0.02442002442002442,0.07326007326007325,0.21978021978021978,0.07326007326007325,4.0,5.0,5.0,1.0,1.0,3.0,4.0,1.0,5.0,0,0.0,0,0.00156,8.0,5124.919923126202,7.98752,0.04884004884004884,1.0,4.0,0.7326935
0022400109,1610612745,Houston,Rockets,HOU,rockets,1641708,Amen,Thompson,A. Thompson,amen-thompson,,,,18:43,18.716666666666665,2,5,0.4,1,1,1.0,2,2,1.0,0,3,3,0,1,1,3,2,7,1.0,0022400109,Amen Thompson,amen thompson,,,2024-10-28,2,0.37399821905609976,0.0,0.16028495102404275,0.0,0.1068566340160285,5.0,7.0,5.0,7.0,3.0,1.0,6.0,7.0,1.0,0,0.0,0,0.002,-1.7,-849.575212393803,-1.6965999999999999,0.1068566340160285,1.0,3.0,0.09577292
0022400109,1610612745,Houston,Rockets,HOU,rockets,1631106,Tari,Eason,T. Eason,tari-eason,,,,21:44,21.733333333333334,2,5,0.4,0,2,0.0,2,2,1.0,2,3,5,2,2,0,0,4,6,3.0,0022400109,Tari Eason,tari eason,,,2024-10-28,2,0.2760736196319018,0.09202453987730061,0.2300613496932515,0.09202453987730061,0.18404907975460122,7.0,2.0,4.0,3.0,1.0,3.0,5.0,6.0,4.0,0,0.0,0,0.00115,11.9,10338.835794960905,11.886315,0.09202453987730061,1.0,2.0,0.16049924
0022400109,1610612745,Houston,Rockets,HOU,rockets,203500,Steven,Adams,S. Adams,steven-adams,,,,13:52,13.866666666666667,3,3,1.0,0,0,0.0,0,1,0.0,1,2,3,0,0,0,1,3,6,11.0,0022400109,Steven Adams,steven adams,,,2024-10-28,0,0.43269230769230765,0.07211538461538461,0.21634615384615383,0.0,0.07211538461538461,7.0,5.0,5.0,7.0,5.0,3.0,1.0,8.0,1.0,0,0.0,0,0.00133,48.4,36363.63636363637,48.33562799999999,0.0,5.0,5.0,0.24258164
0022400109,1610612745,Houston,Rockets,HOU,rockets,1641715,Cam,Whitmore,C. Whitmore,cam-whitmore,,,,12:00,12.0,1,5,0.2,0,4,0.0,2,2,1.0,0,1,1,0,0,0,0,0,4,-7.0,0022400109,Cam Whitmore,cam whitmore,,,2024-10-28,0,0.3333333333333333,0.0,0.08333333333333333,0.0,0.0,9.0,7.0,8.0,7.0,5.0,3.0,10.0,9.0,0.0,0,0.0,0,0.0024,-30.4,-12661.391087047063,-30.32704,0.0,5.0,8.0,0.0064352695
0022400109,1610612745,Houston,Rockets,HOU,rockets,1642263,Reed,Sheppard,R. Sheppard,reed-sheppard,,,,3:15,3.25,0,0,0.0,0,0,0.0,0,0,0.0,0,0,0,1,0,0,0,0,0,-1.0,0022400109,Reed Sheppard,reed sheppard,,,2024-10-28,0,0.0,0.0,0.0,0.3076923076923077,0.0,10.0,7.0,10.0,5.0,5.0,3.0,7.0,10.0,0.0,0,0.0,0,0.0,-14.3,-14300000.000000002,-14.3,0.0,5.0,8.0,0.0050017717
0022400129,1610612745,Houston,Rockets,HOU,rockets,1628415,Dillon,Brooks,D. Brooks,dillon-brooks,F,,,40:54,40.9,6,15,0.4,2,9,0.222,3,4,0.75,1,3,4,2,0,1,0,1,17,7.0,0022400129,Dillon Brooks,dillon brooks,,,2024-10-31,1,0.4156479217603912,0.02444987775061125,0.097799511002445,0.0488997555012225,0.0488997555012225,2.0,6.0,5.0,5.0,5.0,1.0,4.0,1.0,1.0,0,0.0,0,0.00168,10.1,6008.3283759666865,10.083032,0.02444987775061125,2.0,9.0,0.282651
0022400129,1610612745,Houston,Rockets,HOU,rockets,1631095,Jabari,Smith Jr.,J. Smith Jr.,jabari-smith-jr,F,,,29:18,29.3,5,10,0.5,1,5,0.2,3,4,0.75,3,3,6,0,1,0,0,3,14,-6.0,0022400129,Jabari Smith Jr.,jabari smith jr,,,2024-10-31,1,0.4778156996587031,0.10238907849829351,0.20477815699658702,0.0,0.13651877133105803,5.0,2.0,3.0,9.0,1.0,5.0,9.0,5.0,0.0,0,0.0,0,0.00153,-10.7,-6988.896146309602,-10.683629,0.034129692832764506,2.0,5.0,0.5552762
0022400129,1610612745,Houston,Rockets,HOU,rockets,1630578,Alperen,Sengun,A. Sengun,alperen-sengun,C,,,34:46,34.766666666666666,5,16,0.313,0,1,0.0,7,9,0.778,6,6,12,4,0,1,1,3,17,10.0,0022400129,Alperen Sengun,alperen sengun,,,2024-10-31,1,0.48897411313518696,0.1725790987535954,0.3451581975071908,0.11505273250239693,0.20134228187919465,2.0,1.0,1.0,1.0,5.0,1.0,3.0,4.0,2.0,0,0.0,0,0.00247,17.6,7122.622420072846,17.556528,0.028763183125599234,2.0,1.0,0.40648365
0022400129,1610612745,Houston,Rockets,HOU,rockets,1630224,Jalen,Green,J. Green,jalen-green,G,,,36:19,36.31666666666667,9,21,0.429,3,8,0.375,2,3,0.667,0,12,12,4,1,1,5,4,23,12.0,0022400129,Jalen Green,jalen green,,,2024-10-31,2,0.6333180357962368,0.0,0.3304268012849931,0.11014226709499769,0.055071133547498846,1.0,9.0,1.0,1.0,1.0,1.0,1.0,3.0,0.0,0,0.0,0,0.00293,16.7,5697.714090754009,16.651069,0.055071133547498846,1.0,7.0,0.6557192
0022400129,1610612745,Houston,Rockets,HOU,rockets,1627832,Fred,VanVleet,F. VanVleet,fred-vanvleet,G,,,39:18,39.3,2,13,0.154,0,7,0.0,0,0,0.0,2,3,5,4,0,0,0,3,4,-12.0,0022400129,Fred VanVleet,fred vanvleet,,,2024-10-31,0,0.10178117048346057,0.050890585241730284,0.1272264631043257,0.10178117048346057,0.050890585241730284,8.0,3.0,4.0,1.0,5.0,5.0,10.0,2.0,0.0,0,0.0,0,0.00134,-12.7,-9470.544369873229,-12.682981999999999,0.0,8.0,8.0,0.024036534
0022400129,1610612745,Houston,Rockets,HOU,rockets,1641708,Amen,Thompson,A. Thompson,amen-thompson,,,,17:59,17.983333333333334,4,5,0.8,0,0,0.0,2,2,1.0,2,2,4,1,1,0,1,2,10,7.0,0022400129,Amen Thompson,amen thompson,,,2024-10-31,1,0.5560704355885079,0.11121408711770157,0.22242817423540315,0.05560704355885079,0.16682113067655235,6.0,3.0,5.0,7.0,1.0,5.0,4.0,7.0,1.0,0,0.0,0,0.0015199999999999999,29.3,19263.64234056542,29.255464000000003,0.05560704355885079,2.0,3.0,0.68638176
0022400129,1610612745,Houston,Rockets,HOU,rockets,1631106,Tari,Eason,T. Eason,tari-eason,,,,18:42,18.7,6,10,0.6,1,2,0.5,2,3,0.667,2,2,4,2,0,1,0,1,15,12.0,0022400129,Tari Eason,tari eason,,,2024-10-31,1,0.8021390374331551,0.10695187165775401,0.21390374331550802,0.10695187165775401,0.16042780748663102,4.0,3.0,5.0,5.0,5.0,1.0,1.0,6.0,0.0,0,0.0,0,0.00234,40.2,17172.148654421188,40.105932,0.053475935828877004,2.0,4.0,0.89656115
0022400129,1610612745,Houston,Rockets,HOU,rockets,1642263,Reed,Sheppard,R. Sheppard,reed-sheppard,,,,5:15,5.25,1,1,1.0,0,0,0.0,0,0,0.0,0,1,1,0,0,0,0,0,2,5.0,0022400129,Reed Sheppard,reed sheppard,,,2024-10-31,0,0.38095238095238093,0.0,0.19047619047619047,0.0,0.0,9.0,9.0,8.0,9.0,5.0,5.0,6.0,10.0,0.0,0,0.0,0,0.00091,77.8,85400.65861690449,77.729202,0.0,8.0,10.0,0.009587834
0022400129,1610612745,Houston,Rockets,HOU,rockets,203500,Steven,Adams,S. Adams,steven-adams,,,,9:58,9.966666666666667,0,0,0.0,0,0,0.0,0,0,0.0,1,0,1,3,1,0,0,2,0,-4.0,0022400129,Steven Adams,steven adams,,,2024-10-31,1,0.0,0.10033444816053512,0.10033444816053512,0.3010033444816054,0.20066889632107024,10.0,6.0,8.0,4.0,1.0,5.0,8.0,8.0,1.0,0,0.0,0,0.0,-5.5,-5500000.0,-5.5,0.10033444816053512,2.0,2.0,0.009230596
0022400129,1610612745,Houston,Rockets,HOU,rockets,1641715,Cam,Whitmore,C. Whitmore,cam-whitmore,,,,7:31,7.516666666666667,2,6,0.333,1,2,0.5,1,2,0.5,1,0,1,1,0,0,1,1,6,-1.0,0022400129,Cam Whitmore,cam whitmore,,,2024-10-31,0,0.7982261640798226,0.13303769401330376,0.13303769401330376,0.13303769401330376,0.13303769401330376,7.0,6.0,8.0,7.0,5.0,5.0,7.0,9.0,1.0,0,0.0,0,0.00444,1.4,315.2443143436162,1.393784,0.0,8.0,6.0,0.08289724
0022400144,1610612745,Houston,Rockets,HOU,rockets,1628415,Dillon,Brooks,D. Brooks,dillon-brooks,F,,,27:18,27.3,3,9,0.333,1,4,0.25,0,0,0.0,1,4,5,2,1,0,2,6,7,-15.0,0022400144,Dillon Brooks,dillon brooks,,,2024-11-02,1,0.2564102564102564,0.03663003663003663,0.18315018315018314,0.07326007326007326,0.07326007326007326,6.0,5.0,5.0,6.0,2.0,5.0,11.0,6.0,4.0,0,0.0,0,0.0017499999999999998,-28.3,-16162.19303255283,-28.250475,0.03663003663003663,4.0,8.0,0.03341227
0022400144,1610612745,Houston,Rockets,HOU,rockets,1631095,Jabari,Smith Jr.,J. Smith Jr.,jabari-smith-jr,F,,,37:19,37.31666666666667,7,18,0.389,5,13,0.385,2,2,1.0,2,5,7,0,1,0,0,2,21,-4.0,0022400144,Jabari Smith Jr.,jabari smith jr,,,2024-11-02,1,0.562751228226887,0.05359535506922733,0.18758374274229564,0.0,0.080393032603841,2.0,4.0,4.0,12.0,2.0,5.0,6.0,2.0,3.0,0,0.0,0,0.00213,-5.6,-2627.8742374472076,-5.5880719999999995,0.026797677534613665,4.0,6.0,0.8198116
0022400144,1610612745,Houston,Rockets,HOU,rockets,1630578,Alperen,Sengun,A. Sengun,alperen-sengun,C,,,20:38,20.633333333333333,5,10,0.5,0,1,0.0,4,6,0.667,3,7,10,4,0,1,2,3,14,-7.0,0022400144,Alperen Sengun,alperen sengun,,,2024-11-02,1,0.6785137318255251,0.14539579967689822,0.48465266558966075,0.1938610662358643,0.1938610662358643,4.0,2.0,2.0,2.0,8.0,2.0,8.0,7.0,0.0,0,0.0,0,0.003,-11.0,-3665.4448517160945,-10.967,0.048465266558966075,4.0,3.0,0.6526245
0022400144,1610612745,Houston,Rockets,HOU,rockets,1630224,Jalen,Green,J. Green,jalen-green,G,,,33:42,33.7,2,13,0.154,1,5,0.2,2,2,1.0,0,1,1,3,1,1,1,4,7,-20.0,0022400144,Jalen Green,jalen green,,,2024-11-02,2,0.20771513353115725,0.0,0.029673590504451036,0.08902077151335311,0.05934718100890207,6.0,9.0,8.0,5.0,2.0,2.0,12.0,4.0,1.0,0,0.0,0,0.00181,-25.5,-14080.618442849256,-25.453845,0.05934718100890207,2.0,10.0,0.02976317
0022400144,1610612745,Houston,Rockets,HOU,rockets,1627832,Fred,VanVleet,F. VanVleet,fred-vanvleet,G,,,40:06,40.1,2,12,0.167,1,8,0.125,6,6,1.0,1,2,3,5,1,1,0,6,11,-9.0,0022400144,Fred VanVleet,fred vanvleet,,,2024-11-02,2,0.2743142144638404,0.024937655860349125,0.07481296758104738,0.12468827930174563,0.07481296758104738,5.0,5.0,6.0,1.0,2.0,2.0,9.0,1.0,5.0,0,0.0,0,0.00156,-14.5,-9288.91736066624,-14.47738,0.04987531172069825,2.0,7.0,0.10566783
0022400144,1610612745,Houston,Rockets,HOU,rockets,1631106,Tari,Eason,T. Eason,tari-eason,,,,35:20,35.333333333333336,11,19,0.579,3,5,0.6,2,4,0.5,6,3,9,1,4,3,3,5,27,11.0,0022400144,Tari Eason,tari eason,,,2024-11-02,7,0.7641509433962264,0.16981132075471697,0.25471698113207547,0.028301886792452827,0.36792452830188677,1.0,1.0,3.0,7.0,1.0,1.0,2.0,3.0,8.0,0,0.0,0,0.00255,13.3,5213.6417091336725,13.266085,0.1981132075471698,1.0,1.0,0.89272475
0022400144,1610612745,Houston,Rockets,HOU,rockets,1641708,Amen,Thompson,A. Thompson,amen-thompson,,,,33:42,33.7,8,15,0.533,0,2,0.0,2,4,0.5,3,8,11,4,1,0,0,2,18,0.0,0022400144,Amen Thompson,amen thompson,,,2024-11-02,1,0.5341246290801186,0.08902077151335311,0.32640949554896137,0.11869436201780414,0.11869436201780414,3.0,2.0,1.0,2.0,2.0,5.0,4.0,4.0,3.0,0,0.0,0,0.00184,1.5,814.7745790331342,1.4972400000000001,0.029673590504451036,4.0,5.0,0.7806906
0022400144,1610612745,Houston,Rockets,HOU,rockets,1641715,Cam,Whitmore,C. Whitmore,cam-whitmore,,,,4:55,4.916666666666667,2,4,0.5,0,2,0.0,0,0,0.0,1,1,2,1,0,0,1,0,4,-9.0,0022400144,Cam Whitmore,cam whitmore,,,2024-11-02,0,0.8135593220338982,0.20338983050847456,0.4067796610169491,0.20338983050847456,0.20338983050847456,9.0,5.0,7.0,7.0,8.0,5.0,9.0,11.0,0.0,0,0.0,0,0.00385,-73.6,-19111.918982082574,-73.31663999999999,0.0,9.0,2.0,0.023143861
0022400144,1610612745,Houston,Rockets,HOU,rockets,1629111,Jock,Landale,J. Landale,jock-landale,,,,5:19,5.316666666666666,1,1,1.0,1,1,1.0,0,0,0.0,1,0,1,1,0,0,1,1,3,0.0,0022400144,Jock Landale,jock landale,,,2024-11-02,0,0.5642633228840126,0.18808777429467086,0.18808777429467086,0.18808777429467086,0.18808777429467086,10.0,5.0,8.0,7.0,8.0,5.0,4.0,10.0,1.0,0,0.0,0,0.00125,0.0,0.0,0.0,0.0,9.0,4.0,0.01729485
0022400144,1610612745,Houston,Rockets,HOU,rockets,1642263,Reed,Sheppard,R. Sheppard,reed-sheppard,,,,7:11,7.183333333333334,1,2,0.5,1,1,1.0,0,0,0.0,0,0,0,1,0,0,0,2,3,10.0,0022400144,Reed Sheppard,reed sheppard,,,2024-11-02,0,0.4176334106728538,0.0,0.0,0.13921113689095127,0.0,10.0,9.0,10.0,7.0,8.0,5.0,3.0,9.0,1.0,0,0.0,0,0.00111,71.7,64536.45364536454,71.620413,0.0,9.0,11.0,0.010854068
0022400144,1610612745,Houston,Rockets,HOU,rockets,201145,Jeff,Green,J. Green,jeff-green,,,,3:06,3.1,0,0,0.0,0,0,0.0,0,0,0.0,0,0,0,1,0,0,0,1,0,-6.0,0022400144,Jeff Green,jeff green,,,2024-11-02,0,0.0,0.0,0.0,0.3225806451612903,0.0,12.0,9.0,10.0,7.0,8.0,5.0,7.0,12.0,0.0,0,0.0,0,0.0,-111.9,-111900000.00000001,-111.9,0.0,9.0,11.0,0.003289457
0022400144,1610612745,Houston,Rockets,HOU,rockets,1628988,Aaron,Holiday,A. Holiday,aaron-holiday,,,,16:24,16.4,2,4,0.5,2,3,0.667,0,0,0.0,0,0,0,4,1,0,1,0,6,19.0,0022400144,Aaron Holiday,aaron holiday,,,2024-11-02,1,0.3658536585365854,0.0,0.0,0.24390243902439027,0.06097560975609757,8.0,9.0,10.0,2.0,2.0,5.0,1.0,8.0,0.0,0,0.0,0,0.00116,51.4,44272.179155900085,51.340376,0.06097560975609757,4.0,9.0,0.4306755
0022400161,1610612745,Houston,Rockets,HOU,rockets,1628415,Dillon,Brooks,D. Brooks,dillon-brooks,F,,,30:48,30.8,4,9,0.444,3,5,0.6,2,2,1.0,2,1,3,0,0,0,0,5,13,9.0,0022400161,Dillon Brooks,dillon brooks,,,2024-11-04,0,0.42207792207792205,0.06493506493506493,0.09740259740259741,0.0,0.06493506493506493,4.0,2.0,7.0,8.0,4.0,4.0,5.0,5.0,0.0,0,0.0,0,0.0013700000000000001,16.0,11670.313639679067,15.97808,0.0,6.0,5.0,0.5015728
0022400161,1610612745,Houston,Rockets,HOU,rockets,1631095,Jabari,Smith Jr.,J. Smith Jr.,jabari-smith-jr,F,,,22:15,22.25,3,8,0.375,1,5,0.2,0,0,0.0,0,6,6,1,0,0,1,2,7,-1.0,0022400161,Jabari Smith Jr.,jabari smith jr,,,2024-11-04,0,0.3146067415730337,0.0,0.2696629213483146,0.0449438202247191,0.0,6.0,7.0,3.0,6.0,4.0,4.0,7.0,7.0,3.0,0,0.0,0,0.0017299999999999998,0.1,57.770075101097646,0.099827,0.0,6.0,8.0,0.05089858
0022400161,1610612745,Houston,Rockets,HOU,rockets,1630578,Alperen,Sengun,A. Sengun,alperen-sengun,C,,,33:23,33.38333333333333,11,15,0.733,0,3,0.0,3,3,1.0,2,12,14,5,0,4,4,2,25,14.0,0022400161,Alperen Sengun,alperen sengun,,,2024-11-04,4,0.7488766849725412,0.05991013479780329,0.41937094358462307,0.14977533699450823,0.1797304043934099,1.0,2.0,1.0,1.0,4.0,1.0,1.0,2.0,3.0,0,0.0,0,0.00267,21.9,8199.176338450017,21.841527,0.11982026959560658,1.0,2.0,0.8992444
0022400161,1610612745,Houston,Rockets,HOU,rockets,1630224,Jalen,Green,J. Green,jalen-green,G,,,31:37,31.616666666666667,5,15,0.333,2,8,0.25,3,3,1.0,0,4,4,3,1,0,3,1,15,14.0,0022400161,Jalen Green,jalen green,,,2024-11-04,1,0.47443331576172904,0.0,0.1265155508697944,0.09488666315234581,0.0316288877174486,3.0,7.0,6.0,3.0,2.0,4.0,1.0,4.0,1.0,0,0.0,0,0.0028399999999999996,24.1,8482.92854628652,24.031556000000002,0.0316288877174486,3.0,7.0,0.28436026
0022400161,1610612745,Houston,Rockets,HOU,rockets,1627832,Fred,VanVleet,F. VanVleet,fred-vanvleet,G,,,35:47,35.78333333333333,8,14,0.571,1,5,0.2,2,2,1.0,1,1,2,5,2,1,1,3,19,12.0,0022400161,Fred VanVleet,fred vanvleet,,,2024-11-04,3,0.5309734513274337,0.02794597112249651,0.05589194224499302,0.13972985561248255,0.11178388448998604,2.0,5.0,8.0,1.0,1.0,2.0,3.0,1.0,5.0,0,0.0,0,0.0019500000000000001,14.2,7278.318810866222,14.17231,0.08383791336748952,2.0,4.0,0.67238265
0022400161,1610612745,Houston,Rockets,HOU,rockets,203500,Steven,Adams,S. Adams,steven-adams,,,,13:39,13.65,1,4,0.25,0,0,0.0,2,4,0.5,3,2,5,3,0,0,1,1,4,-6.0,0022400161,Steven Adams,steven adams,,,2024-11-04,0,0.29304029304029305,0.21978021978021978,0.3663003663003663,0.21978021978021978,0.21978021978021978,9.0,1.0,4.0,3.0,4.0,4.0,9.0,9.0,0.0,0,0.0,0,0.00219,-23.1,-10543.130990415335,-23.049411,0.0,6.0,1.0,0.016596796
0022400161,1610612745,Houston,Rockets,HOU,rockets,1641708,Amen,Thompson,A. Thompson,amen-thompson,,,,33:22,33.36666666666667,5,8,0.625,0,1,0.0,2,2,1.0,1,8,9,3,1,0,0,3,12,11.0,0022400161,Amen Thompson,amen thompson,,,2024-11-04,1,0.3596403596403596,0.02997002997002997,0.2697302697302697,0.0899100899100899,0.05994005994005994,5.0,5.0,2.0,3.0,2.0,4.0,4.0,3.0,2.0,0,0.0,0,0.0012,15.8,13155.703580349711,15.78104,0.02997002997002997,3.0,6.0,0.50219333
0022400161,1610612745,Houston,Rockets,HOU,rockets,1631106,Tari,Eason,T. Eason,tari-eason,,,,24:42,24.7,3,7,0.429,0,2,0.0,1,2,0.5,2,3,5,1,0,1,0,3,7,9.0,0022400161,Tari Eason,tari eason,,,2024-11-04,1,0.2834008097165992,0.08097165991902834,0.20242914979757085,0.04048582995951417,0.12145748987854252,6.0,2.0,4.0,6.0,4.0,2.0,5.0,6.0,1.0,0,0.0,0,0.00127,13.9,10936.27065302911,13.882347000000001,0.04048582995951417,3.0,3.0,0.15639451
0022400161,1610612745,Houston,Rockets,HOU,rockets,1642263,Reed,Sheppard,R. Sheppard,reed-sheppard,,,,14:27,14.45,3,8,0.375,1,4,0.25,0,0,0.0,0,2,2,0,0,0,0,0,7,-2.0,0022400161,Reed Sheppard,reed sheppard,,,2024-11-04,0,0.4844290657439447,0.0,0.1384083044982699,0.0,0.0,6.0,7.0,8.0,8.0,4.0,4.0,8.0,8.0,1.0,0,0.0,0,0.00242,-3.3,-1363.0731102850061,-3.292014,0.0,6.0,8.0,0.07992244
0022400173,1610612745,Houston,Rockets,HOU,rockets,1628415,Dillon,Brooks,D. Brooks,dillon-brooks,F,,,24:34,24.566666666666666,4,9,0.444,1,3,0.333,1,1,1.0,0,2,2,0,1,0,0,2,10,10.0,0022400173,Dillon Brooks,dillon brooks,,,2024-11-06,1,0.40705563093622793,0.0,0.0814111261872456,0.0,0.0407055630936228,7.0,6.0,8.0,9.0,3.0,5.0,8.0,3.0,3.0,0,0.0,0,0.0014299999999999998,16.7,11670.160726764501,16.676119,0.0407055630936228,5.0,10.0,0.28682074
0022400173,1610612745,Houston,Rockets,HOU,rockets,1631095,Jabari,Smith Jr.,J. Smith Jr.,jabari-smith-jr,F,,,24:02,24.033333333333335,6,8,0.75,0,1,0.0,0,0,0.0,2,2,4,0,0,0,0,1,12,15.0,0022400173,Jabari Smith Jr.,jabari smith jr,,,2024-11-06,0,0.4993065187239944,0.08321775312066573,0.16643550624133147,0.0,0.08321775312066573,4.0,3.0,6.0,9.0,9.0,5.0,4.0,6.0,0.0,0,0.0,0,0.00148,31.8,21471.97839297772,31.752936,0.0,10.0,7.0,0.46492076
0022400173,1610612745,Houston,Rockets,HOU,rockets,1630578,Alperen,Sengun,A. Sengun,alperen-sengun,C,,,24:16,24.266666666666666,8,15,0.533,0,1,0.0,0,1,0.0,0,5,5,4,1,2,1,1,16,13.0,0022400173,Alperen Sengun,alperen sengun,,,2024-11-06,3,0.6593406593406593,0.0,0.20604395604395606,0.16483516483516483,0.12362637362637363,3.0,6.0,4.0,2.0,3.0,1.0,7.0,5.0,3.0,0,0.0,0,0.00291,26.0,8931.63861216077,25.92434,0.12362637362637363,1.0,6.0,0.62419415
0022400173,1610612745,Houston,Rockets,HOU,rockets,1630224,Jalen,Green,J. Green,jalen-green,G,,,31:00,31.0,6,14,0.429,4,9,0.444,5,6,0.833,0,5,5,4,0,1,3,1,21,14.0,0022400173,Jalen Green,jalen green,,,2024-11-06,1,0.6774193548387096,0.0,0.16129032258064516,0.12903225806451613,0.03225806451612903,1.0,6.0,4.0,2.0,9.0,2.0,6.0,1.0,1.0,0,0.0,0,0.0025,18.6,7437.02518992403,18.553500000000003,0.03225806451612903,5.0,11.0,0.76909524
0022400173,1610612745,Houston,Rockets,HOU,rockets,1627832,Fred,VanVleet,F. VanVleet,fred-vanvleet,G,,,25:24,25.4,10,11,0.909,1,2,0.5,0,0,0.0,0,7,7,10,2,0,3,2,21,20.0,0022400173,Fred VanVleet,fred vanvleet,,,2024-11-06,2,0.8267716535433072,0.0,0.2755905511811024,0.3937007874015748,0.07874015748031496,1.0,6.0,1.0,1.0,1.0,5.0,2.0,2.0,4.0,0,0.0,0,0.00241,37.7,15636.665284114477,37.609143,0.07874015748031496,3.0,8.0,0.94019365
0022400173,1610612745,Houston,Rockets,HOU,rockets,1641708,Amen,Thompson,A. Thompson,amen-thompson,,,,24:18,24.3,4,4,1.0,0,0,0.0,0,2,0.0,1,5,6,4,2,1,1,1,8,20.0,0022400173,Amen Thompson,amen thompson,,,2024-11-06,3,0.3292181069958848,0.0411522633744856,0.24691358024691357,0.1646090534979424,0.1646090534979424,8.0,4.0,2.0,2.0,1.0,2.0,2.0,4.0,3.0,0,0.0,0,0.00097,39.7,40885.684860968075,39.661491000000005,0.12345679012345678,1.0,4.0,0.7750559
0022400173,1610612745,Houston,Rockets,HOU,rockets,1631106,Tari,Eason,T. Eason,tari-eason,,,,21:49,21.816666666666666,5,7,0.714,1,2,0.5,1,2,0.5,3,1,4,1,1,1,0,1,12,23.0,0022400173,Tari Eason,tari eason,,,2024-11-06,2,0.5500381970970206,0.13750954927425516,0.18334606569900688,0.04583651642475172,0.2291825821237586,4.0,2.0,6.0,6.0,3.0,2.0,1.0,7.0,1.0,0,0.0,0,0.0013800000000000002,45.2,32729.90586531499,45.137624,0.09167303284950344,3.0,2.0,0.879187
0022400173,1610612745,Houston,Rockets,HOU,rockets,1629111,Jock,Landale,J. Landale,jock-landale,,,,18:28,18.466666666666665,5,12,0.417,1,1,1.0,0,0,0.0,4,2,6,0,1,0,1,2,11,15.0,0022400173,Jock Landale,jock landale,,,2024-11-06,1,0.5956678700361011,0.21660649819494587,0.3249097472924188,0.0,0.27075812274368233,6.0,1.0,2.0,9.0,3.0,5.0,4.0,9.0,1.0,0,0.0,0,0.0025,29.8,11915.233906437425,29.725500000000004,0.05415162454873647,5.0,1.0,0.70256674
0022400173,1610612745,Houston,Rockets,HOU,rockets,1642263,Reed,Sheppard,R. Sheppard,reed-sheppard,,,,20:09,20.15,2,5,0.4,1,3,0.333,0,0,0.0,1,1,2,3,0,0,2,1,5,8.0,0022400173,Reed Sheppard,reed sheppard,,,2024-11-06,0,0.24813895781637718,0.04962779156327544,0.09925558312655088,0.14888337468982632,0.04962779156327544,9.0,4.0,8.0,5.0,9.0,5.0,9.0,8.0,4.0,0,0.0,0,0.0014000000000000002,18.2,12990.720913633118,18.17452,0.0,10.0,9.0,0.020282652
0022400173,1610612745,Houston,Rockets,HOU,rockets,1628988,Aaron,Holiday,A. Holiday,aaron-holiday,,,,6:45,6.75,0,1,0.0,0,1,0.0,0,0,0.0,0,1,1,0,0,0,0,0,0,0.0,0022400173,Aaron Holiday,aaron holiday,,,2024-11-06,0,0.0,0.0,0.14814814814814814,0.0,0.0,13.0,6.0,10.0,9.0,9.0,5.0,10.0,10.0,0.0,0,0.0,0,0.00063,0.0,0.0,0.0,0.0,10.0,12.0,0.005299695
0022400173,1610612745,Houston,Rockets,HOU,rockets,1641715,Cam,Whitmore,C. Whitmore,cam-whitmore,,,,6:45,6.75,1,3,0.333,0,2,0.0,2,2,1.0,0,1,1,1,1,0,0,1,4,0.0,0022400173,Cam Whitmore,cam whitmore,,,2024-11-06,1,0.5925925925925926,0.0,0.14814814814814814,0.14814814814814814,0.14814814814814814,11.0,6.0,10.0,6.0,3.0,5.0,10.0,10.0,1.0,0,0.0,0,0.0025,0.0,0.0,0.0,0.14814814814814814,5.0,5.0,0.016525928
0022400173,1610612745,Houston,Rockets,HOU,rockets,201145,Jeff,Green,J. Green,jeff-green,,,,5:16,5.266666666666667,2,2,1.0,1,1,1.0,0,0,0.0,0,1,1,0,1,0,0,0,5,-1.0,0022400173,Jeff Green,jeff green,,,2024-11-06,1,0.949367088607595,0.0,0.189873417721519,0.0,0.189873417721519,9.0,6.0,10.0,9.0,3.0,5.0,12.0,12.0,1.0,0,0.0,0,0.00154,-8.3,-5386.112913692408,-8.287218000000001,0.189873417721519,5.0,3.0,0.030425766
0022400173,1610612745,Houston,Rockets,HOU,rockets,1630256,Jae'Sean,Tate,J. Tate,jaesean-tate,,,,5:09,5.15,1,2,0.5,0,0,0.0,0,1,0.0,0,1,1,1,0,0,0,0,2,-1.0,0022400173,Jae'Sean Tate,jae'sean tate,,,2024-11-06,0,0.3883495145631068,0.0,0.1941747572815534,0.1941747572815534,0.0,12.0,6.0,10.0,6.0,9.0,5.0,12.0,13.0,0.0,0,0.0,0,0.00167,0.0,0.0,0.0,0.0,10.0,12.0,0.009913473
0022400173,1610612745,Houston,Rockets,HOU,rockets,1629098,Jack,McVeigh,J. McVeigh,jack-mcveigh,,,,2:05,2.0833333333333335,0,3,0.0,0,1,0.0,0,0,0.0,0,0,0,0,0,0,0,0,0,-1.0,0022400173,Jack McVeigh,jack mcveigh,,,2024-11-06,0,0.0,0.0,0.0,0.0,0.0,13.0,6.0,14.0,9.0,9.0,5.0,12.0,14.0,,1,,1,0.006,-20.0,-3332.7778703549407,-19.88,0.0,10.0,12.0,0.0034556426
0022400192,1610612745,Houston,Rockets,HOU,rockets,1628415,Dillon,Brooks,D. Brooks,dillon-brooks,F,,,26:39,26.65,6,12,0.5,3,4,0.75,2,2,1.0,2,2,4,1,0,0,1,3,17,-11.0,0022400192,Dillon Brooks,dillon brooks,,,2024-11-08,0,0.6378986866791745,0.075046904315197,0.150093808630394,0.0375234521575985,0.075046904315197,1.0,2.0,5.0,6.0,6.0,4.0,7.0,4.0,1.0,0,0.0,0,0.00209,-19.3,-9230.033476805356,-19.259663,0.0,8.0,7.0,0.840738
0022400192,1610612745,Houston,Rockets,HOU,rockets,1631095,Jabari,Smith Jr.,J. Smith Jr.,jabari-smith-jr,F,,,16:42,16.7,2,7,0.286,0,1,0.0,0,1,0.0,1,0,1,0,0,1,0,0,4,-12.0,0022400192,Jabari Smith Jr.,jabari smith jr,,,2024-11-08,1,0.23952095808383234,0.059880239520958084,0.059880239520958084,0.0,0.11976047904191617,9.0,5.0,12.0,9.0,6.0,1.0,11.0,8.0,0.0,0,0.0,0,0.00159,-35.1,-22061.596480201133,-35.044191000000005,0.059880239520958084,2.0,6.0,0.014647198
0022400192,1610612745,Houston,Rockets,HOU,rockets,1630578,Alperen,Sengun,A. Sengun,alperen-sengun,C,,,27:11,27.183333333333334,3,12,0.25,0,1,0.0,5,6,0.833,4,5,9,6,1,0,2,5,11,-11.0,0022400192,Alperen Sengun,alperen sengun,,,2024-11-08,1,0.404659717964439,0.14714898835070508,0.33108522378908645,0.22072348252605764,0.18393623543838136,5.0,1.0,1.0,1.0,2.0,4.0,7.0,3.0,4.0,0,0.0,0,0.00246,-16.8,-6826.493295408371,-16.758672,0.03678724708767627,2.0,3.0,0.2865013
0022400192,1610612745,Houston,Rockets,HOU,rockets,1630224,Jalen,Green,J. Green,jalen-green,G,,,27:42,27.7,5,14,0.357,2,8,0.25,2,2,1.0,0,4,4,2,0,0,1,1,14,-16.0,0022400192,Jalen Green,jalen green,,,2024-11-08,0,0.5054151624548736,0.0,0.1444043321299639,0.07220216606498195,0.0,2.0,9.0,5.0,3.0,6.0,4.0,13.0,2.0,0.0,0,0.0,0,0.00232,-32.4,-13959.500215424385,-32.324832,0.0,8.0,9.0,0.22227639
0022400192,1610612745,Houston,Rockets,HOU,rockets,1627832,Fred,VanVleet,F. VanVleet,fred-vanvleet,G,,,30:26,30.433333333333334,4,9,0.444,2,4,0.5,1,2,0.5,1,2,3,2,1,0,1,1,11,-15.0,0022400192,Fred VanVleet,fred vanvleet,,,2024-11-08,1,0.3614457831325301,0.03285870755750274,0.09857612267250822,0.06571741511500548,0.06571741511500548,5.0,5.0,7.0,3.0,2.0,4.0,12.0,1.0,2.0,0,0.0,0,0.0014099999999999998,-24.7,-17505.315379163716,-24.665173,0.03285870755750274,2.0,8.0,0.35335872
0022400192,1610612745,Houston,Rockets,HOU,rockets,1641708,Amen,Thompson,A. Thompson,amen-thompson,,,,24:07,24.116666666666667,5,12,0.417,0,2,0.0,4,4,1.0,2,5,7,1,0,1,1,2,14,-19.0,0022400192,Amen Thompson,amen thompson,,,2024-11-08,1,0.580511402902557,0.082930200414651,0.2902557014512785,0.0414651002073255,0.1243953006219765,2.0,2.0,2.0,6.0,6.0,1.0,14.0,6.0,0.0,0,0.0,0,0.00246,-40.7,-16537.99268590004,-40.599878000000004,0.0414651002073255,2.0,5.0,0.7763094
0022400192,1610612745,Houston,Rockets,HOU,rockets,1631106,Tari,Eason,T. Eason,tari-eason,,,,25:15,25.25,5,11,0.455,2,5,0.4,0,0,0.0,1,5,6,0,3,1,3,1,12,-11.0,0022400192,Tari Eason,tari eason,,,2024-11-08,4,0.4752475247524752,0.039603960396039604,0.2376237623762376,0.0,0.19801980198019803,4.0,5.0,3.0,9.0,1.0,1.0,7.0,5.0,1.0,0,0.0,0,0.00226,-23.2,-10260.9464838567,-23.147568,0.15841584158415842,1.0,2.0,0.44263706
0022400192,1610612745,Houston,Rockets,HOU,rockets,203500,Steven,Adams,S. Adams,steven-adams,,,,15:31,15.516666666666667,2,2,1.0,0,0,0.0,1,3,0.333,1,1,2,1,1,0,3,1,5,-11.0,0022400192,Steven Adams,steven adams,,,2024-11-08,1,0.32223415682062295,0.06444683136412459,0.12889366272824918,0.06444683136412459,0.12889366272824918,8.0,5.0,8.0,6.0,2.0,4.0,7.0,9.0,0.0,0,0.0,0,0.00158,-32.4,-20493.35863377609,-32.348808,0.06444683136412459,2.0,4.0,0.013406503
0022400192,1610612745,Houston,Rockets,HOU,rockets,1642263,Reed,Sheppard,R. Sheppard,reed-sheppard,,,,18:33,18.55,2,2,1.0,0,0,0.0,0,0,0.0,0,2,2,4,0,0,1,1,4,-7.0,0022400192,Reed Sheppard,reed sheppard,,,2024-11-08,0,0.21563342318059298,0.0,0.10781671159029649,0.21563342318059298,0.0,9.0,9.0,8.0,2.0,6.0,4.0,6.0,7.0,3.0,0,0.0,0,0.00065,-17.1,-26267.281105990787,-17.088885,0.0,8.0,9.0,0.034854658
0022400192,1610612745,Houston,Rockets,HOU,rockets,1628988,Aaron,Holiday,A. Holiday,aaron-holiday,,,,5:57,5.95,1,2,0.5,0,0,0.0,1,1,1.0,0,1,1,2,0,0,0,0,3,-1.0,0022400192,Aaron Holiday,aaron holiday,,,2024-11-08,0,0.5042016806722689,0.0,0.1680672268907563,0.3361344537815126,0.0,11.0,9.0,12.0,3.0,6.0,4.0,5.0,13.0,0.0,0,0.0,0,0.00125,-15.2,-12150.279776179057,-15.181,0.0,8.0,9.0,0.010580118
0022400192,1610612745,Houston,Rockets,HOU,rockets,1629111,Jock,Landale,J. Landale,jock-landale,,,,6:03,6.05,0,1,0.0,0,1,0.0,0,2,0.0,0,2,2,0,0,0,0,1,0,4.0,0022400192,Jock Landale,jock landale,,,2024-11-08,0,0.0,0.0,0.3305785123966942,0.0,0.0,14.0,9.0,8.0,9.0,6.0,4.0,2.0,10.0,0.0,0,0.0,0,0.0011799999999999998,21.9,18543.607112616428,21.874157999999998,0.0,8.0,9.0,0.004665749
0022400192,1610612745,Houston,Rockets,HOU,rockets,1630256,Jae'Sean,Tate,J. Tate,jaesean-tate,,,,6:03,6.05,2,3,0.667,0,1,0.0,2,3,0.667,2,3,5,0,1,0,2,2,6,4.0,0022400192,Jae'Sean Tate,jae'sean tate,,,2024-11-08,1,0.9917355371900827,0.3305785123966942,0.8264462809917356,0.0,0.49586776859504134,7.0,2.0,4.0,9.0,2.0,4.0,2.0,10.0,1.0,0,0.0,0,0.0035299999999999997,21.9,6202.209005947324,21.822692999999997,0.1652892561983471,2.0,1.0,0.30948222
0022400192,1610612745,Houston,Rockets,HOU,rockets,1629098,Jack,McVeigh,J. McVeigh,jack-mcveigh,,,,6:03,6.05,1,2,0.5,1,2,0.5,0,0,0.0,0,2,2,0,0,0,1,0,3,4.0,0022400192,Jack McVeigh,jack mcveigh,,,2024-11-08,0,0.49586776859504134,0.0,0.3305785123966942,0.0,0.0,11.0,9.0,8.0,9.0,6.0,4.0,2.0,10.0,0.0,0,0.0,0,0.0017599999999999998,21.9,12436.115843270869,21.861456,0.0,8.0,9.0,0.011740079
0022400192,1610612745,Houston,Rockets,HOU,rockets,201145,Jeff,Green,J. Green,jeff-green,,,,3:48,3.8,1,1,1.0,1,1,1.0,0,0,0.0,0,0,0,0,0,0,1,0,3,7.0,0022400192,Jeff Green,jeff green,,,2024-11-08,0,0.7894736842105263,0.0,0.0,0.0,0.0,11.0,9.0,14.0,9.0,6.0,4.0,1.0,14.0,0.0,0,0.0,0,0.002,87.5,43728.135932033976,87.325,0.0,8.0,9.0,0.01964237
0022400201,1610612745,Houston,Rockets,HOU,rockets,1628415,Dillon,Brooks,D. Brooks,dillon-brooks,F,,,33:43,33.71666666666667,6,15,0.4,2,8,0.25,0,0,0.0,0,2,2,1,1,0,0,1,14,14.0,0022400201,Dillon Brooks,dillon brooks,,,2024-11-10,1,0.41522491349480967,0.0,0.05931784478497281,0.029658922392486405,0.029658922392486405,4.0,8.0,9.0,6.0,3.0,6.0,1.0,3.0,3.0,0,0.0,0,0.00188,24.2,12865.497076023392,24.154504,0.029658922392486405,5.0,9.0,0.39275974
0022400201,1610612745,Houston,Rockets,HOU,rockets,1631095,Jabari,Smith Jr.,J. Smith Jr.,jabari-smith-jr,F,,,26:26,26.433333333333334,2,8,0.25,0,4,0.0,2,2,1.0,4,3,7,0,1,1,2,2,6,-12.0,0022400201,Jabari Smith Jr.,jabari smith jr,,,2024-11-10,2,0.22698612862547288,0.15132408575031525,0.2648171500630517,0.0,0.22698612862547288,7.0,1.0,3.0,8.0,3.0,1.0,9.0,6.0,2.0,0,0.0,0,0.0018,-17.4,-9661.299278178789,-17.368679999999998,0.07566204287515763,3.0,2.0,0.1796737
0022400201,1610612745,Houston,Rockets,HOU,rockets,1630578,Alperen,Sengun,A. Sengun,alperen-sengun,C,,,30:20,30.333333333333332,11,17,0.647,0,0,0.0,5,7,0.714,3,7,10,2,0,1,1,2,27,11.0,0022400201,Alperen Sengun,alperen sengun,,,2024-11-10,1,0.8901098901098902,0.09890109890109891,0.32967032967032966,0.06593406593406594,0.13186813186813187,1.0,3.0,1.0,4.0,8.0,1.0,2.0,4.0,3.0,0,1.0,0,0.00292,15.0,5135.227661759672,14.956199999999999,0.03296703296703297,5.0,5.0,0.92624855
0022400201,1610612745,Houston,Rockets,HOU,rockets,1630224,Jalen,Green,J. Green,jalen-green,G,,,33:51,33.85,6,17,0.353,1,6,0.167,2,2,1.0,0,5,5,3,2,1,2,5,15,-7.0,0022400201,Jalen Green,jalen green,,,2024-11-10,3,0.44313146233382567,0.0,0.14771048744460857,0.08862629246676514,0.08862629246676514,3.0,8.0,5.0,2.0,2.0,1.0,8.0,2.0,2.0,0,1.0,0,0.0023799999999999997,-10.3,-4325.913481730366,-10.275486,0.08862629246676514,2.0,6.0,0.38229948
0022400201,1610612745,Houston,Rockets,HOU,rockets,1627832,Fred,VanVleet,F. VanVleet,fred-vanvleet,G,,,37:24,37.4,3,13,0.231,1,7,0.143,0,2,0.0,1,6,7,7,3,1,1,2,7,8.0,0022400201,Fred VanVleet,fred vanvleet,,,2024-11-10,4,0.18716577540106952,0.026737967914438502,0.18716577540106952,0.18716577540106952,0.13368983957219252,6.0,5.0,3.0,1.0,1.0,1.0,3.0,1.0,8.0,0,0.0,0,0.00157,13.7,8720.560152768938,13.678491,0.10695187165775401,1.0,4.0,0.20555711
0022400201,1610612745,Houston,Rockets,HOU,rockets,1629111,Jock,Landale,J. Landale,jock-landale,,,,16:43,16.716666666666665,0,3,0.0,0,1,0.0,3,4,0.75,1,4,5,0,0,0,1,3,3,-6.0,0022400201,Jock Landale,jock landale,,,2024-11-10,0,0.1794616151545364,0.05982053838484547,0.29910269192422734,0.0,0.05982053838484547,8.0,5.0,5.0,8.0,8.0,6.0,6.0,8.0,0.0,0,0.0,0,0.0014000000000000002,-14.5,-10349.750178443968,-14.479700000000001,0.0,9.0,8.0,0.0061451006
0022400201,1610612745,Houston,Rockets,HOU,rockets,1641708,Amen,Thompson,A. Thompson,amen-thompson,,,,22:51,22.85,2,5,0.4,0,1,0.0,4,4,1.0,1,4,5,3,1,0,1,2,8,1.0,0022400201,Amen Thompson,amen thompson,,,2024-11-10,1,0.350109409190372,0.0437636761487965,0.2188183807439825,0.13129102844638948,0.087527352297593,5.0,5.0,5.0,2.0,3.0,6.0,5.0,7.0,3.0,0,0.0,0,0.00148,9.9,6684.672518568535,9.885348,0.0437636761487965,5.0,7.0,0.08105991
0022400201,1610612745,Houston,Rockets,HOU,rockets,1631106,Tari,Eason,T. Eason,tari-eason,,,,27:21,27.35,7,12,0.583,2,4,0.5,2,3,0.667,4,5,9,1,1,1,2,3,18,7.0,0022400201,Tari Eason,tari eason,,,2024-11-10,2,0.6581352833638026,0.14625228519195613,0.3290676416819013,0.03656307129798903,0.21937842778793418,2.0,1.0,2.0,6.0,3.0,1.0,4.0,5.0,3.0,0,0.0,0,0.00217,18.7,8613.542146476277,18.659421,0.07312614259597806,3.0,3.0,0.8467034
0022400201,1610612745,Houston,Rockets,HOU,rockets,1642263,Reed,Sheppard,R. Sheppard,reed-sheppard,,,,11:21,11.35,1,3,0.333,1,3,0.333,0,0,0.0,3,0,3,2,1,0,1,1,3,-6.0,0022400201,Reed Sheppard,reed sheppard,,,2024-11-10,1,0.2643171806167401,0.2643171806167401,0.2643171806167401,0.1762114537444934,0.3524229074889868,8.0,3.0,8.0,4.0,3.0,6.0,6.0,9.0,2.0,0,0.0,0,0.0013800000000000002,-24.0,-17378.71107892831,-23.96688,0.0881057268722467,5.0,1.0,0.02514219
0022400213,1610612745,Houston,Rockets,HOU,rockets,1628415,Dillon,Brooks,D. Brooks,dillon-brooks,F,,,32:48,32.8,4,12,0.333,0,2,0.0,0,0,0.0,2,2,4,3,2,0,2,1,8,20.0,0022400213,Dillon Brooks,dillon brooks,,,2024-11-11,2,0.24390243902439027,0.06097560975609757,0.12195121951219513,0.09146341463414635,0.12195121951219513,7.0,3.0,6.0,1.0,3.0,5.0,2.0,2.0,4.0,0,0.0,0,0.00165,30.2,18291.944276196245,30.15017,0.06097560975609757,4.0,5.0,0.5353832
0022400213,1610612745,Houston,Rockets,HOU,rockets,1631095,Jabari,Smith Jr.,J. Smith Jr.,jabari-smith-jr,F,,,32:07,32.11666666666667,2,10,0.2,1,7,0.143,6,6,1.0,2,7,9,0,0,1,0,1,11,2.0,0022400213,Jabari Smith Jr.,jabari smith jr,,,2024-11-11,1,0.34250129735339907,0.062272963155163466,0.2802283341982356,0.0,0.09340944473274519,4.0,3.0,2.0,8.0,6.0,4.0,6.0,3.0,0.0,0,0.0,0,0.00153,2.9,1894.1868060091444,2.8955629999999997,0.031136481577581733,6.0,7.0,0.17132287
0022400213,1610612745,Houston,Rockets,HOU,rockets,1630578,Alperen,Sengun,A. Sengun,alperen-sengun,C,,,31:00,31.0,12,19,0.632,1,1,1.0,2,2,1.0,7,10,17,3,0,3,2,1,27,22.0,0022400213,Alperen Sengun,alperen sengun,,,2024-11-11,3,0.8709677419354839,0.22580645161290322,0.5483870967741935,0.0967741935483871,0.3225806451612903,1.0,1.0,1.0,1.0,6.0,2.0,1.0,4.0,0.0,0,0.0,0,0.0027500000000000003,32.4,11777.535441657577,32.3109,0.0967741935483871,3.0,1.0,0.9118767
0022400213,1610612745,Houston,Rockets,HOU,rockets,1630224,Jalen,Green,J. Green,jalen-green,G,,,36:55,36.916666666666664,6,15,0.4,1,6,0.167,5,5,1.0,2,2,4,2,2,0,6,1,18,13.0,0022400213,Jalen Green,jalen green,,,2024-11-11,2,0.48758465011286684,0.054176072234762986,0.10835214446952597,0.054176072234762986,0.10835214446952597,2.0,3.0,6.0,3.0,3.0,5.0,5.0,1.0,3.0,0,0.0,0,0.0023699999999999997,16.5,6959.088991986504,16.460895,0.054176072234762986,4.0,6.0,0.21862833
0022400213,1610612745,Houston,Rockets,HOU,rockets,1641708,Amen,Thompson,A. Thompson,amen-thompson,G,,,28:11,28.183333333333334,4,8,0.5,0,1,0.0,5,8,0.625,1,7,8,1,4,4,2,5,13,16.0,0022400213,Amen Thompson,amen thompson,,,2024-11-11,8,0.4612655233589592,0.03548196333530455,0.2838557066824364,0.03548196333530455,0.319337670017741,3.0,6.0,3.0,5.0,1.0,1.0,3.0,5.0,6.0,0,0.0,0,0.00197,27.5,13952.308472856417,27.445825,0.2838557066824364,1.0,2.0,0.7940479
0022400213,1610612745,Houston,Rockets,HOU,rockets,203500,Steven,Adams,S. Adams,steven-adams,,,,15:11,15.183333333333334,1,2,0.5,0,0,0.0,0,0,0.0,3,4,7,1,0,0,4,2,2,-4.0,0022400213,Steven Adams,steven adams,,,2024-11-11,0,0.13172338090010977,0.19758507135016465,0.4610318331503842,0.06586169045005488,0.19758507135016465,9.0,2.0,4.0,5.0,6.0,5.0,11.0,9.0,0.0,0,0.0,0,0.00154,-8.9,-5775.470473718366,-8.886294000000001,0.0,8.0,3.0,0.01879562
0022400213,1610612745,Houston,Rockets,HOU,rockets,1642263,Reed,Sheppard,R. Sheppard,reed-sheppard,,,,16:48,16.8,3,5,0.6,1,1,1.0,0,0,0.0,0,1,1,0,1,0,0,1,7,1.0,0022400213,Reed Sheppard,reed sheppard,,,2024-11-11,1,0.41666666666666663,0.0,0.05952380952380952,0.0,0.05952380952380952,8.0,7.0,8.0,8.0,5.0,5.0,7.0,8.0,2.0,0,0.0,0,0.00122,8.8,7207.207207207209,8.789264000000001,0.05952380952380952,6.0,8.0,0.054611154
0022400213,1610612745,Houston,Rockets,HOU,rockets,1631106,Tari,Eason,T. Eason,tari-eason,,,,26:24,26.4,5,10,0.5,0,2,0.0,0,0,0.0,0,6,6,2,3,2,2,2,10,14.0,0022400213,Tari Eason,tari eason,,,2024-11-11,5,0.3787878787878788,0.0,0.2272727272727273,0.07575757575757576,0.1893939393939394,6.0,7.0,5.0,3.0,2.0,3.0,4.0,6.0,3.0,0,0.0,0,0.00182,24.1,13234.486545853928,24.056138,0.1893939393939394,2.0,4.0,0.4011927
0022400213,1610612745,Houston,Rockets,HOU,rockets,1628988,Aaron,Holiday,A. Holiday,aaron-holiday,,,,16:58,16.966666666666665,3,5,0.6,1,3,0.333,4,4,1.0,0,1,1,1,0,0,1,3,11,-3.0,0022400213,Aaron Holiday,aaron holiday,,,2024-11-11,0,0.6483300589390963,0.0,0.05893909626719058,0.05893909626719058,0.0,4.0,7.0,8.0,5.0,6.0,5.0,8.0,7.0,0.0,0,0.0,0,0.0018599999999999999,-5.4,-2901.665771090812,-5.389956000000001,0.0,8.0,9.0,0.20903088
0022400213,1610612745,Houston,Rockets,HOU,rockets,1630256,Jae'Sean,Tate,J. Tate,jaesean-tate,,,,1:49,1.8166666666666667,0,1,0.0,0,0,0.0,0,0,0.0,0,1,1,0,0,0,0,0,0,-3.0,0022400213,Jae'Sean Tate,jae'sean tate,,,2024-11-11,0,0.0,0.0,0.5504587155963303,0.0,0.0,10.0,7.0,8.0,8.0,6.0,5.0,8.0,10.0,,1,,1,0.002,-75.0,-37481.25937031484,-74.85,0.0,8.0,9.0,0.0034907945
0022400213,1610612745,Houston,Rockets,HOU,rockets,1629098,Jack,McVeigh,J. McVeigh,jack-mcveigh,,,,1:49,1.8166666666666667,0,0,0.0,0,0,0.0,0,0,0.0,0,0,0,0,0,0,0,0,0,-3.0,0022400213,Jack McVeigh,jack mcveigh,,,2024-11-11,0,0.0,0.0,0.0,0.0,0.0,10.0,7.0,11.0,8.0,6.0,5.0,8.0,10.0,,1,,1,0.0,-75.0,-75000000.0,-75.0,0.0,8.0,9.0,0.0029037446
0022400222,1610612745,Houston,Rockets,HOU,rockets,1628415,Dillon,Brooks,D. Brooks,dillon-brooks,F,,,30:11,30.183333333333334,5,9,0.556,4,6,0.667,1,2,0.5,1,4,5,2,0,0,1,3,15,6.0,0022400222,Dillon Brooks,dillon brooks,,,2024-11-13,0,0.4969630038652678,0.03313086692435119,0.16565433462175594,0.06626173384870238,0.03313086692435119,4.0,5.0,5.0,5.0,7.0,6.0,5.0,4.0,1.0,0,1.0,0,0.0013900000000000002,4.7,3378.864126527678,4.693467,0.0,7.0,8.0,0.58612055
0022400222,1610612745,Houston,Rockets,HOU,rockets,1631095,Jabari,Smith Jr.,J. Smith Jr.,jabari-smith-jr,F,,,20:35,20.583333333333332,1,6,0.167,1,4,0.25,2,2,1.0,3,1,4,1,0,0,1,0,5,-3.0,0022400222,Jabari Smith Jr.,jabari smith jr,,,2024-11-13,0,0.24291497975708504,0.14574898785425103,0.19433198380566802,0.048582995951417005,0.14574898785425103,7.0,3.0,7.0,8.0,7.0,6.0,6.0,7.0,1.0,0,0.0,0,0.00157,-4.5,-2864.4175684277534,-4.492935,0.0,7.0,5.0,0.019459357
0022400222,1610612745,Houston,Rockets,HOU,rockets,1630578,Alperen,Sengun,A. Sengun,alperen-sengun,C,,,30:03,30.05,6,14,0.429,1,2,0.5,0,0,0.0,4,7,11,6,1,4,4,3,13,-18.0,0022400222,Alperen Sengun,alperen sengun,,,2024-11-13,5,0.43261231281198004,0.13311148086522462,0.36605657237936773,0.19966722129783693,0.2995008319467554,6.0,2.0,1.0,1.0,3.0,1.0,9.0,5.0,4.0,0,0.0,0,0.0023699999999999997,-31.6,-13327.709827077184,-31.525108000000003,0.16638935108153077,1.0,1.0,0.4016289
0022400222,1610612745,Houston,Rockets,HOU,rockets,1630224,Jalen,Green,J. Green,jalen-green,G,,,36:23,36.38333333333333,7,21,0.333,5,14,0.357,2,3,0.667,1,6,7,5,0,0,3,4,21,-10.0,0022400222,Jalen Green,jalen green,,,2024-11-13,0,0.5771873568483739,0.027485112230874943,0.1923957856161246,0.1374255611543747,0.027485112230874943,1.0,5.0,4.0,2.0,7.0,6.0,7.0,1.0,1.0,0,0.0,0,0.0027500000000000003,-13.2,-4798.255179934568,-13.163699999999999,0.0,7.0,9.0,0.8083054
0022400222,1610612745,Houston,Rockets,HOU,rockets,1627832,Fred,VanVleet,F. VanVleet,fred-vanvleet,G,,,34:06,34.1,6,18,0.333,2,7,0.286,1,2,0.5,0,5,5,5,2,2,2,0,15,-10.0,0022400222,Fred VanVleet,fred vanvleet,,,2024-11-13,4,0.4398826979472141,0.0,0.14662756598240467,0.14662756598240467,0.11730205278592375,4.0,8.0,5.0,2.0,1.0,2.0,7.0,3.0,2.0,0,0.0,0,0.00227,-15.9,-7001.321003963012,-15.863907000000001,0.11730205278592375,2.0,6.0,0.24198261
0022400222,1610612745,Houston,Rockets,HOU,rockets,1641708,Amen,Thompson,A. Thompson,amen-thompson,,,,34:15,34.25,6,9,0.667,2,2,1.0,4,6,0.667,6,5,11,2,2,1,1,3,18,17.0,0022400222,Amen Thompson,amen thompson,,,2024-11-13,3,0.5255474452554745,0.17518248175182483,0.32116788321167883,0.058394160583941604,0.26277372262773724,2.0,1.0,1.0,5.0,1.0,5.0,3.0,2.0,4.0,0,0.0,0,0.00151,20.7,13699.53673064196,20.668743,0.08759124087591241,3.0,2.0,0.9074055
0022400222,1610612745,Houston,Rockets,HOU,rockets,1631106,Tari,Eason,T. Eason,tari-eason,,,,25:59,25.983333333333334,8,14,0.571,0,2,0.0,2,2,1.0,2,8,10,1,1,2,1,1,18,19.0,0022400222,Tari Eason,tari eason,,,2024-11-13,3,0.6927517639512508,0.07697241821680564,0.3848620910840282,0.03848620910840282,0.1924310455420141,2.0,4.0,3.0,8.0,3.0,2.0,2.0,6.0,3.0,0,0.0,0,0.0023899999999999998,31.9,13341.698034295274,31.823759,0.11545862732520847,3.0,4.0,0.90548915
0022400222,1610612745,Houston,Rockets,HOU,rockets,1629111,Jock,Landale,J. Landale,jock-landale,,,,17:06,17.1,2,2,1.0,0,0,0.0,0,0,0.0,1,3,4,4,1,2,0,2,4,26.0,0022400222,Jock Landale,jock landale,,,2024-11-13,3,0.23391812865497075,0.05847953216374269,0.23391812865497075,0.23391812865497075,0.23391812865497075,8.0,5.0,7.0,4.0,3.0,2.0,1.0,8.0,1.0,0,0.0,0,0.00048,72.2,150103.9501039501,72.165344,0.17543859649122806,3.0,3.0,0.51158595
0022400222,1610612745,Houston,Rockets,HOU,rockets,1642263,Reed,Sheppard,R. Sheppard,reed-sheppard,,,,11:22,11.366666666666667,1,4,0.25,0,3,0.0,0,0,0.0,0,2,2,2,1,0,0,1,2,13.0,0022400222,Reed Sheppard,reed sheppard,,,2024-11-13,1,0.1759530791788856,0.0,0.1759530791788856,0.1759530791788856,0.0879765395894428,9.0,8.0,9.0,5.0,3.0,6.0,4.0,9.0,1.0,0,0.0,0,0.00154,52.0,33744.32186891629,51.91992,0.0879765395894428,6.0,7.0,0.01930434
0022400016,1610612745,Houston,Rockets,HOU,rockets,1628415,Dillon,Brooks,D. Brooks,dillon-brooks,F,,,33:14,33.233333333333334,6,12,0.5,5,9,0.556,0,0,0.0,0,1,1,2,0,0,2,5,17,37.0,0022400016,Dillon Brooks,dillon brooks,,,2024-11-15,0,0.5115346038114343,0.0,0.03009027081243731,0.06018054162487462,0.0,3.0,5.0,8.0,4.0,8.0,3.0,3.0,3.0,2.0,0,0.0,0,0.0017299999999999998,50.7,29289.428076256507,50.612289000000004,0.0,8.0,8.0,0.6240232
0022400016,1610612745,Houston,Rockets,HOU,rockets,1631095,Jabari,Smith Jr.,J. Smith Jr.,jabari-smith-jr,F,,,35:01,35.016666666666666,11,17,0.647,5,8,0.625,1,1,1.0,3,8,11,1,2,0,0,3,28,31.0,0022400016,Jabari Smith Jr.,jabari smith jr,,,2024-11-15,2,0.7996192289386007,0.08567348881485007,0.31413612565445026,0.028557829604950024,0.14278914802475012,1.0,1.0,1.0,6.0,1.0,3.0,4.0,1.0,5.0,0,0.0,0,0.00198,38.5,19434.628975265015,38.42377,0.05711565920990005,3.0,4.0,0.82223666
0022400016,1610612745,Houston,Rockets,HOU,rockets,1630578,Alperen,Sengun,A. Sengun,alperen-sengun,C,,,32:59,32.983333333333334,3,9,0.333,1,3,0.333,9,10,0.9,2,8,10,10,2,2,1,2,16,38.0,0022400016,Alperen Sengun,alperen sengun,,,2024-11-15,4,0.4850934815563416,0.0606366851945427,0.30318342597271347,0.30318342597271347,0.18191005558362808,5.0,3.0,2.0,1.0,1.0,1.0,2.0,4.0,4.0,0,0.0,0,0.00185,52.1,28146.94759589411,52.003615,0.1212733703890854,1.0,2.0,0.7825861
0022400016,1610612745,Houston,Rockets,HOU,rockets,1630224,Jalen,Green,J. Green,jalen-green,G,,,22:23,22.383333333333333,4,11,0.364,0,5,0.0,0,0,0.0,0,5,5,1,0,0,3,1,8,0.0,0022400016,Jalen Green,jalen green,,,2024-11-15,0,0.3574087862993299,0.0,0.22338049143708116,0.044676098287416234,0.0,7.0,5.0,5.0,6.0,8.0,3.0,7.0,6.0,0.0,0,0.0,0,0.00264,3.6,1363.1200302915563,3.5904960000000004,0.0,8.0,8.0,0.07756237
0022400016,1610612745,Houston,Rockets,HOU,rockets,1627832,Fred,VanVleet,F. VanVleet,fred-vanvleet,G,,,33:19,33.31666666666667,7,15,0.467,4,8,0.5,0,0,0.0,0,7,7,10,2,0,2,4,18,39.0,0022400016,Fred VanVleet,fred vanvleet,,,2024-11-15,2,0.5402701350675337,0.0,0.2101050525262631,0.3001500750375187,0.06003001500750375,2.0,5.0,3.0,1.0,1.0,3.0,1.0,2.0,2.0,0,0.0,0,0.00207,53.4,25784.645098986,53.289462,0.06003001500750375,3.0,7.0,0.78022873
0022400016,1610612745,Houston,Rockets,HOU,rockets,1631106,Tari,Eason,T. Eason,tari-eason,,,,22:17,22.283333333333335,7,12,0.583,2,4,0.5,1,2,0.5,3,3,6,1,2,1,1,4,17,2.0,0022400016,Tari Eason,tari eason,,,2024-11-15,3,0.762902019446522,0.13462976813762154,0.26925953627524307,0.044876589379207174,0.26925953627524307,3.0,1.0,4.0,6.0,1.0,2.0,6.0,7.0,5.0,0,0.0,0,0.00246,2.0,812.6777732629013,1.99508,0.13462976813762154,2.0,1.0,0.86661136
0022400016,1610612745,Houston,Rockets,HOU,rockets,1641708,Amen,Thompson,A. Thompson,amen-thompson,,,,25:12,25.2,5,9,0.556,0,0,0.0,2,4,0.5,1,4,5,3,1,0,1,1,12,7.0,0022400016,Amen Thompson,amen thompson,,,2024-11-15,1,0.4761904761904762,0.03968253968253968,0.19841269841269843,0.11904761904761905,0.07936507936507936,6.0,4.0,5.0,3.0,5.0,3.0,5.0,5.0,1.0,0,1.0,0,0.00207,15.2,7339.4495412844035,15.168536,0.03968253968253968,5.0,6.0,0.4185299
0022400016,1610612745,Houston,Rockets,HOU,rockets,203500,Steven,Adams,S. Adams,steven-adams,,,,6:57,6.95,0,0,0.0,0,0,0.0,0,0,0.0,0,0,0,0,1,0,1,1,0,-10.0,0022400016,Steven Adams,steven adams,,,2024-11-15,1,0.0,0.0,0.0,0.0,0.14388489208633093,10.0,5.0,10.0,10.0,5.0,3.0,12.0,10.0,1.0,0,0.0,0,0.0005600000000000001,-66.7,-118894.83065953653,-66.662648,0.14388489208633093,5.0,3.0,0.0074729305
0022400016,1610612745,Houston,Rockets,HOU,rockets,1642263,Reed,Sheppard,R. Sheppard,reed-sheppard,,,,11:34,11.566666666666666,0,5,0.0,0,4,0.0,0,0,0.0,0,0,0,2,1,0,0,2,0,-16.0,0022400016,Reed Sheppard,reed sheppard,,,2024-11-15,1,0.0,0.0,0.0,0.1729106628242075,0.08645533141210375,10.0,5.0,10.0,4.0,5.0,3.0,13.0,8.0,3.0,0,0.0,0,0.00179,-57.3,-31993.299832495813,-57.197433,0.08645533141210375,5.0,5.0,0.0037936196
0022400016,1610612745,Houston,Rockets,HOU,rockets,1628988,Aaron,Holiday,A. Holiday,aaron-holiday,,,,8:56,8.933333333333334,2,3,0.667,2,3,0.667,0,0,0.0,0,1,1,1,0,0,0,0,6,-9.0,0022400016,Aaron Holiday,aaron holiday,,,2024-11-15,0,0.6716417910447761,0.0,0.11194029850746269,0.11194029850746269,0.0,8.0,5.0,8.0,6.0,8.0,3.0,11.0,9.0,0.0,0,0.0,0,0.0014299999999999998,-39.0,-27253.66876310273,-38.94423,0.0,8.0,8.0,0.0377046
0022400016,1610612745,Houston,Rockets,HOU,rockets,1630256,Jae'Sean,Tate,J. Tate,jaesean-tate,,,,3:06,3.1,1,2,0.5,0,0,0.0,1,1,1.0,0,2,2,0,0,0,1,1,3,-6.0,0022400016,Jae'Sean Tate,jae'sean tate,,,2024-11-15,0,0.9677419354838709,0.0,0.6451612903225806,0.0,0.0,9.0,5.0,7.0,10.0,8.0,3.0,10.0,11.0,0.0,0,0.0,0,0.00375,-58.3,-15542.521994134897,-58.081374999999994,0.0,8.0,8.0,0.0522097
0022400016,1610612745,Houston,Rockets,HOU,rockets,1629111,Jock,Landale,J. Landale,jock-landale,,,,2:31,2.5166666666666666,0,0,0.0,0,0,0.0,0,0,0.0,0,0,0,0,0,0,0,0,0,-4.0,0022400016,Jock Landale,jock landale,,,2024-11-15,0,0.0,0.0,0.0,0.0,0.0,10.0,5.0,10.0,10.0,8.0,3.0,8.0,12.0,,1,,1,0.0,-57.1,-57100000.00000001,-57.1,0.0,8.0,8.0,0.0036515775
0022400016,1610612745,Houston,Rockets,HOU,rockets,1629098,Jack,McVeigh,J. McVeigh,jack-mcveigh,,,,2:31,2.5166666666666666,0,0,0.0,0,0,0.0,0,0,0.0,0,0,0,0,0,0,0,1,0,-4.0,0022400016,Jack McVeigh,jack mcveigh,,,2024-11-15,0,0.0,0.0,0.0,0.0,0.0,10.0,5.0,10.0,10.0,8.0,3.0,8.0,12.0,,1,,1,0.0,-57.1,-57100000.00000001,-57.1,0.0,8.0,8.0,0.0037151498
0022400241,1610612745,Houston,Rockets,HOU,rockets,1628415,Dillon,Brooks,D. Brooks,dillon-brooks,F,,,27:50,27.833333333333332,7,13,0.538,1,3,0.333,0,1,0.0,0,3,3,3,2,0,1,1,15,29.0,0022400241,Dillon Brooks,dillon brooks,,,2024-11-17,2,0.5389221556886228,0.0,0.10778443113772455,0.10778443113772455,0.0718562874251497,5.0,9.0,8.0,4.0,1.0,7.0,4.0,1.0,5.0,0,0.0,0,0.00192,46.1,23997.917751171266,46.011488,0.0718562874251497,2.0,13.0,0.59025687
0022400241,1610612745,Houston,Rockets,HOU,rockets,1631095,Jabari,Smith Jr.,J. Smith Jr.,jabari-smith-jr,F,,,23:45,23.75,4,8,0.5,1,2,0.5,1,2,0.5,2,6,8,1,0,0,0,2,10,35.0,0022400241,Jabari Smith Jr.,jabari smith jr,,,2024-11-17,0,0.42105263157894735,0.08421052631578947,0.3368421052631579,0.042105263157894736,0.08421052631578947,7.0,2.0,3.0,7.0,6.0,7.0,1.0,4.0,0.0,0,0.0,0,0.0013800000000000002,60.9,44098.47936278059,60.815957999999995,0.0,12.0,12.0,0.44445005
0022400241,1610612745,Houston,Rockets,HOU,rockets,1630578,Alperen,Sengun,A. Sengun,alperen-sengun,C,,,25:32,25.533333333333335,9,15,0.6,0,2,0.0,2,3,0.667,2,8,10,11,0,1,0,1,20,35.0,0022400241,Alperen Sengun,alperen sengun,,,2024-11-17,1,0.7832898172323759,0.07832898172323759,0.39164490861618795,0.4308093994778068,0.11749347258485639,2.0,2.0,2.0,1.0,6.0,3.0,1.0,3.0,1.0,0,0.0,0,0.0023899999999999998,61.8,25846.925972396486,61.652297999999995,0.03916449086161879,6.0,9.0,0.91127205
0022400241,1610612745,Houston,Rockets,HOU,rockets,1630224,Jalen,Green,J. Green,jalen-green,G,,,23:10,23.166666666666668,6,9,0.667,0,2,0.0,6,6,1.0,1,3,4,1,2,0,1,1,18,22.0,0022400241,Jalen Green,jalen green,,,2024-11-17,2,0.776978417266187,0.043165467625899276,0.1726618705035971,0.043165467625899276,0.12949640287769784,3.0,5.0,7.0,7.0,1.0,7.0,5.0,5.0,2.0,0,0.0,0,0.0021,42.3,20133.269871489767,42.211169999999996,0.08633093525179855,2.0,8.0,0.7691185
0022400241,1610612745,Houston,Rockets,HOU,rockets,1627832,Fred,VanVleet,F. VanVleet,fred-vanvleet,G,,,27:47,27.783333333333335,10,16,0.625,3,6,0.5,5,6,0.833,1,6,7,7,2,0,1,1,28,33.0,0022400241,Fred VanVleet,fred vanvleet,,,2024-11-17,2,1.0077984403119375,0.035992801439712056,0.2519496100779844,0.2519496100779844,0.10797840431913616,1.0,5.0,5.0,2.0,1.0,7.0,3.0,2.0,1.0,0,0.0,0,0.0027,49.3,18252.49907441688,49.166889999999995,0.07198560287942411,2.0,11.0,0.77424145
0022400241,1610612745,Houston,Rockets,HOU,rockets,1641708,Amen,Thompson,A. Thompson,amen-thompson,,,,22:14,22.233333333333334,5,6,0.833,0,0,0.0,6,8,0.75,2,9,11,5,0,1,2,3,16,3.0,0022400241,Amen Thompson,amen thompson,,,2024-11-17,1,0.7196401799100449,0.08995502248875561,0.4947526236881559,0.22488755622188905,0.13493253373313344,4.0,2.0,1.0,3.0,6.0,3.0,11.0,6.0,2.0,0,0.0,0,0.00197,8.1,4109.58904109589,8.084043,0.04497751124437781,6.0,7.0,0.7814329
0022400241,1610612745,Houston,Rockets,HOU,rockets,1631106,Tari,Eason,T. Eason,tari-eason,,,,18:17,18.283333333333335,1,8,0.125,0,4,0.0,2,2,1.0,1,5,6,0,1,0,1,5,4,-6.0,0022400241,Tari Eason,tari eason,,,2024-11-17,1,0.21877848678213307,0.05469462169553327,0.3281677301731996,0.0,0.10938924339106654,9.0,5.0,6.0,11.0,4.0,7.0,13.0,8.0,2.0,0,0.0,0,0.00196,-11.9,-6068.332483426823,-11.876676000000002,0.05469462169553327,6.0,10.0,0.016626943
0022400241,1610612745,Houston,Rockets,HOU,rockets,1629111,Jock,Landale,J. Landale,jock-landale,,,,16:12,16.2,2,7,0.286,0,0,0.0,1,2,0.5,4,4,8,2,0,2,2,1,5,-6.0,0022400241,Jock Landale,jock landale,,,2024-11-17,2,0.308641975308642,0.2469135802469136,0.4938271604938272,0.1234567901234568,0.3703703703703704,8.0,1.0,3.0,5.0,6.0,2.0,13.0,9.0,0.0,0,0.0,0,0.0020399999999999997,-17.9,-8770.210681038707,-17.863483999999996,0.1234567901234568,2.0,1.0,0.0842488
0022400241,1610612745,Houston,Rockets,HOU,rockets,1642263,Reed,Sheppard,R. Sheppard,reed-sheppard,,,,19:06,19.1,4,7,0.571,4,5,0.8,0,0,0.0,0,2,2,1,0,3,1,1,12,3.0,0022400241,Reed Sheppard,reed sheppard,,,2024-11-17,3,0.6282722513089005,0.0,0.10471204188481674,0.05235602094240837,0.15706806282722513,6.0,9.0,10.0,7.0,6.0,1.0,11.0,7.0,0.0,0,0.0,0,0.00145,9.3,6409.372846312889,9.286515000000001,0.15706806282722513,1.0,5.0,0.6843013
0022400241,1610612745,Houston,Rockets,HOU,rockets,201145,Jeff,Green,J. Green,jeff-green,,,,13:12,13.2,1,4,0.25,0,3,0.0,0,0,0.0,0,2,2,0,0,0,0,1,2,8.0,0022400241,Jeff Green,jeff green,,,2024-11-17,0,0.15151515151515152,0.0,0.15151515151515152,0.0,0.0,13.0,9.0,10.0,11.0,6.0,7.0,7.0,10.0,2.0,0,0.0,0,0.00098,24.2,24668.705402650357,24.176284,0.0,12.0,14.0,0.0077156713
0022400241,1610612745,Houston,Rockets,HOU,rockets,1628988,Aaron,Holiday,A. Holiday,aaron-holiday,,,,6:43,6.716666666666667,1,3,0.333,1,3,0.333,0,2,0.0,0,1,1,1,0,1,1,1,3,9.0,0022400241,Aaron Holiday,aaron holiday,,,2024-11-17,1,0.4466501240694789,0.0,0.1488833746898263,0.1488833746898263,0.1488833746898263,12.0,9.0,12.0,7.0,6.0,3.0,6.0,11.0,0.0,0,0.0,0,0.00263,53.5,20334.47358418852,53.359294999999996,0.1488833746898263,6.0,6.0,0.018814882
0022400241,1610612745,Houston,Rockets,HOU,rockets,1630256,Jae'Sean,Tate,J. Tate,jaesean-tate,,,,6:16,6.266666666666667,2,2,1.0,0,0,0.0,0,0,0.0,1,2,3,2,0,0,0,0,4,7.0,0022400241,Jae'Sean Tate,jae'sean tate,,,2024-11-17,0,0.6382978723404256,0.1595744680851064,0.4787234042553192,0.3191489361702128,0.1595744680851064,9.0,5.0,8.0,5.0,6.0,7.0,8.0,12.0,1.0,0,0.0,0,0.0011799999999999998,48.2,40812.870448772235,48.14312400000001,0.0,12.0,4.0,0.027854146
0022400241,1610612745,Houston,Rockets,HOU,rockets,1629098,Jack,McVeigh,J. McVeigh,jack-mcveigh,,,,4:58,4.966666666666667,1,4,0.25,0,3,0.0,0,0,0.0,0,0,0,0,0,1,0,0,2,4.0,0022400241,Jack McVeigh,jack mcveigh,,,2024-11-17,1,0.40268456375838924,0.0,0.0,0.0,0.20134228187919462,13.0,9.0,14.0,11.0,6.0,3.0,9.0,13.0,0.0,0,0.0,0,0.0028599999999999997,30.8,10765.466620062916,30.711912,0.20134228187919462,6.0,2.0,0.008690577
0022400241,1610612745,Houston,Rockets,HOU,rockets,1631466,Nate,Williams,N. Williams,nate-williams,,,,4:58,4.966666666666667,2,3,0.667,0,1,0.0,0,0,0.0,0,1,1,0,1,0,0,0,4,4.0,0022400241,Nate Williams,nate williams,,,2024-11-17,1,0.8053691275167785,0.0,0.20134228187919462,0.0,0.20134228187919462,9.0,9.0,12.0,11.0,4.0,7.0,9.0,13.0,3.0,0,0.0,0,0.00214,30.8,14385.801027557216,30.734088,0.20134228187919462,6.0,2.0,0.037919328
0022400248,1610612745,Houston,Rockets,HOU,rockets,1628415,Dillon,Brooks,D. Brooks,dillon-brooks,F,,,20:58,20.966666666666665,2,8,0.25,1,3,0.333,0,0,0.0,2,2,4,1,1,0,1,5,5,-3.0,0022400248,Dillon Brooks,dillon brooks,,,2024-11-18,1,0.23847376788553262,0.09538950715421304,0.1907790143084261,0.04769475357710652,0.14308426073131958,6.0,4.0,6.0,6.0,3.0,5.0,6.0,7.0,1.0,0,0.0,0,0.0017599999999999998,-5.1,-2896.0817717206137,-5.091024,0.04769475357710652,5.0,6.0,0.04491627
0022400248,1610612745,Houston,Rockets,HOU,rockets,1631095,Jabari,Smith Jr.,J. Smith Jr.,jabari-smith-jr,F,,,24:39,24.65,1,4,0.25,0,2,0.0,2,2,1.0,0,2,2,1,0,1,0,1,4,-2.0,0022400248,Jabari Smith Jr.,jabari smith jr,,,2024-11-18,1,0.16227180527383367,0.0,0.08113590263691683,0.04056795131845842,0.04056795131845842,8.0,8.0,7.0,6.0,6.0,2.0,5.0,6.0,0.0,0,0.0,0,0.00077,-9.3,-12062.256809338523,-9.292839,0.04056795131845842,5.0,9.0,0.014055913
0022400248,1610612745,Houston,Rockets,HOU,rockets,1630578,Alperen,Sengun,A. Sengun,alperen-sengun,C,,,38:49,38.81666666666667,8,21,0.381,0,2,0.0,2,3,0.667,4,3,7,5,2,0,4,4,18,11.0,0022400248,Alperen Sengun,alperen sengun,,,2024-11-18,2,0.463718334048948,0.103048518677544,0.180334907685702,0.12881064834693,0.154572778016316,3.0,1.0,3.0,1.0,2.0,5.0,1.0,2.0,2.0,0,0.0,0,0.00268,12.6,4699.738903394255,12.566232,0.051524259338772,2.0,5.0,0.5906064
0022400248,1610612745,Houston,Rockets,HOU,rockets,1630224,Jalen,Green,J. Green,jalen-green,G,,,39:24,39.4,9,24,0.375,3,8,0.375,0,0,0.0,2,7,9,2,0,0,3,2,21,8.0,0022400248,Jalen Green,jalen green,,,2024-11-18,0,0.5329949238578681,0.050761421319796954,0.2284263959390863,0.050761421319796954,0.050761421319796954,2.0,4.0,2.0,3.0,6.0,5.0,3.0,1.0,0.0,0,0.0,0,0.0027300000000000002,8.4,3075.796411570853,8.377068,0.0,7.0,8.0,0.54414636
0022400248,1610612745,Houston,Rockets,HOU,rockets,1627832,Fred,VanVleet,F. VanVleet,fred-vanvleet,G,,,34:39,34.65,9,23,0.391,3,11,0.273,5,5,1.0,0,6,6,5,1,1,0,1,26,3.0,0022400248,Fred VanVleet,fred vanvleet,,,2024-11-18,2,0.7503607503607503,0.0,0.17316017316017318,0.14430014430014432,0.05772005772005772,1.0,8.0,5.0,1.0,3.0,2.0,4.0,3.0,2.0,0,0.0,0,0.0028699999999999997,1.4,487.63497039359106,1.3959819999999998,0.05772005772005772,2.0,7.0,0.6255026
0022400248,1610612745,Houston,Rockets,HOU,rockets,1631106,Tari,Eason,T. Eason,tari-eason,,,,30:36,30.6,4,7,0.571,1,3,0.333,0,0,0.0,3,11,14,1,4,3,1,2,9,-6.0,0022400248,Tari Eason,tari eason,,,2024-11-18,7,0.29411764705882354,0.09803921568627451,0.45751633986928103,0.032679738562091505,0.32679738562091504,5.0,2.0,1.0,6.0,1.0,1.0,9.0,4.0,5.0,0,0.0,0,0.00101,-9.2,-9099.901088031651,-9.190707999999999,0.22875816993464052,1.0,1.0,0.7136188
0022400248,1610612745,Houston,Rockets,HOU,rockets,1641708,Amen,Thompson,A. Thompson,amen-thompson,,,,29:13,29.216666666666665,4,5,0.8,0,0,0.0,2,3,0.667,3,4,7,2,1,1,1,0,10,-5.0,0022400248,Amen Thompson,amen thompson,,,2024-11-18,2,0.3422703936109527,0.1026811180832858,0.23958927552766687,0.06845407872219053,0.17113519680547634,4.0,2.0,3.0,3.0,3.0,2.0,8.0,5.0,6.0,0,0.0,0,0.001,-3.3,-3296.703296703297,-3.2967,0.06845407872219053,2.0,4.0,0.36054546
0022400248,1610612745,Houston,Rockets,HOU,rockets,201145,Jeff,Green,J. Green,jeff-green,,,,2:27,2.45,0,0,0.0,0,0,0.0,0,0,0.0,0,0,0,0,0,0,0,0,0,-3.0,0022400248,Jeff Green,jeff green,,,2024-11-18,0,0.0,0.0,0.0,0.0,0.0,10.0,8.0,11.0,9.0,6.0,5.0,6.0,11.0,,1,,1,0.0,-42.9,-42900000.0,-42.9,0.0,7.0,10.0,0.003045745
0022400248,1610612745,Houston,Rockets,HOU,rockets,203500,Steven,Adams,S. Adams,steven-adams,,,,5:29,5.483333333333333,1,2,0.5,0,0,0.0,0,0,0.0,1,1,2,0,0,0,1,0,2,-12.0,0022400248,Steven Adams,steven adams,,,2024-11-18,0,0.364741641337386,0.182370820668693,0.364741641337386,0.0,0.182370820668693,9.0,6.0,7.0,9.0,6.0,5.0,11.0,9.0,0.0,0,0.0,0,0.0017599999999999998,-97.3,-55252.6973310619,-97.128752,0.0,7.0,3.0,0.0057877623
0022400248,1610612745,Houston,Rockets,HOU,rockets,1642263,Reed,Sheppard,R. Sheppard,reed-sheppard,,,,4:46,4.766666666666667,0,3,0.0,0,1,0.0,0,0,0.0,1,0,1,0,0,0,1,0,0,-7.0,0022400248,Reed Sheppard,reed sheppard,,,2024-11-18,0,0.0,0.2097902097902098,0.2097902097902098,0.0,0.2097902097902098,10.0,6.0,9.0,9.0,6.0,5.0,10.0,10.0,2.0,0,0.0,0,0.00308,-77.8,-25251.54170723791,-77.560376,0.0,7.0,2.0,0.002988893
0022400248,1610612745,Houston,Rockets,HOU,rockets,1628988,Aaron,Holiday,A. Holiday,aaron-holiday,,,,9:00,9.0,2,3,0.667,1,2,0.5,0,0,0.0,0,1,1,2,0,0,0,0,5,11.0,0022400248,Aaron Holiday,aaron holiday,,,2024-11-18,0,0.5555555555555556,0.0,0.1111111111111111,0.2222222222222222,0.0,6.0,8.0,9.0,3.0,6.0,5.0,1.0,8.0,1.0,0,0.0,0,0.0014299999999999998,69.6,48637.31656184487,69.50047199999999,0.0,7.0,10.0,0.13412875
0022400254,1610612745,Houston,Rockets,HOU,rockets,1628415,Dillon,Brooks,D. Brooks,dillon-brooks,F,,,21:34,21.566666666666666,1,10,0.1,0,7,0.0,2,2,1.0,1,0,1,3,0,1,1,2,4,8.0,0022400254,Dillon Brooks,dillon brooks,,,2024-11-20,1,0.18547140649149924,0.04636785162287481,0.04636785162287481,0.1391035548686244,0.09273570324574962,9.0,5.0,9.0,3.0,7.0,1.0,7.0,6.0,0.0,0,0.0,0,0.00214,14.5,6772.5361980382995,14.468969999999999,0.04636785162287481,5.0,7.0,0.008882519
0022400254,1610612745,Houston,Rockets,HOU,rockets,1631095,Jabari,Smith Jr.,J. Smith Jr.,jabari-smith-jr,F,,,30:25,30.416666666666668,8,13,0.615,3,5,0.6,4,4,1.0,2,6,8,1,0,0,0,0,23,19.0,0022400254,Jabari Smith Jr.,jabari smith jr,,,2024-11-20,0,0.7561643835616438,0.06575342465753424,0.26301369863013696,0.03287671232876712,0.06575342465753424,2.0,3.0,3.0,7.0,7.0,3.0,2.0,2.0,0.0,0,0.0,0,0.00188,25.8,13716.108452950559,25.751496,0.0,9.0,9.0,0.9215909
0022400254,1610612745,Houston,Rockets,HOU,rockets,1630578,Alperen,Sengun,A. Sengun,alperen-sengun,C,,,28:11,28.183333333333334,12,19,0.632,1,1,1.0,6,8,0.75,4,8,12,2,1,0,1,3,31,4.0,0022400254,Alperen Sengun,alperen sengun,,,2024-11-20,1,1.0999408633944412,0.1419278533412182,0.42578356002365464,0.0709639266706091,0.17740981667652275,1.0,1.0,1.0,6.0,5.0,3.0,8.0,4.0,1.0,0,0.0,0,0.00311,4.4,1414.3362262937962,4.386316000000001,0.03548196333530455,5.0,5.0,0.8921865
0022400254,1610612745,Houston,Rockets,HOU,rockets,1630224,Jalen,Green,J. Green,jalen-green,G,,,28:28,28.466666666666665,5,13,0.385,1,6,0.167,3,5,0.6,0,4,4,5,2,0,3,1,14,9.0,0022400254,Jalen Green,jalen green,,,2024-11-20,2,0.49180327868852464,0.0,0.14051522248243561,0.1756440281030445,0.07025761124121781,4.0,7.0,4.0,2.0,3.0,3.0,5.0,3.0,0.0,0,0.0,0,0.00247,14.3,5787.130716309187,14.264679000000001,0.07025761124121781,3.0,8.0,0.53372896
0022400254,1610612745,Houston,Rockets,HOU,rockets,1627832,Fred,VanVleet,F. VanVleet,fred-vanvleet,G,,,34:43,34.71666666666667,6,14,0.429,4,8,0.5,2,3,0.667,0,2,2,6,4,0,1,1,18,30.0,0022400254,Fred VanVleet,fred vanvleet,,,2024-11-20,4,0.5184829572731636,0.0,0.057609217474795964,0.17282765242438788,0.11521843494959193,3.0,7.0,7.0,1.0,2.0,3.0,1.0,1.0,6.0,0,0.0,0,0.0017000000000000001,37.5,22045.855379188713,37.43625,0.11521843494959193,2.0,6.0,0.73615277
0022400254,1610612745,Houston,Rockets,HOU,rockets,1629111,Jock,Landale,J. Landale,jock-landale,,,,13:00,13.0,2,5,0.4,0,0,0.0,2,3,0.667,3,1,4,3,0,0,0,2,6,9.0,0022400254,Jock Landale,jock landale,,,2024-11-20,0,0.46153846153846156,0.23076923076923078,0.3076923076923077,0.23076923076923078,0.23076923076923078,7.0,2.0,4.0,3.0,7.0,3.0,5.0,9.0,0.0,0,0.0,0,0.00167,35.6,21304.60801915021,35.540548,0.0,9.0,2.0,0.2331615
0022400254,1610612745,Houston,Rockets,HOU,rockets,1641708,Amen,Thompson,A. Thompson,amen-thompson,,,,17:22,17.366666666666667,2,4,0.5,0,1,0.0,2,2,1.0,0,1,1,0,0,1,4,4,6,14.0,0022400254,Amen Thompson,amen thompson,,,2024-11-20,1,0.345489443378119,0.0,0.05758157389635316,0.0,0.05758157389635316,7.0,7.0,9.0,10.0,7.0,1.0,4.0,7.0,0.0,0,0.0,0,0.00184,31.8,17273.221075502446,31.741488000000004,0.05758157389635316,5.0,10.0,0.077316836
0022400254,1610612745,Houston,Rockets,HOU,rockets,1631106,Tari,Eason,T. Eason,tari-eason,,,,23:20,23.333333333333332,4,8,0.5,2,2,1.0,1,2,0.5,2,7,9,1,6,0,1,5,11,15.0,0022400254,Tari Eason,tari eason,,,2024-11-20,6,0.4714285714285715,0.08571428571428572,0.38571428571428573,0.04285714285714286,0.34285714285714286,5.0,3.0,2.0,7.0,1.0,3.0,3.0,5.0,5.0,0,0.0,0,0.00156,26.3,16848.174247277388,26.258972,0.2571428571428572,1.0,1.0,0.8691743
0022400254,1610612745,Houston,Rockets,HOU,rockets,1642263,Reed,Sheppard,R. Sheppard,reed-sheppard,,,,16:33,16.55,3,5,0.6,1,1,1.0,0,0,0.0,1,1,2,3,2,0,1,0,7,-9.0,0022400254,Reed Sheppard,reed sheppard,,,2024-11-20,2,0.4229607250755287,0.060422960725075525,0.12084592145015105,0.18126888217522658,0.18126888217522658,6.0,5.0,7.0,3.0,3.0,3.0,14.0,8.0,4.0,0,0.0,0,0.00125,-20.9,-16706.634692246203,-20.873874999999998,0.12084592145015105,3.0,4.0,0.1425736
0022400254,1610612745,Houston,Rockets,HOU,rockets,1628988,Aaron,Holiday,A. Holiday,aaron-holiday,,,,8:25,8.416666666666666,1,2,0.5,0,0,0.0,0,0,0.0,0,3,3,0,0,0,0,1,2,1.0,0022400254,Aaron Holiday,aaron holiday,,,2024-11-20,0,0.23762376237623764,0.0,0.3564356435643565,0.0,0.0,11.0,7.0,6.0,10.0,7.0,3.0,9.0,10.0,0.0,0,0.0,0,0.0007099999999999999,-1.4,-1969.057665260197,-1.399006,0.0,9.0,11.0,0.010881717
0022400254,1610612745,Houston,Rockets,HOU,rockets,1630256,Jae'Sean,Tate,J. Tate,jaesean-tate,,,,5:21,5.35,1,2,0.5,0,0,0.0,0,0,0.0,0,1,1,0,0,0,0,1,2,-4.0,0022400254,Jae'Sean Tate,jae'sean tate,,,2024-11-20,0,0.3738317757009346,0.0,0.1869158878504673,0.0,0.0,11.0,7.0,9.0,10.0,7.0,3.0,11.0,11.0,,1,,1,0.0011799999999999998,-26.7,-22607.959356477564,-26.668494,0.0,9.0,11.0,0.007640265
0022400254,1610612745,Houston,Rockets,HOU,rockets,1641715,Cam,Whitmore,C. Whitmore,cam-whitmore,,,,5:21,5.35,1,4,0.25,0,3,0.0,2,4,0.5,0,0,0,1,0,0,0,1,4,-4.0,0022400254,Cam Whitmore,cam whitmore,,,2024-11-20,0,0.7476635514018692,0.0,0.0,0.1869158878504673,0.0,9.0,7.0,12.0,7.0,7.0,3.0,11.0,11.0,,1,,1,0.0035299999999999997,-26.7,-7561.5972812234495,-26.605749,0.0,9.0,11.0,0.012662153
0022400254,1610612745,Houston,Rockets,HOU,rockets,201145,Jeff,Green,J. Green,jeff-green,,,,4:27,4.45,1,3,0.333,0,2,0.0,0,0,0.0,0,0,0,0,1,0,1,0,2,-4.0,0022400254,Jeff Green,jeff green,,,2024-11-20,1,0.449438202247191,0.0,0.0,0.0,0.2247191011235955,11.0,7.0,12.0,10.0,5.0,3.0,11.0,13.0,1.0,0,0.0,0,0.00308,-25.6,-8308.9905874716,-25.521152,0.2247191011235955,5.0,3.0,0.013633872
0022400254,1610612745,Houston,Rockets,HOU,rockets,1631466,Nate,Williams,N. Williams,nate-williams,,,,2:50,2.8333333333333335,0,0,0.0,0,0,0.0,0,0,0.0,0,0,0,0,0,0,0,0,0,-3.0,0022400254,Nate Williams,nate williams,,,2024-11-20,0,0.0,0.0,0.0,0.0,0.0,14.0,7.0,12.0,10.0,7.0,3.0,10.0,14.0,0.0,0,0.0,0,0.0,-37.5,-37500000.0,-37.5,0.0,9.0,11.0,0.0035950458
0022400031,1610612745,Houston,Rockets,HOU,rockets,1628415,Dillon,Brooks,D. Brooks,dillon-brooks,F,,,24:35,24.583333333333332,10,15,0.667,6,8,0.75,2,4,0.5,3,3,6,1,0,0,2,3,28,13.0,0022400031,Dillon Brooks,dillon brooks,,,2024-11-22,0,1.1389830508474577,0.12203389830508475,0.2440677966101695,0.04067796610169492,0.12203389830508475,1.0,2.0,4.0,8.0,8.0,4.0,6.0,4.0,0.0,0,0.0,0,0.00306,28.0,9147.33747141457,27.91432,0.0,9.0,7.0,0.8797019
0022400031,1610612745,Houston,Rockets,HOU,rockets,1631095,Jabari,Smith Jr.,J. Smith Jr.,jabari-smith-jr,F,,,20:15,20.25,2,7,0.286,1,3,0.333,0,0,0.0,0,2,2,0,0,0,0,3,5,-8.0,0022400031,Jabari Smith Jr.,jabari smith jr,,,2024-11-22,0,0.24691358024691357,0.0,0.09876543209876543,0.0,0.0,6.0,7.0,7.0,11.0,8.0,4.0,14.0,7.0,0.0,0,0.0,0,0.0014299999999999998,-20.0,-13976.240391334733,-19.9714,0.0,9.0,11.0,0.027329905
0022400031,1610612745,Houston,Rockets,HOU,rockets,1630578,Alperen,Sengun,A. Sengun,alperen-sengun,C,,,25:04,25.066666666666666,7,13,0.538,0,1,0.0,0,1,0.0,2,6,8,3,1,0,3,2,14,11.0,0022400031,Alperen Sengun,alperen sengun,,,2024-11-22,1,0.5585106382978724,0.0797872340425532,0.3191489361702128,0.1196808510638298,0.1196808510638298,4.0,3.0,2.0,3.0,6.0,4.0,7.0,3.0,2.0,0,0.0,0,0.0025800000000000003,17.2,6664.083688492831,17.155624,0.0398936170212766,6.0,8.0,0.5108157
0022400031,1610612745,Houston,Rockets,HOU,rockets,1630224,Jalen,Green,J. Green,jalen-green,G,,,29:40,29.666666666666668,6,17,0.353,3,10,0.3,2,2,1.0,1,4,5,1,1,0,2,2,17,16.0,0022400031,Jalen Green,jalen green,,,2024-11-22,1,0.5730337078651685,0.033707865168539325,0.16853932584269662,0.033707865168539325,0.06741573033707865,3.0,4.0,5.0,8.0,6.0,4.0,3.0,1.0,0.0,0,0.0,0,0.00263,25.9,9844.165716457619,25.831882999999998,0.033707865168539325,6.0,10.0,0.29392558
0022400031,1610612745,Houston,Rockets,HOU,rockets,1627832,Fred,VanVleet,F. VanVleet,fred-vanvleet,G,,,27:33,27.55,0,2,0.0,0,1,0.0,2,2,1.0,0,2,2,8,2,0,1,3,2,11.0,0022400031,Fred VanVleet,fred vanvleet,,,2024-11-22,2,0.07259528130671507,0.0,0.07259528130671507,0.29038112522686027,0.07259528130671507,11.0,7.0,7.0,1.0,3.0,4.0,7.0,2.0,2.0,0,0.0,0,0.00058,21.9,37693.63166953528,21.887297999999998,0.07259528130671507,3.0,9.0,0.01856643
0022400031,1610612745,Houston,Rockets,HOU,rockets,1641708,Amen,Thompson,A. Thompson,amen-thompson,,,,23:57,23.95,3,8,0.375,0,0,0.0,4,7,0.571,5,6,11,4,3,2,3,2,10,26.0,0022400031,Amen Thompson,amen thompson,,,2024-11-22,5,0.4175365344467641,0.20876826722338204,0.4592901878914405,0.16701461377870563,0.4175365344467641,5.0,1.0,1.0,2.0,1.0,1.0,2.0,5.0,1.0,0,0.0,0,0.00212,47.3,22300.8015087223,47.199723999999996,0.20876826722338204,1.0,1.0,0.801007
0022400031,1610612745,Houston,Rockets,HOU,rockets,1631106,Tari,Eason,T. Eason,tari-eason,,,,21:54,21.9,8,14,0.571,1,5,0.2,5,5,1.0,1,7,8,2,2,0,0,1,22,33.0,0022400031,Tari Eason,tari eason,,,2024-11-22,2,1.0045662100456623,0.04566210045662101,0.36529680365296807,0.09132420091324202,0.13698630136986303,2.0,4.0,2.0,5.0,3.0,4.0,1.0,6.0,4.0,0,0.0,0,0.00271,64.5,23791.958686831425,64.325205,0.09132420091324202,3.0,6.0,0.8130973
0022400031,1610612745,Houston,Rockets,HOU,rockets,203500,Steven,Adams,S. Adams,steven-adams,,,,14:59,14.983333333333333,0,0,0.0,0,0,0.0,1,2,0.5,0,1,1,3,0,0,3,1,1,15.0,0022400031,Steven Adams,steven adams,,,2024-11-22,0,0.06674082313681869,0.0,0.06674082313681869,0.20022246941045607,0.0,13.0,7.0,10.0,3.0,8.0,4.0,4.0,9.0,0.0,0,0.0,0,0.0010299999999999999,44.8,43452.9582929195,44.753856,0.0,9.0,11.0,0.020752061
0022400031,1610612745,Houston,Rockets,HOU,rockets,1642263,Reed,Sheppard,R. Sheppard,reed-sheppard,,,,16:28,16.466666666666665,1,6,0.167,1,3,0.333,0,0,0.0,0,0,0,2,3,2,0,1,3,15.0,0022400031,Reed Sheppard,reed sheppard,,,2024-11-22,5,0.1821862348178138,0.0,0.0,0.12145748987854252,0.3036437246963563,8.0,7.0,13.0,5.0,1.0,1.0,4.0,8.0,3.0,0,0.0,0,0.0014000000000000002,39.9,28479.657387580297,39.84414,0.3036437246963563,1.0,2.0,0.058435425
0022400031,1610612745,Houston,Rockets,HOU,rockets,1628988,Aaron,Holiday,A. Holiday,aaron-holiday,,,,8:49,8.816666666666666,1,5,0.2,1,5,0.2,0,0,0.0,0,0,0,2,0,0,0,0,3,1.0,0022400031,Aaron Holiday,aaron holiday,,,2024-11-22,0,0.3402646502835539,0.0,0.0,0.22684310018903592,0.0,8.0,7.0,13.0,5.0,8.0,4.0,12.0,10.0,0.0,0,0.0,0,0.00208,8.1,3892.3594425756846,8.083152,0.0,9.0,11.0,0.0077031194
0022400031,1610612745,Houston,Rockets,HOU,rockets,1630256,Jae'Sean,Tate,J. Tate,jaesean-tate,,,,8:49,8.816666666666666,0,0,0.0,0,0,0.0,1,2,0.5,0,4,4,0,2,0,3,2,1,1.0,0022400031,Jae'Sean Tate,jae'sean tate,,,2024-11-22,2,0.11342155009451796,0.0,0.45368620037807184,0.0,0.22684310018903592,13.0,7.0,6.0,11.0,3.0,4.0,12.0,10.0,2.0,0,0.0,0,0.00167,8.1,4847.3967684021545,8.086473,0.22684310018903592,3.0,4.0,0.011396463
0022400031,1610612745,Houston,Rockets,HOU,rockets,201145,Jeff,Green,J. Green,jeff-green,,,,7:28,7.466666666666667,2,3,0.667,1,1,1.0,0,0,0.0,0,1,1,0,0,0,0,0,5,2.0,0022400031,Jeff Green,jeff green,,,2024-11-22,0,0.6696428571428571,0.0,0.13392857142857142,0.0,0.0,6.0,7.0,10.0,11.0,8.0,4.0,9.0,12.0,0.0,0,0.0,0,0.0015,14.7,9793.471019320454,14.677950000000001,0.0,9.0,11.0,0.031432047
0022400031,1610612745,Houston,Rockets,HOU,rockets,1629111,Jock,Landale,J. Landale,jock-landale,,,,6:30,6.5,1,1,1.0,0,0,0.0,0,0,0.0,0,1,1,0,0,1,0,0,2,2.0,0022400031,Jock Landale,jock landale,,,2024-11-22,1,0.3076923076923077,0.0,0.15384615384615385,0.0,0.15384615384615385,11.0,7.0,10.0,11.0,8.0,3.0,9.0,13.0,0.0,0,0.0,0,0.00067,20.3,30253.353204172876,20.286399000000003,0.15384615384615385,6.0,5.0,0.012423481
0022400031,1610612745,Houston,Rockets,HOU,rockets,1629098,Jack,McVeigh,J. McVeigh,jack-mcveigh,,,,3:59,3.9833333333333334,1,2,0.5,1,2,0.5,0,0,0.0,1,1,2,1,0,0,0,0,3,2.0,0022400031,Jack McVeigh,jack mcveigh,,,2024-11-22,0,0.7531380753138075,0.2510460251046025,0.502092050209205,0.2510460251046025,0.2510460251046025,8.0,4.0,7.0,8.0,8.0,4.0,9.0,14.0,0.0,0,0.0,0,0.00182,22.2,12191.103789126853,22.159595999999997,0.0,9.0,3.0,0.011119758
0022400267,1610612745,Houston,Rockets,HOU,rockets,1628415,Dillon,Brooks,D. Brooks,dillon-brooks,F,,,31:26,31.433333333333334,5,11,0.455,1,3,0.333,2,2,1.0,1,4,5,1,1,0,0,3,13,0.0,0022400267,Dillon Brooks,dillon brooks,,,2024-11-23,1,0.4135737009544008,0.031813361611876985,0.15906680805938495,0.031813361611876985,0.06362672322375397,4.0,6.0,4.0,5.0,3.0,4.0,1.0,4.0,6.0,0,0.0,0,0.00148,1.3,877.7852802160703,1.298076,0.031813361611876985,4.0,6.0,0.7429885
0022400267,1610612745,Houston,Rockets,HOU,rockets,1631095,Jabari,Smith Jr.,J. Smith Jr.,jabari-smith-jr,F,,,37:05,37.083333333333336,3,10,0.3,3,7,0.429,5,6,0.833,2,6,8,1,0,3,1,3,14,-2.0,0022400267,Jabari Smith Jr.,jabari smith jr,,,2024-11-23,3,0.3775280898876404,0.053932584269662916,0.21573033707865166,0.026966292134831458,0.1348314606741573,3.0,3.0,1.0,5.0,7.0,1.0,2.0,1.0,0.0,0,0.0,0,0.0015199999999999999,-1.2,-788.9546351084814,-1.198176,0.08089887640449438,1.0,4.0,0.5989372
0022400267,1610612745,Houston,Rockets,HOU,rockets,1630578,Alperen,Sengun,A. Sengun,alperen-sengun,C,,,35:52,35.86666666666667,7,17,0.412,0,0,0.0,8,11,0.727,2,3,5,5,2,0,2,3,22,-3.0,0022400267,Alperen Sengun,alperen sengun,,,2024-11-23,2,0.6133828996282528,0.055762081784386616,0.13940520446096655,0.13940520446096655,0.11152416356877323,1.0,3.0,4.0,1.0,1.0,4.0,4.0,2.0,6.0,0,1.0,0,0.0027300000000000002,-3.9,-1428.0483339436103,-3.889353,0.055762081784386616,3.0,5.0,0.85318196
0022400267,1610612745,Houston,Rockets,HOU,rockets,1630224,Jalen,Green,J. Green,jalen-green,G,,,29:31,29.516666666666666,3,14,0.214,1,9,0.111,3,4,0.75,0,2,2,2,1,0,0,0,10,-8.0,0022400267,Jalen Green,jalen green,,,2024-11-23,1,0.33879164313946925,0.0,0.06775832862789384,0.06775832862789384,0.03387916431394692,5.0,7.0,8.0,3.0,3.0,4.0,9.0,5.0,2.0,0,0.0,0,0.00213,-13.1,-6147.348662599718,-13.072097,0.03387916431394692,4.0,8.0,0.07427539
0022400267,1610612745,Houston,Rockets,HOU,rockets,1627832,Fred,VanVleet,F. VanVleet,fred-vanvleet,G,,,28:24,28.4,4,13,0.308,0,6,0.0,0,0,0.0,0,5,5,5,1,0,3,5,8,-4.0,0022400267,Fred VanVleet,fred vanvleet,,,2024-11-23,1,0.28169014084507044,0.0,0.17605633802816903,0.17605633802816903,0.035211267605633804,6.0,7.0,4.0,1.0,3.0,4.0,7.0,6.0,4.0,0,0.0,0,0.0023899999999999998,-5.2,-2174.822250104559,-5.187572,0.035211267605633804,4.0,7.0,0.117814645
0022400267,1610612745,Houston,Rockets,HOU,rockets,1641708,Amen,Thompson,A. Thompson,amen-thompson,,,,34:55,34.916666666666664,7,11,0.636,1,1,1.0,4,4,1.0,4,3,7,2,1,0,2,2,19,-3.0,0022400267,Amen Thompson,amen thompson,,,2024-11-23,1,0.5441527446300717,0.11455847255369929,0.20047732696897377,0.057279236276849645,0.1431980906921241,2.0,1.0,2.0,3.0,3.0,4.0,4.0,3.0,3.0,0,0.0,0,0.0017599999999999998,-4.2,-2385.0085178875643,-4.192608,0.028639618138424822,4.0,3.0,0.8357768
0022400267,1610612745,Houston,Rockets,HOU,rockets,1631106,Tari,Eason,T. Eason,tari-eason,,,,19:32,19.533333333333335,0,7,0.0,0,1,0.0,4,4,1.0,3,2,5,0,2,1,0,1,4,-2.0,0022400267,Tari Eason,tari eason,,,2024-11-23,3,0.20477815699658702,0.15358361774744025,0.25597269624573377,0.0,0.3071672354948805,8.0,2.0,4.0,8.0,1.0,2.0,2.0,7.0,2.0,0,0.0,0,0.00188,-5.0,-2658.160552897395,-4.9906,0.15358361774744025,1.0,1.0,0.051696066
0022400267,1610612745,Houston,Rockets,HOU,rockets,1629111,Jock,Landale,J. Landale,jock-landale,,,,11:54,11.9,0,1,0.0,0,1,0.0,0,2,0.0,2,4,6,1,0,1,0,0,0,-3.0,0022400267,Jock Landale,jock landale,,,2024-11-23,1,0.0,0.1680672268907563,0.5042016806722689,0.08403361344537814,0.25210084033613445,9.0,3.0,3.0,5.0,7.0,2.0,4.0,8.0,0.0,0,0.0,0,0.00065,-8.2,-12596.00614439324,-8.194669999999999,0.08403361344537814,4.0,2.0,0.06324068
0022400267,1610612745,Houston,Rockets,HOU,rockets,1642263,Reed,Sheppard,R. Sheppard,reed-sheppard,,,,11:21,11.35,3,6,0.5,2,4,0.5,0,0,0.0,0,0,0,0,0,0,1,2,8,-5.0,0022400267,Reed Sheppard,reed sheppard,,,2024-11-23,0,0.7048458149779736,0.0,0.0,0.0,0.0,6.0,7.0,9.0,8.0,7.0,4.0,8.0,9.0,3.0,0,0.0,0,0.0025,-12.2,-4878.048780487804,-12.1695,0.0,9.0,9.0,0.09572972
0022400037,1610612745,Houston,Rockets,HOU,rockets,1628415,Dillon,Brooks,D. Brooks,dillon-brooks,F,,,40:39,40.65,8,14,0.571,4,7,0.571,2,2,1.0,2,1,3,2,0,0,2,3,22,6.0,0022400037,Dillon Brooks,dillon brooks,,,2024-11-26,0,0.5412054120541205,0.04920049200492005,0.07380073800738007,0.04920049200492005,0.04920049200492005,2.0,2.0,5.0,4.0,6.0,5.0,4.0,3.0,1.0,0,0.0,0,0.00185,4.7,2539.1680172879524,4.691305,0.0,7.0,7.0,0.80802524
0022400037,1610612745,Houston,Rockets,HOU,rockets,1631095,Jabari,Smith Jr.,J. Smith Jr.,jabari-smith-jr,F,,,38:27,38.45,8,9,0.889,3,4,0.75,0,0,0.0,0,7,7,3,0,2,0,1,19,30.0,0022400037,Jabari Smith Jr.,jabari smith jr,,,2024-11-26,2,0.494148244473342,0.0,0.18205461638491546,0.07802340702210663,0.05201560468140442,4.0,4.0,4.0,3.0,6.0,3.0,1.0,4.0,0.0,0,0.0,0,0.00101,35.3,34915.924826904054,35.264347,0.05201560468140442,4.0,6.0,0.78100705
0022400037,1610612745,Houston,Rockets,HOU,rockets,1630578,Alperen,Sengun,A. Sengun,alperen-sengun,C,,,41:46,41.766666666666666,9,23,0.391,0,3,0.0,4,4,1.0,3,7,10,11,3,3,2,3,22,28.0,0022400037,Alperen Sengun,alperen sengun,,,2024-11-26,6,0.5267358339984038,0.07182761372705507,0.23942537909018358,0.2633679169992019,0.2154828411811652,2.0,1.0,1.0,1.0,2.0,1.0,2.0,2.0,4.0,0,0.0,0,0.0028100000000000004,29.4,10458.91141942369,29.317386,0.14365522745411013,2.0,2.0,0.8182703
0022400037,1610612745,Houston,Rockets,HOU,rockets,1630224,Jalen,Green,J. Green,jalen-green,G,,,23:14,23.233333333333334,3,9,0.333,1,5,0.2,2,2,1.0,0,3,3,2,2,0,1,1,9,-8.0,0022400037,Jalen Green,jalen green,,,2024-11-26,2,0.3873744619799139,0.0,0.1291248206599713,0.0860832137733142,0.0860832137733142,6.0,4.0,5.0,4.0,3.0,5.0,7.0,6.0,2.0,0,0.0,0,0.00208,-22.5,-10812.109562710235,-22.4532,0.0860832137733142,4.0,5.0,0.10137783
0022400037,1610612745,Houston,Rockets,HOU,rockets,1627832,Fred,VanVleet,F. VanVleet,fred-vanvleet,G,,,44:54,44.9,10,25,0.4,6,12,0.5,1,1,1.0,0,8,8,11,0,0,1,3,27,22.0,0022400037,Fred VanVleet,fred vanvleet,,,2024-11-26,0,0.6013363028953229,0.0,0.17817371937639198,0.24498886414253898,0.0,1.0,4.0,2.0,1.0,6.0,5.0,3.0,1.0,0.0,0,0.0,0,0.00255,22.0,8624.06899255194,21.9439,0.0,7.0,8.0,0.8086026
0022400037,1610612745,Houston,Rockets,HOU,rockets,1641708,Amen,Thompson,A. Thompson,amen-thompson,,,,37:52,37.86666666666667,6,9,0.667,1,2,0.5,2,2,1.0,2,6,8,0,4,3,0,3,15,-2.0,0022400037,Amen Thompson,amen thompson,,,2024-11-26,7,0.39612676056338025,0.0528169014084507,0.2112676056338028,0.0,0.23767605633802816,5.0,2.0,2.0,8.0,1.0,1.0,5.0,5.0,3.0,0,1.0,0,0.0011200000000000001,-5.0,-4460.303300624442,-4.9944,0.18485915492957747,1.0,1.0,0.82847166
0022400037,1610612745,Houston,Rockets,HOU,rockets,1629111,Jock,Landale,J. Landale,jock-landale,,,,11:14,11.233333333333333,1,3,0.333,0,0,0.0,1,2,0.5,0,1,1,1,1,0,2,1,3,-22.0,0022400037,Jock Landale,jock landale,,,2024-11-26,1,0.26706231454005935,0.0,0.08902077151335312,0.08902077151335312,0.08902077151335312,7.0,4.0,8.0,6.0,5.0,5.0,9.0,8.0,1.0,0,0.0,0,0.00222,-91.7,-41287.70823953174,-91.496426,0.08902077151335312,6.0,4.0,0.010402314
0022400037,1610612745,Houston,Rockets,HOU,rockets,1631106,Tari,Eason,T. Eason,tari-eason,,,,18:09,18.15,0,5,0.0,0,3,0.0,0,0,0.0,0,3,3,0,2,1,1,3,0,-18.0,0022400037,Tari Eason,tari eason,,,2024-11-26,3,0.0,0.0,0.1652892561983471,0.0,0.1652892561983471,8.0,4.0,5.0,8.0,3.0,4.0,8.0,7.0,1.0,0,0.0,0,0.0014299999999999998,-48.6,-33962.2641509434,-48.530502,0.1652892561983471,3.0,3.0,0.007409054
0022400037,1610612745,Houston,Rockets,HOU,rockets,1642263,Reed,Sheppard,R. Sheppard,reed-sheppard,,,,8:45,8.75,0,2,0.0,0,1,0.0,0,0,0.0,0,1,1,1,0,0,1,2,0,-6.0,0022400037,Reed Sheppard,reed sheppard,,,2024-11-26,0,0.0,0.0,0.11428571428571428,0.11428571428571428,0.0,8.0,4.0,8.0,6.0,6.0,5.0,6.0,9.0,1.0,0,0.0,0,0.0015,-27.2,-18121.252498334445,-27.159200000000002,0.0,7.0,8.0,0.0045110923
0022400290,1610612745,Houston,Rockets,HOU,rockets,1628415,Dillon,Brooks,D. Brooks,dillon-brooks,F,,,36:18,36.3,0,11,0.0,0,8,0.0,0,0,0.0,0,1,1,4,0,2,2,3,0,3.0,0022400290,Dillon Brooks,dillon brooks,,,2024-11-27,2,0.0,0.0,0.027548209366391185,0.11019283746556474,0.05509641873278237,9.0,7.0,8.0,3.0,6.0,2.0,6.0,4.0,2.0,0,0.0,0,0.00155,5.3,3417.150225660864,5.291785,0.05509641873278237,5.0,9.0,0.011971246
0022400290,1610612745,Houston,Rockets,HOU,rockets,1631095,Jabari,Smith Jr.,J. Smith Jr.,jabari-smith-jr,F,,,25:11,25.183333333333334,3,4,0.75,2,2,1.0,0,0,0.0,0,3,3,0,0,2,1,5,8,-11.0,0022400290,Jabari Smith Jr.,jabari smith jr,,,2024-11-27,2,0.3176704169424222,0.0,0.11912640635340833,0.0,0.07941760423560555,6.0,7.0,6.0,8.0,6.0,2.0,10.0,7.0,1.0,0,0.0,0,0.0008500000000000001,-18.8,-22091.65687426557,-18.78402,0.07941760423560555,5.0,8.0,0.06857853
0022400290,1610612745,Houston,Rockets,HOU,rockets,1630578,Alperen,Sengun,A. Sengun,alperen-sengun,C,,,35:20,35.333333333333336,6,11,0.545,0,0,0.0,10,12,0.833,4,10,14,7,2,1,4,2,22,1.0,0022400290,Alperen Sengun,alperen sengun,,,2024-11-27,3,0.6226415094339622,0.11320754716981131,0.3962264150943396,0.1981132075471698,0.1981132075471698,2.0,1.0,1.0,1.0,2.0,6.0,8.0,5.0,2.0,0,0.0,0,0.00256,1.4,546.661460367044,1.3964159999999999,0.08490566037735849,3.0,3.0,0.75746477
0022400290,1610612745,Houston,Rockets,HOU,rockets,1630224,Jalen,Green,J. Green,jalen-green,G,,,41:07,41.11666666666667,12,20,0.6,4,6,0.667,13,14,0.929,1,6,7,2,2,1,5,1,41,3.0,0022400290,Jalen Green,jalen green,,,2024-11-27,3,0.9971625456019457,0.02432103769760843,0.170247263883259,0.04864207539521686,0.09728415079043372,1.0,5.0,3.0,4.0,2.0,6.0,6.0,2.0,3.0,0,0.0,0,0.0032300000000000002,3.6,1114.2061281337046,3.588372,0.0729631130928253,3.0,7.0,0.834552
0022400290,1610612745,Houston,Rockets,HOU,rockets,1627832,Fred,VanVleet,F. VanVleet,fred-vanvleet,G,,,41:37,41.61666666666667,4,14,0.286,3,9,0.333,2,2,1.0,1,2,3,5,2,2,3,0,13,16.0,0022400290,Fred VanVleet,fred vanvleet,,,2024-11-27,4,0.31237484981978375,0.024028834601521824,0.07208650380456548,0.12014417300760913,0.12014417300760913,5.0,5.0,6.0,2.0,2.0,2.0,1.0,1.0,0.0,0,0.0,0,0.00178,20.6,11566.535654126897,20.563332000000003,0.0961153384060873,2.0,6.0,0.65353465
0022400290,1610612745,Houston,Rockets,HOU,rockets,1641708,Amen,Thompson,A. Thompson,amen-thompson,,,,40:22,40.36666666666667,8,10,0.8,0,1,0.0,3,4,0.75,3,9,12,2,3,3,3,5,19,4.0,0022400290,Amen Thompson,amen thompson,,,2024-11-27,6,0.47068538398018167,0.07431874483897605,0.2972749793559042,0.0495458298926507,0.22295623451692814,3.0,2.0,2.0,4.0,1.0,1.0,4.0,3.0,3.0,0,0.0,0,0.0015,7.0,4663.557628247835,6.9895000000000005,0.1486374896779521,1.0,2.0,0.8786096
0022400290,1610612745,Houston,Rockets,HOU,rockets,1631106,Tari,Eason,T. Eason,tari-eason,,,,26:22,26.366666666666667,6,11,0.545,0,1,0.0,2,2,1.0,3,4,7,2,0,2,0,1,14,9.0,0022400290,Tari Eason,tari eason,,,2024-11-27,2,0.5309734513274336,0.11378002528445007,0.2654867256637168,0.07585335018963338,0.18963337547408343,4.0,2.0,3.0,4.0,6.0,2.0,2.0,6.0,2.0,0,0.0,0,0.0017100000000000001,18.5,10812.39041496201,18.468365,0.07585335018963338,5.0,4.0,0.8819239
0022400290,1610612745,Houston,Rockets,HOU,rockets,203500,Steven,Adams,S. Adams,steven-adams,,,,7:00,7.0,0,2,0.0,0,0,0.0,2,4,0.5,2,2,4,0,0,1,1,2,2,4.0,0022400290,Steven Adams,steven adams,,,2024-11-27,1,0.2857142857142857,0.2857142857142857,0.5714285714285714,0.0,0.42857142857142855,8.0,4.0,5.0,8.0,6.0,6.0,4.0,8.0,0.0,0,0.0,0,0.0025,25.0,9996.001599360256,24.9375,0.14285714285714285,8.0,1.0,0.011170623
0022400290,1610612745,Houston,Rockets,HOU,rockets,1642263,Reed,Sheppard,R. Sheppard,reed-sheppard,,,,5:53,5.883333333333333,0,3,0.0,0,2,0.0,0,0,0.0,0,0,0,1,1,0,1,0,0,-1.0,0022400290,Reed Sheppard,reed sheppard,,,2024-11-27,1,0.0,0.0,0.0,0.16997167138810199,0.16997167138810199,9.0,7.0,9.0,7.0,5.0,9.0,9.0,9.0,1.0,0,0.0,0,0.00211,-13.8,-6537.186167693037,-13.770882000000002,0.16997167138810199,8.0,5.0,0.0039045804
0022400290,1610612745,Houston,Rockets,HOU,rockets,1628988,Aaron,Holiday,A. Holiday,aaron-holiday,,,,5:51,5.85,1,2,0.5,1,2,0.5,0,0,0.0,0,0,0,0,0,0,0,0,3,7.0,0022400290,Aaron Holiday,aaron holiday,,,2024-11-27,0,0.5128205128205129,0.0,0.0,0.0,0.0,7.0,7.0,9.0,8.0,6.0,9.0,3.0,10.0,,1,,1,0.00154,70.2,45554.834523036996,70.091892,0.0,10.0,10.0,0.0147085525
0022400310,1610612745,Houston,Rockets,HOU,rockets,1628415,Dillon,Brooks,D. Brooks,dillon-brooks,F,,,29:22,29.366666666666667,6,11,0.545,2,4,0.5,2,2,1.0,2,5,7,3,0,0,0,5,16,0.0,0022400310,Dillon Brooks,dillon brooks,,,2024-12-01,0,0.5448354143019296,0.0681044267877412,0.2383654937570942,0.1021566401816118,0.0681044267877412,3.0,4.0,3.0,2.0,3.0,5.0,5.0,5.0,1.0,0,0.0,0,0.00167,1.9,1137.04368641532,1.896827,0.0,6.0,6.0,0.82373124
0022400310,1610612745,Houston,Rockets,HOU,rockets,1631095,Jabari,Smith Jr.,J. Smith Jr.,jabari-smith-jr,F,,,40:02,40.03333333333333,6,15,0.4,3,9,0.333,0,0,0.0,2,12,14,0,0,3,1,2,15,10.0,0022400310,Jabari Smith Jr.,jabari smith jr,,,2024-12-01,3,0.37468776019983346,0.04995836802664447,0.34970857618651124,0.0,0.12489592006661117,4.0,4.0,1.0,7.0,3.0,1.0,1.0,1.0,0.0,0,0.0,0,0.0016,9.3,5808.869456589632,9.285120000000001,0.0749375520399667,1.0,3.0,0.7003343
0022400310,1610612745,Houston,Rockets,HOU,rockets,1630578,Alperen,Sengun,A. Sengun,alperen-sengun,C,,,37:59,37.983333333333334,7,17,0.412,0,1,0.0,6,8,0.75,5,9,14,9,0,1,1,2,20,0.0,0022400310,Alperen Sengun,alperen sengun,,,2024-12-01,1,0.5265467310223783,0.13163668275559456,0.36858271171566476,0.2369460289600702,0.15796401930671347,2.0,1.0,1.0,1.0,3.0,2.0,5.0,2.0,3.0,0,0.0,0,0.00232,0.0,0.0,0.0,0.02632733655111891,3.0,2.0,0.7923001
0022400310,1610612745,Houston,Rockets,HOU,rockets,1630224,Jalen,Green,J. Green,jalen-green,G,,,33:48,33.8,2,6,0.333,1,3,0.333,4,6,0.667,0,2,2,3,0,1,4,3,9,8.0,0022400310,Jalen Green,jalen green,,,2024-12-01,1,0.26627218934911245,0.0,0.0591715976331361,0.08875739644970415,0.02958579881656805,5.0,6.0,6.0,2.0,3.0,2.0,2.0,4.0,2.0,0,0.0,0,0.0013800000000000002,8.1,5865.3149891383055,8.088821999999999,0.02958579881656805,3.0,7.0,0.090895236
0022400310,1610612745,Houston,Rockets,HOU,rockets,1627832,Fred,VanVleet,F. VanVleet,fred-vanvleet,G,,,35:07,35.11666666666667,10,19,0.526,5,9,0.556,13,14,0.929,0,2,2,3,0,0,1,3,38,-2.0,0022400310,Fred VanVleet,fred vanvleet,,,2024-12-01,0,1.0821072615092548,0.0,0.05695301376364499,0.0854295206454675,0.0,1.0,6.0,6.0,2.0,3.0,5.0,7.0,3.0,0.0,0,0.0,0,0.00292,-4.2,-1437.863745292708,-4.187736,0.0,6.0,8.0,0.8723349
0022400310,1610612745,Houston,Rockets,HOU,rockets,203500,Steven,Adams,S. Adams,steven-adams,,,,3:30,3.5,0,0,0.0,0,0,0.0,1,2,0.5,0,1,1,0,0,0,0,0,1,5.0,0022400310,Steven Adams,steven adams,,,2024-12-01,0,0.2857142857142857,0.0,0.2857142857142857,0.0,0.0,9.0,6.0,8.0,7.0,3.0,5.0,3.0,9.0,0.0,0,0.0,0,0.001,62.5,62437.56243756244,62.4375,0.0,6.0,8.0,0.009139415
0022400310,1610612745,Houston,Rockets,HOU,rockets,1641708,Amen,Thompson,A. Thompson,amen-thompson,,,,26:17,26.283333333333335,4,11,0.364,0,2,0.0,1,3,0.333,3,3,6,1,0,0,1,4,9,-5.0,0022400310,Amen Thompson,amen thompson,,,2024-12-01,0,0.34242232086239693,0.11414077362079898,0.22828154724159797,0.03804692454026633,0.11414077362079898,5.0,2.0,4.0,5.0,3.0,5.0,8.0,6.0,1.0,0,0.0,0,0.00181,-6.9,-3810.049696300387,-6.887511000000001,0.0,6.0,4.0,0.16016424
0022400310,1610612745,Houston,Rockets,HOU,rockets,1631106,Tari,Eason,T. Eason,tari-eason,,,,24:22,24.366666666666667,2,8,0.25,1,5,0.2,1,2,0.5,3,2,5,1,2,1,2,1,6,-6.0,0022400310,Tari Eason,tari eason,,,2024-12-01,3,0.24623803009575923,0.12311901504787962,0.2051983584131327,0.04103967168262654,0.24623803009575923,7.0,2.0,5.0,5.0,1.0,2.0,9.0,7.0,3.0,0,0.0,0,0.00167,-11.1,-6642.728904847397,-11.081463,0.12311901504787962,1.0,1.0,0.11021569
0022400310,1610612745,Houston,Rockets,HOU,rockets,1642263,Reed,Sheppard,R. Sheppard,reed-sheppard,,,,9:33,9.55,1,5,0.2,1,4,0.25,2,2,1.0,0,0,0,0,1,0,0,1,5,5.0,0022400310,Reed Sheppard,reed sheppard,,,2024-12-01,1,0.5235602094240838,0.0,0.0,0.0,0.10471204188481674,8.0,6.0,9.0,7.0,2.0,5.0,3.0,8.0,1.0,0,0.0,0,0.00231,13.8,5971.440934660321,13.768122,0.10471204188481674,3.0,5.0,0.016504925
0022400059,1610612745,Houston,Rockets,HOU,rockets,1628415,Dillon,Brooks,D. Brooks,dillon-brooks,F,,,23:49,23.816666666666666,3,6,0.5,2,3,0.667,0,0,0.0,0,3,3,0,0,0,3,6,8,-17.0,0022400059,Dillon Brooks,dillon brooks,,,2024-12-03,0,0.3358992302309307,0.0,0.12596221133659902,0.0,0.0,5.0,8.0,7.0,8.0,5.0,2.0,8.0,6.0,0.0,0,0.0,0,0.00153,-40.3,-26322.664924885696,-40.238341,0.0,6.0,9.0,0.044493496
0022400059,1610612745,Houston,Rockets,HOU,rockets,1631095,Jabari,Smith Jr.,J. Smith Jr.,jabari-smith-jr,F,,,36:20,36.333333333333336,2,8,0.25,2,7,0.286,0,0,0.0,2,5,7,1,0,1,0,5,6,-18.0,0022400059,Jabari Smith Jr.,jabari smith jr,,,2024-12-03,1,0.16513761467889906,0.055045871559633024,0.19266055045871558,0.027522935779816512,0.08256880733944953,6.0,4.0,3.0,3.0,5.0,1.0,10.0,2.0,3.0,0,0.0,0,0.0009,-22.9,-25416.20421753607,-22.879389999999997,0.027522935779816512,2.0,6.0,0.08368389
0022400059,1610612745,Houston,Rockets,HOU,rockets,1630578,Alperen,Sengun,A. Sengun,alperen-sengun,C,,,31:48,31.8,10,20,0.5,1,2,0.5,3,4,0.75,3,5,8,6,1,0,2,3,24,-13.0,0022400059,Alperen Sengun,alperen sengun,,,2024-12-03,1,0.7547169811320754,0.09433962264150943,0.25157232704402516,0.18867924528301885,0.12578616352201258,2.0,2.0,2.0,1.0,2.0,2.0,7.0,4.0,1.0,0,0.0,0,0.0028799999999999997,-20.0,-6942.034015966678,-19.9424,0.031446540880503145,2.0,5.0,0.8008383
0022400059,1610612745,Houston,Rockets,HOU,rockets,1630224,Jalen,Green,J. Green,jalen-green,G,,,33:44,33.733333333333334,9,14,0.643,5,8,0.625,5,5,1.0,1,6,7,3,1,0,4,1,28,-17.0,0022400059,Jalen Green,jalen green,,,2024-12-03,1,0.8300395256916996,0.029644268774703556,0.2075098814229249,0.08893280632411067,0.05928853754940711,1.0,6.0,3.0,2.0,2.0,2.0,8.0,3.0,2.0,0,0.0,0,0.0023499999999999997,-27.1,-11527.009783071035,-27.036315000000002,0.029644268774703556,2.0,7.0,0.92356783
0022400059,1610612745,Houston,Rockets,HOU,rockets,1627832,Fred,VanVleet,F. VanVleet,fred-vanvleet,G,,,36:33,36.55,6,17,0.353,1,10,0.1,0,0,0.0,1,1,2,1,0,0,1,1,13,-21.0,0022400059,Fred VanVleet,fred vanvleet,,,2024-12-03,0,0.3556771545827634,0.02735978112175103,0.05471956224350206,0.02735978112175103,0.02735978112175103,4.0,6.0,8.0,3.0,5.0,2.0,11.0,1.0,1.0,0,0.0,0,0.00198,-31.5,-15901.060070671378,-31.437630000000002,0.0,6.0,8.0,0.03210844
0022400059,1610612745,Houston,Rockets,HOU,rockets,203500,Steven,Adams,S. Adams,steven-adams,,,,10:31,10.516666666666667,0,1,0.0,0,0,0.0,1,2,0.5,2,4,6,0,0,0,1,1,1,9.0,0022400059,Steven Adams,steven adams,,,2024-12-03,0,0.09508716323296354,0.19017432646592708,0.5705229793977813,0.0,0.19017432646592708,10.0,4.0,5.0,8.0,5.0,2.0,3.0,9.0,0.0,0,0.0,0,0.00115,52.4,45525.62988705474,52.33974,0.0,6.0,3.0,0.025113717
0022400059,1610612745,Houston,Rockets,HOU,rockets,1641708,Amen,Thompson,A. Thompson,amen-thompson,,,,23:47,23.783333333333335,1,5,0.2,0,0,0.0,1,4,0.25,3,3,6,1,0,0,3,2,3,6.0,0022400059,Amen Thompson,amen thompson,,,2024-12-03,0,0.12613875262789068,0.12613875262789068,0.25227750525578135,0.04204625087596356,0.12613875262789068,9.0,2.0,5.0,3.0,5.0,2.0,4.0,7.0,1.0,0,0.0,0,0.00154,17.8,11550.940947436731,17.772588000000002,0.0,6.0,4.0,0.039217513
0022400059,1610612745,Houston,Rockets,HOU,rockets,1631106,Tari,Eason,T. Eason,tari-eason,,,,25:04,25.066666666666666,5,15,0.333,1,5,0.2,5,6,0.833,6,6,12,1,3,0,1,2,16,-2.0,0022400059,Tari Eason,tari eason,,,2024-12-03,3,0.6382978723404256,0.2393617021276596,0.4787234042553192,0.0398936170212766,0.35904255319148937,3.0,1.0,1.0,3.0,1.0,2.0,6.0,5.0,4.0,0,0.0,0,0.00297,-1.7,-572.1979131605519,-1.6949509999999999,0.1196808510638298,1.0,2.0,0.5536803
0022400059,1610612745,Houston,Rockets,HOU,rockets,1642263,Reed,Sheppard,R. Sheppard,reed-sheppard,,,,11:27,11.45,3,5,0.6,0,2,0.0,0,0,0.0,0,0,0,1,0,0,0,1,6,12.0,0022400059,Reed Sheppard,reed sheppard,,,2024-12-03,0,0.5240174672489083,0.0,0.0,0.08733624454148473,0.0,6.0,8.0,10.0,3.0,5.0,2.0,1.0,8.0,1.0,0,0.0,0,0.00167,51.7,30939.557151406345,51.61366100000001,0.0,6.0,9.0,0.16752227
0022400059,1610612745,Houston,Rockets,HOU,rockets,1628988,Aaron,Holiday,A. Holiday,aaron-holiday,,,,5:05,5.083333333333333,2,2,1.0,2,2,1.0,0,0,0.0,0,2,2,0,0,0,0,0,6,10.0,0022400059,Aaron Holiday,aaron holiday,,,2024-12-03,0,1.180327868852459,0.0,0.3934426229508197,0.0,0.0,6.0,8.0,8.0,8.0,5.0,2.0,2.0,10.0,0.0,0,0.0,0,0.00182,114.4,62822.624931356404,114.191792,0.0,6.0,9.0,0.23845693
0022400059,1610612745,Houston,Rockets,HOU,rockets,1630256,Jae'Sean,Tate,J. Tate,jaesean-tate,,,,1:52,1.8666666666666667,0,0,0.0,0,0,0.0,0,0,0.0,0,0,0,0,1,0,0,1,0,6.0,0022400059,Jae'Sean Tate,jae'sean tate,,,2024-12-03,1,0.0,0.0,0.0,0.0,0.5357142857142857,11.0,8.0,10.0,8.0,2.0,2.0,4.0,11.0,1.0,0,0.0,0,0.0,200.0,200000000.0,200.0,0.5357142857142857,2.0,1.0,0.011467267
0022400332,1610612745,Houston,Rockets,HOU,rockets,1628415,Dillon,Brooks,D. Brooks,dillon-brooks,F,,,34:32,34.53333333333333,6,13,0.462,2,8,0.25,1,2,0.5,1,2,3,1,1,0,2,4,15,-7.0,0022400332,Dillon Brooks,dillon brooks,,,2024-12-05,1,0.4343629343629344,0.02895752895752896,0.08687258687258688,0.02895752895752896,0.05791505791505792,2.0,4.0,7.0,5.0,3.0,6.0,6.0,4.0,1.0,0,0.0,0,0.00203,-11.6,-5711.472181191531,-11.576452,0.02895752895752896,6.0,8.0,0.53911346
0022400332,1610612745,Houston,Rockets,HOU,rockets,1631095,Jabari,Smith Jr.,J. Smith Jr.,jabari-smith-jr,F,,,36:38,36.63333333333333,2,8,0.25,1,4,0.25,0,0,0.0,0,7,7,1,1,3,1,5,5,-15.0,0022400332,Jabari Smith Jr.,jabari smith jr,,,2024-12-05,4,0.1364877161055505,0.0,0.1910828025477707,0.0272975432211101,0.1091901728844404,8.0,7.0,3.0,5.0,3.0,1.0,9.0,2.0,2.0,0,0.0,0,0.00107,-19.7,-18394.02427637722,-19.678921,0.1091901728844404,1.0,6.0,0.049542736
0022400332,1610612745,Houston,Rockets,HOU,rockets,1630578,Alperen,Sengun,A. Sengun,alperen-sengun,C,,,29:12,29.2,7,15,0.467,0,1,0.0,2,2,1.0,2,6,8,5,2,0,2,2,16,-10.0,0022400332,Alperen Sengun,alperen sengun,,,2024-12-05,2,0.547945205479452,0.0684931506849315,0.273972602739726,0.17123287671232876,0.136986301369863,1.0,2.0,1.0,1.0,2.0,6.0,8.0,5.0,4.0,0,0.0,0,0.00269,-16.4,-6094.388703084354,-16.355884,0.0684931506849315,4.0,4.0,0.7793436
0022400332,1610612745,Houston,Rockets,HOU,rockets,1630224,Jalen,Green,J. Green,jalen-green,G,,,36:21,36.35,4,16,0.25,0,4,0.0,6,7,0.857,1,3,4,3,4,0,2,1,14,-6.0,0022400332,Jalen Green,jalen green,,,2024-12-05,4,0.38514442916093533,0.027510316368638238,0.11004126547455295,0.08253094910591471,0.1375515818431912,3.0,4.0,5.0,3.0,1.0,6.0,5.0,3.0,1.0,0,0.0,0,0.00241,-10.8,-4479.469099958524,-10.773972,0.11004126547455295,1.0,3.0,0.2956137
0022400332,1610612745,Houston,Rockets,HOU,rockets,1627832,Fred,VanVleet,F. VanVleet,fred-vanvleet,G,,,37:09,37.15,5,16,0.313,3,10,0.3,0,0,0.0,1,3,4,5,1,2,1,4,13,-7.0,0022400332,Fred VanVleet,fred vanvleet,,,2024-12-05,3,0.3499327052489906,0.026917900403768506,0.10767160161507403,0.13458950201884254,0.10767160161507403,5.0,4.0,5.0,1.0,3.0,2.0,6.0,1.0,4.0,0,0.0,0,0.0019500000000000001,-9.3,-4766.786263454639,-9.281865,0.08075370121130553,3.0,7.0,0.20243554
0022400332,1610612745,Houston,Rockets,HOU,rockets,203500,Steven,Adams,S. Adams,steven-adams,,,,17:34,17.566666666666666,3,4,0.75,0,0,0.0,0,0,0.0,4,2,6,3,0,1,0,2,6,10.0,0022400332,Steven Adams,steven adams,,,2024-12-05,1,0.3415559772296015,0.22770398481973436,0.3415559772296015,0.17077798861480076,0.2846299810246679,7.0,1.0,4.0,3.0,6.0,4.0,1.0,7.0,0.0,0,0.0,0,0.00095,26.1,27444.79495268139,26.075205,0.05692599620493359,6.0,1.0,0.59072876
0022400332,1610612745,Houston,Rockets,HOU,rockets,1641708,Amen,Thompson,A. Thompson,amen-thompson,,,,22:05,22.083333333333332,5,13,0.385,2,5,0.4,2,4,0.5,2,6,8,0,0,1,0,0,14,3.0,0022400332,Amen Thompson,amen thompson,,,2024-12-05,1,0.6339622641509435,0.09056603773584906,0.36226415094339626,0.0,0.13584905660377358,3.0,2.0,1.0,9.0,6.0,4.0,3.0,6.0,0.0,0,0.0,0,0.00294,10.8,3672.2203332199933,10.768248,0.04528301886792453,6.0,5.0,0.698875
0022400332,1610612745,Houston,Rockets,HOU,rockets,1642263,Reed,Sheppard,R. Sheppard,reed-sheppard,,,,12:38,12.633333333333333,2,6,0.333,1,5,0.2,2,2,1.0,0,3,3,1,0,2,0,2,7,6.0,0022400332,Reed Sheppard,reed sheppard,,,2024-12-05,2,0.554089709762533,0.0,0.237467018469657,0.079155672823219,0.158311345646438,6.0,7.0,7.0,5.0,6.0,2.0,2.0,9.0,1.0,0,0.0,0,0.0025,31.1,12435.025989604159,31.022250000000003,0.158311345646438,4.0,2.0,0.35727444
0022400332,1610612745,Houston,Rockets,HOU,rockets,1628988,Aaron,Holiday,A. Holiday,aaron-holiday,,,,13:51,13.85,1,2,0.5,1,1,1.0,0,0,0.0,0,2,2,1,0,0,0,0,3,-4.0,0022400332,Aaron Holiday,aaron holiday,,,2024-12-05,0,0.21660649819494585,0.0,0.1444043321299639,0.07220216606498195,0.0,9.0,7.0,9.0,5.0,6.0,6.0,4.0,8.0,1.0,0,0.0,0,0.00057,-12.9,-22591.943957968477,-12.892647,0.0,9.0,9.0,0.019060148
0022400356,1610612745,Houston,Rockets,HOU,rockets,1628415,Dillon,Brooks,D. Brooks,dillon-brooks,F,,,37:38,37.63333333333333,7,15,0.467,4,8,0.5,1,1,1.0,2,5,7,5,1,2,1,3,19,6.0,0022400356,Dillon Brooks,dillon brooks,,,2024-12-08,3,0.5048715677590788,0.053144375553587246,0.18600531443755536,0.1328609388839681,0.1328609388839681,3.0,3.0,4.0,2.0,1.0,1.0,5.0,2.0,2.0,0,0.0,0,0.0018,6.4,3553.581343697946,6.38848,0.07971656333038087,1.0,1.0,0.79330456
0022400356,1610612745,Houston,Rockets,HOU,rockets,1631095,Jabari,Smith Jr.,J. Smith Jr.,jabari-smith-jr,F,,,34:02,34.03333333333333,4,9,0.444,2,5,0.4,3,4,0.75,2,10,12,2,0,1,1,4,13,5.0,0022400356,Jabari Smith Jr.,jabari smith jr,,,2024-12-08,1,0.38197845249755147,0.058765915768854066,0.3525954946131244,0.058765915768854066,0.0881488736532811,4.0,3.0,1.0,5.0,5.0,2.0,6.0,5.0,2.0,0,0.0,0,0.00158,7.5,4743.833017077799,7.48815,0.029382957884427033,3.0,5.0,0.6177973
0022400356,1610612745,Houston,Rockets,HOU,rockets,1630578,Alperen,Sengun,A. Sengun,alperen-sengun,C,,,36:16,36.266666666666666,4,9,0.444,0,2,0.0,3,4,0.75,3,7,10,6,0,0,4,4,11,13.0,0022400356,Alperen Sengun,alperen sengun,,,2024-12-08,0,0.3033088235294118,0.08272058823529412,0.2757352941176471,0.16544117647058823,0.08272058823529412,5.0,1.0,2.0,1.0,5.0,4.0,1.0,3.0,1.0,0,0.0,0,0.00183,16.8,9175.314036045876,16.769256000000002,0.0,6.0,6.0,0.61381507
0022400356,1610612745,Houston,Rockets,HOU,rockets,1641708,Amen,Thompson,A. Thompson,amen-thompson,G,,,39:05,39.083333333333336,9,14,0.643,1,3,0.333,3,3,1.0,3,5,8,4,1,1,3,2,22,10.0,0022400356,Amen Thompson,amen thompson,,,2024-12-08,2,0.5628997867803838,0.07675906183368869,0.2046908315565032,0.1023454157782516,0.1279317697228145,2.0,1.0,3.0,3.0,1.0,2.0,3.0,1.0,2.0,0,0.0,0,0.00196,12.7,6476.287608363079,12.675108,0.0511727078891258,2.0,2.0,0.7348249
0022400356,1610612745,Houston,Rockets,HOU,rockets,1630224,Jalen,Green,J. Green,jalen-green,G,,,35:44,35.733333333333334,9,20,0.45,5,13,0.385,8,8,1.0,0,4,4,1,1,0,3,0,31,9.0,0022400356,Jalen Green,jalen green,,,2024-12-08,1,0.8675373134328358,0.0,0.11194029850746269,0.027985074626865673,0.027985074626865673,1.0,7.0,5.0,7.0,1.0,4.0,4.0,4.0,1.0,0,0.0,0,0.00314,13.9,4425.342247691818,13.856354,0.027985074626865673,3.0,7.0,0.6885324
0022400356,1610612745,Houston,Rockets,HOU,rockets,203500,Steven,Adams,S. Adams,steven-adams,,,,9:56,9.933333333333334,2,2,1.0,0,0,0.0,0,2,0.0,1,3,4,0,0,0,1,0,4,0.0,0022400356,Steven Adams,steven adams,,,2024-12-08,0,0.40268456375838924,0.10067114093959731,0.40268456375838924,0.0,0.10067114093959731,8.0,5.0,5.0,8.0,5.0,4.0,8.0,9.0,0.0,0,0.0,0,0.00154,0.0,0.0,0.0,0.0,6.0,4.0,0.025334356
0022400356,1610612745,Houston,Rockets,HOU,rockets,1630256,Jae'Sean,Tate,J. Tate,jaesean-tate,,,,18:14,18.233333333333334,2,4,0.5,0,1,0.0,2,2,1.0,1,3,4,2,1,0,0,2,6,12.0,0022400356,Jae'Sean Tate,jae'sean tate,,,2024-12-08,1,0.3290676416819013,0.054844606946983544,0.21937842778793418,0.10968921389396709,0.10968921389396709,7.0,5.0,5.0,5.0,1.0,4.0,2.0,7.0,1.0,0,1.0,0,0.00111,32.4,29162.91629162916,32.364036,0.054844606946983544,3.0,3.0,0.19715126
0022400356,1610612745,Houston,Rockets,HOU,rockets,1628988,Aaron,Holiday,A. Holiday,aaron-holiday,,,,18:32,18.533333333333335,3,6,0.5,3,6,0.5,2,2,1.0,0,1,1,3,0,0,2,1,11,1.0,0022400356,Aaron Holiday,aaron holiday,,,2024-12-08,0,0.5935251798561151,0.0,0.0539568345323741,0.1618705035971223,0.0,5.0,7.0,8.0,4.0,5.0,4.0,7.0,6.0,1.0,0,0.0,0,0.00214,2.8,1307.8000934142922,2.794008,0.0,6.0,8.0,0.20524067
0022400356,1610612745,Houston,Rockets,HOU,rockets,1642263,Reed,Sheppard,R. Sheppard,reed-sheppard,,,,10:33,10.55,0,3,0.0,0,3,0.0,0,0,0.0,0,0,0,0,0,0,0,0,0,-1.0,0022400356,Reed Sheppard,reed sheppard,,,2024-12-08,0,0.0,0.0,0.0,0.0,0.0,9.0,7.0,9.0,8.0,5.0,4.0,9.0,8.0,0.0,0,0.0,0,0.00136,0.8,587.8030859662014,0.7989120000000001,0.0,6.0,8.0,0.0041985577
0022401204,1610612745,Houston,Rockets,HOU,rockets,1628415,Dillon,Brooks,D. Brooks,dillon-brooks,F,,,37:56,37.93333333333333,4,8,0.5,0,2,0.0,1,1,1.0,1,3,4,1,2,1,1,4,9,-1.0,0022401204,Dillon Brooks,dillon brooks,,,2024-12-11,3,0.23725834797891038,0.026362038664323375,0.1054481546572935,0.026362038664323375,0.1054481546572935,5.0,3.0,4.0,6.0,3.0,3.0,5.0,1.0,2.0,0,0.0,0,0.0011,0.0,0.0,0.0,0.07908611599297014,1.0,3.0,0.40244243
0022401204,1610612745,Houston,Rockets,HOU,rockets,1631095,Jabari,Smith Jr.,J. Smith Jr.,jabari-smith-jr,F,,,37:56,37.93333333333333,6,11,0.545,3,8,0.375,0,0,0.0,0,1,1,1,0,2,1,1,15,-1.0,0022401204,Jabari Smith Jr.,jabari smith jr,,,2024-12-11,2,0.39543057996485065,0.0,0.026362038664323375,0.026362038664323375,0.05272407732864675,2.0,5.0,7.0,6.0,6.0,1.0,5.0,1.0,1.0,0,0.0,0,0.00146,0.0,0.0,0.0,0.05272407732864675,5.0,6.0,0.6294919
0022401204,1610612745,Houston,Rockets,HOU,rockets,1630578,Alperen,Sengun,A. Sengun,alperen-sengun,C,,,31:38,31.633333333333333,10,18,0.556,0,1,0.0,6,7,0.857,3,8,11,5,3,0,4,0,26,-4.0,0022401204,Alperen Sengun,alperen sengun,,,2024-12-11,3,0.8219178082191781,0.09483667017913594,0.34773445732349845,0.15806111696522657,0.18967334035827188,1.0,1.0,1.0,2.0,1.0,4.0,7.0,4.0,6.0,0,0.0,0,0.0034200000000000003,0.1,29.231218941829873,0.09965800000000001,0.09483667017913594,1.0,1.0,0.82898766
0022401204,1610612745,Houston,Rockets,HOU,rockets,1630224,Jalen,Green,J. Green,jalen-green,G,,,31:04,31.066666666666666,5,15,0.333,0,4,0.0,2,2,1.0,0,4,4,3,3,0,5,1,12,3.0,0022401204,Jalen Green,jalen green,,,2024-12-11,3,0.38626609442060084,0.0,0.12875536480686695,0.09656652360515021,0.09656652360515021,3.0,5.0,4.0,3.0,1.0,4.0,3.0,5.0,3.0,0,0.0,0,0.00292,9.6,3286.5457035261898,9.571968,0.09656652360515021,1.0,4.0,0.13303824
0022401204,1610612745,Houston,Rockets,HOU,rockets,1627832,Fred,VanVleet,F. VanVleet,fred-vanvleet,G,,,36:05,36.083333333333336,3,13,0.231,2,9,0.222,0,0,0.0,0,2,2,7,0,0,4,3,8,-5.0,0022401204,Fred VanVleet,fred vanvleet,,,2024-12-11,0,0.22170900692840645,0.0,0.05542725173210161,0.19399538106235564,0.0,7.0,5.0,6.0,1.0,6.0,4.0,8.0,3.0,1.0,0,0.0,0,0.00218,-5.9,-2705.18110958276,-5.887138,0.0,7.0,8.0,0.054202642
0022401204,1610612745,Houston,Rockets,HOU,rockets,1641708,Amen,Thompson,A. Thompson,amen-thompson,,,,29:13,29.216666666666665,5,7,0.714,0,0,0.0,0,0,0.0,2,4,6,3,1,2,1,1,10,6.0,0022401204,Amen Thompson,amen thompson,,,2024-12-11,3,0.3422703936109527,0.06845407872219053,0.2053622361665716,0.1026811180832858,0.17113519680547634,4.0,2.0,3.0,3.0,4.0,1.0,1.0,6.0,3.0,0,0.0,0,0.00131,16.4,12509.534706331046,16.378515999999998,0.1026811180832858,1.0,2.0,0.8012272
0022401204,1610612745,Houston,Rockets,HOU,rockets,1631106,Tari,Eason,T. Eason,tari-eason,,,,24:29,24.483333333333334,4,7,0.571,1,1,1.0,0,0,0.0,1,6,7,1,0,0,0,3,9,4.0,0022401204,Tari Eason,tari eason,,,2024-12-11,0,0.36759700476514634,0.04084411164057181,0.2859087814840027,0.04084411164057181,0.04084411164057181,5.0,3.0,2.0,6.0,6.0,4.0,2.0,7.0,1.0,0,0.0,0,0.00135,13.0,9622.501850481125,12.98245,0.0,7.0,7.0,0.43014577
0022401204,1610612745,Houston,Rockets,HOU,rockets,1628988,Aaron,Holiday,A. Holiday,aaron-holiday,,,,11:41,11.683333333333334,1,4,0.25,0,2,0.0,0,0,0.0,0,1,1,2,1,0,0,1,2,3.0,0022401204,Aaron Holiday,aaron holiday,,,2024-12-11,1,0.17118402282453637,0.0,0.08559201141226819,0.17118402282453637,0.08559201141226819,8.0,5.0,7.0,5.0,4.0,4.0,3.0,8.0,1.0,0,0.0,0,0.00154,22.2,14406.229720960417,22.165812,0.08559201141226819,6.0,5.0,0.015532707
0022401230,1610612745,Houston,Rockets,HOU,rockets,1628415,Dillon,Brooks,D. Brooks,dillon-brooks,F,,,33:11,33.18333333333333,5,17,0.294,4,13,0.308,0,0,0.0,2,3,5,2,0,0,0,5,14,-5.0,0022401230,Dillon Brooks,dillon brooks,,,2024-12-14,0,0.4218985434455048,0.06027122049221497,0.15067805123053743,0.06027122049221497,0.06027122049221497,2.0,5.0,6.0,3.0,5.0,4.0,3.0,4.0,0.0,0,0.0,0,0.00185,-8.5,-4592.112371690978,-8.484275,0.0,7.0,6.0,0.16390836
0022401230,1610612745,Houston,Rockets,HOU,rockets,1631095,Jabari,Smith Jr.,J. Smith Jr.,jabari-smith-jr,F,,,39:34,39.56666666666667,3,8,0.375,2,4,0.5,6,7,0.857,3,3,6,3,1,1,3,2,14,-15.0,0022401230,Jabari Smith Jr.,jabari smith jr,,,2024-12-14,2,0.3538331929233361,0.07582139848357203,0.15164279696714406,0.07582139848357203,0.12636899747262004,2.0,3.0,4.0,2.0,3.0,1.0,8.0,2.0,0.0,0,0.0,0,0.00146,-20.0,-13689.253935660508,-19.9708,0.050547598989048016,2.0,4.0,0.36937478
0022401230,1610612745,Houston,Rockets,HOU,rockets,1630578,Alperen,Sengun,A. Sengun,alperen-sengun,C,,,32:36,32.6,6,16,0.375,1,2,0.5,0,1,0.0,5,6,11,2,2,0,4,5,13,-5.0,0022401230,Alperen Sengun,alperen sengun,,,2024-12-14,2,0.3987730061349693,0.15337423312883436,0.3374233128834356,0.06134969325153374,0.21472392638036808,4.0,1.0,1.0,3.0,2.0,4.0,3.0,5.0,6.0,0,0.0,0,0.0022500000000000003,-8.4,-3731.6748111950237,-8.3811,0.06134969325153374,2.0,3.0,0.24399254
0022401230,1610612745,Houston,Rockets,HOU,rockets,1630224,Jalen,Green,J. Green,jalen-green,G,,,34:07,34.11666666666667,5,14,0.357,1,8,0.125,1,1,1.0,0,3,3,2,0,1,3,2,12,-16.0,0022401230,Jalen Green,jalen green,,,2024-12-14,1,0.3517342452369321,0.0,0.08793356130923302,0.05862237420615535,0.029311187103077674,5.0,7.0,7.0,3.0,5.0,1.0,9.0,3.0,1.0,0,0.0,0,0.00198,-23.4,-11812.216052498736,-23.353668,0.029311187103077674,4.0,8.0,0.1871977
0022401230,1610612745,Houston,Rockets,HOU,rockets,1627832,Fred,VanVleet,F. VanVleet,fred-vanvleet,G,,,41:42,41.7,3,15,0.2,1,11,0.091,1,3,0.333,2,7,9,7,1,0,1,2,8,-6.0,0022401230,Fred VanVleet,fred vanvleet,,,2024-12-14,1,0.19184652278177458,0.047961630695443645,0.2158273381294964,0.16786570743405274,0.07194244604316546,7.0,5.0,2.0,1.0,3.0,4.0,5.0,1.0,2.0,0,0.0,0,0.00153,-9.3,-6074.4611365120845,-9.285771,0.023980815347721823,4.0,5.0,0.06846845
0022401230,1610612745,Houston,Rockets,HOU,rockets,1641708,Amen,Thompson,A. Thompson,amen-thompson,,,,29:41,29.683333333333334,9,15,0.6,0,1,0.0,1,3,0.333,4,3,7,1,3,0,4,3,19,-14.0,0022401230,Amen Thompson,amen thompson,,,2024-12-14,3,0.6400898371701291,0.13475575519371139,0.23582257158899494,0.033688938798427846,0.23582257158899494,1.0,2.0,3.0,6.0,1.0,4.0,7.0,6.0,2.0,0,0.0,0,0.00263,-17.8,-6765.4884074496385,-17.753186,0.10106681639528355,1.0,2.0,0.8273581
0022401230,1610612745,Houston,Rockets,HOU,rockets,203500,Steven,Adams,S. Adams,steven-adams,,,,6:19,6.316666666666666,1,2,0.5,0,0,0.0,2,4,0.5,3,3,6,0,0,0,1,0,4,-1.0,0022401230,Steven Adams,steven adams,,,2024-12-14,0,0.633245382585752,0.474934036939314,0.949868073878628,0.0,0.474934036939314,8.0,3.0,4.0,7.0,5.0,4.0,1.0,8.0,0.0,0,0.0,0,0.0027800000000000004,1.1,395.5411722402013,1.096942,0.0,7.0,1.0,0.07688084
0022401230,1610612745,Houston,Rockets,HOU,rockets,1631106,Tari,Eason,T. Eason,tari-eason,,,,17:23,17.383333333333333,3,8,0.375,2,6,0.333,4,6,0.667,0,2,2,0,0,1,0,4,12,-12.0,0022401230,Tari Eason,tari eason,,,2024-12-14,1,0.6903163950143816,0.0,0.11505273250239693,0.0,0.05752636625119847,5.0,7.0,8.0,7.0,5.0,1.0,6.0,7.0,0.0,0,0.0,0,0.0025,-31.6,-12634.946021591362,-31.521000000000004,0.05752636625119847,4.0,7.0,0.14165498
0022401230,1610612745,Houston,Rockets,HOU,rockets,1628988,Aaron,Holiday,A. Holiday,aaron-holiday,,,,5:27,5.45,0,1,0.0,0,1,0.0,0,0,0.0,0,0,0,0,0,0,0,2,0,-1.0,0022401230,Aaron Holiday,aaron holiday,,,2024-12-14,0,0.0,0.0,0.0,0.0,0.0,9.0,7.0,9.0,7.0,5.0,4.0,1.0,9.0,0.0,0,0.0,0,0.00077,0.0,0.0,0.0,0.0,7.0,9.0,0.004216517
0022400365,1610612745,Houston,Rockets,HOU,rockets,1628415,Dillon,Brooks,D. Brooks,dillon-brooks,F,,,33:42,33.7,10,16,0.625,6,10,0.6,0,0,0.0,1,6,7,2,1,0,1,3,26,22.0,0022400365,Dillon Brooks,dillon brooks,,,2024-12-19,1,0.7715133531157269,0.029673590504451036,0.20771513353115725,0.05934718100890207,0.05934718100890207,2.0,1.0,2.0,6.0,2.0,5.0,3.0,3.0,0.0,0,0.0,0,0.00213,33.5,15720.319099014547,33.428645,0.029673590504451036,4.0,7.0,0.82139885
0022400365,1610612745,Houston,Rockets,HOU,rockets,1631095,Jabari,Smith Jr.,J. Smith Jr.,jabari-smith-jr,F,,,31:58,31.966666666666665,6,11,0.545,3,6,0.5,0,0,0.0,1,1,2,5,1,0,0,1,15,19.0,0022400365,Jabari Smith Jr.,jabari smith jr,,,2024-12-19,1,0.46923879040667366,0.03128258602711158,0.06256517205422316,0.15641293013555788,0.06256517205422316,4.0,1.0,8.0,3.0,2.0,5.0,4.0,5.0,3.0,0,0.0,0,0.00147,29.5,20054.38477226377,29.456635000000002,0.03128258602711158,4.0,5.0,0.75409806
0022400365,1610612745,Houston,Rockets,HOU,rockets,1630578,Alperen,Sengun,A. Sengun,alperen-sengun,C,,,34:08,34.13333333333333,10,14,0.714,0,1,0.0,3,4,0.75,0,9,9,7,0,1,0,3,23,25.0,0022400365,Alperen Sengun,alperen sengun,,,2024-12-19,1,0.673828125,0.0,0.263671875,0.205078125,0.029296875,3.0,7.0,1.0,2.0,7.0,3.0,1.0,2.0,1.0,0,0.0,0,0.00208,37.7,18116.290245074484,37.621584000000006,0.029296875,4.0,8.0,0.8168542
0022400365,1610612745,Houston,Rockets,HOU,rockets,1630224,Jalen,Green,J. Green,jalen-green,G,,,32:27,32.45,13,22,0.591,4,10,0.4,4,5,0.8,1,5,6,3,1,0,3,4,34,15.0,0022400365,Jalen Green,jalen green,,,2024-12-19,1,1.0477657935285054,0.03081664098613251,0.18489984591679506,0.09244992295839753,0.06163328197226502,1.0,1.0,3.0,5.0,2.0,5.0,5.0,4.0,2.0,0,0.0,0,0.00365,23.7,6491.372226787181,23.613494999999997,0.03081664098613251,4.0,6.0,0.8345394
0022400365,1610612745,Houston,Rockets,HOU,rockets,1627832,Fred,VanVleet,F. VanVleet,fred-vanvleet,G,,,35:01,35.016666666666666,3,8,0.375,2,7,0.286,5,6,0.833,1,1,2,9,2,2,2,0,13,25.0,0022400365,Fred VanVleet,fred vanvleet,,,2024-12-19,4,0.37125178486435034,0.028557829604950024,0.05711565920990005,0.25702046644455023,0.14278914802475012,5.0,1.0,8.0,1.0,1.0,1.0,1.0,1.0,3.0,0,0.0,0,0.00167,36.1,21603.830041891084,36.039713000000006,0.1142313184198001,1.0,3.0,0.503684
0022400365,1610612745,Houston,Rockets,HOU,rockets,1641708,Amen,Thompson,A. Thompson,amen-thompson,,,,23:55,23.916666666666668,1,3,0.333,0,0,0.0,2,2,1.0,0,4,4,5,0,2,2,4,4,1.0,0022400365,Amen Thompson,amen thompson,,,2024-12-19,2,0.16724738675958187,0.0,0.16724738675958187,0.20905923344947736,0.08362369337979093,7.0,7.0,4.0,3.0,7.0,1.0,7.0,6.0,0.0,0,0.0,0,0.00109,4.3,3941.3382218148486,4.295312999999999,0.08362369337979093,2.0,4.0,0.024797602
0022400365,1610612745,Houston,Rockets,HOU,rockets,203500,Steven,Adams,S. Adams,steven-adams,,,,10:19,10.316666666666666,1,1,1.0,0,0,0.0,0,0,0.0,1,3,4,1,1,0,2,0,2,-7.0,0022400365,Steven Adams,steven adams,,,2024-12-19,1,0.1938610662358643,0.09693053311793215,0.3877221324717286,0.09693053311793215,0.1938610662358643,9.0,1.0,4.0,7.0,2.0,5.0,12.0,9.0,1.0,0,0.0,0,0.00125,-24.5,-19584.33253397282,-24.469375,0.09693053311793215,4.0,2.0,0.01228935
0022400365,1610612745,Houston,Rockets,HOU,rockets,1628988,Aaron,Holiday,A. Holiday,aaron-holiday,,,,15:48,15.8,3,5,0.6,2,3,0.667,2,2,1.0,0,3,3,1,0,0,0,3,10,-1.0,0022400365,Aaron Holiday,aaron holiday,,,2024-12-19,0,0.6329113924050632,0.0,0.18987341772151897,0.06329113924050632,0.0,6.0,7.0,6.0,7.0,7.0,5.0,10.0,7.0,0.0,0,0.0,0,0.0017599999999999998,0.4,227.14366837024423,0.39929600000000004,0.0,9.0,9.0,0.13333213
0022400365,1610612745,Houston,Rockets,HOU,rockets,1642263,Reed,Sheppard,R. Sheppard,reed-sheppard,,,,15:13,15.216666666666667,1,4,0.25,0,1,0.0,0,0,0.0,1,2,3,0,1,1,1,1,2,-3.0,0022400365,Reed Sheppard,reed sheppard,,,2024-12-19,2,0.13143483023001096,0.06571741511500548,0.19715224534501644,0.0,0.19715224534501644,9.0,1.0,6.0,10.0,2.0,3.0,11.0,8.0,3.0,0,0.0,0,0.00135,-12.7,-9400.444115470022,-12.682855,0.13143483023001096,2.0,1.0,0.02016016
0022400365,1610612745,Houston,Rockets,HOU,rockets,1641715,Cam,Whitmore,C. Whitmore,cam-whitmore,,,,3:23,3.3833333333333333,2,2,1.0,0,0,0.0,0,0,0.0,0,1,1,0,0,0,0,0,4,2.0,0022400365,Cam Whitmore,cam whitmore,,,2024-12-19,0,1.1822660098522169,0.0,0.2955665024630542,0.0,0.0,7.0,7.0,10.0,10.0,7.0,5.0,6.0,10.0,,1,,1,0.0025,25.0,9996.001599360256,24.9375,0.0,9.0,9.0,0.08859562
0022400365,1610612745,Houston,Rockets,HOU,rockets,1629111,Jock,Landale,J. Landale,jock-landale,,,,2:03,2.05,0,0,0.0,0,0,0.0,0,0,0.0,0,1,1,0,0,0,0,0,0,1.0,0022400365,Jock Landale,jock landale,,,2024-12-19,0,0.0,0.0,0.48780487804878053,0.0,0.0,11.0,7.0,10.0,10.0,7.0,5.0,7.0,11.0,0.0,0,0.0,0,0.0,-10.0,-10000000.0,-10.0,0.0,9.0,9.0,0.0057794102
0022400365,1610612745,Houston,Rockets,HOU,rockets,1630256,Jae'Sean,Tate,J. Tate,jaesean-tate,,,,2:03,2.05,0,1,0.0,0,1,0.0,0,0,0.0,0,0,0,1,0,0,0,1,0,1.0,0022400365,Jae'Sean Tate,jae'sean tate,,,2024-12-19,0,0.0,0.0,0.0,0.48780487804878053,0.0,11.0,7.0,12.0,7.0,7.0,5.0,7.0,11.0,,1,,1,0.002,-10.0,-4997.501249375312,-9.98,0.0,9.0,9.0,0.0031270476
0022400388,1610612745,Houston,Rockets,HOU,rockets,1628415,Dillon,Brooks,D. Brooks,dillon-brooks,F,,,36:60,37.0,6,12,0.5,2,7,0.286,13,14,0.929,2,4,6,2,3,0,6,4,27,-7.0,0022400388,Dillon Brooks,dillon brooks,,,2024-12-22,3,0.7297297297297297,0.05405405405405406,0.16216216216216217,0.05405405405405406,0.13513513513513514,1.0,4.0,5.0,3.0,1.0,3.0,9.0,3.0,5.0,0,0.0,0,0.00269,-4.6,-1709.401709401709,-4.587626,0.08108108108108109,3.0,5.0,0.7835241
0022400388,1610612745,Houston,Rockets,HOU,rockets,1631095,Jabari,Smith Jr.,J. Smith Jr.,jabari-smith-jr,F,,,37:03,37.05,4,9,0.444,1,3,0.333,6,6,1.0,3,6,9,0,1,4,3,2,15,10.0,0022400388,Jabari Smith Jr.,jabari smith jr,,,2024-12-22,5,0.40485829959514175,0.08097165991902834,0.24291497975708504,0.0,0.21592442645074225,4.0,1.0,2.0,8.0,5.0,1.0,3.0,2.0,4.0,0,0.0,0,0.0015199999999999999,13.3,8744.247205785668,13.279784000000001,0.1349527665317139,1.0,3.0,0.7543673
0022400388,1610612745,Houston,Rockets,HOU,rockets,1630578,Alperen,Sengun,A. Sengun,alperen-sengun,C,,,32:39,32.65,7,14,0.5,0,2,0.0,3,5,0.6,3,7,10,5,3,2,5,2,17,4.0,0022400388,Alperen Sengun,alperen sengun,,,2024-12-22,5,0.5206738131699847,0.09188361408882083,0.3062787136294028,0.1531393568147014,0.2450229709035222,3.0,1.0,1.0,1.0,1.0,2.0,5.0,5.0,4.0,0,0.0,0,0.00244,4.1,1679.6394920114706,4.089995999999999,0.1531393568147014,1.0,2.0,0.80948806
0022400388,1610612745,Houston,Rockets,HOU,rockets,1630224,Jalen,Green,J. Green,jalen-green,G,,,33:35,33.583333333333336,9,20,0.45,2,8,0.25,2,3,0.667,1,6,7,2,0,0,2,0,22,-3.0,0022400388,Jalen Green,jalen green,,,2024-12-22,0,0.6550868486352357,0.029776674937965257,0.20843672456575682,0.059553349875930514,0.029776674937965257,2.0,8.0,4.0,3.0,7.0,3.0,6.0,4.0,1.0,0,0.0,0,0.00267,-2.6,-973.4181954324223,-2.593058,0.0,7.0,8.0,0.66699713
0022400388,1610612745,Houston,Rockets,HOU,rockets,1627832,Fred,VanVleet,F. VanVleet,fred-vanvleet,G,,,37:30,37.5,1,10,0.1,0,5,0.0,0,0,0.0,2,6,8,5,2,0,1,2,2,-5.0,0022400388,Fred VanVleet,fred vanvleet,,,2024-12-22,2,0.05333333333333334,0.05333333333333334,0.21333333333333335,0.13333333333333333,0.10666666666666667,9.0,4.0,3.0,1.0,3.0,3.0,8.0,1.0,6.0,0,0.0,0,0.00115,-2.0,-1737.619461337967,-1.9977,0.05333333333333334,4.0,7.0,0.0466081
0022400388,1610612745,Houston,Rockets,HOU,rockets,1629111,Jock,Landale,J. Landale,jock-landale,,,,3:22,3.3666666666666667,0,0,0.0,0,0,0.0,0,0,0.0,0,0,0,0,0,0,0,0,0,-10.0,0022400388,Jock Landale,jock landale,,,2024-12-22,0,0.0,0.0,0.0,0.0,0.0,10.0,9.0,10.0,8.0,7.0,3.0,10.0,10.0,0.0,0,0.0,0,0.0,-116.1,-116100000.0,-116.1,0.0,7.0,9.0,0.0028729213
0022400388,1610612745,Houston,Rockets,HOU,rockets,1641708,Amen,Thompson,A. Thompson,amen-thompson,,,,23:07,23.116666666666667,4,7,0.571,0,0,0.0,2,3,0.667,3,2,5,2,0,0,2,1,10,7.0,0022400388,Amen Thompson,amen thompson,,,2024-12-22,0,0.43258832011535686,0.12977649603460706,0.21629416005767843,0.08651766402307137,0.12977649603460706,6.0,1.0,6.0,3.0,7.0,3.0,4.0,6.0,5.0,0,0.0,0,0.00159,18.5,11627.906976744187,18.470585,0.0,7.0,6.0,0.37132207
0022400388,1610612745,Houston,Rockets,HOU,rockets,1641715,Cam,Whitmore,C. Whitmore,cam-whitmore,,,,14:20,14.333333333333334,5,10,0.5,1,2,0.5,0,0,0.0,2,2,4,1,1,0,1,0,11,13.0,0022400388,Cam Whitmore,cam whitmore,,,2024-12-22,1,0.7674418604651162,0.13953488372093023,0.27906976744186046,0.06976744186046512,0.20930232558139533,5.0,4.0,7.0,6.0,5.0,3.0,2.0,8.0,2.0,0,0.0,0,0.0028899999999999998,39.4,13628.50224835697,39.286134000000004,0.06976744186046512,6.0,4.0,0.80023414
0022400388,1610612745,Houston,Rockets,HOU,rockets,1642263,Reed,Sheppard,R. Sheppard,reed-sheppard,,,,6:12,6.2,1,1,1.0,1,1,1.0,0,0,0.0,0,2,2,0,0,0,1,0,3,-3.0,0022400388,Reed Sheppard,reed sheppard,,,2024-12-22,0,0.48387096774193544,0.0,0.3225806451612903,0.0,0.0,8.0,9.0,8.0,8.0,7.0,3.0,6.0,9.0,0.0,0,0.0,0,0.00125,-27.6,-22062.35011990408,-27.565500000000004,0.0,7.0,9.0,0.010384031
0022400388,1610612745,Houston,Rockets,HOU,rockets,1630256,Jae'Sean,Tate,J. Tate,jaesean-tate,,,,15:12,15.2,3,6,0.5,0,0,0.0,1,2,0.5,2,0,2,1,2,0,0,3,7,14.0,0022400388,Jae'Sean Tate,jae'sean tate,,,2024-12-22,2,0.46052631578947373,0.13157894736842105,0.13157894736842105,0.06578947368421052,0.2631578947368421,7.0,4.0,8.0,6.0,3.0,3.0,1.0,7.0,5.0,0,0.0,0,0.00167,49.1,29383.6026331538,49.01800300000001,0.13157894736842105,4.0,1.0,0.45691058
0022400391,1610612745,Houston,Rockets,HOU,rockets,1641708,Amen,Thompson,A. Thompson,amen-thompson,F,,,38:02,38.03333333333333,8,16,0.5,2,6,0.333,1,1,1.0,5,6,11,3,1,3,2,0,19,17.0,0022400391,Amen Thompson,amen thompson,,,2024-12-23,4,0.4995617879053462,0.13146362839614373,0.2892199824715162,0.07887817703768625,0.23663453111305874,3.0,1.0,1.0,3.0,2.0,1.0,2.0,1.0,3.0,0,0.0,0,0.00184,17.2,9342.748506246606,17.168352,0.105170902716915,1.0,2.0,0.9036381
0022400391,1610612745,Houston,Rockets,HOU,rockets,1631095,Jabari,Smith Jr.,J. Smith Jr.,jabari-smith-jr,F,,,34:35,34.583333333333336,7,14,0.5,2,5,0.4,5,6,0.833,3,8,11,2,0,0,1,1,21,25.0,0022400391,Jabari Smith Jr.,jabari smith jr,,,2024-12-23,0,0.6072289156626506,0.08674698795180723,0.3180722891566265,0.057831325301204814,0.08674698795180723,1.0,4.0,1.0,5.0,4.0,7.0,1.0,2.0,2.0,0,0.0,0,0.00202,33.5,16575.95249876299,33.43233,0.0,7.0,7.0,0.7995279
0022400391,1610612745,Houston,Rockets,HOU,rockets,1630578,Alperen,Sengun,A. Sengun,alperen-sengun,C,,,26:49,26.816666666666666,5,11,0.455,1,2,0.5,5,5,1.0,4,4,8,4,0,1,1,2,16,10.0,0022400391,Alperen Sengun,alperen sengun,,,2024-12-23,1,0.5966438781852083,0.14916096954630206,0.2983219390926041,0.14916096954630206,0.18645121193287756,5.0,2.0,3.0,2.0,4.0,2.0,5.0,5.0,1.0,0,0.0,0,0.002,18.2,9095.452273863068,18.1636,0.037290242386575516,4.0,5.0,0.7164298
0022400391,1610612745,Houston,Rockets,HOU,rockets,1630224,Jalen,Green,J. Green,jalen-green,G,,,24:17,24.283333333333335,3,8,0.375,0,3,0.0,0,0,0.0,0,2,2,1,0,0,0,1,6,10.0,0022400391,Jalen Green,jalen green,,,2024-12-23,0,0.24708304735758407,0.0,0.08236101578586136,0.04118050789293068,0.0,6.0,8.0,8.0,8.0,4.0,7.0,5.0,6.0,0.0,0,0.0,0,0.00136,23.6,17340.19103600294,23.567904000000002,0.0,7.0,9.0,0.046592373
0022400391,1610612745,Houston,Rockets,HOU,rockets,1627832,Fred,VanVleet,F. VanVleet,fred-vanvleet,G,,,29:06,29.1,8,16,0.5,3,8,0.375,1,1,1.0,0,5,5,6,0,1,2,2,20,16.0,0022400391,Fred VanVleet,fred vanvleet,,,2024-12-23,1,0.6872852233676976,0.0,0.1718213058419244,0.20618556701030927,0.034364261168384876,2.0,8.0,6.0,1.0,4.0,2.0,3.0,3.0,0.0,0,0.0,0,0.00261,28.1,10762.160091918806,28.026659000000002,0.034364261168384876,4.0,8.0,0.6865617
0022400391,1610612745,Houston,Rockets,HOU,rockets,1630256,Jae'Sean,Tate,J. Tate,jaesean-tate,,,,14:43,14.716666666666667,1,2,0.5,1,2,0.5,3,4,0.75,0,1,1,2,0,0,0,3,6,11.0,0022400391,Jae'Sean Tate,jae'sean tate,,,2024-12-23,0,0.40770101925254815,0.0,0.06795016987542468,0.13590033975084936,0.0,6.0,8.0,9.0,5.0,4.0,7.0,4.0,8.0,2.0,0,0.0,0,0.00121,36.4,30057.803468208094,36.355956,0.0,7.0,9.0,0.039502706
0022400391,1610612745,Houston,Rockets,HOU,rockets,203500,Steven,Adams,S. Adams,steven-adams,,,,11:35,11.583333333333334,1,1,1.0,0,0,0.0,0,2,0.0,4,4,8,3,0,1,0,2,2,4.0,0022400391,Steven Adams,steven adams,,,2024-12-23,1,0.1726618705035971,0.3453237410071942,0.6906474820143884,0.2589928057553957,0.4316546762589928,10.0,2.0,3.0,3.0,4.0,2.0,7.0,9.0,0.0,0,0.0,0,0.00077,18.2,23605.706874189364,18.185986,0.08633093525179855,4.0,1.0,0.33459213
0022400391,1610612745,Houston,Rockets,HOU,rockets,1641715,Cam,Whitmore,C. Whitmore,cam-whitmore,,,,27:07,27.116666666666667,7,16,0.438,3,8,0.375,0,0,0.0,3,5,8,0,2,1,4,1,17,1.0,0022400391,Cam Whitmore,cam whitmore,,,2024-12-23,3,0.6269207129686539,0.11063306699446834,0.2950215119852489,0.0,0.2212661339889367,4.0,4.0,3.0,9.0,1.0,2.0,8.0,4.0,3.0,0,0.0,0,0.0028199999999999996,0.0,0.0,0.0,0.11063306699446834,2.0,3.0,0.5685505
0022400391,1610612745,Houston,Rockets,HOU,rockets,1642263,Reed,Sheppard,R. Sheppard,reed-sheppard,,,,18:54,18.9,1,7,0.143,1,6,0.167,0,0,0.0,1,3,4,2,1,1,0,3,3,-3.0,0022400391,Reed Sheppard,reed sheppard,,,2024-12-23,2,0.15873015873015875,0.052910052910052914,0.21164021164021166,0.10582010582010583,0.15873015873015875,9.0,6.0,7.0,5.0,2.0,2.0,9.0,7.0,3.0,0,0.0,0,0.00132,-9.7,-7342.922028766086,-9.687196,0.10582010582010583,3.0,6.0,0.014578735
0022400391,1610612745,Houston,Rockets,HOU,rockets,201145,Jeff,Green,J. Green,jeff-green,,,,6:34,6.566666666666666,0,2,0.0,0,1,0.0,0,0,0.0,0,1,1,0,0,0,0,1,0,-14.0,0022400391,Jeff Green,jeff green,,,2024-12-23,0,0.0,0.0,0.15228426395939088,0.0,0.0,11.0,8.0,9.0,9.0,4.0,7.0,12.0,10.0,0.0,0,0.0,0,0.00105,-93.3,-88772.59752616557,-93.202035,0.0,7.0,9.0,0.0024835924
0022400391,1610612745,Houston,Rockets,HOU,rockets,1629111,Jock,Landale,J. Landale,jock-landale,,,,5:16,5.266666666666667,0,2,0.0,0,0,0.0,0,0,0.0,1,0,1,0,0,0,0,0,0,-8.0,0022400391,Jock Landale,jock landale,,,2024-12-23,0,0.0,0.189873417721519,0.189873417721519,0.0,0.189873417721519,11.0,6.0,9.0,9.0,4.0,7.0,11.0,11.0,0.0,0,0.0,0,0.0011799999999999998,-70.5,-59695.17358171043,-70.41681,0.0,7.0,4.0,0.002914831
0022400391,1610612745,Houston,Rockets,HOU,rockets,1628988,Aaron,Holiday,A. Holiday,aaron-holiday,,,,3:02,3.033333333333333,2,4,0.5,0,1,0.0,0,0,0.0,0,0,0,0,0,0,1,0,4,-4.0,0022400391,Aaron Holiday,aaron holiday,,,2024-12-23,0,1.3186813186813187,0.0,0.0,0.0,0.0,8.0,8.0,12.0,9.0,4.0,7.0,10.0,12.0,,1,,1,0.005,-50.0,-9998.000399920016,-49.75,0.0,7.0,9.0,0.038802158
0022400416,1610612745,Houston,Rockets,HOU,rockets,1641708,Amen,Thompson,A. Thompson,amen-thompson,F,,,30:36,30.6,4,8,0.5,0,3,0.0,1,2,0.5,6,4,10,3,1,5,3,0,9,22.0,0022400416,Amen Thompson,amen thompson,,,2024-12-26,6,0.29411764705882354,0.19607843137254902,0.32679738562091504,0.09803921568627451,0.39215686274509803,6.0,1.0,2.0,3.0,2.0,1.0,3.0,1.0,6.0,0,0.0,0,0.0014000000000000002,27.7,19771.591720199856,27.66122,0.19607843137254902,1.0,1.0,0.76495796
0022400416,1610612745,Houston,Rockets,HOU,rockets,1631095,Jabari,Smith Jr.,J. Smith Jr.,jabari-smith-jr,F,,,28:19,28.316666666666666,1,7,0.143,0,3,0.0,4,4,1.0,2,4,6,0,0,1,2,3,6,6.0,0022400416,Jabari Smith Jr.,jabari smith jr,,,2024-12-26,1,0.21188934667451442,0.07062978222483814,0.21188934667451442,0.0,0.10594467333725721,7.0,4.0,3.0,8.0,7.0,2.0,8.0,3.0,3.0,0,0.0,0,0.00147,10.0,6798.096532970769,9.9853,0.03531489111241907,4.0,8.0,0.046323985
0022400416,1610612745,Houston,Rockets,HOU,rockets,1630578,Alperen,Sengun,A. Sengun,alperen-sengun,C,,,25:10,25.166666666666668,5,11,0.455,0,2,0.0,0,0,0.0,3,10,13,6,0,0,3,2,10,19.0,0022400416,Alperen Sengun,alperen sengun,,,2024-12-26,0,0.3973509933774834,0.11920529801324503,0.5165562913907285,0.23841059602649006,0.11920529801324503,4.0,3.0,1.0,1.0,7.0,6.0,4.0,6.0,1.0,0,0.0,0,0.00197,30.0,15220.700152207,29.9409,0.0,10.0,4.0,0.6161718
0022400416,1610612745,Houston,Rockets,HOU,rockets,1630224,Jalen,Green,J. Green,jalen-green,G,,,29:36,29.6,12,21,0.571,6,11,0.545,0,0,0.0,0,2,2,2,2,0,0,1,30,30.0,0022400416,Jalen Green,jalen green,,,2024-12-26,2,1.0135135135135134,0.0,0.06756756756756756,0.06756756756756756,0.06756756756756756,1.0,8.0,8.0,4.0,1.0,6.0,1.0,2.0,3.0,0,0.0,0,0.00266,45.3,17023.67531003382,45.179502,0.06756756756756756,2.0,11.0,0.6866338
0022400416,1610612745,Houston,Rockets,HOU,rockets,1627832,Fred,VanVleet,F. VanVleet,fred-vanvleet,G,,,25:43,25.716666666666665,8,15,0.533,7,12,0.583,2,2,1.0,4,2,6,4,1,0,2,2,25,14.0,0022400416,Fred VanVleet,fred vanvleet,,,2024-12-26,1,0.9721322099805574,0.1555411535968892,0.2333117303953338,0.1555411535968892,0.19442644199611148,3.0,2.0,3.0,2.0,2.0,6.0,5.0,5.0,1.0,0,0.0,0,0.0027300000000000002,25.5,9337.239106554374,25.430385,0.0388852883992223,4.0,3.0,0.8191983
0022400416,1610612745,Houston,Rockets,HOU,rockets,203500,Steven,Adams,S. Adams,steven-adams,,,,10:48,10.8,1,1,1.0,0,0,0.0,0,1,0.0,0,5,5,0,0,1,1,1,2,9.0,0022400416,Steven Adams,steven adams,,,2024-12-26,1,0.18518518518518517,0.0,0.4629629629629629,0.0,0.09259259259259259,9.0,8.0,5.0,8.0,7.0,2.0,6.0,9.0,0.0,0,0.0,0,0.0006900000000000001,31.1,45007.23589001447,31.078541,0.09259259259259259,4.0,9.0,0.018686825
0022400416,1610612745,Houston,Rockets,HOU,rockets,1630256,Jae'Sean,Tate,J. Tate,jaesean-tate,,,,17:28,17.466666666666665,4,6,0.667,0,1,0.0,2,2,1.0,0,2,2,0,0,0,1,2,10,23.0,0022400416,Jae'Sean Tate,jae'sean tate,,,2024-12-26,0,0.5725190839694657,0.0,0.11450381679389314,0.0,0.0,4.0,8.0,8.0,8.0,7.0,6.0,2.0,8.0,1.0,0,0.0,0,0.0016,54.6,34103.685196752034,54.51264,0.0,10.0,12.0,0.7134887
0022400416,1610612745,Houston,Rockets,HOU,rockets,1641715,Cam,Whitmore,C. Whitmore,cam-whitmore,,,,27:14,27.233333333333334,9,16,0.563,4,8,0.5,5,6,0.833,1,3,4,1,1,0,0,0,27,8.0,0022400416,Cam Whitmore,cam whitmore,,,2024-12-26,1,0.9914320685434517,0.03671970624235006,0.14687882496940025,0.03671970624235006,0.07343941248470012,2.0,5.0,6.0,6.0,2.0,6.0,7.0,4.0,2.0,0,0.0,0,0.0025,8.2,3278.6885245901635,8.179499999999999,0.03671970624235006,4.0,10.0,0.842157
0022400416,1610612745,Houston,Rockets,HOU,rockets,1642263,Reed,Sheppard,R. Sheppard,reed-sheppard,,,,18:24,18.4,0,8,0.0,0,4,0.0,1,2,0.5,1,3,4,2,1,0,0,1,1,-13.0,0022400416,Reed Sheppard,reed sheppard,,,2024-12-26,1,0.05434782608695653,0.05434782608695653,0.2173913043478261,0.10869565217391305,0.10869565217391305,11.0,5.0,6.0,4.0,2.0,6.0,12.0,7.0,3.0,0,0.0,0,0.00184,-34.6,-18794.13362303096,-34.536336000000006,0.05434782608695653,4.0,7.0,0.0048998087
0022400416,1610612745,Houston,Rockets,HOU,rockets,1629111,Jock,Landale,J. Landale,jock-landale,,,,8:54,8.9,0,1,0.0,0,1,0.0,0,0,0.0,0,0,0,0,0,1,3,1,0,-11.0,0022400416,Jock Landale,jock landale,,,2024-12-26,1,0.0,0.0,0.0,0.0,0.11235955056179775,12.0,8.0,11.0,8.0,7.0,2.0,9.0,10.0,0.0,0,0.0,0,0.00182,-55.0,-30203.185063152116,-54.899899999999995,0.11235955056179775,4.0,5.0,0.003445562
0022400416,1610612745,Houston,Rockets,HOU,rockets,1628988,Aaron,Holiday,A. Holiday,aaron-holiday,,,,8:54,8.9,0,0,0.0,0,0,0.0,2,2,1.0,0,0,0,1,1,1,0,0,2,-11.0,0022400416,Aaron Holiday,aaron holiday,,,2024-12-26,2,0.2247191011235955,0.0,0.0,0.11235955056179775,0.2247191011235955,9.0,8.0,11.0,6.0,2.0,2.0,9.0,10.0,1.0,0,0.0,0,0.00045,-55.0,-121951.21951219512,-54.97525,0.2247191011235955,2.0,2.0,0.00818853
0022400416,1610612745,Houston,Rockets,HOU,rockets,201145,Jeff,Green,J. Green,jeff-green,,,,8:54,8.9,2,3,0.667,1,2,0.5,1,2,0.5,1,1,2,0,0,0,0,1,6,-11.0,0022400416,Jeff Green,jeff green,,,2024-12-26,0,0.6741573033707865,0.11235955056179775,0.2247191011235955,0.0,0.11235955056179775,7.0,5.0,8.0,8.0,7.0,6.0,9.0,10.0,2.0,0,0.0,0,0.00182,-55.0,-30203.185063152116,-54.899899999999995,0.0,10.0,5.0,0.045361344
0022400422,1610612745,Houston,Rockets,HOU,rockets,1641708,Amen,Thompson,A. Thompson,amen-thompson,F,,,38:58,38.96666666666667,9,12,0.75,0,1,0.0,2,2,1.0,2,9,11,1,1,1,3,4,20,-4.0,0022400422,Amen Thompson,amen thompson,,,2024-12-27,2,0.5132591958939264,0.05132591958939264,0.2822925577416595,0.02566295979469632,0.10265183917878529,2.0,2.0,2.0,3.0,3.0,1.0,7.0,3.0,3.0,0,0.0,0,0.00165,-5.1,-3089.036947304664,-5.091584999999999,0.05132591958939264,1.0,5.0,0.84196174
0022400422,1610612745,Houston,Rockets,HOU,rockets,1631095,Jabari,Smith Jr.,J. Smith Jr.,jabari-smith-jr,F,,,42:32,42.53333333333333,5,12,0.417,2,8,0.25,0,0,0.0,2,4,6,1,0,1,1,1,12,4.0,0022400422,Jabari Smith Jr.,jabari smith jr,,,2024-12-27,1,0.2821316614420063,0.047021943573667714,0.14106583072100315,0.023510971786833857,0.07053291536050157,5.0,2.0,3.0,3.0,6.0,1.0,3.0,1.0,4.0,0,0.0,0,0.0013,6.3,4842.428900845503,6.29181,0.023510971786833857,4.0,6.0,0.4647312
0022400422,1610612745,Houston,Rockets,HOU,rockets,1630578,Alperen,Sengun,A. Sengun,alperen-sengun,C,,,40:51,40.85,16,25,0.64,0,1,0.0,6,10,0.6,8,4,12,1,1,0,2,4,38,-6.0,0022400422,Alperen Sengun,alperen sengun,,,2024-12-27,1,0.9302325581395349,0.19583843329253364,0.2937576499388005,0.024479804161566705,0.22031823745410037,1.0,1.0,1.0,3.0,3.0,4.0,8.0,2.0,3.0,0,1.0,0,0.0032,-4.5,-1405.8106841611996,-4.4856,0.024479804161566705,4.0,4.0,0.9182266
0022400422,1610612745,Houston,Rockets,HOU,rockets,1630224,Jalen,Green,J. Green,jalen-green,G,,,38:55,38.916666666666664,5,15,0.333,3,6,0.5,1,2,0.5,0,2,2,6,0,0,2,0,14,6.0,0022400422,Jalen Green,jalen green,,,2024-12-27,0,0.35974304068522484,0.0,0.051391862955032126,0.15417558886509636,0.0,4.0,7.0,7.0,2.0,6.0,4.0,1.0,4.0,0.0,0,0.0,0,0.00181,6.3,3478.741027056875,6.288597,0.0,8.0,8.0,0.44133937
0022400422,1610612745,Houston,Rockets,HOU,rockets,1627832,Fred,VanVleet,F. VanVleet,fred-vanvleet,G,,,38:33,38.55,6,16,0.375,5,10,0.5,1,3,0.333,1,5,6,7,0,1,3,2,18,0.0,0022400422,Fred VanVleet,fred vanvleet,,,2024-12-27,1,0.46692607003891057,0.02594033722438392,0.1556420233463035,0.18158236057068744,0.05188067444876784,3.0,5.0,3.0,1.0,6.0,1.0,5.0,5.0,3.0,0,0.0,0,0.00222,1.6,720.3962179198559,1.596448,0.02594033722438392,4.0,7.0,0.4763193
0022400422,1610612745,Houston,Rockets,HOU,rockets,1630256,Jae'Sean,Tate,J. Tate,jaesean-tate,,,,16:21,16.35,3,6,0.5,0,1,0.0,0,0,0.0,2,4,6,0,2,0,1,4,6,4.0,0022400422,Jae'Sean Tate,jae'sean tate,,,2024-12-27,2,0.36697247706422015,0.12232415902140671,0.36697247706422015,0.0,0.24464831804281342,6.0,2.0,3.0,9.0,1.0,4.0,3.0,6.0,5.0,0,1.0,0,0.0017499999999999998,11.8,6739.006282124502,11.77935,0.12232415902140671,1.0,3.0,0.45371708
0022400422,1610612745,Houston,Rockets,HOU,rockets,203500,Steven,Adams,S. Adams,steven-adams,,,,2:48,2.8,0,1,0.0,0,0,0.0,0,0,0.0,1,0,1,1,1,0,0,0,0,0.0,0022400422,Steven Adams,steven adams,,,2024-12-27,1,0.0,0.35714285714285715,0.35714285714285715,0.35714285714285715,0.7142857142857143,8.0,5.0,8.0,3.0,3.0,4.0,5.0,10.0,0.0,0,0.0,0,0.00125,0.0,0.0,0.0,0.35714285714285715,4.0,1.0,0.010741484
0022400422,1610612745,Houston,Rockets,HOU,rockets,1641715,Cam,Whitmore,C. Whitmore,cam-whitmore,,,,11:35,11.583333333333334,1,5,0.2,0,3,0.0,2,2,1.0,0,3,3,1,0,0,0,1,4,-8.0,0022400422,Cam Whitmore,cam whitmore,,,2024-12-27,0,0.3453237410071942,0.0,0.2589928057553957,0.08633093525179855,0.0,7.0,7.0,6.0,3.0,6.0,4.0,10.0,7.0,,1,,1,0.00214,-26.6,-12424.100887435778,-26.543076,0.0,8.0,8.0,0.011926216
0022400422,1610612745,Houston,Rockets,HOU,rockets,1642263,Reed,Sheppard,R. Sheppard,reed-sheppard,,,,4:06,4.1,0,0,0.0,0,0,0.0,0,0,0.0,0,0,0,0,0,0,1,0,0,-6.0,0022400422,Reed Sheppard,reed sheppard,,,2024-12-27,0,0.0,0.0,0.0,0.0,0.0,8.0,7.0,9.0,9.0,6.0,4.0,8.0,9.0,1.0,0,0.0,0,0.001,-78.9,-78821.17882117884,-78.8211,0.0,8.0,8.0,0.0022495857
0022400422,1610612745,Houston,Rockets,HOU,rockets,1628988,Aaron,Holiday,A. Holiday,aaron-holiday,,,,5:21,5.35,0,0,0.0,0,0,0.0,0,0,0.0,0,0,0,1,2,0,0,0,0,5.0,0022400422,Aaron Holiday,aaron holiday,,,2024-12-27,2,0.0,0.0,0.0,0.1869158878504673,0.3738317757009346,8.0,7.0,9.0,3.0,1.0,4.0,2.0,8.0,3.0,0,0.0,0,0.0,49.4,49400000.0,49.4,0.3738317757009346,1.0,2.0,0.018144984
0022400439,1610612745,Houston,Rockets,HOU,rockets,1628415,Dillon,Brooks,D. Brooks,dillon-brooks,F,,,39:40,39.666666666666664,8,20,0.4,5,12,0.417,1,1,1.0,1,3,4,0,0,1,1,2,22,8.0,0022400439,Dillon Brooks,dillon brooks,,,2024-12-29,1,0.5546218487394958,0.025210084033613446,0.10084033613445378,0.0,0.05042016806722689,1.0,6.0,5.0,7.0,4.0,2.0,1.0,1.0,3.0,0,1.0,0,0.00223,10.0,4482.294935006723,9.9777,0.025210084033613446,3.0,6.0,0.91065896
0022400439,1610612745,Houston,Rockets,HOU,rockets,1631095,Jabari,Smith Jr.,J. Smith Jr.,jabari-smith-jr,F,,,26:17,26.283333333333335,2,8,0.25,2,5,0.4,1,1,1.0,1,2,3,0,0,0,2,2,7,-4.0,0022400439,Jabari Smith Jr.,jabari smith jr,,,2024-12-29,0,0.2663284717818643,0.03804692454026633,0.11414077362079898,0.0,0.03804692454026633,5.0,6.0,6.0,7.0,4.0,4.0,5.0,6.0,2.0,0,0.0,0,0.00145,-3.2,-2205.375603032392,-3.1953600000000004,0.0,5.0,7.0,0.07249937
0022400439,1610612745,Houston,Rockets,HOU,rockets,1630578,Alperen,Sengun,A. Sengun,alperen-sengun,C,,,34:47,34.78333333333333,8,14,0.571,0,1,0.0,2,2,1.0,5,13,18,6,1,1,5,4,18,4.0,0022400439,Alperen Sengun,alperen sengun,,,2024-12-29,2,0.5174892189746048,0.14374700527072354,0.5174892189746048,0.17249640632486823,0.20124580737901296,3.0,1.0,1.0,1.0,2.0,2.0,3.0,3.0,3.0,0,0.0,0,0.00233,4.1,1758.9017589017585,4.090446999999999,0.057498802108289414,2.0,2.0,0.85243505
0022400439,1610612745,Houston,Rockets,HOU,rockets,1630224,Jalen,Green,J. Green,jalen-green,G,,,34:17,34.28333333333333,6,20,0.3,1,8,0.125,6,7,0.857,2,1,3,2,0,0,1,2,19,-10.0,0022400439,Jalen Green,jalen green,,,2024-12-29,0,0.5542051531356345,0.0583373845405931,0.08750607681088965,0.0583373845405931,0.0583373845405931,2.0,4.0,6.0,5.0,4.0,4.0,8.0,4.0,2.0,0,0.0,0,0.0028899999999999998,-14.7,-5084.745762711865,-14.657517,0.0,5.0,5.0,0.38894328
0022400439,1610612745,Houston,Rockets,HOU,rockets,1627832,Fred,VanVleet,F. VanVleet,fred-vanvleet,G,,,38:14,38.233333333333334,6,17,0.353,4,10,0.4,0,0,0.0,2,5,7,6,3,2,3,4,16,4.0,0022400439,Fred VanVleet,fred vanvleet,,,2024-12-29,5,0.4184829991281604,0.05231037489102005,0.18308631211857018,0.15693112467306014,0.18308631211857018,4.0,4.0,3.0,1.0,1.0,1.0,3.0,2.0,5.0,0,0.0,0,0.00222,6.7,3016.659162539396,6.685126,0.13077593722755013,1.0,3.0,0.6381545
0022400439,1610612745,Houston,Rockets,HOU,rockets,1641708,Amen,Thompson,A. Thompson,amen-thompson,,,,31:45,31.75,2,4,0.5,0,1,0.0,1,2,0.5,3,2,5,5,1,0,0,3,5,-17.0,0022400439,Amen Thompson,amen thompson,,,2024-12-29,1,0.15748031496062992,0.09448818897637795,0.15748031496062992,0.15748031496062992,0.12598425196850394,7.0,3.0,4.0,3.0,2.0,4.0,9.0,5.0,6.0,0,0.0,0,0.00067,-28.3,-42175.85692995529,-28.281039000000003,0.031496062992125984,3.0,4.0,0.053313114
0022400439,1610612745,Houston,Rockets,HOU,rockets,203500,Steven,Adams,S. Adams,steven-adams,,,,12:29,12.483333333333333,2,3,0.667,0,0,0.0,0,0,0.0,5,4,9,3,0,0,0,1,4,-6.0,0022400439,Steven Adams,steven adams,,,2024-12-29,0,0.3204272363150868,0.4005340453938585,0.7209612817089454,0.2403204272363151,0.4005340453938585,8.0,1.0,2.0,4.0,4.0,4.0,7.0,7.0,0.0,0,0.0,0,0.00097,-19.4,-19979.402677651902,-19.381182,0.0,5.0,1.0,0.3134713
0022400439,1610612745,Houston,Rockets,HOU,rockets,1641715,Cam,Whitmore,C. Whitmore,cam-whitmore,,,,11:32,11.533333333333333,3,7,0.429,1,2,0.5,0,0,0.0,0,3,3,0,0,0,0,0,7,6.0,0022400439,Cam Whitmore,cam whitmore,,,2024-12-29,0,0.6069364161849711,0.0,0.26011560693641617,0.0,0.0,5.0,8.0,6.0,7.0,4.0,4.0,2.0,8.0,1.0,0,0.0,0,0.00233,24.0,10296.010296010296,23.94408,0.0,5.0,8.0,0.16170672
0022400439,1610612745,Houston,Rockets,HOU,rockets,1628988,Aaron,Holiday,A. Holiday,aaron-holiday,,,,10:59,10.983333333333333,1,4,0.25,0,1,0.0,0,0,0.0,0,0,0,2,0,0,0,3,2,-5.0,0022400439,Aaron Holiday,aaron holiday,,,2024-12-29,0,0.1820940819423369,0.0,0.0,0.1820940819423369,0.0,9.0,8.0,9.0,5.0,4.0,4.0,6.0,9.0,0.0,0,0.0,0,0.0013800000000000002,-20.0,-14482.25923244026,-19.9724,0.0,5.0,8.0,0.0061048144
0022400460,1610612745,Houston,Rockets,HOU,rockets,1628415,Dillon,Brooks,D. Brooks,dillon-brooks,F,,,39:48,39.8,6,15,0.4,3,8,0.375,4,4,1.0,2,4,6,1,1,0,0,3,19,9.0,0022400460,Dillon Brooks,dillon brooks,,,2025-01-01,1,0.47738693467336685,0.05025125628140704,0.15075376884422112,0.02512562814070352,0.07537688442211056,3.0,1.0,1.0,4.0,4.0,2.0,5.0,2.0,1.0,0,0.0,0,0.00187,14.7,7856.761090326029,14.672510999999998,0.02512562814070352,4.0,5.0,0.28247756
0022400460,1610612745,Houston,Rockets,HOU,rockets,1631095,Jabari,Smith Jr.,J. Smith Jr.,jabari-smith-jr,F,,,22:50,22.833333333333332,5,8,0.625,1,2,0.5,1,2,0.5,1,1,2,0,2,1,2,1,12,-4.0,0022400460,Jabari Smith Jr.,jabari smith jr,,,2025-01-01,3,0.5255474452554745,0.043795620437956206,0.08759124087591241,0.0,0.17518248175182483,5.0,2.0,8.0,7.0,3.0,1.0,7.0,6.0,1.0,0,0.0,0,0.00193,-8.2,-4246.504401864318,-8.184173999999999,0.13138686131386862,3.0,1.0,0.63013935
0022400460,1610612745,Houston,Rockets,HOU,rockets,1630578,Alperen,Sengun,A. Sengun,alperen-sengun,C,,,36:45,36.75,9,16,0.563,0,1,0.0,5,8,0.625,0,6,6,4,5,0,4,2,23,21.0,0022400460,Alperen Sengun,alperen sengun,,,2025-01-01,5,0.6258503401360545,0.0,0.16326530612244897,0.10884353741496598,0.1360544217687075,1.0,4.0,1.0,2.0,2.0,2.0,1.0,4.0,4.0,0,0.0,0,0.00267,28.9,10819.917633845,28.822837,0.1360544217687075,2.0,3.0,0.74723464
0022400460,1610612745,Houston,Rockets,HOU,rockets,1630224,Jalen,Green,J. Green,jalen-green,G,,,37:44,37.733333333333334,9,21,0.429,0,3,0.0,4,5,0.8,0,5,5,0,1,0,2,3,22,18.0,0022400460,Jalen Green,jalen green,,,2025-01-01,1,0.5830388692579506,0.0,0.13250883392226148,0.0,0.026501766784452298,2.0,4.0,3.0,7.0,4.0,2.0,2.0,3.0,2.0,0,0.0,0,0.0028399999999999996,24.2,8518.127419922563,24.131272,0.026501766784452298,4.0,8.0,0.6945237
0022400460,1610612745,Houston,Rockets,HOU,rockets,1627832,Fred,VanVleet,F. VanVleet,fred-vanvleet,G,,,41:48,41.8,1,8,0.125,0,4,0.0,3,3,1.0,0,5,5,7,6,0,2,3,5,16.0,0022400460,Fred VanVleet,fred vanvleet,,,2025-01-01,6,0.11961722488038279,0.0,0.11961722488038279,0.1674641148325359,0.14354066985645933,6.0,4.0,3.0,1.0,1.0,2.0,3.0,1.0,7.0,0,0.0,0,0.00108,19.3,17853.839037927846,19.279156,0.14354066985645933,1.0,2.0,0.08858195
0022400460,1610612745,Houston,Rockets,HOU,rockets,1630256,Jae'Sean,Tate,J. Tate,jaesean-tate,,,,14:36,14.6,1,5,0.2,1,1,1.0,0,0,0.0,0,3,3,2,1,0,0,2,3,-7.0,0022400460,Jae'Sean Tate,jae'sean tate,,,2025-01-01,1,0.20547945205479454,0.0,0.20547945205479454,0.136986301369863,0.0684931506849315,9.0,4.0,6.0,3.0,4.0,2.0,8.0,8.0,1.0,0,0.0,0,0.00156,-17.2,-11018.577834721333,-17.173168,0.0684931506849315,4.0,6.0,0.015154167
0022400460,1610612745,Houston,Rockets,HOU,rockets,1628988,Aaron,Holiday,A. Holiday,aaron-holiday,,,,15:06,15.1,2,4,0.5,0,2,0.0,0,0,0.0,0,1,1,1,0,0,0,2,4,-8.0,0022400460,Aaron Holiday,aaron holiday,,,2025-01-01,0,0.26490066225165565,0.0,0.06622516556291391,0.06622516556291391,0.0,7.0,4.0,9.0,4.0,8.0,2.0,9.0,7.0,2.0,0,0.0,0,0.00114,-25.8,-22611.744084136724,-25.770588,0.0,8.0,9.0,0.026414897
0022400460,1610612745,Houston,Rockets,HOU,rockets,203500,Steven,Adams,S. Adams,steven-adams,,,,7:23,7.383333333333334,2,3,0.667,0,0,0.0,0,0,0.0,1,3,4,0,0,0,0,0,4,-2.0,0022400460,Steven Adams,steven adams,,,2025-01-01,0,0.5417607223476297,0.13544018058690743,0.5417607223476297,0.0,0.13544018058690743,7.0,2.0,5.0,7.0,8.0,2.0,6.0,9.0,0.0,0,0.0,0,0.0015,-5.9,-3930.712858094604,-5.8911500000000006,0.0,8.0,4.0,0.06385968
0022400460,1610612745,Houston,Rockets,HOU,rockets,1641715,Cam,Whitmore,C. Whitmore,cam-whitmore,,,,24:00,24.0,7,9,0.778,3,4,0.75,1,1,1.0,0,3,3,1,1,0,2,2,18,12.0,0022400460,Cam Whitmore,cam whitmore,,,2025-01-01,1,0.75,0.0,0.125,0.041666666666666664,0.041666666666666664,4.0,4.0,6.0,4.0,4.0,2.0,4.0,5.0,2.0,0,0.0,0,0.002,26.4,13193.403298350822,26.347199999999997,0.041666666666666664,4.0,7.0,0.77354556
0022400471,1610612745,Houston,Rockets,HOU,rockets,1628415,Dillon,Brooks,D. Brooks,dillon-brooks,F,,,30:08,30.133333333333333,4,13,0.308,2,6,0.333,0,0,0.0,1,1,2,0,1,0,0,5,10,-10.0,0022400471,Dillon Brooks,dillon brooks,,,2025-01-03,1,0.33185840707964603,0.033185840707964605,0.06637168141592921,0.0,0.06637168141592921,4.0,5.0,8.0,6.0,1.0,4.0,6.0,4.0,1.0,0,0.0,0,0.00197,-15.7,-7965.499746321663,-15.669070999999999,0.033185840707964605,3.0,7.0,0.23897061
0022400471,1610612745,Houston,Rockets,HOU,rockets,201145,Jeff,Green,J. Green,jeff-green,F,,,28:42,28.7,2,3,0.667,1,2,0.5,2,2,1.0,0,5,5,0,1,0,1,3,7,-16.0,0022400471,Jeff Green,jeff green,,,2025-01-03,1,0.24390243902439024,0.0,0.17421602787456447,0.0,0.03484320557491289,6.0,8.0,3.0,6.0,1.0,4.0,9.0,6.0,1.0,0,0.0,0,0.00083,-29.6,-35619.73525872443,-29.575432000000003,0.03484320557491289,3.0,10.0,0.026180686
0022400471,1610612745,Houston,Rockets,HOU,rockets,1630578,Alperen,Sengun,A. Sengun,alperen-sengun,C,,,28:45,28.75,6,15,0.4,0,1,0.0,2,2,1.0,2,5,7,3,1,1,4,4,14,-28.0,0022400471,Alperen Sengun,alperen sengun,,,2025-01-03,2,0.48695652173913045,0.06956521739130435,0.24347826086956523,0.10434782608695652,0.1391304347826087,2.0,3.0,1.0,1.0,1.0,2.0,11.0,5.0,2.0,0,0.0,0,0.00333,-45.9,-13779.645752026418,-45.747153,0.06956521739130435,1.0,6.0,0.33406192
0022400471,1610612745,Houston,Rockets,HOU,rockets,1630224,Jalen,Green,J. Green,jalen-green,G,,,35:02,35.03333333333333,10,21,0.476,5,13,0.385,2,2,1.0,0,3,3,1,0,2,1,3,27,-24.0,0022400471,Jalen Green,jalen green,,,2025-01-03,2,0.7706945765937203,0.0,0.0856327307326356,0.028544243577545196,0.05708848715509039,1.0,8.0,6.0,3.0,7.0,1.0,10.0,1.0,1.0,0,0.0,0,0.00311,-34.6,-11121.825779492125,-34.492394000000004,0.05708848715509039,1.0,9.0,0.7718647
0022400471,1610612745,Houston,Rockets,HOU,rockets,1627832,Fred,VanVleet,F. VanVleet,fred-vanvleet,G,,,30:25,30.416666666666668,3,7,0.429,1,3,0.333,1,1,1.0,0,1,1,3,0,0,1,3,8,-15.0,0022400471,Fred VanVleet,fred vanvleet,,,2025-01-03,0,0.26301369863013696,0.0,0.03287671232876712,0.09863013698630137,0.0,5.0,8.0,10.0,1.0,7.0,4.0,8.0,3.0,1.0,0,0.0,0,0.00116,-29.2,-25150.732127476316,-29.166127999999997,0.0,9.0,11.0,0.025759878
0022400471,1610612745,Houston,Rockets,HOU,rockets,1641715,Cam,Whitmore,C. Whitmore,cam-whitmore,,,,33:49,33.81666666666667,4,17,0.235,1,9,0.111,2,2,1.0,1,5,6,1,1,0,1,0,11,-12.0,0022400471,Cam Whitmore,cam whitmore,,,2025-01-03,1,0.32528339083292257,0.029571217348447507,0.17742730409068505,0.029571217348447507,0.059142434696895015,3.0,5.0,2.0,3.0,1.0,4.0,7.0,2.0,1.0,0,0.0,0,0.0025,-18.4,-7357.057177129147,-18.354,0.029571217348447507,3.0,8.0,0.09033717
0022400471,1610612745,Houston,Rockets,HOU,rockets,203500,Steven,Adams,S. Adams,steven-adams,,,,6:51,6.85,2,4,0.5,0,0,0.0,2,2,1.0,4,0,4,1,0,0,0,0,6,8.0,0022400471,Steven Adams,steven adams,,,2025-01-03,0,0.8759124087591241,0.5839416058394161,0.5839416058394161,0.14598540145985403,0.5839416058394161,7.0,1.0,4.0,3.0,7.0,4.0,1.0,9.0,0.0,0,0.0,0,0.0025,72.7,29068.372650939622,72.51825000000001,0.0,9.0,1.0,0.25577956
0022400471,1610612745,Houston,Rockets,HOU,rockets,1630256,Jae'Sean,Tate,J. Tate,jaesean-tate,,,,17:55,17.916666666666668,0,1,0.0,0,1,0.0,0,0,0.0,3,1,4,0,0,1,0,2,0,-7.0,0022400471,Jae'Sean Tate,jae'sean tate,,,2025-01-03,1,0.0,0.16744186046511628,0.22325581395348837,0.0,0.22325581395348837,9.0,2.0,4.0,6.0,7.0,2.0,4.0,8.0,1.0,0,0.0,0,0.00023,-14.9,-64502.1645021645,-14.896573000000002,0.05581395348837209,3.0,2.0,0.05056578
0022400471,1610612745,Houston,Rockets,HOU,rockets,1628988,Aaron,Holiday,A. Holiday,aaron-holiday,,,,18:37,18.616666666666667,0,4,0.0,0,1,0.0,0,0,0.0,2,1,3,0,1,0,2,1,0,-7.0,0022400471,Aaron Holiday,aaron holiday,,,2025-01-03,1,0.0,0.10743061772605192,0.1611459265890779,0.0,0.1611459265890779,9.0,3.0,6.0,6.0,1.0,4.0,4.0,7.0,3.0,0,0.0,0,0.00136,-20.0,-14695.077149155033,-19.9728,0.05371530886302596,3.0,5.0,0.01635469
0022400471,1610612745,Houston,Rockets,HOU,rockets,1629111,Jock,Landale,J. Landale,jock-landale,,,,4:53,4.883333333333333,1,3,0.333,0,0,0.0,1,1,1.0,1,1,2,0,0,0,0,0,3,-2.0,0022400471,Jock Landale,jock landale,,,2025-01-03,0,0.6143344709897611,0.20477815699658705,0.4095563139931741,0.0,0.20477815699658705,8.0,5.0,8.0,6.0,7.0,4.0,2.0,10.0,0.0,0,0.0,0,0.00214,-20.0,-9341.429238673516,-19.9572,0.0,9.0,3.0,0.01921469
0022400471,1610612745,Houston,Rockets,HOU,rockets,1642263,Reed,Sheppard,R. Sheppard,reed-sheppard,,,,4:53,4.883333333333333,0,0,0.0,0,0,0.0,0,0,0.0,0,0,0,0,1,0,1,0,0,-2.0,0022400471,Reed Sheppard,reed sheppard,,,2025-01-03,1,0.0,0.0,0.0,0.0,0.20477815699658705,9.0,8.0,11.0,6.0,1.0,4.0,2.0,10.0,1.0,0,0.0,0,0.0007099999999999999,-20.0,-28129.395218002817,-19.9858,0.20477815699658705,3.0,3.0,0.008368365
0022400491,1610612745,Houston,Rockets,HOU,rockets,1628415,Dillon,Brooks,D. Brooks,dillon-brooks,F,,,32:40,32.666666666666664,2,8,0.25,1,4,0.25,0,0,0.0,1,4,5,3,0,0,0,2,5,-4.0,0022400491,Dillon Brooks,dillon brooks,,,2025-01-05,0,0.15306122448979592,0.030612244897959186,0.15306122448979592,0.09183673469387756,0.030612244897959186,9.0,4.0,5.0,3.0,4.0,5.0,6.0,4.0,0.0,0,0.0,0,0.00105,-12.2,-11607.992388201714,-12.18719,0.0,6.0,8.0,0.023650737
0022400491,1610612745,Houston,Rockets,HOU,rockets,1641708,Amen,Thompson,A. Thompson,amen-thompson,F,,,40:34,40.56666666666667,11,19,0.579,0,3,0.0,1,4,0.25,6,10,16,3,1,0,4,2,23,1.0,0022400491,Amen Thompson,amen thompson,,,2025-01-05,1,0.5669679539852095,0.14790468364831552,0.39441248972884135,0.07395234182415776,0.1725554642563681,2.0,2.0,1.0,3.0,1.0,5.0,5.0,2.0,2.0,0,0.0,0,0.00255,1.3,509.6040768326146,1.2966849999999999,0.024650780608052585,3.0,2.0,0.84617513
0022400491,1610612745,Houston,Rockets,HOU,rockets,1630578,Alperen,Sengun,A. Sengun,alperen-sengun,C,,,31:26,31.433333333333334,6,14,0.429,0,2,0.0,2,4,0.5,2,4,6,4,0,0,2,4,14,-14.0,0022400491,Alperen Sengun,alperen sengun,,,2025-01-05,0,0.44538706256627786,0.06362672322375397,0.19088016967126192,0.12725344644750794,0.06362672322375397,4.0,3.0,3.0,1.0,4.0,5.0,9.0,5.0,1.0,0,0.0,0,0.0025700000000000002,-25.3,-9840.52897705173,-25.234979000000003,0.0,6.0,4.0,0.2740505
0022400491,1610612745,Houston,Rockets,HOU,rockets,1630224,Jalen,Green,J. Green,jalen-green,G,,,32:50,32.833333333333336,12,24,0.5,5,12,0.417,4,4,1.0,1,5,6,4,0,1,0,5,33,-5.0,0022400491,Jalen Green,jalen green,,,2025-01-05,1,1.0050761421319796,0.03045685279187817,0.18274111675126903,0.12182741116751268,0.06091370558375634,1.0,4.0,3.0,1.0,4.0,1.0,7.0,3.0,3.0,0,0.0,0,0.00333,-7.8,-2341.639147403182,-7.774025999999999,0.03045685279187817,3.0,6.0,0.85581774
0022400491,1610612745,Houston,Rockets,HOU,rockets,1627832,Fred,VanVleet,F. VanVleet,fred-vanvleet,G,,,42:23,42.38333333333333,5,12,0.417,3,8,0.375,2,3,0.667,0,2,2,2,1,1,0,1,15,-5.0,0022400491,Fred VanVleet,fred vanvleet,,,2025-01-05,2,0.3539127015336217,0.0,0.047188360204482895,0.047188360204482895,0.047188360204482895,3.0,7.0,7.0,5.0,1.0,1.0,7.0,1.0,2.0,0,0.0,0,0.00125,-9.2,-7354.116706634692,-9.1885,0.047188360204482895,1.0,7.0,0.5251487
0022400491,1610612745,Houston,Rockets,HOU,rockets,1630256,Jae'Sean,Tate,J. Tate,jaesean-tate,,,,14:59,14.983333333333333,2,3,0.667,2,3,0.667,0,0,0.0,1,0,1,2,0,0,0,5,6,14.0,0022400491,Jae'Sean Tate,jae'sean tate,,,2025-01-05,0,0.40044493882091214,0.06674082313681869,0.06674082313681869,0.13348164627363737,0.06674082313681869,8.0,4.0,8.0,5.0,4.0,5.0,2.0,8.0,0.0,0,0.0,0,0.00086,64.1,74448.31591173053,64.044874,0.0,6.0,3.0,0.3757267
0022400491,1610612745,Houston,Rockets,HOU,rockets,203500,Steven,Adams,S. Adams,steven-adams,,,,16:35,16.583333333333332,3,4,0.75,0,0,0.0,2,4,0.5,7,2,9,1,1,1,0,2,8,17.0,0022400491,Steven Adams,steven adams,,,2025-01-05,2,0.4824120603015076,0.42211055276381915,0.542713567839196,0.06030150753768845,0.542713567839196,5.0,1.0,2.0,7.0,1.0,1.0,1.0,6.0,2.0,0,0.0,0,0.00128,58.6,45745.51131928181,58.524992000000005,0.1206030150753769,1.0,1.0,0.90218264
0022400491,1610612745,Houston,Rockets,HOU,rockets,1641715,Cam,Whitmore,C. Whitmore,cam-whitmore,,,,16:21,16.35,3,8,0.375,2,5,0.4,0,0,0.0,0,4,4,0,0,1,0,1,8,6.0,0022400491,Cam Whitmore,cam whitmore,,,2025-01-05,1,0.48929663608562685,0.0,0.24464831804281342,0.0,0.061162079510703356,5.0,7.0,6.0,8.0,4.0,1.0,4.0,7.0,1.0,0,0.0,0,0.0018599999999999999,23.0,12358.946802794198,22.95722,0.061162079510703356,3.0,5.0,0.17731738
0022400491,1610612745,Houston,Rockets,HOU,rockets,1628988,Aaron,Holiday,A. Holiday,aaron-holiday,,,,12:13,12.216666666666667,3,7,0.429,1,3,0.333,0,0,0.0,0,0,0,0,0,0,0,0,7,10.0,0022400491,Aaron Holiday,aaron holiday,,,2025-01-05,0,0.572987721691678,0.0,0.0,0.0,0.0,7.0,7.0,9.0,8.0,4.0,5.0,3.0,9.0,0.0,0,0.0,0,0.0020599999999999998,45.3,21979.62154294032,45.206682,0.0,6.0,9.0,0.10578821
0022400503,1610612745,Houston,Rockets,HOU,rockets,1628415,Dillon,Brooks,D. Brooks,dillon-brooks,F,,,18:20,18.333333333333332,4,8,0.5,3,4,0.75,0,0,0.0,1,0,1,2,0,0,0,4,11,-7.0,0022400503,Dillon Brooks,dillon brooks,,,2025-01-07,0,0.6000000000000001,0.05454545454545455,0.05454545454545455,0.1090909090909091,0.05454545454545455,6.0,6.0,7.0,5.0,8.0,3.0,11.0,6.0,1.0,0,0.0,0,0.0019,-15.4,-8100.999473961074,-15.37074,0.0,9.0,11.0,0.486729
0022400503,1610612745,Houston,Rockets,HOU,rockets,1641708,Amen,Thompson,A. Thompson,amen-thompson,F,,,41:07,41.11666666666667,7,8,0.875,0,0,0.0,6,6,1.0,4,11,15,4,3,0,0,1,20,19.0,0022400503,Amen Thompson,amen thompson,,,2025-01-07,3,0.4864207539521686,0.09728415079043372,0.36481556546412647,0.09728415079043372,0.170247263883259,3.0,1.0,1.0,3.0,2.0,3.0,4.0,1.0,4.0,0,0.0,0,0.00105,21.8,20742.15033301618,21.77711,0.0729631130928253,2.0,6.0,0.82207793
0022400503,1610612745,Houston,Rockets,HOU,rockets,1630578,Alperen,Sengun,A. Sengun,alperen-sengun,C,,,29:41,29.683333333333334,12,23,0.522,0,2,0.0,2,2,1.0,4,6,10,6,2,0,4,2,26,29.0,0022400503,Alperen Sengun,alperen sengun,,,2025-01-07,2,0.8759124087591241,0.13475575519371139,0.3368893879842785,0.2021336327905671,0.2021336327905671,2.0,1.0,2.0,2.0,3.0,3.0,2.0,4.0,2.0,0,0.0,0,0.0034999999999999996,46.7,13339.045986860898,46.536550000000005,0.06737787759685569,3.0,3.0,0.7187495
0022400503,1610612745,Houston,Rockets,HOU,rockets,1630224,Jalen,Green,J. Green,jalen-green,G,,,30:07,30.116666666666667,10,22,0.455,7,15,0.467,2,2,1.0,2,6,8,2,2,0,1,0,29,21.0,0022400503,Jalen Green,jalen green,,,2025-01-07,2,0.9629219701162147,0.06640841173215274,0.26563364692861097,0.06640841173215274,0.13281682346430548,1.0,3.0,3.0,5.0,3.0,3.0,3.0,3.0,0.0,0,0.0,0,0.00296,30.8,10401.891252955083,30.708832,0.06640841173215274,3.0,9.0,0.7775298
0022400503,1610612745,Houston,Rockets,HOU,rockets,1627832,Fred,VanVleet,F. VanVleet,fred-vanvleet,G,,,38:03,38.05,7,15,0.467,2,9,0.222,3,3,1.0,1,0,1,12,4,1,2,3,19,17.0,0022400503,Fred VanVleet,fred vanvleet,,,2025-01-07,5,0.49934296977660975,0.02628120893561104,0.02628120893561104,0.31537450722733246,0.15768725361366623,4.0,6.0,7.0,1.0,1.0,1.0,5.0,2.0,15.0,0,0.0,0,0.00196,23.3,11881.693013768485,23.254332,0.1314060446780552,1.0,7.0,0.78135216
0022400503,1610612745,Houston,Rockets,HOU,rockets,203500,Steven,Adams,S. Adams,steven-adams,,,,11:25,11.416666666666666,0,1,0.0,0,0,0.0,0,2,0.0,2,4,6,0,0,0,1,1,0,-7.0,0022400503,Steven Adams,steven adams,,,2025-01-07,0,0.0,0.17518248175182483,0.5255474452554745,0.0,0.17518248175182483,10.0,3.0,4.0,8.0,8.0,3.0,11.0,9.0,0.0,0,0.0,0,0.0010299999999999999,-40.2,-38991.27061105724,-40.158594,0.0,9.0,4.0,0.00826145
0022400503,1610612745,Houston,Rockets,HOU,rockets,1628988,Aaron,Holiday,A. Holiday,aaron-holiday,,,,23:09,23.15,1,3,0.333,0,1,0.0,2,2,1.0,2,0,2,4,2,0,1,4,4,31.0,0022400503,Aaron Holiday,aaron holiday,,,2025-01-07,2,0.17278617710583155,0.08639308855291578,0.08639308855291578,0.17278617710583155,0.17278617710583155,8.0,3.0,6.0,3.0,3.0,3.0,1.0,5.0,1.0,0,0.0,0,0.00078,62.0,79385.4033290653,61.95164,0.08639308855291578,3.0,5.0,0.259587
0022400503,1610612745,Houston,Rockets,HOU,rockets,1630256,Jae'Sean,Tate,J. Tate,jaesean-tate,,,,14:25,14.416666666666666,1,4,0.25,0,1,0.0,0,0,0.0,1,0,1,0,1,0,0,1,2,10.0,0022400503,Jae'Sean Tate,jae'sean tate,,,2025-01-07,1,0.13872832369942198,0.06936416184971099,0.06936416184971099,0.0,0.13872832369942198,9.0,6.0,7.0,8.0,6.0,3.0,6.0,8.0,3.0,0,1.0,0,0.00095,21.2,22292.323869610933,21.179859999999998,0.06936416184971099,6.0,8.0,0.012022373
0022400503,1610612745,Houston,Rockets,HOU,rockets,1641715,Cam,Whitmore,C. Whitmore,cam-whitmore,,,,17:53,17.883333333333333,6,8,0.75,3,3,1.0,2,2,1.0,1,0,1,0,1,0,0,0,17,2.0,0022400503,Cam Whitmore,cam whitmore,,,2025-01-07,1,0.9506057781919851,0.05591798695246971,0.05591798695246971,0.0,0.11183597390493942,5.0,6.0,7.0,8.0,6.0,3.0,9.0,7.0,1.0,0,0.0,0,0.00214,1.7,794.0214852872489,1.696362,0.05591798695246971,6.0,10.0,0.72798187
0022400503,1610612745,Houston,Rockets,HOU,rockets,201145,Jeff,Green,J. Green,jeff-green,,,,9:44,9.733333333333333,2,4,0.5,0,2,0.0,3,4,0.75,0,1,1,0,0,0,0,1,7,-6.0,0022400503,Jeff Green,jeff green,,,2025-01-07,0,0.7191780821917809,0.0,0.10273972602739727,0.0,0.0,7.0,11.0,7.0,8.0,8.0,3.0,10.0,10.0,1.0,0,0.0,0,0.0028599999999999997,-23.9,-8353.72247465921,-23.831646,0.0,9.0,12.0,0.08007857
0022400503,1610612745,Houston,Rockets,HOU,rockets,1629111,Jock,Landale,J. Landale,jock-landale,,,,3:03,3.05,0,0,0.0,0,0,0.0,0,0,0.0,1,2,3,1,0,0,0,0,0,3.0,0022400503,Jock Landale,jock landale,,,2025-01-07,0,0.0,0.3278688524590164,0.9836065573770493,0.3278688524590164,0.3278688524590164,10.0,6.0,5.0,7.0,8.0,3.0,7.0,11.0,0.0,0,0.0,0,0.0,50.0,50000000.0,50.0,0.0,9.0,1.0,0.017684089
0022400503,1610612745,Houston,Rockets,HOU,rockets,1631466,Nate,Williams,N. Williams,nate-williams,,,,3:03,3.05,0,1,0.0,0,1,0.0,0,0,0.0,0,0,0,0,0,1,1,0,0,3.0,0022400503,Nate Williams,nate williams,,,2025-01-07,1,0.0,0.0,0.0,0.0,0.3278688524590164,10.0,11.0,12.0,8.0,8.0,1.0,7.0,11.0,1.0,0,0.0,0,0.0028599999999999997,50.0,17476.406850751486,49.857,0.3278688524590164,6.0,1.0,0.0033115963
0022400520,1610612745,Houston,Rockets,HOU,rockets,1628415,Dillon,Brooks,D. Brooks,dillon-brooks,F,,,34:38,34.63333333333333,2,15,0.133,1,8,0.125,0,0,0.0,2,3,5,4,1,0,0,4,5,5.0,0022400520,Dillon Brooks,dillon brooks,,,2025-01-09,1,0.14436958614051973,0.057747834456207896,0.14436958614051973,0.11549566891241579,0.08662175168431184,7.0,4.0,4.0,3.0,4.0,4.0,2.0,5.0,3.0,0,0.0,0,0.0017599999999999998,8.3,4713.231118682568,8.285392000000002,0.028873917228103948,5.0,7.0,0.08964522
0022400520,1610612745,Houston,Rockets,HOU,rockets,1641708,Amen,Thompson,A. Thompson,amen-thompson,F,,,35:30,35.5,2,6,0.333,0,0,0.0,6,7,0.857,0,7,7,5,1,1,0,4,10,-4.0,0022400520,Amen Thompson,amen thompson,,,2025-01-09,2,0.28169014084507044,0.0,0.19718309859154928,0.14084507042253522,0.056338028169014086,5.0,7.0,3.0,1.0,4.0,1.0,9.0,3.0,4.0,0,0.0,0,0.00099,-5.3,-5348.133198789103,-5.294752999999999,0.056338028169014086,4.0,8.0,0.07845308
0022400520,1610612745,Houston,Rockets,HOU,rockets,1630578,Alperen,Sengun,A. Sengun,alperen-sengun,C,,,35:09,35.15,12,20,0.6,1,1,1.0,7,15,0.467,5,9,14,5,0,1,3,4,32,2.0,0022400520,Alperen Sengun,alperen sengun,,,2025-01-09,1,0.9103840682788051,0.1422475106685633,0.39829302987197723,0.1422475106685633,0.17069701280227598,1.0,1.0,1.0,1.0,7.0,1.0,5.0,4.0,1.0,0,0.0,0,0.0034100000000000003,2.6,762.2398123717385,2.591134,0.02844950213371266,5.0,4.0,0.9138532
0022400520,1610612745,Houston,Rockets,HOU,rockets,1630224,Jalen,Green,J. Green,jalen-green,G,,,38:14,38.233333333333334,11,21,0.524,4,8,0.5,1,2,0.5,1,1,2,3,3,1,3,0,27,-1.0,0022400520,Jalen Green,jalen green,,,2025-01-09,4,0.7061900610287707,0.026155187445510025,0.05231037489102005,0.07846556233653007,0.13077593722755013,2.0,5.0,6.0,5.0,2.0,1.0,8.0,2.0,3.0,0,0.0,0,0.0025,-1.2,-479.80807676929226,-1.197,0.1046207497820401,1.0,5.0,0.85306466
0022400520,1610612745,Houston,Rockets,HOU,rockets,1627832,Fred,VanVleet,F. VanVleet,fred-vanvleet,G,,,40:36,40.6,8,13,0.615,3,7,0.429,3,3,1.0,0,1,1,4,4,0,3,4,22,2.0,0022400520,Fred VanVleet,fred vanvleet,,,2025-01-09,4,0.541871921182266,0.0,0.02463054187192118,0.09852216748768472,0.09852216748768472,3.0,7.0,8.0,3.0,1.0,4.0,5.0,1.0,7.0,0,0.0,0,0.0015,2.2,1465.6895403064625,2.1967000000000003,0.09852216748768472,1.0,6.0,0.8657963
0022400520,1610612745,Houston,Rockets,HOU,rockets,1630256,Jae'Sean,Tate,J. Tate,jaesean-tate,,,,18:28,18.466666666666665,3,6,0.5,2,3,0.667,4,8,0.5,3,1,4,0,1,0,0,4,12,5.0,0022400520,Jae'Sean Tate,jae'sean tate,,,2025-01-09,1,0.6498194945848376,0.1624548736462094,0.21660649819494587,0.0,0.21660649819494587,4.0,3.0,5.0,6.0,4.0,4.0,2.0,6.0,6.0,0,0.0,0,0.00182,15.1,8292.14717188358,15.072517999999999,0.05415162454873647,5.0,3.0,0.64169884
0022400520,1610612745,Houston,Rockets,HOU,rockets,1641715,Cam,Whitmore,C. Whitmore,cam-whitmore,,,,15:00,15.0,3,14,0.214,2,6,0.333,1,2,0.5,1,1,2,0,3,0,1,0,9,4.0,0022400520,Cam Whitmore,cam whitmore,,,2025-01-09,3,0.6,0.06666666666666667,0.13333333333333333,0.0,0.26666666666666666,6.0,5.0,6.0,6.0,2.0,4.0,4.0,7.0,0.0,0,0.0,0,0.00333,11.4,3422.3956769738816,11.362038,0.2,3.0,2.0,0.20234959
0022400520,1610612745,Houston,Rockets,HOU,rockets,203500,Steven,Adams,S. Adams,steven-adams,,,,12:27,12.45,0,0,0.0,0,0,0.0,0,2,0.0,4,5,9,0,0,0,2,2,0,0.0,0022400520,Steven Adams,steven adams,,,2025-01-09,0,0.0,0.321285140562249,0.7228915662650602,0.0,0.321285140562249,9.0,2.0,2.0,6.0,7.0,4.0,7.0,8.0,0.0,0,0.0,0,0.0008100000000000001,0.0,0.0,0.0,0.0,8.0,1.0,0.04882128
0022400520,1610612745,Houston,Rockets,HOU,rockets,1628988,Aaron,Holiday,A. Holiday,aaron-holiday,,,,9:59,9.983333333333333,0,1,0.0,0,1,0.0,2,2,1.0,0,0,0,0,0,0,0,1,2,7.0,0022400520,Aaron Holiday,aaron holiday,,,2025-01-09,0,0.2003338898163606,0.0,0.0,0.0,0.0,8.0,7.0,9.0,6.0,7.0,4.0,1.0,9.0,1.0,0,0.0,0,0.0006900000000000001,35.6,51519.53690303907,35.575436,0.0,8.0,9.0,0.0051912223
0022400551,1610612745,Houston,Rockets,HOU,rockets,1628415,Dillon,Brooks,D. Brooks,dillon-brooks,F,,,39:04,39.06666666666667,3,11,0.273,2,8,0.25,1,2,0.5,2,3,5,2,4,0,1,5,9,-11.0,0022400551,Dillon Brooks,dillon brooks,,,2025-01-13,4,0.2303754266211604,0.051194539249146756,0.12798634812286688,0.051194539249146756,0.15358361774744025,5.0,4.0,4.0,5.0,1.0,5.0,8.0,3.0,7.0,0,0.0,0,0.00135,-9.0,-6661.732050333087,-8.98785,0.10238907849829351,2.0,4.0,0.12116743
0022400551,1610612745,Houston,Rockets,HOU,rockets,1641708,Amen,Thompson,A. Thompson,amen-thompson,F,,,41:09,41.15,7,15,0.467,1,3,0.333,4,7,0.571,4,9,13,4,2,5,4,1,19,3.0,0022400551,Amen Thompson,amen thompson,,,2025-01-13,7,0.4617253948967193,0.09720534629404617,0.3159173754556501,0.09720534629404617,0.267314702308627,2.0,2.0,1.0,3.0,3.0,1.0,4.0,1.0,7.0,0,0.0,0,0.00218,6.2,2842.732691425951,6.186484,0.1701093560145808,1.0,2.0,0.8405736
0022400551,1610612745,Houston,Rockets,HOU,rockets,1630578,Alperen,Sengun,A. Sengun,alperen-sengun,C,,,32:14,32.233333333333334,7,17,0.412,0,1,0.0,3,6,0.5,3,5,8,5,3,1,6,5,17,6.0,0022400551,Alperen Sengun,alperen sengun,,,2025-01-13,4,0.5274043433298863,0.09307135470527404,0.2481902792140641,0.15511892450879006,0.21716649431230609,3.0,3.0,2.0,2.0,2.0,2.0,3.0,5.0,4.0,0,0.0,0,0.0032500000000000003,10.1,3106.7363888034447,10.067175,0.12409513960703206,2.0,3.0,0.5483457
0022400551,1610612745,Houston,Rockets,HOU,rockets,1630224,Jalen,Green,J. Green,jalen-green,G,,,40:08,40.13333333333333,13,18,0.722,5,6,0.833,11,11,1.0,0,3,3,4,1,0,3,1,42,8.0,0022400551,Jalen Green,jalen green,,,2025-01-13,1,1.0465116279069768,0.0,0.07475083056478406,0.09966777408637874,0.024916943521594685,1.0,5.0,5.0,3.0,4.0,5.0,2.0,2.0,1.0,0,0.0,0,0.0026,11.2,4306.036139946174,11.170879999999999,0.024916943521594685,5.0,8.0,0.89779097
0022400551,1610612745,Houston,Rockets,HOU,rockets,1627832,Fred,VanVleet,F. VanVleet,fred-vanvleet,G,,,36:15,36.25,2,5,0.4,2,3,0.667,3,4,0.75,0,2,2,9,1,1,2,3,9,-2.0,0022400551,Fred VanVleet,fred vanvleet,,,2025-01-13,2,0.2482758620689655,0.0,0.05517241379310345,0.2482758620689655,0.05517241379310345,5.0,5.0,6.0,1.0,4.0,2.0,7.0,4.0,2.0,0,0.0,0,0.00105,-1.0,-951.4747859181733,-0.99895,0.05517241379310345,4.0,6.0,0.12482205
0022400551,1610612745,Houston,Rockets,HOU,rockets,1630256,Jae'Sean,Tate,J. Tate,jaesean-tate,,,,7:31,7.516666666666667,0,0,0.0,0,0,0.0,0,0,0.0,0,0,0,2,1,0,1,0,0,-12.0,0022400551,Jae'Sean Tate,jae'sean tate,,,2025-01-13,1,0.0,0.0,0.0,0.2660753880266075,0.13303769401330376,9.0,5.0,9.0,5.0,4.0,5.0,9.0,9.0,0.0,0,0.0,0,0.0005,-66.5,-132734.53093812373,-66.46675,0.13303769401330376,5.0,5.0,0.0043138973
0022400551,1610612745,Houston,Rockets,HOU,rockets,203500,Steven,Adams,S. Adams,steven-adams,,,,13:02,13.033333333333333,1,2,0.5,0,0,0.0,0,1,0.0,6,1,7,1,0,1,2,0,2,3.0,0022400551,Steven Adams,steven adams,,,2025-01-13,1,0.1534526854219949,0.46035805626598464,0.5370843989769821,0.07672634271099744,0.5370843989769821,8.0,1.0,3.0,7.0,8.0,2.0,4.0,7.0,0.0,0,0.0,0,0.00114,15.5,13584.574934268187,15.48233,0.07672634271099744,5.0,1.0,0.36905536
0022400551,1610612745,Houston,Rockets,HOU,rockets,1628988,Aaron,Holiday,A. Holiday,aaron-holiday,,,,9:08,9.133333333333333,2,4,0.5,2,3,0.667,0,0,0.0,0,1,1,0,0,0,2,0,6,3.0,0022400551,Aaron Holiday,aaron holiday,,,2025-01-13,0,0.6569343065693432,0.0,0.10948905109489052,0.0,0.0,7.0,5.0,7.0,9.0,8.0,5.0,4.0,8.0,1.0,0,0.0,0,0.00231,22.7,9822.587624405018,22.647562999999998,0.0,9.0,9.0,0.08124123
0022400551,1610612745,Houston,Rockets,HOU,rockets,1641715,Cam,Whitmore,C. Whitmore,cam-whitmore,,,,21:29,21.483333333333334,6,9,0.667,4,7,0.571,0,0,0.0,0,1,1,1,1,0,1,1,16,12.0,0022400551,Cam Whitmore,cam whitmore,,,2025-01-13,1,0.7447633824670287,0.0,0.04654771140418929,0.04654771140418929,0.04654771140418929,4.0,5.0,7.0,7.0,4.0,5.0,1.0,6.0,3.0,0,0.0,0,0.00185,31.5,17017.828200972446,31.441724999999998,0.04654771140418929,5.0,7.0,0.8683115
0022400568,1610612745,Houston,Rockets,HOU,rockets,1628415,Dillon,Brooks,D. Brooks,dillon-brooks,F,,,26:12,26.2,2,5,0.4,2,4,0.5,0,0,0.0,0,1,1,0,2,0,1,1,6,17.0,0022400568,Dillon Brooks,dillon brooks,,,2025-01-15,2,0.22900763358778625,0.0,0.03816793893129771,0.0,0.07633587786259542,8.0,7.0,7.0,10.0,3.0,6.0,3.0,4.0,1.0,0,0.0,0,0.00095,34.9,36698.21240799159,34.866845,0.07633587786259542,3.0,9.0,0.09030733
0022400568,1610612745,Houston,Rockets,HOU,rockets,1641708,Amen,Thompson,A. Thompson,amen-thompson,F,,,34:41,34.68333333333333,4,8,0.5,0,0,0.0,3,7,0.429,3,6,9,0,4,2,2,2,11,20.0,0022400568,Amen Thompson,amen thompson,,,2025-01-15,6,0.3171552138395003,0.08649687650168189,0.2594906295050457,0.0,0.2594906295050457,5.0,1.0,1.0,10.0,1.0,1.0,1.0,2.0,4.0,0,0.0,0,0.00157,31.5,20050.922978994273,31.450545,0.17299375300336378,1.0,2.0,0.8212801
0022400568,1610612745,Houston,Rockets,HOU,rockets,1630578,Alperen,Sengun,A. Sengun,alperen-sengun,C,,,25:40,25.666666666666668,9,21,0.429,0,1,0.0,2,2,1.0,3,6,9,8,2,0,1,1,20,17.0,0022400568,Alperen Sengun,alperen sengun,,,2025-01-15,2,0.7792207792207791,0.11688311688311688,0.35064935064935066,0.3116883116883117,0.1948051948051948,2.0,1.0,1.0,1.0,3.0,6.0,3.0,5.0,2.0,0,0.0,0,0.00377,37.7,9997.348183505703,37.557871,0.07792207792207792,3.0,3.0,0.6540996
0022400568,1610612745,Houston,Rockets,HOU,rockets,1630224,Jalen,Green,J. Green,jalen-green,G,,,29:36,29.6,10,16,0.625,6,10,0.6,8,8,1.0,1,0,1,5,0,1,1,2,34,13.0,0022400568,Jalen Green,jalen green,,,2025-01-15,1,1.1486486486486487,0.03378378378378378,0.03378378378378378,0.16891891891891891,0.06756756756756756,1.0,6.0,7.0,3.0,8.0,2.0,5.0,3.0,0.0,0,0.0,0,0.0029,24.1,8307.480179248536,24.03011,0.03378378378378378,6.0,10.0,0.83215934
0022400568,1610612745,Houston,Rockets,HOU,rockets,1627832,Fred,VanVleet,F. VanVleet,fred-vanvleet,G,,,35:08,35.13333333333333,6,13,0.462,4,9,0.444,0,0,0.0,0,1,1,8,3,0,0,3,16,18.0,0022400568,Fred VanVleet,fred vanvleet,,,2025-01-15,3,0.4554079696394687,0.0,0.028462998102466795,0.22770398481973436,0.08538899430740038,3.0,7.0,7.0,1.0,2.0,6.0,2.0,1.0,3.0,0,0.0,0,0.00157,26.9,17122.85168682368,26.857767,0.08538899430740038,2.0,8.0,0.8108915
0022400568,1610612745,Houston,Rockets,HOU,rockets,1630256,Jae'Sean,Tate,J. Tate,jaesean-tate,,,,17:33,17.55,3,5,0.6,0,1,0.0,0,0,0.0,3,1,4,1,0,0,0,3,6,-6.0,0022400568,Jae'Sean Tate,jae'sean tate,,,2025-01-15,0,0.3418803418803419,0.17094017094017094,0.22792022792022792,0.05698005698005698,0.17094017094017094,8.0,1.0,4.0,5.0,8.0,6.0,12.0,8.0,0.0,0,0.0,0,0.00116,-13.7,-11800.172265288544,-13.684107999999998,0.0,11.0,5.0,0.10444755
0022400568,1610612745,Houston,Rockets,HOU,rockets,203500,Steven,Adams,S. Adams,steven-adams,,,,7:07,7.116666666666666,1,1,1.0,0,0,0.0,0,0,0.0,2,1,3,1,0,1,1,0,2,6.0,0022400568,Steven Adams,steven adams,,,2025-01-15,1,0.28103044496487123,0.28103044496487123,0.4215456674473068,0.14051522248243561,0.4215456674473068,10.0,4.0,5.0,5.0,8.0,2.0,7.0,10.0,1.0,0,0.0,0,0.00125,39.1,31254.996003197444,39.051125,0.14051522248243561,6.0,1.0,0.012351006
0022400568,1610612745,Houston,Rockets,HOU,rockets,1641715,Cam,Whitmore,C. Whitmore,cam-whitmore,,,,23:56,23.933333333333334,7,11,0.636,2,4,0.5,0,0,0.0,2,7,9,1,1,1,1,1,16,5.0,0022400568,Cam Whitmore,cam whitmore,,,2025-01-15,2,0.6685236768802229,0.08356545961002786,0.37604456824512533,0.04178272980501393,0.1671309192200557,3.0,4.0,1.0,5.0,5.0,2.0,8.0,6.0,1.0,0,0.0,0,0.00214,16.0,7473.143390938813,15.96576,0.08356545961002786,3.0,6.0,0.7903983
0022400568,1610612745,Houston,Rockets,HOU,rockets,201145,Jeff,Green,J. Green,jeff-green,,,,20:34,20.566666666666666,3,6,0.5,2,5,0.4,0,0,0.0,0,2,2,0,0,1,0,4,8,13.0,0022400568,Jeff Green,jeff green,,,2025-01-15,1,0.3889789303079417,0.0,0.09724473257698542,0.0,0.04862236628849271,7.0,7.0,6.0,10.0,8.0,2.0,5.0,7.0,0.0,0,0.0,0,0.00125,36.3,29016.786570743403,36.254625,0.04862236628849271,6.0,11.0,0.16639876
0022400568,1610612745,Houston,Rockets,HOU,rockets,1628988,Aaron,Holiday,A. Holiday,aaron-holiday,,,,7:30,7.5,0,1,0.0,0,1,0.0,0,0,0.0,0,0,0,2,1,0,0,1,0,-2.0,0022400568,Aaron Holiday,aaron holiday,,,2025-01-15,1,0.0,0.0,0.0,0.26666666666666666,0.13333333333333333,11.0,7.0,11.0,4.0,5.0,6.0,11.0,9.0,1.0,0,0.0,0,0.0005600000000000001,-6.7,-11942.95900178253,-6.696248,0.13333333333333333,6.0,7.0,0.0055992682
0022400568,1610612745,Houston,Rockets,HOU,rockets,1642263,Reed,Sheppard,R. Sheppard,reed-sheppard,,,,6:15,6.25,0,3,0.0,0,2,0.0,0,0,0.0,0,1,1,1,0,0,1,0,0,0.0,0022400568,Reed Sheppard,reed sheppard,,,2025-01-15,0,0.0,0.0,0.16,0.16,0.0,11.0,7.0,7.0,5.0,8.0,6.0,9.0,11.0,,1,,1,0.00267,6.6,2470.984649943841,6.582378,0.0,11.0,12.0,0.0042133667
0022400568,1610612745,Houston,Rockets,HOU,rockets,1631466,Nate,Williams,N. Williams,nate-williams,,,,5:50,5.833333333333333,4,4,1.0,1,1,1.0,0,0,0.0,0,0,0,1,1,0,0,1,9,-1.0,0022400568,Nate Williams,nate williams,,,2025-01-15,1,1.542857142857143,0.0,0.0,0.17142857142857143,0.17142857142857143,6.0,7.0,11.0,5.0,5.0,6.0,10.0,12.0,1.0,0,0.0,0,0.00333,-0.6,-180.12608826178322,-0.5980019999999999,0.17142857142857143,6.0,4.0,0.33244297
0022400576,1610612745,Houston,Rockets,HOU,rockets,1628415,Dillon,Brooks,D. Brooks,dillon-brooks,F,,,33:22,33.36666666666667,5,14,0.357,2,8,0.25,0,0,0.0,1,2,3,4,2,0,3,6,12,-2.0,0022400576,Dillon Brooks,dillon brooks,,,2025-01-16,2,0.3596403596403596,0.02997002997002997,0.0899100899100899,0.11988011988011987,0.0899100899100899,5.0,4.0,6.0,2.0,2.0,6.0,4.0,4.0,3.0,0,0.0,0,0.0020499999999999997,-2.7,-1316.4310092637738,-2.694465,0.05994005994005994,3.0,5.0,0.3694187
0022400576,1610612745,Houston,Rockets,HOU,rockets,201145,Jeff,Green,J. Green,jeff-green,F,,,22:40,22.666666666666668,4,6,0.667,1,3,0.333,1,1,1.0,1,2,3,2,0,0,0,2,10,-4.0,0022400576,Jeff Green,jeff green,,,2025-01-16,0,0.4411764705882353,0.044117647058823525,0.1323529411764706,0.08823529411764705,0.044117647058823525,6.0,4.0,6.0,6.0,6.0,6.0,6.0,7.0,0.0,0,0.0,0,0.00109,-8.2,-7516.040329972502,-8.191061999999999,0.0,9.0,7.0,0.20309192
0022400576,1610612745,Houston,Rockets,HOU,rockets,1630578,Alperen,Sengun,A. Sengun,alperen-sengun,C,,,33:45,33.75,8,15,0.533,1,2,0.5,4,7,0.571,2,8,10,3,4,1,0,2,21,-21.0,0022400576,Alperen Sengun,alperen sengun,,,2025-01-16,5,0.6222222222222222,0.05925925925925926,0.2962962962962963,0.08888888888888889,0.2074074074074074,2.0,2.0,1.0,4.0,1.0,2.0,9.0,2.0,3.0,0,0.0,0,0.00222,-26.5,-11931.562359297612,-26.44117,0.14814814814814814,1.0,3.0,0.8753756
0022400576,1610612745,Houston,Rockets,HOU,rockets,1641708,Amen,Thompson,A. Thompson,amen-thompson,G,,,41:18,41.3,8,12,0.667,0,0,0.0,4,4,1.0,4,6,10,5,2,1,3,0,20,-10.0,0022400576,Amen Thompson,amen thompson,,,2025-01-16,3,0.4842615012106538,0.09685230024213076,0.2421307506053269,0.12106537530266345,0.16949152542372883,3.0,1.0,1.0,1.0,2.0,2.0,8.0,1.0,6.0,0,0.0,0,0.00165,-14.0,-8479.709267110842,-13.976899999999999,0.07263922518159807,2.0,4.0,0.7305836
0022400576,1610612745,Houston,Rockets,HOU,rockets,1630224,Jalen,Green,J. Green,jalen-green,G,,,33:32,33.53333333333333,10,20,0.5,4,8,0.5,4,5,0.8,0,5,5,4,0,1,4,3,28,-3.0,0022400576,Jalen Green,jalen green,,,2025-01-16,1,0.8349900596421471,0.0,0.14910536779324057,0.11928429423459246,0.029821073558648114,1.0,8.0,3.0,2.0,6.0,2.0,5.0,3.0,0.0,0,0.0,0,0.00299,-4.0,-1337.3453694416582,-3.98804,0.029821073558648114,5.0,9.0,0.83580416
0022400576,1610612745,Houston,Rockets,HOU,rockets,1641715,Cam,Whitmore,C. Whitmore,cam-whitmore,,,,22:53,22.883333333333333,4,9,0.444,1,3,0.333,0,0,0.0,0,3,3,3,0,1,2,1,9,4.0,0022400576,Cam Whitmore,cam whitmore,,,2025-01-16,1,0.3932993445010925,0.0,0.13109978150036417,0.13109978150036417,0.043699927166788055,7.0,8.0,6.0,4.0,6.0,2.0,2.0,6.0,1.0,0,0.0,0,0.00196,8.3,4232.534421213667,8.283732,0.043699927166788055,5.0,8.0,0.38594913
0022400576,1610612745,Houston,Rockets,HOU,rockets,1631106,Tari,Eason,T. Eason,tari-eason,,,,24:29,24.483333333333334,6,10,0.6,1,4,0.25,3,5,0.6,1,3,4,0,1,0,0,3,16,1.0,0022400576,Tari Eason,tari eason,,,2025-01-16,1,0.653505786249149,0.04084411164057181,0.16337644656228725,0.0,0.08168822328114363,4.0,4.0,5.0,9.0,4.0,6.0,3.0,5.0,4.0,0,0.0,0,0.00185,-5.6,-3025.391680172879,-5.589639999999999,0.04084411164057181,5.0,6.0,0.6986776
0022400576,1610612745,Houston,Rockets,HOU,rockets,203500,Steven,Adams,S. Adams,steven-adams,,,,14:15,14.25,2,2,1.0,0,0,0.0,1,2,0.5,1,4,5,2,0,2,0,0,5,16.0,0022400576,Steven Adams,steven adams,,,2025-01-16,2,0.3508771929824561,0.07017543859649122,0.3508771929824561,0.14035087719298245,0.21052631578947367,9.0,4.0,3.0,6.0,6.0,1.0,1.0,8.0,1.0,0,0.0,0,0.00077,48.4,62775.61608300908,48.362731999999994,0.14035087719298245,3.0,2.0,0.5053915
0022400576,1610612745,Houston,Rockets,HOU,rockets,1628988,Aaron,Holiday,A. Holiday,aaron-holiday,,,,13:46,13.766666666666667,2,5,0.4,2,5,0.4,0,0,0.0,2,1,3,1,1,0,2,1,6,-6.0,0022400576,Aaron Holiday,aaron holiday,,,2025-01-16,1,0.4358353510895884,0.14527845036319612,0.2179176755447942,0.07263922518159806,0.2179176755447942,8.0,2.0,6.0,8.0,4.0,6.0,7.0,9.0,1.0,0,0.0,0,0.0020599999999999998,-23.5,-11402.231926249395,-23.45159,0.07263922518159806,5.0,1.0,0.08561264
0022400591,1610612745,Houston,Rockets,HOU,rockets,1628415,Dillon,Brooks,D. Brooks,dillon-brooks,F,,,36:41,36.68333333333333,9,18,0.5,2,6,0.333,2,3,0.667,1,5,6,3,1,1,0,3,22,5.0,0022400591,Dillon Brooks,dillon brooks,,,2025-01-18,2,0.5997273966378919,0.02726033621081327,0.16356201726487962,0.08178100863243981,0.08178100863243981,3.0,6.0,5.0,3.0,4.0,1.0,8.0,1.0,0.0,0,0.0,0,0.00192,3.3,1717.8552837064028,3.2936639999999997,0.05452067242162654,3.0,8.0,0.7460975
0022400591,1610612745,Houston,Rockets,HOU,rockets,1630256,Jae'Sean,Tate,J. Tate,jaesean-tate,F,,,17:19,17.316666666666666,0,4,0.0,0,0,0.0,0,0,0.0,2,1,3,1,0,1,1,3,0,8.0,0022400591,Jae'Sean Tate,jae'sean tate,,,2025-01-18,1,0.0,0.11549566891241579,0.17324350336862368,0.057747834456207896,0.17324350336862368,10.0,5.0,8.0,7.0,10.0,1.0,7.0,7.0,0.0,0,0.0,0,0.001,16.7,16683.316683316683,16.6833,0.057747834456207896,6.0,6.0,0.010959479
0022400591,1610612745,Houston,Rockets,HOU,rockets,1630578,Alperen,Sengun,A. Sengun,alperen-sengun,C,,,30:44,30.733333333333334,10,19,0.526,1,1,1.0,2,5,0.4,6,9,15,6,2,1,3,2,23,12.0,0022400591,Alperen Sengun,alperen sengun,,,2025-01-18,3,0.7483731019522777,0.19522776572668113,0.4880694143167028,0.19522776572668113,0.2928416485900217,2.0,1.0,1.0,1.0,2.0,1.0,5.0,3.0,2.0,0,1.0,0,0.0028599999999999997,14.2,4963.299545613422,14.159388,0.09761388286334056,1.0,2.0,0.9239064
0022400591,1610612745,Houston,Rockets,HOU,rockets,1627832,Fred,VanVleet,F. VanVleet,fred-vanvleet,G,,,35:49,35.81666666666667,3,10,0.3,3,6,0.5,0,0,0.0,0,4,4,3,1,0,2,3,9,21.0,0022400591,Fred VanVleet,fred vanvleet,,,2025-01-18,1,0.2512796649604467,0.0,0.11167985109353186,0.0837598883201489,0.027919962773382965,7.0,8.0,7.0,3.0,4.0,5.0,2.0,2.0,3.0,0,0.0,0,0.00117,24.3,20751.49444918873,24.271569,0.027919962773382965,6.0,10.0,0.114508614
0022400591,1610612745,Houston,Rockets,HOU,rockets,1630224,Jalen,Green,J. Green,jalen-green,G,,,29:16,29.266666666666666,10,17,0.588,4,6,0.667,2,2,1.0,1,4,5,1,1,0,4,1,26,23.0,0022400591,Jalen Green,jalen green,,,2025-01-18,1,0.8883826879271071,0.03416856492027335,0.17084282460136674,0.03416856492027335,0.0683371298405467,1.0,6.0,6.0,7.0,4.0,5.0,1.0,4.0,0.0,0,0.0,0,0.0028899999999999998,32.5,11241.784849533035,32.406075,0.03416856492027335,6.0,9.0,0.778146
0022400591,1610612745,Houston,Rockets,HOU,rockets,1631106,Tari,Eason,T. Eason,tari-eason,,,,23:30,23.5,6,10,0.6,0,0,0.0,6,8,0.75,3,5,8,4,3,0,0,1,18,-2.0,0022400591,Tari Eason,tari eason,,,2025-01-18,3,0.7659574468085106,0.1276595744680851,0.3404255319148936,0.1702127659574468,0.2553191489361702,4.0,4.0,4.0,2.0,1.0,5.0,11.0,6.0,3.0,0,0.0,0,0.00203,-12.4,-6105.366814377154,-12.374828,0.1276595744680851,1.0,3.0,0.801305
0022400591,1610612745,Houston,Rockets,HOU,rockets,1641715,Cam,Whitmore,C. Whitmore,cam-whitmore,,,,27:19,27.316666666666666,4,14,0.286,1,4,0.25,3,4,0.75,5,5,10,3,1,0,1,3,12,9.0,0022400591,Cam Whitmore,cam whitmore,,,2025-01-18,1,0.43929225137278827,0.18303843807199513,0.36607687614399026,0.10982306284319707,0.21964612568639413,5.0,2.0,2.0,3.0,4.0,5.0,6.0,5.0,1.0,0,0.0,0,0.00207,13.6,6566.87590535973,13.571848,0.036607687614399025,6.0,4.0,0.6859479
0022400591,1610612745,Houston,Rockets,HOU,rockets,1628988,Aaron,Holiday,A. Holiday,aaron-holiday,,,,15:18,15.3,4,9,0.444,2,5,0.4,0,0,0.0,0,0,0,1,2,0,1,0,10,18.0,0022400591,Aaron Holiday,aaron holiday,,,2025-01-18,2,0.6535947712418301,0.0,0.0,0.06535947712418301,0.13071895424836602,6.0,8.0,10.0,7.0,2.0,5.0,3.0,9.0,3.0,0,0.0,0,0.00217,51.3,23629.663749424224,51.18867899999999,0.13071895424836602,3.0,7.0,0.5789674
0022400591,1610612745,Houston,Rockets,HOU,rockets,203500,Steven,Adams,S. Adams,steven-adams,,,,17:11,17.183333333333334,1,4,0.25,0,0,0.0,0,0,0.0,5,4,9,2,1,1,0,2,2,13.0,0022400591,Steven Adams,steven adams,,,2025-01-18,2,0.11639185257032007,0.2909796314258002,0.5237633365664404,0.11639185257032007,0.4073714839961203,9.0,2.0,3.0,6.0,4.0,1.0,4.0,8.0,1.0,0,0.0,0,0.00077,32.9,42671.85473411154,32.874666999999995,0.11639185257032007,3.0,1.0,0.573332
0022400591,1610612745,Houston,Rockets,HOU,rockets,1642263,Reed,Sheppard,R. Sheppard,reed-sheppard,,,,4:53,4.883333333333333,1,3,0.333,1,3,0.333,0,0,0.0,0,1,1,1,1,0,0,0,3,-1.0,0022400591,Reed Sheppard,reed sheppard,,,2025-01-18,1,0.6143344709897611,0.0,0.20477815699658705,0.20477815699658705,0.20477815699658705,8.0,8.0,9.0,7.0,4.0,5.0,10.0,10.0,1.0,0,0.0,0,0.002,-8.3,-4147.926036981509,-8.2834,0.20477815699658705,6.0,5.0,0.015715506
0022400591,1610612745,Houston,Rockets,HOU,rockets,1631466,Nate,Williams,N. Williams,nate-williams,,,,2:00,2.0,0,0,0.0,0,0,0.0,0,0,0.0,0,0,0,0,0,0,0,0,0,4.0,0022400591,Nate Williams,nate williams,,,2025-01-18,0,0.0,0.0,0.0,0.0,0.0,10.0,8.0,10.0,11.0,10.0,5.0,9.0,11.0,0.0,0,0.0,0,0.0,80.0,80000000.0,80.0,0.0,11.0,11.0,0.0041978643
0022400600,1610612745,Houston,Rockets,HOU,rockets,1628415,Dillon,Brooks,D. Brooks,dillon-brooks,F,,,30:22,30.366666666666667,2,7,0.286,1,4,0.25,0,0,0.0,0,0,0,0,0,0,2,3,5,-16.0,0022400600,Dillon Brooks,dillon brooks,,,2025-01-20,0,0.16465422612513722,0.0,0.0,0.0,0.0,8.0,8.0,9.0,7.0,8.0,2.0,8.0,4.0,2.0,0,0.0,0,0.00122,-27.8,-22768.22276822277,-27.766084,0.0,8.0,9.0,0.010607527
0022400600,1610612745,Houston,Rockets,HOU,rockets,1641708,Amen,Thompson,A. Thompson,amen-thompson,F,,,40:25,40.416666666666664,7,14,0.5,0,2,0.0,3,4,0.75,1,5,6,5,3,0,1,6,17,-5.0,0022400600,Amen Thompson,amen thompson,,,2025-01-20,3,0.42061855670103093,0.024742268041237116,0.14845360824742268,0.12371134020618557,0.09896907216494846,3.0,5.0,2.0,1.0,3.0,2.0,5.0,1.0,5.0,0,0.0,0,0.00179,-4.8,-2680.067001675042,-4.791408,0.07422680412371134,3.0,7.0,0.6401055
0022400600,1610612745,Houston,Rockets,HOU,rockets,1630578,Alperen,Sengun,A. Sengun,alperen-sengun,C,,,29:28,29.466666666666665,5,14,0.357,0,1,0.0,1,1,1.0,5,3,8,5,0,0,1,0,11,-8.0,0022400600,Alperen Sengun,alperen sengun,,,2025-01-20,0,0.3733031674208145,0.16968325791855204,0.2714932126696833,0.16968325791855204,0.16968325791855204,4.0,1.0,1.0,1.0,8.0,2.0,6.0,5.0,5.0,0,0.0,0,0.0020499999999999997,-14.5,-7069.722086786934,-14.470275,0.0,8.0,4.0,0.32306913
0022400600,1610612745,Houston,Rockets,HOU,rockets,1630224,Jalen,Green,J. Green,jalen-green,G,,,30:28,30.466666666666665,8,21,0.381,2,8,0.25,1,2,0.5,1,3,4,4,1,0,5,1,19,-22.0,0022400600,Jalen Green,jalen green,,,2025-01-20,1,0.6236323851203501,0.03282275711159738,0.1312910284463895,0.1312910284463895,0.06564551422319476,2.0,5.0,5.0,3.0,4.0,2.0,9.0,3.0,1.0,0,0.0,0,0.00365,-31.2,-8545.603944124896,-31.086119999999998,0.03282275711159738,5.0,8.0,0.4732376
0022400600,1610612745,Houston,Rockets,HOU,rockets,1627832,Fred,VanVleet,F. VanVleet,fred-vanvleet,G,,,38:08,38.13333333333333,7,15,0.467,5,13,0.385,1,2,0.5,3,2,5,2,6,0,1,3,20,-11.0,0022400600,Fred VanVleet,fred vanvleet,,,2025-01-20,6,0.5244755244755245,0.07867132867132867,0.13111888111888112,0.05244755244755245,0.23601398601398602,1.0,2.0,4.0,4.0,1.0,2.0,7.0,2.0,3.0,0,0.0,0,0.0017499999999999998,-14.8,-8452.31296402056,-14.7741,0.15734265734265734,1.0,3.0,0.92093104
0022400600,1610612745,Houston,Rockets,HOU,rockets,1631106,Tari,Eason,T. Eason,tari-eason,,,,26:36,26.6,2,7,0.286,1,2,0.5,3,4,0.75,2,2,4,1,5,0,3,2,8,1.0,0022400600,Tari Eason,tari eason,,,2025-01-20,5,0.3007518796992481,0.07518796992481203,0.15037593984962405,0.03759398496240601,0.2631578947368421,6.0,3.0,5.0,6.0,2.0,2.0,3.0,6.0,7.0,0,0.0,0,0.00164,0.0,0.0,0.0,0.18796992481203006,2.0,2.0,0.13247998
0022400600,1610612745,Houston,Rockets,HOU,rockets,1629111,Jock,Landale,J. Landale,jock-landale,,,,10:15,10.25,2,5,0.4,0,0,0.0,2,2,1.0,2,1,3,0,1,0,0,0,6,-4.0,0022400600,Jock Landale,jock landale,,,2025-01-20,1,0.5853658536585366,0.1951219512195122,0.2926829268292683,0.0,0.2926829268292683,7.0,3.0,7.0,7.0,4.0,2.0,4.0,9.0,1.0,0,0.0,0,0.00222,-14.5,-6528.590724898693,-14.46781,0.0975609756097561,5.0,1.0,0.15117933
0022400600,1610612745,Houston,Rockets,HOU,rockets,1641715,Cam,Whitmore,C. Whitmore,cam-whitmore,,,,19:40,19.666666666666668,4,9,0.444,2,7,0.286,0,1,0.0,1,5,6,2,1,0,3,1,10,7.0,0022400600,Cam Whitmore,cam whitmore,,,2025-01-20,1,0.5084745762711864,0.05084745762711864,0.30508474576271183,0.10169491525423728,0.10169491525423728,5.0,5.0,2.0,4.0,4.0,2.0,1.0,7.0,0.0,0,0.0,0,0.0024,19.5,8121.6159933361105,19.453200000000002,0.05084745762711864,5.0,6.0,0.62956005
0022400600,1610612745,Houston,Rockets,HOU,rockets,1628988,Aaron,Holiday,A. Holiday,aaron-holiday,,,,14:39,14.65,0,2,0.0,0,2,0.0,0,0,0.0,0,3,3,0,1,1,0,1,0,3.0,0022400600,Aaron Holiday,aaron holiday,,,2025-01-20,2,0.0,0.0,0.20477815699658702,0.0,0.13651877133105803,9.0,8.0,7.0,7.0,4.0,1.0,2.0,8.0,2.0,0,0.0,0,0.00057,15.5,27145.359019264448,15.491165,0.13651877133105803,4.0,5.0,0.024099506
0022400615,1610612745,Houston,Rockets,HOU,rockets,1628415,Dillon,Brooks,D. Brooks,dillon-brooks,F,,,32:00,32.0,1,3,0.333,0,1,0.0,2,2,1.0,0,0,0,1,1,0,0,4,4,-2.0,0022400615,Dillon Brooks,dillon brooks,,,2025-01-22,1,0.125,0.0,0.0,0.03125,0.03125,7.0,6.0,9.0,7.0,3.0,4.0,5.0,4.0,1.0,0,0.0,0,0.00052,-1.4,-2687.1401151631476,-1.399272,0.03125,5.0,7.0,0.018199151
0022400615,1610612745,Houston,Rockets,HOU,rockets,1641708,Amen,Thompson,A. Thompson,amen-thompson,F,,,36:19,36.31666666666667,7,15,0.467,1,3,0.333,1,2,0.5,9,7,16,4,4,0,5,2,16,-10.0,0022400615,Amen Thompson,amen thompson,,,2025-01-22,4,0.44056906837999077,0.24782010096374482,0.44056906837999077,0.11014226709499769,0.3579623680587425,3.0,1.0,1.0,3.0,1.0,4.0,8.0,2.0,5.0,0,0.0,0,0.00223,-14.3,-6409.681757059614,-14.268111000000001,0.11014226709499769,1.0,2.0,0.74322283
0022400615,1610612745,Houston,Rockets,HOU,rockets,1630578,Alperen,Sengun,A. Sengun,alperen-sengun,C,,,29:16,29.266666666666666,7,13,0.538,0,1,0.0,4,6,0.667,2,9,11,4,0,1,3,3,18,4.0,0022400615,Alperen Sengun,alperen sengun,,,2025-01-22,1,0.6150341685649203,0.0683371298405467,0.37585421412300685,0.1366742596810934,0.10250569476082005,2.0,4.0,2.0,3.0,4.0,3.0,4.0,5.0,0.0,0,0.0,0,0.00268,8.6,3207.758299142111,8.576952,0.03416856492027335,5.0,4.0,0.7883645
0022400615,1610612745,Houston,Rockets,HOU,rockets,1630224,Jalen,Green,J. Green,jalen-green,G,,,33:23,33.38333333333333,4,16,0.25,2,6,0.333,0,0,0.0,0,2,2,5,0,0,3,3,10,-17.0,0022400615,Jalen Green,jalen green,,,2025-01-22,0,0.29955067398901647,0.0,0.05991013479780329,0.14977533699450823,0.0,6.0,6.0,6.0,1.0,4.0,4.0,9.0,3.0,1.0,0,0.0,0,0.00226,-25.4,-11233.967271118974,-25.342595999999997,0.0,7.0,8.0,0.049508933
0022400615,1610612745,Houston,Rockets,HOU,rockets,1627832,Fred,VanVleet,F. VanVleet,fred-vanvleet,G,,,39:49,39.81666666666667,8,15,0.533,7,12,0.583,3,3,1.0,0,3,3,5,0,0,6,3,26,8.0,0022400615,Fred VanVleet,fred vanvleet,,,2025-01-22,0,0.6529928840519045,0.0,0.07534533277521975,0.12557555462536626,0.0,1.0,6.0,5.0,1.0,4.0,4.0,3.0,1.0,1.0,0,0.0,0,0.0022,9.8,4452.5215810995,9.778440000000002,0.0,7.0,8.0,0.81914175
0022400615,1610612745,Houston,Rockets,HOU,rockets,1631106,Tari,Eason,T. Eason,tari-eason,,,,20:10,20.166666666666668,4,10,0.4,3,5,0.6,1,1,1.0,3,3,6,2,3,0,1,2,12,19.0,0022400615,Tari Eason,tari eason,,,2025-01-22,3,0.5950413223140496,0.1487603305785124,0.2975206611570248,0.09917355371900825,0.2975206611570248,5.0,3.0,4.0,5.0,2.0,4.0,1.0,7.0,2.0,0,0.0,0,0.00193,46.1,23873.640600725015,46.011027,0.1487603305785124,2.0,3.0,0.874032
0022400615,1610612745,Houston,Rockets,HOU,rockets,1641715,Cam,Whitmore,C. Whitmore,cam-whitmore,,,,20:37,20.616666666666667,6,12,0.5,2,5,0.4,2,2,1.0,0,2,2,1,0,2,2,1,16,13.0,0022400615,Cam Whitmore,cam whitmore,,,2025-01-22,2,0.7760711398544866,0.0,0.09700889248181083,0.04850444624090541,0.09700889248181083,3.0,6.0,6.0,7.0,4.0,1.0,2.0,6.0,0.0,0,0.0,0,0.0025900000000000003,31.0,11964.492473948281,30.919710000000002,0.09700889248181083,3.0,6.0,0.8594943
0022400615,1610612745,Houston,Rockets,HOU,rockets,203500,Steven,Adams,S. Adams,steven-adams,,,,18:40,18.666666666666668,1,2,0.5,0,0,0.0,1,4,0.25,5,6,11,2,0,2,1,1,3,-2.0,0022400615,Steven Adams,steven adams,,,2025-01-22,2,0.1607142857142857,0.26785714285714285,0.5892857142857143,0.10714285714285714,0.375,9.0,2.0,2.0,5.0,4.0,1.0,5.0,8.0,1.0,0,0.0,0,0.00094,-5.4,-5738.575982996812,-5.3949240000000005,0.10714285714285714,3.0,1.0,0.2108808
0022400615,1610612745,Houston,Rockets,HOU,rockets,1630256,Jae'Sean,Tate,J. Tate,jaesean-tate,,,,9:48,9.8,2,5,0.4,0,1,0.0,0,0,0.0,1,1,2,1,0,0,1,1,4,-8.0,0022400615,Jae'Sean Tate,jae'sean tate,,,2025-01-22,0,0.4081632653061224,0.1020408163265306,0.2040816326530612,0.1020408163265306,0.1020408163265306,7.0,5.0,6.0,7.0,4.0,4.0,7.0,9.0,1.0,0,0.0,0,0.00214,-44.4,-20737.972909855205,-44.304984,0.0,7.0,5.0,0.022644429
0022400640,1610612745,Houston,Rockets,HOU,rockets,1641708,Amen,Thompson,A. Thompson,amen-thompson,F,,,41:16,41.266666666666666,8,13,0.615,0,1,0.0,7,10,0.7,4,10,14,10,1,2,3,2,23,10.0,0022400640,Amen Thompson,amen thompson,,,2025-01-25,3,0.5573505654281099,0.09693053311793215,0.33925686591276255,0.24232633279483037,0.16962843295638128,3.0,1.0,1.0,1.0,2.0,1.0,1.0,1.0,1.0,0,0.0,0,0.0021,17.2,8186.577820085673,17.16388,0.07269789983844911,1.0,2.0,0.9181007
0022400640,1610612745,Houston,Rockets,HOU,rockets,1628415,Dillon,Brooks,D. Brooks,dillon-brooks,F,,,32:34,32.56666666666667,5,8,0.625,1,3,0.333,2,2,1.0,1,5,6,0,2,0,1,3,13,2.0,0022400640,Dillon Brooks,dillon brooks,,,2025-01-25,2,0.39918116683725685,0.030706243602865915,0.18423746161719548,0.0,0.09211873080859774,6.0,5.0,3.0,7.0,1.0,4.0,5.0,5.0,2.0,0,0.0,0,0.0013,8.7,6687.16372021522,8.68869,0.06141248720573183,2.0,5.0,0.5834441
0022400640,1610612745,Houston,Rockets,HOU,rockets,1630578,Alperen,Sengun,A. Sengun,alperen-sengun,C,,,32:36,32.6,9,17,0.529,1,2,0.5,7,13,0.538,3,5,8,3,0,0,0,4,26,-2.0,0022400640,Alperen Sengun,alperen sengun,,,2025-01-25,0,0.7975460122699386,0.09202453987730061,0.24539877300613497,0.09202453987730061,0.09202453987730061,1.0,2.0,2.0,4.0,5.0,4.0,8.0,4.0,2.0,0,0.0,0,0.00311,-3.1,-996.4641594342655,-3.0903590000000003,0.0,5.0,6.0,0.8331016
0022400640,1610612745,Houston,Rockets,HOU,rockets,1630224,Jalen,Green,J. Green,jalen-green,G,,,36:04,36.06666666666667,7,16,0.438,5,11,0.455,7,7,1.0,0,3,3,4,0,0,2,3,26,5.0,0022400640,Jalen Green,jalen green,,,2025-01-25,0,0.720887245841035,0.0,0.08317929759704251,0.11090573012939,0.0,1.0,8.0,5.0,3.0,5.0,4.0,3.0,3.0,1.0,0,0.0,0,0.0023899999999999998,8.1,3387.7038895859473,8.080641,0.0,5.0,8.0,0.8419093
0022400640,1610612745,Houston,Rockets,HOU,rockets,1627832,Fred,VanVleet,F. VanVleet,fred-vanvleet,G,,,38:17,38.28333333333333,6,13,0.462,6,9,0.667,2,2,1.0,1,2,3,6,0,0,2,1,20,-7.0,0022400640,Fred VanVleet,fred vanvleet,,,2025-01-25,0,0.522420548541576,0.0261210274270788,0.0783630822812364,0.1567261645624728,0.0261210274270788,4.0,5.0,5.0,2.0,5.0,4.0,9.0,2.0,1.0,0,0.0,0,0.00178,-5.5,-3088.15272318922,-5.49021,0.0,5.0,7.0,0.7780446
0022400640,1610612745,Houston,Rockets,HOU,rockets,1631106,Tari,Eason,T. Eason,tari-eason,,,,21:32,21.533333333333335,2,3,0.667,0,1,0.0,0,0,0.0,1,2,3,0,1,1,0,5,4,1.0,0022400640,Tari Eason,tari eason,,,2025-01-25,2,0.18575851393188852,0.04643962848297213,0.1393188854489164,0.0,0.1393188854489164,8.0,5.0,5.0,7.0,2.0,2.0,6.0,6.0,1.0,0,0.0,0,0.0005899999999999999,8.3,14043.993231810493,8.295103000000001,0.09287925696594426,2.0,4.0,0.06505295
0022400640,1610612745,Houston,Rockets,HOU,rockets,1641715,Cam,Whitmore,C. Whitmore,cam-whitmore,,,,10:26,10.433333333333334,1,2,0.5,0,1,0.0,0,0,0.0,0,1,1,1,0,0,1,1,2,0.0,0022400640,Cam Whitmore,cam whitmore,,,2025-01-25,0,0.19169329073482427,0.0,0.09584664536741214,0.09584664536741214,0.0,9.0,8.0,9.0,6.0,5.0,4.0,7.0,9.0,0.0,0,0.0,0,0.00111,5.2,4680.468046804681,5.194228,0.0,5.0,8.0,0.0070163454
0022400640,1610612745,Houston,Rockets,HOU,rockets,203500,Steven,Adams,S. Adams,steven-adams,,,,14:58,14.966666666666667,4,6,0.667,0,0,0.0,6,9,0.667,2,2,4,2,1,1,1,0,14,7.0,0022400640,Steven Adams,steven adams,,,2025-01-25,2,0.9354120267260579,0.13363028953229397,0.26726057906458794,0.13363028953229397,0.26726057906458794,5.0,3.0,4.0,5.0,2.0,2.0,2.0,7.0,1.0,0,0.0,0,0.0028199999999999996,21.2,7515.065579581709,21.140216,0.13363028953229397,2.0,1.0,0.86798024
0022400640,1610612745,Houston,Rockets,HOU,rockets,1630256,Jae'Sean,Tate,J. Tate,jaesean-tate,,,,12:17,12.283333333333333,3,4,0.75,0,0,0.0,1,2,0.5,2,1,3,0,0,0,1,4,7,4.0,0022400640,Jae'Sean Tate,jae'sean tate,,,2025-01-25,0,0.5698778833107191,0.1628222523744912,0.24423337856173677,0.0,0.1628222523744912,7.0,3.0,5.0,7.0,5.0,4.0,4.0,8.0,1.0,0,1.0,0,0.00194,10.8,5564.142194744977,10.779048,0.0,5.0,3.0,0.42237952
0022400650,1610612745,Houston,Rockets,HOU,rockets,1628415,Dillon,Brooks,D. Brooks,dillon-brooks,F,,,40:16,40.266666666666666,13,23,0.565,10,15,0.667,0,1,0.0,2,1,3,0,1,0,1,3,36,16.0,0022400650,Dillon Brooks,dillon brooks,,,2025-01-27,1,0.8940397350993378,0.049668874172185434,0.07450331125827815,0.0,0.07450331125827815,1.0,3.0,6.0,7.0,2.0,2.0,2.0,2.0,3.0,0,0.0,0,0.00261,21.9,8387.590961317503,21.842841,0.024834437086092717,3.0,4.0,0.93780684
0022400650,1610612745,Houston,Rockets,HOU,rockets,1641708,Amen,Thompson,A. Thompson,amen-thompson,F,,,41:45,41.75,13,19,0.684,1,2,0.5,6,8,0.75,2,7,9,4,1,1,1,2,33,8.0,0022400650,Amen Thompson,amen thompson,,,2025-01-27,2,0.7904191616766467,0.04790419161676647,0.2155688622754491,0.09580838323353294,0.09580838323353294,2.0,3.0,1.0,4.0,2.0,1.0,3.0,1.0,3.0,0,0.0,0,0.0025,11.1,4438.224710115953,11.07225,0.04790419161676647,1.0,3.0,0.8108519
0022400650,1610612745,Houston,Rockets,HOU,rockets,1630578,Alperen,Sengun,A. Sengun,alperen-sengun,C,,,34:08,34.13333333333333,4,10,0.4,0,1,0.0,3,4,0.75,5,4,9,9,2,0,1,3,11,17.0,0022400650,Alperen Sengun,alperen sengun,,,2025-01-27,2,0.322265625,0.146484375,0.263671875,0.263671875,0.205078125,4.0,1.0,1.0,1.0,1.0,2.0,1.0,4.0,4.0,0,0.0,0,0.0016300000000000002,21.8,13366.033108522379,21.764466,0.05859375,1.0,2.0,0.90419185
0022400650,1610612745,Houston,Rockets,HOU,rockets,1630224,Jalen,Green,J. Green,jalen-green,G,,,29:40,29.666666666666668,3,13,0.231,1,6,0.167,5,7,0.714,0,3,3,6,1,0,1,1,12,0.0,0022400650,Jalen Green,jalen green,,,2025-01-27,1,0.4044943820224719,0.0,0.10112359550561797,0.20224719101123595,0.033707865168539325,3.0,5.0,6.0,3.0,2.0,2.0,5.0,5.0,2.0,0,0.0,0,0.00246,-2.0,-812.6777732629013,-1.99508,0.033707865168539325,3.0,6.0,0.20351413
0022400650,1610612745,Houston,Rockets,HOU,rockets,1627832,Fred,VanVleet,F. VanVleet,fred-vanvleet,G,,,36:44,36.733333333333334,2,9,0.222,2,7,0.286,1,1,1.0,0,5,5,7,1,0,0,3,7,4.0,0022400650,Fred VanVleet,fred vanvleet,,,2025-01-27,1,0.19056261343012704,0.0,0.13611615245009073,0.19056261343012704,0.02722323049001815,5.0,5.0,4.0,2.0,2.0,2.0,4.0,3.0,1.0,0,0.0,0,0.00108,5.6,5180.3885291396855,5.593952,0.02722323049001815,3.0,7.0,0.07983442
0022400650,1610612745,Houston,Rockets,HOU,rockets,1628988,Aaron,Holiday,A. Holiday,aaron-holiday,,,,14:36,14.6,2,4,0.5,1,2,0.5,0,0,0.0,0,0,0,1,0,0,1,4,5,-9.0,0022400650,Aaron Holiday,aaron holiday,,,2025-01-27,0,0.3424657534246575,0.0,0.0,0.0684931506849315,0.0,7.0,5.0,8.0,6.0,7.0,2.0,7.0,7.0,1.0,0,0.0,0,0.0013900000000000002,-30.0,-21567.21782890007,-29.9583,0.0,7.0,8.0,0.013009832
0022400650,1610612745,Houston,Rockets,HOU,rockets,1631106,Tari,Eason,T. Eason,tari-eason,,,,24:42,24.7,2,10,0.2,2,7,0.286,0,0,0.0,0,6,6,2,1,0,0,2,6,-3.0,0022400650,Tari Eason,tari eason,,,2025-01-27,1,0.24291497975708504,0.0,0.24291497975708504,0.08097165991902834,0.04048582995951417,6.0,5.0,3.0,5.0,2.0,2.0,6.0,6.0,2.0,0,0.0,0,0.00172,-1.4,-813.4805345729227,-1.397592,0.04048582995951417,3.0,5.0,0.08296363
0022400650,1610612745,Houston,Rockets,HOU,rockets,203500,Steven,Adams,S. Adams,steven-adams,,,,13:37,13.616666666666667,2,3,0.667,0,0,0.0,0,0,0.0,3,1,4,0,0,0,2,2,4,-11.0,0022400650,Steven Adams,steven adams,,,2025-01-27,0,0.2937576499388005,0.22031823745410037,0.2937576499388005,0.0,0.22031823745410037,8.0,2.0,5.0,7.0,7.0,2.0,8.0,8.0,1.0,0,0.0,0,0.0015199999999999999,-47.4,-31163.708086785013,-47.327952,0.0,7.0,1.0,0.021795673
0022400650,1610612745,Houston,Rockets,HOU,rockets,1630256,Jae'Sean,Tate,J. Tate,jaesean-tate,,,,4:32,4.533333333333333,0,1,0.0,0,1,0.0,0,0,0.0,0,0,0,0,0,0,0,2,0,-12.0,0022400650,Jae'Sean Tate,jae'sean tate,,,2025-01-27,0,0.0,0.0,0.0,0.0,0.0,9.0,5.0,8.0,7.0,7.0,2.0,9.0,9.0,0.0,0,0.0,0,0.001,-88.9,-88811.18881118883,-88.81110000000001,0.0,7.0,8.0,0.0019918925
0022400532,1610612745,Houston,Rockets,HOU,rockets,1628415,Dillon,Brooks,D. Brooks,dillon-brooks,F,,,32:25,32.416666666666664,4,12,0.333,3,8,0.375,0,0,0.0,0,2,2,1,0,0,3,2,11,-8.0,0022400532,Dillon Brooks,dillon brooks,,,2025-01-28,0,0.3393316195372751,0.0,0.06169665809768638,0.03084832904884319,0.0,4.0,5.0,8.0,6.0,7.0,5.0,9.0,3.0,4.0,0,0.0,0,0.0020499999999999997,-7.3,-3559.23939541687,-7.285035,0.0,9.0,9.0,0.11053135
0022400532,1610612745,Houston,Rockets,HOU,rockets,1641708,Amen,Thompson,A. Thompson,amen-thompson,F,,,30:46,30.766666666666666,2,5,0.4,0,0,0.0,7,7,1.0,1,4,5,3,3,1,2,2,11,1.0,0022400532,Amen Thompson,amen thompson,,,2025-01-28,4,0.35752979414951247,0.032502708559046585,0.16251354279523295,0.09750812567713976,0.16251354279523295,4.0,3.0,5.0,3.0,2.0,1.0,5.0,4.0,4.0,0,0.0,0,0.0014099999999999998,4.2,2976.6123316796607,4.194078,0.13001083423618634,1.0,2.0,0.1891605
0022400532,1610612745,Houston,Rockets,HOU,rockets,1630578,Alperen,Sengun,A. Sengun,alperen-sengun,C,,,29:19,29.316666666666666,7,12,0.583,0,1,0.0,4,4,1.0,2,8,10,2,1,0,2,3,18,-5.0,0022400532,Alperen Sengun,alperen sengun,,,2025-01-28,1,0.6139852188743604,0.06822057987492894,0.34110289937464466,0.06822057987492894,0.10233086981239341,2.0,1.0,1.0,4.0,4.0,5.0,7.0,5.0,1.0,0,0.0,0,0.00229,-6.3,-2749.8908773461367,-6.285572999999999,0.03411028993746447,4.0,5.0,0.7833591
0022400532,1610612745,Houston,Rockets,HOU,rockets,1630224,Jalen,Green,J. Green,jalen-green,G,,,33:25,33.416666666666664,11,24,0.458,1,9,0.111,2,2,1.0,0,7,7,0,2,1,7,3,25,-4.0,0022400532,Jalen Green,jalen green,,,2025-01-28,3,0.7481296758104738,0.0,0.2094763092269327,0.0,0.08977556109725686,1.0,5.0,2.0,8.0,3.0,1.0,6.0,2.0,3.0,0,0.0,0,0.004,-4.2,-1049.7375656085978,-4.1832,0.08977556109725686,3.0,6.0,0.7301964
0022400532,1610612745,Houston,Rockets,HOU,rockets,1627832,Fred,VanVleet,F. VanVleet,fred-vanvleet,G,,,36:01,36.016666666666666,2,9,0.222,1,7,0.143,0,0,0.0,0,4,4,6,1,0,2,4,5,7.0,0022400532,Fred VanVleet,fred vanvleet,,,2025-01-28,1,0.13882461823229986,0.0,0.11105969458583989,0.16658954187875985,0.027764923646459973,7.0,5.0,6.0,1.0,4.0,5.0,3.0,1.0,4.0,0,0.0,0,0.00133,11.6,8715.251690458303,11.584572,0.027764923646459973,4.0,8.0,0.03549549
0022400532,1610612745,Houston,Rockets,HOU,rockets,1641715,Cam,Whitmore,C. Whitmore,cam-whitmore,,,,19:32,19.533333333333335,1,4,0.25,0,2,0.0,0,0,0.0,1,5,6,1,1,0,3,3,2,4.0,0022400532,Cam Whitmore,cam whitmore,,,2025-01-28,1,0.10238907849829351,0.051194539249146756,0.3071672354948805,0.051194539249146756,0.10238907849829351,9.0,3.0,3.0,6.0,4.0,5.0,4.0,7.0,1.0,0,0.0,0,0.0014299999999999998,11.3,7896.575821104125,11.283841,0.051194539249146756,4.0,4.0,0.033292513
0022400532,1610612745,Houston,Rockets,HOU,rockets,1628988,Aaron,Holiday,A. Holiday,aaron-holiday,,,,16:55,16.916666666666668,2,4,0.5,2,3,0.667,2,2,1.0,0,1,1,4,0,1,1,0,8,-5.0,0022400532,Aaron Holiday,aaron holiday,,,2025-01-28,1,0.4729064039408867,0.0,0.059113300492610835,0.23645320197044334,0.059113300492610835,6.0,5.0,9.0,2.0,7.0,1.0,7.0,8.0,3.0,0,0.0,0,0.0017100000000000001,-9.0,-5260.081823495032,-8.98461,0.059113300492610835,4.0,7.0,0.09554914
0022400532,1610612745,Houston,Rockets,HOU,rockets,1629111,Jock,Landale,J. Landale,jock-landale,,,,16:17,16.283333333333335,2,3,0.667,0,0,0.0,0,0,0.0,2,4,6,2,0,1,1,2,4,15.0,0022400532,Jock Landale,jock landale,,,2025-01-28,1,0.24564994882292732,0.12282497441146366,0.36847492323439096,0.12282497441146366,0.18423746161719548,8.0,1.0,3.0,4.0,7.0,1.0,1.0,9.0,1.0,0,0.0,0,0.00108,44.1,40795.55966697503,44.052372000000005,0.06141248720573183,4.0,1.0,0.34991416
0022400532,1610612745,Houston,Rockets,HOU,rockets,1630256,Jae'Sean,Tate,J. Tate,jaesean-tate,,,,25:19,25.316666666666666,6,6,1.0,0,0,0.0,4,5,0.8,0,3,3,0,4,0,0,1,16,15.0,0022400532,Jae'Sean Tate,jae'sean tate,,,2025-01-28,4,0.6319947333772219,0.0,0.1184990125082291,0.0,0.15799868334430547,3.0,5.0,7.0,8.0,1.0,5.0,1.0,6.0,6.0,0,0.0,0,0.0014000000000000002,32.7,23340.47109207709,32.65422,0.15799868334430547,1.0,3.0,0.8714893
0022400676,1610612745,Houston,Rockets,HOU,rockets,1628415,Dillon,Brooks,D. Brooks,dillon-brooks,F,,,30:28,30.466666666666665,9,17,0.529,3,7,0.429,1,1,1.0,1,1,2,0,0,0,2,6,22,0.0,0022400676,Dillon Brooks,dillon brooks,,,2025-01-30,0,0.7221006564551423,0.03282275711159738,0.06564551422319476,0.0,0.03282275711159738,2.0,5.0,6.0,8.0,7.0,3.0,4.0,4.0,5.0,0,1.0,0,0.0025,1.9,759.6961215513794,1.89525,0.0,7.0,8.0,0.8395366
0022400676,1610612745,Houston,Rockets,HOU,rockets,1641708,Amen,Thompson,A. Thompson,amen-thompson,F,,,38:18,38.3,7,15,0.467,0,0,0.0,7,9,0.778,1,6,7,4,1,4,1,2,21,-1.0,0022400676,Amen Thompson,amen thompson,,,2025-01-30,5,0.5483028720626633,0.026109660574412535,0.18276762402088775,0.10443864229765014,0.1566579634464752,3.0,5.0,3.0,3.0,1.0,1.0,5.0,2.0,1.0,0,0.0,0,0.0020599999999999998,0.3,145.5604075691412,0.299382,0.13054830287206268,1.0,4.0,0.7693054
0022400676,1610612745,Houston,Rockets,HOU,rockets,203500,Steven,Adams,S. Adams,steven-adams,C,,,23:02,23.033333333333335,4,9,0.444,0,0,0.0,3,3,1.0,7,3,10,3,1,0,1,2,11,-6.0,0022400676,Steven Adams,steven adams,,,2025-01-30,1,0.47756874095513746,0.30390738060781475,0.4341534008683068,0.13024602026049203,0.3473227206946454,6.0,1.0,2.0,4.0,1.0,3.0,7.0,6.0,0.0,0,0.0,0,0.0017699999999999999,-12.8,-7227.555053642011,-12.777344,0.04341534008683068,3.0,1.0,0.5012346
0022400676,1610612745,Houston,Rockets,HOU,rockets,1630224,Jalen,Green,J. Green,jalen-green,G,,,38:31,38.516666666666666,8,21,0.381,5,10,0.5,4,5,0.8,1,5,6,5,0,0,2,1,25,10.0,0022400676,Jalen Green,jalen green,,,2025-01-30,0,0.6490696668109044,0.025962786672436174,0.15577672003461704,0.1298139333621809,0.025962786672436174,1.0,5.0,4.0,1.0,7.0,3.0,1.0,1.0,4.0,0,0.0,0,0.00255,14.2,5566.444531556252,14.163789999999999,0.0,7.0,9.0,0.7967918
0022400676,1610612745,Houston,Rockets,HOU,rockets,1627832,Fred,VanVleet,F. VanVleet,fred-vanvleet,G,,,36:03,36.05,4,12,0.333,2,8,0.25,3,3,1.0,0,1,1,5,1,1,2,1,13,-11.0,0022400676,Fred VanVleet,fred vanvleet,,,2025-01-30,2,0.3606102635228849,0.0,0.027739251040221916,0.1386962552011096,0.05547850208044383,4.0,9.0,9.0,1.0,1.0,2.0,9.0,3.0,5.0,0,0.0,0,0.00165,-13.4,-8116.293155663235,-13.377889999999999,0.05547850208044383,2.0,7.0,0.4621628
0022400676,1610612745,Houston,Rockets,HOU,rockets,1629111,Jock,Landale,J. Landale,jock-landale,,,,16:22,16.366666666666667,2,3,0.667,1,1,1.0,3,4,0.75,2,1,3,2,1,0,0,3,8,7.0,0022400676,Jock Landale,jock landale,,,2025-01-30,1,0.48879837067209775,0.12219959266802444,0.18329938900203666,0.12219959266802444,0.18329938900203666,7.0,3.0,5.0,5.0,1.0,3.0,2.0,8.0,2.0,0,0.0,0,0.0011899999999999999,20.0,16792.61125104954,19.9762,0.06109979633401222,3.0,3.0,0.46278176
0022400676,1610612745,Houston,Rockets,HOU,rockets,1631106,Tari,Eason,T. Eason,tari-eason,,,,29:40,29.666666666666668,6,12,0.5,1,3,0.333,0,1,0.0,4,8,12,0,0,0,2,1,13,-1.0,0022400676,Tari Eason,tari eason,,,2025-01-30,0,0.4382022471910112,0.1348314606741573,0.4044943820224719,0.0,0.1348314606741573,4.0,2.0,1.0,8.0,7.0,3.0,5.0,5.0,1.0,0,0.0,0,0.00179,0.3,167.50418760469012,0.299463,0.0,7.0,5.0,0.4558059
0022400676,1610612745,Houston,Rockets,HOU,rockets,1641715,Cam,Whitmore,C. Whitmore,cam-whitmore,,,,16:55,16.916666666666668,2,6,0.333,1,3,0.333,0,0,0.0,1,1,2,2,1,0,1,3,5,3.0,0022400676,Cam Whitmore,cam whitmore,,,2025-01-30,1,0.29556650246305416,0.059113300492610835,0.11822660098522167,0.11822660098522167,0.11822660098522167,8.0,5.0,6.0,5.0,1.0,3.0,3.0,7.0,1.0,0,0.0,0,0.00159,11.9,7479.572595851666,11.881079,0.059113300492610835,3.0,6.0,0.035453126
0022400676,1610612745,Houston,Rockets,HOU,rockets,1630256,Jae'Sean,Tate,J. Tate,jaesean-tate,,,,10:41,10.683333333333334,0,2,0.0,0,0,0.0,1,2,0.5,2,0,2,1,1,0,1,1,1,-6.0,0022400676,Jae'Sean Tate,jae'sean tate,,,2025-01-30,1,0.093603744149766,0.187207488299532,0.187207488299532,0.093603744149766,0.28081123244929795,9.0,3.0,6.0,7.0,1.0,3.0,7.0,9.0,0.0,0,1.0,0,0.0012900000000000001,-25.0,-19364.833462432223,-24.96775,0.093603744149766,3.0,2.0,0.022411637
0022400689,1610612745,Houston,Rockets,HOU,rockets,1628415,Dillon,Brooks,D. Brooks,dillon-brooks,F,,,26:20,26.333333333333332,7,14,0.5,2,5,0.4,0,0,0.0,3,6,9,2,0,0,0,5,16,1.0,0022400689,Dillon Brooks,dillon brooks,,,2025-02-01,0,0.6075949367088608,0.1139240506329114,0.34177215189873417,0.0759493670886076,0.1139240506329114,2.0,1.0,2.0,2.0,5.0,5.0,3.0,4.0,1.0,0,0.0,0,0.00219,9.6,4381.560931081697,9.578975999999999,0.0,6.0,7.0,0.77189374
0022400689,1610612745,Houston,Rockets,HOU,rockets,1641708,Amen,Thompson,A. Thompson,amen-thompson,F,,,40:50,40.833333333333336,4,16,0.25,0,2,0.0,0,1,0.0,3,7,10,7,1,1,0,4,8,-10.0,0022400689,Amen Thompson,amen thompson,,,2025-02-01,2,0.19591836734693877,0.07346938775510203,0.24489795918367346,0.17142857142857143,0.12244897959183673,5.0,1.0,1.0,1.0,3.0,2.0,9.0,1.0,4.0,0,0.0,0,0.00168,-11.4,-6781.67757287329,-11.380848,0.04897959183673469,3.0,6.0,0.27140433
0022400689,1610612745,Houston,Rockets,HOU,rockets,203500,Steven,Adams,S. Adams,steven-adams,C,,,24:59,24.983333333333334,4,5,0.8,0,0,0.0,3,6,0.5,2,5,7,0,1,3,0,2,11,3.0,0022400689,Steven Adams,steven adams,,,2025-02-01,4,0.4402935290193462,0.0800533689126084,0.2801867911941294,0.0,0.2401601067378252,4.0,4.0,4.0,9.0,3.0,1.0,2.0,5.0,2.0,0,0.0,0,0.00145,4.2,2894.5554789800144,4.193910000000001,0.1601067378252168,1.0,2.0,0.81440157
0022400689,1610612745,Houston,Rockets,HOU,rockets,1630224,Jalen,Green,J. Green,jalen-green,G,,,38:03,38.05,11,24,0.458,3,11,0.273,4,4,1.0,1,2,3,2,0,0,1,1,29,-9.0,0022400689,Jalen Green,jalen green,,,2025-02-01,0,0.7621550591327202,0.02628120893561104,0.07884362680683311,0.05256241787122208,0.02628120893561104,1.0,6.0,5.0,2.0,5.0,5.0,8.0,2.0,0.0,0,0.0,0,0.00307,-7.4,-2409.6385542168678,-7.377282,0.0,6.0,8.0,0.7563665
0022400689,1610612745,Houston,Rockets,HOU,rockets,1627832,Fred,VanVleet,F. VanVleet,fred-vanvleet,G,,,16:34,16.566666666666666,1,4,0.25,1,4,0.25,0,0,0.0,0,0,0,2,0,0,0,1,3,-1.0,0022400689,Fred VanVleet,fred vanvleet,,,2025-02-01,0,0.18108651911468812,0.0,0.0,0.12072434607645875,0.0,8.0,7.0,9.0,2.0,5.0,5.0,4.0,6.0,0.0,0,0.0,0,0.001,-6.8,-6793.206793206793,-6.7932,0.0,6.0,9.0,0.008244063
0022400689,1610612745,Houston,Rockets,HOU,rockets,1641715,Cam,Whitmore,C. Whitmore,cam-whitmore,,,,14:28,14.466666666666667,1,4,0.25,1,3,0.333,1,2,0.5,0,2,2,0,2,0,5,2,4,-15.0,0022400689,Cam Whitmore,cam whitmore,,,2025-02-01,2,0.2764976958525346,0.0,0.1382488479262673,0.0,0.1382488479262673,7.0,7.0,6.0,9.0,1.0,5.0,12.0,8.0,1.0,0,0.0,0,0.00294,-46.1,-15674.940496429786,-45.964466,0.1382488479262673,3.0,5.0,0.010425572
0022400689,1610612745,Houston,Rockets,HOU,rockets,1631106,Tari,Eason,T. Eason,tari-eason,,,,27:20,27.333333333333332,5,9,0.556,2,2,1.0,0,0,0.0,3,6,9,1,0,1,3,1,12,-3.0,0022400689,Tari Eason,tari eason,,,2025-02-01,1,0.43902439024390244,0.10975609756097561,0.32926829268292684,0.03658536585365854,0.14634146341463417,3.0,1.0,2.0,6.0,5.0,2.0,5.0,3.0,2.0,0,0.0,0,0.00169,-3.4,-2010.6445890005914,-3.394254,0.03658536585365854,5.0,4.0,0.6301121
0022400689,1610612745,Houston,Rockets,HOU,rockets,1629111,Jock,Landale,J. Landale,jock-landale,,,,8:00,8.0,1,4,0.25,0,0,0.0,0,0,0.0,2,0,2,2,0,0,0,0,2,-11.0,0022400689,Jock Landale,jock landale,,,2025-02-01,0,0.25,0.25,0.25,0.25,0.25,10.0,4.0,6.0,2.0,5.0,5.0,10.0,11.0,0.0,0,0.0,0,0.002,-65.4,-32683.658170914543,-65.26920000000001,0.0,6.0,1.0,0.006243978
0022400689,1610612745,Houston,Rockets,HOU,rockets,1630256,Jae'Sean,Tate,J. Tate,jaesean-tate,,,,6:43,6.716666666666667,0,1,0.0,0,0,0.0,2,2,1.0,0,0,0,0,0,0,0,0,2,-6.0,0022400689,Jae'Sean Tate,jae'sean tate,,,2025-02-01,0,0.2977667493796526,0.0,0.0,0.0,0.0,10.0,7.0,9.0,9.0,5.0,5.0,7.0,12.0,0.0,0,0.0,0,0.00125,-46.2,-36930.45563549161,-46.142250000000004,0.0,6.0,9.0,0.0026862833
0022400689,1610612745,Houston,Rockets,HOU,rockets,1628988,Aaron,Holiday,A. Holiday,aaron-holiday,,,,12:43,12.716666666666667,1,6,0.167,1,6,0.167,0,0,0.0,0,0,0,1,0,0,0,2,3,-12.0,0022400689,Aaron Holiday,aaron holiday,,,2025-02-01,0,0.23591087811271297,0.0,0.0,0.07863695937090433,0.0,8.0,7.0,9.0,6.0,5.0,5.0,11.0,9.0,0.0,0,0.0,0,0.00214,-45.5,-21251.75151798225,-45.40263,0.0,6.0,9.0,0.005045225
0022400689,1610612745,Houston,Rockets,HOU,rockets,201145,Jeff,Green,J. Green,jeff-green,,,,8:24,8.4,1,2,0.5,0,1,0.0,0,0,0.0,0,0,0,0,0,0,1,0,2,-4.0,0022400689,Jeff Green,jeff green,,,2025-02-01,0,0.23809523809523808,0.0,0.0,0.0,0.0,10.0,7.0,9.0,9.0,5.0,5.0,6.0,10.0,,1,,1,0.00158,-17.6,-11132.194813409236,-17.572192,0.0,6.0,9.0,0.006422681
0022400689,1610612745,Houston,Rockets,HOU,rockets,1642263,Reed,Sheppard,R. Sheppard,reed-sheppard,,,,15:36,15.6,2,6,0.333,2,5,0.4,0,0,0.0,0,2,2,1,2,1,0,2,6,7.0,0022400689,Reed Sheppard,reed sheppard,,,2025-02-01,3,0.38461538461538464,0.0,0.12820512820512822,0.06410256410256411,0.19230769230769232,6.0,7.0,6.0,6.0,1.0,2.0,1.0,7.0,0.0,0,0.0,0,0.0015,17.6,11725.5163224517,17.573600000000003,0.19230769230769232,2.0,3.0,0.3130657
0022400702,1610612745,Houston,Rockets,HOU,rockets,1628415,Dillon,Brooks,D. Brooks,dillon-brooks,F,,,39:52,39.86666666666667,4,12,0.333,1,3,0.333,2,2,1.0,3,3,6,1,2,0,1,5,11,-13.0,0022400702,Dillon Brooks,dillon brooks,,,2025-02-03,2,0.27591973244147155,0.07525083612040134,0.1505016722408027,0.02508361204013378,0.1254180602006689,6.0,3.0,3.0,4.0,1.0,5.0,6.0,1.0,6.0,0,0.0,0,0.00128,-14.9,-11631.537861046058,-14.880928,0.05016722408026756,4.0,6.0,0.36985832
0022400702,1610612745,Houston,Rockets,HOU,rockets,1631106,Tari,Eason,T. Eason,tari-eason,F,,,33:41,33.68333333333333,5,11,0.455,1,2,0.5,1,1,1.0,3,3,6,1,1,3,1,3,12,-17.0,0022400702,Tari Eason,tari eason,,,2025-02-03,4,0.3562592775853538,0.08906481939633845,0.1781296387926769,0.02968827313211282,0.20781791192478974,5.0,3.0,3.0,4.0,4.0,1.0,7.0,4.0,1.0,0,0.0,0,0.00135,-18.7,-13841.59881569208,-18.674755,0.11875309252845127,1.0,2.0,0.6263051
0022400702,1610612745,Houston,Rockets,HOU,rockets,1630256,Jae'Sean,Tate,J. Tate,jaesean-tate,C,,,21:31,21.516666666666666,4,7,0.571,0,1,0.0,0,0,0.0,1,0,1,6,1,0,0,4,8,-24.0,0022400702,Jae'Sean Tate,jae'sean tate,,,2025-02-03,1,0.3718048024786987,0.046475600309837335,0.046475600309837335,0.278853601859024,0.09295120061967467,7.0,5.0,8.0,2.0,4.0,5.0,9.0,7.0,2.0,0,0.0,0,0.00132,-40.3,-30507.191521574565,-40.246804,0.046475600309837335,5.0,7.0,0.1223184
0022400702,1610612745,Houston,Rockets,HOU,rockets,1630224,Jalen,Green,J. Green,jalen-green,G,,,36:12,36.2,9,22,0.409,1,8,0.125,2,2,1.0,1,4,5,5,0,0,6,1,21,-22.0,0022400702,Jalen Green,jalen green,,,2025-02-03,0,0.580110497237569,0.027624309392265192,0.13812154696132595,0.13812154696132595,0.027624309392265192,2.0,5.0,5.0,3.0,6.0,5.0,8.0,3.0,0.0,0,0.0,0,0.00312,-29.3,-9388.016661326497,-29.208584000000002,0.0,7.0,8.0,0.46638092
0022400702,1610612745,Houston,Rockets,HOU,rockets,1641708,Amen,Thompson,A. Thompson,amen-thompson,G,,,37:00,37.0,9,17,0.529,0,2,0.0,7,7,1.0,4,7,11,11,2,1,3,5,25,-4.0,0022400702,Amen Thompson,amen thompson,,,2025-02-03,3,0.6756756756756757,0.10810810810810811,0.2972972972972973,0.2972972972972973,0.1891891891891892,1.0,2.0,2.0,1.0,1.0,2.0,5.0,2.0,4.0,0,0.0,0,0.00219,-6.4,-2921.0406207211317,-6.3859840000000005,0.08108108108108109,2.0,3.0,0.9015783
0022400702,1610612745,Houston,Rockets,HOU,rockets,203500,Steven,Adams,S. Adams,steven-adams,,,,26:29,26.483333333333334,4,9,0.444,0,0,0.0,0,0,0.0,7,6,13,1,0,1,1,3,8,18.0,0022400702,Steven Adams,steven adams,,,2025-02-03,1,0.3020767778477029,0.2643171806167401,0.4908747640025173,0.037759597230962866,0.3020767778477029,7.0,1.0,1.0,4.0,6.0,2.0,2.0,5.0,0.0,0,0.0,0,0.00127,18.5,14555.468135326515,18.476505,0.037759597230962866,5.0,1.0,0.8258192
0022400702,1610612745,Houston,Rockets,HOU,rockets,1628988,Aaron,Holiday,A. Holiday,aaron-holiday,,,,16:52,16.866666666666667,6,10,0.6,3,7,0.429,0,0,0.0,0,2,2,0,0,0,1,5,15,4.0,0022400702,Aaron Holiday,aaron holiday,,,2025-02-03,0,0.8893280632411067,0.0,0.11857707509881422,0.0,0.0,4.0,8.0,7.0,9.0,6.0,5.0,4.0,8.0,0.0,0,0.0,0,0.00229,13.7,5979.9214316892185,13.668626999999999,0.0,7.0,9.0,0.7453399
0022400702,1610612745,Houston,Rockets,HOU,rockets,1641715,Cam,Whitmore,C. Whitmore,cam-whitmore,,,,22:40,22.666666666666668,7,14,0.5,2,4,0.5,2,3,0.667,0,5,5,1,2,1,1,0,18,9.0,0022400702,Cam Whitmore,cam whitmore,,,2025-02-03,3,0.7941176470588235,0.0,0.22058823529411764,0.044117647058823525,0.1323529411764706,3.0,8.0,5.0,4.0,1.0,2.0,3.0,6.0,3.0,0,0.0,0,0.0027600000000000003,20.4,7388.627308946033,20.343695999999998,0.1323529411764706,2.0,5.0,0.71533763
0022400702,1610612745,Houston,Rockets,HOU,rockets,1642263,Reed,Sheppard,R. Sheppard,reed-sheppard,,,,5:44,5.733333333333333,0,2,0.0,0,1,0.0,0,0,0.0,1,0,1,1,0,0,1,0,0,19.0,0022400702,Reed Sheppard,reed sheppard,,,2025-02-03,0,0.0,0.1744186046511628,0.1744186046511628,0.1744186046511628,0.1744186046511628,9.0,5.0,8.0,4.0,6.0,5.0,1.0,9.0,2.0,0,0.0,0,0.0017599999999999998,131.0,74389.55139125498,130.76944,0.0,7.0,4.0,0.019056488
0022400711,1610612745,Houston,Rockets,HOU,rockets,1641708,Amen,Thompson,A. Thompson,amen-thompson,F,,,39:57,39.95,3,6,0.5,0,0,0.0,1,2,0.5,3,3,6,8,4,2,7,3,7,10.0,0022400711,Amen Thompson,amen thompson,,,2025-02-04,6,0.17521902377972465,0.0750938673341677,0.1501877346683354,0.2002503128911139,0.2252816020025031,6.0,2.0,3.0,1.0,1.0,1.0,1.0,1.0,5.0,0,0.0,0,0.00146,13.2,9034.907597535936,13.180727999999998,0.1501877346683354,1.0,1.0,0.53713006
0022400711,1610612745,Houston,Rockets,HOU,rockets,1628415,Dillon,Brooks,D. Brooks,dillon-brooks,F,,,36:54,36.9,4,11,0.364,3,7,0.429,5,6,0.833,0,3,3,1,0,0,2,4,16,-3.0,0022400711,Dillon Brooks,dillon brooks,,,2025-02-04,0,0.43360433604336046,0.0,0.08130081300813008,0.02710027100271003,0.0,2.0,7.0,4.0,5.0,3.0,5.0,6.0,2.0,0.0,0,0.0,0,0.00178,-7.2,-4042.6726558113423,-7.187184,0.0,5.0,7.0,0.46222126
0022400711,1610612745,Houston,Rockets,HOU,rockets,1630578,Alperen,Sengun,A. Sengun,alperen-sengun,C,,,34:31,34.516666666666666,8,18,0.444,0,0,0.0,8,14,0.571,7,13,20,4,0,0,3,5,24,8.0,0022400711,Alperen Sengun,alperen sengun,,,2025-02-04,0,0.6953162723322067,0.20280057943022695,0.5794302269435055,0.11588604538870112,0.20280057943022695,1.0,1.0,1.0,3.0,3.0,5.0,2.0,3.0,4.0,0,0.0,0,0.00333,9.1,2731.9123386370457,9.069697,0.0,5.0,3.0,0.861635
0022400711,1610612745,Houston,Rockets,HOU,rockets,1630224,Jalen,Green,J. Green,jalen-green,G,,,32:58,32.96666666666667,5,14,0.357,3,9,0.333,0,1,0.0,1,2,3,5,0,1,3,0,13,-1.0,0022400711,Jalen Green,jalen green,,,2025-02-04,1,0.39433771486349845,0.030333670374115267,0.09100101112234579,0.15166835187057634,0.06066734074823053,4.0,5.0,4.0,2.0,3.0,3.0,4.0,4.0,0.0,0,0.0,0,0.00215,0.1,46.49000464900046,0.09978500000000001,0.030333670374115267,3.0,6.0,0.4659635
0022400711,1610612745,Houston,Rockets,HOU,rockets,1628988,Aaron,Holiday,A. Holiday,aaron-holiday,G,,,14:17,14.283333333333333,0,1,0.0,0,1,0.0,0,0,0.0,0,0,0,3,0,0,0,1,0,-4.0,0022400711,Aaron Holiday,aaron holiday,,,2025-02-04,0,0.0,0.0,0.0,0.21003500583430573,0.0,9.0,7.0,9.0,4.0,3.0,5.0,7.0,8.0,0.0,0,0.0,0,0.00032,1.5,4672.8971962616815,1.49952,0.0,5.0,7.0,0.0070903026
0022400711,1610612745,Houston,Rockets,HOU,rockets,1641715,Cam,Whitmore,C. Whitmore,cam-whitmore,,,,24:22,24.366666666666667,5,11,0.455,2,5,0.4,0,0,0.0,1,2,3,1,0,1,1,1,12,-2.0,0022400711,Cam Whitmore,cam whitmore,,,2025-02-04,1,0.49247606019151846,0.04103967168262654,0.12311901504787962,0.04103967168262654,0.08207934336525308,5.0,5.0,4.0,5.0,3.0,3.0,5.0,6.0,2.0,0,0.0,0,0.00214,-4.4,-2055.1144325081736,-4.3905840000000005,0.04103967168262654,3.0,5.0,0.37009248
0022400711,1610612745,Houston,Rockets,HOU,rockets,1630256,Jae'Sean,Tate,J. Tate,jaesean-tate,,,,15:41,15.683333333333334,2,4,0.5,0,1,0.0,1,1,1.0,2,0,2,0,0,0,0,1,5,-16.0,0022400711,Jae'Sean Tate,jae'sean tate,,,2025-02-04,0,0.3188097768331562,0.1275239107332625,0.1275239107332625,0.0,0.1275239107332625,7.0,3.0,7.0,8.0,3.0,5.0,9.0,7.0,4.0,0,1.0,0,0.00114,-36.8,-32252.410166520596,-36.758047999999995,0.0,5.0,4.0,0.07056515
0022400711,1610612745,Houston,Rockets,HOU,rockets,203500,Steven,Adams,S. Adams,steven-adams,,,,13:24,13.4,2,4,0.5,0,0,0.0,0,0,0.0,0,1,1,1,0,0,0,1,4,-5.0,0022400711,Steven Adams,steven adams,,,2025-02-04,0,0.29850746268656714,0.0,0.07462686567164178,0.07462686567164178,0.0,8.0,7.0,8.0,5.0,3.0,5.0,8.0,9.0,0.0,0,0.0,0,0.00121,-19.2,-15854.665565648225,-19.176768,0.0,5.0,7.0,0.021786282
0022400711,1610612745,Houston,Rockets,HOU,rockets,1642263,Reed,Sheppard,R. Sheppard,reed-sheppard,,,,27:56,27.933333333333334,5,14,0.357,3,9,0.333,3,3,1.0,2,5,7,0,2,2,0,2,16,3.0,0022400711,Reed Sheppard,reed sheppard,,,2025-02-04,4,0.5727923627684964,0.07159904534606205,0.25059665871121717,0.0,0.21479713603818615,2.0,3.0,2.0,8.0,2.0,1.0,3.0,5.0,5.0,0,0.0,0,0.00208,1.8,864.9687650168189,1.796256,0.1431980906921241,2.0,2.0,0.8047639
0022400729,1610612745,Houston,Rockets,HOU,rockets,1628415,Dillon,Brooks,D. Brooks,dillon-brooks,F,,,33:42,33.7,6,13,0.462,3,7,0.429,0,0,0.0,0,3,3,1,0,1,0,4,15,-14.0,0022400729,Dillon Brooks,dillon brooks,,,2025-02-06,1,0.4451038575667655,0.0,0.08902077151335311,0.029673590504451036,0.029673590504451036,5.0,9.0,5.0,7.0,7.0,3.0,6.0,3.0,5.0,0,0.0,0,0.0017299999999999998,-19.2,-11091.854419410747,-19.166784,0.029673590504451036,5.0,9.0,0.41759986
0022400729,1610612745,Houston,Rockets,HOU,rockets,1631106,Tari,Eason,T. Eason,tari-eason,F,,,28:21,28.35,4,5,0.8,0,0,0.0,2,2,1.0,1,3,4,2,5,3,2,3,10,0.0,0022400729,Tari Eason,tari eason,,,2025-02-06,8,0.3527336860670194,0.03527336860670194,0.14109347442680775,0.07054673721340388,0.31746031746031744,6.0,4.0,4.0,5.0,1.0,1.0,3.0,5.0,5.0,0,0.0,0,0.00121,1.9,1568.951279933939,1.8977009999999999,0.2821869488536155,1.0,1.0,0.78511333
0022400729,1610612745,Houston,Rockets,HOU,rockets,1630578,Alperen,Sengun,A. Sengun,alperen-sengun,C,,,32:39,32.65,6,11,0.545,1,2,0.5,3,4,0.75,3,7,10,7,2,0,2,4,16,-21.0,0022400729,Alperen Sengun,alperen sengun,,,2025-02-06,2,0.4900459418070444,0.09188361408882083,0.3062787136294028,0.21439509954058195,0.1531393568147014,2.0,1.0,1.0,1.0,2.0,5.0,9.0,4.0,2.0,0,0.0,0,0.00203,-35.6,-17528.311176760217,-35.527732,0.06125574272588055,4.0,4.0,0.56051564
0022400729,1610612745,Houston,Rockets,HOU,rockets,1630224,Jalen,Green,J. Green,jalen-green,G,,,37:58,37.96666666666667,9,22,0.409,3,8,0.375,7,10,0.7,1,5,6,5,1,0,1,0,28,-14.0,0022400729,Jalen Green,jalen green,,,2025-02-06,1,0.7374890254609306,0.026338893766461806,0.15803336259877085,0.13169446883230904,0.05267778753292361,1.0,4.0,2.0,2.0,4.0,5.0,6.0,1.0,2.0,0,0.0,0,0.00322,-20.0,-6209.251785159888,-19.9356,0.026338893766461806,5.0,7.0,0.78955185
0022400729,1610612745,Houston,Rockets,HOU,rockets,1641708,Amen,Thompson,A. Thompson,amen-thompson,G,,,37:18,37.3,6,10,0.6,0,0,0.0,4,6,0.667,2,1,3,5,1,2,1,0,16,-15.0,0022400729,Amen Thompson,amen thompson,,,2025-02-06,3,0.4289544235924933,0.05361930294906166,0.0804289544235925,0.13404825737265416,0.13404825737265416,2.0,2.0,5.0,2.0,4.0,2.0,8.0,2.0,5.0,0,0.0,0,0.00167,-17.8,-10652.304009575106,-17.770274,0.0804289544235925,2.0,6.0,0.67901003
0022400729,1610612745,Houston,Rockets,HOU,rockets,1641715,Cam,Whitmore,C. Whitmore,cam-whitmore,,,,27:59,27.983333333333334,5,13,0.385,3,7,0.429,3,5,0.6,1,2,3,0,0,0,0,1,16,-8.0,0022400729,Cam Whitmore,cam whitmore,,,2025-02-06,0,0.5717689100655152,0.0357355568790947,0.10720667063728409,0.0,0.0357355568790947,2.0,4.0,5.0,9.0,7.0,5.0,5.0,6.0,2.0,0,0.0,0,0.00221,-13.8,-6241.519674355494,-13.769502,0.0,8.0,8.0,0.7946316
0022400729,1610612745,Houston,Rockets,HOU,rockets,1642263,Reed,Sheppard,R. Sheppard,reed-sheppard,,,,17:18,17.3,1,5,0.2,1,5,0.2,0,0,0.0,1,1,2,2,2,1,3,2,3,4.0,0022400729,Reed Sheppard,reed sheppard,,,2025-02-06,3,0.17341040462427745,0.057803468208092484,0.11560693641618497,0.11560693641618497,0.23121387283236994,8.0,4.0,9.0,5.0,2.0,3.0,2.0,7.0,3.0,0,0.0,0,0.00178,11.4,6400.8983717012925,11.379708,0.17341040462427745,2.0,2.0,0.03887133
0022400729,1610612745,Houston,Rockets,HOU,rockets,1629111,Jock,Landale,J. Landale,jock-landale,,,,14:13,14.216666666666667,4,4,1.0,1,1,1.0,1,1,1.0,2,3,5,1,0,0,1,2,10,5.0,0022400729,Jock Landale,jock landale,,,2025-02-06,0,0.7033997655334114,0.1406799531066823,0.3516998827667057,0.07033997655334115,0.1406799531066823,6.0,2.0,3.0,7.0,7.0,5.0,1.0,8.0,1.0,0,0.0,0,0.0013900000000000002,12.9,9273.90366642703,12.882069,0.0,8.0,5.0,0.72770417
0022400729,1610612745,Houston,Rockets,HOU,rockets,1630256,Jae'Sean,Tate,J. Tate,jaesean-tate,,,,10:32,10.533333333333333,0,1,0.0,0,1,0.0,0,0,0.0,1,2,3,3,1,0,0,2,0,-2.0,0022400729,Jae'Sean Tate,jae'sean tate,,,2025-02-06,1,0.0,0.0949367088607595,0.2848101265822785,0.2848101265822785,0.189873417721519,9.0,4.0,5.0,4.0,4.0,5.0,4.0,9.0,1.0,0,0.0,0,0.00042,5.4,12826.603325415677,5.397732,0.0949367088607595,5.0,3.0,0.021697348
0022400741,1610612745,Houston,Rockets,HOU,rockets,1628415,Dillon,Brooks,D. Brooks,dillon-brooks,F,,,36:44,36.733333333333334,3,9,0.333,2,5,0.4,1,2,0.5,1,2,3,3,0,1,0,5,9,-9.0,0022400741,Dillon Brooks,dillon brooks,,,2025-02-08,1,0.24500907441016334,0.02722323049001815,0.08166969147005444,0.08166969147005444,0.0544464609800363,4.0,5.0,6.0,3.0,3.0,2.0,7.0,4.0,3.0,0,0.0,0,0.00114,-10.7,-9377.738825591587,-10.687802,0.02722323049001815,2.0,5.0,0.0693658
0022400741,1610612745,Houston,Rockets,HOU,rockets,1631106,Tari,Eason,T. Eason,tari-eason,F,,,29:39,29.65,3,9,0.333,0,2,0.0,2,2,1.0,3,3,6,1,1,0,0,3,8,-12.0,0022400741,Tari Eason,tari eason,,,2025-02-08,1,0.26981450252951095,0.10118043844856661,0.20236087689713322,0.03372681281618887,0.13490725126475547,5.0,2.0,4.0,5.0,1.0,4.0,9.0,5.0,2.0,0,0.0,0,0.0013,-17.8,-13681.783243658727,-17.776860000000003,0.03372681281618887,2.0,4.0,0.18735686
0022400741,1610612745,Houston,Rockets,HOU,rockets,1630578,Alperen,Sengun,A. Sengun,alperen-sengun,C,,,37:45,37.75,11,19,0.579,1,3,0.333,7,10,0.7,1,7,8,3,0,1,2,4,30,-5.0,0022400741,Alperen Sengun,alperen sengun,,,2025-02-08,1,0.7947019867549668,0.026490066225165563,0.2119205298013245,0.07947019867549669,0.052980132450331126,1.0,5.0,2.0,3.0,3.0,2.0,5.0,2.0,2.0,0,0.0,0,0.0028599999999999997,-6.7,-2341.8385180006994,-6.6808380000000005,0.026490066225165563,2.0,6.0,0.8178746
0022400741,1610612745,Houston,Rockets,HOU,rockets,1641708,Amen,Thompson,A. Thompson,amen-thompson,G,,,36:55,36.916666666666664,9,14,0.643,2,4,0.5,0,0,0.0,2,5,7,5,0,3,4,5,20,-12.0,0022400741,Amen Thompson,amen thompson,,,2025-02-08,3,0.5417607223476298,0.054176072234762986,0.18961625282167044,0.13544018058690746,0.13544018058690746,3.0,3.0,3.0,2.0,3.0,1.0,9.0,3.0,2.0,0,0.0,0,0.00198,-16.2,-8177.688036345279,-16.167924,0.08126410835214447,1.0,3.0,0.78536856
0022400741,1610612745,Houston,Rockets,HOU,rockets,1630224,Jalen,Green,J. Green,jalen-green,G,,,41:11,41.18333333333333,10,21,0.476,3,7,0.429,1,2,0.5,1,2,3,6,1,0,2,2,24,-9.0,0022400741,Jalen Green,jalen green,,,2025-02-08,1,0.5827600161877783,0.02428166734115743,0.07284500202347229,0.14569000404694457,0.04856333468231486,2.0,5.0,6.0,1.0,1.0,4.0,7.0,1.0,2.0,0,0.0,0,0.00242,-11.0,-4543.577034283354,-10.97338,0.02428166734115743,2.0,7.0,0.71959996
0022400741,1610612745,Houston,Rockets,HOU,rockets,1641715,Cam,Whitmore,C. Whitmore,cam-whitmore,,,,19:46,19.766666666666666,1,8,0.125,0,3,0.0,5,5,1.0,0,4,4,1,0,0,0,2,7,-3.0,0022400741,Cam Whitmore,cam whitmore,,,2025-02-08,0,0.35413153456998314,0.0,0.20236087689713322,0.050590219224283306,0.0,6.0,8.0,5.0,5.0,3.0,4.0,4.0,7.0,0.0,0,0.0,0,0.00192,-5.4,-2811.035918792296,-5.389632,0.0,6.0,8.0,0.03456735
0022400741,1610612745,Houston,Rockets,HOU,rockets,203500,Steven,Adams,S. Adams,steven-adams,,,,22:18,22.3,1,9,0.111,0,0,0.0,0,0,0.0,9,3,12,1,0,0,0,0,2,4.0,0022400741,Steven Adams,steven adams,,,2025-02-08,0,0.08968609865470852,0.40358744394618834,0.5381165919282511,0.04484304932735426,0.40358744394618834,8.0,1.0,1.0,5.0,3.0,4.0,1.0,6.0,0.0,0,0.0,0,0.0014299999999999998,7.0,4891.6841369671565,6.98999,0.0,6.0,1.0,0.3712597
0022400741,1610612745,Houston,Rockets,HOU,rockets,1630256,Jae'Sean,Tate,J. Tate,jaesean-tate,,,,5:06,5.1,0,2,0.0,0,1,0.0,0,0,0.0,0,1,1,1,0,0,0,0,0,0.0,0022400741,Jae'Sean Tate,jae'sean tate,,,2025-02-08,0,0.0,0.0,0.19607843137254904,0.19607843137254904,0.0,10.0,8.0,9.0,5.0,3.0,4.0,2.0,9.0,0.0,0,0.0,0,0.00105,-8.9,-8468.125594671743,-8.890655,0.0,6.0,8.0,0.0060443357
0022400741,1610612745,Houston,Rockets,HOU,rockets,1642263,Reed,Sheppard,R. Sheppard,reed-sheppard,,,,7:13,7.216666666666667,1,6,0.167,0,2,0.0,1,1,1.0,2,1,3,0,0,0,0,1,3,-7.0,0022400741,Reed Sheppard,reed sheppard,,,2025-02-08,0,0.4157043879907621,0.27713625866050806,0.4157043879907621,0.0,0.27713625866050806,7.0,3.0,6.0,9.0,3.0,4.0,6.0,8.0,1.0,0,0.0,0,0.0027300000000000002,-60.4,-22116.440864152322,-60.235108,0.0,6.0,2.0,0.019222569
0022400741,1610612745,Houston,Rockets,HOU,rockets,1628988,Aaron,Holiday,A. Holiday,aaron-holiday,,,,3:23,3.3833333333333333,1,3,0.333,0,1,0.0,0,0,0.0,0,1,1,0,0,0,0,0,2,-2.0,0022400741,Aaron Holiday,aaron holiday,,,2025-02-08,0,0.5911330049261084,0.0,0.2955665024630542,0.0,0.0,8.0,8.0,9.0,9.0,3.0,4.0,3.0,10.0,,1,,1,0.0042899999999999995,-20.0,-4660.918200885575,-19.9142,0.0,6.0,8.0,0.018342962
0022400753,1610612745,Houston,Rockets,HOU,rockets,1641708,Amen,Thompson,A. Thompson,amen-thompson,F,,,41:09,41.15,3,7,0.429,1,2,0.5,1,2,0.5,2,8,10,5,3,1,4,4,8,8.0,0022400753,Amen Thompson,amen thompson,,,2025-02-09,4,0.19441069258809235,0.04860267314702309,0.24301336573511545,0.12150668286755772,0.14580801944106928,6.0,1.0,1.0,1.0,1.0,1.0,2.0,1.0,5.0,0,0.0,0,0.00126,8.3,6582.077716098335,8.289542,0.09720534629404617,1.0,2.0,0.29995713
0022400753,1610612745,Houston,Rockets,HOU,rockets,1628415,Dillon,Brooks,D. Brooks,dillon-brooks,F,,,37:09,37.15,5,16,0.313,2,7,0.286,7,9,0.778,2,5,7,2,0,0,1,2,19,2.0,0022400753,Dillon Brooks,dillon brooks,,,2025-02-09,0,0.5114401076716016,0.05383580080753701,0.18842530282637954,0.05383580080753701,0.05383580080753701,1.0,1.0,4.0,4.0,5.0,4.0,6.0,2.0,1.0,0,0.0,0,0.00233,2.6,1115.4011154011152,2.5939419999999997,0.0,7.0,7.0,0.4380367
0022400753,1610612745,Houston,Rockets,HOU,rockets,1630578,Alperen,Sengun,A. Sengun,alperen-sengun,C,,,3:16,3.2666666666666666,0,3,0.0,0,0,0.0,0,0,0.0,1,2,3,0,0,0,1,0,0,-5.0,0022400753,Alperen Sengun,alperen sengun,,,2025-02-09,0,0.0,0.30612244897959184,0.9183673469387755,0.0,0.30612244897959184,10.0,5.0,9.0,9.0,5.0,4.0,10.0,10.0,,1,,1,0.00444,-71.4,-16077.460031524432,-71.08298400000001,0.0,7.0,1.0,0.009128302
0022400753,1610612745,Houston,Rockets,HOU,rockets,1630224,Jalen,Green,J. Green,jalen-green,G,,,34:20,34.333333333333336,7,19,0.368,2,6,0.333,2,4,0.5,0,9,9,3,0,1,3,3,18,2.0,0022400753,Jalen Green,jalen green,,,2025-02-09,1,0.5242718446601942,0.0,0.2621359223300971,0.08737864077669902,0.029126213592233007,2.0,7.0,3.0,2.0,5.0,1.0,6.0,3.0,1.0,0,0.0,0,0.00296,2.8,945.6264775413711,2.791712,0.029126213592233007,3.0,9.0,0.6094019
0022400753,1610612745,Houston,Rockets,HOU,rockets,1628988,Aaron,Holiday,A. Holiday,aaron-holiday,G,,,26:37,26.616666666666667,2,8,0.25,1,6,0.167,1,1,1.0,0,4,4,3,1,0,2,2,6,1.0,0022400753,Aaron Holiday,aaron holiday,,,2025-02-09,1,0.22542266750156542,0.0,0.15028177833437695,0.11271133375078271,0.03757044458359424,7.0,7.0,7.0,2.0,3.0,4.0,9.0,4.0,1.0,0,0.0,0,0.00161,0.4,248.29298572315332,0.39935600000000004,0.03757044458359424,3.0,8.0,0.04199787
0022400753,1610612745,Houston,Rockets,HOU,rockets,201145,Jeff,Green,J. Green,jeff-green,,,,19:30,19.5,4,7,0.571,0,3,0.0,6,7,0.857,2,3,5,1,0,0,1,2,14,10.0,0022400753,Jeff Green,jeff green,,,2025-02-09,0,0.717948717948718,0.10256410256410256,0.2564102564102564,0.05128205128205128,0.10256410256410256,3.0,1.0,6.0,5.0,5.0,4.0,1.0,7.0,1.0,0,0.0,0,0.00244,28.7,11757.476444080294,28.629972,0.0,7.0,6.0,0.883039
0022400753,1610612745,Houston,Rockets,HOU,rockets,1641715,Cam,Whitmore,C. Whitmore,cam-whitmore,,,,24:37,24.616666666666667,4,11,0.364,3,9,0.333,0,0,0.0,0,6,6,1,3,0,1,2,11,5.0,0022400753,Cam Whitmore,cam whitmore,,,2025-02-09,3,0.44685172647257954,0.0,0.24373730534867974,0.040622884224779957,0.12186865267433987,4.0,7.0,5.0,5.0,1.0,4.0,3.0,5.0,3.0,0,0.0,0,0.002,10.2,5097.4512743628175,10.179599999999999,0.12186865267433987,2.0,5.0,0.4446344
0022400753,1610612745,Houston,Rockets,HOU,rockets,1642263,Reed,Sheppard,R. Sheppard,reed-sheppard,,,,13:41,13.683333333333334,1,5,0.2,0,3,0.0,0,0,0.0,0,0,0,1,0,0,0,0,2,5.0,0022400753,Reed Sheppard,reed sheppard,,,2025-02-09,0,0.146163215590743,0.0,0.0,0.0730816077953715,0.0,9.0,7.0,10.0,5.0,5.0,4.0,3.0,9.0,1.0,0,0.0,0,0.0015199999999999999,21.3,14003.944773175544,21.267624,0.0,7.0,10.0,0.008060059
0022400753,1610612745,Houston,Rockets,HOU,rockets,1630256,Jae'Sean,Tate,J. Tate,jaesean-tate,,,,15:18,15.3,1,2,0.5,1,1,1.0,2,2,1.0,1,3,4,0,1,0,1,1,5,5.0,0022400753,Jae'Sean Tate,jae'sean tate,,,2025-02-09,1,0.32679738562091504,0.06535947712418301,0.26143790849673204,0.0,0.13071895424836602,8.0,5.0,7.0,9.0,3.0,4.0,3.0,8.0,3.0,0,0.0,0,0.00108,15.6,14431.082331174839,15.583152,0.06535947712418301,3.0,3.0,0.027183723
0022400753,1610612745,Houston,Rockets,HOU,rockets,1629111,Jock,Landale,J. Landale,jock-landale,,,,24:24,24.4,4,8,0.5,0,1,0.0,3,3,1.0,2,8,10,1,0,1,1,3,11,2.0,0022400753,Jock Landale,jock landale,,,2025-02-09,1,0.45081967213114754,0.0819672131147541,0.4098360655737705,0.04098360655737705,0.12295081967213116,4.0,1.0,1.0,5.0,5.0,1.0,6.0,6.0,1.0,0,0.0,0,0.00161,7.4,4593.420235878337,7.388086,0.04098360655737705,3.0,4.0,0.68857926
0022400779,1610612745,Houston,Rockets,HOU,rockets,1628415,Dillon,Brooks,D. Brooks,dillon-brooks,F,,,31:29,31.483333333333334,5,13,0.385,4,9,0.444,4,4,1.0,1,1,2,3,2,0,1,4,18,8.0,0022400779,Dillon Brooks,dillon brooks,,,2025-02-12,2,0.571731074642668,0.03176283748014823,0.06352567496029646,0.09528851244044467,0.09528851244044467,3.0,6.0,6.0,5.0,2.0,4.0,5.0,5.0,3.0,0,0.0,0,0.0019500000000000001,11.9,6099.436186570989,11.876795,0.06352567496029646,4.0,5.0,0.7720154
0022400779,1610612745,Houston,Rockets,HOU,rockets,1631106,Tari,Eason,T. Eason,tari-eason,F,,,34:03,34.05,11,16,0.688,3,5,0.6,0,1,0.0,4,5,9,4,3,0,1,2,25,18.0,0022400779,Tari Eason,tari eason,,,2025-02-12,3,0.7342143906020558,0.11747430249632894,0.2643171806167401,0.11747430249632894,0.20558002936857564,1.0,2.0,3.0,4.0,1.0,4.0,1.0,4.0,3.0,0,0.0,0,0.00189,21.5,11369.645690111052,21.459365000000002,0.0881057268722467,2.0,2.0,0.93457866
0022400779,1610612745,Houston,Rockets,HOU,rockets,1630578,Alperen,Sengun,A. Sengun,alperen-sengun,C,,,38:26,38.43333333333333,7,12,0.583,0,2,0.0,3,6,0.5,2,11,13,5,2,1,2,3,17,13.0,0022400779,Alperen Sengun,alperen sengun,,,2025-02-12,3,0.4423243712055508,0.052038161318300094,0.3382480485689506,0.13009540329575023,0.13009540329575023,5.0,3.0,1.0,2.0,2.0,2.0,2.0,2.0,4.0,0,0.0,0,0.00187,17.8,9513.62907536077,17.766714,0.07805724197745013,2.0,4.0,0.7704435
0022400779,1610612745,Houston,Rockets,HOU,rockets,1630224,Jalen,Green,J. Green,jalen-green,G,,,36:35,36.583333333333336,8,21,0.381,4,15,0.267,2,3,0.667,2,1,3,5,0,1,2,1,22,-4.0,0022400779,Jalen Green,jalen green,,,2025-02-12,1,0.6013667425968109,0.05466970387243735,0.08200455580865604,0.1366742596810934,0.08200455580865604,2.0,3.0,5.0,2.0,6.0,2.0,6.0,3.0,0.0,0,0.0,0,0.00253,-6.7,-2647.1750296325563,-6.683049,0.027334851936218676,5.0,7.0,0.7006946
0022400779,1610612745,Houston,Rockets,HOU,rockets,1641708,Amen,Thompson,A. Thompson,amen-thompson,G,,,41:29,41.483333333333334,7,13,0.538,0,1,0.0,4,7,0.571,2,8,10,11,2,2,3,0,18,-5.0,0022400779,Amen Thompson,amen thompson,,,2025-02-12,4,0.43390920048212134,0.04821213338690237,0.24106066693451184,0.26516673362796306,0.1446364001607071,3.0,3.0,2.0,1.0,2.0,1.0,7.0,1.0,0.0,0,0.0,0,0.00188,-5.7,-3030.3030303030305,-5.689284,0.09642426677380474,1.0,3.0,0.806903
0022400779,1610612745,Houston,Rockets,HOU,rockets,1630256,Jae'Sean,Tate,J. Tate,jaesean-tate,,,,15:11,15.183333333333334,2,5,0.4,1,4,0.25,0,0,0.0,1,0,1,0,0,0,1,1,5,-6.0,0022400779,Jae'Sean Tate,jae'sean tate,,,2025-02-12,0,0.32930845225027444,0.06586169045005488,0.06586169045005488,0.0,0.06586169045005488,6.0,6.0,8.0,8.0,6.0,4.0,9.0,7.0,0.0,0,0.0,0,0.00182,-20.0,-10982.976386600769,-19.9636,0.0,7.0,8.0,0.024568373
0022400779,1610612745,Houston,Rockets,HOU,rockets,1641715,Cam,Whitmore,C. Whitmore,cam-whitmore,,,,21:48,21.8,2,10,0.2,0,5,0.0,0,0,0.0,0,2,2,3,0,0,0,2,4,9.0,0022400779,Cam Whitmore,cam whitmore,,,2025-02-12,0,0.18348623853211007,0.0,0.09174311926605504,0.13761467889908258,0.0,9.0,8.0,6.0,5.0,6.0,4.0,4.0,6.0,2.0,0,0.0,0,0.00185,20.0,10804.970286331712,19.963,0.0,7.0,9.0,0.021758467
0022400779,1610612745,Houston,Rockets,HOU,rockets,203500,Steven,Adams,S. Adams,steven-adams,,,,9:34,9.566666666666666,2,5,0.4,0,0,0.0,1,3,0.333,5,1,6,0,0,0,1,0,5,-5.0,0022400779,Steven Adams,steven adams,,,2025-02-12,0,0.5226480836236934,0.5226480836236934,0.6271777003484321,0.0,0.5226480836236934,6.0,1.0,4.0,8.0,6.0,4.0,7.0,9.0,1.0,0,0.0,0,0.00241,-28.8,-11945.25093322273,-28.730592,0.0,7.0,1.0,0.07204702
0022400779,1610612745,Houston,Rockets,HOU,rockets,1642263,Reed,Sheppard,R. Sheppard,reed-sheppard,,,,11:25,11.416666666666666,2,2,1.0,1,1,1.0,0,0,0.0,0,1,1,1,1,0,0,2,5,12.0,0022400779,Reed Sheppard,reed sheppard,,,2025-02-12,1,0.43795620437956206,0.0,0.08759124087591241,0.08759124087591241,0.08759124087591241,6.0,8.0,8.0,7.0,5.0,4.0,3.0,8.0,2.0,0,0.0,0,0.0008,55.3,69038.70162297128,55.255759999999995,0.08759124087591241,5.0,6.0,0.11437497
0022400784,1610612745,Houston,Rockets,HOU,rockets,1641708,Amen,Thompson,A. Thompson,amen-thompson,F,,,29:33,29.55,2,7,0.286,0,0,0.0,0,0,0.0,4,5,9,5,0,2,5,1,4,-14.0,0022400784,Amen Thompson,amen thompson,,,2025-02-13,2,0.1353637901861252,0.1353637901861252,0.3045685279187817,0.1692047377326565,0.20304568527918782,9.0,1.0,2.0,1.0,8.0,1.0,11.0,2.0,0.0,0,0.0,0,0.00167,-21.8,-13046.080191502095,-21.763594,0.0676818950930626,2.0,3.0,0.04342841
0022400784,1610612745,Houston,Rockets,HOU,rockets,1628415,Dillon,Brooks,D. Brooks,dillon-brooks,F,,,21:02,21.033333333333335,2,6,0.333,2,3,0.667,1,2,0.5,0,0,0,1,0,0,2,2,7,-13.0,0022400784,Dillon Brooks,dillon brooks,,,2025-02-13,0,0.3328050713153724,0.0,0.0,0.04754358161648177,0.0,7.0,9.0,10.0,6.0,8.0,4.0,10.0,7.0,2.0,0,0.0,0,0.0017599999999999998,-28.3,-16070.414537194778,-28.250192000000002,0.0,9.0,10.0,0.030367333
0022400784,1610612745,Houston,Rockets,HOU,rockets,1630578,Alperen,Sengun,A. Sengun,alperen-sengun,C,,,26:34,26.566666666666666,4,10,0.4,0,1,0.0,2,4,0.5,1,12,13,4,1,0,3,3,10,-19.0,0022400784,Alperen Sengun,alperen sengun,,,2025-02-13,1,0.37641154328732745,0.037641154328732745,0.4893350062735257,0.15056461731493098,0.07528230865746549,4.0,5.0,1.0,2.0,1.0,4.0,12.0,3.0,5.0,0,0.0,0,0.0023799999999999997,-34.5,-14489.710205795885,-34.41789,0.037641154328732745,4.0,8.0,0.16799827
0022400784,1610612745,Houston,Rockets,HOU,rockets,1630224,Jalen,Green,J. Green,jalen-green,G,,,22:07,22.116666666666667,3,10,0.3,2,4,0.5,1,3,0.333,0,0,0,1,0,0,4,1,9,-10.0,0022400784,Jalen Green,jalen green,,,2025-02-13,0,0.40693293142426523,0.0,0.0,0.0452147701582517,0.0,6.0,9.0,10.0,6.0,8.0,4.0,9.0,5.0,1.0,0,0.0,0,0.00268,-20.0,-7459.903021260723,-19.9464,0.0,9.0,10.0,0.06048174
0022400784,1610612745,Houston,Rockets,HOU,rockets,1628988,Aaron,Holiday,A. Holiday,aaron-holiday,G,,,37:25,37.416666666666664,10,20,0.5,2,9,0.222,3,3,1.0,2,6,8,4,1,0,1,5,25,-7.0,0022400784,Aaron Holiday,aaron holiday,,,2025-02-13,1,0.6681514476614699,0.053452115812917596,0.21380846325167038,0.10690423162583519,0.0801781737193764,1.0,3.0,3.0,2.0,1.0,4.0,6.0,1.0,4.0,0,0.0,0,0.0023899999999999998,-9.3,-3889.5859473023843,-9.277773,0.026726057906458798,4.0,7.0,0.81406915
0022400784,1610612745,Houston,Rockets,HOU,rockets,1630256,Jae'Sean,Tate,J. Tate,jaesean-tate,,,,26:34,26.566666666666666,1,5,0.2,1,2,0.5,0,2,0.0,2,3,5,3,1,1,1,4,3,11.0,0022400784,Jae'Sean Tate,jae'sean tate,,,2025-02-13,2,0.11292346298619825,0.07528230865746549,0.18820577164366373,0.11292346298619825,0.15056461731493098,10.0,3.0,5.0,4.0,1.0,3.0,3.0,3.0,1.0,0,0.0,0,0.001,23.4,23376.623376623378,23.3766,0.07528230865746549,2.0,6.0,0.055242237
0022400784,1610612745,Houston,Rockets,HOU,rockets,1641715,Cam,Whitmore,C. Whitmore,cam-whitmore,,,,10:24,10.4,2,7,0.286,1,4,0.25,1,2,0.5,1,0,1,1,1,0,0,0,6,-8.0,0022400784,Cam Whitmore,cam whitmore,,,2025-02-13,1,0.5769230769230769,0.09615384615384615,0.09615384615384615,0.09615384615384615,0.1923076923076923,8.0,5.0,9.0,6.0,1.0,4.0,8.0,10.0,2.0,0,0.0,0,0.00296,-24.4,-8240.45930428909,-24.327776,0.09615384615384615,4.0,4.0,0.053211708
0022400784,1610612745,Houston,Rockets,HOU,rockets,203500,Steven,Adams,S. Adams,steven-adams,,,,5:38,5.633333333333333,0,0,0.0,0,0,0.0,0,0,0.0,0,3,3,0,1,0,1,0,0,-3.0,0022400784,Steven Adams,steven adams,,,2025-02-13,1,0.0,0.0,0.5325443786982249,0.0,0.1775147928994083,11.0,9.0,6.0,11.0,1.0,4.0,5.0,11.0,1.0,0,0.0,0,0.0005899999999999999,-20.0,-33840.94754653131,-19.9882,0.1775147928994083,4.0,5.0,0.019359574
0022400784,1610612745,Houston,Rockets,HOU,rockets,201145,Jeff,Green,J. Green,jeff-green,,,,21:28,21.466666666666665,3,10,0.3,2,8,0.25,2,2,1.0,1,2,3,1,0,0,0,1,10,4.0,0022400784,Jeff Green,jeff green,,,2025-02-13,0,0.46583850931677023,0.04658385093167702,0.13975155279503107,0.04658385093167702,0.04658385093167702,4.0,5.0,6.0,6.0,8.0,4.0,4.0,6.0,0.0,0,0.0,0,0.0019,15.7,8258.81115202525,15.670169999999999,0.0,9.0,9.0,0.10028181
0022400784,1610612745,Houston,Rockets,HOU,rockets,1642263,Reed,Sheppard,R. Sheppard,reed-sheppard,,,,5:09,5.15,0,0,0.0,0,0,0.0,0,0,0.0,0,0,0,0,0,0,0,0,0,-7.0,0022400784,Reed Sheppard,reed sheppard,,,2025-02-13,0,0.0,0.0,0.0,0.0,0.0,11.0,9.0,10.0,11.0,8.0,4.0,6.0,12.0,0.0,0,0.0,0,0.0,-63.6,-63600000.00000001,-63.6,0.0,9.0,10.0,0.0037297052
0022400784,1610612745,Houston,Rockets,HOU,rockets,1631466,Nate,Williams,N. Williams,nate-williams,,,,18:18,18.3,5,9,0.556,1,3,0.333,0,0,0.0,1,1,2,3,1,2,3,2,11,16.0,0022400784,Nate Williams,nate williams,,,2025-02-13,3,0.6010928961748634,0.0546448087431694,0.1092896174863388,0.16393442622950818,0.2185792349726776,3.0,5.0,8.0,4.0,1.0,1.0,1.0,8.0,3.0,0,0.0,0,0.00245,40.0,16319.869441044471,39.902,0.16393442622950818,1.0,2.0,0.84218687
0022400784,1610612745,Houston,Rockets,HOU,rockets,1629111,Jock,Landale,J. Landale,jock-landale,,,,15:48,15.8,6,9,0.667,1,2,0.5,0,0,0.0,3,5,8,1,1,0,0,1,13,15.0,0022400784,Jock Landale,jock landale,,,2025-02-13,1,0.8227848101265822,0.18987341772151897,0.5063291139240506,0.06329113924050632,0.2531645569620253,2.0,2.0,3.0,6.0,1.0,4.0,2.0,9.0,1.0,0,0.0,0,0.0022,52.6,23898.228078146294,52.484280000000005,0.06329113924050632,4.0,1.0,0.9475682
0022400801,1610612745,Houston,Rockets,HOU,rockets,1628415,Dillon,Brooks,D. Brooks,dillon-brooks,F,,,30:21,30.35,3,5,0.6,2,3,0.667,0,1,0.0,0,6,6,2,1,0,0,4,8,2.0,0022400801,Dillon Brooks,dillon brooks,,,2025-02-21,1,0.26359143327841844,0.0,0.19769357495881382,0.06589785831960461,0.032948929159802305,7.0,4.0,4.0,3.0,2.0,4.0,6.0,5.0,1.0,0,0.0,0,0.0007099999999999999,7.0,9845.288326300986,6.99503,0.032948929159802305,4.0,5.0,0.11044754
0022400801,1610612745,Houston,Rockets,HOU,rockets,1631106,Tari,Eason,T. Eason,tari-eason,F,,,26:48,26.8,5,10,0.5,0,1,0.0,2,2,1.0,2,1,3,1,1,2,2,5,12,5.0,0022400801,Tari Eason,tari eason,,,2025-02-21,3,0.44776119402985076,0.07462686567164178,0.11194029850746269,0.03731343283582089,0.18656716417910446,5.0,2.0,6.0,6.0,2.0,2.0,4.0,6.0,2.0,0,0.0,0,0.00203,14.9,7336.287543082225,14.869753000000001,0.11194029850746269,2.0,1.0,0.4899012
0022400801,1610612745,Houston,Rockets,HOU,rockets,1630578,Alperen,Sengun,A. Sengun,alperen-sengun,C,,,35:53,35.88333333333333,8,21,0.381,0,2,0.0,8,10,0.8,5,8,13,2,0,0,8,4,24,10.0,0022400801,Alperen Sengun,alperen sengun,,,2025-02-21,0,0.6688341848583372,0.13934045517882027,0.36228518346493266,0.0557361820715281,0.13934045517882027,2.0,1.0,1.0,3.0,5.0,4.0,3.0,4.0,0.0,0,0.0,0,0.00382,9.4,2460.0889819419,9.364092,0.0,6.0,3.0,0.63566685
0022400801,1610612745,Houston,Rockets,HOU,rockets,1630224,Jalen,Green,J. Green,jalen-green,G,,,39:14,39.233333333333334,12,24,0.5,5,11,0.455,6,9,0.667,0,5,5,4,2,0,4,0,35,18.0,0022400801,Jalen Green,jalen green,,,2025-02-21,2,0.8920985556499575,0.0,0.1274426508071368,0.10195412064570943,0.05097706032285471,1.0,4.0,5.0,2.0,1.0,4.0,1.0,2.0,2.0,0,0.0,0,0.0031,19.0,6127.055788455337,18.9411,0.05097706032285471,3.0,4.0,0.77251416
0022400801,1610612745,Houston,Rockets,HOU,rockets,1641708,Amen,Thompson,A. Thompson,amen-thompson,G,,,39:46,39.766666666666666,7,9,0.778,0,0,0.0,3,3,1.0,2,8,10,6,1,3,0,3,17,5.0,0022400801,Amen Thompson,amen thompson,,,2025-02-21,4,0.4274937133277452,0.05029337803855826,0.2514668901927913,0.15088013411567477,0.15088013411567477,3.0,2.0,2.0,1.0,2.0,1.0,4.0,1.0,2.0,0,0.0,0,0.00104,6.0,5763.688760806917,5.99376,0.10058675607711652,1.0,2.0,0.8787428
0022400801,1610612745,Houston,Rockets,HOU,rockets,1631095,Jabari,Smith Jr.,J. Smith Jr.,jabari-smith-jr,,,,38:00,38.0,5,9,0.556,4,6,0.667,1,2,0.5,0,9,9,2,0,1,5,6,15,12.0,0022400801,Jabari Smith Jr.,jabari smith jr,,,2025-02-21,1,0.39473684210526316,0.0,0.23684210526315788,0.05263157894736842,0.02631578947368421,4.0,4.0,3.0,3.0,5.0,3.0,2.0,3.0,0.0,0,0.0,0,0.0016,18.4,11492.816989381636,18.370559999999998,0.02631578947368421,4.0,6.0,0.5509039
0022400801,1610612745,Houston,Rockets,HOU,rockets,1630256,Jae'Sean,Tate,J. Tate,jaesean-tate,,,,7:01,7.016666666666667,0,0,0.0,0,0,0.0,0,0,0.0,0,1,1,0,0,0,1,1,0,-5.0,0022400801,Jae'Sean Tate,jae'sean tate,,,2025-02-21,0,0.0,0.0,0.14251781472684086,0.0,0.0,8.0,4.0,7.0,8.0,5.0,4.0,7.0,8.0,0.0,0,0.0,0,0.00043,-38.3,-88863.10904872388,-38.283530999999996,0.0,6.0,7.0,0.004395319
0022400801,1610612745,Houston,Rockets,HOU,rockets,1628988,Aaron,Holiday,A. Holiday,aaron-holiday,,,,18:19,18.316666666666666,2,6,0.333,2,3,0.667,4,5,0.8,0,1,1,1,0,0,0,1,10,-7.0,0022400801,Aaron Holiday,aaron holiday,,,2025-02-21,0,0.545950864422202,0.0,0.0545950864422202,0.0545950864422202,0.0,6.0,4.0,7.0,6.0,5.0,4.0,8.0,7.0,0.0,0,0.0,0,0.0017000000000000001,-20.2,-11875.367430922986,-20.16566,0.0,6.0,7.0,0.13155605
0022400801,1610612745,Houston,Rockets,HOU,rockets,203500,Steven,Adams,S. Adams,steven-adams,,,,4:38,4.633333333333333,0,0,0.0,0,0,0.0,0,0,0.0,0,0,0,0,0,0,0,1,0,-10.0,0022400801,Steven Adams,steven adams,,,2025-02-21,0,0.0,0.0,0.0,0.0,0.0,8.0,4.0,9.0,8.0,5.0,4.0,9.0,9.0,0.0,0,0.0,0,0.0,-69.9,-69900000.00000001,-69.9,0.0,6.0,7.0,0.0031449732
0022400809,1610612745,Houston,Rockets,HOU,rockets,1628415,Dillon,Brooks,D. Brooks,dillon-brooks,F,,,33:07,33.11666666666667,4,11,0.364,1,6,0.167,0,0,0.0,2,7,9,5,1,0,0,1,9,-4.0,0022400809,Dillon Brooks,dillon brooks,,,2025-02-22,1,0.27176648213387017,0.06039255158530448,0.27176648213387017,0.1509813789632612,0.09058882737795672,5.0,2.0,2.0,3.0,1.0,3.0,4.0,4.0,1.0,0,0.0,0,0.0013900000000000002,-5.8,-4169.6621135873465,-5.791938,0.03019627579265224,2.0,3.0,0.40095755
0022400809,1610612745,Houston,Rockets,HOU,rockets,1631095,Jabari,Smith Jr.,J. Smith Jr.,jabari-smith-jr,F,,,29:04,29.066666666666666,1,8,0.125,1,5,0.2,0,0,0.0,0,2,2,1,0,0,0,4,3,-10.0,0022400809,Jabari Smith Jr.,jabari smith jr,,,2025-02-22,0,0.10321100917431193,0.0,0.06880733944954129,0.034403669724770644,0.0,8.0,5.0,6.0,8.0,4.0,3.0,9.0,5.0,1.0,0,0.0,0,0.00121,-12.9,-10652.353426919903,-12.884390999999999,0.0,5.0,6.0,0.010184351
0022400809,1610612745,Houston,Rockets,HOU,rockets,1630578,Alperen,Sengun,A. Sengun,alperen-sengun,C,,,34:43,34.71666666666667,11,24,0.458,1,3,0.333,4,8,0.5,2,10,12,7,0,1,2,3,27,-1.0,0022400809,Alperen Sengun,alperen sengun,,,2025-02-22,1,0.7777244359097455,0.057609217474795964,0.34565530484877577,0.20163226116178587,0.08641382621219394,1.0,2.0,1.0,2.0,4.0,1.0,2.0,3.0,3.0,0,1.0,0,0.00345,-1.4,-405.67951318458415,-1.39517,0.028804608737397982,2.0,4.0,0.9175616
0022400809,1610612745,Houston,Rockets,HOU,rockets,1630224,Jalen,Green,J. Green,jalen-green,G,,,35:38,35.63333333333333,9,21,0.429,6,12,0.5,1,3,0.333,1,2,3,10,0,0,1,2,25,-10.0,0022400809,Jalen Green,jalen green,,,2025-02-22,0,0.7015902712815716,0.02806361085126286,0.08419083255378859,0.2806361085126286,0.02806361085126286,2.0,4.0,4.0,1.0,4.0,3.0,9.0,2.0,1.0,0,0.0,0,0.00271,-13.2,-4869.0520103282915,-13.164228,0.0,5.0,5.0,0.8189092
0022400809,1610612745,Houston,Rockets,HOU,rockets,1641708,Amen,Thompson,A. Thompson,amen-thompson,G,,,36:46,36.766666666666666,9,15,0.6,2,3,0.667,2,3,0.667,3,6,9,2,1,0,1,3,22,-1.0,0022400809,Amen Thompson,amen thompson,,,2025-02-22,1,0.5983680870353582,0.0815956482320943,0.24478694469628287,0.05439709882139619,0.10879419764279238,3.0,1.0,2.0,5.0,1.0,3.0,2.0,1.0,4.0,0,0.0,0,0.00193,-1.3,-673.226307612636,-1.297491,0.027198549410698096,2.0,1.0,0.8559483
0022400809,1610612745,Houston,Rockets,HOU,rockets,1628988,Aaron,Holiday,A. Holiday,aaron-holiday,,,,19:32,19.533333333333335,2,5,0.4,1,3,0.333,0,0,0.0,0,3,3,3,1,1,2,2,5,-5.0,0022400809,Aaron Holiday,aaron holiday,,,2025-02-22,2,0.25597269624573377,0.0,0.15358361774744025,0.15358361774744025,0.10238907849829351,6.0,5.0,4.0,4.0,1.0,1.0,6.0,7.0,3.0,0,0.0,0,0.0013700000000000001,-13.9,-10138.584974471189,-13.880957,0.10238907849829351,1.0,2.0,0.04067345
0022400809,1610612745,Houston,Rockets,HOU,rockets,201145,Jeff,Green,J. Green,jeff-green,,,,22:24,22.4,6,8,0.75,4,6,0.667,0,0,0.0,0,1,1,2,0,0,0,0,16,-7.0,0022400809,Jeff Green,jeff green,,,2025-02-22,0,0.7142857142857143,0.0,0.044642857142857144,0.08928571428571429,0.0,4.0,5.0,7.0,5.0,4.0,3.0,8.0,6.0,0.0,0,1.0,0,0.00151,-17.8,-11780.277961614825,-17.773122,0.0,5.0,6.0,0.75482196
0022400809,1610612745,Houston,Rockets,HOU,rockets,1629111,Jock,Landale,J. Landale,jock-landale,,,,10:59,10.983333333333333,1,3,0.333,0,1,0.0,2,2,1.0,0,1,1,1,0,0,0,1,4,-6.0,0022400809,Jock Landale,jock landale,,,2025-02-22,0,0.3641881638846738,0.0,0.09104704097116845,0.09104704097116845,0.0,7.0,5.0,7.0,8.0,4.0,3.0,7.0,8.0,0.0,0,0.0,0,0.0014299999999999998,-29.3,-20475.192173305386,-29.258101,0.0,5.0,6.0,0.007743206
0022400809,1610612745,Houston,Rockets,HOU,rockets,1641715,Cam,Whitmore,C. Whitmore,cam-whitmore,,,,9:59,9.983333333333333,0,1,0.0,0,1,0.0,1,2,0.5,0,1,1,2,0,0,1,0,1,-4.0,0022400809,Cam Whitmore,cam whitmore,,,2025-02-22,0,0.1001669449081803,0.0,0.1001669449081803,0.2003338898163606,0.0,10.0,5.0,7.0,5.0,4.0,3.0,4.0,9.0,1.0,0,0.0,0,0.00125,-24.5,-19584.33253397282,-24.469375,0.0,5.0,6.0,0.005854624
0022400809,1610612745,Houston,Rockets,HOU,rockets,1642263,Reed,Sheppard,R. Sheppard,reed-sheppard,,,,7:48,7.8,1,4,0.25,1,3,0.333,0,0,0.0,0,0,0,0,0,0,0,1,3,3.0,0022400809,Reed Sheppard,reed sheppard,,,2025-02-22,0,0.38461538461538464,0.0,0.0,0.0,0.0,8.0,5.0,10.0,10.0,4.0,3.0,1.0,10.0,2.0,0,0.0,0,0.0019,21.3,11204.62914255655,21.25953,0.0,5.0,6.0,0.011106416
0022400831,1610612745,Houston,Rockets,HOU,rockets,1628415,Dillon,Brooks,D. Brooks,dillon-brooks,F,,,34:30,34.5,6,13,0.462,4,8,0.5,0,0,0.0,0,8,8,4,1,1,1,3,16,3.0,0022400831,Dillon Brooks,dillon brooks,,,2025-02-25,2,0.463768115942029,0.0,0.2318840579710145,0.11594202898550725,0.057971014492753624,3.0,6.0,3.0,2.0,2.0,3.0,5.0,3.0,1.0,0,0.0,0,0.0017299999999999998,5.6,3235.124205661468,5.590312,0.057971014492753624,4.0,7.0,0.70547646
0022400831,1610612745,Houston,Rockets,HOU,rockets,1631106,Tari,Eason,T. Eason,tari-eason,F,,,32:28,32.46666666666667,5,12,0.417,2,6,0.333,0,0,0.0,2,4,6,1,2,1,3,3,12,7.0,0022400831,Tari Eason,tari eason,,,2025-02-25,3,0.36960985626283366,0.061601642710472276,0.18480492813141683,0.030800821355236138,0.15400410677618068,5.0,4.0,6.0,5.0,1.0,3.0,3.0,6.0,3.0,0,0.0,0,0.00203,12.2,6006.893156080747,12.175234,0.09240246406570841,1.0,6.0,0.5386702
0022400831,1610612745,Houston,Rockets,HOU,rockets,1630578,Alperen,Sengun,A. Sengun,alperen-sengun,C,,,35:09,35.15,8,16,0.5,0,0,0.0,7,9,0.778,3,8,11,3,0,3,1,2,23,14.0,0022400831,Alperen Sengun,alperen sengun,,,2025-02-25,3,0.6543385490753912,0.08534850640113799,0.3129445234708393,0.08534850640113799,0.17069701280227598,2.0,2.0,1.0,3.0,6.0,1.0,1.0,2.0,1.0,0,0.0,0,0.00253,19.8,7822.994863690241,19.749906,0.08534850640113799,1.0,4.0,0.8628785
0022400831,1610612745,Houston,Rockets,HOU,rockets,1630224,Jalen,Green,J. Green,jalen-green,G,,,37:04,37.06666666666667,9,20,0.45,5,11,0.455,2,2,1.0,0,8,8,3,0,0,4,2,25,-6.0,0022400831,Jalen Green,jalen green,,,2025-02-25,0,0.6744604316546762,0.0,0.2158273381294964,0.08093525179856115,0.0,1.0,6.0,3.0,3.0,6.0,7.0,8.0,1.0,0.0,0,0.0,0,0.0028399999999999996,-5.0,-1759.9436818021825,-4.9858,0.0,7.0,8.0,0.77394134
0022400831,1610612745,Houston,Rockets,HOU,rockets,1641708,Amen,Thompson,A. Thompson,amen-thompson,G,,,34:28,34.46666666666667,4,8,0.5,0,0,0.0,1,2,0.5,3,6,9,6,1,2,2,3,9,-1.0,0022400831,Amen Thompson,amen thompson,,,2025-02-25,3,0.2611218568665377,0.08704061895551257,0.2611218568665377,0.17408123791102514,0.17408123791102514,6.0,2.0,2.0,1.0,2.0,2.0,7.0,4.0,2.0,0,0.0,0,0.00126,-4.1,-3251.3877874702616,-4.094834,0.08704061895551257,1.0,3.0,0.412733
0022400831,1610612745,Houston,Rockets,HOU,rockets,1631095,Jabari,Smith Jr.,J. Smith Jr.,jabari-smith-jr,,,,33:20,33.333333333333336,4,10,0.4,1,5,0.2,4,4,1.0,6,2,8,0,0,0,3,1,13,-7.0,0022400831,Jabari Smith Jr.,jabari smith jr,,,2025-02-25,0,0.38999999999999996,0.18,0.24,0.0,0.18,4.0,1.0,3.0,7.0,6.0,7.0,9.0,5.0,2.0,0,0.0,0,0.00172,-8.9,-5171.411969785009,-8.884692,0.0,7.0,2.0,0.25243875
0022400831,1610612745,Houston,Rockets,HOU,rockets,201145,Jeff,Green,J. Green,jeff-green,,,,11:47,11.783333333333333,1,4,0.25,0,2,0.0,0,0,0.0,0,0,0,1,1,1,0,1,2,1.0,0022400831,Jeff Green,jeff green,,,2025-02-25,2,0.16973125884016974,0.0,0.0,0.08486562942008487,0.16973125884016974,7.0,6.0,9.0,5.0,2.0,3.0,6.0,7.0,0.0,0,0.0,0,0.0011799999999999998,1.2,1016.0880609652838,1.198584,0.16973125884016974,4.0,5.0,0.013426171
0022400831,1610612745,Houston,Rockets,HOU,rockets,1629111,Jock,Landale,J. Landale,jock-landale,,,,8:34,8.566666666666666,0,4,0.0,0,1,0.0,0,0,0.0,0,1,1,0,0,0,0,1,0,-9.0,0022400831,Jock Landale,jock landale,,,2025-02-25,0,0.0,0.0,0.11673151750972763,0.0,0.0,8.0,6.0,8.0,7.0,6.0,7.0,10.0,9.0,0.0,0,0.0,0,0.00167,-66.7,-39916.21783363256,-66.588611,0.0,7.0,8.0,0.0032997034
0022400831,1610612745,Houston,Rockets,HOU,rockets,1628988,Aaron,Holiday,A. Holiday,aaron-holiday,,,,11:00,11.0,0,2,0.0,0,1,0.0,0,1,0.0,2,0,2,0,1,1,0,0,0,9.0,0022400831,Aaron Holiday,aaron holiday,,,2025-02-25,2,0.0,0.18181818181818182,0.18181818181818182,0.0,0.36363636363636365,8.0,4.0,7.0,7.0,2.0,3.0,2.0,8.0,1.0,0,0.0,0,0.00067,41.3,61549.925484351705,41.272329,0.18181818181818182,4.0,1.0,0.020986047
0022400831,1610612745,Houston,Rockets,HOU,rockets,1630256,Jae'Sean,Tate,J. Tate,jaesean-tate,,,,1:40,1.6666666666666665,0,2,0.0,0,1,0.0,0,0,0.0,0,0,0,0,0,0,1,1,0,4.0,0022400831,Jae'Sean Tate,jae'sean tate,,,2025-02-25,0,0.0,0.0,0.0,0.0,0.0,8.0,6.0,9.0,7.0,6.0,7.0,4.0,10.0,0.0,0,0.0,0,0.005,133.3,26654.669066186765,132.6335,0.0,7.0,8.0,0.0031973165
0022400844,1610612745,Houston,Rockets,HOU,rockets,1628415,Dillon,Brooks,D. Brooks,dillon-brooks,F,,,29:20,29.333333333333332,7,13,0.538,5,8,0.625,0,0,0.0,0,4,4,1,1,0,0,2,19,19.0,0022400844,Dillon Brooks,dillon brooks,,,2025-02-26,1,0.6477272727272727,0.0,0.13636363636363638,0.034090909090909095,0.034090909090909095,3.0,8.0,7.0,6.0,2.0,4.0,5.0,3.0,1.0,0,0.0,0,0.0017599999999999998,31.1,17660.42021578649,31.045264000000003,0.034090909090909095,4.0,8.0,0.8359152
0022400844,1610612745,Houston,Rockets,HOU,rockets,1631095,Jabari,Smith Jr.,J. Smith Jr.,jabari-smith-jr,F,,,32:11,32.18333333333333,4,15,0.267,0,5,0.0,1,2,0.5,3,7,10,1,0,0,2,1,9,21.0,0022400844,Jabari Smith Jr.,jabari smith jr,,,2025-02-26,0,0.2796478508544796,0.09321595028482653,0.31071983428275507,0.03107198342827551,0.09321595028482653,5.0,3.0,2.0,6.0,4.0,4.0,3.0,1.0,1.0,0,0.0,0,0.00214,30.9,14432.508173750583,30.833873999999998,0.0,5.0,6.0,0.12326934
0022400844,1610612745,Houston,Rockets,HOU,rockets,1630578,Alperen,Sengun,A. Sengun,alperen-sengun,C,,,18:34,18.566666666666666,1,5,0.2,0,0,0.0,7,8,0.875,5,6,11,3,1,1,3,3,9,20.0,0022400844,Alperen Sengun,alperen sengun,,,2025-02-26,2,0.48473967684021546,0.26929982046678635,0.59245960502693,0.1615798922800718,0.3770197486535009,5.0,1.0,1.0,4.0,2.0,3.0,4.0,8.0,1.0,0,0.0,0,0.00255,55.1,21599.37279498236,54.959495,0.10771992818671454,2.0,1.0,0.5765127
0022400844,1610612745,Houston,Rockets,HOU,rockets,1630224,Jalen,Green,J. Green,jalen-green,G,,,27:38,27.633333333333333,9,17,0.529,3,8,0.375,0,0,0.0,0,7,7,4,0,0,3,1,21,24.0,0022400844,Jalen Green,jalen green,,,2025-02-26,0,0.7599517490952955,0.0,0.25331724969843183,0.14475271411338964,0.0,2.0,8.0,4.0,3.0,4.0,4.0,2.0,4.0,0.0,0,0.0,0,0.0028199999999999996,43.0,15242.821694434599,42.87874,0.0,5.0,9.0,0.7527409
0022400844,1610612745,Houston,Rockets,HOU,rockets,1641708,Amen,Thompson,A. Thompson,amen-thompson,G,,,29:59,29.983333333333334,12,15,0.8,1,3,0.333,0,0,0.0,4,5,9,5,0,2,2,4,25,26.0,0022400844,Amen Thompson,amen thompson,,,2025-02-26,2,0.8337965536409115,0.13340744858254586,0.30016675931072817,0.16675931072818231,0.20011117287381877,1.0,2.0,3.0,1.0,4.0,1.0,1.0,2.0,1.0,0,0.0,0,0.0022400000000000002,38.4,17135.207496653275,38.313984,0.06670372429127293,2.0,3.0,0.89305264
0022400844,1610612745,Houston,Rockets,HOU,rockets,1630256,Jae'Sean,Tate,J. Tate,jaesean-tate,,,,24:23,24.383333333333333,3,7,0.429,1,2,0.5,0,0,0.0,2,4,6,2,0,0,0,1,7,-11.0,0022400844,Jae'Sean Tate,jae'sean tate,,,2025-02-26,0,0.28708133971291866,0.08202323991797676,0.24606971975393027,0.08202323991797676,0.08202323991797676,7.0,5.0,5.0,5.0,4.0,4.0,11.0,5.0,1.0,0,1.0,0,0.00104,-16.3,-15658.021133525459,-16.283048,0.0,5.0,7.0,0.07581489
0022400844,1610612745,Houston,Rockets,HOU,rockets,201145,Jeff,Green,J. Green,jeff-green,,,,20:28,20.466666666666665,6,12,0.5,1,4,0.25,0,0,0.0,3,0,3,0,0,0,0,1,13,0.0,0022400844,Jeff Green,jeff green,,,2025-02-26,0,0.6351791530944626,0.1465798045602606,0.1465798045602606,0.0,0.1465798045602606,4.0,3.0,8.0,9.0,4.0,4.0,7.0,6.0,2.0,0,0.0,0,0.00222,0.0,0.0,0.0,0.0,5.0,4.0,0.59295416
0022400844,1610612745,Houston,Rockets,HOU,rockets,203500,Steven,Adams,S. Adams,steven-adams,,,,18:57,18.95,2,6,0.333,0,1,0.0,0,0,0.0,2,3,5,5,2,2,1,0,4,6.0,0022400844,Steven Adams,steven adams,,,2025-02-26,4,0.21108179419525067,0.10554089709762533,0.2638522427440633,0.2638522427440633,0.316622691292876,9.0,5.0,6.0,1.0,1.0,1.0,6.0,7.0,2.0,0,0.0,0,0.0014000000000000002,12.6,8993.57601713062,12.58236,0.21108179419525067,1.0,2.0,0.117678665
0022400844,1610612745,Houston,Rockets,HOU,rockets,1628988,Aaron,Holiday,A. Holiday,aaron-holiday,,,,15:52,15.866666666666667,1,4,0.25,0,3,0.0,0,0,0.0,0,1,1,0,0,0,0,0,2,-2.0,0022400844,Aaron Holiday,aaron holiday,,,2025-02-26,0,0.12605042016806722,0.0,0.06302521008403361,0.0,0.0,10.0,8.0,10.0,9.0,4.0,4.0,8.0,9.0,0.0,0,0.0,0,0.00095,-8.8,-9253.4174553102,-8.791640000000001,0.0,5.0,9.0,0.010138645
0022400844,1610612745,Houston,Rockets,HOU,rockets,1629111,Jock,Landale,J. Landale,jock-landale,,,,7:32,7.533333333333333,2,4,0.5,0,1,0.0,1,2,0.5,1,2,3,0,0,0,0,0,5,-11.0,0022400844,Jock Landale,jock landale,,,2025-02-26,0,0.6637168141592921,0.13274336283185842,0.39823008849557523,0.0,0.13274336283185842,8.0,7.0,8.0,9.0,4.0,4.0,11.0,10.0,0.0,0,0.0,0,0.0025,-54.7,-21871.251499400238,-54.563250000000004,0.0,5.0,5.0,0.021248324
0022400844,1610612745,Houston,Rockets,HOU,rockets,1642263,Reed,Sheppard,R. Sheppard,reed-sheppard,,,,6:06,6.1,0,0,0.0,0,0,0.0,2,2,1.0,0,1,1,1,0,0,1,0,2,-12.0,0022400844,Reed Sheppard,reed sheppard,,,2025-02-26,0,0.3278688524590164,0.0,0.1639344262295082,0.1639344262295082,0.0,10.0,8.0,10.0,6.0,4.0,4.0,13.0,11.0,1.0,0,0.0,0,0.0011799999999999998,-71.7,-60711.261642675716,-71.61539400000001,0.0,5.0,9.0,0.0036325527
0022400844,1610612745,Houston,Rockets,HOU,rockets,1631466,Nate,Williams,N. Williams,nate-williams,,,,4:30,4.5,1,4,0.25,0,3,0.0,0,0,0.0,0,0,0,0,0,0,1,1,2,-10.0,0022400844,Nate Williams,nate williams,,,2025-02-26,0,0.4444444444444444,0.0,0.0,0.0,0.0,10.0,8.0,12.0,9.0,4.0,4.0,9.0,12.0,,1,,1,0.00357,-83.3,-23326.799215905907,-83.002619,0.0,5.0,9.0,0.0062867496
0022400844,1610612745,Houston,Rockets,HOU,rockets,1641715,Cam,Whitmore,C. Whitmore,cam-whitmore,,,,4:30,4.5,0,0,0.0,0,0,0.0,0,0,0.0,0,0,0,0,0,0,1,0,0,-10.0,0022400844,Cam Whitmore,cam whitmore,,,2025-02-26,0,0.0,0.0,0.0,0.0,0.0,13.0,8.0,12.0,9.0,4.0,4.0,9.0,12.0,,1,,1,0.0007099999999999999,-83.3,-117158.93108298173,-83.24085699999999,0.0,5.0,9.0,0.0026664294
0022400862,1610612745,Houston,Rockets,HOU,rockets,1628415,Dillon,Brooks,D. Brooks,dillon-brooks,F,,,30:29,30.483333333333334,4,13,0.308,2,8,0.25,2,2,1.0,1,0,1,0,2,0,2,2,12,-14.0,0022400862,Dillon Brooks,dillon brooks,,,2025-03-01,2,0.3936577364680153,0.03280481137233461,0.03280481137233461,0.0,0.09841443411700382,4.0,3.0,8.0,7.0,2.0,3.0,9.0,5.0,2.0,0,0.0,0,0.00197,-26.6,-13495.687468290209,-26.547598,0.06560962274466922,2.0,3.0,0.4115155
0022400862,1610612745,Houston,Rockets,HOU,rockets,1641708,Amen,Thompson,A. Thompson,amen-thompson,F,,,41:20,41.333333333333336,3,10,0.3,0,0,0.0,0,0,0.0,4,7,11,3,0,0,2,1,6,-12.0,0022400862,Amen Thompson,amen thompson,,,2025-03-01,0,0.14516129032258063,0.0967741935483871,0.2661290322580645,0.07258064516129031,0.0967741935483871,6.0,1.0,1.0,3.0,5.0,3.0,8.0,1.0,1.0,0,0.0,0,0.00124,-17.2,-13859.79049153908,-17.178672,0.0,7.0,5.0,0.12100736
0022400862,1610612745,Houston,Rockets,HOU,rockets,1630578,Alperen,Sengun,A. Sengun,alperen-sengun,C,,,37:07,37.11666666666667,10,16,0.625,0,0,0.0,10,17,0.588,4,6,10,5,0,1,6,3,30,-4.0,0022400862,Alperen Sengun,alperen sengun,,,2025-03-01,1,0.8082622361921867,0.10776829815895823,0.2694207453973956,0.1347103726986978,0.1347103726986978,1.0,1.0,2.0,1.0,5.0,1.0,4.0,2.0,0.0,0,0.0,0,0.00315,-9.4,-2983.1799428752774,-9.37039,0.02694207453973956,3.0,1.0,0.78844494
0022400862,1610612745,Houston,Rockets,HOU,rockets,1630224,Jalen,Green,J. Green,jalen-green,G,,,36:56,36.93333333333333,9,20,0.45,4,10,0.4,2,2,1.0,1,1,2,2,1,0,2,2,24,-4.0,0022400862,Jalen Green,jalen green,,,2025-03-01,1,0.6498194945848376,0.027075812274368234,0.05415162454873647,0.05415162454873647,0.05415162454873647,2.0,3.0,6.0,4.0,3.0,3.0,4.0,3.0,1.0,0,0.0,0,0.00261,-8.1,-3102.2596706242816,-8.078859,0.027075812274368234,3.0,8.0,0.7696441
0022400862,1610612745,Houston,Rockets,HOU,rockets,1627832,Fred,VanVleet,F. VanVleet,fred-vanvleet,G,,,34:45,34.75,1,8,0.125,1,7,0.143,0,0,0.0,0,5,5,5,3,0,1,1,3,-10.0,0022400862,Fred VanVleet,fred vanvleet,,,2025-03-01,3,0.08633093525179857,0.0,0.14388489208633093,0.14388489208633093,0.08633093525179857,8.0,8.0,4.0,1.0,1.0,3.0,7.0,4.0,4.0,0,0.0,0,0.00111,-19.2,-17281.728172817282,-19.178687999999998,0.08633093525179857,1.0,7.0,0.015872391
0022400862,1610612745,Houston,Rockets,HOU,rockets,1631106,Tari,Eason,T. Eason,tari-eason,,,,22:34,22.566666666666666,5,8,0.625,3,5,0.6,1,1,1.0,1,3,4,2,1,0,2,4,14,0.0,0022400862,Tari Eason,tari eason,,,2025-03-01,1,0.620384047267356,0.04431314623338257,0.17725258493353027,0.08862629246676514,0.08862629246676514,3.0,3.0,5.0,4.0,3.0,3.0,2.0,6.0,1.0,0,0.0,0,0.00196,2.5,1274.859765425803,2.4951,0.04431314623338257,3.0,6.0,0.8671907
0022400862,1610612745,Houston,Rockets,HOU,rockets,1631095,Jabari,Smith Jr.,J. Smith Jr.,jabari-smith-jr,,,,20:29,20.483333333333334,2,6,0.333,1,3,0.333,0,0,0.0,1,6,7,0,0,1,0,3,5,2.0,0022400862,Jabari Smith Jr.,jabari smith jr,,,2025-03-01,1,0.2441008950366151,0.04882017900732302,0.3417412530512612,0.0,0.09764035801464604,7.0,3.0,3.0,7.0,5.0,1.0,1.0,7.0,0.0,0,0.0,0,0.00122,4.8,3931.2039312039315,4.794144,0.04882017900732302,3.0,4.0,0.21924843
0022400862,1610612745,Houston,Rockets,HOU,rockets,203500,Steven,Adams,S. Adams,steven-adams,,,,7:45,7.75,1,3,0.333,0,0,0.0,0,0,0.0,1,1,2,1,0,0,0,0,2,-6.0,0022400862,Steven Adams,steven adams,,,2025-03-01,0,0.25806451612903225,0.12903225806451613,0.25806451612903225,0.12903225806451613,0.12903225806451613,9.0,3.0,6.0,6.0,5.0,3.0,6.0,9.0,0.0,0,0.0,0,0.0017599999999999998,-51.0,-28960.817717206137,-50.91024,0.0,7.0,2.0,0.011539674
0022400862,1610612745,Houston,Rockets,HOU,rockets,1628988,Aaron,Holiday,A. Holiday,aaron-holiday,,,,8:35,8.583333333333334,2,2,1.0,2,2,1.0,1,1,1.0,0,1,1,0,0,0,0,0,7,-2.0,0022400862,Aaron Holiday,aaron holiday,,,2025-03-01,0,0.8155339805825242,0.0,0.11650485436893203,0.0,0.0,5.0,8.0,8.0,7.0,5.0,3.0,3.0,8.0,0.0,0,0.0,0,0.00091,-19.6,-21514.818880351264,-19.582164000000002,0.0,7.0,9.0,0.08503225
0022400879,1610612745,Houston,Rockets,HOU,rockets,1641715,Cam,Whitmore,C. Whitmore,cam-whitmore,F,,,39:47,39.78333333333333,10,19,0.526,4,6,0.667,3,4,0.75,4,7,11,3,2,3,0,2,27,-4.0,0022400879,Cam Whitmore,cam whitmore,,,2025-03-03,5,0.6786761625471304,0.10054461667364893,0.2764976958525346,0.07540846250523671,0.2262253875157101,1.0,1.0,1.0,3.0,1.0,1.0,6.0,1.0,4.0,0,0.0,0,0.00202,-1.8,-890.6481939633844,-1.796364,0.12568077084206117,1.0,3.0,0.920713
0022400879,1610612745,Houston,Rockets,HOU,rockets,1631095,Jabari,Smith Jr.,J. Smith Jr.,jabari-smith-jr,F,,,27:37,27.616666666666667,5,14,0.357,1,3,0.333,0,0,0.0,4,4,8,1,0,1,0,2,11,-9.0,0022400879,Jabari Smith Jr.,jabari smith jr,,,2025-03-03,1,0.3983101991550996,0.14484007242003621,0.28968014484007243,0.036210018105009054,0.18105009052504525,5.0,1.0,3.0,6.0,6.0,3.0,9.0,3.0,1.0,0,0.0,0,0.00189,-14.3,-7562.136435748283,-14.272973000000002,0.036210018105009054,5.0,4.0,0.3249129
0022400879,1610612745,Houston,Rockets,HOU,rockets,1629111,Jock,Landale,J. Landale,jock-landale,C,,,21:15,21.25,3,6,0.5,0,1,0.0,0,0,0.0,1,2,3,1,0,0,2,3,6,-11.0,0022400879,Jock Landale,jock landale,,,2025-03-03,0,0.2823529411764706,0.047058823529411764,0.1411764705882353,0.047058823529411764,0.047058823529411764,7.0,5.0,7.0,6.0,6.0,5.0,10.0,6.0,0.0,0,1.0,0,0.00145,-21.1,-14541.695382494834,-21.069405000000003,0.0,8.0,7.0,0.035302036
0022400879,1610612745,Houston,Rockets,HOU,rockets,1630224,Jalen,Green,J. Green,jalen-green,G,,,24:32,24.533333333333335,6,14,0.429,1,5,0.2,5,6,0.833,0,6,6,4,2,0,2,3,18,-3.0,0022400879,Jalen Green,jalen green,,,2025-03-03,2,0.733695652173913,0.0,0.24456521739130432,0.16304347826086957,0.08152173913043478,3.0,6.0,4.0,2.0,1.0,5.0,4.0,4.0,0.0,0,0.0,0,0.00302,-3.5,-1158.5567692816946,-3.48943,0.08152173913043478,3.0,6.0,0.77298194
0022400879,1610612745,Houston,Rockets,HOU,rockets,1642263,Reed,Sheppard,R. Sheppard,reed-sheppard,G,,,31:25,31.416666666666668,10,17,0.588,3,7,0.429,2,2,1.0,0,2,2,5,2,1,3,1,25,-12.0,0022400879,Reed Sheppard,reed sheppard,,,2025-03-03,3,0.7957559681697612,0.0,0.0636604774535809,0.15915119363395225,0.09549071618037135,2.0,6.0,8.0,1.0,1.0,3.0,11.0,2.0,7.0,0,0.0,0,0.00253,-13.2,-5215.329909126826,-13.166604,0.09549071618037135,2.0,5.0,0.8208336
0022400879,1610612745,Houston,Rockets,HOU,rockets,1628988,Aaron,Holiday,A. Holiday,aaron-holiday,,,,19:15,19.25,5,8,0.625,4,6,0.667,0,0,0.0,0,1,1,2,0,0,5,1,14,-4.0,0022400879,Aaron Holiday,aaron holiday,,,2025-03-03,0,0.7272727272727273,0.0,0.05194805194805195,0.1038961038961039,0.0,4.0,6.0,9.0,4.0,6.0,5.0,6.0,7.0,2.0,0,0.0,0,0.0026,-3.5,-1345.6362937331796,-3.4909,0.0,8.0,9.0,0.7145922
0022400879,1610612745,Houston,Rockets,HOU,rockets,201145,Jeff,Green,J. Green,jeff-green,,,,15:52,15.866666666666667,1,2,0.5,1,2,0.5,0,0,0.0,0,4,4,1,0,0,0,0,3,0.0,0022400879,Jeff Green,jeff green,,,2025-03-03,0,0.18907563025210083,0.0,0.25210084033613445,0.06302521008403361,0.0,10.0,6.0,5.0,6.0,6.0,5.0,3.0,9.0,1.0,0,0.0,0,0.00049,3.4,6924.643584521385,3.3983339999999997,0.0,8.0,9.0,0.02283273
0022400879,1610612745,Houston,Rockets,HOU,rockets,1631466,Nate,Williams,N. Williams,nate-williams,,,,23:28,23.466666666666665,2,9,0.222,0,2,0.0,2,2,1.0,0,1,1,0,1,0,3,4,6,-6.0,0022400879,Nate Williams,nate williams,,,2025-03-03,1,0.2556818181818182,0.0,0.04261363636363637,0.0,0.04261363636363637,7.0,6.0,9.0,10.0,4.0,5.0,8.0,5.0,3.0,0,0.0,0,0.0020599999999999998,-8.4,-4075.691411935954,-8.382696000000001,0.04261363636363637,5.0,8.0,0.03366258
0022400879,1610612745,Houston,Rockets,HOU,rockets,1630256,Jae'Sean,Tate,J. Tate,jaesean-tate,,,,11:19,11.316666666666666,1,4,0.25,0,1,0.0,0,0,0.0,2,2,4,2,1,0,0,1,2,-3.0,0022400879,Jae'Sean Tate,jae'sean tate,,,2025-03-03,1,0.17673048600883653,0.17673048600883653,0.35346097201767307,0.17673048600883653,0.2650957290132548,11.0,4.0,5.0,4.0,4.0,5.0,4.0,10.0,3.0,0,0.0,0,0.0012900000000000001,-6.4,-4957.397366382649,-6.391744,0.08836524300441827,5.0,2.0,0.01802036
0022400879,1610612745,Houston,Rockets,HOU,rockets,1642368,N'Faly,Dante,N. Dante,nfaly-dante,,,,18:33,18.55,4,6,0.667,0,0,0.0,2,3,0.667,4,5,9,1,0,2,1,4,10,2.0,0022400879,N'Faly Dante,n'faly dante,,,2025-03-03,2,0.5390835579514824,0.21563342318059298,0.4851752021563342,0.053908355795148244,0.32345013477088946,6.0,1.0,2.0,6.0,6.0,2.0,2.0,8.0,0.0,0,0.0,0,0.0016300000000000002,4.4,2697.73145309626,4.392828000000001,0.10781671159029649,3.0,1.0,0.8495023
0022400879,1610612745,Houston,Rockets,HOU,rockets,1629098,Jack,McVeigh,J. McVeigh,jack-mcveigh,,,,6:57,6.95,2,2,1.0,2,2,1.0,0,0,0.0,0,0,0,0,0,0,0,0,6,5.0,0022400879,Jack McVeigh,jack mcveigh,,,2025-03-03,0,0.8633093525179856,0.0,0.0,0.0,0.0,7.0,6.0,11.0,10.0,6.0,5.0,1.0,11.0,0.0,0,0.0,0,0.00105,29.4,27973.358705994295,29.36913,0.0,8.0,9.0,0.059694044
0022400882,1610612745,Houston,Rockets,HOU,rockets,1628415,Dillon,Brooks,D. Brooks,dillon-brooks,F,,,28:30,28.5,4,16,0.25,2,9,0.222,3,4,0.75,3,1,4,2,1,0,2,3,13,-11.0,0022400882,Dillon Brooks,dillon brooks,,,2025-03-04,1,0.45614035087719296,0.10526315789473684,0.14035087719298245,0.07017543859649122,0.14035087719298245,3.0,3.0,5.0,4.0,3.0,1.0,10.0,5.0,1.0,0,0.0,0,0.00256,-22.5,-8785.63061304178,-22.4424,0.03508771929824561,3.0,2.0,0.24683292
0022400882,1610612745,Houston,Rockets,HOU,rockets,1631095,Jabari,Smith Jr.,J. Smith Jr.,jabari-smith-jr,F,,,37:03,37.05,4,11,0.364,2,5,0.4,2,4,0.5,5,4,9,0,0,0,0,3,12,-19.0,0022400882,Jabari Smith Jr.,jabari smith jr,,,2025-03-04,0,0.32388663967611336,0.1349527665317139,0.24291497975708504,0.0,0.1349527665317139,5.0,2.0,3.0,8.0,5.0,1.0,11.0,2.0,0.0,0,0.0,0,0.00127,-30.7,-24154.209284028322,-30.661011,0.0,5.0,4.0,0.17509767
0022400882,1610612745,Houston,Rockets,HOU,rockets,1630578,Alperen,Sengun,A. Sengun,alperen-sengun,C,,,35:19,35.31666666666667,12,19,0.632,0,0,0.0,1,2,0.5,3,6,9,7,0,0,4,3,25,-2.0,0022400882,Alperen Sengun,alperen sengun,,,2025-03-04,0,0.7078810759792354,0.08494572911750825,0.25483718735252475,0.1982067012741859,0.08494572911750825,1.0,3.0,3.0,1.0,5.0,1.0,6.0,3.0,0.0,0,0.0,0,0.00242,-7.2,-2973.977695167286,-7.182576,0.0,5.0,7.0,0.8324755
0022400882,1610612745,Houston,Rockets,HOU,rockets,1630224,Jalen,Green,J. Green,jalen-green,G,,,32:37,32.61666666666667,4,13,0.308,2,7,0.286,2,4,0.5,0,4,4,2,1,0,5,2,12,-22.0,0022400882,Jalen Green,jalen green,,,2025-03-04,1,0.36791006642820645,0.0,0.12263668880940215,0.061318344404701075,0.030659172202350538,5.0,7.0,5.0,4.0,3.0,1.0,12.0,4.0,1.0,0,0.0,0,0.00233,-38.9,-16688.116688116686,-38.809363,0.030659172202350538,3.0,8.0,0.15369785
0022400882,1610612745,Houston,Rockets,HOU,rockets,1641708,Amen,Thompson,A. Thompson,amen-thompson,G,,,39:40,39.666666666666664,5,13,0.385,0,3,0.0,3,6,0.5,3,9,12,4,2,0,1,1,13,0.0,0022400882,Amen Thompson,amen thompson,,,2025-03-04,2,0.3277310924369748,0.07563025210084034,0.3025210084033614,0.10084033613445378,0.12605042016806722,3.0,3.0,2.0,2.0,1.0,1.0,4.0,1.0,4.0,0,1.0,0,0.00157,-2.7,-1718.650541056652,-2.695761,0.05042016806722689,1.0,6.0,0.7609827
0022400882,1610612745,Houston,Rockets,HOU,rockets,1631106,Tari,Eason,T. Eason,tari-eason,,,,25:31,25.516666666666666,7,14,0.5,2,4,0.5,0,0,0.0,8,6,14,4,0,0,2,1,16,-2.0,0022400882,Tari Eason,tari eason,,,2025-03-04,0,0.6270411495754409,0.31352057478772044,0.5486610058785107,0.15676028739386022,0.31352057478772044,2.0,1.0,1.0,2.0,5.0,1.0,6.0,6.0,0.0,0,0.0,0,0.00208,-9.4,-4517.0591061989435,-9.380448000000001,0.0,5.0,1.0,0.8193868
0022400882,1610612745,Houston,Rockets,HOU,rockets,1642263,Reed,Sheppard,R. Sheppard,reed-sheppard,,,,14:40,14.666666666666666,2,6,0.333,0,1,0.0,0,2,0.0,0,1,1,2,2,0,0,1,4,-6.0,0022400882,Reed Sheppard,reed sheppard,,,2025-03-04,2,0.27272727272727276,0.0,0.06818181818181819,0.13636363636363638,0.13636363636363638,7.0,7.0,8.0,4.0,1.0,1.0,8.0,8.0,3.0,0,0.0,0,0.00167,-24.4,-14602.034709754638,-24.359252,0.13636363636363638,1.0,3.0,0.029153632
0022400882,1610612745,Houston,Rockets,HOU,rockets,203500,Steven,Adams,S. Adams,steven-adams,,,,15:29,15.483333333333333,1,3,0.333,0,0,0.0,1,2,0.5,2,1,3,1,0,0,0,0,3,0.0,0022400882,Steven Adams,steven adams,,,2025-03-04,0,0.19375672766415503,0.12917115177610333,0.19375672766415503,0.06458557588805167,0.12917115177610333,8.0,6.0,7.0,7.0,5.0,1.0,4.0,7.0,0.0,0,0.0,0,0.001,-6.3,-6293.706293706294,-6.293699999999999,0.0,5.0,5.0,0.017541857
0022400882,1610612745,Houston,Rockets,HOU,rockets,1641715,Cam,Whitmore,C. Whitmore,cam-whitmore,,,,6:41,6.683333333333334,1,2,0.5,1,1,1.0,0,0,0.0,0,1,1,0,0,0,0,0,3,-6.0,0022400882,Cam Whitmore,cam whitmore,,,2025-03-04,0,0.44887780548628425,0.0,0.14962593516209477,0.0,0.0,8.0,7.0,8.0,8.0,5.0,1.0,8.0,9.0,0.0,0,0.0,0,0.00111,-40.0,-36003.600360036005,-39.9556,0.0,5.0,9.0,0.0063230232
0022400882,1610612745,Houston,Rockets,HOU,rockets,1631466,Nate,Williams,N. Williams,nate-williams,,,,1:30,1.5,0,1,0.0,0,0,0.0,1,2,0.5,0,0,0,0,0,0,0,0,1,1.0,0022400882,Nate Williams,nate williams,,,2025-03-04,0,0.6666666666666666,0.0,0.0,0.0,0.0,10.0,7.0,11.0,8.0,5.0,1.0,1.0,10.0,,1,,1,0.005,8.3,1659.6680663867228,8.258500000000002,0.0,5.0,9.0,0.007955678
0022400882,1610612745,Houston,Rockets,HOU,rockets,1628988,Aaron,Holiday,A. Holiday,aaron-holiday,,,,1:30,1.5,0,0,0.0,0,0,0.0,0,0,0.0,0,0,0,0,0,0,0,0,0,1.0,0022400882,Aaron Holiday,aaron holiday,,,2025-03-04,0,0.0,0.0,0.0,0.0,0.0,11.0,7.0,11.0,8.0,5.0,1.0,1.0,10.0,,1,,1,0.0,8.3,8300000.000000001,8.3,0.0,5.0,9.0,0.0055711716
0022400882,1610612745,Houston,Rockets,HOU,rockets,1630256,Jae'Sean,Tate,J. Tate,jaesean-tate,,,,1:30,1.5,0,0,0.0,0,0,0.0,0,0,0.0,0,1,1,0,0,0,0,0,0,1.0,0022400882,Jae'Sean Tate,jae'sean tate,,,2025-03-04,0,0.0,0.0,0.6666666666666666,0.0,0.0,11.0,7.0,8.0,8.0,5.0,1.0,1.0,10.0,0.0,0,0.0,0,0.0,8.3,8300000.000000001,8.3,0.0,5.0,9.0,0.016921574
0022400902,1610612745,Houston,Rockets,HOU,rockets,1628415,Dillon,Brooks,D. Brooks,dillon-brooks,F,,,36:15,36.25,6,9,0.667,1,4,0.25,1,2,0.5,1,3,4,1,0,0,1,5,14,-1.0,0022400902,Dillon Brooks,dillon brooks,,,2025-03-06,0,0.38620689655172413,0.027586206896551724,0.1103448275862069,0.027586206896551724,0.027586206896551724,5.0,3.0,5.0,7.0,5.0,7.0,8.0,3.0,3.0,0,1.0,0,0.00131,-6.1,-4652.936689549962,-6.092008999999999,0.0,8.0,8.0,0.33621192
0022400902,1610612745,Houston,Rockets,HOU,rockets,1631106,Tari,Eason,T. Eason,tari-eason,F,,,30:52,30.866666666666667,7,14,0.5,4,8,0.5,2,2,1.0,1,1,2,4,5,1,5,4,20,9.0,0022400902,Tari Eason,tari eason,,,2025-03-06,6,0.6479481641468683,0.03239740820734341,0.06479481641468682,0.12958963282937364,0.2267818574514039,3.0,3.0,7.0,4.0,1.0,1.0,4.0,5.0,6.0,0,0.0,0,0.0027400000000000002,10.3,3757.7526450200653,10.271778000000001,0.19438444924406048,1.0,2.0,0.76228
0022400902,1610612745,Houston,Rockets,HOU,rockets,1630578,Alperen,Sengun,A. Sengun,alperen-sengun,C,,,36:22,36.36666666666667,11,14,0.786,0,0,0.0,0,3,0.0,1,5,6,8,3,1,4,5,22,15.0,0022400902,Alperen Sengun,alperen sengun,,,2025-03-06,4,0.6049495875343721,0.027497708524289642,0.16498625114573787,0.21998166819431714,0.13748854262144822,1.0,3.0,3.0,1.0,2.0,1.0,2.0,2.0,4.0,0,0.0,0,0.00226,16.0,7076.514816452897,15.96384,0.10999083409715857,2.0,4.0,0.8267751
0022400902,1610612745,Houston,Rockets,HOU,rockets,1630224,Jalen,Green,J. Green,jalen-green,G,,,34:14,34.233333333333334,3,10,0.3,2,7,0.286,1,1,1.0,0,2,2,8,0,1,2,0,9,8.0,0022400902,Jalen Green,jalen green,,,2025-03-06,1,0.2629016553067186,0.0,0.05842259006815969,0.23369036027263876,0.029211295034079845,6.0,6.0,7.0,1.0,5.0,1.0,5.0,4.0,0.0,0,0.0,0,0.00156,10.0,6406.149903907752,9.9844,0.029211295034079845,4.0,7.0,0.102305695
0022400902,1610612745,Houston,Rockets,HOU,rockets,1641708,Amen,Thompson,A. Thompson,amen-thompson,G,,,38:29,38.483333333333334,10,13,0.769,0,1,0.0,1,4,0.25,3,8,11,2,0,1,3,2,21,10.0,0022400902,Amen Thompson,amen thompson,,,2025-03-06,1,0.5456907752273712,0.0779558250324816,0.28583802511909917,0.0519705500216544,0.1039411000433088,2.0,1.0,1.0,6.0,5.0,1.0,3.0,1.0,2.0,0,0.0,0,0.0020499999999999997,10.3,5021.940516821063,10.278885,0.0259852750108272,4.0,5.0,0.7775082
0022400902,1610612745,Houston,Rockets,HOU,rockets,203500,Steven,Adams,S. Adams,steven-adams,,,,18:44,18.733333333333334,1,2,0.5,0,0,0.0,1,2,0.5,3,5,8,6,1,0,2,3,3,17.0,0022400902,Steven Adams,steven adams,,,2025-03-06,1,0.16014234875444838,0.16014234875444838,0.4270462633451957,0.32028469750889677,0.21352313167259784,7.0,1.0,2.0,3.0,3.0,7.0,1.0,7.0,1.0,0,0.0,0,0.0010199999999999999,37.1,36336.92458374144,37.062158000000004,0.05338078291814946,4.0,3.0,0.2541588
0022400902,1610612745,Houston,Rockets,HOU,rockets,1631095,Jabari,Smith Jr.,J. Smith Jr.,jabari-smith-jr,,,,28:05,28.083333333333332,6,13,0.462,2,8,0.25,2,4,0.5,0,5,5,1,0,1,0,2,16,4.0,0022400902,Jabari Smith Jr.,jabari smith jr,,,2025-03-06,1,0.56973293768546,0.0,0.17804154302670624,0.03560830860534125,0.03560830860534125,4.0,6.0,4.0,7.0,5.0,1.0,6.0,6.0,2.0,0,0.0,0,0.00215,6.8,3161.320316132031,6.78538,0.03560830860534125,4.0,6.0,0.6268047
0022400902,1610612745,Houston,Rockets,HOU,rockets,1642263,Reed,Sheppard,R. Sheppard,reed-sheppard,,,,11:51,11.85,1,5,0.2,0,1,0.0,0,0,0.0,0,3,3,3,0,0,1,2,2,0.0,0022400902,Reed Sheppard,reed sheppard,,,2025-03-06,0,0.16877637130801687,0.0,0.25316455696202533,0.25316455696202533,0.0,8.0,6.0,6.0,5.0,5.0,7.0,7.0,8.0,1.0,0,0.0,0,0.00207,-2.6,-1255.4321583775954,-2.594618,0.0,8.0,9.0,0.011422328
0022400902,1610612745,Houston,Rockets,HOU,rockets,201145,Jeff,Green,J. Green,jeff-green,,,,5:08,5.133333333333334,1,1,1.0,0,0,0.0,0,0,0.0,0,0,0,0,1,1,1,1,2,-2.0,0022400902,Jeff Green,jeff green,,,2025-03-06,2,0.3896103896103896,0.0,0.0,0.0,0.3896103896103896,8.0,6.0,9.0,9.0,3.0,1.0,9.0,9.0,0.0,0,0.0,0,0.00167,-18.2,-10891.681627767804,-18.169606,0.3896103896103896,3.0,1.0,0.010247045
0022400913,1610612745,Houston,Rockets,HOU,rockets,1628415,Dillon,Brooks,D. Brooks,dillon-brooks,F,,,25:07,25.116666666666667,9,14,0.643,7,11,0.636,2,2,1.0,1,3,4,3,1,0,0,2,27,16.0,0022400913,Dillon Brooks,dillon brooks,,,2025-03-08,1,1.0749834107498342,0.039814200398142006,0.15925680159256803,0.11944260119442601,0.07962840079628401,1.0,4.0,6.0,3.0,4.0,6.0,5.0,4.0,0.0,0,0.0,0,0.0023799999999999997,34.8,14615.707685846282,34.717175999999995,0.039814200398142006,5.0,8.0,0.88341725
0022400913,1610612745,Houston,Rockets,HOU,rockets,1631106,Tari,Eason,T. Eason,tari-eason,F,,,24:17,24.283333333333335,6,11,0.545,0,3,0.0,0,0,0.0,1,1,2,1,0,0,1,0,12,8.0,0022400913,Tari Eason,tari eason,,,2025-03-08,0,0.49416609471516815,0.04118050789293068,0.08236101578586136,0.04118050789293068,0.04118050789293068,7.0,4.0,8.0,8.0,7.0,6.0,8.0,6.0,2.0,0,0.0,0,0.00185,15.4,8319.827120475418,15.37151,0.0,9.0,9.0,0.17437294
0022400913,1610612745,Houston,Rockets,HOU,rockets,1630578,Alperen,Sengun,A. Sengun,alperen-sengun,C,,,31:47,31.783333333333335,7,11,0.636,0,0,0.0,6,7,0.857,4,1,5,6,2,2,2,3,20,18.0,0022400913,Alperen Sengun,alperen sengun,,,2025-03-08,4,0.6292606187729418,0.12585212375458835,0.15731515469323545,0.18877818563188253,0.2517042475091767,2.0,1.0,4.0,2.0,1.0,1.0,4.0,2.0,2.0,0,1.0,0,0.00203,27.7,13638.601674052188,27.643769,0.12585212375458835,1.0,4.0,0.86668295
0022400913,1610612745,Houston,Rockets,HOU,rockets,1630224,Jalen,Green,J. Green,jalen-green,G,,,27:32,27.533333333333335,5,15,0.333,2,7,0.286,2,2,1.0,0,7,7,3,0,0,0,0,14,16.0,0022400913,Jalen Green,jalen green,,,2025-03-08,0,0.5084745762711864,0.0,0.2542372881355932,0.1089588377723971,0.0,5.0,8.0,3.0,3.0,7.0,6.0,5.0,3.0,0.0,0,0.0,0,0.00222,29.0,13057.181449797386,28.93562,0.0,9.0,10.0,0.29741484
0022400913,1610612745,Houston,Rockets,HOU,rockets,1641708,Amen,Thompson,A. Thompson,amen-thompson,G,,,33:16,33.266666666666666,7,11,0.636,0,1,0.0,1,2,0.5,4,5,9,11,0,1,3,1,15,39.0,0022400913,Amen Thompson,amen thompson,,,2025-03-08,1,0.45090180360721444,0.12024048096192386,0.27054108216432865,0.3306613226452906,0.15030060120240482,4.0,1.0,1.0,1.0,7.0,3.0,1.0,1.0,1.0,0,0.0,0,0.0017599999999999998,57.4,32595.116411130042,57.298975999999996,0.030060120240480964,5.0,6.0,0.8537098
0022400913,1610612745,Houston,Rockets,HOU,rockets,1631095,Jabari,Smith Jr.,J. Smith Jr.,jabari-smith-jr,,,,24:37,24.616666666666667,6,9,0.667,2,4,0.5,0,0,0.0,1,4,5,1,2,0,1,1,14,22.0,0022400913,Jabari Smith Jr.,jabari smith jr,,,2025-03-08,2,0.5687203791469194,0.040622884224779957,0.2031144211238998,0.040622884224779957,0.12186865267433987,5.0,4.0,4.0,8.0,1.0,6.0,3.0,5.0,2.0,0,0.0,0,0.00161,43.4,26939.788950962135,43.330126,0.08124576844955991,3.0,7.0,0.7207253
0022400913,1610612745,Houston,Rockets,HOU,rockets,203500,Steven,Adams,S. Adams,steven-adams,,,,18:16,18.266666666666666,3,5,0.6,0,0,0.0,0,0,0.0,3,5,8,2,2,2,1,2,6,16.0,0022400913,Steven Adams,steven adams,,,2025-03-08,4,0.3284671532846716,0.1642335766423358,0.43795620437956206,0.10948905109489052,0.3832116788321168,9.0,3.0,2.0,5.0,1.0,1.0,5.0,8.0,2.0,0,0.0,0,0.00128,35.7,27868.852459016394,35.654304,0.21897810218978103,1.0,1.0,0.71188295
0022400913,1610612745,Houston,Rockets,HOU,rockets,1628988,Aaron,Holiday,A. Holiday,aaron-holiday,,,,24:11,24.183333333333334,7,14,0.5,4,9,0.444,2,2,1.0,0,4,4,2,0,0,2,0,20,23.0,0022400913,Aaron Holiday,aaron holiday,,,2025-03-08,0,0.8270158511371468,0.0,0.16540317022742937,0.08270158511371468,0.0,2.0,8.0,6.0,5.0,7.0,6.0,2.0,7.0,0.0,0,1.0,0,0.0028799999999999997,44.2,15341.895175286361,44.072704,0.0,9.0,10.0,0.5730651
0022400913,1610612745,Houston,Rockets,HOU,rockets,201145,Jeff,Green,J. Green,jeff-green,,,,5:43,5.716666666666667,1,1,1.0,1,1,1.0,0,0,0.0,0,2,2,1,0,1,0,0,3,7.0,0022400913,Jeff Green,jeff green,,,2025-03-08,1,0.5247813411078717,0.0,0.3498542274052478,0.1749271137026239,0.1749271137026239,11.0,8.0,8.0,8.0,7.0,3.0,9.0,12.0,0.0,0,0.0,0,0.00077,52.7,68352.78858625163,52.659421,0.1749271137026239,5.0,5.0,0.016662907
0022400913,1610612745,Houston,Rockets,HOU,rockets,1641715,Cam,Whitmore,C. Whitmore,cam-whitmore,,,,7:44,7.733333333333333,2,3,0.667,0,1,0.0,4,4,1.0,0,0,0,2,0,0,0,0,8,-4.0,0022400913,Cam Whitmore,cam whitmore,,,2025-03-08,0,1.0344827586206897,0.0,0.0,0.25862068965517243,0.0,8.0,8.0,12.0,5.0,7.0,6.0,10.0,9.0,0.0,0,0.0,0,0.0023799999999999997,-22.2,-9323.813523729526,-22.147163999999997,0.0,9.0,10.0,0.05045505
0022400913,1610612745,Houston,Rockets,HOU,rockets,1631466,Nate,Williams,N. Williams,nate-williams,,,,6:00,6.0,1,4,0.25,1,3,0.333,0,0,0.0,0,0,0,0,1,1,0,1,3,-6.0,0022400913,Nate Williams,nate williams,,,2025-03-08,2,0.5,0.0,0.0,0.0,0.3333333333333333,11.0,8.0,12.0,11.0,4.0,3.0,12.0,10.0,2.0,0,0.0,0,0.0023499999999999997,-40.0,-17014.03658017865,-39.906,0.3333333333333333,3.0,3.0,0.015078689
0022400913,1610612745,Houston,Rockets,HOU,rockets,1629111,Jock,Landale,J. Landale,jock-landale,,,,6:00,6.0,0,0,0.0,0,0,0.0,0,0,0.0,0,1,1,0,0,0,0,1,0,-6.0,0022400913,Jock Landale,jock landale,,,2025-03-08,0,0.0,0.0,0.16666666666666666,0.0,0.0,13.0,8.0,10.0,11.0,7.0,6.0,12.0,10.0,0.0,0,0.0,0,0.0,-40.0,-40000000.0,-40.0,0.0,9.0,10.0,0.0045138192
0022400913,1610612745,Houston,Rockets,HOU,rockets,1630256,Jae'Sean,Tate,J. Tate,jaesean-tate,,,,5:31,5.516666666666667,1,1,1.0,0,0,0.0,2,2,1.0,1,0,1,0,1,0,0,2,4,-4.0,0022400913,Jae'Sean Tate,jae'sean tate,,,2025-03-08,1,0.7250755287009063,0.18126888217522658,0.18126888217522658,0.0,0.36253776435045315,10.0,4.0,10.0,11.0,4.0,6.0,10.0,13.0,1.0,0,0.0,0,0.00125,-40.1,-32054.35651478817,-40.049875,0.18126888217522658,5.0,2.0,0.01947534
0022400934,1610612745,Houston,Rockets,HOU,rockets,1631106,Tari,Eason,T. Eason,tari-eason,F,,,33:03,33.05,3,12,0.25,0,6,0.0,0,0,0.0,1,6,7,2,1,1,1,2,6,17.0,0022400934,Tari Eason,tari eason,,,2025-03-10,2,0.18154311649016644,0.030257186081694407,0.21180030257186083,0.06051437216338881,0.09077155824508322,7.0,3.0,3.0,4.0,2.0,1.0,2.0,3.0,5.0,0,0.0,0,0.00157,26.2,16677.27562062381,26.158866,0.06051437216338881,1.0,5.0,0.16755041
0022400934,1610612745,Houston,Rockets,HOU,rockets,1631095,Jabari,Smith Jr.,J. Smith Jr.,jabari-smith-jr,F,,,32:11,32.18333333333333,5,13,0.385,5,10,0.5,5,7,0.714,0,7,7,0,0,1,0,1,20,-2.0,0022400934,Jabari Smith Jr.,jabari smith jr,,,2025-03-10,1,0.6214396685655101,0.0,0.21750388399792855,0.0,0.03107198342827551,1.0,6.0,3.0,7.0,4.0,1.0,7.0,4.0,1.0,0,0.0,0,0.00208,-1.6,-768.8611244593945,-1.596672,0.03107198342827551,3.0,7.0,0.855117
0022400934,1610612745,Houston,Rockets,HOU,rockets,1630578,Alperen,Sengun,A. Sengun,alperen-sengun,C,,,37:43,37.71666666666667,5,9,0.556,1,1,1.0,3,4,0.75,6,8,14,4,0,1,6,3,14,16.0,0022400934,Alperen Sengun,alperen sengun,,,2025-03-10,1,0.3711886875828546,0.1590808661069377,0.3711886875828546,0.10605391073795846,0.1855943437914273,4.0,2.0,2.0,2.0,4.0,1.0,4.0,1.0,4.0,0,0.0,0,0.00185,21.9,11831.442463533225,21.859485,0.026513477684489615,3.0,3.0,0.6152303
0022400934,1610612745,Houston,Rockets,HOU,rockets,1628415,Dillon,Brooks,D. Brooks,dillon-brooks,G,,,37:06,37.1,7,21,0.333,3,9,0.333,0,0,0.0,1,3,4,1,1,0,2,2,17,20.0,0022400934,Dillon Brooks,dillon brooks,,,2025-03-10,1,0.4582210242587601,0.026954177897574122,0.10781671159029649,0.026954177897574122,0.053908355795148244,2.0,3.0,6.0,5.0,2.0,5.0,1.0,2.0,2.0,0,0.0,0,0.0023699999999999997,25.2,10628.426824124843,25.140276,0.026954177897574122,3.0,6.0,0.5417259
0022400934,1610612745,Houston,Rockets,HOU,rockets,1630224,Jalen,Green,J. Green,jalen-green,G,,,31:37,31.616666666666667,6,18,0.333,3,9,0.333,0,0,0.0,1,6,7,8,2,0,4,1,15,16.0,0022400934,Jalen Green,jalen green,,,2025-03-10,2,0.47443331576172904,0.0316288877174486,0.22140221402214022,0.2530311017395888,0.09488666315234581,3.0,3.0,3.0,1.0,1.0,5.0,4.0,5.0,3.0,0,0.0,0,0.0025900000000000003,22.7,8761.09610189116,22.641207,0.0632577754348972,1.0,4.0,0.37700483
0022400934,1610612745,Houston,Rockets,HOU,rockets,201145,Jeff,Green,J. Green,jeff-green,,,,19:05,19.083333333333332,3,7,0.429,3,6,0.5,0,0,0.0,0,4,4,0,0,0,0,4,9,4.0,0022400934,Jeff Green,jeff green,,,2025-03-10,0,0.4716157205240175,0.0,0.20960698689956334,0.0,0.0,6.0,6.0,6.0,7.0,4.0,5.0,6.0,7.0,1.0,0,0.0,0,0.00156,11.4,7303.010890454837,11.382216,0.0,7.0,8.0,0.12029065
0022400934,1610612745,Houston,Rockets,HOU,rockets,203500,Steven,Adams,S. Adams,steven-adams,,,,23:14,23.233333333333334,5,6,0.833,0,0,0.0,1,3,0.333,11,6,17,1,0,0,3,0,11,17.0,0022400934,Steven Adams,steven adams,,,2025-03-10,0,0.4734576757532281,0.4734576757532281,0.7317073170731707,0.0430416068866571,0.4734576757532281,5.0,1.0,1.0,5.0,4.0,5.0,2.0,6.0,0.0,0,0.0,0,0.00154,31.1,20181.700194678782,31.052106000000002,0.0,7.0,1.0,0.7974988
0022400934,1610612745,Houston,Rockets,HOU,rockets,1628988,Aaron,Holiday,A. Holiday,aaron-holiday,,,,16:27,16.45,1,3,0.333,1,2,0.5,2,4,0.5,0,1,1,4,0,0,2,3,5,-3.0,0022400934,Aaron Holiday,aaron holiday,,,2025-03-10,0,0.303951367781155,0.0,0.060790273556231005,0.24316109422492402,0.0,8.0,6.0,8.0,2.0,4.0,5.0,8.0,8.0,0.0,0,0.0,0,0.00179,-15.5,-8654.383026242323,-15.472255,0.0,7.0,8.0,0.0120774815
0022400934,1610612745,Houston,Rockets,HOU,rockets,1630256,Jae'Sean,Tate,J. Tate,jaesean-tate,,,,2:27,2.45,0,0,0.0,0,0,0.0,0,0,0.0,0,0,0,0,0,1,0,0,0,-5.0,0022400934,Jae'Sean Tate,jae'sean tate,,,2025-03-10,1,0.0,0.0,0.0,0.0,0.4081632653061224,9.0,6.0,11.0,7.0,4.0,1.0,9.0,9.0,0.0,0,0.0,0,0.0,-106.7,-106700000.00000001,-106.7,0.4081632653061224,3.0,2.0,0.0052571907
0022400934,1610612745,Houston,Rockets,HOU,rockets,1631466,Nate,Williams,N. Williams,nate-williams,,,,2:27,2.45,0,0,0.0,0,0,0.0,0,0,0.0,0,0,0,0,0,0,1,1,0,-5.0,0022400934,Nate Williams,nate williams,,,2025-03-10,0,0.0,0.0,0.0,0.0,0.0,9.0,6.0,11.0,7.0,4.0,5.0,9.0,9.0,0.0,0,0.0,0,0.0014299999999999998,-106.7,-74563.24248777081,-106.547419,0.0,7.0,8.0,0.002784115
0022400934,1610612745,Houston,Rockets,HOU,rockets,1641715,Cam,Whitmore,C. Whitmore,cam-whitmore,,,,2:27,2.45,0,0,0.0,0,0,0.0,0,0,0.0,0,1,1,0,0,0,0,0,0,-5.0,0022400934,Cam Whitmore,cam whitmore,,,2025-03-10,0,0.0,0.0,0.4081632653061224,0.0,0.0,9.0,6.0,8.0,7.0,4.0,5.0,9.0,9.0,1.0,0,0.0,0,0.0,-106.7,-106700000.00000001,-106.7,0.0,7.0,8.0,0.0036276372
0022400934,1610612745,Houston,Rockets,HOU,rockets,1629111,Jock,Landale,J. Landale,jock-landale,,,,2:13,2.216666666666667,0,0,0.0,0,0,0.0,0,0,0.0,0,1,1,0,0,0,0,1,0,-5.0,0022400934,Jock Landale,jock landale,,,2025-03-10,0,0.0,0.0,0.45112781954887216,0.0,0.0,9.0,6.0,8.0,7.0,4.0,5.0,9.0,12.0,,1,,1,0.0,-106.7,-106700000.00000001,-106.7,0.0,7.0,8.0,0.003638209
0022400949,1610612745,Houston,Rockets,HOU,rockets,1631106,Tari,Eason,T. Eason,tari-eason,F,,,26:08,26.133333333333333,6,13,0.462,2,5,0.4,1,2,0.5,2,8,10,1,1,2,0,4,15,4.0,0022400949,Tari Eason,tari eason,,,2025-03-12,3,0.5739795918367347,0.07653061224489796,0.3826530612244898,0.03826530612244898,0.1913265306122449,4.0,2.0,1.0,6.0,3.0,1.0,6.0,6.0,3.0,0,0.0,0,0.00241,16.6,6885.109912899213,16.559994,0.11479591836734694,2.0,2.0,0.7315497
0022400949,1610612745,Houston,Rockets,HOU,rockets,1628415,Dillon,Brooks,D. Brooks,dillon-brooks,F,,,34:36,34.6,8,14,0.571,2,5,0.4,1,3,0.333,0,1,1,4,0,0,1,2,19,14.0,0022400949,Dillon Brooks,dillon brooks,,,2025-03-12,0,0.5491329479768786,0.0,0.028901734104046242,0.11560693641618497,0.0,3.0,7.0,8.0,2.0,7.0,3.0,4.0,2.0,2.0,0,0.0,0,0.00213,20.6,9666.82308775223,20.556122000000002,0.0,8.0,10.0,0.68443364
0022400949,1610612745,Houston,Rockets,HOU,rockets,1630578,Alperen,Sengun,A. Sengun,alperen-sengun,C,,,33:01,33.016666666666666,7,7,1.0,1,1,1.0,5,6,0.833,2,2,4,7,1,0,5,4,20,15.0,0022400949,Alperen Sengun,alperen sengun,,,2025-03-12,1,0.6057546693589096,0.06057546693589096,0.12115093387178193,0.21201413427561838,0.09086320040383646,2.0,2.0,3.0,1.0,3.0,3.0,3.0,4.0,1.0,0,0.0,0,0.00197,24.2,12278.031456113647,24.152326,0.03028773346794548,4.0,7.0,0.7368759
0022400949,1610612745,Houston,Rockets,HOU,rockets,1630224,Jalen,Green,J. Green,jalen-green,G,,,36:50,36.833333333333336,8,16,0.5,3,6,0.5,10,11,0.909,0,7,7,4,3,0,2,0,29,16.0,0022400949,Jalen Green,jalen green,,,2025-03-12,3,0.7873303167420814,0.0,0.19004524886877827,0.10859728506787329,0.08144796380090497,1.0,7.0,2.0,2.0,2.0,3.0,1.0,1.0,3.0,0,0.0,0,0.0028399999999999996,20.4,7180.570221752904,20.342064,0.08144796380090497,2.0,8.0,0.8201473
0022400949,1610612745,Houston,Rockets,HOU,rockets,1627832,Fred,VanVleet,F. VanVleet,fred-vanvleet,G,,,27:31,27.516666666666666,4,9,0.444,2,6,0.333,0,0,0.0,0,2,2,4,4,0,0,2,10,16.0,0022400949,Fred VanVleet,fred vanvleet,,,2025-03-12,4,0.36341611144760755,0.0,0.07268322228952151,0.14536644457904302,0.14536644457904302,5.0,7.0,7.0,2.0,1.0,3.0,1.0,5.0,3.0,0,0.0,0,0.00158,29.1,18406.07210626186,29.054022,0.14536644457904302,1.0,4.0,0.73397416
0022400949,1610612745,Houston,Rockets,HOU,rockets,1631095,Jabari,Smith Jr.,J. Smith Jr.,jabari-smith-jr,,,,33:04,33.06666666666667,4,12,0.333,0,6,0.0,0,0,0.0,3,1,4,3,1,0,1,3,8,11.0,0022400949,Jabari Smith Jr.,jabari smith jr,,,2025-03-12,1,0.24193548387096772,0.09072580645161289,0.12096774193548386,0.09072580645161289,0.12096774193548386,6.0,1.0,3.0,5.0,3.0,3.0,5.0,3.0,3.0,0,0.0,0,0.00169,16.4,9698.40331164991,16.372284,0.030241935483870965,4.0,5.0,0.36354852
0022400949,1610612745,Houston,Rockets,HOU,rockets,203500,Steven,Adams,S. Adams,steven-adams,,,,11:17,11.283333333333333,0,1,0.0,0,0,0.0,1,2,0.5,2,2,4,1,0,0,0,1,1,1.0,0022400949,Steven Adams,steven adams,,,2025-03-12,0,0.08862629246676514,0.17725258493353027,0.35450516986706054,0.08862629246676514,0.17725258493353027,9.0,2.0,3.0,6.0,7.0,3.0,7.0,8.0,1.0,0,0.0,0,0.0006900000000000001,14.1,20405.209840810418,14.090271,0.0,8.0,3.0,0.009950144
0022400949,1610612745,Houston,Rockets,HOU,rockets,201145,Jeff,Green,J. Green,jeff-green,,,,6:31,6.516666666666667,0,2,0.0,0,2,0.0,0,0,0.0,0,1,1,0,0,0,0,0,0,-8.0,0022400949,Jeff Green,jeff green,,,2025-03-12,0,0.0,0.0,0.1534526854219949,0.0,0.0,10.0,7.0,8.0,9.0,7.0,3.0,10.0,10.0,0.0,0,0.0,0,0.001,-67.6,-67532.46753246753,-67.5324,0.0,8.0,10.0,0.0025370473
0022400949,1610612745,Houston,Rockets,HOU,rockets,1628988,Aaron,Holiday,A. Holiday,aaron-holiday,,,,12:57,12.95,2,6,0.333,2,5,0.4,0,0,0.0,0,1,1,0,0,1,0,1,6,-11.0,0022400949,Aaron Holiday,aaron holiday,,,2025-03-12,1,0.46332046332046334,0.0,0.07722007722007722,0.0,0.07722007722007722,7.0,7.0,8.0,9.0,7.0,2.0,13.0,7.0,1.0,0,0.0,0,0.0017599999999999998,-45.0,-25553.662691652473,-44.9208,0.07722007722007722,4.0,9.0,0.05807035
0022400949,1610612745,Houston,Rockets,HOU,rockets,1641715,Cam,Whitmore,C. Whitmore,cam-whitmore,,,,5:37,5.616666666666667,0,5,0.0,0,2,0.0,0,0,0.0,1,0,1,0,1,0,0,0,0,-10.0,0022400949,Cam Whitmore,cam whitmore,,,2025-03-12,1,0.0,0.17804154302670622,0.17804154302670622,0.0,0.35608308605341243,10.0,5.0,8.0,9.0,3.0,3.0,12.0,11.0,1.0,0,0.0,0,0.00333,-104.5,-31371.96037226058,-104.15201499999999,0.17804154302670622,4.0,1.0,0.0037930878
0022400949,1610612745,Houston,Rockets,HOU,rockets,1629111,Jock,Landale,J. Landale,jock-landale,,,,9:06,9.1,1,3,0.333,0,0,0.0,1,1,1.0,1,2,3,1,0,0,0,2,3,1.0,0022400949,Jock Landale,jock landale,,,2025-03-12,0,0.32967032967032966,0.10989010989010989,0.32967032967032966,0.10989010989010989,0.10989010989010989,8.0,5.0,6.0,6.0,7.0,3.0,7.0,9.0,0.0,0,0.0,0,0.0015,0.3,199.86675549633577,0.29955,0.0,8.0,6.0,0.011416714
0022400949,1610612745,Houston,Rockets,HOU,rockets,1630256,Jae'Sean,Tate,J. Tate,jaesean-tate,,,,1:51,1.85,0,0,0.0,0,0,0.0,0,0,0.0,0,0,0,0,0,0,0,0,0,-8.0,0022400949,Jae'Sean Tate,jae'sean tate,,,2025-03-12,0,0.0,0.0,0.0,0.0,0.0,10.0,7.0,12.0,9.0,7.0,3.0,10.0,12.0,,1,,1,0.0,-266.7,-266700000.0,-266.7,0.0,8.0,10.0,0.002627016
0022400949,1610612745,Houston,Rockets,HOU,rockets,1631466,Nate,Williams,N. Williams,nate-williams,,,,1:31,1.5166666666666666,0,0,0.0,0,0,0.0,0,0,0.0,0,0,0,0,0,0,0,0,0,-6.0,0022400949,Nate Williams,nate williams,,,2025-03-12,0,0.0,0.0,0.0,0.0,0.0,10.0,7.0,12.0,9.0,7.0,3.0,9.0,13.0,,1,,1,0.0,-300.0,-300000000.0,-300.0,0.0,8.0,10.0,0.0026147184
0022400961,1610612745,Houston,Rockets,HOU,rockets,1631106,Tari,Eason,T. Eason,tari-eason,F,,,31:07,31.116666666666667,11,15,0.733,2,3,0.667,6,6,1.0,2,6,8,2,1,2,1,0,30,37.0,0022400961,Tari Eason,tari eason,,,2025-03-14,3,0.96411355115158,0.06427423674343867,0.2570969469737547,0.06427423674343867,0.16068559185859668,1.0,3.0,3.0,6.0,1.0,1.0,1.0,2.0,2.0,0,0.0,0,0.00217,57.1,26301.243666513124,56.976093,0.09641135511515801,1.0,4.0,0.87619156
0022400961,1610612745,Houston,Rockets,HOU,rockets,1628415,Dillon,Brooks,D. Brooks,dillon-brooks,F,,,27:42,27.7,5,13,0.385,2,3,0.667,0,0,0.0,0,2,2,3,0,0,0,1,12,21.0,0022400961,Dillon Brooks,dillon brooks,,,2025-03-14,0,0.4332129963898917,0.0,0.07220216606498195,0.10830324909747292,0.0,6.0,7.0,10.0,4.0,6.0,4.0,4.0,3.0,0.0,0,0.0,0,0.0018599999999999999,34.1,18323.481998925312,34.036574,0.0,7.0,8.0,0.25614077
0022400961,1610612745,Houston,Rockets,HOU,rockets,1630578,Alperen,Sengun,A. Sengun,alperen-sengun,C,,,25:01,25.016666666666666,7,16,0.438,0,1,0.0,2,3,0.667,8,7,15,4,1,0,2,2,16,22.0,0022400961,Alperen Sengun,alperen sengun,,,2025-03-14,1,0.6395736175882745,0.31978680879413723,0.5996002664890073,0.15989340439706862,0.35976015989340443,3.0,1.0,1.0,2.0,1.0,4.0,3.0,5.0,1.0,0,0.0,0,0.00302,47.4,15690.168818272094,47.256851999999995,0.039973351099267154,4.0,1.0,0.843767
0022400961,1610612745,Houston,Rockets,HOU,rockets,1630224,Jalen,Green,J. Green,jalen-green,G,,,31:50,31.833333333333332,9,19,0.474,4,8,0.5,1,2,0.5,1,8,9,5,1,2,2,2,23,27.0,0022400961,Jalen Green,jalen green,,,2025-03-14,3,0.7225130890052356,0.031413612565445025,0.28272251308900526,0.15706806282722513,0.1256544502617801,2.0,5.0,2.0,1.0,1.0,1.0,2.0,1.0,1.0,0,0.0,0,0.00272,39.7,14590.224182285923,39.592016,0.09424083769633508,1.0,6.0,0.7360746
0022400961,1610612745,Houston,Rockets,HOU,rockets,1627832,Fred,VanVleet,F. VanVleet,fred-vanvleet,G,,,25:12,25.2,3,8,0.375,2,4,0.5,0,0,0.0,0,7,7,3,1,0,0,0,8,19.0,0022400961,Fred VanVleet,fred vanvleet,,,2025-03-14,1,0.31746031746031744,0.0,0.2777777777777778,0.11904761904761905,0.03968253968253968,8.0,7.0,5.0,4.0,1.0,4.0,5.0,4.0,1.0,0,0.0,0,0.00121,40.4,33360.85879438481,40.351116,0.03968253968253968,4.0,7.0,0.08176437
0022400961,1610612745,Houston,Rockets,HOU,rockets,1631095,Jabari,Smith Jr.,J. Smith Jr.,jabari-smith-jr,,,,24:05,24.083333333333332,6,10,0.6,0,2,0.0,1,1,1.0,2,6,8,2,0,2,2,1,13,13.0,0022400961,Jabari Smith Jr.,jabari smith jr,,,2025-03-14,2,0.5397923875432526,0.08304498269896195,0.3321799307958478,0.08304498269896195,0.1660899653979239,4.0,3.0,3.0,6.0,6.0,1.0,8.0,6.0,1.0,0,0.0,0,0.00203,27.9,13737.075332348595,27.843363,0.08304498269896195,3.0,3.0,0.554508
0022400961,1610612745,Houston,Rockets,HOU,rockets,1629111,Jock,Landale,J. Landale,jock-landale,,,,22:59,22.983333333333334,3,4,0.75,0,0,0.0,0,0,0.0,3,2,5,0,1,0,1,3,6,15.0,0022400961,Jock Landale,jock landale,,,2025-03-14,1,0.2610587382160986,0.1305293691080493,0.2175489485134155,0.0,0.1740391588107324,9.0,2.0,6.0,12.0,1.0,4.0,7.0,7.0,1.0,0,0.0,0,0.00086,30.0,34843.20557491289,29.9742,0.0435097897026831,4.0,2.0,0.17558278
0022400961,1610612745,Houston,Rockets,HOU,rockets,201145,Jeff,Green,J. Green,jeff-green,,,,15:18,15.3,0,0,0.0,0,0,0.0,0,0,0.0,0,4,4,1,0,0,1,1,0,18.0,0022400961,Jeff Green,jeff green,,,2025-03-14,0,0.0,0.0,0.26143790849673204,0.06535947712418301,0.0,11.0,7.0,8.0,8.0,6.0,4.0,6.0,9.0,0.0,0,0.0,0,0.00025,58.3,232270.9163346613,58.285425,0.0,7.0,8.0,0.018813036
0022400961,1610612745,Houston,Rockets,HOU,rockets,1628988,Aaron,Holiday,A. Holiday,aaron-holiday,,,,16:10,16.166666666666668,5,9,0.556,3,5,0.6,0,0,0.0,0,3,3,4,0,0,0,3,13,10.0,0022400961,Aaron Holiday,aaron holiday,,,2025-03-14,0,0.8041237113402061,0.0,0.18556701030927833,0.24742268041237112,0.0,4.0,7.0,9.0,2.0,6.0,4.0,9.0,8.0,0.0,0,0.0,0,0.0022500000000000003,32.7,14526.87694358063,32.626425000000005,0.0,7.0,8.0,0.64389694
0022400961,1610612745,Houston,Rockets,HOU,rockets,1630256,Jae'Sean,Tate,J. Tate,jaesean-tate,,,,6:52,6.866666666666667,1,3,0.333,0,0,0.0,0,0,0.0,1,4,5,1,0,0,1,0,2,1.0,0022400961,Jae'Sean Tate,jae'sean tate,,,2025-03-14,0,0.2912621359223301,0.14563106796116504,0.7281553398058251,0.14563106796116504,0.14563106796116504,10.0,5.0,6.0,8.0,6.0,4.0,10.0,10.0,0.0,0,0.0,0,0.00267,7.7,2882.815424934481,7.679441000000001,0.0,7.0,5.0,0.022012725
0022400961,1610612745,Houston,Rockets,HOU,rockets,1631466,Nate,Williams,N. Williams,nate-williams,,,,6:52,6.866666666666667,0,2,0.0,0,2,0.0,0,0,0.0,0,1,1,1,0,0,0,0,0,1.0,0022400961,Nate Williams,nate williams,,,2025-03-14,0,0.0,0.0,0.14563106796116504,0.14563106796116504,0.0,11.0,7.0,11.0,8.0,6.0,4.0,10.0,10.0,,1,,1,0.00133,7.7,5785.123966942149,7.689759,0.0,7.0,8.0,0.0035564813
0022400961,1610612745,Houston,Rockets,HOU,rockets,1641715,Cam,Whitmore,C. Whitmore,cam-whitmore,,,,6:52,6.866666666666667,4,6,0.667,2,3,0.667,0,0,0.0,0,0,0,1,0,0,0,0,10,1.0,0022400961,Cam Whitmore,cam whitmore,,,2025-03-14,0,1.4563106796116503,0.0,0.0,0.14563106796116504,0.0,7.0,7.0,12.0,8.0,6.0,4.0,10.0,10.0,1.0,0,0.0,0,0.004,7.7,1924.5188702824294,7.6692,0.0,7.0,8.0,0.33578092
0022400970,1610612745,Houston,Rockets,HOU,rockets,1628415,Dillon,Brooks,D. Brooks,dillon-brooks,F,,,32:52,32.86666666666667,6,12,0.5,1,6,0.167,0,0,0.0,0,5,5,3,0,0,3,5,13,-5.0,0022400970,Dillon Brooks,dillon brooks,,,2025-03-15,0,0.39553752535496955,0.0,0.15212981744421905,0.09127789046653144,0.0,4.0,7.0,5.0,3.0,4.0,5.0,8.0,4.0,1.0,0,0.0,0,0.0017399999999999998,-8.8,-5054.566341183229,-8.784688000000001,0.0,7.0,8.0,0.21489574
0022400970,1610612745,Houston,Rockets,HOU,rockets,1631095,Jabari,Smith Jr.,J. Smith Jr.,jabari-smith-jr,F,,,32:03,32.05,4,11,0.364,1,5,0.2,3,4,0.75,2,7,9,1,1,0,1,3,12,7.0,0022400970,Jabari Smith Jr.,jabari smith jr,,,2025-03-15,1,0.374414976599064,0.062402496099843996,0.280811232449298,0.031201248049921998,0.093603744149766,5.0,4.0,2.0,7.0,2.0,5.0,2.0,5.0,1.0,0,0.0,0,0.00157,9.5,6047.103755569701,9.485085,0.031201248049921998,3.0,5.0,0.7146574
0022400970,1610612745,Houston,Rockets,HOU,rockets,1630578,Alperen,Sengun,A. Sengun,alperen-sengun,C,,,37:10,37.166666666666664,9,18,0.5,0,1,0.0,6,8,0.75,4,11,15,4,2,2,3,2,24,12.0,0022400970,Alperen Sengun,alperen sengun,,,2025-03-15,4,0.6457399103139014,0.10762331838565023,0.40358744394618834,0.10762331838565023,0.21524663677130046,2.0,1.0,1.0,2.0,1.0,1.0,1.0,2.0,3.0,0,0.0,0,0.00255,13.8,5409.643277146217,13.76481,0.10762331838565023,1.0,3.0,0.89813185
0022400970,1610612745,Houston,Rockets,HOU,rockets,1630224,Jalen,Green,J. Green,jalen-green,G,,,38:25,38.416666666666664,11,25,0.44,5,13,0.385,1,2,0.5,2,4,6,3,0,1,1,3,28,4.0,0022400970,Jalen Green,jalen green,,,2025-03-15,1,0.7288503253796096,0.05206073752711497,0.1561822125813449,0.07809110629067245,0.07809110629067245,1.0,4.0,4.0,3.0,4.0,3.0,4.0,1.0,1.0,0,0.0,0,0.0027,3.5,1295.816364309515,3.49055,0.026030368763557486,3.0,6.0,0.85807025
0022400970,1610612745,Houston,Rockets,HOU,rockets,1627832,Fred,VanVleet,F. VanVleet,fred-vanvleet,G,,,34:44,34.733333333333334,8,20,0.4,5,14,0.357,2,4,0.5,0,4,4,7,0,1,1,2,23,-2.0,0022400970,Fred VanVleet,fred vanvleet,,,2025-03-15,1,0.6621880998080614,0.0,0.11516314779270632,0.20153550863723607,0.02879078694817658,3.0,7.0,6.0,1.0,4.0,3.0,6.0,3.0,0.0,0,0.0,0,0.0025,-4.1,-1639.3442622950818,-4.0897499999999996,0.02879078694817658,3.0,7.0,0.7143771
0022400970,1610612745,Houston,Rockets,HOU,rockets,1630256,Jae'Sean,Tate,J. Tate,jaesean-tate,,,,19:33,19.55,2,3,0.667,1,2,0.5,2,2,1.0,3,1,4,1,0,2,0,2,7,-5.0,0022400970,Jae'Sean Tate,jae'sean tate,,,2025-03-15,2,0.35805626598465473,0.1534526854219949,0.20460358056265984,0.05115089514066496,0.2557544757033248,6.0,3.0,6.0,7.0,4.0,1.0,8.0,7.0,3.0,0,0.0,0,0.00077,-9.1,-11802.853437094682,-9.092993,0.10230179028132992,2.0,1.0,0.17946471
0022400970,1610612745,Houston,Rockets,HOU,rockets,203500,Steven,Adams,S. Adams,steven-adams,,,,22:27,22.45,2,4,0.5,0,0,0.0,0,4,0.0,4,5,9,3,1,0,1,1,4,3.0,0022400970,Steven Adams,steven adams,,,2025-03-15,1,0.17817371937639198,0.17817371937639198,0.400890868596882,0.133630289532294,0.22271714922049,7.0,1.0,2.0,3.0,2.0,5.0,5.0,6.0,1.0,0,0.0,0,0.0011899999999999999,8.5,7136.859781696055,8.489885,0.044543429844097995,3.0,2.0,0.14093706
0022400970,1610612745,Houston,Rockets,HOU,rockets,201145,Jeff,Green,J. Green,jeff-green,,,,10:23,10.383333333333333,1,2,0.5,0,0,0.0,0,0,0.0,1,0,1,2,0,0,1,0,2,-4.0,0022400970,Jeff Green,jeff green,,,2025-03-15,0,0.1926163723916533,0.09630818619582665,0.09630818619582665,0.1926163723916533,0.09630818619582665,9.0,6.0,8.0,6.0,4.0,5.0,7.0,9.0,0.0,0,0.0,0,0.00115,-19.0,-16507.38488271069,-18.97815,0.0,7.0,4.0,0.0071452446
0022400970,1610612745,Houston,Rockets,HOU,rockets,1628988,Aaron,Holiday,A. Holiday,aaron-holiday,,,,12:23,12.383333333333333,1,3,0.333,1,3,0.333,1,2,0.5,0,1,1,0,0,0,0,0,4,5.0,0022400970,Aaron Holiday,aaron holiday,,,2025-03-15,0,0.3230148048452221,0.0,0.08075370121130553,0.0,0.0,7.0,7.0,8.0,9.0,4.0,5.0,3.0,8.0,0.0,0,0.0,0,0.0011799999999999998,21.4,18120.237087214227,21.374748,0.0,7.0,8.0,0.016907468
0022400985,1610612745,Houston,Rockets,HOU,rockets,1631106,Tari,Eason,T. Eason,tari-eason,F,,,39:09,39.15,8,19,0.421,2,7,0.286,3,4,0.75,6,2,8,1,0,1,1,6,21,-16.0,0022400985,Tari Eason,tari eason,,,2025-03-17,1,0.5363984674329502,0.15325670498084293,0.20434227330779056,0.02554278416347382,0.17879948914431673,4.0,2.0,2.0,6.0,5.0,2.0,10.0,3.0,1.0,0,0.0,0,0.00222,-18.1,-8149.48221521837,-18.059818,0.02554278416347382,5.0,4.0,0.5794392
0022400985,1610612745,Houston,Rockets,HOU,rockets,1628415,Dillon,Brooks,D. Brooks,dillon-brooks,F,,,40:27,40.45,8,19,0.421,5,11,0.455,4,4,1.0,2,4,6,5,2,1,0,6,25,12.0,0022400985,Dillon Brooks,dillon brooks,,,2025-03-17,3,0.6180469715698392,0.049443757725587144,0.14833127317676142,0.12360939431396785,0.12360939431396785,3.0,4.0,7.0,2.0,1.0,2.0,3.0,2.0,3.0,0,0.0,0,0.00185,11.1,5996.7585089141,11.079464999999999,0.07416563658838071,2.0,5.0,0.7530579
0022400985,1610612745,Houston,Rockets,HOU,rockets,1630578,Alperen,Sengun,A. Sengun,alperen-sengun,C,,,21:57,21.95,5,9,0.556,0,0,0.0,3,5,0.6,7,4,11,5,0,0,4,4,13,2.0,0022400985,Alperen Sengun,alperen sengun,,,2025-03-17,0,0.5922551252847381,0.31890660592255127,0.5011389521640092,0.22779043280182232,0.31890660592255127,5.0,1.0,1.0,2.0,5.0,5.0,5.0,6.0,1.0,0,0.0,0,0.00242,1.2,495.6629491945477,1.197096,0.0,6.0,2.0,0.8314247
0022400985,1610612745,Houston,Rockets,HOU,rockets,1630224,Jalen,Green,J. Green,jalen-green,G,,,45:18,45.3,10,26,0.385,5,17,0.294,5,5,1.0,0,7,7,13,2,1,4,1,30,15.0,0022400985,Jalen Green,jalen green,,,2025-03-17,3,0.6622516556291391,0.0,0.1545253863134658,0.2869757174392936,0.06622516556291391,1.0,8.0,4.0,1.0,1.0,2.0,2.0,1.0,2.0,0,0.0,0,0.00264,11.8,4468.004543733435,11.768848,0.06622516556291391,2.0,9.0,0.8627937
0022400985,1610612745,Houston,Rockets,HOU,rockets,1627832,Fred,VanVleet,F. VanVleet,fred-vanvleet,G,,,38:28,38.46666666666667,1,6,0.167,1,5,0.2,0,0,0.0,0,7,7,5,2,2,2,4,3,-7.0,0022400985,Fred VanVleet,fred vanvleet,,,2025-03-17,4,0.0779896013864818,0.0,0.18197573656845753,0.12998266897746966,0.10398613518197573,9.0,8.0,4.0,2.0,1.0,1.0,9.0,5.0,6.0,0,0.0,0,0.00086,-10.2,-11846.689895470383,-10.191227999999999,0.10398613518197573,1.0,6.0,0.044881422
0022400985,1610612745,Houston,Rockets,HOU,rockets,1631095,Jabari,Smith Jr.,J. Smith Jr.,jabari-smith-jr,,,,38:36,38.6,11,17,0.647,5,7,0.714,3,4,0.75,1,7,8,3,2,0,4,2,30,6.0,0022400985,Jabari Smith Jr.,jabari smith jr,,,2025-03-17,2,0.7772020725388601,0.025906735751295335,0.20725388601036268,0.07772020725388601,0.07772020725388601,1.0,6.0,2.0,5.0,1.0,5.0,4.0,4.0,2.0,0,0.0,0,0.0023699999999999997,5.9,2488.4015183466895,5.886017000000001,0.05181347150259067,4.0,7.0,0.8986574
0022400985,1610612745,Houston,Rockets,HOU,rockets,1629111,Jock,Landale,J. Landale,jock-landale,,,,5:34,5.566666666666666,3,3,1.0,1,1,1.0,0,0,0.0,2,1,3,1,0,0,0,0,7,-4.0,0022400985,Jock Landale,jock landale,,,2025-03-17,0,1.25748502994012,0.3592814371257485,0.5389221556886228,0.17964071856287425,0.3592814371257485,7.0,4.0,8.0,6.0,5.0,5.0,7.0,9.0,0.0,0,0.0,0,0.00214,-49.2,-22979.91592713685,-49.094712,0.0,6.0,1.0,0.15550677
0022400985,1610612745,Houston,Rockets,HOU,rockets,1628988,Aaron,Holiday,A. Holiday,aaron-holiday,,,,13:46,13.766666666666667,2,3,0.667,2,3,0.667,2,2,1.0,1,0,1,1,0,0,0,0,8,-5.0,0022400985,Aaron Holiday,aaron holiday,,,2025-03-17,0,0.5811138014527845,0.07263922518159806,0.07263922518159806,0.07263922518159806,0.07263922518159806,6.0,6.0,9.0,6.0,5.0,5.0,8.0,8.0,2.0,0,0.0,0,0.00121,-12.4,-10239.471511147813,-12.384996,0.0,6.0,8.0,0.07637
0022400985,1610612745,Houston,Rockets,HOU,rockets,1630256,Jae'Sean,Tate,J. Tate,jaesean-tate,,,,21:45,21.75,3,5,0.6,1,2,0.5,0,0,0.0,4,3,7,1,0,0,0,4,7,30.0,0022400985,Jae'Sean Tate,jae'sean tate,,,2025-03-17,0,0.3218390804597701,0.1839080459770115,0.3218390804597701,0.04597701149425287,0.1839080459770115,7.0,3.0,4.0,6.0,5.0,5.0,1.0,7.0,1.0,0,0.0,0,0.0008500000000000001,62.3,73207.99059929494,62.24704499999999,0.0,6.0,3.0,0.5919572
0022400985,1610612745,Houston,Rockets,HOU,rockets,203500,Steven,Adams,S. Adams,steven-adams,,,,0:01,0.016666666666666666,0,0,0.0,0,0,0.0,0,0,0.0,0,0,0,0,0,0,0,0,0,2.0,0022400985,Steven Adams,steven adams,,,2025-03-17,0,0.0,0.0,0.0,0.0,0.0,10.0,8.0,10.0,10.0,5.0,5.0,5.0,10.0,,1,,1,0.0,200.0,200000000.0,200.0,0.0,6.0,10.0,0.0051668906
0022400999,1610612745,Houston,Rockets,HOU,rockets,1628415,Dillon,Brooks,D. Brooks,dillon-brooks,F,,,35:55,35.916666666666664,5,10,0.5,3,6,0.5,2,2,1.0,0,3,3,3,1,0,1,4,15,11.0,0022400999,Dillon Brooks,dillon brooks,,,2025-03-19,1,0.41763341067285387,0.0,0.08352668213457078,0.08352668213457078,0.027842227378190258,5.0,6.0,6.0,3.0,3.0,5.0,4.0,3.0,1.0,0,0.0,0,0.0015,16.7,11125.91605596269,16.67495,0.027842227378190258,4.0,7.0,0.5375564
0022400999,1610612745,Houston,Rockets,HOU,rockets,1631106,Tari,Eason,T. Eason,tari-eason,F,,,32:08,32.13333333333333,7,10,0.7,0,2,0.0,2,2,1.0,3,6,9,4,5,1,0,2,16,8.0,0022400999,Tari Eason,tari eason,,,2025-03-19,6,0.4979253112033195,0.09336099585062241,0.2800829875518672,0.12448132780082988,0.2800829875518672,4.0,2.0,2.0,1.0,1.0,2.0,5.0,5.0,3.0,0,0.0,0,0.0014299999999999998,13.5,9433.962264150945,13.480694999999999,0.18672199170124482,1.0,1.0,0.86110723
0022400999,1610612745,Houston,Rockets,HOU,rockets,1630578,Alperen,Sengun,A. Sengun,alperen-sengun,C,,,37:17,37.28333333333333,9,18,0.5,1,2,0.5,3,3,1.0,5,7,12,4,0,0,3,5,22,-5.0,0022400999,Alperen Sengun,alperen sengun,,,2025-03-19,0,0.5900759946356728,0.13410818059901655,0.32185963343763974,0.10728654447921324,0.13410818059901655,2.0,1.0,1.0,1.0,6.0,5.0,7.0,1.0,0.0,0,0.0,0,0.00247,-11.3,-4573.047349251316,-11.272089000000001,0.0,7.0,4.0,0.65700775
0022400999,1610612745,Houston,Rockets,HOU,rockets,1630224,Jalen,Green,J. Green,jalen-green,G,,,37:09,37.15,8,18,0.444,3,11,0.273,7,10,0.7,1,6,7,2,0,0,3,1,26,19.0,0022400999,Jalen Green,jalen green,,,2025-03-19,0,0.6998654104979812,0.026917900403768506,0.18842530282637954,0.05383580080753701,0.026917900403768506,1.0,4.0,3.0,5.0,6.0,5.0,2.0,2.0,1.0,0,0.0,0,0.0028399999999999996,27.6,9714.889123548048,27.521616,0.0,7.0,8.0,0.67996705
0022400999,1610612745,Houston,Rockets,HOU,rockets,1627832,Fred,VanVleet,F. VanVleet,fred-vanvleet,G,,,35:39,35.65,4,15,0.267,3,9,0.333,8,8,1.0,0,6,6,3,1,0,1,3,19,-1.0,0022400999,Fred VanVleet,fred vanvleet,,,2025-03-19,1,0.5329593267882188,0.0,0.16830294530154277,0.08415147265077139,0.028050490883590466,3.0,6.0,4.0,3.0,3.0,5.0,6.0,4.0,4.0,0,0.0,0,0.0023799999999999997,0.2,83.99832003359934,0.199524,0.028050490883590466,4.0,6.0,0.35442048
0022400999,1610612745,Houston,Rockets,HOU,rockets,1631095,Jabari,Smith Jr.,J. Smith Jr.,jabari-smith-jr,,,,25:42,25.7,4,6,0.667,1,3,0.333,4,4,1.0,2,1,3,2,2,2,2,1,13,12.0,0022400999,Jabari Smith Jr.,jabari smith jr,,,2025-03-19,4,0.5058365758754864,0.07782101167315175,0.11673151750972763,0.07782101167315175,0.23346303501945526,6.0,3.0,6.0,5.0,2.0,1.0,3.0,6.0,1.0,0,0.0,0,0.00161,33.7,20918.68404717567,33.645743,0.1556420233463035,2.0,3.0,0.6152171
0022400999,1610612745,Houston,Rockets,HOU,rockets,203500,Steven,Adams,S. Adams,steven-adams,,,,22:49,22.816666666666666,1,2,0.5,0,0,0.0,1,1,1.0,1,5,6,0,1,1,4,1,3,22.0,0022400999,Steven Adams,steven adams,,,2025-03-19,2,0.13148283418553688,0.04382761139517896,0.26296566837107377,0.0,0.13148283418553688,7.0,4.0,4.0,7.0,3.0,2.0,1.0,7.0,1.0,0,0.0,0,0.00132,44.5,33686.60105980318,44.44126,0.08765522279035792,3.0,5.0,0.1004768
0022400999,1610612745,Houston,Rockets,HOU,rockets,201145,Jeff,Green,J. Green,jeff-green,,,,9:21,9.35,0,0,0.0,0,0,0.0,2,2,1.0,0,0,0,0,0,0,0,1,2,-15.0,0022400999,Jeff Green,jeff green,,,2025-03-19,0,0.21390374331550802,0.0,0.0,0.0,0.0,8.0,6.0,8.0,7.0,6.0,5.0,9.0,8.0,0.0,0,0.0,0,0.00048,-78.9,-164033.26403326404,-78.862128,0.0,7.0,9.0,0.005471568
0022400999,1610612745,Houston,Rockets,HOU,rockets,1628988,Aaron,Holiday,A. Holiday,aaron-holiday,,,,4:00,4.0,0,2,0.0,0,2,0.0,0,0,0.0,0,0,0,0,0,1,1,0,0,-11.0,0022400999,Aaron Holiday,aaron holiday,,,2025-03-19,1,0.0,0.0,0.0,0.0,0.25,9.0,6.0,8.0,7.0,6.0,2.0,8.0,9.0,1.0,0,0.0,0,0.003,-137.5,-45818.06064645118,-137.0875,0.25,4.0,2.0,0.0026554503
0022401015,1610612745,Houston,Rockets,HOU,rockets,1628415,Dillon,Brooks,D. Brooks,dillon-brooks,F,,,34:02,34.03333333333333,4,11,0.364,1,7,0.143,2,2,1.0,0,1,1,0,3,0,3,4,11,-8.0,0022401015,Dillon Brooks,dillon brooks,,,2025-03-21,3,0.3232125367286974,0.0,0.029382957884427033,0.0,0.0881488736532811,3.0,5.0,7.0,7.0,2.0,4.0,7.0,3.0,2.0,0,0.0,0,0.00181,-14.2,-7840.971838763115,-14.174298,0.0881488736532811,3.0,5.0,0.2179298
0022401015,1610612745,Houston,Rockets,HOU,rockets,1641708,Amen,Thompson,A. Thompson,amen-thompson,F,,,34:31,34.516666666666666,8,14,0.571,0,0,0.0,2,3,0.667,3,6,9,5,7,1,2,1,18,20.0,0022401015,Amen Thompson,amen thompson,,,2025-03-21,8,0.521487204249155,0.08691453404152584,0.2607436021245775,0.14485755673587639,0.31868662481892807,2.0,3.0,2.0,1.0,1.0,2.0,1.0,2.0,5.0,0,0.0,0,0.002,24.8,12393.803098450773,24.7504,0.23177209077740224,1.0,1.0,0.9292585
0022401015,1610612745,Houston,Rockets,HOU,rockets,1630578,Alperen,Sengun,A. Sengun,alperen-sengun,C,,,33:36,33.6,4,15,0.267,0,0,0.0,0,4,0.0,5,5,10,2,2,2,2,1,8,-9.0,0022401015,Alperen Sengun,alperen sengun,,,2025-03-21,4,0.23809523809523808,0.1488095238095238,0.2976190476190476,0.05952380952380952,0.26785714285714285,5.0,1.0,1.0,3.0,4.0,1.0,8.0,4.0,3.0,0,0.0,0,0.00241,-16.6,-6885.109912899213,-16.559994,0.11904761904761904,2.0,2.0,0.13764702
0022401015,1610612745,Houston,Rockets,HOU,rockets,1630224,Jalen,Green,J. Green,jalen-green,G,,,32:13,32.21666666666667,3,13,0.231,0,4,0.0,0,0,0.0,0,4,4,1,1,1,0,1,6,-7.0,0022401015,Jalen Green,jalen green,,,2025-03-21,2,0.18623900672529745,0.0,0.12415933781686497,0.031039834454216243,0.062079668908432487,7.0,5.0,6.0,5.0,5.0,2.0,6.0,5.0,0.0,0,0.0,0,0.00167,-14.8,-8856.971873129864,-14.775284000000001,0.062079668908432487,5.0,7.0,0.050704665
0022401015,1610612745,Houston,Rockets,HOU,rockets,1627832,Fred,VanVleet,F. VanVleet,fred-vanvleet,G,,,36:10,36.166666666666664,13,17,0.765,9,11,0.818,2,4,0.5,0,0,0,3,3,0,1,3,37,2.0,0022401015,Fred VanVleet,fred vanvleet,,,2025-03-21,3,1.023041474654378,0.0,0.0,0.08294930875576037,0.08294930875576037,1.0,5.0,8.0,2.0,2.0,4.0,5.0,1.0,3.0,0,0.0,0,0.00233,1.3,557.7005577005576,1.2969709999999999,0.08294930875576037,3.0,6.0,0.93640697
0022401015,1610612745,Houston,Rockets,HOU,rockets,1631106,Tari,Eason,T. Eason,tari-eason,,,,27:14,27.233333333333334,2,6,0.333,1,2,0.5,2,2,1.0,3,5,8,2,0,0,4,1,7,7.0,0022401015,Tari Eason,tari eason,,,2025-03-21,0,0.25703794369645044,0.11015911872705018,0.2937576499388005,0.07343941248470012,0.11015911872705018,6.0,3.0,3.0,3.0,7.0,4.0,3.0,6.0,0.0,0,0.0,0,0.0016200000000000001,12.7,7834.669956816779,12.679426,0.0,7.0,4.0,0.14979464
0022401015,1610612745,Houston,Rockets,HOU,rockets,203500,Steven,Adams,S. Adams,steven-adams,,,,20:30,20.5,2,2,1.0,0,0,0.0,0,2,0.0,4,4,8,1,1,0,1,2,4,7.0,0022401015,Steven Adams,steven adams,,,2025-03-21,1,0.1951219512195122,0.1951219512195122,0.3902439024390244,0.04878048780487805,0.24390243902439024,8.0,2.0,3.0,5.0,5.0,4.0,3.0,8.0,1.0,0,0.0,0,0.00083,17.5,21058.9651022864,17.485475,0.04878048780487805,6.0,3.0,0.18047567
0022401015,1610612745,Houston,Rockets,HOU,rockets,1631095,Jabari,Smith Jr.,J. Smith Jr.,jabari-smith-jr,,,,21:46,21.766666666666666,3,6,0.5,3,4,0.75,2,4,0.5,0,6,6,0,0,0,2,1,11,8.0,0022401015,Jabari Smith Jr.,jabari smith jr,,,2025-03-21,0,0.5053598774885145,0.0,0.27565084226646247,0.0,0.0,3.0,5.0,5.0,7.0,7.0,4.0,2.0,7.0,0.0,0,0.0,0,0.00192,16.7,8693.388859968765,16.667935999999997,0.0,7.0,8.0,0.24143597
0022401035,1610612745,Houston,Rockets,HOU,rockets,1641708,Amen,Thompson,A. Thompson,amen-thompson,F,,,31:48,31.8,5,11,0.455,1,2,0.5,0,4,0.0,3,3,6,1,1,3,1,5,11,-5.0,0022401035,Amen Thompson,amen thompson,,,2025-03-23,4,0.34591194968553457,0.09433962264150943,0.18867924528301885,0.031446540880503145,0.22012578616352202,5.0,2.0,3.0,5.0,2.0,1.0,5.0,5.0,1.0,0,0.0,0,0.00194,-6.1,-3142.709943328181,-6.088165999999999,0.12578616352201258,1.0,2.0,0.5162383
0022401035,1610612745,Houston,Rockets,HOU,rockets,1628415,Dillon,Brooks,D. Brooks,dillon-brooks,F,,,36:39,36.65,8,12,0.667,5,8,0.625,0,0,0.0,0,3,3,1,0,0,1,2,21,-3.0,0022401035,Dillon Brooks,dillon brooks,,,2025-03-23,0,0.5729877216916781,0.0,0.08185538881309687,0.027285129604365622,0.0,2.0,4.0,4.0,5.0,4.0,4.0,4.0,3.0,1.0,0,0.0,0,0.00165,-2.5,-1514.2337976983647,-2.495875,0.0,5.0,5.0,0.89013827
0022401035,1610612745,Houston,Rockets,HOU,rockets,1630578,Alperen,Sengun,A. Sengun,alperen-sengun,C,,,39:30,39.5,6,15,0.4,0,1,0.0,5,8,0.625,3,11,14,10,2,1,0,1,17,-6.0,0022401035,Alperen Sengun,alperen sengun,,,2025-03-23,3,0.43037974683544306,0.0759493670886076,0.35443037974683544,0.25316455696202533,0.1518987341772152,3.0,2.0,1.0,1.0,1.0,3.0,6.0,2.0,3.0,0,0.0,0,0.0020399999999999997,-7.7,-3772.6604605585503,-7.684292,0.0759493670886076,2.0,3.0,0.55035096
0022401035,1610612745,Houston,Rockets,HOU,rockets,1630224,Jalen,Green,J. Green,jalen-green,G,,,35:50,35.833333333333336,8,22,0.364,3,12,0.25,11,14,0.786,0,2,2,5,0,0,0,4,30,-6.0,0022401035,Jalen Green,jalen green,,,2025-03-23,0,0.8372093023255813,0.0,0.05581395348837209,0.13953488372093023,0.0,1.0,4.0,7.0,2.0,4.0,4.0,6.0,4.0,0.0,0,0.0,0,0.00307,-11.5,-3744.7085639856723,-11.464694999999999,0.0,5.0,5.0,0.56574136
0022401035,1610612745,Houston,Rockets,HOU,rockets,1627832,Fred,VanVleet,F. VanVleet,fred-vanvleet,G,,,41:44,41.733333333333334,2,12,0.167,1,8,0.125,2,2,1.0,0,3,3,5,0,0,1,2,7,-2.0,0022401035,Fred VanVleet,fred vanvleet,,,2025-03-23,0,0.16773162939297123,0.0,0.07188498402555911,0.11980830670926518,0.0,6.0,4.0,4.0,2.0,4.0,4.0,2.0,1.0,4.0,0,0.0,0,0.00159,-0.9,-565.6819610307982,-0.8985690000000001,0.0,5.0,5.0,0.11194613
0022401035,1610612745,Houston,Rockets,HOU,rockets,1631106,Tari,Eason,T. Eason,tari-eason,,,,15:25,15.416666666666666,2,3,0.667,0,1,0.0,0,0,0.0,0,2,2,1,1,0,2,1,4,-2.0,0022401035,Tari Eason,tari eason,,,2025-03-23,1,0.2594594594594595,0.0,0.12972972972972974,0.06486486486486487,0.06486486486486487,8.0,4.0,7.0,5.0,2.0,4.0,2.0,8.0,2.0,0,0.0,0,0.00147,-10.8,-7341.9442556084305,-10.784124,0.06486486486486487,4.0,4.0,0.061513774
0022401035,1610612745,Houston,Rockets,HOU,rockets,203500,Steven,Adams,S. Adams,steven-adams,,,,22:25,22.416666666666668,6,10,0.6,0,0,0.0,2,4,0.5,10,2,12,2,0,3,1,3,14,9.0,0022401035,Steven Adams,steven adams,,,2025-03-23,3,0.6245353159851301,0.44609665427509293,0.5353159851301115,0.08921933085501858,0.5799256505576208,4.0,1.0,2.0,4.0,4.0,1.0,1.0,6.0,1.0,0,0.0,0,0.00194,14.6,7521.895929933024,14.571675999999998,0.13382899628252787,2.0,1.0,0.9303985
0022401035,1610612745,Houston,Rockets,HOU,rockets,1631095,Jabari,Smith Jr.,J. Smith Jr.,jabari-smith-jr,,,,16:38,16.633333333333333,2,4,0.5,1,2,0.5,2,2,1.0,0,3,3,0,0,0,0,2,7,-10.0,0022401035,Jabari Smith Jr.,jabari smith jr,,,2025-03-23,0,0.4208416833667335,0.0,0.18036072144288579,0.0,0.0,6.0,4.0,4.0,8.0,4.0,4.0,8.0,7.0,0.0,0,0.0,0,0.00116,-29.4,-25322.997416020673,-29.365895999999996,0.0,5.0,5.0,0.044671122
0022401049,1610612745,Houston,Rockets,HOU,rockets,1631106,Tari,Eason,T. Eason,tari-eason,F,,,25:25,25.416666666666668,3,10,0.3,0,3,0.0,4,4,1.0,5,9,14,0,1,0,1,2,10,-8.0,0022401049,Tari Eason,tari eason,,,2025-03-25,1,0.39344262295081966,0.19672131147540983,0.5508196721311475,0.0,0.23606557377049178,5.0,1.0,1.0,8.0,4.0,3.0,8.0,7.0,2.0,0,0.0,0,0.00191,-14.0,-7326.007326007326,-13.97326,0.039344262295081964,5.0,1.0,0.3254698
0022401049,1610612745,Houston,Rockets,HOU,rockets,1628415,Dillon,Brooks,D. Brooks,dillon-brooks,F,,,28:57,28.95,3,9,0.333,2,7,0.286,2,2,1.0,0,0,0,2,2,0,2,2,10,-2.0,0022401049,Dillon Brooks,dillon brooks,,,2025-03-25,2,0.3454231433506045,0.0,0.0,0.0690846286701209,0.0690846286701209,5.0,7.0,8.0,4.0,1.0,3.0,6.0,5.0,2.0,0,0.0,0,0.00158,-4.7,-2972.802024035421,-4.6925740000000005,0.0690846286701209,1.0,6.0,0.09609606
0022401049,1610612745,Houston,Rockets,HOU,rockets,1630578,Alperen,Sengun,A. Sengun,alperen-sengun,C,,,37:32,37.53333333333333,8,19,0.421,0,2,0.0,2,2,1.0,2,7,9,5,1,1,1,0,18,-5.0,0022401049,Alperen Sengun,alperen sengun,,,2025-03-25,2,0.47957371225577267,0.05328596802841919,0.23978685612788633,0.13321492007104796,0.10657193605683837,3.0,3.0,3.0,1.0,4.0,1.0,7.0,3.0,2.0,0,0.0,0,0.00208,-8.8,-4228.7361845266705,-8.781696,0.05328596802841919,1.0,4.0,0.547257
0022401049,1610612745,Houston,Rockets,HOU,rockets,1630224,Jalen,Green,J. Green,jalen-green,G,,,40:48,40.8,14,24,0.583,1,7,0.143,3,5,0.6,0,11,11,4,2,0,5,1,32,4.0,0022401049,Jalen Green,jalen green,,,2025-03-25,2,0.7843137254901962,0.0,0.26960784313725494,0.09803921568627452,0.04901960784313726,1.0,7.0,2.0,2.0,1.0,3.0,4.0,1.0,2.0,0,0.0,0,0.00297,3.3,1110.7371255469538,3.290199,0.04901960784313726,1.0,7.0,0.77649033
0022401049,1610612745,Houston,Rockets,HOU,rockets,1627832,Fred,VanVleet,F. VanVleet,fred-vanvleet,G,,,38:33,38.55,5,14,0.357,3,8,0.375,8,8,1.0,1,3,4,3,0,0,1,3,21,13.0,0022401049,Fred VanVleet,fred vanvleet,,,2025-03-25,0,0.5447470817120623,0.02594033722438392,0.10376134889753567,0.07782101167315175,0.02594033722438392,2.0,4.0,6.0,3.0,6.0,3.0,2.0,2.0,3.0,0,0.0,0,0.002,15.9,7946.026986506746,15.8682,0.0,7.0,8.0,0.7852237
0022401049,1610612745,Houston,Rockets,HOU,rockets,1631095,Jabari,Smith Jr.,J. Smith Jr.,jabari-smith-jr,,,,33:09,33.15,5,12,0.417,3,9,0.333,4,4,1.0,1,4,5,1,2,0,1,1,17,4.0,0022401049,Jabari Smith Jr.,jabari smith jr,,,2025-03-25,2,0.5128205128205129,0.030165912518853696,0.1508295625942685,0.030165912518853696,0.09049773755656108,4.0,4.0,5.0,5.0,1.0,3.0,4.0,4.0,4.0,0,0.0,0,0.00172,2.2,1278.3265543288787,2.196216,0.06033182503770739,1.0,5.0,0.7413073
0022401049,1610612745,Houston,Rockets,HOU,rockets,203500,Steven,Adams,S. Adams,steven-adams,,,,25:27,25.45,2,2,1.0,0,0,0.0,3,4,0.75,4,3,7,1,0,0,1,2,7,19.0,0022401049,Steven Adams,steven adams,,,2025-03-25,0,0.275049115913556,0.15717092337917485,0.275049115913556,0.03929273084479371,0.15717092337917485,7.0,2.0,4.0,5.0,6.0,3.0,1.0,6.0,2.0,0,0.0,0,0.00083,34.8,41877.25631768953,34.771116,0.0,7.0,3.0,0.50718194
0022401049,1610612745,Houston,Rockets,HOU,rockets,1628988,Aaron,Holiday,A. Holiday,aaron-holiday,,,,10:09,10.15,2,3,0.667,2,3,0.667,0,0,0.0,1,0,1,1,0,1,1,1,6,10.0,0022401049,Aaron Holiday,aaron holiday,,,2025-03-25,1,0.5911330049261083,0.09852216748768472,0.09852216748768472,0.09852216748768472,0.19704433497536944,8.0,4.0,7.0,5.0,6.0,1.0,3.0,8.0,1.0,0,0.0,0,0.00133,43.5,32682.193839218635,43.442145,0.09852216748768472,5.0,2.0,0.17118219
0022401065,1610612745,Houston,Rockets,HOU,rockets,1628415,Dillon,Brooks,D. Brooks,dillon-brooks,F,,,28:15,28.25,4,9,0.444,2,4,0.5,0,0,0.0,0,3,3,3,1,0,1,3,10,9.0,0022401065,Dillon Brooks,dillon brooks,,,2025-03-27,1,0.35398230088495575,0.0,0.10619469026548672,0.10619469026548672,0.035398230088495575,6.0,8.0,6.0,4.0,2.0,5.0,4.0,5.0,2.0,0,0.0,0,0.00154,18.8,12199.87021414666,18.771048,0.035398230088495575,5.0,9.0,0.40450436
0022401065,1610612745,Houston,Rockets,HOU,rockets,1641708,Amen,Thompson,A. Thompson,amen-thompson,F,,,28:14,28.233333333333334,7,11,0.636,1,2,0.5,0,0,0.0,3,7,10,5,2,1,0,3,15,17.0,0022401065,Amen Thompson,amen thompson,,,2025-03-27,3,0.5312868949232585,0.10625737898465171,0.3541912632821724,0.1770956316410862,0.21251475796930341,3.0,3.0,1.0,3.0,1.0,2.0,1.0,6.0,3.0,0,0.0,0,0.00153,29.0,18941.868060091445,28.95563,0.10625737898465171,1.0,2.0,0.9423557
0022401065,1610612745,Houston,Rockets,HOU,rockets,1630578,Alperen,Sengun,A. Sengun,alperen-sengun,C,,,32:18,32.3,11,19,0.579,0,1,0.0,11,13,0.846,4,6,10,2,0,2,3,3,33,17.0,0022401065,Alperen Sengun,alperen sengun,,,2025-03-27,2,1.021671826625387,0.12383900928792571,0.30959752321981426,0.061919504643962855,0.18575851393188855,1.0,1.0,1.0,5.0,7.0,1.0,1.0,3.0,2.0,0,0.0,0,0.00333,25.3,7595.316721705193,25.215751,0.061919504643962855,2.0,3.0,0.8423279
0022401065,1610612745,Houston,Rockets,HOU,rockets,1630224,Jalen,Green,J. Green,jalen-green,G,,,35:21,35.35,8,20,0.4,4,10,0.4,1,3,0.333,4,4,8,6,0,0,2,1,21,3.0,0022401065,Jalen Green,jalen green,,,2025-03-27,0,0.594059405940594,0.11315417256011315,0.2263083451202263,0.16973125884016974,0.11315417256011315,2.0,1.0,4.0,1.0,7.0,5.0,7.0,1.0,1.0,0,0.0,0,0.0025800000000000003,-1.1,-426.1913986826811,-1.097162,0.0,8.0,5.0,0.6633019
0022401065,1610612745,Houston,Rockets,HOU,rockets,1627832,Fred,VanVleet,F. VanVleet,fred-vanvleet,G,,,34:03,34.05,1,10,0.1,1,7,0.143,1,1,1.0,1,0,1,6,1,1,2,0,4,11.0,0022401065,Fred VanVleet,fred vanvleet,,,2025-03-27,2,0.11747430249632894,0.029368575624082235,0.029368575624082235,0.1762114537444934,0.0881057268722467,8.0,6.0,8.0,1.0,2.0,2.0,3.0,2.0,3.0,0,0.0,0,0.00146,16.7,11430.527036276524,16.675618,0.05873715124816447,2.0,7.0,0.017757136
0022401065,1610612745,Houston,Rockets,HOU,rockets,1631106,Tari,Eason,T. Eason,tari-eason,,,,29:56,29.933333333333334,6,10,0.6,3,5,0.6,0,0,0.0,1,5,6,2,1,1,0,2,15,-9.0,0022401065,Tari Eason,tari eason,,,2025-03-27,2,0.5011135857461024,0.03340757238307349,0.20044543429844097,0.06681514476614699,0.10022271714922049,3.0,6.0,5.0,5.0,2.0,2.0,9.0,4.0,1.0,0,0.0,0,0.00123,-18.9,-15353.371242891957,-18.876753,0.06681514476614699,2.0,6.0,0.6696059
0022401065,1610612745,Houston,Rockets,HOU,rockets,1629111,Jock,Landale,J. Landale,jock-landale,,,,13:30,13.5,5,7,0.714,0,1,0.0,0,0,0.0,2,1,3,0,1,0,1,1,10,-5.0,0022401065,Jock Landale,jock landale,,,2025-03-27,1,0.7407407407407407,0.14814814814814814,0.2222222222222222,0.0,0.2222222222222222,6.0,5.0,6.0,9.0,2.0,5.0,8.0,8.0,0.0,0,0.0,0,0.00222,-25.7,-11571.364250337683,-25.642946,0.07407407407407407,5.0,1.0,0.4977163
0022401065,1610612745,Houston,Rockets,HOU,rockets,1628988,Aaron,Holiday,A. Holiday,aaron-holiday,,,,12:22,12.366666666666667,1,4,0.25,0,3,0.0,0,0,0.0,0,0,0,1,1,0,0,1,2,6.0,0022401065,Aaron Holiday,aaron holiday,,,2025-03-27,1,0.16172506738544473,0.0,0.0,0.08086253369272237,0.08086253369272237,9.0,8.0,9.0,7.0,2.0,5.0,5.0,9.0,1.0,0,0.0,0,0.0011799999999999998,28.8,24386.113463166814,28.766016,0.08086253369272237,5.0,8.0,0.0105369575
0022401065,1610612745,Houston,Rockets,HOU,rockets,1631095,Jabari,Smith Jr.,J. Smith Jr.,jabari-smith-jr,,,,26:01,26.016666666666666,4,12,0.333,1,4,0.25,2,2,1.0,3,7,10,1,0,0,0,0,11,6.0,0022401065,Jabari Smith Jr.,jabari smith jr,,,2025-03-27,0,0.4228058936579116,0.11531069827033953,0.3843689942344651,0.03843689942344651,0.11531069827033953,5.0,3.0,1.0,7.0,7.0,5.0,5.0,7.0,1.0,0,0.0,0,0.00178,8.9,4997.192588433465,8.884158000000001,0.0,8.0,4.0,0.429081
0022401088,1610612745,Houston,Rockets,HOU,rockets,1628415,Dillon,Brooks,D. Brooks,dillon-brooks,F,,,11:26,11.433333333333334,3,7,0.429,2,3,0.667,0,0,0.0,0,1,1,1,1,1,0,1,8,1.0,0022401088,Dillon Brooks,dillon brooks,,,2025-03-30,2,0.6997084548104956,0.0,0.08746355685131195,0.08746355685131195,0.1749271137026239,9.0,7.0,12.0,10.0,5.0,1.0,10.0,12.0,1.0,0,0.0,0,0.0025900000000000003,20.8,8027.788498649169,20.746128000000002,0.1749271137026239,2.0,3.0,0.0915582
0022401088,1610612745,Houston,Rockets,HOU,rockets,1641708,Amen,Thompson,A. Thompson,amen-thompson,F,,,24:37,24.616666666666667,6,10,0.6,0,1,0.0,0,0,0.0,6,4,10,9,1,0,1,2,12,32.0,0022401088,Amen Thompson,amen thompson,,,2025-03-30,1,0.4874746106973595,0.24373730534867974,0.4062288422477996,0.36560595802301965,0.2843601895734597,5.0,1.0,1.0,1.0,5.0,5.0,2.0,5.0,1.0,0,0.0,0,0.0016200000000000001,55.7,34361.505243676744,55.60976600000001,0.040622884224779957,7.0,1.0,0.8807428
0022401088,1610612745,Houston,Rockets,HOU,rockets,1630578,Alperen,Sengun,A. Sengun,alperen-sengun,C,,,26:20,26.333333333333332,6,11,0.545,0,0,0.0,4,7,0.571,1,8,9,3,1,1,1,3,16,30.0,0022401088,Alperen Sengun,alperen sengun,,,2025-03-30,2,0.6075949367088608,0.0379746835443038,0.34177215189873417,0.1139240506329114,0.1139240506329114,2.0,4.0,2.0,4.0,5.0,1.0,3.0,3.0,3.0,0,0.0,0,0.00227,52.9,23293.703214442976,52.779917,0.0759493670886076,2.0,9.0,0.6679846
0022401088,1610612745,Houston,Rockets,HOU,rockets,1630224,Jalen,Green,J. Green,jalen-green,G,,,27:00,27.0,9,17,0.529,4,5,0.8,11,13,0.846,0,2,2,2,1,0,2,0,33,21.0,0022401088,Jalen Green,jalen green,,,2025-03-30,1,1.2222222222222223,0.0,0.07407407407407407,0.07407407407407407,0.037037037037037035,1.0,7.0,5.0,6.0,5.0,5.0,5.0,2.0,2.0,0,0.0,0,0.00362,34.4,9500.138083402375,34.275472,0.037037037037037035,7.0,13.0,0.82939494
0022401088,1610612745,Houston,Rockets,HOU,rockets,1627832,Fred,VanVleet,F. VanVleet,fred-vanvleet,G,,,28:26,28.433333333333334,5,9,0.556,3,6,0.5,0,0,0.0,0,2,2,7,2,0,1,0,13,23.0,0022401088,Fred VanVleet,fred vanvleet,,,2025-03-30,2,0.45720984759671746,0.0,0.07033997655334115,0.246189917936694,0.07033997655334115,3.0,7.0,5.0,2.0,1.0,5.0,4.0,1.0,3.0,0,1.0,0,0.0014099999999999998,40.8,28915.662650602415,40.742472,0.07033997655334115,2.0,11.0,0.5751441
0022401088,1610612745,Houston,Rockets,HOU,rockets,203500,Steven,Adams,S. Adams,steven-adams,,,,12:01,12.016666666666667,2,2,1.0,0,0,0.0,2,2,1.0,2,1,3,0,0,0,0,1,6,21.0,0022401088,Steven Adams,steven adams,,,2025-03-30,0,0.4993065187239944,0.16643550624133147,0.2496532593619972,0.0,0.16643550624133147,10.0,2.0,4.0,12.0,11.0,5.0,5.0,10.0,1.0,0,0.0,0,0.00094,77.8,82678.0021253985,77.726868,0.0,12.0,5.0,0.19705412
0022401088,1610612745,Houston,Rockets,HOU,rockets,1631095,Jabari,Smith Jr.,J. Smith Jr.,jabari-smith-jr,,,,26:03,26.05,5,11,0.455,0,1,0.0,0,0,0.0,2,5,7,2,1,0,0,1,10,33.0,0022401088,Jabari Smith Jr.,jabari smith jr,,,2025-03-30,1,0.3838771593090211,0.07677543186180422,0.2687140115163148,0.07677543186180422,0.11516314779270632,8.0,2.0,3.0,6.0,5.0,5.0,1.0,4.0,1.0,0,0.0,0,0.0017499999999999998,55.7,31810.394060536844,55.602525,0.03838771593090211,7.0,8.0,0.5141696
0022401088,1610612745,Houston,Rockets,HOU,rockets,1628988,Aaron,Holiday,A. Holiday,aaron-holiday,,,,20:56,20.933333333333334,4,7,0.571,3,6,0.5,0,0,0.0,0,2,2,1,0,1,0,0,11,19.0,0022401088,Aaron Holiday,aaron holiday,,,2025-03-30,1,0.5254777070063694,0.0,0.09554140127388534,0.04777070063694267,0.04777070063694267,6.0,7.0,5.0,10.0,11.0,1.0,7.0,6.0,1.0,0,0.0,0,0.00135,44.8,33160.62176165803,44.73952,0.04777070063694267,7.0,12.0,0.5055296
0022401088,1610612745,Houston,Rockets,HOU,rockets,201145,Jeff,Green,J. Green,jeff-green,,,,9:40,9.666666666666666,2,2,1.0,2,2,1.0,0,0,0.0,1,1,2,0,0,0,0,1,6,11.0,0022401088,Jeff Green,jeff green,,,2025-03-30,0,0.6206896551724138,0.10344827586206898,0.20689655172413796,0.0,0.10344827586206898,10.0,4.0,5.0,12.0,11.0,5.0,8.0,13.0,0.0,0,0.0,0,0.00091,53.3,58507.13501646542,53.251497,0.0,12.0,10.0,0.12289802
0022401088,1610612745,Houston,Rockets,HOU,rockets,1629111,Jock,Landale,J. Landale,jock-landale,,,,15:54,15.9,5,7,0.714,1,2,0.5,0,1,0.0,0,1,1,2,2,0,1,4,11,4.0,0022401088,Jock Landale,jock landale,,,2025-03-30,2,0.6918238993710691,0.0,0.06289308176100629,0.12578616352201258,0.12578616352201258,6.0,7.0,12.0,6.0,1.0,5.0,9.0,7.0,2.0,0,0.0,0,0.0019,10.5,5523.408732246186,10.48005,0.12578616352201258,2.0,7.0,0.60950637
0022401088,1610612745,Houston,Rockets,HOU,rockets,1641715,Cam,Whitmore,C. Whitmore,cam-whitmore,,,,12:48,12.8,6,10,0.6,1,2,0.5,0,0,0.0,1,1,2,2,1,0,1,0,13,0.0,0022401088,Cam Whitmore,cam whitmore,,,2025-03-30,1,1.015625,0.078125,0.15625,0.15625,0.15625,3.0,4.0,5.0,6.0,5.0,5.0,11.0,8.0,1.0,0,0.0,0,0.00344,7.6,2208.660273176402,7.573855999999999,0.078125,7.0,6.0,0.7423786
0022401088,1610612745,Houston,Rockets,HOU,rockets,1630256,Jae'Sean,Tate,J. Tate,jaesean-tate,,,,12:48,12.8,1,2,0.5,0,0,0.0,1,2,0.5,0,2,2,5,2,1,1,0,3,0.0,0022401088,Jae'Sean Tate,jae'sean tate,,,2025-03-30,3,0.234375,0.0,0.15625,0.390625,0.234375,13.0,7.0,5.0,3.0,1.0,1.0,11.0,8.0,1.0,0,0.0,0,0.00125,7.6,6075.1398880895285,7.5905,0.234375,1.0,2.0,0.020067452
0022401088,1610612745,Houston,Rockets,HOU,rockets,1642263,Reed,Sheppard,R. Sheppard,reed-sheppard,,,,12:00,12.0,2,3,0.667,2,3,0.667,0,0,0.0,0,2,2,3,2,0,1,2,6,0.0,0022401088,Reed Sheppard,reed sheppard,,,2025-03-30,2,0.5,0.0,0.16666666666666666,0.25,0.16666666666666666,10.0,7.0,5.0,4.0,1.0,5.0,11.0,11.0,3.0,0,0.0,0,0.00133,4.1,3080.390683696469,4.0945469999999995,0.16666666666666666,2.0,4.0,0.08379166
0022401096,1610612745,Houston,Rockets,HOU,rockets,1628415,Dillon,Brooks,D. Brooks,dillon-brooks,F,,,35:58,35.96666666666667,5,14,0.357,3,9,0.333,3,4,0.75,1,4,5,1,1,1,1,2,16,-8.0,0022401096,Dillon Brooks,dillon brooks,,,2025-03-31,2,0.4448563484708063,0.027803521779425393,0.13901760889712697,0.027803521779425393,0.08341056533827618,2.0,5.0,5.0,5.0,2.0,2.0,7.0,2.0,3.0,0,0.0,0,0.0020499999999999997,-9.7,-4729.400292540225,-9.680114999999999,0.05560704355885079,2.0,6.0,0.48366794
0022401096,1610612745,Houston,Rockets,HOU,rockets,1641708,Amen,Thompson,A. Thompson,amen-thompson,F,,,33:58,33.96666666666667,8,14,0.571,1,3,0.333,3,4,0.75,2,3,5,4,2,2,2,3,20,-2.0,0022401096,Amen Thompson,amen thompson,,,2025-03-31,4,0.5888125613346418,0.05888125613346418,0.14720314033366044,0.11776251226692835,0.17664376840039253,1.0,1.0,5.0,4.0,1.0,1.0,2.0,4.0,6.0,0,0.0,0,0.0022,-2.8,-1272.1490231712855,-2.79384,0.11776251226692835,1.0,2.0,0.8928274
0022401096,1610612745,Houston,Rockets,HOU,rockets,1630578,Alperen,Sengun,A. Sengun,alperen-sengun,C,,,34:39,34.65,5,11,0.455,0,0,0.0,4,4,1.0,2,5,7,6,0,1,2,4,14,-2.0,0022401096,Alperen Sengun,alperen sengun,,,2025-03-31,1,0.40404040404040403,0.05772005772005772,0.20202020202020202,0.17316017316017318,0.08658008658008659,4.0,1.0,3.0,2.0,7.0,2.0,2.0,3.0,2.0,0,0.0,0,0.00172,-5.6,-3253.9221382916908,-5.590368,0.02886002886002886,4.0,5.0,0.6613073
0022401096,1610612745,Houston,Rockets,HOU,rockets,1630224,Jalen,Green,J. Green,jalen-green,G,,,30:53,30.883333333333333,4,13,0.308,1,4,0.25,0,0,0.0,0,9,9,5,1,1,2,1,9,-11.0,0022401096,Jalen Green,jalen green,,,2025-03-31,2,0.2914193200215866,0.0,0.2914193200215866,0.16189962223421478,0.06475984889368591,6.0,7.0,2.0,3.0,2.0,2.0,8.0,5.0,1.0,0,0.0,0,0.00211,-14.3,-6774.040738986263,-14.269827000000001,0.06475984889368591,2.0,7.0,0.14179192
0022401096,1610612745,Houston,Rockets,HOU,rockets,1627832,Fred,VanVleet,F. VanVleet,fred-vanvleet,G,,,39:33,39.55,2,14,0.143,1,7,0.143,2,3,0.667,0,4,4,9,0,0,1,3,7,-3.0,0022401096,Fred VanVleet,fred vanvleet,,,2025-03-31,0,0.1769911504424779,0.0,0.10113780025284451,0.22756005056890014,0.0,7.0,7.0,7.0,1.0,7.0,5.0,4.0,1.0,2.0,0,0.0,0,0.0017599999999999998,-5.0,-2839.2958546280524,-4.9912,0.0,8.0,8.0,0.068924405
0022401096,1610612745,Houston,Rockets,HOU,rockets,1631095,Jabari,Smith Jr.,J. Smith Jr.,jabari-smith-jr,,,,27:19,27.316666666666666,6,10,0.6,3,6,0.5,0,0,0.0,2,9,11,1,1,0,2,3,15,2.0,0022401096,Jabari Smith Jr.,jabari smith jr,,,2025-03-31,1,0.5491153142159854,0.07321537522879805,0.4026845637583893,0.036607687614399025,0.10982306284319707,3.0,1.0,1.0,5.0,2.0,5.0,1.0,6.0,1.0,0,0.0,0,0.00179,5.4,3015.0753768844224,5.390334,0.036607687614399025,4.0,3.0,0.89959586
0022401096,1610612745,Houston,Rockets,HOU,rockets,203500,Steven,Adams,S. Adams,steven-adams,,,,15:43,15.716666666666667,1,2,0.5,0,1,0.0,2,2,1.0,2,5,7,0,1,0,3,0,4,-3.0,0022401096,Steven Adams,steven adams,,,2025-03-31,1,0.2545068928950159,0.12725344644750794,0.44538706256627786,0.0,0.19088016967126192,8.0,1.0,3.0,7.0,2.0,5.0,4.0,8.0,2.0,0,0.0,0,0.00146,-6.2,-4243.668720054758,-6.190948,0.06362672322375397,4.0,1.0,0.03583074
0022401096,1610612745,Houston,Rockets,HOU,rockets,1631106,Tari,Eason,T. Eason,tari-eason,,,,21:57,21.95,6,11,0.545,1,2,0.5,0,0,0.0,1,2,3,0,1,0,2,4,13,-3.0,0022401096,Tari Eason,tari eason,,,2025-03-31,1,0.5922551252847381,0.04555808656036447,0.1366742596810934,0.0,0.09111617312072894,5.0,5.0,8.0,7.0,2.0,5.0,4.0,7.0,2.0,0,0.0,0,0.00232,-2.2,-947.8672985781991,-2.1948960000000004,0.04555808656036447,4.0,4.0,0.5933896
0022401107,1610612745,Houston,Rockets,HOU,rockets,1628415,Dillon,Brooks,D. Brooks,dillon-brooks,F,,,27:47,27.783333333333335,9,16,0.563,3,8,0.375,0,0,0.0,1,1,2,0,0,0,1,1,21,14.0,0022401107,Dillon Brooks,dillon brooks,,,2025-04-02,0,0.7558488302339532,0.035992801439712056,0.07198560287942411,0.0,0.035992801439712056,2.0,7.0,9.0,10.0,4.0,5.0,5.0,3.0,1.0,0,0.0,0,0.00233,25.0,10725.010725010725,24.94175,0.0,7.0,8.0,0.7393089
0022401107,1610612745,Houston,Rockets,HOU,rockets,1631106,Tari,Eason,T. Eason,tari-eason,F,,,24:03,24.05,7,8,0.875,1,2,0.5,0,2,0.0,2,7,9,3,2,2,2,3,15,33.0,0022401107,Tari Eason,tari eason,,,2025-04-02,4,0.6237006237006237,0.08316008316008315,0.3742203742203742,0.12474012474012473,0.24948024948024947,3.0,4.0,3.0,3.0,1.0,1.0,1.0,6.0,3.0,0,0.0,0,0.00172,63.8,37071.47007553748,63.69026399999999,0.1663201663201663,1.0,2.0,0.86148494
0022401107,1610612745,Houston,Rockets,HOU,rockets,1630578,Alperen,Sengun,A. Sengun,alperen-sengun,C,,,28:55,28.916666666666668,6,12,0.5,0,0,0.0,3,4,0.75,4,10,14,9,0,1,3,2,15,29.0,0022401107,Alperen Sengun,alperen sengun,,,2025-04-02,1,0.5187319884726225,0.13832853025936598,0.484149855907781,0.31123919308357345,0.17291066282420747,3.0,1.0,1.0,1.0,4.0,3.0,2.0,1.0,0.0,0,0.0,0,0.00218,42.2,19348.922512608893,42.108004,0.034582132564841495,3.0,3.0,0.8494743
0022401107,1610612745,Houston,Rockets,HOU,rockets,1630224,Jalen,Green,J. Green,jalen-green,G,,,28:05,28.083333333333332,7,15,0.467,4,7,0.571,4,6,0.667,0,4,4,2,1,0,1,4,22,18.0,0022401107,Jalen Green,jalen green,,,2025-04-02,1,0.7833827893175075,0.0,0.142433234421365,0.0712166172106825,0.03560830860534125,1.0,8.0,5.0,5.0,2.0,5.0,3.0,2.0,2.0,0,0.0,0,0.00264,31.6,11965.164710336994,31.516576,0.03560830860534125,3.0,9.0,0.8165753
0022401107,1610612745,Houston,Rockets,HOU,rockets,1641708,Amen,Thompson,A. Thompson,amen-thompson,G,,,26:43,26.716666666666665,4,6,0.667,0,0,0.0,1,2,0.5,2,2,4,5,0,2,1,3,9,14.0,0022401107,Amen Thompson,amen thompson,,,2025-04-02,2,0.33686837180286966,0.07485963817841547,0.14971927635683094,0.1871490954460387,0.14971927635683094,8.0,4.0,5.0,2.0,4.0,1.0,5.0,5.0,2.0,0,0.0,0,0.00111,26.3,23672.367236723672,26.270806999999998,0.07485963817841547,2.0,5.0,0.5112286
0022401107,1610612745,Houston,Rockets,HOU,rockets,1631095,Jabari,Smith Jr.,J. Smith Jr.,jabari-smith-jr,,,,27:09,27.15,6,16,0.375,2,9,0.222,1,1,1.0,3,11,14,2,0,0,0,1,15,11.0,0022401107,Jabari Smith Jr.,jabari smith jr,,,2025-04-02,0,0.5524861878453039,0.11049723756906078,0.5156537753222836,0.07366482504604052,0.11049723756906078,3.0,3.0,1.0,5.0,4.0,5.0,9.0,4.0,0.0,0,0.0,0,0.00229,21.5,9384.548232213006,21.450765,0.0,7.0,6.0,0.55132496
0022401107,1610612745,Houston,Rockets,HOU,rockets,1629111,Jock,Landale,J. Landale,jock-landale,,,,19:46,19.766666666666666,3,5,0.6,0,1,0.0,0,0,0.0,4,1,5,2,0,1,1,1,6,13.0,0022401107,Jock Landale,jock landale,,,2025-04-02,1,0.30354131534569984,0.20236087689713322,0.25295109612141653,0.10118043844856661,0.25295109612141653,9.0,1.0,4.0,5.0,4.0,3.0,7.0,7.0,1.0,0,0.0,0,0.0011799999999999998,33.2,28111.76968670619,33.160824000000005,0.050590219224283306,3.0,1.0,0.1563969
0022401107,1610612745,Houston,Rockets,HOU,rockets,1628988,Aaron,Holiday,A. Holiday,aaron-holiday,,,,13:18,13.3,2,6,0.333,2,6,0.333,0,0,0.0,0,2,2,2,1,0,1,1,6,16.0,0022401107,Aaron Holiday,aaron holiday,,,2025-04-02,1,0.45112781954887216,0.0,0.15037593984962405,0.15037593984962405,0.07518796992481203,9.0,8.0,9.0,5.0,2.0,5.0,4.0,8.0,2.0,0,0.0,0,0.00194,48.6,25038.639876352398,48.505716,0.07518796992481203,3.0,7.0,0.18211673
0022401107,1610612745,Houston,Rockets,HOU,rockets,1630256,Jae'Sean,Tate,J. Tate,jaesean-tate,,,,12:00,12.0,1,2,0.5,0,1,0.0,0,0,0.0,2,0,2,0,0,0,0,1,2,11.0,0022401107,Jae'Sean Tate,jae'sean tate,,,2025-04-02,0,0.16666666666666666,0.16666666666666666,0.16666666666666666,0.0,0.16666666666666666,13.0,4.0,9.0,10.0,4.0,5.0,9.0,9.0,0.0,0,0.0,0,0.0006900000000000001,40.7,58900.144717800285,40.67191700000001,0.0,7.0,4.0,0.009380092
0022401107,1610612745,Houston,Rockets,HOU,rockets,1641715,Cam,Whitmore,C. Whitmore,cam-whitmore,,,,12:00,12.0,4,6,0.667,1,2,0.5,2,2,1.0,0,3,3,3,0,0,0,0,11,11.0,0022401107,Cam Whitmore,cam whitmore,,,2025-04-02,0,0.9166666666666666,0.0,0.25,0.25,0.0,7.0,8.0,7.0,3.0,4.0,5.0,9.0,9.0,0.0,0,0.0,0,0.00241,40.7,16880.96225632518,40.601913,0.0,7.0,10.0,0.48668784
0022401107,1610612745,Houston,Rockets,HOU,rockets,1642263,Reed,Sheppard,R. Sheppard,reed-sheppard,,,,8:59,8.983333333333333,5,7,0.714,5,7,0.714,0,0,0.0,0,3,3,2,0,0,0,0,15,12.0,0022401107,Reed Sheppard,reed sheppard,,,2025-04-02,0,1.6697588126159557,0.0,0.33395176252319114,0.22263450834879409,0.0,3.0,8.0,7.0,5.0,4.0,5.0,8.0,11.0,3.0,0,0.0,0,0.0030399999999999997,57.1,18776.71818480763,56.926415999999996,0.0,7.0,10.0,0.67630464
0022401107,1610612745,Houston,Rockets,HOU,rockets,201145,Jeff,Green,J. Green,jeff-green,,,,6:37,6.616666666666667,1,3,0.333,1,2,0.5,0,0,0.0,0,1,1,0,0,0,0,1,3,4.0,0022401107,Jeff Green,jeff green,,,2025-04-02,0,0.4534005037783375,0.0,0.15113350125944583,0.0,0.0,11.0,8.0,12.0,10.0,4.0,5.0,12.0,12.0,0.0,0,0.0,0,0.00167,25.0,14961.101137043686,24.95825,0.0,7.0,10.0,0.009350231
0022401107,1610612745,Houston,Rockets,HOU,rockets,1631466,Nate,Williams,N. Williams,nate-williams,,,,4:38,4.633333333333333,1,2,0.5,0,0,0.0,1,2,0.5,0,0,0,0,0,0,0,0,3,4.0,0022401107,Nate Williams,nate williams,,,2025-04-02,0,0.6474820143884893,0.0,0.0,0.0,0.0,11.0,8.0,13.0,10.0,4.0,5.0,12.0,13.0,,1,,1,0.00231,36.4,15750.757247944612,36.315915999999994,0.0,7.0,10.0,0.0089033395
0022401123,1610612745,Houston,Rockets,HOU,rockets,1641708,Amen,Thompson,A. Thompson,amen-thompson,F,,,38:07,38.11666666666667,6,9,0.667,2,2,1.0,2,2,1.0,2,6,8,6,1,2,3,3,16,11.0,0022401123,Amen Thompson,amen thompson,,,2025-04-04,3,0.41976388281591603,0.052470485351989504,0.20988194140795802,0.1574114560559685,0.13117621337997376,3.0,2.0,3.0,1.0,4.0,1.0,4.0,1.0,4.0,0,0.0,0,0.0013700000000000001,12.0,8752.735229759299,11.98356,0.07870572802798426,1.0,3.0,0.7897079
0022401123,1610612745,Houston,Rockets,HOU,rockets,1630578,Alperen,Sengun,A. Sengun,alperen-sengun,F,,,33:50,33.833333333333336,11,21,0.524,0,0,0.0,9,12,0.75,1,1,2,4,3,0,3,1,31,4.0,0022401123,Alperen Sengun,alperen sengun,,,2025-04-04,3,0.916256157635468,0.029556650246305417,0.059113300492610835,0.11822660098522167,0.11822660098522167,2.0,5.0,6.0,4.0,1.0,5.0,7.0,4.0,3.0,0,0.0,0,0.00337,5.4,1601.898546425393,5.381802,0.08866995073891625,1.0,4.0,0.79568
0022401123,1610612745,Houston,Rockets,HOU,rockets,203500,Steven,Adams,S. Adams,steven-adams,C,,,22:57,22.95,4,7,0.571,0,0,0.0,0,0,0.0,6,6,12,0,2,1,0,2,8,7.0,0022401123,Steven Adams,steven adams,,,2025-04-04,3,0.3485838779956427,0.26143790849673204,0.5228758169934641,0.0,0.39215686274509803,7.0,1.0,2.0,8.0,2.0,2.0,5.0,6.0,3.0,0,0.0,0,0.00117,15.2,12980.358667805294,15.182215999999999,0.13071895424836602,1.0,1.0,0.87941676
0022401123,1610612745,Houston,Rockets,HOU,rockets,1630224,Jalen,Green,J. Green,jalen-green,G,,,38:04,38.06666666666667,11,24,0.458,3,10,0.3,9,10,0.9,1,3,4,5,2,1,3,1,34,15.0,0022401123,Jalen Green,jalen green,,,2025-04-04,3,0.893169877408056,0.026269702276707527,0.10507880910683011,0.13134851138353765,0.10507880910683011,1.0,5.0,4.0,3.0,2.0,2.0,1.0,2.0,0.0,0,0.0,0,0.0032600000000000003,19.6,6010.426249616682,19.536104,0.07880910683012259,1.0,5.0,0.7193775
0022401123,1610612745,Houston,Rockets,HOU,rockets,1627832,Fred,VanVleet,F. VanVleet,fred-vanvleet,G,,,37:29,37.483333333333334,5,9,0.556,3,7,0.429,0,0,0.0,0,0,0,6,1,0,0,3,13,6.0,0022401123,Fred VanVleet,fred vanvleet,,,2025-04-04,1,0.3468208092485549,0.0,0.0,0.16007114273010226,0.026678523788350377,4.0,7.0,8.0,1.0,4.0,5.0,6.0,3.0,1.0,0,0.0,0,0.0009299999999999999,4.5,4833.512352309345,4.495815,0.026678523788350377,5.0,7.0,0.5324901
0022401123,1610612745,Houston,Rockets,HOU,rockets,1631106,Tari,Eason,T. Eason,tari-eason,,,,17:35,17.583333333333332,2,10,0.2,1,4,0.25,0,0,0.0,2,2,4,1,0,1,0,1,5,-2.0,0022401123,Tari Eason,tari eason,,,2025-04-04,1,0.2843601895734597,0.1137440758293839,0.2274881516587678,0.05687203791469195,0.17061611374407584,8.0,2.0,4.0,5.0,7.0,2.0,12.0,7.0,0.0,0,0.0,0,0.00222,-4.9,-2206.2134173795585,-4.889122,0.05687203791469195,5.0,2.0,0.06293101
0022401123,1610612745,Houston,Rockets,HOU,rockets,1631095,Jabari,Smith Jr.,J. Smith Jr.,jabari-smith-jr,,,,33:37,33.61666666666667,3,8,0.375,1,2,0.5,2,2,1.0,2,15,17,1,1,0,2,3,9,15.0,0022401123,Jabari Smith Jr.,jabari smith jr,,,2025-04-04,1,0.2677243430837878,0.059494298463063956,0.5057015369360436,0.029747149231531978,0.08924144769459594,5.0,2.0,1.0,5.0,4.0,5.0,1.0,5.0,2.0,0,0.0,0,0.00126,18.9,14988.104678826328,18.876185999999997,0.029747149231531978,5.0,6.0,0.33838463
0022401123,1610612745,Houston,Rockets,HOU,rockets,1630256,Jae'Sean,Tate,J. Tate,jaesean-tate,,,,14:50,14.833333333333334,3,4,0.75,3,4,0.75,0,0,0.0,0,0,0,1,0,0,2,2,9,14.0,0022401123,Jae'Sean Tate,jae'sean tate,,,2025-04-04,0,0.6067415730337078,0.0,0.0,0.06741573033707865,0.0,5.0,7.0,8.0,5.0,7.0,5.0,3.0,8.0,1.0,0,1.0,0,0.0016200000000000001,51.4,31708.821714990743,51.316732,0.0,8.0,8.0,0.22290812
0022401123,1610612745,Houston,Rockets,HOU,rockets,1631466,Nate,Williams,N. Williams,nate-williams,,,,0:53,0.8833333333333333,0,0,0.0,0,0,0.0,0,0,0.0,0,0,0,0,0,0,0,0,0,0.0,0022401123,Nate Williams,nate williams,,,2025-04-04,0,0.0,0.0,0.0,0.0,0.0,9.0,7.0,8.0,8.0,7.0,5.0,8.0,9.0,,1,,1,0.0,0.0,0.0,0.0,0.0,8.0,8.0,0.0038996246
0022401123,1610612745,Houston,Rockets,HOU,rockets,1628988,Aaron,Holiday,A. Holiday,aaron-holiday,,,,0:53,0.8833333333333333,0,0,0.0,0,0,0.0,0,0,0.0,0,0,0,0,0,0,0,0,0,0.0,0022401123,Aaron Holiday,aaron holiday,,,2025-04-04,0,0.0,0.0,0.0,0.0,0.0,9.0,7.0,8.0,8.0,7.0,5.0,8.0,9.0,,1,,1,0.0,0.0,0.0,0.0,0.0,8.0,8.0,0.0038996246
0022401123,1610612745,Houston,Rockets,HOU,rockets,1642263,Reed,Sheppard,R. Sheppard,reed-sheppard,,,,0:53,0.8833333333333333,0,0,0.0,0,0,0.0,0,0,0.0,0,1,1,0,0,0,0,0,0,0.0,0022401123,Reed Sheppard,reed sheppard,,,2025-04-04,0,0.0,0.0,1.1320754716981132,0.0,0.0,9.0,7.0,7.0,8.0,7.0,5.0,8.0,9.0,0.0,0,0.0,0,0.0,0.0,0.0,0.0,0.0,8.0,8.0,0.014125221
0022401123,1610612745,Houston,Rockets,HOU,rockets,1641715,Cam,Whitmore,C. Whitmore,cam-whitmore,,,,0:52,0.8666666666666667,0,0,0.0,0,0,0.0,0,0,0.0,0,0,0,0,0,0,0,0,0,0.0,0022401123,Cam Whitmore,cam whitmore,,,2025-04-04,0,0.0,0.0,0.0,0.0,0.0,9.0,7.0,8.0,8.0,7.0,5.0,8.0,12.0,,1,,1,0.0,0.0,0.0,0.0,0.0,8.0,8.0,0.0036711222
0022401143,1610612745,Houston,Rockets,HOU,rockets,1628415,Dillon,Brooks,D. Brooks,dillon-brooks,F,,,29:24,29.4,10,13,0.769,3,4,0.75,1,2,0.5,0,3,3,2,0,0,0,1,24,9.0,0022401143,Dillon Brooks,dillon brooks,,,2025-04-06,0,0.8163265306122449,0.0,0.10204081632653061,0.06802721088435375,0.0,1.0,6.0,5.0,6.0,6.0,6.0,3.0,4.0,1.0,0,0.0,0,0.00194,16.4,8449.25296239052,16.368184,0.0,7.0,8.0,0.8614199
0022401143,1610612745,Houston,Rockets,HOU,rockets,1641708,Amen,Thompson,A. Thompson,amen-thompson,F,,,29:15,29.25,7,14,0.5,0,2,0.0,0,0,0.0,3,3,6,6,3,2,1,4,14,26.0,0022401143,Amen Thompson,amen thompson,,,2025-04-06,5,0.47863247863247865,0.10256410256410256,0.20512820512820512,0.20512820512820512,0.27350427350427353,5.0,2.0,4.0,1.0,1.0,1.0,1.0,5.0,6.0,0,0.0,0,0.002,43.2,21589.20539730135,43.113600000000005,0.17094017094017094,1.0,1.0,0.8167522
0022401143,1610612745,Houston,Rockets,HOU,rockets,1630578,Alperen,Sengun,A. Sengun,alperen-sengun,C,,,32:50,32.833333333333336,7,17,0.412,0,1,0.0,5,10,0.5,7,7,14,4,1,0,3,1,19,11.0,0022401143,Alperen Sengun,alperen sengun,,,2025-04-06,1,0.5786802030456852,0.21319796954314718,0.42639593908629436,0.12182741116751268,0.24365482233502536,3.0,1.0,1.0,3.0,5.0,6.0,2.0,3.0,4.0,0,0.0,0,0.0028799999999999997,16.2,5623.04755293301,16.153344,0.03045685279187817,6.0,2.0,0.8198631
0022401143,1610612745,Houston,Rockets,HOU,rockets,1630224,Jalen,Green,J. Green,jalen-green,G,,,33:51,33.85,9,19,0.474,3,7,0.429,0,2,0.0,0,3,3,5,2,1,3,2,21,7.0,0022401143,Jalen Green,jalen green,,,2025-04-06,3,0.620384047267356,0.0,0.08862629246676514,0.14771048744460857,0.08862629246676514,2.0,6.0,5.0,2.0,3.0,3.0,6.0,2.0,4.0,0,0.0,0,0.00262,8.1,3090.423502479969,8.078778,0.08862629246676514,3.0,7.0,0.62197226
0022401143,1610612745,Houston,Rockets,HOU,rockets,1627832,Fred,VanVleet,F. VanVleet,fred-vanvleet,G,,,35:43,35.71666666666667,1,8,0.125,1,5,0.2,0,2,0.0,0,1,1,3,3,1,2,2,3,8.0,0022401143,Fred VanVleet,fred vanvleet,,,2025-04-06,4,0.08399440037330844,0.0,0.02799813345776948,0.08399440037330844,0.11199253383107792,7.0,6.0,9.0,4.0,1.0,3.0,5.0,1.0,6.0,0,0.0,0,0.00128,11.1,8665.10538641686,11.085792,0.11199253383107792,2.0,5.0,0.021428766
0022401143,1610612745,Houston,Rockets,HOU,rockets,1631106,Tari,Eason,T. Eason,tari-eason,,,,19:48,19.8,2,7,0.286,0,3,0.0,0,0,0.0,1,2,3,3,2,1,1,1,4,-1.0,0022401143,Tari Eason,tari eason,,,2025-04-06,3,0.20202020202020202,0.050505050505050504,0.15151515151515152,0.15151515151515152,0.20202020202020202,6.0,5.0,5.0,4.0,3.0,3.0,8.0,7.0,2.0,0,0.0,0,0.00178,2.5,1403.7057832678272,2.49555,0.15151515151515152,3.0,4.0,0.03501345
0022401143,1610612745,Houston,Rockets,HOU,rockets,1631095,Jabari,Smith Jr.,J. Smith Jr.,jabari-smith-jr,,,,27:06,27.1,7,10,0.7,2,5,0.4,0,0,0.0,3,6,9,1,0,0,3,2,16,9.0,0022401143,Jabari Smith Jr.,jabari smith jr,,,2025-04-06,0,0.5904059040590406,0.11070110701107011,0.33210332103321033,0.03690036900369004,0.11070110701107011,4.0,2.0,2.0,7.0,6.0,6.0,3.0,6.0,2.0,0,0.0,0,0.00197,23.7,12024.35312024353,23.653311,0.0,7.0,6.0,0.66606903
0022401143,1610612745,Houston,Rockets,HOU,rockets,203500,Steven,Adams,S. Adams,steven-adams,,,,16:52,16.866666666666667,1,2,0.5,0,0,0.0,0,0,0.0,2,6,8,1,0,2,0,1,2,7.0,0022401143,Steven Adams,steven adams,,,2025-04-06,2,0.11857707509881422,0.11857707509881422,0.4743083003952569,0.05928853754940711,0.23715415019762845,9.0,4.0,3.0,7.0,6.0,1.0,6.0,8.0,1.0,0,0.0,0,0.00049,25.2,51323.82892057026,25.187652,0.11857707509881422,5.0,3.0,0.10344388
0022401143,1610612745,Houston,Rockets,HOU,rockets,1628988,Aaron,Holiday,A. Holiday,aaron-holiday,,,,10:42,10.7,1,2,0.5,1,2,0.5,0,0,0.0,0,2,2,1,0,0,1,1,3,-2.0,0022401143,Aaron Holiday,aaron holiday,,,2025-04-06,0,0.28037383177570097,0.0,0.1869158878504673,0.09345794392523366,0.0,7.0,6.0,8.0,7.0,6.0,6.0,9.0,9.0,1.0,0,0.0,0,0.0012,-9.5,-7910.074937552041,-9.4886,0.0,7.0,8.0,0.0084362
0022401143,1610612745,Houston,Rockets,HOU,rockets,1631466,Nate,Williams,N. Williams,nate-williams,,,,1:07,1.1166666666666667,0,0,0.0,0,0,0.0,0,0,0.0,0,0,0,0,0,0,0,0,0,-6.0,0022401143,Nate Williams,nate williams,,,2025-04-06,0,0.0,0.0,0.0,0.0,0.0,10.0,6.0,10.0,10.0,6.0,6.0,10.0,10.0,,1,,1,0.0,-200.0,-200000000.0,-200.0,0.0,7.0,8.0,0.0033688997
0022401143,1610612745,Houston,Rockets,HOU,rockets,1641715,Cam,Whitmore,C. Whitmore,cam-whitmore,,,,1:07,1.1166666666666667,0,0,0.0,0,0,0.0,0,0,0.0,0,0,0,0,0,0,1,0,0,-6.0,0022401143,Cam Whitmore,cam whitmore,,,2025-04-06,0,0.0,0.0,0.0,0.0,0.0,10.0,6.0,10.0,10.0,6.0,6.0,10.0,10.0,,1,,1,0.00333,-200.0,-60042.029420594416,-199.334,0.0,7.0,8.0,0.0029470327
0022401143,1610612745,Houston,Rockets,HOU,rockets,1642263,Reed,Sheppard,R. Sheppard,reed-sheppard,,,,1:07,1.1166666666666667,0,1,0.0,0,1,0.0,0,0,0.0,0,0,0,0,0,0,0,0,0,-6.0,0022401143,Reed Sheppard,reed sheppard,,,2025-04-06,0,0.0,0.0,0.0,0.0,0.0,10.0,6.0,10.0,10.0,6.0,6.0,10.0,10.0,,1,,1,0.00333,-200.0,-60042.029420594416,-199.334,0.0,7.0,8.0,0.002535151
0022401143,1610612745,Houston,Rockets,HOU,rockets,1630256,Jae'Sean,Tate,J. Tate,jaesean-tate,,,,1:07,1.1166666666666667,0,0,0.0,0,0,0.0,0,0,0.0,0,0,0,0,0,0,0,0,0,-6.0,0022401143,Jae'Sean Tate,jae'sean tate,,,2025-04-06,0,0.0,0.0,0.0,0.0,0.0,10.0,6.0,10.0,10.0,6.0,6.0,10.0,10.0,,1,,1,0.0,-200.0,-200000000.0,-200.0,0.0,7.0,8.0,0.0033688997
0022401166,1610612745,Houston,Rockets,HOU,rockets,1641715,Cam,Whitmore,C. Whitmore,cam-whitmore,F,,,31:51,31.85,6,12,0.5,1,4,0.25,1,2,0.5,2,3,5,2,0,0,1,1,14,-15.0,0022401166,Cam Whitmore,cam whitmore,,,2025-04-09,0,0.43956043956043955,0.06279434850863422,0.15698587127158556,0.06279434850863422,0.06279434850863422,5.0,1.0,2.0,5.0,6.0,4.0,9.0,3.0,1.0,0,0.0,0,0.002,-18.7,-9345.327336331833,-18.662599999999998,0.0,8.0,6.0,0.2354457
0022401166,1610612745,Houston,Rockets,HOU,rockets,1631106,Tari,Eason,T. Eason,tari-eason,F,,,26:49,26.816666666666666,7,12,0.583,2,4,0.5,1,2,0.5,1,4,5,2,1,1,1,2,17,-20.0,0022401166,Tari Eason,tari eason,,,2025-04-09,2,0.6339341205717838,0.037290242386575516,0.18645121193287756,0.07458048477315103,0.11187072715972654,3.0,3.0,2.0,5.0,3.0,2.0,11.0,4.0,2.0,0,0.0,0,0.00219,-34.5,-15746.23459607485,-34.424445,0.07458048477315103,1.0,4.0,0.72312486
0022401166,1610612745,Houston,Rockets,HOU,rockets,1629111,Jock,Landale,J. Landale,jock-landale,C,,,34:25,34.416666666666664,4,7,0.571,1,3,0.333,2,2,1.0,2,7,9,5,1,0,0,1,11,-5.0,0022401166,Jock Landale,jock landale,,,2025-04-09,1,0.3196125907990315,0.05811138014527845,0.26150121065375304,0.14527845036319614,0.08716707021791768,6.0,1.0,1.0,1.0,3.0,4.0,5.0,2.0,2.0,0,0.0,0,0.0010299999999999999,-7.1,-6886.517943743939,-7.092687,0.029055690072639227,5.0,5.0,0.39893484
0022401166,1610612745,Houston,Rockets,HOU,rockets,1630224,Jalen,Green,J. Green,jalen-green,G,,,15:21,15.35,2,7,0.286,1,2,0.5,0,0,0.0,0,0,0,3,0,0,4,0,5,-15.0,0022401166,Jalen Green,jalen green,,,2025-04-09,0,0.32573289902280134,0.0,0.0,0.19543973941368079,0.0,8.0,6.0,10.0,4.0,6.0,4.0,9.0,9.0,0.0,0,0.0,0,0.00306,-49.9,-16301.862136556681,-49.747306,0.0,8.0,11.0,0.0112986155
0022401166,1610612745,Houston,Rockets,HOU,rockets,1642263,Reed,Sheppard,R. Sheppard,reed-sheppard,G,,,36:48,36.8,7,14,0.5,6,10,0.6,0,0,0.0,0,5,5,4,2,0,4,2,20,-23.0,0022401166,Reed Sheppard,reed sheppard,,,2025-04-09,2,0.5434782608695653,0.0,0.13586956521739132,0.10869565217391305,0.05434782608695653,1.0,6.0,2.0,2.0,1.0,4.0,12.0,1.0,4.0,0,0.0,0,0.00209,-30.9,-14777.618364418939,-30.835418999999998,0.05434782608695653,1.0,8.0,0.76360625
0022401166,1610612745,Houston,Rockets,HOU,rockets,1628988,Aaron,Holiday,A. Holiday,aaron-holiday,,,,19:58,19.966666666666665,6,13,0.462,4,6,0.667,0,0,0.0,1,1,2,4,0,0,0,1,16,9.0,0022401166,Aaron Holiday,aaron holiday,,,2025-04-09,0,0.8013355592654424,0.05008347245409015,0.1001669449081803,0.2003338898163606,0.05008347245409015,4.0,3.0,7.0,2.0,6.0,4.0,1.0,5.0,0.0,0,0.0,0,0.0028299999999999996,19.1,6746.732603320383,19.045947,0.0,8.0,10.0,0.8669185
0022401166,1610612745,Houston,Rockets,HOU,rockets,1642368,N'Faly,Dante,N. Dante,nfaly-dante,,,,13:35,13.583333333333334,1,1,1.0,0,0,0.0,2,2,1.0,0,2,2,0,0,2,1,2,4,-12.0,0022401166,N'Faly Dante,n'faly dante,,,2025-04-09,2,0.29447852760736193,0.0,0.14723926380368096,0.0,0.14723926380368096,9.0,6.0,7.0,10.0,6.0,1.0,8.0,10.0,3.0,0,0.0,0,0.00097,-36.8,-37899.07312049433,-36.764303999999996,0.14723926380368096,1.0,1.0,0.019604016
0022401166,1610612745,Houston,Rockets,HOU,rockets,1630256,Jae'Sean,Tate,J. Tate,jaesean-tate,,,,16:52,16.866666666666667,3,5,0.6,1,3,0.333,0,0,0.0,1,3,4,1,0,0,0,2,7,6.0,0022401166,Jae'Sean Tate,jae'sean tate,,,2025-04-09,0,0.4150197628458498,0.05928853754940711,0.23715415019762845,0.05928853754940711,0.05928853754940711,7.0,3.0,5.0,8.0,6.0,4.0,2.0,7.0,0.0,0,0.0,0,0.00132,21.5,16275.548826646482,21.47162,0.0,8.0,7.0,0.19284609
0022401166,1610612745,Houston,Rockets,HOU,rockets,201145,Jeff,Green,J. Green,jeff-green,,,,18:30,18.5,7,9,0.778,4,6,0.667,1,2,0.5,0,3,3,2,1,0,1,1,19,3.0,0022401166,Jeff Green,jeff green,,,2025-04-09,1,1.027027027027027,0.0,0.16216216216216217,0.10810810810810811,0.05405405405405406,2.0,6.0,6.0,5.0,3.0,4.0,3.0,6.0,1.0,0,0.0,0,0.00256,7.9,3084.7325263568914,7.879776000000001,0.05405405405405406,5.0,9.0,0.90937066
0022401166,1610612745,Houston,Rockets,HOU,rockets,1631466,Nate,Williams,N. Williams,nate-williams,,,,16:06,16.1,2,5,0.4,0,1,0.0,0,0,0.0,0,0,0,1,2,0,1,1,4,-8.0,0022401166,Nate Williams,nate williams,,,2025-04-09,2,0.24844720496894407,0.0,0.0,0.06211180124223602,0.12422360248447203,9.0,6.0,10.0,8.0,1.0,4.0,7.0,8.0,2.0,0,0.0,0,0.0016200000000000001,-20.2,-12461.443553362122,-20.167276,0.12422360248447203,1.0,3.0,0.017885221
0022401166,1610612745,Houston,Rockets,HOU,rockets,1631223,David,Roddy,D. Roddy,david-roddy,,,,6:52,6.866666666666667,0,3,0.0,0,1,0.0,0,0,0.0,0,1,1,0,0,1,0,0,0,1.0,0022401166,David Roddy,david roddy,,,2025-04-09,1,0.0,0.0,0.14563106796116504,0.0,0.14563106796116504,11.0,6.0,9.0,10.0,6.0,2.0,4.0,11.0,0.0,0,0.0,0,0.002,-1.6,-799.6001999000499,-1.5968,0.14563106796116504,5.0,2.0,0.0121901585
0022401166,1610612745,Houston,Rockets,HOU,rockets,1629098,Jack,McVeigh,J. McVeigh,jack-mcveigh,,,,2:53,2.8833333333333333,0,0,0.0,0,0,0.0,0,0,0.0,0,0,0,0,0,0,0,1,0,-6.0,0022401166,Jack McVeigh,jack mcveigh,,,2025-04-09,0,0.0,0.0,0.0,0.0,0.0,11.0,6.0,10.0,10.0,6.0,4.0,6.0,12.0,,1,,1,0.0,-120.0,-120000000.0,-120.0,0.0,8.0,11.0,0.003666972
0022401185,1610612745,Houston,Rockets,HOU,rockets,1641715,Cam,Whitmore,C. Whitmore,cam-whitmore,F,,,37:12,37.2,13,19,0.684,7,12,0.583,1,1,1.0,1,7,8,1,1,1,4,1,34,-23.0,0022401185,Cam Whitmore,cam whitmore,,,2025-04-11,2,0.9139784946236559,0.026881720430107524,0.2150537634408602,0.026881720430107524,0.08064516129032258,1.0,2.0,1.0,6.0,3.0,1.0,7.0,2.0,4.0,0,0.0,0,0.00261,-28.8,-11030.256606664114,-28.724832,0.05376344086021505,2.0,5.0,0.78219336
0022401185,1610612745,Houston,Rockets,HOU,rockets,201145,Jeff,Green,J. Green,jeff-green,F,,,21:55,21.916666666666668,1,6,0.167,1,6,0.167,3,4,0.75,0,3,3,5,0,0,0,2,6,-11.0,0022401185,Jeff Green,jeff green,,,2025-04-11,0,0.2737642585551331,0.0,0.13688212927756654,0.22813688212927755,0.0,9.0,7.0,5.0,1.0,7.0,6.0,3.0,7.0,1.0,0,0.0,0,0.00154,-25.3,-16417.910447761195,-25.261038000000003,0.0,9.0,9.0,0.024425106
0022401185,1610612745,Houston,Rockets,HOU,rockets,1629111,Jock,Landale,J. Landale,jock-landale,C,,,24:30,24.5,3,5,0.6,1,1,1.0,1,2,0.5,1,4,5,0,2,0,2,4,8,0.0,0022401185,Jock Landale,jock landale,,,2025-04-11,2,0.32653061224489793,0.04081632653061224,0.20408163265306123,0.0,0.12244897959183673,6.0,2.0,3.0,9.0,1.0,6.0,1.0,4.0,2.0,0,0.0,0,0.0012900000000000001,0.0,0.0,0.0,0.08163265306122448,2.0,4.0,0.1928681
0022401185,1610612745,Houston,Rockets,HOU,rockets,1630224,Jalen,Green,J. Green,jalen-green,G,,,14:58,14.966666666666667,3,10,0.3,1,4,0.25,0,0,0.0,1,3,4,3,1,0,1,0,7,-9.0,0022401185,Jalen Green,jalen green,,,2025-04-11,1,0.46770601336302897,0.06681514476614699,0.26726057906458794,0.20044543429844097,0.13363028953229397,8.0,2.0,4.0,4.0,3.0,6.0,2.0,8.0,2.0,0,0.0,0,0.0028199999999999996,-26.5,-9393.831974477136,-26.425269999999998,0.06681514476614699,5.0,3.0,0.13093881
0022401185,1610612745,Houston,Rockets,HOU,rockets,1642263,Reed,Sheppard,R. Sheppard,reed-sheppard,G,,,41:08,41.13333333333333,5,14,0.357,4,8,0.5,0,0,0.0,0,3,3,5,2,1,3,3,14,-27.0,0022401185,Reed Sheppard,reed sheppard,,,2025-04-11,3,0.34035656401944897,0.0,0.07293354943273907,0.12155591572123177,0.07293354943273907,2.0,7.0,5.0,1.0,1.0,1.0,10.0,1.0,7.0,0,0.0,0,0.0017699999999999999,-28.6,-16149.06832298137,-28.549378,0.07293354943273907,1.0,7.0,0.58177155
0022401185,1610612745,Houston,Rockets,HOU,rockets,1631466,Nate,Williams,N. Williams,nate-williams,,,,26:23,26.383333333333333,5,12,0.417,1,6,0.167,1,2,0.5,1,1,2,1,1,0,4,2,12,-24.0,0022401185,Nate Williams,nate williams,,,2025-04-11,1,0.45483259633607076,0.03790271636133923,0.07580543272267846,0.03790271636133923,0.07580543272267846,3.0,2.0,8.0,6.0,3.0,6.0,9.0,3.0,1.0,0,0.0,0,0.0025,-38.4,-15353.858456617352,-38.304,0.03790271636133923,5.0,6.0,0.3391539
0022401185,1610612745,Houston,Rockets,HOU,rockets,1631223,David,Roddy,D. Roddy,david-roddy,,,,23:51,23.85,3,8,0.375,1,6,0.167,2,2,1.0,0,3,3,2,0,0,1,1,9,-23.0,0022401185,David Roddy,david roddy,,,2025-04-11,0,0.3773584905660377,0.0,0.12578616352201258,0.08385744234800838,0.0,5.0,7.0,5.0,5.0,7.0,6.0,7.0,5.0,0.0,0,0.0,0,0.00167,-45.9,-27468.581687612208,-45.823347,0.0,9.0,9.0,0.039102133
0022401185,1610612745,Houston,Rockets,HOU,rockets,1642368,N'Faly,Dante,N. Dante,nfaly-dante,,,,14:21,14.35,4,5,0.8,0,0,0.0,0,0,0.0,2,4,6,1,1,1,0,2,8,-11.0,0022401185,N'Faly Dante,n'faly dante,,,2025-04-11,2,0.5574912891986062,0.13937282229965156,0.4181184668989547,0.06968641114982578,0.2787456445993031,6.0,1.0,2.0,6.0,3.0,1.0,3.0,9.0,1.0,0,0.0,0,0.00135,-38.6,-28571.428571428572,-38.54789,0.13937282229965156,2.0,1.0,0.6422443
0022401185,1610612745,Houston,Rockets,HOU,rockets,1628988,Aaron,Holiday,A. Holiday,aaron-holiday,,,,23:42,23.7,4,7,0.571,2,5,0.4,1,1,1.0,0,2,2,4,0,1,2,1,11,-16.0,0022401185,Aaron Holiday,aaron holiday,,,2025-04-11,1,0.4641350210970464,0.0,0.08438818565400844,0.16877637130801687,0.04219409282700422,4.0,7.0,8.0,3.0,7.0,1.0,6.0,6.0,1.0,0,0.0,0,0.00155,-34.1,-21985.815602836883,-34.047145,0.04219409282700422,5.0,8.0,0.43099406
0022401185,1610612745,Houston,Rockets,HOU,rockets,1629098,Jack,McVeigh,J. McVeigh,jack-mcveigh,,,,12:00,12.0,0,4,0.0,0,3,0.0,0,0,0.0,1,0,1,0,0,1,1,1,0,-11.0,0022401185,Jack McVeigh,jack mcveigh,,,2025-04-11,1,0.0,0.08333333333333333,0.08333333333333333,0.0,0.16666666666666666,10.0,2.0,10.0,9.0,7.0,1.0,3.0,10.0,0.0,0,0.0,0,0.002,-40.3,-20139.930034982506,-40.2194,0.08333333333333333,5.0,2.0,0.010106183
0022401193,1610612745,Houston,Rockets,HOU,rockets,1628415,Dillon,Brooks,D. Brooks,dillon-brooks,F,,,22:12,22.2,3,9,0.333,2,6,0.333,0,0,0.0,0,1,1,1,0,0,0,2,8,-17.0,0022401193,Dillon Brooks,dillon brooks,,,2025-04-13,0,0.3603603603603604,0.0,0.04504504504504505,0.04504504504504505,0.0,6.0,9.0,11.0,9.0,6.0,5.0,11.0,4.0,1.0,0,0.0,0,0.0017599999999999998,-35.6,-20215.786484951735,-35.537344000000004,0.0,7.0,11.0,0.036082897
0022401193,1610612745,Houston,Rockets,HOU,rockets,1641708,Amen,Thompson,A. Thompson,amen-thompson,F,,,26:13,26.216666666666665,6,9,0.667,0,1,0.0,3,4,0.75,2,4,6,6,1,1,1,3,15,-15.0,0022401193,Amen Thompson,amen thompson,,,2025-04-13,2,0.5721551176096631,0.07628734901462175,0.22886204704386523,0.22886204704386523,0.1525746980292435,1.0,3.0,2.0,2.0,1.0,1.0,10.0,2.0,4.0,0,0.0,0,0.00194,-27.3,-14064.914992272024,-27.247038,0.07628734901462175,1.0,3.0,0.8765308
0022401193,1610612745,Houston,Rockets,HOU,rockets,1630578,Alperen,Sengun,A. Sengun,alperen-sengun,C,,,23:34,23.566666666666666,7,14,0.5,0,0,0.0,0,0,0.0,2,3,5,4,0,1,0,1,14,-8.0,0022401193,Alperen Sengun,alperen sengun,,,2025-04-13,1,0.594059405940594,0.08486562942008487,0.21216407355021216,0.16973125884016974,0.1272984441301273,3.0,3.0,4.0,3.0,6.0,1.0,8.0,3.0,2.0,0,0.0,0,0.00246,-16.7,-6785.859406745225,-16.658918,0.042432814710042434,4.0,4.0,0.7332722
0022401193,1610612745,Houston,Rockets,HOU,rockets,1630224,Jalen,Green,J. Green,jalen-green,G,,,20:39,20.65,0,7,0.0,0,1,0.0,2,2,1.0,0,2,2,2,0,0,1,1,2,-17.0,0022401193,Jalen Green,jalen green,,,2025-04-13,0,0.09685230024213076,0.0,0.09685230024213076,0.09685230024213076,0.0,13.0,9.0,9.0,6.0,6.0,5.0,11.0,5.0,0.0,0,0.0,0,0.0018,-41.8,-23209.328151027206,-41.724759999999996,0.0,7.0,11.0,0.004360173
0022401193,1610612745,Houston,Rockets,HOU,rockets,1627832,Fred,VanVleet,F. VanVleet,fred-vanvleet,G,,,27:14,27.233333333333334,5,13,0.385,3,8,0.375,2,3,0.667,0,0,0,3,1,0,3,2,15,-20.0,0022401193,Fred VanVleet,fred vanvleet,,,2025-04-13,1,0.5507955936352509,0.0,0.0,0.11015911872705018,0.03671970624235006,1.0,9.0,14.0,4.0,1.0,5.0,13.0,1.0,2.0,0,0.0,0,0.00266,-32.1,-12063.13416009019,-32.014614,0.03671970624235006,4.0,10.0,0.66030186
0022401193,1610612745,Houston,Rockets,HOU,rockets,203500,Steven,Adams,S. Adams,steven-adams,,,,17:13,17.216666666666665,2,4,0.5,0,0,0.0,0,0,0.0,2,4,6,1,0,0,1,2,4,-23.0,0022401193,Steven Adams,steven adams,,,2025-04-13,0,0.23233301064859635,0.11616650532429817,0.3484995159728945,0.05808325266214909,0.11616650532429817,11.0,3.0,2.0,9.0,6.0,5.0,15.0,7.0,2.0,0,0.0,0,0.00111,-63.9,-57515.75157515751,-63.82907099999999,0.0,7.0,5.0,0.02393079
0022401193,1610612745,Houston,Rockets,HOU,rockets,1631106,Tari,Eason,T. Eason,tari-eason,,,,17:56,17.933333333333334,4,11,0.364,0,2,0.0,0,1,0.0,4,3,7,3,1,1,1,1,8,-21.0,0022401193,Tari Eason,tari eason,,,2025-04-13,2,0.44609665427509293,0.22304832713754646,0.3903345724907063,0.16728624535315986,0.3345724907063197,6.0,1.0,1.0,4.0,1.0,1.0,14.0,6.0,1.0,0,0.0,0,0.00255,-56.8,-22265.778126225006,-56.655159999999995,0.11152416356877323,1.0,1.0,0.4234688
0022401193,1610612745,Houston,Rockets,HOU,rockets,201145,Jeff,Green,J. Green,jeff-green,,,,11:31,11.516666666666667,2,6,0.333,1,5,0.2,0,0,0.0,1,2,3,0,0,0,0,1,5,-14.0,0022401193,Jeff Green,jeff green,,,2025-04-13,0,0.4341534008683068,0.08683068017366136,0.26049204052098407,0.0,0.08683068017366136,10.0,6.0,7.0,12.0,6.0,5.0,9.0,11.0,0.0,0,0.0,0,0.002,-58.3,-29135.432283858067,-58.1834,0.0,7.0,9.0,0.018825475
0022401193,1610612745,Houston,Rockets,HOU,rockets,1641715,Cam,Whitmore,C. Whitmore,cam-whitmore,,,,17:13,17.216666666666665,3,6,0.5,2,2,1.0,2,2,1.0,1,1,2,1,1,0,2,1,10,9.0,0022401193,Cam Whitmore,cam whitmore,,,2025-04-13,1,0.5808325266214909,0.05808325266214909,0.11616650532429817,0.05808325266214909,0.11616650532429817,5.0,6.0,9.0,9.0,1.0,5.0,4.0,7.0,0.0,0,0.0,0,0.00209,28.8,13773.314203730273,28.739808,0.05808325266214909,4.0,5.0,0.18139262
0022401193,1610612745,Houston,Rockets,HOU,rockets,1642263,Reed,Sheppard,R. Sheppard,reed-sheppard,,,,17:13,17.216666666666665,0,4,0.0,0,2,0.0,0,0,0.0,0,1,1,7,1,1,1,4,0,9.0,0022401193,Reed Sheppard,reed sheppard,,,2025-04-13,2,0.0,0.0,0.05808325266214909,0.4065827686350436,0.11616650532429817,15.0,9.0,11.0,1.0,1.0,1.0,4.0,7.0,3.0,0,0.0,0,0.00116,28.8,24806.2015503876,28.766592,0.11616650532429817,1.0,5.0,0.01494279
0022401193,1610612745,Houston,Rockets,HOU,rockets,1629111,Jock,Landale,J. Landale,jock-landale,,,,9:23,9.383333333333333,5,5,1.0,1,1,1.0,0,0,0.0,1,2,3,0,0,0,0,0,11,3.0,0022401193,Jock Landale,jock landale,,,2025-04-13,0,1.1722912966252221,0.10657193605683837,0.3197158081705151,0.0,0.10657193605683837,4.0,6.0,7.0,12.0,6.0,5.0,6.0,12.0,0.0,0,0.0,0,0.00227,20.7,9114.927344782034,20.653011,0.0,7.0,8.0,0.68678206
0022401193,1610612745,Houston,Rockets,HOU,rockets,1628988,Aaron,Holiday,A. Holiday,aaron-holiday,,,,9:23,9.383333333333333,2,4,0.5,2,4,0.5,0,0,0.0,0,0,0,2,0,0,0,2,6,3.0,0022401193,Aaron Holiday,aaron holiday,,,2025-04-13,0,0.6394316163410302,0.0,0.0,0.21314387211367675,0.0,9.0,9.0,14.0,6.0,6.0,5.0,6.0,12.0,1.0,0,0.0,0,0.00182,20.7,11367.380560131796,20.662325999999997,0.0,7.0,11.0,0.04424064
0022401193,1610612745,Houston,Rockets,HOU,rockets,1631466,Nate,Williams,N. Williams,nate-williams,,,,12:00,12.0,3,5,0.6,1,2,0.5,0,0,0.0,3,1,4,2,0,0,0,3,7,16.0,0022401193,Nate Williams,nate williams,,,2025-04-13,0,0.5833333333333334,0.25,0.3333333333333333,0.16666666666666666,0.25,8.0,2.0,5.0,6.0,6.0,5.0,1.0,10.0,0.0,0,0.0,0,0.00167,67.7,40514.661879114305,67.58694100000001,0.0,7.0,2.0,0.333351
0022401193,1610612745,Houston,Rockets,HOU,rockets,1642368,N'Faly,Dante,N. Dante,nfaly-dante,,,,4:08,4.133333333333334,1,1,1.0,0,0,0.0,0,0,0.0,0,4,4,0,0,0,0,1,2,10.0,0022401193,N'Faly Dante,n'faly dante,,,2025-04-13,0,0.48387096774193544,0.0,0.9677419354838709,0.0,0.0,13.0,9.0,5.0,12.0,6.0,5.0,2.0,14.0,0.0,0,0.0,0,0.00091,131.9,144785.94950603732,131.77997100000002,0.0,7.0,11.0,0.042982094
0022401193,1610612745,Houston,Rockets,HOU,rockets,1631223,David,Roddy,D. Roddy,david-roddy,,,,4:08,4.133333333333334,2,2,1.0,0,0,0.0,0,2,0.0,0,1,1,0,0,0,0,0,4,10.0,0022401193,David Roddy,david roddy,,,2025-04-13,0,0.9677419354838709,0.0,0.24193548387096772,0.0,0.0,11.0,9.0,11.0,12.0,6.0,5.0,2.0,14.0,1.0,0,0.0,0,0.0027300000000000002,131.9,48297.326986451844,131.539913,0.0,7.0,11.0,0.0824378
