gameId,teamId,teamCity,teamName,teamTricode,teamSlug,personId,firstName,familyName,nameI,playerSlug,position,comment,jerseyNum,minutes,minutes_decimal,fieldGoalsMade,fieldGoalsAttempted,fieldGoalsPercentage,threePointersMade,threePointersAttempted,threePointersPercentage,freeThrowsMade,freeThrowsAttempted,freeThrowsPercentage,reboundsOffensive,reboundsDefensive,reboundsTotal,assists,steals,blocks,turnovers,foulsPersonal,points,plusMinusPoints,GAME_ID,player_name,player_name_key,y,winner_names,game_date,stocks,points_per_min,oreb_per_min,reb_per_min,ast_per_min,hustle_proxy,points_rank,reboundsOffensive_rank,reboundsTotal_rank,assists_rank,steals_rank,blocks_rank,plusMinusPoints_rank,minutes_decimal_rank,deflections,deflections_missing,charges_drawn,charges_drawn_missing,usage_rate,net_rating,impact_efficiency,role_outperformance,stocks_per_min,stocks_rank,hustle_proxy_rank,pred_prob
0022500002,1610612747,Los Angeles,Lakers,LAL,lakers,1630559,Austin,Reaves,A. Reaves,austin-reaves,F,,,36:20,36.333333333333336,9,16,0.563,1,5,0.2,7,10,0.7,1,4,5,9,2,0,5,5,26,-14.0,0022500002,Austin Reaves,austin reaves,,,2025-10-21,2,0.7155963302752293,0.027522935779816512,0.13761467889908255,0.2477064220183486,0.08256880733944953,2.0,4.0,4.0,1.0,1.0,3.0,9.0,2.0,2.0,0,1.0,0,0.00301,-17.1,-5679.176353370973,-17.048529000000002,0.055045871559633024,2.0,5.0,0.87139404
0022500002,1610612747,Los Angeles,Lakers,LAL,lakers,1629060,Rui,Hachimura,R. Hachimura,rui-hachimura,F,,,35:25,35.416666666666664,3,6,0.5,3,6,0.5,0,0,0.0,0,4,4,3,0,0,1,2,9,-6.0,0022500002,Rui Hachimura,rui hachimura,,,2025-10-21,0,0.25411764705882356,0.0,0.11294117647058824,0.08470588235294119,0.0,4.0,5.0,5.0,3.0,6.0,3.0,6.0,3.0,1.0,0,0.0,0,0.00086,-9.5,-11033.681765389083,-9.49183,0.0,7.0,9.0,0.050944325
0022500002,1610612747,Los Angeles,Lakers,LAL,lakers,1629028,Deandre,Ayton,D. Ayton,deandre-ayton,C,,,33:53,33.88333333333333,5,7,0.714,0,0,0.0,0,2,0.0,2,4,6,0,0,1,4,3,10,-4.0,0022500002,Deandre Ayton,deandre ayton,,,2025-10-21,1,0.2951303492375799,0.05902606984751599,0.17707820954254797,0.0,0.08853910477127398,3.0,1.0,2.0,6.0,6.0,1.0,2.0,4.0,2.0,0,0.0,0,0.00154,-7.0,-4542.504866969501,-6.98922,0.029513034923757994,3.0,3.0,0.46034124
0022500002,1610612747,Los Angeles,Lakers,LAL,lakers,1629216,Gabe,Vincent,G. Vincent,gabe-vincent,G,,,28:44,28.733333333333334,1,4,0.25,1,4,0.25,0,0,0.0,0,0,0,1,1,0,0,3,3,-5.0,0022500002,Gabe Vincent,gabe vincent,,,2025-10-21,1,0.10440835266821345,0.0,0.0,0.03480278422273782,0.03480278422273782,8.0,5.0,8.0,4.0,3.0,3.0,4.0,5.0,3.0,0,0.0,0,0.00061,-12.0,-19639.934533551554,-11.99268,0.03480278422273782,3.0,8.0,0.011514688
0022500002,1610612747,Los Angeles,Lakers,LAL,lakers,1629029,Luka,Dončić,L. Dončić,luka-dončić,G,,,40:59,40.983333333333334,17,27,0.63,2,10,0.2,7,10,0.7,0,12,12,9,2,1,3,1,43,-8.0,0022500002,Luka Dončić,luka dončić,,,2025-10-21,3,1.049206994713298,0.0,0.2928019520130134,0.21960146400976005,0.07320048800325335,1.0,5.0,1.0,1.0,1.0,1.0,8.0,1.0,4.0,0,1.0,0,0.0034699999999999996,-10.4,-2996.2546816479403,-10.363912000000001,0.07320048800325335,1.0,6.0,0.9001655
0022500002,1610612747,Los Angeles,Lakers,LAL,lakers,203935,Marcus,Smart,M. Smart,marcus-smart,,,,22:46,22.766666666666666,3,6,0.5,0,3,0.0,3,4,0.75,0,0,0,0,1,0,3,4,9,2.0,0022500002,Marcus Smart,marcus smart,,,2025-10-21,1,0.3953147877013177,0.0,0.0,0.0,0.043923865300146414,4.0,5.0,8.0,6.0,3.0,3.0,1.0,6.0,1.0,0,0.0,0,0.0018599999999999999,0.1,53.734551316496514,0.09981400000000001,0.043923865300146414,3.0,7.0,0.11669995
0022500002,1610612747,Los Angeles,Lakers,LAL,lakers,1631222,Jake,LaRavia,J. LaRavia,jake-laravia,,,,15:50,15.833333333333334,2,4,0.5,1,2,0.5,0,2,0.0,2,1,3,0,0,0,0,1,5,-5.0,0022500002,Jake LaRavia,jake laravia,,,2025-10-21,0,0.3157894736842105,0.12631578947368421,0.18947368421052632,0.0,0.12631578947368421,6.0,1.0,6.0,6.0,6.0,3.0,4.0,7.0,1.0,0,0.0,0,0.00122,-18.5,-15151.515151515154,-18.47743,0.0,7.0,2.0,0.05331124
0022500002,1610612747,Los Angeles,Lakers,LAL,lakers,1629637,Jaxson,Hayes,J. Hayes,jaxson-hayes,,,,14:07,14.116666666666667,2,3,0.667,0,0,0.0,0,0,0.0,2,4,6,1,0,0,1,2,4,-6.0,0022500002,Jaxson Hayes,jaxson hayes,,,2025-10-21,0,0.28335301062573787,0.14167650531286893,0.42502951593860683,0.07083825265643447,0.14167650531286893,7.0,1.0,2.0,4.0,6.0,3.0,6.0,8.0,0.0,0,0.0,0,0.00111,-25.0,-22502.2502250225,-24.97225,0.0,7.0,1.0,0.05459993
0022500002,1610612747,Los Angeles,Lakers,LAL,lakers,1629020,Jarred,Vanderbilt,J. Vanderbilt,jarred-vanderbilt,,,,11:56,11.933333333333334,0,4,0.0,0,2,0.0,0,0,0.0,0,3,3,0,1,0,2,0,0,-4.0,0022500002,Jarred Vanderbilt,jarred vanderbilt,,,2025-10-21,1,0.0,0.0,0.25139664804469275,0.0,0.08379888268156424,9.0,5.0,6.0,6.0,3.0,3.0,2.0,9.0,1.0,0,0.0,0,0.00194,-16.0,-8243.17362184441,-15.96896,0.08379888268156424,3.0,4.0,0.009176951
0022500019,1610612747,Los Angeles,Lakers,LAL,lakers,1630559,Austin,Reaves,A. Reaves,austin-reaves,F,,,36:35,36.583333333333336,9,15,0.6,2,5,0.4,5,5,1.0,0,7,7,11,0,0,1,1,25,17.0,0022500019,Austin Reaves,austin reaves,,,2025-10-24,0,0.683371298405467,0.0,0.19134396355353073,0.30068337129840544,0.0,2.0,6.0,3.0,1.0,5.0,3.0,3.0,1.0,1.0,0,1.0,0,0.0022500000000000003,26.8,11905.819635717457,26.739700000000003,0.0,6.0,8.0,0.8129303
0022500019,1610612747,Los Angeles,Lakers,LAL,lakers,1629060,Rui,Hachimura,R. Hachimura,rui-hachimura,F,,,31:51,31.85,10,13,0.769,2,4,0.5,1,2,0.5,1,1,2,0,0,0,0,1,23,11.0,0022500019,Rui Hachimura,rui hachimura,,,2025-10-24,0,0.7221350078492935,0.03139717425431711,0.06279434850863422,0.0,0.03139717425431711,3.0,2.0,5.0,6.0,5.0,3.0,6.0,3.0,1.0,0,0.0,0,0.00188,19.1,10154.173312068051,19.064092000000002,0.0,6.0,6.0,0.8300918
0022500019,1610612747,Los Angeles,Lakers,LAL,lakers,1629028,Deandre,Ayton,D. Ayton,deandre-ayton,C,,,30:52,30.866666666666667,7,11,0.636,0,0,0.0,1,2,0.5,3,5,8,0,0,1,2,3,15,9.0,0022500019,Deandre Ayton,deandre ayton,,,2025-10-24,1,0.48596112311015116,0.09719222462203024,0.25917926565874727,0.0,0.12958963282937364,4.0,1.0,2.0,6.0,5.0,2.0,7.0,4.0,1.0,0,0.0,0,0.00191,12.8,6698.063840920984,12.775552000000001,0.03239740820734341,3.0,2.0,0.46375433
0022500019,1610612747,Los Angeles,Lakers,LAL,lakers,1629216,Gabe,Vincent,G. Vincent,gabe-vincent,G,,,24:06,24.1,2,5,0.4,1,3,0.333,0,0,0.0,1,1,2,5,1,0,0,3,5,-1.0,0022500019,Gabe Vincent,gabe vincent,,,2025-10-24,1,0.20746887966804978,0.04149377593360996,0.08298755186721991,0.20746887966804978,0.08298755186721991,6.0,2.0,5.0,3.0,3.0,3.0,8.0,6.0,1.0,0,0.0,0,0.00094,-2.1,-2231.668437832094,-2.098026,0.04149377593360996,3.0,4.0,0.07501202
0022500019,1610612747,Los Angeles,Lakers,LAL,lakers,1629029,Luka,Dončić,L. Dončić,luka-dončić,G,,,34:55,34.916666666666664,14,23,0.609,5,12,0.417,16,19,0.842,1,10,11,8,0,0,3,4,49,18.0,0022500019,Luka Dončić,luka dončić,,,2025-10-24,0,1.4033412887828163,0.028639618138424822,0.3150357995226731,0.22911694510739858,0.028639618138424822,1.0,2.0,1.0,2.0,5.0,3.0,2.0,2.0,2.0,0,0.0,0,0.00466,30.3,6500.7509118214975,30.158802,0.0,6.0,7.0,0.7557132
0022500019,1610612747,Los Angeles,Lakers,LAL,lakers,1631222,Jake,LaRavia,J. LaRavia,jake-laravia,,,,27:42,27.7,2,3,0.667,1,2,0.5,1,2,0.5,0,0,0,1,1,0,1,2,6,14.0,0022500019,Jake LaRavia,jake laravia,,,2025-10-24,1,0.21660649819494585,0.0,0.0,0.036101083032490974,0.036101083032490974,5.0,6.0,8.0,4.0,3.0,3.0,4.0,5.0,4.0,0,0.0,0,0.0008799999999999999,31.9,36208.853575482404,31.871928,0.036101083032490974,3.0,5.0,0.048663456
0022500019,1610612747,Los Angeles,Lakers,LAL,lakers,203935,Marcus,Smart,M. Smart,marcus-smart,,,,20:40,20.666666666666668,1,2,0.5,1,1,1.0,0,0,0.0,0,0,0,1,2,0,2,1,3,24.0,0022500019,Marcus Smart,marcus smart,,,2025-10-24,2,0.14516129032258063,0.0,0.0,0.04838709677419355,0.0967741935483871,7.0,6.0,8.0,4.0,1.0,3.0,1.0,7.0,4.0,0,0.0,0,0.00089,57.1,64085.297418630755,57.049181000000004,0.0967741935483871,2.0,3.0,0.074909054
0022500019,1610612747,Los Angeles,Lakers,LAL,lakers,1642261,Dalton,Knecht,D. Knecht,dalton-knecht,,,,7:28,7.466666666666667,0,1,0.0,0,1,0.0,0,0,0.0,0,1,1,0,0,0,0,1,0,-3.0,0022500019,Dalton Knecht,dalton knecht,,,2025-10-24,0,0.0,0.0,0.13392857142857142,0.0,0.0,9.0,6.0,7.0,6.0,5.0,3.0,9.0,9.0,0.0,0,0.0,0,0.0005899999999999999,-29.0,-49069.373942470396,-28.98289,0.0,6.0,8.0,0.0034768393
0022500019,1610612747,Los Angeles,Lakers,LAL,lakers,1629020,Jarred,Vanderbilt,J. Vanderbilt,jarred-vanderbilt,,,,19:36,19.6,0,2,0.0,0,1,0.0,2,2,1.0,1,6,7,0,2,2,1,2,2,12.0,0022500019,Jarred Vanderbilt,jarred vanderbilt,,,2025-10-24,4,0.1020408163265306,0.0510204081632653,0.3571428571428571,0.0,0.25510204081632654,8.0,2.0,3.0,6.0,1.0,1.0,5.0,8.0,2.0,0,0.0,0,0.0009299999999999999,30.0,32223.4156820623,29.9721,0.2040816326530612,1.0,1.0,0.0623521
0022500019,1610612747,Los Angeles,Lakers,LAL,lakers,1642355,Bronny,James,B. James,bronny-james,,,,3:14,3.2333333333333334,0,1,0.0,0,0,0.0,0,0,0.0,0,0,0,0,0,0,0,1,0,-5.0,0022500019,Bronny James,bronny james,,,2025-10-24,0,0.0,0.0,0.0,0.0,0.0,9.0,6.0,8.0,6.0,5.0,3.0,10.0,10.0,0.0,0,0.0,0,0.00167,-83.3,-49850.388988629566,-83.160889,0.0,6.0,8.0,0.0022070569
0022500019,1610612747,Los Angeles,Lakers,LAL,lakers,1631132,Christian,Koloko,C. Koloko,christian-koloko,,,,3:01,3.0166666666666666,0,0,0.0,0,0,0.0,0,0,0.0,0,0,0,0,0,0,0,1,0,-6.0,0022500019,Christian Koloko,christian koloko,,,2025-10-24,0,0.0,0.0,0.0,0.0,0.0,9.0,6.0,8.0,6.0,5.0,3.0,11.0,11.0,1.0,0,0.0,0,0.0,-96.7,-96700000.0,-96.7,0.0,6.0,8.0,0.0026013213
0022500113,1610612747,Los Angeles,Lakers,LAL,lakers,203935,Marcus,Smart,M. Smart,marcus-smart,F,,,30:48,30.8,3,8,0.375,0,3,0.0,5,6,0.833,1,2,3,5,0,0,1,1,11,7.0,0022500113,Marcus Smart,marcus smart,,,2025-10-26,0,0.35714285714285715,0.032467532467532464,0.09740259740259741,0.16233766233766234,0.032467532467532464,4.0,3.0,5.0,2.0,7.0,4.0,3.0,5.0,2.0,0,0.0,0,0.00154,8.2,5321.219987021414,8.187372,0.0,9.0,9.0,0.13921876
0022500113,1610612747,Los Angeles,Lakers,LAL,lakers,1629060,Rui,Hachimura,R. Hachimura,rui-hachimura,F,,,40:14,40.233333333333334,7,10,0.7,0,1,0.0,4,4,1.0,0,3,3,2,2,0,2,3,18,5.0,0022500113,Rui Hachimura,rui hachimura,,,2025-10-26,2,0.44739022369511183,0.0,0.07456503728251863,0.04971002485501243,0.04971002485501243,3.0,6.0,5.0,4.0,1.0,4.0,4.0,1.0,6.0,0,0.0,0,0.0014000000000000002,5.5,3925.767309064953,5.4923,0.04971002485501243,1.0,8.0,0.70653534
0022500113,1610612747,Los Angeles,Lakers,LAL,lakers,1629028,Deandre,Ayton,D. Ayton,deandre-ayton,C,,,35:57,35.95,10,17,0.588,0,0,0.0,2,4,0.5,5,10,15,2,1,1,3,4,22,-6.0,0022500113,Deandre Ayton,deandre ayton,,,2025-10-26,2,0.6119610570236439,0.13908205841446453,0.4172461752433936,0.05563282336578581,0.19471488178025034,2.0,1.0,1.0,4.0,4.0,1.0,8.0,3.0,2.0,0,0.0,0,0.00242,-4.7,-1941.3465510119786,-4.688626,0.05563282336578581,1.0,2.0,0.80873024
0022500113,1610612747,Los Angeles,Lakers,LAL,lakers,1630559,Austin,Reaves,A. Reaves,austin-reaves,G,,,39:04,39.06666666666667,12,22,0.545,6,10,0.6,21,22,0.955,1,10,11,9,2,0,2,1,51,22.0,0022500113,Austin Reaves,austin reaves,,,2025-10-26,2,1.3054607508532423,0.025597269624573378,0.28156996587030714,0.2303754266211604,0.07679180887372013,1.0,3.0,2.0,1.0,1.0,4.0,1.0,2.0,3.0,0,1.0,0,0.0034300000000000003,25.0,7286.505392013989,24.91425,0.051194539249146756,1.0,6.0,0.8635825
0022500113,1610612747,Los Angeles,Lakers,LAL,lakers,1629216,Gabe,Vincent,G. Vincent,gabe-vincent,G,,,18:53,18.883333333333333,0,4,0.0,0,3,0.0,3,3,1.0,0,1,1,1,1,0,2,1,3,5.0,0022500113,Gabe Vincent,gabe vincent,,,2025-10-26,1,0.1588702559576346,0.0,0.0529567519858782,0.0529567519858782,0.0529567519858782,7.0,6.0,8.0,7.0,4.0,4.0,4.0,7.0,2.0,0,0.0,0,0.00149,6.6,4426.5593561368205,6.590166,0.0529567519858782,5.0,7.0,0.011522392
0022500113,1610612747,Los Angeles,Lakers,LAL,lakers,1629020,Jarred,Vanderbilt,J. Vanderbilt,jarred-vanderbilt,,,,26:52,26.866666666666667,3,5,0.6,0,0,0.0,3,4,0.75,1,4,5,2,2,0,3,3,9,15.0,0022500113,Jarred Vanderbilt,jarred vanderbilt,,,2025-10-26,2,0.3349875930521092,0.03722084367245657,0.18610421836228289,0.07444168734491315,0.11166253101736973,6.0,3.0,4.0,4.0,1.0,4.0,2.0,6.0,3.0,0,0.0,0,0.00145,26.7,18401.10268780152,26.661285,0.07444168734491315,1.0,3.0,0.2556301
0022500113,1610612747,Los Angeles,Lakers,LAL,lakers,1631222,Jake,LaRavia,J. LaRavia,jake-laravia,,,,32:33,32.55,3,10,0.3,2,5,0.4,3,3,1.0,2,4,6,5,1,0,2,3,11,-5.0,0022500113,Jake LaRavia,jake laravia,,,2025-10-26,1,0.3379416282642089,0.061443932411674354,0.18433179723502305,0.15360983102918588,0.09216589861751152,4.0,2.0,3.0,2.0,4.0,4.0,7.0,4.0,4.0,0,0.0,0,0.00157,-2.1,-1336.7281985996183,-2.096703,0.030721966205837177,5.0,4.0,0.20128399
0022500113,1610612747,Los Angeles,Lakers,LAL,lakers,1642261,Dalton,Knecht,D. Knecht,dalton-knecht,,,,12:41,12.683333333333334,1,3,0.333,0,2,0.0,0,0,0.0,0,2,2,0,0,1,2,1,2,-7.0,0022500113,Dalton Knecht,dalton knecht,,,2025-10-26,1,0.15768725361366623,0.0,0.15768725361366623,0.0,0.07884362680683311,8.0,6.0,7.0,8.0,7.0,1.0,9.0,8.0,0.0,0,0.0,0,0.00161,-27.5,-17070.14276846679,-27.455725,0.07884362680683311,5.0,5.0,0.008190962
0022500113,1610612747,Los Angeles,Lakers,LAL,lakers,1643024,Chris,Mañon,C. Mañon,chris-mañon,,,,2:59,2.9833333333333334,0,1,0.0,0,1,0.0,0,0,0.0,0,1,1,0,0,1,0,0,0,-1.0,0022500113,Chris Mañon,chris mañon,,,2025-10-26,1,0.0,0.0,0.33519553072625696,0.0,0.33519553072625696,9.0,6.0,8.0,8.0,7.0,1.0,6.0,9.0,1.0,0,0.0,0,0.00111,-16.7,-15031.503150315031,-16.681462999999997,0.33519553072625696,5.0,1.0,0.007191285
0022500122,1610612747,Los Angeles,Lakers,LAL,lakers,1629020,Jarred,Vanderbilt,J. Vanderbilt,jarred-vanderbilt,F,,,28:02,28.033333333333335,6,11,0.545,0,1,0.0,2,2,1.0,4,4,8,3,3,0,1,1,14,-6.0,0022500122,Jarred Vanderbilt,jarred vanderbilt,,,2025-10-27,3,0.4994054696789536,0.1426872770511296,0.2853745541022592,0.1070154577883472,0.2497027348394768,5.0,2.0,1.0,3.0,1.0,6.0,5.0,5.0,4.0,0,0.0,0,0.00167,-13.2,-7899.461400359066,-13.177956,0.1070154577883472,1.0,1.0,0.6597337
0022500122,1610612747,Los Angeles,Lakers,LAL,lakers,1629060,Rui,Hachimura,R. Hachimura,rui-hachimura,F,,,36:25,36.416666666666664,6,12,0.5,2,5,0.4,2,4,0.5,1,5,6,1,0,1,3,2,16,-8.0,0022500122,Rui Hachimura,rui hachimura,,,2025-10-27,1,0.4393592677345538,0.027459954233409613,0.16475972540045766,0.027459954233409613,0.054919908466819226,2.0,3.0,3.0,7.0,6.0,1.0,7.0,2.0,2.0,0,0.0,0,0.00172,-12.0,-6972.690296339338,-11.97936,0.027459954233409613,6.0,6.0,0.5654856
0022500122,1610612747,Los Angeles,Lakers,LAL,lakers,1629028,Deandre,Ayton,D. Ayton,deandre-ayton,C,,,35:33,35.55,8,15,0.533,0,0,0.0,0,0,0.0,5,3,8,2,2,1,3,4,16,-10.0,0022500122,Deandre Ayton,deandre ayton,,,2025-10-27,3,0.45007032348804504,0.1406469760900141,0.22503516174402252,0.05625879043600563,0.22503516174402252,2.0,1.0,1.0,6.0,3.0,1.0,8.0,3.0,3.0,0,0.0,0,0.0020499999999999997,-12.8,-6240.858117991224,-12.773760000000001,0.08438818565400845,1.0,2.0,0.6727868
0022500122,1610612747,Los Angeles,Lakers,LAL,lakers,1631222,Jake,LaRavia,J. LaRavia,jake-laravia,G,,,29:05,29.083333333333332,1,6,0.167,0,3,0.0,1,2,0.5,1,5,6,5,0,0,1,2,3,-27.0,0022500122,Jake LaRavia,jake laravia,,,2025-10-27,0,0.10315186246418338,0.034383954154727794,0.20630372492836677,0.17191977077363899,0.034383954154727794,6.0,3.0,3.0,1.0,6.0,6.0,10.0,4.0,3.0,0,0.0,0,0.00105,-42.8,-40723.120837297814,-42.75506,0.0,8.0,8.0,0.016599575
0022500122,1610612747,Los Angeles,Lakers,LAL,lakers,1630559,Austin,Reaves,A. Reaves,austin-reaves,G,,,39:09,39.15,13,22,0.591,3,8,0.375,12,14,0.857,0,4,4,5,3,0,8,2,41,0.0,0022500122,Austin Reaves,austin reaves,,,2025-10-27,3,1.0472541507024267,0.0,0.10217113665389528,0.1277139208173691,0.07662835249042146,1.0,6.0,5.0,1.0,1.0,6.0,2.0,1.0,5.0,0,0.0,0,0.0032400000000000003,-3.9,-1203.3323048441837,-3.887364,0.07662835249042146,1.0,5.0,0.76193035
0022500122,1610612747,Los Angeles,Lakers,LAL,lakers,1642261,Dalton,Knecht,D. Knecht,dalton-knecht,,,,24:42,24.7,5,13,0.385,2,8,0.25,4,4,1.0,0,2,2,1,2,1,2,1,16,-1.0,0022500122,Dalton Knecht,dalton knecht,,,2025-10-27,3,0.6477732793522267,0.0,0.08097165991902834,0.04048582995951417,0.12145748987854252,2.0,6.0,8.0,7.0,3.0,1.0,3.0,6.0,1.0,0,0.0,0,0.0025800000000000003,-5.8,-2247.1910112359546,-5.785036,0.12145748987854252,1.0,4.0,0.8046658
0022500122,1610612747,Los Angeles,Lakers,LAL,lakers,1641733,Nick,Smith Jr.,N. Smith Jr.,nick-smith-jr,,,,20:04,20.066666666666666,1,5,0.2,0,2,0.0,0,0,0.0,0,3,3,3,0,1,2,2,2,-13.0,0022500122,Nick Smith Jr.,nick smith jr,,,2025-10-27,1,0.09966777408637874,0.0,0.14950166112956811,0.14950166112956811,0.04983388704318937,7.0,6.0,6.0,3.0,6.0,1.0,9.0,7.0,1.0,0,0.0,0,0.0014299999999999998,-28.3,-19776.38015373865,-28.259531,0.04983388704318937,6.0,7.0,0.009990006
0022500122,1610612747,Los Angeles,Lakers,LAL,lakers,1642355,Bronny,James,B. James,bronny-james,,,,19:41,19.683333333333334,0,2,0.0,0,0,0.0,0,0,0.0,1,2,3,3,1,1,3,3,0,-2.0,0022500122,Bronny James,bronny james,,,2025-10-27,2,0.0,0.05080440304826418,0.15241320914479253,0.15241320914479253,0.15241320914479253,8.0,3.0,6.0,3.0,5.0,1.0,4.0,8.0,2.0,0,0.0,0,0.0009299999999999999,-8.8,-9452.201933404942,-8.791816,0.10160880609652836,5.0,3.0,0.016572999
0022500122,1610612747,Los Angeles,Lakers,LAL,lakers,1631132,Christian,Koloko,C. Koloko,christian-koloko,,,,3:20,3.3333333333333335,0,0,0.0,0,0,0.0,0,0,0.0,0,1,1,0,0,0,0,0,0,-6.0,0022500122,Christian Koloko,christian koloko,,,2025-10-27,0,0.0,0.0,0.3,0.0,0.0,8.0,6.0,9.0,9.0,6.0,6.0,5.0,10.0,0.0,0,0.0,0,0.0,-75.0,-75000000.0,-75.0,0.0,8.0,9.0,0.003858011
0022500122,1610612747,Los Angeles,Lakers,LAL,lakers,1643024,Chris,Mañon,C. Mañon,chris-mañon,,,,3:59,3.9833333333333334,0,0,0.0,0,0,0.0,0,0,0.0,0,1,1,0,0,0,0,2,0,3.0,0022500122,Chris Mañon,chris mañon,,,2025-10-27,0,0.0,0.0,0.2510460251046025,0.0,0.0,8.0,6.0,9.0,9.0,6.0,6.0,1.0,9.0,,1,,1,0.0,22.2,22200000.0,22.2,0.0,8.0,9.0,0.0060804323
0022500136,1610612747,Los Angeles,Lakers,LAL,lakers,1629020,Jarred,Vanderbilt,J. Vanderbilt,jarred-vanderbilt,F,,,26:26,26.433333333333334,1,3,0.333,0,1,0.0,1,2,0.5,6,6,12,4,1,0,4,4,3,4.0,0022500136,Jarred Vanderbilt,jarred vanderbilt,,,2025-10-29,1,0.11349306431273644,0.22698612862547288,0.45397225725094575,0.15132408575031525,0.2648171500630517,7.0,1.0,1.0,2.0,2.0,5.0,2.0,6.0,1.0,0,0.0,0,0.00123,15.4,12510.154346060115,15.381058000000001,0.03783102143757881,5.0,1.0,0.32166454
0022500136,1610612747,Los Angeles,Lakers,LAL,lakers,1629060,Rui,Hachimura,R. Hachimura,rui-hachimura,F,,,37:12,37.2,7,14,0.5,1,4,0.25,2,2,1.0,2,3,5,4,0,0,3,4,17,-7.0,0022500136,Rui Hachimura,rui hachimura,,,2025-10-29,0,0.45698924731182794,0.05376344086021505,0.13440860215053763,0.1075268817204301,0.05376344086021505,3.0,2.0,4.0,2.0,6.0,5.0,9.0,3.0,3.0,0,0.0,0,0.00212,-11.0,-5186.232909005186,-10.97668,0.0,7.0,6.0,0.39439306
0022500136,1610612747,Los Angeles,Lakers,LAL,lakers,1629028,Deandre,Ayton,D. Ayton,deandre-ayton,C,,,35:18,35.3,8,11,0.727,0,0,0.0,1,2,0.5,1,9,10,3,0,1,2,3,17,0.0,0022500136,Deandre Ayton,deandre ayton,,,2025-10-29,1,0.481586402266289,0.028328611898017,0.28328611898017,0.08498583569405099,0.056657223796034,3.0,4.0,2.0,4.0,6.0,2.0,6.0,5.0,1.0,0,0.0,0,0.0017299999999999998,3.2,1848.6424032351247,3.194464,0.028328611898017,5.0,5.0,0.7027907
0022500136,1610612747,Los Angeles,Lakers,LAL,lakers,1631222,Jake,LaRavia,J. LaRavia,jake-laravia,G,,,37:16,37.266666666666666,10,11,0.909,5,6,0.833,2,5,0.4,2,6,8,2,1,1,3,5,27,3.0,0022500136,Jake LaRavia,jake laravia,,,2025-10-29,2,0.7245080500894454,0.053667262969588556,0.21466905187835422,0.053667262969588556,0.10733452593917711,2.0,2.0,3.0,6.0,2.0,2.0,3.0,2.0,7.0,0,0.0,0,0.00188,5.5,2923.976608187135,5.48966,0.053667262969588556,2.0,3.0,0.8898707
0022500136,1610612747,Los Angeles,Lakers,LAL,lakers,1630559,Austin,Reaves,A. Reaves,austin-reaves,G,,,39:39,39.65,9,24,0.375,3,11,0.273,7,7,1.0,0,1,1,16,2,0,3,1,28,-1.0,0022500136,Austin Reaves,austin reaves,,,2025-10-29,2,0.7061790668348046,0.0,0.025220680958385876,0.403530895334174,0.05044136191677175,1.0,5.0,6.0,1.0,1.0,5.0,7.0,1.0,5.0,0,0.0,0,0.0032600000000000003,1.6,490.64704078503524,1.594784,0.05044136191677175,2.0,7.0,0.69864696
0022500136,1610612747,Los Angeles,Lakers,LAL,lakers,1642261,Dalton,Knecht,D. Knecht,dalton-knecht,,,,36:20,36.333333333333336,7,12,0.583,1,5,0.2,0,1,0.0,0,1,1,1,1,2,0,0,15,-1.0,0022500136,Dalton Knecht,dalton knecht,,,2025-10-29,3,0.4128440366972477,0.0,0.027522935779816512,0.027522935779816512,0.08256880733944953,5.0,5.0,6.0,7.0,2.0,1.0,7.0,4.0,2.0,0,0.0,0,0.0014099999999999998,0.2,141.7434443656981,0.199718,0.08256880733944953,1.0,4.0,0.5341843
0022500136,1610612747,Los Angeles,Lakers,LAL,lakers,1642355,Bronny,James,B. James,bronny-james,,,,4:59,4.983333333333333,0,0,0.0,0,0,0.0,0,0,0.0,0,0,0,0,0,0,1,0,0,5.0,0022500136,Bronny James,bronny james,,,2025-10-29,0,0.0,0.0,0.0,0.0,0.0,9.0,5.0,9.0,9.0,6.0,5.0,1.0,9.0,0.0,0,0.0,0,0.00083,52.3,62936.221419975926,52.256591,0.0,7.0,8.0,0.006285999
0022500136,1610612747,Los Angeles,Lakers,LAL,lakers,1641733,Nick,Smith Jr.,N. Smith Jr.,nick-smith-jr,,,,10:08,10.133333333333333,2,6,0.333,1,4,0.25,2,3,0.667,0,1,1,1,0,0,1,1,7,1.0,0022500136,Nick Smith Jr.,nick smith jr,,,2025-10-29,0,0.6907894736842105,0.0,0.09868421052631579,0.09868421052631579,0.0,6.0,5.0,6.0,7.0,6.0,5.0,4.0,8.0,0.0,0,0.0,0,0.00308,-0.7,-227.19896137617656,-0.697844,0.0,7.0,8.0,0.098362125
0022500136,1610612747,Los Angeles,Lakers,LAL,lakers,1629637,Jaxson,Hayes,J. Hayes,jaxson-hayes,,,,12:42,12.7,1,2,0.5,0,0,0.0,0,0,0.0,0,2,2,3,1,1,1,4,2,1.0,0022500136,Jaxson Hayes,jaxson hayes,,,2025-10-29,2,0.15748031496062992,0.0,0.15748031496062992,0.2362204724409449,0.15748031496062992,8.0,5.0,5.0,4.0,2.0,2.0,4.0,7.0,1.0,0,0.0,0,0.00097,11.9,12255.406797116375,11.888457,0.15748031496062992,2.0,2.0,0.021626808
0022500024,1610612747,Los Angeles,Lakers,LAL,lakers,203935,Marcus,Smart,M. Smart,marcus-smart,F,,,34:46,34.766666666666666,5,8,0.625,1,4,0.25,1,1,1.0,0,3,3,4,2,0,3,3,12,12.0,0022500024,Marcus Smart,marcus smart,,,2025-10-31,2,0.3451581975071908,0.0,0.0862895493767977,0.11505273250239693,0.05752636625119847,4.0,6.0,6.0,3.0,2.0,4.0,3.0,4.0,4.0,0,0.0,0,0.00147,19.3,13120.326308633585,19.271629,0.05752636625119847,2.0,5.0,0.5350107
0022500024,1610612747,Los Angeles,Lakers,LAL,lakers,1629060,Rui,Hachimura,R. Hachimura,rui-hachimura,F,,,38:05,38.083333333333336,2,4,0.5,2,4,0.5,3,4,0.75,0,3,3,1,1,1,1,4,9,7.0,0022500024,Rui Hachimura,rui hachimura,,,2025-10-31,2,0.23632385120350108,0.0,0.07877461706783369,0.0262582056892779,0.0525164113785558,5.0,6.0,6.0,6.0,3.0,1.0,5.0,2.0,2.0,0,0.0,0,0.00082,7.7,9378.806333739343,7.693686,0.0525164113785558,2.0,6.0,0.082660295
0022500024,1610612747,Los Angeles,Lakers,LAL,lakers,1629028,Deandre,Ayton,D. Ayton,deandre-ayton,C,,,16:43,16.716666666666665,4,6,0.667,0,0,0.0,1,1,1.0,0,0,0,0,0,0,1,0,9,-17.0,0022500024,Deandre Ayton,deandre ayton,,,2025-10-31,0,0.5383848454636092,0.0,0.0,0.0,0.0,5.0,6.0,9.0,9.0,6.0,4.0,9.0,7.0,2.0,0,0.0,0,0.00189,-51.3,-27128.503437334744,-51.203043,0.0,8.0,9.0,0.31338105
0022500024,1610612747,Los Angeles,Lakers,LAL,lakers,1630559,Austin,Reaves,A. Reaves,austin-reaves,G,,,36:09,36.15,5,14,0.357,2,8,0.25,9,9,1.0,0,4,4,4,1,0,2,2,21,15.0,0022500024,Austin Reaves,austin reaves,,,2025-10-31,1,0.5809128630705395,0.0,0.11065006915629323,0.11065006915629323,0.027662517289073308,2.0,6.0,4.0,3.0,3.0,4.0,1.0,3.0,1.0,0,0.0,0,0.0025,19.1,7636.945221911235,19.05225,0.027662517289073308,4.0,7.0,0.72281915
0022500024,1610612747,Los Angeles,Lakers,LAL,lakers,1629029,Luka,Dončić,L. Dončić,luka-dončić,G,,,38:50,38.833333333333336,14,27,0.519,6,15,0.4,10,13,0.769,1,11,12,6,0,0,5,3,44,-2.0,0022500024,Luka Dončić,luka dončić,,,2025-10-31,0,1.1330472103004292,0.02575107296137339,0.30901287553648066,0.15450643776824033,0.02575107296137339,1.0,1.0,1.0,1.0,6.0,4.0,6.0,1.0,1.0,0,0.0,0,0.00447,-4.1,-917.0208007157235,-4.081672999999999,0.0,8.0,8.0,0.855767
0022500024,1610612747,Los Angeles,Lakers,LAL,lakers,1631222,Jake,LaRavia,J. LaRavia,jake-laravia,,,,23:14,23.233333333333334,5,8,0.625,1,3,0.333,2,3,0.667,1,4,5,2,3,0,1,0,13,-4.0,0022500024,Jake LaRavia,jake laravia,,,2025-10-31,3,0.5595408895265424,0.0430416068866571,0.2152080344332855,0.0860832137733142,0.1721664275466284,3.0,1.0,3.0,5.0,1.0,4.0,7.0,6.0,5.0,0,0.0,0,0.00179,-10.1,-5639.307649357901,-10.081921,0.1291248206599713,1.0,1.0,0.7722379
0022500024,1610612747,Los Angeles,Lakers,LAL,lakers,1629637,Jaxson,Hayes,J. Hayes,jaxson-hayes,,,,23:21,23.35,1,2,0.5,0,0,0.0,0,2,0.0,1,6,7,5,0,1,0,1,2,15.0,0022500024,Jaxson Hayes,jaxson hayes,,,2025-10-31,1,0.08565310492505353,0.042826552462526764,0.29978586723768735,0.2141327623126338,0.08565310492505353,8.0,1.0,2.0,2.0,6.0,1.0,1.0,5.0,1.0,0,0.0,0,0.00057,33.2,58143.60770577934,33.181076000000004,0.042826552462526764,4.0,4.0,0.31387943
0022500024,1610612747,Los Angeles,Lakers,LAL,lakers,1642261,Dalton,Knecht,D. Knecht,dalton-knecht,,,,15:19,15.316666666666666,2,5,0.4,1,3,0.333,0,0,0.0,1,1,2,1,1,0,0,2,5,-10.0,0022500024,Dalton Knecht,dalton knecht,,,2025-10-31,1,0.3264417845484222,0.06528835690968444,0.1305767138193689,0.06528835690968444,0.1305767138193689,7.0,1.0,8.0,6.0,3.0,4.0,8.0,8.0,1.0,0,0.0,0,0.0013900000000000002,-29.4,-21135.87347232207,-29.359133999999997,0.06528835690968444,4.0,3.0,0.033987805
0022500024,1610612747,Los Angeles,Lakers,LAL,lakers,1629020,Jarred,Vanderbilt,J. Vanderbilt,jarred-vanderbilt,,,,13:36,13.6,1,2,0.5,0,1,0.0,0,0,0.0,1,3,4,1,0,1,0,1,2,9.0,0022500024,Jarred Vanderbilt,jarred vanderbilt,,,2025-10-31,1,0.14705882352941177,0.07352941176470588,0.29411764705882354,0.07352941176470588,0.14705882352941177,8.0,1.0,4.0,6.0,6.0,1.0,4.0,9.0,0.0,0,0.0,0,0.00065,32.1,49308.755760368666,32.079135,0.07352941176470588,4.0,2.0,0.08666509
0022500155,1610612747,Los Angeles,Lakers,LAL,lakers,203935,Marcus,Smart,M. Smart,marcus-smart,F,,,26:42,26.7,4,9,0.444,3,7,0.429,0,0,0.0,0,3,3,4,2,1,0,4,11,11.0,0022500155,Marcus Smart,marcus smart,,,2025-11-02,3,0.41198501872659177,0.0,0.11235955056179775,0.149812734082397,0.11235955056179775,6.0,5.0,7.0,3.0,4.0,1.0,3.0,6.0,5.0,0,0.0,0,0.0013,14.6,11222.136817832437,14.58102,0.11235955056179775,2.0,3.0,0.641532
0022500155,1610612747,Los Angeles,Lakers,LAL,lakers,1629060,Rui,Hachimura,R. Hachimura,rui-hachimura,F,,,30:58,30.966666666666665,6,12,0.5,3,5,0.6,0,0,0.0,2,4,6,2,0,0,1,3,15,7.0,0022500155,Rui Hachimura,rui hachimura,,,2025-11-02,0,0.48439181916038754,0.06458557588805167,0.19375672766415503,0.06458557588805167,0.06458557588805167,4.0,2.0,3.0,5.0,7.0,3.0,5.0,5.0,1.0,0,0.0,0,0.00169,8.6,5085.748078060319,8.585466,0.0,7.0,7.0,0.4491354
0022500155,1610612747,Los Angeles,Lakers,LAL,lakers,1629637,Jaxson,Hayes,J. Hayes,jaxson-hayes,C,,,32:24,32.4,7,7,1.0,1,1,1.0,0,0,0.0,1,4,5,1,1,1,1,3,15,17.0,0022500155,Jaxson Hayes,jaxson hayes,,,2025-11-02,2,0.46296296296296297,0.0308641975308642,0.154320987654321,0.0308641975308642,0.0925925925925926,4.0,4.0,4.0,7.0,5.0,1.0,1.0,4.0,4.0,0,0.0,0,0.001,22.8,22777.222777222778,22.7772,0.0617283950617284,5.0,5.0,0.7954314
0022500155,1610612747,Los Angeles,Lakers,LAL,lakers,1630559,Austin,Reaves,A. Reaves,austin-reaves,G,,,37:43,37.71666666666667,9,22,0.409,4,14,0.286,4,5,0.8,2,2,4,11,0,0,3,3,26,7.0,0022500155,Austin Reaves,austin reaves,,,2025-11-02,0,0.68935041979673,0.05302695536897923,0.10605391073795846,0.29164825452938575,0.05302695536897923,2.0,2.0,5.0,1.0,7.0,3.0,5.0,2.0,2.0,0,0.0,0,0.0027300000000000002,2.8,1025.2654705236175,2.792356,0.0,7.0,8.0,0.87541616
0022500155,1610612747,Los Angeles,Lakers,LAL,lakers,1629029,Luka,Dončić,L. Dončić,luka-dončić,G,,,38:20,38.333333333333336,9,22,0.409,1,11,0.091,10,12,0.833,0,11,11,10,3,0,5,1,29,14.0,0022500155,Luka Dončić,luka dončić,,,2025-11-02,3,0.7565217391304347,0.0,0.28695652173913044,0.2608695652173913,0.07826086956521738,1.0,5.0,1.0,2.0,2.0,3.0,2.0,1.0,5.0,0,0.0,0,0.00333,15.4,4623.23626538577,15.348718,0.07826086956521738,2.0,6.0,0.6696589
0022500155,1610612747,Los Angeles,Lakers,LAL,lakers,1631222,Jake,LaRavia,J. LaRavia,jake-laravia,,,,34:35,34.583333333333336,10,13,0.769,2,3,0.667,3,4,0.75,3,5,8,3,4,0,1,4,25,8.0,0022500155,Jake LaRavia,jake laravia,,,2025-11-02,4,0.7228915662650602,0.08674698795180723,0.23132530120481926,0.08674698795180723,0.20240963855421684,3.0,1.0,2.0,4.0,1.0,3.0,4.0,3.0,4.0,0,0.0,0,0.0018,8.7,4830.649639089394,8.684339999999999,0.11566265060240963,1.0,1.0,0.9056863
0022500155,1610612747,Los Angeles,Lakers,LAL,lakers,1629020,Jarred,Vanderbilt,J. Vanderbilt,jarred-vanderbilt,,,,9:42,9.7,1,2,0.5,0,0,0.0,2,2,1.0,0,4,4,0,1,0,0,3,4,-9.0,0022500155,Jarred Vanderbilt,jarred vanderbilt,,,2025-11-02,1,0.4123711340206186,0.0,0.4123711340206186,0.0,0.10309278350515465,7.0,5.0,5.0,8.0,5.0,3.0,9.0,9.0,1.0,0,0.0,0,0.0010299999999999999,-34.6,-33559.650824442295,-34.564362,0.10309278350515465,6.0,4.0,0.012914593
0022500155,1610612747,Los Angeles,Lakers,LAL,lakers,1642261,Dalton,Knecht,D. Knecht,dalton-knecht,,,,11:33,11.55,1,4,0.25,1,3,0.333,0,0,0.0,0,0,0,0,0,0,0,2,3,-6.0,0022500155,Dalton Knecht,dalton knecht,,,2025-11-02,0,0.2597402597402597,0.0,0.0,0.0,0.0,8.0,5.0,8.0,8.0,7.0,3.0,8.0,8.0,0.0,0,0.0,0,0.00125,-23.7,-18944.84412470024,-23.670375,0.0,7.0,9.0,0.0058858795
0022500155,1610612747,Los Angeles,Lakers,LAL,lakers,1642355,Bronny,James,B. James,bronny-james,,,,18:03,18.05,1,4,0.25,0,2,0.0,0,0,0.0,0,0,0,2,3,0,0,3,2,1.0,0022500155,Bronny James,bronny james,,,2025-11-02,3,0.11080332409972299,0.0,0.0,0.11080332409972299,0.16620498614958448,9.0,5.0,8.0,5.0,2.0,3.0,7.0,7.0,3.0,0,0.0,0,0.00083,-0.1,-120.33694344163658,-0.099917,0.16620498614958448,2.0,2.0,0.012642657
0022500163,1610612747,Los Angeles,Lakers,LAL,lakers,1642261,Dalton,Knecht,D. Knecht,dalton-knecht,F,,,23:00,23.0,4,7,0.571,0,3,0.0,0,0,0.0,1,3,4,1,0,0,1,4,8,-10.0,0022500163,Dalton Knecht,dalton knecht,,,2025-11-03,0,0.34782608695652173,0.043478260869565216,0.17391304347826086,0.043478260869565216,0.043478260869565216,6.0,2.0,3.0,7.0,7.0,4.0,9.0,6.0,1.0,0,0.0,0,0.00148,-22.7,-15327.481431465227,-22.666404,0.0,8.0,8.0,0.0958317
0022500163,1610612747,Los Angeles,Lakers,LAL,lakers,1629060,Rui,Hachimura,R. Hachimura,rui-hachimura,F,,,37:37,37.61666666666667,10,15,0.667,2,4,0.5,6,6,1.0,0,4,4,1,1,1,2,2,28,10.0,0022500163,Rui Hachimura,rui hachimura,,,2025-11-03,2,0.7443509082853345,0.0,0.10633584404076207,0.02658396101019052,0.05316792202038104,2.0,6.0,3.0,7.0,3.0,2.0,2.0,1.0,1.0,0,0.0,0,0.0023,12.7,5519.339417644502,12.67079,0.05316792202038104,4.0,7.0,0.87676555
0022500163,1610612747,Los Angeles,Lakers,LAL,lakers,1629028,Deandre,Ayton,D. Ayton,deandre-ayton,C,,,30:35,30.583333333333332,14,19,0.737,0,0,0.0,1,2,0.5,4,6,10,2,0,3,3,5,29,8.0,0022500163,Deandre Ayton,deandre ayton,,,2025-11-03,3,0.9482288828337875,0.13079019073569484,0.32697547683923706,0.06539509536784742,0.22888283378746596,1.0,1.0,1.0,5.0,7.0,1.0,5.0,4.0,1.0,0,0.0,0,0.0032400000000000003,13.9,4288.799753162603,13.854964,0.09809264305177112,2.0,1.0,0.85908854
0022500163,1610612747,Los Angeles,Lakers,LAL,lakers,1631222,Jake,LaRavia,J. LaRavia,jake-laravia,G,,,36:27,36.45,5,10,0.5,0,3,0.0,1,2,0.5,1,4,5,6,3,0,1,3,11,14.0,0022500163,Jake LaRavia,jake laravia,,,2025-11-03,3,0.3017832647462277,0.027434842249657063,0.1371742112482853,0.1646090534979424,0.10973936899862825,4.0,2.0,2.0,1.0,2.0,4.0,1.0,2.0,2.0,0,1.0,0,0.0013800000000000002,15.9,11513.396089790007,15.878058,0.0823045267489712,2.0,3.0,0.84481966
0022500163,1610612747,Los Angeles,Lakers,LAL,lakers,203935,Marcus,Smart,M. Smart,marcus-smart,G,,,31:51,31.85,3,11,0.273,1,5,0.2,2,2,1.0,0,2,2,5,4,0,5,5,9,10.0,0022500163,Marcus Smart,marcus smart,,,2025-11-03,4,0.28257456828885397,0.0,0.06279434850863422,0.15698587127158556,0.12558869701726844,5.0,6.0,7.0,4.0,1.0,4.0,2.0,3.0,4.0,0,1.0,0,0.0022400000000000002,13.0,5800.981704596162,12.97088,0.12558869701726844,1.0,2.0,0.22189577
0022500163,1610612747,Los Angeles,Lakers,LAL,lakers,1641733,Nick,Smith Jr.,N. Smith Jr.,nick-smith-jr,,,,26:52,26.866666666666667,10,15,0.667,5,6,0.833,0,0,0.0,0,1,1,6,1,0,3,0,25,9.0,0022500163,Nick Smith Jr.,nick smith jr,,,2025-11-03,1,0.9305210918114144,0.0,0.03722084367245657,0.22332506203473945,0.03722084367245657,3.0,6.0,8.0,1.0,3.0,4.0,4.0,5.0,0.0,0,0.0,0,0.0028599999999999997,16.9,5907.025515554002,16.851665999999998,0.03722084367245657,6.0,9.0,0.80215466
0022500163,1610612747,Los Angeles,Lakers,LAL,lakers,1642355,Bronny,James,B. James,bronny-james,,,,19:29,19.483333333333334,1,4,0.25,1,2,0.5,2,2,1.0,1,0,1,6,1,0,0,1,5,0.0,0022500163,Bronny James,bronny james,,,2025-11-03,1,0.2566295979469632,0.05132591958939264,0.05132591958939264,0.30795551753635586,0.10265183917878529,7.0,2.0,8.0,1.0,3.0,4.0,7.0,8.0,2.0,0,0.0,0,0.00111,-9.5,-8550.85508550855,-9.489455,0.05132591958939264,6.0,4.0,0.021051718
0022500163,1610612747,Los Angeles,Lakers,LAL,lakers,1629020,Jarred,Vanderbilt,J. Vanderbilt,jarred-vanderbilt,,,,21:14,21.233333333333334,1,1,1.0,0,0,0.0,2,2,1.0,0,4,4,2,1,1,2,0,4,1.0,0022500163,Jarred Vanderbilt,jarred vanderbilt,,,2025-11-03,2,0.18838304552590265,0.0,0.18838304552590265,0.09419152276295133,0.09419152276295133,8.0,6.0,3.0,5.0,3.0,2.0,6.0,7.0,2.0,0,0.0,0,0.00083,2.2,2647.412755716005,2.1981740000000003,0.09419152276295133,4.0,5.0,0.027337125
0022500163,1610612747,Los Angeles,Lakers,LAL,lakers,1629637,Jaxson,Hayes,J. Hayes,jaxson-hayes,,,,12:55,12.916666666666666,2,3,0.667,0,0,0.0,0,0,0.0,1,2,3,0,0,0,0,2,4,-2.0,0022500163,Jaxson Hayes,jaxson hayes,,,2025-11-03,0,0.3096774193548387,0.07741935483870968,0.23225806451612904,0.0,0.07741935483870968,8.0,2.0,6.0,9.0,7.0,4.0,8.0,9.0,0.0,0,0.0,0,0.001,-7.1,-7092.907092907093,-7.092899999999999,0.0,8.0,6.0,0.031156018
0022500179,1610612747,Los Angeles,Lakers,LAL,lakers,1631222,Jake,LaRavia,J. LaRavia,jake-laravia,F,,,37:31,37.516666666666666,3,9,0.333,1,5,0.2,1,2,0.5,1,5,6,1,0,0,2,5,8,-5.0,0022500179,Jake LaRavia,jake laravia,,,2025-11-05,0,0.2132385606397157,0.02665482007996446,0.15992892047978677,0.02665482007996446,0.02665482007996446,6.0,5.0,3.0,4.0,5.0,4.0,9.0,2.0,0.0,0,0.0,0,0.0012900000000000001,-4.8,-3718.0480247869864,-4.793807999999999,0.0,5.0,6.0,0.04871213
0022500179,1610612747,Los Angeles,Lakers,LAL,lakers,1629060,Rui,Hachimura,R. Hachimura,rui-hachimura,F,,,34:46,34.766666666666666,5,9,0.556,2,3,0.667,3,6,0.5,0,2,2,0,1,0,0,2,15,6.0,0022500179,Rui Hachimura,rui hachimura,,,2025-11-05,1,0.4314477468839885,0.0,0.05752636625119847,0.0,0.028763183125599234,4.0,6.0,6.0,7.0,2.0,4.0,2.0,3.0,1.0,0,1.0,0,0.00135,8.2,6069.578090303478,8.18893,0.028763183125599234,4.0,5.0,0.78558856
0022500179,1610612747,Los Angeles,Lakers,LAL,lakers,1629028,Deandre,Ayton,D. Ayton,deandre-ayton,C,,,33:07,33.11666666666667,9,13,0.692,0,0,0.0,4,4,1.0,4,6,10,0,1,2,0,3,22,1.0,0022500179,Deandre Ayton,deandre ayton,,,2025-11-05,3,0.6643180674383493,0.12078510317060896,0.3019627579265224,0.0,0.21137393054856568,2.0,1.0,1.0,7.0,2.0,1.0,5.0,5.0,2.0,0,0.0,0,0.00179,3.0,1675.0418760469013,2.99463,0.09058882737795672,2.0,2.0,0.91204554
0022500179,1610612747,Los Angeles,Lakers,LAL,lakers,203935,Marcus,Smart,M. Smart,marcus-smart,G,,,33:34,33.56666666666667,3,10,0.3,1,7,0.143,10,10,1.0,2,3,5,5,1,1,3,5,17,3.0,0022500179,Marcus Smart,marcus smart,,,2025-11-05,2,0.506454816285998,0.059582919563058584,0.14895729890764647,0.14895729890764647,0.11916583912611717,3.0,3.0,4.0,2.0,2.0,3.0,4.0,4.0,4.0,0,1.0,0,0.00209,2.6,1243.424198947872,2.594566,0.059582919563058584,3.0,4.0,0.42719588
0022500179,1610612747,Los Angeles,Lakers,LAL,lakers,1629029,Luka,Dončić,L. Dončić,luka-dončić,G,,,41:37,41.61666666666667,9,27,0.333,4,11,0.364,13,17,0.765,3,6,9,13,5,2,4,5,35,4.0,0022500179,Luka Dončić,luka dončić,,,2025-11-05,7,0.8410092110532639,0.07208650380456548,0.21625951141369643,0.31237484981978375,0.24028834601521826,1.0,2.0,2.0,1.0,1.0,1.0,3.0,1.0,5.0,0,1.0,0,0.00368,3.2,869.3289866883999,3.188224,0.1682018422106528,1.0,1.0,0.88210523
0022500179,1610612747,Los Angeles,Lakers,LAL,lakers,1629020,Jarred,Vanderbilt,J. Vanderbilt,jarred-vanderbilt,,,,17:13,17.216666666666665,2,3,0.667,1,2,0.5,0,0,0.0,0,0,0,2,0,0,0,4,5,-2.0,0022500179,Jarred Vanderbilt,jarred vanderbilt,,,2025-11-05,0,0.29041626331074544,0.0,0.0,0.11616650532429817,0.0,7.0,6.0,9.0,3.0,5.0,4.0,8.0,6.0,0.0,0,0.0,0,0.00073,0.9,1231.190150478796,0.899343,0.0,5.0,7.0,0.02283897
0022500179,1610612747,Los Angeles,Lakers,LAL,lakers,1642261,Dalton,Knecht,D. Knecht,dalton-knecht,,,,15:38,15.633333333333333,1,4,0.25,1,3,0.333,0,0,0.0,0,1,1,1,0,0,1,3,3,-6.0,0022500179,Dalton Knecht,dalton knecht,,,2025-11-05,0,0.19189765458422176,0.0,0.06396588486140725,0.06396588486140725,0.0,8.0,6.0,7.0,4.0,5.0,4.0,10.0,7.0,1.0,0,0.0,0,0.0014299999999999998,-12.1,-8455.625436757513,-12.082697,0.0,5.0,7.0,0.010192391
0022500179,1610612747,Los Angeles,Lakers,LAL,lakers,1629637,Jaxson,Hayes,J. Hayes,jaxson-hayes,,,,14:53,14.883333333333333,3,4,0.75,0,0,0.0,3,5,0.6,2,2,4,1,0,0,0,1,9,1.0,0022500179,Jaxson Hayes,jaxson hayes,,,2025-11-05,0,0.6047032474804032,0.1343784994400896,0.2687569988801792,0.0671892497200448,0.1343784994400896,5.0,3.0,5.0,4.0,5.0,4.0,5.0,8.0,0.0,0,0.0,0,0.00167,6.9,4129.263913824057,6.888477000000001,0.0,5.0,3.0,0.2835176
0022500179,1610612747,Los Angeles,Lakers,LAL,lakers,1641733,Nick,Smith Jr.,N. Smith Jr.,nick-smith-jr,,,,6:31,6.516666666666667,1,1,1.0,0,0,0.0,0,0,0.0,0,0,0,0,0,0,2,0,2,9.0,0022500179,Nick Smith Jr.,nick smith jr,,,2025-11-05,0,0.3069053708439898,0.0,0.0,0.0,0.0,9.0,6.0,9.0,7.0,5.0,4.0,1.0,9.0,1.0,0,0.0,0,0.0017599999999999998,57.1,32424.758659852363,56.999504,0.0,5.0,7.0,0.01421911
0022500179,1610612747,Los Angeles,Lakers,LAL,lakers,1642355,Bronny,James,B. James,bronny-james,,,,5:10,5.166666666666667,1,3,0.333,0,0,0.0,0,0,0.0,0,1,1,0,0,0,0,2,2,-1.0,0022500179,Bronny James,bronny james,,,2025-11-05,0,0.3870967741935484,0.0,0.1935483870967742,0.0,0.0,9.0,6.0,7.0,7.0,5.0,4.0,7.0,10.0,1.0,0,0.0,0,0.00214,-10.0,-4670.714619336758,-9.9786,0.0,5.0,7.0,0.010223491
0022500185,1610612747,Los Angeles,Lakers,LAL,lakers,1631222,Jake,LaRavia,J. LaRavia,jake-laravia,F,,,23:12,23.2,4,7,0.571,1,2,0.5,4,5,0.8,3,2,5,2,2,1,2,1,13,-23.0,0022500185,Jake LaRavia,jake laravia,,,2025-11-08,3,0.560344827586207,0.12931034482758622,0.21551724137931036,0.08620689655172414,0.25862068965517243,3.0,2.0,2.0,2.0,1.0,2.0,9.0,6.0,3.0,0,0.0,0,0.00193,-47.9,-24805.800103573278,-47.807553,0.12931034482758622,1.0,1.0,0.72680235
0022500185,1610612747,Los Angeles,Lakers,LAL,lakers,1629060,Rui,Hachimura,R. Hachimura,rui-hachimura,F,,,23:29,23.483333333333334,3,9,0.333,2,3,0.667,0,0,0.0,1,1,2,0,0,0,1,1,8,-28.0,0022500185,Rui Hachimura,rui hachimura,,,2025-11-08,0,0.340667139815472,0.042583392476934,0.085166784953868,0.0,0.042583392476934,7.0,4.0,7.0,9.0,7.0,5.0,11.0,4.0,1.0,0,0.0,0,0.00172,-56.0,-32539.221382916912,-55.903679999999994,0.0,9.0,9.0,0.037077963
0022500185,1610612747,Los Angeles,Lakers,LAL,lakers,1629028,Deandre,Ayton,D. Ayton,deandre-ayton,C,,,19:54,19.9,5,5,1.0,0,0,0.0,1,1,1.0,2,3,5,0,0,0,3,0,11,-15.0,0022500185,Deandre Ayton,deandre ayton,,,2025-11-08,0,0.5527638190954774,0.10050251256281408,0.2512562814070352,0.0,0.10050251256281408,5.0,3.0,2.0,9.0,7.0,5.0,7.0,8.0,1.0,0,0.0,0,0.0016,-39.1,-24422.236102435978,-39.03744,0.0,9.0,6.0,0.55410606
0022500185,1610612747,Los Angeles,Lakers,LAL,lakers,203935,Marcus,Smart,M. Smart,marcus-smart,G,,,20:56,20.933333333333334,2,4,0.5,0,1,0.0,1,1,1.0,0,0,0,2,2,0,2,2,5,-23.0,0022500185,Marcus Smart,marcus smart,,,2025-11-08,2,0.23885350318471338,0.0,0.0,0.09554140127388534,0.09554140127388534,8.0,8.0,11.0,2.0,1.0,5.0,9.0,7.0,6.0,0,0.0,0,0.00122,-49.0,-40131.040131040136,-48.94022,0.09554140127388534,2.0,7.0,0.015366929
0022500185,1610612747,Los Angeles,Lakers,LAL,lakers,1629029,Luka,Dončić,L. Dončić,luka-dončić,G,,,26:39,26.65,7,17,0.412,4,10,0.4,4,6,0.667,0,5,5,11,1,0,5,2,22,-21.0,0022500185,Luka Dončić,luka dončić,,,2025-11-08,1,0.825515947467167,0.0,0.1876172607879925,0.4127579737335835,0.0375234521575985,1.0,8.0,2.0,1.0,3.0,5.0,8.0,2.0,4.0,0,0.0,0,0.00362,-38.7,-10687.655343827673,-38.559906000000005,0.0375234521575985,5.0,11.0,0.8448251
0022500185,1610612747,Los Angeles,Lakers,LAL,lakers,1642261,Dalton,Knecht,D. Knecht,dalton-knecht,,,,24:35,24.583333333333332,5,11,0.455,2,5,0.4,2,2,1.0,1,3,4,1,0,0,1,1,14,4.0,0022500185,Dalton Knecht,dalton knecht,,,2025-11-08,0,0.5694915254237288,0.04067796610169492,0.16271186440677968,0.04067796610169492,0.04067796610169492,2.0,4.0,5.0,7.0,7.0,5.0,2.0,3.0,3.0,0,0.0,0,0.00228,6.0,2630.42525208242,5.98632,0.0,9.0,10.0,0.8395006
0022500185,1610612747,Los Angeles,Lakers,LAL,lakers,1629637,Jaxson,Hayes,J. Hayes,jaxson-hayes,,,,16:49,16.816666666666666,2,4,0.5,0,0,0.0,0,0,0.0,1,2,3,0,0,1,0,0,4,-11.0,0022500185,Jaxson Hayes,jaxson hayes,,,2025-11-08,1,0.23785926660059464,0.05946481665014866,0.17839444995044598,0.0,0.11892963330029732,9.0,4.0,6.0,9.0,7.0,2.0,6.0,10.0,1.0,0,0.0,0,0.00105,-31.4,-29876.30827783064,-31.36703,0.05946481665014866,5.0,4.0,0.027619177
0022500185,1610612747,Los Angeles,Lakers,LAL,lakers,1629020,Jarred,Vanderbilt,J. Vanderbilt,jarred-vanderbilt,,,,28:21,28.35,4,9,0.444,1,2,0.5,3,3,1.0,4,14,18,2,1,1,2,2,12,2.0,0022500185,Jarred Vanderbilt,jarred vanderbilt,,,2025-11-08,2,0.42328042328042326,0.14109347442680775,0.6349206349206349,0.07054673721340388,0.21164021164021163,4.0,1.0,1.0,2.0,3.0,2.0,5.0,1.0,2.0,0,0.0,0,0.0017599999999999998,1.6,908.5746734809769,1.5971840000000002,0.07054673721340388,2.0,2.0,0.7796465
0022500185,1610612747,Los Angeles,Lakers,LAL,lakers,1641733,Nick,Smith Jr.,N. Smith Jr.,nick-smith-jr,,,,23:27,23.45,1,8,0.125,1,4,0.25,0,0,0.0,0,1,1,2,1,0,2,1,3,8.0,0022500185,Nick Smith Jr.,nick smith jr,,,2025-11-08,1,0.1279317697228145,0.0,0.042643923240938165,0.08528784648187633,0.042643923240938165,10.0,8.0,10.0,2.0,3.0,5.0,1.0,5.0,0.0,0,0.0,0,0.00185,12.8,6915.180983252297,12.77632,0.042643923240938165,5.0,8.0,0.021111032
0022500185,1610612747,Los Angeles,Lakers,LAL,lakers,1642355,Bronny,James,B. James,bronny-james,,,,18:11,18.183333333333334,4,6,0.667,1,2,0.5,0,0,0.0,1,1,2,2,1,0,1,1,9,4.0,0022500185,Bronny James,bronny james,,,2025-11-08,1,0.49495875343721357,0.054995417048579284,0.10999083409715857,0.10999083409715857,0.10999083409715857,6.0,4.0,7.0,2.0,3.0,5.0,2.0,9.0,4.0,0,0.0,0,0.00184,14.7,7984.790874524714,14.672952,0.054995417048579284,5.0,5.0,0.5494271
0022500185,1610612747,Los Angeles,Lakers,LAL,lakers,1628467,Maxi,Kleber,M. Kleber,maxi-kleber,,,,14:27,14.45,0,1,0.0,0,1,0.0,1,2,0.5,0,2,2,1,0,2,0,0,1,3.0,0022500185,Maxi Kleber,maxi kleber,,,2025-11-08,2,0.06920415224913495,0.0,0.1384083044982699,0.06920415224913495,0.1384083044982699,11.0,8.0,7.0,7.0,7.0,1.0,4.0,11.0,4.0,0,0.0,0,0.00061,7.3,11947.626841243862,7.295547,0.1384083044982699,2.0,3.0,0.02053157
0022500198,1610612747,Los Angeles,Lakers,LAL,lakers,203935,Marcus,Smart,M. Smart,marcus-smart,F,,,36:35,36.583333333333336,4,9,0.444,3,7,0.429,2,2,1.0,2,2,4,5,7,0,3,1,13,15.0,0022500198,Marcus Smart,marcus smart,,,2025-11-10,7,0.3553530751708428,0.05466970387243735,0.1093394077448747,0.1366742596810934,0.24601366742596809,5.0,2.0,6.0,3.0,1.0,3.0,3.0,2.0,10.0,0,0.0,0,0.00153,23.4,15284.128020901373,23.364198,0.19134396355353073,1.0,2.0,0.7906579
0022500198,1610612747,Los Angeles,Lakers,LAL,lakers,1629060,Rui,Hachimura,R. Hachimura,rui-hachimura,F,,,35:36,35.6,9,12,0.75,3,3,1.0,0,0,0.0,2,1,3,2,1,0,1,1,21,13.0,0022500198,Rui Hachimura,rui hachimura,,,2025-11-10,1,0.5898876404494382,0.056179775280898875,0.08426966292134831,0.056179775280898875,0.08426966292134831,3.0,2.0,7.0,5.0,3.0,3.0,4.0,3.0,3.0,0,0.0,0,0.00155,20.6,13281.753707285625,20.56807,0.028089887640449437,3.0,5.0,0.7946983
0022500198,1610612747,Los Angeles,Lakers,LAL,lakers,1629028,Deandre,Ayton,D. Ayton,deandre-ayton,C,,,32:56,32.93333333333333,7,10,0.7,0,0,0.0,0,0,0.0,3,3,6,0,0,0,3,3,14,2.0,0022500198,Deandre Ayton,deandre ayton,,,2025-11-10,0,0.42510121457489886,0.0910931174089069,0.1821862348178138,0.0,0.0910931174089069,4.0,1.0,1.0,7.0,6.0,3.0,6.0,4.0,1.0,0,0.0,0,0.0017100000000000001,7.3,4266.510812390415,7.287517,0.0,8.0,4.0,0.43668318
0022500198,1610612747,Los Angeles,Lakers,LAL,lakers,1630559,Austin,Reaves,A. Reaves,austin-reaves,G,,,29:25,29.416666666666668,7,17,0.412,2,10,0.2,8,11,0.727,0,5,5,7,2,0,1,2,24,18.0,0022500198,Austin Reaves,austin reaves,,,2025-11-10,2,0.8158640226628895,0.0,0.16997167138810199,0.23796033994334276,0.06798866855524079,2.0,8.0,3.0,1.0,2.0,3.0,1.0,5.0,1.0,0,1.0,0,0.00315,25.7,8156.140907648365,25.619045,0.06798866855524079,2.0,7.0,0.6600516
0022500198,1610612747,Los Angeles,Lakers,LAL,lakers,1629029,Luka,Dončić,L. Dončić,luka-dončić,G,,,38:25,38.416666666666664,14,28,0.5,5,15,0.333,5,5,1.0,1,5,6,7,1,0,2,4,38,16.0,0022500198,Luka Dončić,luka dončić,,,2025-11-10,1,0.9891540130151845,0.026030368763557486,0.1561822125813449,0.1822125813449024,0.05206073752711497,1.0,5.0,1.0,1.0,3.0,3.0,2.0,1.0,2.0,0,0.0,0,0.00344,21.6,6277.2449869224065,21.525696,0.026030368763557486,3.0,8.0,0.8328065
0022500198,1610612747,Los Angeles,Lakers,LAL,lakers,1631222,Jake,LaRavia,J. LaRavia,jake-laravia,,,,24:53,24.883333333333333,2,8,0.25,0,3,0.0,2,2,1.0,1,0,1,3,1,0,0,4,6,-9.0,0022500198,Jake LaRavia,jake laravia,,,2025-11-10,1,0.24112525117213665,0.04018754186202277,0.04018754186202277,0.12056262558606833,0.08037508372404555,6.0,5.0,8.0,4.0,3.0,3.0,8.0,6.0,3.0,0,0.0,0,0.00158,-10.6,-6704.617330803289,-10.583252,0.04018754186202277,3.0,6.0,0.02664709
0022500198,1610612747,Los Angeles,Lakers,LAL,lakers,1642261,Dalton,Knecht,D. Knecht,dalton-knecht,,,,11:07,11.116666666666667,1,4,0.25,1,1,1.0,0,0,0.0,2,3,5,0,0,1,0,1,3,-9.0,0022500198,Dalton Knecht,dalton knecht,,,2025-11-10,1,0.2698650674662669,0.17991004497751123,0.4497751124437781,0.0,0.2698650674662669,7.0,2.0,3.0,7.0,6.0,1.0,8.0,9.0,0.0,0,0.0,0,0.00154,-33.3,-21609.344581440622,-33.248718,0.08995502248875561,3.0,1.0,0.017445622
0022500198,1610612747,Los Angeles,Lakers,LAL,lakers,1629637,Jaxson,Hayes,J. Hayes,jaxson-hayes,,,,14:53,14.883333333333333,1,2,0.5,0,0,0.0,0,0,0.0,1,4,5,0,0,1,0,2,2,4.0,0022500198,Jaxson Hayes,jaxson hayes,,,2025-11-10,1,0.1343784994400896,0.0671892497200448,0.335946248600224,0.0,0.1343784994400896,8.0,5.0,3.0,7.0,6.0,1.0,5.0,8.0,0.0,0,0.0,0,0.0005899999999999999,13.3,22504.23011844332,13.292153,0.0671892497200448,3.0,3.0,0.040729687
0022500198,1610612747,Los Angeles,Lakers,LAL,lakers,1629020,Jarred,Vanderbilt,J. Vanderbilt,jarred-vanderbilt,,,,16:10,16.166666666666668,0,0,0.0,0,0,0.0,0,0,0.0,0,1,1,1,0,0,1,4,0,0.0,0022500198,Jarred Vanderbilt,jarred vanderbilt,,,2025-11-10,0,0.0,0.0,0.06185567010309278,0.06185567010309278,0.0,9.0,8.0,8.0,6.0,6.0,3.0,7.0,7.0,0.0,0,0.0,0,0.00028000000000000003,-3.3,-11743.77224199288,-3.299076,0.0,8.0,9.0,0.0068653286
0022500222,1610612747,Los Angeles,Lakers,LAL,lakers,203935,Marcus,Smart,M. Smart,marcus-smart,F,,,27:43,27.716666666666665,1,5,0.2,1,4,0.25,6,6,1.0,0,1,1,0,1,0,2,3,9,-21.0,0022500222,Marcus Smart,marcus smart,,,2025-11-12,1,0.3247143716175587,0.0,0.03607937462417318,0.0,0.03607937462417318,5.0,7.0,9.0,9.0,3.0,1.0,8.0,4.0,2.0,0,0.0,0,0.00145,-35.3,-24328.04962095107,-35.248815,0.03607937462417318,3.0,9.0,0.02250578
0022500222,1610612747,Los Angeles,Lakers,LAL,lakers,1629060,Rui,Hachimura,R. Hachimura,rui-hachimura,F,,,32:53,32.88333333333333,5,11,0.455,2,5,0.4,1,2,0.5,0,5,5,1,2,0,0,0,13,-35.0,0022500222,Rui Hachimura,rui hachimura,,,2025-11-12,2,0.39533705017739484,0.0,0.15205271160669032,0.030410542321338066,0.06082108464267613,3.0,7.0,3.0,6.0,1.0,1.0,11.0,1.0,1.0,0,0.0,0,0.00148,-50.8,-34301.14787305875,-50.724816,0.06082108464267613,1.0,6.0,0.5049891
0022500222,1610612747,Los Angeles,Lakers,LAL,lakers,1629028,Deandre,Ayton,D. Ayton,deandre-ayton,C,,,25:49,25.816666666666666,3,5,0.6,0,0,0.0,0,1,0.0,3,2,5,1,1,0,4,4,6,-18.0,0022500222,Deandre Ayton,deandre ayton,,,2025-11-12,1,0.23240800516462234,0.11620400258231117,0.19367333763718528,0.03873466752743706,0.15493867010974824,6.0,1.0,3.0,6.0,3.0,1.0,7.0,5.0,4.0,0,0.0,0,0.00145,-31.6,-21778.08407994487,-31.554180000000002,0.03873466752743706,3.0,2.0,0.11127174
0022500222,1610612747,Los Angeles,Lakers,LAL,lakers,1630559,Austin,Reaves,A. Reaves,austin-reaves,G,,,30:21,30.35,4,12,0.333,0,5,0.0,5,6,0.833,0,5,5,3,1,0,5,3,13,-24.0,0022500222,Austin Reaves,austin reaves,,,2025-11-12,1,0.42833607907743,0.0,0.16474464579901152,0.09884678747940691,0.032948929159802305,3.0,7.0,3.0,2.0,3.0,1.0,9.0,3.0,2.0,0,0.0,0,0.00263,-34.8,-13226.90992018244,-34.708476,0.032948929159802305,3.0,10.0,0.25634536
0022500222,1610612747,Los Angeles,Lakers,LAL,lakers,1629029,Luka,Dončić,L. Dončić,luka-dončić,G,,,32:49,32.81666666666667,7,20,0.35,1,7,0.143,4,7,0.571,1,6,7,7,2,0,4,3,19,-31.0,0022500222,Luka Dončić,luka dončić,,,2025-11-12,2,0.5789740985271711,0.030472320975114268,0.21330624682579988,0.21330624682579988,0.0914169629253428,1.0,3.0,2.0,1.0,1.0,1.0,10.0,2.0,3.0,0,0.0,0,0.00333,-44.8,-13449.414590213148,-44.65081599999999,0.060944641950228536,1.0,4.0,0.6090535
0022500222,1610612747,Los Angeles,Lakers,LAL,lakers,1631222,Jake,LaRavia,J. LaRavia,jake-laravia,,,,22:01,22.016666666666666,1,6,0.167,1,4,0.25,2,2,1.0,0,1,1,2,0,0,1,1,5,-9.0,0022500222,Jake LaRavia,jake laravia,,,2025-11-12,0,0.22710068130204392,0.0,0.045420136260408785,0.09084027252081757,0.0,8.0,7.0,9.0,3.0,8.0,1.0,5.0,6.0,0.0,0,0.0,0,0.00148,-24.6,-16610.398379473332,-24.563592,0.0,8.0,11.0,0.009617156
0022500222,1610612747,Los Angeles,Lakers,LAL,lakers,1629020,Jarred,Vanderbilt,J. Vanderbilt,jarred-vanderbilt,,,,18:44,18.733333333333334,2,4,0.5,1,2,0.5,1,2,0.5,1,8,9,2,0,0,3,2,6,-1.0,0022500222,Jarred Vanderbilt,jarred vanderbilt,,,2025-11-12,0,0.32028469750889677,0.05338078291814946,0.48042704626334515,0.10676156583629892,0.05338078291814946,6.0,3.0,1.0,3.0,8.0,1.0,3.0,8.0,0.0,0,0.0,0,0.00178,-5.3,-2975.8562605277934,-5.290566,0.0,8.0,7.0,0.07588015
0022500222,1610612747,Los Angeles,Lakers,LAL,lakers,1629637,Jaxson,Hayes,J. Hayes,jaxson-hayes,,,,13:53,13.883333333333333,1,1,1.0,0,0,0.0,0,0,0.0,1,1,2,0,0,0,1,1,2,-17.0,0022500222,Jaxson Hayes,jaxson hayes,,,2025-11-12,0,0.14405762304921968,0.07202881152460984,0.14405762304921968,0.0,0.07202881152460984,10.0,3.0,7.0,9.0,8.0,1.0,6.0,9.0,1.0,0,0.0,0,0.00057,-59.7,-104553.41506129598,-59.665971000000006,0.0,8.0,5.0,0.027712015
0022500222,1610612747,Los Angeles,Lakers,LAL,lakers,1642261,Dalton,Knecht,D. Knecht,dalton-knecht,,,,19:11,19.183333333333334,6,7,0.857,4,5,0.8,0,2,0.0,1,1,2,1,0,0,0,1,16,-1.0,0022500222,Dalton Knecht,dalton knecht,,,2025-11-12,0,0.8340573414422241,0.052128583840139006,0.10425716768027801,0.052128583840139006,0.052128583840139006,2.0,3.0,7.0,6.0,8.0,1.0,3.0,7.0,0.0,0,0.0,0,0.0017399999999999998,-5.2,-2986.789201608272,-5.190952,0.0,8.0,8.0,0.9099672
0022500222,1610612747,Los Angeles,Lakers,LAL,lakers,1642355,Bronny,James,B. James,bronny-james,,,,8:18,8.3,0,4,0.0,0,2,0.0,0,0,0.0,0,1,1,2,1,0,0,0,0,6.0,0022500222,Bronny James,bronny james,,,2025-11-12,1,0.0,0.0,0.12048192771084336,0.24096385542168672,0.12048192771084336,11.0,7.0,9.0,3.0,3.0,1.0,1.0,10.0,2.0,0,0.0,0,0.002,37.5,18740.62968515742,37.425,0.12048192771084336,3.0,3.0,0.01397221
0022500222,1610612747,Los Angeles,Lakers,LAL,lakers,1628467,Maxi,Kleber,M. Kleber,maxi-kleber,,,,8:18,8.3,1,2,0.5,1,1,1.0,0,0,0.0,2,2,4,0,1,0,0,1,3,6.0,0022500222,Maxi Kleber,maxi kleber,,,2025-11-12,1,0.36144578313253006,0.24096385542168672,0.48192771084337344,0.0,0.36144578313253006,9.0,2.0,6.0,9.0,3.0,1.0,1.0,10.0,3.0,0,0.0,0,0.001,37.5,37462.53746253747,37.4625,0.12048192771084336,3.0,1.0,0.06460945
0022500045,1610612747,Los Angeles,Lakers,LAL,lakers,203935,Marcus,Smart,M. Smart,marcus-smart,F,,,34:25,34.416666666666664,6,15,0.4,1,10,0.1,0,0,0.0,1,4,5,5,2,0,2,4,13,7.0,0022500045,Marcus Smart,marcus smart,,,2025-11-14,2,0.37772397094430993,0.029055690072639227,0.14527845036319614,0.14527845036319614,0.08716707021791768,5.0,3.0,3.0,3.0,2.0,5.0,5.0,5.0,2.0,0,1.0,0,0.00207,6.4,3090.2945436986965,6.386752,0.05811138014527845,4.0,7.0,0.42196187
0022500045,1610612747,Los Angeles,Lakers,LAL,lakers,1629060,Rui,Hachimura,R. Hachimura,rui-hachimura,F,,,35:04,35.06666666666667,6,10,0.6,2,5,0.4,0,0,0.0,0,4,4,0,1,0,1,0,14,30.0,0022500045,Rui Hachimura,rui hachimura,,,2025-11-14,1,0.3992395437262357,0.0,0.11406844106463877,0.0,0.028517110266159693,4.0,7.0,4.0,7.0,6.0,5.0,2.0,4.0,1.0,0,0.0,0,0.00133,39.6,29752.06611570248,39.547332,0.028517110266159693,7.0,9.0,0.57991815
0022500045,1610612747,Los Angeles,Lakers,LAL,lakers,1629028,Deandre,Ayton,D. Ayton,deandre-ayton,C,,,35:34,35.56666666666667,10,11,0.909,0,0,0.0,0,0,0.0,3,13,16,2,2,1,4,5,20,35.0,0022500045,Deandre Ayton,deandre ayton,,,2025-11-14,3,0.5623242736644798,0.08434864104967196,0.4498594189315838,0.05623242736644798,0.16869728209934393,3.0,1.0,1.0,4.0,2.0,2.0,1.0,3.0,0.0,0,0.0,0,0.00181,46.0,25400.331308669243,45.916740000000004,0.08434864104967196,2.0,4.0,0.851926
0022500045,1610612747,Los Angeles,Lakers,LAL,lakers,1630559,Austin,Reaves,A. Reaves,austin-reaves,G,,,38:54,38.9,9,16,0.563,2,6,0.333,11,13,0.846,0,4,4,7,1,1,4,3,31,16.0,0022500045,Austin Reaves,austin reaves,,,2025-11-14,2,0.7969151670951157,0.0,0.10282776349614396,0.17994858611825193,0.05141388174807198,1.0,7.0,4.0,2.0,6.0,2.0,4.0,2.0,2.0,0,0.0,0,0.0027500000000000003,20.1,7306.434023991275,20.044725,0.05141388174807198,4.0,8.0,0.76306677
0022500045,1610612747,Los Angeles,Lakers,LAL,lakers,1629029,Luka,Dončić,L. Dončić,luka-dončić,G,,,40:13,40.21666666666667,6,16,0.375,3,8,0.375,9,13,0.692,1,6,7,12,2,1,3,1,24,30.0,0022500045,Luka Dončić,luka dončić,,,2025-11-14,3,0.5967675093244923,0.02486531288852051,0.17405719021964358,0.29838375466224615,0.09946125155408204,2.0,3.0,2.0,1.0,2.0,2.0,2.0,1.0,2.0,0,1.0,0,0.00263,36.2,13759.026985936907,36.104794000000005,0.07459593866556154,2.0,5.0,0.57146335
0022500045,1610612747,Los Angeles,Lakers,LAL,lakers,1631222,Jake,LaRavia,J. LaRavia,jake-laravia,,,,21:41,21.683333333333334,3,4,0.75,0,0,0.0,0,0,0.0,0,3,3,0,3,2,2,1,6,4.0,0022500045,Jake LaRavia,jake laravia,,,2025-11-14,5,0.2767102229054573,0.0,0.13835511145272866,0.0,0.23059185242121444,6.0,7.0,6.0,7.0,1.0,1.0,6.0,6.0,6.0,0,0.0,0,0.00111,4.4,3960.3960396039606,4.395116,0.23059185242121444,1.0,3.0,0.24529569
0022500045,1610612747,Los Angeles,Lakers,LAL,lakers,1642261,Dalton,Knecht,D. Knecht,dalton-knecht,,,,10:24,10.4,2,5,0.4,1,3,0.333,0,0,0.0,1,0,1,0,0,0,0,2,5,-12.0,0022500045,Dalton Knecht,dalton knecht,,,2025-11-14,0,0.4807692307692307,0.09615384615384615,0.09615384615384615,0.0,0.09615384615384615,7.0,3.0,9.0,7.0,8.0,5.0,7.0,9.0,,1,,1,0.00192,-42.0,-21863.612701717855,-41.91936,0.0,8.0,6.0,0.02722666
0022500045,1610612747,Los Angeles,Lakers,LAL,lakers,1629637,Jaxson,Hayes,J. Hayes,jaxson-hayes,,,,12:26,12.433333333333334,1,3,0.333,0,0,0.0,0,0,0.0,3,0,3,1,0,0,0,0,2,-21.0,0022500045,Jaxson Hayes,jaxson hayes,,,2025-11-14,0,0.16085790884718498,0.24128686327077747,0.24128686327077747,0.08042895442359249,0.24128686327077747,9.0,1.0,6.0,5.0,8.0,5.0,9.0,7.0,0.0,0,0.0,0,0.001,-73.6,-73526.47352647352,-73.5264,0.0,8.0,2.0,0.012387325
0022500045,1610612747,Los Angeles,Lakers,LAL,lakers,1629020,Jarred,Vanderbilt,J. Vanderbilt,jarred-vanderbilt,,,,11:19,11.316666666666666,1,4,0.25,1,2,0.5,0,0,0.0,1,1,2,1,2,0,1,1,3,-19.0,0022500045,Jarred Vanderbilt,jarred vanderbilt,,,2025-11-14,2,0.2650957290132548,0.08836524300441827,0.17673048600883653,0.08836524300441827,0.2650957290132548,8.0,3.0,8.0,5.0,2.0,5.0,8.0,8.0,3.0,0,0.0,0,0.00185,-74.6,-40302.53916801728,-74.46198999999999,0.17673048600883653,4.0,1.0,0.012048408
0022500231,1610612747,Los Angeles,Lakers,LAL,lakers,1642355,Bronny,James,B. James,bronny-james,F,,,9:54,9.9,0,2,0.0,0,2,0.0,0,0,0.0,1,0,1,1,1,0,0,0,0,-6.0,0022500231,Bronny James,bronny james,,,2025-11-15,1,0.0,0.10101010101010101,0.10101010101010101,0.10101010101010101,0.20202020202020202,10.0,4.0,7.0,4.0,5.0,4.0,10.0,8.0,2.0,0,0.0,0,0.00091,-22.7,-24917.67288693743,-22.679343,0.10101010101010101,6.0,3.0,0.006988117
0022500231,1610612747,Los Angeles,Lakers,LAL,lakers,1631222,Jake,LaRavia,J. LaRavia,jake-laravia,F,,,36:32,36.53333333333333,1,10,0.1,0,4,0.0,2,2,1.0,2,4,6,1,2,0,1,4,4,26.0,0022500231,Jake LaRavia,jake laravia,,,2025-11-15,2,0.10948905109489052,0.05474452554744526,0.1642335766423358,0.02737226277372263,0.10948905109489052,6.0,2.0,3.0,4.0,2.0,4.0,1.0,2.0,5.0,0,0.0,0,0.00146,37.4,25598.90485968515,37.345396,0.05474452554744526,4.0,8.0,0.12421964
0022500231,1610612747,Los Angeles,Lakers,LAL,lakers,1629028,Deandre,Ayton,D. Ayton,deandre-ayton,C,,,28:26,28.433333333333334,9,13,0.692,0,0,0.0,2,2,1.0,2,8,10,0,2,1,3,5,20,12.0,0022500231,Deandre Ayton,deandre ayton,,,2025-11-15,3,0.7033997655334114,0.07033997655334115,0.3516998827667057,0.0,0.17584994138335286,3.0,2.0,1.0,10.0,2.0,2.0,6.0,5.0,5.0,0,0.0,0,0.0027,27.0,9996.297667530544,26.9271,0.10550996483001172,2.0,4.0,0.83170366
0022500231,1610612747,Los Angeles,Lakers,LAL,lakers,1630559,Austin,Reaves,A. Reaves,austin-reaves,G,,,36:08,36.13333333333333,9,17,0.529,5,9,0.556,2,3,0.667,3,3,6,8,1,0,3,4,25,14.0,0022500231,Austin Reaves,austin reaves,,,2025-11-15,1,0.6918819188191881,0.08302583025830258,0.16605166051660517,0.22140221402214022,0.11070110701107011,2.0,1.0,3.0,1.0,5.0,4.0,5.0,3.0,2.0,0,0.0,0,0.00263,24.6,9350.05701254276,24.535302,0.027675276752767528,6.0,7.0,0.74663377
0022500231,1610612747,Los Angeles,Lakers,LAL,lakers,1629029,Luka,Dončić,L. Dončić,luka-dončić,G,,,38:13,38.21666666666667,9,19,0.474,5,11,0.455,18,20,0.9,1,8,9,6,1,2,3,1,41,25.0,0022500231,Luka Dončić,luka dončić,,,2025-11-15,3,1.0728303532490187,0.026166593981683382,0.23549934583515045,0.1569995638901003,0.10466637592673353,1.0,4.0,2.0,2.0,5.0,1.0,2.0,1.0,2.0,0,1.0,0,0.00356,33.6,9435.551811288964,33.480384,0.07849978194505015,2.0,9.0,0.52376974
0022500231,1610612747,Los Angeles,Lakers,LAL,lakers,1642261,Dalton,Knecht,D. Knecht,dalton-knecht,,,,33:48,33.8,4,8,0.5,1,4,0.25,0,0,0.0,1,5,6,1,3,1,1,0,9,24.0,0022500231,Dalton Knecht,dalton knecht,,,2025-11-15,4,0.26627218934911245,0.02958579881656805,0.1775147928994083,0.02958579881656805,0.14792899408284024,5.0,4.0,3.0,4.0,1.0,2.0,3.0,4.0,2.0,0,0.0,0,0.00117,38.8,33134.07344150299,38.754604,0.1183431952662722,1.0,5.0,0.5775899
0022500231,1610612747,Los Angeles,Lakers,LAL,lakers,1629637,Jaxson,Hayes,J. Hayes,jaxson-hayes,,,,16:41,16.683333333333334,3,4,0.75,0,0,0.0,4,4,1.0,0,6,6,1,2,0,2,1,10,10.0,0022500231,Jaxson Hayes,jaxson hayes,,,2025-11-15,2,0.5994005994005994,0.0,0.3596403596403596,0.05994005994005994,0.11988011988011987,4.0,8.0,3.0,4.0,2.0,4.0,7.0,7.0,3.0,0,0.0,0,0.00211,31.2,14779.7252486973,31.134168000000003,0.11988011988011987,4.0,6.0,0.1399548
0022500231,1610612747,Los Angeles,Lakers,LAL,lakers,1628467,Maxi,Kleber,M. Kleber,maxi-kleber,,,,25:01,25.016666666666666,1,1,1.0,1,1,1.0,0,0,0.0,0,1,1,3,0,0,0,5,3,22.0,0022500231,Maxi Kleber,maxi kleber,,,2025-11-15,0,0.11992005329780148,0.0,0.039973351099267154,0.11992005329780148,0.0,8.0,8.0,7.0,3.0,9.0,4.0,4.0,6.0,1.0,0,0.0,0,0.00017,46.7,273099.4152046784,46.692061,0.0,9.0,10.0,0.0305381
0022500231,1610612747,Los Angeles,Lakers,LAL,lakers,1642876,Adou,Thiero,A. Thiero,adou-thiero,,,,4:41,4.683333333333334,1,1,1.0,0,0,0.0,2,2,1.0,1,0,1,0,0,0,0,0,4,2.0,0022500231,Adou Thiero,adou thiero,,,2025-11-15,0,0.8540925266903914,0.21352313167259784,0.21352313167259784,0.0,0.21352313167259784,6.0,4.0,7.0,10.0,9.0,4.0,8.0,10.0,0.0,0,0.0,0,0.00182,46.5,25535.42009884679,46.415369999999996,0.0,9.0,2.0,0.016367052
0022500231,1610612747,Los Angeles,Lakers,LAL,lakers,1629020,Jarred,Vanderbilt,J. Vanderbilt,jarred-vanderbilt,,,,7:43,7.716666666666667,0,0,0.0,0,0,0.0,0,0,0.0,0,1,1,1,0,0,2,0,0,-11.0,0022500231,Jarred Vanderbilt,jarred vanderbilt,,,2025-11-15,0,0.0,0.0,0.12958963282937364,0.12958963282937364,0.0,10.0,8.0,7.0,4.0,9.0,4.0,11.0,9.0,,1,,1,0.0011799999999999998,-64.6,-54699.40728196444,-64.523772,0.0,9.0,10.0,0.003151733
0022500231,1610612747,Los Angeles,Lakers,LAL,lakers,1641733,Nick,Smith Jr.,N. Smith Jr.,nick-smith-jr,,,,2:53,2.8833333333333333,1,2,0.5,1,2,0.5,0,0,0.0,0,0,0,1,1,0,0,0,3,2.0,0022500231,Nick Smith Jr.,nick smith jr,,,2025-11-15,1,1.0404624277456647,0.0,0.0,0.3468208092485549,0.3468208092485549,8.0,8.0,11.0,4.0,5.0,4.0,8.0,11.0,1.0,0,0.0,0,0.0025,41.1,16433.42662934826,40.99725,0.3468208092485549,6.0,1.0,0.00894289
0022500253,1610612747,Los Angeles,Lakers,LAL,lakers,2544,LeBron,James,L. James,lebron-james,F,,,29:37,29.616666666666667,4,7,0.571,2,3,0.667,1,4,0.25,1,2,3,12,1,0,1,0,11,1.0,0022500253,LeBron James,lebron james,,,2025-11-18,1,0.37141249296567247,0.03376477208778841,0.10129431626336521,0.40517726505346086,0.06752954417557681,5.0,4.0,6.0,1.0,2.0,2.0,9.0,4.0,1.0,0,0.0,0,0.00135,5.5,4071.058475203553,5.492575,0.03376477208778841,3.0,5.0,0.6957405
0022500253,1610612747,Los Angeles,Lakers,LAL,lakers,1629060,Rui,Hachimura,R. Hachimura,rui-hachimura,F,,,25:42,25.7,3,8,0.375,0,2,0.0,0,0,0.0,2,2,4,1,0,0,0,1,6,14.0,0022500253,Rui Hachimura,rui hachimura,,,2025-11-18,0,0.23346303501945526,0.07782101167315175,0.1556420233463035,0.038910505836575876,0.07782101167315175,7.0,2.0,4.0,5.0,7.0,2.0,2.0,5.0,1.0,0,0.0,0,0.00125,24.6,19664.268585131897,24.569250000000004,0.0,7.0,4.0,0.23392057
0022500253,1610612747,Los Angeles,Lakers,LAL,lakers,1629028,Deandre,Ayton,D. Ayton,deandre-ayton,C,,,29:60,30.0,10,13,0.769,0,0,0.0,0,2,0.0,4,10,14,1,1,1,1,2,20,10.0,0022500253,Deandre Ayton,deandre ayton,,,2025-11-18,2,0.6666666666666666,0.13333333333333333,0.4666666666666667,0.03333333333333333,0.2,3.0,1.0,1.0,5.0,2.0,1.0,6.0,3.0,0.0,0,0.0,0,0.00203,11.6,5711.472181191531,11.576452,0.06666666666666667,2.0,1.0,0.8797842
0022500253,1610612747,Los Angeles,Lakers,LAL,lakers,1630559,Austin,Reaves,A. Reaves,austin-reaves,G,,,33:26,33.43333333333333,7,11,0.636,1,4,0.25,11,12,0.917,1,4,5,1,1,0,4,3,26,10.0,0022500253,Austin Reaves,austin reaves,,,2025-11-18,1,0.7776669990029911,0.029910269192422734,0.14955134596211367,0.029910269192422734,0.05982053838484547,2.0,4.0,2.0,5.0,2.0,2.0,6.0,2.0,3.0,0,1.0,0,0.00229,10.2,4452.204277608031,10.176642,0.029910269192422734,3.0,6.0,0.90730274
0022500253,1610612747,Los Angeles,Lakers,LAL,lakers,1629029,Luka,Dončić,L. Dončić,luka-dončić,G,,,34:14,34.233333333333334,11,22,0.5,2,10,0.2,13,16,0.813,0,5,5,10,4,0,8,4,37,10.0,0022500253,Luka Dončić,luka dončić,,,2025-11-18,4,1.0808179162609541,0.0,0.1460564751703992,0.2921129503407984,0.11684518013631938,1.0,7.0,2.0,2.0,1.0,2.0,6.0,1.0,5.0,0,0.0,0,0.00409,9.9,2419.9462234172574,9.859509,0.11684518013631938,1.0,3.0,0.78559
0022500253,1610612747,Los Angeles,Lakers,LAL,lakers,203935,Marcus,Smart,M. Smart,marcus-smart,,,,17:09,17.15,2,5,0.4,1,4,0.25,0,0,0.0,1,2,3,1,0,0,0,3,5,11.0,0022500253,Marcus Smart,marcus smart,,,2025-11-18,0,0.2915451895043732,0.05830903790087464,0.17492711370262393,0.05830903790087464,0.05830903790087464,9.0,4.0,6.0,5.0,7.0,2.0,5.0,7.0,1.0,0,0.0,0,0.00128,38.9,30366.900858704135,38.850208,0.0,7.0,7.0,0.038302753
0022500253,1610612747,Los Angeles,Lakers,LAL,lakers,1629637,Jaxson,Hayes,J. Hayes,jaxson-hayes,,,,15:02,15.033333333333333,3,3,1.0,0,0,0.0,2,3,0.667,2,1,3,0,1,0,0,1,8,13.0,0022500253,Jaxson Hayes,jaxson hayes,,,2025-11-18,1,0.532150776053215,0.13303769401330376,0.19955654101995565,0.0,0.19955654101995565,6.0,2.0,6.0,10.0,2.0,2.0,3.0,9.0,1.0,0,0.0,0,0.00098,40.1,40876.65647298675,40.060702,0.06651884700665188,3.0,2.0,0.52962327
0022500253,1610612747,Los Angeles,Lakers,LAL,lakers,1631222,Jake,LaRavia,J. LaRavia,jake-laravia,,,,25:30,25.5,6,10,0.6,2,5,0.4,2,3,0.667,0,4,4,2,1,0,0,1,16,12.0,0022500253,Jake LaRavia,jake laravia,,,2025-11-18,1,0.6274509803921569,0.0,0.1568627450980392,0.0784313725490196,0.0392156862745098,4.0,7.0,4.0,3.0,2.0,2.0,4.0,6.0,2.0,0,0.0,0,0.0016200000000000001,22.6,13942.011104256631,22.563388000000003,0.0392156862745098,3.0,8.0,0.7307187
0022500253,1610612747,Los Angeles,Lakers,LAL,lakers,1629216,Gabe,Vincent,G. Vincent,gabe-vincent,,,,16:01,16.016666666666666,2,3,0.667,2,3,0.667,0,0,0.0,0,0,0,1,0,0,0,3,6,15.0,0022500253,Gabe Vincent,gabe vincent,,,2025-11-18,0,0.37460978147762747,0.0,0.0,0.06243496357960458,0.0,7.0,7.0,9.0,5.0,7.0,2.0,1.0,8.0,1.0,0,0.0,0,0.00068,43.2,63436.123348017616,43.170624000000004,0.0,7.0,9.0,0.22312117
0022500253,1610612747,Los Angeles,Lakers,LAL,lakers,1642261,Dalton,Knecht,D. Knecht,dalton-knecht,,,,3:33,3.55,0,0,0.0,0,0,0.0,0,0,0.0,0,0,0,0,0,0,0,0,0,-7.0,0022500253,Dalton Knecht,dalton knecht,,,2025-11-18,0,0.0,0.0,0.0,0.0,0.0,12.0,7.0,9.0,10.0,7.0,2.0,11.0,10.0,,1,,1,0.0,-98.6,-98600000.0,-98.6,0.0,7.0,9.0,0.0031384216
0022500253,1610612747,Los Angeles,Lakers,LAL,lakers,1642355,Bronny,James,B. James,bronny-james,,,,3:33,3.55,1,1,1.0,1,1,1.0,0,0,0.0,0,0,0,2,0,0,3,1,3,-7.0,0022500253,Bronny James,bronny james,,,2025-11-18,0,0.8450704225352114,0.0,0.0,0.5633802816901409,0.0,10.0,7.0,9.0,3.0,7.0,2.0,11.0,10.0,,1,,1,0.00444,-98.6,-22202.2067102004,-98.162216,0.0,7.0,9.0,0.005253167
0022500253,1610612747,Los Angeles,Lakers,LAL,lakers,1642876,Adou,Thiero,A. Thiero,adou-thiero,,,,3:33,3.55,1,1,1.0,0,0,0.0,0,0,0.0,0,0,0,0,0,0,0,2,2,-7.0,0022500253,Adou Thiero,adou thiero,,,2025-11-18,0,0.5633802816901409,0.0,0.0,0.0,0.0,11.0,7.0,9.0,10.0,7.0,2.0,11.0,10.0,0.0,0,0.0,0,0.00111,-98.6,-88748.87488748874,-98.49055399999999,0.0,7.0,9.0,0.009812448
0022500253,1610612747,Los Angeles,Lakers,LAL,lakers,1628467,Maxi,Kleber,M. Kleber,maxi-kleber,,,,2:40,2.6666666666666665,0,0,0.0,0,0,0.0,0,0,0.0,0,0,0,0,0,0,0,0,0,-5.0,0022500253,Maxi Kleber,maxi kleber,,,2025-11-18,0,0.0,0.0,0.0,0.0,0.0,12.0,7.0,9.0,10.0,7.0,2.0,10.0,13.0,0.0,0,0.0,0,0.0,-95.2,-95200000.0,-95.2,0.0,7.0,9.0,0.003219242
0022500282,1610612747,Los Angeles,Lakers,LAL,lakers,2544,LeBron,James,L. James,lebron-james,F,,,34:19,34.31666666666667,8,18,0.444,0,4,0.0,1,2,0.5,0,6,6,8,1,0,2,2,17,-14.0,0022500282,LeBron James,lebron james,,,2025-11-23,1,0.49538610976202035,0.0,0.17484215638659542,0.23312287518212724,0.029140359397765905,3.0,5.0,3.0,1.0,2.0,5.0,10.0,3.0,2.0,0,0.0,0,0.00266,-18.9,-7102.59301014656,-18.849726,0.029140359397765905,2.0,10.0,0.4633532
0022500282,1610612747,Los Angeles,Lakers,LAL,lakers,1629060,Rui,Hachimura,R. Hachimura,rui-hachimura,F,,,29:10,29.166666666666668,4,8,0.5,2,4,0.5,3,4,0.75,0,6,6,0,0,1,0,1,13,2.0,0022500282,Rui Hachimura,rui hachimura,,,2025-11-23,1,0.4457142857142857,0.0,0.2057142857142857,0.0,0.03428571428571429,4.0,5.0,3.0,6.0,6.0,1.0,3.0,4.0,0.0,0,0.0,0,0.00145,3.2,2205.375603032392,3.1953600000000004,0.03428571428571429,2.0,9.0,0.5816327
0022500282,1610612747,Los Angeles,Lakers,LAL,lakers,1629028,Deandre,Ayton,D. Ayton,deandre-ayton,C,,,13:26,13.433333333333334,1,2,0.5,0,0,0.0,0,0,0.0,1,2,3,0,1,0,0,1,2,-4.0,0022500282,Deandre Ayton,deandre ayton,,,2025-11-23,1,0.1488833746898263,0.07444168734491315,0.22332506203473945,0.0,0.1488833746898263,9.0,2.0,6.0,6.0,2.0,5.0,9.0,9.0,1.0,0,0.0,0,0.00061,-9.5,-15548.281505728315,-9.494205000000001,0.07444168734491315,2.0,2.0,0.03488311
0022500282,1610612747,Los Angeles,Lakers,LAL,lakers,1630559,Austin,Reaves,A. Reaves,austin-reaves,G,,,39:58,39.96666666666667,7,17,0.412,1,8,0.125,7,8,0.875,1,9,10,4,1,0,3,2,22,-1.0,0022500282,Austin Reaves,austin reaves,,,2025-11-23,1,0.5504587155963302,0.0250208507089241,0.25020850708924103,0.1000834028356964,0.0500417014178482,2.0,2.0,2.0,3.0,2.0,5.0,8.0,2.0,1.0,0,0.0,0,0.00253,0.1,39.51007506914263,0.099747,0.0250208507089241,2.0,7.0,0.6120718
0022500282,1610612747,Los Angeles,Lakers,LAL,lakers,1629029,Luka,Dončić,L. Dončić,luka-dončić,G,,,40:10,40.166666666666664,10,24,0.417,3,12,0.25,10,12,0.833,0,11,11,8,3,0,6,2,33,5.0,0022500282,Luka Dončić,luka dončić,,,2025-11-23,3,0.8215767634854773,0.0,0.27385892116182575,0.19917012448132781,0.07468879668049792,1.0,5.0,1.0,1.0,1.0,5.0,2.0,1.0,5.0,0,0.0,0,0.00368,6.8,1847.3240967128495,6.774976,0.07468879668049792,1.0,4.0,0.59907013
0022500282,1610612747,Los Angeles,Lakers,LAL,lakers,203935,Marcus,Smart,M. Smart,marcus-smart,,,,17:28,17.466666666666665,2,6,0.333,2,6,0.333,0,0,0.0,0,0,0,0,0,1,0,1,6,18.0,0022500282,Marcus Smart,marcus smart,,,2025-11-23,1,0.3435114503816794,0.0,0.0,0.0,0.05725190839694657,5.0,5.0,10.0,6.0,6.0,1.0,1.0,7.0,2.0,0,1.0,0,0.0014000000000000002,48.2,34403.9971448965,48.13252000000001,0.05725190839694657,2.0,5.0,0.23599684
0022500282,1610612747,Los Angeles,Lakers,LAL,lakers,1629637,Jaxson,Hayes,J. Hayes,jaxson-hayes,,,,18:10,18.166666666666668,2,2,1.0,0,0,0.0,1,1,1.0,1,3,4,1,0,0,1,3,5,2.0,0022500282,Jaxson Hayes,jaxson hayes,,,2025-11-23,0,0.2752293577981651,0.055045871559633024,0.2201834862385321,0.055045871559633024,0.055045871559633024,6.0,2.0,5.0,5.0,6.0,5.0,3.0,6.0,2.0,0,0.0,0,0.00073,5.1,6976.7441860465115,5.096277,0.0,10.0,6.0,0.05737963
0022500282,1610612747,Los Angeles,Lakers,LAL,lakers,1631222,Jake,LaRavia,J. LaRavia,jake-laravia,,,,13:11,13.183333333333334,2,6,0.333,1,2,0.5,0,0,0.0,0,1,1,2,0,1,0,0,5,1.0,0022500282,Jake LaRavia,jake laravia,,,2025-11-23,1,0.37926675094816686,0.0,0.07585335018963338,0.15170670037926676,0.07585335018963338,6.0,5.0,8.0,4.0,6.0,1.0,5.0,10.0,1.0,0,0.0,0,0.00188,6.9,3668.2615629984057,6.887028000000001,0.07585335018963338,2.0,3.0,0.060394682
0022500282,1610612747,Los Angeles,Lakers,LAL,lakers,1629216,Gabe,Vincent,G. Vincent,gabe-vincent,,,,20:14,20.233333333333334,1,1,1.0,1,1,1.0,0,0,0.0,0,1,1,0,1,0,1,2,3,0.0,0022500282,Gabe Vincent,gabe vincent,,,2025-11-23,1,0.14827018121911037,0.0,0.049423393739703454,0.0,0.049423393739703454,8.0,5.0,8.0,6.0,2.0,5.0,7.0,5.0,4.0,0,0.0,0,0.00045,0.0,0.0,0.0,0.049423393739703454,2.0,8.0,0.014791362
0022500282,1610612747,Los Angeles,Lakers,LAL,lakers,1628467,Maxi,Kleber,M. Kleber,maxi-kleber,,,,13:54,13.9,1,2,0.5,0,1,0.0,0,0,0.0,2,1,3,0,0,1,1,4,2,1.0,0022500282,Maxi Kleber,maxi kleber,,,2025-11-23,1,0.14388489208633093,0.14388489208633093,0.2158273381294964,0.0,0.2158273381294964,9.0,1.0,6.0,6.0,6.0,1.0,5.0,8.0,0.0,0,0.0,0,0.00094,3.4,3613.1774707757704,3.396804,0.07194244604316546,2.0,1.0,0.039981123
0022500059,1610612747,Los Angeles,Lakers,LAL,lakers,2544,LeBron,James,L. James,lebron-james,F,,,32:19,32.31666666666667,9,15,0.6,2,5,0.4,5,6,0.833,1,5,6,6,1,1,3,3,25,18.0,0022500059,LeBron James,lebron james,,,2025-11-25,2,0.7735946364105208,0.030943785456420833,0.185662712738525,0.185662712738525,0.0928313563692625,3.0,4.0,3.0,2.0,2.0,1.0,3.0,3.0,0.0,0,0.0,0,0.0025,19.5,7796.881247500999,19.45125,0.061887570912841666,2.0,7.0,0.74328965
0022500059,1610612747,Los Angeles,Lakers,LAL,lakers,1629060,Rui,Hachimura,R. Hachimura,rui-hachimura,F,,,30:52,30.866666666666667,6,9,0.667,1,2,0.5,0,0,0.0,1,2,3,0,0,0,1,2,13,3.0,0022500059,Rui Hachimura,rui hachimura,,,2025-11-25,0,0.42116630669546434,0.03239740820734341,0.09719222462203024,0.0,0.03239740820734341,4.0,4.0,5.0,7.0,8.0,5.0,7.0,4.0,0.0,0,0.0,0,0.0014299999999999998,7.0,4891.6841369671565,6.98999,0.0,8.0,9.0,0.34468445
0022500059,1610612747,Los Angeles,Lakers,LAL,lakers,1629637,Jaxson,Hayes,J. Hayes,jaxson-hayes,C,,,29:50,29.833333333333332,3,4,0.75,0,0,0.0,2,2,1.0,1,3,4,3,1,1,1,2,8,21.0,0022500059,Jaxson Hayes,jaxson hayes,,,2025-11-25,2,0.2681564245810056,0.0335195530726257,0.1340782122905028,0.1005586592178771,0.1005586592178771,5.0,4.0,4.0,3.0,2.0,1.0,1.0,5.0,4.0,0,0.0,0,0.00091,36.8,40395.17014270033,36.766512,0.0670391061452514,2.0,6.0,0.38638997
0022500059,1610612747,Los Angeles,Lakers,LAL,lakers,1630559,Austin,Reaves,A. Reaves,austin-reaves,G,,,35:03,35.05,11,16,0.688,2,4,0.5,7,7,1.0,3,6,9,3,3,0,1,3,31,19.0,0022500059,Austin Reaves,austin reaves,,,2025-11-25,3,0.8844507845934381,0.0855920114122682,0.25677603423680456,0.0855920114122682,0.1711840228245364,2.0,1.0,1.0,3.0,1.0,5.0,2.0,2.0,2.0,0,1.0,0,0.00253,29.7,11734.49229553536,29.624858999999997,0.0855920114122682,1.0,3.0,0.8869693
0022500059,1610612747,Los Angeles,Lakers,LAL,lakers,1629029,Luka,Dončić,L. Dončić,luka-dončić,G,,,38:16,38.266666666666666,14,28,0.5,7,12,0.583,8,11,0.727,2,7,9,13,1,1,3,4,43,9.0,0022500059,Luka Dončić,luka dončić,,,2025-11-25,2,1.1236933797909407,0.05226480836236934,0.23519163763066203,0.3397212543554007,0.10452961672473868,1.0,2.0,1.0,1.0,2.0,1.0,5.0,1.0,5.0,0,0.0,0,0.00385,9.9,2570.7608413399116,9.861885000000001,0.05226480836236934,2.0,5.0,0.8927063
0022500059,1610612747,Los Angeles,Lakers,LAL,lakers,203935,Marcus,Smart,M. Smart,marcus-smart,,,,20:04,20.066666666666666,3,5,0.6,1,1,1.0,0,0,0.0,2,1,3,3,1,1,1,3,7,2.0,0022500059,Marcus Smart,marcus smart,,,2025-11-25,2,0.3488372093023256,0.09966777408637874,0.14950166112956811,0.14950166112956811,0.19933554817275748,6.0,2.0,5.0,3.0,2.0,1.0,8.0,6.0,3.0,0,0.0,0,0.0011799999999999998,-1.1,-931.4140558848436,-1.098702,0.09966777408637874,2.0,2.0,0.16352686
0022500059,1610612747,Los Angeles,Lakers,LAL,lakers,1628467,Maxi,Kleber,M. Kleber,maxi-kleber,,,,13:40,13.666666666666666,1,3,0.333,0,1,0.0,0,0,0.0,1,2,3,0,0,0,0,2,2,-7.0,0022500059,Maxi Kleber,maxi kleber,,,2025-11-25,0,0.14634146341463417,0.07317073170731708,0.21951219512195122,0.0,0.07317073170731708,8.0,4.0,5.0,7.0,8.0,5.0,13.0,9.0,0.0,0,0.0,0,0.00083,-32.1,-38628.15884476534,-32.073357,0.0,8.0,8.0,0.008487992
0022500059,1610612747,Los Angeles,Lakers,LAL,lakers,1631222,Jake,LaRavia,J. LaRavia,jake-laravia,,,,17:07,17.116666666666667,2,2,1.0,0,0,0.0,0,0,0.0,1,0,1,0,1,0,0,1,4,7.0,0022500059,Jake LaRavia,jake laravia,,,2025-11-25,1,0.23369036027263876,0.05842259006815969,0.05842259006815969,0.0,0.11684518013631938,7.0,4.0,8.0,7.0,2.0,5.0,6.0,8.0,1.0,0,0.0,0,0.00043,16.0,37122.96983758701,15.99312,0.05842259006815969,6.0,4.0,0.060897358
0022500059,1610612747,Los Angeles,Lakers,LAL,lakers,1629216,Gabe,Vincent,G. Vincent,gabe-vincent,,,,18:01,18.016666666666666,0,2,0.0,0,2,0.0,0,0,0.0,0,0,0,0,0,0,1,1,0,17.0,0022500059,Gabe Vincent,gabe vincent,,,2025-11-25,0,0.0,0.0,0.0,0.0,0.0,10.0,9.0,9.0,7.0,8.0,5.0,4.0,7.0,2.0,0,0.0,0,0.00073,50.0,68399.45280437756,49.963499999999996,0.0,8.0,10.0,0.011910425
0022500059,1610612747,Los Angeles,Lakers,LAL,lakers,1642876,Adou,Thiero,A. Thiero,adou-thiero,,,,1:12,1.2,0,0,0.0,0,0,0.0,0,0,0.0,0,0,0,0,0,0,0,1,0,-1.0,0022500059,Adou Thiero,adou thiero,,,2025-11-25,0,0.0,0.0,0.0,0.0,0.0,10.0,9.0,9.0,7.0,8.0,5.0,9.0,10.0,,1,,1,0.0,-33.3,-33300000.0,-33.3,0.0,8.0,10.0,0.0025870956
0022500059,1610612747,Los Angeles,Lakers,LAL,lakers,1642261,Dalton,Knecht,D. Knecht,dalton-knecht,,,,1:12,1.2,0,0,0.0,0,0,0.0,0,0,0.0,0,0,0,0,0,0,0,0,0,-1.0,0022500059,Dalton Knecht,dalton knecht,,,2025-11-25,0,0.0,0.0,0.0,0.0,0.0,10.0,9.0,9.0,7.0,8.0,5.0,9.0,10.0,,1,,1,0.0,-33.3,-33300000.0,-33.3,0.0,8.0,10.0,0.002542777
0022500059,1610612747,Los Angeles,Lakers,LAL,lakers,1642355,Bronny,James,B. James,bronny-james,,,,1:12,1.2,0,1,0.0,0,1,0.0,0,0,0.0,0,0,0,1,0,0,0,0,0,-1.0,0022500059,Bronny James,bronny james,,,2025-11-25,0,0.0,0.0,0.0,0.8333333333333334,0.0,10.0,9.0,9.0,6.0,8.0,5.0,9.0,10.0,,1,,1,0.0025,-33.3,-13314.67413034786,-33.21675,0.0,8.0,10.0,0.0018068117
0022500059,1610612747,Los Angeles,Lakers,LAL,lakers,1631166,Drew,Timme,D. Timme,drew-timme,,,,1:12,1.2,1,2,0.5,0,1,0.0,0,0,0.0,0,0,0,0,1,0,0,0,2,-1.0,0022500059,Drew Timme,drew timme,,,2025-11-25,1,1.6666666666666667,0.0,0.0,0.0,0.8333333333333334,8.0,9.0,9.0,7.0,2.0,5.0,9.0,10.0,1.0,0,0.0,0,0.005,-33.3,-6658.66826634673,-33.1335,0.8333333333333334,6.0,1.0,0.012712428
0022500078,1610612747,Los Angeles,Lakers,LAL,lakers,2544,LeBron,James,L. James,lebron-james,F,,,33:57,33.95,5,13,0.385,2,6,0.333,1,4,0.25,1,4,5,7,1,0,2,1,13,13.0,0022500078,LeBron James,lebron james,,,2025-11-28,1,0.3829160530191458,0.02945508100147275,0.14727540500736375,0.20618556701030927,0.0589101620029455,5.0,3.0,3.0,2.0,1.0,4.0,3.0,5.0,3.0,0,0.0,0,0.0023,15.5,6736.201651455888,15.46435,0.02945508100147275,2.0,5.0,0.60025364
0022500078,1610612747,Los Angeles,Lakers,LAL,lakers,1629060,Rui,Hachimura,R. Hachimura,rui-hachimura,F,,,36:20,36.333333333333336,5,13,0.385,4,8,0.5,0,0,0.0,2,2,4,0,1,0,2,1,14,10.0,0022500078,Rui Hachimura,rui hachimura,,,2025-11-28,1,0.38532110091743116,0.055045871559633024,0.11009174311926605,0.0,0.08256880733944953,4.0,1.0,5.0,7.0,1.0,4.0,4.0,3.0,0.0,0,0.0,0,0.0019,14.3,7522.356654392426,14.27283,0.027522935779816512,2.0,4.0,0.45255908
0022500078,1610612747,Los Angeles,Lakers,LAL,lakers,1629028,Deandre,Ayton,D. Ayton,deandre-ayton,C,,,36:20,36.333333333333336,8,9,0.889,0,0,0.0,1,2,0.5,2,6,8,2,1,2,2,1,17,18.0,0022500078,Deandre Ayton,deandre ayton,,,2025-11-28,3,0.4678899082568807,0.055045871559633024,0.2201834862385321,0.055045871559633024,0.13761467889908255,3.0,1.0,1.0,5.0,1.0,1.0,1.0,3.0,2.0,0,0.0,0,0.00154,27.3,17715.768981181052,27.257958000000002,0.08256880733944953,1.0,2.0,0.8484786
0022500078,1610612747,Los Angeles,Lakers,LAL,lakers,1630559,Austin,Reaves,A. Reaves,austin-reaves,G,,,41:19,41.31666666666667,12,15,0.8,6,8,0.75,8,9,0.889,1,7,8,3,0,0,1,2,38,3.0,0022500078,Austin Reaves,austin reaves,,,2025-11-28,0,0.9197256958450988,0.024203307785397334,0.19362646228317867,0.07260992335619201,0.024203307785397334,1.0,3.0,1.0,3.0,5.0,4.0,6.0,1.0,5.0,0,0.0,0,0.00222,5.3,2386.3124718595222,5.288234,0.0,7.0,7.0,0.8754769
0022500078,1610612747,Los Angeles,Lakers,LAL,lakers,1629029,Luka,Dončić,L. Dončić,luka-dončić,G,,,40:18,40.3,10,18,0.556,4,9,0.444,11,11,1.0,0,5,5,11,0,1,4,4,35,15.0,0022500078,Luka Dončić,luka dončić,,,2025-11-28,1,0.8684863523573202,0.0,0.12406947890818859,0.2729528535980149,0.02481389578163772,2.0,5.0,3.0,1.0,5.0,2.0,2.0,2.0,2.0,0,2.0,0,0.0030299999999999997,18.8,6202.573408116134,18.743036,0.02481389578163772,2.0,6.0,0.8299098
0022500078,1610612747,Los Angeles,Lakers,LAL,lakers,1631222,Jake,LaRavia,J. LaRavia,jake-laravia,,,,13:32,13.533333333333333,0,0,0.0,0,0,0.0,0,0,0.0,0,2,2,0,0,0,1,1,0,-5.0,0022500078,Jake LaRavia,jake laravia,,,2025-11-28,0,0.0,0.0,0.1477832512315271,0.0,0.0,8.0,5.0,6.0,7.0,5.0,4.0,8.0,7.0,0.0,0,0.0,0,0.00031,-17.2,-55305.46623794211,-17.194668,0.0,7.0,8.0,0.0065752845
0022500078,1610612747,Los Angeles,Lakers,LAL,lakers,1629637,Jaxson,Hayes,J. Hayes,jaxson-hayes,,,,11:40,11.666666666666666,3,4,0.75,0,0,0.0,0,0,0.0,0,2,2,1,0,1,1,3,6,-8.0,0022500078,Jaxson Hayes,jaxson hayes,,,2025-11-28,1,0.5142857142857143,0.0,0.17142857142857143,0.08571428571428572,0.08571428571428572,6.0,5.0,6.0,6.0,5.0,2.0,9.0,8.0,1.0,0,0.0,0,0.00185,-30.8,-16639.654240950837,-30.74302,0.08571428571428572,2.0,3.0,0.058072764
0022500078,1610612747,Los Angeles,Lakers,LAL,lakers,1629216,Gabe,Vincent,G. Vincent,gabe-vincent,,,,22:54,22.9,2,3,0.667,2,3,0.667,0,0,0.0,0,0,0,3,0,0,0,4,6,7.0,0022500078,Gabe Vincent,gabe vincent,,,2025-11-28,0,0.26200873362445415,0.0,0.0,0.13100436681222707,0.0,6.0,5.0,8.0,3.0,5.0,4.0,5.0,6.0,1.0,0,0.0,0,0.0006,11.4,18968.38602329451,11.39316,0.0,7.0,8.0,0.055944443
0022500078,1610612747,Los Angeles,Lakers,LAL,lakers,1628467,Maxi,Kleber,M. Kleber,maxi-kleber,,,,3:40,3.6666666666666665,0,1,0.0,0,1,0.0,0,0,0.0,0,0,0,0,1,0,1,3,0,-3.0,0022500078,Maxi Kleber,maxi kleber,,,2025-11-28,1,0.0,0.0,0.0,0.0,0.27272727272727276,8.0,5.0,8.0,7.0,1.0,4.0,7.0,9.0,1.0,0,0.0,0,0.0025,-20.8,-8316.673330667732,-20.748,0.27272727272727276,2.0,1.0,0.0046092723
0022500308,1610612747,Los Angeles,Lakers,LAL,lakers,1629216,Gabe,Vincent,G. Vincent,gabe-vincent,F,,,24:43,24.716666666666665,2,5,0.4,2,4,0.5,0,0,0.0,1,1,2,4,1,0,0,3,6,15.0,0022500308,Gabe Vincent,gabe vincent,,,2025-11-30,1,0.24275118004045854,0.04045853000674309,0.08091706001348618,0.16183412002697237,0.08091706001348618,7.0,5.0,6.0,3.0,1.0,7.0,1.0,6.0,0.0,0,0.0,0,0.0008799999999999999,24.8,28149.829738933033,24.778176000000002,0.04045853000674309,5.0,6.0,0.14805856
0022500308,1610612747,Los Angeles,Lakers,LAL,lakers,1629060,Rui,Hachimura,R. Hachimura,rui-hachimura,F,,,33:35,33.583333333333336,6,14,0.429,2,8,0.25,0,0,0.0,1,1,2,0,0,0,0,2,14,-3.0,0022500308,Rui Hachimura,rui hachimura,,,2025-11-30,0,0.41687344913151364,0.029776674937965257,0.059553349875930514,0.0,0.029776674937965257,4.0,5.0,6.0,8.0,5.0,7.0,10.0,3.0,1.0,0,0.0,0,0.0017100000000000001,-2.4,-1402.688486265342,-2.395896,0.0,9.0,9.0,0.3000918
0022500308,1610612747,Los Angeles,Lakers,LAL,lakers,1629028,Deandre,Ayton,D. Ayton,deandre-ayton,C,,,26:59,26.983333333333334,7,9,0.778,0,0,0.0,8,8,1.0,3,9,12,1,0,4,0,0,22,14.0,0022500308,Deandre Ayton,deandre ayton,,,2025-11-30,4,0.8153180975911056,0.11117974058060531,0.44471896232242125,0.03705991352686844,0.25941939468807906,3.0,1.0,1.0,7.0,5.0,1.0,2.0,4.0,0.0,0,0.0,0,0.0021,27.1,12898.619704902429,27.043090000000003,0.14823965410747375,1.0,2.0,0.94023746
0022500308,1610612747,Los Angeles,Lakers,LAL,lakers,1630559,Austin,Reaves,A. Reaves,austin-reaves,G,,,39:38,39.63333333333333,9,15,0.6,4,7,0.571,11,12,0.917,0,5,5,8,1,1,5,1,33,-2.0,0022500308,Austin Reaves,austin reaves,,,2025-11-30,2,0.832632464255677,0.0,0.1261564339781329,0.20185029436501262,0.050462573591253154,2.0,7.0,4.0,1.0,1.0,3.0,8.0,1.0,1.0,0,1.0,0,0.00253,-0.9,-355.59067562228364,-0.8977229999999999,0.050462573591253154,2.0,8.0,0.90886605
0022500308,1610612747,Los Angeles,Lakers,LAL,lakers,1629029,Luka,Dončić,L. Dončić,luka-dončić,G,,,35:04,35.06666666666667,9,22,0.409,4,12,0.333,12,14,0.857,2,10,12,7,1,1,2,0,34,8.0,0022500308,Luka Dončić,luka dončić,,,2025-11-30,2,0.9695817490494296,0.05703422053231939,0.34220532319391633,0.19961977186311786,0.11406844106463877,1.0,2.0,1.0,2.0,1.0,3.0,5.0,2.0,4.0,0,0.0,0,0.00337,8.9,2640.1661228122216,8.870007000000001,0.05703422053231939,2.0,5.0,0.72293025
0022500308,1610612747,Los Angeles,Lakers,LAL,lakers,1631222,Jake,LaRavia,J. LaRavia,jake-laravia,,,,25:31,25.516666666666666,4,14,0.286,2,7,0.286,0,0,0.0,2,3,5,2,0,1,1,1,10,4.0,0022500308,Jake LaRavia,jake laravia,,,2025-11-30,1,0.3919007184846506,0.07838014369693011,0.1959503592423253,0.07838014369693011,0.11757021554539517,5.0,2.0,4.0,4.0,5.0,3.0,6.0,5.0,2.0,0,0.0,0,0.00231,5.2,2250.108178277802,5.187988,0.039190071848465055,5.0,4.0,0.43876508
0022500308,1610612747,Los Angeles,Lakers,LAL,lakers,1629637,Jaxson,Hayes,J. Hayes,jaxson-hayes,,,,21:01,21.016666666666666,4,4,1.0,0,0,0.0,0,1,0.0,2,4,6,2,0,2,0,3,8,-2.0,0022500308,Jaxson Hayes,jaxson hayes,,,2025-11-30,2,0.3806502775574941,0.09516256938937352,0.2854877081681206,0.09516256938937352,0.19032513877874704,6.0,2.0,3.0,4.0,5.0,2.0,8.0,7.0,0.0,0,0.0,0,0.00074,-7.4,-9986.504723346829,-7.3945240000000005,0.09516256938937352,2.0,3.0,0.3062243
0022500308,1610612747,Los Angeles,Lakers,LAL,lakers,1642261,Dalton,Knecht,D. Knecht,dalton-knecht,,,,17:25,17.416666666666668,1,4,0.25,1,3,0.333,1,2,0.5,0,1,1,2,0,1,0,2,4,13.0,0022500308,Dalton Knecht,dalton knecht,,,2025-11-30,1,0.2296650717703349,0.0,0.057416267942583726,0.11483253588516745,0.057416267942583726,8.0,7.0,8.0,4.0,5.0,3.0,4.0,8.0,0.0,0,0.0,0,0.00128,35.2,27478.532396565184,35.15494400000001,0.057416267942583726,5.0,7.0,0.017306047
0022500308,1610612747,Los Angeles,Lakers,LAL,lakers,1628467,Maxi,Kleber,M. Kleber,maxi-kleber,,,,13:12,13.2,0,0,0.0,0,0,0.0,2,2,1.0,0,1,1,0,0,0,0,1,2,14.0,0022500308,Maxi Kleber,maxi kleber,,,2025-11-30,0,0.15151515151515152,0.0,0.07575757575757576,0.0,0.0,9.0,7.0,8.0,8.0,5.0,7.0,2.0,9.0,0.0,0,0.0,0,0.00031,44.1,141800.6430868167,44.086329,0.0,9.0,10.0,0.014891989
0022500308,1610612747,Los Angeles,Lakers,LAL,lakers,1642876,Adou,Thiero,A. Thiero,adou-thiero,,,,2:52,2.8666666666666667,0,0,0.0,0,0,0.0,0,0,0.0,0,0,0,0,1,0,0,1,0,-1.0,0022500308,Adou Thiero,adou thiero,,,2025-11-30,1,0.0,0.0,0.0,0.0,0.3488372093023256,10.0,7.0,10.0,8.0,1.0,7.0,7.0,10.0,2.0,0,0.0,0,0.0,-30.4,-30400000.0,-30.4,0.3488372093023256,5.0,1.0,0.0051740594
0022500317,1610612747,Los Angeles,Lakers,LAL,lakers,2544,LeBron,James,L. James,lebron-james,F,,,31:14,31.233333333333334,3,10,0.3,1,4,0.25,3,4,0.75,0,0,0,3,0,0,3,2,10,-6.0,0022500317,LeBron James,lebron james,,,2025-12-01,0,0.32017075773745995,0.0,0.0,0.096051227321238,0.0,5.0,5.0,11.0,2.0,2.0,1.0,7.0,3.0,1.0,0,0.0,0,0.002,-10.3,-5147.426286856572,-10.2794,0.0,2.0,5.0,0.05050963
0022500317,1610612747,Los Angeles,Lakers,LAL,lakers,1629060,Rui,Hachimura,R. Hachimura,rui-hachimura,F,,,22:59,22.983333333333334,0,1,0.0,0,0,0.0,0,0,0.0,0,1,1,0,0,0,0,0,0,-12.0,0022500317,Rui Hachimura,rui hachimura,,,2025-12-01,0,0.0,0.0,0.0435097897026831,0.0,0.0,11.0,5.0,9.0,10.0,2.0,1.0,10.0,5.0,2.0,0,0.0,0,0.00017,-24.6,-143859.64912280702,-24.595818,0.0,2.0,5.0,0.0074091377
0022500317,1610612747,Los Angeles,Lakers,LAL,lakers,1629028,Deandre,Ayton,D. Ayton,deandre-ayton,C,,,27:52,27.866666666666667,6,8,0.75,0,0,0.0,0,0,0.0,2,7,9,1,1,0,0,2,12,-9.0,0022500317,Deandre Ayton,deandre ayton,,,2025-12-01,1,0.43062200956937796,0.07177033492822966,0.3229665071770335,0.03588516746411483,0.10765550239234449,4.0,1.0,2.0,5.0,1.0,1.0,8.0,4.0,0.0,0,0.0,0,0.0011799999999999998,-16.4,-13886.53683319221,-16.380648,0.03588516746411483,1.0,1.0,0.5648333
0022500317,1610612747,Los Angeles,Lakers,LAL,lakers,1630559,Austin,Reaves,A. Reaves,austin-reaves,G,,,33:22,33.36666666666667,6,12,0.5,3,7,0.429,1,1,1.0,0,4,4,3,0,0,5,2,16,-11.0,0022500317,Austin Reaves,austin reaves,,,2025-12-01,0,0.4795204795204795,0.0,0.11988011988011987,0.0899100899100899,0.0,2.0,5.0,3.0,2.0,2.0,1.0,9.0,1.0,1.0,0,0.0,0,0.00213,-18.0,-8446.738620366024,-17.961660000000002,0.0,2.0,5.0,0.38260573
0022500317,1610612747,Los Angeles,Lakers,LAL,lakers,1629029,Luka,Dončić,L. Dončić,luka-dončić,G,,,31:33,31.55,15,26,0.577,3,8,0.375,5,5,1.0,0,11,11,5,0,0,9,2,38,-25.0,0022500317,Luka Dončić,luka dončić,,,2025-12-01,0,1.2044374009508716,0.0,0.34865293185419965,0.15847860538827258,0.0,1.0,5.0,1.0,1.0,2.0,1.0,13.0,2.0,0.0,0,0.0,0,0.00487,-33.4,-6856.908232395811,-33.237342,0.0,2.0,5.0,0.71560186
0022500317,1610612747,Los Angeles,Lakers,LAL,lakers,1631222,Jake,LaRavia,J. LaRavia,jake-laravia,,,,15:57,15.95,1,3,0.333,0,1,0.0,0,0,0.0,0,2,2,1,0,0,1,1,2,-20.0,0022500317,Jake LaRavia,jake laravia,,,2025-12-01,0,0.12539184952978058,0.0,0.12539184952978058,0.06269592476489029,0.0,10.0,5.0,6.0,5.0,2.0,1.0,12.0,7.0,3.0,0,0.0,0,0.00108,-52.8,-48843.66327474561,-52.742976,0.0,2.0,5.0,0.0071592224
0022500317,1610612747,Los Angeles,Lakers,LAL,lakers,1629637,Jaxson,Hayes,J. Hayes,jaxson-hayes,,,,14:24,14.4,1,1,1.0,0,0,0.0,4,5,0.8,1,1,2,0,0,0,0,1,6,-13.0,0022500317,Jaxson Hayes,jaxson hayes,,,2025-12-01,0,0.41666666666666663,0.06944444444444445,0.1388888888888889,0.0,0.06944444444444445,6.0,2.0,6.0,10.0,2.0,1.0,11.0,9.0,0.0,0,0.0,0,0.00091,-40.6,-44566.41053787047,-40.563054,0.0,2.0,3.0,0.03785532
0022500317,1610612747,Los Angeles,Lakers,LAL,lakers,1629216,Gabe,Vincent,G. Vincent,gabe-vincent,,,,20:44,20.733333333333334,1,6,0.167,1,4,0.25,0,0,0.0,1,1,2,0,0,0,1,0,3,-5.0,0022500317,Gabe Vincent,gabe vincent,,,2025-12-01,0,0.14469453376205788,0.04823151125401929,0.09646302250803858,0.0,0.04823151125401929,8.0,2.0,6.0,10.0,2.0,1.0,6.0,6.0,2.0,0,1.0,0,0.00149,-11.4,-7645.875251509055,-11.383014000000001,0.0,2.0,4.0,0.016751794
0022500317,1610612747,Los Angeles,Lakers,LAL,lakers,1642261,Dalton,Knecht,D. Knecht,dalton-knecht,,,,15:37,15.616666666666667,5,7,0.714,3,5,0.6,0,0,0.0,0,4,4,1,0,0,0,3,13,-1.0,0022500317,Dalton Knecht,dalton knecht,,,2025-12-01,0,0.8324439701173959,0.0,0.256136606189968,0.064034151547492,0.0,3.0,5.0,3.0,5.0,2.0,1.0,5.0,8.0,1.0,0,0.0,0,0.00212,-3.3,-1555.8698727015558,-3.293004,0.0,2.0,5.0,0.8538119
0022500317,1610612747,Los Angeles,Lakers,LAL,lakers,1628467,Maxi,Kleber,M. Kleber,maxi-kleber,,,,10:13,10.216666666666667,2,4,0.5,1,2,0.5,0,0,0.0,1,2,3,2,0,0,0,0,5,5.0,0022500317,Maxi Kleber,maxi kleber,,,2025-12-01,0,0.4893964110929853,0.09787928221859707,0.2936378466557912,0.19575856443719414,0.09787928221859707,7.0,2.0,5.0,4.0,2.0,1.0,1.0,10.0,0.0,0,0.0,0,0.00211,32.7,15490.288962576979,32.63100300000001,0.0,2.0,2.0,0.1314808
0022500317,1610612747,Los Angeles,Lakers,LAL,lakers,1641733,Nick,Smith Jr.,N. Smith Jr.,nick-smith-jr,,,,5:44,5.733333333333333,1,2,0.5,1,2,0.5,0,0,0.0,0,0,0,1,0,0,0,0,3,5.0,0022500317,Nick Smith Jr.,nick smith jr,,,2025-12-01,0,0.5232558139534884,0.0,0.0,0.1744186046511628,0.0,8.0,5.0,11.0,5.0,2.0,1.0,1.0,11.0,0.0,0,0.0,0,0.002,65.6,32783.608195902045,65.46879999999999,0.0,2.0,5.0,0.015762834
0022500317,1610612747,Los Angeles,Lakers,LAL,lakers,1642355,Bronny,James,B. James,bronny-james,,,,5:44,5.733333333333333,0,0,0.0,0,0,0.0,0,0,0.0,0,0,0,1,0,0,1,0,0,5.0,0022500317,Bronny James,bronny james,,,2025-12-01,0,0.0,0.0,0.0,0.1744186046511628,0.0,11.0,5.0,11.0,5.0,2.0,1.0,1.0,11.0,0.0,0,0.0,0,0.001,65.6,65534.46553446553,65.53439999999999,0.0,2.0,5.0,0.009350006
0022500317,1610612747,Los Angeles,Lakers,LAL,lakers,1642876,Adou,Thiero,A. Thiero,adou-thiero,,,,4:37,4.616666666666667,0,0,0.0,0,0,0.0,0,0,0.0,0,1,1,0,0,0,1,0,0,2.0,0022500317,Adou Thiero,adou thiero,,,2025-12-01,0,0.0,0.0,0.21660649819494582,0.0,0.0,11.0,5.0,9.0,10.0,2.0,1.0,4.0,13.0,1.0,0,0.0,0,0.00125,44.6,35651.478816946445,44.544250000000005,0.0,2.0,5.0,0.005832546
0022500336,1610612747,Los Angeles,Lakers,LAL,lakers,2544,LeBron,James,L. James,lebron-james,F,,,35:58,35.96666666666667,4,17,0.235,0,5,0.0,0,0,0.0,1,5,6,11,0,0,0,1,8,-1.0,0022500336,LeBron James,lebron james,,,2025-12-04,0,0.22242817423540315,0.027803521779425393,0.16682113067655235,0.3058387395736793,0.027803521779425393,6.0,4.0,3.0,1.0,6.0,5.0,7.0,2.0,1.0,0,0.0,0,0.002,2.3,1149.4252873563216,2.2954,0.0,8.0,8.0,0.27270773
0022500336,1610612747,Los Angeles,Lakers,LAL,lakers,1629060,Rui,Hachimura,R. Hachimura,rui-hachimura,F,,,34:58,34.96666666666667,4,9,0.444,2,3,0.667,2,2,1.0,1,2,3,0,1,0,1,2,12,4.0,0022500336,Rui Hachimura,rui hachimura,,,2025-12-04,1,0.34318398474737843,0.02859866539561487,0.08579599618684461,0.0,0.05719733079122974,4.0,4.0,6.0,5.0,3.0,5.0,3.0,3.0,0.0,0,0.0,0,0.00145,11.3,7787.732598208134,11.283615000000001,0.02859866539561487,6.0,7.0,0.48477423
0022500336,1610612747,Los Angeles,Lakers,LAL,lakers,1629028,Deandre,Ayton,D. Ayton,deandre-ayton,C,,,31:39,31.65,8,11,0.727,0,0,0.0,1,1,1.0,3,5,8,0,0,2,2,1,17,-1.0,0022500336,Deandre Ayton,deandre ayton,,,2025-12-04,2,0.5371248025276462,0.09478672985781991,0.25276461295418645,0.0,0.1579778830963665,2.0,1.0,1.0,5.0,6.0,2.0,7.0,4.0,0.0,0,0.0,0,0.0018599999999999999,4.5,2418.0548092423433,4.49163,0.06319115323854661,3.0,5.0,0.8335743
0022500336,1610612747,Los Angeles,Lakers,LAL,lakers,1630559,Austin,Reaves,A. Reaves,austin-reaves,G,,,40:48,40.8,13,21,0.619,5,11,0.455,13,15,0.867,0,5,5,10,0,0,5,3,44,6.0,0022500336,Austin Reaves,austin reaves,,,2025-12-04,0,1.0784313725490198,0.0,0.12254901960784315,0.2450980392156863,0.0,1.0,9.0,4.0,2.0,6.0,5.0,1.0,1.0,1.0,0,2.0,0,0.0036,9.0,2499.3057484032215,8.9676,0.0,8.0,9.0,0.89765245
0022500336,1610612747,Los Angeles,Lakers,LAL,lakers,1629216,Gabe,Vincent,G. Vincent,gabe-vincent,G,,,24:19,24.316666666666666,2,8,0.25,1,5,0.2,0,0,0.0,1,1,2,4,1,1,1,6,5,0.0,0022500336,Gabe Vincent,gabe vincent,,,2025-12-04,2,0.20562028786840303,0.0411240575736806,0.0822481151473612,0.1644962302947224,0.12337217272104181,7.0,4.0,7.0,3.0,3.0,3.0,6.0,6.0,3.0,0,0.0,0,0.00145,0.0,0.0,0.0,0.0822481151473612,3.0,6.0,0.044761367
0022500336,1610612747,Los Angeles,Lakers,LAL,lakers,1631222,Jake,LaRavia,J. LaRavia,jake-laravia,,,,28:13,28.216666666666665,5,8,0.625,2,3,0.667,2,2,1.0,3,4,7,0,2,1,2,3,14,1.0,0022500336,Jake LaRavia,jake laravia,,,2025-12-04,3,0.4961606615475488,0.10632014176018902,0.2480803307737744,0.0,0.21264028352037803,3.0,1.0,2.0,5.0,1.0,3.0,5.0,5.0,2.0,0,0.0,0,0.00169,6.5,3843.87936132466,6.489015,0.10632014176018902,1.0,2.0,0.8200676
0022500336,1610612747,Los Angeles,Lakers,LAL,lakers,1641733,Nick,Smith Jr.,N. Smith Jr.,nick-smith-jr,,,,14:17,14.283333333333333,4,7,0.571,2,3,0.667,2,3,0.667,1,1,2,0,2,0,0,0,12,6.0,0022500336,Nick Smith Jr.,nick smith jr,,,2025-12-04,2,0.8401400233372229,0.07001166861143523,0.14002333722287047,0.0,0.21003500583430573,4.0,4.0,7.0,5.0,1.0,5.0,1.0,8.0,1.0,0,0.0,0,0.0020499999999999997,12.1,5899.561189663579,12.075194999999999,0.14002333722287047,3.0,3.0,0.8388444
0022500336,1610612747,Los Angeles,Lakers,LAL,lakers,1629637,Jaxson,Hayes,J. Hayes,jaxson-hayes,,,,16:21,16.35,2,5,0.4,0,0,0.0,0,0,0.0,3,1,4,0,0,3,0,0,4,4.0,0022500336,Jaxson Hayes,jaxson hayes,,,2025-12-04,3,0.24464831804281342,0.18348623853211007,0.24464831804281342,0.0,0.36697247706422015,8.0,1.0,5.0,5.0,6.0,1.0,3.0,7.0,2.0,0,0.0,0,0.00122,8.8,7207.207207207209,8.789264000000001,0.18348623853211007,1.0,1.0,0.27986816
0022500336,1610612747,Los Angeles,Lakers,LAL,lakers,1642876,Adou,Thiero,A. Thiero,adou-thiero,,,,10:08,10.133333333333333,1,1,1.0,0,0,0.0,2,3,0.667,1,0,1,1,1,0,0,0,4,-2.0,0022500336,Adou Thiero,adou thiero,,,2025-12-04,1,0.39473684210526316,0.09868421052631579,0.09868421052631579,0.09868421052631579,0.19736842105263158,8.0,4.0,9.0,4.0,3.0,5.0,9.0,9.0,1.0,0,0.0,0,0.0008699999999999999,-3.0,-3444.3168771526985,-2.9973899999999998,0.09868421052631579,6.0,4.0,0.0143506685
0022500336,1610612747,Los Angeles,Lakers,LAL,lakers,1642261,Dalton,Knecht,D. Knecht,dalton-knecht,,,,3:19,3.3166666666666664,1,1,1.0,1,1,1.0,0,0,0.0,0,0,0,0,0,0,0,1,3,-2.0,0022500336,Dalton Knecht,dalton knecht,,,2025-12-04,0,0.9045226130653267,0.0,0.0,0.0,0.0,10.0,9.0,10.0,5.0,6.0,5.0,9.0,10.0,0.0,0,0.0,0,0.0014299999999999998,-10.7,-7477.288609364082,-10.684698999999998,0.0,8.0,9.0,0.012624093
0022500338,1610612747,Los Angeles,Lakers,LAL,lakers,1631222,Jake,LaRavia,J. LaRavia,jake-laravia,F,,,20:49,20.816666666666666,2,6,0.333,0,2,0.0,2,2,1.0,0,1,1,1,3,0,1,3,6,-14.0,0022500338,Jake LaRavia,jake laravia,,,2025-12-05,3,0.28823058446757405,0.0,0.04803843074459568,0.04803843074459568,0.14411529223378702,5.0,7.0,8.0,3.0,1.0,3.0,8.0,6.0,6.0,0,0.0,0,0.00167,-40.0,-23937.761819269897,-39.9332,0.14411529223378702,1.0,5.0,0.03238911
0022500338,1610612747,Los Angeles,Lakers,LAL,lakers,1629060,Rui,Hachimura,R. Hachimura,rui-hachimura,F,,,29:16,29.266666666666666,5,11,0.455,3,7,0.429,0,0,0.0,0,7,7,0,0,0,2,1,13,-15.0,0022500338,Rui Hachimura,rui hachimura,,,2025-12-05,0,0.44419134396355353,0.0,0.23917995444191345,0.0,0.0,3.0,7.0,2.0,7.0,6.0,3.0,9.0,3.0,1.0,0,0.0,0,0.0020599999999999998,-23.6,-11450.752062105776,-23.551384000000002,0.0,6.0,10.0,0.297185
0022500338,1610612747,Los Angeles,Lakers,LAL,lakers,1629028,Deandre,Ayton,D. Ayton,deandre-ayton,C,,,27:32,27.533333333333335,3,9,0.333,0,0,0.0,0,0,0.0,4,6,10,0,1,1,2,2,6,-7.0,0022500338,Deandre Ayton,deandre ayton,,,2025-12-05,2,0.2179176755447942,0.14527845036319612,0.3631961259079903,0.0,0.2179176755447942,5.0,1.0,1.0,7.0,3.0,1.0,5.0,4.0,1.0,0,0.0,0,0.0018,-15.2,-8439.75569128262,-15.17264,0.07263922518159806,3.0,1.0,0.30910248
0022500338,1610612747,Los Angeles,Lakers,LAL,lakers,1630559,Austin,Reaves,A. Reaves,austin-reaves,G,,,33:19,33.31666666666667,9,18,0.5,3,8,0.375,15,17,0.882,1,2,3,8,0,0,4,0,36,-9.0,0022500338,Austin Reaves,austin reaves,,,2025-12-05,0,1.0805402701350675,0.030015007503751873,0.09004502251125562,0.240120060030015,0.030015007503751873,1.0,3.0,4.0,1.0,6.0,3.0,6.0,1.0,0.0,0,0.0,0,0.0039700000000000004,-11.4,-2870.8133971291863,-11.354742,0.0,6.0,9.0,0.8626114
0022500338,1610612747,Los Angeles,Lakers,LAL,lakers,1629216,Gabe,Vincent,G. Vincent,gabe-vincent,G,,,29:38,29.633333333333333,5,10,0.5,4,8,0.5,4,4,1.0,0,1,1,1,0,0,0,2,18,-20.0,0022500338,Gabe Vincent,gabe vincent,,,2025-12-05,0,0.6074240719910011,0.0,0.03374578177727784,0.03374578177727784,0.0,2.0,7.0,8.0,3.0,6.0,3.0,12.0,2.0,2.0,0,0.0,0,0.0017599999999999998,-34.4,-19534.355479841,-34.339456,0.0,6.0,10.0,0.8101482
0022500338,1610612747,Los Angeles,Lakers,LAL,lakers,1642876,Adou,Thiero,A. Thiero,adou-thiero,,,,19:30,19.5,0,2,0.0,0,0,0.0,0,0,0.0,2,1,3,0,0,0,2,4,0,-5.0,0022500338,Adou Thiero,adou thiero,,,2025-12-05,0,0.0,0.10256410256410256,0.15384615384615385,0.0,0.10256410256410256,10.0,2.0,4.0,7.0,6.0,3.0,4.0,7.0,0.0,0,0.0,0,0.00091,-19.1,-20965.97145993414,-19.082619,0.0,6.0,7.0,0.010650707
0022500338,1610612747,Los Angeles,Lakers,LAL,lakers,1641733,Nick,Smith Jr.,N. Smith Jr.,nick-smith-jr,,,,23:30,23.5,5,10,0.5,3,6,0.5,0,0,0.0,0,2,2,0,2,1,1,1,13,-16.0,0022500338,Nick Smith Jr.,nick smith jr,,,2025-12-05,3,0.5531914893617021,0.0,0.0851063829787234,0.0,0.1276595744680851,3.0,7.0,6.0,7.0,2.0,1.0,10.0,5.0,1.0,0,0.0,0,0.00196,-37.6,-19173.890872004078,-37.526304,0.1276595744680851,1.0,6.0,0.679931
0022500338,1610612747,Los Angeles,Lakers,LAL,lakers,1629637,Jaxson,Hayes,J. Hayes,jaxson-hayes,,,,13:50,13.833333333333334,1,2,0.5,0,0,0.0,1,2,0.5,1,3,4,0,1,0,0,0,3,-16.0,0022500338,Jaxson Hayes,jaxson hayes,,,2025-12-05,1,0.21686746987951808,0.07228915662650602,0.2891566265060241,0.0,0.14457831325301204,9.0,3.0,3.0,7.0,3.0,3.0,10.0,9.0,1.0,0,0.0,0,0.00091,-57.9,-63556.53128430296,-57.847311,0.07228915662650602,4.0,4.0,0.016145578
0022500338,1610612747,Los Angeles,Lakers,LAL,lakers,1642261,Dalton,Knecht,D. Knecht,dalton-knecht,,,,13:50,13.833333333333334,1,5,0.2,0,2,0.0,3,4,0.75,1,0,1,1,0,0,0,1,5,-11.0,0022500338,Dalton Knecht,dalton knecht,,,2025-12-05,0,0.3614457831325301,0.07228915662650602,0.07228915662650602,0.07228915662650602,0.07228915662650602,7.0,3.0,8.0,3.0,6.0,3.0,7.0,9.0,0.0,0,0.0,0,0.0020599999999999998,-47.6,-23095.58466763707,-47.501944,0.0,6.0,8.0,0.014847752
0022500338,1610612747,Los Angeles,Lakers,LAL,lakers,1628467,Maxi,Kleber,M. Kleber,maxi-kleber,,,,15:30,15.5,0,1,0.0,0,0,0.0,0,0,0.0,0,1,1,0,0,0,0,0,0,4.0,0022500338,Maxi Kleber,maxi kleber,,,2025-12-05,0,0.0,0.0,0.06451612903225806,0.0,0.0,10.0,7.0,8.0,7.0,6.0,3.0,1.0,8.0,0.0,0,0.0,0,0.00029,3.2,10996.56357388316,3.199072,0.0,6.0,10.0,0.016785797
0022500338,1610612747,Los Angeles,Lakers,LAL,lakers,1642355,Bronny,James,B. James,bronny-james,,,,6:38,6.633333333333333,2,3,0.667,1,2,0.5,0,0,0.0,0,0,0,1,1,0,2,0,5,2.0,0022500338,Bronny James,bronny james,,,2025-12-05,1,0.7537688442211056,0.0,0.0,0.15075376884422112,0.15075376884422112,7.0,7.0,12.0,3.0,3.0,3.0,2.0,11.0,1.0,0,0.0,0,0.00313,7.1,2267.6461194506546,7.077777,0.15075376884422112,4.0,2.0,0.049980108
0022500338,1610612747,Los Angeles,Lakers,LAL,lakers,1631166,Drew,Timme,D. Timme,drew-timme,,,,6:38,6.633333333333333,0,0,0.0,0,0,0.0,0,0,0.0,1,1,2,3,0,0,0,0,0,2.0,0022500338,Drew Timme,drew timme,,,2025-12-05,0,0.0,0.15075376884422112,0.30150753768844224,0.45226130653266333,0.15075376884422112,10.0,3.0,6.0,2.0,6.0,3.0,2.0,11.0,0.0,0,0.0,0,0.0,7.1,7100000.0,7.1,0.0,6.0,2.0,0.036346573
0022500362,1610612747,Los Angeles,Lakers,LAL,lakers,2544,LeBron,James,L. James,lebron-james,F,,,34:12,34.2,12,17,0.706,4,6,0.667,1,2,0.5,1,6,7,6,1,1,2,1,29,1.0,0022500362,LeBron James,lebron james,,,2025-12-07,2,0.8479532163742689,0.029239766081871343,0.2046783625730994,0.17543859649122806,0.08771929824561403,2.0,3.0,3.0,2.0,1.0,3.0,5.0,4.0,1.0,0,0.0,0,0.00256,-1.7,-663.8032018742678,-1.695648,0.05847953216374269,2.0,3.0,0.8658561
0022500362,1610612747,Los Angeles,Lakers,LAL,lakers,1629060,Rui,Hachimura,R. Hachimura,rui-hachimura,F,,,36:06,36.1,7,12,0.583,3,7,0.429,0,0,0.0,2,4,6,1,0,0,0,3,17,7.0,0022500362,Rui Hachimura,rui hachimura,,,2025-12-07,0,0.4709141274238227,0.055401662049861494,0.16620498614958448,0.027700831024930747,0.055401662049861494,3.0,1.0,4.0,5.0,4.0,6.0,4.0,3.0,1.0,0,0.0,0,0.0014299999999999998,6.3,4402.5157232704405,6.290991,0.0,6.0,6.0,0.54043746
0022500362,1610612747,Los Angeles,Lakers,LAL,lakers,1629028,Deandre,Ayton,D. Ayton,deandre-ayton,C,,,31:25,31.416666666666668,7,7,1.0,0,0,0.0,0,0,0.0,2,10,12,2,1,1,0,4,14,10.0,0022500362,Deandre Ayton,deandre ayton,,,2025-12-07,2,0.4456233421750663,0.0636604774535809,0.3819628647214854,0.0636604774535809,0.1273209549071618,4.0,1.0,2.0,4.0,1.0,3.0,3.0,5.0,1.0,0,0.0,0,0.00101,13.8,13649.85163204748,13.786062000000001,0.0636604774535809,2.0,2.0,0.7927494
0022500362,1610612747,Los Angeles,Lakers,LAL,lakers,1630559,Austin,Reaves,A. Reaves,austin-reaves,G,,,39:08,39.13333333333333,3,16,0.188,2,6,0.333,3,5,0.6,1,3,4,4,1,1,2,0,11,1.0,0022500362,Austin Reaves,austin reaves,,,2025-12-07,2,0.28109028960817717,0.02555366269165247,0.10221465076660988,0.10221465076660988,0.07666098807495741,5.0,3.0,6.0,3.0,1.0,3.0,5.0,1.0,0.0,0,0.0,0,0.00222,-1.3,-585.3219270598829,-1.297114,0.05110732538330494,2.0,5.0,0.10588489
0022500362,1610612747,Los Angeles,Lakers,LAL,lakers,1629029,Luka,Dončić,L. Dončić,luka-dončić,G,,,38:57,38.95,9,24,0.375,2,9,0.222,11,14,0.786,1,14,15,11,0,2,5,1,31,12.0,0022500362,Luka Dončić,luka dončić,,,2025-12-07,2,0.7958921694480102,0.025673940949935813,0.3851091142490372,0.28241335044929394,0.07702182284980744,1.0,3.0,1.0,1.0,4.0,2.0,1.0,2.0,1.0,0,0.0,0,0.00386,13.7,3548.303548303548,13.647117999999999,0.05134788189987163,2.0,4.0,0.82141656
0022500362,1610612747,Los Angeles,Lakers,LAL,lakers,1631222,Jake,LaRavia,J. LaRavia,jake-laravia,,,,17:02,17.033333333333335,1,4,0.25,1,4,0.25,1,2,0.5,0,2,2,0,0,0,1,3,4,12.0,0022500362,Jake LaRavia,jake laravia,,,2025-12-07,0,0.23483365949119372,0.0,0.11741682974559686,0.0,0.0,6.0,7.0,7.0,7.0,4.0,6.0,1.0,7.0,1.0,0,0.0,0,0.00154,38.1,24724.205061648285,38.041326000000005,0.0,6.0,7.0,0.034950614
0022500362,1610612747,Los Angeles,Lakers,LAL,lakers,1629637,Jaxson,Hayes,J. Hayes,jaxson-hayes,,,,16:31,16.516666666666666,1,1,1.0,0,0,0.0,1,4,0.25,1,4,5,0,0,3,0,5,3,-6.0,0022500362,Jaxson Hayes,jaxson hayes,,,2025-12-07,3,0.18163471241170537,0.06054490413723512,0.3027245206861756,0.0,0.2421796165489405,7.0,3.0,5.0,7.0,4.0,1.0,8.0,8.0,3.0,0,0.0,0,0.00077,-14.0,-18158.23605706874,-13.98922,0.18163471241170537,1.0,1.0,0.049600057
0022500362,1610612747,Los Angeles,Lakers,LAL,lakers,1629216,Gabe,Vincent,G. Vincent,gabe-vincent,,,,19:07,19.116666666666667,1,3,0.333,1,3,0.333,0,0,0.0,0,1,1,0,0,0,0,3,3,-10.0,0022500362,Gabe Vincent,gabe vincent,,,2025-12-07,0,0.15693112467306014,0.0,0.05231037489102005,0.0,0.0,7.0,7.0,8.0,7.0,4.0,6.0,10.0,6.0,1.0,0,0.0,0,0.00068,-23.8,-34948.604992657856,-23.783816,0.0,6.0,7.0,0.009403328
0022500362,1610612747,Los Angeles,Lakers,LAL,lakers,1642876,Adou,Thiero,A. Thiero,adou-thiero,,,,4:24,4.4,0,0,0.0,0,0,0.0,0,0,0.0,0,0,0,0,0,0,0,1,0,-7.0,0022500362,Adou Thiero,adou thiero,,,2025-12-07,0,0.0,0.0,0.0,0.0,0.0,9.0,7.0,9.0,7.0,4.0,6.0,9.0,9.0,0.0,0,0.0,0,0.0,-56.4,-56400000.0,-56.4,0.0,6.0,7.0,0.0028124806
0022500362,1610612747,Los Angeles,Lakers,LAL,lakers,1629020,Jarred,Vanderbilt,J. Vanderbilt,jarred-vanderbilt,,,,3:08,3.1333333333333333,0,1,0.0,0,1,0.0,0,0,0.0,0,0,0,1,0,0,0,1,0,0.0,0022500362,Jarred Vanderbilt,jarred vanderbilt,,,2025-12-07,0,0.0,0.0,0.0,0.3191489361702128,0.0,9.0,7.0,9.0,5.0,4.0,6.0,7.0,10.0,0.0,0,0.0,0,0.00111,-11.9,-10711.07110711071,-11.886791,0.0,6.0,7.0,0.0030011612
0022501204,1610612747,Los Angeles,Lakers,LAL,lakers,2544,LeBron,James,L. James,lebron-james,F,,,36:26,36.43333333333333,7,14,0.5,0,3,0.0,5,6,0.833,1,14,15,8,0,3,3,2,19,-16.0,0022501204,LeBron James,lebron james,,,2025-12-10,3,0.5215004574565417,0.02744739249771272,0.4117108874656908,0.21957913998170175,0.10978956999085088,3.0,2.0,1.0,1.0,5.0,1.0,11.0,3.0,0.0,0,0.0,0,0.0023499999999999997,-20.0,-8507.018290089325,-19.953,0.08234217749313816,1.0,5.0,0.7818455
0022501204,1610612747,Los Angeles,Lakers,LAL,lakers,1629060,Rui,Hachimura,R. Hachimura,rui-hachimura,F,,,30:50,30.833333333333332,3,4,0.75,2,3,0.667,0,0,0.0,0,1,1,1,0,1,0,1,8,5.0,0022501204,Rui Hachimura,rui hachimura,,,2025-12-10,1,0.2594594594594595,0.0,0.032432432432432434,0.032432432432432434,0.032432432432432434,6.0,5.0,7.0,4.0,5.0,2.0,1.0,4.0,1.0,0,0.0,0,0.00058,7.6,13080.89500860585,7.595592,0.032432432432432434,2.0,8.0,0.14611214
0022501204,1610612747,Los Angeles,Lakers,LAL,lakers,1629028,Deandre,Ayton,D. Ayton,deandre-ayton,C,,,25:39,25.65,5,9,0.556,0,0,0.0,1,2,0.5,3,5,8,1,1,0,0,3,11,-10.0,0022501204,Deandre Ayton,deandre ayton,,,2025-12-10,1,0.4288499025341131,0.11695906432748539,0.3118908382066277,0.038986354775828465,0.15594541910331386,5.0,1.0,2.0,4.0,1.0,6.0,9.0,6.0,2.0,0,0.0,0,0.00161,-15.4,-9559.279950341403,-15.375206,0.038986354775828465,2.0,3.0,0.4817212
0022501204,1610612747,Los Angeles,Lakers,LAL,lakers,1630559,Austin,Reaves,A. Reaves,austin-reaves,G,,,39:49,39.81666666666667,6,16,0.375,2,6,0.333,1,1,1.0,1,7,8,7,0,1,3,5,15,-5.0,0022501204,Austin Reaves,austin reaves,,,2025-12-10,1,0.37672666387609877,0.02511511092507325,0.200920887400586,0.17580577647551276,0.0502302218501465,4.0,2.0,2.0,3.0,5.0,2.0,7.0,2.0,1.0,0,0.0,0,0.00207,-4.4,-2124.577498792854,-4.390892,0.02511511092507325,2.0,6.0,0.20430158
0022501204,1610612747,Los Angeles,Lakers,LAL,lakers,1629029,Luka,Dončić,L. Dončić,luka-dončić,G,,,40:56,40.93333333333333,11,24,0.458,3,8,0.375,10,14,0.714,0,5,5,8,1,0,3,5,35,-2.0,0022501204,Luka Dončić,luka dončić,,,2025-12-10,1,0.8550488599348535,0.0,0.1221498371335505,0.19543973941368079,0.024429967426710098,1.0,5.0,4.0,1.0,1.0,6.0,6.0,1.0,4.0,0,0.0,0,0.0035499999999999998,-2.2,-619.5437904815545,-2.19219,0.024429967426710098,2.0,9.0,0.7776237
0022501204,1610612747,Los Angeles,Lakers,LAL,lakers,1629216,Gabe,Vincent,G. Vincent,gabe-vincent,,,,14:19,14.316666666666666,0,1,0.0,0,1,0.0,0,0,0.0,0,0,0,0,0,0,0,3,0,-7.0,0022501204,Gabe Vincent,gabe vincent,,,2025-12-10,0,0.0,0.0,0.0,0.0,0.0,9.0,5.0,8.0,8.0,5.0,6.0,8.0,7.0,1.0,0,0.0,0,0.00029,-18.3,-62886.597938144325,-18.294693,0.0,10.0,10.0,0.0045357593
0022501204,1610612747,Los Angeles,Lakers,LAL,lakers,203935,Marcus,Smart,M. Smart,marcus-smart,,,,28:13,28.216666666666665,9,16,0.563,8,14,0.571,0,0,0.0,0,3,3,1,0,1,1,3,26,2.0,0022501204,Marcus Smart,marcus smart,,,2025-12-10,1,0.9214412285883048,0.0,0.10632014176018902,0.03544004725339634,0.03544004725339634,2.0,5.0,5.0,4.0,5.0,2.0,2.0,5.0,2.0,0,0.0,0,0.00266,1.2,450.95828635851177,1.1968079999999999,0.03544004725339634,2.0,7.0,0.94988596
0022501204,1610612747,Los Angeles,Lakers,LAL,lakers,1629637,Jaxson,Hayes,J. Hayes,jaxson-hayes,,,,11:36,11.6,1,1,1.0,0,0,0.0,0,0,0.0,1,2,3,0,0,1,0,1,2,-10.0,0022501204,Jaxson Hayes,jaxson hayes,,,2025-12-10,1,0.1724137931034483,0.08620689655172414,0.25862068965517243,0.0,0.1724137931034483,8.0,2.0,5.0,8.0,5.0,2.0,9.0,8.0,0.0,0,0.0,0,0.00035999999999999997,-42.6,-118005.540166205,-42.584664000000004,0.08620689655172414,2.0,2.0,0.05231915
0022501204,1610612747,Los Angeles,Lakers,LAL,lakers,1631222,Jake,LaRavia,J. LaRavia,jake-laravia,,,,8:45,8.75,0,1,0.0,0,1,0.0,0,0,0.0,0,0,0,1,1,0,1,0,0,-25.0,0022501204,Jake LaRavia,jake laravia,,,2025-12-10,1,0.0,0.0,0.0,0.11428571428571428,0.11428571428571428,9.0,5.0,8.0,4.0,1.0,6.0,12.0,9.0,0.0,0,0.0,0,0.0008699999999999999,-119.0,-136624.56946039037,-118.89647,0.11428571428571428,2.0,4.0,0.004241104
0022501204,1610612747,Los Angeles,Lakers,LAL,lakers,1642355,Bronny,James,B. James,bronny-james,,,,1:09,1.15,0,0,0.0,0,0,0.0,0,0,0.0,0,0,0,0,0,0,0,0,0,1.0,0022501204,Bronny James,bronny james,,,2025-12-10,0,0.0,0.0,0.0,0.0,0.0,9.0,5.0,8.0,8.0,5.0,6.0,3.0,10.0,,1,,1,0.0,33.3,33300000.0,33.3,0.0,10.0,10.0,0.003696042
0022501204,1610612747,Los Angeles,Lakers,LAL,lakers,1642261,Dalton,Knecht,D. Knecht,dalton-knecht,,,,1:09,1.15,1,1,1.0,1,1,1.0,0,0,0.0,0,0,0,0,0,0,0,0,3,1.0,0022501204,Dalton Knecht,dalton knecht,,,2025-12-10,0,2.608695652173913,0.0,0.0,0.0,0.0,7.0,5.0,8.0,8.0,5.0,6.0,3.0,10.0,,1,,1,0.00333,33.3,9996.997898528969,33.189111,0.0,10.0,10.0,0.020750858
0022501204,1610612747,Los Angeles,Lakers,LAL,lakers,1642876,Adou,Thiero,A. Thiero,adou-thiero,,,,1:09,1.15,0,0,0.0,0,0,0.0,0,0,0.0,0,0,0,0,1,0,0,0,0,1.0,0022501204,Adou Thiero,adou thiero,,,2025-12-10,1,0.0,0.0,0.0,0.0,0.8695652173913044,9.0,5.0,8.0,8.0,1.0,6.0,3.0,10.0,1.0,0,0.0,0,0.0,33.3,33300000.0,33.3,0.8695652173913044,2.0,1.0,0.0102718985
0022501228,1610612747,Los Angeles,Lakers,LAL,lakers,2544,LeBron,James,L. James,lebron-james,F,,,36:14,36.233333333333334,8,17,0.471,1,5,0.2,9,14,0.643,1,2,3,4,2,2,8,3,26,8.0,0022501228,LeBron James,lebron james,,,2025-12-14,4,0.7175712971481141,0.027598896044158234,0.0827966881324747,0.11039558417663294,0.13799448022079117,2.0,7.0,7.0,3.0,1.0,1.0,4.0,2.0,2.0,0,0.0,0,0.00319,13.0,4073.95800689439,12.95853,0.11039558417663294,1.0,5.0,0.6858934
0022501228,1610612747,Los Angeles,Lakers,LAL,lakers,1629060,Rui,Hachimura,R. Hachimura,rui-hachimura,F,,,30:58,30.966666666666665,1,5,0.2,1,4,0.25,0,0,0.0,2,5,7,1,2,0,0,3,3,-12.0,0022501228,Rui Hachimura,rui hachimura,,,2025-12-14,2,0.09687836383207751,0.06458557588805167,0.22604951560818085,0.03229278794402583,0.12917115177610333,9.0,5.0,4.0,5.0,1.0,6.0,8.0,4.0,0.0,0,0.0,0,0.00058,-18.8,-32358.003442340792,-18.789096,0.06458557588805167,6.0,6.0,0.02705359
0022501228,1610612747,Los Angeles,Lakers,LAL,lakers,1629028,Deandre,Ayton,D. Ayton,deandre-ayton,C,,,30:09,30.15,10,11,0.909,0,0,0.0,0,2,0.0,6,7,13,0,2,1,3,4,20,-12.0,0022501228,Deandre Ayton,deandre ayton,,,2025-12-14,3,0.6633499170812603,0.19900497512437812,0.4311774461028193,0.0,0.2985074626865672,3.0,1.0,1.0,7.0,1.0,4.0,8.0,5.0,3.0,0,0.0,0,0.00197,-17.2,-8726.534753932014,-17.166116,0.09950248756218906,3.0,3.0,0.8423264
0022501228,1610612747,Los Angeles,Lakers,LAL,lakers,203935,Marcus,Smart,M. Smart,marcus-smart,G,,,31:36,31.6,2,7,0.286,1,5,0.2,3,4,0.75,1,3,4,6,1,2,2,3,8,-10.0,0022501228,Marcus Smart,marcus smart,,,2025-12-14,3,0.2531645569620253,0.03164556962025316,0.12658227848101264,0.18987341772151897,0.12658227848101264,5.0,7.0,6.0,1.0,6.0,1.0,7.0,3.0,2.0,0,0.0,0,0.0014099999999999998,-7.9,-5598.866052445076,-7.888861,0.09493670886075949,3.0,7.0,0.07280045
0022501228,1610612747,Los Angeles,Lakers,LAL,lakers,1629029,Luka,Dončić,L. Dončić,luka-dončić,G,,,38:12,38.2,7,25,0.28,2,14,0.143,13,14,0.929,2,1,3,6,1,0,6,3,29,-5.0,0022501228,Luka Dončić,luka dončić,,,2025-12-14,1,0.7591623036649214,0.05235602094240837,0.07853403141361257,0.15706806282722513,0.07853403141361257,1.0,5.0,7.0,1.0,6.0,6.0,6.0,1.0,2.0,0,0.0,0,0.00363,-6.3,-1735.0592123381987,-6.277131,0.026178010471204185,7.0,8.0,0.6264371
0022501228,1610612747,Los Angeles,Lakers,LAL,lakers,1631222,Jake,LaRavia,J. LaRavia,jake-laravia,,,,21:12,21.2,2,9,0.222,0,4,0.0,2,2,1.0,3,5,8,1,2,2,0,4,6,13.0,0022501228,Jake LaRavia,jake laravia,,,2025-12-14,4,0.2830188679245283,0.14150943396226415,0.37735849056603776,0.04716981132075472,0.33018867924528306,7.0,3.0,3.0,5.0,1.0,1.0,1.0,6.0,3.0,0,0.0,0,0.00167,30.2,18073.010173548773,30.149566,0.18867924528301888,1.0,2.0,0.6965501
0022501228,1610612747,Los Angeles,Lakers,LAL,lakers,1629637,Jaxson,Hayes,J. Hayes,jaxson-hayes,,,,17:39,17.65,4,4,1.0,0,0,0.0,4,5,0.8,3,6,9,2,0,0,2,1,12,11.0,0022501228,Jaxson Hayes,jaxson hayes,,,2025-12-14,0,0.6798866855524079,0.16997167138810199,0.509915014164306,0.113314447592068,0.16997167138810199,4.0,3.0,2.0,4.0,9.0,6.0,2.0,8.0,0.0,0,0.0,0,0.00157,28.9,18395.926161680458,28.854627,0.0,9.0,4.0,0.8275921
0022501228,1610612747,Los Angeles,Lakers,LAL,lakers,1629216,Gabe,Vincent,G. Vincent,gabe-vincent,,,,18:59,18.983333333333334,2,5,0.4,1,3,0.333,0,0,0.0,0,0,0,0,1,0,0,1,5,10.0,0022501228,Gabe Vincent,gabe vincent,,,2025-12-14,1,0.2633889376646181,0.0,0.0,0.0,0.05267778753292361,8.0,9.0,9.0,7.0,6.0,6.0,3.0,7.0,4.0,0,0.0,0,0.00096,21.7,22580.645161290322,21.679168,0.05267778753292361,7.0,9.0,0.019602787
0022501228,1610612747,Los Angeles,Lakers,LAL,lakers,1629020,Jarred,Vanderbilt,J. Vanderbilt,jarred-vanderbilt,,,,15:01,15.016666666666667,2,5,0.4,1,2,0.5,2,2,1.0,6,1,7,0,2,1,0,1,7,7.0,0022501228,Jarred Vanderbilt,jarred vanderbilt,,,2025-12-14,3,0.46614872364039955,0.39955604883462814,0.46614872364039955,0.0,0.5993340732519422,6.0,1.0,4.0,7.0,1.0,4.0,5.0,9.0,3.0,0,0.0,0,0.00128,19.8,15456.674473067917,19.774656,0.19977802441731407,3.0,1.0,0.6909111
0022500379,1610612747,Los Angeles,Lakers,LAL,lakers,2544,LeBron,James,L. James,lebron-james,F,,,32:37,32.61666666666667,8,17,0.471,0,5,0.0,12,13,0.923,1,6,7,10,1,0,2,1,28,-6.0,0022500379,LeBron James,lebron james,,,2025-12-18,1,0.858456821665815,0.030659172202350538,0.21461420541645376,0.3065917220235054,0.061318344404701075,2.0,5.0,3.0,2.0,2.0,3.0,10.0,3.0,2.0,0,0.0,0,0.0030499999999999998,-8.3,-2720.419534578827,-8.274685,0.030659172202350538,2.0,5.0,0.82071406
0022500379,1610612747,Los Angeles,Lakers,LAL,lakers,1629060,Rui,Hachimura,R. Hachimura,rui-hachimura,F,,,32:47,32.78333333333333,6,10,0.6,1,3,0.333,0,0,0.0,0,3,3,1,0,1,0,4,13,2.0,0022500379,Rui Hachimura,rui hachimura,,,2025-12-18,1,0.3965429588205389,0.0,0.09150991357397052,0.03050330452465684,0.03050330452465684,5.0,6.0,6.0,4.0,4.0,1.0,6.0,2.0,0.0,0,0.0,0,0.00128,4.7,3669.008587041374,4.693984,0.03050330452465684,2.0,8.0,0.49360177
0022500379,1610612747,Los Angeles,Lakers,LAL,lakers,1629637,Jaxson,Hayes,J. Hayes,jaxson-hayes,C,,,22:11,22.183333333333334,7,7,1.0,0,0,0.0,2,4,0.5,2,1,3,0,0,0,1,4,16,-10.0,0022500379,Jaxson Hayes,jaxson hayes,,,2025-12-18,0,0.7212622088655146,0.09015777610818933,0.135236664162284,0.0,0.09015777610818933,4.0,3.0,6.0,8.0,4.0,3.0,11.0,7.0,0.0,0,0.0,0,0.002,-15.6,-7796.101949025487,-15.5688,0.0,6.0,4.0,0.7798412
0022500379,1610612747,Los Angeles,Lakers,LAL,lakers,203935,Marcus,Smart,M. Smart,marcus-smart,G,,,27:42,27.7,6,11,0.545,5,9,0.556,0,0,0.0,0,4,4,1,1,0,1,6,17,12.0,0022500379,Marcus Smart,marcus smart,,,2025-12-18,1,0.6137184115523466,0.0,0.1444043321299639,0.036101083032490974,0.036101083032490974,3.0,6.0,5.0,4.0,2.0,3.0,4.0,5.0,0.0,0,1.0,0,0.00182,27.7,15211.422295442066,27.649586,0.036101083032490974,2.0,7.0,0.70313954
0022500379,1610612747,Los Angeles,Lakers,LAL,lakers,1629029,Luka,Dončić,L. Dončić,luka-dončić,G,,,39:33,39.55,14,28,0.5,4,12,0.333,13,16,0.813,2,9,11,14,5,0,1,2,45,-5.0,0022500379,Luka Dončić,luka dončić,,,2025-12-18,5,1.1378002528445008,0.050568900126422255,0.2781289506953224,0.3539823008849558,0.1769911504424779,1.0,3.0,1.0,1.0,1.0,3.0,9.0,1.0,4.0,0,0.0,0,0.00357,-5.8,-1624.1949033884066,-5.779294,0.12642225031605564,1.0,2.0,0.87839013
0022500379,1610612747,Los Angeles,Lakers,LAL,lakers,1631222,Jake,LaRavia,J. LaRavia,jake-laravia,,,,28:13,28.216666666666665,4,6,0.667,2,4,0.5,2,2,1.0,3,3,6,4,0,0,1,5,12,14.0,0022500379,Jake LaRavia,jake laravia,,,2025-12-18,0,0.42528056704075606,0.10632014176018902,0.21264028352037803,0.14176018901358536,0.10632014176018902,6.0,2.0,4.0,3.0,4.0,3.0,3.0,4.0,4.0,0,0.0,0,0.00111,22.2,19981.99819981998,22.175358,0.0,6.0,3.0,0.5343282
0022500379,1610612747,Los Angeles,Lakers,LAL,lakers,1641733,Nick,Smith Jr.,N. Smith Jr.,nick-smith-jr,,,,5:19,5.316666666666666,0,2,0.0,0,2,0.0,0,0,0.0,0,0,0,0,0,0,0,1,0,-2.0,0022500379,Nick Smith Jr.,nick smith jr,,,2025-12-18,0,0.0,0.0,0.0,0.0,0.0,9.0,6.0,10.0,8.0,4.0,3.0,8.0,9.0,0.0,0,0.0,0,0.0014299999999999998,-18.2,-12718.378756114607,-18.173973999999998,0.0,6.0,9.0,0.0035266576
0022500379,1610612747,Los Angeles,Lakers,LAL,lakers,1629020,Jarred,Vanderbilt,J. Vanderbilt,jarred-vanderbilt,,,,25:10,25.166666666666668,3,7,0.429,1,2,0.5,0,0,0.0,5,6,11,1,0,0,1,2,7,15.0,0022500379,Jarred Vanderbilt,jarred vanderbilt,,,2025-12-18,0,0.2781456953642384,0.1986754966887417,0.43708609271523174,0.03973509933774834,0.1986754966887417,7.0,1.0,1.0,4.0,4.0,3.0,2.0,6.0,3.0,0,0.0,0,0.00121,27.8,22956.23451692816,27.766362,0.0,6.0,1.0,0.75021046
0022500379,1610612747,Los Angeles,Lakers,LAL,lakers,1628467,Maxi,Kleber,M. Kleber,maxi-kleber,,,,19:00,19.0,1,2,0.5,0,1,0.0,3,4,0.75,0,2,2,1,0,1,0,3,5,17.0,0022500379,Maxi Kleber,maxi kleber,,,2025-12-18,1,0.2631578947368421,0.0,0.10526315789473684,0.05263157894736842,0.05263157894736842,8.0,6.0,8.0,4.0,4.0,1.0,1.0,8.0,1.0,0,0.0,0,0.0008,44.3,55305.86766541822,44.264559999999996,0.05263157894736842,2.0,6.0,0.07283749
0022500379,1610612747,Los Angeles,Lakers,LAL,lakers,1642876,Adou,Thiero,A. Thiero,adou-thiero,,,,2:59,2.9833333333333334,0,2,0.0,0,0,0.0,0,0,0.0,0,1,1,0,0,0,0,3,0,4.0,0022500379,Adou Thiero,adou thiero,,,2025-12-18,0,0.0,0.0,0.33519553072625696,0.0,0.0,9.0,6.0,9.0,8.0,4.0,3.0,5.0,11.0,,1,,1,0.0028599999999999997,66.7,23313.526738902485,66.50923800000001,0.0,6.0,9.0,0.0054280297
0022500379,1610612747,Los Angeles,Lakers,LAL,lakers,1642261,Dalton,Knecht,D. Knecht,dalton-knecht,,,,4:29,4.483333333333333,0,1,0.0,0,1,0.0,0,0,0.0,0,0,0,0,0,0,0,0,0,-1.0,0022500379,Dalton Knecht,dalton knecht,,,2025-12-18,0,0.0,0.0,0.0,0.0,0.0,9.0,6.0,10.0,8.0,4.0,3.0,7.0,10.0,0.0,0,0.0,0,0.001,-11.1,-11088.911088911089,-11.088899999999999,0.0,6.0,9.0,0.003156895
0022500395,1610612747,Los Angeles,Lakers,LAL,lakers,2544,LeBron,James,L. James,lebron-james,F,,,37:37,37.61666666666667,15,28,0.536,3,7,0.429,3,5,0.6,1,3,4,3,2,1,3,1,36,-6.0,0022500395,LeBron James,lebron james,,,2025-12-20,3,0.9570225963668586,0.02658396101019052,0.10633584404076207,0.07975188303057155,0.10633584404076207,1.0,5.0,5.0,2.0,1.0,1.0,5.0,1.0,2.0,0,0.0,0,0.00381,-7.9,-2072.946733140908,-7.8699010000000005,0.07975188303057155,1.0,3.0,0.88840646
0022500395,1610612747,Los Angeles,Lakers,LAL,lakers,1631222,Jake,LaRavia,J. LaRavia,jake-laravia,F,,,37:13,37.21666666666667,5,11,0.455,0,4,0.0,2,4,0.5,7,4,11,6,2,0,0,2,12,-23.0,0022500395,Jake LaRavia,jake laravia,,,2025-12-20,2,0.32243618450515,0.18808777429467083,0.29556650246305416,0.161218092252575,0.2418271383788625,2.0,1.0,1.0,1.0,1.0,4.0,10.0,2.0,3.0,0,0.0,0,0.00153,-32.9,-21489.222730241672,-32.849663,0.053739364084191665,2.0,1.0,0.48510802
0022500395,1610612747,Los Angeles,Lakers,LAL,lakers,1629637,Jaxson,Hayes,J. Hayes,jaxson-hayes,C,,,30:59,30.983333333333334,3,4,0.75,0,0,0.0,2,2,1.0,2,3,5,2,1,0,1,5,8,-13.0,0022500395,Jaxson Hayes,jaxson hayes,,,2025-12-20,1,0.258203335126412,0.064550833781603,0.16137708445400753,0.064550833781603,0.09682625067240451,5.0,2.0,2.0,3.0,3.0,4.0,7.0,3.0,1.0,0,0.0,0,0.00083,-22.0,-26474.127557160045,-21.98174,0.0322754168908015,4.0,4.0,0.123694986
0022500395,1610612747,Los Angeles,Lakers,LAL,lakers,203935,Marcus,Smart,M. Smart,marcus-smart,G,,,30:36,30.6,1,12,0.083,0,9,0.0,3,3,1.0,2,2,4,1,0,0,1,1,5,-10.0,0022500395,Marcus Smart,marcus smart,,,2025-12-20,0,0.16339869281045752,0.06535947712418301,0.13071895424836602,0.032679738562091505,0.06535947712418301,6.0,2.0,5.0,5.0,6.0,4.0,6.0,4.0,2.0,0,2.0,0,0.00197,-13.6,-6900.050735667173,-13.573208,0.0,7.0,5.0,0.043969527
0022500395,1610612747,Los Angeles,Lakers,LAL,lakers,1629029,Luka,Dončić,L. Dončić,luka-dončić,G,,,19:34,19.566666666666666,4,13,0.308,1,6,0.167,3,5,0.6,0,5,5,2,0,0,4,1,12,-13.0,0022500395,Luka Dončić,luka dončić,,,2025-12-20,0,0.6132879045996593,0.0,0.2555366269165247,0.10221465076660988,0.0,2.0,6.0,2.0,3.0,6.0,4.0,7.0,7.0,1.0,0,0.0,0,0.00413,-33.3,-8061.002178649236,-33.162471,0.0,7.0,8.0,0.5906544
0022500395,1610612747,Los Angeles,Lakers,LAL,lakers,1642261,Dalton,Knecht,D. Knecht,dalton-knecht,,,,13:29,13.483333333333333,1,3,0.333,0,2,0.0,0,0,0.0,0,4,4,0,0,0,0,0,2,-4.0,0022500395,Dalton Knecht,dalton knecht,,,2025-12-20,0,0.14833127317676145,0.0,0.2966625463535229,0.0,0.0,8.0,6.0,5.0,8.0,6.0,4.0,4.0,9.0,1.0,0,0.0,0,0.0008799999999999999,-14.8,-16799.091940976166,-14.786976000000001,0.0,7.0,8.0,0.009956243
0022500395,1610612747,Los Angeles,Lakers,LAL,lakers,1629020,Jarred,Vanderbilt,J. Vanderbilt,jarred-vanderbilt,,,,27:09,27.15,1,4,0.25,1,3,0.333,1,4,0.25,2,3,5,1,1,1,2,4,4,-14.0,0022500395,Jarred Vanderbilt,jarred vanderbilt,,,2025-12-20,2,0.14732965009208104,0.07366482504604052,0.1841620626151013,0.03683241252302026,0.14732965009208104,7.0,2.0,2.0,5.0,3.0,1.0,9.0,5.0,2.0,0,0.0,0,0.00127,-22.2,-17466.56176239182,-22.171806,0.07366482504604052,2.0,2.0,0.02390854
0022500395,1610612747,Los Angeles,Lakers,LAL,lakers,1628467,Maxi,Kleber,M. Kleber,maxi-kleber,,,,15:50,15.833333333333334,0,2,0.0,0,2,0.0,0,0,0.0,0,1,1,0,0,1,0,3,0,1.0,0022500395,Maxi Kleber,maxi kleber,,,2025-12-20,1,0.0,0.0,0.06315789473684211,0.0,0.06315789473684211,9.0,6.0,9.0,8.0,6.0,1.0,2.0,8.0,0.0,0,0.0,0,0.00054,6.3,11645.10166358595,6.296598,0.06315789473684211,4.0,6.0,0.020911075
0022500395,1610612747,Los Angeles,Lakers,LAL,lakers,1641733,Nick,Smith Jr.,N. Smith Jr.,nick-smith-jr,,,,21:47,21.783333333333335,4,11,0.364,1,5,0.2,0,0,0.0,0,3,3,1,1,0,0,2,9,0.0,0022500395,Nick Smith Jr.,nick smith jr,,,2025-12-20,1,0.413159908186687,0.0,0.13771996939556236,0.04590665646518745,0.04590665646518745,4.0,6.0,8.0,5.0,3.0,4.0,3.0,6.0,1.0,0,0.0,0,0.00234,0.0,0.0,0.0,0.04590665646518745,4.0,7.0,0.29321858
0022500395,1610612747,Los Angeles,Lakers,LAL,lakers,1642876,Adou,Thiero,A. Thiero,adou-thiero,,,,5:46,5.766666666666667,0,0,0.0,0,0,0.0,0,0,0.0,0,1,1,0,0,0,0,0,0,7.0,0022500395,Adou Thiero,adou thiero,,,2025-12-20,0,0.0,0.0,0.17341040462427745,0.0,0.0,9.0,6.0,9.0,8.0,6.0,4.0,1.0,10.0,0.0,0,0.0,0,0.0,64.4,64400000.00000001,64.4,0.0,7.0,8.0,0.008662696
0022500418,1610612747,Los Angeles,Lakers,LAL,lakers,2544,LeBron,James,L. James,lebron-james,F,,,25:46,25.766666666666666,7,14,0.5,3,5,0.6,6,11,0.545,0,2,2,6,0,0,0,0,23,-18.0,0022500418,LeBron James,lebron james,,,2025-12-23,0,0.8926261319534282,0.0,0.0776196636481242,0.2328589909443726,0.0,1.0,8.0,6.0,1.0,5.0,4.0,10.0,5.0,0.0,0,0.0,0,0.00322,-32.4,-10058.987891959017,-32.295671999999996,0.0,6.0,8.0,0.72867054
0022500418,1610612747,Los Angeles,Lakers,LAL,lakers,1631222,Jake,LaRavia,J. LaRavia,jake-laravia,F,,,28:57,28.95,4,8,0.5,2,3,0.667,2,4,0.5,3,2,5,1,2,2,2,2,12,-11.0,0022500418,Jake LaRavia,jake laravia,,,2025-12-23,4,0.4145077720207254,0.10362694300518135,0.17271157167530224,0.03454231433506045,0.24179620034542315,4.0,1.0,2.0,5.0,2.0,1.0,8.0,2.0,3.0,0,0.0,0,0.00169,-21.7,-12832.64340626848,-21.663327,0.1381692573402418,1.0,2.0,0.69935817
0022500418,1610612747,Los Angeles,Lakers,LAL,lakers,1629028,Deandre,Ayton,D. Ayton,deandre-ayton,C,,,27:26,27.433333333333334,6,8,0.75,0,0,0.0,0,1,0.0,3,7,10,1,3,0,2,2,12,-23.0,0022500418,Deandre Ayton,deandre ayton,,,2025-12-23,3,0.4374240583232078,0.10935601458080195,0.3645200486026731,0.03645200486026731,0.2187120291616039,4.0,1.0,1.0,5.0,1.0,4.0,12.0,4.0,3.0,0,0.0,0,0.00149,-38.3,-25687.45808182428,-38.242933,0.10935601458080195,2.0,3.0,0.5052264
0022500418,1610612747,Los Angeles,Lakers,LAL,lakers,203935,Marcus,Smart,M. Smart,marcus-smart,G,,,29:51,29.85,5,11,0.455,4,8,0.5,0,0,0.0,2,1,3,6,0,0,1,3,14,-19.0,0022500418,Marcus Smart,marcus smart,,,2025-12-23,0,0.4690117252931323,0.06700167504187604,0.10050251256281406,0.20100502512562812,0.06700167504187604,3.0,4.0,4.0,1.0,5.0,4.0,11.0,1.0,3.0,0,1.0,0,0.00167,-26.8,-16038.300418910832,-26.755244,0.0,6.0,7.0,0.71917754
0022500418,1610612747,Los Angeles,Lakers,LAL,lakers,1641733,Nick,Smith Jr.,N. Smith Jr.,nick-smith-jr,G,,,28:12,28.2,5,11,0.455,1,3,0.333,1,2,0.5,0,1,1,1,0,0,2,5,12,-9.0,0022500418,Nick Smith Jr.,nick smith jr,,,2025-12-23,0,0.425531914893617,0.0,0.03546099290780142,0.03546099290780142,0.0,4.0,8.0,10.0,5.0,5.0,4.0,7.0,3.0,1.0,0,0.0,0,0.00219,-13.8,-6298.49383842994,-13.769778,0.0,6.0,8.0,0.17219058
0022500418,1610612747,Los Angeles,Lakers,LAL,lakers,1630559,Austin,Reaves,A. Reaves,austin-reaves,,,,21:43,21.716666666666665,6,11,0.545,1,5,0.2,4,5,0.8,0,2,2,2,0,0,3,4,17,-17.0,0022500418,Austin Reaves,austin reaves,,,2025-12-23,0,0.7828089025326171,0.0,0.09209516500383731,0.09209516500383731,0.0,2.0,8.0,6.0,3.0,5.0,4.0,9.0,6.0,0.0,0,0.0,0,0.00291,-45.0,-15458.605290278256,-44.86905,0.0,6.0,8.0,0.77293855
0022500418,1610612747,Los Angeles,Lakers,LAL,lakers,1629637,Jaxson,Hayes,J. Hayes,jaxson-hayes,,,,5:22,5.366666666666666,0,0,0.0,0,0,0.0,2,2,1.0,0,1,1,0,0,0,1,2,2,-7.0,0022500418,Jaxson Hayes,jaxson hayes,,,2025-12-23,0,0.3726708074534162,0.0,0.1863354037267081,0.0,0.0,10.0,8.0,10.0,11.0,5.0,4.0,6.0,13.0,0.0,0,0.0,0,0.00182,-86.7,-47611.202635914335,-86.542206,0.0,6.0,8.0,0.008858773
0022500418,1610612747,Los Angeles,Lakers,LAL,lakers,1629020,Jarred,Vanderbilt,J. Vanderbilt,jarred-vanderbilt,,,,19:53,19.883333333333333,2,4,0.5,1,2,0.5,0,0,0.0,3,2,5,1,0,0,2,0,5,-28.0,0022500418,Jarred Vanderbilt,jarred vanderbilt,,,2025-12-23,0,0.2514668901927913,0.15088013411567477,0.2514668901927913,0.05029337803855826,0.15088013411567477,8.0,1.0,2.0,5.0,5.0,4.0,13.0,7.0,1.0,0,0.0,0,0.00136,-78.4,-57604.70242468773,-78.29337600000001,0.0,6.0,4.0,0.027790044
0022500418,1610612747,Los Angeles,Lakers,LAL,lakers,1642261,Dalton,Knecht,D. Knecht,dalton-knecht,,,,14:26,14.433333333333334,1,5,0.2,0,3,0.0,1,1,1.0,1,2,3,0,0,1,1,1,3,-2.0,0022500418,Dalton Knecht,dalton knecht,,,2025-12-23,1,0.20785219399538105,0.06928406466512702,0.20785219399538105,0.0,0.13856812933025403,9.0,5.0,4.0,11.0,5.0,2.0,4.0,8.0,0.0,0,0.0,0,0.00188,-7.4,-3934.077618288145,-7.386088,0.06928406466512702,4.0,6.0,0.018722622
0022500418,1610612747,Los Angeles,Lakers,LAL,lakers,1628467,Maxi,Kleber,M. Kleber,maxi-kleber,,,,8:47,8.783333333333333,1,2,0.5,0,0,0.0,0,0,0.0,0,2,2,1,0,0,1,0,2,-2.0,0022500418,Maxi Kleber,maxi kleber,,,2025-12-23,0,0.22770398481973436,0.0,0.22770398481973436,0.11385199240986718,0.0,10.0,8.0,6.0,5.0,5.0,4.0,4.0,11.0,0.0,0,0.0,0,0.0014299999999999998,-21.7,-15164.220824598186,-21.668968999999997,0.0,6.0,8.0,0.008528619
0022500418,1610612747,Los Angeles,Lakers,LAL,lakers,1642876,Adou,Thiero,A. Thiero,adou-thiero,,,,13:57,13.95,2,5,0.4,0,1,0.0,2,3,0.667,1,1,2,2,1,0,1,2,6,6.0,0022500418,Adou Thiero,adou thiero,,,2025-12-23,1,0.43010752688172044,0.07168458781362008,0.14336917562724016,0.14336917562724016,0.14336917562724016,7.0,5.0,6.0,3.0,3.0,4.0,1.0,9.0,1.0,0,0.0,0,0.00212,14.3,6742.1027817067425,14.269684,0.07168458781362008,4.0,5.0,0.20011729
0022500418,1610612747,Los Angeles,Lakers,LAL,lakers,1642355,Bronny,James,B. James,bronny-james,,,,9:50,9.833333333333334,0,2,0.0,0,2,0.0,0,0,0.0,0,1,1,1,0,0,1,0,0,5.0,0022500418,Bronny James,bronny james,,,2025-12-23,0,0.0,0.0,0.10169491525423728,0.10169491525423728,0.0,12.0,8.0,10.0,5.0,5.0,4.0,2.0,10.0,1.0,0,0.0,0,0.00136,21.9,16091.10947832476,21.870216,0.0,6.0,8.0,0.0067508477
0022500418,1610612747,Los Angeles,Lakers,LAL,lakers,1643024,Chris,Mañon,C. Mañon,chris-mañon,,,,5:50,5.833333333333333,0,0,0.0,0,0,0.0,0,0,0.0,1,0,1,0,1,1,0,1,0,5.0,0022500418,Chris Mañon,chris mañon,,,2025-12-23,2,0.0,0.17142857142857143,0.17142857142857143,0.0,0.5142857142857143,12.0,5.0,10.0,11.0,3.0,2.0,2.0,12.0,6.0,0,1.0,0,0.0,45.5,45500000.0,45.5,0.34285714285714286,3.0,1.0,0.016210238
0022500012,1610612747,Los Angeles,Lakers,LAL,lakers,2544,LeBron,James,L. James,lebron-james,F,,,32:26,32.43333333333333,7,13,0.538,1,3,0.333,3,4,0.75,0,2,2,5,2,1,3,3,18,-33.0,0022500012,LeBron James,lebron james,,,2025-12-25,3,0.5549845837615622,0.0,0.061664953751284696,0.15416238437821173,0.09249743062692704,2.0,6.0,4.0,2.0,1.0,2.0,12.0,3.0,4.0,0,0.0,0,0.0027300000000000002,-53.2,-19480.043939948737,-53.054764000000006,0.09249743062692704,1.0,5.0,0.7117324
0022500012,1610612747,Los Angeles,Lakers,LAL,lakers,1629060,Rui,Hachimura,R. Hachimura,rui-hachimura,F,,,27:42,27.7,0,6,0.0,0,3,0.0,0,0,0.0,1,1,2,1,1,0,1,3,0,-29.0,0022500012,Rui Hachimura,rui hachimura,,,2025-12-25,1,0.0,0.036101083032490974,0.07220216606498195,0.036101083032490974,0.07220216606498195,12.0,3.0,4.0,4.0,2.0,5.0,11.0,5.0,1.0,0,0.0,0,0.0011899999999999999,-51.9,-43576.82619647356,-51.838238999999994,0.036101083032490974,3.0,7.0,0.007563445
0022500012,1610612747,Los Angeles,Lakers,LAL,lakers,1629028,Deandre,Ayton,D. Ayton,deandre-ayton,C,,,36:17,36.28333333333333,5,6,0.833,0,0,0.0,0,0,0.0,1,1,2,0,0,0,1,3,10,-14.0,0022500012,Deandre Ayton,deandre ayton,,,2025-12-25,0,0.27560863573725314,0.02756086357372531,0.05512172714745062,0.0,0.02756086357372531,5.0,3.0,4.0,9.0,7.0,5.0,9.0,1.0,2.0,0,0.0,0,0.00092,-21.8,-23669.923995656893,-21.779944,0.0,9.0,10.0,0.087036334
0022500012,1610612747,Los Angeles,Lakers,LAL,lakers,1630559,Austin,Reaves,A. Reaves,austin-reaves,G,,,14:48,14.8,5,8,0.625,2,5,0.4,0,0,0.0,0,1,1,1,0,1,2,0,12,-7.0,0022500012,Austin Reaves,austin reaves,,,2025-12-25,1,0.8108108108108107,0.0,0.06756756756756756,0.06756756756756756,0.06756756756756756,3.0,6.0,9.0,4.0,7.0,2.0,7.0,8.0,0.0,0,1.0,0,0.0032300000000000002,-23.3,-7211.389662643144,-23.224741,0.06756756756756756,3.0,8.0,0.8990619
0022500012,1610612747,Los Angeles,Lakers,LAL,lakers,1629029,Luka,Dončić,L. Dončić,luka-dončić,G,,,33:55,33.916666666666664,9,17,0.529,3,8,0.375,4,7,0.571,0,5,5,7,1,2,6,2,25,-25.0,0022500012,Luka Dončić,luka dončić,,,2025-12-25,3,0.7371007371007372,0.0,0.14742014742014742,0.2063882063882064,0.08845208845208846,1.0,6.0,1.0,1.0,2.0,1.0,10.0,2.0,1.0,0,1.0,0,0.00361,-33.6,-9304.901689282748,-33.478704,0.08845208845208846,1.0,6.0,0.846833
0022500012,1610612747,Los Angeles,Lakers,LAL,lakers,203935,Marcus,Smart,M. Smart,marcus-smart,,,,29:22,29.366666666666667,3,8,0.375,0,3,0.0,0,0,0.0,0,2,2,1,1,0,1,1,6,-2.0,0022500012,Marcus Smart,marcus smart,,,2025-12-25,1,0.2043132803632236,0.0,0.0681044267877412,0.0340522133938706,0.0340522133938706,6.0,6.0,4.0,4.0,2.0,5.0,6.0,4.0,2.0,0,0.0,0,0.00155,-3.8,-2450.03223726628,-3.7941099999999994,0.0340522133938706,3.0,9.0,0.054934766
0022500012,1610612747,Los Angeles,Lakers,LAL,lakers,1631222,Jake,LaRavia,J. LaRavia,jake-laravia,,,,23:22,23.366666666666667,2,5,0.4,1,1,1.0,0,0,0.0,2,2,4,1,0,1,1,0,5,1.0,0022500012,Jake LaRavia,jake laravia,,,2025-12-25,1,0.21398002853067047,0.08559201141226819,0.17118402282453637,0.042796005706134094,0.12838801711840228,7.0,1.0,3.0,4.0,7.0,2.0,2.0,7.0,3.0,0,0.0,0,0.0012,5.1,4246.46128226478,5.0938799999999995,0.042796005706134094,3.0,3.0,0.18934959
0022500012,1610612747,Los Angeles,Lakers,LAL,lakers,1628467,Maxi,Kleber,M. Kleber,maxi-kleber,,,,6:18,6.3,1,4,0.25,0,2,0.0,0,0,0.0,0,0,0,1,1,0,1,2,2,-8.0,0022500012,Maxi Kleber,maxi kleber,,,2025-12-25,1,0.31746031746031744,0.0,0.0,0.15873015873015872,0.15873015873015872,9.0,6.0,10.0,4.0,2.0,5.0,8.0,9.0,2.0,0,0.0,0,0.00357,-61.5,-17222.06664799776,-61.280445,0.15873015873015872,3.0,2.0,0.0058128927
0022500012,1610612747,Los Angeles,Lakers,LAL,lakers,1629020,Jarred,Vanderbilt,J. Vanderbilt,jarred-vanderbilt,,,,26:23,26.383333333333333,4,6,0.667,3,4,0.75,0,0,0.0,2,3,5,2,1,0,0,3,11,5.0,0022500012,Jarred Vanderbilt,jarred vanderbilt,,,2025-12-25,1,0.4169298799747315,0.07580543272267846,0.18951358180669614,0.07580543272267846,0.11370814908401769,4.0,1.0,1.0,3.0,2.0,5.0,1.0,6.0,9.0,0,0.0,0,0.00115,15.2,13205.90790616855,15.18252,0.03790271636133923,3.0,4.0,0.7718974
0022500012,1610612747,Los Angeles,Lakers,LAL,lakers,1642876,Adou,Thiero,A. Thiero,adou-thiero,,,,3:09,3.15,1,2,0.5,0,0,0.0,0,0,0.0,1,1,2,0,0,0,0,0,2,-1.0,0022500012,Adou Thiero,adou thiero,,,2025-12-25,0,0.6349206349206349,0.31746031746031744,0.6349206349206349,0.0,0.31746031746031744,9.0,3.0,4.0,9.0,7.0,5.0,3.0,10.0,1.0,0,0.0,0,0.0025,-33.3,-13314.67413034786,-33.21675,0.0,9.0,1.0,0.020451471
0022500012,1610612747,Los Angeles,Lakers,LAL,lakers,1642355,Bronny,James,B. James,bronny-james,,,,3:09,3.15,1,1,1.0,1,1,1.0,0,0,0.0,0,0,0,0,0,0,0,0,3,-1.0,0022500012,Bronny James,bronny james,,,2025-12-25,0,0.9523809523809524,0.0,0.0,0.0,0.0,8.0,6.0,10.0,9.0,7.0,5.0,3.0,10.0,,1,,1,0.00125,-33.3,-26618.705035971223,-33.258375,0.0,9.0,11.0,0.009194902
0022500012,1610612747,Los Angeles,Lakers,LAL,lakers,1642261,Dalton,Knecht,D. Knecht,dalton-knecht,,,,3:09,3.15,1,1,1.0,0,0,0.0,0,0,0.0,0,0,0,0,0,0,0,0,2,-1.0,0022500012,Dalton Knecht,dalton knecht,,,2025-12-25,0,0.6349206349206349,0.0,0.0,0.0,0.0,9.0,6.0,10.0,9.0,7.0,5.0,3.0,10.0,,1,,1,0.00125,-33.3,-26618.705035971223,-33.258375,0.0,9.0,11.0,0.007170928
0022500446,1610612747,Los Angeles,Lakers,LAL,lakers,2544,LeBron,James,L. James,lebron-james,F,,,28:38,28.633333333333333,11,13,0.846,1,2,0.5,1,1,1.0,1,2,3,5,2,0,2,0,24,20.0,0022500446,LeBron James,lebron james,,,2025-12-28,2,0.8381839348079162,0.034924330616996506,0.10477299185098952,0.17462165308498254,0.10477299185098952,2.0,2.0,4.0,2.0,2.0,4.0,4.0,3.0,1.0,0,0.0,0,0.0022400000000000002,31.7,14145.470771976794,31.628992,0.06984866123399301,3.0,7.0,0.8339077
0022500446,1610612747,Los Angeles,Lakers,LAL,lakers,1629060,Rui,Hachimura,R. Hachimura,rui-hachimura,F,,,26:14,26.233333333333334,5,10,0.5,2,4,0.5,0,0,0.0,0,4,4,1,2,0,0,1,12,24.0,0022500446,Rui Hachimura,rui hachimura,,,2025-12-28,2,0.45743329097839897,0.0,0.15247776365946633,0.03811944091486658,0.07623888182973317,4.0,8.0,3.0,7.0,2.0,4.0,1.0,4.0,1.0,0,0.0,0,0.00159,37.8,23758.642363293526,37.739898,0.07623888182973317,3.0,8.0,0.74700695
0022500446,1610612747,Los Angeles,Lakers,LAL,lakers,1629028,Deandre,Ayton,D. Ayton,deandre-ayton,C,,,30:10,30.166666666666668,5,9,0.556,0,0,0.0,1,2,0.5,2,9,11,2,0,2,0,0,11,24.0,0022500446,Deandre Ayton,deandre ayton,,,2025-12-28,2,0.36464088397790057,0.06629834254143646,0.36464088397790057,0.06629834254143646,0.13259668508287292,5.0,1.0,1.0,4.0,9.0,1.0,1.0,2.0,0.0,0,0.0,0,0.00135,33.1,24500.37009622502,33.055315,0.06629834254143646,3.0,5.0,0.78349996
0022500446,1610612747,Los Angeles,Lakers,LAL,lakers,203935,Marcus,Smart,M. Smart,marcus-smart,G,,,20:25,20.416666666666668,0,1,0.0,0,1,0.0,0,0,0.0,0,3,3,2,1,0,1,3,0,10.0,0022500446,Marcus Smart,marcus smart,,,2025-12-28,1,0.0,0.0,0.14693877551020407,0.09795918367346938,0.04897959183673469,11.0,8.0,4.0,4.0,6.0,4.0,6.0,8.0,5.0,0,0.0,0,0.00047,26.4,56050.95541401274,26.387591999999998,0.04897959183673469,7.0,9.0,0.011945904
0022500446,1610612747,Los Angeles,Lakers,LAL,lakers,1629029,Luka,Dončić,L. Dončić,luka-dončić,G,,,32:44,32.733333333333334,11,23,0.478,5,14,0.357,7,8,0.875,0,5,5,7,3,1,5,3,34,22.0,0022500446,Luka Dončić,luka dončić,,,2025-12-28,4,1.0386965376782078,0.0,0.15274949083503053,0.21384928716904275,0.12219959266802444,1.0,8.0,2.0,1.0,1.0,2.0,3.0,1.0,3.0,0,0.0,0,0.00388,29.3,7549.6006183973195,29.186316,0.12219959266802444,1.0,6.0,0.77594715
0022500446,1610612747,Los Angeles,Lakers,LAL,lakers,1631222,Jake,LaRavia,J. LaRavia,jake-laravia,,,,25:20,25.333333333333332,3,8,0.375,0,3,0.0,5,5,1.0,1,1,2,4,2,1,2,5,11,13.0,0022500446,Jake LaRavia,jake laravia,,,2025-12-28,3,0.4342105263157895,0.03947368421052632,0.07894736842105264,0.15789473684210528,0.15789473684210528,5.0,2.0,9.0,3.0,2.0,2.0,5.0,5.0,6.0,0,0.0,0,0.0017499999999999998,22.2,12678.469446030842,22.16115,0.11842105263157895,2.0,2.0,0.26155508
0022500446,1610612747,Los Angeles,Lakers,LAL,lakers,1629020,Jarred,Vanderbilt,J. Vanderbilt,jarred-vanderbilt,,,,22:18,22.3,2,4,0.5,1,3,0.333,0,0,0.0,1,1,2,0,2,0,2,3,5,9.0,0022500446,Jarred Vanderbilt,jarred vanderbilt,,,2025-12-28,2,0.22421524663677128,0.04484304932735426,0.08968609865470852,0.0,0.13452914798206278,7.0,2.0,9.0,10.0,2.0,4.0,8.0,7.0,2.0,0,0.0,0,0.00105,23.3,22169.36251189344,23.275535,0.08968609865470852,3.0,4.0,0.048574932
0022500446,1610612747,Los Angeles,Lakers,LAL,lakers,1628467,Maxi,Kleber,M. Kleber,maxi-kleber,,,,13:14,13.233333333333333,0,2,0.0,0,0,0.0,2,2,1.0,1,2,3,2,1,0,2,1,2,6.0,0022500446,Maxi Kleber,maxi kleber,,,2025-12-28,1,0.15113350125944586,0.07556675062972293,0.22670025188916879,0.15113350125944586,0.15113350125944586,9.0,2.0,4.0,4.0,6.0,4.0,9.0,9.0,0.0,0,0.0,0,0.00161,22.2,13780.260707635009,22.164258,0.07556675062972293,7.0,3.0,0.010712646
0022500446,1610612747,Los Angeles,Lakers,LAL,lakers,1641733,Nick,Smith Jr.,N. Smith Jr.,nick-smith-jr,,,,23:58,23.966666666666665,8,14,0.571,5,10,0.5,0,0,0.0,1,2,3,1,0,0,0,3,21,10.0,0022500446,Nick Smith Jr.,nick smith jr,,,2025-12-28,0,0.8762169680111266,0.04172461752433936,0.12517385257301808,0.04172461752433936,0.04172461752433936,3.0,2.0,4.0,7.0,9.0,4.0,6.0,6.0,0.0,0,0.0,0,0.00233,17.7,7593.3075933075925,17.658759,0.0,10.0,10.0,0.84118485
0022500446,1610612747,Los Angeles,Lakers,LAL,lakers,1642355,Bronny,James,B. James,bronny-james,,,,4:36,4.6,0,0,0.0,0,0,0.0,0,0,0.0,0,0,0,0,0,0,0,0,0,-6.0,0022500446,Bronny James,bronny james,,,2025-12-28,0,0.0,0.0,0.0,0.0,0.0,11.0,8.0,13.0,10.0,9.0,4.0,11.0,10.0,,1,,1,0.0,-66.7,-66700000.00000001,-66.7,0.0,10.0,11.0,0.0038421187
0022500446,1610612747,Los Angeles,Lakers,LAL,lakers,1642261,Dalton,Knecht,D. Knecht,dalton-knecht,,,,4:36,4.6,1,2,0.5,1,1,1.0,0,0,0.0,0,1,1,0,0,0,0,0,3,-6.0,0022500446,Dalton Knecht,dalton knecht,,,2025-12-28,0,0.6521739130434783,0.0,0.2173913043478261,0.0,0.0,8.0,8.0,11.0,10.0,9.0,4.0,11.0,10.0,0.0,0,0.0,0,0.00182,-66.7,-36628.226249313564,-66.578606,0.0,10.0,11.0,0.013666796
0022500446,1610612747,Los Angeles,Lakers,LAL,lakers,1642876,Adou,Thiero,A. Thiero,adou-thiero,,,,4:36,4.6,1,3,0.333,0,0,0.0,0,0,0.0,1,2,3,1,1,0,0,0,2,-6.0,0022500446,Adou Thiero,adou thiero,,,2025-12-28,1,0.4347826086956522,0.2173913043478261,0.6521739130434783,0.2173913043478261,0.4347826086956522,9.0,2.0,4.0,7.0,6.0,4.0,11.0,10.0,2.0,0,0.0,0,0.0027300000000000002,-66.7,-24423.288172830464,-66.517909,0.2173913043478261,7.0,1.0,0.02557867
0022500446,1610612747,Los Angeles,Lakers,LAL,lakers,1631166,Drew,Timme,D. Timme,drew-timme,,,,3:11,3.183333333333333,0,0,0.0,0,0,0.0,0,0,0.0,0,1,1,0,0,0,1,0,0,0.0,0022500446,Drew Timme,drew timme,,,2025-12-28,0,0.0,0.0,0.31413612565445026,0.0,0.0,11.0,8.0,11.0,10.0,9.0,4.0,10.0,13.0,0.0,0,0.0,0,0.00125,0.0,0.0,0.0,0.0,10.0,11.0,0.004962789
0022500460,1610612747,Los Angeles,Lakers,LAL,lakers,2544,LeBron,James,L. James,lebron-james,F,,,31:55,31.916666666666668,6,17,0.353,3,10,0.3,2,5,0.4,0,4,4,4,1,1,5,1,17,-16.0,0022500460,LeBron James,lebron james,,,2025-12-30,2,0.5326370757180157,0.0,0.12532637075718014,0.12532637075718014,0.06266318537859007,2.0,6.0,3.0,3.0,3.0,1.0,8.0,3.0,2.0,0,0.0,0,0.00296,-24.6,-8308.004052684904,-24.527184000000002,0.06266318537859007,3.0,7.0,0.38830942
0022500460,1610612747,Los Angeles,Lakers,LAL,lakers,1631222,Jake,LaRavia,J. LaRavia,jake-laravia,F,,,38:08,38.13333333333333,3,9,0.333,1,5,0.2,2,2,1.0,2,2,4,1,4,1,2,3,9,-18.0,0022500460,Jake LaRavia,jake laravia,,,2025-12-30,5,0.23601398601398602,0.05244755244755245,0.1048951048951049,0.026223776223776224,0.18356643356643357,6.0,2.0,3.0,6.0,1.0,1.0,11.0,1.0,8.0,0,0.0,0,0.00115,-23.8,-20677.67158992181,-23.77263,0.13111888111888112,1.0,3.0,0.14565729
0022500460,1610612747,Los Angeles,Lakers,LAL,lakers,1629028,Deandre,Ayton,D. Ayton,deandre-ayton,C,,,25:46,25.766666666666666,5,8,0.625,0,0,0.0,0,0,0.0,0,2,2,0,1,0,1,5,10,-9.0,0022500460,Deandre Ayton,deandre ayton,,,2025-12-30,1,0.38809831824062097,0.0,0.0776196636481242,0.0,0.0388098318240621,4.0,6.0,6.0,10.0,3.0,4.0,6.0,5.0,3.0,0,0.0,0,0.0014299999999999998,-18.6,-12997.903563941303,-18.573402,0.0388098318240621,4.0,9.0,0.4667282
0022500460,1610612747,Los Angeles,Lakers,LAL,lakers,203935,Marcus,Smart,M. Smart,marcus-smart,G,,,24:53,24.883333333333333,1,4,0.25,0,3,0.0,4,4,1.0,0,2,2,5,3,0,1,4,6,-24.0,0022500460,Marcus Smart,marcus smart,,,2025-12-30,3,0.24112525117213665,0.0,0.08037508372404555,0.20093770931011387,0.12056262558606833,8.0,6.0,6.0,2.0,2.0,4.0,12.0,6.0,3.0,0,1.0,0,0.00117,-43.7,-37318.53116994022,-43.648871,0.12056262558606833,2.0,6.0,0.025601892
0022500460,1610612747,Los Angeles,Lakers,LAL,lakers,1629029,Luka,Dončić,L. Dončić,luka-dončić,G,,,35:44,35.733333333333334,9,22,0.409,3,11,0.273,9,13,0.692,2,3,5,11,0,0,8,3,30,-15.0,0022500460,Luka Dončić,luka dončić,,,2025-12-30,0,0.8395522388059701,0.055970149253731345,0.13992537313432835,0.30783582089552236,0.055970149253731345,1.0,2.0,2.0,1.0,6.0,4.0,7.0,2.0,0.0,0,0.0,0,0.0038900000000000002,-21.2,-5448.470830120791,-21.117532,0.0,7.0,8.0,0.7867615
0022500460,1610612747,Los Angeles,Lakers,LAL,lakers,1629020,Jarred,Vanderbilt,J. Vanderbilt,jarred-vanderbilt,,,,27:26,27.433333333333334,3,3,1.0,2,2,1.0,0,0,0.0,4,4,8,1,0,0,1,4,8,-17.0,0022500460,Jarred Vanderbilt,jarred vanderbilt,,,2025-12-30,0,0.2916160388821385,0.14580801944106925,0.2916160388821385,0.03645200486026731,0.14580801944106925,7.0,1.0,1.0,6.0,6.0,4.0,9.0,4.0,2.0,0,0.0,0,0.0005600000000000001,-28.8,-51336.89839572192,-28.783872,0.0,7.0,5.0,0.12309328
0022500460,1610612747,Los Angeles,Lakers,LAL,lakers,1629637,Jaxson,Hayes,J. Hayes,jaxson-hayes,,,,18:05,18.083333333333332,5,5,1.0,0,0,0.0,3,5,0.6,2,0,2,2,1,0,0,1,13,-17.0,0022500460,Jaxson Hayes,jaxson hayes,,,2025-12-30,1,0.7188940092165899,0.11059907834101383,0.11059907834101383,0.11059907834101383,0.16589861751152074,3.0,2.0,6.0,4.0,3.0,4.0,9.0,7.0,1.0,0,0.0,0,0.00146,-46.2,-31622.176591375774,-46.132548,0.055299539170506916,4.0,4.0,0.7463601
0022500460,1610612747,Los Angeles,Lakers,LAL,lakers,1641733,Nick,Smith Jr.,N. Smith Jr.,nick-smith-jr,,,,17:09,17.15,1,6,0.167,0,3,0.0,1,2,0.5,0,0,0,1,0,0,1,1,3,-2.0,0022500460,Nick Smith Jr.,nick smith jr,,,2025-12-30,0,0.17492711370262393,0.0,0.0,0.05830903790087464,0.0,9.0,6.0,11.0,6.0,6.0,4.0,4.0,8.0,0.0,0,0.0,0,0.00178,-8.2,-4604.154969118473,-8.185404,0.0,7.0,10.0,0.009108777
0022500460,1610612747,Los Angeles,Lakers,LAL,lakers,1628467,Maxi,Kleber,M. Kleber,maxi-kleber,,,,8:27,8.45,0,2,0.0,0,2,0.0,0,0,0.0,0,1,1,0,0,0,1,0,0,-4.0,0022500460,Maxi Kleber,maxi kleber,,,2025-12-30,0,0.0,0.0,0.1183431952662722,0.0,0.0,10.0,6.0,10.0,10.0,6.0,4.0,5.0,9.0,1.0,0,0.0,0,0.0015,-21.1,-14057.295136575618,-21.068350000000002,0.0,7.0,10.0,0.0054211966
0022500460,1610612747,Los Angeles,Lakers,LAL,lakers,1642876,Adou,Thiero,A. Thiero,adou-thiero,,,,4:09,4.15,0,1,0.0,0,0,0.0,0,0,0.0,0,3,3,1,0,1,0,1,0,4.0,0022500460,Adou Thiero,adou thiero,,,2025-12-30,1,0.0,0.0,0.7228915662650601,0.24096385542168672,0.24096385542168672,10.0,6.0,5.0,6.0,6.0,1.0,1.0,10.0,0.0,0,0.0,0,0.001,44.4,44355.644355644356,44.355599999999995,0.24096385542168672,4.0,1.0,0.040885348
0022500460,1610612747,Los Angeles,Lakers,LAL,lakers,1642261,Dalton,Knecht,D. Knecht,dalton-knecht,,,,4:09,4.15,4,4,1.0,2,2,1.0,0,0,0.0,1,1,2,0,0,0,0,1,10,4.0,0022500460,Dalton Knecht,dalton knecht,,,2025-12-30,0,2.4096385542168672,0.24096385542168672,0.48192771084337344,0.0,0.24096385542168672,4.0,5.0,6.0,10.0,6.0,4.0,1.0,10.0,,1,,1,0.004,44.4,11097.225693576605,44.2224,0.0,7.0,1.0,0.733875
0022500460,1610612747,Los Angeles,Lakers,LAL,lakers,1642355,Bronny,James,B. James,bronny-james,,,,4:09,4.15,0,1,0.0,0,1,0.0,0,0,0.0,0,0,0,2,0,0,0,0,0,4.0,0022500460,Bronny James,bronny james,,,2025-12-30,0,0.0,0.0,0.0,0.48192771084337344,0.0,10.0,6.0,11.0,4.0,6.0,4.0,1.0,10.0,1.0,0,0.0,0,0.001,44.4,44355.644355644356,44.355599999999995,0.0,7.0,10.0,0.005961905
0022500485,1610612747,Los Angeles,Lakers,LAL,lakers,2544,LeBron,James,L. James,lebron-james,F,,,36:04,36.06666666666667,12,18,0.667,1,5,0.2,6,6,1.0,0,9,9,6,0,0,4,3,31,11.0,0022500485,LeBron James,lebron james,,,2026-01-02,0,0.8595194085027725,0.0,0.2495378927911275,0.16635859519408502,0.0,2.0,4.0,1.0,3.0,7.0,5.0,2.0,3.0,1.0,0,0.0,0,0.0028100000000000004,10.7,3806.4745642120233,10.669933,0.0,7.0,7.0,0.79633206
0022500485,1610612747,Los Angeles,Lakers,LAL,lakers,1631222,Jake,LaRavia,J. LaRavia,jake-laravia,F,,,37:02,37.03333333333333,8,12,0.667,3,6,0.5,2,3,0.667,4,5,9,2,2,1,1,5,21,0.0,0022500485,Jake LaRavia,jake laravia,,,2026-01-02,3,0.5670567056705671,0.10801080108010802,0.24302430243024303,0.05400540054005401,0.18901890189018902,3.0,1.0,1.0,4.0,1.0,1.0,6.0,2.0,3.0,0,0.0,0,0.00157,-1.5,-954.8058561425844,-1.4976450000000001,0.08100810081008102,1.0,1.0,0.8714852
0022500485,1610612747,Los Angeles,Lakers,LAL,lakers,1629028,Deandre,Ayton,D. Ayton,deandre-ayton,C,,,24:49,24.816666666666666,2,4,0.5,0,0,0.0,0,0,0.0,1,5,6,0,1,0,1,3,4,-1.0,0022500485,Deandre Ayton,deandre ayton,,,2026-01-02,1,0.16118200134318333,0.040295500335795834,0.24177300201477503,0.0,0.08059100067159167,8.0,2.0,4.0,7.0,4.0,5.0,7.0,5.0,2.0,0,0.0,0,0.00082,-3.6,-4384.89646772229,-3.597048,0.040295500335795834,6.0,5.0,0.038591597
0022500485,1610612747,Los Angeles,Lakers,LAL,lakers,203935,Marcus,Smart,M. Smart,marcus-smart,G,,,34:17,34.28333333333333,5,9,0.556,3,6,0.5,0,0,0.0,1,7,8,7,1,1,4,3,13,18.0,0022500485,Marcus Smart,marcus smart,,,2026-01-02,2,0.37919299951385516,0.02916869227029655,0.2333495381623724,0.20418084589207586,0.08750607681088965,4.0,2.0,3.0,2.0,4.0,1.0,1.0,4.0,4.0,0,0.0,0,0.00155,20.7,13346.228239845263,20.667914999999997,0.0583373845405931,3.0,4.0,0.8030082
0022500485,1610612747,Los Angeles,Lakers,LAL,lakers,1629029,Luka,Dončić,L. Dončić,luka-dončić,G,,,37:33,37.55,8,18,0.444,1,7,0.143,17,20,0.85,0,6,6,8,2,0,6,3,34,3.0,0022500485,Luka Dončić,luka dončić,,,2026-01-02,2,0.9054593874833556,0.0,0.15978695073235688,0.2130492676431425,0.053262316910785625,1.0,4.0,4.0,1.0,1.0,5.0,5.0,1.0,2.0,0,0.0,0,0.00367,3.6,980.65922092073,3.5867880000000003,0.053262316910785625,3.0,6.0,0.8122069
0022500485,1610612747,Los Angeles,Lakers,LAL,lakers,1641733,Nick,Smith Jr.,N. Smith Jr.,nick-smith-jr,,,,16:02,16.033333333333335,3,4,0.75,2,3,0.667,0,0,0.0,0,0,0,2,0,0,0,1,8,-6.0,0022500485,Nick Smith Jr.,nick smith jr,,,2026-01-02,0,0.49896049896049893,0.0,0.0,0.12474012474012473,0.0,6.0,4.0,8.0,4.0,7.0,5.0,8.0,8.0,0.0,0,0.0,0,0.00105,-23.1,-21979.067554709804,-23.075745,0.0,7.0,7.0,0.09393433
0022500485,1610612747,Los Angeles,Lakers,LAL,lakers,1629637,Jaxson,Hayes,J. Hayes,jaxson-hayes,,,,23:11,23.183333333333334,5,6,0.833,0,0,0.0,2,2,1.0,0,2,2,0,2,1,0,3,12,8.0,0022500485,Jaxson Hayes,jaxson hayes,,,2026-01-02,3,0.5176132278936018,0.0,0.08626887131560029,0.0,0.12940330697340044,5.0,4.0,6.0,7.0,1.0,1.0,3.0,6.0,1.0,0,0.0,0,0.00127,10.7,8418.568056648308,10.686411,0.12940330697340044,1.0,2.0,0.7348837
0022500485,1610612747,Los Angeles,Lakers,LAL,lakers,1629020,Jarred,Vanderbilt,J. Vanderbilt,jarred-vanderbilt,,,,20:15,20.25,2,4,0.5,1,3,0.333,0,0,0.0,0,2,2,1,1,1,3,0,5,-6.0,0022500485,Jarred Vanderbilt,jarred vanderbilt,,,2026-01-02,2,0.24691358024691357,0.0,0.09876543209876543,0.04938271604938271,0.09876543209876543,7.0,4.0,6.0,6.0,4.0,1.0,8.0,7.0,2.0,0,0.0,0,0.0014299999999999998,-13.3,-9294.199860237599,-13.280981,0.09876543209876543,3.0,3.0,0.03072707
0022500485,1610612747,Los Angeles,Lakers,LAL,lakers,1642261,Dalton,Knecht,D. Knecht,dalton-knecht,,,,10:47,10.783333333333333,0,2,0.0,0,2,0.0,0,0,0.0,0,0,0,0,0,0,1,0,0,8.0,0022500485,Dalton Knecht,dalton knecht,,,2026-01-02,0,0.0,0.0,0.0,0.0,0.0,9.0,4.0,8.0,7.0,7.0,5.0,3.0,9.0,0.0,0,0.0,0,0.0012,33.3,27726.89425478768,33.26004,0.0,7.0,7.0,0.0050857426
0022500501,1610612747,Los Angeles,Lakers,LAL,lakers,2544,LeBron,James,L. James,lebron-james,F,,,37:17,37.28333333333333,8,14,0.571,2,7,0.286,8,10,0.8,0,7,7,10,1,0,1,2,26,6.0,0022500501,LeBron James,lebron james,,,2026-01-04,1,0.697362539114886,0.0,0.18775145283862316,0.2682163611980331,0.02682163611980331,2.0,6.0,3.0,1.0,1.0,5.0,3.0,2.0,1.0,0,0.0,0,0.0022400000000000002,11.2,4997.768853190539,11.174911999999999,0.02682163611980331,2.0,8.0,0.9002156
0022500501,1610612747,Los Angeles,Lakers,LAL,lakers,1631222,Jake,LaRavia,J. LaRavia,jake-laravia,F,,,34:30,34.5,9,16,0.563,4,10,0.4,4,4,1.0,2,3,5,4,1,0,0,2,26,15.0,0022500501,Jake LaRavia,jake laravia,,,2026-01-04,1,0.7536231884057971,0.057971014492753624,0.14492753623188406,0.11594202898550725,0.08695652173913043,2.0,1.0,6.0,3.0,1.0,5.0,1.0,3.0,6.0,0,0.0,0,0.0022,19.2,8723.307587460244,19.15776,0.028985507246376812,2.0,4.0,0.88207173
0022500501,1610612747,Los Angeles,Lakers,LAL,lakers,1629028,Deandre,Ayton,D. Ayton,deandre-ayton,C,,,33:34,33.56666666666667,6,8,0.75,0,0,0.0,3,6,0.5,1,7,8,1,1,3,1,2,15,6.0,0022500501,Deandre Ayton,deandre ayton,,,2026-01-04,4,0.44687189672293937,0.029791459781529292,0.23833167825223434,0.029791459781529292,0.14895729890764647,4.0,4.0,2.0,6.0,1.0,1.0,3.0,4.0,2.0,0,0.0,0,0.00154,10.6,6878.650227125244,10.583676,0.11916583912611717,1.0,1.0,0.75338537
0022500501,1610612747,Los Angeles,Lakers,LAL,lakers,203935,Marcus,Smart,M. Smart,marcus-smart,G,,,31:09,31.15,1,5,0.2,0,3,0.0,4,4,1.0,0,1,1,4,0,1,1,2,6,3.0,0022500501,Marcus Smart,marcus smart,,,2026-01-04,1,0.1926163723916533,0.0,0.03210272873194222,0.12841091492776888,0.03210272873194222,6.0,6.0,8.0,3.0,5.0,2.0,5.0,5.0,3.0,0,0.0,0,0.0011,-0.8,-726.6121707538601,-0.79912,0.03210272873194222,2.0,7.0,0.022981754
0022500501,1610612747,Los Angeles,Lakers,LAL,lakers,1629029,Luka,Dončić,L. Dončić,luka-dončić,G,,,38:53,38.88333333333333,10,20,0.5,4,10,0.4,12,13,0.923,2,7,9,8,0,1,3,2,36,9.0,0022500501,Luka Dončić,luka dončić,,,2026-01-04,1,0.9258465495070725,0.05143591941705958,0.23146163737676811,0.2057436776682383,0.07715387912558937,1.0,1.0,1.0,2.0,5.0,2.0,2.0,1.0,3.0,0,0.0,0,0.00315,11.3,3586.163122818153,11.264405,0.02571795970852979,2.0,6.0,0.8176567
0022500501,1610612747,Los Angeles,Lakers,LAL,lakers,1629020,Jarred,Vanderbilt,J. Vanderbilt,jarred-vanderbilt,,,,21:57,21.95,3,7,0.429,0,4,0.0,1,2,0.5,1,6,7,3,0,1,2,1,7,-3.0,0022500501,Jarred Vanderbilt,jarred vanderbilt,,,2026-01-04,1,0.31890660592255127,0.04555808656036447,0.31890660592255127,0.1366742596810934,0.09111617312072894,5.0,4.0,3.0,5.0,5.0,2.0,8.0,6.0,0.0,0,0.0,0,0.00196,1.0,509.94390617032127,0.99804,0.04555808656036447,2.0,3.0,0.0861018
0022500501,1610612747,Los Angeles,Lakers,LAL,lakers,1641733,Nick,Smith Jr.,N. Smith Jr.,nick-smith-jr,,,,15:17,15.283333333333333,0,4,0.0,0,3,0.0,0,0,0.0,0,0,0,0,0,0,0,2,0,-6.0,0022500501,Nick Smith Jr.,nick smith jr,,,2026-01-04,0,0.0,0.0,0.0,0.0,0.0,9.0,6.0,9.0,7.0,5.0,5.0,9.0,7.0,0.0,0,0.0,0,0.00114,-8.3,-7274.320771253288,-8.290538,0.0,8.0,9.0,0.0042519453
0022500501,1610612747,Los Angeles,Lakers,LAL,lakers,1629637,Jaxson,Hayes,J. Hayes,jaxson-hayes,,,,14:26,14.433333333333334,0,1,0.0,0,0,0.0,1,2,0.5,2,4,6,0,0,0,0,3,1,0.0,0022500501,Jaxson Hayes,jaxson hayes,,,2026-01-04,0,0.06928406466512702,0.13856812933025403,0.4157043879907621,0.0,0.13856812933025403,8.0,1.0,5.0,7.0,5.0,5.0,6.0,8.0,0.0,0,0.0,0,0.0005899999999999999,3.4,5752.961082910322,3.397994,0.0,8.0,2.0,0.03239613
0022500501,1610612747,Los Angeles,Lakers,LAL,lakers,1642261,Dalton,Knecht,D. Knecht,dalton-knecht,,,,12:57,12.95,1,5,0.2,1,4,0.25,0,0,0.0,0,2,2,0,1,0,2,2,3,0.0,0022500501,Dalton Knecht,dalton knecht,,,2026-01-04,1,0.23166023166023167,0.0,0.15444015444015444,0.0,0.07722007722007722,7.0,6.0,7.0,7.0,1.0,5.0,6.0,9.0,0.0,0,0.0,0,0.00219,-3.7,-1688.7266088544043,-3.691897,0.07722007722007722,2.0,5.0,0.027879747
0022500514,1610612747,Los Angeles,Lakers,LAL,lakers,2544,LeBron,James,L. James,lebron-james,F,,,33:09,33.15,10,19,0.526,3,5,0.6,7,7,1.0,0,8,8,8,2,1,1,2,30,10.0,0022500514,LeBron James,lebron james,,,2026-01-06,3,0.9049773755656109,0.0,0.24132730015082957,0.24132730015082957,0.09049773755656108,1.0,6.0,2.0,2.0,1.0,2.0,3.0,4.0,2.0,0,0.0,0,0.0028399999999999996,13.9,4892.6434354100675,13.860524000000002,0.09049773755656108,1.0,4.0,0.8356497
0022500514,1610612747,Los Angeles,Lakers,LAL,lakers,1631222,Jake,LaRavia,J. LaRavia,jake-laravia,F,,,34:46,34.766666666666666,2,4,0.5,0,2,0.0,1,2,0.5,1,4,5,0,2,0,0,3,5,0.0,0022500514,Jake LaRavia,jake laravia,,,2026-01-06,2,0.14381591562799617,0.028763183125599234,0.14381591562799617,0.0,0.0862895493767977,7.0,4.0,5.0,7.0,1.0,6.0,7.0,3.0,2.0,0,0.0,0,0.00062,0.0,0.0,0.0,0.05752636625119847,4.0,5.0,0.050130945
0022500514,1610612747,Los Angeles,Lakers,LAL,lakers,1629028,Deandre,Ayton,D. Ayton,deandre-ayton,C,,,31:54,31.9,9,16,0.563,0,0,0.0,0,0,0.0,3,8,11,3,1,2,1,0,18,13.0,0022500514,Deandre Ayton,deandre ayton,,,2026-01-06,3,0.5642633228840126,0.09404388714733543,0.3448275862068966,0.09404388714733543,0.18808777429467086,3.0,1.0,1.0,5.0,5.0,1.0,2.0,5.0,1.0,0,0.0,0,0.0023899999999999998,16.3,6817.231283981599,16.261043,0.09404388714733543,1.0,2.0,0.8660182
0022500514,1610612747,Los Angeles,Lakers,LAL,lakers,203935,Marcus,Smart,M. Smart,marcus-smart,G,,,36:39,36.65,5,10,0.5,3,7,0.429,0,0,0.0,1,5,6,4,1,1,4,3,13,14.0,0022500514,Marcus Smart,marcus smart,,,2026-01-06,2,0.3547066848567531,0.027285129604365622,0.16371077762619374,0.10914051841746249,0.08185538881309687,4.0,4.0,4.0,3.0,5.0,2.0,1.0,2.0,2.0,0,0.0,0,0.0016300000000000002,15.3,9380.74800735745,15.275061,0.054570259208731244,4.0,6.0,0.70357907
0022500514,1610612747,Los Angeles,Lakers,LAL,lakers,1629029,Luka,Dončić,L. Dončić,luka-dončić,G,,,37:29,37.483333333333334,11,22,0.5,3,10,0.3,5,9,0.556,0,2,2,10,2,1,5,2,30,2.0,0022500514,Luka Dončić,luka dončić,,,2026-01-06,3,0.8003557136505113,0.0,0.053357047576700754,0.2667852378835038,0.08003557136505113,1.0,6.0,7.0,1.0,1.0,2.0,6.0,1.0,5.0,0,1.0,0,0.00356,5.2,1460.2639707947208,5.181488,0.08003557136505113,1.0,7.0,0.8391314
0022500514,1610612747,Los Angeles,Lakers,LAL,lakers,1629020,Jarred,Vanderbilt,J. Vanderbilt,jarred-vanderbilt,,,,29:22,29.366666666666667,3,4,0.75,0,1,0.0,1,2,0.5,2,6,8,4,2,0,0,5,7,3.0,0022500514,Jarred Vanderbilt,jarred vanderbilt,,,2026-01-06,2,0.2383654937570942,0.0681044267877412,0.2724177071509648,0.1362088535754824,0.1362088535754824,5.0,2.0,2.0,3.0,1.0,6.0,5.0,6.0,4.0,0,0.0,0,0.0007199999999999999,6.6,9153.952843273231,6.595247999999999,0.0681044267877412,4.0,3.0,0.1880222
0022500514,1610612747,Los Angeles,Lakers,LAL,lakers,1641733,Nick,Smith Jr.,N. Smith Jr.,nick-smith-jr,,,,9:39,9.65,0,3,0.0,0,2,0.0,0,0,0.0,0,1,1,1,0,0,1,2,0,-2.0,0022500514,Nick Smith Jr.,nick smith jr,,,2026-01-06,0,0.0,0.0,0.10362694300518134,0.10362694300518134,0.0,9.0,6.0,8.0,6.0,8.0,6.0,8.0,9.0,,1,,1,0.00167,-9.1,-5445.840813883902,-9.084803,0.0,8.0,8.0,0.004517907
0022500514,1610612747,Los Angeles,Lakers,LAL,lakers,1629637,Jaxson,Hayes,J. Hayes,jaxson-hayes,,,,16:06,16.1,1,2,0.5,0,0,0.0,0,1,0.0,2,1,3,0,1,1,2,2,2,-5.0,0022500514,Jaxson Hayes,jaxson hayes,,,2026-01-06,2,0.12422360248447203,0.12422360248447203,0.18633540372670807,0.0,0.24844720496894407,8.0,2.0,6.0,7.0,5.0,2.0,9.0,7.0,1.0,0,0.0,0,0.00091,-15.9,-17453.347969264545,-15.885531,0.12422360248447203,4.0,1.0,0.018152311
0022500514,1610612747,Los Angeles,Lakers,LAL,lakers,1642261,Dalton,Knecht,D. Knecht,dalton-knecht,,,,10:56,10.933333333333334,2,5,0.4,2,4,0.5,0,0,0.0,0,0,0,0,0,0,0,2,6,5.0,0022500514,Dalton Knecht,dalton knecht,,,2026-01-06,0,0.5487804878048781,0.0,0.0,0.0,0.0,6.0,6.0,9.0,7.0,8.0,6.0,4.0,8.0,0.0,0,1.0,0,0.00192,22.7,11816.762103071316,22.656416,0.0,8.0,8.0,0.0439757
0022500523,1610612747,Los Angeles,Lakers,LAL,lakers,1629020,Jarred,Vanderbilt,J. Vanderbilt,jarred-vanderbilt,F,,,18:51,18.85,2,6,0.333,0,3,0.0,0,0,0.0,0,0,0,0,1,0,1,3,4,0.0,0022500523,Jarred Vanderbilt,jarred vanderbilt,,,2026-01-07,1,0.21220159151193632,0.0,0.0,0.0,0.05305039787798408,6.0,6.0,9.0,7.0,3.0,3.0,1.0,6.0,2.0,0,0.0,0,0.0015199999999999999,2.3,1512.1630506245892,2.296504,0.05305039787798408,3.0,8.0,0.052885868
0022500523,1610612747,Los Angeles,Lakers,LAL,lakers,1631222,Jake,LaRavia,J. LaRavia,jake-laravia,F,,,38:35,38.583333333333336,6,13,0.462,4,9,0.444,0,0,0.0,4,3,7,1,1,0,1,2,16,-13.0,0022500523,Jake LaRavia,jake laravia,,,2026-01-07,1,0.4146868250539957,0.10367170626349892,0.1814254859611231,0.02591792656587473,0.12958963282937364,2.0,1.0,2.0,3.0,3.0,3.0,12.0,1.0,6.0,0,0.0,0,0.00156,-14.4,-9224.855861627162,-14.377536000000001,0.02591792656587473,3.0,2.0,0.704772
0022500523,1610612747,Los Angeles,Lakers,LAL,lakers,1629028,Deandre,Ayton,D. Ayton,deandre-ayton,C,,,28:54,28.9,4,9,0.444,0,0,0.0,1,2,0.5,1,5,6,1,0,1,1,2,9,-9.0,0022500523,Deandre Ayton,deandre ayton,,,2026-01-07,1,0.31141868512110726,0.03460207612456748,0.20761245674740486,0.03460207612456748,0.06920415224913495,4.0,4.0,5.0,3.0,6.0,1.0,9.0,4.0,2.0,0,0.0,0,0.00167,-12.9,-7719.928186714543,-12.878457000000001,0.03460207612456748,3.0,6.0,0.19206306
0022500523,1610612747,Los Angeles,Lakers,LAL,lakers,203935,Marcus,Smart,M. Smart,marcus-smart,G,,,34:29,34.483333333333334,1,6,0.167,0,3,0.0,0,0,0.0,0,7,7,1,3,0,4,3,2,-12.0,0022500523,Marcus Smart,marcus smart,,,2026-01-07,3,0.05799903334944417,0.0,0.2029966167230546,0.028999516674722087,0.08699855002416626,8.0,6.0,2.0,3.0,1.0,3.0,11.0,3.0,3.0,0,0.0,0,0.00127,-16.0,-12588.512981904012,-15.97968,0.08699855002416626,1.0,4.0,0.015005851
0022500523,1610612747,Los Angeles,Lakers,LAL,lakers,1629029,Luka,Dončić,L. Dončić,luka-dončić,G,,,38:20,38.333333333333336,13,26,0.5,2,9,0.222,10,16,0.625,0,10,10,10,3,0,7,3,38,-7.0,0022500523,Luka Dončić,luka dončić,,,2026-01-07,3,0.9913043478260869,0.0,0.2608695652173913,0.2608695652173913,0.07826086956521738,1.0,6.0,1.0,1.0,1.0,3.0,7.0,2.0,4.0,0,0.0,0,0.00419,-9.6,-2290.6227630637077,-9.559776,0.07826086956521738,1.0,5.0,0.860706
0022500523,1610612747,Los Angeles,Lakers,LAL,lakers,1642261,Dalton,Knecht,D. Knecht,dalton-knecht,,,,19:10,19.166666666666668,1,6,0.167,0,5,0.0,0,0,0.0,0,3,3,0,0,1,3,1,2,-15.0,0022500523,Dalton Knecht,dalton knecht,,,2026-01-07,1,0.10434782608695652,0.0,0.15652173913043477,0.0,0.05217391304347826,8.0,6.0,6.0,7.0,6.0,1.0,13.0,5.0,1.0,0,1.0,0,0.00191,-36.6,-19152.27629513344,-36.530094000000005,0.05217391304347826,3.0,9.0,0.01116749
0022500523,1610612747,Los Angeles,Lakers,LAL,lakers,1629637,Jaxson,Hayes,J. Hayes,jaxson-hayes,,,,18:15,18.25,4,4,1.0,0,0,0.0,2,2,1.0,2,5,7,0,0,0,0,3,10,-7.0,0022500523,Jaxson Hayes,jaxson hayes,,,2026-01-07,0,0.547945205479452,0.1095890410958904,0.3835616438356164,0.0,0.1095890410958904,3.0,2.0,2.0,7.0,6.0,3.0,7.0,7.0,0.0,0,0.0,0,0.00106,-23.9,-22525.918944392084,-23.874666,0.0,8.0,3.0,0.7340054
0022500523,1610612747,Los Angeles,Lakers,LAL,lakers,1629216,Gabe,Vincent,G. Vincent,gabe-vincent,,,,18:08,18.133333333333333,2,8,0.25,2,7,0.286,0,0,0.0,1,1,2,2,0,0,0,2,6,-10.0,0022500523,Gabe Vincent,gabe vincent,,,2026-01-07,0,0.33088235294117646,0.05514705882352941,0.11029411764705882,0.11029411764705882,0.05514705882352941,5.0,4.0,8.0,2.0,6.0,3.0,10.0,8.0,3.0,0,0.0,0,0.0017399999999999998,-33.3,-19126.938541068354,-33.242058,0.0,8.0,7.0,0.030173182
0022500523,1610612747,Los Angeles,Lakers,LAL,lakers,1628467,Maxi,Kleber,M. Kleber,maxi-kleber,,,,12:19,12.316666666666666,0,3,0.0,0,0,0.0,1,2,0.5,2,1,3,0,1,0,0,2,1,-3.0,0022500523,Maxi Kleber,maxi kleber,,,2026-01-07,1,0.08119079837618404,0.16238159675236807,0.2435723951285521,0.0,0.2435723951285521,10.0,2.0,6.0,7.0,3.0,3.0,5.0,9.0,0.0,0,0.0,0,0.0013800000000000002,-16.8,-12165.097755249819,-16.776816,0.08119079837618404,3.0,1.0,0.015116509
0022500523,1610612747,Los Angeles,Lakers,LAL,lakers,1641733,Nick,Smith Jr.,N. Smith Jr.,nick-smith-jr,,,,10:26,10.433333333333334,1,4,0.25,1,2,0.5,0,0,0.0,0,0,0,1,0,0,0,0,3,-4.0,0022500523,Nick Smith Jr.,nick smith jr,,,2026-01-07,0,0.28753993610223644,0.0,0.0,0.09584664536741214,0.0,7.0,6.0,9.0,3.0,6.0,3.0,6.0,10.0,1.0,0,0.0,0,0.00154,-27.6,-17910.44776119403,-27.557496,0.0,8.0,10.0,0.006811256
0022500523,1610612747,Los Angeles,Lakers,LAL,lakers,1643024,Chris,Mañon,C. Mañon,chris-mañon,,,,0:51,0.85,0,0,0.0,0,0,0.0,0,0,0.0,0,0,0,0,0,0,0,0,0,0.0,0022500523,Chris Mañon,chris mañon,,,2026-01-07,0,0.0,0.0,0.0,0.0,0.0,11.0,6.0,9.0,7.0,6.0,3.0,1.0,11.0,,1,,1,0.0,0.0,0.0,0.0,0.0,8.0,10.0,0.00469926
0022500523,1610612747,Los Angeles,Lakers,LAL,lakers,1642355,Bronny,James,B. James,bronny-james,,,,0:51,0.85,0,0,0.0,0,0,0.0,0,0,0.0,0,0,0,0,0,0,0,0,0,0.0,0022500523,Bronny James,bronny james,,,2026-01-07,0,0.0,0.0,0.0,0.0,0.0,11.0,6.0,9.0,7.0,6.0,3.0,1.0,11.0,,1,,1,0.0,0.0,0.0,0.0,0.0,8.0,10.0,0.00469926
0022500523,1610612747,Los Angeles,Lakers,LAL,lakers,1631166,Drew,Timme,D. Timme,drew-timme,,,,0:51,0.85,0,1,0.0,0,1,0.0,0,0,0.0,0,0,0,0,0,0,0,0,0,0.0,0022500523,Drew Timme,drew timme,,,2026-01-07,0,0.0,0.0,0.0,0.0,0.0,11.0,6.0,9.0,7.0,6.0,3.0,1.0,11.0,,1,,1,0.005,0.0,0.0,0.0,0.0,8.0,10.0,0.003408129
0022500541,1610612747,Los Angeles,Lakers,LAL,lakers,2544,LeBron,James,L. James,lebron-james,F,,,32:51,32.85,10,21,0.476,2,7,0.286,4,6,0.667,1,8,9,10,3,0,3,1,26,8.0,0022500541,LeBron James,lebron james,,,2026-01-09,3,0.791476407914764,0.030441400304414,0.273972602739726,0.30441400304414,0.121765601217656,1.0,5.0,1.0,1.0,1.0,1.0,3.0,3.0,4.0,0,0.0,0,0.0034599999999999995,9.3,2687.084657613407,9.267822,0.091324200913242,1.0,5.0,0.8533594
0022500541,1610612747,Los Angeles,Lakers,LAL,lakers,1631222,Jake,LaRavia,J. LaRavia,jake-laravia,F,,,34:25,34.416666666666664,5,8,0.625,3,5,0.6,0,0,0.0,1,1,2,2,2,0,2,0,13,-15.0,0022500541,Jake LaRavia,jake laravia,,,2026-01-09,2,0.37772397094430993,0.029055690072639227,0.05811138014527845,0.05811138014527845,0.08716707021791768,3.0,5.0,6.0,3.0,2.0,1.0,10.0,2.0,4.0,0,0.0,0,0.00122,-23.6,-19328.41932841933,-23.571208000000002,0.05811138014527845,2.0,6.0,0.467192
0022500541,1610612747,Los Angeles,Lakers,LAL,lakers,1629028,Deandre,Ayton,D. Ayton,deandre-ayton,C,,,23:33,23.55,2,6,0.333,0,0,0.0,0,0,0.0,1,4,5,0,0,0,1,1,4,-13.0,0022500541,Deandre Ayton,deandre ayton,,,2026-01-09,0,0.16985138004246284,0.04246284501061571,0.21231422505307854,0.0,0.04246284501061571,8.0,5.0,4.0,9.0,5.0,1.0,8.0,7.0,1.0,0,0.0,0,0.0013,-29.7,-22828.593389700232,-29.66139,0.0,5.0,8.0,0.011276547
0022500541,1610612747,Los Angeles,Lakers,LAL,lakers,203935,Marcus,Smart,M. Smart,marcus-smart,G,,,30:11,30.183333333333334,3,9,0.333,3,8,0.375,0,0,0.0,2,2,4,1,2,0,2,2,9,-1.0,0022500541,Marcus Smart,marcus smart,,,2026-01-09,2,0.2981778023191607,0.06626173384870238,0.13252346769740475,0.03313086692435119,0.13252346769740475,4.0,3.0,5.0,6.0,2.0,1.0,5.0,4.0,3.0,0,1.0,0,0.00151,0.2,132.36267372600926,0.19969800000000001,0.06626173384870238,2.0,4.0,0.23077473
0022500541,1610612747,Los Angeles,Lakers,LAL,lakers,1629029,Luka,Dončić,L. Dončić,luka-dončić,G,,,36:05,36.083333333333336,8,25,0.32,4,6,0.667,4,8,0.5,3,6,9,9,2,0,3,6,24,-14.0,0022500541,Luka Dončić,luka dončić,,,2026-01-09,2,0.6651270207852193,0.08314087759815242,0.24942263279445726,0.24942263279445726,0.13856812933025403,2.0,2.0,1.0,2.0,2.0,1.0,9.0,1.0,3.0,0,0.0,0,0.00373,-20.0,-5360.493165371215,-19.9254,0.05542725173210161,2.0,3.0,0.7622417
0022500541,1610612747,Los Angeles,Lakers,LAL,lakers,1629020,Jarred,Vanderbilt,J. Vanderbilt,jarred-vanderbilt,,,,26:32,26.533333333333335,4,7,0.571,1,3,0.333,0,0,0.0,4,5,9,2,0,0,0,2,9,2.0,0022500541,Jarred Vanderbilt,jarred vanderbilt,,,2026-01-09,0,0.33919597989949746,0.1507537688442211,0.33919597989949746,0.07537688442211055,0.1507537688442211,4.0,1.0,1.0,3.0,5.0,1.0,4.0,5.0,1.0,0,0.0,0,0.0010299999999999999,-0.1,-96.99321047526675,-0.09989700000000001,0.0,5.0,2.0,0.35482848
0022500541,1610612747,Los Angeles,Lakers,LAL,lakers,1629216,Gabe,Vincent,G. Vincent,gabe-vincent,,,,15:18,15.3,2,5,0.4,2,5,0.4,0,0,0.0,0,2,2,2,0,0,0,1,6,-3.0,0022500541,Gabe Vincent,gabe vincent,,,2026-01-09,0,0.39215686274509803,0.0,0.13071895424836602,0.13071895424836602,0.0,6.0,9.0,6.0,3.0,5.0,1.0,6.0,8.0,0.0,0,0.0,0,0.00135,-9.7,-7179.866765358993,-9.686905,0.0,5.0,9.0,0.08317207
0022500541,1610612747,Los Angeles,Lakers,LAL,lakers,1629637,Jaxson,Hayes,J. Hayes,jaxson-hayes,,,,24:27,24.45,3,6,0.5,0,0,0.0,0,0,0.0,2,0,2,1,0,0,1,5,6,9.0,0022500541,Jaxson Hayes,jaxson hayes,,,2026-01-09,0,0.24539877300613497,0.081799591002045,0.081799591002045,0.0408997955010225,0.081799591002045,6.0,3.0,6.0,6.0,5.0,1.0,2.0,6.0,0.0,0,0.0,0,0.00113,16.7,14765.694076038904,16.681129,0.0,5.0,7.0,0.19771446
0022500541,1610612747,Los Angeles,Lakers,LAL,lakers,1642261,Dalton,Knecht,D. Knecht,dalton-knecht,,,,13:23,13.383333333333333,2,4,0.5,0,2,0.0,0,0,0.0,0,1,1,0,0,0,0,1,4,10.0,0022500541,Dalton Knecht,dalton knecht,,,2026-01-09,0,0.29887920298879206,0.0,0.07471980074719801,0.0,0.0,8.0,9.0,10.0,9.0,5.0,1.0,1.0,9.0,0.0,0,0.0,0,0.0011799999999999998,35.5,30059.271803556316,35.458110000000005,0.0,5.0,9.0,0.044097085
0022500541,1610612747,Los Angeles,Lakers,LAL,lakers,1628467,Maxi,Kleber,M. Kleber,maxi-kleber,,,,3:16,3.2666666666666666,0,0,0.0,0,0,0.0,0,0,0.0,1,1,2,1,0,0,0,1,0,-3.0,0022500541,Maxi Kleber,maxi kleber,,,2026-01-09,0,0.0,0.30612244897959184,0.6122448979591837,0.30612244897959184,0.30612244897959184,10.0,5.0,6.0,6.0,5.0,1.0,6.0,10.0,0.0,0,0.0,0,0.0,-50.0,-50000000.0,-50.0,0.0,5.0,1.0,0.008799407
0022500562,1610612747,Los Angeles,Lakers,LAL,lakers,2544,LeBron,James,L. James,lebron-james,F,,,33:13,33.21666666666667,8,17,0.471,0,5,0.0,6,6,1.0,0,4,4,3,1,0,3,1,22,-9.0,0022500562,LeBron James,lebron james,,,2026-01-12,1,0.6623181133968891,0.0,0.12042147516307074,0.09031610637230306,0.030105368790767684,2.0,5.0,4.0,2.0,3.0,2.0,8.0,2.0,0.0,0,0.0,0,0.00307,-8.4,-2735.265385867796,-8.374212,0.030105368790767684,4.0,7.0,0.7232382
0022500562,1610612747,Los Angeles,Lakers,LAL,lakers,1631222,Jake,LaRavia,J. LaRavia,jake-laravia,F,,,31:01,31.016666666666666,1,7,0.143,0,5,0.0,0,0,0.0,1,1,2,3,1,0,0,1,2,-10.0,0022500562,Jake LaRavia,jake laravia,,,2026-01-12,1,0.06448146157979581,0.032240730789897906,0.06448146157979581,0.09672219236969372,0.06448146157979581,8.0,4.0,6.0,2.0,3.0,2.0,9.0,3.0,8.0,0,0.0,0,0.00097,-10.3,-10607.621009268794,-10.290009000000001,0.032240730789897906,4.0,5.0,0.020379618
0022500562,1610612747,Los Angeles,Lakers,LAL,lakers,1629028,Deandre,Ayton,D. Ayton,deandre-ayton,C,,,27:25,27.416666666666668,4,7,0.571,0,0,0.0,5,8,0.625,5,8,13,1,0,2,2,0,13,-12.0,0022500562,Deandre Ayton,deandre ayton,,,2026-01-12,2,0.4741641337386018,0.182370820668693,0.4741641337386018,0.0364741641337386,0.2553191489361702,3.0,1.0,1.0,5.0,6.0,1.0,11.0,5.0,1.0,0,0.0,0,0.002,-21.1,-10544.72763618191,-21.0578,0.0729483282674772,2.0,1.0,0.53732413
0022500562,1610612747,Los Angeles,Lakers,LAL,lakers,203935,Marcus,Smart,M. Smart,marcus-smart,G,,,30:31,30.516666666666666,0,5,0.0,0,3,0.0,1,2,0.5,0,2,2,2,2,0,0,0,1,-20.0,0022500562,Marcus Smart,marcus smart,,,2026-01-12,2,0.03276897870016385,0.0,0.0655379574003277,0.0655379574003277,0.0655379574003277,9.0,5.0,6.0,4.0,2.0,2.0,12.0,4.0,3.0,0,0.0,0,0.00083,-28.4,-34175.69193742479,-28.376427999999997,0.0655379574003277,2.0,4.0,0.010405785
0022500562,1610612747,Los Angeles,Lakers,LAL,lakers,1629029,Luka,Dončić,L. Dončić,luka-dončić,G,,,36:56,36.93333333333333,16,25,0.64,2,9,0.222,8,8,1.0,2,5,7,8,4,0,4,2,42,-10.0,0022500562,Luka Dončić,luka dončić,,,2026-01-12,4,1.1371841155234659,0.05415162454873647,0.18953068592057765,0.21660649819494587,0.1624548736462094,1.0,3.0,2.0,1.0,1.0,2.0,9.0,1.0,5.0,0,0.0,0,0.00388,-10.0,-2576.6555011594946,-9.9612,0.10830324909747294,1.0,3.0,0.88601816
0022500562,1610612747,Los Angeles,Lakers,LAL,lakers,1629020,Jarred,Vanderbilt,J. Vanderbilt,jarred-vanderbilt,,,,25:35,25.583333333333332,0,3,0.0,0,3,0.0,0,0,0.0,0,4,4,0,0,0,0,3,0,-3.0,0022500562,Jarred Vanderbilt,jarred vanderbilt,,,2026-01-12,0,0.0,0.0,0.15635179153094464,0.0,0.0,10.0,5.0,4.0,10.0,6.0,2.0,5.0,6.0,0.0,0,0.0,0,0.00053,-3.3,-6214.689265536723,-3.2982509999999996,0.0,7.0,8.0,0.01039595
0022500562,1610612747,Los Angeles,Lakers,LAL,lakers,1629216,Gabe,Vincent,G. Vincent,gabe-vincent,,,,18:25,18.416666666666668,3,6,0.5,3,5,0.6,0,0,0.0,0,0,0,1,1,0,0,1,9,-7.0,0022500562,Gabe Vincent,gabe vincent,,,2026-01-12,1,0.48868778280542985,0.0,0.0,0.054298642533936646,0.054298642533936646,5.0,5.0,9.0,5.0,3.0,2.0,7.0,8.0,2.0,0,0.0,0,0.0015,-23.4,-15589.60692871419,-23.3649,0.054298642533936646,4.0,6.0,0.15711758
0022500562,1610612747,Los Angeles,Lakers,LAL,lakers,1629637,Jaxson,Hayes,J. Hayes,jaxson-hayes,,,,18:42,18.7,5,6,0.833,0,0,0.0,2,4,0.5,4,1,5,1,0,0,0,1,12,-4.0,0022500562,Jaxson Hayes,jaxson hayes,,,2026-01-12,0,0.6417112299465241,0.21390374331550802,0.26737967914438504,0.053475935828877004,0.21390374331550802,4.0,2.0,3.0,5.0,6.0,2.0,6.0,7.0,3.0,0,0.0,0,0.002,-7.5,-3748.1259370314838,-7.485,0.0,7.0,2.0,0.7263957
0022500562,1610612747,Los Angeles,Lakers,LAL,lakers,1642261,Dalton,Knecht,D. Knecht,dalton-knecht,,,,12:33,12.55,2,6,0.333,1,4,0.25,0,0,0.0,0,2,2,1,0,0,1,0,5,3.0,0022500562,Dalton Knecht,dalton knecht,,,2026-01-12,0,0.398406374501992,0.0,0.1593625498007968,0.0796812749003984,0.0,7.0,5.0,6.0,5.0,6.0,2.0,4.0,9.0,,1,,1,0.0025900000000000003,7.4,2856.040138942493,7.380834,0.0,7.0,8.0,0.03869239
0022500562,1610612747,Los Angeles,Lakers,LAL,lakers,1642355,Bronny,James,B. James,bronny-james,,,,1:53,1.8833333333333333,2,2,1.0,2,2,1.0,0,0,0.0,0,0,0,0,0,0,0,0,6,4.0,0022500562,Bronny James,bronny james,,,2026-01-12,0,3.185840707964602,0.0,0.0,0.0,0.0,6.0,5.0,9.0,10.0,6.0,2.0,1.0,10.0,,1,,1,0.005,100.0,19996.000799840032,99.5,0.0,7.0,8.0,0.15059617
0022500562,1610612747,Los Angeles,Lakers,LAL,lakers,1641733,Nick,Smith Jr.,N. Smith Jr.,nick-smith-jr,,,,1:53,1.8833333333333333,0,0,0.0,0,0,0.0,0,0,0.0,0,0,0,0,0,0,0,0,0,4.0,0022500562,Nick Smith Jr.,nick smith jr,,,2026-01-12,0,0.0,0.0,0.0,0.0,0.0,10.0,5.0,9.0,10.0,6.0,2.0,1.0,10.0,,1,,1,0.0,100.0,100000000.0,100.0,0.0,7.0,8.0,0.0058029527
0022500562,1610612747,Los Angeles,Lakers,LAL,lakers,1628467,Maxi,Kleber,M. Kleber,maxi-kleber,,,,1:53,1.8833333333333333,0,0,0.0,0,0,0.0,0,0,0.0,0,0,0,1,0,0,0,0,0,4.0,0022500562,Maxi Kleber,maxi kleber,,,2026-01-12,0,0.0,0.0,0.0,0.5309734513274337,0.0,10.0,5.0,9.0,5.0,6.0,2.0,1.0,10.0,0.0,0,0.0,0,0.0,100.0,100000000.0,100.0,0.0,7.0,8.0,0.0066389516
0022500569,1610612747,Los Angeles,Lakers,LAL,lakers,2544,LeBron,James,L. James,lebron-james,F,,,32:35,32.583333333333336,12,20,0.6,2,4,0.5,5,6,0.833,1,8,9,10,1,1,4,1,31,17.0,0022500569,LeBron James,lebron james,,,2026-01-13,2,0.9514066496163682,0.030690537084398974,0.27621483375959077,0.3069053708439897,0.09207161125319692,1.0,4.0,2.0,2.0,1.0,1.0,4.0,3.0,1.0,0,0.0,0,0.00321,22.4,6976.019931485517,22.328096,0.06138107416879795,1.0,3.0,0.8082547
0022500569,1610612747,Los Angeles,Lakers,LAL,lakers,1631222,Jake,LaRavia,J. LaRavia,jake-laravia,F,,,35:36,35.6,6,10,0.6,3,4,0.75,2,2,1.0,1,3,4,3,1,0,2,3,17,13.0,0022500569,Jake LaRavia,jake laravia,,,2026-01-13,1,0.47752808988764045,0.028089887640449437,0.11235955056179775,0.08426966292134831,0.056179775280898875,3.0,4.0,5.0,4.0,1.0,4.0,5.0,1.0,4.0,0,0.0,0,0.00153,17.3,11299.80404964076,17.273531,0.028089887640449437,2.0,5.0,0.6413098
0022500569,1610612747,Los Angeles,Lakers,LAL,lakers,1629028,Deandre,Ayton,D. Ayton,deandre-ayton,C,,,30:51,30.85,7,9,0.778,0,0,0.0,3,3,1.0,3,15,18,1,0,0,0,3,17,31.0,0022500569,Deandre Ayton,deandre ayton,,,2026-01-13,0,0.5510534846029174,0.0972447325769854,0.5834683954619124,0.03241491085899514,0.0972447325769854,3.0,1.0,1.0,6.0,3.0,4.0,2.0,4.0,1.0,0,0.0,0,0.00128,42.6,33255.269320843094,42.545472000000004,0.0,5.0,2.0,0.8957489
0022500569,1610612747,Los Angeles,Lakers,LAL,lakers,203935,Marcus,Smart,M. Smart,marcus-smart,G,,,29:25,29.416666666666668,4,5,0.8,2,3,0.667,6,6,1.0,2,3,5,4,0,1,0,3,16,32.0,0022500569,Marcus Smart,marcus smart,,,2026-01-13,1,0.5439093484419263,0.06798866855524079,0.16997167138810199,0.13597733711048157,0.10198300283286119,5.0,2.0,3.0,3.0,3.0,1.0,1.0,5.0,1.0,0,2.0,0,0.00113,50.8,44916.0035366932,50.742596,0.03399433427762039,2.0,1.0,0.8156391
0022500569,1610612747,Los Angeles,Lakers,LAL,lakers,1629029,Luka,Dončić,L. Dončić,luka-dončić,G,,,33:17,33.28333333333333,7,16,0.438,5,9,0.556,8,10,0.8,2,3,5,12,0,1,7,4,27,27.0,0022500569,Luka Dončić,luka dončić,,,2026-01-13,1,0.8112168252378569,0.06009013520280421,0.15022533800701052,0.36054081121682524,0.09013520280420631,2.0,2.0,3.0,1.0,3.0,1.0,3.0,2.0,4.0,0,1.0,0,0.00329,36.0,10938.924339106654,35.88156,0.030045067601402103,2.0,4.0,0.5139528
0022500569,1610612747,Los Angeles,Lakers,LAL,lakers,1629060,Rui,Hachimura,R. Hachimura,rui-hachimura,,,,18:20,18.333333333333332,3,7,0.429,1,3,0.333,0,0,0.0,1,1,2,0,0,0,0,0,7,-1.0,0022500569,Rui Hachimura,rui hachimura,,,2026-01-13,0,0.38181818181818183,0.05454545454545455,0.1090909090909091,0.0,0.05454545454545455,7.0,4.0,6.0,11.0,3.0,4.0,12.0,6.0,3.0,0,0.0,0,0.00156,-2.6,-1665.5989750160156,-2.5959440000000003,0.0,5.0,6.0,0.066997334
0022500569,1610612747,Los Angeles,Lakers,LAL,lakers,1629216,Gabe,Vincent,G. Vincent,gabe-vincent,,,,14:10,14.166666666666666,3,6,0.5,3,5,0.6,1,1,1.0,0,1,1,1,0,0,0,1,10,8.0,0022500569,Gabe Vincent,gabe vincent,,,2026-01-13,0,0.7058823529411765,0.0,0.07058823529411765,0.07058823529411765,0.0,6.0,7.0,7.0,6.0,3.0,4.0,6.0,9.0,1.0,0,0.0,0,0.00182,29.2,16035.145524437123,29.146856,0.0,5.0,7.0,0.18094371
0022500569,1610612747,Los Angeles,Lakers,LAL,lakers,1629020,Jarred,Vanderbilt,J. Vanderbilt,jarred-vanderbilt,,,,15:33,15.55,1,2,0.5,0,1,0.0,1,2,0.5,0,1,1,1,0,0,0,0,3,-6.0,0022500569,Jarred Vanderbilt,jarred vanderbilt,,,2026-01-13,0,0.19292604501607716,0.0,0.06430868167202572,0.06430868167202572,0.0,9.0,7.0,7.0,6.0,3.0,4.0,13.0,7.0,1.0,0,0.0,0,0.00075,-21.4,-28495.3395472703,-21.38395,0.0,5.0,7.0,0.009328031
0022500569,1610612747,Los Angeles,Lakers,LAL,lakers,1642261,Dalton,Knecht,D. Knecht,dalton-knecht,,,,15:15,15.25,1,3,0.333,0,2,0.0,0,0,0.0,0,0,0,0,0,0,0,2,2,4.0,0022500569,Dalton Knecht,dalton knecht,,,2026-01-13,0,0.13114754098360656,0.0,0.0,0.0,0.0,11.0,7.0,11.0,11.0,3.0,4.0,7.0,8.0,0.0,0,0.0,0,0.0008100000000000001,7.9,9741.060419235511,7.893601,0.0,5.0,7.0,0.008619927
0022500569,1610612747,Los Angeles,Lakers,LAL,lakers,1641723,Kobe,Bufkin,K. Bufkin,kobe-bufkin,,,,3:45,3.75,1,1,1.0,1,1,1.0,0,0,0.0,0,1,1,1,0,0,0,0,3,0.0,0022500569,Kobe Bufkin,kobe bufkin,,,2026-01-13,0,0.8,0.0,0.26666666666666666,0.26666666666666666,0.0,9.0,7.0,7.0,6.0,3.0,4.0,8.0,10.0,,1,,1,0.00125,0.0,0.0,0.0,0.0,5.0,7.0,0.011067932
0022500569,1610612747,Los Angeles,Lakers,LAL,lakers,1641733,Nick,Smith Jr.,N. Smith Jr.,nick-smith-jr,,,,3:45,3.75,2,2,1.0,2,2,1.0,0,0,0.0,0,0,0,2,0,0,1,0,6,0.0,0022500569,Nick Smith Jr.,nick smith jr,,,2026-01-13,0,1.6,0.0,0.0,0.5333333333333333,0.0,8.0,7.0,11.0,5.0,3.0,4.0,8.0,10.0,0.0,0,0.0,0,0.00375,0.0,0.0,0.0,0.0,5.0,7.0,0.05310033
0022500569,1610612747,Los Angeles,Lakers,LAL,lakers,1631166,Drew,Timme,D. Timme,drew-timme,,,,3:45,3.75,1,1,1.0,0,0,0.0,0,0,0.0,0,1,1,0,0,0,0,0,2,0.0,0022500569,Drew Timme,drew timme,,,2026-01-13,0,0.5333333333333333,0.0,0.26666666666666666,0.0,0.0,11.0,7.0,7.0,11.0,3.0,4.0,8.0,10.0,0.0,0,0.0,0,0.00125,0.0,0.0,0.0,0.0,5.0,7.0,0.014420312
0022500569,1610612747,Los Angeles,Lakers,LAL,lakers,1642355,Bronny,James,B. James,bronny-james,,,,3:43,3.716666666666667,0,1,0.0,0,0,0.0,0,0,0.0,0,0,0,1,0,0,0,0,0,0.0,0022500569,Bronny James,bronny james,,,2026-01-13,0,0.0,0.0,0.0,0.26905829596412556,0.0,13.0,7.0,11.0,6.0,3.0,4.0,8.0,13.0,0.0,0,0.0,0,0.00125,0.0,0.0,0.0,0.0,5.0,7.0,0.0035478869
0022500586,1610612747,Los Angeles,Lakers,LAL,lakers,2544,LeBron,James,L. James,lebron-james,F,,,32:43,32.71666666666667,10,19,0.526,3,6,0.5,6,7,0.857,2,7,9,6,2,1,3,0,29,-7.0,0022500586,LeBron James,lebron james,,,2026-01-15,3,0.8863983698420784,0.06113092205807437,0.27508914926133465,0.18339276617422312,0.15282730514518594,2.0,3.0,1.0,1.0,1.0,1.0,8.0,3.0,2.0,0,0.0,0,0.00309,-16.7,-5402.782271109673,-16.648397,0.09169638308711156,1.0,3.0,0.78514737
0022500586,1610612747,Los Angeles,Lakers,LAL,lakers,1631222,Jake,LaRavia,J. LaRavia,jake-laravia,F,,,37:07,37.11666666666667,5,10,0.5,3,4,0.75,5,5,1.0,3,0,3,3,2,0,2,2,18,-6.0,0022500586,Jake LaRavia,jake laravia,,,2026-01-15,2,0.4849573417153121,0.08082622361921868,0.08082622361921868,0.08082622361921868,0.1347103726986978,3.0,1.0,5.0,3.0,1.0,5.0,7.0,1.0,3.0,0,0.0,0,0.00154,-9.6,-6229.720960415315,-9.585215999999999,0.05388414907947912,2.0,4.0,0.6686538
0022500586,1610612747,Los Angeles,Lakers,LAL,lakers,1629028,Deandre,Ayton,D. Ayton,deandre-ayton,C,,,31:46,31.766666666666666,6,10,0.6,0,0,0.0,0,0,0.0,2,4,6,1,1,1,1,1,12,-4.0,0022500586,Deandre Ayton,deandre ayton,,,2026-01-15,2,0.3777544596012592,0.06295907660020987,0.1888772298006296,0.031479538300104935,0.12591815320041974,4.0,3.0,2.0,5.0,4.0,1.0,6.0,5.0,0.0,0,0.0,0,0.00145,-12.1,-8339.076498966231,-12.082455,0.06295907660020987,2.0,5.0,0.44405973
0022500586,1610612747,Los Angeles,Lakers,LAL,lakers,203935,Marcus,Smart,M. Smart,marcus-smart,G,,,32:10,32.166666666666664,3,9,0.333,1,5,0.2,3,4,0.75,0,4,4,3,2,0,0,3,10,-1.0,0022500586,Marcus Smart,marcus smart,,,2026-01-15,2,0.3108808290155441,0.0,0.12435233160621763,0.09326424870466322,0.062176165803108814,5.0,7.0,4.0,3.0,1.0,5.0,1.0,4.0,6.0,0,0.0,0,0.0014099999999999998,-3.5,-2480.510276399717,-3.495065,0.062176165803108814,2.0,6.0,0.14797282
0022500586,1610612747,Los Angeles,Lakers,LAL,lakers,1629029,Luka,Dončić,L. Dončić,luka-dončić,G,,,35:38,35.63333333333333,15,26,0.577,6,11,0.545,3,7,0.429,1,2,3,4,0,0,1,3,39,-13.0,0022500586,Luka Dončić,luka dončić,,,2026-01-15,0,1.0944808231992516,0.02806361085126286,0.08419083255378859,0.11225444340505145,0.02806361085126286,1.0,5.0,5.0,2.0,6.0,5.0,11.0,2.0,2.0,0,0.0,0,0.0034100000000000003,-13.8,-4045.734388742304,-13.752942000000001,0.0,7.0,8.0,0.9024279
0022500586,1610612747,Los Angeles,Lakers,LAL,lakers,1629060,Rui,Hachimura,R. Hachimura,rui-hachimura,,,,17:39,17.65,1,4,0.25,1,4,0.25,0,0,0.0,0,1,1,1,0,1,1,2,3,-17.0,0022500586,Rui Hachimura,rui hachimura,,,2026-01-15,1,0.16997167138810199,0.0,0.056657223796034,0.056657223796034,0.056657223796034,7.0,7.0,8.0,5.0,6.0,1.0,13.0,6.0,1.0,0,0.0,0,0.0011899999999999999,-43.6,-36607.892527288,-43.548116,0.056657223796034,6.0,7.0,0.0084684985
0022500586,1610612747,Los Angeles,Lakers,LAL,lakers,1629216,Gabe,Vincent,G. Vincent,gabe-vincent,,,,15:21,15.35,0,7,0.0,0,5,0.0,0,0,0.0,0,1,1,0,0,0,0,4,0,-15.0,0022500586,Gabe Vincent,gabe vincent,,,2026-01-15,0,0.0,0.0,0.06514657980456026,0.0,0.0,8.0,7.0,8.0,7.0,6.0,5.0,12.0,8.0,0.0,0,0.0,0,0.00179,-48.5,-27079.843662758238,-48.413185,0.0,7.0,9.0,0.0046084304
0022500586,1610612747,Los Angeles,Lakers,LAL,lakers,1629020,Jarred,Vanderbilt,J. Vanderbilt,jarred-vanderbilt,,,,14:44,14.733333333333333,3,4,0.75,0,1,0.0,0,0,0.0,3,2,5,0,0,0,0,0,6,-12.0,0022500586,Jarred Vanderbilt,jarred vanderbilt,,,2026-01-15,0,0.4072398190045249,0.20361990950226244,0.3393665158371041,0.0,0.20361990950226244,6.0,1.0,3.0,7.0,6.0,5.0,10.0,9.0,0.0,0,0.0,0,0.00105,-35.6,-33872.50237868697,-35.56262,0.0,7.0,1.0,0.16912644
0022500586,1610612747,Los Angeles,Lakers,LAL,lakers,1641723,Kobe,Bufkin,K. Bufkin,kobe-bufkin,,,,16:52,16.866666666666667,0,2,0.0,0,1,0.0,0,0,0.0,1,2,3,0,1,1,1,1,0,-7.0,0022500586,Kobe Bufkin,kobe bufkin,,,2026-01-15,2,0.0,0.05928853754940711,0.17786561264822134,0.0,0.17786561264822134,8.0,5.0,5.0,7.0,4.0,1.0,8.0,7.0,0.0,0,0.0,0,0.0007099999999999999,-25.1,-35302.39099859354,-25.082179,0.11857707509881422,2.0,2.0,0.007896125
0022500586,1610612747,Los Angeles,Lakers,LAL,lakers,1641733,Nick,Smith Jr.,N. Smith Jr.,nick-smith-jr,,,,1:30,1.5,0,1,0.0,0,1,0.0,0,0,0.0,0,0,0,0,0,0,0,0,0,-2.0,0022500586,Nick Smith Jr.,nick smith jr,,,2026-01-15,0,0.0,0.0,0.0,0.0,0.0,8.0,7.0,10.0,7.0,6.0,5.0,2.0,10.0,,1,,1,0.00333,-100.0,-30021.014710297208,-99.667,0.0,7.0,9.0,0.0026134988
0022500586,1610612747,Los Angeles,Lakers,LAL,lakers,1642261,Dalton,Knecht,D. Knecht,dalton-knecht,,,,1:30,1.5,0,1,0.0,0,0,0.0,0,0,0.0,0,0,0,0,0,0,0,0,0,-2.0,0022500586,Dalton Knecht,dalton knecht,,,2026-01-15,0,0.0,0.0,0.0,0.0,0.0,8.0,7.0,10.0,7.0,6.0,5.0,2.0,10.0,,1,,1,0.00333,-100.0,-30021.014710297208,-99.667,0.0,7.0,9.0,0.0026743703
0022500586,1610612747,Los Angeles,Lakers,LAL,lakers,1631166,Drew,Timme,D. Timme,drew-timme,,,,1:30,1.5,0,0,0.0,0,0,0.0,0,0,0.0,0,0,0,0,0,0,0,0,0,-2.0,0022500586,Drew Timme,drew timme,,,2026-01-15,0,0.0,0.0,0.0,0.0,0.0,8.0,7.0,10.0,7.0,6.0,5.0,2.0,10.0,,1,,1,0.0,-100.0,-100000000.0,-100.0,0.0,7.0,9.0,0.0034048415
0022500586,1610612747,Los Angeles,Lakers,LAL,lakers,1642355,Bronny,James,B. James,bronny-james,,,,1:30,1.5,0,0,0.0,0,0,0.0,0,0,0.0,0,0,0,0,0,0,0,1,0,-2.0,0022500586,Bronny James,bronny james,,,2026-01-15,0,0.0,0.0,0.0,0.0,0.0,8.0,7.0,10.0,7.0,6.0,5.0,2.0,10.0,,1,,1,0.0,-100.0,-100000000.0,-100.0,0.0,7.0,9.0,0.0034641312
0022500601,1610612747,Los Angeles,Lakers,LAL,lakers,2544,LeBron,James,L. James,lebron-james,F,,,32:27,32.45,6,16,0.375,1,3,0.333,7,7,1.0,1,8,9,8,1,2,4,2,20,-16.0,0022500601,LeBron James,lebron james,,,2026-01-17,3,0.6163328197226502,0.03081664098613251,0.2773497688751926,0.24653312788906007,0.12326656394453003,3.0,2.0,1.0,1.0,3.0,1.0,11.0,1.0,1.0,0,0.0,0,0.0028599999999999997,-24.8,-8668.297797972738,-24.729072000000002,0.09244992295839753,1.0,3.0,0.38589248
0022500601,1610612747,Los Angeles,Lakers,LAL,lakers,1631222,Jake,LaRavia,J. LaRavia,jake-laravia,F,,,28:20,28.333333333333332,0,2,0.0,0,1,0.0,2,2,1.0,0,5,5,4,1,0,0,2,2,-10.0,0022500601,Jake LaRavia,jake laravia,,,2026-01-17,1,0.07058823529411765,0.0,0.17647058823529413,0.1411764705882353,0.03529411764705882,11.0,5.0,2.0,2.0,3.0,5.0,7.0,3.0,3.0,0,0.0,0,0.00043999999999999996,-16.4,-37188.208616780044,-16.392784,0.03529411764705882,5.0,8.0,0.012423505
0022500601,1610612747,Los Angeles,Lakers,LAL,lakers,1628467,Maxi,Kleber,M. Kleber,maxi-kleber,C,,,20:43,20.716666666666665,4,8,0.5,1,2,0.5,2,2,1.0,4,1,5,1,1,0,0,3,11,-19.0,0022500601,Maxi Kleber,maxi kleber,,,2026-01-17,1,0.5309734513274337,0.1930812550281577,0.24135156878519712,0.048270313757039426,0.24135156878519712,4.0,1.0,2.0,5.0,3.0,5.0,12.0,7.0,0.0,0,0.0,0,0.0017599999999999998,-49.3,-27995.4571266326,-49.213232,0.048270313757039426,5.0,1.0,0.6449123
0022500601,1610612747,Los Angeles,Lakers,LAL,lakers,203935,Marcus,Smart,M. Smart,marcus-smart,G,,,24:45,24.75,9,17,0.529,4,6,0.667,3,5,0.6,0,2,2,0,1,0,2,4,25,-14.0,0022500601,Marcus Smart,marcus smart,,,2026-01-17,1,1.0101010101010102,0.0,0.08080808080808081,0.0,0.04040404040404041,1.0,5.0,4.0,11.0,3.0,5.0,10.0,4.0,2.0,0,1.0,0,0.00368,-19.3,-5243.140450964412,-19.228976,0.04040404040404041,5.0,7.0,0.8972727
0022500601,1610612747,Los Angeles,Lakers,LAL,lakers,1629216,Gabe,Vincent,G. Vincent,gabe-vincent,G,,,22:52,22.866666666666667,1,6,0.167,1,4,0.25,0,0,0.0,0,0,0,1,0,0,3,2,3,4.0,0022500601,Gabe Vincent,gabe vincent,,,2026-01-17,0,0.13119533527696792,0.0,0.0,0.043731778425655975,0.0,9.0,5.0,9.0,5.0,7.0,5.0,1.0,5.0,0.0,0,0.0,0,0.0017599999999999998,5.9,3350.3691084611023,5.889616,0.0,9.0,9.0,0.014403521
0022500601,1610612747,Los Angeles,Lakers,LAL,lakers,1629060,Rui,Hachimura,R. Hachimura,rui-hachimura,,,,19:05,19.083333333333332,4,7,0.571,1,3,0.333,2,2,1.0,0,1,1,1,2,1,0,2,11,-11.0,0022500601,Rui Hachimura,rui hachimura,,,2026-01-17,3,0.5764192139737991,0.0,0.052401746724890834,0.052401746724890834,0.1572052401746725,4.0,5.0,7.0,5.0,1.0,3.0,9.0,8.0,1.0,0,0.0,0,0.0017000000000000001,-32.7,-19223.98589065256,-32.64441,0.1572052401746725,1.0,2.0,0.5368787
0022500601,1610612747,Los Angeles,Lakers,LAL,lakers,1641733,Nick,Smith Jr.,N. Smith Jr.,nick-smith-jr,,,,9:42,9.7,2,3,0.667,0,1,0.0,1,1,1.0,0,0,0,3,0,0,2,2,5,-5.0,0022500601,Nick Smith Jr.,nick smith jr,,,2026-01-17,0,0.5154639175257733,0.0,0.0,0.30927835051546393,0.0,8.0,5.0,9.0,4.0,7.0,5.0,6.0,10.0,0.0,0,0.0,0,0.00208,-28.8,-13839.500240269103,-28.740096,0.0,9.0,9.0,0.014900385
0022500601,1610612747,Los Angeles,Lakers,LAL,lakers,1631166,Drew,Timme,D. Timme,drew-timme,,,,29:17,29.283333333333335,9,12,0.75,3,4,0.75,0,0,0.0,1,1,2,4,2,0,2,4,21,-2.0,0022500601,Drew Timme,drew timme,,,2026-01-17,2,0.7171314741035856,0.03414911781445646,0.06829823562891292,0.13659647125782584,0.10244735344336937,2.0,2.0,4.0,2.0,1.0,5.0,5.0,2.0,4.0,0,0.0,0,0.00215,-5.2,-2417.480241748024,-5.188820000000001,0.06829823562891292,3.0,5.0,0.8717681
0022500601,1610612747,Los Angeles,Lakers,LAL,lakers,1629020,Jarred,Vanderbilt,J. Vanderbilt,jarred-vanderbilt,,,,17:47,17.783333333333335,3,3,1.0,0,0,0.0,0,0,0.0,1,1,2,1,0,1,2,2,6,-10.0,0022500601,Jarred Vanderbilt,jarred vanderbilt,,,2026-01-17,1,0.33739456419868785,0.05623242736644798,0.11246485473289596,0.05623242736644798,0.11246485473289596,7.0,2.0,4.0,5.0,7.0,3.0,7.0,9.0,1.0,0,0.0,0,0.00116,-34.1,-29371.231696813094,-34.060444,0.05623242736644798,5.0,4.0,0.07537107
0022500601,1610612747,Los Angeles,Lakers,LAL,lakers,1642355,Bronny,James,B. James,bronny-james,,,,7:51,7.85,0,2,0.0,0,1,0.0,0,0,0.0,0,0,0,1,0,0,0,0,0,0.0,0022500601,Bronny James,bronny james,,,2026-01-17,0,0.0,0.0,0.0,0.12738853503184713,0.0,12.0,5.0,9.0,5.0,7.0,5.0,3.0,11.0,0.0,0,0.0,0,0.0011799999999999998,0.0,0.0,0.0,0.0,9.0,9.0,0.00352013
0022500601,1610612747,Los Angeles,Lakers,LAL,lakers,1641723,Kobe,Bufkin,K. Bufkin,kobe-bufkin,,,,22:16,22.266666666666666,3,8,0.375,1,5,0.2,2,2,1.0,0,1,1,1,0,2,0,2,9,0.0,0022500601,Kobe Bufkin,kobe bufkin,,,2026-01-17,2,0.4041916167664671,0.0,0.04491017964071856,0.04491017964071856,0.08982035928143713,6.0,5.0,7.0,5.0,7.0,1.0,3.0,6.0,1.0,0,0.0,0,0.0017599999999999998,-2.4,-1362.8620102214652,-2.395776,0.08982035928143713,3.0,6.0,0.12929018
0022500601,1610612747,Los Angeles,Lakers,LAL,lakers,1642261,Dalton,Knecht,D. Knecht,dalton-knecht,,,,4:55,4.916666666666667,1,1,1.0,1,1,1.0,0,0,0.0,0,0,0,0,0,0,0,0,3,3.0,0022500601,Dalton Knecht,dalton knecht,,,2026-01-17,0,0.6101694915254237,0.0,0.0,0.0,0.0,9.0,5.0,9.0,11.0,7.0,5.0,2.0,12.0,0.0,0,0.0,0,0.001,30.0,29970.029970029973,29.97,0.0,9.0,9.0,0.008933909
0022500607,1610612747,Los Angeles,Lakers,LAL,lakers,2544,LeBron,James,L. James,lebron-james,F,,,31:37,31.616666666666667,9,17,0.529,2,4,0.5,4,4,1.0,2,2,4,7,0,2,3,0,24,18.0,0022500607,LeBron James,lebron james,,,2026-01-18,2,0.7590933052187665,0.0632577754348972,0.1265155508697944,0.22140221402214022,0.1265155508697944,3.0,1.0,6.0,1.0,6.0,1.0,3.0,3.0,1.0,0,0.0,0,0.0028000000000000004,25.5,9103.891467333093,25.4286,0.0632577754348972,2.0,3.0,0.65127325
0022500607,1610612747,Los Angeles,Lakers,LAL,lakers,1631222,Jake,LaRavia,J. LaRavia,jake-laravia,F,,,19:04,19.066666666666666,1,5,0.2,0,4,0.0,0,0,0.0,1,4,5,2,1,0,0,0,2,-6.0,0022500607,Jake LaRavia,jake laravia,,,2026-01-18,1,0.1048951048951049,0.05244755244755245,0.26223776223776224,0.1048951048951049,0.1048951048951049,10.0,3.0,3.0,4.0,2.0,5.0,14.0,7.0,3.0,0,0.0,0,0.00114,-15.4,-13496.932515337425,-15.382444,0.05244755244755245,4.0,5.0,0.022801936
0022500607,1610612747,Los Angeles,Lakers,LAL,lakers,1629028,Deandre,Ayton,D. Ayton,deandre-ayton,C,,,32:42,32.7,10,10,1.0,0,0,0.0,5,6,0.833,1,12,13,1,0,1,0,2,25,20.0,0022500607,Deandre Ayton,deandre ayton,,,2026-01-18,1,0.7645259938837919,0.030581039755351678,0.39755351681957185,0.030581039755351678,0.061162079510703356,1.0,3.0,1.0,7.0,6.0,3.0,2.0,2.0,1.0,0,0.0,0,0.0017100000000000001,29.0,16949.15254237288,28.95041,0.030581039755351678,4.0,7.0,0.94297516
0022500607,1610612747,Los Angeles,Lakers,LAL,lakers,203935,Marcus,Smart,M. Smart,marcus-smart,G,,,25:17,25.283333333333335,3,6,0.5,2,3,0.667,0,0,0.0,1,4,5,3,1,0,5,3,8,12.0,0022500607,Marcus Smart,marcus smart,,,2026-01-18,1,0.3164139749505603,0.039551746868820035,0.19775873434410018,0.11865524060646011,0.07910349373764007,5.0,3.0,3.0,3.0,2.0,5.0,5.0,4.0,0.0,0,0.0,0,0.00183,22.2,12124.522119060623,22.159374,0.039551746868820035,4.0,6.0,0.08939306
0022500607,1610612747,Los Angeles,Lakers,LAL,lakers,1629029,Luka,Dončić,L. Dončić,luka-dončić,G,,,33:42,33.7,8,23,0.348,5,12,0.417,4,5,0.8,0,2,2,7,1,1,4,4,25,-3.0,0022500607,Luka Dončić,luka dončić,,,2026-01-18,2,0.7418397626112759,0.0,0.05934718100890207,0.20771513353115725,0.05934718100890207,1.0,8.0,8.0,1.0,2.0,3.0,13.0,1.0,2.0,0,0.0,0,0.00387,-4.4,-1136.657194523379,-4.3829720000000005,0.05934718100890207,2.0,8.0,0.71554154
0022500607,1610612747,Los Angeles,Lakers,LAL,lakers,1629216,Gabe,Vincent,G. Vincent,gabe-vincent,,,,16:51,16.85,2,5,0.4,1,3,0.333,0,0,0.0,1,0,1,2,1,0,0,1,5,0.0,0022500607,Gabe Vincent,gabe vincent,,,2026-01-18,1,0.29673590504451036,0.05934718100890207,0.05934718100890207,0.11869436201780414,0.11869436201780414,6.0,3.0,9.0,4.0,2.0,5.0,7.0,8.0,1.0,0,1.0,0,0.00135,0.0,0.0,0.0,0.05934718100890207,4.0,4.0,0.067106046
0022500607,1610612747,Los Angeles,Lakers,LAL,lakers,1629637,Jaxson,Hayes,J. Hayes,jaxson-hayes,,,,13:01,13.016666666666667,1,1,1.0,0,0,0.0,1,2,0.5,2,3,5,0,0,0,2,2,3,-2.0,0022500607,Jaxson Hayes,jaxson hayes,,,2026-01-18,0,0.23047375160051214,0.15364916773367476,0.3841229193341869,0.0,0.15364916773367476,7.0,1.0,3.0,9.0,6.0,5.0,12.0,10.0,2.0,0,0.0,0,0.0010299999999999999,-17.7,-17167.798254122215,-17.681769,0.0,8.0,2.0,0.015115402
0022500607,1610612747,Los Angeles,Lakers,LAL,lakers,1629060,Rui,Hachimura,R. Hachimura,rui-hachimura,,,,21:16,21.266666666666666,4,10,0.4,2,6,0.333,0,0,0.0,0,0,0,0,0,0,1,1,10,8.0,0022500607,Rui Hachimura,rui hachimura,,,2026-01-18,0,0.4702194357366771,0.0,0.0,0.0,0.0,4.0,8.0,11.0,9.0,6.0,5.0,6.0,5.0,0.0,0,0.0,0,0.00234,18.6,7945.322511747117,18.556476,0.0,8.0,9.0,0.18397085
0022500607,1610612747,Los Angeles,Lakers,LAL,lakers,1629020,Jarred,Vanderbilt,J. Vanderbilt,jarred-vanderbilt,,,,21:06,21.1,1,1,1.0,0,0,0.0,0,0,0.0,1,8,9,1,2,2,0,1,2,25.0,0022500607,Jarred Vanderbilt,jarred vanderbilt,,,2026-01-18,4,0.0947867298578199,0.04739336492890995,0.42654028436018954,0.04739336492890995,0.23696682464454974,10.0,3.0,2.0,7.0,1.0,1.0,1.0,6.0,3.0,0,0.0,0,0.00021,61.3,290521.32701421797,61.28712699999999,0.1895734597156398,1.0,1.0,0.48621792
0022500607,1610612747,Los Angeles,Lakers,LAL,lakers,1631166,Drew,Timme,D. Timme,drew-timme,,,,16:16,16.266666666666666,1,4,0.25,1,2,0.5,0,0,0.0,0,3,3,2,0,0,0,0,3,17.0,0022500607,Drew Timme,drew timme,,,2026-01-18,0,0.18442622950819673,0.0,0.18442622950819673,0.12295081967213116,0.0,7.0,8.0,7.0,4.0,6.0,5.0,4.0,9.0,0.0,0,0.0,0,0.00111,51.5,46354.63546354636,51.442834999999995,0.0,8.0,9.0,0.041384105
0022500607,1610612747,Los Angeles,Lakers,LAL,lakers,1641733,Nick,Smith Jr.,N. Smith Jr.,nick-smith-jr,,,,2:17,2.283333333333333,1,3,0.333,1,2,0.5,0,0,0.0,0,0,0,0,0,0,0,0,3,-1.0,0022500607,Nick Smith Jr.,nick smith jr,,,2026-01-18,0,1.3138686131386863,0.0,0.0,0.0,0.0,7.0,8.0,11.0,9.0,6.0,5.0,8.0,11.0,,1,,1,0.0075,-5.0,-666.5777896280496,-4.9625,0.0,8.0,9.0,0.032881036
0022500607,1610612747,Los Angeles,Lakers,LAL,lakers,1642261,Dalton,Knecht,D. Knecht,dalton-knecht,,,,2:17,2.283333333333333,0,0,0.0,0,0,0.0,0,0,0.0,0,1,1,0,0,0,0,1,0,-1.0,0022500607,Dalton Knecht,dalton knecht,,,2026-01-18,0,0.0,0.0,0.43795620437956206,0.0,0.0,12.0,8.0,9.0,9.0,6.0,5.0,8.0,11.0,0.0,0,0.0,0,0.0,-5.0,-5000000.0,-5.0,0.0,8.0,9.0,0.0048553944
0022500607,1610612747,Los Angeles,Lakers,LAL,lakers,1642355,Bronny,James,B. James,bronny-james,,,,2:17,2.283333333333333,0,0,0.0,0,0,0.0,0,0,0.0,0,0,0,0,0,0,0,0,0,-1.0,0022500607,Bronny James,bronny james,,,2026-01-18,0,0.0,0.0,0.0,0.0,0.0,12.0,8.0,11.0,9.0,6.0,5.0,8.0,11.0,,1,,1,0.0,-5.0,-5000000.0,-5.0,0.0,8.0,9.0,0.003631933
0022500607,1610612747,Los Angeles,Lakers,LAL,lakers,1641723,Kobe,Bufkin,K. Bufkin,kobe-bufkin,,,,2:17,2.283333333333333,0,0,0.0,0,0,0.0,0,0,0.0,0,0,0,0,0,0,0,0,0,-1.0,0022500607,Kobe Bufkin,kobe bufkin,,,2026-01-18,0,0.0,0.0,0.0,0.0,0.0,12.0,8.0,11.0,9.0,6.0,5.0,8.0,11.0,,1,,1,0.0,-5.0,-5000000.0,-5.0,0.0,8.0,9.0,0.003631933
0022500617,1610612747,Los Angeles,Lakers,LAL,lakers,2544,LeBron,James,L. James,lebron-james,F,,,34:25,34.416666666666664,8,15,0.533,1,1,1.0,2,6,0.333,1,8,9,8,0,0,6,2,19,13.0,0022500617,LeBron James,lebron james,,,2026-01-20,0,0.5520581113801453,0.029055690072639227,0.26150121065375304,0.2324455205811138,0.029055690072639227,2.0,3.0,2.0,2.0,3.0,2.0,2.0,2.0,1.0,0,0.0,0,0.0028000000000000004,17.3,6176.365583720099,17.25156,0.0,4.0,8.0,0.64533204
0022500617,1610612747,Los Angeles,Lakers,LAL,lakers,1631222,Jake,LaRavia,J. LaRavia,jake-laravia,F,,,26:45,26.75,3,5,0.6,0,2,0.0,1,1,1.0,0,1,1,2,0,0,3,2,7,4.0,0022500617,Jake LaRavia,jake laravia,,,2026-01-20,0,0.2616822429906542,0.0,0.037383177570093455,0.07476635514018691,0.0,7.0,8.0,9.0,3.0,3.0,2.0,5.0,5.0,1.0,0,0.0,0,0.0013800000000000002,7.1,5141.202027516292,7.090202,0.0,4.0,9.0,0.04570801
0022500617,1610612747,Los Angeles,Lakers,LAL,lakers,1629028,Deandre,Ayton,D. Ayton,deandre-ayton,C,,,14:49,14.816666666666666,2,5,0.4,0,0,0.0,0,0,0.0,1,7,8,0,0,0,0,1,4,-1.0,0022500617,Deandre Ayton,deandre ayton,,,2026-01-20,0,0.26996625421822273,0.06749156355455568,0.5399325084364455,0.0,0.06749156355455568,9.0,3.0,3.0,7.0,3.0,2.0,7.0,9.0,0.0,0,0.0,0,0.00147,-12.1,-8225.69680489463,-12.082213,0.0,4.0,4.0,0.056638807
0022500617,1610612747,Los Angeles,Lakers,LAL,lakers,203935,Marcus,Smart,M. Smart,marcus-smart,G,,,31:15,31.25,4,9,0.444,3,6,0.5,4,5,0.8,1,1,2,1,0,0,0,2,15,6.0,0022500617,Marcus Smart,marcus smart,,,2026-01-20,0,0.48,0.032,0.064,0.032,0.032,3.0,3.0,8.0,5.0,3.0,2.0,3.0,3.0,0.0,0,1.0,0,0.00159,9.5,5971.087366436203,9.484895,0.0,4.0,7.0,0.58959216
0022500617,1610612747,Los Angeles,Lakers,LAL,lakers,1629029,Luka,Dončić,L. Dončić,luka-dončić,G,,,35:39,35.65,12,21,0.571,3,9,0.333,11,12,0.917,0,13,13,10,2,0,3,2,38,-2.0,0022500617,Luka Dončić,luka dončić,,,2026-01-20,2,1.0659186535764376,0.0,0.364656381486676,0.2805049088359046,0.05610098176718093,1.0,8.0,1.0,1.0,1.0,2.0,8.0,1.0,3.0,0,0.0,0,0.00367,-1.1,-299.645873059112,-1.0959630000000002,0.05610098176718093,1.0,6.0,0.86756253
0022500617,1610612747,Los Angeles,Lakers,LAL,lakers,1629060,Rui,Hachimura,R. Hachimura,rui-hachimura,,,,28:15,28.25,4,13,0.308,1,3,0.333,0,0,0.0,3,3,6,1,1,0,0,2,9,-2.0,0022500617,Rui Hachimura,rui hachimura,,,2026-01-20,1,0.3185840707964602,0.10619469026548672,0.21238938053097345,0.035398230088495575,0.1415929203539823,4.0,1.0,4.0,5.0,2.0,2.0,8.0,4.0,0.0,0,0.0,0,0.00194,0.4,206.07934054611027,0.399224,0.035398230088495575,3.0,2.0,0.22229119
0022500617,1610612747,Los Angeles,Lakers,LAL,lakers,1629637,Jaxson,Hayes,J. Hayes,jaxson-hayes,,,,22:52,22.866666666666667,4,5,0.8,0,0,0.0,1,4,0.25,1,4,5,0,0,2,0,2,9,16.0,0022500617,Jaxson Hayes,jaxson hayes,,,2026-01-20,2,0.3935860058309038,0.043731778425655975,0.21865889212827988,0.0,0.13119533527696792,4.0,3.0,5.0,7.0,3.0,1.0,1.0,6.0,0.0,0,0.0,0,0.00132,31.4,23769.87130961393,31.358552,0.08746355685131195,1.0,3.0,0.77574015
0022500617,1610612747,Los Angeles,Lakers,LAL,lakers,1629216,Gabe,Vincent,G. Vincent,gabe-vincent,,,,17:28,17.466666666666665,1,2,0.5,1,2,0.5,2,3,0.667,0,0,0,0,0,0,0,3,5,3.0,0022500617,Gabe Vincent,gabe vincent,,,2026-01-20,0,0.28625954198473286,0.0,0.0,0.0,0.0,8.0,8.0,10.0,7.0,3.0,2.0,6.0,8.0,0.0,0,0.0,0,0.0007000000000000001,8.3,11840.228245363765,8.29419,0.0,4.0,9.0,0.009858826
0022500617,1610612747,Los Angeles,Lakers,LAL,lakers,1629020,Jarred,Vanderbilt,J. Vanderbilt,jarred-vanderbilt,,,,17:47,17.783333333333335,0,2,0.0,0,1,0.0,0,0,0.0,1,3,4,2,0,0,0,1,0,-2.0,0022500617,Jarred Vanderbilt,jarred vanderbilt,,,2026-01-20,0,0.0,0.05623242736644798,0.2249297094657919,0.11246485473289596,0.05623242736644798,10.0,3.0,6.0,3.0,3.0,2.0,8.0,7.0,1.0,0,0.0,0,0.00049,-9.6,-19551.93482688391,-9.595296,0.0,4.0,5.0,0.020786516
0022500617,1610612747,Los Angeles,Lakers,LAL,lakers,1631166,Drew,Timme,D. Timme,drew-timme,,,,10:45,10.75,4,6,0.667,1,1,1.0,0,1,0.0,2,1,3,0,0,0,0,1,9,5.0,0022500617,Drew Timme,drew timme,,,2026-01-20,0,0.8372093023255814,0.18604651162790697,0.27906976744186046,0.0,0.18604651162790697,4.0,2.0,7.0,7.0,3.0,2.0,4.0,10.0,0.0,0,0.0,0,0.00231,21.1,9130.246646473388,21.051259,0.0,4.0,1.0,0.586309
0022500633,1610612747,Los Angeles,Lakers,LAL,lakers,2544,LeBron,James,L. James,lebron-james,F,,,35:52,35.86666666666667,9,19,0.474,1,4,0.25,4,5,0.8,0,5,5,6,2,0,4,1,23,-7.0,0022500633,LeBron James,lebron james,,,2026-01-22,2,0.6412639405204461,0.0,0.13940520446096655,0.16728624535315986,0.055762081784386616,2.0,5.0,2.0,2.0,4.0,6.0,6.0,2.0,7.0,0,0.0,0,0.00294,-13.7,-4658.2794967698055,-13.659721999999999,0.055762081784386616,4.0,7.0,0.7192127
0022500633,1610612747,Los Angeles,Lakers,LAL,lakers,1631222,Jake,LaRavia,J. LaRavia,jake-laravia,F,,,22:22,22.366666666666667,2,5,0.4,2,2,1.0,1,2,0.5,2,3,5,1,3,4,1,1,7,-15.0,0022500633,Jake LaRavia,jake laravia,,,2026-01-22,7,0.31296572280178836,0.08941877794336811,0.22354694485842028,0.044709388971684055,0.40238450074515647,5.0,1.0,2.0,6.0,2.0,1.0,9.0,5.0,4.0,0,0.0,0,0.00135,-33.3,-24648.408586232417,-33.255044999999996,0.31296572280178836,1.0,1.0,0.22415303
0022500633,1610612747,Los Angeles,Lakers,LAL,lakers,1629028,Deandre,Ayton,D. Ayton,deandre-ayton,C,,,20:30,20.5,2,5,0.4,0,0,0.0,0,0,0.0,2,3,5,0,0,1,1,1,4,-14.0,0022500633,Deandre Ayton,deandre ayton,,,2026-01-22,1,0.1951219512195122,0.0975609756097561,0.24390243902439024,0.0,0.14634146341463414,8.0,1.0,2.0,8.0,6.0,2.0,8.0,7.0,2.0,0,0.0,0,0.00125,-30.6,-24460.43165467626,-30.561750000000004,0.04878048780487805,6.0,3.0,0.024615897
0022500633,1610612747,Los Angeles,Lakers,LAL,lakers,203935,Marcus,Smart,M. Smart,marcus-smart,G,,,29:55,29.916666666666668,4,10,0.4,1,5,0.2,1,1,1.0,0,0,0,4,2,0,1,3,10,-1.0,0022500633,Marcus Smart,marcus smart,,,2026-01-22,2,0.3342618384401114,0.0,0.0,0.13370473537604458,0.06685236768802229,4.0,5.0,10.0,3.0,4.0,6.0,4.0,3.0,3.0,0,0.0,0,0.00172,-1.7,-987.7977919814062,-1.6970759999999998,0.06685236768802229,4.0,6.0,0.2937925
0022500633,1610612747,Los Angeles,Lakers,LAL,lakers,1629029,Luka,Dončić,L. Dončić,luka-dončić,G,,,39:13,39.21666666666667,11,27,0.407,3,13,0.231,7,10,0.7,1,10,11,8,3,0,1,2,32,-17.0,0022500633,Luka Dončić,luka dončić,,,2026-01-22,3,0.8159796005099872,0.0254993625159371,0.2804929876753081,0.2039949001274968,0.1019974500637484,1.0,3.0,1.0,1.0,2.0,6.0,10.0,1.0,6.0,0,0.0,0,0.0035499999999999998,-23.3,-6561.531962827373,-23.217285,0.0764980875478113,3.0,5.0,0.7547675
0022500633,1610612747,Los Angeles,Lakers,LAL,lakers,1629216,Gabe,Vincent,G. Vincent,gabe-vincent,,,,15:33,15.55,1,2,0.5,1,1,1.0,0,0,0.0,0,1,1,0,0,0,0,0,3,-8.0,0022500633,Gabe Vincent,gabe vincent,,,2026-01-22,0,0.19292604501607716,0.0,0.06430868167202572,0.0,0.0,9.0,5.0,7.0,8.0,6.0,6.0,7.0,9.0,0.0,0,0.0,0,0.0005600000000000001,-24.2,-43137.254901960776,-24.186448,0.0,9.0,9.0,0.015696317
0022500633,1610612747,Los Angeles,Lakers,LAL,lakers,1629637,Jaxson,Hayes,J. Hayes,jaxson-hayes,,,,16:34,16.566666666666666,3,4,0.75,0,0,0.0,0,0,0.0,1,1,2,0,0,1,1,2,6,-4.0,0022500633,Jaxson Hayes,jaxson hayes,,,2026-01-22,1,0.36217303822937624,0.060362173038229376,0.12072434607645875,0.0,0.12072434607645875,7.0,3.0,6.0,8.0,6.0,2.0,5.0,8.0,2.0,0,0.0,0,0.00125,-14.4,-11510.791366906476,-14.382000000000001,0.060362173038229376,6.0,4.0,0.13590375
0022500633,1610612747,Los Angeles,Lakers,LAL,lakers,1629060,Rui,Hachimura,R. Hachimura,rui-hachimura,,,,28:23,28.383333333333333,5,11,0.455,2,7,0.286,0,0,0.0,0,3,3,2,0,1,1,1,12,6.0,0022500633,Rui Hachimura,rui hachimura,,,2026-01-22,1,0.42278332354668235,0.0,0.10569583088667059,0.07046388725778038,0.03523194362889019,3.0,5.0,5.0,4.0,6.0,2.0,2.0,4.0,2.0,0,0.0,0,0.00185,8.3,4484.062668827661,8.284645000000001,0.03523194362889019,6.0,8.0,0.5951932
0022500633,1610612747,Los Angeles,Lakers,LAL,lakers,1629020,Jarred,Vanderbilt,J. Vanderbilt,jarred-vanderbilt,,,,21:56,21.933333333333334,3,5,0.6,1,1,1.0,0,0,0.0,0,1,1,2,4,1,0,3,7,16.0,0022500633,Jarred Vanderbilt,jarred vanderbilt,,,2026-01-22,5,0.3191489361702128,0.0,0.04559270516717325,0.0911854103343465,0.22796352583586627,5.0,5.0,7.0,4.0,1.0,2.0,1.0,6.0,6.0,0,0.0,0,0.00106,37.8,35626.76720075401,37.759932,0.22796352583586627,2.0,2.0,0.33442286
0022500633,1610612747,Los Angeles,Lakers,LAL,lakers,1631166,Drew,Timme,D. Timme,drew-timme,,,,9:42,9.7,0,0,0.0,0,0,0.0,0,0,0.0,0,1,1,1,0,0,0,3,0,4.0,0022500633,Drew Timme,drew timme,,,2026-01-22,0,0.0,0.0,0.10309278350515465,0.10309278350515465,0.0,10.0,5.0,7.0,6.0,6.0,6.0,3.0,10.0,0.0,0,0.0,0,0.0,15.5,15500000.0,15.5,0.0,9.0,9.0,0.006914026
0022500648,1610612747,Los Angeles,Lakers,LAL,lakers,2544,LeBron,James,L. James,lebron-james,F,,,36:34,36.56666666666667,8,16,0.5,1,3,0.333,0,0,0.0,2,6,8,5,1,1,1,2,17,-8.0,0022500648,LeBron James,lebron james,,,2026-01-24,2,0.4649042844120328,0.05469462169553327,0.21877848678213307,0.13673655423883316,0.10938924339106654,2.0,3.0,2.0,2.0,3.0,2.0,9.0,2.0,2.0,0,0.0,0,0.00181,-10.5,-5797.9017117614585,-10.480995,0.05469462169553327,1.0,6.0,0.7168013
0022500648,1610612747,Los Angeles,Lakers,LAL,lakers,1631222,Jake,LaRavia,J. LaRavia,jake-laravia,F,,,30:28,30.466666666666665,4,8,0.5,2,6,0.333,3,4,0.75,1,5,6,1,0,1,4,4,13,12.0,0022500648,Jake LaRavia,jake laravia,,,2026-01-24,1,0.42669584245076586,0.03282275711159738,0.19693654266958427,0.03282275711159738,0.06564551422319476,4.0,4.0,6.0,5.0,6.0,2.0,3.0,4.0,1.0,0,0.0,0,0.00187,16.4,8765.366114377339,16.369331999999996,0.03282275711159738,6.0,9.0,0.45762947
0022500648,1610612747,Los Angeles,Lakers,LAL,lakers,1629028,Deandre,Ayton,D. Ayton,deandre-ayton,C,,,23:45,23.75,4,16,0.25,0,0,0.0,1,2,0.5,5,6,11,0,0,1,1,4,9,-12.0,0022500648,Deandre Ayton,deandre ayton,,,2026-01-24,1,0.37894736842105264,0.21052631578947367,0.4631578947368421,0.0,0.25263157894736843,6.0,1.0,1.0,10.0,6.0,2.0,10.0,6.0,2.0,0,0.0,0,0.0029,-26.4,-9100.310237849017,-26.323439999999998,0.042105263157894736,6.0,2.0,0.17561811
0022500648,1610612747,Los Angeles,Lakers,LAL,lakers,203935,Marcus,Smart,M. Smart,marcus-smart,G,,,32:01,32.016666666666666,4,10,0.4,2,4,0.5,3,5,0.6,4,3,7,3,0,2,3,3,13,-2.0,0022500648,Marcus Smart,marcus smart,,,2026-01-24,2,0.4060385216033316,0.12493492972410203,0.21863612701717855,0.09370119729307652,0.18740239458615304,4.0,2.0,5.0,3.0,6.0,1.0,6.0,3.0,1.0,0,0.0,0,0.00185,-4.7,-2539.1680172879524,-4.691305,0.062467464862051014,1.0,4.0,0.5635876
0022500648,1610612747,Los Angeles,Lakers,LAL,lakers,1629029,Luka,Dončić,L. Dončić,luka-dončić,G,,,39:09,39.15,8,15,0.533,3,8,0.375,14,15,0.933,0,8,8,11,1,1,5,2,33,18.0,0022500648,Luka Dončić,luka dončić,,,2026-01-24,2,0.842911877394636,0.0,0.20434227330779056,0.280970625798212,0.05108556832694764,1.0,9.0,2.0,1.0,3.0,2.0,2.0,1.0,2.0,0,1.0,0,0.0027600000000000003,19.4,7026.439695762403,19.346456,0.05108556832694764,1.0,10.0,0.87526995
0022500648,1610612747,Los Angeles,Lakers,LAL,lakers,1629060,Rui,Hachimura,R. Hachimura,rui-hachimura,,,,27:08,27.133333333333333,6,13,0.462,4,7,0.571,1,1,1.0,1,7,8,1,0,1,0,1,17,21.0,0022500648,Rui Hachimura,rui hachimura,,,2026-01-24,1,0.6265356265356266,0.036855036855036855,0.29484029484029484,0.036855036855036855,0.07371007371007371,2.0,4.0,2.0,5.0,6.0,2.0,1.0,5.0,0.0,0,0.0,0,0.00188,37.5,19936.204146730463,37.4295,0.036855036855036855,6.0,7.0,0.90534127
0022500648,1610612747,Los Angeles,Lakers,LAL,lakers,1629637,Jaxson,Hayes,J. Hayes,jaxson-hayes,,,,14:37,14.616666666666667,3,3,1.0,0,0,0.0,0,0,0.0,0,1,1,1,0,1,0,2,6,1.0,0022500648,Jaxson Hayes,jaxson hayes,,,2026-01-24,1,0.4104903078677309,0.0,0.06841505131128849,0.06841505131128849,0.06841505131128849,8.0,9.0,9.0,5.0,6.0,2.0,5.0,8.0,0.0,0,0.0,0,0.0008100000000000001,0.1,123.30456226880393,0.09991900000000001,0.06841505131128849,6.0,8.0,0.1698707
0022500648,1610612747,Los Angeles,Lakers,LAL,lakers,1629216,Gabe,Vincent,G. Vincent,gabe-vincent,,,,15:24,15.4,0,2,0.0,0,2,0.0,0,0,0.0,1,0,1,1,2,0,0,1,0,8.0,0022500648,Gabe Vincent,gabe vincent,,,2026-01-24,2,0.0,0.06493506493506493,0.06493506493506493,0.06493506493506493,0.19480519480519481,9.0,4.0,9.0,5.0,1.0,8.0,4.0,7.0,2.0,0,0.0,0,0.00049,21.1,42973.523421588594,21.089661000000003,0.12987012987012986,1.0,3.0,0.024654768
0022500648,1610612747,Los Angeles,Lakers,LAL,lakers,1629020,Jarred,Vanderbilt,J. Vanderbilt,jarred-vanderbilt,,,,12:29,12.483333333333333,3,6,0.5,2,3,0.667,0,2,0.0,1,3,4,2,1,0,0,1,8,-4.0,0022500648,Jarred Vanderbilt,jarred vanderbilt,,,2026-01-24,1,0.6408544726301736,0.0801068090787717,0.3204272363150868,0.1602136181575434,0.1602136181575434,7.0,4.0,7.0,4.0,3.0,8.0,7.0,9.0,1.0,0,0.0,0,0.002,-10.4,-5197.401299350325,-10.3792,0.0801068090787717,6.0,5.0,0.15373677
0022500648,1610612747,Los Angeles,Lakers,LAL,lakers,1631166,Drew,Timme,D. Timme,drew-timme,,,,8:25,8.416666666666666,0,1,0.0,0,1,0.0,0,0,0.0,1,2,3,1,2,0,0,0,0,-4.0,0022500648,Drew Timme,drew timme,,,2026-01-24,2,0.0,0.11881188118811882,0.3564356435643565,0.11881188118811882,0.3564356435643565,9.0,4.0,8.0,5.0,1.0,8.0,7.0,10.0,0.0,0,0.0,0,0.00037999999999999997,-33.4,-87664.04199475066,-33.387308,0.23762376237623764,1.0,1.0,0.009819173
0022500661,1610612747,Los Angeles,Lakers,LAL,lakers,1631222,Jake,LaRavia,J. LaRavia,jake-laravia,F,,,33:25,33.416666666666664,3,6,0.5,2,4,0.5,0,0,0.0,1,4,5,3,3,0,0,1,8,-9.0,0022500661,Jake LaRavia,jake laravia,,,2026-01-26,3,0.23940149625935164,0.029925187032418955,0.14962593516209477,0.08977556109725686,0.11970074812967582,5.0,1.0,3.0,2.0,1.0,3.0,8.0,2.0,4.0,0,0.0,0,0.00083,-13.0,-15643.802647412755,-12.98921,0.08977556109725686,1.0,2.0,0.1611602
0022500661,1610612747,Los Angeles,Lakers,LAL,lakers,2544,LeBron,James,L. James,lebron-james,F,,,32:52,32.86666666666667,9,19,0.474,1,4,0.25,5,6,0.833,0,5,5,3,1,0,2,3,24,-14.0,0022500661,LeBron James,lebron james,,,2026-01-26,1,0.7302231237322515,0.0,0.15212981744421905,0.09127789046653144,0.030425963488843813,2.0,4.0,3.0,2.0,2.0,3.0,9.0,3.0,4.0,0,0.0,0,0.00311,-17.9,-5753.776920604307,-17.844331,0.030425963488843813,4.0,6.0,0.7566013
0022500661,1610612747,Los Angeles,Lakers,LAL,lakers,1629028,Deandre,Ayton,D. Ayton,deandre-ayton,C,,,22:06,22.1,3,6,0.5,0,0,0.0,0,0,0.0,0,2,2,0,0,0,0,1,6,-15.0,0022500661,Deandre Ayton,deandre ayton,,,2026-01-26,0,0.27149321266968324,0.0,0.09049773755656108,0.0,0.0,7.0,4.0,6.0,9.0,6.0,3.0,10.0,7.0,1.0,0,0.0,0,0.00128,-36.9,-28805.620608899295,-36.852768,0.0,6.0,7.0,0.03546456
0022500661,1610612747,Los Angeles,Lakers,LAL,lakers,203935,Marcus,Smart,M. Smart,marcus-smart,G,,,32:17,32.28333333333333,3,6,0.5,1,3,0.333,5,7,0.714,0,2,2,1,1,0,0,4,12,5.0,0022500661,Marcus Smart,marcus smart,,,2026-01-26,1,0.37170882808466704,0.0,0.061951471347444505,0.030975735673722252,0.030975735673722252,4.0,4.0,6.0,6.0,2.0,3.0,6.0,4.0,3.0,0,0.0,0,0.00127,5.5,4327.301337529504,5.493015,0.030975735673722252,4.0,5.0,0.13240942
0022500661,1610612747,Los Angeles,Lakers,LAL,lakers,1629029,Luka,Dončić,L. Dončić,luka-dončić,G,,,38:05,38.083333333333336,15,25,0.6,8,14,0.571,8,12,0.667,0,7,7,12,0,0,3,2,46,6.0,0022500661,Luka Dončić,luka dončić,,,2026-01-26,0,1.2078774617067833,0.0,0.1838074398249453,0.31509846827133475,0.0,1.0,4.0,1.0,1.0,6.0,3.0,5.0,1.0,0.0,0,0.0,0,0.00402,7.6,1890.0770952499377,7.5694479999999995,0.0,6.0,7.0,0.9460394
0022500661,1610612747,Los Angeles,Lakers,LAL,lakers,1629637,Jaxson,Hayes,J. Hayes,jaxson-hayes,,,,22:53,22.883333333333333,3,4,0.75,0,0,0.0,2,2,1.0,1,3,4,1,1,2,0,2,8,26.0,0022500661,Jaxson Hayes,jaxson hayes,,,2026-01-26,3,0.34959941733430444,0.043699927166788055,0.17479970866715222,0.043699927166788055,0.17479970866715222,5.0,1.0,5.0,6.0,2.0,1.0,1.0,6.0,1.0,0,0.0,0,0.00098,53.1,54128.440366972485,53.047962000000005,0.13109978150036417,1.0,1.0,0.82455885
0022500661,1610612747,Los Angeles,Lakers,LAL,lakers,1629216,Gabe,Vincent,G. Vincent,gabe-vincent,,,,12:04,12.066666666666666,0,2,0.0,0,1,0.0,0,0,0.0,0,1,1,3,0,0,0,0,0,13.0,0022500661,Gabe Vincent,gabe vincent,,,2026-01-26,0,0.0,0.0,0.08287292817679558,0.24861878453038674,0.0,9.0,4.0,9.0,2.0,6.0,3.0,4.0,9.0,1.0,0,0.0,0,0.0007099999999999999,44.7,62869.198312236294,44.668263,0.0,6.0,7.0,0.016462917
0022500661,1610612747,Los Angeles,Lakers,LAL,lakers,1629060,Rui,Hachimura,R. Hachimura,rui-hachimura,,,,29:16,29.266666666666666,9,11,0.818,4,5,0.8,1,2,0.5,0,2,2,1,1,1,0,1,23,22.0,0022500661,Rui Hachimura,rui hachimura,,,2026-01-26,2,0.785876993166287,0.0,0.0683371298405467,0.03416856492027335,0.0683371298405467,3.0,4.0,6.0,6.0,2.0,2.0,2.0,5.0,3.0,0,0.0,0,0.00182,34.9,19165.29379461834,34.836482,0.0683371298405467,3.0,3.0,0.93674934
0022500661,1610612747,Los Angeles,Lakers,LAL,lakers,1629020,Jarred,Vanderbilt,J. Vanderbilt,jarred-vanderbilt,,,,16:39,16.65,1,3,0.333,0,2,0.0,0,0,0.0,1,6,7,2,0,0,1,1,2,21.0,0022500661,Jarred Vanderbilt,jarred vanderbilt,,,2026-01-26,0,0.12012012012012013,0.060060060060060066,0.42042042042042044,0.12012012012012013,0.060060060060060066,8.0,1.0,1.0,5.0,6.0,3.0,3.0,8.0,2.0,0,0.0,0,0.0010299999999999999,55.3,53637.24539282251,55.243041,0.0,6.0,4.0,0.08706929
0022500661,1610612747,Los Angeles,Lakers,LAL,lakers,1631166,Drew,Timme,D. Timme,drew-timme,,,,0:23,0.38333333333333336,0,0,0.0,0,0,0.0,0,0,0.0,0,0,0,0,0,0,0,0,0,-2.0,0022500661,Drew Timme,drew timme,,,2026-01-26,0,0.0,0.0,0.0,0.0,0.0,9.0,4.0,10.0,9.0,6.0,3.0,7.0,10.0,0.0,0,1.0,0,0.0,0.0,0.0,0.0,0.0,6.0,7.0,0.008594317
0022500671,1610612747,Los Angeles,Lakers,LAL,lakers,2544,LeBron,James,L. James,lebron-james,F,,,27:08,27.133333333333333,3,10,0.3,0,3,0.0,5,6,0.833,1,2,3,5,1,0,6,3,11,-23.0,0022500671,LeBron James,lebron james,,,2026-01-28,1,0.40540540540540543,0.036855036855036855,0.11056511056511056,0.18427518427518427,0.07371007371007371,2.0,4.0,5.0,2.0,2.0,4.0,12.0,2.0,1.0,0,0.0,0,0.00302,-37.1,-12280.701754385964,-36.987958,0.036855036855036855,2.0,7.0,0.15137257
0022500671,1610612747,Los Angeles,Lakers,LAL,lakers,1631222,Jake,LaRavia,J. LaRavia,jake-laravia,F,,,26:36,26.6,2,8,0.25,0,5,0.0,2,2,1.0,0,0,0,3,2,1,2,3,6,-9.0,0022500671,Jake LaRavia,jake laravia,,,2026-01-28,3,0.22556390977443608,0.0,0.0,0.11278195488721804,0.11278195488721804,7.0,6.0,12.0,3.0,1.0,1.0,6.0,3.0,5.0,0,0.0,0,0.0017499999999999998,-18.4,-10508.280982295832,-18.3678,0.11278195488721804,1.0,6.0,0.040227264
0022500671,1610612747,Los Angeles,Lakers,LAL,lakers,1629028,Deandre,Ayton,D. Ayton,deandre-ayton,C,,,19:26,19.433333333333334,4,4,1.0,0,0,0.0,2,2,1.0,2,2,4,2,0,1,1,3,10,-20.0,0022500671,Deandre Ayton,deandre ayton,,,2026-01-28,1,0.5145797598627787,0.10291595197255575,0.2058319039451115,0.10291595197255575,0.15437392795883362,4.0,1.0,4.0,4.0,7.0,1.0,11.0,6.0,0.0,0,0.0,0,0.0014000000000000002,-51.3,-36616.70235546038,-51.22818,0.051457975986277875,2.0,3.0,0.57954574
0022500671,1610612747,Los Angeles,Lakers,LAL,lakers,203935,Marcus,Smart,M. Smart,marcus-smart,G,,,23:48,23.8,1,4,0.25,0,1,0.0,0,0,0.0,0,3,3,0,1,0,1,2,2,-18.0,0022500671,Marcus Smart,marcus smart,,,2026-01-28,1,0.08403361344537814,0.0,0.12605042016806722,0.0,0.04201680672268907,11.0,6.0,5.0,9.0,2.0,4.0,10.0,5.0,2.0,0,0.0,0,0.00094,-34.0,-36131.77470775771,-33.968039999999995,0.04201680672268907,2.0,10.0,0.0065313606
0022500671,1610612747,Los Angeles,Lakers,LAL,lakers,1629029,Luka,Dončić,L. Dončić,luka-dončić,G,,,29:46,29.766666666666666,12,20,0.6,3,8,0.375,2,6,0.333,0,5,5,6,0,0,2,1,29,-23.0,0022500671,Luka Dončić,luka dončić,,,2026-01-28,0,0.9742441209406495,0.0,0.167973124300112,0.2015677491601344,0.0,1.0,6.0,2.0,1.0,7.0,4.0,12.0,1.0,1.0,0,0.0,0,0.00373,-38.3,-10265.344411685874,-38.157140999999996,0.0,9.0,11.0,0.8100539
0022500671,1610612747,Los Angeles,Lakers,LAL,lakers,1629060,Rui,Hachimura,R. Hachimura,rui-hachimura,,,,17:36,17.6,0,7,0.0,0,2,0.0,0,0,0.0,0,2,2,0,0,1,1,0,0,-17.0,0022500671,Rui Hachimura,rui hachimura,,,2026-01-28,1,0.0,0.0,0.11363636363636363,0.0,0.056818181818181816,12.0,6.0,8.0,9.0,7.0,1.0,9.0,8.0,0.0,0,0.0,0,0.002,-40.1,-20039.980009995,-40.019800000000004,0.056818181818181816,2.0,8.0,0.0049557653
0022500671,1610612747,Los Angeles,Lakers,LAL,lakers,1629216,Gabe,Vincent,G. Vincent,gabe-vincent,,,,24:31,24.516666666666666,4,6,0.667,3,5,0.6,0,0,0.0,0,3,3,1,0,0,2,1,11,-12.0,0022500671,Gabe Vincent,gabe vincent,,,2026-01-28,0,0.44867437117607073,0.0,0.12236573759347383,0.04078857919782461,0.0,2.0,6.0,5.0,6.0,7.0,4.0,8.0,4.0,0.0,0,0.0,0,0.00148,-23.5,-15867.65698852127,-23.46522,0.0,9.0,11.0,0.37883997
0022500671,1610612747,Los Angeles,Lakers,LAL,lakers,1629637,Jaxson,Hayes,J. Hayes,jaxson-hayes,,,,18:11,18.183333333333334,3,4,0.75,0,0,0.0,1,2,0.5,1,4,5,1,0,0,0,2,7,-6.0,0022500671,Jaxson Hayes,jaxson hayes,,,2026-01-28,0,0.384967919340055,0.054995417048579284,0.27497708524289644,0.054995417048579284,0.054995417048579284,6.0,4.0,2.0,6.0,7.0,4.0,4.0,7.0,2.0,0,0.0,0,0.00114,-18.6,-16301.489921121825,-18.578796,0.0,9.0,9.0,0.08290482
0022500671,1610612747,Los Angeles,Lakers,LAL,lakers,1629020,Jarred,Vanderbilt,J. Vanderbilt,jarred-vanderbilt,,,,15:49,15.816666666666666,2,7,0.286,0,2,0.0,0,0,0.0,2,4,6,2,1,0,0,1,4,-11.0,0022500671,Jarred Vanderbilt,jarred vanderbilt,,,2026-01-28,1,0.2528977871443625,0.12644889357218125,0.37934668071654376,0.12644889357218125,0.18967334035827188,10.0,1.0,1.0,4.0,2.0,4.0,7.0,9.0,1.0,0,0.0,0,0.00184,-29.6,-16078.218359587181,-29.545536000000002,0.06322444678609063,2.0,1.0,0.03137132
0022500671,1610612747,Los Angeles,Lakers,LAL,lakers,1631166,Drew,Timme,D. Timme,drew-timme,,,,12:00,12.0,3,5,0.6,0,2,0.0,0,0,0.0,2,0,2,0,0,0,1,0,6,-8.0,0022500671,Drew Timme,drew timme,,,2026-01-28,0,0.5,0.16666666666666666,0.16666666666666666,0.0,0.16666666666666666,7.0,1.0,8.0,9.0,7.0,4.0,5.0,10.0,0.0,0,0.0,0,0.0024,-36.4,-15160.349854227405,-36.31264,0.0,9.0,2.0,0.09352029
0022500671,1610612747,Los Angeles,Lakers,LAL,lakers,1628467,Maxi,Kleber,M. Kleber,maxi-kleber,,,,8:23,8.383333333333333,0,0,0.0,0,0,0.0,0,0,0.0,0,0,0,0,1,0,0,0,0,-1.0,0022500671,Maxi Kleber,maxi kleber,,,2026-01-28,1,0.0,0.0,0.0,0.0,0.11928429423459246,12.0,6.0,12.0,9.0,2.0,4.0,1.0,11.0,1.0,0,0.0,0,0.0,-14.6,-14600000.0,-14.6,0.11928429423459246,2.0,4.0,0.009294703
0022500671,1610612747,Los Angeles,Lakers,LAL,lakers,1642261,Dalton,Knecht,D. Knecht,dalton-knecht,,,,8:23,8.383333333333333,2,3,0.667,1,2,0.5,0,0,0.0,0,1,1,0,0,0,0,0,5,-1.0,0022500671,Dalton Knecht,dalton knecht,,,2026-01-28,0,0.5964214711729623,0.0,0.11928429423459246,0.0,0.0,9.0,6.0,11.0,9.0,7.0,4.0,1.0,11.0,,1,,1,0.0017599999999999998,-14.6,-8290.743895513913,-14.574304,0.0,9.0,11.0,0.03656262
0022500671,1610612747,Los Angeles,Lakers,LAL,lakers,1642355,Bronny,James,B. James,bronny-james,,,,8:23,8.383333333333333,3,3,1.0,2,2,1.0,0,0,0.0,0,2,2,1,1,0,0,0,8,-1.0,0022500671,Bronny James,bronny james,,,2026-01-28,1,0.9542743538767396,0.0,0.2385685884691849,0.11928429423459246,0.11928429423459246,5.0,6.0,8.0,6.0,2.0,4.0,1.0,11.0,1.0,0,0.0,0,0.0017599999999999998,-14.6,-8290.743895513913,-14.574304,0.11928429423459246,2.0,4.0,0.19988056
0022500688,1610612747,Los Angeles,Lakers,LAL,lakers,1631222,Jake,LaRavia,J. LaRavia,jake-laravia,F,,,25:09,25.15,1,3,0.333,0,2,0.0,1,2,0.5,1,5,6,1,3,1,0,2,3,24.0,0022500688,Jake LaRavia,jake laravia,,,2026-01-30,4,0.11928429423459246,0.039761431411530816,0.2385685884691849,0.039761431411530816,0.1988071570576541,12.0,4.0,3.0,8.0,2.0,2.0,3.0,5.0,3.0,0,0.0,0,0.00062,41.4,66666.66666666666,41.374332,0.15904572564612326,1.0,4.0,0.09437786
0022500688,1610612747,Los Angeles,Lakers,LAL,lakers,2544,LeBron,James,L. James,lebron-james,F,,,29:36,29.6,8,16,0.5,2,3,0.667,2,2,1.0,0,3,3,6,2,0,3,1,20,25.0,0022500688,LeBron James,lebron james,,,2026-01-30,2,0.6756756756756757,0.0,0.10135135135135134,0.2027027027027027,0.06756756756756756,3.0,6.0,4.0,2.0,4.0,3.0,2.0,2.0,2.0,0,0.0,0,0.0027,34.9,12921.14031840059,34.805769999999995,0.06756756756756756,5.0,8.0,0.682753
0022500688,1610612747,Los Angeles,Lakers,LAL,lakers,1629028,Deandre,Ayton,D. Ayton,deandre-ayton,C,,,28:57,28.95,12,14,0.857,0,0,0.0,4,4,1.0,5,8,13,3,1,3,1,0,28,30.0,0022500688,Deandre Ayton,deandre ayton,,,2026-01-30,4,0.9671848013816926,0.17271157167530224,0.44905008635578586,0.10362694300518135,0.31088082901554404,2.0,1.0,1.0,4.0,5.0,1.0,1.0,3.0,0.0,0,0.0,0,0.0023899999999999998,46.0,19238.812212463406,45.89006,0.1381692573402418,1.0,3.0,0.9533314
0022500688,1610612747,Los Angeles,Lakers,LAL,lakers,1629029,Luka,Dončić,L. Dončić,luka-dončić,G,,,30:32,30.533333333333335,13,21,0.619,6,13,0.462,5,7,0.714,0,11,11,13,3,0,5,0,37,21.0,0022500688,Luka Dončić,luka dončić,,,2026-01-30,3,1.2117903930131004,0.0,0.36026200873362446,0.425764192139738,0.0982532751091703,1.0,6.0,2.0,1.0,2.0,3.0,4.0,1.0,2.0,0,0.0,0,0.00367,30.0,8172.160174339417,29.8899,0.0982532751091703,4.0,7.0,0.74788505
0022500688,1610612747,Los Angeles,Lakers,LAL,lakers,203935,Marcus,Smart,M. Smart,marcus-smart,G,,,26:31,26.516666666666666,1,2,0.5,1,2,0.5,0,0,0.0,0,1,1,4,1,0,4,1,3,21.0,0022500688,Marcus Smart,marcus smart,,,2026-01-30,1,0.11313639220615965,0.0,0.037712130735386554,0.15084852294154621,0.037712130735386554,12.0,6.0,9.0,3.0,5.0,3.0,4.0,4.0,1.0,0,0.0,0,0.00092,34.5,37459.28338762215,34.46826,0.037712130735386554,6.0,10.0,0.019590799
0022500688,1610612747,Los Angeles,Lakers,LAL,lakers,1629637,Jaxson,Hayes,J. Hayes,jaxson-hayes,,,,13:34,13.566666666666666,4,5,0.8,0,0,0.0,2,2,1.0,1,2,3,1,1,0,0,0,10,-3.0,0022500688,Jaxson Hayes,jaxson hayes,,,2026-01-30,1,0.7371007371007371,0.07371007371007371,0.22113022113022113,0.07371007371007371,0.14742014742014742,5.0,4.0,4.0,8.0,5.0,3.0,13.0,10.0,2.0,0,0.0,0,0.0016200000000000001,-12.6,-7772.979642196175,-12.579588000000001,0.07371007371007371,6.0,6.0,0.5568594
0022500688,1610612747,Los Angeles,Lakers,LAL,lakers,1629216,Gabe,Vincent,G. Vincent,gabe-vincent,,,,18:15,18.25,2,5,0.4,2,5,0.4,0,0,0.0,0,0,0,2,1,0,0,0,6,3.0,0022500688,Gabe Vincent,gabe vincent,,,2026-01-30,1,0.3287671232876712,0.0,0.0,0.1095890410958904,0.0547945205479452,7.0,6.0,12.0,6.0,5.0,3.0,11.0,6.0,1.0,0,0.0,0,0.00106,4.3,4052.7803958529694,4.295442,0.0547945205479452,6.0,9.0,0.044874914
0022500688,1610612747,Los Angeles,Lakers,LAL,lakers,1629060,Rui,Hachimura,R. Hachimura,rui-hachimura,,,,17:40,17.666666666666668,3,5,0.6,2,3,0.667,3,6,0.5,0,2,2,2,0,0,1,1,11,-2.0,0022500688,Rui Hachimura,rui hachimura,,,2026-01-30,0,0.6226415094339622,0.0,0.11320754716981131,0.11320754716981131,0.0,4.0,6.0,7.0,6.0,10.0,3.0,12.0,7.0,1.0,0,0.0,0,0.00196,-2.1,-1070.8822029576747,-2.0958840000000003,0.0,10.0,11.0,0.20727608
0022500688,1610612747,Los Angeles,Lakers,LAL,lakers,1629020,Jarred,Vanderbilt,J. Vanderbilt,jarred-vanderbilt,,,,16:14,16.233333333333334,3,5,0.6,1,2,0.5,1,2,0.5,2,0,2,1,4,0,0,1,8,7.0,0022500688,Jarred Vanderbilt,jarred vanderbilt,,,2026-01-30,4,0.4928131416837782,0.12320328542094455,0.12320328542094455,0.061601642710472276,0.36960985626283366,6.0,2.0,7.0,8.0,1.0,3.0,7.0,9.0,5.0,0,0.0,0,0.0014299999999999998,9.4,6568.832983927325,9.386557999999999,0.2464065708418891,1.0,1.0,0.2822966
0022500688,1610612747,Los Angeles,Lakers,LAL,lakers,1631166,Drew,Timme,D. Timme,drew-timme,,,,17:05,17.083333333333332,1,2,0.5,0,1,0.0,2,2,1.0,0,1,1,3,0,0,1,2,4,17.0,0022500688,Drew Timme,drew timme,,,2026-01-30,0,0.23414634146341465,0.0,0.05853658536585366,0.175609756097561,0.0,8.0,6.0,9.0,4.0,10.0,3.0,6.0,8.0,0.0,0,0.0,0,0.00105,48.6,46241.674595623226,48.548970000000004,0.0,10.0,11.0,0.031067254
0022500688,1610612747,Los Angeles,Lakers,LAL,lakers,1642355,Bronny,James,B. James,bronny-james,,,,5:29,5.483333333333333,1,3,0.333,0,1,0.0,2,3,0.667,0,0,0,1,0,0,0,0,4,4.0,0022500688,Bronny James,bronny james,,,2026-01-30,0,0.729483282674772,0.0,0.0,0.182370820668693,0.0,8.0,6.0,12.0,8.0,10.0,3.0,8.0,11.0,,1,,1,0.00308,36.4,11814.34599156118,36.287888,0.0,10.0,11.0,0.007748099
0022500688,1610612747,Los Angeles,Lakers,LAL,lakers,1628467,Maxi,Kleber,M. Kleber,maxi-kleber,,,,5:29,5.483333333333333,2,2,1.0,0,0,0.0,0,0,0.0,2,1,3,1,0,0,0,0,4,4.0,0022500688,Maxi Kleber,maxi kleber,,,2026-01-30,0,0.729483282674772,0.364741641337386,0.547112462006079,0.182370820668693,0.364741641337386,8.0,2.0,4.0,8.0,10.0,3.0,8.0,11.0,0.0,0,0.0,0,0.00154,36.4,23621.025308241402,36.343944,0.0,10.0,2.0,0.03911859
0022500688,1610612747,Los Angeles,Lakers,LAL,lakers,1642261,Dalton,Knecht,D. Knecht,dalton-knecht,,,,5:29,5.483333333333333,1,2,0.5,0,1,0.0,2,2,1.0,0,1,1,0,1,0,1,0,4,4.0,0022500688,Dalton Knecht,dalton knecht,,,2026-01-30,1,0.729483282674772,0.0,0.182370820668693,0.0,0.182370820668693,8.0,6.0,9.0,13.0,5.0,3.0,8.0,11.0,1.0,0,0.0,0,0.00308,36.4,11814.34599156118,36.287888,0.182370820668693,6.0,5.0,0.013294126
0022500708,1610612747,Los Angeles,Lakers,LAL,lakers,2544,LeBron,James,L. James,lebron-james,F,,,34:34,34.56666666666667,9,15,0.6,2,6,0.333,2,6,0.333,1,4,5,6,1,0,1,0,22,-17.0,0022500708,LeBron James,lebron james,,,2026-02-01,1,0.6364513018322082,0.028929604628736737,0.1446480231436837,0.17357762777242042,0.057859209257473475,2.0,2.0,2.0,2.0,1.0,3.0,11.0,2.0,2.0,0,0.0,0,0.00247,-25.4,-10279.23917442331,-25.337262,0.028929604628736737,3.0,5.0,0.7556607
0022500708,1610612747,Los Angeles,Lakers,LAL,lakers,1631222,Jake,LaRavia,J. LaRavia,jake-laravia,F,,,23:16,23.266666666666666,2,7,0.286,1,6,0.167,0,0,0.0,0,2,2,2,1,1,2,3,5,-19.0,0022500708,Jake LaRavia,jake laravia,,,2026-02-01,2,0.21489971346704873,0.0,0.08595988538681949,0.08595988538681949,0.08595988538681949,7.0,5.0,5.0,4.0,1.0,2.0,12.0,6.0,3.0,0,0.0,0,0.00191,-39.6,-20722.135007849294,-39.524364000000006,0.08595988538681949,1.0,4.0,0.01859083
0022500708,1610612747,Los Angeles,Lakers,LAL,lakers,1629028,Deandre,Ayton,D. Ayton,deandre-ayton,C,,,32:06,32.1,6,6,1.0,0,0,0.0,1,1,1.0,4,1,5,1,1,0,0,3,13,-12.0,0022500708,Deandre Ayton,deandre ayton,,,2026-02-01,1,0.40498442367601245,0.12461059190031153,0.1557632398753894,0.03115264797507788,0.1557632398753894,3.0,1.0,2.0,5.0,1.0,3.0,9.0,3.0,1.0,0,0.0,0,0.0008500000000000001,-19.4,-22796.709753231487,-19.383509999999998,0.03115264797507788,3.0,2.0,0.6728333
0022500708,1610612747,Los Angeles,Lakers,LAL,lakers,1629029,Luka,Dončić,L. Dončić,luka-dončić,G,,,36:53,36.88333333333333,10,23,0.435,5,14,0.357,5,6,0.833,0,15,15,8,0,0,3,2,30,-13.0,0022500708,Luka Dončić,luka dončić,,,2026-02-01,0,0.8133755083596927,0.0,0.4066877541798464,0.21690013556258472,0.0,1.0,5.0,1.0,1.0,6.0,3.0,10.0,1.0,0.0,0,0.0,0,0.00367,-13.3,-3622.991010623808,-13.251189000000002,0.0,7.0,7.0,0.83270496
0022500708,1610612747,Los Angeles,Lakers,LAL,lakers,203935,Marcus,Smart,M. Smart,marcus-smart,G,,,30:14,30.233333333333334,2,9,0.222,1,4,0.25,2,2,1.0,0,0,0,3,1,0,2,1,7,-19.0,0022500708,Marcus Smart,marcus smart,,,2026-02-01,1,0.23153252480705622,0.0,0.0,0.09922822491730982,0.0330760749724366,6.0,5.0,10.0,3.0,1.0,3.0,12.0,4.0,7.0,0,0.0,0,0.00182,-32.2,-17682.59198242724,-32.141396,0.0330760749724366,3.0,6.0,0.021035751
0022500708,1610612747,Los Angeles,Lakers,LAL,lakers,1629216,Gabe,Vincent,G. Vincent,gabe-vincent,,,,17:52,17.866666666666667,3,5,0.6,2,4,0.5,0,0,0.0,0,1,1,0,0,0,1,1,8,7.0,0022500708,Gabe Vincent,gabe vincent,,,2026-02-01,0,0.44776119402985076,0.0,0.055970149253731345,0.0,0.0,5.0,5.0,8.0,7.0,6.0,3.0,2.0,8.0,2.0,0,0.0,0,0.00146,24.3,16632.443531827517,24.264522,0.0,7.0,7.0,0.12366037
0022500708,1610612747,Los Angeles,Lakers,LAL,lakers,1629060,Rui,Hachimura,R. Hachimura,rui-hachimura,,,,28:60,29.0,5,11,0.455,1,5,0.2,0,0,0.0,0,3,3,1,0,0,1,0,11,-1.0,0022500708,Rui Hachimura,rui hachimura,,,2026-02-01,0,0.3793103448275862,0.0,0.10344827586206896,0.034482758620689655,0.0,4.0,5.0,4.0,5.0,6.0,3.0,8.0,5.0,2.0,0,0.0,0,0.00185,-1.7,-918.4224743381956,-1.696855,0.0,7.0,7.0,0.12409461
0022500708,1610612747,Los Angeles,Lakers,LAL,lakers,1629637,Jaxson,Hayes,J. Hayes,jaxson-hayes,,,,12:20,12.333333333333334,1,2,0.5,0,0,0.0,0,0,0.0,1,1,2,0,0,2,0,2,2,2.0,0022500708,Jaxson Hayes,jaxson hayes,,,2026-02-01,2,0.16216216216216214,0.08108108108108107,0.16216216216216214,0.0,0.24324324324324323,8.0,2.0,5.0,7.0,6.0,1.0,3.0,9.0,1.0,0,0.0,0,0.0007099999999999999,15.1,21237.693389592125,15.089279,0.16216216216216214,1.0,1.0,0.09871004
0022500708,1610612747,Los Angeles,Lakers,LAL,lakers,1629020,Jarred,Vanderbilt,J. Vanderbilt,jarred-vanderbilt,,,,19:49,19.816666666666666,0,4,0.0,0,3,0.0,1,2,0.5,1,1,2,0,1,0,0,2,1,8.0,0022500708,Jarred Vanderbilt,jarred vanderbilt,,,2026-02-01,1,0.050462573591253154,0.050462573591253154,0.10092514718250631,0.0,0.10092514718250631,9.0,2.0,5.0,7.0,1.0,3.0,1.0,7.0,3.0,0,0.0,0,0.00104,17.0,16330.451488952933,16.982319999999998,0.050462573591253154,3.0,3.0,0.06206394
0022500708,1610612747,Los Angeles,Lakers,LAL,lakers,1642261,Dalton,Knecht,D. Knecht,dalton-knecht,,,,0:59,0.9833333333333333,0,0,0.0,0,0,0.0,0,0,0.0,0,0,0,0,0,0,0,0,0,1.0,0022500708,Dalton Knecht,dalton knecht,,,2026-02-01,0,0.0,0.0,0.0,0.0,0.0,11.0,5.0,10.0,7.0,6.0,3.0,4.0,10.0,0.0,0,0.0,0,0.0,50.0,50000000.0,50.0,0.0,7.0,7.0,0.004658925
0022500708,1610612747,Los Angeles,Lakers,LAL,lakers,1641733,Nick,Smith Jr.,N. Smith Jr.,nick-smith-jr,,,,0:59,0.9833333333333333,0,1,0.0,0,0,0.0,0,0,0.0,0,0,0,0,0,0,0,0,0,1.0,0022500708,Nick Smith Jr.,nick smith jr,,,2026-02-01,0,0.0,0.0,0.0,0.0,0.0,11.0,5.0,10.0,7.0,6.0,3.0,4.0,10.0,,1,,1,0.00333,50.0,15010.507355148604,49.8335,0.0,7.0,7.0,0.0031159294
0022500708,1610612747,Los Angeles,Lakers,LAL,lakers,1628467,Maxi,Kleber,M. Kleber,maxi-kleber,,,,0:59,0.9833333333333333,0,0,0.0,0,0,0.0,1,2,0.5,0,1,1,0,0,0,0,0,1,1.0,0022500708,Maxi Kleber,maxi kleber,,,2026-02-01,0,1.0169491525423728,0.0,1.0169491525423728,0.0,0.0,9.0,5.0,8.0,7.0,6.0,3.0,4.0,10.0,0.0,0,0.0,0,0.00333,50.0,15010.507355148604,49.8335,0.0,7.0,7.0,0.045319684
0022500708,1610612747,Los Angeles,Lakers,LAL,lakers,1631166,Drew,Timme,D. Timme,drew-timme,,,,0:59,0.9833333333333333,0,1,0.0,0,0,0.0,0,0,0.0,0,0,0,0,0,0,0,0,0,1.0,0022500708,Drew Timme,drew timme,,,2026-02-01,0,0.0,0.0,0.0,0.0,0.0,11.0,5.0,10.0,7.0,6.0,3.0,4.0,10.0,,1,,1,0.00333,50.0,15010.507355148604,49.8335,0.0,7.0,7.0,0.0031159294
0022500719,1610612747,Los Angeles,Lakers,LAL,lakers,2544,LeBron,James,L. James,lebron-james,F,,,29:52,29.866666666666667,10,16,0.625,0,3,0.0,5,7,0.714,1,2,3,7,3,0,1,1,25,24.0,0022500719,LeBron James,lebron james,,,2026-02-03,3,0.8370535714285714,0.033482142857142856,0.10044642857142858,0.234375,0.13392857142857142,1.0,3.0,6.0,1.0,1.0,1.0,2.0,1.0,7.0,0,0.0,0,0.0026,41.0,15763.16801230296,40.8934,0.10044642857142858,1.0,5.0,0.8431834
0022500719,1610612747,Los Angeles,Lakers,LAL,lakers,1631222,Jake,LaRavia,J. LaRavia,jake-laravia,F,,,21:55,21.916666666666668,7,9,0.778,1,2,0.5,3,6,0.5,1,4,5,0,1,0,1,1,18,10.0,0022500719,Jake LaRavia,jake laravia,,,2026-02-03,1,0.8212927756653992,0.04562737642585551,0.22813688212927755,0.0,0.09125475285171102,3.0,3.0,3.0,11.0,4.0,1.0,5.0,5.0,3.0,0,0.0,0,0.00241,21.3,8834.508502695977,21.248667,0.04562737642585551,4.0,9.0,0.82449836
0022500719,1610612747,Los Angeles,Lakers,LAL,lakers,1629028,Deandre,Ayton,D. Ayton,deandre-ayton,C,,,27:38,27.633333333333333,3,5,0.6,0,0,0.0,1,2,0.5,2,6,8,3,1,0,1,3,7,16.0,0022500719,Deandre Ayton,deandre ayton,,,2026-02-03,1,0.25331724969843183,0.07237635705669482,0.28950542822677927,0.10856453558504223,0.10856453558504223,6.0,1.0,1.0,3.0,4.0,1.0,4.0,3.0,0.0,0,0.0,0,0.00108,31.3,28954.67160037003,31.266196,0.03618817852834741,4.0,7.0,0.14687638
0022500719,1610612747,Los Angeles,Lakers,LAL,lakers,203935,Marcus,Smart,M. Smart,marcus-smart,G,,,17:55,17.916666666666668,3,5,0.6,0,2,0.0,0,0,0.0,2,1,3,1,1,0,1,2,6,30.0,0022500719,Marcus Smart,marcus smart,,,2026-02-03,1,0.33488372093023255,0.11162790697674418,0.16744186046511628,0.05581395348837209,0.16744186046511628,7.0,1.0,6.0,6.0,4.0,1.0,1.0,8.0,2.0,0,0.0,0,0.00125,73.5,58752.99760191847,73.408125,0.05581395348837209,4.0,3.0,0.63527465
0022500719,1610612747,Los Angeles,Lakers,LAL,lakers,1629029,Luka,Dončić,L. Dončić,luka-dončić,G,,,28:49,28.816666666666666,8,18,0.444,4,11,0.364,4,6,0.667,1,5,6,5,1,0,5,1,24,19.0,0022500719,Luka Dončić,luka dončić,,,2026-02-03,1,0.8328513591671487,0.03470213996529786,0.20821283979178717,0.1735106998264893,0.06940427993059572,2.0,3.0,2.0,2.0,4.0,1.0,3.0,2.0,4.0,0,0.0,0,0.00356,30.2,8480.763830384723,30.092488,0.03470213996529786,4.0,10.0,0.7318286
0022500719,1610612747,Los Angeles,Lakers,LAL,lakers,1629216,Gabe,Vincent,G. Vincent,gabe-vincent,,,,15:50,15.833333333333334,0,3,0.0,0,2,0.0,0,0,0.0,0,1,1,1,2,0,0,0,0,-9.0,0022500719,Gabe Vincent,gabe vincent,,,2026-02-03,2,0.0,0.0,0.06315789473684211,0.06315789473684211,0.12631578947368421,13.0,9.0,10.0,6.0,2.0,1.0,12.0,9.0,2.0,0,0.0,0,0.00077,-29.0,-37613.48897535668,-28.97767,0.12631578947368421,2.0,6.0,0.007163321
0022500719,1610612747,Los Angeles,Lakers,LAL,lakers,1629637,Jaxson,Hayes,J. Hayes,jaxson-hayes,,,,14:38,14.633333333333333,3,3,1.0,0,0,0.0,3,4,0.75,1,0,1,2,1,0,0,1,9,8.0,0022500719,Jaxson Hayes,jaxson hayes,,,2026-02-03,1,0.6150341685649203,0.0683371298405467,0.0683371298405467,0.1366742596810934,0.1366742596810934,5.0,3.0,10.0,5.0,4.0,1.0,7.0,10.0,3.0,0,0.0,0,0.0013900000000000002,28.4,20416.966211358733,28.360523999999998,0.0683371298405467,4.0,4.0,0.14674217
0022500719,1610612747,Los Angeles,Lakers,LAL,lakers,1629060,Rui,Hachimura,R. Hachimura,rui-hachimura,,,,25:35,25.583333333333332,2,3,0.667,1,2,0.5,0,0,0.0,0,3,3,0,1,0,1,0,5,-1.0,0022500719,Rui Hachimura,rui hachimura,,,2026-02-03,1,0.19543973941368079,0.0,0.11726384364820848,0.0,0.03908794788273616,9.0,9.0,6.0,11.0,4.0,1.0,9.0,4.0,1.0,0,0.0,0,0.0006900000000000001,0.3,434.15340086830673,0.299793,0.03908794788273616,4.0,12.0,0.02492847
0022500719,1610612747,Los Angeles,Lakers,LAL,lakers,1629020,Jarred,Vanderbilt,J. Vanderbilt,jarred-vanderbilt,,,,19:07,19.116666666666667,2,3,0.667,0,1,0.0,2,4,0.5,1,4,5,3,0,0,0,0,6,4.0,0022500719,Jarred Vanderbilt,jarred vanderbilt,,,2026-02-03,0,0.3138622493461203,0.05231037489102005,0.26155187445510025,0.15693112467306014,0.05231037489102005,7.0,3.0,3.0,3.0,11.0,1.0,8.0,7.0,2.0,0,0.0,0,0.00111,6.9,6210.621062106211,6.892341,0.0,11.0,11.0,0.050830632
0022500719,1610612747,Los Angeles,Lakers,LAL,lakers,1630559,Austin,Reaves,A. Reaves,austin-reaves,,,,20:38,20.633333333333333,3,9,0.333,1,5,0.2,8,10,0.8,0,4,4,1,2,0,2,3,15,10.0,0022500719,Austin Reaves,austin reaves,,,2026-02-03,2,0.7269789983844911,0.0,0.1938610662358643,0.048465266558966075,0.09693053311793215,4.0,9.0,5.0,6.0,2.0,1.0,5.0,6.0,3.0,0,0.0,0,0.003,19.7,6564.478507164278,19.6409,0.09693053311793215,2.0,8.0,0.17774926
0022500719,1610612747,Los Angeles,Lakers,LAL,lakers,1631166,Drew,Timme,D. Timme,drew-timme,,,,5:44,5.733333333333333,1,3,0.333,0,1,0.0,0,0,0.0,1,1,2,0,0,0,0,0,2,-8.0,0022500719,Drew Timme,drew timme,,,2026-02-03,0,0.3488372093023256,0.1744186046511628,0.3488372093023256,0.0,0.1744186046511628,12.0,3.0,9.0,11.0,11.0,1.0,11.0,11.0,0.0,0,0.0,0,0.002,-57.1,-28535.73213393303,-56.985800000000005,0.0,11.0,2.0,0.010316909
0022500719,1610612747,Los Angeles,Lakers,LAL,lakers,1642355,Bronny,James,B. James,bronny-james,,,,4:36,4.6,2,3,0.667,0,0,0.0,0,0,0.0,0,0,0,1,1,0,0,0,4,-9.0,0022500719,Bronny James,bronny james,,,2026-02-03,1,0.8695652173913044,0.0,0.0,0.2173913043478261,0.2173913043478261,10.0,9.0,12.0,6.0,4.0,1.0,12.0,12.0,1.0,0,0.0,0,0.0025,-97.3,-38904.43822471011,-97.05675000000001,0.2173913043478261,4.0,1.0,0.018040841
0022500719,1610612747,Los Angeles,Lakers,LAL,lakers,1642261,Dalton,Knecht,D. Knecht,dalton-knecht,,,,4:36,4.6,2,5,0.4,0,2,0.0,0,0,0.0,0,0,0,1,0,0,0,1,4,-9.0,0022500719,Dalton Knecht,dalton knecht,,,2026-02-03,0,0.8695652173913044,0.0,0.0,0.2173913043478261,0.0,10.0,9.0,12.0,6.0,11.0,1.0,12.0,12.0,0.0,0,0.0,0,0.00417,-97.3,-23327.739151282665,-96.89425899999999,0.0,11.0,13.0,0.018642964
0022500719,1610612747,Los Angeles,Lakers,LAL,lakers,1628467,Maxi,Kleber,M. Kleber,maxi-kleber,,,,3:07,3.1166666666666667,0,0,0.0,0,0,0.0,0,0,0.0,0,0,0,0,0,0,0,0,0,-5.0,0022500719,Maxi Kleber,maxi kleber,,,2026-02-03,0,0.0,0.0,0.0,0.0,0.0,13.0,9.0,12.0,11.0,11.0,1.0,10.0,14.0,,1,,1,0.0,-92.9,-92900000.00000001,-92.9,0.0,11.0,13.0,0.0039012325
0022500740,1610612747,Los Angeles,Lakers,LAL,lakers,2544,LeBron,James,L. James,lebron-james,F,,,37:26,37.43333333333333,7,17,0.412,0,3,0.0,3,3,1.0,0,4,4,10,0,1,8,1,17,-5.0,0022500740,LeBron James,lebron james,,,2026-02-05,1,0.4541406945681211,0.0,0.1068566340160285,0.26714158504007124,0.026714158504007126,2.0,6.0,5.0,1.0,4.0,2.0,7.0,1.0,0.0,0,0.0,0,0.0028299999999999996,-8.9,-3143.7654539032146,-8.874813,0.026714158504007126,5.0,8.0,0.5459148
0022500740,1610612747,Los Angeles,Lakers,LAL,lakers,1631222,Jake,LaRavia,J. LaRavia,jake-laravia,F,,,23:18,23.3,5,7,0.714,0,2,0.0,4,5,0.8,0,0,0,2,3,0,1,2,14,-1.0,0022500740,Jake LaRavia,jake laravia,,,2026-02-05,3,0.6008583690987124,0.0,0.0,0.08583690987124463,0.12875536480686695,3.0,6.0,10.0,4.0,1.0,4.0,6.0,6.0,6.0,0,0.0,0,0.0017499999999999998,-4.1,-2341.5191319246146,-4.0928249999999995,0.12875536480686695,1.0,5.0,0.80682564
0022500740,1610612747,Los Angeles,Lakers,LAL,lakers,1629028,Deandre,Ayton,D. Ayton,deandre-ayton,C,,,19:54,19.9,4,5,0.8,0,0,0.0,2,2,1.0,2,4,6,0,0,2,0,2,10,-13.0,0022500740,Deandre Ayton,deandre ayton,,,2026-02-05,2,0.5025125628140704,0.10050251256281408,0.30150753768844224,0.0,0.20100502512562815,5.0,2.0,2.0,9.0,4.0,1.0,9.0,8.0,1.0,0,0.0,0,0.00125,-32.5,-25979.216626698642,-32.459375,0.10050251256281408,4.0,3.0,0.30057687
0022500740,1610612747,Los Angeles,Lakers,LAL,lakers,203935,Marcus,Smart,M. Smart,marcus-smart,G,,,31:13,31.216666666666665,2,5,0.4,2,3,0.667,1,4,0.25,2,2,4,5,0,0,0,2,7,-15.0,0022500740,Marcus Smart,marcus smart,,,2026-02-05,0,0.22423918846769889,0.06406833956219968,0.12813667912439936,0.1601708489054992,0.06406833956219968,7.0,2.0,5.0,2.0,4.0,4.0,10.0,3.0,5.0,0,0.0,0,0.00092,-25.5,-27687.29641693811,-25.47654,0.0,6.0,6.0,0.055189453
0022500740,1610612747,Los Angeles,Lakers,LAL,lakers,1629029,Luka,Dončić,L. Dončić,luka-dončić,G,,,15:57,15.95,3,10,0.3,0,4,0.0,4,4,1.0,0,4,4,2,0,0,5,0,10,-10.0,0022500740,Luka Dončić,luka dončić,,,2026-02-05,0,0.6269592476489029,0.0,0.25078369905956116,0.12539184952978058,0.0,5.0,6.0,5.0,4.0,4.0,4.0,8.0,9.0,1.0,0,0.0,0,0.00436,-32.1,-7360.6970878238935,-31.960044,0.0,6.0,9.0,0.07576916
0022500740,1610612747,Los Angeles,Lakers,LAL,lakers,1642261,Dalton,Knecht,D. Knecht,dalton-knecht,,,,3:07,3.1166666666666667,1,1,1.0,0,0,0.0,0,0,0.0,1,0,1,0,0,0,1,0,2,4.0,0022500740,Dalton Knecht,dalton knecht,,,2026-02-05,0,0.6417112299465241,0.32085561497326204,0.32085561497326204,0.0,0.32085561497326204,10.0,4.0,9.0,9.0,4.0,4.0,5.0,10.0,0.0,0,0.0,0,0.0025,45.2,18072.770891643344,45.087,0.0,6.0,1.0,0.01723655
0022500740,1610612747,Los Angeles,Lakers,LAL,lakers,1628467,Maxi,Kleber,M. Kleber,maxi-kleber,,,,26:20,26.333333333333332,2,3,0.667,0,0,0.0,0,0,0.0,4,0,4,4,3,0,1,3,4,23.0,0022500740,Maxi Kleber,maxi kleber,,,2026-02-05,3,0.1518987341772152,0.1518987341772152,0.1518987341772152,0.1518987341772152,0.2658227848101266,9.0,1.0,5.0,3.0,1.0,4.0,1.0,4.0,3.0,0,0.0,0,0.0006,37.4,62229.617304492516,37.377559999999995,0.1139240506329114,1.0,2.0,0.40658617
0022500740,1610612747,Los Angeles,Lakers,LAL,lakers,1629060,Rui,Hachimura,R. Hachimura,rui-hachimura,,,,34:42,34.7,5,7,0.714,2,2,1.0,2,2,1.0,0,7,7,1,0,0,0,2,14,16.0,0022500740,Rui Hachimura,rui hachimura,,,2026-02-05,0,0.4034582132564841,0.0,0.20172910662824206,0.02881844380403458,0.0,3.0,6.0,1.0,7.0,4.0,4.0,2.0,2.0,1.0,0,0.0,0,0.00094,18.1,19234.856535600426,18.082986000000002,0.0,6.0,9.0,0.54575336
0022500740,1610612747,Los Angeles,Lakers,LAL,lakers,1629020,Jarred,Vanderbilt,J. Vanderbilt,jarred-vanderbilt,,,,23:00,23.0,3,7,0.429,0,3,0.0,0,0,0.0,0,6,6,1,2,1,1,5,6,16.0,0022500740,Jarred Vanderbilt,jarred vanderbilt,,,2026-02-05,3,0.2608695652173913,0.0,0.2608695652173913,0.043478260869565216,0.13043478260869565,8.0,6.0,2.0,7.0,3.0,2.0,2.0,7.0,4.0,0,0.0,0,0.0014299999999999998,30.9,21593.291404612162,30.855812999999998,0.13043478260869565,1.0,4.0,0.15949039
0022500740,1610612747,Los Angeles,Lakers,LAL,lakers,1630559,Austin,Reaves,A. Reaves,austin-reaves,,,,25:03,25.05,12,17,0.706,5,8,0.625,6,7,0.857,1,5,6,2,0,0,5,0,35,5.0,0022500740,Austin Reaves,austin reaves,,,2026-02-05,0,1.3972055888223553,0.03992015968063872,0.23952095808383234,0.07984031936127745,0.03992015968063872,1.0,4.0,2.0,4.0,4.0,4.0,4.0,5.0,0.0,0,1.0,0,0.0039700000000000004,8.8,2216.0664819944595,8.765064,0.0,6.0,7.0,0.85369366
0022500753,1610612747,Los Angeles,Lakers,LAL,lakers,2544,LeBron,James,L. James,lebron-james,F,,,35:05,35.083333333333336,6,17,0.353,2,7,0.286,6,7,0.857,0,7,7,10,1,1,7,1,20,7.0,0022500753,LeBron James,lebron james,,,2026-02-07,2,0.5700712589073634,0.0,0.1995249406175772,0.2850356294536817,0.05700712589073634,1.0,5.0,2.0,1.0,3.0,3.0,3.0,1.0,2.0,0,0.0,0,0.00321,7.1,2211.1491747119276,7.077208999999999,0.05700712589073634,3.0,7.0,0.6218377
0022500753,1610612747,Los Angeles,Lakers,LAL,lakers,1629060,Rui,Hachimura,R. Hachimura,rui-hachimura,F,,,28:22,28.366666666666667,7,10,0.7,4,5,0.8,0,0,0.0,0,1,1,0,0,1,1,0,18,-6.0,0022500753,Rui Hachimura,rui hachimura,,,2026-02-07,1,0.6345475910693302,0.0,0.03525264394829612,0.0,0.03525264394829612,2.0,5.0,9.0,9.0,6.0,3.0,8.0,3.0,2.0,0,0.0,0,0.0017499999999999998,-8.6,-4911.479154768705,-8.58495,0.03525264394829612,7.0,9.0,0.87325406
0022500753,1610612747,Los Angeles,Lakers,LAL,lakers,1629637,Jaxson,Hayes,J. Hayes,jaxson-hayes,C,,,20:02,20.033333333333335,3,4,0.75,0,0,0.0,0,1,0.0,1,3,4,1,1,1,0,1,6,-6.0,0022500753,Jaxson Hayes,jaxson hayes,,,2026-02-07,2,0.29950083194675536,0.04991680532445923,0.19966722129783693,0.04991680532445923,0.14975041597337768,7.0,2.0,5.0,6.0,3.0,3.0,8.0,8.0,2.0,0,0.0,0,0.00089,-12.1,-13580.246913580248,-12.089231,0.09983361064891846,3.0,3.0,0.1231691
0022500753,1610612747,Los Angeles,Lakers,LAL,lakers,1631222,Jake,LaRavia,J. LaRavia,jake-laravia,G,,,27:28,27.466666666666665,1,5,0.2,0,3,0.0,0,0,0.0,1,3,4,1,0,2,4,1,2,2.0,0022500753,Jake LaRavia,jake laravia,,,2026-02-07,2,0.07281553398058253,0.03640776699029127,0.14563106796116507,0.03640776699029127,0.1092233009708738,9.0,2.0,5.0,6.0,6.0,1.0,6.0,5.0,1.0,0,0.0,0,0.00153,7.5,4898.758981058132,7.488525,0.07281553398058253,3.0,4.0,0.030483201
0022500753,1610612747,Los Angeles,Lakers,LAL,lakers,203935,Marcus,Smart,M. Smart,marcus-smart,G,,,32:32,32.53333333333333,3,7,0.429,1,2,0.5,8,9,0.889,0,3,3,4,0,2,1,1,15,7.0,0022500753,Marcus Smart,marcus smart,,,2026-02-07,2,0.46106557377049184,0.0,0.09221311475409837,0.12295081967213116,0.06147540983606558,4.0,5.0,7.0,3.0,6.0,1.0,3.0,2.0,0.0,0,0.0,0,0.0016200000000000001,7.3,4503.392967304133,7.288174000000001,0.06147540983606558,3.0,6.0,0.21506655
0022500753,1610612747,Los Angeles,Lakers,LAL,lakers,1630559,Austin,Reaves,A. Reaves,austin-reaves,,,,23:57,23.95,5,10,0.5,0,2,0.0,6,7,0.857,1,4,5,8,2,1,5,2,16,-1.0,0022500753,Austin Reaves,austin reaves,,,2026-02-07,3,0.6680584551148225,0.04175365344467641,0.20876826722338204,0.33402922755741127,0.16701461377870563,3.0,2.0,4.0,2.0,1.0,3.0,7.0,7.0,3.0,0,0.0,0,0.00316,-8.1,-2562.48022777602,-8.074404,0.12526096033402923,1.0,1.0,0.68707967
0022500753,1610612747,Los Angeles,Lakers,LAL,lakers,1628467,Maxi,Kleber,M. Kleber,maxi-kleber,,,,27:58,27.966666666666665,2,3,0.667,0,1,0.0,1,2,0.5,2,5,7,1,0,1,1,4,5,12.0,0022500753,Maxi Kleber,maxi kleber,,,2026-02-07,1,0.17878426698450536,0.07151370679380215,0.25029797377830754,0.03575685339690107,0.10727056019070322,8.0,1.0,2.0,6.0,6.0,3.0,1.0,4.0,0.0,0,1.0,0,0.00079,17.3,21871.049304677625,17.286333000000003,0.03575685339690107,7.0,5.0,0.10576883
0022500753,1610612747,Los Angeles,Lakers,LAL,lakers,1628379,Luke,Kennard,L. Kennard,luke-kennard,,,,26:04,26.066666666666666,4,7,0.571,2,4,0.5,0,0,0.0,0,2,2,2,1,0,2,2,10,4.0,0022500753,Luke Kennard,luke kennard,,,2026-02-07,1,0.3836317135549872,0.0,0.07672634271099744,0.07672634271099744,0.03836317135549872,6.0,5.0,8.0,4.0,3.0,9.0,5.0,6.0,1.0,0,0.0,0,0.00155,7.5,4835.589941972921,7.488375,0.03836317135549872,7.0,8.0,0.3846623
0022500753,1610612747,Los Angeles,Lakers,LAL,lakers,1629020,Jarred,Vanderbilt,J. Vanderbilt,jarred-vanderbilt,,,,18:32,18.533333333333335,4,6,0.667,2,3,0.667,3,4,0.75,0,8,8,2,2,1,1,2,13,11.0,0022500753,Jarred Vanderbilt,jarred vanderbilt,,,2026-02-07,3,0.7014388489208633,0.0,0.4316546762589928,0.1079136690647482,0.1618705035971223,5.0,5.0,1.0,4.0,1.0,3.0,2.0,9.0,1.0,0,0.0,0,0.00214,21.7,10135.450723960765,21.653561999999997,0.1618705035971223,1.0,2.0,0.90288365
0022500769,1610612747,Los Angeles,Lakers,LAL,lakers,2544,LeBron,James,L. James,lebron-james,F,,,35:59,35.983333333333334,9,17,0.529,0,4,0.0,4,6,0.667,1,5,6,10,1,0,3,1,22,-7.0,0022500769,LeBron James,lebron james,,,2026-02-09,1,0.6113941639647985,0.02779064381658175,0.1667438628994905,0.2779064381658175,0.0555812876331635,1.0,3.0,2.0,1.0,2.0,3.0,6.0,1.0,2.0,0,0.0,0,0.0028000000000000004,-6.3,-2249.196715458764,-6.28236,0.02779064381658175,4.0,7.0,0.86393505
0022500769,1610612747,Los Angeles,Lakers,LAL,lakers,1629060,Rui,Hachimura,R. Hachimura,rui-hachimura,F,,,32:53,32.88333333333333,5,8,0.625,2,5,0.4,0,0,0.0,0,5,5,2,0,0,1,1,12,4.0,0022500769,Rui Hachimura,rui hachimura,,,2026-02-09,0,0.3649265078560568,0.0,0.15205271160669032,0.06082108464267613,0.0,5.0,6.0,3.0,4.0,7.0,3.0,2.0,2.0,1.0,0,0.0,0,0.00122,7.8,6388.2063882063885,7.790484,0.0,7.0,9.0,0.45734912
0022500769,1610612747,Los Angeles,Lakers,LAL,lakers,1629028,Deandre,Ayton,D. Ayton,deandre-ayton,C,,,29:01,29.016666666666666,3,5,0.6,0,0,0.0,0,3,0.0,3,7,10,0,0,0,1,3,6,-5.0,0022500769,Deandre Ayton,deandre ayton,,,2026-02-09,0,0.2067777139574957,0.10338885697874785,0.34462952326249285,0.0,0.10338885697874785,8.0,1.0,1.0,8.0,7.0,3.0,5.0,4.0,0.0,0,0.0,0,0.00111,-8.6,-7740.77407740774,-8.590454,0.0,7.0,4.0,0.086192876
0022500769,1610612747,Los Angeles,Lakers,LAL,lakers,1631222,Jake,LaRavia,J. LaRavia,jake-laravia,G,,,24:02,24.033333333333335,3,8,0.375,2,6,0.333,6,6,1.0,1,3,4,1,1,1,1,3,14,-9.0,0022500769,Jake LaRavia,jake laravia,,,2026-02-09,2,0.5825242718446602,0.041608876560332866,0.16643550624133147,0.041608876560332866,0.1248266296809986,4.0,3.0,4.0,5.0,2.0,1.0,9.0,7.0,3.0,0,0.0,0,0.00222,-13.9,-6258.442143178748,-13.869142,0.08321775312066573,1.0,2.0,0.2878565
0022500769,1610612747,Los Angeles,Lakers,LAL,lakers,203935,Marcus,Smart,M. Smart,marcus-smart,G,,,29:24,29.4,7,16,0.438,4,7,0.571,1,2,0.5,0,3,3,3,2,0,1,1,19,-4.0,0022500769,Marcus Smart,marcus smart,,,2026-02-09,2,0.6462585034013606,0.0,0.10204081632653061,0.10204081632653061,0.06802721088435375,2.0,6.0,6.0,3.0,1.0,3.0,3.0,3.0,2.0,0,0.0,0,0.00262,-4.7,-1793.208698969859,-4.687686,0.06802721088435375,1.0,6.0,0.80218476
0022500769,1610612747,Los Angeles,Lakers,LAL,lakers,1630559,Austin,Reaves,A. Reaves,austin-reaves,,,,28:52,28.866666666666667,6,14,0.429,1,5,0.2,3,3,1.0,0,2,2,7,1,0,5,3,16,-14.0,0022500769,Austin Reaves,austin reaves,,,2026-02-09,1,0.5542725173210161,0.0,0.06928406466512702,0.24249422632794457,0.03464203233256351,3.0,6.0,7.0,2.0,2.0,3.0,10.0,5.0,1.0,0,0.0,0,0.0028199999999999996,-20.9,-7408.720311946118,-20.841061999999997,0.03464203233256351,4.0,8.0,0.6672333
0022500769,1610612747,Los Angeles,Lakers,LAL,lakers,1628379,Luke,Kennard,L. Kennard,luke-kennard,,,,24:13,24.216666666666665,3,5,0.6,1,2,0.5,0,0,0.0,1,0,1,1,1,0,0,4,7,-7.0,0022500769,Luke Kennard,luke kennard,,,2026-02-09,1,0.289057123193393,0.04129387474191329,0.04129387474191329,0.04129387474191329,0.08258774948382658,7.0,3.0,9.0,5.0,2.0,3.0,6.0,6.0,1.0,0,0.0,0,0.00082,-15.6,-19001.21802679659,-15.587207999999999,0.04129387474191329,4.0,5.0,0.062657215
0022500769,1610612747,Los Angeles,Lakers,LAL,lakers,1629637,Jaxson,Hayes,J. Hayes,jaxson-hayes,,,,13:52,13.866666666666667,5,8,0.625,0,0,0.0,2,3,0.667,3,1,4,1,0,0,1,2,12,-4.0,0022500769,Jaxson Hayes,jaxson hayes,,,2026-02-09,0,0.8653846153846153,0.21634615384615383,0.28846153846153844,0.07211538461538461,0.21634615384615383,5.0,1.0,4.0,5.0,7.0,3.0,3.0,9.0,0.0,0,1.0,0,0.00263,-12.9,-4903.078677309008,-12.866073,0.0,7.0,1.0,0.83089745
0022500769,1610612747,Los Angeles,Lakers,LAL,lakers,1629020,Jarred,Vanderbilt,J. Vanderbilt,jarred-vanderbilt,,,,16:55,16.916666666666668,1,3,0.333,0,2,0.0,0,0,0.0,0,2,2,0,1,1,2,3,2,9.0,0022500769,Jarred Vanderbilt,jarred vanderbilt,,,2026-02-09,2,0.11822660098522167,0.0,0.11822660098522167,0.0,0.11822660098522167,9.0,6.0,7.0,8.0,2.0,1.0,1.0,8.0,3.0,0,0.0,0,0.00125,25.7,20543.565147881694,25.667875,0.11822660098522167,1.0,3.0,0.030890502
0022500769,1610612747,Los Angeles,Lakers,LAL,lakers,1628467,Maxi,Kleber,M. Kleber,maxi-kleber,,,,4:49,4.816666666666666,0,0,0.0,0,0,0.0,0,0,0.0,0,0,0,0,0,0,0,0,0,-8.0,0022500769,Maxi Kleber,maxi kleber,,,2026-02-09,0,0.0,0.0,0.0,0.0,0.0,10.0,6.0,10.0,8.0,7.0,3.0,8.0,10.0,0.0,0,0.0,0,0.0,-71.1,-71100000.0,-71.1,0.0,7.0,9.0,0.00291617
0022500774,1610612747,Los Angeles,Lakers,LAL,lakers,1631222,Jake,LaRavia,J. LaRavia,jake-laravia,F,,,18:22,18.366666666666667,3,6,0.5,2,2,1.0,2,2,1.0,1,1,2,1,0,0,1,6,10,-31.0,0022500774,Jake LaRavia,jake laravia,,,2026-02-10,0,0.5444646098003629,0.0544464609800363,0.1088929219600726,0.0544464609800363,0.0544464609800363,5.0,1.0,7.0,6.0,6.0,3.0,13.0,6.0,1.0,0,0.0,0,0.00178,-70.2,-39416.05839416059,-70.075044,0.0,8.0,9.0,0.125738
0022500774,1610612747,Los Angeles,Lakers,LAL,lakers,1629060,Rui,Hachimura,R. Hachimura,rui-hachimura,F,,,26:35,26.583333333333332,3,12,0.25,0,3,0.0,0,0,0.0,0,4,4,2,2,0,1,1,6,-24.0,0022500774,Rui Hachimura,rui hachimura,,,2026-02-10,2,0.22570532915360503,0.0,0.15047021943573669,0.07523510971786834,0.07523510971786834,8.0,6.0,2.0,4.0,1.0,3.0,12.0,2.0,1.0,0,0.0,0,0.00203,-42.4,-20876.41555883801,-42.313928,0.07523510971786834,1.0,3.0,0.03128
0022500774,1610612747,Los Angeles,Lakers,LAL,lakers,1629637,Jaxson,Hayes,J. Hayes,jaxson-hayes,C,,,16:38,16.633333333333333,6,7,0.857,1,1,1.0,0,0,0.0,1,3,4,3,0,0,2,3,13,-16.0,0022500774,Jaxson Hayes,jaxson hayes,,,2026-02-10,0,0.781563126252505,0.06012024048096193,0.2404809619238477,0.18036072144288579,0.06012024048096193,3.0,1.0,2.0,3.0,6.0,3.0,9.0,8.0,0.0,0,0.0,0,0.0022500000000000003,-40.8,-18125.27765437583,-40.7082,0.0,8.0,7.0,0.74564177
0022500774,1610612747,Los Angeles,Lakers,LAL,lakers,1628379,Luke,Kennard,L. Kennard,luke-kennard,G,,,27:40,27.666666666666668,5,8,0.625,1,3,0.333,3,3,1.0,1,1,2,5,0,0,1,0,14,-20.0,0022500774,Luke Kennard,luke kennard,,,2026-02-10,0,0.5060240963855421,0.03614457831325301,0.07228915662650602,0.18072289156626506,0.03614457831325301,1.0,1.0,7.0,2.0,6.0,3.0,11.0,1.0,3.0,0,0.0,0,0.0015199999999999999,-34.5,-22682.44575936884,-34.44756,0.0,8.0,12.0,0.55838984
0022500774,1610612747,Los Angeles,Lakers,LAL,lakers,1641723,Kobe,Bufkin,K. Bufkin,kobe-bufkin,G,,,24:20,24.333333333333332,2,10,0.2,1,5,0.2,2,2,1.0,0,2,2,1,1,0,3,1,7,-12.0,0022500774,Kobe Bufkin,kobe bufkin,,,2026-02-10,1,0.28767123287671237,0.0,0.08219178082191782,0.04109589041095891,0.04109589041095891,7.0,6.0,7.0,6.0,3.0,3.0,8.0,4.0,1.0,0,0.0,0,0.00241,-22.2,-9207.797594359186,-22.146497999999998,0.04109589041095891,3.0,10.0,0.035063297
0022500774,1610612747,Los Angeles,Lakers,LAL,lakers,1628467,Maxi,Kleber,M. Kleber,maxi-kleber,,,,13:20,13.333333333333334,2,2,1.0,1,1,1.0,1,2,0.5,0,3,3,0,1,0,2,4,6,-1.0,0022500774,Maxi Kleber,maxi kleber,,,2026-02-10,1,0.44999999999999996,0.0,0.22499999999999998,0.0,0.075,8.0,6.0,5.0,11.0,3.0,3.0,3.0,11.0,1.0,0,0.0,0,0.00147,-11.0,-7477.906186267845,-10.983830000000001,0.075,3.0,4.0,0.1104581
0022500774,1610612747,Los Angeles,Lakers,LAL,lakers,1629020,Jarred,Vanderbilt,J. Vanderbilt,jarred-vanderbilt,,,,16:21,16.35,2,5,0.4,1,2,0.5,1,2,0.5,1,3,4,2,0,0,2,0,6,-16.0,0022500774,Jarred Vanderbilt,jarred vanderbilt,,,2026-02-10,0,0.36697247706422015,0.061162079510703356,0.24464831804281342,0.12232415902140671,0.061162079510703356,8.0,1.0,2.0,4.0,6.0,3.0,9.0,9.0,1.0,0,0.0,0,0.0019,-40.0,-21041.55707522357,-39.924,0.0,8.0,6.0,0.030909523
0022500774,1610612747,Los Angeles,Lakers,LAL,lakers,1641733,Nick,Smith Jr.,N. Smith Jr.,nick-smith-jr,,,,17:04,17.066666666666666,3,8,0.375,0,1,0.0,0,0,0.0,0,2,2,1,1,0,1,0,6,-5.0,0022500774,Nick Smith Jr.,nick smith jr,,,2026-02-10,1,0.3515625,0.0,0.1171875,0.05859375,0.05859375,8.0,6.0,7.0,6.0,3.0,3.0,5.0,7.0,2.0,0,0.0,0,0.00214,-15.7,-7333.02195235871,-15.666401999999998,0.05859375,3.0,8.0,0.06339442
0022500774,1610612747,Los Angeles,Lakers,LAL,lakers,1631166,Drew,Timme,D. Timme,drew-timme,,,,20:29,20.483333333333334,5,8,0.625,2,3,0.667,2,4,0.5,0,2,2,0,0,0,1,0,14,-4.0,0022500774,Drew Timme,drew timme,,,2026-02-10,0,0.6834825061025224,0.0,0.09764035801464604,0.0,0.0,1.0,6.0,7.0,11.0,6.0,3.0,4.0,5.0,1.0,0,0.0,0,0.00216,-8.5,-3933.364183248496,-8.481639999999999,0.0,8.0,13.0,0.8261562
0022500774,1610612747,Los Angeles,Lakers,LAL,lakers,1642261,Dalton,Knecht,D. Knecht,dalton-knecht,,,,16:17,16.283333333333335,4,8,0.5,0,2,0.0,1,2,0.5,1,4,5,1,0,0,1,2,9,-10.0,0022500774,Dalton Knecht,dalton knecht,,,2026-02-10,0,0.5527123848515865,0.06141248720573183,0.3070624360286591,0.06141248720573183,0.06141248720573183,6.0,1.0,1.0,6.0,6.0,3.0,7.0,10.0,0.0,0,0.0,0,0.00233,-31.3,-13427.713427713426,-31.227071,0.0,8.0,5.0,0.2337268
0022500774,1610612747,Los Angeles,Lakers,LAL,lakers,1642355,Bronny,James,B. James,bronny-james,,,,25:22,25.366666666666667,5,10,0.5,2,2,1.0,0,0,0.0,0,3,3,6,0,1,2,3,12,-6.0,0022500774,Bronny James,bronny james,,,2026-02-10,1,0.47306176084099866,0.0,0.11826544021024966,0.23653088042049933,0.03942181340341656,4.0,6.0,5.0,1.0,6.0,1.0,6.0,3.0,1.0,0,0.0,0,0.00194,-14.7,-7573.4157650695515,-14.671482,0.03942181340341656,3.0,11.0,0.4783359
0022500774,1610612747,Los Angeles,Lakers,LAL,lakers,1642876,Adou,Thiero,A. Thiero,adou-thiero,,,,9:48,9.8,1,1,1.0,0,0,0.0,1,1,1.0,0,0,0,0,0,1,0,0,3,5.0,0022500774,Adou Thiero,adou thiero,,,2026-02-10,1,0.3061224489795918,0.0,0.0,0.0,0.1020408163265306,12.0,6.0,13.0,11.0,6.0,1.0,1.0,12.0,1.0,0,0.0,0,0.00045,19.3,42793.79157427938,19.291315,0.1020408163265306,3.0,2.0,0.038716536
0022500774,1610612747,Los Angeles,Lakers,LAL,lakers,1643024,Chris,Mañon,C. Mañon,chris-mañon,,,,7:44,7.733333333333333,0,0,0.0,0,0,0.0,2,2,1.0,0,1,1,1,2,0,1,0,2,0.0,0022500774,Chris Mañon,chris mañon,,,2026-02-10,2,0.25862068965517243,0.0,0.12931034482758622,0.12931034482758622,0.25862068965517243,13.0,6.0,12.0,6.0,1.0,3.0,2.0,13.0,4.0,0,0.0,0,0.00111,-5.5,-4950.495049504951,-5.493894999999999,0.25862068965517243,1.0,1.0,0.0139340535
0022500791,1610612747,Los Angeles,Lakers,LAL,lakers,2544,LeBron,James,L. James,lebron-james,F,,,35:21,35.35,10,20,0.5,2,7,0.286,6,7,0.857,0,10,10,12,0,1,4,0,28,6.0,0022500791,LeBron James,lebron james,,,2026-02-12,1,0.792079207920792,0.0,0.2828854314002829,0.33946251768033947,0.028288543140028287,1.0,7.0,1.0,1.0,6.0,1.0,6.0,1.0,0.0,0,0.0,0,0.00318,7.9,2483.495756051556,7.874878000000001,0.028288543140028287,4.0,9.0,0.8638981
0022500791,1610612747,Los Angeles,Lakers,LAL,lakers,1629060,Rui,Hachimura,R. Hachimura,rui-hachimura,F,,,34:54,34.9,9,13,0.692,3,4,0.75,0,0,0.0,0,3,3,1,1,0,1,4,21,18.0,0022500791,Rui Hachimura,rui hachimura,,,2026-02-12,1,0.6017191977077364,0.0,0.08595988538681949,0.02865329512893983,0.02865329512893983,2.0,7.0,6.0,7.0,3.0,4.0,3.0,2.0,1.0,0,0.0,0,0.0017299999999999998,22.8,13171.577123050263,22.760556,0.02865329512893983,4.0,8.0,0.79004985
0022500791,1610612747,Los Angeles,Lakers,LAL,lakers,1629637,Jaxson,Hayes,J. Hayes,jaxson-hayes,C,,,33:41,33.68333333333333,8,10,0.8,0,0,0.0,0,0,0.0,4,3,7,4,3,1,1,4,16,26.0,0022500791,Jaxson Hayes,jaxson hayes,,,2026-02-12,4,0.4750123701138051,0.11875309252845127,0.20781791192478974,0.11875309252845127,0.23750618505690255,4.0,1.0,2.0,4.0,1.0,1.0,1.0,3.0,4.0,0,0.0,0,0.0013900000000000002,35.3,25377.426312005748,35.250932999999996,0.11875309252845127,1.0,1.0,0.86823297
0022500791,1610612747,Los Angeles,Lakers,LAL,lakers,1631222,Jake,LaRavia,J. LaRavia,jake-laravia,G,,,25:40,25.666666666666668,4,6,0.667,0,1,0.0,3,3,1.0,2,1,3,2,0,0,2,2,11,21.0,0022500791,Jake LaRavia,jake laravia,,,2026-02-12,0,0.42857142857142855,0.07792207792207792,0.11688311688311688,0.07792207792207792,0.07792207792207792,5.0,2.0,6.0,6.0,6.0,4.0,2.0,6.0,4.0,0,0.0,0,0.00148,37.0,24983.119513842,36.94524,0.0,7.0,5.0,0.5353957
0022500791,1610612747,Los Angeles,Lakers,LAL,lakers,203935,Marcus,Smart,M. Smart,marcus-smart,G,,,25:52,25.866666666666667,4,14,0.286,1,9,0.111,0,0,0.0,0,2,2,6,1,1,0,2,9,6.0,0022500791,Marcus Smart,marcus smart,,,2026-02-12,2,0.3479381443298969,0.0,0.07731958762886598,0.23195876288659795,0.07731958762886598,6.0,7.0,8.0,2.0,3.0,1.0,6.0,5.0,2.0,0,0.0,0,0.00226,8.9,3936.311366651924,8.879886,0.07731958762886598,2.0,6.0,0.38476628
0022500791,1610612747,Los Angeles,Lakers,LAL,lakers,1630559,Austin,Reaves,A. Reaves,austin-reaves,,,,28:27,28.45,5,10,0.5,1,3,0.333,7,9,0.778,1,3,4,6,0,0,2,2,18,6.0,0022500791,Austin Reaves,austin reaves,,,2026-02-12,0,0.632688927943761,0.0351493848857645,0.140597539543058,0.210896309314587,0.0351493848857645,3.0,3.0,5.0,2.0,6.0,4.0,6.0,4.0,1.0,0,0.0,0,0.00246,15.5,6298.252742787485,15.46187,0.0,7.0,7.0,0.6833143
0022500791,1610612747,Los Angeles,Lakers,LAL,lakers,1628379,Luke,Kennard,L. Kennard,luke-kennard,,,,17:39,17.65,3,4,0.75,1,2,0.5,2,2,1.0,1,6,7,3,1,0,0,2,9,13.0,0022500791,Luke Kennard,luke kennard,,,2026-02-12,1,0.509915014164306,0.056657223796034,0.39660056657223797,0.16997167138810199,0.113314447592068,6.0,3.0,2.0,5.0,3.0,4.0,4.0,7.0,2.0,0,0.0,0,0.0011899999999999999,31.8,26700.251889168772,31.762158,0.056657223796034,4.0,3.0,0.32732528
0022500791,1610612747,Los Angeles,Lakers,LAL,lakers,1628467,Maxi,Kleber,M. Kleber,maxi-kleber,,,,12:34,12.566666666666666,2,3,0.667,1,2,0.5,0,0,0.0,1,0,1,0,0,0,1,3,5,-6.0,0022500791,Maxi Kleber,maxi kleber,,,2026-02-12,0,0.3978779840848806,0.07957559681697612,0.07957559681697612,0.0,0.07957559681697612,8.0,3.0,9.0,9.0,6.0,4.0,14.0,9.0,0.0,0,0.0,0,0.00125,-24.9,-19904.076738609114,-24.868875,0.0,7.0,4.0,0.03813246
0022500791,1610612747,Los Angeles,Lakers,LAL,lakers,1629020,Jarred,Vanderbilt,J. Vanderbilt,jarred-vanderbilt,,,,17:07,17.116666666666667,2,3,0.667,1,2,0.5,0,0,0.0,1,5,6,0,2,0,1,1,5,10.0,0022500791,Jarred Vanderbilt,jarred vanderbilt,,,2026-02-12,2,0.2921129503407984,0.05842259006815969,0.3505355404089581,0.0,0.17526777020447906,8.0,3.0,4.0,9.0,2.0,4.0,5.0,8.0,2.0,0,0.0,0,0.001,28.6,28571.428571428576,28.5714,0.11684518013631938,2.0,2.0,0.111895494
0022500791,1610612747,Los Angeles,Lakers,LAL,lakers,1641723,Kobe,Bufkin,K. Bufkin,kobe-bufkin,,,,1:45,1.75,0,1,0.0,0,0,0.0,0,0,0.0,0,0,0,0,0,0,0,0,0,0.0,0022500791,Kobe Bufkin,kobe bufkin,,,2026-02-12,0,0.0,0.0,0.0,0.0,0.0,11.0,7.0,11.0,9.0,6.0,4.0,9.0,10.0,,1,,1,0.00333,0.0,0.0,0.0,0.0,7.0,10.0,0.0031032115
0022500791,1610612747,Los Angeles,Lakers,LAL,lakers,1642876,Adou,Thiero,A. Thiero,adou-thiero,,,,1:45,1.75,1,1,1.0,0,0,0.0,0,0,0.0,0,0,0,0,0,0,0,0,2,0.0,0022500791,Adou Thiero,adou thiero,,,2026-02-12,0,1.1428571428571428,0.0,0.0,0.0,0.0,10.0,7.0,11.0,9.0,6.0,4.0,9.0,10.0,,1,,1,0.00333,0.0,0.0,0.0,0.0,7.0,10.0,0.021086775
0022500791,1610612747,Los Angeles,Lakers,LAL,lakers,1631166,Drew,Timme,D. Timme,drew-timme,,,,1:45,1.75,0,0,0.0,0,0,0.0,0,0,0.0,0,0,0,1,0,0,0,0,0,0.0,0022500791,Drew Timme,drew timme,,,2026-02-12,0,0.0,0.0,0.0,0.5714285714285714,0.0,11.0,7.0,11.0,7.0,6.0,4.0,9.0,10.0,,1,,1,0.0,0.0,0.0,0.0,0.0,7.0,10.0,0.0042718938
0022500791,1610612747,Los Angeles,Lakers,LAL,lakers,1642355,Bronny,James,B. James,bronny-james,,,,1:45,1.75,0,1,0.0,0,1,0.0,0,0,0.0,0,0,0,0,0,0,0,0,0,0.0,0022500791,Bronny James,bronny james,,,2026-02-12,0,0.0,0.0,0.0,0.0,0.0,11.0,7.0,11.0,9.0,6.0,4.0,9.0,10.0,,1,,1,0.00333,0.0,0.0,0.0,0.0,7.0,10.0,0.0030448416
0022500791,1610612747,Los Angeles,Lakers,LAL,lakers,1642261,Dalton,Knecht,D. Knecht,dalton-knecht,,,,1:45,1.75,0,0,0.0,0,0,0.0,0,0,0.0,0,1,1,0,0,0,0,0,0,0.0,0022500791,Dalton Knecht,dalton knecht,,,2026-02-12,0,0.0,0.0,0.5714285714285714,0.0,0.0,11.0,7.0,9.0,9.0,6.0,4.0,9.0,10.0,,1,,1,0.0,0.0,0.0,0.0,0.0,7.0,10.0,0.0070134224
0022500809,1610612747,Los Angeles,Lakers,LAL,lakers,2544,LeBron,James,L. James,lebron-james,F,,,33:04,33.06666666666667,5,13,0.385,1,3,0.333,2,2,1.0,0,3,3,11,1,0,3,3,13,-7.0,0022500809,LeBron James,lebron james,,,2026-02-20,1,0.39314516129032256,0.0,0.09072580645161289,0.3326612903225806,0.030241935483870965,3.0,5.0,4.0,1.0,3.0,5.0,10.0,2.0,1.0,0,0.0,0,0.00213,-10.3,-4833.411543876115,-10.278061000000001,0.030241935483870965,4.0,7.0,0.4763257
0022500809,1610612747,Los Angeles,Lakers,LAL,lakers,203935,Marcus,Smart,M. Smart,marcus-smart,F,,,29:29,29.483333333333334,3,4,0.75,1,2,0.5,0,2,0.0,0,2,2,0,1,1,1,4,7,1.0,0022500809,Marcus Smart,marcus smart,,,2026-02-20,2,0.23742227247032222,0.0,0.06783493499152063,0.0,0.06783493499152063,7.0,5.0,6.0,9.0,3.0,1.0,5.0,4.0,1.0,0,0.0,0,0.00078,1.7,2176.696542893726,1.698674,0.06783493499152063,2.0,6.0,0.10985868
0022500809,1610612747,Los Angeles,Lakers,LAL,lakers,1629028,Deandre,Ayton,D. Ayton,deandre-ayton,C,,,27:32,27.533333333333335,5,10,0.5,0,0,0.0,3,3,1.0,2,5,7,1,0,1,1,2,13,-2.0,0022500809,Deandre Ayton,deandre ayton,,,2026-02-20,1,0.4721549636803874,0.07263922518159806,0.2542372881355932,0.03631961259079903,0.1089588377723971,3.0,1.0,1.0,6.0,6.0,1.0,9.0,5.0,2.0,0,0.0,0,0.00203,-1.3,-640.078778926637,-1.297361,0.03631961259079903,4.0,2.0,0.43729877
0022500809,1610612747,Los Angeles,Lakers,LAL,lakers,1630559,Austin,Reaves,A. Reaves,austin-reaves,G,,,32:43,32.71666666666667,9,15,0.6,4,5,0.8,7,7,1.0,1,5,6,2,2,0,3,1,29,0.0,0022500809,Austin Reaves,austin reaves,,,2026-02-20,2,0.8863983698420784,0.030565461029037184,0.18339276617422312,0.06113092205807437,0.09169638308711156,2.0,2.0,2.0,3.0,2.0,5.0,8.0,3.0,5.0,0,1.0,0,0.0028199999999999996,1.8,638.0716058135414,1.794924,0.06113092205807437,2.0,3.0,0.90961796
0022500809,1610612747,Los Angeles,Lakers,LAL,lakers,1629029,Luka,Dončić,L. Dončić,luka-dončić,G,,,37:53,37.88333333333333,11,25,0.44,8,14,0.571,8,11,0.727,1,5,6,11,3,1,2,3,38,6.0,0022500809,Luka Dončić,luka dončić,,,2026-02-20,4,1.0030796304443468,0.026396832380114386,0.15838099428068633,0.29036515618125824,0.13198416190057194,1.0,2.0,2.0,1.0,1.0,1.0,2.0,1.0,5.0,0,0.0,0,0.00364,6.0,1647.8989288656962,5.97816,0.10558732952045755,1.0,1.0,0.93489236
0022500809,1610612747,Los Angeles,Lakers,LAL,lakers,1631222,Jake,LaRavia,J. LaRavia,jake-laravia,,,,14:03,14.05,1,1,1.0,1,1,1.0,0,0,0.0,0,1,1,1,0,0,0,4,3,1.0,0022500809,Jake LaRavia,jake laravia,,,2026-02-20,0,0.21352313167259784,0.0,0.07117437722419928,0.07117437722419928,0.0,8.0,5.0,9.0,6.0,6.0,5.0,5.0,8.0,3.0,0,0.0,0,0.00029,3.3,11340.206185567009,3.2990429999999997,0.0,8.0,8.0,0.021529196
0022500809,1610612747,Los Angeles,Lakers,LAL,lakers,1629060,Rui,Hachimura,R. Hachimura,rui-hachimura,,,,25:58,25.966666666666665,1,4,0.25,1,3,0.333,0,0,0.0,1,1,2,2,1,0,0,1,3,9.0,0022500809,Rui Hachimura,rui hachimura,,,2026-02-20,1,0.11553273427471118,0.038510911424903725,0.07702182284980745,0.07702182284980745,0.07702182284980745,8.0,2.0,6.0,3.0,3.0,5.0,1.0,6.0,2.0,0,0.0,0,0.00066,18.8,28441.75491679274,18.787592,0.038510911424903725,4.0,5.0,0.06849788
0022500809,1610612747,Los Angeles,Lakers,LAL,lakers,1629637,Jaxson,Hayes,J. Hayes,jaxson-hayes,,,,11:29,11.483333333333333,4,5,0.8,0,0,0.0,0,0,0.0,0,3,3,0,0,1,0,1,8,1.0,0022500809,Jaxson Hayes,jaxson hayes,,,2026-02-20,1,0.6966618287373005,0.0,0.2612481857764877,0.0,0.08708272859216257,6.0,5.0,4.0,9.0,6.0,1.0,5.0,9.0,1.0,0,0.0,0,0.00185,4.2,2269.04376012966,4.19223,0.08708272859216257,4.0,4.0,0.5227063
0022500809,1610612747,Los Angeles,Lakers,LAL,lakers,1628379,Luke,Kennard,L. Kennard,luke-kennard,,,,17:59,17.983333333333334,4,6,0.667,1,3,0.333,0,0,0.0,0,2,2,1,0,0,2,3,9,2.0,0022500809,Luke Kennard,luke kennard,,,2026-02-20,0,0.5004633920296571,0.0,0.11121408711770157,0.05560704355885079,0.0,5.0,5.0,6.0,6.0,6.0,5.0,4.0,7.0,0.0,0,0.0,0,0.0018599999999999999,8.5,4567.436861902203,8.48419,0.0,8.0,8.0,0.20052394
0022500809,1610612747,Los Angeles,Lakers,LAL,lakers,1629020,Jarred,Vanderbilt,J. Vanderbilt,jarred-vanderbilt,,,,9:50,9.833333333333334,1,2,0.5,0,0,0.0,0,0,0.0,0,0,0,2,0,0,0,2,2,4.0,0022500809,Jarred Vanderbilt,jarred vanderbilt,,,2026-02-20,0,0.20338983050847456,0.0,0.0,0.20338983050847456,0.0,10.0,5.0,10.0,3.0,6.0,5.0,3.0,10.0,0.0,0,0.0,0,0.00091,26.4,28979.143798024146,26.375975999999998,0.0,8.0,8.0,0.0067161787
0022500823,1610612747,Los Angeles,Lakers,LAL,lakers,2544,LeBron,James,L. James,lebron-james,F,,,34:29,34.483333333333334,9,21,0.429,1,5,0.2,1,1,1.0,1,3,4,5,2,1,1,0,20,-14.0,0022500823,LeBron James,lebron james,,,2026-02-22,3,0.5799903334944417,0.028999516674722087,0.11599806669888835,0.14499758337361043,0.11599806669888835,2.0,3.0,5.0,1.0,1.0,1.0,9.0,1.0,3.0,0,0.0,0,0.0027800000000000004,-18.1,-6508.450197770586,-18.049682,0.08699855002416626,1.0,4.0,0.6044354
0022500823,1610612747,Los Angeles,Lakers,LAL,lakers,203935,Marcus,Smart,M. Smart,marcus-smart,F,,,22:22,22.366666666666667,0,7,0.0,0,5,0.0,0,0,0.0,0,1,1,4,0,0,0,4,0,-4.0,0022500823,Marcus Smart,marcus smart,,,2026-02-22,0,0.0,0.0,0.044709388971684055,0.17883755588673622,0.0,11.0,7.0,9.0,2.0,6.0,6.0,6.0,6.0,0.0,0,0.0,0,0.0014299999999999998,-8.9,-6219.426974143957,-8.887273,0.0,7.0,10.0,0.006533119
0022500823,1610612747,Los Angeles,Lakers,LAL,lakers,1629028,Deandre,Ayton,D. Ayton,deandre-ayton,C,,,24:50,24.833333333333332,2,6,0.333,0,0,0.0,0,0,0.0,2,5,7,1,1,1,1,4,4,-15.0,0022500823,Deandre Ayton,deandre ayton,,,2026-02-22,2,0.16107382550335572,0.08053691275167786,0.2818791946308725,0.04026845637583893,0.16107382550335572,6.0,1.0,1.0,6.0,3.0,1.0,11.0,4.0,1.0,0,0.0,0,0.0013,-29.4,-22598.00153727902,-29.36178,0.08053691275167786,3.0,3.0,0.041665323
0022500823,1610612747,Los Angeles,Lakers,LAL,lakers,1630559,Austin,Reaves,A. Reaves,austin-reaves,G,,,32:28,32.46666666666667,4,10,0.4,1,4,0.25,6,7,0.857,0,7,7,2,2,1,1,1,15,-14.0,0022500823,Austin Reaves,austin reaves,,,2026-02-22,3,0.46201232032854206,0.0,0.21560574948665295,0.061601642710472276,0.09240246406570841,3.0,7.0,1.0,4.0,1.0,1.0,9.0,3.0,1.0,0,0.0,0,0.00187,-20.6,-11010.154997327634,-20.561478,0.09240246406570841,1.0,5.0,0.59739745
0022500823,1610612747,Los Angeles,Lakers,LAL,lakers,1629029,Luka,Dončić,L. Dončić,luka-dončić,G,,,32:31,32.516666666666666,9,22,0.409,4,7,0.571,3,6,0.5,0,5,5,3,0,1,2,4,25,-21.0,0022500823,Luka Dončić,luka dončić,,,2026-02-22,1,0.7688364941055869,0.0,0.1537672988211174,0.09226037929267043,0.030753459764223477,1.0,7.0,3.0,3.0,6.0,1.0,13.0,2.0,3.0,0,1.0,0,0.0037,-31.8,-8592.27235882194,-31.68234,0.030753459764223477,5.0,9.0,0.77701277
0022500823,1610612747,Los Angeles,Lakers,LAL,lakers,1631222,Jake,LaRavia,J. LaRavia,jake-laravia,,,,24:04,24.066666666666666,2,2,1.0,0,0,0.0,0,0,0.0,2,1,3,2,1,1,1,1,4,-18.0,0022500823,Jake LaRavia,jake laravia,,,2026-02-22,2,0.16620498614958448,0.08310249307479224,0.12465373961218837,0.08310249307479224,0.16620498614958448,6.0,1.0,6.0,4.0,3.0,1.0,12.0,5.0,4.0,0,0.0,0,0.00057,-40.0,-70052.53940455342,-39.9772,0.08310249307479224,3.0,2.0,0.11177695
0022500823,1610612747,Los Angeles,Lakers,LAL,lakers,1629637,Jaxson,Hayes,J. Hayes,jaxson-hayes,,,,5:00,5.0,1,2,0.5,0,0,0.0,0,0,0.0,1,0,1,0,0,0,0,0,2,-1.0,0022500823,Jaxson Hayes,jaxson hayes,,,2026-02-22,0,0.4,0.2,0.2,0.0,0.2,9.0,3.0,9.0,8.0,6.0,6.0,4.0,10.0,0.0,0,0.0,0,0.00167,-10.0,-5984.440454817474,-9.9833,0.0,7.0,1.0,0.010077892
0022500823,1610612747,Los Angeles,Lakers,LAL,lakers,1628379,Luke,Kennard,L. Kennard,luke-kennard,,,,21:43,21.716666666666665,3,4,0.75,1,2,0.5,2,2,1.0,0,3,3,0,1,0,1,2,9,-9.0,0022500823,Luke Kennard,luke kennard,,,2026-02-22,1,0.4144282425172679,0.0,0.13814274750575595,0.0,0.046047582501918656,4.0,7.0,6.0,8.0,3.0,6.0,7.0,7.0,0.0,0,0.0,0,0.0011799999999999998,-22.0,-18628.28111769687,-21.974040000000002,0.046047582501918656,5.0,8.0,0.10263204
0022500823,1610612747,Los Angeles,Lakers,LAL,lakers,1629060,Rui,Hachimura,R. Hachimura,rui-hachimura,,,,21:26,21.433333333333334,2,7,0.286,1,4,0.25,0,0,0.0,1,1,2,0,0,0,0,1,5,-13.0,0022500823,Rui Hachimura,rui hachimura,,,2026-02-22,0,0.2332814930015552,0.04665629860031104,0.09331259720062209,0.0,0.04665629860031104,5.0,3.0,8.0,8.0,6.0,6.0,8.0,8.0,1.0,0,0.0,0,0.00146,-27.6,-18891.170431211503,-27.559704,0.0,7.0,7.0,0.026919765
0022500823,1610612747,Los Angeles,Lakers,LAL,lakers,1629020,Jarred,Vanderbilt,J. Vanderbilt,jarred-vanderbilt,,,,11:01,11.016666666666667,1,3,0.333,1,1,1.0,0,0,0.0,1,4,5,0,0,0,1,2,3,-1.0,0022500823,Jarred Vanderbilt,jarred vanderbilt,,,2026-02-22,0,0.2723146747352496,0.0907715582450832,0.45385779122541603,0.0,0.0907715582450832,8.0,3.0,3.0,8.0,6.0,6.0,4.0,9.0,3.0,0,0.0,0,0.00154,-1.2,-778.7151200519144,-1.1981519999999999,0.0,7.0,6.0,0.018859502
0022500823,1610612747,Los Angeles,Lakers,LAL,lakers,1642261,Dalton,Knecht,D. Knecht,dalton-knecht,,,,3:22,3.3666666666666667,0,1,0.0,0,1,0.0,0,0,0.0,0,1,1,0,0,0,0,0,0,0.0,0022500823,Dalton Knecht,dalton knecht,,,2026-02-22,0,0.0,0.0,0.297029702970297,0.0,0.0,11.0,7.0,9.0,8.0,6.0,6.0,1.0,11.0,0.0,0,0.0,0,0.0014299999999999998,-14.3,-9993.011879804335,-14.279551,0.0,7.0,10.0,0.0042163245
0022500823,1610612747,Los Angeles,Lakers,LAL,lakers,1628467,Maxi,Kleber,M. Kleber,maxi-kleber,,,,3:22,3.3666666666666667,0,0,0.0,0,0,0.0,0,2,0.0,0,0,0,1,0,0,0,0,0,0.0,0022500823,Maxi Kleber,maxi kleber,,,2026-02-22,0,0.0,0.0,0.0,0.297029702970297,0.0,11.0,7.0,12.0,6.0,6.0,6.0,1.0,11.0,0.0,0,0.0,0,0.0014299999999999998,-14.3,-9993.011879804335,-14.279551,0.0,7.0,10.0,0.004061721
0022500823,1610612747,Los Angeles,Lakers,LAL,lakers,1641723,Kobe,Bufkin,K. Bufkin,kobe-bufkin,,,,3:22,3.3666666666666667,1,2,0.5,0,1,0.0,0,0,0.0,0,0,0,0,0,0,0,0,2,0.0,0022500823,Kobe Bufkin,kobe bufkin,,,2026-02-22,0,0.594059405940594,0.0,0.0,0.0,0.0,9.0,7.0,12.0,8.0,6.0,6.0,1.0,11.0,,1,,1,0.0028599999999999997,-14.3,-4998.252359314925,-14.259102,0.0,7.0,10.0,0.009835307
0022500840,1610612747,Los Angeles,Lakers,LAL,lakers,2544,LeBron,James,L. James,lebron-james,F,,,31:58,31.966666666666665,8,13,0.615,2,6,0.333,3,4,0.75,2,4,6,4,0,2,5,2,21,-1.0,0022500840,LeBron James,lebron james,,,2026-02-24,2,0.6569343065693432,0.06256517205422316,0.18769551616266947,0.1251303441084463,0.1251303441084463,2.0,1.0,3.0,2.0,6.0,1.0,6.0,4.0,0.0,0,0.0,0,0.00267,-1.5,-561.5874204417821,-1.4959950000000002,0.06256517205422316,3.0,2.0,0.7585225
0022500840,1610612747,Los Angeles,Lakers,LAL,lakers,203935,Marcus,Smart,M. Smart,marcus-smart,F,,,23:24,23.4,1,2,0.5,0,0,0.0,1,2,0.5,0,1,1,1,1,1,0,3,3,8.0,0022500840,Marcus Smart,marcus smart,,,2026-02-24,2,0.12820512820512822,0.0,0.042735042735042736,0.042735042735042736,0.08547008547008547,7.0,6.0,8.0,4.0,2.0,3.0,1.0,6.0,2.0,0,0.0,0,0.00057,12.0,21015.761821366024,11.99316,0.08547008547008547,3.0,7.0,0.03490611
0022500840,1610612747,Los Angeles,Lakers,LAL,lakers,1629028,Deandre,Ayton,D. Ayton,deandre-ayton,C,,,32:20,32.333333333333336,8,11,0.727,0,0,0.0,5,5,1.0,2,11,13,0,1,0,2,3,21,-2.0,0022500840,Deandre Ayton,deandre ayton,,,2026-02-24,1,0.6494845360824741,0.06185567010309278,0.40206185567010305,0.0,0.09278350515463916,2.0,1.0,1.0,6.0,2.0,7.0,7.0,3.0,1.0,0,0.0,0,0.00197,-6.3,-3196.3470319634703,-6.287589,0.03092783505154639,6.0,5.0,0.8247267
0022500840,1610612747,Los Angeles,Lakers,LAL,lakers,1630559,Austin,Reaves,A. Reaves,austin-reaves,G,,,34:47,34.78333333333333,6,16,0.375,2,5,0.4,4,4,1.0,0,2,2,3,1,2,2,1,18,-4.0,0022500840,Austin Reaves,austin reaves,,,2026-02-24,3,0.5174892189746048,0.0,0.057498802108289414,0.08624820316243412,0.08624820316243412,4.0,6.0,5.0,3.0,2.0,1.0,9.0,2.0,5.0,0,0.0,0,0.00232,-5.5,-2369.6682464454975,-5.48724,0.08624820316243412,1.0,6.0,0.44818473
0022500840,1610612747,Los Angeles,Lakers,LAL,lakers,1629029,Luka,Dončić,L. Dončić,luka-dončić,G,,,37:52,37.86666666666667,8,24,0.333,2,10,0.2,4,9,0.444,1,8,9,15,0,1,2,3,22,1.0,0022500840,Luka Dončić,luka dončić,,,2026-02-24,1,0.5809859154929577,0.02640845070422535,0.23767605633802816,0.39612676056338025,0.0528169014084507,1.0,3.0,2.0,1.0,6.0,3.0,2.0,1.0,4.0,0,0.0,0,0.0034100000000000003,1.3,381.11990618586924,1.295567,0.02640845070422535,6.0,8.0,0.7775549
0022500840,1610612747,Los Angeles,Lakers,LAL,lakers,1631222,Jake,LaRavia,J. LaRavia,jake-laravia,,,,15:50,15.833333333333334,1,4,0.25,1,3,0.333,0,0,0.0,0,2,2,0,0,0,0,3,3,0.0,0022500840,Jake LaRavia,jake laravia,,,2026-02-24,0,0.18947368421052632,0.0,0.12631578947368421,0.0,0.0,7.0,6.0,5.0,6.0,6.0,7.0,5.0,7.0,1.0,0,0.0,0,0.00114,0.0,0.0,0.0,0.0,8.0,9.0,0.01412102
0022500840,1610612747,Los Angeles,Lakers,LAL,lakers,1628467,Maxi,Kleber,M. Kleber,maxi-kleber,,,,10:31,10.516666666666667,0,0,0.0,0,0,0.0,0,0,0.0,1,2,3,0,0,0,1,2,0,1.0,0022500840,Maxi Kleber,maxi kleber,,,2026-02-24,0,0.0,0.09508716323296354,0.28526148969889065,0.0,0.09508716323296354,10.0,3.0,4.0,6.0,6.0,7.0,2.0,10.0,1.0,0,0.0,0,0.0004,-0.2,-498.7531172069825,-0.19992000000000001,0.0,8.0,4.0,0.019038739
0022500840,1610612747,Los Angeles,Lakers,LAL,lakers,1629060,Rui,Hachimura,R. Hachimura,rui-hachimura,,,,26:20,26.333333333333332,4,7,0.571,2,5,0.4,0,0,0.0,0,0,0,0,2,1,0,2,10,-3.0,0022500840,Rui Hachimura,rui hachimura,,,2026-02-24,3,0.379746835443038,0.0,0.0,0.0,0.1139240506329114,5.0,6.0,10.0,6.0,1.0,3.0,8.0,5.0,2.0,0,0.0,0,0.00117,-3.5,-2988.8983774551666,-3.495905,0.1139240506329114,1.0,3.0,0.35949606
0022500840,1610612747,Los Angeles,Lakers,LAL,lakers,1628379,Luke,Kennard,L. Kennard,luke-kennard,,,,14:47,14.783333333333333,3,4,0.75,0,0,0.0,3,4,0.75,0,1,1,1,0,0,0,0,9,1.0,0022500840,Luke Kennard,luke kennard,,,2026-02-24,0,0.608793686583991,0.0,0.06764374295377677,0.06764374295377677,0.0,6.0,6.0,8.0,4.0,6.0,7.0,2.0,8.0,1.0,0,0.0,0,0.00194,11.5,5924.78104070067,11.477689999999999,0.0,8.0,9.0,0.15256105
0022500840,1610612747,Los Angeles,Lakers,LAL,lakers,1629020,Jarred,Vanderbilt,J. Vanderbilt,jarred-vanderbilt,,,,12:11,12.183333333333334,1,2,0.5,0,0,0.0,0,0,0.0,1,1,2,0,1,1,0,0,2,-6.0,0022500840,Jarred Vanderbilt,jarred vanderbilt,,,2026-02-24,2,0.16415868673050615,0.08207934336525308,0.16415868673050615,0.0,0.24623803009575923,9.0,3.0,5.0,6.0,2.0,3.0,10.0,9.0,1.0,0,0.0,0,0.00074,-25.0,-33738.19163292847,-24.9815,0.16415868673050615,3.0,1.0,0.021743262
0022500855,1610612747,Los Angeles,Lakers,LAL,lakers,203935,Marcus,Smart,M. Smart,marcus-smart,F,,,31:00,31.0,4,8,0.5,2,5,0.4,3,4,0.75,0,1,1,3,1,0,2,3,13,-3.0,0022500855,Marcus Smart,marcus smart,,,2026-02-26,1,0.41935483870967744,0.0,0.03225806451612903,0.0967741935483871,0.03225806451612903,4.0,6.0,8.0,3.0,3.0,3.0,6.0,4.0,3.0,0,0.0,0,0.00183,-7.7,-4205.352266521027,-7.6859090000000005,0.03225806451612903,4.0,8.0,0.47847563
0022500855,1610612747,Los Angeles,Lakers,LAL,lakers,2544,LeBron,James,L. James,lebron-james,F,,,34:41,34.68333333333333,7,16,0.438,0,3,0.0,1,2,0.5,2,4,6,5,0,0,1,0,15,5.0,0022500855,LeBron James,lebron james,,,2026-02-26,0,0.4324843825084095,0.057664584334454594,0.17299375300336378,0.14416146083613648,0.057664584334454594,2.0,2.0,3.0,2.0,7.0,3.0,4.0,3.0,1.0,0,0.0,0,0.00265,7.9,2980.007544322897,7.879065,0.0,8.0,5.0,0.4129802
0022500855,1610612747,Los Angeles,Lakers,LAL,lakers,1629028,Deandre,Ayton,D. Ayton,deandre-ayton,C,,,22:33,22.55,1,3,0.333,0,0,0.0,0,0,0.0,1,3,4,0,1,0,0,1,2,-24.0,0022500855,Deandre Ayton,deandre ayton,,,2026-02-26,1,0.08869179600886917,0.044345898004434586,0.17738359201773835,0.0,0.08869179600886917,8.0,5.0,5.0,7.0,3.0,3.0,10.0,6.0,2.0,0,0.0,0,0.00064,-48.9,-76287.05148205927,-48.868704,0.044345898004434586,4.0,4.0,0.012620058
0022500855,1610612747,Los Angeles,Lakers,LAL,lakers,1630559,Austin,Reaves,A. Reaves,austin-reaves,G,,,36:26,36.43333333333333,5,12,0.417,2,5,0.4,2,2,1.0,2,1,3,2,2,0,4,4,14,9.0,0022500855,Austin Reaves,austin reaves,,,2026-02-26,2,0.38426349496797807,0.05489478499542544,0.08234217749313816,0.05489478499542544,0.10978956999085088,3.0,2.0,6.0,4.0,1.0,3.0,2.0,2.0,3.0,0,0.0,0,0.00207,11.1,5359.729599227427,11.077022999999999,0.05489478499542544,1.0,3.0,0.5418302
0022500855,1610612747,Los Angeles,Lakers,LAL,lakers,1629029,Luka,Dončić,L. Dončić,luka-dončić,G,,,39:19,39.31666666666667,12,21,0.571,6,11,0.545,11,12,0.917,0,8,8,8,2,0,3,1,41,9.0,0022500855,Luka Dončić,luka dončić,,,2026-02-26,2,1.0428147520135649,0.0,0.20347604917337853,0.20347604917337853,0.05086901229334463,1.0,6.0,1.0,1.0,1.0,3.0,2.0,1.0,3.0,0,0.0,0,0.0033,8.6,2605.2711299606176,8.57162,0.05086901229334463,1.0,6.0,0.83189887
0022500855,1610612747,Los Angeles,Lakers,LAL,lakers,1628379,Luke,Kennard,L. Kennard,luke-kennard,,,,21:00,21.0,4,6,0.667,0,1,0.0,0,0,0.0,0,3,3,0,1,0,1,1,8,-9.0,0022500855,Luke Kennard,luke kennard,,,2026-02-26,1,0.38095238095238093,0.0,0.14285714285714285,0.0,0.047619047619047616,6.0,6.0,6.0,7.0,3.0,3.0,8.0,8.0,4.0,0,0.0,0,0.0014000000000000002,-20.5,-14632.405424696644,-20.4713,0.047619047619047616,4.0,7.0,0.20232062
0022500855,1610612747,Los Angeles,Lakers,LAL,lakers,1629637,Jaxson,Hayes,J. Hayes,jaxson-hayes,,,,21:19,21.316666666666666,2,3,0.667,0,0,0.0,2,2,1.0,3,5,8,1,0,1,0,2,6,16.0,0022500855,Jaxson Hayes,jaxson hayes,,,2026-02-26,1,0.2814698983580923,0.14073494917904614,0.3752931978107897,0.04691164972634871,0.18764659890539484,7.0,1.0,1.0,5.0,7.0,1.0,1.0,7.0,0.0,0,0.0,0,0.0008500000000000001,31.5,37015.27614571092,31.473225,0.04691164972634871,4.0,1.0,0.6792143
0022500855,1610612747,Los Angeles,Lakers,LAL,lakers,1631222,Jake,LaRavia,J. LaRavia,jake-laravia,,,,27:47,27.783333333333335,3,6,0.5,1,4,0.25,4,4,1.0,2,3,5,1,1,1,0,2,11,-3.0,0022500855,Jake LaRavia,jake laravia,,,2026-02-26,2,0.3959208158368326,0.07198560287942411,0.1799640071985603,0.035992801439712056,0.14397120575884823,5.0,2.0,4.0,5.0,3.0,1.0,6.0,5.0,6.0,0,0.0,0,0.00127,-10.3,-8103.855232100709,-10.286919000000001,0.07198560287942411,1.0,2.0,0.23128691
0022500855,1610612747,Los Angeles,Lakers,LAL,lakers,1629020,Jarred,Vanderbilt,J. Vanderbilt,jarred-vanderbilt,,,,5:54,5.9,0,0,0.0,0,0,0.0,0,0,0.0,0,1,1,0,0,0,1,1,0,-15.0,0022500855,Jarred Vanderbilt,jarred vanderbilt,,,2026-02-26,0,0.0,0.0,0.1694915254237288,0.0,0.0,9.0,6.0,8.0,7.0,7.0,3.0,9.0,9.0,0.0,0,0.0,0,0.001,-166.7,-166533.46653346653,-166.5333,0.0,8.0,9.0,0.0027582217
0022500855,1610612747,Los Angeles,Lakers,LAL,lakers,1628467,Maxi,Kleber,M. Kleber,maxi-kleber,,,,0:01,0.016666666666666666,0,0,0.0,0,0,0.0,0,0,0.0,0,0,0,0,0,0,0,0,0,0.0,0022500855,Maxi Kleber,maxi kleber,,,2026-02-26,0,0.0,0.0,0.0,0.0,0.0,9.0,6.0,10.0,7.0,7.0,3.0,5.0,10.0,,1,,1,0.0,0.0,0.0,0.0,0.0,8.0,9.0,0.004744603
0022500866,1610612747,Los Angeles,Lakers,LAL,lakers,203935,Marcus,Smart,M. Smart,marcus-smart,F,,,28:51,28.85,3,6,0.5,2,4,0.5,0,0,0.0,0,5,5,1,2,0,0,1,8,25.0,0022500866,Marcus Smart,marcus smart,,,2026-02-28,2,0.2772963604852686,0.0,0.17331022530329288,0.03466204506065858,0.06932409012131716,6.0,7.0,4.0,6.0,1.0,4.0,3.0,2.0,3.0,0,0.0,0,0.0008699999999999999,40.2,46153.84615384616,40.165026000000005,0.06932409012131716,2.0,8.0,0.1433192
0022500866,1610612747,Los Angeles,Lakers,LAL,lakers,2544,LeBron,James,L. James,lebron-james,F,,,28:20,28.333333333333332,7,13,0.538,4,6,0.667,4,5,0.8,2,5,7,9,1,0,4,1,22,26.0,0022500866,LeBron James,lebron james,,,2026-02-28,1,0.7764705882352941,0.07058823529411765,0.24705882352941178,0.31764705882352945,0.10588235294117647,2.0,1.0,2.0,1.0,2.0,4.0,1.0,3.0,1.0,0,0.0,0,0.00271,42.6,15713.758760604942,42.484554,0.03529411764705882,4.0,5.0,0.7870713
0022500866,1610612747,Los Angeles,Lakers,LAL,lakers,1629028,Deandre,Ayton,D. Ayton,deandre-ayton,C,,,19:39,19.65,2,5,0.4,0,0,0.0,0,2,0.0,2,8,10,0,0,0,0,0,4,14.0,0022500866,Deandre Ayton,deandre ayton,,,2026-02-28,0,0.20356234096692113,0.10178117048346057,0.5089058524173028,0.0,0.10178117048346057,9.0,1.0,1.0,9.0,7.0,4.0,6.0,7.0,0.0,0,0.0,0,0.00128,31.2,24355.971896955503,31.160064000000002,0.0,8.0,6.0,0.08159296
0022500866,1610612747,Los Angeles,Lakers,LAL,lakers,1630559,Austin,Reaves,A. Reaves,austin-reaves,G,,,27:45,27.75,7,11,0.636,2,4,0.5,2,2,1.0,0,1,1,3,0,0,1,1,18,22.0,0022500866,Austin Reaves,austin reaves,,,2026-02-28,0,0.6486486486486487,0.0,0.036036036036036036,0.10810810810810811,0.0,3.0,7.0,10.0,3.0,7.0,4.0,4.0,4.0,1.0,0,0.0,0,0.002,39.3,19640.179910044975,39.221399999999996,0.0,8.0,11.0,0.7695211
0022500866,1610612747,Los Angeles,Lakers,LAL,lakers,1629029,Luka,Dončić,L. Dončić,luka-dončić,G,,,29:15,29.25,9,17,0.529,4,9,0.444,4,4,1.0,0,6,6,8,1,1,2,2,26,26.0,0022500866,Luka Dončić,luka dončić,,,2026-02-28,2,0.8888888888888888,0.0,0.20512820512820512,0.27350427350427353,0.06837606837606838,1.0,7.0,3.0,2.0,2.0,2.0,1.0,1.0,2.0,0,0.0,0,0.00309,42.4,13717.243610482044,42.268983999999996,0.06837606837606838,2.0,9.0,0.6594692
0022500866,1610612747,Los Angeles,Lakers,LAL,lakers,1628379,Luke,Kennard,L. Kennard,luke-kennard,,,,27:00,27.0,6,10,0.6,4,7,0.571,0,0,0.0,0,3,3,3,1,0,1,2,16,14.0,0022500866,Luke Kennard,luke kennard,,,2026-02-28,1,0.5925925925925926,0.0,0.1111111111111111,0.1111111111111111,0.037037037037037035,4.0,7.0,7.0,3.0,2.0,4.0,6.0,6.0,1.0,0,0.0,0,0.0017499999999999998,23.9,13649.343232438609,23.858175,0.037037037037037035,4.0,10.0,0.7561259
0022500866,1610612747,Los Angeles,Lakers,LAL,lakers,1631222,Jake,LaRavia,J. LaRavia,jake-laravia,,,,27:01,27.016666666666666,6,10,0.6,3,6,0.5,0,3,0.0,2,3,5,3,1,0,1,3,15,14.0,0022500866,Jake LaRavia,jake laravia,,,2026-02-28,1,0.5552128315854411,0.07402837754472548,0.1850709438618137,0.11104256631708823,0.11104256631708823,5.0,1.0,4.0,3.0,2.0,4.0,6.0,5.0,2.0,0,0.0,0,0.00185,23.9,12911.939492166395,23.855784999999997,0.03701418877236274,4.0,4.0,0.6952237
0022500866,1610612747,Los Angeles,Lakers,LAL,lakers,1629637,Jaxson,Hayes,J. Hayes,jaxson-hayes,,,,15:18,15.3,3,4,0.75,0,0,0.0,0,0,0.0,2,3,5,0,0,0,0,1,6,18.0,0022500866,Jaxson Hayes,jaxson hayes,,,2026-02-28,0,0.39215686274509803,0.13071895424836602,0.32679738562091504,0.0,0.13071895424836602,8.0,1.0,4.0,9.0,7.0,4.0,5.0,8.0,1.0,0,0.0,0,0.00108,57.1,52821.461609620725,57.038332000000004,0.0,8.0,3.0,0.35345608
0022500866,1610612747,Los Angeles,Lakers,LAL,lakers,1628467,Maxi,Kleber,M. Kleber,maxi-kleber,,,,12:45,12.75,2,4,0.5,0,1,0.0,0,0,0.0,1,1,2,1,1,3,0,0,4,-4.0,0022500866,Maxi Kleber,maxi kleber,,,2026-02-28,4,0.3137254901960784,0.0784313725490196,0.1568627450980392,0.0784313725490196,0.39215686274509803,9.0,5.0,8.0,6.0,2.0,1.0,9.0,9.0,0.0,0,0.0,0,0.0012900000000000001,-14.8,-11463.981409759876,-14.780908,0.3137254901960784,1.0,1.0,0.08859166
0022500866,1610612747,Los Angeles,Lakers,LAL,lakers,1629020,Jarred,Vanderbilt,J. Vanderbilt,jarred-vanderbilt,,,,12:12,12.2,1,4,0.25,0,1,0.0,0,0,0.0,1,1,2,0,0,0,0,0,2,-7.0,0022500866,Jarred Vanderbilt,jarred vanderbilt,,,2026-02-28,0,0.1639344262295082,0.0819672131147541,0.1639344262295082,0.0,0.0819672131147541,11.0,5.0,8.0,9.0,7.0,4.0,12.0,10.0,0.0,0,0.0,0,0.00133,-32.6,-24492.862509391438,-32.556642,0.0,8.0,7.0,0.004918005
0022500866,1610612747,Los Angeles,Lakers,LAL,lakers,1642261,Dalton,Knecht,D. Knecht,dalton-knecht,,,,5:57,5.95,0,1,0.0,0,1,0.0,0,0,0.0,0,0,0,0,0,1,0,0,0,-4.0,0022500866,Dalton Knecht,dalton knecht,,,2026-02-28,1,0.0,0.0,0.0,0.0,0.1680672268907563,12.0,7.0,12.0,9.0,7.0,2.0,9.0,11.0,0.0,0,0.0,0,0.00063,-37.9,-60063.391442155305,-37.876123,0.1680672268907563,4.0,2.0,0.0038162703
0022500866,1610612747,Los Angeles,Lakers,LAL,lakers,1641723,Kobe,Bufkin,K. Bufkin,kobe-bufkin,,,,5:57,5.95,2,5,0.4,0,2,0.0,4,4,1.0,0,1,1,1,0,0,0,0,8,-4.0,0022500866,Kobe Bufkin,kobe bufkin,,,2026-02-28,0,1.3445378151260503,0.0,0.1680672268907563,0.1680672268907563,0.0,6.0,7.0,10.0,6.0,7.0,4.0,9.0,11.0,0.0,0,1.0,0,0.00438,-37.9,-8650.992923989956,-37.733998,0.0,8.0,11.0,0.11495114
0022500878,1610612747,Los Angeles,Lakers,LAL,lakers,2544,LeBron,James,L. James,lebron-james,F,,,26:46,26.766666666666666,8,15,0.533,3,4,0.75,5,6,0.833,0,1,1,5,2,1,3,0,24,13.0,0022500878,LeBron James,lebron james,,,2026-03-01,3,0.8966376089663761,0.0,0.03735990037359901,0.18679950186799502,0.11207970112079702,2.0,7.0,8.0,2.0,2.0,2.0,6.0,3.0,0.0,0,0.0,0,0.0033900000000000002,28.8,8493.069890887644,28.702368,0.11207970112079702,2.0,8.0,0.69243497
0022500878,1610612747,Los Angeles,Lakers,LAL,lakers,203935,Marcus,Smart,M. Smart,marcus-smart,F,,,24:52,24.866666666666667,3,5,0.6,3,5,0.6,0,0,0.0,1,2,3,3,5,0,1,1,9,17.0,0022500878,Marcus Smart,marcus smart,,,2026-03-01,5,0.36193029490616624,0.040214477211796246,0.12064343163538874,0.12064343163538874,0.24128686327077747,6.0,3.0,6.0,5.0,1.0,9.0,2.0,5.0,8.0,0,0.0,0,0.00107,30.8,28758.169934640526,30.767044,0.20107238605898123,1.0,2.0,0.28393164
0022500878,1610612747,Los Angeles,Lakers,LAL,lakers,1629028,Deandre,Ayton,D. Ayton,deandre-ayton,C,,,18:02,18.033333333333335,6,6,1.0,0,0,0.0,0,1,0.0,1,3,4,2,2,1,1,0,12,2.0,0022500878,Deandre Ayton,deandre ayton,,,2026-03-01,3,0.6654343807763401,0.055452865064695,0.22181146025878,0.11090573012939,0.22181146025878,3.0,3.0,5.0,6.0,2.0,2.0,10.0,8.0,1.0,0,0.0,0,0.00179,11.0,6141.820212171971,10.980310000000001,0.16635859519408502,2.0,4.0,0.7593449
0022500878,1610612747,Los Angeles,Lakers,LAL,lakers,1630559,Austin,Reaves,A. Reaves,austin-reaves,G,,,27:06,27.1,3,9,0.333,2,6,0.333,4,4,1.0,0,0,0,5,0,2,2,0,12,15.0,0022500878,Austin Reaves,austin reaves,,,2026-03-01,2,0.44280442804428044,0.0,0.0,0.18450184501845018,0.07380073800738007,3.0,7.0,13.0,2.0,9.0,1.0,5.0,2.0,3.0,0,0.0,0,0.00203,30.8,15164.943377646478,30.737476,0.07380073800738007,4.0,10.0,0.22929192
0022500878,1610612747,Los Angeles,Lakers,LAL,lakers,1629029,Luka,Dončić,L. Dončić,luka-dončić,G,,,29:13,29.216666666666665,10,16,0.625,4,8,0.5,4,7,0.571,0,5,5,9,1,1,1,1,28,18.0,0022500878,Luka Dončić,luka dončić,,,2026-03-01,2,0.9583571021106675,0.0,0.17113519680547634,0.3080433542498574,0.06845407872219053,1.0,7.0,3.0,1.0,4.0,2.0,1.0,1.0,2.0,0,0.0,0,0.00313,31.7,10124.560843181092,31.600779,0.06845407872219053,4.0,11.0,0.89149183
0022500878,1610612747,Los Angeles,Lakers,LAL,lakers,1629060,Rui,Hachimura,R. Hachimura,rui-hachimura,,,,22:20,22.333333333333332,2,8,0.25,2,4,0.5,2,2,1.0,1,1,2,0,1,1,0,2,8,12.0,0022500878,Rui Hachimura,rui hachimura,,,2026-03-01,2,0.35820895522388063,0.04477611940298508,0.08955223880597016,0.0,0.13432835820895522,7.0,3.0,7.0,11.0,4.0,2.0,7.0,6.0,1.0,0,0.0,0,0.00164,26.1,15904.936014625231,26.057196,0.08955223880597016,4.0,7.0,0.08515367
0022500878,1610612747,Los Angeles,Lakers,LAL,lakers,1629637,Jaxson,Hayes,J. Hayes,jaxson-hayes,,,,12:33,12.55,2,2,1.0,0,0,0.0,0,1,0.0,1,4,5,1,0,1,0,4,4,16.0,0022500878,Jaxson Hayes,jaxson hayes,,,2026-03-01,1,0.3187250996015936,0.0796812749003984,0.398406374501992,0.0796812749003984,0.1593625498007968,9.0,3.0,3.0,8.0,9.0,2.0,4.0,10.0,0.0,0,0.0,0,0.00067,61.5,91654.2473919523,61.458795,0.0796812749003984,8.0,6.0,0.14815104
0022500878,1610612747,Los Angeles,Lakers,LAL,lakers,1628379,Luke,Kennard,L. Kennard,luke-kennard,,,,25:47,25.783333333333335,4,10,0.4,3,5,0.6,0,0,0.0,0,1,1,5,1,1,1,0,11,17.0,0022500878,Luke Kennard,luke kennard,,,2026-03-01,2,0.4266321913380737,0.0,0.0387847446670976,0.19392372333548802,0.0775694893341952,5.0,7.0,8.0,2.0,4.0,2.0,2.0,4.0,3.0,0,0.0,0,0.00169,28.8,17031.342400946185,28.751328,0.0775694893341952,4.0,9.0,0.7758215
0022500878,1610612747,Los Angeles,Lakers,LAL,lakers,1631222,Jake,LaRavia,J. LaRavia,jake-laravia,,,,21:46,21.766666666666666,2,10,0.2,0,3,0.0,0,0,0.0,3,4,7,1,1,0,0,3,4,11.0,0022500878,Jake LaRavia,jake laravia,,,2026-03-01,1,0.18376722817764166,0.13782542113323124,0.3215926493108729,0.045941807044410414,0.18376722817764166,9.0,1.0,1.0,8.0,4.0,9.0,8.0,7.0,2.0,0,0.0,0,0.0017499999999999998,20.8,11878.92632781268,20.7636,0.045941807044410414,8.0,5.0,0.043905567
0022500878,1610612747,Los Angeles,Lakers,LAL,lakers,1628467,Maxi,Kleber,M. Kleber,maxi-kleber,,,,13:30,13.5,3,3,1.0,0,0,0.0,0,0,0.0,2,4,6,0,0,1,0,1,6,7.0,0022500878,Maxi Kleber,maxi kleber,,,2026-03-01,1,0.4444444444444444,0.14814814814814814,0.4444444444444444,0.0,0.2222222222222222,8.0,2.0,2.0,11.0,9.0,2.0,9.0,9.0,0.0,0,0.0,0,0.00091,28.7,31503.84193194292,28.673883,0.07407407407407407,8.0,3.0,0.2037138
0022500878,1610612747,Los Angeles,Lakers,LAL,lakers,1642355,Bronny,James,B. James,bronny-james,,,,6:20,6.333333333333333,1,3,0.333,1,2,0.5,0,0,0.0,0,0,0,2,0,0,0,0,3,-5.0,0022500878,Bronny James,bronny james,,,2026-03-01,0,0.4736842105263158,0.0,0.0,0.31578947368421056,0.0,11.0,7.0,13.0,6.0,9.0,9.0,14.0,11.0,1.0,0,0.0,0,0.00167,-33.3,-19928.18671454219,-33.244389,0.0,12.0,12.0,0.0054783523
0022500878,1610612747,Los Angeles,Lakers,LAL,lakers,1642876,Adou,Thiero,A. Thiero,adou-thiero,,,,3:55,3.9166666666666665,1,1,1.0,0,0,0.0,1,1,1.0,0,1,1,1,0,0,0,0,3,-1.0,0022500878,Adou Thiero,adou thiero,,,2026-03-01,0,0.7659574468085106,0.0,0.25531914893617025,0.25531914893617025,0.0,11.0,7.0,8.0,8.0,9.0,9.0,11.0,12.0,0.0,0,0.0,0,0.00083,-19.1,-22984.356197352587,-19.084147,0.0,12.0,12.0,0.0121491905
0022500878,1610612747,Los Angeles,Lakers,LAL,lakers,1642261,Dalton,Knecht,D. Knecht,dalton-knecht,,,,3:55,3.9166666666666665,1,1,1.0,0,0,0.0,0,0,0.0,0,1,1,0,1,0,0,0,2,-1.0,0022500878,Dalton Knecht,dalton knecht,,,2026-03-01,1,0.5106382978723405,0.0,0.25531914893617025,0.0,0.25531914893617025,13.0,7.0,8.0,11.0,4.0,9.0,11.0,12.0,,1,,1,0.00083,-19.1,-22984.356197352587,-19.084147,0.25531914893617025,8.0,1.0,0.021289295
0022500878,1610612747,Los Angeles,Lakers,LAL,lakers,1641723,Kobe,Bufkin,K. Bufkin,kobe-bufkin,,,,3:55,3.9166666666666665,1,5,0.2,0,2,0.0,0,0,0.0,0,1,1,0,0,0,0,0,2,-1.0,0022500878,Kobe Bufkin,kobe bufkin,,,2026-03-01,0,0.5106382978723405,0.0,0.25531914893617025,0.0,0.0,13.0,7.0,8.0,11.0,9.0,9.0,11.0,12.0,0.0,0,0.0,0,0.00417,-19.1,-4579.237592903381,-19.020353,0.0,12.0,12.0,0.017384656
0022500891,1610612747,Los Angeles,Lakers,LAL,lakers,2544,LeBron,James,L. James,lebron-james,F,,,33:28,33.46666666666667,8,12,0.667,1,5,0.2,4,8,0.5,1,6,7,7,0,2,5,2,21,3.0,0022500891,LeBron James,lebron james,,,2026-03-03,2,0.6274900398406374,0.0298804780876494,0.2091633466135458,0.2091633466135458,0.0896414342629482,2.0,4.0,4.0,1.0,4.0,2.0,5.0,3.0,1.0,0,0.0,0,0.0023799999999999997,4.1,1721.9655606887861,4.090241999999999,0.0597609561752988,3.0,6.0,0.73580396
0022500891,1610612747,Los Angeles,Lakers,LAL,lakers,203935,Marcus,Smart,M. Smart,marcus-smart,F,,,29:48,29.8,3,9,0.333,2,6,0.333,2,2,1.0,0,3,3,7,4,3,0,2,10,13.0,0022500891,Marcus Smart,marcus smart,,,2026-03-03,7,0.33557046979865773,0.0,0.10067114093959731,0.2348993288590604,0.2348993288590604,5.0,6.0,6.0,1.0,1.0,1.0,3.0,4.0,4.0,0,0.0,0,0.00133,21.7,16303.531179564237,21.671138999999997,0.2348993288590604,1.0,2.0,0.572532
0022500891,1610612747,Los Angeles,Lakers,LAL,lakers,1629028,Deandre,Ayton,D. Ayton,deandre-ayton,C,,,25:08,25.133333333333333,6,8,0.75,0,0,0.0,1,1,1.0,3,5,8,1,0,2,2,4,13,-7.0,0022500891,Deandre Ayton,deandre ayton,,,2026-03-03,2,0.5172413793103449,0.1193633952254642,0.3183023872679045,0.03978779840848806,0.1989389920424403,4.0,2.0,2.0,6.0,4.0,2.0,9.0,5.0,0.0,0,0.0,0,0.00161,-14.6,-9062.693978895097,-14.576494,0.07957559681697612,3.0,4.0,0.6583168
0022500891,1610612747,Los Angeles,Lakers,LAL,lakers,1630559,Austin,Reaves,A. Reaves,austin-reaves,G,,,36:47,36.78333333333333,4,15,0.267,2,7,0.286,5,5,1.0,0,8,8,3,2,2,5,3,15,-1.0,0022500891,Austin Reaves,austin reaves,,,2026-03-03,4,0.4077933846850929,0.0,0.21748980516538288,0.08155867693701858,0.10874490258269144,3.0,6.0,2.0,4.0,2.0,2.0,7.0,2.0,5.0,0,0.0,0,0.00247,-0.1,-40.46944556859571,-0.09975300000000001,0.10874490258269144,2.0,5.0,0.1543743
0022500891,1610612747,Los Angeles,Lakers,LAL,lakers,1629029,Luka,Dončić,L. Dončić,luka-dončić,G,,,37:40,37.666666666666664,10,22,0.455,3,10,0.3,4,5,0.8,0,10,10,7,0,1,7,2,27,1.0,0022500891,Luka Dončić,luka dončić,,,2026-03-03,1,0.7168141592920354,0.0,0.26548672566371684,0.18584070796460178,0.026548672566371685,1.0,6.0,1.0,1.0,4.0,6.0,6.0,1.0,4.0,0,0.0,0,0.0034100000000000003,0.0,0.0,0.0,0.026548672566371685,6.0,8.0,0.67087203
0022500891,1610612747,Los Angeles,Lakers,LAL,lakers,1629060,Rui,Hachimura,R. Hachimura,rui-hachimura,,,,18:37,18.616666666666667,0,4,0.0,0,4,0.0,2,2,1.0,0,2,2,0,0,0,0,1,2,-6.0,0022500891,Rui Hachimura,rui hachimura,,,2026-03-03,0,0.10743061772605192,0.0,0.10743061772605192,0.0,0.0,9.0,6.0,7.0,9.0,4.0,7.0,8.0,8.0,1.0,0,0.0,0,0.00116,-15.4,-13264.42721791559,-15.382136,0.0,8.0,9.0,0.0058599277
0022500891,1610612747,Los Angeles,Lakers,LAL,lakers,1629637,Jaxson,Hayes,J. Hayes,jaxson-hayes,,,,22:51,22.85,3,4,0.75,0,0,0.0,2,2,1.0,4,2,6,1,0,2,0,1,8,16.0,0022500891,Jaxson Hayes,jaxson hayes,,,2026-03-03,2,0.350109409190372,0.175054704595186,0.26258205689277897,0.0437636761487965,0.26258205689277897,7.0,1.0,5.0,6.0,4.0,2.0,1.0,6.0,0.0,0,0.0,0,0.00091,34.4,37760.70252469813,34.368696,0.087527352297593,3.0,1.0,0.70620894
0022500891,1610612747,Los Angeles,Lakers,LAL,lakers,1628379,Luke,Kennard,L. Kennard,luke-kennard,,,,21:14,21.233333333333334,3,5,0.6,2,3,0.667,1,1,1.0,1,1,2,1,0,0,2,2,9,16.0,0022500891,Luke Kennard,luke kennard,,,2026-03-03,0,0.423861852433281,0.04709576138147566,0.09419152276295133,0.04709576138147566,0.04709576138147566,6.0,4.0,7.0,6.0,4.0,7.0,1.0,7.0,0.0,0,0.0,0,0.00135,30.4,22501.850481125093,30.35896,0.0,8.0,7.0,0.16452329
0022500891,1610612747,Los Angeles,Lakers,LAL,lakers,1631222,Jake,LaRavia,J. LaRavia,jake-laravia,,,,14:27,14.45,2,4,0.5,1,2,0.5,0,0,0.0,2,0,2,2,1,0,0,0,5,10.0,0022500891,Jake LaRavia,jake laravia,,,2026-03-03,1,0.34602076124567477,0.1384083044982699,0.1384083044982699,0.1384083044982699,0.20761245674740486,8.0,3.0,7.0,5.0,3.0,7.0,4.0,9.0,2.0,0,0.0,0,0.00105,33.3,31684.110371075167,33.265035,0.06920415224913495,6.0,3.0,0.06064854
0022500906,1610612747,Los Angeles,Lakers,LAL,lakers,2544,LeBron,James,L. James,lebron-james,F,,,33:42,33.7,7,11,0.636,0,2,0.0,2,2,1.0,0,5,5,8,3,1,1,2,16,-10.0,0022500906,LeBron James,lebron james,,,2026-03-05,4,0.4747774480712166,0.0,0.14836795252225518,0.2373887240356083,0.11869436201780414,3.0,5.0,2.0,1.0,2.0,1.0,8.0,3.0,2.0,0,0.0,0,0.0017299999999999998,-10.8,-6239.168110918546,-10.781316,0.11869436201780414,1.0,3.0,0.7937506
0022500906,1610612747,Los Angeles,Lakers,LAL,lakers,203935,Marcus,Smart,M. Smart,marcus-smart,F,,,32:11,32.18333333333333,3,9,0.333,3,6,0.5,0,0,0.0,1,0,1,2,1,0,4,4,9,3.0,0022500906,Marcus Smart,marcus smart,,,2026-03-05,1,0.2796478508544796,0.03107198342827551,0.03107198342827551,0.06214396685655102,0.06214396685655102,6.0,3.0,7.0,5.0,4.0,2.0,3.0,4.0,2.0,0,0.0,0,0.00188,0.9,478.46889952153117,0.898308,0.03107198342827551,4.0,5.0,0.09598886
0022500906,1610612747,Los Angeles,Lakers,LAL,lakers,1629028,Deandre,Ayton,D. Ayton,deandre-ayton,C,,,4:30,4.5,0,1,0.0,0,0,0.0,0,0,0.0,0,2,2,0,0,0,0,1,0,-13.0,0022500906,Deandre Ayton,deandre ayton,,,2026-03-05,0,0.0,0.0,0.4444444444444444,0.0,0.0,9.0,5.0,5.0,8.0,6.0,2.0,9.0,9.0,0.0,0,0.0,0,0.00111,-126.7,-114041.40414041404,-126.55936299999999,0.0,6.0,7.0,0.003246158
0022500906,1610612747,Los Angeles,Lakers,LAL,lakers,1630559,Austin,Reaves,A. Reaves,austin-reaves,G,,,38:02,38.03333333333333,6,11,0.545,1,2,0.5,3,4,0.75,2,3,5,7,3,0,0,2,16,-4.0,0022500906,Austin Reaves,austin reaves,,,2026-03-05,3,0.42068361086766,0.0525854513584575,0.13146362839614373,0.18404907975460125,0.13146362839614373,3.0,1.0,2.0,2.0,2.0,2.0,5.0,2.0,3.0,0,0.0,0,0.00155,-3.5,-2256.608639587363,-3.4945749999999998,0.07887817703768625,3.0,1.0,0.73425347
0022500906,1610612747,Los Angeles,Lakers,LAL,lakers,1629029,Luka,Dončić,L. Dončić,luka-dončić,G,,,40:24,40.4,11,24,0.458,3,10,0.3,2,4,0.5,1,10,11,7,4,0,3,3,27,0.0,0022500906,Luka Dončić,luka dončić,,,2026-03-05,4,0.6683168316831684,0.024752475247524754,0.2722772277227723,0.17326732673267328,0.12376237623762376,1.0,3.0,1.0,2.0,1.0,2.0,4.0,1.0,8.0,0,0.0,0,0.00333,1.5,450.3152206544581,1.495005,0.09900990099009901,1.0,2.0,0.7724986
0022500906,1610612747,Los Angeles,Lakers,LAL,lakers,1629637,Jaxson,Hayes,J. Hayes,jaxson-hayes,,,,27:28,27.466666666666665,8,10,0.8,0,0,0.0,3,5,0.6,2,3,5,2,0,0,0,1,19,7.0,0022500906,Jaxson Hayes,jaxson hayes,,,2026-03-05,0,0.691747572815534,0.07281553398058253,0.1820388349514563,0.07281553398058253,0.07281553398058253,2.0,1.0,2.0,5.0,6.0,2.0,2.0,6.0,1.0,0,0.0,0,0.00194,14.5,7470.376094796497,14.47187,0.0,6.0,4.0,0.908467
0022500906,1610612747,Los Angeles,Lakers,LAL,lakers,1629060,Rui,Hachimura,R. Hachimura,rui-hachimura,,,,28:58,28.966666666666665,6,9,0.667,4,5,0.8,0,0,0.0,0,2,2,3,1,0,1,3,16,10.0,0022500906,Rui Hachimura,rui hachimura,,,2026-03-05,1,0.5523590333716917,0.0,0.06904487917146146,0.10356731875719218,0.03452243958573073,3.0,5.0,5.0,4.0,4.0,2.0,1.0,5.0,2.0,0,0.0,0,0.00159,20.5,12884.978001257072,20.467405,0.03452243958573073,4.0,6.0,0.9024052
0022500906,1610612747,Los Angeles,Lakers,LAL,lakers,1628379,Luke,Kennard,L. Kennard,luke-kennard,,,,20:27,20.45,3,6,0.5,2,3,0.667,0,0,0.0,0,0,0,0,0,0,1,2,8,-7.0,0022500906,Luke Kennard,luke kennard,,,2026-03-05,0,0.39119804400978,0.0,0.0,0.0,0.0,7.0,5.0,9.0,8.0,6.0,2.0,7.0,7.0,1.0,0,0.0,0,0.00149,-14.1,-9456.740442655935,-14.078991,0.0,6.0,7.0,0.07540397
0022500906,1610612747,Los Angeles,Lakers,LAL,lakers,1631222,Jake,LaRavia,J. LaRavia,jake-laravia,,,,10:21,10.35,1,6,0.167,0,3,0.0,0,0,0.0,0,0,0,1,0,0,0,2,2,-16.0,0022500906,Jake LaRavia,jake laravia,,,2026-03-05,0,0.1932367149758454,0.0,0.0,0.0966183574879227,0.0,8.0,5.0,9.0,7.0,6.0,2.0,10.0,8.0,0.0,0,0.0,0,0.0025,-60.6,-24230.30787684926,-60.4485,0.0,6.0,7.0,0.003498014
0022500906,1610612747,Los Angeles,Lakers,LAL,lakers,1629020,Jarred,Vanderbilt,J. Vanderbilt,jarred-vanderbilt,,,,3:58,3.966666666666667,0,0,0.0,0,0,0.0,0,0,0.0,0,1,1,0,0,0,0,1,0,-5.0,0022500906,Jarred Vanderbilt,jarred vanderbilt,,,2026-03-05,0,0.0,0.0,0.25210084033613445,0.0,0.0,9.0,5.0,7.0,8.0,6.0,2.0,6.0,10.0,0.0,0,0.0,0,0.0,-69.4,-69400000.00000001,-69.4,0.0,6.0,7.0,0.004790975
0022500914,1610612747,Los Angeles,Lakers,LAL,lakers,203935,Marcus,Smart,M. Smart,marcus-smart,F,,,28:46,28.766666666666666,4,6,0.667,3,4,0.75,0,0,0.0,0,3,3,3,0,0,2,3,11,8.0,0022500914,Marcus Smart,marcus smart,,,2026-03-06,0,0.3823870220162225,0.0,0.10428736964078796,0.10428736964078796,0.0,5.0,5.0,5.0,3.0,4.0,2.0,6.0,2.0,0.0,0,0.0,0,0.00127,15.4,12116.443745082612,15.380442,0.0,4.0,6.0,0.33379784
0022500914,1610612747,Los Angeles,Lakers,LAL,lakers,1629060,Rui,Hachimura,R. Hachimura,rui-hachimura,F,,,23:11,23.183333333333334,5,8,0.625,2,3,0.667,1,1,1.0,0,3,3,1,0,0,0,0,13,6.0,0022500914,Rui Hachimura,rui hachimura,,,2026-03-06,0,0.5607476635514018,0.0,0.12940330697340044,0.043134435657800146,0.0,4.0,5.0,5.0,7.0,4.0,2.0,7.0,6.0,1.0,0,0.0,0,0.00151,14.1,9331.568497683653,14.078709,0.0,4.0,6.0,0.6025865
0022500914,1610612747,Los Angeles,Lakers,LAL,lakers,1629637,Jaxson,Hayes,J. Hayes,jaxson-hayes,C,,,25:21,25.35,3,6,0.5,0,0,0.0,3,3,1.0,2,2,4,2,1,0,0,2,9,2.0,0022500914,Jaxson Hayes,jaxson hayes,,,2026-03-06,1,0.35502958579881655,0.07889546351084813,0.15779092702169625,0.07889546351084813,0.11834319526627218,6.0,1.0,4.0,6.0,2.0,2.0,8.0,5.0,0.0,0,0.0,0,0.00121,3.7,3055.3261767134604,3.695523,0.03944773175542406,2.0,3.0,0.15813
0022500914,1610612747,Los Angeles,Lakers,LAL,lakers,1630559,Austin,Reaves,A. Reaves,austin-reaves,G,,,28:35,28.583333333333332,6,14,0.429,1,4,0.25,6,7,0.857,0,2,2,5,0,0,3,6,19,-12.0,0022500914,Austin Reaves,austin reaves,,,2026-03-06,0,0.6647230320699709,0.0,0.06997084548104957,0.17492711370262393,0.0,2.0,5.0,7.0,1.0,4.0,2.0,13.0,3.0,1.0,0,2.0,0,0.0030299999999999997,-15.9,-5245.793467502474,-15.851823000000001,0.0,4.0,6.0,0.7479276
0022500914,1610612747,Los Angeles,Lakers,LAL,lakers,1629029,Luka,Dončić,L. Dončić,luka-dončić,G,,,31:41,31.683333333333334,14,25,0.56,7,14,0.5,9,10,0.9,0,9,9,5,3,2,3,1,44,20.0,0022500914,Luka Dončić,luka dončić,,,2026-03-06,5,1.3887427669647554,0.0,0.2840610205155181,0.15781167806417676,0.15781167806417676,1.0,5.0,1.0,1.0,1.0,1.0,2.0,1.0,4.0,0,0.0,0,0.00458,30.9,6745.252128356254,30.758477999999997,0.15781167806417676,1.0,1.0,0.799647
0022500914,1610612747,Los Angeles,Lakers,LAL,lakers,1628379,Luke,Kennard,L. Kennard,luke-kennard,,,,26:43,26.716666666666665,6,9,0.667,3,5,0.6,0,0,0.0,1,6,7,3,0,0,0,0,15,26.0,0022500914,Luke Kennard,luke kennard,,,2026-03-06,0,0.561447286338116,0.037429819089207735,0.26200873362445415,0.11228945726762321,0.037429819089207735,3.0,3.0,3.0,3.0,4.0,2.0,1.0,4.0,2.0,0,0.0,0,0.0014099999999999998,44.8,31750.531537916377,44.736832,0.0,4.0,5.0,0.84013444
0022500914,1610612747,Los Angeles,Lakers,LAL,lakers,1631166,Drew,Timme,D. Timme,drew-timme,,,,22:39,22.65,2,2,1.0,0,0,0.0,0,0,0.0,0,2,2,1,0,0,1,1,4,9.0,0022500914,Drew Timme,drew timme,,,2026-03-06,0,0.17660044150110377,0.0,0.08830022075055188,0.04415011037527594,0.0,8.0,5.0,7.0,7.0,4.0,2.0,5.0,7.0,0.0,0,0.0,0,0.00057,16.0,28021.015761821367,15.99088,0.0,4.0,6.0,0.04131459
0022500914,1610612747,Los Angeles,Lakers,LAL,lakers,1631222,Jake,LaRavia,J. LaRavia,jake-laravia,,,,15:53,15.883333333333333,3,7,0.429,0,2,0.0,2,2,1.0,1,1,2,0,0,0,1,3,8,13.0,0022500914,Jake LaRavia,jake laravia,,,2026-03-06,0,0.503672612801679,0.06295907660020987,0.12591815320041974,0.0,0.06295907660020987,7.0,3.0,7.0,11.0,4.0,2.0,3.0,9.0,0.0,0,0.0,0,0.0022,35.1,15947.29668332576,35.022780000000004,0.0,4.0,4.0,0.16891631
0022500914,1610612747,Los Angeles,Lakers,LAL,lakers,1629020,Jarred,Vanderbilt,J. Vanderbilt,jarred-vanderbilt,,,,21:07,21.116666666666667,1,4,0.25,0,1,0.0,0,0,0.0,2,6,8,3,1,0,1,2,2,12.0,0022500914,Jarred Vanderbilt,jarred vanderbilt,,,2026-03-06,1,0.0947119179163378,0.0947119179163378,0.3788476716653512,0.1420678768745067,0.1420678768745067,10.0,1.0,2.0,3.0,2.0,2.0,4.0,8.0,2.0,0,0.0,0,0.001,26.1,26073.926073926075,26.073900000000002,0.0473559589581689,2.0,2.0,0.07828983
0022500914,1610612747,Los Angeles,Lakers,LAL,lakers,1642355,Bronny,James,B. James,bronny-james,,,,4:58,4.966666666666667,0,0,0.0,0,0,0.0,0,0,0.0,0,0,0,0,0,0,0,0,0,-8.0,0022500914,Bronny James,bronny james,,,2026-03-06,0,0.0,0.0,0.0,0.0,0.0,11.0,5.0,12.0,11.0,4.0,2.0,12.0,10.0,,1,,1,0.0,-98.9,-98900000.00000001,-98.9,0.0,4.0,6.0,0.0039030618
0022500914,1610612747,Los Angeles,Lakers,LAL,lakers,1642261,Dalton,Knecht,D. Knecht,dalton-knecht,,,,3:42,3.7,1,1,1.0,1,1,1.0,0,0,0.0,0,1,1,1,0,0,1,0,3,-7.0,0022500914,Dalton Knecht,dalton knecht,,,2026-03-06,0,0.8108108108108107,0.0,0.27027027027027023,0.27027027027027023,0.0,9.0,5.0,11.0,7.0,4.0,2.0,9.0,11.0,0.0,0,0.0,0,0.0025,-108.9,-43542.58296681327,-108.62775,0.0,4.0,6.0,0.006902579
0022500914,1610612747,Los Angeles,Lakers,LAL,lakers,1641723,Kobe,Bufkin,K. Bufkin,kobe-bufkin,,,,3:42,3.7,0,2,0.0,0,2,0.0,0,0,0.0,0,0,0,1,0,0,0,2,0,-7.0,0022500914,Kobe Bufkin,kobe bufkin,,,2026-03-06,0,0.0,0.0,0.0,0.27027027027027023,0.0,11.0,5.0,12.0,7.0,4.0,2.0,9.0,11.0,,1,,1,0.0025,-108.9,-43542.58296681327,-108.62775,0.0,4.0,6.0,0.0022491054
0022500914,1610612747,Los Angeles,Lakers,LAL,lakers,1643024,Chris,Mañon,C. Mañon,chris-mañon,,,,3:42,3.7,0,1,0.0,0,1,0.0,0,0,0.0,0,2,2,0,0,0,0,2,0,-7.0,0022500914,Chris Mañon,chris mañon,,,2026-03-06,0,0.0,0.0,0.5405405405405405,0.0,0.0,11.0,5.0,7.0,11.0,4.0,2.0,9.0,11.0,,1,,1,0.00125,-108.9,-87050.35971223023,-108.76387500000001,0.0,4.0,6.0,0.00573742
0022500922,1610612747,Los Angeles,Lakers,LAL,lakers,203935,Marcus,Smart,M. Smart,marcus-smart,F,,,29:17,29.283333333333335,1,10,0.1,0,5,0.0,3,4,0.75,1,2,3,4,2,0,1,2,5,27.0,0022500922,Marcus Smart,marcus smart,,,2026-03-08,2,0.1707455890722823,0.03414911781445646,0.10244735344336937,0.13659647125782584,0.10244735344336937,7.0,5.0,7.0,2.0,2.0,5.0,1.0,4.0,3.0,0,2.0,0,0.0018599999999999999,47.1,25308.97367006986,47.012394,0.06829823562891292,2.0,6.0,0.062288325
0022500922,1610612747,Los Angeles,Lakers,LAL,lakers,1629060,Rui,Hachimura,R. Hachimura,rui-hachimura,F,,,36:45,36.75,5,11,0.455,3,8,0.375,0,0,0.0,2,5,7,2,0,1,1,0,13,5.0,0022500922,Rui Hachimura,rui hachimura,,,2026-03-08,1,0.35374149659863946,0.05442176870748299,0.19047619047619047,0.05442176870748299,0.08163265306122448,3.0,3.0,3.0,5.0,7.0,2.0,5.0,3.0,0.0,0,0.0,0,0.0014299999999999998,5.3,3703.7037037037044,5.292421,0.027210884353741496,5.0,8.0,0.47559384
0022500922,1610612747,Los Angeles,Lakers,LAL,lakers,1629028,Deandre,Ayton,D. Ayton,deandre-ayton,C,,,19:55,19.916666666666668,3,4,0.75,0,0,0.0,0,0,0.0,2,6,8,0,0,2,0,2,6,3.0,0022500922,Deandre Ayton,deandre ayton,,,2026-03-08,2,0.301255230125523,0.100418410041841,0.401673640167364,0.0,0.200836820083682,5.0,3.0,1.0,8.0,7.0,1.0,7.0,6.0,0.0,0,0.0,0,0.00089,9.7,10886.644219977552,9.691367,0.100418410041841,2.0,3.0,0.22711407
0022500922,1610612747,Los Angeles,Lakers,LAL,lakers,1630559,Austin,Reaves,A. Reaves,austin-reaves,G,,,38:49,38.81666666666667,8,16,0.5,3,6,0.5,6,7,0.857,0,4,4,5,3,1,1,2,25,5.0,0022500922,Austin Reaves,austin reaves,,,2026-03-08,4,0.6440532417346501,0.0,0.103048518677544,0.12881064834693,0.103048518677544,2.0,7.0,4.0,1.0,1.0,2.0,5.0,1.0,4.0,0,0.0,0,0.00227,3.7,1629.2382210479966,3.6916010000000004,0.103048518677544,1.0,5.0,0.81473273
0022500922,1610612747,Los Angeles,Lakers,LAL,lakers,1629029,Luka,Dončić,L. Dončić,luka-dončić,G,,,38:24,38.4,11,25,0.44,5,16,0.313,8,10,0.8,0,8,8,4,2,0,6,3,35,14.0,0022500922,Luka Dončić,luka dončić,,,2026-03-08,2,0.9114583333333334,0.0,0.20833333333333334,0.10416666666666667,0.052083333333333336,1.0,7.0,1.0,2.0,2.0,5.0,2.0,2.0,6.0,0,1.0,0,0.00396,17.5,4418.076243372885,17.4307,0.052083333333333336,2.0,9.0,0.7343812
0022500922,1610612747,Los Angeles,Lakers,LAL,lakers,1628379,Luke,Kennard,L. Kennard,luke-kennard,,,,26:51,26.85,4,8,0.5,3,7,0.429,1,1,1.0,0,2,2,1,1,0,2,2,12,0.0,0022500922,Luke Kennard,luke kennard,,,2026-03-08,1,0.44692737430167595,0.0,0.07448789571694599,0.037243947858472994,0.037243947858472994,4.0,7.0,8.0,6.0,4.0,5.0,8.0,5.0,0.0,0,0.0,0,0.00167,5.8,3470.975463794135,5.790314,0.037243947858472994,5.0,10.0,0.48692107
0022500922,1610612747,Los Angeles,Lakers,LAL,lakers,1629637,Jaxson,Hayes,J. Hayes,jaxson-hayes,,,,16:38,16.633333333333333,0,3,0.0,0,0,0.0,5,6,0.833,3,1,4,0,1,0,1,2,5,8.0,0022500922,Jaxson Hayes,jaxson hayes,,,2026-03-08,1,0.30060120240480964,0.18036072144288579,0.2404809619238477,0.0,0.2404809619238477,7.0,1.0,4.0,8.0,4.0,5.0,3.0,7.0,1.0,0,0.0,0,0.0017100000000000001,23.5,13734.658094681472,23.459815,0.06012024048096193,5.0,1.0,0.049261358
0022500922,1610612747,Los Angeles,Lakers,LAL,lakers,1631222,Jake,LaRavia,J. LaRavia,jake-laravia,,,,12:54,12.9,2,2,1.0,0,0,0.0,2,2,1.0,3,1,4,3,0,0,1,3,6,8.0,0022500922,Jake LaRavia,jake laravia,,,2026-03-08,0,0.46511627906976744,0.23255813953488372,0.31007751937984496,0.23255813953488372,0.23255813953488372,5.0,1.0,4.0,4.0,7.0,5.0,3.0,8.0,0.0,0,0.0,0,0.00133,36.9,27723.51615326822,36.850922999999995,0.0,10.0,2.0,0.19126399
0022500922,1610612747,Los Angeles,Lakers,LAL,lakers,1628467,Maxi,Kleber,M. Kleber,maxi-kleber,,,,9:59,9.983333333333333,0,0,0.0,0,0,0.0,0,0,0.0,0,0,0,0,1,0,0,2,0,-1.0,0022500922,Maxi Kleber,maxi kleber,,,2026-03-08,1,0.0,0.0,0.0,0.0,0.1001669449081803,10.0,7.0,10.0,8.0,4.0,5.0,9.0,10.0,1.0,0,0.0,0,0.0,-12.1,-12100000.0,-12.1,0.1001669449081803,5.0,7.0,0.0064906613
0022500922,1610612747,Los Angeles,Lakers,LAL,lakers,1629020,Jarred,Vanderbilt,J. Vanderbilt,jarred-vanderbilt,,,,10:28,10.466666666666667,1,2,0.5,1,2,0.5,0,0,0.0,1,1,2,1,0,1,0,2,3,-4.0,0022500922,Jarred Vanderbilt,jarred vanderbilt,,,2026-03-08,1,0.28662420382165604,0.09554140127388534,0.19108280254777069,0.09554140127388534,0.19108280254777069,9.0,5.0,8.0,6.0,7.0,2.0,10.0,9.0,1.0,0,0.0,0,0.00091,-19.0,-20856.201975850712,-18.98271,0.09554140127388534,5.0,4.0,0.0122576775
0022500946,1610612747,Los Angeles,Lakers,LAL,lakers,203935,Marcus,Smart,M. Smart,marcus-smart,F,,,31:20,31.333333333333332,3,7,0.429,1,4,0.25,1,1,1.0,1,1,2,1,2,0,0,2,8,14.0,0022500946,Marcus Smart,marcus smart,,,2026-03-10,2,0.25531914893617025,0.03191489361702128,0.06382978723404256,0.03191489361702128,0.09574468085106383,6.0,4.0,6.0,6.0,1.0,3.0,3.0,4.0,2.0,0,2.0,0,0.00099,21.9,22098.890010090818,21.878318999999998,0.06382978723404256,2.0,4.0,0.10111027
0022500946,1610612747,Los Angeles,Lakers,LAL,lakers,1629060,Rui,Hachimura,R. Hachimura,rui-hachimura,F,,,24:29,24.483333333333334,4,8,0.5,1,4,0.25,0,0,0.0,0,1,1,1,0,0,0,5,9,3.0,0022500946,Rui Hachimura,rui hachimura,,,2026-03-10,0,0.36759700476514634,0.0,0.04084411164057181,0.04084411164057181,0.0,5.0,6.0,8.0,6.0,5.0,3.0,6.0,7.0,2.0,0,0.0,0,0.00154,8.7,5645.684620376379,8.686601999999999,0.0,6.0,8.0,0.16284694
0022500946,1610612747,Los Angeles,Lakers,LAL,lakers,1629028,Deandre,Ayton,D. Ayton,deandre-ayton,C,,,34:08,34.13333333333333,7,11,0.636,0,0,0.0,0,2,0.0,5,7,12,2,1,0,0,4,14,10.0,0022500946,Deandre Ayton,deandre ayton,,,2026-03-10,1,0.41015625,0.146484375,0.3515625,0.05859375,0.17578125,3.0,1.0,1.0,4.0,4.0,3.0,5.0,3.0,2.0,0,0.0,0,0.00154,18.6,12070.084360804674,18.571356,0.029296875,4.0,2.0,0.8621159
0022500946,1610612747,Los Angeles,Lakers,LAL,lakers,1630559,Austin,Reaves,A. Reaves,austin-reaves,G,,,38:28,38.46666666666667,10,20,0.5,4,10,0.4,7,9,0.778,1,6,7,8,0,0,1,1,31,18.0,0022500946,Austin Reaves,austin reaves,,,2026-03-10,0,0.8058925476603119,0.025996533795493933,0.18197573656845753,0.20797227036395147,0.025996533795493933,1.0,4.0,3.0,2.0,5.0,3.0,2.0,1.0,3.0,0,0.0,0,0.0027,25.8,9552.017771195853,25.730339999999998,0.0,6.0,7.0,0.84966755
0022500946,1610612747,Los Angeles,Lakers,LAL,lakers,1629029,Luka,Dončić,L. Dončić,luka-dončić,G,,,34:56,34.93333333333333,11,24,0.458,4,12,0.333,5,6,0.833,0,11,11,11,2,1,4,0,31,20.0,0022500946,Luka Dončić,luka dončić,,,2026-03-10,3,0.8874045801526719,0.0,0.31488549618320616,0.31488549618320616,0.08587786259541985,1.0,6.0,2.0,1.0,1.0,1.0,1.0,2.0,5.0,0,0.0,0,0.0037,26.9,7268.305863280194,26.800469999999997,0.08587786259541985,1.0,5.0,0.7767057
0022500946,1610612747,Los Angeles,Lakers,LAL,lakers,1628379,Luke,Kennard,L. Kennard,luke-kennard,,,,26:22,26.366666666666667,5,8,0.625,0,2,0.0,0,0,0.0,0,2,2,2,0,1,0,4,10,2.0,0022500946,Luke Kennard,luke kennard,,,2026-03-10,1,0.37926675094816686,0.0,0.07585335018963338,0.07585335018963338,0.03792667509481669,4.0,6.0,6.0,4.0,5.0,1.0,7.0,5.0,0.0,0,0.0,0,0.00121,1.3,1073.492981007432,1.298427,0.03792667509481669,4.0,6.0,0.31731158
0022500946,1610612747,Los Angeles,Lakers,LAL,lakers,1631222,Jake,LaRavia,J. LaRavia,jake-laravia,,,,24:47,24.783333333333335,1,7,0.143,0,2,0.0,6,8,0.75,5,2,7,4,2,0,0,1,8,13.0,0022500946,Jake LaRavia,jake laravia,,,2026-03-10,2,0.32279757901815737,0.20174848688634833,0.2824478816408877,0.16139878950907868,0.2824478816408877,6.0,1.0,3.0,3.0,1.0,3.0,4.0,6.0,3.0,0,0.0,0,0.00167,20.5,12268.102932375823,20.465765,0.08069939475453934,2.0,1.0,0.58899033
0022500946,1610612747,Los Angeles,Lakers,LAL,lakers,1629020,Jarred,Vanderbilt,J. Vanderbilt,jarred-vanderbilt,,,,14:43,14.716666666666667,2,5,0.4,0,2,0.0,0,0,0.0,2,2,4,1,0,0,0,2,4,-1.0,0022500946,Jarred Vanderbilt,jarred vanderbilt,,,2026-03-10,0,0.2718006795016987,0.13590033975084936,0.2718006795016987,0.06795016987542468,0.13590033975084936,8.0,3.0,5.0,6.0,5.0,3.0,8.0,8.0,2.0,0,0.0,0,0.00125,-7.4,-5915.267785771383,-7.390750000000001,0.0,6.0,3.0,0.03714632
0022500946,1610612747,Los Angeles,Lakers,LAL,lakers,1631166,Drew,Timme,D. Timme,drew-timme,,,,2:56,2.9333333333333336,1,1,1.0,1,1,1.0,0,0,0.0,0,0,0,0,0,0,0,1,3,-1.0,0022500946,Drew Timme,drew timme,,,2026-03-10,0,1.0227272727272727,0.0,0.0,0.0,0.0,9.0,6.0,10.0,10.0,5.0,3.0,8.0,9.0,0.0,0,0.0,0,0.0014299999999999998,-14.3,-9993.011879804335,-14.279551,0.0,6.0,8.0,0.018239953
0022500946,1610612747,Los Angeles,Lakers,LAL,lakers,1642876,Adou,Thiero,A. Thiero,adou-thiero,,,,1:58,1.9666666666666668,0,0,0.0,0,0,0.0,0,0,0.0,0,1,1,0,0,0,1,0,0,-2.0,0022500946,Adou Thiero,adou thiero,,,2026-03-10,0,0.0,0.0,0.5084745762711864,0.0,0.0,11.0,6.0,8.0,10.0,5.0,3.0,10.0,10.0,1.0,0,0.0,0,0.002,-40.0,-19990.004997501248,-39.92,0.0,6.0,8.0,0.0044631376
0022500946,1610612747,Los Angeles,Lakers,LAL,lakers,1642261,Dalton,Knecht,D. Knecht,dalton-knecht,,,,1:58,1.9666666666666668,0,0,0.0,0,0,0.0,0,0,0.0,0,0,0,0,0,0,0,0,0,-2.0,0022500946,Dalton Knecht,dalton knecht,,,2026-03-10,0,0.0,0.0,0.0,0.0,0.0,11.0,6.0,10.0,10.0,5.0,3.0,10.0,10.0,0.0,0,0.0,0,0.0,-40.0,-40000000.0,-40.0,0.0,6.0,8.0,0.0039942414
0022500946,1610612747,Los Angeles,Lakers,LAL,lakers,1642355,Bronny,James,B. James,bronny-james,,,,1:58,1.9666666666666668,0,0,0.0,0,0,0.0,0,0,0.0,0,0,0,1,0,0,0,0,0,-2.0,0022500946,Bronny James,bronny james,,,2026-03-10,0,0.0,0.0,0.0,0.5084745762711864,0.0,11.0,6.0,10.0,6.0,5.0,3.0,10.0,10.0,1.0,0,0.0,0,0.0,-40.0,-40000000.0,-40.0,0.0,6.0,8.0,0.0030141813
0022500946,1610612747,Los Angeles,Lakers,LAL,lakers,1641723,Kobe,Bufkin,K. Bufkin,kobe-bufkin,,,,1:58,1.9666666666666668,1,2,0.5,0,1,0.0,0,0,0.0,0,0,0,0,0,0,0,0,2,-2.0,0022500946,Kobe Bufkin,kobe bufkin,,,2026-03-10,0,1.0169491525423728,0.0,0.0,0.0,0.0,10.0,6.0,10.0,10.0,5.0,3.0,10.0,10.0,,1,,1,0.004,-40.0,-9997.50062484379,-39.84,0.0,6.0,8.0,0.012930662
0022500960,1610612747,Los Angeles,Lakers,LAL,lakers,2544,LeBron,James,L. James,lebron-james,F,,,33:14,33.233333333333334,7,13,0.538,0,2,0.0,4,6,0.667,2,5,7,7,2,1,4,1,18,12.0,0022500960,LeBron James,lebron james,,,2026-03-12,3,0.5416248746238715,0.06018054162487462,0.21063189568706117,0.21063189568706117,0.15045135406218654,4.0,2.0,3.0,2.0,2.0,1.0,5.0,5.0,3.0,0,0.0,0,0.00218,13.3,6098.120128381476,13.271006000000002,0.09027081243731193,2.0,4.0,0.74269396
0022500960,1610612747,Los Angeles,Lakers,LAL,lakers,1629060,Rui,Hachimura,R. Hachimura,rui-hachimura,F,,,40:13,40.21666666666667,6,10,0.6,3,5,0.6,0,0,0.0,1,0,1,1,1,0,0,1,15,16.0,0022500960,Rui Hachimura,rui hachimura,,,2026-03-12,1,0.37297969332780767,0.02486531288852051,0.02486531288852051,0.02486531288852051,0.04973062577704102,5.0,4.0,8.0,6.0,4.0,5.0,2.0,1.0,3.0,0,0.0,0,0.0009299999999999999,16.6,17830.29001074114,16.584562000000002,0.02486531288852051,4.0,9.0,0.60199696
0022500960,1610612747,Los Angeles,Lakers,LAL,lakers,1629028,Deandre,Ayton,D. Ayton,deandre-ayton,C,,,37:08,37.13333333333333,10,13,0.769,0,0,0.0,3,6,0.5,6,4,10,1,0,0,0,2,23,9.0,0022500960,Deandre Ayton,deandre ayton,,,2026-03-12,0,0.6193895870736086,0.1615798922800718,0.26929982046678635,0.026929982046678635,0.1615798922800718,3.0,1.0,1.0,6.0,6.0,5.0,6.0,3.0,1.0,0,0.0,0,0.00168,11.1,6603.21237358715,11.081351999999999,0.0,7.0,2.0,0.8676472
0022500960,1610612747,Los Angeles,Lakers,LAL,lakers,1630559,Austin,Reaves,A. Reaves,austin-reaves,G,,,38:33,38.55,13,20,0.65,4,7,0.571,0,0,0.0,1,4,5,7,1,0,3,2,30,18.0,0022500960,Austin Reaves,austin reaves,,,2026-03-12,1,0.7782101167315175,0.02594033722438392,0.1297016861219196,0.18158236057068744,0.05188067444876784,2.0,4.0,4.0,2.0,4.0,5.0,1.0,2.0,6.0,0,0.0,0,0.0025,22.2,8876.449420231906,22.1445,0.02594033722438392,4.0,8.0,0.8391403
0022500960,1610612747,Los Angeles,Lakers,LAL,lakers,1629029,Luka,Dončić,L. Dončić,luka-dončić,G,,,36:43,36.71666666666667,17,31,0.548,9,14,0.643,8,9,0.889,0,10,10,9,3,1,1,3,51,15.0,0022500960,Luka Dončić,luka dončić,,,2026-03-12,4,1.389014979573309,0.0,0.27235587834770764,0.24512029051293688,0.10894235133908306,1.0,8.0,1.0,1.0,1.0,1.0,3.0,4.0,3.0,0,0.0,0,0.00379,18.5,4879.978897388552,18.429885000000002,0.10894235133908306,1.0,6.0,0.9284195
0022500960,1610612747,Los Angeles,Lakers,LAL,lakers,1631222,Jake,LaRavia,J. LaRavia,jake-laravia,,,,21:07,21.116666666666667,0,3,0.0,0,2,0.0,0,0,0.0,2,1,3,3,0,1,1,2,0,13.0,0022500960,Jake LaRavia,jake laravia,,,2026-03-12,1,0.0,0.0947119179163378,0.1420678768745067,0.1420678768745067,0.1420678768745067,8.0,2.0,5.0,4.0,6.0,1.0,4.0,6.0,0.0,0,0.0,0,0.00075,25.5,33954.72703062583,25.480874999999997,0.0473559589581689,4.0,5.0,0.04114805
0022500960,1610612747,Los Angeles,Lakers,LAL,lakers,1628379,Luke,Kennard,L. Kennard,luke-kennard,,,,19:38,19.633333333333333,1,7,0.143,1,5,0.2,0,0,0.0,0,1,1,2,2,1,0,2,3,-13.0,0022500960,Luke Kennard,luke kennard,,,2026-03-12,3,0.15280135823429541,0.0,0.050933786078098474,0.10186757215619695,0.15280135823429541,6.0,8.0,8.0,5.0,2.0,1.0,9.0,7.0,2.0,0,0.0,0,0.00127,-35.9,-28245.476003147127,-35.854407,0.15280135823429541,2.0,3.0,0.010135017
0022500960,1610612747,Los Angeles,Lakers,LAL,lakers,1631166,Drew,Timme,D. Timme,drew-timme,,,,3:48,3.8,1,2,0.5,0,1,0.0,0,0,0.0,1,1,2,0,0,0,0,1,2,-7.0,0022500960,Drew Timme,drew timme,,,2026-03-12,0,0.5263157894736842,0.2631578947368421,0.5263157894736842,0.0,0.2631578947368421,7.0,4.0,6.0,9.0,6.0,5.0,8.0,9.0,,1,,1,0.00167,-83.3,-49850.388988629566,-83.160889,0.0,7.0,1.0,0.01618502
0022500960,1610612747,Los Angeles,Lakers,LAL,lakers,1629020,Jarred,Vanderbilt,J. Vanderbilt,jarred-vanderbilt,,,,9:36,9.6,0,0,0.0,0,0,0.0,0,0,0.0,1,1,2,1,0,0,0,1,0,-3.0,0022500960,Jarred Vanderbilt,jarred vanderbilt,,,2026-03-12,0,0.0,0.10416666666666667,0.20833333333333334,0.10416666666666667,0.10416666666666667,8.0,4.0,6.0,6.0,6.0,5.0,7.0,8.0,0.0,0,0.0,0,0.0,-23.4,-23400000.0,-23.4,0.0,7.0,7.0,0.007971782
0022500974,1610612747,Los Angeles,Lakers,LAL,lakers,2544,LeBron,James,L. James,lebron-james,F,,,40:13,40.21666666666667,7,13,0.538,1,3,0.333,2,3,0.667,0,6,6,5,2,0,5,2,17,6.0,0022500974,LeBron James,lebron james,,,2026-03-14,2,0.42271031910484874,0.0,0.14919187733112307,0.12432656444260257,0.04973062577704102,4.0,5.0,4.0,3.0,2.0,5.0,3.0,3.0,2.0,0,0.0,0,0.00198,8.4,4240.282685512368,8.383368,0.04973062577704102,3.0,5.0,0.51817596
0022500974,1610612747,Los Angeles,Lakers,LAL,lakers,203935,Marcus,Smart,M. Smart,marcus-smart,F,,,35:18,35.3,8,15,0.533,5,12,0.417,0,0,0.0,1,2,3,2,5,1,0,2,21,16.0,0022500974,Marcus Smart,marcus smart,,,2026-03-14,6,0.594900849858357,0.028328611898017,0.08498583569405099,0.056657223796034,0.19830028328611898,3.0,2.0,7.0,4.0,1.0,2.0,1.0,4.0,5.0,0,1.0,0,0.00179,21.6,12060.30150753769,21.561336,0.16997167138810199,1.0,1.0,0.9431394
0022500974,1610612747,Los Angeles,Lakers,LAL,lakers,1629028,Deandre,Ayton,D. Ayton,deandre-ayton,C,,,27:04,27.066666666666666,4,6,0.667,0,0,0.0,1,4,0.25,4,5,9,2,0,1,2,3,9,1.0,0022500974,Deandre Ayton,deandre ayton,,,2026-03-14,1,0.33251231527093594,0.1477832512315271,0.33251231527093594,0.07389162561576355,0.18472906403940886,5.0,1.0,2.0,4.0,6.0,2.0,5.0,5.0,0.0,0,0.0,0,0.00156,7.4,4740.5509288917365,7.388456000000001,0.03694581280788178,5.0,2.0,0.5238684
0022500974,1610612747,Los Angeles,Lakers,LAL,lakers,1630559,Austin,Reaves,A. Reaves,austin-reaves,G,,,45:31,45.516666666666666,12,21,0.571,3,8,0.375,5,6,0.833,1,6,7,6,1,1,3,3,32,7.0,0022500974,Austin Reaves,austin reaves,,,2026-03-14,2,0.7030391797876236,0.02196997436836324,0.15378982057854265,0.13181984621017942,0.06590992310508971,1.0,2.0,3.0,2.0,3.0,2.0,2.0,1.0,3.0,0,0.0,0,0.00255,9.9,3880.8310466483726,9.874755,0.04393994873672648,3.0,4.0,0.84627414
0022500974,1610612747,Los Angeles,Lakers,LAL,lakers,1629029,Luka,Dončić,L. Dončić,luka-dončić,G,,,43:01,43.016666666666666,10,26,0.385,4,14,0.286,6,9,0.667,0,11,11,13,1,3,6,3,30,-4.0,0022500974,Luka Dončić,luka dončić,,,2026-03-14,4,0.6974041069352964,0.0,0.2557148392096087,0.3022084463386284,0.09298721425803952,2.0,5.0,1.0,1.0,3.0,1.0,7.0,2.0,3.0,0,0.0,0,0.0034300000000000003,-1.8,-524.6283882250073,-1.793826,0.09298721425803952,2.0,3.0,0.84713256
0022500974,1610612747,Los Angeles,Lakers,LAL,lakers,1629060,Rui,Hachimura,R. Hachimura,rui-hachimura,,,,25:24,25.4,3,6,0.5,0,3,0.0,0,0,0.0,1,3,4,0,0,0,0,2,6,-8.0,0022500974,Rui Hachimura,rui hachimura,,,2026-03-14,0,0.2362204724409449,0.03937007874015748,0.15748031496062992,0.0,0.03937007874015748,6.0,2.0,5.0,8.0,6.0,5.0,8.0,6.0,0.0,0,0.0,0,0.00095,-18.6,-19558.359621451105,-18.582330000000002,0.0,7.0,7.0,0.044690404
0022500974,1610612747,Los Angeles,Lakers,LAL,lakers,1628379,Luke,Kennard,L. Kennard,luke-kennard,,,,16:00,16.0,1,2,0.5,1,2,0.5,0,0,0.0,0,1,1,2,0,0,0,0,3,-9.0,0022500974,Luke Kennard,luke kennard,,,2026-03-14,0,0.1875,0.0,0.0625,0.125,0.0,9.0,5.0,8.0,4.0,6.0,5.0,9.0,8.0,1.0,0,0.0,0,0.0005099999999999999,-26.5,-51859.09980430529,-26.486485,0.0,7.0,8.0,0.01489308
0022500974,1610612747,Los Angeles,Lakers,LAL,lakers,1629637,Jaxson,Hayes,J. Hayes,jaxson-hayes,,,,20:50,20.833333333333332,1,2,0.5,0,0,0.0,3,4,0.75,0,4,4,0,1,0,0,4,5,-2.0,0022500974,Jaxson Hayes,jaxson hayes,,,2026-03-14,1,0.24000000000000002,0.0,0.192,0.0,0.048,7.0,5.0,5.0,8.0,3.0,5.0,6.0,7.0,2.0,0,0.0,0,0.0008500000000000001,0.6,705.0528789659223,0.59949,0.048,5.0,6.0,0.024438785
0022500974,1610612747,Los Angeles,Lakers,LAL,lakers,1631222,Jake,LaRavia,J. LaRavia,jake-laravia,,,,11:39,11.65,2,2,1.0,0,0,0.0,0,0,0.0,0,1,1,1,0,0,0,1,4,3.0,0022500974,Jake LaRavia,jake laravia,,,2026-03-14,0,0.34334763948497854,0.0,0.08583690987124463,0.08583690987124463,0.0,8.0,5.0,8.0,7.0,6.0,5.0,4.0,9.0,1.0,0,0.0,0,0.0008,17.8,22222.222222222223,17.78576,0.0,7.0,8.0,0.019888865
0022500989,1610612747,Los Angeles,Lakers,LAL,lakers,2544,LeBron,James,L. James,lebron-james,F,,,33:22,33.36666666666667,7,13,0.538,1,3,0.333,3,4,0.75,1,4,5,5,2,0,1,4,18,13.0,0022500989,LeBron James,lebron james,,,2026-03-16,2,0.5394605394605394,0.02997002997002997,0.14985014985014986,0.14985014985014986,0.0899100899100899,2.0,3.0,3.0,1.0,3.0,3.0,1.0,4.0,1.0,0,0.0,0,0.00219,16.8,7667.731629392971,16.763208,0.05994005994005994,3.0,4.0,0.8749036
0022500989,1610612747,Los Angeles,Lakers,LAL,lakers,203935,Marcus,Smart,M. Smart,marcus-smart,F,,,35:58,35.96666666666667,4,9,0.444,3,7,0.429,0,0,0.0,0,0,0,1,0,0,0,5,11,6.0,0022500989,Marcus Smart,marcus smart,,,2026-03-16,0,0.3058387395736793,0.0,0.0,0.027803521779425393,0.0,4.0,6.0,7.0,5.0,8.0,3.0,4.0,3.0,2.0,0,1.0,0,0.00106,4.2,3958.529688972668,4.1955480000000005,0.0,8.0,8.0,0.25181487
0022500989,1610612747,Los Angeles,Lakers,LAL,lakers,1629028,Deandre,Ayton,D. Ayton,deandre-ayton,C,,,27:10,27.166666666666668,3,6,0.5,0,0,0.0,1,2,0.5,6,5,11,0,1,1,1,1,7,11.0,0022500989,Deandre Ayton,deandre ayton,,,2026-03-16,2,0.25766871165644173,0.22085889570552147,0.4049079754601227,0.0,0.29447852760736193,5.0,1.0,1.0,6.0,5.0,1.0,2.0,5.0,1.0,0,0.0,0,0.00127,18.6,14634.146341463416,18.576378000000002,0.07361963190184048,3.0,2.0,0.8031199
0022500989,1610612747,Los Angeles,Lakers,LAL,lakers,1630559,Austin,Reaves,A. Reaves,austin-reaves,G,,,40:10,40.166666666666664,5,18,0.278,0,8,0.0,5,5,1.0,1,2,3,5,4,1,1,1,15,11.0,0022500989,Austin Reaves,austin reaves,,,2026-03-16,5,0.37344398340248963,0.024896265560165977,0.07468879668049792,0.12448132780082988,0.14937759336099585,3.0,3.0,5.0,1.0,1.0,1.0,2.0,1.0,5.0,0,0.0,0,0.0022,11.7,5315.765561108586,11.67426,0.12448132780082988,1.0,3.0,0.45694196
0022500989,1610612747,Los Angeles,Lakers,LAL,lakers,1629029,Luka,Dončić,L. Dončić,luka-dončić,G,,,39:34,39.56666666666667,14,27,0.519,4,12,0.333,4,5,0.8,0,6,6,4,2,0,4,1,36,6.0,0022500989,Luka Dončić,luka dončić,,,2026-03-16,2,0.9098567818028643,0.0,0.15164279696714406,0.10109519797809603,0.050547598989048016,1.0,6.0,2.0,3.0,3.0,3.0,4.0,2.0,3.0,0,0.0,0,0.0037099999999999998,5.0,1347.3457289140395,4.98145,0.050547598989048016,3.0,7.0,0.87598926
0022500989,1610612747,Los Angeles,Lakers,LAL,lakers,1629060,Rui,Hachimura,R. Hachimura,rui-hachimura,,,,23:00,23.0,3,6,0.5,0,2,0.0,0,0,0.0,1,2,3,0,1,0,1,4,6,-3.0,0022500989,Rui Hachimura,rui hachimura,,,2026-03-16,1,0.2608695652173913,0.043478260869565216,0.13043478260869565,0.0,0.08695652173913043,7.0,3.0,5.0,6.0,5.0,3.0,8.0,6.0,0.0,0,0.0,0,0.0013,-9.4,-7225.21137586472,-9.387780000000001,0.043478260869565216,6.0,5.0,0.067799315
0022500989,1610612747,Los Angeles,Lakers,LAL,lakers,1628379,Luke,Kennard,L. Kennard,luke-kennard,,,,16:58,16.966666666666665,0,2,0.0,0,2,0.0,0,0,0.0,0,0,0,2,0,0,0,0,0,3.0,0022500989,Luke Kennard,luke kennard,,,2026-03-16,0,0.0,0.0,0.0,0.11787819253438116,0.0,8.0,6.0,7.0,4.0,8.0,3.0,6.0,7.0,1.0,0,0.0,0,0.00054,5.5,10166.358595194084,5.4970300000000005,0.0,8.0,8.0,0.007424461
0022500989,1610612747,Los Angeles,Lakers,LAL,lakers,1629637,Jaxson,Hayes,J. Hayes,jaxson-hayes,,,,11:35,11.583333333333334,0,1,0.0,0,0,0.0,0,0,0.0,0,0,0,0,1,0,0,1,0,-6.0,0022500989,Jaxson Hayes,jaxson hayes,,,2026-03-16,1,0.0,0.0,0.0,0.0,0.08633093525179855,8.0,6.0,7.0,6.0,5.0,3.0,9.0,9.0,0.0,0,0.0,0,0.0004,-31.8,-79301.74563591022,-31.787280000000003,0.08633093525179855,6.0,6.0,0.0038130484
0022500989,1610612747,Los Angeles,Lakers,LAL,lakers,1631222,Jake,LaRavia,J. LaRavia,jake-laravia,,,,12:13,12.216666666666667,1,2,0.5,0,0,0.0,5,6,0.833,3,1,4,0,3,0,3,1,7,-1.0,0022500989,Jake LaRavia,jake laravia,,,2026-03-16,3,0.572987721691678,0.24556616643929058,0.3274215552523874,0.0,0.49113233287858116,5.0,2.0,4.0,6.0,2.0,3.0,7.0,8.0,5.0,0,0.0,0,0.0027600000000000003,6.5,2354.219485693589,6.48206,0.24556616643929058,2.0,1.0,0.09224536
0022501007,1610612747,Los Angeles,Lakers,LAL,lakers,2544,LeBron,James,L. James,lebron-james,F,,,34:06,34.1,13,14,0.929,2,2,1.0,2,3,0.667,1,4,5,2,1,1,2,3,30,0.0,0022501007,LeBron James,lebron james,,,2026-03-18,2,0.8797653958944281,0.029325513196480937,0.14662756598240467,0.05865102639296187,0.0879765395894428,2.0,1.0,2.0,4.0,2.0,2.0,9.0,3.0,1.0,0,0.0,0,0.00227,3.6,1585.2047556142668,3.591828,0.05865102639296187,2.0,5.0,0.86355245
0022501007,1610612747,Los Angeles,Lakers,LAL,lakers,203935,Marcus,Smart,M. Smart,marcus-smart,F,,,33:48,33.8,2,7,0.286,1,5,0.2,0,0,0.0,0,3,3,4,2,0,1,2,5,7.0,0022501007,Marcus Smart,marcus smart,,,2026-03-18,2,0.14792899408284024,0.0,0.08875739644970415,0.1183431952662722,0.0591715976331361,6.0,6.0,4.0,3.0,1.0,7.0,2.0,4.0,2.0,0,0.0,0,0.00111,13.5,12151.21512151215,13.485014999999999,0.0591715976331361,2.0,7.0,0.04605997
0022501007,1610612747,Los Angeles,Lakers,LAL,lakers,1629028,Deandre,Ayton,D. Ayton,deandre-ayton,C,,,33:43,33.71666666666667,8,10,0.8,0,0,0.0,0,0,0.0,1,3,4,2,0,3,1,3,16,1.0,0022501007,Deandre Ayton,deandre ayton,,,2026-03-18,3,0.4745427582797825,0.029658922392486405,0.11863568956994562,0.05931784478497281,0.11863568956994562,3.0,1.0,3.0,4.0,6.0,1.0,8.0,5.0,0.0,0,0.0,0,0.00151,-0.3,-198.5440105890139,-0.299547,0.08897676717745921,1.0,2.0,0.7323523
0022501007,1610612747,Los Angeles,Lakers,LAL,lakers,1630559,Austin,Reaves,A. Reaves,austin-reaves,G,,,38:32,38.53333333333333,4,9,0.444,1,3,0.333,5,6,0.833,0,3,3,8,0,1,1,3,14,6.0,0022501007,Austin Reaves,austin reaves,,,2026-03-18,1,0.3633217993079585,0.0,0.07785467128027682,0.20761245674740486,0.025951557093425608,4.0,6.0,4.0,2.0,6.0,2.0,4.0,1.0,1.0,0,0.0,0,0.00151,2.8,1853.0774321641297,2.795772,0.025951557093425608,5.0,9.0,0.58419096
0022501007,1610612747,Los Angeles,Lakers,LAL,lakers,1629029,Luka,Dončić,L. Dončić,luka-dončić,G,,,37:41,37.68333333333333,12,25,0.48,7,17,0.412,9,14,0.643,0,9,9,10,1,0,5,3,40,2.0,0022501007,Luka Dončić,luka dončić,,,2026-03-18,1,1.0614772224679347,0.0,0.2388323750552853,0.2653693056169837,0.026536930561698365,1.0,6.0,1.0,1.0,2.0,7.0,7.0,2.0,2.0,0,0.0,0,0.0045000000000000005,4.3,955.3432570539878,4.28065,0.026536930561698365,5.0,8.0,0.916412
0022501007,1610612747,Los Angeles,Lakers,LAL,lakers,1629060,Rui,Hachimura,R. Hachimura,rui-hachimura,,,,20:35,20.583333333333332,3,4,0.75,2,2,1.0,0,0,0.0,1,2,3,0,0,1,0,1,8,8.0,0022501007,Rui Hachimura,rui hachimura,,,2026-03-18,1,0.38866396761133604,0.048582995951417005,0.14574898785425103,0.0,0.09716599190283401,5.0,1.0,4.0,9.0,6.0,2.0,1.0,6.0,0.0,0,0.0,0,0.00089,18.6,20875.420875420878,18.583446000000002,0.048582995951417005,5.0,4.0,0.3750925
0022501007,1610612747,Los Angeles,Lakers,LAL,lakers,1628379,Luke,Kennard,L. Kennard,luke-kennard,,,,17:43,17.716666666666665,2,3,0.667,1,2,0.5,0,0,0.0,1,0,1,1,1,0,3,2,5,7.0,0022501007,Luke Kennard,luke kennard,,,2026-03-18,1,0.28222013170272814,0.05644402634054563,0.05644402634054563,0.05644402634054563,0.11288805268109126,6.0,1.0,9.0,7.0,2.0,7.0,2.0,7.0,1.0,0,0.0,0,0.00146,21.8,14921.286789869953,21.768172,0.05644402634054563,5.0,3.0,0.06285715
0022501007,1610612747,Los Angeles,Lakers,LAL,lakers,1629637,Jaxson,Hayes,J. Hayes,jaxson-hayes,,,,13:38,13.633333333333333,0,0,0.0,0,0,0.0,1,4,0.25,0,3,3,1,0,1,0,1,1,6.0,0022501007,Jaxson Hayes,jaxson hayes,,,2026-03-18,1,0.07334963325183375,0.0,0.22004889975550124,0.07334963325183375,0.07334963325183375,9.0,6.0,4.0,7.0,6.0,2.0,4.0,8.0,1.0,0,0.0,0,0.00074,34.4,46423.75168690958,34.374544,0.07334963325183375,5.0,6.0,0.017228877
0022501007,1610612747,Los Angeles,Lakers,LAL,lakers,1631222,Jake,LaRavia,J. LaRavia,jake-laravia,,,,10:16,10.266666666666667,2,4,0.5,1,1,1.0,0,0,0.0,1,2,3,2,1,1,0,2,5,3.0,0022501007,Jake LaRavia,jake laravia,,,2026-03-18,2,0.48701298701298695,0.0974025974025974,0.2922077922077922,0.1948051948051948,0.2922077922077922,6.0,1.0,4.0,4.0,2.0,2.0,6.0,9.0,2.0,0,0.0,0,0.0016,14.3,8931.917551530294,14.27712,0.1948051948051948,2.0,1.0,0.08519809
0022501010,1610612747,Los Angeles,Lakers,LAL,lakers,2544,LeBron,James,L. James,lebron-james,F,,,37:52,37.86666666666667,8,12,0.667,0,0,0.0,3,5,0.6,4,11,15,10,0,0,3,2,19,4.0,0022501010,LeBron James,lebron james,,,2026-03-19,0,0.5017605633802816,0.1056338028169014,0.39612676056338025,0.2640845070422535,0.1056338028169014,2.0,1.0,1.0,1.0,4.0,3.0,6.0,2.0,0.0,0,0.0,0,0.00181,3.4,1877.4157923799007,3.393846,0.0,6.0,4.0,0.86766565
0022501010,1610612747,Los Angeles,Lakers,LAL,lakers,203935,Marcus,Smart,M. Smart,marcus-smart,F,,,27:31,27.516666666666666,2,6,0.333,1,4,0.25,8,9,0.889,0,2,2,4,2,0,2,2,13,15.0,0022501010,Marcus Smart,marcus smart,,,2026-03-19,2,0.47244094488188976,0.0,0.07268322228952151,0.14536644457904302,0.07268322228952151,4.0,8.0,7.0,2.0,2.0,3.0,1.0,5.0,3.0,0,0.0,0,0.0017599999999999998,24.2,13742.191936399775,24.157408,0.07268322228952151,2.0,6.0,0.22747822
0022501010,1610612747,Los Angeles,Lakers,LAL,lakers,1629028,Deandre,Ayton,D. Ayton,deandre-ayton,C,,,29:10,29.166666666666668,3,5,0.6,0,0,0.0,0,0,0.0,1,3,4,0,0,0,1,5,6,13.0,0022501010,Deandre Ayton,deandre ayton,,,2026-03-19,0,0.2057142857142857,0.03428571428571429,0.13714285714285715,0.0,0.03428571428571429,6.0,4.0,6.0,7.0,4.0,3.0,2.0,4.0,0.0,0,0.0,0,0.00083,19.7,23706.377858002405,19.683649,0.0,6.0,8.0,0.11872316
0022501010,1610612747,Los Angeles,Lakers,LAL,lakers,1630559,Austin,Reaves,A. Reaves,austin-reaves,G,,,39:59,39.983333333333334,5,12,0.417,2,7,0.286,6,10,0.6,1,4,5,4,0,0,2,2,18,13.0,0022501010,Austin Reaves,austin reaves,,,2026-03-19,0,0.45018757815756566,0.025010421008753645,0.12505210504376824,0.10004168403501458,0.025010421008753645,3.0,4.0,4.0,2.0,4.0,3.0,2.0,1.0,0.0,0,0.0,0,0.0018599999999999999,13.4,7200.429876410533,13.375076,0.0,6.0,9.0,0.48007107
0022501010,1610612747,Los Angeles,Lakers,LAL,lakers,1629029,Luka,Dončić,L. Dončić,luka-dončić,G,,,37:36,37.6,18,30,0.6,9,17,0.529,15,19,0.789,1,6,7,3,5,0,2,1,60,7.0,0022501010,Luka Dončić,luka dončić,,,2026-03-19,5,1.5957446808510638,0.026595744680851064,0.18617021276595744,0.07978723404255318,0.15957446808510636,1.0,4.0,2.0,4.0,1.0,3.0,4.0,3.0,3.0,0,0.0,0,0.004079999999999999,8.3,2033.8152413624116,8.266136000000001,0.13297872340425532,1.0,3.0,0.95689726
0022501010,1610612747,Los Angeles,Lakers,LAL,lakers,1629060,Rui,Hachimura,R. Hachimura,rui-hachimura,,,,17:34,17.566666666666666,3,6,0.5,1,2,0.5,0,0,0.0,0,1,1,0,1,0,1,3,7,-5.0,0022501010,Rui Hachimura,rui hachimura,,,2026-03-19,1,0.3984819734345351,0.0,0.05692599620493359,0.0,0.05692599620493359,5.0,8.0,9.0,7.0,3.0,3.0,7.0,8.0,2.0,0,0.0,0,0.00159,-16.8,-10559.396605908234,-16.773288,0.05692599620493359,4.0,7.0,0.08295144
0022501010,1610612747,Los Angeles,Lakers,LAL,lakers,1628379,Luke,Kennard,L. Kennard,luke-kennard,,,,13:22,13.366666666666667,0,1,0.0,0,1,0.0,0,0,0.0,1,1,2,0,0,0,0,0,0,-5.0,0022501010,Luke Kennard,luke kennard,,,2026-03-19,0,0.0,0.07481296758104738,0.14962593516209477,0.0,0.07481296758104738,9.0,4.0,7.0,7.0,4.0,3.0,7.0,9.0,0.0,0,0.0,0,0.00029,-20.9,-71821.30584192439,-20.893939,0.0,6.0,5.0,0.010505922
0022501010,1610612747,Los Angeles,Lakers,LAL,lakers,1629637,Jaxson,Hayes,J. Hayes,jaxson-hayes,,,,18:48,18.8,2,6,0.333,0,0,0.0,2,2,1.0,3,2,5,1,0,2,0,0,6,-7.0,0022501010,Jaxson Hayes,jaxson hayes,,,2026-03-19,2,0.3191489361702127,0.15957446808510636,0.26595744680851063,0.05319148936170213,0.26595744680851063,6.0,2.0,4.0,5.0,4.0,1.0,9.0,6.0,0.0,0,0.0,0,0.0015199999999999999,-15.2,-9993.425378040763,-15.176896,0.10638297872340426,2.0,1.0,0.1452587
0022501010,1610612747,Los Angeles,Lakers,LAL,lakers,1631222,Jake,LaRavia,J. LaRavia,jake-laravia,,,,18:08,18.133333333333333,2,3,0.667,1,1,1.0,0,0,0.0,2,4,6,1,0,1,0,5,5,5.0,0022501010,Jake LaRavia,jake laravia,,,2026-03-19,1,0.2757352941176471,0.11029411764705882,0.33088235294117646,0.05514705882352941,0.16544117647058823,8.0,3.0,3.0,5.0,4.0,2.0,5.0,7.0,0.0,0,0.0,0,0.00075,13.5,17976.031957390147,13.489875,0.05514705882352941,4.0,2.0,0.1514809
0022501024,1610612747,Los Angeles,Lakers,LAL,lakers,2544,LeBron,James,L. James,lebron-james,F,,,34:23,34.38333333333333,5,13,0.385,0,2,0.0,2,2,1.0,0,6,6,4,3,0,1,1,12,4.0,0022501024,LeBron James,lebron james,,,2026-03-21,3,0.34900630150266604,0.0,0.17450315075133302,0.11633543383422201,0.08725157537566651,4.0,8.0,4.0,3.0,2.0,5.0,3.0,3.0,5.0,0,0.0,0,0.00183,10.5,5734.571272528673,10.480785000000001,0.08725157537566651,2.0,6.0,0.42624387
0022501024,1610612747,Los Angeles,Lakers,LAL,lakers,203935,Marcus,Smart,M. Smart,marcus-smart,F,,,30:50,30.833333333333332,0,3,0.0,0,2,0.0,2,2,1.0,1,0,1,1,1,0,1,3,2,1.0,0022501024,Marcus Smart,marcus smart,,,2026-03-21,1,0.06486486486486487,0.032432432432432434,0.032432432432432434,0.032432432432432434,0.06486486486486487,7.0,4.0,7.0,4.0,4.0,5.0,5.0,4.0,2.0,0,0.0,0,0.00066,3.3,4992.435703479576,3.297822,0.032432432432432434,5.0,8.0,0.023306735
0022501024,1610612747,Los Angeles,Lakers,LAL,lakers,1629028,Deandre,Ayton,D. Ayton,deandre-ayton,C,,,28:51,28.85,3,4,0.75,0,0,0.0,3,6,0.5,6,6,12,1,0,0,2,1,9,2.0,0022501024,Deandre Ayton,deandre ayton,,,2026-03-21,0,0.3119584055459272,0.20797227036395147,0.41594454072790293,0.03466204506065858,0.20797227036395147,5.0,1.0,1.0,4.0,6.0,5.0,4.0,5.0,0.0,0,0.0,0,0.0013,1.6,1229.8232129131438,1.5979200000000002,0.0,8.0,2.0,0.46093866
0022501024,1610612747,Los Angeles,Lakers,LAL,lakers,1630559,Austin,Reaves,A. Reaves,austin-reaves,G,,,40:04,40.06666666666667,10,20,0.5,2,8,0.25,4,4,1.0,2,5,7,5,2,1,3,4,26,8.0,0022501024,Austin Reaves,austin reaves,,,2026-03-21,3,0.64891846921797,0.04991680532445923,0.1747088186356073,0.12479201331114807,0.12479201331114807,2.0,2.0,2.0,2.0,3.0,2.0,2.0,1.0,3.0,0,0.0,0,0.0026,13.8,5305.65167243368,13.76412,0.07487520798668884,2.0,5.0,0.78963137
0022501024,1610612747,Los Angeles,Lakers,LAL,lakers,1629029,Luka,Dončić,L. Dončić,luka-dončić,G,,,38:11,38.18333333333333,12,30,0.4,3,13,0.231,6,9,0.667,1,4,5,8,4,1,4,2,33,10.0,0022501024,Luka Dončić,luka dončić,,,2026-03-21,5,0.8642514185945003,0.02618943692710607,0.13094718463553034,0.20951549541684855,0.1571366215626364,1.0,4.0,5.0,1.0,1.0,2.0,1.0,2.0,5.0,0,0.0,0,0.00409,13.0,3177.7071620630654,12.94683,0.13094718463553034,1.0,3.0,0.7355622
0022501024,1610612747,Los Angeles,Lakers,LAL,lakers,1629060,Rui,Hachimura,R. Hachimura,rui-hachimura,,,,15:14,15.233333333333333,1,2,0.5,0,0,0.0,0,0,0.0,0,1,1,0,0,1,0,1,2,-3.0,0022501024,Rui Hachimura,rui hachimura,,,2026-03-21,1,0.1312910284463895,0.0,0.06564551422319476,0.0,0.06564551422319476,7.0,8.0,7.0,6.0,6.0,2.0,7.0,8.0,1.0,0,0.0,0,0.00063,-10.0,-15847.860538827257,-9.9937,0.06564551422319476,5.0,7.0,0.020696074
0022501024,1610612747,Los Angeles,Lakers,LAL,lakers,1629637,Jaxson,Hayes,J. Hayes,jaxson-hayes,,,,18:39,18.65,3,3,1.0,0,0,0.0,2,6,0.333,2,5,7,0,0,3,0,2,8,-2.0,0022501024,Jaxson Hayes,jaxson hayes,,,2026-03-21,3,0.4289544235924933,0.10723860589812333,0.37533512064343166,0.0,0.2680965147453083,6.0,2.0,2.0,6.0,6.0,1.0,6.0,7.0,1.0,0,0.0,0,0.0014000000000000002,-5.4,-3854.389721627409,-5.392440000000001,0.160857908847185,2.0,1.0,0.3502765
0022501024,1610612747,Los Angeles,Lakers,LAL,lakers,1628379,Luke,Kennard,L. Kennard,luke-kennard,,,,20:02,20.033333333333335,5,7,0.714,3,4,0.75,0,0,0.0,1,2,3,0,0,0,1,2,13,-6.0,0022501024,Luke Kennard,luke kennard,,,2026-03-21,0,0.64891846921797,0.04991680532445923,0.14975041597337768,0.0,0.04991680532445923,3.0,4.0,6.0,6.0,6.0,5.0,8.0,6.0,1.0,0,0.0,0,0.0017000000000000001,-14.6,-8583.186360964139,-14.57518,0.0,8.0,9.0,0.79841757
0022501024,1610612747,Los Angeles,Lakers,LAL,lakers,1631222,Jake,LaRavia,J. LaRavia,jake-laravia,,,,13:47,13.783333333333333,0,5,0.0,0,3,0.0,0,0,0.0,1,0,1,0,1,0,0,4,0,-9.0,0022501024,Jake LaRavia,jake laravia,,,2026-03-21,1,0.0,0.07255139056831923,0.07255139056831923,0.0,0.14510278113663846,9.0,4.0,7.0,6.0,4.0,5.0,9.0,9.0,2.0,0,0.0,0,0.00156,-29.9,-19154.388212684178,-29.853355999999998,0.07255139056831923,5.0,4.0,0.0048159943
0022501038,1610612747,Los Angeles,Lakers,LAL,lakers,1631222,Jake,LaRavia,J. LaRavia,jake-laravia,F,,,28:56,28.933333333333334,3,4,0.75,1,2,0.5,0,0,0.0,0,1,1,1,0,0,0,4,7,-5.0,0022501038,Jake LaRavia,jake laravia,,,2026-03-23,0,0.24193548387096775,0.0,0.03456221198156682,0.03456221198156682,0.0,6.0,6.0,8.0,6.0,4.0,4.0,7.0,4.0,0.0,0,0.0,0,0.0005899999999999999,-4.5,-7614.213197969544,-4.497345,0.0,6.0,7.0,0.055641282
0022501038,1610612747,Los Angeles,Lakers,LAL,lakers,2544,LeBron,James,L. James,lebron-james,F,,,38:44,38.733333333333334,4,10,0.4,1,2,0.5,3,3,1.0,1,8,9,10,0,1,4,2,12,-8.0,0022501038,LeBron James,lebron james,,,2026-03-23,1,0.3098106712564544,0.025817555938037865,0.23235800344234078,0.25817555938037867,0.05163511187607573,4.0,3.0,2.0,1.0,4.0,2.0,10.0,3.0,3.0,0,0.0,0,0.0017599999999999998,-13.7,-7779.670641680864,-13.675887999999999,0.025817555938037865,3.0,5.0,0.50994426
0022501038,1610612747,Los Angeles,Lakers,LAL,lakers,1629028,Deandre,Ayton,D. Ayton,deandre-ayton,C,,,26:57,26.95,5,6,0.833,0,0,0.0,3,4,0.75,4,6,10,0,1,0,1,2,13,-6.0,0022501038,Deandre Ayton,deandre ayton,,,2026-03-23,1,0.48237476808905383,0.14842300556586271,0.3710575139146568,0.0,0.1855287569573284,3.0,1.0,1.0,8.0,3.0,4.0,9.0,6.0,1.0,0,0.0,0,0.00161,-7.2,-4469.27374301676,-7.188408,0.03710575139146568,3.0,2.0,0.6484104
0022501038,1610612747,Los Angeles,Lakers,LAL,lakers,1630559,Austin,Reaves,A. Reaves,austin-reaves,G,,,39:33,39.55,7,15,0.467,2,6,0.333,8,9,0.889,0,2,2,5,0,1,3,2,24,-5.0,0022501038,Austin Reaves,austin reaves,,,2026-03-23,1,0.606826801517067,0.0,0.050568900126422255,0.12642225031605564,0.025284450063211127,2.0,6.0,7.0,3.0,4.0,2.0,7.0,1.0,1.0,0,0.0,0,0.00253,-7.8,-3081.785855393125,-7.780265999999999,0.025284450063211127,3.0,6.0,0.619749
0022501038,1610612747,Los Angeles,Lakers,LAL,lakers,1629029,Luka,Dončić,L. Dončić,luka-dončić,G,,,38:49,38.81666666666667,11,29,0.379,3,13,0.231,7,8,0.875,1,6,7,6,3,0,3,1,32,7.0,0022501038,Luka Dončić,luka dončić,,,2026-03-23,3,0.824388149420352,0.025762129669386,0.180334907685702,0.154572778016316,0.103048518677544,1.0,3.0,3.0,2.0,1.0,4.0,1.0,2.0,5.0,0,1.0,0,0.00393,7.6,1933.3502925464256,7.570132,0.077286389008158,2.0,3.0,0.8008903
0022501038,1610612747,Los Angeles,Lakers,LAL,lakers,1628379,Luke,Kennard,L. Kennard,luke-kennard,,,,28:10,28.166666666666668,1,5,0.2,1,5,0.2,3,3,1.0,0,3,3,2,0,0,0,0,6,7.0,0022501038,Luke Kennard,luke kennard,,,2026-03-23,0,0.21301775147928992,0.0,0.10650887573964496,0.07100591715976332,0.0,7.0,6.0,5.0,4.0,4.0,4.0,1.0,5.0,0.0,0,0.0,0,0.0008799999999999999,8.1,9194.097616345063,8.092872,0.0,6.0,7.0,0.051419266
0022501038,1610612747,Los Angeles,Lakers,LAL,lakers,1629020,Jarred,Vanderbilt,J. Vanderbilt,jarred-vanderbilt,,,,15:29,15.483333333333333,2,4,0.5,0,1,0.0,0,0,0.0,1,3,4,2,0,0,0,3,4,-2.0,0022501038,Jarred Vanderbilt,jarred vanderbilt,,,2026-03-23,0,0.25834230355220666,0.06458557588805167,0.25834230355220666,0.12917115177610333,0.06458557588805167,8.0,3.0,4.0,4.0,4.0,4.0,5.0,8.0,1.0,0,0.0,0,0.00108,-10.1,-9343.200740055505,-10.089092,0.0,6.0,4.0,0.047645662
0022501038,1610612747,Los Angeles,Lakers,LAL,lakers,1629637,Jaxson,Hayes,J. Hayes,jaxson-hayes,,,,20:49,20.816666666666666,5,5,1.0,0,0,0.0,1,2,0.5,2,1,3,1,2,4,1,3,11,1.0,0022501038,Jaxson Hayes,jaxson hayes,,,2026-03-23,6,0.5284227381905524,0.09607686148919135,0.14411529223378702,0.04803843074459568,0.3843074459567654,5.0,2.0,5.0,6.0,2.0,1.0,3.0,7.0,3.0,0,0.0,0,0.0013700000000000001,-0.5,-364.69730123997084,-0.499315,0.28823058446757405,1.0,1.0,0.84047484
0022501038,1610612747,Los Angeles,Lakers,LAL,lakers,1642876,Adou,Thiero,A. Thiero,adou-thiero,,,,2:24,2.4,0,1,0.0,0,0,0.0,1,2,0.5,0,0,0,0,0,0,0,1,1,-4.0,0022501038,Adou Thiero,adou thiero,,,2026-03-23,0,0.4166666666666667,0.0,0.0,0.0,0.0,9.0,6.0,9.0,8.0,4.0,4.0,6.0,9.0,1.0,0,0.0,0,0.0028599999999999997,-66.7,-23313.526738902485,-66.50923800000001,0.0,6.0,7.0,0.0036453807
0022501038,1610612747,Los Angeles,Lakers,LAL,lakers,1628467,Maxi,Kleber,M. Kleber,maxi-kleber,,,,0:09,0.15,0,0,0.0,0,0,0.0,0,0,0.0,0,0,0,0,0,0,0,0,0,0.0,0022501038,Maxi Kleber,maxi kleber,,,2026-03-23,0,0.0,0.0,0.0,0.0,0.0,10.0,6.0,9.0,8.0,4.0,4.0,4.0,10.0,,1,,1,0.0,0.0,0.0,0.0,0.0,6.0,7.0,0.004802589
0022501052,1610612747,Los Angeles,Lakers,LAL,lakers,1631222,Jake,LaRavia,J. LaRavia,jake-laravia,F,,,28:37,28.616666666666667,3,3,1.0,0,0,0.0,0,0,0.0,1,4,5,1,4,1,3,3,6,-1.0,0022501052,Jake LaRavia,jake laravia,,,2026-03-25,5,0.20966802562609202,0.034944670937682006,0.17472335468841002,0.034944670937682006,0.20966802562609202,6.0,2.0,4.0,5.0,1.0,2.0,7.0,5.0,8.0,0,0.0,0,0.0008,-5.1,-6367.041198501872,-5.09592,0.17472335468841002,1.0,3.0,0.14170694
0022501052,1610612747,Los Angeles,Lakers,LAL,lakers,2544,LeBron,James,L. James,lebron-james,F,,,34:28,34.46666666666667,9,17,0.529,0,1,0.0,5,5,1.0,1,8,9,9,1,0,1,1,23,24.0,0022501052,LeBron James,lebron james,,,2026-03-25,1,0.6673114119922631,0.029013539651837523,0.2611218568665377,0.2611218568665377,0.058027079303675046,3.0,2.0,2.0,1.0,6.0,4.0,1.0,4.0,3.0,0,0.0,0,0.00227,26.8,11800.968736239542,26.739164000000002,0.029013539651837523,6.0,6.0,0.83903
0022501052,1610612747,Los Angeles,Lakers,LAL,lakers,1629637,Jaxson,Hayes,J. Hayes,jaxson-hayes,C,,,36:16,36.266666666666666,9,11,0.818,0,0,0.0,3,6,0.5,2,8,10,1,2,2,0,1,21,2.0,0022501052,Jaxson Hayes,jaxson hayes,,,2026-03-25,4,0.5790441176470589,0.05514705882352941,0.2757352941176471,0.027573529411764705,0.16544117647058823,4.0,1.0,1.0,5.0,2.0,1.0,6.0,3.0,6.0,0,0.0,0,0.00156,-0.6,-384.3689942344651,-0.5990639999999999,0.11029411764705882,2.0,4.0,0.7522541
0022501052,1610612747,Los Angeles,Lakers,LAL,lakers,1630559,Austin,Reaves,A. Reaves,austin-reaves,G,,,37:58,37.96666666666667,7,16,0.438,2,7,0.286,9,9,1.0,0,1,1,8,2,0,2,3,25,14.0,0022501052,Austin Reaves,austin reaves,,,2026-03-25,2,0.6584723441615452,0.0,0.026338893766461806,0.21071115013169445,0.05267778753292361,2.0,7.0,7.0,2.0,2.0,4.0,2.0,1.0,4.0,0,0.0,0,0.00216,15.1,6987.505784359092,15.067383999999999,0.05267778753292361,4.0,8.0,0.74728423
0022501052,1610612747,Los Angeles,Lakers,LAL,lakers,1629029,Luka,Dončić,L. Dončić,luka-dončić,G,,,37:30,37.5,15,30,0.5,4,11,0.364,9,10,0.9,1,5,6,7,1,0,5,5,43,6.0,0022501052,Luka Dončić,luka dončić,,,2026-03-25,1,1.1466666666666667,0.02666666666666667,0.16,0.18666666666666668,0.05333333333333334,1.0,2.0,3.0,3.0,6.0,4.0,3.0,2.0,1.0,0,0.0,0,0.00402,4.0,994.7774185525988,3.98392,0.02666666666666667,6.0,7.0,0.8764567
0022501052,1610612747,Los Angeles,Lakers,LAL,lakers,1628379,Luke,Kennard,L. Kennard,luke-kennard,,,,27:60,28.0,2,4,0.5,2,2,1.0,2,2,1.0,1,1,2,2,0,0,1,3,8,-9.0,0022501052,Luke Kennard,luke kennard,,,2026-03-25,0,0.2857142857142857,0.03571428571428571,0.07142857142857142,0.07142857142857142,0.03571428571428571,5.0,2.0,6.0,4.0,9.0,4.0,8.0,6.0,1.0,0,0.0,0,0.0008500000000000001,-20.2,-23736.780258519386,-20.18283,0.0,9.0,9.0,0.057289116
0022501052,1610612747,Los Angeles,Lakers,LAL,lakers,1629020,Jarred,Vanderbilt,J. Vanderbilt,jarred-vanderbilt,,,,12:27,12.45,2,2,1.0,1,1,1.0,0,0,0.0,0,1,1,0,1,0,0,1,5,-9.0,0022501052,Jarred Vanderbilt,jarred vanderbilt,,,2026-03-25,1,0.40160642570281124,0.0,0.08032128514056225,0.0,0.08032128514056225,7.0,7.0,7.0,9.0,6.0,4.0,8.0,8.0,0.0,0,0.0,0,0.00061,-25.2,-41243.862520458264,-25.184628,0.08032128514056225,6.0,5.0,0.06645485
0022501052,1610612747,Los Angeles,Lakers,LAL,lakers,1628467,Maxi,Kleber,M. Kleber,maxi-kleber,,,,11:23,11.383333333333333,1,2,0.5,0,0,0.0,0,2,0.0,1,3,4,1,2,0,1,2,2,4.0,0022501052,Maxi Kleber,maxi kleber,,,2026-03-25,2,0.17569546120058566,0.08784773060029283,0.3513909224011713,0.08784773060029283,0.2635431918008785,9.0,2.0,5.0,5.0,2.0,4.0,4.0,9.0,2.0,0,0.0,0,0.0012900000000000001,5.9,4570.100697134005,5.8923890000000005,0.17569546120058566,4.0,1.0,0.033396706
0022501052,1610612747,Los Angeles,Lakers,LAL,lakers,1642355,Bronny,James,B. James,bronny-james,,,,13:22,13.366666666666667,2,4,0.5,0,1,0.0,0,0,0.0,0,1,1,1,2,1,0,3,4,4.0,0022501052,Bronny James,bronny james,,,2026-03-25,3,0.29925187032418954,0.0,0.07481296758104738,0.07481296758104738,0.22443890274314213,8.0,7.0,7.0,5.0,2.0,2.0,4.0,7.0,2.0,0,0.0,0,0.00121,5.4,4459.1246903385645,5.393466,0.22443890274314213,3.0,2.0,0.08528152
0022501075,1610612747,Los Angeles,Lakers,LAL,lakers,2544,LeBron,James,L. James,lebron-james,F,,,37:29,37.483333333333334,5,11,0.455,0,1,0.0,4,7,0.571,0,6,6,8,1,0,1,0,14,19.0,0022501075,LeBron James,lebron james,,,2026-03-27,1,0.3734993330369053,0.0,0.16007114273010226,0.21342819030680302,0.026678523788350377,3.0,5.0,5.0,1.0,2.0,4.0,2.0,3.0,1.0,0,0.0,0,0.00188,31.1,16533.7586390218,31.041532,0.026678523788350377,4.0,7.0,0.61983347
0022501075,1610612747,Los Angeles,Lakers,LAL,lakers,1631222,Jake,LaRavia,J. LaRavia,jake-laravia,F,,,17:57,17.95,0,2,0.0,0,2,0.0,0,0,0.0,1,1,2,0,1,0,2,4,0,2.0,0022501075,Jake LaRavia,jake laravia,,,2026-03-27,1,0.0,0.05571030640668524,0.11142061281337048,0.0,0.11142061281337048,9.0,3.0,8.0,6.0,2.0,4.0,8.0,7.0,3.0,0,0.0,0,0.00098,2.6,2650.356778797146,2.597452,0.05571030640668524,4.0,4.0,0.01821162
0022501075,1610612747,Los Angeles,Lakers,LAL,lakers,1629028,Deandre,Ayton,D. Ayton,deandre-ayton,C,,,21:56,21.933333333333334,3,3,1.0,0,0,0.0,3,4,0.75,1,6,7,0,1,3,2,2,9,5.0,0022501075,Deandre Ayton,deandre ayton,,,2026-03-27,4,0.41033434650455924,0.04559270516717325,0.3191489361702128,0.0,0.22796352583586627,5.0,3.0,4.0,6.0,2.0,2.0,7.0,6.0,1.0,0,0.0,0,0.0014000000000000002,15.1,10778.015703069235,15.07886,0.182370820668693,2.0,2.0,0.19430012
0022501075,1610612747,Los Angeles,Lakers,LAL,lakers,1630559,Austin,Reaves,A. Reaves,austin-reaves,G,,,40:04,40.06666666666667,7,13,0.538,4,7,0.571,8,11,0.727,0,8,8,5,1,0,2,2,26,26.0,0022501075,Austin Reaves,austin reaves,,,2026-03-27,1,0.64891846921797,0.0,0.19966722129783693,0.12479201331114807,0.024958402662229616,2.0,5.0,1.0,2.0,2.0,4.0,1.0,1.0,4.0,0,1.0,0,0.0022,33.1,15038.618809631984,33.02718,0.024958402662229616,4.0,8.0,0.6640722
0022501075,1610612747,Los Angeles,Lakers,LAL,lakers,1629029,Luka,Dončić,L. Dončić,luka-dončić,G,,,38:41,38.68333333333333,15,25,0.6,5,10,0.5,6,6,1.0,2,6,8,3,3,1,5,5,41,19.0,0022501075,Luka Dončić,luka dončić,,,2026-03-27,4,1.059887979319259,0.05170185264971995,0.2068074105988798,0.07755277897457993,0.15510555794915987,1.0,1.0,1.0,3.0,1.0,3.0,2.0,2.0,4.0,0,1.0,0,0.00363,24.3,6692.371247590196,24.211791,0.1034037052994399,2.0,3.0,0.81025356
0022501075,1610612747,Los Angeles,Lakers,LAL,lakers,1629060,Rui,Hachimura,R. Hachimura,rui-hachimura,,,,26:04,26.066666666666666,3,6,0.5,0,2,0.0,2,4,0.5,0,3,3,0,1,0,0,0,8,7.0,0022501075,Rui Hachimura,rui hachimura,,,2026-03-27,1,0.3069053708439898,0.0,0.11508951406649616,0.0,0.03836317135549872,6.0,5.0,7.0,6.0,2.0,4.0,5.0,4.0,2.0,0,0.0,0,0.0012900000000000001,8.7,6738.962044926413,8.688777,0.03836317135549872,4.0,6.0,0.07545562
0022501075,1610612747,Los Angeles,Lakers,LAL,lakers,1628379,Luke,Kennard,L. Kennard,luke-kennard,,,,17:18,17.3,2,4,0.5,1,2,0.5,0,0,0.0,0,4,4,1,1,0,0,1,5,-6.0,0022501075,Luke Kennard,luke kennard,,,2026-03-27,1,0.2890173410404624,0.0,0.23121387283236994,0.057803468208092484,0.057803468208092484,7.0,5.0,6.0,4.0,2.0,4.0,10.0,8.0,2.0,0,0.0,0,0.00105,-13.7,-13035.204567078974,-13.685614999999999,0.057803468208092484,4.0,5.0,0.032815453
0022501075,1610612747,Los Angeles,Lakers,LAL,lakers,1629637,Jaxson,Hayes,J. Hayes,jaxson-hayes,,,,26:04,26.066666666666666,2,3,0.667,0,0,0.0,6,10,0.6,2,6,8,1,0,5,1,2,10,12.0,0022501075,Jaxson Hayes,jaxson hayes,,,2026-03-27,5,0.3836317135549872,0.07672634271099744,0.3069053708439898,0.03836317135549872,0.26854219948849106,4.0,1.0,1.0,4.0,8.0,1.0,4.0,4.0,2.0,0,0.0,0,0.00158,25.0,15812.776723592664,24.9605,0.1918158567774936,1.0,1.0,0.33135042
0022501075,1610612747,Los Angeles,Lakers,LAL,lakers,1642355,Bronny,James,B. James,bronny-james,,,,4:26,4.433333333333334,1,2,0.5,1,1,1.0,0,0,0.0,0,0,0,0,0,0,0,0,3,-5.0,0022501075,Bronny James,bronny james,,,2026-03-27,0,0.6766917293233082,0.0,0.0,0.0,0.0,8.0,5.0,10.0,6.0,8.0,4.0,9.0,10.0,2.0,0,0.0,0,0.0025,-62.5,-24990.003998400636,-62.34375,0.0,9.0,9.0,0.007061648
0022501075,1610612747,Los Angeles,Lakers,LAL,lakers,1629020,Jarred,Vanderbilt,J. Vanderbilt,jarred-vanderbilt,,,,10:01,10.016666666666667,0,1,0.0,0,0,0.0,0,0,0.0,0,2,2,0,0,0,0,0,0,6.0,0022501075,Jarred Vanderbilt,jarred vanderbilt,,,2026-03-27,0,0.0,0.0,0.19966722129783693,0.0,0.0,9.0,5.0,8.0,6.0,8.0,4.0,6.0,9.0,0.0,0,0.0,0,0.00048,24.7,51351.351351351346,24.688143999999998,0.0,9.0,9.0,0.008080812
0022501098,1610612747,Los Angeles,Lakers,LAL,lakers,2544,LeBron,James,L. James,lebron-james,F,,,33:02,33.03333333333333,8,16,0.5,1,3,0.333,4,6,0.667,1,9,10,12,0,1,4,0,21,25.0,0022501098,LeBron James,lebron james,,,2026-03-30,1,0.6357214934409687,0.03027245206861756,0.3027245206861756,0.36326942482341074,0.06054490413723512,1.0,4.0,1.0,1.0,6.0,3.0,1.0,1.0,0.0,0,0.0,0,0.0028000000000000004,30.4,10853.266690467688,30.31488,0.03027245206861756,4.0,7.0,0.8418002
0022501098,1610612747,Los Angeles,Lakers,LAL,lakers,1629060,Rui,Hachimura,R. Hachimura,rui-hachimura,F,,,25:36,25.6,6,10,0.6,1,3,0.333,1,2,0.5,0,6,6,0,0,0,0,2,14,9.0,0022501098,Rui Hachimura,rui hachimura,,,2026-03-30,0,0.546875,0.0,0.234375,0.0,0.0,5.0,7.0,5.0,10.0,6.0,5.0,5.0,5.0,,1,,1,0.0019,18.6,9784.32403997896,18.56466,0.0,9.0,9.0,0.6348159
0022501098,1610612747,Los Angeles,Lakers,LAL,lakers,1629028,Deandre,Ayton,D. Ayton,deandre-ayton,C,,,22:26,22.433333333333334,5,5,1.0,0,0,0.0,2,2,1.0,2,5,7,1,0,3,2,0,12,9.0,0022501098,Deandre Ayton,deandre ayton,,,2026-03-30,3,0.5349182763744428,0.08915304606240713,0.31203566121842496,0.04457652303120357,0.22288261515601782,6.0,1.0,3.0,4.0,6.0,1.0,5.0,8.0,0.0,0,0.0,0,0.00154,22.8,14795.587280986374,22.764888000000003,0.1337295690936107,2.0,1.0,0.73994
0022501098,1610612747,Los Angeles,Lakers,LAL,lakers,1631222,Jake,LaRavia,J. LaRavia,jake-laravia,G,,,27:54,27.9,2,3,0.667,0,0,0.0,0,0,0.0,0,3,3,2,3,1,0,3,4,23.0,0022501098,Jake LaRavia,jake laravia,,,2026-03-30,4,0.14336917562724016,0.0,0.10752688172043011,0.07168458781362008,0.14336917562724016,8.0,7.0,6.0,3.0,1.0,3.0,2.0,2.0,7.0,0,0.0,0,0.00046,37.7,81778.74186550976,37.682658,0.14336917562724016,1.0,3.0,0.18520242
0022501098,1610612747,Los Angeles,Lakers,LAL,lakers,1630559,Austin,Reaves,A. Reaves,austin-reaves,G,,,27:13,27.216666666666665,4,11,0.364,0,4,0.0,11,12,0.917,1,2,3,9,1,0,5,0,19,6.0,0022501098,Austin Reaves,austin reaves,,,2026-03-30,1,0.6981016533986528,0.03674219228413962,0.11022657685241886,0.3306797305572566,0.07348438456827924,2.0,4.0,6.0,2.0,2.0,5.0,7.0,3.0,2.0,0,0.0,0,0.0034899999999999996,11.9,3408.7653967344604,11.858469000000001,0.03674219228413962,4.0,6.0,0.6330623
0022501098,1610612747,Los Angeles,Lakers,LAL,lakers,1628379,Luke,Kennard,L. Kennard,luke-kennard,,,,23:00,23.0,7,10,0.7,4,5,0.8,1,1,1.0,1,1,2,1,1,0,1,3,19,20.0,0022501098,Luke Kennard,luke kennard,,,2026-03-30,1,0.8260869565217391,0.043478260869565216,0.08695652173913043,0.043478260869565216,0.08695652173913043,2.0,4.0,8.0,4.0,2.0,5.0,3.0,7.0,1.0,0,0.0,0,0.002,36.8,18390.804597701146,36.7264,0.043478260869565216,4.0,5.0,0.89073545
0022501098,1610612747,Los Angeles,Lakers,LAL,lakers,1629637,Jaxson,Hayes,J. Hayes,jaxson-hayes,,,,19:45,19.75,8,8,1.0,1,1,1.0,2,3,0.667,2,5,7,0,0,2,0,1,19,18.0,0022501098,Jaxson Hayes,jaxson hayes,,,2026-03-30,2,0.9620253164556962,0.10126582278481013,0.35443037974683544,0.0,0.20253164556962025,2.0,1.0,3.0,10.0,6.0,2.0,4.0,9.0,0.0,0,0.0,0,0.00167,37.9,22681.02932375823,37.836707,0.10126582278481013,3.0,2.0,0.9316745
0022501098,1610612747,Los Angeles,Lakers,LAL,lakers,1642355,Bronny,James,B. James,bronny-james,,,,25:39,25.65,2,10,0.2,0,5,0.0,2,2,1.0,0,1,1,1,1,0,2,2,6,4.0,0022501098,Bronny James,bronny james,,,2026-03-30,1,0.23391812865497078,0.0,0.038986354775828465,0.038986354775828465,0.038986354775828465,7.0,7.0,9.0,4.0,2.0,5.0,9.0,4.0,2.0,0,0.0,0,0.0022,1.4,636.0745115856428,1.39692,0.038986354775828465,4.0,8.0,0.034302294
0022501098,1610612747,Los Angeles,Lakers,LAL,lakers,1629020,Jarred,Vanderbilt,J. Vanderbilt,jarred-vanderbilt,,,,23:06,23.1,1,3,0.333,0,1,0.0,2,4,0.5,2,6,8,1,1,0,1,0,4,5.0,0022501098,Jarred Vanderbilt,jarred vanderbilt,,,2026-03-30,1,0.17316017316017315,0.08658008658008658,0.3463203463203463,0.04329004329004329,0.12987012987012986,8.0,1.0,2.0,4.0,2.0,5.0,8.0,6.0,0.0,0,0.0,0,0.00113,3.6,3183.023872679046,3.5959320000000004,0.04329004329004329,4.0,4.0,0.0398845
0022501098,1610612747,Los Angeles,Lakers,LAL,lakers,1631166,Drew,Timme,D. Timme,drew-timme,,,,5:49,5.816666666666666,0,0,0.0,0,0,0.0,0,0,0.0,0,1,1,1,0,0,0,2,0,-8.0,0022501098,Drew Timme,drew timme,,,2026-03-30,0,0.0,0.0,0.17191977077363899,0.17191977077363899,0.0,11.0,7.0,9.0,4.0,6.0,5.0,10.0,10.0,0.0,0,0.0,0,0.0,-89.1,-89100000.0,-89.1,0.0,9.0,9.0,0.0039043226
0022501098,1610612747,Los Angeles,Lakers,LAL,lakers,1642261,Dalton,Knecht,D. Knecht,dalton-knecht,,,,3:51,3.85,0,1,0.0,0,1,0.0,0,0,0.0,0,0,0,1,0,0,0,1,0,-8.0,0022501098,Dalton Knecht,dalton knecht,,,2026-03-30,0,0.0,0.0,0.0,0.2597402597402597,0.0,11.0,7.0,11.0,4.0,6.0,5.0,10.0,11.0,,1,,1,0.00125,-125.0,-99920.06394884094,-124.84375,0.0,9.0,9.0,0.002154436
0022501098,1610612747,Los Angeles,Lakers,LAL,lakers,1641723,Kobe,Bufkin,K. Bufkin,kobe-bufkin,,,,2:39,2.65,1,2,0.5,0,1,0.0,0,0,0.0,0,0,0,0,0,0,0,1,2,-8.0,0022501098,Kobe Bufkin,kobe bufkin,,,2026-03-30,0,0.7547169811320755,0.0,0.0,0.0,0.0,10.0,7.0,11.0,10.0,6.0,5.0,10.0,12.0,0.0,0,0.0,0,0.004,-160.0,-39990.00249937516,-159.36,0.0,9.0,9.0,0.009228451
0022501103,1610612747,Los Angeles,Lakers,LAL,lakers,2544,LeBron,James,L. James,lebron-james,F,,,30:38,30.633333333333333,4,8,0.5,1,3,0.333,5,6,0.833,0,5,5,6,1,1,3,2,14,4.0,0022501103,LeBron James,lebron james,,,2026-03-31,2,0.45701849836779107,0.0,0.1632208922742111,0.19586507072905332,0.06528835690968444,4.0,4.0,4.0,2.0,4.0,1.0,7.0,4.0,2.0,0,0.0,0,0.00189,2.5,1322.0518244315178,2.4952750000000004,0.06528835690968444,2.0,4.0,0.4967128
0022501103,1610612747,Los Angeles,Lakers,LAL,lakers,1631222,Jake,LaRavia,J. LaRavia,jake-laravia,F,,,38:06,38.1,5,5,1.0,2,2,1.0,2,2,1.0,1,6,7,0,1,0,1,2,14,23.0,0022501103,Jake LaRavia,jake laravia,,,2026-03-31,1,0.3674540682414698,0.026246719160104987,0.1837270341207349,0.0,0.05249343832020997,4.0,2.0,2.0,7.0,4.0,5.0,1.0,1.0,5.0,0,0.0,0,0.0008,29.9,37328.33957553058,29.876079999999998,0.026246719160104987,6.0,7.0,0.600802
0022501103,1610612747,Los Angeles,Lakers,LAL,lakers,1629028,Deandre,Ayton,D. Ayton,deandre-ayton,C,,,28:04,28.066666666666666,8,13,0.615,0,0,0.0,2,3,0.667,6,3,9,1,1,1,0,1,18,10.0,0022501103,Deandre Ayton,deandre ayton,,,2026-03-31,2,0.6413301662707839,0.21377672209026127,0.32066508313539194,0.035629453681710214,0.2850356294536817,3.0,1.0,1.0,5.0,4.0,1.0,3.0,5.0,1.0,0,0.0,0,0.00209,13.3,6360.593017694883,13.272203000000001,0.07125890736342043,2.0,1.0,0.8760503
0022501103,1610612747,Los Angeles,Lakers,LAL,lakers,1630559,Austin,Reaves,A. Reaves,austin-reaves,G,,,36:45,36.75,6,16,0.375,2,9,0.222,5,5,1.0,1,5,6,4,2,1,5,3,19,4.0,0022501103,Austin Reaves,austin reaves,,,2026-03-31,3,0.5170068027210885,0.027210884353741496,0.16326530612244897,0.10884353741496598,0.10884353741496598,2.0,2.0,3.0,3.0,1.0,1.0,7.0,2.0,2.0,0,0.0,0,0.0025800000000000003,3.7,1433.552886478109,3.690454,0.08163265306122448,1.0,2.0,0.35240507
0022501103,1610612747,Los Angeles,Lakers,LAL,lakers,1629029,Luka,Dončić,L. Dončić,luka-dončić,G,,,33:57,33.95,13,26,0.5,6,13,0.462,10,10,1.0,0,5,5,12,2,0,0,4,42,21.0,0022501103,Luka Dončić,luka dončić,,,2026-03-31,2,1.2371134020618555,0.0,0.14727540500736375,0.353460972017673,0.0589101620029455,1.0,4.0,4.0,1.0,1.0,5.0,2.0,3.0,2.0,0,0.0,0,0.00392,31.2,7957.1537872991585,31.077696,0.0589101620029455,2.0,5.0,0.81642246
0022501103,1610612747,Los Angeles,Lakers,LAL,lakers,1629060,Rui,Hachimura,R. Hachimura,rui-hachimura,,,,18:51,18.85,6,8,0.75,2,3,0.667,0,0,0.0,0,1,1,0,0,1,0,1,14,10.0,0022501103,Rui Hachimura,rui hachimura,,,2026-03-31,1,0.7427055702917771,0.0,0.05305039787798408,0.0,0.05305039787798408,4.0,4.0,7.0,7.0,7.0,1.0,3.0,7.0,1.0,0,0.0,0,0.0019,28.6,15044.713308784852,28.54566,0.05305039787798408,6.0,6.0,0.74874693
0022501103,1610612747,Los Angeles,Lakers,LAL,lakers,1628379,Luke,Kennard,L. Kennard,luke-kennard,,,,22:47,22.783333333333335,1,2,0.5,0,0,0.0,0,0,0.0,0,1,1,2,0,0,1,3,2,4.0,0022501103,Luke Kennard,luke kennard,,,2026-03-31,0,0.08778346744696415,0.0,0.043891733723482075,0.08778346744696415,0.0,8.0,4.0,7.0,4.0,7.0,5.0,7.0,6.0,0.0,0,0.0,0,0.00057,11.2,19614.711033274954,11.193616,0.0,8.0,8.0,0.0106128575
0022501103,1610612747,Los Angeles,Lakers,LAL,lakers,1629637,Jaxson,Hayes,J. Hayes,jaxson-hayes,,,,18:35,18.583333333333332,2,4,0.5,0,0,0.0,0,0,0.0,0,3,3,1,2,0,0,0,4,9.0,0022501103,Jaxson Hayes,jaxson hayes,,,2026-03-31,2,0.21524663677130046,0.0,0.16143497757847536,0.053811659192825115,0.10762331838565023,7.0,4.0,6.0,5.0,1.0,5.0,5.0,8.0,2.0,0,0.0,0,0.00091,25.2,27661.90998902305,25.177068,0.10762331838565023,2.0,3.0,0.0729994
0022501103,1610612747,Los Angeles,Lakers,LAL,lakers,1642355,Bronny,James,B. James,bronny-james,,,,6:53,6.883333333333333,0,0,0.0,0,0,0.0,0,0,0.0,0,0,0,0,0,0,0,2,0,5.0,0022501103,Bronny James,bronny james,,,2026-03-31,0,0.0,0.0,0.0,0.0,0.0,9.0,4.0,9.0,7.0,7.0,5.0,6.0,9.0,0.0,0,0.0,0,0.0,35.7,35700000.00000001,35.7,0.0,8.0,8.0,0.0049093547
0022501103,1610612747,Los Angeles,Lakers,LAL,lakers,1642876,Adou,Thiero,A. Thiero,adou-thiero,,,,1:21,1.35,0,0,0.0,0,0,0.0,0,0,0.0,0,0,0,0,0,0,0,1,0,-5.0,0022501103,Adou Thiero,adou thiero,,,2026-03-31,0,0.0,0.0,0.0,0.0,0.0,9.0,4.0,9.0,7.0,7.0,5.0,10.0,10.0,,1,,1,0.0,-250.0,-250000000.0,-250.0,0.0,8.0,8.0,0.0027434507
0022501103,1610612747,Los Angeles,Lakers,LAL,lakers,1642261,Dalton,Knecht,D. Knecht,dalton-knecht,,,,1:21,1.35,0,0,0.0,0,0,0.0,0,0,0.0,0,0,0,0,0,0,0,0,0,-5.0,0022501103,Dalton Knecht,dalton knecht,,,2026-03-31,0,0.0,0.0,0.0,0.0,0.0,9.0,4.0,9.0,7.0,7.0,5.0,10.0,10.0,,1,,1,0.0,-250.0,-250000000.0,-250.0,0.0,8.0,8.0,0.0026964636
0022501103,1610612747,Los Angeles,Lakers,LAL,lakers,1631166,Drew,Timme,D. Timme,drew-timme,,,,1:21,1.35,0,0,0.0,0,0,0.0,0,0,0.0,0,0,0,0,0,0,0,0,0,-5.0,0022501103,Drew Timme,drew timme,,,2026-03-31,0,0.0,0.0,0.0,0.0,0.0,9.0,4.0,9.0,7.0,7.0,5.0,10.0,10.0,0.0,0,0.0,0,0.0,-250.0,-250000000.0,-250.0,0.0,8.0,8.0,0.0027723429
0022501103,1610612747,Los Angeles,Lakers,LAL,lakers,1641723,Kobe,Bufkin,K. Bufkin,kobe-bufkin,,,,1:21,1.35,0,1,0.0,0,1,0.0,0,0,0.0,0,0,0,0,0,0,0,0,0,-5.0,0022501103,Kobe Bufkin,kobe bufkin,,,2026-03-31,0,0.0,0.0,0.0,0.0,0.0,9.0,4.0,9.0,7.0,7.0,5.0,10.0,10.0,,1,,1,0.005,-250.0,-49990.00199960008,-248.75,0.0,8.0,8.0,0.002168442
0022501116,1610612747,Los Angeles,Lakers,LAL,lakers,1631222,Jake,LaRavia,J. LaRavia,jake-laravia,F,,,32:30,32.5,3,10,0.3,0,2,0.0,0,0,0.0,4,4,8,2,0,2,1,3,6,-15.0,0022501116,Jake LaRavia,jake laravia,,,2026-04-02,2,0.18461538461538463,0.12307692307692308,0.24615384615384617,0.06153846153846154,0.18461538461538463,9.0,1.0,1.0,4.0,7.0,1.0,4.0,2.0,2.0,0,0.0,0,0.0014099999999999998,-25.0,-17717.930545712265,-24.96475,0.06153846153846154,2.0,3.0,0.17882264
0022501116,1610612747,Los Angeles,Lakers,LAL,lakers,2544,LeBron,James,L. James,lebron-james,F,,,25:59,25.983333333333334,3,7,0.429,1,4,0.25,6,8,0.75,0,6,6,2,1,1,2,1,13,-37.0,0022501116,LeBron James,lebron james,,,2026-04-02,2,0.5003207184092366,0.0,0.23091725465041693,0.07697241821680564,0.07697241821680564,2.0,4.0,2.0,4.0,2.0,2.0,10.0,4.0,2.0,0,0.0,0,0.0020599999999999998,-62.7,-30422.125181950512,-62.57083800000001,0.07697241821680564,2.0,5.0,0.22538836
0022501116,1610612747,Los Angeles,Lakers,LAL,lakers,1629028,Deandre,Ayton,D. Ayton,deandre-ayton,C,,,19:41,19.683333333333334,4,7,0.571,0,0,0.0,0,0,0.0,0,1,1,0,1,0,0,0,8,-23.0,0022501116,Deandre Ayton,deandre ayton,,,2026-04-02,1,0.40643522438611346,0.0,0.05080440304826418,0.0,0.05080440304826418,7.0,4.0,8.0,9.0,2.0,5.0,6.0,7.0,2.0,0,0.0,0,0.00149,-55.4,-37156.27095908786,-55.317454,0.05080440304826418,5.0,7.0,0.23927073
0022501116,1610612747,Los Angeles,Lakers,LAL,lakers,1630559,Austin,Reaves,A. Reaves,austin-reaves,G,,,26:38,26.633333333333333,5,9,0.556,2,3,0.667,3,3,1.0,0,4,4,1,0,0,4,1,15,-23.0,0022501116,Austin Reaves,austin reaves,,,2026-04-02,0,0.5632040050062578,0.0,0.15018773466833543,0.03754693366708386,0.0,1.0,4.0,4.0,6.0,7.0,5.0,6.0,3.0,0.0,0,0.0,0,0.00226,-42.1,-18620.079610791687,-42.004854,0.0,9.0,9.0,0.7703631
0022501116,1610612747,Los Angeles,Lakers,LAL,lakers,1629029,Luka,Dončić,L. Dončić,luka-dončić,G,,,25:42,25.7,3,10,0.3,1,7,0.143,5,6,0.833,0,4,4,7,1,0,6,0,12,-25.0,0022501116,Luka Dončić,luka dončić,,,2026-04-02,1,0.4669260700389105,0.0,0.1556420233463035,0.27237354085603116,0.038910505836575876,3.0,4.0,4.0,1.0,2.0,5.0,8.0,5.0,3.0,0,0.0,0,0.00317,-44.6,-14064.963733837905,-44.458618,0.038910505836575876,5.0,8.0,0.1191196
0022501116,1610612747,Los Angeles,Lakers,LAL,lakers,1629060,Rui,Hachimura,R. Hachimura,rui-hachimura,,,,18:17,18.283333333333335,2,9,0.222,0,3,0.0,0,0,0.0,1,0,1,0,1,1,0,0,4,-39.0,0022501116,Rui Hachimura,rui hachimura,,,2026-04-02,2,0.21877848678213307,0.05469462169553327,0.05469462169553327,0.0,0.1640838650865998,10.0,3.0,8.0,9.0,2.0,2.0,11.0,8.0,1.0,0,0.0,0,0.00214,-97.5,-45539.46753853339,-97.29135,0.10938924339106654,2.0,4.0,0.017195685
0022501116,1610612747,Los Angeles,Lakers,LAL,lakers,1628379,Luke,Kennard,L. Kennard,luke-kennard,,,,32:47,32.78333333333333,3,8,0.375,1,4,0.25,0,0,0.0,0,4,4,3,0,0,1,1,7,-28.0,0022501116,Luke Kennard,luke kennard,,,2026-04-02,0,0.21352313167259787,0.0,0.12201321809862736,0.09150991357397052,0.0,8.0,4.0,4.0,2.0,7.0,5.0,9.0,1.0,1.0,0,0.0,0,0.00114,-41.3,-36196.31901840491,-41.252917999999994,0.0,9.0,9.0,0.01809775
0022501116,1610612747,Los Angeles,Lakers,LAL,lakers,1629637,Jaxson,Hayes,J. Hayes,jaxson-hayes,,,,20:44,20.733333333333334,3,3,1.0,0,0,0.0,6,8,0.75,0,1,1,1,0,0,1,3,12,-17.0,0022501116,Jaxson Hayes,jaxson hayes,,,2026-04-02,0,0.5787781350482315,0.0,0.04823151125401929,0.04823151125401929,0.0,3.0,4.0,8.0,6.0,7.0,5.0,5.0,6.0,0.0,0,0.0,0,0.0017399999999999998,-38.6,-22171.16599655371,-38.532836,0.0,9.0,9.0,0.22042722
0022501116,1610612747,Los Angeles,Lakers,LAL,lakers,1642355,Bronny,James,B. James,bronny-james,,,,17:39,17.65,4,8,0.5,2,4,0.5,0,0,0.0,0,0,0,1,0,1,3,0,10,-8.0,0022501116,Bronny James,bronny james,,,2026-04-02,1,0.56657223796034,0.0,0.0,0.056657223796034,0.056657223796034,5.0,4.0,11.0,6.0,7.0,2.0,3.0,9.0,1.0,0,0.0,0,0.00268,-19.1,-7124.207385303991,-19.048812,0.056657223796034,5.0,6.0,0.46689826
0022501116,1610612747,Los Angeles,Lakers,LAL,lakers,1629020,Jarred,Vanderbilt,J. Vanderbilt,jarred-vanderbilt,,,,12:00,12.0,4,7,0.571,0,2,0.0,1,2,0.5,0,5,5,3,3,0,0,0,9,2.0,0022501116,Jarred Vanderbilt,jarred vanderbilt,,,2026-04-02,3,0.75,0.0,0.4166666666666667,0.25,0.25,6.0,4.0,3.0,2.0,1.0,5.0,1.0,10.0,4.0,0,0.0,0,0.00267,8.0,2995.132909022838,7.97864,0.25,1.0,2.0,0.80680674
0022501116,1610612747,Los Angeles,Lakers,LAL,lakers,1628467,Maxi,Kleber,M. Kleber,maxi-kleber,,,,8:03,8.05,0,1,0.0,0,1,0.0,0,0,0.0,3,1,4,0,1,0,0,1,0,-2.0,0022501116,Maxi Kleber,maxi kleber,,,2026-04-02,1,0.0,0.37267080745341613,0.49689440993788814,0.0,0.49689440993788814,11.0,2.0,4.0,9.0,2.0,5.0,2.0,11.0,1.0,0,0.0,0,0.00045,-5.9,-13082.039911308204,-5.8973450000000005,0.12422360248447203,5.0,1.0,0.04454625
0022501140,1610612747,Los Angeles,Lakers,LAL,lakers,2544,LeBron,James,L. James,lebron-james,F,,,38:43,38.71666666666667,12,22,0.545,1,6,0.167,5,9,0.556,0,9,9,15,1,0,4,1,30,1.0,0022501140,LeBron James,lebron james,,,2026-04-05,1,0.7748600947051226,0.0,0.2324580284115368,0.3874300473525613,0.02582866982350409,1.0,6.0,2.0,1.0,2.0,2.0,4.0,3.0,2.0,0,0.0,0,0.00306,2.7,882.0646847435479,2.6917380000000004,0.02582866982350409,2.0,7.0,0.91388035
0022501140,1610612747,Los Angeles,Lakers,LAL,lakers,1629060,Rui,Hachimura,R. Hachimura,rui-hachimura,F,,,39:02,39.03333333333333,9,13,0.692,3,5,0.6,0,0,0.0,2,5,7,1,1,0,0,1,21,5.0,0022501140,Rui Hachimura,rui hachimura,,,2026-04-05,1,0.53800170794193,0.05123825789923143,0.17933390264731,0.025619128949615714,0.07685738684884715,3.0,3.0,3.0,5.0,2.0,2.0,2.0,2.0,0.0,0,0.0,0,0.0013700000000000001,6.0,4376.367614879649,5.99178,0.025619128949615714,2.0,6.0,0.9136021
0022501140,1610612747,Los Angeles,Lakers,LAL,lakers,1629028,Deandre,Ayton,D. Ayton,deandre-ayton,C,,,19:26,19.433333333333334,5,9,0.556,0,0,0.0,3,4,0.75,2,2,4,1,0,1,0,2,13,0.0,0022501140,Deandre Ayton,deandre ayton,,,2026-04-05,1,0.6689536878216124,0.10291595197255575,0.2058319039451115,0.051457975986277875,0.15437392795883362,6.0,3.0,5.0,5.0,6.0,1.0,5.0,6.0,0.0,0,0.0,0,0.0023899999999999998,5.6,2342.1162693433707,5.586615999999999,0.051457975986277875,2.0,1.0,0.7225419
0022501140,1610612747,Los Angeles,Lakers,LAL,lakers,1631222,Jake,LaRavia,J. LaRavia,jake-laravia,G,,,35:43,35.71666666666667,3,11,0.273,1,5,0.2,7,8,0.875,1,4,5,1,2,0,2,6,14,-3.0,0022501140,Jake LaRavia,jake laravia,,,2026-04-05,2,0.39197386840877274,0.02799813345776948,0.1399906672888474,0.02799813345776948,0.08399440037330844,5.0,5.0,4.0,5.0,1.0,2.0,7.0,4.0,7.0,0,1.0,0,0.0019500000000000001,-3.9,-1998.9748846745258,-3.892395,0.05599626691553896,1.0,4.0,0.22946492
0022501140,1610612747,Los Angeles,Lakers,LAL,lakers,1628379,Luke,Kennard,L. Kennard,luke-kennard,G,,,41:10,41.166666666666664,5,17,0.294,1,5,0.2,4,4,1.0,3,13,16,11,1,0,3,3,15,8.0,0022501140,Luke Kennard,luke kennard,,,2026-04-05,1,0.3643724696356275,0.07287449392712551,0.38866396761133604,0.26720647773279355,0.09716599190283401,4.0,1.0,1.0,2.0,2.0,2.0,1.0,1.0,1.0,0,0.0,0,0.0020599999999999998,10.6,5143.134400776322,10.578164000000001,0.024291497975708502,2.0,3.0,0.7362738
0022501140,1610612747,Los Angeles,Lakers,LAL,lakers,1629020,Jarred,Vanderbilt,J. Vanderbilt,jarred-vanderbilt,,,,11:36,11.6,2,2,1.0,1,1,1.0,0,0,0.0,0,1,1,1,0,0,0,0,5,-19.0,0022501140,Jarred Vanderbilt,jarred vanderbilt,,,2026-04-05,0,0.4310344827586207,0.0,0.08620689655172414,0.08620689655172414,0.0,7.0,6.0,7.0,5.0,6.0,2.0,11.0,8.0,,1,,1,0.00067,-84.0,-125186.28912071534,-83.94372,0.0,7.0,8.0,0.014765487
0022501140,1610612747,Los Angeles,Lakers,LAL,lakers,1629637,Jaxson,Hayes,J. Hayes,jaxson-hayes,,,,27:12,27.2,8,10,0.8,0,0,0.0,7,8,0.875,3,1,4,2,0,0,3,4,23,-5.0,0022501140,Jaxson Hayes,jaxson hayes,,,2026-04-05,0,0.8455882352941176,0.11029411764705882,0.14705882352941177,0.07352941176470588,0.11029411764705882,2.0,1.0,5.0,4.0,6.0,2.0,8.0,5.0,1.0,0,0.0,0,0.00229,-16.0,-6983.8498472282845,-15.96336,0.0,7.0,2.0,0.8754165
0022501140,1610612747,Los Angeles,Lakers,LAL,lakers,1642355,Bronny,James,B. James,bronny-james,,,,8:45,8.75,2,3,0.667,1,2,0.5,0,0,0.0,0,0,0,1,0,0,0,3,5,-6.0,0022501140,Bronny James,bronny james,,,2026-04-05,0,0.5714285714285714,0.0,0.0,0.11428571428571428,0.0,7.0,6.0,11.0,5.0,6.0,2.0,9.0,9.0,2.0,0,0.0,0,0.00136,-40.1,-29463.629684055843,-40.045464,0.0,7.0,8.0,0.020138728
0022501140,1610612747,Los Angeles,Lakers,LAL,lakers,1641723,Kobe,Bufkin,K. Bufkin,kobe-bufkin,,,,3:20,3.3333333333333335,0,1,0.0,0,1,0.0,0,0,0.0,0,1,1,0,0,0,0,0,0,-14.0,0022501140,Kobe Bufkin,kobe bufkin,,,2026-04-05,0,0.0,0.0,0.3,0.0,0.0,10.0,6.0,7.0,10.0,6.0,2.0,10.0,10.0,0.0,0,0.0,0,0.00125,-175.0,-139888.0895283773,-174.78125,0.0,7.0,8.0,0.003322265
0022501140,1610612747,Los Angeles,Lakers,LAL,lakers,1628467,Maxi,Kleber,M. Kleber,maxi-kleber,,,,12:42,12.7,1,2,0.5,0,1,0.0,0,0,0.0,0,1,1,3,1,0,0,2,2,4.0,0022501140,Maxi Kleber,maxi kleber,,,2026-04-05,1,0.15748031496062992,0.0,0.07874015748031496,0.2362204724409449,0.07874015748031496,9.0,6.0,7.0,3.0,2.0,2.0,3.0,7.0,0.0,0,0.0,0,0.00054,9.2,17005.54528650647,9.195032,0.07874015748031496,2.0,5.0,0.042200655
0022501140,1610612747,Los Angeles,Lakers,LAL,lakers,1641733,Nick,Smith Jr.,N. Smith Jr.,nick-smith-jr,,,,2:21,2.35,0,1,0.0,0,1,0.0,0,0,0.0,0,1,1,0,0,0,0,1,0,-1.0,0022501140,Nick Smith Jr.,nick smith jr,,,2026-04-05,0,0.0,0.0,0.425531914893617,0.0,0.0,10.0,6.0,7.0,10.0,6.0,2.0,6.0,11.0,0.0,0,0.0,0,0.002,-3.3,-1649.1754122938528,-3.2933999999999997,0.0,7.0,8.0,0.005497071
0022501155,1610612747,Los Angeles,Lakers,LAL,lakers,1631166,Drew,Timme,D. Timme,drew-timme,F,,,26:32,26.533333333333335,4,9,0.444,2,4,0.5,1,2,0.5,1,2,3,2,0,0,3,3,11,-26.0,0022501155,Drew Timme,drew timme,,,2026-04-07,0,0.414572864321608,0.03768844221105527,0.11306532663316582,0.07537688442211055,0.03768844221105527,2.0,1.0,5.0,3.0,7.0,4.0,12.0,1.0,2.0,0,0.0,0,0.00217,-53.9,-24827.268539843386,-53.783037,0.0,9.0,10.0,0.31151852
0022501155,1610612747,Los Angeles,Lakers,LAL,lakers,1629060,Rui,Hachimura,R. Hachimura,rui-hachimura,F,,,25:34,25.566666666666666,7,10,0.7,1,1,1.0,0,3,0.0,1,4,5,1,0,1,2,1,15,-24.0,0022501155,Rui Hachimura,rui hachimura,,,2026-04-07,1,0.5867014341590613,0.03911342894393742,0.19556714471968709,0.03911342894393742,0.07822685788787484,1.0,1.0,2.0,7.0,7.0,1.0,10.0,2.0,0.0,0,0.0,0,0.00213,-53.8,-25246.363209760675,-53.685406,0.03911342894393742,2.0,7.0,0.83739203
0022501155,1610612747,Los Angeles,Lakers,LAL,lakers,1629028,Deandre,Ayton,D. Ayton,deandre-ayton,C,,,22:50,22.833333333333332,1,4,0.25,0,0,0.0,1,2,0.5,1,2,3,0,0,1,1,2,3,-26.0,0022501155,Deandre Ayton,deandre ayton,,,2026-04-07,1,0.13138686131386862,0.043795620437956206,0.13138686131386862,0.0,0.08759124087591241,9.0,1.0,5.0,12.0,7.0,1.0,12.0,4.0,0.0,0,0.0,0,0.0011799999999999998,-59.1,-50042.33700254023,-59.030262,0.043795620437956206,2.0,5.0,0.018913869
0022501155,1610612747,Los Angeles,Lakers,LAL,lakers,1631222,Jake,LaRavia,J. LaRavia,jake-laravia,G,,,19:51,19.85,1,7,0.143,0,4,0.0,0,2,0.0,1,6,7,1,2,1,2,2,2,-19.0,0022501155,Jake LaRavia,jake laravia,,,2026-04-07,3,0.10075566750629722,0.05037783375314861,0.3526448362720403,0.05037783375314861,0.20151133501259444,11.0,1.0,1.0,7.0,1.0,1.0,8.0,7.0,2.0,0,0.0,0,0.00208,-52.7,-25324.363286881307,-52.59038400000001,0.15113350125944583,1.0,2.0,0.015251229
0022501155,1610612747,Los Angeles,Lakers,LAL,lakers,1628379,Luke,Kennard,L. Kennard,luke-kennard,G,,,23:10,23.166666666666668,4,7,0.571,0,2,0.0,2,3,0.667,0,2,2,9,1,0,0,0,10,-23.0,0022501155,Luke Kennard,luke kennard,,,2026-04-07,1,0.4316546762589928,0.0,0.08633093525179855,0.3884892086330935,0.043165467625899276,4.0,9.0,8.0,1.0,2.0,4.0,9.0,3.0,1.0,0,0.0,0,0.00154,-50.6,-32835.82089552239,-50.522076000000006,0.043165467625899276,2.0,9.0,0.28073364
0022501155,1610612747,Los Angeles,Lakers,LAL,lakers,1642876,Adou,Thiero,A. Thiero,adou-thiero,,,,20:39,20.65,2,4,0.5,1,2,0.5,5,10,0.5,1,3,4,2,1,0,2,0,10,-15.0,0022501155,Adou Thiero,adou thiero,,,2026-04-07,1,0.4842615012106538,0.04842615012106538,0.19370460048426152,0.09685230024213076,0.09685230024213076,4.0,1.0,3.0,3.0,2.0,4.0,7.0,6.0,2.0,0,0.0,0,0.00244,-40.4,-16550.594018844735,-40.301424,0.04842615012106538,2.0,3.0,0.09329972
0022501155,1610612747,Los Angeles,Lakers,LAL,lakers,1629020,Jarred,Vanderbilt,J. Vanderbilt,jarred-vanderbilt,,,,4:41,4.683333333333334,1,1,1.0,1,1,1.0,0,3,0.0,1,1,2,1,1,0,1,1,3,-4.0,0022501155,Jarred Vanderbilt,jarred vanderbilt,,,2026-04-07,1,0.6405693950177935,0.21352313167259784,0.4270462633451957,0.21352313167259784,0.4270462633451957,9.0,1.0,8.0,7.0,2.0,4.0,3.0,13.0,1.0,0,0.0,0,0.00231,-65.3,-28256.166161834703,-65.14915699999999,0.21352313167259784,2.0,1.0,0.023603745
0022501155,1610612747,Los Angeles,Lakers,LAL,lakers,1642355,Bronny,James,B. James,bronny-james,,,,22:43,22.716666666666665,2,9,0.222,0,5,0.0,0,0,0.0,1,1,2,2,1,0,1,0,4,-25.0,0022501155,Bronny James,bronny james,,,2026-04-07,1,0.1760821716801174,0.04402054292002935,0.0880410858400587,0.0880410858400587,0.0880410858400587,8.0,1.0,8.0,3.0,2.0,4.0,11.0,5.0,1.0,0,0.0,0,0.00185,-61.6,-33279.30848190167,-61.48604,0.04402054292002935,2.0,4.0,0.018129155
0022501155,1610612747,Los Angeles,Lakers,LAL,lakers,1641723,Kobe,Bufkin,K. Bufkin,kobe-bufkin,,,,18:19,18.316666666666666,2,6,0.333,2,2,1.0,3,4,0.75,0,3,3,4,0,0,1,1,9,0.0,0022501155,Kobe Bufkin,kobe bufkin,,,2026-04-07,0,0.4913557779799818,0.0,0.1637852593266606,0.2183803457688808,0.0,6.0,9.0,5.0,2.0,7.0,4.0,1.0,9.0,1.0,0,0.0,0,0.00209,-6.1,-2917.2644667623144,-6.087250999999999,0.0,9.0,11.0,0.14297436
0022501155,1610612747,Los Angeles,Lakers,LAL,lakers,1628467,Maxi,Kleber,M. Kleber,maxi-kleber,,,,13:10,13.166666666666666,1,2,0.5,0,1,0.0,0,0,0.0,0,1,1,1,0,0,1,0,2,-5.0,0022501155,Maxi Kleber,maxi kleber,,,2026-04-07,0,0.1518987341772152,0.0,0.0759493670886076,0.0759493670886076,0.0,11.0,9.0,12.0,7.0,7.0,4.0,4.0,10.0,1.0,0,0.0,0,0.00094,-26.6,-28267.800212539853,-26.574996,0.0,9.0,11.0,0.00800678
0022501155,1610612747,Los Angeles,Lakers,LAL,lakers,1642261,Dalton,Knecht,D. Knecht,dalton-knecht,,,,18:31,18.516666666666666,2,6,0.333,1,2,0.5,0,0,0.0,1,3,4,0,0,0,3,1,5,-3.0,0022501155,Dalton Knecht,dalton knecht,,,2026-04-07,0,0.27002700270027,0.05400540054005401,0.21602160216021604,0.0,0.05400540054005401,7.0,1.0,3.0,12.0,7.0,4.0,2.0,8.0,1.0,0,0.0,0,0.0022,-4.8,-2180.826896865061,-4.78944,0.0,9.0,8.0,0.11792018
0022501155,1610612747,Los Angeles,Lakers,LAL,lakers,1643024,Chris,Mañon,C. Mañon,chris-mañon,,,,12:00,12.0,1,2,0.5,0,0,0.0,0,0,0.0,0,2,2,1,1,0,0,0,2,-5.0,0022501155,Chris Mañon,chris mañon,,,2026-04-07,1,0.16666666666666666,0.0,0.16666666666666666,0.08333333333333333,0.08333333333333333,11.0,9.0,8.0,7.0,2.0,4.0,4.0,11.0,1.0,0,0.0,0,0.0008,-15.4,-19225.967540574282,-15.38768,0.08333333333333333,2.0,6.0,0.013970423
0022501155,1610612747,Los Angeles,Lakers,LAL,lakers,1641733,Nick,Smith Jr.,N. Smith Jr.,nick-smith-jr,,,,12:00,12.0,4,6,0.667,1,2,0.5,2,2,1.0,0,0,0,2,0,0,0,1,11,-5.0,0022501155,Nick Smith Jr.,nick smith jr,,,2026-04-07,0,0.9166666666666666,0.0,0.0,0.16666666666666666,0.0,2.0,9.0,13.0,3.0,7.0,4.0,4.0,11.0,0.0,0,0.0,0,0.0028000000000000004,-15.4,-5498.036415565868,-15.35688,0.0,9.0,11.0,0.7501802
0022501170,1610612747,Los Angeles,Lakers,LAL,lakers,2544,LeBron,James,L. James,lebron-james,F,,,31:48,31.8,11,17,0.647,3,5,0.6,1,2,0.5,0,8,8,11,2,1,4,1,26,19.0,0022501170,LeBron James,lebron james,,,2026-04-09,3,0.8176100628930817,0.0,0.25157232704402516,0.34591194968553457,0.09433962264150943,1.0,5.0,1.0,1.0,4.0,1.0,4.0,2.0,2.0,0,0.0,0,0.00313,35.1,11210.475886298307,34.990137000000004,0.09433962264150943,3.0,7.0,0.8676243
0022501170,1610612747,Los Angeles,Lakers,LAL,lakers,1629060,Rui,Hachimura,R. Hachimura,rui-hachimura,F,,,29:39,29.65,5,12,0.417,2,4,0.5,0,1,0.0,0,2,2,2,3,0,0,2,12,20.0,0022501170,Rui Hachimura,rui hachimura,,,2026-04-09,3,0.40472175379426645,0.0,0.06745362563237774,0.06745362563237774,0.10118043844856661,5.0,5.0,5.0,6.0,2.0,4.0,2.0,5.0,2.0,0,0.0,0,0.00185,35.7,19286.871961102108,35.633955,0.10118043844856661,3.0,5.0,0.6530449
0022501170,1610612747,Los Angeles,Lakers,LAL,lakers,1629028,Deandre,Ayton,D. Ayton,deandre-ayton,C,,,30:39,30.65,9,11,0.818,0,0,0.0,3,4,0.75,3,2,5,1,0,1,0,2,21,19.0,0022501170,Deandre Ayton,deandre ayton,,,2026-04-09,1,0.6851549755301795,0.09787928221859707,0.1631321370309951,0.032626427406199025,0.1305057096247961,2.0,1.0,4.0,8.0,6.0,1.0,4.0,4.0,1.0,0,0.0,0,0.00194,32.2,16589.386913961876,32.137532,0.032626427406199025,6.0,3.0,0.81694907
0022501170,1610612747,Los Angeles,Lakers,LAL,lakers,1631222,Jake,LaRavia,J. LaRavia,jake-laravia,G,,,30:43,30.716666666666665,6,7,0.857,4,5,0.8,0,0,0.0,3,4,7,4,3,1,3,5,16,29.0,0022501170,Jake LaRavia,jake laravia,,,2026-04-09,4,0.5208898534997287,0.09766684753119914,0.22788931090613132,0.13022246337493218,0.22788931090613132,3.0,1.0,2.0,4.0,2.0,1.0,1.0,3.0,4.0,0,0.0,0,0.00147,49.2,33446.63494221619,49.127676,0.13022246337493218,1.0,1.0,0.827749
0022501170,1610612747,Los Angeles,Lakers,LAL,lakers,1628379,Luke,Kennard,L. Kennard,luke-kennard,G,,,31:53,31.883333333333333,6,11,0.545,1,2,0.5,1,1,1.0,0,2,2,8,4,0,1,1,14,20.0,0022501170,Luke Kennard,luke kennard,,,2026-04-09,4,0.4391008886565604,0.0,0.06272869837950863,0.25091479351803453,0.12545739675901726,4.0,5.0,5.0,2.0,1.0,4.0,2.0,1.0,2.0,0,0.0,0,0.00179,31.0,17308.766052484647,30.94451,0.12545739675901726,1.0,4.0,0.85546196
0022501170,1610612747,Los Angeles,Lakers,LAL,lakers,1642355,Bronny,James,B. James,bronny-james,,,,20:33,20.55,4,7,0.571,2,4,0.5,0,0,0.0,0,1,1,3,2,0,3,1,10,-5.0,0022501170,Bronny James,bronny james,,,2026-04-09,2,0.48661800486618,0.0,0.048661800486618,0.145985401459854,0.097323600973236,7.0,5.0,7.0,5.0,4.0,4.0,8.0,7.0,3.0,0,0.0,0,0.0020399999999999997,-14.2,-6957.373836354728,-14.171031999999999,0.097323600973236,5.0,6.0,0.2234806
0022501170,1610612747,Los Angeles,Lakers,LAL,lakers,1629020,Jarred,Vanderbilt,J. Vanderbilt,jarred-vanderbilt,,,,25:36,25.6,1,3,0.333,0,2,0.0,0,0,0.0,1,5,6,5,0,0,4,0,2,15.0,0022501170,Jarred Vanderbilt,jarred vanderbilt,,,2026-04-09,0,0.078125,0.0390625,0.234375,0.1953125,0.0390625,9.0,3.0,3.0,3.0,6.0,4.0,6.0,6.0,0.0,0,0.0,0,0.00121,31.3,25846.407927332788,31.262127,0.0,7.0,8.0,0.036534708
0022501170,1610612747,Los Angeles,Lakers,LAL,lakers,1628467,Maxi,Kleber,M. Kleber,maxi-kleber,,,,5:21,5.35,0,1,0.0,0,0,0.0,0,0,0.0,1,0,1,0,0,0,0,0,0,-10.0,0022501170,Maxi Kleber,maxi kleber,,,2026-04-09,0,0.0,0.1869158878504673,0.1869158878504673,0.0,0.1869158878504673,11.0,3.0,7.0,10.0,6.0,4.0,12.0,11.0,0.0,0,0.0,0,0.00077,-83.6,-108430.60959792476,-83.53562799999999,0.0,7.0,2.0,0.005651665
0022501170,1610612747,Los Angeles,Lakers,LAL,lakers,1642876,Adou,Thiero,A. Thiero,adou-thiero,,,,6:35,6.583333333333333,0,1,0.0,0,0,0.0,0,0,0.0,0,0,0,0,0,0,0,0,0,-13.0,0022501170,Adou Thiero,adou thiero,,,2026-04-09,0,0.0,0.0,0.0,0.0,0.0,11.0,5.0,10.0,10.0,6.0,4.0,13.0,10.0,,1,,1,0.00083,-108.3,-130324.9097472924,-108.210111,0.0,7.0,9.0,0.0029404017
0022501170,1610612747,Los Angeles,Lakers,LAL,lakers,1631166,Drew,Timme,D. Timme,drew-timme,,,,8:31,8.516666666666667,2,3,0.667,0,1,0.0,0,0,0.0,0,1,1,2,0,0,2,0,4,-9.0,0022501170,Drew Timme,drew timme,,,2026-04-09,0,0.46966731898238745,0.0,0.11741682974559686,0.23483365949119372,0.0,8.0,5.0,7.0,6.0,6.0,4.0,11.0,9.0,1.0,0,0.0,0,0.00333,-39.6,-11888.321825277693,-39.468132,0.0,7.0,9.0,0.016437434
0022501170,1610612747,Los Angeles,Lakers,LAL,lakers,1641733,Nick,Smith Jr.,N. Smith Jr.,nick-smith-jr,,,,11:20,11.333333333333334,4,5,0.8,4,5,0.8,0,0,0.0,0,0,0,0,0,0,0,0,12,9.0,0022501170,Nick Smith Jr.,nick smith jr,,,2026-04-09,0,1.0588235294117647,0.0,0.0,0.0,0.0,5.0,5.0,10.0,10.0,6.0,4.0,7.0,8.0,,1,,1,0.00217,43.5,20036.849378166742,43.405605,0.0,7.0,9.0,0.5302371
0022501170,1610612747,Los Angeles,Lakers,LAL,lakers,1641723,Kobe,Bufkin,K. Bufkin,kobe-bufkin,,,,3:41,3.6833333333333336,1,2,0.5,0,1,0.0,0,0,0.0,0,0,0,1,0,0,0,1,2,-7.0,0022501170,Kobe Bufkin,kobe bufkin,,,2026-04-09,0,0.5429864253393665,0.0,0.0,0.27149321266968324,0.0,9.0,5.0,10.0,8.0,6.0,4.0,9.0,12.0,1.0,0,0.0,0,0.0028599999999999997,-100.0,-34952.81370150297,-99.714,0.0,7.0,9.0,0.0049320823
0022501170,1610612747,Los Angeles,Lakers,LAL,lakers,1642261,Dalton,Knecht,D. Knecht,dalton-knecht,,,,3:41,3.6833333333333336,0,0,0.0,0,0,0.0,0,0,0.0,0,0,0,0,0,0,0,0,0,-7.0,0022501170,Dalton Knecht,dalton knecht,,,2026-04-09,0,0.0,0.0,0.0,0.0,0.0,11.0,5.0,10.0,10.0,6.0,4.0,9.0,12.0,0.0,0,0.0,0,0.0,-100.0,-100000000.0,-100.0,0.0,7.0,9.0,0.0034259863
0022501185,1610612747,Los Angeles,Lakers,LAL,lakers,2544,LeBron,James,L. James,lebron-james,F,,,32:06,32.1,10,16,0.625,2,2,1.0,6,9,0.667,0,6,6,12,4,0,2,1,28,27.0,0022501185,LeBron James,lebron james,,,2026-04-10,4,0.8722741433021807,0.0,0.18691588785046728,0.37383177570093457,0.12461059190031153,1.0,4.0,2.0,1.0,1.0,4.0,2.0,1.0,5.0,0,0.0,0,0.00333,42.2,12668.868207745421,42.059474,0.12461059190031153,1.0,6.0,0.8274284
0022501185,1610612747,Los Angeles,Lakers,LAL,lakers,1629060,Rui,Hachimura,R. Hachimura,rui-hachimura,F,,,30:47,30.783333333333335,4,8,0.5,2,3,0.667,3,4,0.75,0,2,2,3,0,0,2,4,13,28.0,0022501185,Rui Hachimura,rui hachimura,,,2026-04-10,0,0.42230644288034647,0.0,0.06497022198159176,0.09745533297238765,0.0,3.0,4.0,6.0,3.0,11.0,4.0,1.0,2.0,2.0,0,0.0,0,0.0019,49.8,26196.73855865334,49.70538,0.0,12.0,13.0,0.31874502
0022501185,1610612747,Los Angeles,Lakers,LAL,lakers,1629028,Deandre,Ayton,D. Ayton,deandre-ayton,C,,,30:08,30.133333333333333,4,8,0.5,0,0,0.0,2,2,1.0,2,3,5,0,1,1,0,2,10,19.0,0022501185,Deandre Ayton,deandre ayton,,,2026-04-10,2,0.33185840707964603,0.06637168141592921,0.16592920353982302,0.0,0.13274336283185842,4.0,1.0,3.0,7.0,5.0,1.0,3.0,4.0,1.0,0,0.0,0,0.00153,39.0,25473.546701502288,38.940329999999996,0.06637168141592921,4.0,5.0,0.52652866
0022501185,1610612747,Los Angeles,Lakers,LAL,lakers,1631222,Jake,LaRavia,J. LaRavia,jake-laravia,G,,,30:34,30.566666666666666,1,1,1.0,0,0,0.0,0,0,0.0,0,3,3,1,2,0,1,2,2,11.0,0022501185,Jake LaRavia,jake laravia,,,2026-04-10,2,0.06543075245365322,0.0,0.09814612868047982,0.03271537622682661,0.06543075245365322,10.0,4.0,5.0,5.0,3.0,4.0,5.0,3.0,5.0,0,0.0,0,0.00033,25.0,75528.70090634441,24.99175,0.06543075245365322,4.0,12.0,0.03368895
0022501185,1610612747,Los Angeles,Lakers,LAL,lakers,1628379,Luke,Kennard,L. Kennard,luke-kennard,G,,,28:12,28.2,6,12,0.5,2,4,0.5,5,5,1.0,0,1,1,3,3,0,1,0,19,14.0,0022501185,Luke Kennard,luke kennard,,,2026-04-10,3,0.6737588652482269,0.0,0.03546099290780142,0.10638297872340426,0.10638297872340426,2.0,4.0,9.0,3.0,2.0,4.0,4.0,5.0,3.0,0,0.0,0,0.00241,26.4,10949.813355454167,26.336375999999998,0.10638297872340426,2.0,8.0,0.7325324
0022501185,1610612747,Los Angeles,Lakers,LAL,lakers,1642355,Bronny,James,B. James,bronny-james,,,,12:43,12.716666666666667,1,2,0.5,1,2,0.5,0,0,0.0,0,2,2,0,1,0,2,0,3,5.0,0022501185,Bronny James,bronny james,,,2026-04-10,1,0.23591087811271297,0.0,0.15727391874180865,0.0,0.07863695937090433,9.0,4.0,6.0,7.0,5.0,4.0,9.0,9.0,2.0,0,0.0,0,0.00167,18.4,11011.370436864152,18.369272,0.07863695937090433,6.0,10.0,0.011290176
0022501185,1610612747,Los Angeles,Lakers,LAL,lakers,1629020,Jarred,Vanderbilt,J. Vanderbilt,jarred-vanderbilt,,,,18:40,18.666666666666668,3,6,0.5,0,2,0.0,0,0,0.0,1,6,7,1,1,0,0,2,6,6.0,0022501185,Jarred Vanderbilt,jarred vanderbilt,,,2026-04-10,1,0.3214285714285714,0.05357142857142857,0.375,0.05357142857142857,0.10714285714285714,5.0,2.0,1.0,5.0,5.0,4.0,6.0,6.0,0.0,0,0.0,0,0.0014299999999999998,21.2,14814.814814814818,21.169684,0.05357142857142857,6.0,7.0,0.14440015
0022501185,1610612747,Los Angeles,Lakers,LAL,lakers,1628467,Maxi,Kleber,M. Kleber,maxi-kleber,,,,11:33,11.55,1,3,0.333,0,1,0.0,0,2,0.0,0,0,0,0,1,0,0,2,2,3.0,0022501185,Maxi Kleber,maxi kleber,,,2026-04-10,1,0.17316017316017315,0.0,0.0,0.0,0.08658008658008658,10.0,4.0,12.0,7.0,5.0,4.0,12.0,10.0,2.0,0,0.0,0,0.0014299999999999998,12.0,8385.74423480084,11.98284,0.08658008658008658,6.0,9.0,0.0073438273
0022501185,1610612747,Los Angeles,Lakers,LAL,lakers,203935,Marcus,Smart,M. Smart,marcus-smart,,,,18:03,18.05,2,5,0.4,0,2,0.0,2,2,1.0,0,5,5,7,2,1,2,2,6,5.0,0022501185,Marcus Smart,marcus smart,,,2026-04-10,3,0.33240997229916897,0.0,0.27700831024930744,0.38781163434903043,0.16620498614958448,5.0,4.0,3.0,2.0,3.0,1.0,9.0,7.0,3.0,0,0.0,0,0.00216,14.3,6617.306802406293,14.269112,0.16620498614958448,2.0,4.0,0.1280118
0022501185,1610612747,Los Angeles,Lakers,LAL,lakers,1641733,Nick,Smith Jr.,N. Smith Jr.,nick-smith-jr,,,,13:12,13.2,1,5,0.2,0,3,0.0,2,2,1.0,1,1,2,0,0,0,1,2,4,6.0,0022501185,Nick Smith Jr.,nick smith jr,,,2026-04-10,0,0.30303030303030304,0.07575757575757576,0.15151515151515152,0.0,0.07575757575757576,8.0,2.0,6.0,7.0,11.0,4.0,6.0,8.0,0.0,0,0.0,0,0.0025,23.1,9236.305477808877,23.042250000000003,0.0,12.0,11.0,0.022518719
0022501185,1610612747,Los Angeles,Lakers,LAL,lakers,1631166,Drew,Timme,D. Timme,drew-timme,,,,6:19,6.316666666666666,1,2,0.5,0,0,0.0,0,0,0.0,0,1,1,0,0,0,0,1,2,6.0,0022501185,Drew Timme,drew timme,,,2026-04-10,0,0.316622691292876,0.0,0.158311345646438,0.0,0.0,10.0,4.0,9.0,7.0,11.0,4.0,6.0,11.0,0.0,0,0.0,0,0.002,66.4,33183.408295852074,66.2672,0.0,12.0,13.0,0.011155517
0022501185,1610612747,Los Angeles,Lakers,LAL,lakers,1642261,Dalton,Knecht,D. Knecht,dalton-knecht,,,,4:10,4.166666666666667,1,1,1.0,1,1,1.0,2,2,1.0,0,1,1,0,0,1,0,0,5,4.0,0022501185,Dalton Knecht,dalton knecht,,,2026-04-10,1,1.2,0.0,0.24,0.0,0.24,7.0,4.0,9.0,7.0,11.0,1.0,11.0,12.0,0.0,0,0.0,0,0.0028599999999999997,64.3,22474.65921006641,64.116102,0.24,6.0,3.0,0.028393967
0022501185,1610612747,Los Angeles,Lakers,LAL,lakers,1642876,Adou,Thiero,A. Thiero,adou-thiero,,,,1:47,1.7833333333333332,0,0,0.0,0,0,0.0,0,0,0.0,0,0,0,0,1,0,0,0,0,3.0,0022501185,Adou Thiero,adou thiero,,,2026-04-10,1,0.0,0.0,0.0,0.0,0.5607476635514019,14.0,4.0,12.0,7.0,5.0,4.0,12.0,13.0,1.0,0,0.0,0,0.0,75.0,75000000.0,75.0,0.5607476635514019,6.0,1.0,0.007969362
0022501185,1610612747,Los Angeles,Lakers,LAL,lakers,1643024,Chris,Mañon,C. Mañon,chris-mañon,,,,1:47,1.7833333333333332,0,0,0.0,0,0,0.0,1,2,0.5,0,0,0,0,1,0,0,0,1,3.0,0022501185,Chris Mañon,chris mañon,,,2026-04-10,1,0.5607476635514019,0.0,0.0,0.0,0.5607476635514019,13.0,4.0,12.0,7.0,5.0,4.0,12.0,13.0,1.0,0,0.0,0,0.0025,75.0,29988.004798080765,74.8125,0.5607476635514019,6.0,1.0,0.0077235578
0022501198,1610612747,Los Angeles,Lakers,LAL,lakers,2544,LeBron,James,L. James,lebron-james,F,,,16:33,16.55,6,15,0.4,0,3,0.0,6,7,0.857,0,4,4,6,3,0,4,0,18,14.0,0022501198,LeBron James,lebron james,,,2026-04-12,3,1.0876132930513596,0.0,0.2416918429003021,0.36253776435045315,0.18126888217522658,3.0,6.0,4.0,2.0,1.0,5.0,2.0,7.0,3.0,0,0.0,0,0.00449,32.9,7325.762636383878,32.752279,0.18126888217522658,1.0,4.0,0.7164383
0022501198,1610612747,Los Angeles,Lakers,LAL,lakers,1629060,Rui,Hachimura,R. Hachimura,rui-hachimura,F,,,28:58,28.966666666666665,8,12,0.667,3,5,0.6,3,4,0.75,2,8,10,0,1,0,0,3,22,19.0,0022501198,Rui Hachimura,rui hachimura,,,2026-04-12,1,0.759493670886076,0.06904487917146146,0.34522439585730724,0.0,0.10356731875719218,1.0,3.0,1.0,13.0,4.0,5.0,1.0,1.0,5.0,0,0.0,0,0.002,30.2,15092.453773113442,30.139599999999998,0.03452243958573073,5.0,8.0,0.9097128
0022501198,1610612747,Los Angeles,Lakers,LAL,lakers,1629028,Deandre,Ayton,D. Ayton,deandre-ayton,C,,,25:37,25.616666666666667,10,14,0.714,0,0,0.0,2,2,1.0,3,7,10,1,0,3,0,1,22,13.0,0022501198,Deandre Ayton,deandre ayton,,,2026-04-12,3,0.8588158750813273,0.11711125569290826,0.3903708523096942,0.03903708523096942,0.2342225113858165,1.0,2.0,1.0,9.0,9.0,1.0,3.0,3.0,0.0,0,0.0,0,0.00254,23.6,9287.682014954742,23.540056000000003,0.11711125569290826,1.0,2.0,0.90939
0022501198,1610612747,Los Angeles,Lakers,LAL,lakers,203935,Marcus,Smart,M. Smart,marcus-smart,G,,,26:18,26.3,1,7,0.143,1,5,0.2,2,2,1.0,0,2,2,10,1,0,3,3,5,13.0,0022501198,Marcus Smart,marcus smart,,,2026-04-12,1,0.19011406844106463,0.0,0.07604562737642585,0.38022813688212925,0.03802281368821293,8.0,6.0,8.0,1.0,4.0,5.0,3.0,2.0,3.0,0,0.0,0,0.00159,21.7,13639.220615964801,21.665497,0.03802281368821293,5.0,12.0,0.058580495
0022501198,1610612747,Los Angeles,Lakers,LAL,lakers,1628379,Luke,Kennard,L. Kennard,luke-kennard,G,,,11:24,11.4,1,1,1.0,0,0,0.0,1,2,0.5,0,0,0,1,0,0,1,1,3,8.0,0022501198,Luke Kennard,luke kennard,,,2026-04-12,0,0.2631578947368421,0.0,0.0,0.08771929824561403,0.0,10.0,6.0,12.0,9.0,9.0,5.0,8.0,12.0,0.0,0,0.0,0,0.00115,32.0,27801.911381407474,31.9632,0.0,11.0,13.0,0.0054350435
0022501198,1610612747,Los Angeles,Lakers,LAL,lakers,1642355,Bronny,James,B. James,bronny-james,,,,18:51,18.85,4,7,0.571,3,4,0.75,0,0,0.0,0,1,1,4,1,0,0,1,11,13.0,0022501198,Bronny James,bronny james,,,2026-04-12,1,0.5835543766578248,0.0,0.05305039787798408,0.21220159151193632,0.05305039787798408,6.0,6.0,11.0,3.0,4.0,5.0,3.0,5.0,1.0,0,0.0,0,0.0016300000000000002,38.3,23482.52605763335,38.237570999999996,0.05305039787798408,5.0,11.0,0.7248182
0022501198,1610612747,Los Angeles,Lakers,LAL,lakers,1631222,Jake,LaRavia,J. LaRavia,jake-laravia,,,,24:48,24.8,1,3,0.333,0,1,0.0,0,0,0.0,0,4,4,3,2,1,0,0,2,11.0,0022501198,Jake LaRavia,jake laravia,,,2026-04-12,3,0.08064516129032258,0.0,0.16129032258064516,0.12096774193548386,0.12096774193548386,12.0,6.0,4.0,5.0,2.0,2.0,6.0,4.0,4.0,0,0.0,0,0.00048,20.8,43243.24324324324,20.790016,0.12096774193548386,1.0,7.0,0.039513998
0022501198,1610612747,Los Angeles,Lakers,LAL,lakers,1628467,Maxi,Kleber,M. Kleber,maxi-kleber,,,,15:10,15.166666666666666,1,2,0.5,0,0,0.0,0,0,0.0,4,2,6,0,0,1,2,3,2,10.0,0022501198,Maxi Kleber,maxi kleber,,,2026-04-12,1,0.13186813186813187,0.26373626373626374,0.39560439560439564,0.0,0.32967032967032966,12.0,1.0,3.0,13.0,9.0,2.0,7.0,9.0,0.0,0,0.0,0,0.00089,24.8,27833.894500561168,24.777928000000003,0.06593406593406594,5.0,1.0,0.06728782
0022501198,1610612747,Los Angeles,Lakers,LAL,lakers,1629020,Jarred,Vanderbilt,J. Vanderbilt,jarred-vanderbilt,,,,16:21,16.35,2,5,0.4,0,2,0.0,0,0,0.0,0,4,4,2,2,1,1,1,4,5.0,0022501198,Jarred Vanderbilt,jarred vanderbilt,,,2026-04-12,3,0.24464831804281342,0.0,0.24464831804281342,0.12232415902140671,0.18348623853211007,9.0,6.0,4.0,6.0,2.0,2.0,10.0,8.0,2.0,0,0.0,0,0.00128,12.5,9758.001561280249,12.484,0.18348623853211007,1.0,3.0,0.03313644
0022501198,1610612747,Los Angeles,Lakers,LAL,lakers,1641733,Nick,Smith Jr.,N. Smith Jr.,nick-smith-jr,,,,17:34,17.566666666666666,5,11,0.455,2,6,0.333,0,0,0.0,0,0,0,1,0,0,1,0,12,6.0,0022501198,Nick Smith Jr.,nick smith jr,,,2026-04-12,0,0.683111954459203,0.0,0.0,0.05692599620493359,0.0,5.0,6.0,12.0,9.0,9.0,5.0,9.0,6.0,0.0,0,0.0,0,0.0027300000000000002,18.0,6590.99231050897,17.95086,0.0,11.0,13.0,0.44328985
0022501198,1610612747,Los Angeles,Lakers,LAL,lakers,1642261,Dalton,Knecht,D. Knecht,dalton-knecht,,,,12:00,12.0,6,9,0.667,5,6,0.833,0,0,0.0,0,2,2,4,1,0,0,3,17,3.0,0022501198,Dalton Knecht,dalton knecht,,,2026-04-12,1,1.4166666666666667,0.0,0.16666666666666666,0.3333333333333333,0.08333333333333333,4.0,6.0,8.0,3.0,4.0,5.0,11.0,10.0,0.0,0,0.0,0,0.003,11.1,3698.767077640786,11.066699999999999,0.08333333333333333,5.0,9.0,0.6191509
0022501198,1610612747,Los Angeles,Lakers,LAL,lakers,1642876,Adou,Thiero,A. Thiero,adou-thiero,,,,12:00,12.0,4,4,1.0,0,0,0.0,0,0,0.0,1,3,4,2,0,0,2,2,8,3.0,0022501198,Adou Thiero,adou thiero,,,2026-04-12,0,0.6666666666666666,0.08333333333333333,0.3333333333333333,0.16666666666666666,0.08333333333333333,7.0,4.0,4.0,6.0,9.0,5.0,11.0,10.0,0.0,0,0.0,0,0.002,11.1,5547.226386806596,11.0778,0.0,11.0,9.0,0.2823202
0022501198,1610612747,Los Angeles,Lakers,LAL,lakers,1631166,Drew,Timme,D. Timme,drew-timme,,,,7:13,7.216666666666667,1,1,1.0,1,1,1.0,0,0,0.0,0,0,0,2,1,0,1,1,3,1.0,0022501198,Drew Timme,drew timme,,,2026-04-12,1,0.4157043879907621,0.0,0.0,0.27713625866050806,0.13856812933025403,10.0,6.0,12.0,6.0,4.0,5.0,13.0,13.0,1.0,0,0.0,0,0.00111,15.4,13861.386138613861,15.382906,0.13856812933025403,5.0,5.0,0.008622254
0022501198,1610612747,Los Angeles,Lakers,LAL,lakers,1643024,Chris,Mañon,C. Mañon,chris-mañon,,,,7:13,7.216666666666667,1,2,0.5,0,1,0.0,0,0,0.0,1,1,2,1,0,0,0,1,2,1.0,0022501198,Chris Mañon,chris mañon,,,2026-04-12,0,0.27713625866050806,0.13856812933025403,0.27713625866050806,0.13856812933025403,0.13856812933025403,12.0,4.0,8.0,9.0,9.0,5.0,13.0,13.0,1.0,0,0.0,0,0.00111,15.4,13861.386138613861,15.382906,0.0,11.0,5.0,0.0090426635
