gameId,teamId,teamCity,teamName,teamTricode,teamSlug,personId,firstName,familyName,nameI,playerSlug,position,comment,jerseyNum,minutes,minutes_decimal,fieldGoalsMade,fieldGoalsAttempted,fieldGoalsPercentage,threePointersMade,threePointersAttempted,threePointersPercentage,freeThrowsMade,freeThrowsAttempted,freeThrowsPercentage,reboundsOffensive,reboundsDefensive,reboundsTotal,assists,steals,blocks,turnovers,foulsPersonal,points,plusMinusPoints,GAME_ID,player_name,player_name_key,y,winner_names,game_date,stocks,points_per_min,oreb_per_min,reb_per_min,ast_per_min,hustle_proxy,points_rank,reboundsOffensive_rank,reboundsTotal_rank,assists_rank,steals_rank,blocks_rank,plusMinusPoints_rank,minutes_decimal_rank,deflections,deflections_missing,charges_drawn,charges_drawn_missing,usage_rate,net_rating,impact_efficiency,role_outperformance,stocks_per_min,stocks_rank,hustle_proxy_rank,pred_prob
0022400061,1610612752,New York,Knicks,NYK,knicks,1628384,OG,Anunoby,O. Anunoby,og-anunoby,F,,,34:10,34.166666666666664,1,7,0.143,0,4,0.0,2,2,1.0,0,5,5,3,1,0,0,3,4,-21.0,0022400061,OG Anunoby,og anunoby,,,2024-10-22,1,0.11707317073170732,0.0,0.14634146341463417,0.0878048780487805,0.02926829268292683,7.0,4.0,3.0,2.0,1.0,3.0,9.0,2.0,2.0,0,0.0,0,0.00108,-37.2,-34412.58094357077,-37.159824,0.02926829268292683,2.0,5.0,0.0150144035
0022400061,1610612752,New York,Knicks,NYK,knicks,1628404,Josh,Hart,J. Hart,josh-hart,F,,,24:30,24.5,4,6,0.667,0,2,0.0,4,6,0.667,1,3,4,3,0,0,1,0,12,-23.0,0022400061,Josh Hart,josh hart,,,2024-10-22,0,0.4897959183673469,0.04081632653061224,0.16326530612244897,0.12244897959183673,0.04081632653061224,4.0,2.0,4.0,2.0,3.0,3.0,10.0,4.0,1.0,0,0.0,0,0.00196,-48.9,-24936.257011728707,-48.804156,0.0,5.0,4.0,0.18399674
0022400061,1610612752,New York,Knicks,NYK,knicks,1626157,Karl-Anthony,Towns,K. Towns,karl-anthony-towns,C,,,23:37,23.616666666666667,5,9,0.556,1,2,0.5,1,1,1.0,0,7,7,3,0,0,0,1,12,-18.0,0022400061,Karl-Anthony Towns,karl-anthony towns,,,2024-10-22,0,0.5081157374735357,0.0,0.2964008468595625,0.12702893436838392,0.0,4.0,4.0,2.0,2.0,3.0,3.0,7.0,7.0,1.0,0,0.0,0,0.00184,-41.8,-22705.051602390005,-41.723088,0.0,5.0,6.0,0.39438653
0022400061,1610612752,New York,Knicks,NYK,knicks,1628969,Mikal,Bridges,M. Bridges,mikal-bridges,G,,,34:37,34.61666666666667,7,13,0.538,2,7,0.286,0,1,0.0,0,0,0,2,0,0,1,0,16,-33.0,0022400061,Mikal Bridges,mikal bridges,,,2024-10-22,0,0.46220510351468463,0.0,0.0,0.05777563793933558,0.0,3.0,4.0,9.0,5.0,3.0,3.0,12.0,1.0,0.0,0,0.0,0,0.00197,-44.8,-22729.578893962454,-44.711743999999996,0.0,5.0,6.0,0.29647923
0022400061,1610612752,New York,Knicks,NYK,knicks,1628973,Jalen,Brunson,J. Brunson,jalen-brunson,G,,,24:30,24.5,9,14,0.643,1,2,0.5,3,3,1.0,0,1,1,2,0,0,4,3,22,-23.0,0022400061,Jalen Brunson,jalen brunson,,,2024-10-22,0,0.8979591836734694,0.0,0.04081632653061224,0.08163265306122448,0.0,1.0,4.0,7.0,5.0,3.0,3.0,10.0,4.0,1.0,0,0.0,0,0.00373,-48.9,-13106.405789332619,-48.717603,0.0,5.0,6.0,0.7479481
0022400061,1610612752,New York,Knicks,NYK,knicks,1630579,Jericho,Sims,J. Sims,jericho-sims,,,,24:23,24.383333333333333,2,3,0.667,0,0,0.0,0,0,0.0,3,6,9,1,0,2,1,0,4,-5.0,0022400061,Jericho Sims,jericho sims,,,2024-10-22,2,0.16404647983595352,0.12303485987696514,0.36910457963089544,0.04101161995898838,0.2050580997949419,7.0,1.0,1.0,8.0,3.0,1.0,6.0,6.0,1.0,0,0.0,0,0.00078,-13.6,-17413.572343149808,-13.589392,0.08202323991797676,1.0,1.0,0.11427194
0022400061,1610612752,New York,Knicks,NYK,knicks,1630540,Miles,McBride,M. McBride,miles-mcbride,,,,25:51,25.85,8,10,0.8,4,5,0.8,2,3,0.667,0,0,0,2,0,0,1,1,22,-18.0,0022400061,Miles McBride,miles mcbride,,,2024-10-22,0,0.851063829787234,0.0,0.0,0.07736943907156672,0.0,1.0,4.0,9.0,5.0,3.0,3.0,7.0,3.0,1.0,0,1.0,0,0.00222,-40.0,-18009.905447996396,-39.9112,0.0,5.0,6.0,0.8677159
0022400061,1610612752,New York,Knicks,NYK,knicks,1626166,Cameron,Payne,C. Payne,cameron-payne,,,,20:43,20.716666666666665,5,10,0.5,1,4,0.25,0,0,0.0,1,2,3,4,1,0,1,3,11,0.0,0022400061,Cameron Payne,cameron payne,,,2024-10-22,1,0.5309734513274337,0.048270313757039426,0.14481094127111827,0.1930812550281577,0.09654062751407885,6.0,2.0,6.0,1.0,1.0,3.0,4.0,8.0,6.0,0,0.0,0,0.0025,-6.4,-2558.9764094362254,-6.384,0.048270313757039426,2.0,3.0,0.61747766
0022400061,1610612752,New York,Knicks,NYK,knicks,1642359,Pacôme,Dadiet,P. Dadiet,pacôme-dadiet,,,,13:23,13.383333333333333,1,3,0.333,1,2,0.5,0,0,0.0,0,1,1,0,0,0,0,1,3,10.0,0022400061,Pacôme Dadiet,pacôme dadiet,,,2024-10-22,0,0.22415940224159403,0.0,0.07471980074719801,0.0,0.0,9.0,4.0,7.0,9.0,3.0,3.0,1.0,9.0,0.0,0,0.0,0,0.00111,34.8,31323.13231323132,34.761371999999994,0.0,5.0,6.0,0.02388646
0022400061,1610612752,New York,Knicks,NYK,knicks,1630574,Ariel,Hukporti,A. Hukporti,ariel-hukporti,,,,6:05,6.083333333333333,0,0,0.0,0,0,0.0,0,0,0.0,0,4,4,0,0,1,0,0,0,9.0,0022400061,Ariel Hukporti,ariel hukporti,,,2024-10-22,1,0.0,0.0,0.6575342465753425,0.0,0.16438356164383564,11.0,4.0,4.0,9.0,3.0,2.0,2.0,10.0,0.0,0,0.0,0,0.0,73.5,73500000.0,73.5,0.16438356164383564,2.0,2.0,0.044512227
0022400061,1610612752,New York,Knicks,NYK,knicks,1642278,Tyler,Kolek,T. Kolek,tyler-kolek,,,,5:24,5.4,1,2,0.5,1,1,1.0,0,0,0.0,0,0,0,0,0,0,2,0,3,7.0,0022400061,Tyler Kolek,tyler kolek,,,2024-10-22,0,0.5555555555555555,0.0,0.0,0.0,0.0,9.0,4.0,9.0,9.0,3.0,3.0,3.0,11.0,0.0,0,0.0,0,0.00364,61.8,16973.35896731667,61.575047999999995,0.0,5.0,6.0,0.009904819
0022400061,1610612752,New York,Knicks,NYK,knicks,1631210,Jacob,Toppin,J. Toppin,jacob-toppin,,,,2:47,2.783333333333333,0,1,0.0,0,1,0.0,0,0,0.0,0,0,0,0,0,0,0,0,0,0.0,0022400061,Jacob Toppin,jacob toppin,,,2024-10-22,0,0.0,0.0,0.0,0.0,0.0,11.0,4.0,9.0,9.0,3.0,3.0,4.0,12.0,,1,,1,0.002,0.0,0.0,0.0,0.0,5.0,6.0,0.0040390464
0022400081,1610612752,New York,Knicks,NYK,knicks,1628384,OG,Anunoby,O. Anunoby,og-anunoby,F,,,34:01,34.016666666666666,6,12,0.5,1,4,0.25,1,2,0.5,0,4,4,1,1,0,1,3,14,18.0,0022400081,OG Anunoby,og anunoby,,,2024-10-25,1,0.41156295933366,0.0,0.11758941695247428,0.02939735423811857,0.02939735423811857,5.0,6.0,4.0,6.0,1.0,3.0,3.0,2.0,4.0,0,0.0,0,0.0017299999999999998,25.7,14846.909300982094,25.655538999999997,0.02939735423811857,3.0,7.0,0.5038354
0022400081,1610612752,New York,Knicks,NYK,knicks,1628404,Josh,Hart,J. Hart,josh-hart,F,,,36:40,36.666666666666664,8,15,0.533,1,6,0.167,3,4,0.75,3,7,10,3,1,0,3,1,20,35.0,0022400081,Josh Hart,josh hart,,,2024-10-25,1,0.5454545454545455,0.08181818181818182,0.27272727272727276,0.08181818181818182,0.1090909090909091,4.0,2.0,2.0,3.0,1.0,3.0,2.0,1.0,3.0,0,0.0,0,0.00244,49.2,20155.67390413765,49.079952000000006,0.027272727272727275,3.0,3.0,0.62087965
0022400081,1610612752,New York,Knicks,NYK,knicks,1626157,Karl-Anthony,Towns,K. Towns,karl-anthony-towns,C,,,32:18,32.3,5,11,0.455,2,2,1.0,9,10,0.9,4,11,15,0,1,2,0,2,21,17.0,0022400081,Karl-Anthony Towns,karl-anthony towns,,,2024-10-25,3,0.65015479876161,0.12383900928792571,0.4643962848297214,0.0,0.21671826625387,2.0,1.0,1.0,7.0,1.0,1.0,4.0,4.0,0.0,0,0.0,0,0.0020499999999999997,26.7,13018.039980497319,26.645265,0.09287925696594428,1.0,2.0,0.8832748
0022400081,1610612752,New York,Knicks,NYK,knicks,1628969,Mikal,Bridges,M. Bridges,mikal-bridges,G,,,33:29,33.483333333333334,8,12,0.667,2,3,0.667,3,4,0.75,1,0,1,5,1,0,1,4,21,13.0,0022400081,Mikal Bridges,mikal bridges,,,2024-10-25,1,0.627177700348432,0.029865604778496764,0.029865604778496764,0.1493280238924838,0.05973120955699353,2.0,4.0,8.0,1.0,1.0,3.0,5.0,3.0,2.0,0,0.0,0,0.0019500000000000001,20.9,10712.45515120451,20.859244999999998,0.029865604778496764,3.0,6.0,0.7749682
0022400081,1610612752,New York,Knicks,NYK,knicks,1628973,Jalen,Brunson,J. Brunson,jalen-brunson,G,,,29:56,29.933333333333334,10,19,0.526,3,5,0.6,3,4,0.75,2,3,5,5,0,0,1,1,26,36.0,0022400081,Jalen Brunson,jalen brunson,,,2024-10-25,0,0.8685968819599109,0.06681514476614699,0.16703786191536749,0.16703786191536749,0.06681514476614699,1.0,3.0,3.0,1.0,6.0,3.0,1.0,5.0,1.0,0,0.0,0,0.00296,56.8,19182.70854441067,56.631872,0.0,7.0,5.0,0.7192528
0022400081,1610612752,New York,Knicks,NYK,knicks,1630540,Miles,McBride,M. McBride,miles-mcbride,,,,20:37,20.616666666666667,3,4,0.75,2,2,1.0,0,0,0.0,0,2,2,2,0,0,2,3,8,7.0,0022400081,Miles McBride,miles mcbride,,,2024-10-25,0,0.3880355699272433,0.0,0.09700889248181083,0.09700889248181083,0.0,6.0,6.0,5.0,5.0,6.0,3.0,7.0,7.0,2.0,0,0.0,0,0.00133,20.0,15026.296018031557,19.973399999999998,0.0,7.0,8.0,0.054930072
0022400081,1610612752,New York,Knicks,NYK,knicks,1630579,Jericho,Sims,J. Sims,jericho-sims,,,,14:58,14.966666666666667,1,1,1.0,0,0,0.0,0,0,0.0,0,2,2,0,0,0,0,1,2,8.0,0022400081,Jericho Sims,jericho sims,,,2024-10-25,0,0.13363028953229397,0.0,0.13363028953229397,0.0,0.0,9.0,6.0,5.0,7.0,6.0,3.0,6.0,8.0,1.0,0,0.0,0,0.00032,30.4,94704.04984423674,30.390272,0.0,7.0,8.0,0.015952077
0022400081,1610612752,New York,Knicks,NYK,knicks,1626166,Cameron,Payne,C. Payne,cameron-payne,,,,22:02,22.033333333333335,3,9,0.333,1,5,0.2,0,1,0.0,1,1,2,3,1,0,0,1,7,3.0,0022400081,Cameron Payne,cameron payne,,,2024-10-25,1,0.3177004538577912,0.0453857791225416,0.0907715582450832,0.1361573373676248,0.0907715582450832,7.0,4.0,5.0,3.0,1.0,3.0,8.0,6.0,3.0,0,0.0,0,0.00184,9.5,5160.2390005431835,9.482520000000001,0.0453857791225416,3.0,4.0,0.06927222
0022400081,1610612752,New York,Knicks,NYK,knicks,1630574,Ariel,Hukporti,A. Hukporti,ariel-hukporti,,,,5:43,5.716666666666667,0,0,0.0,0,0,0.0,0,0,0.0,0,1,1,0,0,2,1,1,0,-5.0,0022400081,Ariel Hukporti,ariel hukporti,,,2024-10-25,2,0.0,0.0,0.1749271137026239,0.0,0.3498542274052478,10.0,6.0,8.0,7.0,6.0,1.0,12.0,9.0,2.0,0,0.0,0,0.00083,-30.8,-37063.77858002407,-30.774436,0.3498542274052478,2.0,1.0,0.004394896
0022400081,1610612752,New York,Knicks,NYK,knicks,1642359,Pacôme,Dadiet,P. Dadiet,pacôme-dadiet,,,,4:24,4.4,0,1,0.0,0,0,0.0,0,0,0.0,0,1,1,0,0,0,1,1,0,-3.0,0022400081,Pacôme Dadiet,pacôme dadiet,,,2024-10-25,0,0.0,0.0,0.22727272727272727,0.0,0.0,10.0,6.0,8.0,7.0,6.0,3.0,10.0,10.0,,1,,1,0.002,-30.0,-14992.503748125935,-29.94,0.0,7.0,8.0,0.0022341646
0022400081,1610612752,New York,Knicks,NYK,knicks,1642278,Tyler,Kolek,T. Kolek,tyler-kolek,,,,3:45,3.75,0,0,0.0,0,0,0.0,4,4,1.0,0,0,0,0,0,0,1,0,4,-4.0,0022400081,Tyler Kolek,tyler kolek,,,2024-10-25,0,1.0666666666666667,0.0,0.0,0.0,0.0,8.0,6.0,11.0,7.0,6.0,3.0,11.0,11.0,1.0,0,0.0,0,0.00333,-44.4,-13329.33053137196,-44.252148,0.0,7.0,8.0,0.009555472
0022400081,1610612752,New York,Knicks,NYK,knicks,1631210,Jacob,Toppin,J. Toppin,jacob-toppin,,,,2:08,2.1333333333333333,0,0,0.0,0,0,0.0,0,0,0.0,0,0,0,0,0,0,0,0,0,0.0,0022400081,Jacob Toppin,jacob toppin,,,2024-10-25,0,0.0,0.0,0.0,0.0,0.0,10.0,6.0,11.0,7.0,6.0,3.0,9.0,12.0,,1,,1,0.0,13.3,13300000.000000002,13.3,0.0,7.0,8.0,0.0034073212
0022400106,1610612752,New York,Knicks,NYK,knicks,1628384,OG,Anunoby,O. Anunoby,og-anunoby,F,,,36:52,36.86666666666667,7,13,0.538,1,4,0.25,0,1,0.0,1,1,2,2,2,1,2,3,15,3.0,0022400106,OG Anunoby,og anunoby,,,2024-10-28,3,0.40687160940325495,0.027124773960216998,0.054249547920433995,0.054249547920433995,0.10849909584086799,4.0,3.0,7.0,5.0,2.0,1.0,1.0,4.0,4.0,0,0.0,0,0.00167,2.5,1496.1101137043686,2.495825,0.081374321880651,1.0,4.0,0.7436732
0022400106,1610612752,New York,Knicks,NYK,knicks,1628404,Josh,Hart,J. Hart,josh-hart,F,,,37:50,37.833333333333336,4,10,0.4,2,5,0.4,6,6,1.0,4,9,13,2,3,0,5,1,16,-4.0,0022400106,Josh Hart,josh hart,,,2024-10-28,3,0.4229074889867841,0.10572687224669602,0.3436123348017621,0.05286343612334801,0.18502202643171806,3.0,1.0,1.0,5.0,1.0,4.0,6.0,2.0,3.0,0,0.0,0,0.00209,-4.0,-1912.960306073649,-3.99164,0.07929515418502202,1.0,2.0,0.5821525
0022400106,1610612752,New York,Knicks,NYK,knicks,1626157,Karl-Anthony,Towns,K. Towns,karl-anthony-towns,C,,,32:17,32.28333333333333,4,8,0.5,1,2,0.5,4,4,1.0,1,9,10,3,1,0,3,6,13,-1.0,0022400106,Karl-Anthony Towns,karl-anthony towns,,,2024-10-28,1,0.4026845637583893,0.030975735673722252,0.30975735673722254,0.09292720702116676,0.061951471347444505,6.0,3.0,2.0,3.0,4.0,4.0,4.0,5.0,2.0,0,0.0,0,0.0017100000000000001,7.4,4324.956165984804,7.387346000000001,0.030975735673722252,4.0,7.0,0.6466008
0022400106,1610612752,New York,Knicks,NYK,knicks,1628969,Mikal,Bridges,M. Bridges,mikal-bridges,G,,,40:10,40.166666666666664,9,15,0.6,1,4,0.25,0,0,0.0,4,2,6,3,2,1,2,4,19,-14.0,0022400106,Mikal Bridges,mikal bridges,,,2024-10-28,3,0.47302904564315357,0.09958506224066391,0.14937759336099585,0.07468879668049792,0.17427385892116184,2.0,1.0,3.0,3.0,2.0,1.0,9.0,1.0,2.0,0,0.0,0,0.00172,-14.4,-8367.228355607205,-14.375231999999999,0.07468879668049792,1.0,3.0,0.78788626
0022400106,1610612752,New York,Knicks,NYK,knicks,1628973,Jalen,Brunson,J. Brunson,jalen-brunson,G,,,37:36,37.6,8,24,0.333,0,4,0.0,5,7,0.714,0,3,3,7,0,0,1,2,21,0.0,0022400106,Jalen Brunson,jalen brunson,,,2024-10-28,0,0.5585106382978723,0.0,0.07978723404255318,0.18617021276595744,0.0,1.0,8.0,4.0,1.0,5.0,4.0,3.0,3.0,0.0,0,1.0,0,0.00315,2.8,888.6067914947635,2.7911799999999998,0.0,6.0,9.0,0.7186395
0022400106,1610612752,New York,Knicks,NYK,knicks,1630579,Jericho,Sims,J. Sims,jericho-sims,,,,3:48,3.8,0,0,0.0,0,0,0.0,0,0,0.0,1,0,1,0,0,0,0,1,0,-6.0,0022400106,Jericho Sims,jericho sims,,,2024-10-28,0,0.0,0.2631578947368421,0.2631578947368421,0.0,0.2631578947368421,8.0,3.0,9.0,8.0,5.0,4.0,7.0,9.0,0.0,0,0.0,0,0.0,-71.4,-71400000.00000001,-71.4,0.0,6.0,1.0,0.009668741
0022400106,1610612752,New York,Knicks,NYK,knicks,1630540,Miles,McBride,M. McBride,miles-mcbride,,,,29:08,29.133333333333333,6,12,0.5,2,6,0.333,0,0,0.0,1,2,3,4,0,0,1,2,14,-3.0,0022400106,Miles McBride,miles mcbride,,,2024-10-28,0,0.4805491990846682,0.034324942791762014,0.10297482837528604,0.13729977116704806,0.034324942791762014,5.0,3.0,4.0,2.0,5.0,4.0,5.0,6.0,1.0,0,0.0,0,0.0017599999999999998,-1.2,-681.4310051107326,-1.197888,0.0,6.0,8.0,0.43592656
0022400106,1610612752,New York,Knicks,NYK,knicks,1626166,Cameron,Payne,C. Payne,cameron-payne,,,,10:24,10.4,2,7,0.286,2,3,0.667,0,0,0.0,1,2,3,1,0,0,1,1,6,-6.0,0022400106,Cameron Payne,cameron payne,,,2024-10-28,0,0.5769230769230769,0.09615384615384615,0.28846153846153844,0.09615384615384615,0.09615384615384615,7.0,3.0,4.0,7.0,5.0,4.0,7.0,8.0,,1,,1,0.00296,-20.5,-6923.336710570753,-20.439320000000002,0.0,6.0,5.0,0.076158576
0022400106,1610612752,New York,Knicks,NYK,knicks,1630574,Ariel,Hukporti,A. Hukporti,ariel-hukporti,,,,11:55,11.916666666666666,0,1,0.0,0,0,0.0,0,0,0.0,0,2,2,0,0,1,1,1,0,1.0,0022400106,Ariel Hukporti,ariel hukporti,,,2024-10-28,1,0.0,0.0,0.16783216783216784,0.0,0.08391608391608392,8.0,8.0,7.0,8.0,5.0,1.0,2.0,7.0,2.0,0,0.0,0,0.0006900000000000001,13.7,19826.338639652673,13.690547,0.08391608391608392,4.0,6.0,0.010831653
0022400122,1610612752,New York,Knicks,NYK,knicks,1628384,OG,Anunoby,O. Anunoby,og-anunoby,F,,,36:52,36.86666666666667,3,6,0.5,3,6,0.5,2,2,1.0,0,3,3,0,2,0,3,2,11,11.0,0022400122,OG Anunoby,og anunoby,,,2024-10-30,2,0.298372513562387,0.0,0.081374321880651,0.0,0.054249547920433995,4.0,6.0,3.0,7.0,1.0,4.0,2.0,4.0,4.0,0,0.0,0,0.00122,13.2,10810.810810810812,13.183895999999999,0.054249547920433995,3.0,6.0,0.21755028
0022400122,1610612752,New York,Knicks,NYK,knicks,1628404,Josh,Hart,J. Hart,josh-hart,F,,,42:14,42.233333333333334,4,7,0.571,2,5,0.4,0,0,0.0,1,13,14,6,1,0,0,3,10,9.0,0022400122,Josh Hart,josh hart,,,2024-10-30,1,0.23677979479084452,0.02367797947908445,0.3314917127071823,0.1420678768745067,0.0473559589581689,5.0,2.0,1.0,2.0,4.0,4.0,4.0,1.0,3.0,0,0.0,0,0.0008,12.8,15980.024968789014,12.789760000000001,0.02367797947908445,5.0,7.0,0.5613111
0022400122,1610612752,New York,Knicks,NYK,knicks,1626157,Karl-Anthony,Towns,K. Towns,karl-anthony-towns,C,,,38:46,38.766666666666666,17,25,0.68,4,5,0.8,6,6,1.0,3,10,13,2,0,0,2,5,44,15.0,0022400122,Karl-Anthony Towns,karl-anthony towns,,,2024-10-30,0,1.1349957007738607,0.07738607050730868,0.3353396388650043,0.051590713671539126,0.07738607050730868,1.0,1.0,2.0,5.0,6.0,4.0,1.0,3.0,1.0,0,0.0,0,0.0034899999999999996,21.0,6015.468347178459,20.92671,0.0,6.0,5.0,0.8432121
0022400122,1610612752,New York,Knicks,NYK,knicks,1628969,Mikal,Bridges,M. Bridges,mikal-bridges,G,,,39:52,39.86666666666667,6,16,0.375,4,11,0.364,1,2,0.5,1,2,3,6,2,2,1,2,17,10.0,0022400122,Mikal Bridges,mikal bridges,,,2024-10-30,4,0.42642140468227424,0.02508361204013378,0.07525083612040134,0.1505016722408027,0.1254180602006689,3.0,2.0,3.0,2.0,1.0,1.0,3.0,2.0,2.0,0,0.0,0,0.00209,14.0,6695.361071257771,13.97074,0.10033444816053512,1.0,3.0,0.5378208
0022400122,1610612752,New York,Knicks,NYK,knicks,1628973,Jalen,Brunson,J. Brunson,jalen-brunson,G,,,36:22,36.36666666666667,6,18,0.333,3,7,0.429,7,8,0.875,0,2,2,9,0,0,1,0,22,5.0,0022400122,Jalen Brunson,jalen brunson,,,2024-10-30,0,0.6049495875343721,0.0,0.054995417048579284,0.24747937671860679,0.0,2.0,6.0,7.0,1.0,6.0,4.0,5.0,5.0,1.0,0,0.0,0,0.00291,8.5,2919.9587770525595,8.475265,0.0,6.0,8.0,0.46418813
0022400122,1610612752,New York,Knicks,NYK,knicks,1630579,Jericho,Sims,J. Sims,jericho-sims,,,,9:14,9.233333333333333,1,1,1.0,0,0,0.0,0,0,0.0,1,2,3,0,0,0,0,2,2,-6.0,0022400122,Jericho Sims,jericho sims,,,2024-10-30,0,0.21660649819494587,0.10830324909747294,0.3249097472924188,0.0,0.10830324909747294,7.0,2.0,3.0,7.0,6.0,4.0,8.0,8.0,0.0,0,0.0,0,0.00045,-26.8,-59423.50332594235,-26.787940000000003,0.0,6.0,4.0,0.084636666
0022400122,1610612752,New York,Knicks,NYK,knicks,1630540,Miles,McBride,M. McBride,miles-mcbride,,,,25:02,25.033333333333335,3,8,0.375,2,5,0.4,2,2,1.0,1,2,3,2,2,1,2,1,10,-3.0,0022400122,Miles McBride,miles mcbride,,,2024-10-30,3,0.3994673768308921,0.03994673768308921,0.11984021304926763,0.07989347536617843,0.15978695073235685,5.0,2.0,3.0,5.0,1.0,2.0,7.0,6.0,2.0,0,0.0,0,0.00193,-5.9,-3055.411703780425,-5.888613,0.11984021304926763,2.0,2.0,0.19548836
0022400122,1610612752,New York,Knicks,NYK,knicks,1626166,Cameron,Payne,C. Payne,cameron-payne,,,,11:38,11.633333333333333,0,1,0.0,0,1,0.0,0,0,0.0,0,1,1,5,1,1,0,1,0,4.0,0022400122,Cameron Payne,cameron payne,,,2024-10-30,2,0.0,0.0,0.08595988538681949,0.42979942693409745,0.17191977077363899,8.0,6.0,8.0,4.0,4.0,2.0,6.0,7.0,3.0,0,0.0,0,0.0004,21.9,54613.46633416458,21.89124,0.17191977077363899,3.0,1.0,0.018591939
0022400134,1610612752,New York,Knicks,NYK,knicks,1628384,OG,Anunoby,O. Anunoby,og-anunoby,F,,,32:46,32.766666666666666,8,15,0.533,3,5,0.6,2,2,1.0,2,2,4,6,2,0,0,0,21,23.0,0022400134,OG Anunoby,og anunoby,,,2024-11-01,2,0.6408952187182095,0.061037639877924724,0.12207527975584945,0.18311291963377416,0.12207527975584945,2.0,4.0,5.0,2.0,3.0,4.0,4.0,3.0,3.0,0,0.0,0,0.002,33.8,16891.554222888553,33.7324,0.061037639877924724,4.0,6.0,0.6753742
0022400134,1610612752,New York,Knicks,NYK,knicks,1628404,Josh,Hart,J. Hart,josh-hart,F,,,37:06,37.1,6,9,0.667,1,3,0.333,0,0,0.0,3,6,9,4,2,0,3,2,13,24.0,0022400134,Josh Hart,josh hart,,,2024-11-01,2,0.3504043126684636,0.08086253369272237,0.2425876010781671,0.10781671159029649,0.1347708894878706,5.0,1.0,2.0,4.0,3.0,4.0,3.0,1.0,3.0,0,0.0,0,0.00132,32.9,24905.374716124148,32.856572,0.053908355795148244,4.0,5.0,0.5665443
0022400134,1610612752,New York,Knicks,NYK,knicks,1626157,Karl-Anthony,Towns,K. Towns,karl-anthony-towns,C,,,27:29,27.483333333333334,8,18,0.444,3,6,0.5,2,3,0.667,3,8,11,7,2,1,1,1,21,28.0,0022400134,Karl-Anthony Towns,karl-anthony towns,,,2024-11-01,3,0.7640994542146755,0.1091570648878108,0.4002425712553062,0.2546998180715585,0.2183141297756216,2.0,1.0,1.0,1.0,3.0,1.0,2.0,6.0,0.0,0,0.0,0,0.00299,49.9,16683.383483784684,49.750798999999994,0.1091570648878108,3.0,2.0,0.8806917
0022400134,1610612752,New York,Knicks,NYK,knicks,1628969,Mikal,Bridges,M. Bridges,mikal-bridges,G,,,34:40,34.666666666666664,6,13,0.462,3,6,0.5,0,0,0.0,0,7,7,3,3,1,0,0,15,31.0,0022400134,Mikal Bridges,mikal bridges,,,2024-11-01,4,0.4326923076923077,0.0,0.20192307692307693,0.08653846153846155,0.11538461538461539,4.0,6.0,3.0,5.0,2.0,1.0,1.0,2.0,3.0,0,0.0,0,0.00151,41.9,27729.98014559894,41.836731,0.11538461538461539,1.0,7.0,0.8017277
0022400134,1610612752,New York,Knicks,NYK,knicks,1628973,Jalen,Brunson,J. Brunson,jalen-brunson,G,,,30:39,30.65,14,22,0.636,6,8,0.75,2,4,0.5,0,1,1,5,2,0,2,2,36,23.0,0022400134,Jalen Brunson,jalen brunson,,,2024-11-01,2,1.1745513866231647,0.0,0.032626427406199025,0.1631321370309951,0.06525285481239805,1.0,6.0,7.0,3.0,3.0,4.0,4.0,4.0,1.0,0,0.0,0,0.00338,31.9,9435.078379177758,31.792177999999996,0.06525285481239805,4.0,8.0,0.69722325
0022400134,1610612752,New York,Knicks,NYK,knicks,1630579,Jericho,Sims,J. Sims,jericho-sims,,,,16:22,16.366666666666667,0,1,0.0,0,0,0.0,0,0,0.0,3,3,6,0,0,1,2,3,0,0.0,0022400134,Jericho Sims,jericho sims,,,2024-11-01,1,0.0,0.18329938900203666,0.3665987780040733,0.0,0.24439918533604887,11.0,1.0,4.0,9.0,8.0,1.0,8.0,7.0,1.0,0,0.0,0,0.0007099999999999999,2.9,4078.762306610408,2.897941,0.06109979633401222,7.0,1.0,0.037726976
0022400134,1610612752,New York,Knicks,NYK,knicks,1630540,Miles,McBride,M. McBride,miles-mcbride,,,,28:19,28.316666666666666,4,12,0.333,2,8,0.25,0,1,0.0,1,2,3,2,4,0,0,2,10,14.0,0022400134,Miles McBride,miles mcbride,,,2024-11-01,4,0.3531489111241907,0.03531489111241907,0.10594467333725721,0.07062978222483814,0.17657445556209536,6.0,5.0,6.0,7.0,1.0,4.0,6.0,5.0,6.0,0,0.0,0,0.0017100000000000001,25.8,15078.901227352426,25.755882,0.14125956444967627,1.0,4.0,0.5620984
0022400134,1610612752,New York,Knicks,NYK,knicks,1626166,Cameron,Payne,C. Payne,cameron-payne,,,,12:15,12.25,2,6,0.333,0,2,0.0,0,0,0.0,0,1,1,3,0,0,0,2,4,7.0,0022400134,Cameron Payne,cameron payne,,,2024-11-01,0,0.32653061224489793,0.0,0.08163265306122448,0.24489795918367346,0.0,7.0,6.0,7.0,5.0,8.0,4.0,7.0,8.0,1.0,0,0.0,0,0.00182,33.3,18286.65568369028,33.239394,0.0,9.0,9.0,0.025565302
0022400134,1610612752,New York,Knicks,NYK,knicks,1642278,Tyler,Kolek,T. Kolek,tyler-kolek,,,,5:06,5.1,2,3,0.667,0,0,0.0,0,0,0.0,0,1,1,0,1,0,0,0,4,0.0,0022400134,Tyler Kolek,tyler kolek,,,2024-11-01,1,0.7843137254901962,0.0,0.19607843137254904,0.0,0.19607843137254904,7.0,6.0,7.0,9.0,7.0,4.0,8.0,9.0,1.0,0,0.0,0,0.003,0.0,0.0,0.0,0.19607843137254904,7.0,3.0,0.053269066
0022400134,1610612752,New York,Knicks,NYK,knicks,1630574,Ariel,Hukporti,A. Hukporti,ariel-hukporti,,,,5:06,5.1,0,0,0.0,0,0,0.0,0,0,0.0,0,0,0,0,0,0,1,2,0,0.0,0022400134,Ariel Hukporti,ariel hukporti,,,2024-11-01,0,0.0,0.0,0.0,0.0,0.0,11.0,6.0,12.0,9.0,8.0,4.0,8.0,9.0,0.0,0,0.0,0,0.001,0.0,0.0,0.0,0.0,9.0,9.0,0.004076465
0022400134,1610612752,New York,Knicks,NYK,knicks,1642359,Pacôme,Dadiet,P. Dadiet,pacôme-dadiet,,,,5:06,5.1,1,1,1.0,0,0,0.0,0,0,0.0,0,1,1,0,0,0,0,0,2,0.0,0022400134,Pacôme Dadiet,pacôme dadiet,,,2024-11-01,0,0.3921568627450981,0.0,0.19607843137254904,0.0,0.0,9.0,6.0,7.0,9.0,8.0,4.0,8.0,9.0,0.0,0,0.0,0,0.001,0.0,0.0,0.0,0.0,9.0,9.0,0.0091986945
0022400134,1610612752,New York,Knicks,NYK,knicks,1631210,Jacob,Toppin,J. Toppin,jacob-toppin,,,,5:06,5.1,1,1,1.0,0,0,0.0,0,0,0.0,0,1,1,1,0,0,0,0,2,0.0,0022400134,Jacob Toppin,jacob toppin,,,2024-11-01,0,0.3921568627450981,0.0,0.19607843137254904,0.19607843137254904,0.0,9.0,6.0,7.0,8.0,8.0,4.0,8.0,9.0,1.0,0,0.0,0,0.001,0.0,0.0,0.0,0.0,9.0,9.0,0.00929209
0022400161,1610612752,New York,Knicks,NYK,knicks,1628384,OG,Anunoby,O. Anunoby,og-anunoby,F,,,39:35,39.583333333333336,7,14,0.5,5,6,0.833,2,3,0.667,1,5,6,2,1,2,0,2,21,-5.0,0022400161,OG Anunoby,og anunoby,,,2024-11-04,3,0.5305263157894736,0.02526315789473684,0.15157894736842104,0.05052631578947368,0.10105263157894737,2.0,2.0,2.0,3.0,2.0,1.0,4.0,3.0,8.0,0,0.0,0,0.00169,-6.7,-3962.152572442342,-6.688677,0.07578947368421052,1.0,3.0,0.88579077
0022400161,1610612752,New York,Knicks,NYK,knicks,1628404,Josh,Hart,J. Hart,josh-hart,F,,,37:50,37.833333333333336,4,9,0.444,0,2,0.0,4,4,1.0,0,4,4,7,1,0,1,3,12,-20.0,0022400161,Josh Hart,josh hart,,,2024-11-04,1,0.3171806167400881,0.0,0.10572687224669602,0.18502202643171806,0.026431718061674006,5.0,6.0,3.0,2.0,2.0,4.0,6.0,4.0,1.0,0,0.0,0,0.0013800000000000002,-25.7,-18609.703113685733,-25.664534,0.026431718061674006,3.0,7.0,0.349252
0022400161,1610612752,New York,Knicks,NYK,knicks,1626157,Karl-Anthony,Towns,K. Towns,karl-anthony-towns,C,,,32:25,32.416666666666664,7,17,0.412,0,2,0.0,3,4,0.75,9,10,19,0,0,1,3,4,17,-26.0,0022400161,Karl-Anthony Towns,karl-anthony towns,,,2024-11-04,1,0.5244215938303343,0.2776349614395887,0.5861182519280206,0.0,0.30848329048843187,3.0,1.0,1.0,6.0,6.0,2.0,8.0,5.0,4.0,0,0.0,0,0.0028899999999999998,-44.1,-15254.237288135595,-43.972551,0.03084832904884319,3.0,1.0,0.66262734
0022400161,1610612752,New York,Knicks,NYK,knicks,1628969,Mikal,Bridges,M. Bridges,mikal-bridges,G,,,40:21,40.35,6,14,0.429,3,8,0.375,0,1,0.0,1,2,3,0,1,0,4,0,15,-21.0,0022400161,Mikal Bridges,mikal bridges,,,2024-11-04,1,0.37174721189591076,0.024783147459727383,0.07434944237918216,0.0,0.049566294919454766,4.0,2.0,5.0,6.0,2.0,4.0,7.0,2.0,1.0,0,0.0,0,0.00196,-25.7,-13105.558388577256,-25.649628,0.024783147459727383,3.0,5.0,0.27081046
0022400161,1610612752,New York,Knicks,NYK,knicks,1628973,Jalen,Brunson,J. Brunson,jalen-brunson,G,,,42:25,42.416666666666664,9,24,0.375,2,4,0.5,9,9,1.0,1,2,3,8,1,0,1,2,29,-8.0,0022400161,Jalen Brunson,jalen brunson,,,2024-11-04,1,0.6836935166994107,0.023575638506876228,0.0707269155206287,0.18860510805500982,0.047151277013752456,1.0,2.0,5.0,1.0,2.0,4.0,5.0,1.0,5.0,0,1.0,0,0.00309,-9.9,-3202.846975088968,-9.869409,0.023575638506876228,3.0,6.0,0.82885927
0022400161,1610612752,New York,Knicks,NYK,knicks,1630579,Jericho,Sims,J. Sims,jericho-sims,,,,15:35,15.583333333333334,0,0,0.0,0,0,0.0,0,0,0.0,1,3,4,1,0,0,1,4,0,14.0,0022400161,Jericho Sims,jericho sims,,,2024-11-04,0,0.0,0.0641711229946524,0.2566844919786096,0.0641711229946524,0.0641711229946524,7.0,2.0,3.0,5.0,6.0,4.0,1.0,7.0,2.0,0,0.0,0,0.0003,47.9,159136.2126245847,47.88563,0.0,7.0,4.0,0.07561855
0022400161,1610612752,New York,Knicks,NYK,knicks,1630540,Miles,McBride,M. McBride,miles-mcbride,,,,26:17,26.283333333333335,0,9,0.0,0,5,0.0,0,0,0.0,0,0,0,2,2,1,0,3,0,10.0,0022400161,Miles McBride,miles mcbride,,,2024-11-04,3,0.0,0.0,0.0,0.07609384908053266,0.11414077362079898,7.0,6.0,7.0,3.0,1.0,2.0,2.0,6.0,4.0,0,0.0,0,0.00155,18.9,12185.68665377176,18.870704999999997,0.11414077362079898,1.0,2.0,0.017624158
0022400161,1610612752,New York,Knicks,NYK,knicks,1642278,Tyler,Kolek,T. Kolek,tyler-kolek,,,,5:32,5.533333333333333,1,1,1.0,1,1,1.0,0,0,0.0,0,0,0,0,0,0,0,0,3,-4.0,0022400161,Tyler Kolek,tyler kolek,,,2024-11-04,0,0.5421686746987951,0.0,0.0,0.0,0.0,6.0,6.0,7.0,6.0,6.0,4.0,3.0,8.0,1.0,0,0.0,0,0.0007099999999999999,-36.4,-51195.49929676512,-36.374156,0.0,7.0,8.0,0.008263537
0022400171,1610612752,New York,Knicks,NYK,knicks,1628384,OG,Anunoby,O. Anunoby,og-anunoby,F,,,41:22,41.36666666666667,5,13,0.385,3,8,0.375,2,2,1.0,1,5,6,3,1,0,0,1,15,-1.0,0022400171,OG Anunoby,og anunoby,,,2024-11-06,1,0.36261079774375504,0.024174053182917002,0.145044319097502,0.072522159548751,0.048348106365834004,4.0,2.0,3.0,5.0,1.0,4.0,4.0,1.0,3.0,0,0.0,0,0.00151,-1.2,-794.1760423560556,-1.198188,0.024174053182917002,3.0,4.0,0.43443316
0022400171,1610612752,New York,Knicks,NYK,knicks,1628404,Josh,Hart,J. Hart,josh-hart,F,,,38:04,38.06666666666667,6,9,0.667,2,4,0.5,0,0,0.0,1,7,8,8,1,1,3,6,14,-14.0,0022400171,Josh Hart,josh hart,,,2024-11-06,2,0.3677758318739054,0.026269702276707527,0.21015761821366022,0.21015761821366022,0.07880910683012259,5.0,2.0,2.0,1.0,1.0,2.0,7.0,3.0,3.0,0,0.0,0,0.00133,-17.3,-12997.746055597296,-17.276991,0.052539404553415055,2.0,3.0,0.5765389
0022400171,1610612752,New York,Knicks,NYK,knicks,1626157,Karl-Anthony,Towns,K. Towns,karl-anthony-towns,C,,,38:01,38.016666666666666,11,23,0.478,5,9,0.556,7,7,1.0,5,11,16,1,1,3,3,2,34,-12.0,0022400171,Karl-Anthony Towns,karl-anthony towns,,,2024-11-06,4,0.8943445857080228,0.131521262604121,0.4208680403331872,0.0263042525208242,0.23673827268741782,1.0,1.0,1.0,6.0,1.0,1.0,6.0,4.0,1.0,0,0.0,0,0.00322,-16.4,-5091.586463831108,-16.347192,0.1052170100832968,1.0,1.0,0.8596837
0022400171,1610612752,New York,Knicks,NYK,knicks,1628969,Mikal,Bridges,M. Bridges,mikal-bridges,G,,,38:38,38.63333333333333,4,10,0.4,2,7,0.286,0,0,0.0,0,2,2,5,1,0,2,2,10,-15.0,0022400171,Mikal Bridges,mikal bridges,,,2024-11-06,1,0.25884383088869717,0.0,0.05176876617773943,0.12942191544434858,0.025884383088869714,6.0,4.0,6.0,3.0,1.0,4.0,8.0,2.0,1.0,0,0.0,0,0.00135,-16.7,-12361.21391561806,-16.677455,0.025884383088869714,3.0,6.0,0.16907251
0022400171,1610612752,New York,Knicks,NYK,knicks,1628973,Jalen,Brunson,J. Brunson,jalen-brunson,G,,,36:46,36.766666666666666,8,18,0.444,4,11,0.364,1,2,0.5,0,3,3,4,0,0,3,3,21,-5.0,0022400171,Jalen Brunson,jalen brunson,,,2024-11-06,0,0.57116953762466,0.0,0.0815956482320943,0.10879419764279238,0.0,2.0,4.0,5.0,4.0,6.0,4.0,5.0,5.0,1.0,0,0.0,0,0.00265,-9.5,-3583.553376084496,-9.474825,0.0,7.0,7.0,0.75690305
0022400171,1610612752,New York,Knicks,NYK,knicks,1630579,Jericho,Sims,J. Sims,jericho-sims,,,,9:59,9.983333333333333,0,0,0.0,0,0,0.0,0,2,0.0,0,2,2,0,1,0,0,0,0,7.0,0022400171,Jericho Sims,jericho sims,,,2024-11-06,1,0.0,0.0,0.2003338898163606,0.0,0.1001669449081803,8.0,4.0,6.0,8.0,1.0,4.0,2.0,7.0,0.0,0,0.0,0,0.00048,29.5,61330.56133056132,29.48584,0.1001669449081803,3.0,2.0,0.030435188
0022400171,1610612752,New York,Knicks,NYK,knicks,1630540,Miles,McBride,M. McBride,miles-mcbride,,,,28:26,28.433333333333334,5,9,0.556,4,6,0.667,2,2,1.0,0,4,4,7,0,1,3,3,16,13.0,0022400171,Miles McBride,miles mcbride,,,2024-11-06,1,0.5627198124267292,0.0,0.1406799531066823,0.246189917936694,0.035169988276670575,3.0,4.0,4.0,2.0,6.0,2.0,1.0,6.0,1.0,0,0.0,0,0.00213,24.6,11543.876114500235,24.547602,0.035169988276670575,3.0,5.0,0.86965126
0022400171,1610612752,New York,Knicks,NYK,knicks,1642278,Tyler,Kolek,T. Kolek,tyler-kolek,,,,8:44,8.733333333333333,2,2,1.0,2,2,1.0,0,0,0.0,0,0,0,1,0,0,1,1,6,2.0,0022400171,Tyler Kolek,tyler kolek,,,2024-11-06,0,0.6870229007633588,0.0,0.0,0.11450381679389314,0.0,7.0,4.0,8.0,6.0,6.0,4.0,3.0,8.0,0.0,0,0.0,0,0.00136,17.6,12931.66789125643,17.576064000000002,0.0,7.0,7.0,0.061268467
0022400189,1610612752,New York,Knicks,NYK,knicks,1628384,OG,Anunoby,O. Anunoby,og-anunoby,F,,,32:07,32.11666666666667,4,12,0.333,1,8,0.125,5,6,0.833,0,6,6,5,3,2,2,4,14,19.0,0022400189,OG Anunoby,og anunoby,,,2024-11-08,5,0.4359107420861443,0.0,0.18681888946549038,0.15568240788790866,0.15568240788790866,4.0,8.0,3.0,3.0,1.0,1.0,5.0,3.0,6.0,0,0.0,0,0.00233,30.6,13127.413127413127,30.528702,0.15568240788790866,1.0,3.0,0.67830634
0022400189,1610612752,New York,Knicks,NYK,knicks,1628404,Josh,Hart,J. Hart,josh-hart,F,,,33:06,33.1,4,5,0.8,1,1,1.0,2,2,1.0,2,7,9,7,0,0,0,3,11,19.0,0022400189,Josh Hart,josh hart,,,2024-11-08,0,0.3323262839879154,0.060422960725075525,0.2719033232628399,0.21148036253776434,0.060422960725075525,6.0,3.0,2.0,2.0,6.0,3.0,5.0,2.0,3.0,0,0.0,0,0.00079,29.0,36662.45259165613,28.97709,0.0,6.0,7.0,0.49618614
0022400189,1610612752,New York,Knicks,NYK,knicks,1626157,Karl-Anthony,Towns,K. Towns,karl-anthony-towns,C,,,32:03,32.05,12,20,0.6,4,8,0.5,4,5,0.8,3,8,11,5,0,0,2,4,32,24.0,0022400189,Karl-Anthony Towns,karl-anthony towns,,,2024-11-08,0,0.9984399375975039,0.093603744149766,0.343213728549142,0.15600624024961,0.093603744149766,1.0,2.0,1.0,3.0,6.0,3.0,2.0,4.0,1.0,0,0.0,0,0.0032400000000000003,40.3,12434.43381672323,40.169427999999996,0.0,6.0,4.0,0.76905566
0022400189,1610612752,New York,Knicks,NYK,knicks,1628969,Mikal,Bridges,M. Bridges,mikal-bridges,G,,,36:32,36.53333333333333,7,18,0.389,3,11,0.273,0,0,0.0,1,2,3,3,1,1,1,1,17,21.0,0022400189,Mikal Bridges,mikal bridges,,,2024-11-08,2,0.4653284671532847,0.02737226277372263,0.0821167883211679,0.0821167883211679,0.0821167883211679,2.0,5.0,7.0,5.0,2.0,2.0,3.0,1.0,1.0,0,0.0,0,0.0022400000000000002,30.0,13386.880856760372,29.9328,0.05474452554744526,2.0,5.0,0.40277505
0022400189,1610612752,New York,Knicks,NYK,knicks,1628973,Jalen,Brunson,J. Brunson,jalen-brunson,G,,,31:46,31.766666666666666,6,14,0.429,0,5,0.0,3,4,0.75,1,1,2,9,1,0,0,2,15,28.0,0022400189,Jalen Brunson,jalen brunson,,,2024-11-08,1,0.472193074501574,0.031479538300104935,0.06295907660020987,0.2833158447009444,0.06295907660020987,3.0,5.0,8.0,1.0,2.0,3.0,1.0,5.0,1.0,0,0.0,0,0.00222,46.7,21026.564610535792,46.596326000000005,0.031479538300104935,3.0,6.0,0.68912005
0022400189,1610612752,New York,Knicks,NYK,knicks,1630579,Jericho,Sims,J. Sims,jericho-sims,,,,15:57,15.95,1,2,0.5,0,0,0.0,0,0,0.0,4,1,5,1,1,0,1,2,2,-2.0,0022400189,Jericho Sims,jericho sims,,,2024-11-08,1,0.12539184952978058,0.25078369905956116,0.31347962382445144,0.06269592476489029,0.31347962382445144,9.0,1.0,4.0,8.0,2.0,3.0,7.0,8.0,1.0,0,0.0,0,0.0008100000000000001,-3.1,-3822.441430332922,-3.097489,0.06269592476489029,3.0,1.0,0.03416362
0022400189,1610612752,New York,Knicks,NYK,knicks,1630540,Miles,McBride,M. McBride,miles-mcbride,,,,28:01,28.016666666666666,5,11,0.455,2,6,0.333,2,2,1.0,1,4,5,2,0,0,0,0,14,21.0,0022400189,Miles McBride,miles mcbride,,,2024-11-08,0,0.4997025580011898,0.03569303985722784,0.17846519928613921,0.07138607971445568,0.03569303985722784,4.0,5.0,4.0,6.0,6.0,3.0,3.0,6.0,2.0,0,0.0,0,0.0017599999999999998,36.8,20897.217490062467,36.735231999999996,0.0,6.0,8.0,0.43291643
0022400189,1610612752,New York,Knicks,NYK,knicks,1642278,Tyler,Kolek,T. Kolek,tyler-kolek,,,,16:15,16.25,3,5,0.6,2,4,0.5,0,0,0.0,2,2,4,2,1,0,1,2,8,-6.0,0022400189,Tyler Kolek,tyler kolek,,,2024-11-08,1,0.49230769230769234,0.12307692307692308,0.24615384615384617,0.12307692307692308,0.18461538461538463,7.0,3.0,6.0,6.0,2.0,3.0,10.0,7.0,2.0,0,0.0,0,0.00154,-11.4,-7397.793640493187,-11.382444000000001,0.06153846153846154,3.0,2.0,0.21417919
0022400189,1610612752,New York,Knicks,NYK,knicks,1630346,Matt,Ryan,M. Ryan,matt-ryan,,,,6:08,6.133333333333334,1,2,0.5,1,2,0.5,0,0,0.0,0,0,0,0,0,0,0,0,3,-5.0,0022400189,Matt Ryan,matt ryan,,,2024-11-08,0,0.48913043478260865,0.0,0.0,0.0,0.0,8.0,8.0,11.0,10.0,6.0,3.0,9.0,9.0,0.0,0,0.0,0,0.0014299999999999998,-28.6,-19986.02375960867,-28.559102,0.0,6.0,9.0,0.008440342
0022400189,1610612752,New York,Knicks,NYK,knicks,1642359,Pacôme,Dadiet,P. Dadiet,pacôme-dadiet,,,,4:52,4.866666666666667,0,1,0.0,0,1,0.0,0,0,0.0,0,1,1,1,0,0,0,0,0,-3.0,0022400189,Pacôme Dadiet,pacôme dadiet,,,2024-11-08,0,0.0,0.0,0.2054794520547945,0.2054794520547945,0.0,10.0,8.0,10.0,8.0,6.0,3.0,8.0,10.0,0.0,0,0.0,0,0.00091,-18.9,-20746.432491767286,-18.882801,0.0,6.0,9.0,0.004315038
0022400189,1610612752,New York,Knicks,NYK,knicks,1630574,Ariel,Hukporti,A. Hukporti,ariel-hukporti,,,,3:14,3.2333333333333334,0,1,0.0,0,0,0.0,0,0,0.0,0,2,2,0,0,0,0,2,0,-6.0,0022400189,Ariel Hukporti,ariel hukporti,,,2024-11-08,0,0.0,0.0,0.6185567010309279,0.0,0.0,10.0,8.0,8.0,10.0,6.0,3.0,10.0,11.0,0.0,0,0.0,0,0.0014299999999999998,-69.6,-48637.31656184487,-69.50047199999999,0.0,6.0,9.0,0.0068088956
0022400203,1610612752,New York,Knicks,NYK,knicks,1628404,Josh,Hart,J. Hart,josh-hart,F,,,42:41,42.68333333333333,7,12,0.583,0,3,0.0,2,3,0.667,2,8,10,6,1,1,1,1,16,-16.0,0022400203,Josh Hart,josh hart,,,2024-11-10,2,0.374853572823116,0.0468566966028895,0.2342834830144475,0.1405700898086685,0.093713393205779,4.0,2.0,1.0,2.0,3.0,1.0,8.0,1.0,3.0,0,0.0,0,0.0014299999999999998,-16.5,-11530.398322851155,-16.476405,0.0468566966028895,1.0,3.0,0.604814
0022400203,1610612752,New York,Knicks,NYK,knicks,1628384,OG,Anunoby,O. Anunoby,og-anunoby,F,,,36:06,36.1,9,14,0.643,3,4,0.75,4,4,1.0,2,2,4,2,2,0,3,3,25,-2.0,0022400203,OG Anunoby,og anunoby,,,2024-11-10,2,0.6925207756232686,0.055401662049861494,0.11080332409972299,0.055401662049861494,0.11080332409972299,3.0,2.0,5.0,4.0,1.0,4.0,2.0,5.0,4.0,0,0.0,0,0.00221,0.7,316.5988240615106,0.6984529999999999,0.055401662049861494,1.0,1.0,0.87138474
0022400203,1610612752,New York,Knicks,NYK,knicks,1626157,Karl-Anthony,Towns,K. Towns,karl-anthony-towns,C,,,38:52,38.86666666666667,11,19,0.579,2,5,0.4,6,8,0.75,1,8,9,0,0,1,2,4,30,-13.0,0022400203,Karl-Anthony Towns,karl-anthony towns,,,2024-11-10,1,0.7718696397941681,0.025728987993138937,0.2315608919382504,0.0,0.051457975986277875,2.0,4.0,2.0,6.0,4.0,1.0,7.0,4.0,2.0,0,0.0,0,0.00267,-14.4,-5391.239236241108,-14.361552000000001,0.025728987993138937,4.0,5.0,0.8133788
0022400203,1610612752,New York,Knicks,NYK,knicks,1628969,Mikal,Bridges,M. Bridges,mikal-bridges,G,,,41:32,41.53333333333333,4,11,0.364,0,6,0.0,0,0,0.0,3,4,7,4,0,1,2,4,8,-11.0,0022400203,Mikal Bridges,mikal bridges,,,2024-11-10,1,0.1926163723916533,0.07223113964686999,0.16853932584269662,0.09630818619582665,0.09630818619582665,5.0,1.0,3.0,3.0,4.0,1.0,6.0,2.0,2.0,0,0.0,0,0.00134,-14.0,-10439.970171513796,-13.98124,0.024077046548956663,4.0,2.0,0.25913426
0022400203,1610612752,New York,Knicks,NYK,knicks,1628973,Jalen,Brunson,J. Brunson,jalen-brunson,G,,,40:37,40.61666666666667,11,17,0.647,1,2,0.5,10,12,0.833,0,6,6,10,0,0,3,4,33,-8.0,0022400203,Jalen Brunson,jalen brunson,,,2024-11-10,0,0.8124743537135822,0.0,0.14772260976610588,0.24620434961017645,0.0,1.0,5.0,4.0,1.0,4.0,4.0,5.0,3.0,0.0,0,0.0,0,0.00261,-12.6,-4825.73726541555,-12.567114,0.0,6.0,6.0,0.9164818
0022400203,1610612752,New York,Knicks,NYK,knicks,1630579,Jericho,Sims,J. Sims,jericho-sims,,,,9:08,9.133333333333333,1,1,1.0,0,0,0.0,0,0,0.0,0,2,2,0,0,0,1,1,2,2.0,0022400203,Jericho Sims,jericho sims,,,2024-11-10,0,0.21897810218978103,0.0,0.21897810218978103,0.0,0.0,7.0,5.0,6.0,6.0,4.0,4.0,1.0,7.0,0.0,0,0.0,0,0.00095,14.8,15562.565720294428,14.78594,0.0,6.0,6.0,0.01708141
0022400203,1610612752,New York,Knicks,NYK,knicks,1630540,Miles,McBride,M. McBride,miles-mcbride,,,,29:19,29.316666666666666,3,9,0.333,1,5,0.2,0,0,0.0,0,1,1,1,2,0,1,3,7,-5.0,0022400203,Miles McBride,miles mcbride,,,2024-11-10,2,0.23877202956225127,0.0,0.03411028993746447,0.03411028993746447,0.06822057987492894,6.0,5.0,7.0,5.0,1.0,4.0,4.0,6.0,3.0,0,0.0,0,0.00154,-8.6,-5580.791693705387,-8.586756,0.06822057987492894,1.0,4.0,0.05490534
0022400203,1610612752,New York,Knicks,NYK,knicks,1642278,Tyler,Kolek,T. Kolek,tyler-kolek,,,,1:46,1.7666666666666666,0,0,0.0,0,0,0.0,0,0,0.0,0,0,0,0,0,0,0,0,0,-2.0,0022400203,Tyler Kolek,tyler kolek,,,2024-11-10,0,0.0,0.0,0.0,0.0,0.0,8.0,5.0,8.0,6.0,4.0,4.0,2.0,8.0,,1,,1,0.0,-66.7,-66700000.00000001,-66.7,0.0,6.0,6.0,0.0035207844
0022400004,1610612752,New York,Knicks,NYK,knicks,1628404,Josh,Hart,J. Hart,josh-hart,F,,,37:24,37.4,6,8,0.75,1,3,0.333,1,1,1.0,1,11,12,10,1,1,4,3,14,16.0,0022400004,Josh Hart,josh hart,,,2024-11-12,2,0.37433155080213903,0.026737967914438502,0.32085561497326204,0.26737967914438504,0.08021390374331551,5.0,3.0,2.0,1.0,3.0,1.0,2.0,3.0,4.0,0,0.0,0,0.0013800000000000002,21.5,15568.42867487328,21.47033,0.053475935828877004,2.0,5.0,0.91754586
0022400004,1610612752,New York,Knicks,NYK,knicks,1628384,OG,Anunoby,O. Anunoby,og-anunoby,F,,,40:41,40.68333333333333,11,16,0.688,2,4,0.5,0,0,0.0,0,6,6,2,1,1,0,1,24,18.0,0022400004,OG Anunoby,og anunoby,,,2024-11-12,2,0.5899221630479312,0.0,0.1474805407619828,0.04916018025399427,0.04916018025399427,1.0,6.0,3.0,6.0,3.0,1.0,1.0,1.0,2.0,0,0.0,0,0.00168,20.1,11957.168352171328,20.066232,0.04916018025399427,2.0,7.0,0.8829074
0022400004,1610612752,New York,Knicks,NYK,knicks,1626157,Karl-Anthony,Towns,K. Towns,karl-anthony-towns,C,,,38:26,38.43333333333333,7,16,0.438,2,6,0.333,5,6,0.833,3,10,13,6,1,1,2,3,21,11.0,0022400004,Karl-Anthony Towns,karl-anthony towns,,,2024-11-12,2,0.546400693842151,0.07805724197745013,0.3382480485689506,0.15611448395490027,0.13009540329575023,2.0,1.0,1.0,2.0,3.0,1.0,4.0,2.0,4.0,0,0.0,0,0.00233,12.3,5276.705276705276,12.271341,0.052038161318300094,2.0,2.0,0.76785326
0022400004,1610612752,New York,Knicks,NYK,knicks,1628969,Mikal,Bridges,M. Bridges,mikal-bridges,G,,,35:22,35.36666666666667,7,13,0.538,0,2,0.0,0,0,0.0,1,3,4,3,2,1,1,1,14,5.0,0022400004,Mikal Bridges,mikal bridges,,,2024-11-12,3,0.39585296889726673,0.02827521206409048,0.11310084825636192,0.08482563619227144,0.11310084825636192,5.0,3.0,4.0,4.0,1.0,1.0,6.0,4.0,3.0,0,0.0,0,0.0017100000000000001,8.3,4850.964348334308,8.285807,0.08482563619227144,1.0,3.0,0.6513821
0022400004,1610612752,New York,Knicks,NYK,knicks,1628973,Jalen,Brunson,J. Brunson,jalen-brunson,G,,,34:52,34.86666666666667,5,15,0.333,0,4,0.0,8,8,1.0,0,3,3,5,1,0,6,1,18,7.0,0022400004,Jalen Brunson,jalen brunson,,,2024-11-12,1,0.5162523900573613,0.0,0.08604206500956023,0.14340344168260039,0.028680688336520075,3.0,6.0,5.0,3.0,3.0,6.0,5.0,5.0,2.0,0,1.0,0,0.00301,9.5,3155.0979740949847,9.471405,0.028680688336520075,6.0,8.0,0.36874828
0022400004,1610612752,New York,Knicks,NYK,knicks,1630579,Jericho,Sims,J. Sims,jericho-sims,,,,9:34,9.566666666666666,1,1,1.0,0,0,0.0,0,0,0.0,2,1,3,0,0,1,0,2,2,1.0,0022400004,Jericho Sims,jericho sims,,,2024-11-12,1,0.20905923344947736,0.20905923344947736,0.31358885017421606,0.0,0.31358885017421606,8.0,2.0,5.0,8.0,7.0,1.0,7.0,7.0,0.0,0,0.0,0,0.00037999999999999997,0.4,1049.8687664041995,0.399848,0.10452961672473868,6.0,1.0,0.16971299
0022400004,1610612752,New York,Knicks,NYK,knicks,1630540,Miles,McBride,M. McBride,miles-mcbride,,,,25:52,25.866666666666667,6,12,0.5,3,8,0.375,0,0,0.0,0,3,3,2,2,0,1,1,15,12.0,0022400004,Miles McBride,miles mcbride,,,2024-11-12,2,0.5798969072164948,0.0,0.11597938144329897,0.07731958762886598,0.07731958762886598,4.0,6.0,5.0,6.0,1.0,6.0,3.0,6.0,2.0,0,0.0,0,0.00203,18.5,9108.813392417527,18.462445,0.07731958762886598,2.0,6.0,0.6443063
0022400004,1610612752,New York,Knicks,NYK,knicks,1630346,Matt,Ryan,M. Ryan,matt-ryan,,,,8:48,8.8,0,3,0.0,0,2,0.0,0,0,0.0,0,0,0,0,0,0,0,0,0,-6.0,0022400004,Matt Ryan,matt ryan,,,2024-11-12,0,0.0,0.0,0.0,0.0,0.0,9.0,6.0,9.0,8.0,7.0,6.0,9.0,9.0,0.0,0,1.0,0,0.00125,-36.3,-29016.786570743403,-36.254625,0.0,8.0,9.0,0.003772339
0022400004,1610612752,New York,Knicks,NYK,knicks,1626166,Cameron,Payne,C. Payne,cameron-payne,,,,9:01,9.016666666666667,1,5,0.2,1,2,0.5,0,0,0.0,1,2,3,3,0,0,1,3,3,-4.0,0022400004,Cameron Payne,cameron payne,,,2024-11-12,0,0.33271719038817005,0.11090573012939,0.33271719038817005,0.33271719038817005,0.11090573012939,7.0,3.0,5.0,4.0,7.0,6.0,8.0,8.0,0.0,0,0.0,0,0.0027300000000000002,-27.5,-10069.571585499816,-27.424924999999998,0.0,8.0,4.0,0.012939285
0022400219,1610612752,New York,Knicks,NYK,knicks,1628384,OG,Anunoby,O. Anunoby,og-anunoby,F,,,35:38,35.63333333333333,5,14,0.357,2,7,0.286,2,2,1.0,2,7,9,2,0,2,2,2,14,-20.0,0022400219,OG Anunoby,og anunoby,,,2024-11-13,2,0.3928905519176801,0.05612722170252572,0.25257249766136575,0.05612722170252572,0.11225444340505145,4.0,2.0,2.0,6.0,4.0,1.0,9.0,3.0,2.0,0,0.0,0,0.00193,-26.0,-13464.526152252718,-25.94982,0.05612722170252572,3.0,4.0,0.35342658
0022400219,1610612752,New York,Knicks,NYK,knicks,1628404,Josh,Hart,J. Hart,josh-hart,F,,,33:42,33.7,3,6,0.5,0,0,0.0,0,0,0.0,4,4,8,6,0,0,2,3,6,9.0,0022400219,Josh Hart,josh hart,,,2024-11-13,0,0.17804154302670622,0.11869436201780414,0.2373887240356083,0.17804154302670622,0.11869436201780414,6.0,1.0,3.0,2.0,4.0,3.0,3.0,5.0,1.0,0,1.0,0,0.00092,10.5,11400.651465798044,10.49034,0.0,5.0,3.0,0.296797
0022400219,1610612752,New York,Knicks,NYK,knicks,1626157,Karl-Anthony,Towns,K. Towns,karl-anthony-towns,C,,,39:04,39.06666666666667,18,30,0.6,6,12,0.5,4,8,0.5,1,9,10,3,3,0,4,5,46,4.0,0022400219,Karl-Anthony Towns,karl-anthony towns,,,2024-11-13,3,1.1774744027303754,0.025597269624573378,0.25597269624573377,0.07679180887372013,0.10238907849829351,1.0,4.0,1.0,4.0,1.0,3.0,4.0,2.0,3.0,0,0.0,0,0.00375,1.9,506.5315915755798,1.8928749999999999,0.07679180887372013,2.0,5.0,0.8516074
0022400219,1610612752,New York,Knicks,NYK,knicks,1628969,Mikal,Bridges,M. Bridges,mikal-bridges,G,,,42:58,42.96666666666667,8,15,0.533,1,4,0.25,3,3,1.0,0,6,6,5,1,0,3,0,20,2.0,0022400219,Mikal Bridges,mikal bridges,,,2024-11-13,1,0.4654771140418929,0.0,0.13964313421256788,0.11636927851047323,0.023273855702094646,3.0,6.0,4.0,3.0,3.0,3.0,5.0,1.0,2.0,0,0.0,0,0.0017599999999999998,-0.5,-283.9295854628053,-0.49912,0.023273855702094646,4.0,7.0,0.52058315
0022400219,1610612752,New York,Knicks,NYK,knicks,1628973,Jalen,Brunson,J. Brunson,jalen-brunson,G,,,34:30,34.5,9,20,0.45,3,9,0.333,3,5,0.6,1,2,3,8,0,0,2,3,24,-13.0,0022400219,Jalen Brunson,jalen brunson,,,2024-11-13,0,0.6956521739130435,0.028985507246376812,0.08695652173913043,0.2318840579710145,0.028985507246376812,2.0,4.0,5.0,1.0,4.0,3.0,8.0,4.0,2.0,0,0.0,0,0.0027300000000000002,-20.5,-7506.4079091907715,-20.444035,0.0,5.0,6.0,0.7494351
0022400219,1610612752,New York,Knicks,NYK,knicks,1630540,Miles,McBride,M. McBride,miles-mcbride,,,,23:12,23.2,1,4,0.25,0,2,0.0,0,0,0.0,0,1,1,2,0,0,1,0,2,10.0,0022400219,Miles McBride,miles mcbride,,,2024-11-13,0,0.08620689655172414,0.0,0.04310344827586207,0.08620689655172414,0.0,7.0,6.0,7.0,6.0,4.0,3.0,2.0,6.0,1.0,0,0.0,0,0.00089,17.2,19304.15263748597,17.184692000000002,0.0,5.0,8.0,0.015421077
0022400219,1610612752,New York,Knicks,NYK,knicks,1630579,Jericho,Sims,J. Sims,jericho-sims,,,,8:56,8.933333333333334,0,0,0.0,0,0,0.0,0,0,0.0,2,1,3,3,0,0,1,0,0,-5.0,0022400219,Jericho Sims,jericho sims,,,2024-11-13,0,0.0,0.22388059701492538,0.33582089552238803,0.33582089552238803,0.22388059701492538,8.0,2.0,5.0,4.0,4.0,3.0,7.0,8.0,0.0,0,0.0,0,0.00042,-19.5,-46318.28978622327,-19.49181,0.0,5.0,2.0,0.019413505
0022400219,1610612752,New York,Knicks,NYK,knicks,1630346,Matt,Ryan,M. Ryan,matt-ryan,,,,5:02,5.033333333333333,0,1,0.0,0,0,0.0,0,0,0.0,0,0,0,0,0,0,0,0,0,-3.0,0022400219,Matt Ryan,matt ryan,,,2024-11-13,0,0.0,0.0,0.0,0.0,0.0,8.0,6.0,8.0,9.0,4.0,3.0,6.0,9.0,0.0,0,0.0,0,0.00083,-32.6,-39229.843561973525,-32.572942000000005,0.0,5.0,8.0,0.0022388475
0022400219,1610612752,New York,Knicks,NYK,knicks,1626166,Cameron,Payne,C. Payne,cameron-payne,,,,16:58,16.966666666666665,4,4,1.0,3,3,1.0,0,0,0.0,0,0,0,2,3,1,0,4,11,11.0,0022400219,Cameron Payne,cameron payne,,,2024-11-13,4,0.6483300589390963,0.0,0.0,0.11787819253438116,0.23575638506876231,5.0,6.0,8.0,6.0,1.0,2.0,1.0,7.0,2.0,0,0.0,0,0.00098,26.2,26707.44138634047,26.174324,0.23575638506876231,1.0,1.0,0.8683687
0022400014,1610612752,New York,Knicks,NYK,knicks,1628384,OG,Anunoby,O. Anunoby,og-anunoby,F,,,38:45,38.75,10,17,0.588,1,8,0.125,4,5,0.8,1,7,8,1,2,0,3,6,25,10.0,0022400014,OG Anunoby,og anunoby,,,2024-11-15,2,0.6451612903225806,0.025806451612903226,0.2064516129032258,0.025806451612903226,0.07741935483870968,2.0,4.0,2.0,5.0,1.0,4.0,1.0,3.0,4.0,0,0.0,0,0.0025,11.2,4478.208716513394,11.172,0.05161290322580645,2.0,5.0,0.80166894
0022400014,1610612752,New York,Knicks,NYK,knicks,1628404,Josh,Hart,J. Hart,josh-hart,F,,,40:15,40.25,3,7,0.429,2,5,0.4,6,6,1.0,0,9,9,9,2,0,2,3,14,2.0,0022400014,Josh Hart,josh hart,,,2024-11-15,2,0.34782608695652173,0.0,0.2236024844720497,0.2236024844720497,0.049689440993788817,4.0,5.0,1.0,1.0,1.0,4.0,4.0,2.0,7.0,0,0.0,0,0.00126,-1.9,-1506.740681998414,-1.897606,0.049689440993788817,2.0,7.0,0.24620199
0022400014,1610612752,New York,Knicks,NYK,knicks,1630579,Jericho,Sims,J. Sims,jericho-sims,C,,,17:59,17.983333333333334,2,3,0.667,0,0,0.0,0,0,0.0,3,4,7,1,0,0,0,1,4,6.0,0022400014,Jericho Sims,jericho sims,,,2024-11-15,0,0.22242817423540315,0.16682113067655235,0.3892493049119555,0.05560704355885079,0.16682113067655235,8.0,1.0,3.0,5.0,6.0,4.0,3.0,7.0,0.0,0,0.0,0,0.00073,13.6,18604.6511627907,13.590072,0.0,7.0,3.0,0.14386936
0022400014,1610612752,New York,Knicks,NYK,knicks,1628969,Mikal,Bridges,M. Bridges,mikal-bridges,G,,,41:10,41.166666666666664,9,17,0.529,4,7,0.571,0,0,0.0,2,3,5,4,1,1,1,0,22,7.0,0022400014,Mikal Bridges,mikal bridges,,,2024-11-15,2,0.5344129554655871,0.048582995951417005,0.12145748987854252,0.09716599190283401,0.09716599190283401,3.0,2.0,4.0,3.0,3.0,2.0,2.0,1.0,1.0,0,0.0,0,0.00188,5.2,2764.486975013291,5.190224000000001,0.048582995951417005,2.0,4.0,0.86443317
0022400014,1610612752,New York,Knicks,NYK,knicks,1628973,Jalen,Brunson,J. Brunson,jalen-brunson,G,,,34:07,34.11666666666667,12,20,0.6,3,8,0.375,10,12,0.833,0,3,3,7,0,0,3,4,37,-1.0,0022400014,Jalen Brunson,jalen brunson,,,2024-11-15,0,1.084513922813874,0.0,0.08793356130923302,0.20517830972154372,0.0,1.0,5.0,7.0,2.0,6.0,4.0,6.0,4.0,1.0,0,0.0,0,0.00338,-3.3,-976.0425909494231,-3.2888459999999995,0.0,7.0,8.0,0.86334723
0022400014,1610612752,New York,Knicks,NYK,knicks,1626166,Cameron,Payne,C. Payne,cameron-payne,,,,19:11,19.183333333333334,4,10,0.4,2,6,0.333,0,1,0.0,0,3,3,0,1,0,1,3,10,-5.0,0022400014,Cameron Payne,cameron payne,,,2024-11-15,1,0.5212858384013901,0.0,0.15638575152041703,0.0,0.052128583840139006,5.0,5.0,7.0,7.0,3.0,4.0,8.0,6.0,1.0,0,0.0,0,0.00234,-20.0,-8543.357539513028,-19.9532,0.052128583840139006,6.0,6.0,0.49503285
0022400014,1610612752,New York,Knicks,NYK,knicks,1630574,Ariel,Hukporti,A. Hukporti,ariel-hukporti,,,,30:01,30.016666666666666,3,5,0.6,0,0,0.0,1,2,0.5,2,2,4,3,0,4,3,3,7,-4.0,0022400014,Ariel Hukporti,ariel hukporti,,,2024-11-15,4,0.2332037756801777,0.06662965019433648,0.13325930038867295,0.09994447529150473,0.19988895058300946,6.0,2.0,5.0,4.0,6.0,1.0,7.0,5.0,1.0,0,0.0,0,0.00125,-9.8,-7833.73301358913,-9.78775,0.13325930038867295,1.0,1.0,0.13483372
0022400014,1610612752,New York,Knicks,NYK,knicks,1642278,Tyler,Kolek,T. Kolek,tyler-kolek,,,,6:50,6.833333333333333,0,3,0.0,0,3,0.0,0,0,0.0,0,2,2,0,0,0,0,1,0,-5.0,0022400014,Tyler Kolek,tyler kolek,,,2024-11-15,0,0.0,0.0,0.29268292682926833,0.0,0.0,9.0,5.0,9.0,7.0,6.0,4.0,8.0,9.0,,1,,1,0.00167,-40.4,-24177.139437462596,-40.332532,0.0,7.0,8.0,0.0032668128
0022400014,1610612752,New York,Knicks,NYK,knicks,1642359,Pacôme,Dadiet,P. Dadiet,pacôme-dadiet,,,,11:42,11.7,1,1,1.0,1,1,1.0,2,2,1.0,0,4,4,0,1,1,0,0,5,0.0,0022400014,Pacôme Dadiet,pacôme dadiet,,,2024-11-15,2,0.4273504273504274,0.0,0.3418803418803419,0.0,0.17094017094017094,7.0,5.0,5.0,7.0,3.0,2.0,5.0,8.0,1.0,0,0.0,0,0.00067,-4.6,-6855.439642324887,-4.596918,0.17094017094017094,2.0,2.0,0.023244468
0022400240,1610612752,New York,Knicks,NYK,knicks,1628384,OG,Anunoby,O. Anunoby,og-anunoby,F,,,40:22,40.36666666666667,9,17,0.529,3,7,0.429,3,5,0.6,3,5,8,0,0,1,0,4,24,3.0,0022400240,OG Anunoby,og anunoby,,,2024-11-17,1,0.5945499587118084,0.07431874483897605,0.1981833195706028,0.0,0.0990916597853014,2.0,2.0,2.0,8.0,4.0,1.0,6.0,3.0,2.0,0,0.0,0,0.00221,2.4,1085.4816824966076,2.3946959999999997,0.02477291494632535,4.0,3.0,0.7710298
0022400240,1610612752,New York,Knicks,NYK,knicks,1628404,Josh,Hart,J. Hart,josh-hart,F,,,46:05,46.083333333333336,8,13,0.615,3,7,0.429,1,1,1.0,0,8,8,8,0,0,1,1,20,8.0,0022400240,Josh Hart,josh hart,,,2024-11-17,0,0.43399638336347196,0.0,0.1735985533453888,0.1735985533453888,0.0,4.0,5.0,2.0,2.0,4.0,6.0,4.0,1.0,2.0,0,0.0,0,0.00135,5.1,3774.981495188749,5.093115,0.0,7.0,7.0,0.6129732
0022400240,1610612752,New York,Knicks,NYK,knicks,1626157,Karl-Anthony,Towns,K. Towns,karl-anthony-towns,C,,,29:55,29.916666666666668,10,16,0.625,1,3,0.333,5,5,1.0,4,11,15,6,1,1,1,5,26,14.0,0022400240,Karl-Anthony Towns,karl-anthony towns,,,2024-11-17,2,0.8690807799442897,0.13370473537604458,0.5013927576601671,0.20055710306406685,0.20055710306406685,1.0,1.0,1.0,3.0,2.0,1.0,2.0,5.0,1.0,0,0.0,0,0.00254,24.1,9484.454939000392,24.038786,0.06685236768802229,1.0,1.0,0.94509953
0022400240,1610612752,New York,Knicks,NYK,knicks,1628969,Mikal,Bridges,M. Bridges,mikal-bridges,G,,,44:57,44.95,9,18,0.5,3,10,0.3,0,0,0.0,2,4,6,1,1,1,1,2,21,16.0,0022400240,Mikal Bridges,mikal bridges,,,2024-11-17,2,0.46718576195773076,0.04449388209121245,0.13348164627363737,0.022246941045606226,0.0889877641824249,3.0,3.0,4.0,5.0,2.0,1.0,1.0,2.0,3.0,0,0.0,0,0.0018599999999999999,17.8,9564.75013433638,17.766892000000002,0.04449388209121245,1.0,4.0,0.7003291
0022400240,1610612752,New York,Knicks,NYK,knicks,1628973,Jalen,Brunson,J. Brunson,jalen-brunson,G,,,34:22,34.36666666666667,3,14,0.214,0,5,0.0,6,8,0.75,1,4,5,10,2,0,3,4,12,-1.0,0022400240,Jalen Brunson,jalen brunson,,,2024-11-17,2,0.3491755577109602,0.029097963142580018,0.1454898157129001,0.2909796314258002,0.08729388942774005,5.0,4.0,5.0,1.0,1.0,6.0,7.0,4.0,2.0,0,0.0,0,0.0028000000000000004,-3.5,-1249.5537308104247,-3.4901999999999997,0.058195926285160036,1.0,5.0,0.26432836
0022400240,1610612752,New York,Knicks,NYK,knicks,1630579,Jericho,Sims,J. Sims,jericho-sims,,,,18:05,18.083333333333332,1,1,1.0,0,0,0.0,0,0,0.0,0,4,4,1,0,1,0,3,2,-4.0,0022400240,Jericho Sims,jericho sims,,,2024-11-17,1,0.11059907834101383,0.0,0.22119815668202766,0.055299539170506916,0.055299539170506916,7.0,5.0,6.0,5.0,4.0,1.0,8.0,6.0,1.0,0,0.0,0,0.00026,-15.8,-60536.398467432955,-15.795892,0.055299539170506916,4.0,6.0,0.018219838
0022400240,1610612752,New York,Knicks,NYK,knicks,1626166,Cameron,Payne,C. Payne,cameron-payne,,,,16:41,16.683333333333334,3,7,0.429,3,7,0.429,0,0,0.0,0,0,0,6,0,0,0,2,9,5.0,0022400240,Cameron Payne,cameron payne,,,2024-11-17,0,0.5394605394605394,0.0,0.0,0.3596403596403596,0.0,6.0,5.0,8.0,3.0,4.0,6.0,5.0,7.0,1.0,0,0.0,0,0.00184,15.6,8473.655621944596,15.571296,0.0,7.0,7.0,0.13320118
0022400240,1610612752,New York,Knicks,NYK,knicks,1642359,Pacôme,Dadiet,P. Dadiet,pacôme-dadiet,,,,9:33,9.55,0,2,0.0,0,1,0.0,0,0,0.0,0,1,1,1,0,1,0,2,0,9.0,0022400240,Pacôme Dadiet,pacôme dadiet,,,2024-11-17,1,0.0,0.0,0.10471204188481674,0.10471204188481674,0.10471204188481674,8.0,5.0,7.0,5.0,4.0,1.0,3.0,8.0,0.0,0,0.0,0,0.0008,47.4,59176.02996254681,47.36208,0.10471204188481674,4.0,2.0,0.020867132
0022400246,1610612752,New York,Knicks,NYK,knicks,1628384,OG,Anunoby,O. Anunoby,og-anunoby,F,,,30:08,30.133333333333333,6,12,0.5,1,4,0.25,3,4,0.75,2,3,5,2,2,0,0,0,16,22.0,0022400246,OG Anunoby,og anunoby,,,2024-11-18,2,0.5309734513274337,0.06637168141592921,0.16592920353982302,0.06637168141592921,0.13274336283185842,4.0,1.0,4.0,7.0,1.0,2.0,4.0,4.0,3.0,0,0.0,0,0.002,34.3,17141.429285357317,34.231399999999994,0.06637168141592921,1.0,1.0,0.6970475
0022400246,1610612752,New York,Knicks,NYK,knicks,1628404,Josh,Hart,J. Hart,josh-hart,F,,,32:00,32.0,6,9,0.667,2,5,0.4,0,0,0.0,0,6,6,3,0,0,1,1,14,26.0,0022400246,Josh Hart,josh hart,,,2024-11-18,0,0.4375,0.0,0.1875,0.09375,0.0,5.0,6.0,3.0,4.0,4.0,2.0,2.0,2.0,3.0,0,0.0,0,0.0013900000000000002,34.9,25089.863407620414,34.851489,0.0,5.0,8.0,0.4868584
0022400246,1610612752,New York,Knicks,NYK,knicks,1626157,Karl-Anthony,Towns,K. Towns,karl-anthony-towns,C,,,24:41,24.683333333333334,8,14,0.571,3,4,0.75,5,5,1.0,1,11,12,3,0,0,0,1,24,22.0,0022400246,Karl-Anthony Towns,karl-anthony towns,,,2024-11-18,0,0.9723160027008778,0.04051316677920324,0.4861580013504389,0.12153950033760973,0.04051316677920324,2.0,3.0,1.0,4.0,4.0,2.0,4.0,5.0,2.0,0,0.0,0,0.0028100000000000004,38.5,13696.193525435785,38.391815,0.0,5.0,6.0,0.86558753
0022400246,1610612752,New York,Knicks,NYK,knicks,1628969,Mikal,Bridges,M. Bridges,mikal-bridges,G,,,34:42,34.7,7,14,0.5,0,4,0.0,0,0,0.0,2,1,3,5,0,0,2,1,14,32.0,0022400246,Mikal Bridges,mikal bridges,,,2024-11-18,0,0.4034582132564841,0.05763688760806916,0.08645533141210374,0.1440922190201729,0.05763688760806916,5.0,1.0,5.0,3.0,4.0,2.0,1.0,1.0,1.0,0,0.0,0,0.00198,44.2,22311.96365471984,44.112484,0.0,5.0,4.0,0.5463881
0022400246,1610612752,New York,Knicks,NYK,knicks,1628973,Jalen,Brunson,J. Brunson,jalen-brunson,G,,,30:18,30.3,9,15,0.6,5,9,0.556,3,3,1.0,0,1,1,11,1,0,0,1,26,26.0,0022400246,Jalen Brunson,jalen brunson,,,2024-11-18,1,0.858085808580858,0.0,0.033003300330033,0.36303630363036304,0.033003300330033,1.0,6.0,8.0,1.0,2.0,2.0,2.0,3.0,2.0,0,0.0,0,0.0023899999999999998,45.9,19196.9887076537,45.790299,0.033003300330033,2.0,7.0,0.77709454
0022400246,1610612752,New York,Knicks,NYK,knicks,1630579,Jericho,Sims,J. Sims,jericho-sims,,,,19:18,19.3,3,4,0.75,0,0,0.0,1,1,1.0,1,6,7,0,0,1,1,1,7,13.0,0022400246,Jericho Sims,jericho sims,,,2024-11-18,1,0.3626943005181347,0.05181347150259067,0.3626943005181347,0.0,0.10362694300518134,8.0,3.0,2.0,10.0,4.0,1.0,7.0,7.0,1.0,0,0.0,0,0.00111,36.3,32673.26732673267,36.25970699999999,0.05181347150259067,2.0,2.0,0.11303078
0022400246,1610612752,New York,Knicks,NYK,knicks,1626166,Cameron,Payne,C. Payne,cameron-payne,,,,22:37,22.616666666666667,6,9,0.667,5,6,0.833,0,0,0.0,1,1,2,7,0,0,2,2,17,19.0,0022400246,Cameron Payne,cameron payne,,,2024-11-18,0,0.7516580692704495,0.04421518054532056,0.08843036109064112,0.3095062638172439,0.04421518054532056,3.0,3.0,7.0,2.0,4.0,2.0,6.0,6.0,1.0,0,1.0,0,0.00208,40.4,19413.74339259971,40.315968,0.0,5.0,5.0,0.71658504
0022400246,1610612752,New York,Knicks,NYK,knicks,1642278,Tyler,Kolek,T. Kolek,tyler-kolek,,,,17:00,17.0,2,6,0.333,1,2,0.5,0,0,0.0,0,0,0,3,1,0,1,2,5,-1.0,0022400246,Tyler Kolek,tyler kolek,,,2024-11-18,1,0.29411764705882354,0.0,0.0,0.17647058823529413,0.058823529411764705,9.0,6.0,11.0,4.0,2.0,2.0,9.0,9.0,0.0,0,0.0,0,0.00184,-9.2,-4997.284084736556,-9.183072,0.058823529411764705,2.0,3.0,0.021823395
0022400246,1610612752,New York,Knicks,NYK,knicks,1642359,Pacôme,Dadiet,P. Dadiet,pacôme-dadiet,,,,17:52,17.866666666666667,3,7,0.429,3,6,0.5,0,0,0.0,0,3,3,2,0,0,0,1,9,6.0,0022400246,Pacôme Dadiet,pacôme dadiet,,,2024-11-18,0,0.503731343283582,0.0,0.16791044776119401,0.11194029850746269,0.0,7.0,6.0,5.0,7.0,4.0,2.0,8.0,8.0,0.0,0,0.0,0,0.00179,13.2,7370.184254606365,13.176372,0.0,5.0,8.0,0.091625646
0022400246,1610612752,New York,Knicks,NYK,knicks,1630574,Ariel,Hukporti,A. Hukporti,ariel-hukporti,,,,6:04,6.066666666666666,1,1,1.0,0,0,0.0,0,0,0.0,0,1,1,0,0,0,1,2,2,-15.0,0022400246,Ariel Hukporti,ariel hukporti,,,2024-11-18,0,0.32967032967032966,0.0,0.16483516483516483,0.0,0.0,10.0,6.0,8.0,10.0,4.0,2.0,12.0,10.0,0.0,0,0.0,0,0.00167,-114.1,-68282.46558946738,-113.909453,0.0,5.0,8.0,0.008456616
0022400246,1610612752,New York,Knicks,NYK,knicks,1630346,Matt,Ryan,M. Ryan,matt-ryan,,,,2:40,2.6666666666666665,0,0,0.0,0,0,0.0,0,0,0.0,0,0,0,0,0,0,0,0,0,-5.0,0022400246,Matt Ryan,matt ryan,,,2024-11-18,0,0.0,0.0,0.0,0.0,0.0,11.0,6.0,11.0,10.0,4.0,2.0,10.0,11.0,,1,,1,0.0,-100.0,-100000000.0,-100.0,0.0,5.0,8.0,0.0037622547
0022400246,1610612752,New York,Knicks,NYK,knicks,1631210,Jacob,Toppin,J. Toppin,jacob-toppin,,,,2:40,2.6666666666666665,0,0,0.0,0,0,0.0,0,0,0.0,0,1,1,1,0,0,0,0,0,-5.0,0022400246,Jacob Toppin,jacob toppin,,,2024-11-18,0,0.0,0.0,0.375,0.375,0.0,11.0,6.0,8.0,9.0,4.0,2.0,10.0,11.0,,1,,1,0.0,-100.0,-100000000.0,-100.0,0.0,5.0,8.0,0.0036311666
0022400257,1610612752,New York,Knicks,NYK,knicks,1628384,OG,Anunoby,O. Anunoby,og-anunoby,F,,,35:11,35.18333333333333,4,7,0.571,2,4,0.5,4,4,1.0,1,6,7,1,2,0,2,3,14,20.0,0022400257,OG Anunoby,og anunoby,,,2024-11-20,2,0.39791567977261966,0.028422548555187117,0.19895783988630983,0.028422548555187117,0.08526764566556136,5.0,3.0,3.0,7.0,2.0,1.0,3.0,4.0,5.0,0,0.0,0,0.00134,29.0,21625.65249813572,28.96114,0.056845097110374235,2.0,4.0,0.6434464
0022400257,1610612752,New York,Knicks,NYK,knicks,1628404,Josh,Hart,J. Hart,josh-hart,F,,,39:05,39.083333333333336,8,11,0.727,2,3,0.667,1,2,0.5,4,7,11,6,3,0,1,2,19,22.0,0022400257,Josh Hart,josh hart,,,2024-11-20,3,0.4861407249466951,0.1023454157782516,0.2814498933901919,0.15351812366737738,0.1791044776119403,3.0,1.0,1.0,2.0,1.0,1.0,2.0,2.0,2.0,0,0.0,0,0.0014299999999999998,24.9,17400.419287211742,24.864392999999996,0.07675906183368869,1.0,1.0,0.91922176
0022400257,1610612752,New York,Knicks,NYK,knicks,1626157,Karl-Anthony,Towns,K. Towns,karl-anthony-towns,C,,,34:09,34.15,12,19,0.632,3,8,0.375,7,8,0.875,1,9,10,2,1,0,3,4,34,23.0,0022400257,Karl-Anthony Towns,karl-anthony towns,,,2024-11-20,1,0.9956076134699854,0.029282576866764276,0.29282576866764276,0.05856515373352855,0.05856515373352855,2.0,3.0,2.0,5.0,3.0,1.0,1.0,5.0,3.0,0,0.0,0,0.00321,27.4,8533.167237620677,27.312046,0.029282576866764276,3.0,6.0,0.75810796
0022400257,1610612752,New York,Knicks,NYK,knicks,1628969,Mikal,Bridges,M. Bridges,mikal-bridges,G,,,40:04,40.06666666666667,7,14,0.5,2,5,0.4,0,0,0.0,0,3,3,5,1,0,0,0,16,19.0,0022400257,Mikal Bridges,mikal bridges,,,2024-11-20,1,0.39933444259567386,0.0,0.07487520798668884,0.12479201331114807,0.024958402662229616,4.0,7.0,5.0,3.0,3.0,1.0,4.0,1.0,1.0,0,0.0,0,0.00151,22.6,14956.982131039049,22.565874,0.024958402662229616,3.0,8.0,0.5614
0022400257,1610612752,New York,Knicks,NYK,knicks,1628973,Jalen,Brunson,J. Brunson,jalen-brunson,G,,,36:42,36.7,12,21,0.571,7,11,0.636,5,5,1.0,1,1,2,10,1,0,5,1,36,16.0,0022400257,Jalen Brunson,jalen brunson,,,2024-11-20,1,0.9809264305177111,0.02724795640326975,0.0544959128065395,0.2724795640326975,0.0544959128065395,1.0,3.0,6.0,1.0,3.0,1.0,5.0,3.0,1.0,0,0.0,0,0.00329,21.3,6472.196900638104,21.229923,0.02724795640326975,3.0,7.0,0.89582074
0022400257,1610612752,New York,Knicks,NYK,knicks,1626166,Cameron,Payne,C. Payne,cameron-payne,,,,26:14,26.233333333333334,4,9,0.444,2,6,0.333,2,2,1.0,1,0,1,3,1,0,1,1,12,-7.0,0022400257,Cameron Payne,cameron payne,,,2024-11-20,1,0.45743329097839897,0.03811944091486658,0.03811944091486658,0.11435832274459974,0.07623888182973317,6.0,3.0,7.0,4.0,3.0,1.0,9.0,6.0,2.0,0,0.0,0,0.00169,-10.0,-5913.660555884092,-9.9831,0.03811944091486658,3.0,5.0,0.46422854
0022400257,1610612752,New York,Knicks,NYK,knicks,1630579,Jericho,Sims,J. Sims,jericho-sims,,,,13:51,13.85,2,2,1.0,0,0,0.0,0,0,0.0,2,4,6,2,0,0,0,3,4,-7.0,0022400257,Jericho Sims,jericho sims,,,2024-11-20,0,0.2888086642599278,0.1444043321299639,0.4332129963898917,0.1444043321299639,0.1444043321299639,7.0,2.0,4.0,5.0,8.0,1.0,9.0,7.0,0.0,0,0.0,0,0.0005600000000000001,-28.2,-50267.379679144375,-28.184207999999998,0.0,8.0,2.0,0.1326906
0022400257,1610612752,New York,Knicks,NYK,knicks,1642278,Tyler,Kolek,T. Kolek,tyler-kolek,,,,11:18,11.3,1,2,0.5,1,2,0.5,0,0,0.0,0,1,1,1,1,0,1,1,3,0.0,0022400257,Tyler Kolek,tyler kolek,,,2024-11-20,1,0.2654867256637168,0.0,0.08849557522123894,0.08849557522123894,0.08849557522123894,8.0,7.0,7.0,7.0,3.0,1.0,6.0,8.0,1.0,0,0.0,0,0.001,-3.7,-3696.3036963036966,-3.6963000000000004,0.08849557522123894,3.0,3.0,0.016188353
0022400257,1610612752,New York,Knicks,NYK,knicks,1631210,Jacob,Toppin,J. Toppin,jacob-toppin,,,,1:43,1.7166666666666668,0,0,0.0,0,0,0.0,0,0,0.0,0,0,0,0,0,0,0,0,0,-3.0,0022400257,Jacob Toppin,jacob toppin,,,2024-11-20,0,0.0,0.0,0.0,0.0,0.0,9.0,7.0,9.0,9.0,8.0,1.0,7.0,9.0,,1,,1,0.0,-60.0,-60000000.0,-60.0,0.0,8.0,9.0,0.00279973
0022400257,1610612752,New York,Knicks,NYK,knicks,1642359,Pacôme,Dadiet,P. Dadiet,pacôme-dadiet,,,,1:43,1.7166666666666668,0,1,0.0,0,0,0.0,0,0,0.0,0,0,0,0,0,0,0,0,0,-3.0,0022400257,Pacôme Dadiet,pacôme dadiet,,,2024-11-20,0,0.0,0.0,0.0,0.0,0.0,9.0,7.0,9.0,9.0,8.0,1.0,7.0,9.0,,1,,1,0.002,-60.0,-29985.00749625187,-59.88,0.0,8.0,9.0,0.002260144
0022400264,1610612752,New York,Knicks,NYK,knicks,1628384,OG,Anunoby,O. Anunoby,og-anunoby,F,,,36:02,36.03333333333333,10,19,0.526,7,12,0.583,0,0,0.0,1,2,3,0,3,2,0,5,27,-7.0,0022400264,OG Anunoby,og anunoby,,,2024-11-23,5,0.7493061979648474,0.02775208140610546,0.08325624421831637,0.0,0.16651248843663274,1.0,2.0,4.0,6.0,1.0,2.0,6.0,4.0,6.0,0,0.0,0,0.0022400000000000002,-4.5,-2008.0321285140558,-4.48992,0.1387604070305273,1.0,4.0,0.9222174
0022400264,1610612752,New York,Knicks,NYK,knicks,1628404,Josh,Hart,J. Hart,josh-hart,F,,,40:57,40.95,6,11,0.545,2,4,0.5,3,4,0.75,1,5,6,6,2,3,3,2,17,-37.0,0022400264,Josh Hart,josh hart,,,2024-11-23,5,0.4151404151404151,0.02442002442002442,0.1465201465201465,0.1465201465201465,0.1465201465201465,3.0,2.0,2.0,2.0,2.0,1.0,9.0,1.0,4.0,0,0.0,0,0.00165,-43.0,-26044.821320411873,-42.92905,0.1221001221001221,1.0,5.0,0.7657598
0022400264,1610612752,New York,Knicks,NYK,knicks,1626157,Karl-Anthony,Towns,K. Towns,karl-anthony-towns,C,,,38:45,38.75,6,19,0.316,1,9,0.111,3,3,1.0,8,8,16,5,0,1,2,2,16,-34.0,0022400264,Karl-Anthony Towns,karl-anthony towns,,,2024-11-23,1,0.4129032258064516,0.2064516129032258,0.4129032258064516,0.12903225806451613,0.23225806451612904,4.0,1.0,1.0,3.0,8.0,4.0,8.0,2.0,0.0,0,0.0,0,0.00242,-40.3,-16646.014043783558,-40.202473999999995,0.025806451612903226,6.0,1.0,0.20782053
0022400264,1610612752,New York,Knicks,NYK,knicks,1628969,Mikal,Bridges,M. Bridges,mikal-bridges,G,,,32:36,32.6,3,15,0.2,1,7,0.143,0,0,0.0,0,3,3,0,1,1,2,0,7,-1.0,0022400264,Mikal Bridges,mikal bridges,,,2024-11-23,2,0.21472392638036808,0.0,0.09202453987730061,0.0,0.06134969325153374,6.0,5.0,4.0,6.0,3.0,4.0,4.0,5.0,2.0,0,0.0,0,0.00215,0.0,0.0,0.0,0.06134969325153374,4.0,7.0,0.05967502
0022400264,1610612752,New York,Knicks,NYK,knicks,1628973,Jalen,Brunson,J. Brunson,jalen-brunson,G,,,37:03,37.05,8,19,0.421,2,9,0.222,5,5,1.0,0,2,2,8,1,0,2,3,23,-15.0,0022400264,Jalen Brunson,jalen brunson,,,2024-11-23,1,0.620782726045884,0.0,0.05398110661268556,0.21592442645074225,0.02699055330634278,2.0,5.0,6.0,1.0,3.0,7.0,7.0,3.0,3.0,0,1.0,0,0.00267,-17.4,-6514.414077124671,-17.353542,0.02699055330634278,6.0,8.0,0.79551804
0022400264,1610612752,New York,Knicks,NYK,knicks,1630579,Jericho,Sims,J. Sims,jericho-sims,,,,9:15,9.25,1,2,0.5,0,0,0.0,0,0,0.0,1,1,2,0,1,0,0,1,2,19.0,0022400264,Jericho Sims,jericho sims,,,2024-11-23,1,0.21621621621621623,0.10810810810810811,0.21621621621621623,0.0,0.21621621621621623,8.0,2.0,6.0,6.0,3.0,7.0,1.0,8.0,3.0,0,0.0,0,0.00083,86.4,103971.11913357401,86.328288,0.10810810810810811,6.0,2.0,0.095863976
0022400264,1610612752,New York,Knicks,NYK,knicks,1626166,Cameron,Payne,C. Payne,cameron-payne,,,,31:23,31.383333333333333,4,11,0.364,3,7,0.429,0,0,0.0,0,6,6,5,1,2,0,5,11,2.0,0022400264,Cameron Payne,cameron payne,,,2024-11-23,3,0.3505045140732873,0.0,0.19118428040361127,0.15932023366967604,0.09559214020180563,5.0,5.0,2.0,3.0,3.0,2.0,2.0,6.0,5.0,0,0.0,0,0.0014299999999999998,3.0,2096.43605870021,2.99571,0.09559214020180563,3.0,6.0,0.766201
0022400264,1610612752,New York,Knicks,NYK,knicks,1642278,Tyler,Kolek,T. Kolek,tyler-kolek,,,,10:57,10.95,1,4,0.25,1,3,0.333,0,0,0.0,0,2,2,1,1,1,0,1,3,0.0,0022400264,Tyler Kolek,tyler kolek,,,2024-11-23,2,0.27397260273972607,0.0,0.18264840182648404,0.09132420091324202,0.18264840182648404,7.0,5.0,6.0,5.0,3.0,4.0,3.0,7.0,1.0,0,0.0,0,0.0014299999999999998,3.6,2515.7232704402522,3.594852,0.18264840182648404,4.0,3.0,0.03035582
0022400264,1610612752,New York,Knicks,NYK,knicks,1642359,Pacôme,Dadiet,P. Dadiet,pacôme-dadiet,,,,3:02,3.033333333333333,0,0,0.0,0,0,0.0,0,0,0.0,0,0,0,0,0,0,0,0,0,-2.0,0022400264,Pacôme Dadiet,pacôme dadiet,,,2024-11-23,0,0.0,0.0,0.0,0.0,0.0,9.0,5.0,9.0,6.0,8.0,7.0,5.0,9.0,0.0,0,0.0,0,0.0,-47.6,-47600000.0,-47.6,0.0,9.0,9.0,0.0030937572
0022400283,1610612752,New York,Knicks,NYK,knicks,1628384,OG,Anunoby,O. Anunoby,og-anunoby,F,,,37:50,37.833333333333336,16,23,0.696,5,7,0.714,3,3,1.0,1,4,5,4,0,1,1,2,40,21.0,0022400283,OG Anunoby,og anunoby,,,2024-11-25,1,1.0572687224669604,0.026431718061674006,0.13215859030837004,0.10572687224669602,0.05286343612334801,1.0,4.0,4.0,5.0,4.0,2.0,1.0,2.0,1.0,0,0.0,0,0.00301,29.2,9697.774825639322,29.112108,0.026431718061674006,4.0,5.0,0.86622643
0022400283,1610612752,New York,Knicks,NYK,knicks,1628404,Josh,Hart,J. Hart,josh-hart,F,,,27:45,27.75,5,5,1.0,1,1,1.0,1,1,1.0,2,4,6,5,1,1,1,5,12,13.0,0022400283,Josh Hart,josh hart,,,2024-11-25,2,0.43243243243243246,0.07207207207207207,0.21621621621621623,0.18018018018018017,0.14414414414414414,6.0,1.0,2.0,3.0,2.0,2.0,6.0,5.0,4.0,0,0.0,0,0.00097,21.7,22348.0947476828,21.678950999999998,0.07207207207207207,2.0,2.0,0.6941681
0022400283,1610612752,New York,Knicks,NYK,knicks,1626157,Karl-Anthony,Towns,K. Towns,karl-anthony-towns,C,,,33:52,33.86666666666667,12,15,0.8,2,2,1.0,4,6,0.667,1,14,15,4,3,0,4,4,30,21.0,0022400283,Karl-Anthony Towns,karl-anthony towns,,,2024-11-25,3,0.8858267716535433,0.02952755905511811,0.44291338582677164,0.11811023622047244,0.11811023622047244,2.0,4.0,1.0,5.0,1.0,4.0,1.0,4.0,4.0,0,0.0,0,0.0028000000000000004,29.2,10424.848268475542,29.11824,0.08858267716535433,1.0,3.0,0.84680235
0022400283,1610612752,New York,Knicks,NYK,knicks,1628969,Mikal,Bridges,M. Bridges,mikal-bridges,G,,,36:12,36.2,6,16,0.375,2,8,0.25,0,0,0.0,0,2,2,6,0,0,0,1,14,18.0,0022400283,Mikal Bridges,mikal bridges,,,2024-11-25,0,0.38674033149171266,0.0,0.055248618784530384,0.16574585635359115,0.0,4.0,6.0,7.0,2.0,4.0,4.0,5.0,3.0,0.0,0,0.0,0,0.00203,29.5,14524.864598719842,29.440115000000002,0.0,6.0,6.0,0.28621775
0022400283,1610612752,New York,Knicks,NYK,knicks,1628973,Jalen,Brunson,J. Brunson,jalen-brunson,G,,,37:52,37.86666666666667,8,14,0.571,4,5,0.8,3,3,1.0,0,3,3,17,0,0,2,2,23,19.0,0022400283,Jalen Brunson,jalen brunson,,,2024-11-25,0,0.6073943661971831,0.0,0.07922535211267606,0.448943661971831,0.0,3.0,6.0,6.0,1.0,4.0,4.0,4.0,1.0,1.0,0,1.0,0,0.00202,27.9,13805.047006432456,27.843642,0.0,6.0,6.0,0.7891487
0022400283,1610612752,New York,Knicks,NYK,knicks,1626166,Cameron,Payne,C. Payne,cameron-payne,,,,17:39,17.65,3,6,0.5,2,5,0.4,3,3,1.0,0,1,1,5,0,0,0,3,11,21.0,0022400283,Cameron Payne,cameron payne,,,2024-11-25,0,0.623229461756374,0.0,0.056657223796034,0.28328611898017,0.0,7.0,6.0,8.0,3.0,4.0,4.0,1.0,7.0,4.0,0,0.0,0,0.0017100000000000001,58.0,33898.30508474576,57.90082,0.0,6.0,6.0,0.49595743
0022400283,1610612752,New York,Knicks,NYK,knicks,1630579,Jericho,Sims,J. Sims,jericho-sims,,,,14:08,14.133333333333333,0,1,0.0,0,0,0.0,0,0,0.0,2,2,4,0,0,2,0,2,0,6.0,0022400283,Jericho Sims,jericho sims,,,2024-11-25,2,0.0,0.14150943396226415,0.2830188679245283,0.0,0.2830188679245283,9.0,1.0,5.0,9.0,4.0,1.0,8.0,8.0,0.0,0,0.0,0,0.00029,20.7,71134.0206185567,20.693997,0.14150943396226415,2.0,1.0,0.0507273
0022400283,1610612752,New York,Knicks,NYK,knicks,1630540,Miles,McBride,M. McBride,miles-mcbride,,,,27:45,27.75,5,9,0.556,3,6,0.5,0,0,0.0,2,4,6,3,1,0,0,4,13,10.0,0022400283,Miles McBride,miles mcbride,,,2024-11-25,1,0.46846846846846846,0.07207207207207207,0.21621621621621623,0.10810810810810811,0.10810810810810811,5.0,1.0,2.0,7.0,2.0,4.0,7.0,5.0,1.0,0,0.0,0,0.00127,14.0,11014.948859166012,13.98222,0.036036036036036036,4.0,4.0,0.59000623
0022400283,1610612752,New York,Knicks,NYK,knicks,1642359,Pacôme,Dadiet,P. Dadiet,pacôme-dadiet,,,,2:19,2.3166666666666664,0,1,0.0,0,1,0.0,0,0,0.0,0,1,1,0,0,0,0,0,0,2.0,0022400283,Pacôme Dadiet,pacôme dadiet,,,2024-11-25,0,0.0,0.0,0.43165467625899284,0.0,0.0,9.0,6.0,8.0,9.0,4.0,4.0,9.0,9.0,1.0,0,0.0,0,0.00167,25.0,14961.101137043686,24.95825,0.0,6.0,6.0,0.0040263887
0022400283,1610612752,New York,Knicks,NYK,knicks,1642278,Tyler,Kolek,T. Kolek,tyler-kolek,,,,2:19,2.3166666666666664,1,1,1.0,0,0,0.0,0,0,0.0,0,0,0,1,0,0,0,0,2,2.0,0022400283,Tyler Kolek,tyler kolek,,,2024-11-25,0,0.8633093525179857,0.0,0.0,0.43165467625899284,0.0,8.0,6.0,10.0,8.0,4.0,4.0,9.0,9.0,,1,,1,0.00167,25.0,14961.101137043686,24.95825,0.0,6.0,6.0,0.0058959518
0022400283,1610612752,New York,Knicks,NYK,knicks,1630346,Matt,Ryan,M. Ryan,matt-ryan,,,,2:19,2.3166666666666664,0,1,0.0,0,1,0.0,0,0,0.0,0,0,0,0,0,0,1,0,0,2.0,0022400283,Matt Ryan,matt ryan,,,2024-11-25,0,0.0,0.0,0.0,0.0,0.0,9.0,6.0,10.0,9.0,4.0,4.0,9.0,9.0,1.0,0,0.0,0,0.00333,25.0,7505.253677574302,24.91675,0.0,6.0,6.0,0.0027127913
0022400292,1610612752,New York,Knicks,NYK,knicks,1628404,Josh,Hart,J. Hart,josh-hart,F,,,41:33,41.55,5,10,0.5,1,2,0.5,1,1,1.0,1,1,2,3,4,0,1,3,12,-8.0,0022400292,Josh Hart,josh hart,,,2024-11-27,4,0.2888086642599278,0.024067388688327317,0.048134777376654635,0.07220216606498195,0.12033694344163659,4.0,3.0,5.0,3.0,1.0,4.0,3.0,1.0,4.0,0,0.0,0,0.00116,-7.9,-6804.478897502154,-7.890836,0.09626955475330927,1.0,3.0,0.5198547
0022400292,1610612752,New York,Knicks,NYK,knicks,1628384,OG,Anunoby,O. Anunoby,og-anunoby,F,,,39:50,39.833333333333336,3,15,0.2,0,8,0.0,2,2,1.0,3,2,5,2,0,0,1,2,8,-15.0,0022400292,OG Anunoby,og anunoby,,,2024-11-27,0,0.200836820083682,0.07531380753138076,0.12552301255230125,0.0502092050209205,0.07531380753138076,5.0,1.0,2.0,4.0,5.0,4.0,8.0,2.0,3.0,0,0.0,0,0.00185,-18.5,-9994.597514856834,-18.465775,0.0,6.0,4.0,0.09151108
0022400292,1610612752,New York,Knicks,NYK,knicks,1626157,Karl-Anthony,Towns,K. Towns,karl-anthony-towns,C,,,34:54,34.9,7,16,0.438,2,4,0.5,9,10,0.9,1,13,14,4,0,1,1,4,25,-7.0,0022400292,Karl-Anthony Towns,karl-anthony towns,,,2024-11-27,1,0.7163323782234957,0.02865329512893983,0.4011461318051576,0.11461318051575932,0.05730659025787966,2.0,3.0,1.0,2.0,5.0,1.0,2.0,5.0,1.0,0,0.0,0,0.0027500000000000003,-8.0,-2908.033442384587,-7.978,0.02865329512893983,5.0,5.0,0.8915782
0022400292,1610612752,New York,Knicks,NYK,knicks,1628969,Mikal,Bridges,M. Bridges,mikal-bridges,G,,,39:15,39.25,8,19,0.421,4,10,0.4,0,0,0.0,2,3,5,0,0,0,2,1,20,-11.0,0022400292,Mikal Bridges,mikal bridges,,,2024-11-27,0,0.5095541401273885,0.050955414012738856,0.12738853503184713,0.0,0.050955414012738856,3.0,2.0,2.0,8.0,5.0,4.0,5.0,3.0,0.0,0,0.0,0,0.00231,-12.1,-5235.828645607961,-12.072049,0.0,6.0,7.0,0.70389175
0022400292,1610612752,New York,Knicks,NYK,knicks,1628973,Jalen,Brunson,J. Brunson,jalen-brunson,G,,,36:22,36.36666666666667,14,21,0.667,0,3,0.0,9,10,0.9,0,3,3,7,2,0,2,4,37,-12.0,0022400292,Jalen Brunson,jalen brunson,,,2024-11-27,2,1.0174152153987168,0.0,0.08249312557286893,0.1924839596700275,0.054995417048579284,1.0,5.0,4.0,1.0,2.0,4.0,7.0,4.0,4.0,0,2.0,0,0.0032500000000000003,-18.3,-5629.037219317132,-18.240525,0.054995417048579284,3.0,6.0,0.9328165
0022400292,1610612752,New York,Knicks,NYK,knicks,1630579,Jericho,Sims,J. Sims,jericho-sims,,,,13:06,13.1,0,0,0.0,0,0,0.0,1,2,0.5,0,1,1,1,2,1,0,3,1,-8.0,0022400292,Jericho Sims,jericho sims,,,2024-11-27,3,0.07633587786259542,0.0,0.07633587786259542,0.07633587786259542,0.22900763358778625,8.0,5.0,7.0,6.0,2.0,1.0,3.0,8.0,2.0,0,0.0,0,0.00033,-29.6,-89425.98187311178,-29.590232,0.22900763358778625,2.0,1.0,0.011605312
0022400292,1610612752,New York,Knicks,NYK,knicks,1626166,Cameron,Payne,C. Payne,cameron-payne,,,,19:41,19.683333333333334,2,3,0.667,0,1,0.0,2,2,1.0,0,1,1,1,0,0,1,1,6,-11.0,0022400292,Cameron Payne,cameron payne,,,2024-11-27,0,0.30482641828958507,0.0,0.05080440304826418,0.05080440304826418,0.0,6.0,5.0,7.0,6.0,5.0,4.0,5.0,6.0,1.0,0,0.0,0,0.00114,-23.6,-20683.61086765995,-23.573096,0.0,6.0,8.0,0.029903134
0022400292,1610612752,New York,Knicks,NYK,knicks,1630540,Miles,McBride,M. McBride,miles-mcbride,,,,15:19,15.316666666666666,1,2,0.5,0,1,0.0,3,3,1.0,0,2,2,2,1,1,0,1,5,-3.0,0022400292,Miles McBride,miles mcbride,,,2024-11-27,2,0.3264417845484222,0.0,0.1305767138193689,0.1305767138193689,0.1305767138193689,7.0,5.0,5.0,4.0,4.0,1.0,1.0,7.0,1.0,0,0.0,0,0.00086,-5.5,-6387.921022067363,-5.4952700000000005,0.1305767138193689,3.0,2.0,0.047962446
0022400040,1610612752,New York,Knicks,NYK,knicks,1628404,Josh,Hart,J. Hart,josh-hart,F,,,41:29,41.483333333333334,6,12,0.5,1,4,0.25,0,0,0.0,4,8,12,5,2,0,3,3,13,1.0,0022400040,Josh Hart,josh hart,,,2024-11-29,2,0.3133788670148654,0.09642426677380474,0.2892728003214142,0.12053033346725592,0.1446364001607071,4.0,1.0,1.0,2.0,1.0,4.0,5.0,1.0,2.0,0,0.0,0,0.00156,3.9,2498.398462524023,3.893916,0.04821213338690237,2.0,2.0,0.66778475
0022400040,1610612752,New York,Knicks,NYK,knicks,1628384,OG,Anunoby,O. Anunoby,og-anunoby,F,,,39:32,39.53333333333333,3,11,0.273,0,4,0.0,2,2,1.0,1,3,4,0,0,2,4,4,8,3.0,0022400040,OG Anunoby,og anunoby,,,2024-11-29,2,0.20236087689713322,0.025295109612141653,0.10118043844856661,0.0,0.07588532883642496,5.0,4.0,5.0,7.0,6.0,1.0,4.0,2.0,2.0,0,0.0,0,0.00182,2.6,1427.7869302581,2.595268,0.050590219224283306,2.0,5.0,0.092283316
0022400040,1610612752,New York,Knicks,NYK,knicks,1626157,Karl-Anthony,Towns,K. Towns,karl-anthony-towns,C,,,39:28,39.46666666666667,8,16,0.5,2,5,0.4,1,1,1.0,4,8,12,5,1,2,6,4,19,5.0,0022400040,Karl-Anthony Towns,karl-anthony towns,,,2024-11-29,3,0.4814189189189189,0.10135135135135134,0.30405405405405406,0.12668918918918917,0.17736486486486486,2.0,1.0,1.0,2.0,3.0,1.0,2.0,3.0,6.0,0,0.0,0,0.00244,7.9,3236.378533387956,7.880724000000001,0.07601351351351351,1.0,1.0,0.6965016
0022400040,1610612752,New York,Knicks,NYK,knicks,1628969,Mikal,Bridges,M. Bridges,mikal-bridges,G,,,36:40,36.666666666666664,3,10,0.3,1,4,0.25,1,2,0.5,1,1,2,2,2,0,3,2,8,-14.0,0022400040,Mikal Bridges,mikal bridges,,,2024-11-29,2,0.2181818181818182,0.027272727272727275,0.05454545454545455,0.05454545454545455,0.08181818181818182,5.0,4.0,7.0,4.0,1.0,4.0,8.0,5.0,1.0,0,0.0,0,0.00159,-17.7,-11125.078566939032,-17.671857,0.05454545454545455,2.0,4.0,0.058630027
0022400040,1610612752,New York,Knicks,NYK,knicks,1628973,Jalen,Brunson,J. Brunson,jalen-brunson,G,,,36:41,36.68333333333333,9,18,0.5,4,6,0.667,9,12,0.75,0,6,6,6,1,1,2,4,31,0.0,0022400040,Jalen Brunson,jalen brunson,,,2024-11-29,2,0.8450704225352114,0.0,0.16356201726487962,0.16356201726487962,0.05452067242162654,1.0,6.0,3.0,1.0,3.0,3.0,6.0,4.0,1.0,0,1.0,0,0.00296,0.0,0.0,0.0,0.05452067242162654,2.0,7.0,0.91551673
0022400040,1610612752,New York,Knicks,NYK,knicks,1630540,Miles,McBride,M. McBride,miles-mcbride,,,,26:36,26.6,5,9,0.556,2,5,0.4,2,2,1.0,2,3,5,1,0,0,0,0,14,4.0,0022400040,Miles McBride,miles mcbride,,,2024-11-29,0,0.5263157894736842,0.07518796992481203,0.18796992481203006,0.03759398496240601,0.07518796992481203,3.0,3.0,4.0,5.0,6.0,4.0,3.0,6.0,1.0,0,0.0,0,0.00156,10.0,6406.149903907752,9.9844,0.0,7.0,6.0,0.7659435
0022400040,1610612752,New York,Knicks,NYK,knicks,1630579,Jericho,Sims,J. Sims,jericho-sims,,,,8:23,8.383333333333333,0,0,0.0,0,0,0.0,0,0,0.0,0,0,0,0,0,0,0,0,0,-1.0,0022400040,Jericho Sims,jericho sims,,,2024-11-29,0,0.0,0.0,0.0,0.0,0.0,8.0,6.0,8.0,7.0,6.0,4.0,7.0,8.0,1.0,0,0.0,0,0.0,-5.9,-5900000.000000001,-5.9,0.0,7.0,8.0,0.0038476307
0022400040,1610612752,New York,Knicks,NYK,knicks,1626166,Cameron,Payne,C. Payne,cameron-payne,,,,11:11,11.183333333333334,2,5,0.4,2,4,0.5,0,0,0.0,0,3,3,1,1,0,1,2,6,7.0,0022400040,Cameron Payne,cameron payne,,,2024-11-29,1,0.5365126676602087,0.0,0.26825633383010433,0.08941877794336811,0.08941877794336811,7.0,6.0,6.0,5.0,3.0,4.0,1.0,7.0,2.0,0,0.0,0,0.00207,31.8,15354.901014002899,31.734174,0.08941877794336811,6.0,3.0,0.17357174
0022400308,1610612752,New York,Knicks,NYK,knicks,1628384,OG,Anunoby,O. Anunoby,og-anunoby,F,,,31:24,31.4,2,10,0.2,0,3,0.0,3,4,0.75,1,3,4,2,3,4,2,1,7,32.0,0022400308,OG Anunoby,og anunoby,,,2024-12-01,7,0.2229299363057325,0.03184713375796178,0.12738853503184713,0.06369426751592357,0.25477707006369427,8.0,4.0,4.0,5.0,1.0,1.0,2.0,2.0,5.0,0,0.0,0,0.00184,50.0,27159.152634437807,49.908,0.2229299363057325,1.0,2.0,0.5419861
0022400308,1610612752,New York,Knicks,NYK,knicks,1628404,Josh,Hart,J. Hart,josh-hart,F,,,30:60,31.0,5,9,0.556,2,3,0.667,0,0,0.0,1,5,6,3,2,1,0,2,12,23.0,0022400308,Josh Hart,josh hart,,,2024-12-01,3,0.3870967741935484,0.03225806451612903,0.1935483870967742,0.0967741935483871,0.12903225806451613,5.0,4.0,3.0,3.0,2.0,3.0,4.0,3.0,5.0,0,0.0,0,0.0011799999999999998,33.1,28027.09568162575,33.060942000000004,0.0967741935483871,3.0,5.0,0.6348417
0022400308,1610612752,New York,Knicks,NYK,knicks,1626157,Karl-Anthony,Towns,K. Towns,karl-anthony-towns,C,,,24:34,24.566666666666666,4,12,0.333,1,5,0.2,5,5,1.0,3,16,19,2,1,1,2,1,14,17.0,0022400308,Karl-Anthony Towns,karl-anthony towns,,,2024-12-01,2,0.5698778833107191,0.12211668928086838,0.7734056987788331,0.0814111261872456,0.20352781546811397,3.0,2.0,1.0,5.0,4.0,3.0,6.0,5.0,1.0,0,0.0,0,0.00267,32.1,12017.970797454136,32.014293,0.0814111261872456,4.0,4.0,0.773151
0022400308,1610612752,New York,Knicks,NYK,knicks,1628969,Mikal,Bridges,M. Bridges,mikal-bridges,G,,,35:30,35.5,12,19,0.632,7,12,0.583,0,0,0.0,0,4,4,1,0,1,1,1,31,40.0,0022400308,Mikal Bridges,mikal bridges,,,2024-12-01,1,0.8732394366197183,0.0,0.11267605633802817,0.028169014084507043,0.028169014084507043,1.0,8.0,4.0,9.0,7.0,3.0,1.0,1.0,4.0,0,0.0,0,0.00233,53.0,22737.022737022737,52.876509999999996,0.028169014084507043,5.0,9.0,0.65929776
0022400308,1610612752,New York,Knicks,NYK,knicks,1628973,Jalen,Brunson,J. Brunson,jalen-brunson,G,,,26:28,26.466666666666665,4,11,0.364,3,7,0.429,5,5,1.0,2,0,2,9,0,0,3,3,16,29.0,0022400308,Jalen Brunson,jalen brunson,,,2024-12-01,0,0.6045340050377834,0.07556675062972293,0.07556675062972293,0.3400503778337532,0.07556675062972293,2.0,3.0,8.0,1.0,7.0,6.0,3.0,4.0,1.0,0,1.0,0,0.0025800000000000003,56.1,21735.761332816735,55.955262,0.0,8.0,8.0,0.41476762
0022400308,1610612752,New York,Knicks,NYK,knicks,1630540,Miles,McBride,M. McBride,miles-mcbride,,,,21:40,21.666666666666668,5,9,0.556,3,4,0.75,0,0,0.0,1,1,2,3,1,0,2,2,13,18.0,0022400308,Miles McBride,miles mcbride,,,2024-12-01,1,0.6,0.04615384615384615,0.0923076923076923,0.13846153846153844,0.0923076923076923,4.0,4.0,8.0,3.0,4.0,6.0,5.0,7.0,4.0,0,0.0,0,0.00196,38.0,19377.868434472206,37.92552,0.04615384615384615,5.0,7.0,0.68149567
0022400308,1610612752,New York,Knicks,NYK,knicks,1630579,Jericho,Sims,J. Sims,jericho-sims,,,,23:26,23.433333333333334,2,2,1.0,0,0,0.0,0,0,0.0,5,8,13,2,1,0,2,0,4,16.0,0022400308,Jericho Sims,jericho sims,,,2024-12-01,1,0.17069701280227595,0.21337126600284495,0.5547652916073968,0.08534850640113797,0.25604551920341395,9.0,1.0,2.0,5.0,4.0,6.0,7.0,6.0,1.0,0,0.0,0,0.00066,31.0,46898.63842662632,30.97954,0.04267425320056899,5.0,1.0,0.28996506
0022400308,1610612752,New York,Knicks,NYK,knicks,1626166,Cameron,Payne,C. Payne,cameron-payne,,,,16:29,16.483333333333334,3,7,0.429,2,4,0.5,0,0,0.0,0,3,3,5,2,2,1,2,8,9.0,0022400308,Cameron Payne,cameron payne,,,2024-12-01,4,0.48533872598584427,0.0,0.18200202224469159,0.3033367037411527,0.24266936299292213,6.0,8.0,6.0,2.0,2.0,2.0,8.0,8.0,2.0,0,0.0,0,0.00182,19.4,10653.487095002745,19.364691999999998,0.24266936299292213,2.0,3.0,0.23151536
0022400308,1610612752,New York,Knicks,NYK,knicks,1630346,Matt,Ryan,M. Ryan,matt-ryan,,,,9:02,9.033333333333333,3,6,0.5,2,5,0.4,0,0,0.0,0,1,1,0,0,0,2,0,8,-6.0,0022400308,Matt Ryan,matt ryan,,,2024-12-01,0,0.8856088560885609,0.0,0.11070110701107011,0.0,0.0,6.0,8.0,11.0,11.0,7.0,6.0,11.0,9.0,0.0,0,0.0,0,0.0032,-35.5,-11090.284286160573,-35.3864,0.0,8.0,10.0,0.08906411
0022400308,1610612752,New York,Knicks,NYK,knicks,1630574,Ariel,Hukporti,A. Hukporti,ariel-hukporti,,,,9:02,9.033333333333333,1,2,0.5,0,0,0.0,1,2,0.5,1,2,3,1,0,0,1,2,3,-6.0,0022400308,Ariel Hukporti,ariel hukporti,,,2024-12-01,0,0.33210332103321033,0.11070110701107011,0.33210332103321033,0.11070110701107011,0.11070110701107011,10.0,4.0,6.0,9.0,7.0,6.0,11.0,9.0,0.0,0,0.0,0,0.0016,-35.5,-22173.6414740787,-35.4432,0.0,8.0,6.0,0.0057956097
0022400308,1610612752,New York,Knicks,NYK,knicks,1642278,Tyler,Kolek,T. Kolek,tyler-kolek,,,,6:23,6.383333333333334,1,4,0.25,0,1,0.0,0,0,0.0,0,2,2,2,0,0,0,0,2,-2.0,0022400308,Tyler Kolek,tyler kolek,,,2024-12-01,0,0.31331592689295035,0.0,0.31331592689295035,0.31331592689295035,0.0,11.0,8.0,8.0,5.0,7.0,6.0,9.0,11.0,0.0,0,0.0,0,0.00211,-18.3,-8668.87730933207,-18.261387000000003,0.0,8.0,10.0,0.0062729544
0022400308,1610612752,New York,Knicks,NYK,knicks,1631210,Jacob,Toppin,J. Toppin,jacob-toppin,,,,5:03,5.05,0,1,0.0,0,1,0.0,0,0,0.0,0,1,1,0,0,0,1,0,0,-5.0,0022400308,Jacob Toppin,jacob toppin,,,2024-12-01,0,0.0,0.0,0.19801980198019803,0.0,0.0,12.0,8.0,11.0,11.0,7.0,6.0,10.0,12.0,0.0,0,0.0,0,0.00133,-46.2,-34710.7438016529,-46.138554,0.0,8.0,10.0,0.003312996
0022400053,1610612752,New York,Knicks,NYK,knicks,1628384,OG,Anunoby,O. Anunoby,og-anunoby,F,,,32:27,32.45,7,10,0.7,4,7,0.571,0,0,0.0,0,2,2,2,0,2,0,4,18,21.0,0022400053,OG Anunoby,og anunoby,,,2024-12-03,2,0.5546995377503852,0.0,0.06163328197226502,0.06163328197226502,0.06163328197226502,4.0,5.0,4.0,6.0,4.0,1.0,4.0,4.0,1.0,0,0.0,0,0.00135,31.3,23168.0236861584,31.257745000000003,0.06163328197226502,2.0,4.0,0.8104726
0022400053,1610612752,New York,Knicks,NYK,knicks,1628404,Josh,Hart,J. Hart,josh-hart,F,,,38:49,38.81666666666667,4,6,0.667,0,1,0.0,3,3,1.0,1,12,13,10,3,0,4,2,11,18.0,0022400053,Josh Hart,josh hart,,,2024-12-03,3,0.283383426363246,0.025762129669386,0.334907685702018,0.25762129669386,0.103048518677544,6.0,2.0,2.0,1.0,1.0,3.0,5.0,1.0,2.0,0,0.0,0,0.0011799999999999998,21.7,18374.259102455548,21.674394,0.077286389008158,1.0,2.0,0.79237264
0022400053,1610612752,New York,Knicks,NYK,knicks,1626157,Karl-Anthony,Towns,K. Towns,karl-anthony-towns,C,,,35:43,35.71666666666667,8,18,0.444,2,5,0.4,5,5,1.0,2,13,15,0,0,2,5,4,23,25.0,0022400053,Karl-Anthony Towns,karl-anthony towns,,,2024-12-03,2,0.643957069528698,0.05599626691553896,0.4199720018665422,0.0,0.11199253383107792,1.0,1.0,1.0,9.0,4.0,1.0,2.0,2.0,2.0,0,0.0,0,0.00291,32.9,11301.958090003434,32.804261,0.05599626691553896,2.0,1.0,0.6974358
0022400053,1610612752,New York,Knicks,NYK,knicks,1628969,Mikal,Bridges,M. Bridges,mikal-bridges,G,,,35:32,35.53333333333333,8,13,0.615,2,6,0.333,1,1,1.0,0,2,2,5,2,0,2,3,19,33.0,0022400053,Mikal Bridges,mikal bridges,,,2024-12-03,2,0.5347091932457786,0.0,0.056285178236397754,0.14071294559099437,0.056285178236397754,3.0,5.0,4.0,2.0,2.0,3.0,1.0,3.0,3.0,0,0.0,0,0.00183,42.1,22992.900054614965,42.022957,0.056285178236397754,2.0,5.0,0.7451347
0022400053,1610612752,New York,Knicks,NYK,knicks,1628973,Jalen,Brunson,J. Brunson,jalen-brunson,G,,,26:31,26.516666666666666,8,15,0.533,1,3,0.333,4,4,1.0,1,1,2,4,0,0,3,3,21,24.0,0022400053,Jalen Brunson,jalen brunson,,,2024-12-03,0,0.7919547454431176,0.037712130735386554,0.07542426147077311,0.15084852294154621,0.037712130735386554,2.0,2.0,4.0,3.0,4.0,3.0,3.0,5.0,0.0,0,0.0,0,0.00317,41.0,12929.67518133081,40.87003,0.0,6.0,6.0,0.6301614
0022400053,1610612752,New York,Knicks,NYK,knicks,1630540,Miles,McBride,M. McBride,miles-mcbride,,,,25:44,25.733333333333334,5,11,0.455,5,7,0.714,3,3,1.0,1,2,3,4,1,0,2,3,18,-2.0,0022400053,Miles McBride,miles mcbride,,,2024-12-03,1,0.699481865284974,0.038860103626943004,0.11658031088082901,0.15544041450777202,0.07772020725388601,4.0,2.0,3.0,3.0,3.0,3.0,6.0,6.0,3.0,0,0.0,0,0.00226,-3.6,-1592.2158337019018,-3.5918639999999997,0.038860103626943004,5.0,3.0,0.79135054
0022400053,1610612752,New York,Knicks,NYK,knicks,1630579,Jericho,Sims,J. Sims,jericho-sims,,,,12:17,12.283333333333333,1,1,1.0,0,0,0.0,2,2,1.0,0,2,2,1,0,0,1,2,4,-10.0,0022400053,Jericho Sims,jericho sims,,,2024-12-03,0,0.3256445047489824,0.0,0.1628222523744912,0.0814111261872456,0.0,8.0,5.0,4.0,7.0,4.0,3.0,11.0,8.0,0.0,0,0.0,0,0.00111,-32.9,-29612.96129612961,-32.863481,0.0,6.0,7.0,0.005213845
0022400053,1610612752,New York,Knicks,NYK,knicks,1626166,Cameron,Payne,C. Payne,cameron-payne,,,,18:36,18.6,2,6,0.333,1,2,0.5,2,2,1.0,0,0,0,3,0,0,0,2,7,-3.0,0022400053,Cameron Payne,cameron payne,,,2024-12-03,0,0.3763440860215054,0.0,0.0,0.16129032258064516,0.0,7.0,5.0,8.0,5.0,4.0,3.0,7.0,7.0,2.0,0,0.0,0,0.0015199999999999999,-7.5,-4930.966469428008,-7.4886,0.0,6.0,7.0,0.030950692
0022400053,1610612752,New York,Knicks,NYK,knicks,1630346,Matt,Ryan,M. Ryan,matt-ryan,,,,5:42,5.7,0,2,0.0,0,2,0.0,0,0,0.0,0,0,0,0,0,0,0,0,0,-13.0,0022400053,Matt Ryan,matt ryan,,,2024-12-03,0,0.0,0.0,0.0,0.0,0.0,9.0,5.0,8.0,9.0,4.0,3.0,12.0,9.0,,1,,1,0.00154,-108.3,-70279.03958468528,-108.133218,0.0,6.0,7.0,0.002284922
0022400053,1610612752,New York,Knicks,NYK,knicks,1630574,Ariel,Hukporti,A. Hukporti,ariel-hukporti,,,,2:53,2.8833333333333333,0,0,0.0,0,0,0.0,0,0,0.0,0,0,0,0,0,0,0,1,0,-6.0,0022400053,Ariel Hukporti,ariel hukporti,,,2024-12-03,0,0.0,0.0,0.0,0.0,0.0,9.0,5.0,8.0,9.0,4.0,3.0,8.0,10.0,1.0,0,0.0,0,0.0,-104.8,-104800000.0,-104.8,0.0,6.0,7.0,0.0028056202
0022400053,1610612752,New York,Knicks,NYK,knicks,1642278,Tyler,Kolek,T. Kolek,tyler-kolek,,,,2:53,2.8833333333333333,0,3,0.0,0,2,0.0,0,0,0.0,0,0,0,0,0,0,0,1,0,-6.0,0022400053,Tyler Kolek,tyler kolek,,,2024-12-03,0,0.0,0.0,0.0,0.0,0.0,9.0,5.0,8.0,9.0,4.0,3.0,8.0,10.0,,1,,1,0.00375,-104.8,-27939.21620901093,-104.407,0.0,6.0,7.0,0.0022636144
0022400053,1610612752,New York,Knicks,NYK,knicks,1642359,Pacôme,Dadiet,P. Dadiet,pacôme-dadiet,,,,2:53,2.8833333333333333,0,0,0.0,0,0,0.0,0,0,0.0,0,0,0,1,0,0,0,0,0,-6.0,0022400053,Pacôme Dadiet,pacôme dadiet,,,2024-12-03,0,0.0,0.0,0.0,0.3468208092485549,0.0,9.0,5.0,8.0,7.0,4.0,3.0,8.0,10.0,0.0,0,0.0,0,0.0,-104.8,-104800000.0,-104.8,0.0,6.0,7.0,0.0027683645
0022400327,1610612752,New York,Knicks,NYK,knicks,1628384,OG,Anunoby,O. Anunoby,og-anunoby,F,,,39:30,39.5,10,18,0.556,3,4,0.75,2,2,1.0,1,5,6,2,4,2,1,2,25,18.0,0022400327,OG Anunoby,og anunoby,,,2024-12-05,6,0.6329113924050633,0.02531645569620253,0.1518987341772152,0.05063291139240506,0.17721518987341772,2.0,3.0,3.0,5.0,1.0,1.0,4.0,2.0,5.0,0,0.0,0,0.0023799999999999997,20.4,8567.828643427132,20.351447999999998,0.1518987341772152,1.0,1.0,0.7889837
0022400327,1610612752,New York,Knicks,NYK,knicks,1628404,Josh,Hart,J. Hart,josh-hart,F,,,38:23,38.38333333333333,6,9,0.667,4,6,0.667,2,2,1.0,0,10,10,6,1,0,1,2,18,17.0,0022400327,Josh Hart,josh hart,,,2024-12-05,1,0.46895353886235347,0.0,0.2605297438124186,0.15631784628745116,0.026052974381241857,5.0,4.0,2.0,2.0,2.0,3.0,5.0,4.0,0.0,0,0.0,0,0.0013800000000000002,21.2,15351.194786386675,21.170744,0.026052974381241857,3.0,5.0,0.73281753
0022400327,1610612752,New York,Knicks,NYK,knicks,1626157,Karl-Anthony,Towns,K. Towns,karl-anthony-towns,C,,,39:25,39.416666666666664,9,15,0.6,2,5,0.4,7,9,0.778,3,13,16,2,0,2,2,4,27,25.0,0022400327,Karl-Anthony Towns,karl-anthony towns,,,2024-12-05,2,0.6849894291754758,0.07610993657505286,0.40591966173361527,0.05073995771670191,0.12684989429175478,1.0,1.0,1.0,5.0,5.0,1.0,2.0,3.0,1.0,0,0.0,0,0.0023799999999999997,32.5,13649.727005459892,32.42265,0.05073995771670191,2.0,3.0,0.82148325
0022400327,1610612752,New York,Knicks,NYK,knicks,1628969,Mikal,Bridges,M. Bridges,mikal-bridges,G,,,46:30,46.5,7,15,0.467,2,7,0.286,3,5,0.6,0,3,3,7,1,0,2,1,19,26.0,0022400327,Mikal Bridges,mikal bridges,,,2024-12-05,1,0.40860215053763443,0.0,0.06451612903225806,0.15053763440860216,0.021505376344086023,4.0,4.0,5.0,1.0,2.0,3.0,1.0,1.0,2.0,0,0.0,0,0.00196,27.7,14125.446200917899,27.645708,0.021505376344086023,3.0,6.0,0.51533085
0022400327,1610612752,New York,Knicks,NYK,knicks,1628973,Jalen,Brunson,J. Brunson,jalen-brunson,G,,,26:58,26.966666666666665,6,8,0.75,5,6,0.833,7,8,0.875,0,1,1,5,1,0,0,1,24,22.0,0022400327,Jalen Brunson,jalen brunson,,,2024-12-05,1,0.8899876390605687,0.0,0.03708281829419036,0.1854140914709518,0.03708281829419036,3.0,4.0,6.0,4.0,2.0,3.0,3.0,6.0,1.0,0,0.0,0,0.002,41.5,20739.630184907546,41.417,0.03708281829419036,3.0,4.0,0.8575969
0022400327,1610612752,New York,Knicks,NYK,knicks,1630579,Jericho,Sims,J. Sims,jericho-sims,,,,3:22,3.3666666666666667,0,1,0.0,0,0,0.0,0,0,0.0,0,1,1,0,0,0,1,0,0,-4.0,0022400327,Jericho Sims,jericho sims,,,2024-12-05,0,0.0,0.0,0.297029702970297,0.0,0.0,8.0,4.0,6.0,8.0,5.0,3.0,12.0,8.0,0.0,0,0.0,0,0.0028599999999999997,-57.1,-19958.056623558197,-56.936694,0.0,6.0,7.0,0.0032022307
0022400327,1610612752,New York,Knicks,NYK,knicks,1630540,Miles,McBride,M. McBride,miles-mcbride,,,,27:39,27.65,2,5,0.4,2,4,0.5,4,4,1.0,0,1,1,6,0,0,0,1,10,13.0,0022400327,Miles McBride,miles mcbride,,,2024-12-05,0,0.3616636528028933,0.0,0.03616636528028933,0.216998191681736,0.0,6.0,4.0,6.0,2.0,5.0,3.0,6.0,5.0,0.0,0,0.0,0,0.0013,25.0,19215.987701767874,24.9675,0.0,6.0,7.0,0.09354689
0022400327,1610612752,New York,Knicks,NYK,knicks,1630173,Precious,Achiuwa,P. Achiuwa,precious-achiuwa,,,,12:15,12.25,1,4,0.25,0,1,0.0,0,2,0.0,2,2,4,1,0,0,2,2,2,11.0,0022400327,Precious Achiuwa,precious achiuwa,,,2024-12-05,0,0.16326530612244897,0.16326530612244897,0.32653061224489793,0.08163265306122448,0.16326530612244897,7.0,2.0,4.0,7.0,5.0,3.0,7.0,7.0,1.0,0,0.0,0,0.0025,35.3,14114.354258296678,35.21175,0.0,6.0,2.0,0.017138893
0022400327,1610612752,New York,Knicks,NYK,knicks,1642278,Tyler,Kolek,T. Kolek,tyler-kolek,,,,1:30,1.5,0,0,0.0,0,0,0.0,0,0,0.0,0,0,0,0,0,0,0,0,0,-2.0,0022400327,Tyler Kolek,tyler kolek,,,2024-12-05,0,0.0,0.0,0.0,0.0,0.0,8.0,4.0,10.0,8.0,5.0,3.0,8.0,9.0,,1,,1,0.0,-66.7,-66700000.00000001,-66.7,0.0,6.0,7.0,0.0036060747
0022400327,1610612752,New York,Knicks,NYK,knicks,1631210,Jacob,Toppin,J. Toppin,jacob-toppin,,,,1:30,1.5,0,0,0.0,0,0,0.0,0,0,0.0,0,0,0,0,0,0,0,0,0,-2.0,0022400327,Jacob Toppin,jacob toppin,,,2024-12-05,0,0.0,0.0,0.0,0.0,0.0,8.0,4.0,10.0,8.0,5.0,3.0,8.0,9.0,0.0,0,0.0,0,0.0,-66.7,-66700000.00000001,-66.7,0.0,6.0,7.0,0.0037074555
0022400327,1610612752,New York,Knicks,NYK,knicks,1630346,Matt,Ryan,M. Ryan,matt-ryan,,,,1:30,1.5,0,1,0.0,0,0,0.0,0,0,0.0,0,0,0,0,0,0,0,0,0,-2.0,0022400327,Matt Ryan,matt ryan,,,2024-12-05,0,0.0,0.0,0.0,0.0,0.0,8.0,4.0,10.0,8.0,5.0,3.0,8.0,9.0,,1,,1,0.002,-66.7,-33333.33333333333,-66.56660000000001,0.0,6.0,7.0,0.0029222963
0022400327,1610612752,New York,Knicks,NYK,knicks,1630574,Ariel,Hukporti,A. Hukporti,ariel-hukporti,,,,1:28,1.4666666666666668,0,0,0.0,0,0,0.0,0,0,0.0,0,1,1,0,0,0,0,0,0,-2.0,0022400327,Ariel Hukporti,ariel hukporti,,,2024-12-05,0,0.0,0.0,0.6818181818181818,0.0,0.0,8.0,4.0,6.0,8.0,5.0,3.0,8.0,12.0,,1,,1,0.0,-66.7,-66700000.00000001,-66.7,0.0,6.0,7.0,0.009575517
0022400343,1610612752,New York,Knicks,NYK,knicks,1628384,OG,Anunoby,O. Anunoby,og-anunoby,F,,,38:57,38.95,6,15,0.4,2,8,0.25,3,4,0.75,1,3,4,2,4,2,3,4,17,-10.0,0022400343,OG Anunoby,og anunoby,,,2024-12-07,6,0.4364569961489088,0.025673940949935813,0.10269576379974325,0.05134788189987163,0.1797175866495507,3.0,1.0,3.0,5.0,1.0,1.0,6.0,3.0,3.0,0,0.0,0,0.0022500000000000003,-10.6,-4709.018214127053,-10.57615,0.15404364569961487,1.0,2.0,0.48641473
0022400343,1610612752,New York,Knicks,NYK,knicks,1628404,Josh,Hart,J. Hart,josh-hart,F,,,38:58,38.96666666666667,7,11,0.636,1,4,0.25,2,3,0.667,1,5,6,3,1,0,0,3,17,-3.0,0022400343,Josh Hart,josh hart,,,2024-12-07,1,0.43627031650983744,0.02566295979469632,0.15397775876817793,0.07698887938408897,0.05132591958939264,3.0,1.0,2.0,3.0,3.0,5.0,4.0,2.0,1.0,0,0.0,0,0.0014000000000000002,-0.8,-571.0206995003568,-0.79888,0.02566295979469632,5.0,6.0,0.6173404
0022400343,1610612752,New York,Knicks,NYK,knicks,1630579,Jericho,Sims,J. Sims,jericho-sims,C,,,6:13,6.216666666666667,0,0,0.0,0,0,0.0,0,0,0.0,0,0,0,1,0,0,1,0,0,-9.0,0022400343,Jericho Sims,jericho sims,,,2024-12-07,0,0.0,0.0,0.0,0.16085790884718498,0.0,9.0,5.0,8.0,8.0,8.0,5.0,5.0,8.0,0.0,0,0.0,0,0.0007099999999999999,-80.1,-112658.22784810126,-80.043129,0.0,8.0,8.0,0.0028693324
0022400343,1610612752,New York,Knicks,NYK,knicks,1628969,Mikal,Bridges,M. Bridges,mikal-bridges,G,,,37:49,37.81666666666667,8,17,0.471,3,9,0.333,1,2,0.5,1,2,3,3,2,1,1,0,20,1.0,0022400343,Mikal Bridges,mikal bridges,,,2024-12-07,3,0.5288673424416042,0.02644336712208021,0.07933010136624062,0.07933010136624062,0.10577346848832084,2.0,1.0,5.0,3.0,2.0,2.0,3.0,4.0,3.0,0,0.0,0,0.0022400000000000002,5.2,2320.392681838465,5.188352,0.07933010136624062,2.0,4.0,0.72473896
0022400343,1610612752,New York,Knicks,NYK,knicks,1628973,Jalen,Brunson,J. Brunson,jalen-brunson,G,,,43:48,43.8,11,21,0.524,3,7,0.429,6,9,0.667,0,4,4,10,1,0,5,2,31,-10.0,0022400343,Jalen Brunson,jalen brunson,,,2024-12-07,1,0.7077625570776256,0.0,0.09132420091324202,0.22831050228310504,0.022831050228310504,1.0,5.0,3.0,1.0,3.0,5.0,6.0,1.0,0.0,0,1.0,0,0.00309,-11.0,-3558.7188612099644,-10.966009999999999,0.022831050228310504,5.0,7.0,0.8974574
0022400343,1610612752,New York,Knicks,NYK,knicks,1630574,Ariel,Hukporti,A. Hukporti,ariel-hukporti,,,,15:28,15.466666666666667,4,4,1.0,0,0,0.0,1,2,0.5,0,2,2,2,0,0,1,0,9,-13.0,0022400343,Ariel Hukporti,ariel hukporti,,,2024-12-07,0,0.5818965517241379,0.0,0.12931034482758622,0.12931034482758622,0.0,5.0,5.0,6.0,5.0,8.0,5.0,8.0,7.0,1.0,0,0.0,0,0.0017100000000000001,-37.1,-21683.22618351841,-37.036559000000004,0.0,8.0,8.0,0.40197003
0022400343,1610612752,New York,Knicks,NYK,knicks,1630540,Miles,McBride,M. McBride,miles-mcbride,,,,26:57,26.95,3,7,0.429,1,5,0.2,1,2,0.5,0,2,2,2,1,1,3,2,8,-14.0,0022400343,Miles McBride,miles mcbride,,,2024-12-07,2,0.29684601113172543,0.0,0.07421150278293136,0.07421150278293136,0.07421150278293136,6.0,5.0,6.0,5.0,3.0,2.0,9.0,6.0,2.0,0,0.0,0,0.0019,-18.2,-9573.908469226722,-18.165419999999997,0.07421150278293136,3.0,5.0,0.05184229
0022400343,1610612752,New York,Knicks,NYK,knicks,1630173,Precious,Achiuwa,P. Achiuwa,precious-achiuwa,,,,27:44,27.733333333333334,2,3,0.667,0,0,0.0,2,5,0.4,1,9,10,4,1,1,1,1,6,9.0,0022400343,Precious Achiuwa,precious achiuwa,,,2024-12-07,2,0.21634615384615383,0.036057692307692304,0.3605769230769231,0.14423076923076922,0.10817307692307691,7.0,1.0,1.0,2.0,3.0,2.0,1.0,5.0,0.0,0,0.0,0,0.00098,21.9,22324.15902140673,21.878538,0.07211538461538461,3.0,3.0,0.28761503
0022400343,1610612752,New York,Knicks,NYK,knicks,1642278,Tyler,Kolek,T. Kolek,tyler-kolek,,,,4:06,4.1,1,1,1.0,1,1,1.0,0,0,0.0,0,0,0,0,1,0,0,0,3,4.0,0022400343,Tyler Kolek,tyler kolek,,,2024-12-07,1,0.7317073170731708,0.0,0.0,0.0,0.24390243902439027,8.0,5.0,8.0,9.0,3.0,5.0,2.0,9.0,0.0,0,0.0,0,0.00125,58.3,46602.71782573941,58.227125,0.24390243902439027,5.0,1.0,0.020284383
0022400359,1610612752,New York,Knicks,NYK,knicks,1628404,Josh,Hart,J. Hart,josh-hart,F,,,31:51,31.85,4,9,0.444,1,2,0.5,1,2,0.5,1,3,4,3,1,0,0,1,10,-2.0,0022400359,Josh Hart,josh hart,,,2024-12-09,1,0.3139717425431711,0.03139717425431711,0.12558869701726844,0.09419152276295133,0.06279434850863422,5.0,3.0,3.0,4.0,3.0,4.0,6.0,5.0,4.0,0,0.0,0,0.00149,-3.1,-2079.141515761234,-3.095381,0.03139717425431711,4.0,5.0,0.3609995
0022400359,1610612752,New York,Knicks,NYK,knicks,1628384,OG,Anunoby,O. Anunoby,og-anunoby,F,,,41:05,41.083333333333336,6,14,0.429,2,9,0.222,0,1,0.0,0,4,4,3,2,3,2,2,14,-7.0,0022400359,OG Anunoby,og anunoby,,,2024-12-09,5,0.3407707910750507,0.0,0.0973630831643002,0.07302231237322515,0.12170385395537525,4.0,5.0,3.0,4.0,1.0,1.0,8.0,2.0,6.0,0,0.0,0,0.00184,-4.2,-2281.368821292776,-4.192272,0.12170385395537525,1.0,3.0,0.6006691
0022400359,1610612752,New York,Knicks,NYK,knicks,1626157,Karl-Anthony,Towns,K. Towns,karl-anthony-towns,C,,,35:48,35.8,7,13,0.538,2,5,0.4,8,10,0.8,2,13,15,6,2,2,3,3,24,10.0,0022400359,Karl-Anthony Towns,karl-anthony towns,,,2024-12-09,4,0.670391061452514,0.0558659217877095,0.4189944134078213,0.1675977653631285,0.1675977653631285,1.0,1.0,1.0,2.0,1.0,2.0,1.0,3.0,6.0,0,0.0,0,0.0027300000000000002,13.9,5089.710728670816,13.862053,0.111731843575419,2.0,2.0,0.85484624
0022400359,1610612752,New York,Knicks,NYK,knicks,1628969,Mikal,Bridges,M. Bridges,mikal-bridges,G,,,41:15,41.25,9,14,0.643,5,8,0.625,0,0,0.0,0,3,3,3,1,0,1,1,23,9.0,0022400359,Mikal Bridges,mikal bridges,,,2024-12-09,1,0.5575757575757576,0.0,0.07272727272727272,0.07272727272727272,0.024242424242424242,2.0,5.0,6.0,4.0,3.0,4.0,2.0,1.0,1.0,0,0.0,0,0.00172,14.5,8425.3341080767,14.47506,0.024242424242424242,4.0,6.0,0.9002702
0022400359,1610612752,New York,Knicks,NYK,knicks,1628973,Jalen,Brunson,J. Brunson,jalen-brunson,G,,,34:32,34.53333333333333,7,13,0.538,4,8,0.5,2,5,0.4,0,4,4,11,0,0,3,1,20,-2.0,0022400359,Jalen Brunson,jalen brunson,,,2024-12-09,0,0.5791505791505792,0.0,0.11583011583011583,0.31853281853281856,0.0,3.0,5.0,3.0,1.0,6.0,4.0,6.0,4.0,1.0,0,0.0,0,0.0024,-6.2,-2582.2573927530198,-6.18512,0.0,7.0,7.0,0.84546864
0022400359,1610612752,New York,Knicks,NYK,knicks,1630173,Precious,Achiuwa,P. Achiuwa,precious-achiuwa,,,,16:14,16.233333333333334,3,7,0.429,0,0,0.0,1,1,1.0,2,4,6,0,0,2,0,1,7,5.0,0022400359,Precious Achiuwa,precious achiuwa,,,2024-12-09,2,0.4312114989733059,0.12320328542094455,0.36960985626283366,0.0,0.2464065708418891,7.0,1.0,2.0,8.0,6.0,2.0,4.0,7.0,1.0,0,0.0,0,0.00194,25.5,13137.557959814529,25.450529999999997,0.12320328542094455,3.0,1.0,0.29446512
0022400359,1610612752,New York,Knicks,NYK,knicks,1630540,Miles,McBride,M. McBride,miles-mcbride,,,,26:18,26.3,3,6,0.5,2,4,0.5,0,0,0.0,1,2,3,5,1,0,1,1,8,8.0,0022400359,Miles McBride,miles mcbride,,,2024-12-09,1,0.3041825095057034,0.03802281368821293,0.11406844106463879,0.19011406844106463,0.07604562737642585,6.0,3.0,6.0,3.0,3.0,4.0,3.0,6.0,0.0,0,0.0,0,0.00125,24.0,19184.65227817746,23.97,0.03802281368821293,4.0,4.0,0.15760037
0022400359,1610612752,New York,Knicks,NYK,knicks,1626166,Cameron,Payne,C. Payne,cameron-payne,,,,12:57,12.95,3,6,0.5,1,4,0.25,0,0,0.0,0,1,1,1,0,0,0,3,7,4.0,0022400359,Cameron Payne,cameron payne,,,2024-12-09,0,0.5405405405405406,0.0,0.07722007722007722,0.07722007722007722,0.0,7.0,5.0,8.0,7.0,6.0,4.0,5.0,8.0,0.0,0,0.0,0,0.00222,23.7,10670.868977937864,23.647386,0.0,7.0,7.0,0.117531724
0022401202,1610612752,New York,Knicks,NYK,knicks,1628384,OG,Anunoby,O. Anunoby,og-anunoby,F,,,39:06,39.1,5,17,0.294,1,9,0.111,2,4,0.5,2,4,6,1,1,3,1,1,13,-2.0,0022401202,OG Anunoby,og anunoby,,,2024-12-11,4,0.33248081841432225,0.05115089514066496,0.1534526854219949,0.02557544757033248,0.1534526854219949,5.0,2.0,3.0,6.0,3.0,1.0,4.0,1.0,3.0,0,0.0,0,0.00217,0.3,138.18516812528787,0.299349,0.10230179028132992,2.0,3.0,0.23685259
0022401202,1610612752,New York,Knicks,NYK,knicks,1628404,Josh,Hart,J. Hart,josh-hart,F,,,34:28,34.46666666666667,8,12,0.667,3,5,0.6,2,2,1.0,2,6,8,6,1,0,1,4,21,-2.0,0022401202,Josh Hart,josh hart,,,2024-12-11,1,0.609284332688588,0.058027079303675046,0.23210831721470018,0.17408123791102514,0.08704061895551257,1.0,2.0,2.0,2.0,3.0,7.0,4.0,5.0,2.0,0,0.0,0,0.00157,0.2,127.30744748567793,0.19968600000000003,0.029013539651837523,5.0,4.0,0.87752
0022401202,1610612752,New York,Knicks,NYK,knicks,1626157,Karl-Anthony,Towns,K. Towns,karl-anthony-towns,C,,,36:36,36.6,7,15,0.467,2,6,0.333,3,6,0.5,4,15,19,5,3,3,4,6,19,-11.0,0022401202,Karl-Anthony Towns,karl-anthony towns,,,2024-12-11,6,0.5191256830601093,0.1092896174863388,0.5191256830601093,0.13661202185792348,0.27322404371584696,2.0,1.0,1.0,3.0,1.0,1.0,8.0,3.0,2.0,0,0.0,0,0.00253,-11.5,-4543.658632951402,-11.470905,0.16393442622950818,1.0,1.0,0.8362437
0022401202,1610612752,New York,Knicks,NYK,knicks,1628969,Mikal,Bridges,M. Bridges,mikal-bridges,G,,,37:41,37.68333333333333,9,17,0.529,1,5,0.2,0,0,0.0,2,2,4,2,0,1,2,2,19,-17.0,0022401202,Mikal Bridges,mikal bridges,,,2024-12-11,1,0.504201680672269,0.05307386112339673,0.10614772224679346,0.05307386112339673,0.07961079168509509,2.0,2.0,5.0,5.0,6.0,4.0,9.0,2.0,1.0,0,0.0,0,0.00216,-17.9,-8283.202221193891,-17.861335999999998,0.026536930561698365,5.0,6.0,0.43839207
0022401202,1610612752,New York,Knicks,NYK,knicks,1628973,Jalen,Brunson,J. Brunson,jalen-brunson,G,,,35:31,35.516666666666666,5,15,0.333,2,6,0.333,2,3,0.667,1,3,4,8,1,1,2,0,14,0.0,0022401202,Jalen Brunson,jalen brunson,,,2024-12-11,2,0.3941811356170812,0.028155795401220086,0.11262318160488034,0.22524636320976069,0.08446738620366026,4.0,5.0,5.0,1.0,3.0,4.0,2.0,4.0,2.0,0,0.0,0,0.00217,1.5,690.9258406264394,1.496745,0.05631159080244017,4.0,5.0,0.54555494
0022401202,1610612752,New York,Knicks,NYK,knicks,1630540,Miles,McBride,M. McBride,miles-mcbride,,,,19:53,19.883333333333333,2,8,0.25,1,6,0.167,0,0,0.0,0,2,2,3,0,0,1,1,5,0.0,0022401202,Miles McBride,miles mcbride,,,2024-12-11,0,0.2514668901927913,0.0,0.10058675607711652,0.15088013411567477,0.0,7.0,7.0,7.0,4.0,6.0,7.0,2.0,6.0,0.0,0,0.0,0,0.0017599999999999998,-2.2,-1249.2901760363432,-2.1961280000000003,0.0,8.0,8.0,0.04918591
0022401202,1610612752,New York,Knicks,NYK,knicks,1630173,Precious,Achiuwa,P. Achiuwa,precious-achiuwa,,,,18:35,18.583333333333332,1,2,0.5,0,1,0.0,0,0,0.0,1,4,5,1,2,2,1,0,2,-4.0,0022401202,Precious Achiuwa,precious achiuwa,,,2024-12-11,4,0.10762331838565023,0.053811659192825115,0.26905829596412556,0.053811659192825115,0.26905829596412556,8.0,5.0,4.0,6.0,2.0,3.0,6.0,7.0,1.0,0,0.0,0,0.00063,-12.2,-19334.389857369253,-12.192314,0.21524663677130046,2.0,2.0,0.02574125
0022401202,1610612752,New York,Knicks,NYK,knicks,1626166,Cameron,Payne,C. Payne,cameron-payne,,,,16:27,16.45,3,7,0.429,1,4,0.25,0,0,0.0,0,1,1,1,0,1,0,0,7,-5.0,0022401202,Cameron Payne,cameron payne,,,2024-12-11,1,0.425531914893617,0.0,0.060790273556231005,0.060790273556231005,0.060790273556231005,6.0,7.0,8.0,6.0,6.0,4.0,7.0,8.0,0.0,0,0.0,0,0.00167,-17.1,-10233.393177737882,-17.071443000000002,0.060790273556231005,5.0,7.0,0.08994306
0022401202,1610612752,New York,Knicks,NYK,knicks,1630579,Jericho,Sims,J. Sims,jericho-sims,,,,1:43,1.7166666666666668,0,0,0.0,0,0,0.0,0,0,0.0,0,0,0,0,0,0,0,0,0,1.0,0022401202,Jericho Sims,jericho sims,,,2024-12-11,0,0.0,0.0,0.0,0.0,0.0,9.0,7.0,9.0,9.0,6.0,7.0,1.0,9.0,0.0,0,0.0,0,0.0,25.0,25000000.0,25.0,0.0,8.0,8.0,0.0043070926
0022401227,1610612752,New York,Knicks,NYK,knicks,1628384,OG,Anunoby,O. Anunoby,og-anunoby,F,,,36:43,36.71666666666667,3,8,0.375,1,3,0.333,0,0,0.0,1,4,5,1,1,0,2,2,7,14.0,0022401227,OG Anunoby,og anunoby,,,2024-12-15,1,0.19064911484339536,0.027235587834770765,0.13617793917385382,0.027235587834770765,0.05447117566954153,5.0,2.0,2.0,5.0,2.0,4.0,1.0,4.0,1.0,0,1.0,0,0.0013,21.4,16448.885472713297,21.37218,0.027235587834770765,3.0,4.0,0.21806726
0022401227,1610612752,New York,Knicks,NYK,knicks,1628404,Josh,Hart,J. Hart,josh-hart,F,,,33:02,33.03333333333333,5,9,0.556,1,3,0.333,1,3,0.333,0,5,5,5,4,1,5,1,12,9.0,0022401227,Josh Hart,josh hart,,,2024-12-15,5,0.36326942482341074,0.0,0.1513622603430878,0.1513622603430878,0.1513622603430878,4.0,5.0,2.0,1.0,1.0,1.0,2.0,5.0,6.0,0,0.0,0,0.00211,13.2,6252.960682141165,13.172148,0.1513622603430878,1.0,1.0,0.6772364
0022401227,1610612752,New York,Knicks,NYK,knicks,1626157,Karl-Anthony,Towns,K. Towns,karl-anthony-towns,C,,,43:17,43.28333333333333,7,15,0.467,1,3,0.333,7,7,1.0,4,18,22,5,0,1,6,4,22,9.0,0022401227,Karl-Anthony Towns,karl-anthony towns,,,2024-12-15,1,0.5082787832113977,0.09241432422025414,0.5082787832113977,0.11551790527531768,0.11551790527531768,2.0,1.0,1.0,1.0,6.0,1.0,2.0,1.0,3.0,0,0.0,0,0.0025800000000000003,11.7,4533.126695079425,11.669813999999999,0.023103581055063535,3.0,2.0,0.545321
0022401227,1610612752,New York,Knicks,NYK,knicks,1628969,Mikal,Bridges,M. Bridges,mikal-bridges,G,,,40:49,40.81666666666667,7,11,0.636,1,3,0.333,2,2,1.0,0,1,1,1,1,1,1,2,17,2.0,0022401227,Mikal Bridges,mikal bridges,,,2024-12-15,2,0.41649652919559,0.0,0.024499795835034706,0.024499795835034706,0.04899959167006941,3.0,5.0,8.0,5.0,2.0,1.0,7.0,2.0,4.0,0,0.0,0,0.00133,2.5,1878.2870022539446,2.4966749999999998,0.04899959167006941,2.0,5.0,0.63001233
0022401227,1610612752,New York,Knicks,NYK,knicks,1628973,Jalen,Brunson,J. Brunson,jalen-brunson,G,,,38:03,38.05,8,18,0.444,4,8,0.5,11,14,0.786,0,3,3,5,1,0,3,2,31,3.0,0022401227,Jalen Brunson,jalen brunson,,,2024-12-15,1,0.8147174770039423,0.0,0.07884362680683311,0.1314060446780552,0.02628120893561104,1.0,5.0,5.0,1.0,2.0,4.0,6.0,3.0,1.0,0,1.0,0,0.0034599999999999995,3.9,1126.8419531927188,3.886506,0.02628120893561104,3.0,7.0,0.90445435
0022401227,1610612752,New York,Knicks,NYK,knicks,1630173,Precious,Achiuwa,P. Achiuwa,precious-achiuwa,,,,17:31,17.516666666666666,1,3,0.333,0,1,0.0,2,2,1.0,1,4,5,0,1,0,0,2,4,-4.0,0022401227,Precious Achiuwa,precious achiuwa,,,2024-12-15,1,0.22835394862036157,0.05708848715509039,0.285442435775452,0.0,0.11417697431018078,7.0,2.0,2.0,8.0,2.0,4.0,8.0,7.0,3.0,0,0.0,0,0.0010299999999999999,-13.8,-13385.063045586812,-13.785786000000002,0.05708848715509039,3.0,3.0,0.030345272
0022401227,1610612752,New York,Knicks,NYK,knicks,1630540,Miles,McBride,M. McBride,miles-mcbride,,,,20:38,20.633333333333333,2,6,0.333,2,2,1.0,1,2,0.5,1,1,2,1,0,0,0,2,7,6.0,0022401227,Miles McBride,miles mcbride,,,2024-12-15,0,0.33925686591276255,0.048465266558966075,0.09693053311793215,0.048465266558966075,0.048465266558966075,5.0,2.0,6.0,5.0,6.0,4.0,4.0,6.0,0.0,0,0.0,0,0.0015199999999999999,15.0,9861.932938856016,14.9772,0.0,7.0,6.0,0.08358042
0022401227,1610612752,New York,Knicks,NYK,knicks,1626166,Cameron,Payne,C. Payne,cameron-payne,,,,9:57,9.95,0,1,0.0,0,1,0.0,0,0,0.0,0,2,2,2,0,0,0,1,0,6.0,0022401227,Cameron Payne,cameron payne,,,2024-12-15,0,0.0,0.0,0.20100502512562815,0.20100502512562815,0.0,8.0,5.0,6.0,4.0,6.0,4.0,4.0,8.0,0.0,0,0.0,0,0.00045,37.7,83592.01773835921,37.683035000000004,0.0,7.0,8.0,0.009736744
0022400367,1610612752,New York,Knicks,NYK,knicks,1628384,OG,Anunoby,O. Anunoby,og-anunoby,F,,,30:25,30.416666666666668,3,8,0.375,1,5,0.2,2,2,1.0,1,2,3,4,2,1,0,1,9,28.0,0022400367,OG Anunoby,og anunoby,,,2024-12-19,3,0.2958904109589041,0.03287671232876712,0.09863013698630137,0.13150684931506848,0.13150684931506848,6.0,6.0,6.0,6.0,1.0,1.0,3.0,3.0,2.0,0,0.0,0,0.00123,45.2,36718.11535337125,45.144404,0.09863013698630137,1.0,6.0,0.18616849
0022400367,1610612752,New York,Knicks,NYK,knicks,1630173,Precious,Achiuwa,P. Achiuwa,precious-achiuwa,F,,,27:48,27.8,6,9,0.667,1,1,1.0,0,0,0.0,3,7,10,2,1,0,1,2,13,-4.0,0022400367,Precious Achiuwa,precious achiuwa,,,2024-12-19,1,0.4676258992805755,0.1079136690647482,0.3597122302158273,0.07194244604316546,0.14388489208633093,5.0,1.0,2.0,7.0,3.0,3.0,11.0,6.0,1.0,0,0.0,0,0.00154,-4.9,-3179.753406878651,-4.892454000000001,0.03597122302158273,4.0,4.0,0.5541655
0022400367,1610612752,New York,Knicks,NYK,knicks,1626157,Karl-Anthony,Towns,K. Towns,karl-anthony-towns,C,,,37:38,37.63333333333333,10,12,0.833,5,5,1.0,7,9,0.778,3,17,20,6,2,0,4,2,32,31.0,0022400367,Karl-Anthony Towns,karl-anthony towns,,,2024-12-19,2,0.8503100088573959,0.07971656333038087,0.5314437555358724,0.15943312666076173,0.1328609388839681,1.0,1.0,1.0,3.0,1.0,3.0,2.0,1.0,0.0,0,0.0,0,0.0020399999999999997,36.3,17785.399314061735,36.225947999999995,0.053144375553587246,2.0,5.0,0.8504366
0022400367,1610612752,New York,Knicks,NYK,knicks,1628969,Mikal,Bridges,M. Bridges,mikal-bridges,G,,,35:36,35.6,12,18,0.667,4,8,0.5,1,1,1.0,2,4,6,6,1,0,3,2,29,35.0,0022400367,Mikal Bridges,mikal bridges,,,2024-12-19,1,0.8146067415730337,0.056179775280898875,0.16853932584269662,0.16853932584269662,0.08426966292134831,2.0,3.0,3.0,3.0,3.0,3.0,1.0,2.0,1.0,0,0.0,0,0.0023899999999999998,44.2,18485.98912588875,44.094362000000004,0.028089887640449437,4.0,9.0,0.76176304
0022400367,1610612752,New York,Knicks,NYK,knicks,1628973,Jalen,Brunson,J. Brunson,jalen-brunson,G,,,29:45,29.75,5,14,0.357,2,5,0.4,2,2,1.0,1,2,3,7,1,0,3,1,14,8.0,0022400367,Jalen Brunson,jalen brunson,,,2024-12-19,1,0.47058823529411764,0.03361344537815126,0.10084033613445378,0.23529411764705882,0.06722689075630252,4.0,6.0,6.0,2.0,3.0,3.0,6.0,4.0,1.0,0,1.0,0,0.0025700000000000002,11.1,4317.386231038506,11.071473,0.03361344537815126,4.0,10.0,0.6303601
0022400367,1610612752,New York,Knicks,NYK,knicks,1630540,Miles,McBride,M. McBride,miles-mcbride,,,,28:56,28.933333333333334,6,13,0.462,4,9,0.444,0,0,0.0,2,3,5,8,1,0,1,0,16,23.0,0022400367,Miles McBride,miles mcbride,,,2024-12-19,1,0.5529953917050692,0.06912442396313365,0.1728110599078341,0.2764976958525346,0.10368663594470046,3.0,3.0,5.0,1.0,3.0,3.0,4.0,5.0,1.0,0,0.0,0,0.00179,33.9,18927.973199329983,33.839319,0.03456221198156682,4.0,8.0,0.74016935
0022400367,1610612752,New York,Knicks,NYK,knicks,1630579,Jericho,Sims,J. Sims,jericho-sims,,,,18:46,18.766666666666666,3,6,0.5,0,0,0.0,0,0,0.0,2,4,6,0,0,0,2,3,6,-1.0,0022400367,Jericho Sims,jericho sims,,,2024-12-19,0,0.3197158081705151,0.10657193605683837,0.3197158081705151,0.0,0.10657193605683837,8.0,3.0,3.0,8.0,9.0,3.0,8.0,7.0,0.0,0,0.0,0,0.00157,-2.4,-1527.6893698281349,-2.396232,0.0,9.0,7.0,0.04682521
0022400367,1610612752,New York,Knicks,NYK,knicks,1626166,Cameron,Payne,C. Payne,cameron-payne,,,,18:15,18.25,3,9,0.333,3,7,0.429,0,0,0.0,1,0,1,6,1,1,0,1,9,18.0,0022400367,Cameron Payne,cameron payne,,,2024-12-19,2,0.4931506849315068,0.0547945205479452,0.0547945205479452,0.3287671232876712,0.1643835616438356,6.0,6.0,9.0,3.0,3.0,1.0,5.0,8.0,1.0,0,0.0,0,0.0017299999999999998,40.7,23512.420566146742,40.629589,0.1095890410958904,2.0,3.0,0.24018082
0022400367,1610612752,New York,Knicks,NYK,knicks,1642359,Pacôme,Dadiet,P. Dadiet,pacôme-dadiet,,,,5:05,5.083333333333333,0,2,0.0,0,2,0.0,0,0,0.0,0,0,0,0,0,0,0,0,0,-9.0,0022400367,Pacôme Dadiet,pacôme dadiet,,,2024-12-19,0,0.0,0.0,0.0,0.0,0.0,11.0,10.0,11.0,8.0,9.0,3.0,12.0,9.0,0.0,0,0.0,0,0.00133,-88.6,-66566.49135987979,-88.48216199999999,0.0,9.0,11.0,0.0026452218
0022400367,1610612752,New York,Knicks,NYK,knicks,1630346,Matt,Ryan,M. Ryan,matt-ryan,,,,4:06,4.1,2,5,0.4,0,2,0.0,0,0,0.0,0,1,1,0,1,0,0,0,4,3.0,0022400367,Matt Ryan,matt ryan,,,2024-12-19,1,0.9756097560975611,0.0,0.24390243902439027,0.0,0.24390243902439027,9.0,10.0,9.0,8.0,3.0,3.0,7.0,10.0,1.0,0,0.0,0,0.00417,18.9,4531.287461040517,18.821187,0.24390243902439027,4.0,2.0,0.05647855
0022400367,1610612752,New York,Knicks,NYK,knicks,1642278,Tyler,Kolek,T. Kolek,tyler-kolek,,,,1:50,1.8333333333333335,0,1,0.0,0,1,0.0,0,0,0.0,0,0,0,0,0,0,0,0,0,-1.0,0022400367,Tyler Kolek,tyler kolek,,,2024-12-19,0,0.0,0.0,0.0,0.0,0.0,11.0,10.0,11.0,8.0,9.0,3.0,8.0,11.0,,1,,1,0.0014299999999999998,-45.0,-31446.54088050315,-44.935649999999995,0.0,9.0,11.0,0.0024587344
0022400367,1610612752,New York,Knicks,NYK,knicks,1630574,Ariel,Hukporti,A. Hukporti,ariel-hukporti,,,,1:50,1.8333333333333335,0,0,0.0,0,0,0.0,1,2,0.5,1,1,2,0,0,0,1,0,1,-1.0,0022400367,Ariel Hukporti,ariel hukporti,,,2024-12-19,0,0.5454545454545454,0.5454545454545454,1.0909090909090908,0.0,0.5454545454545454,10.0,6.0,8.0,8.0,9.0,3.0,8.0,11.0,0.0,0,0.0,0,0.0028599999999999997,-45.0,-15728.766165676338,-44.8713,0.0,9.0,1.0,0.019166095
0022400384,1610612752,New York,Knicks,NYK,knicks,1628384,OG,Anunoby,O. Anunoby,og-anunoby,F,,,37:16,37.266666666666666,6,17,0.353,2,8,0.25,2,2,1.0,2,3,5,3,3,0,2,3,16,17.0,0022400384,OG Anunoby,og anunoby,,,2024-12-21,3,0.42933810375670844,0.053667262969588556,0.13416815742397137,0.08050089445438283,0.13416815742397137,3.0,3.0,5.0,4.0,1.0,4.0,3.0,4.0,6.0,0,0.0,0,0.00233,23.3,9995.709995709994,23.245711,0.08050089445438283,1.0,3.0,0.38939857
0022400384,1610612752,New York,Knicks,NYK,knicks,1628404,Josh,Hart,J. Hart,josh-hart,F,,,41:57,41.95,6,13,0.462,1,4,0.25,1,2,0.5,1,7,8,5,2,1,1,3,14,12.0,0022400384,Josh Hart,josh hart,,,2024-12-21,3,0.33373063170441,0.023837902264600714,0.1907032181168057,0.11918951132300357,0.09535160905840286,4.0,5.0,2.0,2.0,2.0,1.0,5.0,2.0,2.0,0,0.0,0,0.0016,16.2,10118.675827607745,16.17408,0.07151370679380215,1.0,6.0,0.6199104
0022400384,1610612752,New York,Knicks,NYK,knicks,1626157,Karl-Anthony,Towns,K. Towns,karl-anthony-towns,C,,,27:14,27.233333333333334,3,10,0.3,2,5,0.4,3,3,1.0,2,8,10,4,0,1,5,5,11,1.0,0022400384,Karl-Anthony Towns,karl-anthony towns,,,2024-12-21,1,0.40391676866585063,0.07343941248470012,0.3671970624235006,0.14687882496940025,0.11015911872705018,5.0,3.0,1.0,3.0,7.0,1.0,6.0,5.0,0.0,0,0.0,0,0.00267,4.0,1497.566454511419,3.98932,0.03671970624235006,5.0,5.0,0.17875427
0022400384,1610612752,New York,Knicks,NYK,knicks,1628969,Mikal,Bridges,M. Bridges,mikal-bridges,G,,,45:01,45.016666666666666,7,16,0.438,3,6,0.5,1,2,0.5,0,0,0,2,2,0,3,0,18,20.0,0022400384,Mikal Bridges,mikal bridges,,,2024-12-21,2,0.3998519067012218,0.0,0.0,0.044427989633469084,0.044427989633469084,2.0,7.0,9.0,5.0,2.0,4.0,2.0,1.0,5.0,0,0.0,0,0.00194,21.4,11025.244719216898,21.358483999999997,0.044427989633469084,3.0,8.0,0.5628142
0022400384,1610612752,New York,Knicks,NYK,knicks,1628973,Jalen,Brunson,J. Brunson,jalen-brunson,G,,,39:53,39.88333333333333,13,19,0.684,7,10,0.7,6,6,1.0,0,1,1,6,2,0,4,1,39,25.0,0022400384,Jalen Brunson,jalen brunson,,,2024-12-21,2,0.9778520685332219,0.0,0.025073129962390306,0.15043877977434184,0.05014625992478061,1.0,7.0,7.0,1.0,2.0,4.0,1.0,3.0,3.0,0,0.0,0,0.0028100000000000004,29.3,10423.336890786195,29.217667000000002,0.05014625992478061,3.0,7.0,0.5917955
0022400384,1610612752,New York,Knicks,NYK,knicks,1630173,Precious,Achiuwa,P. Achiuwa,precious-achiuwa,,,,11:54,11.9,1,4,0.25,0,0,0.0,0,0,0.0,5,2,7,1,0,1,1,2,2,-13.0,0022400384,Precious Achiuwa,precious achiuwa,,,2024-12-21,1,0.1680672268907563,0.42016806722689076,0.5882352941176471,0.08403361344537814,0.5042016806722689,6.0,1.0,4.0,6.0,7.0,1.0,8.0,8.0,2.0,0,0.0,0,0.00147,-57.3,-38953.093133922506,-57.215769,0.08403361344537814,5.0,1.0,0.20520283
0022400384,1610612752,New York,Knicks,NYK,knicks,1630540,Miles,McBride,M. McBride,miles-mcbride,,,,15:56,15.933333333333334,1,6,0.167,0,3,0.0,0,0,0.0,1,1,2,1,1,0,0,0,2,-10.0,0022400384,Miles McBride,miles mcbride,,,2024-12-21,1,0.12552301255230125,0.06276150627615062,0.12552301255230125,0.06276150627615062,0.12552301255230125,6.0,5.0,6.0,6.0,5.0,4.0,7.0,6.0,1.0,0,0.0,0,0.0014299999999999998,-27.8,-19426.974143955278,-27.760246,0.06276150627615062,5.0,4.0,0.01357794
0022400384,1610612752,New York,Knicks,NYK,knicks,1626166,Cameron,Payne,C. Payne,cameron-payne,,,,8:03,8.05,1,2,0.5,0,1,0.0,0,0,0.0,0,1,1,1,0,0,0,1,2,-14.0,0022400384,Cameron Payne,cameron payne,,,2024-12-21,0,0.24844720496894407,0.0,0.12422360248447203,0.12422360248447203,0.0,6.0,7.0,7.0,6.0,7.0,4.0,9.0,9.0,1.0,0,0.0,0,0.00083,-87.5,-105294.825511432,-87.427375,0.0,9.0,9.0,0.0060141794
0022400384,1610612752,New York,Knicks,NYK,knicks,1630579,Jericho,Sims,J. Sims,jericho-sims,,,,12:45,12.75,0,0,0.0,0,0,0.0,0,0,0.0,4,4,8,1,1,0,0,3,0,17.0,0022400384,Jericho Sims,jericho sims,,,2024-12-21,1,0.0,0.3137254901960784,0.6274509803921569,0.0784313725490196,0.39215686274509803,9.0,2.0,2.0,6.0,5.0,4.0,3.0,7.0,2.0,0,0.0,0,0.0,70.8,70800000.0,70.8,0.0784313725490196,5.0,2.0,0.37632582
0022400397,1610612752,New York,Knicks,NYK,knicks,1628384,OG,Anunoby,O. Anunoby,og-anunoby,F,,,33:45,33.75,13,15,0.867,4,6,0.667,1,3,0.333,2,5,7,4,1,0,2,2,31,25.0,0022400397,OG Anunoby,og anunoby,,,2024-12-23,1,0.9185185185185185,0.05925925925925926,0.2074074074074074,0.11851851851851852,0.08888888888888889,1.0,2.0,2.0,4.0,3.0,2.0,1.0,2.0,1.0,0,0.0,0,0.00222,36.5,16434.03872129671,36.41897,0.02962962962962963,4.0,4.0,0.8497379
0022400397,1610612752,New York,Knicks,NYK,knicks,1628404,Josh,Hart,J. Hart,josh-hart,F,,,30:55,30.916666666666668,3,6,0.5,1,2,0.5,4,4,1.0,0,3,3,4,0,0,3,2,11,16.0,0022400397,Josh Hart,josh hart,,,2024-12-23,0,0.3557951482479784,0.0,0.09703504043126684,0.1293800539083558,0.0,7.0,5.0,5.0,4.0,8.0,2.0,3.0,5.0,4.0,0,0.0,0,0.00151,27.0,17868.96095301125,26.959229999999998,0.0,8.0,8.0,0.08797514
0022400397,1610612752,New York,Knicks,NYK,knicks,1626157,Karl-Anthony,Towns,K. Towns,karl-anthony-towns,C,,,32:07,32.11666666666667,11,15,0.733,1,3,0.333,8,10,0.8,3,7,10,7,1,0,1,6,31,17.0,0022400397,Karl-Anthony Towns,karl-anthony towns,,,2024-12-23,1,0.9652309289050337,0.09340944473274519,0.3113648157758173,0.21795537104307214,0.12454592631032693,1.0,1.0,1.0,1.0,3.0,2.0,2.0,4.0,3.0,0,0.0,0,0.0025,23.3,9316.273490603759,23.241750000000003,0.031136481577581733,4.0,2.0,0.92076427
0022400397,1610612752,New York,Knicks,NYK,knicks,1628969,Mikal,Bridges,M. Bridges,mikal-bridges,G,,,40:41,40.68333333333333,5,10,0.5,4,8,0.5,0,0,0.0,0,1,1,4,1,0,2,0,14,1.0,0022400397,Mikal Bridges,mikal bridges,,,2024-12-23,1,0.3441212617779599,0.0,0.024580090126997134,0.09832036050798854,0.024580090126997134,4.0,5.0,7.0,4.0,3.0,2.0,7.0,1.0,2.0,0,0.0,0,0.00125,2.5,1998.4012789768187,2.496875,0.024580090126997134,4.0,7.0,0.41213828
0022400397,1610612752,New York,Knicks,NYK,knicks,1628973,Jalen,Brunson,J. Brunson,jalen-brunson,G,,,32:08,32.13333333333333,4,13,0.308,0,5,0.0,4,8,0.5,0,1,1,7,2,0,3,6,12,8.0,0022400397,Jalen Brunson,jalen brunson,,,2024-12-23,2,0.37344398340248963,0.0,0.03112033195020747,0.21784232365145229,0.06224066390041494,5.0,5.0,7.0,1.0,1.0,2.0,4.0,3.0,2.0,0,0.0,0,0.00263,13.0,4941.087039148612,12.96581,0.06224066390041494,1.0,6.0,0.42355916
0022400397,1610612752,New York,Knicks,NYK,knicks,1630173,Precious,Achiuwa,P. Achiuwa,precious-achiuwa,,,,22:09,22.15,2,7,0.286,1,2,0.5,0,0,0.0,2,5,7,2,1,1,1,3,5,-4.0,0022400397,Precious Achiuwa,precious achiuwa,,,2024-12-23,2,0.22573363431151244,0.09029345372460497,0.3160270880361174,0.09029345372460497,0.18058690744920994,8.0,2.0,2.0,7.0,3.0,1.0,11.0,7.0,3.0,0,0.0,0,0.0014299999999999998,-8.0,-5590.496156533894,-7.98856,0.09029345372460497,1.0,1.0,0.047798518
0022400397,1610612752,New York,Knicks,NYK,knicks,1630540,Miles,McBride,M. McBride,miles-mcbride,,,,25:14,25.233333333333334,5,8,0.625,2,4,0.5,0,1,0.0,1,3,4,5,2,0,1,3,12,7.0,0022400397,Miles McBride,miles mcbride,,,2024-12-23,2,0.47556142668428003,0.03963011889035667,0.15852047556142668,0.19815059445178335,0.11889035667107001,5.0,4.0,4.0,3.0,1.0,2.0,5.0,6.0,3.0,0,0.0,0,0.00148,17.7,11951.384199864957,17.673803999999997,0.07926023778071334,1.0,3.0,0.784295
0022400397,1610612752,New York,Knicks,NYK,knicks,1626166,Cameron,Payne,C. Payne,cameron-payne,,,,15:28,15.466666666666667,7,10,0.7,4,7,0.571,1,1,1.0,0,2,2,0,1,0,1,2,19,7.0,0022400397,Cameron Payne,cameron payne,,,2024-12-23,1,1.228448275862069,0.0,0.12931034482758622,0.0,0.06465517241379311,3.0,5.0,6.0,9.0,3.0,2.0,5.0,8.0,0.0,0,0.0,0,0.0027500000000000003,20.0,7270.083605961468,19.945,0.06465517241379311,4.0,5.0,0.8292051
0022400397,1610612752,New York,Knicks,NYK,knicks,1630579,Jericho,Sims,J. Sims,jericho-sims,,,,3:21,3.35,0,0,0.0,0,0,0.0,2,2,1.0,0,0,0,1,0,0,0,1,2,-4.0,0022400397,Jericho Sims,jericho sims,,,2024-12-23,0,0.5970149253731343,0.0,0.0,0.29850746268656714,0.0,9.0,5.0,9.0,8.0,8.0,2.0,11.0,9.0,,1,,1,0.0014299999999999998,-42.9,-29979.035639413003,-42.838652999999994,0.0,8.0,8.0,0.0037308573
0022400397,1610612752,New York,Knicks,NYK,knicks,1642278,Tyler,Kolek,T. Kolek,tyler-kolek,,,,1:24,1.4,0,1,0.0,0,0,0.0,0,0,0.0,0,0,0,0,0,0,0,1,0,-1.0,0022400397,Tyler Kolek,tyler kolek,,,2024-12-23,0,0.0,0.0,0.0,0.0,0.0,11.0,5.0,9.0,9.0,8.0,2.0,8.0,10.0,,1,,1,0.0025,-33.3,-13314.67413034786,-33.21675,0.0,8.0,8.0,0.0017860627
0022400397,1610612752,New York,Knicks,NYK,knicks,1629013,Landry,Shamet,L. Shamet,landry-shamet,,,,1:24,1.4,1,1,1.0,0,0,0.0,0,0,0.0,0,0,0,0,0,0,0,0,2,-1.0,0022400397,Landry Shamet,landry shamet,,,2024-12-23,0,1.4285714285714286,0.0,0.0,0.0,0.0,9.0,5.0,9.0,9.0,8.0,2.0,8.0,10.0,,1,,1,0.0025,-33.3,-13314.67413034786,-33.21675,0.0,8.0,8.0,0.009433718
0022400397,1610612752,New York,Knicks,NYK,knicks,1631210,Jacob,Toppin,J. Toppin,jacob-toppin,,,,1:24,1.4,0,0,0.0,0,0,0.0,0,0,0.0,0,0,0,0,0,0,0,1,0,-1.0,0022400397,Jacob Toppin,jacob toppin,,,2024-12-23,0,0.0,0.0,0.0,0.0,0.0,11.0,5.0,9.0,9.0,8.0,2.0,8.0,10.0,,1,,1,0.0,-33.3,-33300000.0,-33.3,0.0,8.0,8.0,0.0026260528
0022400405,1610612752,New York,Knicks,NYK,knicks,1628384,OG,Anunoby,O. Anunoby,og-anunoby,F,,,35:39,35.65,3,10,0.3,2,6,0.333,0,0,0.0,3,2,5,1,1,0,0,2,8,13.0,0022400405,OG Anunoby,og anunoby,,,2024-12-25,1,0.22440392706872372,0.08415147265077139,0.1402524544179523,0.028050490883590466,0.11220196353436186,5.0,3.0,5.0,6.0,3.0,3.0,2.0,4.0,1.0,0,0.0,0,0.00115,15.2,13205.90790616855,15.18252,0.028050490883590466,4.0,4.0,0.45804077
0022400405,1610612752,New York,Knicks,NYK,knicks,1628404,Josh,Hart,J. Hart,josh-hart,F,,,38:27,38.45,4,8,0.5,1,3,0.333,3,4,0.75,5,7,12,6,2,0,1,4,12,-1.0,0022400405,Josh Hart,josh hart,,,2024-12-25,2,0.3120936280884265,0.13003901170351104,0.3120936280884265,0.15604681404421325,0.18205461638491546,4.0,1.0,1.0,2.0,1.0,3.0,6.0,2.0,7.0,0,0.0,0,0.0012900000000000001,0.2,154.91866769945779,0.199742,0.05201560468140442,2.0,2.0,0.596209
0022400405,1610612752,New York,Knicks,NYK,knicks,1626157,Karl-Anthony,Towns,K. Towns,karl-anthony-towns,C,,,29:34,29.566666666666666,9,16,0.563,1,5,0.2,2,2,1.0,2,7,9,2,0,0,1,5,21,-13.0,0022400405,Karl-Anthony Towns,karl-anthony towns,,,2024-12-25,0,0.7102593010146562,0.06764374295377677,0.3043968432919955,0.06764374295377677,0.06764374295377677,2.0,4.0,3.0,4.0,6.0,3.0,8.0,6.0,2.0,0,0.0,0,0.0025,-22.8,-9116.353458616553,-22.743000000000002,0.0,6.0,5.0,0.825873
0022400405,1610612752,New York,Knicks,NYK,knicks,1628969,Mikal,Bridges,M. Bridges,mikal-bridges,G,,,43:15,43.25,17,25,0.68,6,9,0.667,1,1,1.0,1,0,1,4,2,2,0,2,41,8.0,0022400405,Mikal Bridges,mikal bridges,,,2024-12-25,4,0.9479768786127167,0.023121387283236993,0.023121387283236993,0.09248554913294797,0.11560693641618497,1.0,5.0,7.0,3.0,1.0,1.0,3.0,1.0,2.0,0,0.0,0,0.0023799999999999997,7.9,3317.933641327174,7.881198,0.09248554913294797,1.0,3.0,0.87524205
0022400405,1610612752,New York,Knicks,NYK,knicks,1628973,Jalen,Brunson,J. Brunson,jalen-brunson,G,,,38:11,38.18333333333333,7,23,0.304,0,5,0.0,6,7,0.857,1,6,7,9,1,0,1,2,20,4.0,0022400405,Jalen Brunson,jalen brunson,,,2024-12-25,1,0.5237887385421214,0.02618943692710607,0.18332605848974248,0.23570493234395462,0.05237887385421214,3.0,5.0,4.0,1.0,3.0,3.0,4.0,3.0,1.0,0,1.0,0,0.00297,5.3,1783.911141029956,5.284259,0.02618943692710607,4.0,6.0,0.7912606
0022400405,1610612752,New York,Knicks,NYK,knicks,1630173,Precious,Achiuwa,P. Achiuwa,precious-achiuwa,,,,20:17,20.283333333333335,2,5,0.4,1,3,0.333,0,0,0.0,4,6,10,1,1,1,0,0,5,14.0,0022400405,Precious Achiuwa,precious achiuwa,,,2024-12-25,2,0.24650780608052586,0.19720624486442068,0.4930156121610517,0.04930156121610517,0.29580936729663104,7.0,2.0,2.0,6.0,3.0,2.0,1.0,7.0,1.0,0,0.0,0,0.00094,31.1,33049.94686503719,31.070766,0.09860312243221034,2.0,1.0,0.3615656
0022400405,1610612752,New York,Knicks,NYK,knicks,1630540,Miles,McBride,M. McBride,miles-mcbride,,,,29:47,29.783333333333335,2,10,0.2,2,6,0.333,2,2,1.0,1,2,3,2,0,0,0,1,8,0.0,0022400405,Miles McBride,miles mcbride,,,2024-12-25,0,0.2686066032456631,0.03357582540570789,0.10072747621712366,0.06715165081141578,0.03357582540570789,5.0,5.0,6.0,4.0,6.0,3.0,5.0,5.0,1.0,0,0.0,0,0.00153,-2.0,-1306.3357282821687,-1.99694,0.0,6.0,7.0,0.066501826
0022400405,1610612752,New York,Knicks,NYK,knicks,1626166,Cameron,Payne,C. Payne,cameron-payne,,,,4:50,4.833333333333333,1,3,0.333,0,2,0.0,0,0,0.0,0,0,0,1,0,0,2,1,2,-10.0,0022400405,Cameron Payne,cameron payne,,,2024-12-25,0,0.4137931034482759,0.0,0.0,0.20689655172413796,0.0,8.0,8.0,8.0,6.0,6.0,3.0,7.0,8.0,1.0,0,0.0,0,0.00357,-70.5,-19742.369084290116,-70.248315,0.0,6.0,8.0,0.0058410377
0022400419,1610612752,New York,Knicks,NYK,knicks,1628384,OG,Anunoby,O. Anunoby,og-anunoby,F,,,27:33,27.55,4,8,0.5,0,1,0.0,0,0,0.0,1,4,5,0,0,0,3,4,8,7.0,0022400419,OG Anunoby,og anunoby,,,2024-12-27,0,0.29038112522686027,0.036297640653357534,0.18148820326678766,0.0,0.036297640653357534,5.0,4.0,4.0,7.0,7.0,3.0,6.0,5.0,1.0,0,0.0,0,0.0018,8.8,4886.174347584676,8.78416,0.0,7.0,9.0,0.17789252
0022400419,1610612752,New York,Knicks,NYK,knicks,1628404,Josh,Hart,J. Hart,josh-hart,F,,,38:26,38.43333333333333,7,11,0.636,1,3,0.333,8,10,0.8,3,10,13,1,2,2,3,3,23,23.0,0022400419,Josh Hart,josh hart,,,2024-12-27,4,0.598438855160451,0.07805724197745013,0.3382480485689506,0.026019080659150047,0.1821335646140503,2.0,1.0,1.0,4.0,1.0,1.0,1.0,2.0,2.0,0,0.0,0,0.00212,28.7,13531.353135313531,28.639156,0.10407632263660019,1.0,4.0,0.8782874
0022400419,1610612752,New York,Knicks,NYK,knicks,1626157,Karl-Anthony,Towns,K. Towns,karl-anthony-towns,C,,,32:35,32.583333333333336,6,10,0.6,2,4,0.5,2,4,0.5,1,7,8,0,1,0,4,4,16,17.0,0022400419,Karl-Anthony Towns,karl-anthony towns,,,2024-12-27,1,0.4910485933503836,0.030690537084398974,0.2455242966751918,0.0,0.06138107416879795,4.0,4.0,2.0,7.0,5.0,3.0,4.0,4.0,3.0,0,0.0,0,0.00211,26.6,12600.663192799622,26.543874000000002,0.030690537084398974,6.0,7.0,0.48321933
0022400419,1610612752,New York,Knicks,NYK,knicks,1628969,Mikal,Bridges,M. Bridges,mikal-bridges,G,,,43:31,43.516666666666666,6,12,0.5,0,1,0.0,5,6,0.833,0,2,2,3,2,0,2,2,17,21.0,0022400419,Mikal Bridges,mikal bridges,,,2024-12-27,2,0.3906549214860207,0.0,0.04595940252776714,0.0689391037916507,0.04595940252776714,3.0,8.0,7.0,2.0,1.0,3.0,2.0,1.0,3.0,0,0.0,0,0.00172,23.9,13887.27484020918,23.858891999999997,0.04595940252776714,2.0,8.0,0.56551236
0022400419,1610612752,New York,Knicks,NYK,knicks,1628973,Jalen,Brunson,J. Brunson,jalen-brunson,G,,,36:42,36.7,11,21,0.524,0,2,0.0,4,6,0.667,1,2,3,9,2,0,1,4,26,19.0,0022400419,Jalen Brunson,jalen brunson,,,2024-12-27,2,0.7084468664850135,0.02724795640326975,0.08174386920980926,0.24523160762942778,0.08174386920980926,1.0,4.0,6.0,1.0,1.0,3.0,3.0,3.0,2.0,0,0.0,0,0.0028399999999999996,23.2,8166.138683562126,23.134112000000002,0.0544959128065395,2.0,6.0,0.78866565
0022400419,1610612752,New York,Knicks,NYK,knicks,1630173,Precious,Achiuwa,P. Achiuwa,precious-achiuwa,,,,20:38,20.633333333333333,2,2,1.0,0,0,0.0,2,4,0.5,3,3,6,1,1,1,3,1,6,7.0,0022400419,Precious Achiuwa,precious achiuwa,,,2024-12-27,2,0.29079159935379645,0.14539579967689822,0.29079159935379645,0.048465266558966075,0.24232633279483037,7.0,1.0,3.0,4.0,5.0,2.0,6.0,7.0,2.0,0,0.0,0,0.00135,16.3,12065.136935603257,16.277995,0.09693053311793215,2.0,2.0,0.24732092
0022400419,1610612752,New York,Knicks,NYK,knicks,1630540,Miles,McBride,M. McBride,miles-mcbride,,,,21:46,21.766666666666666,1,4,0.25,0,1,0.0,3,4,0.75,2,3,5,3,0,0,2,1,5,17.0,0022400419,Miles McBride,miles mcbride,,,2024-12-27,0,0.22970903522205208,0.09188361408882083,0.22970903522205208,0.13782542113323124,0.09188361408882083,8.0,3.0,4.0,2.0,7.0,3.0,4.0,6.0,0.0,0,0.0,0,0.00148,38.6,26063.470627954088,38.542872,0.0,7.0,5.0,0.03672727
0022400419,1610612752,New York,Knicks,NYK,knicks,1626166,Cameron,Payne,C. Payne,cameron-payne,,,,7:10,7.166666666666667,0,2,0.0,0,2,0.0,0,0,0.0,0,0,0,1,0,0,0,1,0,-1.0,0022400419,Cameron Payne,cameron payne,,,2024-12-27,0,0.0,0.0,0.0,0.13953488372093023,0.0,9.0,8.0,10.0,4.0,7.0,3.0,10.0,9.0,1.0,0,0.0,0,0.0011799999999999998,0.0,0.0,0.0,0.0,7.0,10.0,0.0037107768
0022400419,1610612752,New York,Knicks,NYK,knicks,1629013,Landry,Shamet,L. Shamet,landry-shamet,,,,10:21,10.35,3,4,0.75,1,1,1.0,0,0,0.0,0,1,1,0,2,0,0,0,7,5.0,0022400419,Landry Shamet,landry shamet,,,2024-12-27,2,0.6763285024154589,0.0,0.0966183574879227,0.0,0.1932367149758454,6.0,8.0,8.0,7.0,1.0,3.0,8.0,8.0,2.0,0,0.0,0,0.0014299999999999998,19.8,13836.477987421387,19.771686,0.1932367149758454,2.0,3.0,0.12228845
0022400419,1610612752,New York,Knicks,NYK,knicks,1630579,Jericho,Sims,J. Sims,jericho-sims,,,,1:18,1.3,0,1,0.0,0,0,0.0,0,0,0.0,1,0,1,0,0,0,0,0,0,0.0,0022400419,Jericho Sims,jericho sims,,,2024-12-27,0,0.0,0.7692307692307692,0.7692307692307692,0.0,0.7692307692307692,9.0,4.0,8.0,7.0,7.0,3.0,9.0,10.0,0.0,0,0.0,0,0.002,33.3,16641.679160419786,33.233399999999996,0.0,7.0,1.0,0.012128845
0022400429,1610612752,New York,Knicks,NYK,knicks,1628384,OG,Anunoby,O. Anunoby,og-anunoby,F,,,42:05,42.083333333333336,4,12,0.333,1,5,0.2,0,0,0.0,1,3,4,0,1,0,1,1,9,-2.0,0022400429,OG Anunoby,og anunoby,,,2024-12-28,1,0.21386138613861386,0.023762376237623763,0.09504950495049505,0.0,0.047524752475247525,5.0,4.0,4.0,8.0,2.0,3.0,8.0,4.0,4.0,0,0.0,0,0.00133,-3.6,-2704.73328324568,-3.595212,0.023762376237623763,3.0,8.0,0.15103987
0022400429,1610612752,New York,Knicks,NYK,knicks,1628404,Josh,Hart,J. Hart,josh-hart,F,,,38:36,38.6,5,10,0.5,0,3,0.0,3,3,1.0,3,8,11,7,1,0,2,1,13,6.0,0022400429,Josh Hart,josh hart,,,2024-12-28,1,0.33678756476683935,0.07772020725388601,0.2849740932642487,0.18134715025906736,0.10362694300518134,4.0,1.0,2.0,2.0,2.0,3.0,2.0,5.0,1.0,0,0.0,0,0.0014399999999999999,7.4,5135.322692574602,7.389344,0.025906735751295335,3.0,5.0,0.7934217
0022400429,1610612752,New York,Knicks,NYK,knicks,1626157,Karl-Anthony,Towns,K. Towns,karl-anthony-towns,C,,,43:37,43.61666666666667,13,19,0.684,2,5,0.4,2,3,0.667,3,11,14,3,0,2,3,3,30,8.0,0022400429,Karl-Anthony Towns,karl-anthony towns,,,2024-12-28,2,0.6878104700038211,0.06878104700038212,0.32097821933511655,0.06878104700038212,0.1146350783339702,2.0,1.0,1.0,3.0,6.0,1.0,1.0,3.0,1.0,0,0.0,0,0.00223,7.5,3361.721201255042,7.483275000000001,0.04585403133358808,2.0,3.0,0.865501
0022400429,1610612752,New York,Knicks,NYK,knicks,1628969,Mikal,Bridges,M. Bridges,mikal-bridges,G,,,46:39,46.65,8,14,0.571,3,9,0.333,2,2,1.0,1,2,3,3,3,0,3,5,21,4.0,0022400429,Mikal Bridges,mikal bridges,,,2024-12-28,3,0.45016077170418006,0.021436227224008574,0.06430868167202572,0.06430868167202572,0.0857449088960343,3.0,4.0,5.0,3.0,1.0,3.0,4.0,1.0,3.0,0,0.0,0,0.00165,4.0,2422.7740763173833,3.9934,0.06430868167202572,1.0,6.0,0.7564388
0022400429,1610612752,New York,Knicks,NYK,knicks,1628973,Jalen,Brunson,J. Brunson,jalen-brunson,G,,,43:59,43.983333333333334,18,31,0.581,3,11,0.273,16,17,0.941,0,3,3,9,0,0,3,1,55,1.0,0022400429,Jalen Brunson,jalen brunson,,,2024-12-28,0,1.2504736642667678,0.0,0.06820765441455097,0.2046229632436529,0.0,1.0,6.0,5.0,1.0,6.0,3.0,5.0,2.0,0.0,0,0.0,0,0.00398,-1.5,-376.7897513187641,-1.49403,0.0,8.0,9.0,0.7966415
0022400429,1610612752,New York,Knicks,NYK,knicks,1630173,Precious,Achiuwa,P. Achiuwa,precious-achiuwa,,,,19:01,19.016666666666666,1,3,0.333,0,1,0.0,1,1,1.0,2,5,7,2,0,0,2,1,3,6.0,0022400429,Precious Achiuwa,precious achiuwa,,,2024-12-28,0,0.1577563540753725,0.105170902716915,0.3680981595092025,0.105170902716915,0.105170902716915,6.0,3.0,3.0,5.0,6.0,3.0,2.0,7.0,0.0,0,0.0,0,0.00104,16.5,15850.144092219023,16.48284,0.0,8.0,4.0,0.09042877
0022400429,1610612752,New York,Knicks,NYK,knicks,1630540,Miles,McBride,M. McBride,miles-mcbride,,,,19:06,19.1,1,5,0.2,1,4,0.25,0,0,0.0,0,0,0,1,0,1,0,2,3,-3.0,0022400429,Miles McBride,miles mcbride,,,2024-12-28,1,0.15706806282722513,0.0,0.0,0.05235602094240837,0.05235602094240837,6.0,6.0,8.0,6.0,6.0,2.0,9.0,6.0,1.0,0,0.0,0,0.00109,-4.3,-3941.3382218148486,-4.295312999999999,0.05235602094240837,3.0,7.0,0.009185666
0022400429,1610612752,New York,Knicks,NYK,knicks,1629013,Landry,Shamet,L. Shamet,landry-shamet,,,,6:21,6.35,0,1,0.0,0,1,0.0,0,0,0.0,0,0,0,1,1,0,0,0,0,0.0,0022400429,Landry Shamet,landry shamet,,,2024-12-28,1,0.0,0.0,0.0,0.15748031496062992,0.15748031496062992,9.0,6.0,8.0,6.0,2.0,3.0,6.0,8.0,1.0,0,0.0,0,0.00063,0.0,0.0,0.0,0.15748031496062992,3.0,2.0,0.007505212
0022400429,1610612752,New York,Knicks,NYK,knicks,1626166,Cameron,Payne,C. Payne,cameron-payne,,,,5:36,5.6,1,2,0.5,0,1,0.0,0,0,0.0,0,1,1,0,1,0,1,0,2,0.0,0022400429,Cameron Payne,cameron payne,,,2024-12-28,1,0.35714285714285715,0.0,0.17857142857142858,0.0,0.17857142857142858,8.0,6.0,7.0,8.0,2.0,3.0,6.0,9.0,2.0,0,0.0,0,0.00214,0.0,0.0,0.0,0.17857142857142858,3.0,1.0,0.015077774
0022400443,1610612752,New York,Knicks,NYK,knicks,1628404,Josh,Hart,J. Hart,josh-hart,F,,,41:17,41.28333333333333,7,15,0.467,4,8,0.5,5,7,0.714,4,11,15,10,2,0,1,4,23,25.0,0022400443,Josh Hart,josh hart,,,2024-12-30,2,0.5571255551069842,0.09689140088817118,0.3633427533306419,0.24222850222042794,0.14533710133225677,2.0,2.0,1.0,1.0,2.0,3.0,1.0,1.0,0.0,0,0.0,0,0.00183,27.2,14855.270344074277,27.150223999999998,0.04844570044408559,2.0,3.0,0.94077325
0022400443,1610612752,New York,Knicks,NYK,knicks,1628384,OG,Anunoby,O. Anunoby,og-anunoby,F,,,34:08,34.13333333333333,5,14,0.357,4,11,0.364,4,4,1.0,2,6,8,1,0,1,0,3,18,1.0,0022400443,OG Anunoby,og anunoby,,,2024-12-30,1,0.52734375,0.05859375,0.234375,0.029296875,0.087890625,3.0,3.0,3.0,6.0,6.0,1.0,12.0,4.0,1.0,0,0.0,0,0.0018,-0.2,-111.04941699056081,-0.19964,0.029296875,4.0,5.0,0.7927532
0022400443,1610612752,New York,Knicks,NYK,knicks,1626157,Karl-Anthony,Towns,K. Towns,karl-anthony-towns,C,,,31:50,31.833333333333332,13,19,0.684,0,3,0.0,6,7,0.857,5,8,13,1,1,0,1,4,32,21.0,0022400443,Karl-Anthony Towns,karl-anthony towns,,,2024-12-30,1,1.0052356020942408,0.15706806282722513,0.4083769633507854,0.031413612565445025,0.18848167539267016,1.0,1.0,2.0,6.0,4.0,3.0,2.0,5.0,3.0,0,0.0,0,0.0028000000000000004,28.6,10210.63905747947,28.51992,0.031413612565445025,4.0,2.0,0.9299342
0022400443,1610612752,New York,Knicks,NYK,knicks,1628969,Mikal,Bridges,M. Bridges,mikal-bridges,G,,,35:48,35.8,6,15,0.4,1,6,0.167,0,0,0.0,2,4,6,6,2,0,1,1,13,7.0,0022400443,Mikal Bridges,mikal bridges,,,2024-12-30,2,0.36312849162011174,0.0558659217877095,0.1675977653631285,0.1675977653631285,0.111731843575419,5.0,3.0,4.0,2.0,2.0,3.0,5.0,3.0,0.0,0,0.0,0,0.00172,4.8,2789.076118535735,4.791744,0.0558659217877095,2.0,4.0,0.46890956
0022400443,1610612752,New York,Knicks,NYK,knicks,1628973,Jalen,Brunson,J. Brunson,jalen-brunson,G,,,35:53,35.88333333333333,6,17,0.353,1,6,0.167,5,5,1.0,0,3,3,6,1,0,2,1,18,2.0,0022400443,Jalen Brunson,jalen brunson,,,2024-12-30,1,0.5016256386437529,0.0,0.08360427310729215,0.1672085462145843,0.02786809103576405,3.0,6.0,6.0,2.0,4.0,3.0,11.0,2.0,1.0,0,0.0,0,0.00228,1.2,526.085050416484,1.197264,0.02786809103576405,4.0,7.0,0.27745232
0022400443,1610612752,New York,Knicks,NYK,knicks,1630540,Miles,McBride,M. McBride,miles-mcbride,,,,17:46,17.766666666666666,3,8,0.375,1,3,0.333,1,2,0.5,2,0,2,6,3,0,0,2,8,6.0,0022400443,Miles McBride,miles mcbride,,,2024-12-30,3,0.45028142589118203,0.11257035647279551,0.11257035647279551,0.3377110694183865,0.28142589118198874,6.0,3.0,7.0,2.0,1.0,3.0,6.0,7.0,3.0,0,1.0,0,0.00196,16.2,8261.091279959204,16.168248,0.16885553470919326,1.0,1.0,0.16286369
0022400443,1610612752,New York,Knicks,NYK,knicks,1630173,Precious,Achiuwa,P. Achiuwa,precious-achiuwa,,,,19:22,19.366666666666667,2,2,1.0,1,1,1.0,0,0,0.0,0,4,4,0,0,1,1,2,5,-2.0,0022400443,Precious Achiuwa,precious achiuwa,,,2024-12-30,1,0.25817555938037867,0.0,0.20654044750430292,0.0,0.05163511187607573,8.0,6.0,5.0,10.0,6.0,1.0,13.0,6.0,0.0,0,0.0,0,0.0006,-10.9,-18136.439267886857,-10.89346,0.05163511187607573,4.0,6.0,0.06763372
0022400443,1610612752,New York,Knicks,NYK,knicks,1626166,Cameron,Payne,C. Payne,cameron-payne,,,,6:42,6.7,1,3,0.333,1,3,0.333,0,0,0.0,0,0,0,1,0,0,1,1,3,10.0,0022400443,Cameron Payne,cameron payne,,,2024-12-30,0,0.44776119402985076,0.0,0.0,0.14925373134328357,0.0,9.0,6.0,11.0,6.0,6.0,3.0,4.0,9.0,1.0,0,0.0,0,0.0023499999999999997,64.3,27350.063802637178,64.148895,0.0,8.0,8.0,0.012013167
0022400443,1610612752,New York,Knicks,NYK,knicks,1629013,Landry,Shamet,L. Shamet,landry-shamet,,,,10:58,10.966666666666667,2,4,0.5,2,2,1.0,0,0,0.0,0,1,1,1,0,0,0,1,6,15.0,0022400443,Landry Shamet,landry shamet,,,2024-12-30,0,0.547112462006079,0.0,0.0911854103343465,0.0911854103343465,0.0,7.0,6.0,8.0,6.0,6.0,3.0,3.0,8.0,0.0,0,0.0,0,0.00148,59.4,40108.03511141121,59.312087999999996,0.0,8.0,8.0,0.30986068
0022400443,1610612752,New York,Knicks,NYK,knicks,1631210,Jacob,Toppin,J. Toppin,jacob-toppin,,,,1:48,1.8,0,0,0.0,0,0,0.0,0,0,0.0,0,1,1,2,0,0,0,0,0,4.0,0022400443,Jacob Toppin,jacob toppin,,,2024-12-30,0,0.0,0.0,0.5555555555555556,1.1111111111111112,0.0,10.0,6.0,8.0,5.0,6.0,3.0,7.0,10.0,0.0,0,0.0,0,0.0,83.3,83300000.0,83.3,0.0,8.0,8.0,0.008280866
0022400443,1610612752,New York,Knicks,NYK,knicks,1630579,Jericho,Sims,J. Sims,jericho-sims,,,,1:48,1.8,0,0,0.0,0,0,0.0,0,0,0.0,0,1,1,0,0,0,0,0,0,4.0,0022400443,Jericho Sims,jericho sims,,,2024-12-30,0,0.0,0.0,0.5555555555555556,0.0,0.0,10.0,6.0,8.0,10.0,6.0,3.0,7.0,10.0,,1,,1,0.0,83.3,83300000.0,83.3,0.0,8.0,8.0,0.0065466356
0022400443,1610612752,New York,Knicks,NYK,knicks,1642278,Tyler,Kolek,T. Kolek,tyler-kolek,,,,1:48,1.8,0,1,0.0,0,1,0.0,0,0,0.0,0,0,0,0,0,0,0,0,0,4.0,0022400443,Tyler Kolek,tyler kolek,,,2024-12-30,0,0.0,0.0,0.0,0.0,0.0,10.0,6.0,11.0,10.0,6.0,3.0,7.0,10.0,,1,,1,0.0025,83.3,33306.67732906837,83.09175,0.0,8.0,8.0,0.0027945163
0022400443,1610612752,New York,Knicks,NYK,knicks,1630346,Matt,Ryan,M. Ryan,matt-ryan,,,,0:52,0.8666666666666667,0,0,0.0,0,0,0.0,0,0,0.0,0,0,0,0,0,0,0,0,0,3.0,0022400443,Matt Ryan,matt ryan,,,2024-12-30,0,0.0,0.0,0.0,0.0,0.0,10.0,6.0,11.0,10.0,6.0,3.0,10.0,13.0,,1,,1,0.0,150.0,150000000.0,150.0,0.0,8.0,8.0,0.0036008784
0022400458,1610612752,New York,Knicks,NYK,knicks,1628384,OG,Anunoby,O. Anunoby,og-anunoby,F,,,40:40,40.666666666666664,10,16,0.625,1,3,0.333,1,3,0.333,1,2,3,2,3,2,1,3,22,0.0,0022400458,OG Anunoby,og anunoby,,,2025-01-01,5,0.5409836065573771,0.024590163934426233,0.07377049180327869,0.049180327868852465,0.14754098360655737,3.0,3.0,3.0,5.0,1.0,1.0,8.0,3.0,6.0,0,0.0,0,0.00191,1.3,680.2721088435375,1.297517,0.12295081967213116,1.0,2.0,0.79632705
0022400458,1610612752,New York,Knicks,NYK,knicks,1628404,Josh,Hart,J. Hart,josh-hart,F,,,45:08,45.13333333333333,6,12,0.5,1,4,0.25,2,3,0.667,2,12,14,12,1,1,7,4,15,15.0,0022400458,Josh Hart,josh hart,,,2025-01-01,2,0.33234859675036926,0.04431314623338257,0.310192023633678,0.2658788774002954,0.08862629246676514,4.0,1.0,2.0,1.0,3.0,2.0,1.0,1.0,1.0,0,0.0,0,0.00192,14.6,7600.208224882874,14.571968,0.04431314623338257,3.0,6.0,0.85331404
0022400458,1610612752,New York,Knicks,NYK,knicks,1626157,Karl-Anthony,Towns,K. Towns,karl-anthony-towns,C,,,37:23,37.38333333333333,10,20,0.5,3,6,0.5,8,9,0.889,2,19,21,4,1,1,2,3,31,11.0,0022400458,Karl-Anthony Towns,karl-anthony towns,,,2025-01-01,2,0.8292465448060633,0.05349977708426215,0.5617476593847526,0.1069995541685243,0.1069995541685243,1.0,1.0,1.0,3.0,3.0,2.0,4.0,4.0,3.0,0,0.0,0,0.00295,10.8,3659.776347001017,10.76814,0.05349977708426215,3.0,4.0,0.8076092
0022400458,1610612752,New York,Knicks,NYK,knicks,1628969,Mikal,Bridges,M. Bridges,mikal-bridges,G,,,44:29,44.483333333333334,12,17,0.706,2,5,0.4,1,2,0.5,0,1,1,0,0,1,0,2,27,13.0,0022400458,Mikal Bridges,mikal bridges,,,2025-01-01,1,0.6069689022105658,0.0,0.022480329711502434,0.0,0.022480329711502434,2.0,5.0,6.0,6.0,7.0,2.0,3.0,2.0,2.0,0,0.0,0,0.0017599999999999998,15.1,8574.673480976719,15.073424,0.022480329711502434,6.0,7.0,0.7388268
0022400458,1610612752,New York,Knicks,NYK,knicks,1626166,Cameron,Payne,C. Payne,cameron-payne,G,,,35:37,35.61666666666667,2,9,0.222,1,3,0.333,3,4,0.75,1,2,3,9,3,0,3,1,8,5.0,0022400458,Cameron Payne,cameron payne,,,2025-01-01,3,0.22461394478240523,0.028076743097800654,0.08423022929340196,0.2526906878802059,0.11230697239120262,6.0,3.0,3.0,2.0,1.0,6.0,7.0,5.0,6.0,0,0.0,0,0.00169,3.7,2188.054405677114,3.693747,0.08423022929340196,2.0,3.0,0.1058449
0022400458,1610612752,New York,Knicks,NYK,knicks,1629013,Landry,Shamet,L. Shamet,landry-shamet,,,,11:05,11.083333333333334,1,1,1.0,0,0,0.0,0,0,0.0,0,1,1,0,1,0,0,0,2,10.0,0022400458,Landry Shamet,landry shamet,,,2025-01-01,1,0.18045112781954886,0.0,0.09022556390977443,0.0,0.09022556390977443,7.0,5.0,6.0,6.0,3.0,6.0,6.0,8.0,2.0,0,0.0,0,0.00042,46.7,110926.36579572446,46.680386000000006,0.09022556390977443,6.0,5.0,0.034093123
0022400458,1610612752,New York,Knicks,NYK,knicks,1630173,Precious,Achiuwa,P. Achiuwa,precious-achiuwa,,,,13:15,13.25,5,8,0.625,1,1,1.0,1,2,0.5,0,3,3,0,1,1,0,1,12,15.0,0022400458,Precious Achiuwa,precious achiuwa,,,2025-01-01,2,0.9056603773584906,0.0,0.22641509433962265,0.0,0.1509433962264151,5.0,5.0,3.0,6.0,3.0,2.0,1.0,6.0,2.0,0,0.0,0,0.0029,58.3,20096.51844191658,58.13093,0.1509433962264151,3.0,1.0,0.76611316
0022400458,1610612752,New York,Knicks,NYK,knicks,1642278,Tyler,Kolek,T. Kolek,tyler-kolek,,,,12:23,12.383333333333333,1,2,0.5,0,1,0.0,0,0,0.0,0,1,1,4,0,0,0,2,2,11.0,0022400458,Tyler Kolek,tyler kolek,,,2025-01-01,0,0.16150740242261105,0.0,0.08075370121130553,0.3230148048452221,0.0,7.0,5.0,6.0,3.0,7.0,6.0,4.0,7.0,1.0,0,0.0,0,0.0007099999999999999,45.6,64135.021097046425,45.567624,0.0,8.0,8.0,0.018128226
0022400473,1610612752,New York,Knicks,NYK,knicks,1628404,Josh,Hart,J. Hart,josh-hart,F,,,44:15,44.25,8,15,0.533,2,7,0.286,1,2,0.5,3,4,7,2,1,1,2,4,19,-12.0,0022400473,Josh Hart,josh hart,,,2025-01-03,2,0.4293785310734463,0.06779661016949153,0.15819209039548024,0.04519774011299435,0.11299435028248588,4.0,2.0,2.0,4.0,2.0,1.0,7.0,1.0,4.0,0,0.0,0,0.0018,-10.7,-5941.1438089950025,-10.680739999999998,0.04519774011299435,2.0,3.0,0.5145429
0022400473,1610612752,New York,Knicks,NYK,knicks,1628384,OG,Anunoby,O. Anunoby,og-anunoby,F,,,42:32,42.53333333333333,7,13,0.538,3,7,0.429,3,3,1.0,0,2,2,3,0,0,1,3,20,-12.0,0022400473,OG Anunoby,og anunoby,,,2025-01-03,0,0.4702194357366771,0.0,0.047021943573667714,0.07053291536050157,0.0,3.0,6.0,6.0,3.0,6.0,3.0,7.0,2.0,0.0,0,0.0,0,0.00155,-12.2,-7865.892972275951,-12.18109,0.0,6.0,7.0,0.49488637
0022400473,1610612752,New York,Knicks,NYK,knicks,1626157,Karl-Anthony,Towns,K. Towns,karl-anthony-towns,C,,,42:17,42.28333333333333,7,13,0.538,0,0,0.0,3,4,0.75,4,18,22,4,3,0,2,4,17,-6.0,0022400473,Karl-Anthony Towns,karl-anthony towns,,,2025-01-03,3,0.40204966495861255,0.09459992116673237,0.520299566417028,0.09459992116673237,0.16554986204178163,5.0,1.0,1.0,2.0,1.0,3.0,4.0,3.0,4.0,0,0.0,0,0.00168,-9.3,-5532.421177870316,-9.284376,0.07094994087504927,1.0,2.0,0.7697868
0022400473,1610612752,New York,Knicks,NYK,knicks,1628969,Mikal,Bridges,M. Bridges,mikal-bridges,G,,,40:59,40.983333333333334,10,19,0.526,4,11,0.364,0,0,0.0,1,2,3,2,1,1,2,1,24,-10.0,0022400473,Mikal Bridges,mikal bridges,,,2025-01-03,2,0.5856039040260268,0.024400162667751118,0.07320048800325335,0.048800325335502236,0.07320048800325335,1.0,4.0,4.0,4.0,2.0,1.0,6.0,4.0,1.0,0,0.0,0,0.00216,-13.0,-6015.733456732994,-12.971919999999999,0.048800325335502236,2.0,4.0,0.82396483
0022400473,1610612752,New York,Knicks,NYK,knicks,1628973,Jalen,Brunson,J. Brunson,jalen-brunson,G,,,40:08,40.13333333333333,9,23,0.391,0,5,0.0,4,6,0.667,1,2,3,9,1,0,3,2,22,-3.0,0022400473,Jalen Brunson,jalen brunson,,,2025-01-03,1,0.5481727574750831,0.024916943521594685,0.07475083056478406,0.22425249169435216,0.04983388704318937,2.0,4.0,4.0,1.0,2.0,3.0,2.0,5.0,2.0,0,0.0,0,0.00299,-4.9,-1638.2480775660315,-4.885349,0.024916943521594685,4.0,6.0,0.74592
0022400473,1610612752,New York,Knicks,NYK,knicks,1630173,Precious,Achiuwa,P. Achiuwa,precious-achiuwa,,,,7:57,7.95,1,4,0.25,0,1,0.0,1,2,0.5,2,3,5,0,0,0,1,0,3,-3.0,0022400473,Precious Achiuwa,precious achiuwa,,,2025-01-03,0,0.3773584905660377,0.25157232704402516,0.6289308176100629,0.0,0.25157232704402516,6.0,3.0,3.0,7.0,6.0,3.0,2.0,7.0,1.0,0,0.0,0,0.003,-18.8,-6264.5784738420525,-18.7436,0.0,6.0,1.0,0.034716148
0022400473,1610612752,New York,Knicks,NYK,knicks,1629013,Landry,Shamet,L. Shamet,landry-shamet,,,,14:00,14.0,1,2,0.5,0,1,0.0,0,0,0.0,0,0,0,2,1,0,1,1,2,3.0,0022400473,Landry Shamet,landry shamet,,,2025-01-03,1,0.14285714285714285,0.0,0.0,0.14285714285714285,0.07142857142857142,7.0,6.0,7.0,4.0,2.0,3.0,1.0,6.0,1.0,0,0.0,0,0.00086,9.7,11265.969802555168,9.691658,0.07142857142857142,4.0,5.0,0.019899208
0022400473,1610612752,New York,Knicks,NYK,knicks,1626166,Cameron,Payne,C. Payne,cameron-payne,,,,7:52,7.866666666666667,0,1,0.0,0,0,0.0,0,0,0.0,0,0,0,0,0,0,0,2,0,-7.0,0022400473,Cameron Payne,cameron payne,,,2025-01-03,0,0.0,0.0,0.0,0.0,0.0,8.0,6.0,7.0,7.0,6.0,3.0,5.0,8.0,,1,,1,0.00063,-43.8,-69413.62916006338,-43.772406,0.0,6.0,7.0,0.0031793478
0022400482,1610612752,New York,Knicks,NYK,knicks,1628404,Josh,Hart,J. Hart,josh-hart,F,,,40:23,40.38333333333333,0,5,0.0,0,3,0.0,2,2,1.0,3,13,16,10,1,0,2,3,2,-14.0,0022400482,Josh Hart,josh hart,,,2025-01-04,1,0.049525381758151056,0.07428807263722657,0.39620305406520845,0.24762690879075527,0.09905076351630211,8.0,2.0,1.0,1.0,2.0,4.0,10.0,1.0,1.0,0,0.0,0,0.00074,-15.6,-21052.631578947367,-15.588456,0.024762690879075528,3.0,5.0,0.1341635
0022400482,1610612752,New York,Knicks,NYK,knicks,1628384,OG,Anunoby,O. Anunoby,og-anunoby,F,,,32:23,32.38333333333333,5,12,0.417,2,6,0.333,0,0,0.0,2,3,5,0,1,0,3,0,12,-8.0,0022400482,OG Anunoby,og anunoby,,,2025-01-04,1,0.3705609881626351,0.06176016469377252,0.15440041173443128,0.0,0.09264024704065878,4.0,4.0,3.0,6.0,2.0,4.0,9.0,5.0,2.0,0,0.0,0,0.0017399999999999998,-11.1,-6375.646180356118,-11.080686,0.03088008234688626,3.0,6.0,0.3395006
0022400482,1610612752,New York,Knicks,NYK,knicks,1626157,Karl-Anthony,Towns,K. Towns,karl-anthony-towns,C,,,37:16,37.266666666666666,17,29,0.586,3,7,0.429,7,10,0.7,6,10,16,5,1,0,3,3,44,-5.0,0022400482,Karl-Anthony Towns,karl-anthony towns,,,2025-01-04,1,1.180679785330948,0.16100178890876565,0.42933810375670844,0.13416815742397137,0.18783542039355994,1.0,1.0,1.0,3.0,2.0,4.0,8.0,2.0,3.0,0,0.0,0,0.0037099999999999998,-4.4,-1185.6642414443547,-4.383676,0.026833631484794278,3.0,1.0,0.86611575
0022400482,1610612752,New York,Knicks,NYK,knicks,1628969,Mikal,Bridges,M. Bridges,mikal-bridges,G,,,33:16,33.266666666666666,8,18,0.444,0,5,0.0,2,3,0.667,3,0,3,1,0,1,1,2,18,-21.0,0022400482,Mikal Bridges,mikal bridges,,,2025-01-04,1,0.5410821643286573,0.09018036072144289,0.09018036072144289,0.030060120240480964,0.12024048096192386,3.0,2.0,5.0,5.0,7.0,1.0,12.0,3.0,2.0,0,0.0,0,0.0022500000000000003,-29.8,-13238.56063971568,-29.732950000000002,0.030060120240480964,3.0,3.0,0.51223326
0022400482,1610612752,New York,Knicks,NYK,knicks,1628973,Jalen,Brunson,J. Brunson,jalen-brunson,G,,,32:50,32.833333333333336,11,20,0.55,1,4,0.25,10,11,0.909,1,1,2,8,2,0,1,0,33,-18.0,0022400482,Jalen Brunson,jalen brunson,,,2025-01-04,2,1.0050761421319796,0.03045685279187817,0.06091370558375634,0.24365482233502536,0.09137055837563451,2.0,6.0,6.0,2.0,1.0,4.0,11.0,4.0,1.0,0,0.0,0,0.00299,-25.0,-8358.408559010364,-24.92525,0.06091370558375634,1.0,7.0,0.81972444
0022400482,1610612752,New York,Knicks,NYK,knicks,1630173,Precious,Achiuwa,P. Achiuwa,precious-achiuwa,,,,26:51,26.85,2,2,1.0,0,0,0.0,1,2,0.5,2,3,5,0,1,0,1,1,5,-3.0,0022400482,Precious Achiuwa,precious achiuwa,,,2025-01-04,1,0.186219739292365,0.07448789571694599,0.186219739292365,0.0,0.11173184357541899,6.0,4.0,3.0,6.0,2.0,4.0,7.0,6.0,1.0,0,0.0,0,0.00055,-7.2,-13067.15063520871,-7.19604,0.037243947858472994,3.0,4.0,0.06059115
0022400482,1610612752,New York,Knicks,NYK,knicks,1629013,Landry,Shamet,L. Shamet,landry-shamet,,,,16:50,16.833333333333332,2,6,0.333,0,2,0.0,0,0,0.0,1,0,1,0,1,1,1,0,4,-1.0,0022400482,Landry Shamet,landry shamet,,,2025-01-04,2,0.23762376237623764,0.05940594059405941,0.05940594059405941,0.0,0.17821782178217824,7.0,6.0,7.0,6.0,2.0,1.0,6.0,7.0,3.0,0,0.0,0,0.0016300000000000002,-10.0,-6131.207847946045,-9.983699999999999,0.11881188118811882,1.0,2.0,0.03081497
0022400482,1610612752,New York,Knicks,NYK,knicks,1626166,Cameron,Payne,C. Payne,cameron-payne,,,,13:55,13.916666666666666,3,5,0.6,2,3,0.667,0,0,0.0,0,0,0,3,0,1,1,4,8,5.0,0022400482,Cameron Payne,cameron payne,,,2025-01-04,1,0.5748502994011976,0.0,0.0,0.2155688622754491,0.0718562874251497,5.0,8.0,9.0,4.0,7.0,1.0,1.0,8.0,1.0,0,0.0,0,0.0016200000000000001,15.2,9376.927822331892,15.175376,0.0718562874251497,3.0,8.0,0.19001682
0022400482,1610612752,New York,Knicks,NYK,knicks,1630579,Jericho,Sims,J. Sims,jericho-sims,,,,1:34,1.5666666666666667,0,0,0.0,0,0,0.0,0,0,0.0,0,0,0,0,0,0,0,0,0,0.0,0022400482,Jericho Sims,jericho sims,,,2025-01-04,0,0.0,0.0,0.0,0.0,0.0,9.0,8.0,9.0,6.0,7.0,4.0,2.0,9.0,0.0,0,0.0,0,0.0,0.0,0.0,0.0,0.0,9.0,9.0,0.0048184018
0022400482,1610612752,New York,Knicks,NYK,knicks,1642278,Tyler,Kolek,T. Kolek,tyler-kolek,,,,1:34,1.5666666666666667,0,0,0.0,0,0,0.0,0,0,0.0,0,0,0,0,0,0,0,0,0,0.0,0022400482,Tyler Kolek,tyler kolek,,,2025-01-04,0,0.0,0.0,0.0,0.0,0.0,9.0,8.0,9.0,6.0,7.0,4.0,2.0,9.0,,1,,1,0.0,0.0,0.0,0.0,0.0,9.0,9.0,0.004686785
0022400482,1610612752,New York,Knicks,NYK,knicks,1631210,Jacob,Toppin,J. Toppin,jacob-toppin,,,,1:34,1.5666666666666667,0,0,0.0,0,0,0.0,0,0,0.0,0,0,0,0,0,0,0,0,0,0.0,0022400482,Jacob Toppin,jacob toppin,,,2025-01-04,0,0.0,0.0,0.0,0.0,0.0,9.0,8.0,9.0,6.0,7.0,4.0,2.0,9.0,,1,,1,0.0,0.0,0.0,0.0,0.0,9.0,9.0,0.004686785
0022400482,1610612752,New York,Knicks,NYK,knicks,1630346,Matt,Ryan,M. Ryan,matt-ryan,,,,1:34,1.5666666666666667,0,0,0.0,0,0,0.0,0,0,0.0,0,1,1,0,0,0,0,0,0,0.0,0022400482,Matt Ryan,matt ryan,,,2025-01-04,0,0.0,0.0,0.6382978723404256,0.0,0.0,9.0,8.0,7.0,6.0,7.0,4.0,2.0,9.0,,1,,1,0.0,0.0,0.0,0.0,0.0,9.0,9.0,0.014782443
0022400496,1610612752,New York,Knicks,NYK,knicks,1628384,OG,Anunoby,O. Anunoby,og-anunoby,F,,,35:27,35.45,4,11,0.364,0,3,0.0,1,2,0.5,3,1,4,3,1,1,1,1,9,-6.0,0022400496,OG Anunoby,og anunoby,,,2025-01-06,2,0.2538787023977433,0.0846262341325811,0.11283497884344146,0.0846262341325811,0.1410437235543018,5.0,1.0,4.0,2.0,2.0,1.0,5.0,4.0,1.0,0,0.0,0,0.00165,-10.5,-6359.781950333132,-10.482675,0.05641748942172073,2.0,2.0,0.3020333
0022400496,1610612752,New York,Knicks,NYK,knicks,1628404,Josh,Hart,J. Hart,josh-hart,F,,,41:43,41.71666666666667,5,9,0.556,1,3,0.333,4,4,1.0,3,11,14,2,2,1,1,2,15,-8.0,0022400496,Josh Hart,josh hart,,,2025-01-06,3,0.3595685177786656,0.07191370355573312,0.33559728326008786,0.04794246903715541,0.14382740711146624,3.0,1.0,1.0,3.0,1.0,1.0,6.0,2.0,1.0,0,0.0,0,0.0013,-10.1,-7763.259031514221,-10.08687,0.07191370355573312,1.0,1.0,0.71065927
0022400496,1610612752,New York,Knicks,NYK,knicks,1630579,Jericho,Sims,J. Sims,jericho-sims,C,,,29:28,29.466666666666665,2,4,0.5,0,0,0.0,0,0,0.0,2,8,10,2,0,1,2,1,4,-4.0,0022400496,Jericho Sims,jericho sims,,,2025-01-06,1,0.13574660633484165,0.06787330316742082,0.3393665158371041,0.06787330316742082,0.10180995475113122,7.0,3.0,2.0,3.0,4.0,1.0,4.0,5.0,0.0,0,0.0,0,0.00091,-7.4,-8122.941822173436,-7.393266000000001,0.03393665158371041,3.0,3.0,0.058593575
0022400496,1610612752,New York,Knicks,NYK,knicks,1628969,Mikal,Bridges,M. Bridges,mikal-bridges,G,,,42:23,42.38333333333333,10,20,0.5,1,7,0.143,3,4,0.75,0,5,5,2,0,0,2,2,24,-8.0,0022400496,Mikal Bridges,mikal bridges,,,2025-01-06,0,0.5662603224537948,0.0,0.11797090051120723,0.047188360204482895,0.0,1.0,7.0,3.0,3.0,4.0,4.0,6.0,1.0,0.0,0,0.0,0,0.00261,-8.5,-3255.4576790501724,-8.477815,0.0,5.0,7.0,0.71070635
0022400496,1610612752,New York,Knicks,NYK,knicks,1628973,Jalen,Brunson,J. Brunson,jalen-brunson,G,,,35:54,35.9,8,21,0.381,0,1,0.0,8,10,0.8,1,0,1,4,1,0,2,6,24,-3.0,0022400496,Jalen Brunson,jalen brunson,,,2025-01-06,1,0.6685236768802229,0.02785515320334262,0.02785515320334262,0.11142061281337048,0.05571030640668524,1.0,4.0,6.0,1.0,2.0,4.0,2.0,3.0,1.0,0,0.0,0,0.0035099999999999997,-4.4,-1253.2042153232699,-4.384556,0.02785515320334262,3.0,5.0,0.6015449
0022400496,1610612752,New York,Knicks,NYK,knicks,1630173,Precious,Achiuwa,P. Achiuwa,precious-achiuwa,,,,22:27,22.45,5,6,0.833,0,0,0.0,0,0,0.0,1,1,2,0,0,0,1,3,10,-14.0,0022400496,Precious Achiuwa,precious achiuwa,,,2025-01-06,0,0.44543429844098,0.044543429844097995,0.08908685968819599,0.0,0.044543429844097995,4.0,4.0,5.0,8.0,4.0,4.0,8.0,6.0,0.0,0,0.0,0,0.00149,-29.3,-19651.240778001342,-29.256343,0.0,5.0,6.0,0.14954324
0022400496,1610612752,New York,Knicks,NYK,knicks,1629013,Landry,Shamet,L. Shamet,landry-shamet,,,,20:36,20.6,0,3,0.0,0,3,0.0,0,0,0.0,0,1,1,1,0,0,1,2,0,1.0,0022400496,Landry Shamet,landry shamet,,,2025-01-06,0,0.0,0.0,0.04854368932038835,0.04854368932038835,0.0,8.0,7.0,6.0,7.0,4.0,4.0,1.0,7.0,0.0,0,0.0,0,0.00083,-0.4,-481.3477737665463,-0.399668,0.0,5.0,7.0,0.011016531
0022400496,1610612752,New York,Knicks,NYK,knicks,1626166,Cameron,Payne,C. Payne,cameron-payne,,,,12:03,12.05,2,7,0.286,2,5,0.4,2,2,1.0,1,0,1,2,0,0,2,1,8,-3.0,0022400496,Cameron Payne,cameron payne,,,2025-01-06,0,0.6639004149377593,0.08298755186721991,0.08298755186721991,0.16597510373443983,0.08298755186721991,6.0,4.0,6.0,3.0,4.0,4.0,2.0,8.0,1.0,0,0.0,0,0.0037,-8.2,-2215.6174007025124,-8.169659999999999,0.0,5.0,4.0,0.23628768
0022400511,1610612752,New York,Knicks,NYK,knicks,1628384,OG,Anunoby,O. Anunoby,og-anunoby,F,,,37:35,37.583333333333336,8,13,0.615,4,6,0.667,7,8,0.875,1,1,2,0,2,1,2,2,27,24.0,0022400511,OG Anunoby,og anunoby,,,2025-01-08,3,0.7184035476718403,0.026607538802660754,0.05321507760532151,0.0,0.10643015521064302,1.0,3.0,6.0,9.0,2.0,2.0,3.0,2.0,2.0,0,0.0,0,0.00211,30.7,14542.870677404073,30.635223,0.07982261640798226,2.0,5.0,0.7528642
0022400511,1610612752,New York,Knicks,NYK,knicks,1628404,Josh,Hart,J. Hart,josh-hart,F,,,38:22,38.36666666666667,9,14,0.643,2,5,0.4,1,2,0.5,6,5,11,7,1,0,1,4,21,19.0,0022400511,Josh Hart,josh hart,,,2025-01-08,1,0.5473501303214596,0.15638575152041703,0.2867072111207645,0.18245004344048654,0.18245004344048654,3.0,1.0,2.0,1.0,3.0,4.0,5.0,1.0,2.0,0,0.0,0,0.00168,22.9,13622.843545508626,22.861528,0.026064291920069503,3.0,4.0,0.88265115
0022400511,1610612752,New York,Knicks,NYK,knicks,1626157,Karl-Anthony,Towns,K. Towns,karl-anthony-towns,C,,,34:14,34.233333333333334,9,14,0.643,3,3,1.0,6,6,1.0,4,9,13,2,3,2,2,3,27,25.0,0022400511,Karl-Anthony Towns,karl-anthony towns,,,2025-01-08,5,0.7887049659201558,0.11684518013631938,0.37974683544303794,0.05842259006815969,0.2629016553067186,1.0,2.0,1.0,4.0,1.0,1.0,2.0,5.0,6.0,0,0.0,0,0.00221,33.0,14925.373134328356,32.92707,0.1460564751703992,1.0,2.0,0.92960864
0022400511,1610612752,New York,Knicks,NYK,knicks,1628969,Mikal,Bridges,M. Bridges,mikal-bridges,G,,,35:47,35.78333333333333,4,18,0.222,2,11,0.182,0,0,0.0,1,2,3,3,1,0,1,0,10,26.0,0022400511,Mikal Bridges,mikal bridges,,,2025-01-08,1,0.2794597112249651,0.02794597112249651,0.08383791336748952,0.08383791336748952,0.05589194224499302,5.0,3.0,5.0,3.0,3.0,4.0,1.0,3.0,2.0,0,0.0,0,0.0022400000000000002,37.1,16555.109326193662,37.016896,0.02794597112249651,3.0,8.0,0.23714061
0022400511,1610612752,New York,Knicks,NYK,knicks,1628973,Jalen,Brunson,J. Brunson,jalen-brunson,G,,,34:53,34.88333333333333,5,13,0.385,1,4,0.25,2,4,0.5,0,6,6,7,1,0,1,1,13,20.0,0022400511,Jalen Brunson,jalen brunson,,,2025-01-08,1,0.37267080745341613,0.0,0.17200191113234592,0.20066889632107024,0.02866698518872432,4.0,8.0,3.0,1.0,3.0,4.0,4.0,4.0,3.0,0,0.0,0,0.0019,27.2,14308.258811152025,27.14832,0.02866698518872432,3.0,10.0,0.5136281
0022400511,1610612752,New York,Knicks,NYK,knicks,1630173,Precious,Achiuwa,P. Achiuwa,precious-achiuwa,,,,15:13,15.216666666666667,3,5,0.6,0,1,0.0,0,0,0.0,0,4,4,1,0,1,0,0,6,-2.0,0022400511,Precious Achiuwa,precious achiuwa,,,2025-01-08,1,0.39430449069003287,0.0,0.2628696604600219,0.06571741511500548,0.06571741511500548,7.0,8.0,4.0,6.0,7.0,2.0,7.0,7.0,0.0,0,0.0,0,0.00135,-6.3,-4663.21243523316,-6.291495,0.06571741511500548,3.0,7.0,0.08637991
0022400511,1610612752,New York,Knicks,NYK,knicks,1629013,Landry,Shamet,L. Shamet,landry-shamet,,,,21:16,21.266666666666666,4,8,0.5,0,3,0.0,0,0,0.0,1,1,2,1,0,0,1,4,8,-4.0,0022400511,Landry Shamet,landry shamet,,,2025-01-08,0,0.3761755485893417,0.047021943573667714,0.09404388714733543,0.047021943573667714,0.047021943573667714,6.0,3.0,6.0,6.0,7.0,4.0,8.0,6.0,0.0,0,0.0,0,0.0018,-6.7,-3720.1554691837873,-6.68794,0.0,8.0,9.0,0.10097235
0022400511,1610612752,New York,Knicks,NYK,knicks,1626166,Cameron,Payne,C. Payne,cameron-payne,,,,11:21,11.35,0,1,0.0,0,0,0.0,0,0,0.0,0,0,0,2,1,0,1,0,0,9.0,0022400511,Cameron Payne,cameron payne,,,2025-01-08,1,0.0,0.0,0.0,0.1762114537444934,0.0881057268722467,8.0,8.0,10.0,4.0,3.0,4.0,6.0,8.0,,1,,1,0.00074,43.1,58164.64237516869,43.068106,0.0881057268722467,3.0,6.0,0.012154027
0022400511,1610612752,New York,Knicks,NYK,knicks,1630579,Jericho,Sims,J. Sims,jericho-sims,,,,3:58,3.966666666666667,0,0,0.0,0,0,0.0,0,0,0.0,1,0,1,1,0,0,2,0,0,-11.0,0022400511,Jericho Sims,jericho sims,,,2025-01-08,0,0.0,0.25210084033613445,0.25210084033613445,0.25210084033613445,0.25210084033613445,8.0,3.0,8.0,6.0,7.0,4.0,9.0,9.0,0.0,0,0.0,0,0.002,-113.9,-56921.539230384806,-113.6722,0.0,8.0,3.0,0.0034457354
0022400511,1610612752,New York,Knicks,NYK,knicks,1642278,Tyler,Kolek,T. Kolek,tyler-kolek,,,,2:27,2.45,0,0,0.0,0,0,0.0,0,0,0.0,0,0,0,0,0,0,1,0,0,-12.0,0022400511,Tyler Kolek,tyler kolek,,,2025-01-08,0,0.0,0.0,0.0,0.0,0.0,8.0,8.0,10.0,9.0,7.0,4.0,10.0,10.0,,1,,1,0.0014299999999999998,-200.0,-139762.40391334734,-199.714,0.0,8.0,11.0,0.0024957946
0022400511,1610612752,New York,Knicks,NYK,knicks,1631210,Jacob,Toppin,J. Toppin,jacob-toppin,,,,2:27,2.45,0,2,0.0,0,0,0.0,0,0,0.0,1,0,1,0,0,0,0,0,0,-12.0,0022400511,Jacob Toppin,jacob toppin,,,2025-01-08,0,0.0,0.4081632653061224,0.4081632653061224,0.0,0.4081632653061224,8.0,3.0,8.0,9.0,7.0,4.0,10.0,10.0,,1,,1,0.0028599999999999997,-200.0,-69905.62740300594,-199.428,0.0,8.0,1.0,0.003531749
0022400511,1610612752,New York,Knicks,NYK,knicks,1630346,Matt,Ryan,M. Ryan,matt-ryan,,,,2:27,2.45,0,0,0.0,0,0,0.0,0,0,0.0,0,0,0,0,0,0,0,1,0,-12.0,0022400511,Matt Ryan,matt ryan,,,2025-01-08,0,0.0,0.0,0.0,0.0,0.0,8.0,8.0,10.0,9.0,7.0,4.0,10.0,10.0,,1,,1,0.0,-200.0,-200000000.0,-200.0,0.0,8.0,11.0,0.0027585877
0022400529,1610612752,New York,Knicks,NYK,knicks,1628384,OG,Anunoby,O. Anunoby,og-anunoby,F,,,35:55,35.916666666666664,2,8,0.25,0,5,0.0,0,0,0.0,1,2,3,2,0,0,2,2,4,-6.0,0022400529,OG Anunoby,og anunoby,,,2025-01-10,0,0.11136890951276103,0.027842227378190258,0.08352668213457078,0.055684454756380515,0.027842227378190258,6.0,4.0,4.0,3.0,6.0,3.0,7.0,1.0,2.0,0,0.0,0,0.0011200000000000001,-5.0,-4460.303300624442,-4.9944,0.0,7.0,9.0,0.02001526
0022400529,1610612752,New York,Knicks,NYK,knicks,1628404,Josh,Hart,J. Hart,josh-hart,F,,,30:28,30.466666666666665,6,13,0.462,0,1,0.0,4,4,1.0,6,7,13,2,3,0,1,2,16,-23.0,0022400529,Josh Hart,josh hart,,,2025-01-10,3,0.525164113785558,0.19693654266958427,0.42669584245076586,0.06564551422319476,0.2954048140043764,3.0,1.0,1.0,3.0,1.0,3.0,11.0,4.0,3.0,0,0.0,0,0.0020499999999999997,-34.8,-16967.33300828864,-34.72866,0.09846827133479213,1.0,2.0,0.77138484
0022400529,1610612752,New York,Knicks,NYK,knicks,1626157,Karl-Anthony,Towns,K. Towns,karl-anthony-towns,C,,,29:28,29.466666666666665,9,16,0.563,1,2,0.5,4,4,1.0,3,7,10,1,1,0,3,3,23,-10.0,0022400529,Karl-Anthony Towns,karl-anthony towns,,,2025-01-10,1,0.7805429864253394,0.10180995475113122,0.3393665158371041,0.03393665158371041,0.13574660633484165,2.0,3.0,2.0,6.0,2.0,3.0,8.0,5.0,3.0,0,0.0,0,0.0028399999999999996,-14.3,-5033.438929954242,-14.259388000000001,0.03393665158371041,4.0,7.0,0.826214
0022400529,1610612752,New York,Knicks,NYK,knicks,1628969,Mikal,Bridges,M. Bridges,mikal-bridges,G,,,31:49,31.816666666666666,0,9,0.0,0,7,0.0,0,0,0.0,0,1,1,2,0,0,0,1,0,-23.0,0022400529,Mikal Bridges,mikal bridges,,,2025-01-10,0,0.0,0.0,0.03143006809848088,0.06286013619696176,0.0,13.0,7.0,8.0,3.0,6.0,3.0,11.0,3.0,0.0,0,0.0,0,0.00111,-35.2,-31683.168316831685,-35.160928,0.0,7.0,10.0,0.0042289463
0022400529,1610612752,New York,Knicks,NYK,knicks,1628973,Jalen,Brunson,J. Brunson,jalen-brunson,G,,,33:04,33.06666666666667,7,15,0.467,1,2,0.5,12,12,1.0,0,1,1,5,0,0,4,3,27,-23.0,0022400529,Jalen Brunson,jalen brunson,,,2025-01-10,0,0.816532258064516,0.0,0.030241935483870965,0.15120967741935482,0.0,1.0,7.0,8.0,1.0,6.0,3.0,11.0,2.0,2.0,0,0.0,0,0.00301,-32.4,-10760.544669545001,-32.302476,0.0,7.0,10.0,0.6664526
0022400529,1610612752,New York,Knicks,NYK,knicks,1630540,Miles,McBride,M. McBride,miles-mcbride,,,,19:57,19.95,3,9,0.333,0,4,0.0,1,1,1.0,4,1,5,5,0,0,0,1,7,-21.0,0022400529,Miles McBride,miles mcbride,,,2025-01-10,0,0.3508771929824562,0.2005012531328321,0.2506265664160401,0.2506265664160401,0.2005012531328321,5.0,2.0,3.0,1.0,6.0,3.0,10.0,6.0,1.0,0,0.0,0,0.0017599999999999998,-52.2,-29642.248722316872,-52.108128,0.0,7.0,4.0,0.17411476
0022400529,1610612752,New York,Knicks,NYK,knicks,1630173,Precious,Achiuwa,P. Achiuwa,precious-achiuwa,,,,5:48,5.8,1,1,1.0,0,0,0.0,0,0,0.0,0,1,1,0,0,0,0,1,2,-16.0,0022400529,Precious Achiuwa,precious achiuwa,,,2025-01-10,0,0.3448275862068966,0.0,0.1724137931034483,0.0,0.0,8.0,7.0,8.0,8.0,6.0,3.0,9.0,11.0,0.0,0,0.0,0,0.0007099999999999999,-133.3,-187482.41912798877,-133.20535700000002,0.0,7.0,10.0,0.0050381017
0022400529,1610612752,New York,Knicks,NYK,knicks,1626166,Cameron,Payne,C. Payne,cameron-payne,,,,14:56,14.933333333333334,5,11,0.455,1,4,0.25,0,0,0.0,1,1,2,0,1,1,0,0,11,-2.0,0022400529,Cameron Payne,cameron payne,,,2025-01-10,2,0.7366071428571428,0.06696428571428571,0.13392857142857142,0.0,0.20089285714285715,4.0,4.0,6.0,8.0,2.0,2.0,4.0,8.0,3.0,0,0.0,0,0.0028899999999999998,-2.7,-933.9328951919751,-2.692197,0.13392857142857142,2.0,3.0,0.71297616
0022400529,1610612752,New York,Knicks,NYK,knicks,1629013,Landry,Shamet,L. Shamet,landry-shamet,,,,15:14,15.233333333333333,1,6,0.167,1,5,0.2,0,0,0.0,0,1,1,0,1,0,0,1,3,-5.0,0022400529,Landry Shamet,landry shamet,,,2025-01-10,1,0.19693654266958427,0.0,0.06564551422319476,0.0,0.06564551422319476,7.0,7.0,8.0,8.0,2.0,3.0,6.0,7.0,1.0,0,0.0,0,0.0016200000000000001,-16.7,-10302.282541640961,-16.672946,0.06564551422319476,4.0,8.0,0.020512426
0022400529,1610612752,New York,Knicks,NYK,knicks,1630574,Ariel,Hukporti,A. Hukporti,ariel-hukporti,,,,12:44,12.733333333333333,1,2,0.5,0,0,0.0,0,0,0.0,0,2,2,0,0,2,0,1,2,1.0,0022400529,Ariel Hukporti,ariel hukporti,,,2025-01-10,2,0.15706806282722513,0.0,0.15706806282722513,0.0,0.15706806282722513,8.0,7.0,6.0,8.0,6.0,1.0,3.0,9.0,0.0,0,0.0,0,0.00061,3.6,5891.980360065467,3.597804,0.15706806282722513,2.0,6.0,0.07365786
0022400529,1610612752,New York,Knicks,NYK,knicks,1631210,Jacob,Toppin,J. Toppin,jacob-toppin,,,,6:01,6.016666666666667,1,2,0.5,0,0,0.0,0,0,0.0,1,2,3,0,0,0,0,0,2,-3.0,0022400529,Jacob Toppin,jacob toppin,,,2025-01-10,0,0.33240997229916897,0.16620498614958448,0.4986149584487535,0.0,0.16620498614958448,8.0,4.0,4.0,8.0,6.0,3.0,5.0,10.0,0.0,0,0.0,0,0.00133,-14.8,-11119.459053343351,-14.780316,0.0,7.0,5.0,0.011970552
0022400529,1610612752,New York,Knicks,NYK,knicks,1630346,Matt,Ryan,M. Ryan,matt-ryan,,,,2:18,2.3,1,2,0.5,0,0,0.0,0,0,0.0,0,1,1,0,0,0,0,0,2,3.0,0022400529,Matt Ryan,matt ryan,,,2025-01-10,0,0.8695652173913044,0.0,0.4347826086956522,0.0,0.0,8.0,7.0,8.0,8.0,6.0,3.0,1.0,12.0,,1,,1,0.00333,57.1,17141.999399579705,56.909856999999995,0.0,7.0,10.0,0.02251195
0022400529,1610612752,New York,Knicks,NYK,knicks,1642278,Tyler,Kolek,T. Kolek,tyler-kolek,,,,2:18,2.3,0,2,0.0,0,1,0.0,2,2,1.0,0,0,0,1,1,0,0,0,2,3.0,0022400529,Tyler Kolek,tyler kolek,,,2025-01-10,1,0.8695652173913044,0.0,0.0,0.4347826086956522,0.4347826086956522,8.0,7.0,13.0,6.0,2.0,3.0,1.0,12.0,1.0,0,0.0,0,0.005,57.1,11417.716456708658,56.8145,0.4347826086956522,4.0,1.0,0.015937062
0022400539,1610612752,New York,Knicks,NYK,knicks,1628384,OG,Anunoby,O. Anunoby,og-anunoby,F,,,30:51,30.85,5,12,0.417,1,5,0.2,0,1,0.0,0,1,1,2,0,1,2,3,11,21.0,0022400539,OG Anunoby,og anunoby,,,2025-01-12,1,0.3565640194489465,0.0,0.03241491085899514,0.06482982171799027,0.03241491085899514,4.0,6.0,8.0,5.0,6.0,2.0,4.0,4.0,2.0,0,1.0,0,0.00194,32.3,16640.9067490984,32.237337999999994,0.03241491085899514,3.0,8.0,0.17675252
0022400539,1610612752,New York,Knicks,NYK,knicks,1628404,Josh,Hart,J. Hart,josh-hart,F,,,35:21,35.35,5,5,1.0,1,1,1.0,0,0,0.0,2,9,11,4,1,0,3,4,11,24.0,0022400539,Josh Hart,josh hart,,,2025-01-12,1,0.31117397454031115,0.056577086280056574,0.31117397454031115,0.11315417256011315,0.08486562942008487,4.0,2.0,2.0,3.0,2.0,4.0,2.0,3.0,4.0,0,0.0,0,0.00099,32.9,33198.78910191726,32.867428999999994,0.028288543140028287,3.0,5.0,0.68829405
0022400539,1610612752,New York,Knicks,NYK,knicks,1626157,Karl-Anthony,Towns,K. Towns,karl-anthony-towns,C,,,35:32,35.53333333333333,10,16,0.625,2,5,0.4,8,9,0.889,5,13,18,4,1,0,2,3,30,28.0,0022400539,Karl-Anthony Towns,karl-anthony towns,,,2025-01-12,1,0.8442776735459663,0.14071294559099437,0.5065666041275798,0.11257035647279551,0.16885553470919326,2.0,1.0,1.0,3.0,2.0,4.0,1.0,2.0,1.0,0,0.0,0,0.00262,37.3,14231.209462037388,37.202273999999996,0.028142589118198877,3.0,3.0,0.8818858
0022400539,1610612752,New York,Knicks,NYK,knicks,1628969,Mikal,Bridges,M. Bridges,mikal-bridges,G,,,37:18,37.3,2,5,0.4,1,4,0.25,1,2,0.5,1,1,2,6,0,2,1,1,6,17.0,0022400539,Mikal Bridges,mikal bridges,,,2025-01-12,2,0.160857908847185,0.02680965147453083,0.05361930294906166,0.160857908847185,0.0804289544235925,7.0,3.0,6.0,1.0,6.0,1.0,6.0,1.0,0.0,0,0.0,0,0.00082,20.0,24360.5359317905,19.9836,0.05361930294906166,1.0,6.0,0.07128348
0022400539,1610612752,New York,Knicks,NYK,knicks,1628973,Jalen,Brunson,J. Brunson,jalen-brunson,G,,,28:47,28.783333333333335,16,26,0.615,5,10,0.5,7,8,0.875,1,4,5,6,1,0,1,0,44,23.0,0022400539,Jalen Brunson,jalen brunson,,,2025-01-12,1,1.5286624203821655,0.034742327735958305,0.17371163867979153,0.20845396641574984,0.06948465547191661,1.0,3.0,3.0,1.0,2.0,4.0,3.0,5.0,2.0,0,0.0,0,0.00426,40.1,9410.936399906126,39.929174,0.034742327735958305,3.0,7.0,0.66466206
0022400539,1610612752,New York,Knicks,NYK,knicks,1630173,Precious,Achiuwa,P. Achiuwa,precious-achiuwa,,,,14:54,14.9,2,2,1.0,0,0,0.0,0,0,0.0,0,3,3,1,2,0,0,3,4,8.0,0022400539,Precious Achiuwa,precious achiuwa,,,2025-01-12,2,0.2684563758389262,0.0,0.20134228187919462,0.06711409395973154,0.1342281879194631,9.0,6.0,5.0,9.0,1.0,4.0,7.0,7.0,0.0,0,0.0,0,0.0005899999999999999,25.8,43654.82233502538,25.784778000000003,0.1342281879194631,1.0,4.0,0.08892785
0022400539,1610612752,New York,Knicks,NYK,knicks,1630540,Miles,McBride,M. McBride,miles-mcbride,,,,19:40,19.666666666666668,2,7,0.286,2,6,0.333,0,0,0.0,0,0,0,2,0,0,0,1,6,7.0,0022400539,Miles McBride,miles mcbride,,,2025-01-12,0,0.30508474576271183,0.0,0.0,0.10169491525423728,0.0,7.0,6.0,12.0,5.0,6.0,4.0,8.0,6.0,0.0,0,0.0,0,0.0015199999999999999,17.1,11242.60355029586,17.074008000000003,0.0,9.0,9.0,0.030337706
0022400539,1610612752,New York,Knicks,NYK,knicks,1626166,Cameron,Payne,C. Payne,cameron-payne,,,,14:22,14.366666666666667,6,10,0.6,4,7,0.571,2,2,1.0,0,2,2,2,0,0,0,2,18,18.0,0022400539,Cameron Payne,cameron payne,,,2025-01-12,0,1.2529002320185614,0.0,0.13921113689095127,0.13921113689095127,0.0,3.0,6.0,6.0,5.0,6.0,4.0,5.0,8.0,0.0,0,0.0,0,0.0028899999999999998,60.0,20754.064337599448,59.826600000000006,0.0,9.0,9.0,0.79655313
0022400539,1610612752,New York,Knicks,NYK,knicks,1629013,Landry,Shamet,L. Shamet,landry-shamet,,,,6:10,6.166666666666667,0,1,0.0,0,1,0.0,0,0,0.0,0,0,0,0,0,0,0,0,0,6.0,0022400539,Landry Shamet,landry shamet,,,2025-01-12,0,0.0,0.0,0.0,0.0,0.0,11.0,6.0,12.0,10.0,6.0,4.0,9.0,9.0,1.0,0,0.0,0,0.00067,46.2,68852.45901639345,46.16904600000001,0.0,9.0,9.0,0.0035528266
0022400539,1610612752,New York,Knicks,NYK,knicks,1631210,Jacob,Toppin,J. Toppin,jacob-toppin,,,,5:22,5.366666666666666,1,2,0.5,0,0,0.0,0,0,0.0,0,1,1,0,1,0,1,1,2,4.0,0022400539,Jacob Toppin,jacob toppin,,,2025-01-12,1,0.3726708074534162,0.0,0.1863354037267081,0.0,0.1863354037267081,10.0,6.0,8.0,10.0,2.0,4.0,12.0,10.0,2.0,0,0.0,0,0.00231,36.4,15750.757247944612,36.315915999999994,0.1863354037267081,3.0,2.0,0.012416323
0022400539,1610612752,New York,Knicks,NYK,knicks,1630574,Ariel,Hukporti,A. Hukporti,ariel-hukporti,,,,5:21,5.35,0,0,0.0,0,0,0.0,0,0,0.0,1,3,4,0,0,1,1,0,0,4.0,0022400539,Ariel Hukporti,ariel hukporti,,,2025-01-12,1,0.0,0.1869158878504673,0.7476635514018692,0.0,0.3738317757009346,11.0,3.0,4.0,10.0,6.0,2.0,12.0,11.0,0.0,0,0.0,0,0.00077,36.4,47211.41374837873,36.371972,0.1869158878504673,3.0,1.0,0.03615037
0022400539,1610612752,New York,Knicks,NYK,knicks,1642278,Tyler,Kolek,T. Kolek,tyler-kolek,,,,3:11,3.183333333333333,0,0,0.0,0,0,0.0,0,0,0.0,0,1,1,2,0,0,0,0,0,5.0,0022400539,Tyler Kolek,tyler kolek,,,2025-01-12,0,0.0,0.0,0.31413612565445026,0.6282722513089005,0.0,11.0,6.0,8.0,5.0,6.0,4.0,10.0,12.0,,1,,1,0.0,71.4,71400000.00000001,71.4,0.0,9.0,9.0,0.0052227313
0022400539,1610612752,New York,Knicks,NYK,knicks,1630346,Matt,Ryan,M. Ryan,matt-ryan,,,,3:11,3.183333333333333,2,2,1.0,2,2,1.0,2,2,1.0,0,1,1,0,0,0,0,0,8,5.0,0022400539,Matt Ryan,matt ryan,,,2025-01-12,0,2.513089005235602,0.0,0.31413612565445026,0.0,0.0,6.0,6.0,8.0,10.0,6.0,4.0,10.0,12.0,,1,,1,0.0042899999999999995,71.4,16639.477977161503,71.093694,0.0,9.0,9.0,0.119810216
0022400549,1610612752,New York,Knicks,NYK,knicks,1628384,OG,Anunoby,O. Anunoby,og-anunoby,F,,,38:46,38.766666666666666,5,9,0.556,0,2,0.0,0,0,0.0,2,1,3,1,1,0,3,4,10,-8.0,0022400549,OG Anunoby,og anunoby,,,2025-01-13,1,0.2579535683576956,0.051590713671539126,0.07738607050730868,0.025795356835769563,0.07738607050730868,5.0,3.0,5.0,6.0,1.0,3.0,7.0,3.0,5.0,0,0.0,0,0.00132,-10.0,-7570.02271006813,-9.9868,0.025795356835769563,2.0,4.0,0.1891702
0022400549,1610612752,New York,Knicks,NYK,knicks,1628404,Josh,Hart,J. Hart,josh-hart,F,,,37:52,37.86666666666667,3,5,0.6,1,2,0.5,5,6,0.833,3,11,14,5,0,0,1,4,12,6.0,0022400549,Josh Hart,josh hart,,,2025-01-13,0,0.31690140845070425,0.07922535211267606,0.36971830985915494,0.13204225352112675,0.07922535211267606,4.0,1.0,1.0,2.0,6.0,3.0,1.0,4.0,0.0,0,0.0,0,0.0010199999999999999,9.0,8814.887365328112,8.99082,0.0,7.0,3.0,0.5420478
0022400549,1610612752,New York,Knicks,NYK,knicks,1626157,Karl-Anthony,Towns,K. Towns,karl-anthony-towns,C,,,43:02,43.03333333333333,7,17,0.412,4,9,0.444,8,10,0.8,0,12,12,3,1,0,6,5,26,-4.0,0022400549,Karl-Anthony Towns,karl-anthony towns,,,2025-01-13,1,0.6041828040278854,0.0,0.278853601859024,0.069713400464756,0.023237800154918668,3.0,6.0,2.0,3.0,1.0,3.0,5.0,1.0,5.0,0,0.0,0,0.0027700000000000003,-5.8,-2093.1071815229157,-5.7839339999999995,0.023237800154918668,2.0,8.0,0.570323
0022400549,1610612752,New York,Knicks,NYK,knicks,1628969,Mikal,Bridges,M. Bridges,mikal-bridges,G,,,37:01,37.016666666666666,9,13,0.692,6,8,0.75,3,3,1.0,1,1,2,1,0,1,1,3,27,-3.0,0022400549,Mikal Bridges,mikal bridges,,,2025-01-13,1,0.7294011706438541,0.0270148581719946,0.0540297163439892,0.0270148581719946,0.0540297163439892,2.0,4.0,6.0,6.0,6.0,1.0,4.0,5.0,1.0,0,0.0,0,0.0017599999999999998,-0.8,-454.28733674048846,-0.7985920000000001,0.0270148581719946,2.0,6.0,0.90375316
0022400549,1610612752,New York,Knicks,NYK,knicks,1628973,Jalen,Brunson,J. Brunson,jalen-brunson,G,,,39:25,39.416666666666664,12,24,0.5,1,7,0.143,6,8,0.75,0,4,4,11,1,0,4,3,31,-12.0,0022400549,Jalen Brunson,jalen brunson,,,2025-01-13,1,0.7864693446088795,0.0,0.10147991543340382,0.27906976744186046,0.025369978858350954,1.0,6.0,3.0,1.0,1.0,3.0,9.0,2.0,3.0,0,0.0,0,0.00333,-14.8,-4443.110177123986,-14.750716,0.025369978858350954,2.0,7.0,0.8969033
0022400549,1610612752,New York,Knicks,NYK,knicks,1630173,Precious,Achiuwa,P. Achiuwa,precious-achiuwa,,,,9:38,9.633333333333333,0,2,0.0,0,0,0.0,0,0,0.0,3,1,4,1,1,0,0,1,0,-8.0,0022400549,Precious Achiuwa,precious achiuwa,,,2025-01-13,1,0.0,0.31141868512110726,0.4152249134948097,0.10380622837370243,0.4152249134948097,8.0,1.0,3.0,6.0,1.0,3.0,7.0,8.0,0.0,0,0.0,0,0.0008,-40.0,-49937.578027465664,-39.967999999999996,0.10380622837370243,2.0,1.0,0.028550116
0022400549,1610612752,New York,Knicks,NYK,knicks,1630540,Miles,McBride,M. McBride,miles-mcbride,,,,16:39,16.65,1,2,0.5,1,2,0.5,0,0,0.0,1,0,1,2,0,0,0,0,3,4.0,0022400549,Miles McBride,miles mcbride,,,2025-01-13,0,0.1801801801801802,0.060060060060060066,0.060060060060060066,0.12012012012012013,0.060060060060060066,7.0,4.0,7.0,4.0,6.0,3.0,3.0,6.0,2.0,0,0.0,0,0.0005,15.0,29940.11976047904,14.992500000000001,0.0,7.0,5.0,0.024867594
0022400549,1610612752,New York,Knicks,NYK,knicks,1629013,Landry,Shamet,L. Shamet,landry-shamet,,,,4:01,4.016666666666667,0,1,0.0,0,1,0.0,0,0,0.0,0,1,1,0,0,0,0,0,0,-5.0,0022400549,Landry Shamet,landry shamet,,,2025-01-13,0,0.0,0.0,0.24896265560165975,0.0,0.0,8.0,6.0,7.0,9.0,6.0,3.0,6.0,9.0,,1,,1,0.00111,-62.5,-56255.625562556255,-62.430625,0.0,7.0,9.0,0.0032288576
0022400549,1610612752,New York,Knicks,NYK,knicks,1626166,Cameron,Payne,C. Payne,cameron-payne,,,,13:36,13.6,3,7,0.429,2,6,0.333,2,2,1.0,0,1,1,2,1,1,2,1,10,5.0,0022400549,Cameron Payne,cameron payne,,,2025-01-13,2,0.7352941176470589,0.0,0.07352941176470588,0.14705882352941177,0.14705882352941177,5.0,6.0,7.0,4.0,1.0,1.0,2.0,7.0,3.0,0,0.0,0,0.00294,17.2,5848.350901054063,17.149431999999997,0.14705882352941177,1.0,2.0,0.28075838
0022400561,1610612752,New York,Knicks,NYK,knicks,1628404,Josh,Hart,J. Hart,josh-hart,F,,,49:25,49.416666666666664,4,9,0.444,0,3,0.0,2,3,0.667,5,12,17,12,4,0,3,3,10,10.0,0022400561,Josh Hart,josh hart,,,2025-01-15,4,0.20236087689713322,0.10118043844856661,0.3440134907251265,0.24283305227655988,0.1821247892074199,5.0,2.0,1.0,1.0,1.0,2.0,1.0,1.0,7.0,0,0.0,0,0.0011899999999999999,8.2,6884.970612930311,8.190242,0.0809443507588533,1.0,3.0,0.9305491
0022400561,1610612752,New York,Knicks,NYK,knicks,1628384,OG,Anunoby,O. Anunoby,og-anunoby,F,,,44:30,44.5,6,16,0.375,3,10,0.3,2,2,1.0,0,4,4,4,1,0,2,1,17,-2.0,0022400561,OG Anunoby,og anunoby,,,2025-01-15,1,0.38202247191011235,0.0,0.0898876404494382,0.0898876404494382,0.02247191011235955,3.0,6.0,5.0,2.0,3.0,2.0,7.0,3.0,3.0,0,0.0,0,0.00194,-2.4,-1236.4760432766614,-2.3953439999999997,0.02247191011235955,4.0,7.0,0.12188229
0022400561,1610612752,New York,Knicks,NYK,knicks,1630579,Jericho,Sims,J. Sims,jericho-sims,C,,,22:46,22.766666666666666,3,5,0.6,0,0,0.0,2,4,0.5,6,1,7,0,0,0,1,4,8,-3.0,0022400561,Jericho Sims,jericho sims,,,2025-01-15,0,0.3513909224011713,0.2635431918008785,0.3074670571010249,0.0,0.2635431918008785,7.0,1.0,2.0,8.0,7.0,2.0,8.0,6.0,0.0,0,0.0,0,0.00154,-7.1,-4607.397793640494,-7.089066,0.0,7.0,1.0,0.20700836
0022400561,1610612752,New York,Knicks,NYK,knicks,1628969,Mikal,Bridges,M. Bridges,mikal-bridges,G,,,43:28,43.46666666666667,9,19,0.474,5,10,0.5,0,0,0.0,0,2,2,2,0,0,1,0,23,3.0,0022400561,Mikal Bridges,mikal bridges,,,2025-01-15,0,0.5291411042944785,0.0,0.046012269938650305,0.046012269938650305,0.0,2.0,6.0,7.0,5.0,7.0,2.0,5.0,4.0,2.0,0,0.0,0,0.00215,2.1,976.2900976290098,2.095485,0.0,7.0,8.0,0.77308804
0022400561,1610612752,New York,Knicks,NYK,knicks,1628973,Jalen,Brunson,J. Brunson,jalen-brunson,G,,,45:28,45.46666666666667,14,22,0.636,3,6,0.5,7,9,0.778,1,4,5,4,2,0,5,1,38,7.0,0022400561,Jalen Brunson,jalen brunson,,,2025-01-15,2,0.8357771260997067,0.0219941348973607,0.10997067448680352,0.0879765395894428,0.06598240469208211,1.0,4.0,4.0,2.0,2.0,2.0,3.0,2.0,0.0,0,0.0,0,0.00307,4.0,1302.5073266037123,3.98772,0.0439882697947214,3.0,6.0,0.79146683
0022400561,1610612752,New York,Knicks,NYK,knicks,1630173,Precious,Achiuwa,P. Achiuwa,precious-achiuwa,,,,30:07,30.116666666666667,4,6,0.667,0,0,0.0,2,4,0.5,2,4,6,1,1,3,1,2,10,9.0,0022400561,Precious Achiuwa,precious achiuwa,,,2025-01-15,4,0.3320420586607637,0.06640841173215274,0.1992252351964582,0.03320420586607637,0.1992252351964582,5.0,3.0,3.0,7.0,3.0,1.0,2.0,5.0,2.0,0,0.0,0,0.0014299999999999998,16.1,11250.873515024461,16.076977,0.13281682346430548,1.0,2.0,0.76459074
0022400561,1610612752,New York,Knicks,NYK,knicks,1630540,Miles,McBride,M. McBride,miles-mcbride,,,,21:48,21.8,4,5,0.8,3,4,0.75,2,2,1.0,1,2,3,3,1,0,0,1,13,5.0,0022400561,Miles McBride,miles mcbride,,,2025-01-15,1,0.5963302752293578,0.04587155963302752,0.13761467889908258,0.13761467889908258,0.09174311926605504,4.0,4.0,6.0,4.0,3.0,2.0,4.0,7.0,1.0,0,0.0,0,0.00122,12.2,9991.809991809992,12.185115999999999,0.04587155963302752,4.0,5.0,0.75535107
0022400561,1610612752,New York,Knicks,NYK,knicks,1626166,Cameron,Payne,C. Payne,cameron-payne,,,,7:28,7.466666666666667,2,4,0.5,2,4,0.5,0,0,0.0,0,1,1,2,1,0,0,2,6,1.0,0022400561,Cameron Payne,cameron payne,,,2025-01-15,1,0.8035714285714286,0.0,0.13392857142857142,0.26785714285714285,0.13392857142857142,8.0,6.0,8.0,5.0,3.0,2.0,6.0,8.0,1.0,0,0.0,0,0.0028599999999999997,26.2,9157.637189793779,26.125068,0.13392857142857142,4.0,4.0,0.085882835
0022400578,1610612752,New York,Knicks,NYK,knicks,1628384,OG,Anunoby,O. Anunoby,og-anunoby,F,,,38:16,38.266666666666666,5,10,0.5,3,6,0.5,5,6,0.833,4,6,10,3,1,1,1,1,18,-18.0,0022400578,OG Anunoby,og anunoby,,,2025-01-17,2,0.47038327526132406,0.10452961672473868,0.2613240418118467,0.07839721254355402,0.15679442508710803,2.0,1.0,1.0,3.0,3.0,2.0,9.0,2.0,3.0,0,0.0,0,0.00167,-25.4,-15200.478755236385,-25.357582,0.05226480836236934,3.0,3.0,0.77430296
0022400578,1610612752,New York,Knicks,NYK,knicks,1628404,Josh,Hart,J. Hart,josh-hart,F,,,38:07,38.11666666666667,3,12,0.25,1,5,0.2,5,6,0.833,2,7,9,0,3,0,3,4,12,-24.0,0022400578,Josh Hart,josh hart,,,2025-01-17,3,0.314822912111937,0.052470485351989504,0.23611718408395277,0.0,0.13117621337997376,5.0,4.0,2.0,7.0,1.0,3.0,11.0,3.0,2.0,0,0.0,0,0.0020499999999999997,-32.0,-15602.14529497806,-31.9344,0.07870572802798426,2.0,4.0,0.070086434
0022400578,1610612752,New York,Knicks,NYK,knicks,1630579,Jericho,Sims,J. Sims,jericho-sims,C,,,18:33,18.55,0,2,0.0,0,0,0.0,0,0,0.0,2,3,5,2,1,0,1,2,0,0.0,0022400578,Jericho Sims,jericho sims,,,2025-01-17,1,0.0,0.10781671159029649,0.2695417789757412,0.10781671159029649,0.16172506738544473,8.0,4.0,4.0,5.0,3.0,3.0,3.0,7.0,1.0,0,0.0,0,0.0008100000000000001,0.0,0.0,0.0,0.053908355795148244,5.0,2.0,0.020539498
0022400578,1610612752,New York,Knicks,NYK,knicks,1628969,Mikal,Bridges,M. Bridges,mikal-bridges,G,,,38:45,38.75,6,17,0.353,3,7,0.429,0,0,0.0,3,1,4,5,0,0,1,1,15,-21.0,0022400578,Mikal Bridges,mikal bridges,,,2025-01-17,0,0.3870967741935484,0.07741935483870968,0.1032258064516129,0.12903225806451613,0.07741935483870968,4.0,3.0,5.0,1.0,8.0,3.0,10.0,1.0,0.0,0,0.0,0,0.00214,-27.4,-12797.758056982717,-27.341364,0.0,8.0,6.0,0.21421747
0022400578,1610612752,New York,Knicks,NYK,knicks,1628973,Jalen,Brunson,J. Brunson,jalen-brunson,G,,,35:36,35.6,9,23,0.391,3,7,0.429,5,5,1.0,0,1,1,5,2,0,1,2,26,-16.0,0022400578,Jalen Brunson,jalen brunson,,,2025-01-17,2,0.7303370786516854,0.0,0.028089887640449437,0.14044943820224717,0.056179775280898875,1.0,6.0,7.0,1.0,2.0,3.0,8.0,4.0,3.0,0,1.0,0,0.00333,-23.9,-7175.022515761032,-23.820413,0.056179775280898875,3.0,7.0,0.8828564
0022400578,1610612752,New York,Knicks,NYK,knicks,1630173,Precious,Achiuwa,P. Achiuwa,precious-achiuwa,,,,35:30,35.5,3,10,0.3,0,0,0.0,0,0,0.0,4,5,9,3,1,3,0,3,6,-3.0,0022400578,Precious Achiuwa,precious achiuwa,,,2025-01-17,4,0.16901408450704225,0.11267605633802817,0.2535211267605634,0.08450704225352113,0.22535211267605634,6.0,1.0,2.0,3.0,3.0,1.0,7.0,5.0,1.0,0,0.0,0,0.0011899999999999999,-7.8,-6549.1183879093205,-7.790718,0.11267605633802817,1.0,1.0,0.3605257
0022400578,1610612752,New York,Knicks,NYK,knicks,1630540,Miles,McBride,M. McBride,miles-mcbride,,,,19:10,19.166666666666668,2,6,0.333,0,4,0.0,0,0,0.0,0,0,0,0,1,0,1,0,4,1.0,0022400578,Miles McBride,miles mcbride,,,2025-01-17,1,0.20869565217391303,0.0,0.0,0.0,0.05217391304347826,7.0,6.0,9.0,7.0,3.0,3.0,2.0,6.0,3.0,0,0.0,0,0.00149,-0.3,-201.2072434607646,-0.299553,0.05217391304347826,5.0,8.0,0.043791953
0022400578,1610612752,New York,Knicks,NYK,knicks,1626166,Cameron,Payne,C. Payne,cameron-payne,,,,12:30,12.5,7,10,0.7,4,5,0.8,0,0,0.0,0,2,2,1,1,0,1,0,18,2.0,0022400578,Cameron Payne,cameron payne,,,2025-01-17,1,1.44,0.0,0.16,0.08,0.08,2.0,6.0,6.0,6.0,3.0,3.0,1.0,8.0,0.0,0,0.0,0,0.0035499999999999998,8.0,2252.8865108420164,7.9716,0.08,5.0,5.0,0.86121535
0022400578,1610612752,New York,Knicks,NYK,knicks,1642278,Tyler,Kolek,T. Kolek,tyler-kolek,,,,1:11,1.1833333333333333,0,0,0.0,0,0,0.0,0,0,0.0,0,1,1,0,0,0,0,0,0,-2.0,0022400578,Tyler Kolek,tyler kolek,,,2025-01-17,0,0.0,0.0,0.8450704225352113,0.0,0.0,8.0,6.0,7.0,7.0,8.0,3.0,4.0,9.0,,1,,1,0.0,-50.0,-50000000.0,-50.0,0.0,8.0,9.0,0.010279128
0022400578,1610612752,New York,Knicks,NYK,knicks,1642359,Pacôme,Dadiet,P. Dadiet,pacôme-dadiet,,,,1:11,1.1833333333333333,0,0,0.0,0,0,0.0,0,0,0.0,0,0,0,0,0,0,0,0,0,-2.0,0022400578,Pacôme Dadiet,pacôme dadiet,,,2025-01-17,0,0.0,0.0,0.0,0.0,0.0,8.0,6.0,9.0,7.0,8.0,3.0,4.0,9.0,,1,,1,0.0,-50.0,-50000000.0,-50.0,0.0,8.0,9.0,0.0030593113
0022400578,1610612752,New York,Knicks,NYK,knicks,1630574,Ariel,Hukporti,A. Hukporti,ariel-hukporti,,,,1:11,1.1833333333333333,0,0,0.0,0,0,0.0,0,0,0.0,0,0,0,0,0,0,0,0,0,-2.0,0022400578,Ariel Hukporti,ariel hukporti,,,2025-01-17,0,0.0,0.0,0.0,0.0,0.0,8.0,6.0,9.0,7.0,8.0,3.0,4.0,9.0,,1,,1,0.0,-50.0,-50000000.0,-50.0,0.0,8.0,9.0,0.0030593113
0022400602,1610612752,New York,Knicks,NYK,knicks,1628384,OG,Anunoby,O. Anunoby,og-anunoby,F,,,40:53,40.88333333333333,2,4,0.5,0,1,0.0,4,4,1.0,2,7,9,2,0,0,1,3,8,6.0,0022400602,OG Anunoby,og anunoby,,,2025-01-20,0,0.19567876070118223,0.04891969017529556,0.22013860578883002,0.04891969017529556,0.04891969017529556,7.0,2.0,1.0,6.0,6.0,2.0,4.0,1.0,1.0,0,0.0,0,0.0007000000000000001,4.5,6419.400855920113,4.49685,0.0,7.0,6.0,0.08321701
0022400602,1610612752,New York,Knicks,NYK,knicks,1628404,Josh,Hart,J. Hart,josh-hart,F,,,37:13,37.21666666666667,7,12,0.583,0,1,0.0,0,0,0.0,4,5,9,5,2,0,2,4,14,-3.0,0022400602,Josh Hart,josh hart,,,2025-01-20,2,0.37617554858934166,0.10747872816838333,0.2418271383788625,0.13434841021047916,0.161218092252575,3.0,1.0,1.0,3.0,1.0,2.0,8.0,3.0,6.0,0,0.0,0,0.00154,-5.5,-3569.1109669046077,-5.49153,0.053739364084191665,1.0,3.0,0.7567731
0022400602,1610612752,New York,Knicks,NYK,knicks,1626157,Karl-Anthony,Towns,K. Towns,karl-anthony-towns,C,,,36:32,36.53333333333333,5,18,0.278,1,6,0.167,2,2,1.0,0,9,9,7,0,1,1,2,13,11.0,0022400602,Karl-Anthony Towns,karl-anthony towns,,,2025-01-20,1,0.3558394160583942,0.0,0.24635036496350365,0.1916058394160584,0.02737226277372263,4.0,7.0,1.0,1.0,6.0,1.0,3.0,4.0,1.0,0,0.0,0,0.00222,8.6,3872.129671319225,8.580907999999999,0.02737226277372263,4.0,8.0,0.28083596
0022400602,1610612752,New York,Knicks,NYK,knicks,1628969,Mikal,Bridges,M. Bridges,mikal-bridges,G,,,27:26,27.433333333333334,12,17,0.706,1,2,0.5,1,1,1.0,1,0,1,4,0,0,5,3,26,1.0,0022400602,Mikal Bridges,mikal bridges,,,2025-01-20,0,0.9477521263669502,0.03645200486026731,0.03645200486026731,0.14580801944106925,0.03645200486026731,2.0,5.0,6.0,4.0,6.0,2.0,6.0,5.0,3.0,0,0.0,0,0.0034899999999999996,3.8,1088.513319965626,3.7867379999999997,0.0,7.0,7.0,0.7929708
0022400602,1610612752,New York,Knicks,NYK,knicks,1628973,Jalen,Brunson,J. Brunson,jalen-brunson,G,,,38:50,38.833333333333336,12,18,0.667,3,5,0.6,7,11,0.636,0,1,1,6,1,0,3,2,34,-4.0,0022400602,Jalen Brunson,jalen brunson,,,2025-01-20,1,0.8755364806866952,0.0,0.02575107296137339,0.15450643776824033,0.02575107296137339,1.0,7.0,6.0,2.0,4.0,2.0,9.0,2.0,0.0,0,0.0,0,0.00269,-3.5,-1300.631735414344,-3.4905850000000003,0.02575107296137339,4.0,9.0,0.83301145
0022400602,1610612752,New York,Knicks,NYK,knicks,1630540,Miles,McBride,M. McBride,miles-mcbride,,,,20:25,20.416666666666668,4,10,0.4,1,5,0.2,0,0,0.0,2,1,3,3,1,0,1,4,9,15.0,0022400602,Miles McBride,miles mcbride,,,2025-01-20,1,0.4408163265306122,0.09795918367346938,0.14693877551020407,0.14693877551020407,0.14693877551020407,6.0,2.0,5.0,5.0,4.0,2.0,1.0,6.0,4.0,0,0.0,0,0.00208,32.7,15713.599231138878,32.631984,0.04897959183673469,4.0,4.0,0.6191957
0022400602,1610612752,New York,Knicks,NYK,knicks,1630173,Precious,Achiuwa,P. Achiuwa,precious-achiuwa,,,,16:49,16.816666666666666,1,2,0.5,0,0,0.0,0,0,0.0,2,3,5,2,2,0,1,1,2,4.0,0022400602,Precious Achiuwa,precious achiuwa,,,2025-01-20,2,0.11892963330029732,0.11892963330029732,0.29732408325074333,0.11892963330029732,0.23785926660059464,9.0,2.0,4.0,6.0,1.0,2.0,5.0,7.0,2.0,0,0.0,0,0.00064,4.9,7644.305772230889,4.896864000000001,0.11892963330029732,1.0,1.0,0.107780635
0022400602,1610612752,New York,Knicks,NYK,knicks,1629013,Landry,Shamet,L. Shamet,landry-shamet,,,,9:53,9.883333333333333,1,1,1.0,0,0,0.0,1,2,0.5,1,0,1,0,0,0,1,0,3,0.0,0022400602,Landry Shamet,landry shamet,,,2025-01-20,0,0.30354131534569984,0.10118043844856661,0.10118043844856661,0.0,0.10118043844856661,8.0,5.0,6.0,9.0,6.0,2.0,7.0,9.0,3.0,0,0.0,0,0.00111,-11.4,-10261.026102610262,-11.387345999999999,0.0,7.0,5.0,0.007842625
0022400602,1610612752,New York,Knicks,NYK,knicks,1626166,Cameron,Payne,C. Payne,cameron-payne,,,,11:59,11.983333333333333,3,8,0.375,3,6,0.5,1,1,1.0,0,1,1,2,2,0,0,2,10,15.0,0022400602,Cameron Payne,cameron payne,,,2025-01-20,2,0.8344923504867873,0.0,0.08344923504867872,0.16689847009735745,0.16689847009735745,5.0,7.0,6.0,6.0,1.0,2.0,1.0,8.0,3.0,0,0.0,0,0.00267,54.8,20516.660426806437,54.653684,0.16689847009735745,1.0,2.0,0.5254785
0022400606,1610612752,New York,Knicks,NYK,knicks,1628404,Josh,Hart,J. Hart,josh-hart,F,,,38:54,38.9,3,5,0.6,1,2,0.5,0,0,0.0,1,11,12,9,2,0,2,2,7,-3.0,0022400606,Josh Hart,josh hart,,,2025-01-21,2,0.17994858611825193,0.02570694087403599,0.30848329048843187,0.23136246786632392,0.07712082262210797,6.0,3.0,2.0,1.0,3.0,3.0,5.0,2.0,4.0,0,0.0,0,0.00078,-3.8,-4865.556978233034,-3.797036,0.05141388174807198,3.0,3.0,0.21136056
0022400606,1610612752,New York,Knicks,NYK,knicks,1628384,OG,Anunoby,O. Anunoby,og-anunoby,F,,,37:15,37.25,8,18,0.444,2,6,0.333,2,2,1.0,3,1,4,3,3,1,0,2,20,-4.0,0022400606,OG Anunoby,og anunoby,,,2025-01-21,4,0.5369127516778524,0.08053691275167785,0.10738255033557047,0.08053691275167785,0.18791946308724833,2.0,2.0,3.0,4.0,1.0,2.0,6.0,4.0,6.0,0,0.0,0,0.0022400000000000002,-4.0,-1784.9174475680497,-3.99104,0.10738255033557047,2.0,2.0,0.7586664
0022400606,1610612752,New York,Knicks,NYK,knicks,1626157,Karl-Anthony,Towns,K. Towns,karl-anthony-towns,C,,,39:23,39.38333333333333,11,18,0.611,0,3,0.0,3,4,0.75,5,11,16,6,3,2,5,4,25,16.0,0022400606,Karl-Anthony Towns,karl-anthony towns,,,2025-01-21,5,0.6347862886161659,0.12695725772323319,0.40626322471434617,0.15234870926787983,0.25391451544646637,1.0,1.0,1.0,2.0,1.0,1.0,1.0,1.0,3.0,0,0.0,0,0.0027300000000000002,19.3,7067.008421823507,19.247311,0.12695725772323319,1.0,1.0,0.8985096
0022400606,1610612752,New York,Knicks,NYK,knicks,1628969,Mikal,Bridges,M. Bridges,mikal-bridges,G,,,34:23,34.38333333333333,3,13,0.231,2,6,0.333,2,2,1.0,0,1,1,2,2,0,0,1,10,8.0,0022400606,Mikal Bridges,mikal bridges,,,2025-01-21,2,0.290838584585555,0.0,0.029083858458555503,0.058167716917111006,0.058167716917111006,5.0,4.0,6.0,6.0,3.0,3.0,4.0,5.0,0.0,0,0.0,0,0.0017499999999999998,12.6,7195.88806396345,12.57795,0.058167716917111006,3.0,4.0,0.094310194
0022400606,1610612752,New York,Knicks,NYK,knicks,1628973,Jalen,Brunson,J. Brunson,jalen-brunson,G,,,38:33,38.55,7,18,0.389,1,4,0.25,2,4,0.5,0,3,3,4,0,0,1,4,17,-5.0,0022400606,Jalen Brunson,jalen brunson,,,2025-01-21,0,0.44098573281452663,0.0,0.07782101167315175,0.10376134889753567,0.0,3.0,4.0,5.0,3.0,6.0,3.0,7.0,3.0,2.0,0,0.0,0,0.0023899999999999998,-5.1,-2132.998745294856,-5.087810999999999,0.0,6.0,6.0,0.30792955
0022400606,1610612752,New York,Knicks,NYK,knicks,1630540,Miles,McBride,M. McBride,miles-mcbride,,,,18:30,18.5,3,6,0.5,1,3,0.333,0,0,0.0,0,1,1,1,0,0,0,1,7,-6.0,0022400606,Miles McBride,miles mcbride,,,2025-01-21,0,0.3783783783783784,0.0,0.05405405405405406,0.05405405405405406,0.0,6.0,4.0,6.0,7.0,6.0,3.0,9.0,6.0,0.0,0,0.0,0,0.0016200000000000001,-12.1,-7464.528069093152,-12.080398,0.0,6.0,6.0,0.0497485
0022400606,1610612752,New York,Knicks,NYK,knicks,1630173,Precious,Achiuwa,P. Achiuwa,precious-achiuwa,,,,17:43,17.716666666666665,5,7,0.714,1,2,0.5,0,0,0.0,0,4,4,1,1,0,1,2,11,-5.0,0022400606,Precious Achiuwa,precious achiuwa,,,2025-01-21,1,0.620884289746002,0.0,0.2257761053621825,0.05644402634054563,0.05644402634054563,4.0,4.0,3.0,7.0,5.0,3.0,7.0,7.0,2.0,0,0.0,0,0.00216,-6.4,-2961.591855622397,-6.386176,0.05644402634054563,5.0,5.0,0.5884798
0022400606,1610612752,New York,Knicks,NYK,knicks,1626166,Cameron,Payne,C. Payne,cameron-payne,,,,9:11,9.183333333333334,0,2,0.0,0,2,0.0,2,2,1.0,0,1,1,3,0,0,1,3,2,9.0,0022400606,Cameron Payne,cameron payne,,,2025-01-21,0,0.2177858439201452,0.0,0.1088929219600726,0.32667876588021777,0.0,8.0,4.0,6.0,4.0,6.0,3.0,3.0,8.0,1.0,0,0.0,0,0.00211,50.0,23685.457129322596,49.8945,0.0,6.0,6.0,0.011863574
0022400606,1610612752,New York,Knicks,NYK,knicks,1629013,Landry,Shamet,L. Shamet,landry-shamet,,,,6:08,6.133333333333334,0,0,0.0,0,0,0.0,0,0,0.0,0,0,0,0,0,0,0,1,0,10.0,0022400606,Landry Shamet,landry shamet,,,2025-01-21,0,0.0,0.0,0.0,0.0,0.0,9.0,4.0,9.0,9.0,6.0,3.0,2.0,9.0,1.0,0,0.0,0,0.0,76.5,76500000.0,76.5,0.0,6.0,6.0,0.0077436347
0022400641,1610612752,New York,Knicks,NYK,knicks,1628384,OG,Anunoby,O. Anunoby,og-anunoby,F,,,35:02,35.03333333333333,12,18,0.667,4,7,0.571,5,6,0.833,2,1,3,4,2,1,0,2,33,7.0,0022400641,OG Anunoby,og anunoby,,,2025-01-25,3,0.9419600380589915,0.05708848715509039,0.0856327307326356,0.11417697431018078,0.142721217887726,1.0,3.0,5.0,4.0,1.0,2.0,8.0,3.0,2.0,0,0.0,0,0.00202,7.3,3612.0732310737253,7.285253999999999,0.0856327307326356,1.0,7.0,0.9195252
0022400641,1610612752,New York,Knicks,NYK,knicks,1628404,Josh,Hart,J. Hart,josh-hart,F,,,39:43,39.71666666666667,8,14,0.571,1,2,0.5,3,3,1.0,7,11,18,11,1,2,3,3,20,17.0,0022400641,Josh Hart,josh hart,,,2025-01-25,3,0.5035669324381032,0.17624842635333612,0.4532102391942929,0.2769618128409568,0.2517834662190516,4.0,1.0,1.0,1.0,3.0,1.0,3.0,1.0,2.0,0,0.0,0,0.0017499999999999998,18.4,10508.280982295832,18.3678,0.07553503986571548,1.0,4.0,0.9568337
0022400641,1610612752,New York,Knicks,NYK,knicks,1626157,Karl-Anthony,Towns,K. Towns,karl-anthony-towns,C,,,27:48,27.8,7,18,0.389,0,1,0.0,4,4,1.0,5,10,15,2,1,0,1,1,18,-3.0,0022400641,Karl-Anthony Towns,karl-anthony towns,,,2025-01-25,1,0.6474820143884892,0.17985611510791366,0.539568345323741,0.07194244604316546,0.2158273381294964,5.0,2.0,2.0,6.0,3.0,4.0,13.0,5.0,2.0,0,0.0,0,0.0028000000000000004,-7.1,-2534.8089967868614,-7.080119999999999,0.03597122302158273,4.0,6.0,0.6061906
0022400641,1610612752,New York,Knicks,NYK,knicks,1628969,Mikal,Bridges,M. Bridges,mikal-bridges,G,,,34:31,34.516666666666666,10,15,0.667,5,7,0.714,2,2,1.0,1,4,5,7,0,0,4,1,27,8.0,0022400641,Mikal Bridges,mikal bridges,,,2025-01-25,0,0.7822308063737325,0.02897151134717528,0.14485755673587639,0.20280057943022695,0.02897151134717528,2.0,4.0,3.0,3.0,8.0,4.0,7.0,4.0,0.0,0,0.0,0,0.00227,10.7,4711.580801409071,10.675711,0.0,8.0,8.0,0.8490671
0022400641,1610612752,New York,Knicks,NYK,knicks,1628973,Jalen,Brunson,J. Brunson,jalen-brunson,G,,,35:33,35.55,9,17,0.529,4,6,0.667,3,3,1.0,0,1,1,11,1,0,2,0,25,10.0,0022400641,Jalen Brunson,jalen brunson,,,2025-01-25,1,0.7032348804500704,0.0,0.028129395218002815,0.30942334739803096,0.028129395218002815,3.0,7.0,7.0,1.0,3.0,4.0,6.0,2.0,2.0,0,0.0,0,0.00215,13.0,6043.70060437006,12.97205,0.028129395218002815,4.0,9.0,0.86024135
0022400641,1610612752,New York,Knicks,NYK,knicks,1630540,Miles,McBride,M. McBride,miles-mcbride,,,,16:35,16.583333333333332,1,8,0.125,0,4,0.0,2,2,1.0,0,1,1,1,0,0,1,1,4,16.0,0022400641,Miles McBride,miles mcbride,,,2025-01-25,0,0.2412060301507538,0.0,0.06030150753768845,0.06030150753768845,0.0,7.0,7.0,7.0,7.0,8.0,4.0,4.0,7.0,0.0,0,0.0,0,0.00213,43.2,20272.17268887846,43.107984,0.0,8.0,10.0,0.029667612
0022400641,1610612752,New York,Knicks,NYK,knicks,1629013,Landry,Shamet,L. Shamet,landry-shamet,,,,12:45,12.75,3,6,0.5,3,5,0.6,0,0,0.0,0,3,3,1,0,0,0,1,9,20.0,0022400641,Landry Shamet,landry shamet,,,2025-01-25,0,0.7058823529411765,0.0,0.23529411764705882,0.0784313725490196,0.0,6.0,7.0,5.0,7.0,8.0,4.0,2.0,8.0,0.0,0,0.0,0,0.0017100000000000001,76.6,44769.14085330216,76.469014,0.0,8.0,10.0,0.42885703
0022400641,1610612752,New York,Knicks,NYK,knicks,1630173,Precious,Achiuwa,P. Achiuwa,precious-achiuwa,,,,17:56,17.933333333333334,2,3,0.667,0,0,0.0,0,0,0.0,1,4,5,0,2,1,0,0,4,27.0,0022400641,Precious Achiuwa,precious achiuwa,,,2025-01-25,3,0.22304832713754646,0.055762081784386616,0.2788104089219331,0.0,0.22304832713754646,7.0,4.0,3.0,9.0,1.0,2.0,1.0,6.0,2.0,0,0.0,0,0.00064,72.9,113728.54914196568,72.853344,0.16728624535315986,1.0,5.0,0.4383471
0022400641,1610612752,New York,Knicks,NYK,knicks,1626166,Cameron,Payne,C. Payne,cameron-payne,,,,10:22,10.366666666666667,0,5,0.0,0,4,0.0,3,3,1.0,0,0,0,3,0,0,0,4,3,14.0,0022400641,Cameron Payne,cameron payne,,,2025-01-25,0,0.28938906752411575,0.0,0.0,0.28938906752411575,0.0,9.0,7.0,11.0,5.0,8.0,4.0,5.0,9.0,1.0,0,0.0,0,0.00214,60.9,28444.652031760856,60.769673999999995,0.0,8.0,10.0,0.008924968
0022400641,1610612752,New York,Knicks,NYK,knicks,1631210,Jacob,Toppin,J. Toppin,jacob-toppin,,,,3:13,3.216666666666667,0,0,0.0,0,0,0.0,0,0,0.0,0,0,0,0,1,0,0,0,0,2.0,0022400641,Jacob Toppin,jacob toppin,,,2025-01-25,1,0.0,0.0,0.0,0.0,0.31088082901554404,10.0,7.0,11.0,9.0,3.0,4.0,9.0,10.0,2.0,0,0.0,0,0.0,33.3,33300000.0,33.3,0.31088082901554404,4.0,3.0,0.005905457
0022400641,1610612752,New York,Knicks,NYK,knicks,1630579,Jericho,Sims,J. Sims,jericho-sims,,,,2:16,2.2666666666666666,0,0,0.0,0,0,0.0,0,0,0.0,1,0,1,0,0,0,0,0,0,-1.0,0022400641,Jericho Sims,jericho sims,,,2025-01-25,0,0.0,0.4411764705882353,0.4411764705882353,0.0,0.4411764705882353,10.0,4.0,7.0,9.0,8.0,4.0,10.0,11.0,,1,,1,0.0,-25.0,-25000000.0,-25.0,0.0,8.0,2.0,0.006930793
0022400641,1610612752,New York,Knicks,NYK,knicks,1642278,Tyler,Kolek,T. Kolek,tyler-kolek,,,,2:16,2.2666666666666666,0,1,0.0,0,0,0.0,0,0,0.0,0,0,0,0,0,0,0,0,0,-1.0,0022400641,Tyler Kolek,tyler kolek,,,2025-01-25,0,0.0,0.0,0.0,0.0,0.0,10.0,7.0,11.0,9.0,8.0,4.0,10.0,11.0,,1,,1,0.002,-25.0,-12493.75312343828,-24.95,0.0,8.0,10.0,0.0028725401
0022400641,1610612752,New York,Knicks,NYK,knicks,1630346,Matt,Ryan,M. Ryan,matt-ryan,,,,2:00,2.0,0,0,0.0,0,0,0.0,0,0,0.0,0,1,1,0,1,0,0,0,0,-1.0,0022400641,Matt Ryan,matt ryan,,,2025-01-25,1,0.0,0.0,0.5,0.0,0.5,10.0,7.0,7.0,9.0,3.0,4.0,10.0,13.0,1.0,0,0.0,0,0.0,-25.0,-25000000.0,-25.0,0.5,4.0,1.0,0.008836243
0022400653,1610612752,New York,Knicks,NYK,knicks,1628384,OG,Anunoby,O. Anunoby,og-anunoby,F,,,33:32,33.53333333333333,5,12,0.417,2,5,0.4,3,4,0.75,1,4,5,4,6,1,0,0,15,41.0,0022400653,OG Anunoby,og anunoby,,,2025-01-27,7,0.4473161033797217,0.029821073558648114,0.14910536779324057,0.11928429423459246,0.2385685884691849,4.0,5.0,3.0,4.0,1.0,3.0,2.0,2.0,5.0,0,0.0,0,0.00159,55.4,34820.867379006915,55.311914,0.20874751491053678,1.0,5.0,0.83393514
0022400653,1610612752,New York,Knicks,NYK,knicks,1628404,Josh,Hart,J. Hart,josh-hart,F,,,26:30,26.5,2,6,0.333,0,3,0.0,0,0,0.0,2,8,10,5,1,0,0,2,4,18.0,0022400653,Josh Hart,josh hart,,,2025-01-27,1,0.1509433962264151,0.07547169811320754,0.37735849056603776,0.18867924528301888,0.11320754716981132,9.0,2.0,2.0,3.0,6.0,6.0,4.0,4.0,1.0,0,1.0,0,0.0008799999999999999,33.4,37911.464245175936,33.370608,0.03773584905660377,7.0,9.0,0.05115211
0022400653,1610612752,New York,Knicks,NYK,knicks,1626157,Karl-Anthony,Towns,K. Towns,karl-anthony-towns,C,,,32:50,32.833333333333336,9,17,0.529,2,4,0.5,4,4,1.0,6,5,11,1,2,0,2,1,24,23.0,0022400653,Karl-Anthony Towns,karl-anthony towns,,,2025-01-27,2,0.7309644670050761,0.18274111675126903,0.33502538071065985,0.03045685279187817,0.24365482233502536,2.0,1.0,1.0,7.0,4.0,6.0,3.0,3.0,1.0,0,0.0,0,0.0022500000000000003,28.7,12749.888938249664,28.635425,0.06091370558375634,5.0,4.0,0.8472894
0022400653,1610612752,New York,Knicks,NYK,knicks,1628969,Mikal,Bridges,M. Bridges,mikal-bridges,G,,,33:37,33.61666666666667,12,19,0.632,2,6,0.333,2,2,1.0,1,4,5,6,1,2,2,2,28,43.0,0022400653,Mikal Bridges,mikal bridges,,,2025-01-27,3,0.8329201784828953,0.029747149231531978,0.1487357461576599,0.17848289538919188,0.11898859692612791,1.0,5.0,3.0,1.0,6.0,1.0,1.0,1.0,2.0,0,0.0,0,0.0025,57.3,22910.835665733703,57.15675,0.08924144769459594,4.0,7.0,0.73982733
0022400653,1610612752,New York,Knicks,NYK,knicks,1628973,Jalen,Brunson,J. Brunson,jalen-brunson,G,,,25:27,25.45,8,14,0.571,4,6,0.667,0,2,0.0,1,0,1,6,2,0,1,4,20,14.0,0022400653,Jalen Brunson,jalen brunson,,,2025-01-27,2,0.7858546168958743,0.03929273084479371,0.03929273084479371,0.2357563850687623,0.11787819253438114,3.0,5.0,9.0,1.0,4.0,6.0,6.0,5.0,1.0,0,0.0,0,0.00246,23.9,9711.49939049167,23.841206,0.07858546168958742,5.0,8.0,0.78830427
0022400653,1610612752,New York,Knicks,NYK,knicks,1630173,Precious,Achiuwa,P. Achiuwa,precious-achiuwa,,,,20:27,20.45,6,9,0.667,1,1,1.0,1,2,0.5,2,1,3,1,4,2,1,2,14,9.0,0022400653,Precious Achiuwa,precious achiuwa,,,2025-01-27,6,0.684596577017115,0.097799511002445,0.1466992665036675,0.0488997555012225,0.39119804400978,5.0,2.0,6.0,7.0,2.0,1.0,7.0,7.0,3.0,0,0.0,0,0.0017699999999999999,20.2,11405.985319028798,20.164246,0.293398533007335,2.0,1.0,0.71624607
0022400653,1610612752,New York,Knicks,NYK,knicks,1630540,Miles,McBride,M. McBride,miles-mcbride,,,,23:36,23.6,6,13,0.462,2,7,0.286,0,0,0.0,2,2,4,4,3,1,0,3,14,8.0,0022400653,Miles McBride,miles mcbride,,,2025-01-27,4,0.5932203389830508,0.0847457627118644,0.1694915254237288,0.1694915254237288,0.2542372881355932,5.0,2.0,5.0,4.0,3.0,3.0,8.0,6.0,2.0,0,0.0,0,0.00183,14.5,7919.169852539596,14.473465000000001,0.1694915254237288,3.0,3.0,0.65959936
0022400653,1610612752,New York,Knicks,NYK,knicks,1629013,Landry,Shamet,L. Shamet,landry-shamet,,,,11:41,11.683333333333334,2,4,0.5,2,4,0.5,0,0,0.0,0,0,0,0,0,1,2,0,6,-8.0,0022400653,Landry Shamet,landry shamet,,,2025-01-27,1,0.5135520684736091,0.0,0.0,0.0,0.08559201141226819,8.0,10.0,12.0,11.0,9.0,3.0,14.0,9.0,0.0,0,0.0,0,0.0016200000000000001,-28.6,-17643.429981492907,-28.553668000000002,0.08559201141226819,7.0,10.0,0.07266202
0022400653,1610612752,New York,Knicks,NYK,knicks,1626166,Cameron,Payne,C. Payne,cameron-payne,,,,16:26,16.433333333333334,4,10,0.4,1,6,0.167,2,2,1.0,1,2,3,1,1,0,2,1,11,17.0,0022400653,Cameron Payne,cameron payne,,,2025-01-27,1,0.6693711967545639,0.060851926977687626,0.18255578093306288,0.060851926977687626,0.12170385395537525,7.0,5.0,6.0,7.0,6.0,6.0,5.0,8.0,1.0,0,0.0,0,0.00245,37.5,15299.877600979193,37.408125,0.060851926977687626,7.0,6.0,0.5747352
0022400653,1610612752,New York,Knicks,NYK,knicks,1631210,Jacob,Toppin,J. Toppin,jacob-toppin,,,,3:55,3.9166666666666665,0,0,0.0,0,0,0.0,0,0,0.0,0,1,1,0,0,0,0,1,0,3.0,0022400653,Jacob Toppin,jacob toppin,,,2025-01-27,0,0.0,0.0,0.25531914893617025,0.0,0.0,13.0,10.0,9.0,11.0,9.0,6.0,11.0,10.0,0.0,0,0.0,0,0.0,37.5,37500000.0,37.5,0.0,10.0,11.0,0.0048077377
0022400653,1610612752,New York,Knicks,NYK,knicks,1630579,Jericho,Sims,J. Sims,jericho-sims,,,,3:55,3.9166666666666665,1,1,1.0,0,0,0.0,0,0,0.0,1,1,2,0,0,0,0,0,2,3.0,0022400653,Jericho Sims,jericho sims,,,2025-01-27,0,0.5106382978723405,0.25531914893617025,0.5106382978723405,0.0,0.25531914893617025,11.0,5.0,8.0,11.0,9.0,6.0,11.0,10.0,0.0,0,0.0,0,0.00111,37.5,33753.375337533755,37.458375,0.0,10.0,2.0,0.013538942
0022400653,1610612752,New York,Knicks,NYK,knicks,1642278,Tyler,Kolek,T. Kolek,tyler-kolek,,,,3:55,3.9166666666666665,1,2,0.5,1,2,0.5,0,0,0.0,0,0,0,3,0,0,0,0,3,3.0,0022400653,Tyler Kolek,tyler kolek,,,2025-01-27,0,0.7659574468085106,0.0,0.0,0.7659574468085106,0.0,10.0,10.0,12.0,6.0,9.0,6.0,11.0,10.0,,1,,1,0.00222,37.5,16884.28635749662,37.41675,0.0,10.0,11.0,0.0069004716
0022400653,1610612752,New York,Knicks,NYK,knicks,1630346,Matt,Ryan,M. Ryan,matt-ryan,,,,2:17,2.283333333333333,0,1,0.0,0,0,0.0,0,0,0.0,0,1,1,1,0,0,0,0,0,6.0,0022400653,Matt Ryan,matt ryan,,,2025-01-27,0,0.0,0.0,0.43795620437956206,0.43795620437956206,0.0,13.0,10.0,9.0,7.0,9.0,6.0,9.0,13.0,,1,,1,0.00167,120.0,71813.2854578097,119.79960000000001,0.0,10.0,11.0,0.0049289474
0022400653,1610612752,New York,Knicks,NYK,knicks,1630574,Ariel,Hukporti,A. Hukporti,ariel-hukporti,,,,1:52,1.8666666666666667,0,0,0.0,0,0,0.0,2,2,1.0,0,0,0,0,0,0,0,0,2,5.0,0022400653,Ariel Hukporti,ariel hukporti,,,2025-01-27,0,1.0714285714285714,0.0,0.0,0.0,0.0,11.0,10.0,12.0,11.0,9.0,6.0,10.0,14.0,0.0,0,0.0,0,0.002,108.3,54122.938530734624,108.0834,0.0,10.0,11.0,0.011246433
0022400668,1610612752,New York,Knicks,NYK,knicks,1628384,OG,Anunoby,O. Anunoby,og-anunoby,F,,,39:21,39.35,9,15,0.6,5,7,0.714,0,2,0.0,1,3,4,1,0,0,1,4,23,15.0,0022400668,OG Anunoby,og anunoby,,,2025-01-29,0,0.5844980940279543,0.025412960609911054,0.10165184243964422,0.025412960609911054,0.025412960609911054,2.0,2.0,3.0,6.0,5.0,3.0,2.0,1.0,4.0,0,0.0,0,0.00193,18.3,9476.95494562403,18.264681,0.0,6.0,7.0,0.8756042
0022400668,1610612752,New York,Knicks,NYK,knicks,1628404,Josh,Hart,J. Hart,josh-hart,F,,,34:00,34.0,7,12,0.583,0,2,0.0,1,2,0.5,0,5,5,5,3,0,0,1,15,11.0,0022400668,Josh Hart,josh hart,,,2025-01-29,3,0.4411764705882353,0.0,0.14705882352941177,0.14705882352941177,0.08823529411764706,3.0,5.0,2.0,2.0,1.0,3.0,3.0,4.0,8.0,0,0.0,0,0.00167,13.9,8318.37223219629,13.876787,0.08823529411764706,1.0,3.0,0.7756011
0022400668,1610612752,New York,Knicks,NYK,knicks,1626157,Karl-Anthony,Towns,K. Towns,karl-anthony-towns,C,,,29:51,29.85,6,12,0.5,0,4,0.0,2,3,0.667,3,7,10,5,0,1,0,4,14,-1.0,0022400668,Karl-Anthony Towns,karl-anthony towns,,,2025-01-29,1,0.4690117252931323,0.10050251256281406,0.3350083752093802,0.1675041876046901,0.13400335008375208,4.0,1.0,1.0,2.0,5.0,1.0,7.0,5.0,4.0,0,0.0,0,0.002,-6.0,-2998.500749625187,-5.9879999999999995,0.03350083752093802,3.0,2.0,0.4007128
0022400668,1610612752,New York,Knicks,NYK,knicks,1628969,Mikal,Bridges,M. Bridges,mikal-bridges,G,,,37:05,37.083333333333336,5,16,0.313,3,7,0.429,0,0,0.0,0,3,3,2,1,0,1,3,13,7.0,0022400668,Mikal Bridges,mikal bridges,,,2025-01-29,1,0.350561797752809,0.0,0.08089887640449438,0.053932584269662916,0.026966292134831458,5.0,5.0,5.0,5.0,3.0,3.0,5.0,2.0,5.0,0,0.0,0,0.002,10.2,5097.4512743628175,10.179599999999999,0.026966292134831458,3.0,6.0,0.17506628
0022400668,1610612752,New York,Knicks,NYK,knicks,1628973,Jalen,Brunson,J. Brunson,jalen-brunson,G,,,36:17,36.28333333333333,10,16,0.625,3,6,0.5,7,7,1.0,0,4,4,15,2,1,2,1,30,16.0,0022400668,Jalen Brunson,jalen brunson,,,2025-01-29,3,0.8268259072117593,0.0,0.11024345429490125,0.41341295360587965,0.08268259072117594,1.0,5.0,3.0,1.0,2.0,1.0,1.0,3.0,2.0,0,0.0,0,0.00241,21.1,8751.555371215265,21.049149,0.08268259072117594,1.0,4.0,0.9209575
0022400668,1610612752,New York,Knicks,NYK,knicks,1630173,Precious,Achiuwa,P. Achiuwa,precious-achiuwa,,,,25:39,25.65,4,8,0.5,0,0,0.0,0,0,0.0,1,2,3,0,1,0,1,2,8,4.0,0022400668,Precious Achiuwa,precious achiuwa,,,2025-01-29,1,0.3118908382066277,0.038986354775828465,0.11695906432748539,0.0,0.07797270955165693,7.0,2.0,5.0,8.0,3.0,3.0,6.0,6.0,2.0,0,0.0,0,0.00145,7.1,4893.1771192281185,7.089705,0.038986354775828465,3.0,5.0,0.3935332
0022400668,1610612752,New York,Knicks,NYK,knicks,1630540,Miles,McBride,M. McBride,miles-mcbride,,,,21:31,21.516666666666666,5,9,0.556,2,5,0.4,0,0,0.0,0,2,2,4,0,0,0,0,12,9.0,0022400668,Miles McBride,miles mcbride,,,2025-01-29,0,0.557707203718048,0.0,0.09295120061967467,0.18590240123934934,0.0,6.0,5.0,8.0,4.0,5.0,3.0,4.0,7.0,2.0,0,0.0,0,0.00191,24.2,12663.526949241235,24.153778,0.0,6.0,8.0,0.6648242
0022400668,1610612752,New York,Knicks,NYK,knicks,1626166,Cameron,Payne,C. Payne,cameron-payne,,,,11:43,11.716666666666667,2,5,0.4,1,3,0.333,2,2,1.0,0,3,3,0,0,0,0,0,7,-6.0,0022400668,Cameron Payne,cameron payne,,,2025-01-29,0,0.5974395448079659,0.0,0.25604551920341395,0.0,0.0,8.0,5.0,5.0,8.0,5.0,3.0,9.0,8.0,0.0,0,1.0,0,0.00231,-25.0,-10817.827780181738,-24.942249999999998,0.0,6.0,8.0,0.12421146
0022400668,1610612752,New York,Knicks,NYK,knicks,1629013,Landry,Shamet,L. Shamet,landry-shamet,,,,4:33,4.55,0,0,0.0,0,0,0.0,0,2,0.0,1,0,1,1,0,0,0,1,0,-5.0,0022400668,Landry Shamet,landry shamet,,,2025-01-29,0,0.0,0.21978021978021978,0.21978021978021978,0.21978021978021978,0.21978021978021978,9.0,2.0,9.0,6.0,5.0,3.0,8.0,9.0,0.0,0,0.0,0,0.001,-73.6,-73526.47352647352,-73.5264,0.0,6.0,1.0,0.004613845
0022400692,1610612752,New York,Knicks,NYK,knicks,1628384,OG,Anunoby,O. Anunoby,og-anunoby,F,,,16:51,16.85,5,7,0.714,3,4,0.75,0,0,0.0,1,0,1,1,0,2,1,0,13,1.0,0022400692,OG Anunoby,og anunoby,,,2025-02-01,2,0.7715133531157269,0.05934718100890207,0.05934718100890207,0.05934718100890207,0.17804154302670622,5.0,4.0,7.0,7.0,7.0,1.0,1.0,7.0,3.0,0,0.0,0,0.0019500000000000001,-0.6,-307.53459764223476,-0.59883,0.11869436201780414,1.0,2.0,0.8825685
0022400692,1610612752,New York,Knicks,NYK,knicks,1628404,Josh,Hart,J. Hart,josh-hart,F,,,38:12,38.2,11,16,0.688,1,5,0.2,3,4,0.75,4,9,13,11,2,0,2,1,26,-20.0,0022400692,Josh Hart,josh hart,,,2025-02-01,2,0.6806282722513088,0.10471204188481674,0.3403141361256544,0.28795811518324604,0.15706806282722513,1.0,2.0,2.0,1.0,1.0,3.0,14.0,2.0,2.0,0,0.0,0,0.00207,-20.4,-9850.313858039593,-20.357771999999997,0.05235602094240837,1.0,3.0,0.93492216
0022400692,1610612752,New York,Knicks,NYK,knicks,1626157,Karl-Anthony,Towns,K. Towns,karl-anthony-towns,C,,,35:08,35.13333333333333,3,12,0.25,1,2,0.5,4,4,1.0,2,4,6,3,0,0,3,5,11,-15.0,0022400692,Karl-Anthony Towns,karl-anthony towns,,,2025-02-01,0,0.31309297912713474,0.05692599620493359,0.17077798861480076,0.08538899430740038,0.05692599620493359,7.0,3.0,3.0,3.0,7.0,3.0,12.0,3.0,1.0,0,0.0,0,0.0020499999999999997,-21.7,-10580.204778156996,-21.655514999999998,0.0,8.0,7.0,0.05181336
0022400692,1610612752,New York,Knicks,NYK,knicks,1628969,Mikal,Bridges,M. Bridges,mikal-bridges,G,,,33:06,33.1,7,14,0.5,2,4,0.5,0,0,0.0,1,1,2,3,1,1,0,2,16,-9.0,0022400692,Mikal Bridges,mikal bridges,,,2025-02-01,2,0.4833836858006042,0.030211480362537763,0.060422960725075525,0.09063444108761329,0.09063444108761329,3.0,4.0,5.0,3.0,2.0,2.0,10.0,4.0,2.0,0,0.0,0,0.0017499999999999998,-13.2,-7538.549400342662,-13.176899999999998,0.060422960725075525,1.0,5.0,0.74159557
0022400692,1610612752,New York,Knicks,NYK,knicks,1628973,Jalen,Brunson,J. Brunson,jalen-brunson,G,,,40:22,40.36666666666667,7,18,0.389,0,2,0.0,3,7,0.429,0,2,2,7,1,0,6,3,17,-17.0,0022400692,Jalen Brunson,jalen brunson,,,2025-02-01,1,0.42113955408753095,0.0,0.0495458298926507,0.17341040462427745,0.02477291494632535,2.0,7.0,5.0,2.0,2.0,3.0,13.0,1.0,1.0,0,1.0,0,0.0027,-17.1,-6330.988522769345,-17.05383,0.02477291494632535,4.0,8.0,0.5369712
0022400692,1610612752,New York,Knicks,NYK,knicks,1630173,Precious,Achiuwa,P. Achiuwa,precious-achiuwa,,,,29:29,29.483333333333334,6,12,0.5,0,1,0.0,3,3,1.0,7,8,15,3,1,0,1,3,15,-5.0,0022400692,Precious Achiuwa,precious achiuwa,,,2025-02-01,1,0.5087620124364047,0.23742227247032222,0.5087620124364047,0.10175240248728094,0.2713397399660825,4.0,1.0,1.0,3.0,2.0,3.0,8.0,5.0,0.0,0,0.0,0,0.00187,-4.2,-2244.7888829502945,-4.192146,0.033917467495760314,4.0,1.0,0.64687955
0022400692,1610612752,New York,Knicks,NYK,knicks,1629013,Landry,Shamet,L. Shamet,landry-shamet,,,,8:33,8.55,0,2,0.0,0,1,0.0,0,0,0.0,0,0,0,0,1,0,0,1,0,-10.0,0022400692,Landry Shamet,landry shamet,,,2025-02-01,1,0.0,0.0,0.0,0.0,0.11695906432748537,9.0,7.0,10.0,10.0,2.0,3.0,11.0,8.0,4.0,0,0.0,0,0.00074,-39.3,-53036.43724696356,-39.270918,0.11695906432748537,4.0,4.0,0.006036886
0022400692,1610612752,New York,Knicks,NYK,knicks,1630540,Miles,McBride,M. McBride,miles-mcbride,,,,22:56,22.933333333333334,4,9,0.444,3,7,0.429,1,1,1.0,1,2,3,1,1,0,0,1,12,-6.0,0022400692,Miles McBride,miles mcbride,,,2025-02-01,1,0.5232558139534884,0.0436046511627907,0.1308139534883721,0.0436046511627907,0.0872093023255814,6.0,4.0,4.0,7.0,2.0,3.0,9.0,6.0,1.0,0,0.0,0,0.00161,-12.5,-7759.155803848541,-12.479875,0.0436046511627907,4.0,6.0,0.640109
0022400692,1610612752,New York,Knicks,NYK,knicks,1626166,Cameron,Payne,C. Payne,cameron-payne,,,,5:48,5.8,0,2,0.0,0,2,0.0,0,0,0.0,0,1,1,3,0,0,0,0,0,1.0,0022400692,Cameron Payne,cameron payne,,,2025-02-01,0,0.0,0.0,0.1724137931034483,0.5172413793103449,0.0,9.0,7.0,7.0,3.0,7.0,3.0,1.0,9.0,,1,,1,0.00133,9.1,6836.964688204358,9.087897,0.0,8.0,9.0,0.006227991
0022400692,1610612752,New York,Knicks,NYK,knicks,1642278,Tyler,Kolek,T. Kolek,tyler-kolek,,,,1:55,1.9166666666666665,0,0,0.0,0,0,0.0,0,0,0.0,0,0,0,1,0,0,1,0,0,0.0,0022400692,Tyler Kolek,tyler kolek,,,2025-02-01,0,0.0,0.0,0.0,0.5217391304347826,0.0,9.0,7.0,10.0,7.0,7.0,3.0,3.0,10.0,,1,,1,0.0025,0.0,0.0,0.0,0.0,8.0,9.0,0.004565388
0022400692,1610612752,New York,Knicks,NYK,knicks,1631210,Jacob,Toppin,J. Toppin,jacob-toppin,,,,1:55,1.9166666666666665,0,1,0.0,0,0,0.0,0,0,0.0,0,1,1,0,0,0,0,0,0,0.0,0022400692,Jacob Toppin,jacob toppin,,,2025-02-01,0,0.0,0.0,0.5217391304347826,0.0,0.0,9.0,7.0,7.0,10.0,7.0,3.0,3.0,10.0,,1,,1,0.0025,0.0,0.0,0.0,0.0,8.0,9.0,0.006271385
0022400692,1610612752,New York,Knicks,NYK,knicks,1630346,Matt,Ryan,M. Ryan,matt-ryan,,,,1:55,1.9166666666666665,0,1,0.0,0,0,0.0,0,0,0.0,0,0,0,0,0,0,0,0,0,0.0,0022400692,Matt Ryan,matt ryan,,,2025-02-01,0,0.0,0.0,0.0,0.0,0.0,9.0,7.0,10.0,10.0,7.0,3.0,3.0,10.0,,1,,1,0.0025,0.0,0.0,0.0,0.0,8.0,9.0,0.0040286607
0022400692,1610612752,New York,Knicks,NYK,knicks,1630579,Jericho,Sims,J. Sims,jericho-sims,,,,1:55,1.9166666666666665,0,0,0.0,0,0,0.0,0,0,0.0,0,0,0,0,0,0,0,0,0,0.0,0022400692,Jericho Sims,jericho sims,,,2025-02-01,0,0.0,0.0,0.0,0.0,0.0,9.0,7.0,10.0,10.0,7.0,3.0,3.0,10.0,,1,,1,0.0,0.0,0.0,0.0,0.0,8.0,9.0,0.0055703577
0022400692,1610612752,New York,Knicks,NYK,knicks,1630574,Ariel,Hukporti,A. Hukporti,ariel-hukporti,,,,1:55,1.9166666666666665,1,1,1.0,0,0,0.0,0,0,0.0,0,0,0,0,0,0,0,0,2,0.0,0022400692,Ariel Hukporti,ariel hukporti,,,2025-02-01,0,1.0434782608695652,0.0,0.0,0.0,0.0,8.0,7.0,10.0,10.0,7.0,3.0,3.0,10.0,0.0,0,0.0,0,0.0025,0.0,0.0,0.0,0.0,8.0,9.0,0.022405447
0022400702,1610612752,New York,Knicks,NYK,knicks,1630173,Precious,Achiuwa,P. Achiuwa,precious-achiuwa,F,,,34:28,34.46666666666667,2,3,0.667,0,0,0.0,3,4,0.75,3,6,9,0,2,0,0,1,7,4.0,0022400702,Precious Achiuwa,precious achiuwa,,,2025-02-03,2,0.20309477756286265,0.08704061895551257,0.2611218568665377,0.0,0.1450676982591876,5.0,1.0,1.0,7.0,1.0,5.0,4.0,5.0,2.0,0,0.0,0,0.00057,3.9,6830.122591943958,3.897777,0.058027079303675046,2.0,3.0,0.425711
0022400702,1610612752,New York,Knicks,NYK,knicks,1628404,Josh,Hart,J. Hart,josh-hart,F,,,40:04,40.06666666666667,8,12,0.667,0,1,0.0,3,3,1.0,2,6,8,5,1,1,4,2,19,-2.0,0022400702,Josh Hart,josh hart,,,2025-02-03,2,0.4742096505823627,0.04991680532445923,0.19966722129783693,0.12479201331114807,0.09983361064891846,4.0,2.0,3.0,2.0,3.0,2.0,6.0,1.0,6.0,0,0.0,0,0.0017000000000000001,0.4,235.15579071134627,0.39932,0.04991680532445923,2.0,7.0,0.6832742
0022400702,1610612752,New York,Knicks,NYK,knicks,1626157,Karl-Anthony,Towns,K. Towns,karl-anthony-towns,C,,,38:29,38.483333333333334,9,20,0.45,1,5,0.2,3,5,0.6,2,7,9,2,1,1,1,6,22,16.0,0022400702,Karl-Anthony Towns,karl-anthony towns,,,2025-02-03,2,0.5716760502381983,0.0519705500216544,0.23386747509744477,0.0519705500216544,0.1039411000433088,2.0,2.0,1.0,4.0,3.0,2.0,2.0,3.0,3.0,0,0.0,0,0.0023499999999999997,18.0,7656.316461080392,17.9577,0.0519705500216544,2.0,5.0,0.77669746
0022400702,1610612752,New York,Knicks,NYK,knicks,1628969,Mikal,Bridges,M. Bridges,mikal-bridges,G,,,39:17,39.28333333333333,9,18,0.5,2,7,0.286,2,4,0.5,1,2,3,4,1,2,1,0,22,29.0,0022400702,Mikal Bridges,mikal bridges,,,2025-02-03,3,0.560033941450997,0.025456088247772592,0.07636826474331777,0.10182435299109037,0.10182435299109037,2.0,5.0,5.0,3.0,3.0,1.0,1.0,2.0,3.0,0,0.0,0,0.0020399999999999997,35.7,17491.42577168055,35.627172,0.07636826474331777,1.0,6.0,0.75953263
0022400702,1610612752,New York,Knicks,NYK,knicks,1628973,Jalen,Brunson,J. Brunson,jalen-brunson,G,,,36:47,36.78333333333333,14,27,0.519,1,4,0.25,13,14,0.929,2,4,6,10,2,0,4,1,42,12.0,0022400702,Jalen Brunson,jalen brunson,,,2025-02-03,2,1.1418214771182602,0.05437245129134572,0.16311735387403717,0.2718622564567286,0.10874490258269144,1.0,2.0,4.0,1.0,1.0,5.0,3.0,4.0,0.0,0,2.0,0,0.00407,15.4,3782.8543355440925,15.337322,0.05437245129134572,2.0,4.0,0.94051313
0022400702,1610612752,New York,Knicks,NYK,knicks,1630574,Ariel,Hukporti,A. Hukporti,ariel-hukporti,,,,8:25,8.416666666666666,0,0,0.0,0,0,0.0,0,0,0.0,1,1,2,0,0,1,0,4,0,-14.0,0022400702,Ariel Hukporti,ariel hukporti,,,2025-02-03,1,0.0,0.11881188118811882,0.23762376237623764,0.0,0.23762376237623764,8.0,5.0,6.0,7.0,8.0,2.0,10.0,8.0,2.0,0,0.0,0,0.0,-63.3,-63300000.0,-63.3,0.11881188118811882,6.0,1.0,0.0074364073
0022400702,1610612752,New York,Knicks,NYK,knicks,1630540,Miles,McBride,M. McBride,miles-mcbride,,,,25:34,25.566666666666666,3,7,0.429,1,4,0.25,0,0,0.0,0,1,1,1,1,0,1,1,7,-2.0,0022400702,Miles McBride,miles mcbride,,,2025-02-03,1,0.2737940026075619,0.0,0.03911342894393742,0.03911342894393742,0.03911342894393742,5.0,8.0,7.0,6.0,3.0,5.0,6.0,6.0,5.0,0,0.0,0,0.00121,0.6,495.45829892650704,0.599274,0.03911342894393742,6.0,9.0,0.052380264
0022400702,1610612752,New York,Knicks,NYK,knicks,1629013,Landry,Shamet,L. Shamet,landry-shamet,,,,5:41,5.683333333333334,0,1,0.0,0,1,0.0,0,0,0.0,1,0,1,0,0,0,0,0,0,-11.0,0022400702,Landry Shamet,landry shamet,,,2025-02-03,0,0.0,0.1759530791788856,0.1759530791788856,0.0,0.1759530791788856,8.0,5.0,7.0,7.0,8.0,5.0,9.0,9.0,0.0,0,0.0,0,0.00063,-82.1,-130110.93502377177,-82.048277,0.0,9.0,2.0,0.003838175
0022400702,1610612752,New York,Knicks,NYK,knicks,1626166,Cameron,Payne,C. Payne,cameron-payne,,,,11:03,11.05,2,5,0.4,1,4,0.25,0,0,0.0,0,1,1,2,1,0,0,0,5,-2.0,0022400702,Cameron Payne,cameron payne,,,2025-02-03,1,0.4524886877828054,0.0,0.09049773755656108,0.18099547511312217,0.09049773755656108,7.0,8.0,7.0,4.0,3.0,5.0,6.0,7.0,4.0,0,0.0,0,0.00156,-19.9,-12748.238308776425,-19.868955999999997,0.09049773755656108,6.0,8.0,0.051522505
0022400702,1610612752,New York,Knicks,NYK,knicks,1630579,Jericho,Sims,J. Sims,jericho-sims,,,,0:11,0.18333333333333332,0,0,0.0,0,0,0.0,0,0,0.0,0,0,0,0,0,0,0,0,0,0.0,0022400702,Jericho Sims,jericho sims,,,2025-02-03,0,0.0,0.0,0.0,0.0,0.0,8.0,8.0,10.0,7.0,8.0,5.0,5.0,10.0,,1,,1,0.0,0.0,0.0,0.0,0.0,9.0,10.0,0.004884678
0022400713,1610612752,New York,Knicks,NYK,knicks,1630173,Precious,Achiuwa,P. Achiuwa,precious-achiuwa,F,,,36:20,36.333333333333336,7,11,0.636,1,3,0.333,2,2,1.0,6,2,8,2,3,2,3,6,17,-14.0,0022400713,Precious Achiuwa,precious achiuwa,,,2025-02-04,5,0.4678899082568807,0.16513761467889906,0.2201834862385321,0.055045871559633024,0.3027522935779816,3.0,2.0,2.0,4.0,1.0,1.0,9.0,4.0,5.0,0,0.0,0,0.0016300000000000002,-17.6,-10790.92581238504,-17.571312000000002,0.13761467889908255,1.0,1.0,0.82955945
0022400713,1610612752,New York,Knicks,NYK,knicks,1628404,Josh,Hart,J. Hart,josh-hart,F,,,36:40,36.666666666666664,7,17,0.412,1,4,0.25,0,0,0.0,1,6,7,6,1,0,0,2,15,3.0,0022400713,Josh Hart,josh hart,,,2025-02-04,1,0.4090909090909091,0.027272727272727275,0.19090909090909092,0.16363636363636364,0.05454545454545455,5.0,3.0,3.0,1.0,5.0,4.0,5.0,3.0,3.0,0,0.0,0,0.00189,0.6,317.29243786356426,0.598866,0.027272727272727275,5.0,5.0,0.6190768
0022400713,1610612752,New York,Knicks,NYK,knicks,1626157,Karl-Anthony,Towns,K. Towns,karl-anthony-towns,C,,,38:46,38.766666666666666,10,19,0.526,2,3,0.667,5,5,1.0,9,11,20,2,0,1,2,1,27,13.0,0022400713,Karl-Anthony Towns,karl-anthony towns,,,2025-02-04,1,0.6964746345657782,0.23215821152192606,0.5159071367153912,0.051590713671539126,0.2579535683576956,2.0,1.0,1.0,4.0,6.0,2.0,2.0,2.0,1.0,0,0.0,0,0.00232,16.7,7195.174493752692,16.661255999999998,0.025795356835769563,5.0,2.0,0.91416985
0022400713,1610612752,New York,Knicks,NYK,knicks,1628969,Mikal,Bridges,M. Bridges,mikal-bridges,G,,,41:12,41.2,7,13,0.538,1,4,0.25,2,2,1.0,0,2,2,2,2,0,4,2,17,14.0,0022400713,Mikal Bridges,mikal bridges,,,2025-02-04,2,0.41262135922330095,0.0,0.04854368932038835,0.04854368932038835,0.04854368932038835,3.0,5.0,5.0,4.0,2.0,4.0,1.0,1.0,2.0,0,0.0,0,0.0017100000000000001,15.7,9175.92051431911,15.673153,0.04854368932038835,3.0,7.0,0.6174403
0022400713,1610612752,New York,Knicks,NYK,knicks,1628973,Jalen,Brunson,J. Brunson,jalen-brunson,G,,,33:57,33.95,10,21,0.476,2,7,0.286,6,8,0.75,0,1,1,5,2,1,1,2,28,1.0,0022400713,Jalen Brunson,jalen brunson,,,2025-02-04,3,0.8247422680412371,0.0,0.02945508100147275,0.14727540500736375,0.08836524300441825,1.0,5.0,6.0,3.0,2.0,2.0,6.0,5.0,1.0,0,0.0,0,0.00313,-2.3,-734.5895879910571,-2.292801,0.08836524300441825,2.0,4.0,0.79122037
0022400713,1610612752,New York,Knicks,NYK,knicks,1630574,Ariel,Hukporti,A. Hukporti,ariel-hukporti,,,,18:57,18.95,3,3,1.0,0,0,0.0,0,1,0.0,1,4,5,2,0,0,0,0,6,8.0,0022400713,Ariel Hukporti,ariel hukporti,,,2025-02-04,0,0.316622691292876,0.052770448548812667,0.2638522427440633,0.10554089709762533,0.052770448548812667,7.0,3.0,4.0,4.0,6.0,4.0,3.0,7.0,0.0,0,0.0,0,0.00068,20.5,30102.790014684284,20.48606,0.0,7.0,6.0,0.09057171
0022400713,1610612752,New York,Knicks,NYK,knicks,1630540,Miles,McBride,M. McBride,miles-mcbride,,,,20:33,20.55,2,5,0.4,0,1,0.0,0,0,0.0,0,0,0,1,2,0,0,0,4,0.0,0022400713,Miles McBride,miles mcbride,,,2025-02-04,2,0.194647201946472,0.0,0.0,0.048661800486618,0.097323600973236,8.0,5.0,7.0,8.0,2.0,4.0,7.0,6.0,1.0,0,0.0,0,0.0009299999999999999,-5.2,-5585.3920515574655,-5.195164,0.097323600973236,3.0,3.0,0.016260741
0022400713,1610612752,New York,Knicks,NYK,knicks,1626166,Cameron,Payne,C. Payne,cameron-payne,,,,13:25,13.416666666666666,1,5,0.2,1,3,0.333,4,5,0.8,0,0,0,6,0,0,1,2,7,5.0,0022400713,Cameron Payne,cameron payne,,,2025-02-04,0,0.5217391304347826,0.0,0.0,0.4472049689440994,0.0,6.0,5.0,7.0,1.0,6.0,4.0,4.0,8.0,0.0,0,0.0,0,0.00216,20.9,9671.44840351689,20.854855999999998,0.0,7.0,8.0,0.045237128
0022400713,1610612752,New York,Knicks,NYK,knicks,1630579,Jericho,Sims,J. Sims,jericho-sims,,,,0:11,0.18333333333333332,0,0,0.0,0,0,0.0,0,0,0.0,0,0,0,0,0,0,0,0,0,0.0,0022400713,Jericho Sims,jericho sims,,,2025-02-04,0,0.0,0.0,0.0,0.0,0.0,9.0,5.0,7.0,9.0,6.0,4.0,7.0,9.0,,1,,1,0.0,0.0,0.0,0.0,0.0,7.0,8.0,0.0039129164
0022400748,1610612752,New York,Knicks,NYK,knicks,1630173,Precious,Achiuwa,P. Achiuwa,precious-achiuwa,F,,,33:18,33.3,1,4,0.25,0,1,0.0,1,2,0.5,2,2,4,2,0,0,0,1,3,-37.0,0022400748,Precious Achiuwa,precious achiuwa,,,2025-02-08,0,0.0900900900900901,0.060060060060060066,0.12012012012012013,0.060060060060060066,0.060060060060060066,8.0,1.0,3.0,3.0,6.0,2.0,10.0,5.0,1.0,0,0.0,0,0.0006900000000000001,-57.8,-83646.88856729376,-57.760118,0.0,6.0,6.0,0.015449606
0022400748,1610612752,New York,Knicks,NYK,knicks,1628404,Josh,Hart,J. Hart,josh-hart,F,,,38:11,38.18333333333333,7,16,0.438,1,3,0.333,2,4,0.5,1,7,8,3,2,0,3,3,17,-31.0,0022400748,Josh Hart,josh hart,,,2025-02-08,2,0.4452204277608032,0.02618943692710607,0.20951549541684855,0.0785683107813182,0.0785683107813182,2.0,3.0,2.0,2.0,2.0,2.0,9.0,1.0,2.0,0,0.0,0,0.00253,-43.3,-17107.862504938756,-43.190450999999996,0.05237887385421214,2.0,5.0,0.5113917
0022400748,1610612752,New York,Knicks,NYK,knicks,1626157,Karl-Anthony,Towns,K. Towns,karl-anthony-towns,C,,,27:42,27.7,3,8,0.375,2,2,1.0,1,2,0.5,1,8,9,1,1,1,2,4,9,-26.0,0022400748,Karl-Anthony Towns,karl-anthony towns,,,2025-02-08,2,0.3249097472924188,0.036101083032490974,0.3249097472924188,0.036101083032490974,0.10830324909747292,5.0,3.0,1.0,5.0,3.0,1.0,8.0,6.0,1.0,0,0.0,0,0.0018,-47.3,-26263.18711826763,-47.214859999999994,0.07220216606498195,2.0,4.0,0.078511894
0022400748,1610612752,New York,Knicks,NYK,knicks,1628969,Mikal,Bridges,M. Bridges,mikal-bridges,G,,,34:02,34.03333333333333,5,15,0.333,1,3,0.333,0,0,0.0,1,2,3,2,1,0,0,1,11,-11.0,0022400748,Mikal Bridges,mikal bridges,,,2025-02-08,1,0.3232125367286974,0.029382957884427033,0.0881488736532811,0.058765915768854066,0.058765915768854066,4.0,3.0,5.0,3.0,3.0,2.0,5.0,4.0,1.0,0,0.0,0,0.0019500000000000001,-14.6,-7483.341875961045,-14.57153,0.029382957884427033,4.0,7.0,0.14603913
0022400748,1610612752,New York,Knicks,NYK,knicks,1628973,Jalen,Brunson,J. Brunson,jalen-brunson,G,,,36:04,36.06666666666667,10,18,0.556,3,7,0.429,13,13,1.0,0,0,0,5,0,0,2,1,36,-19.0,0022400748,Jalen Brunson,jalen brunson,,,2025-02-08,0,0.99815157116451,0.0,0.0,0.1386321626617375,0.0,1.0,6.0,8.0,1.0,6.0,2.0,7.0,2.0,1.0,0,0.0,0,0.0030499999999999998,-26.4,-8652.900688298918,-26.31948,0.0,6.0,8.0,0.88564724
0022400748,1610612752,New York,Knicks,NYK,knicks,1630540,Miles,McBride,M. McBride,miles-mcbride,,,,35:00,35.0,1,8,0.125,1,5,0.2,5,5,1.0,0,1,1,1,4,0,0,2,8,-10.0,0022400748,Miles McBride,miles mcbride,,,2025-02-08,4,0.22857142857142856,0.0,0.02857142857142857,0.02857142857142857,0.11428571428571428,6.0,6.0,6.0,5.0,1.0,2.0,4.0,3.0,3.0,0,0.0,0,0.00128,-15.9,-12412.177985948478,-15.879648000000001,0.11428571428571428,1.0,3.0,0.0449307
0022400748,1610612752,New York,Knicks,NYK,knicks,1630574,Ariel,Hukporti,A. Hukporti,ariel-hukporti,,,,8:15,8.25,0,2,0.0,0,0,0.0,0,0,0.0,2,2,4,0,0,0,2,2,0,4.0,0022400748,Ariel Hukporti,ariel hukporti,,,2025-02-08,0,0.0,0.24242424242424243,0.48484848484848486,0.0,0.24242424242424243,9.0,1.0,3.0,9.0,6.0,2.0,2.0,8.0,1.0,0,0.0,0,0.0019,22.2,11678.06417674908,22.157819999999997,0.0,6.0,1.0,0.0146579575
0022400748,1610612752,New York,Knicks,NYK,knicks,1626166,Cameron,Payne,C. Payne,cameron-payne,,,,18:41,18.683333333333334,6,10,0.6,0,2,0.0,2,2,1.0,0,1,1,1,0,0,0,0,14,-13.0,0022400748,Cameron Payne,cameron payne,,,2025-02-08,0,0.7493309545049063,0.0,0.05352363960749331,0.05352363960749331,0.0,3.0,6.0,6.0,5.0,6.0,2.0,6.0,7.0,1.0,0,0.0,0,0.0028199999999999996,-31.1,-11024.459411556187,-31.012298,0.0,6.0,8.0,0.59123224
0022400748,1610612752,New York,Knicks,NYK,knicks,1629013,Landry,Shamet,L. Shamet,landry-shamet,,,,5:29,5.483333333333333,2,2,1.0,1,1,1.0,1,1,1.0,0,0,0,1,1,0,0,1,6,0.0,0022400748,Landry Shamet,landry shamet,,,2025-02-08,1,1.094224924012158,0.0,0.0,0.182370820668693,0.182370820668693,7.0,6.0,8.0,5.0,3.0,2.0,3.0,9.0,1.0,0,0.0,0,0.0014299999999999998,-9.0,-6289.30817610063,-8.98713,0.182370820668693,4.0,2.0,0.074665114
0022400748,1610612752,New York,Knicks,NYK,knicks,1626153,Delon,Wright,D. Wright,delon-wright,,,,3:18,3.3,0,0,0.0,0,0,0.0,0,0,0.0,0,0,0,0,0,0,0,0,0,8.0,0022400748,Delon Wright,delon wright,,,2025-02-08,0,0.0,0.0,0.0,0.0,0.0,9.0,6.0,8.0,9.0,6.0,2.0,1.0,10.0,1.0,0,0.0,0,0.0,92.9,92900000.00000001,92.9,0.0,6.0,8.0,0.006739117
0022400765,1610612752,New York,Knicks,NYK,knicks,1628404,Josh,Hart,J. Hart,josh-hart,F,,,39:59,39.983333333333334,12,16,0.75,1,3,0.333,5,7,0.714,2,8,10,5,2,0,3,4,30,15.0,0022400765,Josh Hart,josh hart,,,2025-02-11,2,0.7503126302626094,0.05002084201750729,0.25010421008753647,0.12505210504376824,0.10004168403501458,2.0,3.0,3.0,3.0,2.0,3.0,2.0,1.0,2.0,0,0.0,0,0.0022400000000000002,19.4,8656.849620705041,19.356544,0.05002084201750729,2.0,4.0,0.87333894
0022400765,1610612752,New York,Knicks,NYK,knicks,1630173,Precious,Achiuwa,P. Achiuwa,precious-achiuwa,F,,,33:17,33.28333333333333,3,8,0.375,0,1,0.0,3,4,0.75,5,7,12,2,0,1,1,0,9,-2.0,0022400765,Precious Achiuwa,precious achiuwa,,,2025-02-11,1,0.27040560841261896,0.15022533800701052,0.36054081121682524,0.06009013520280421,0.18027040560841262,5.0,1.0,1.0,7.0,4.0,1.0,8.0,3.0,3.0,0,0.0,0,0.00136,2.3,1689.9338721528286,2.2968719999999996,0.030045067601402103,4.0,3.0,0.49496853
0022400765,1610612752,New York,Knicks,NYK,knicks,1626157,Karl-Anthony,Towns,K. Towns,karl-anthony-towns,C,,,38:17,38.28333333333333,14,23,0.609,3,8,0.375,9,9,1.0,4,8,12,5,3,0,2,5,40,14.0,0022400765,Karl-Anthony Towns,karl-anthony towns,,,2025-02-11,3,1.044841097083152,0.1044841097083152,0.3134523291249456,0.130605137135394,0.1828471919895516,1.0,2.0,1.0,3.0,1.0,3.0,3.0,2.0,2.0,0,0.0,0,0.00311,22.3,7168.113146898104,22.230647,0.0783630822812364,1.0,1.0,0.8306532
0022400765,1610612752,New York,Knicks,NYK,knicks,1628969,Mikal,Bridges,M. Bridges,mikal-bridges,G,,,28:53,28.883333333333333,3,7,0.429,0,1,0.0,0,0,0.0,1,4,5,5,0,0,0,2,6,4.0,0022400765,Mikal Bridges,mikal bridges,,,2025-02-11,0,0.207732256203116,0.03462204270051933,0.17311021350259664,0.17311021350259664,0.03462204270051933,8.0,4.0,4.0,3.0,4.0,3.0,7.0,4.0,0.0,0,0.0,0,0.001,11.0,10989.010989010989,10.989,0.0,5.0,6.0,0.045360964
0022400765,1610612752,New York,Knicks,NYK,knicks,1628973,Jalen,Brunson,J. Brunson,jalen-brunson,G,,,22:43,22.716666666666665,4,11,0.364,0,1,0.0,0,0,0.0,0,2,2,7,0,0,3,5,8,10.0,0022400765,Jalen Brunson,jalen brunson,,,2025-02-11,0,0.3521643433602348,0.0,0.0880410858400587,0.30814380044020545,0.0,7.0,6.0,6.0,2.0,4.0,3.0,4.0,7.0,0.0,0,0.0,0,0.00264,25.9,9806.891329042028,25.831623999999998,0.0,5.0,7.0,0.28954238
0022400765,1610612752,New York,Knicks,NYK,knicks,1630574,Ariel,Hukporti,A. Hukporti,ariel-hukporti,,,,5:30,5.5,0,1,0.0,0,0,0.0,0,0,0.0,1,1,2,0,0,0,2,0,0,-7.0,0022400765,Ariel Hukporti,ariel hukporti,,,2025-02-11,0,0.0,0.18181818181818182,0.36363636363636365,0.0,0.18181818181818182,9.0,4.0,6.0,9.0,4.0,3.0,11.0,9.0,0.0,0,0.0,0,0.00214,-53.8,-25128.444652031758,-53.684867999999994,0.0,5.0,2.0,0.00380984
0022400765,1610612752,New York,Knicks,NYK,knicks,1630540,Miles,McBride,M. McBride,miles-mcbride,,,,25:19,25.316666666666666,4,7,0.571,4,4,1.0,3,3,1.0,0,3,3,1,0,0,1,2,15,25.0,0022400765,Miles McBride,miles mcbride,,,2025-02-11,0,0.5924950625411455,0.0,0.1184990125082291,0.03949967083607637,0.0,3.0,6.0,5.0,8.0,4.0,3.0,1.0,5.0,3.0,0,0.0,0,0.0014299999999999998,47.3,33053.80852550664,47.232361,0.0,5.0,7.0,0.77376723
0022400765,1610612752,New York,Knicks,NYK,knicks,1626166,Cameron,Payne,C. Payne,cameron-payne,,,,23:43,23.716666666666665,4,8,0.5,1,4,0.25,0,0,0.0,0,1,1,8,1,1,2,2,9,9.0,0022400765,Cameron Payne,cameron payne,,,2025-02-11,2,0.37947997189037247,0.0,0.0421644413211525,0.33731553056922,0.084328882642305,5.0,6.0,8.0,1.0,3.0,1.0,5.0,6.0,0.0,0,0.0,0,0.00167,24.5,14661.879114302814,24.459085,0.084328882642305,2.0,5.0,0.46786353
0022400765,1610612752,New York,Knicks,NYK,knicks,1629013,Landry,Shamet,L. Shamet,landry-shamet,,,,19:11,19.183333333333334,5,9,0.556,1,4,0.25,0,0,0.0,0,1,1,4,0,0,0,2,11,9.0,0022400765,Landry Shamet,landry shamet,,,2025-02-11,0,0.573414422241529,0.0,0.052128583840139006,0.20851433536055602,0.0,4.0,6.0,8.0,6.0,4.0,3.0,5.0,8.0,3.0,0,0.0,0,0.00191,20.5,10727.367870225013,20.460845,0.0,5.0,7.0,0.61982787
0022400765,1610612752,New York,Knicks,NYK,knicks,1642278,Tyler,Kolek,T. Kolek,tyler-kolek,,,,1:34,1.5666666666666667,0,0,0.0,0,0,0.0,0,0,0.0,0,0,0,0,0,0,0,0,0,-6.0,0022400765,Tyler Kolek,tyler kolek,,,2025-02-11,0,0.0,0.0,0.0,0.0,0.0,9.0,6.0,10.0,9.0,4.0,3.0,9.0,10.0,,1,,1,0.0,-150.0,-150000000.0,-150.0,0.0,5.0,7.0,0.002962495
0022400765,1610612752,New York,Knicks,NYK,knicks,1630346,Matt,Ryan,M. Ryan,matt-ryan,,,,1:34,1.5666666666666667,0,1,0.0,0,1,0.0,0,0,0.0,0,0,0,0,0,0,0,0,0,-6.0,0022400765,Matt Ryan,matt ryan,,,2025-02-11,0,0.0,0.0,0.0,0.0,0.0,9.0,6.0,10.0,9.0,4.0,3.0,9.0,10.0,,1,,1,0.0025,-150.0,-59976.00959616153,-149.625,0.0,5.0,7.0,0.0022057511
0022400773,1610612752,New York,Knicks,NYK,knicks,1630173,Precious,Achiuwa,P. Achiuwa,precious-achiuwa,F,,,42:22,42.36666666666667,12,16,0.75,0,1,0.0,2,3,0.667,3,5,8,1,1,2,0,2,26,2.0,0022400773,Precious Achiuwa,precious achiuwa,,,2025-02-12,3,0.6136900078678206,0.07081038552321008,0.18882769472856017,0.023603461841070022,0.14162077104642015,3.0,1.0,3.0,6.0,3.0,1.0,5.0,5.0,2.0,0,0.0,0,0.00159,5.9,3708.359522313011,5.890619,0.07081038552321008,2.0,1.0,0.80947703
0022400773,1610612752,New York,Knicks,NYK,knicks,1628404,Josh,Hart,J. Hart,josh-hart,F,,,45:47,45.78333333333333,5,13,0.385,0,3,0.0,8,8,1.0,3,7,10,6,1,1,3,5,18,-6.0,0022400773,Josh Hart,josh hart,,,2025-02-12,2,0.39315617036767386,0.0655260283946123,0.21842009464870768,0.1310520567892246,0.10921004732435384,4.0,1.0,1.0,2.0,3.0,3.0,8.0,2.0,3.0,0,0.0,0,0.00179,-7.2,-4020.1005025125633,-7.187112000000001,0.04368401892974154,3.0,2.0,0.44069767
0022400773,1610612752,New York,Knicks,NYK,knicks,1626157,Karl-Anthony,Towns,K. Towns,karl-anthony-towns,C,,,47:16,47.266666666666666,14,25,0.56,7,10,0.7,9,11,0.818,1,9,10,3,2,0,7,4,44,7.0,0022400773,Karl-Anthony Towns,karl-anthony towns,,,2025-02-12,2,0.9308885754583921,0.021156558533145277,0.21156558533145275,0.06346967559943582,0.06346967559943582,1.0,3.0,1.0,5.0,1.0,4.0,1.0,1.0,3.0,0,0.0,0,0.00307,6.8,2214.2624552263105,6.7791239999999995,0.042313117066290554,3.0,4.0,0.76821184
0022400773,1610612752,New York,Knicks,NYK,knicks,1628969,Mikal,Bridges,M. Bridges,mikal-bridges,G,,,42:56,42.93333333333333,5,8,0.625,1,2,0.5,0,0,0.0,0,3,3,4,2,2,1,3,11,4.0,0022400773,Mikal Bridges,mikal bridges,,,2025-02-12,4,0.2562111801242236,0.0,0.06987577639751553,0.09316770186335405,0.09316770186335405,5.0,5.0,4.0,3.0,1.0,1.0,3.0,3.0,5.0,0,0.0,0,0.00082,1.6,1948.84287454324,1.598688,0.09316770186335405,1.0,3.0,0.60982865
0022400773,1610612752,New York,Knicks,NYK,knicks,1628973,Jalen,Brunson,J. Brunson,jalen-brunson,G,,,42:40,42.666666666666664,13,21,0.619,3,7,0.429,7,10,0.7,1,2,3,8,0,0,3,3,36,-11.0,0022400773,Jalen Brunson,jalen brunson,,,2025-02-12,0,0.84375,0.0234375,0.0703125,0.1875,0.0234375,2.0,3.0,4.0,1.0,5.0,4.0,9.0,4.0,1.0,0,0.0,0,0.00267,-10.2,-3818.794459004118,-10.172766,0.0,5.0,5.0,0.8039963
0022400773,1610612752,New York,Knicks,NYK,knicks,1630540,Miles,McBride,M. McBride,miles-mcbride,,,,8:11,8.183333333333334,0,1,0.0,0,0,0.0,0,0,0.0,0,0,0,1,0,0,0,1,0,1.0,0022400773,Miles McBride,miles mcbride,,,2025-02-12,0,0.0,0.0,0.0,0.12219959266802444,0.0,8.0,5.0,9.0,6.0,5.0,4.0,6.0,8.0,0.0,0,0.0,0,0.00053,-0.9,-1694.915254237288,-0.899523,0.0,5.0,6.0,0.007562178
0022400773,1610612752,New York,Knicks,NYK,knicks,1630574,Ariel,Hukporti,A. Hukporti,ariel-hukporti,,,,2:20,2.3333333333333335,0,0,0.0,0,0,0.0,0,0,0.0,0,1,1,0,0,0,1,1,0,-1.0,0022400773,Ariel Hukporti,ariel hukporti,,,2025-02-12,0,0.0,0.0,0.42857142857142855,0.0,0.0,8.0,5.0,7.0,9.0,5.0,4.0,7.0,9.0,1.0,0,0.0,0,0.002,-3.3,-1649.1754122938528,-3.2933999999999997,0.0,5.0,6.0,0.005244438
0022400773,1610612752,New York,Knicks,NYK,knicks,1626166,Cameron,Payne,C. Payne,cameron-payne,,,,15:07,15.116666666666667,3,7,0.429,0,3,0.0,4,5,0.8,0,3,3,4,0,0,1,2,10,5.0,0022400773,Cameron Payne,cameron payne,,,2025-02-12,0,0.6615214994487321,0.0,0.19845644983461963,0.2646085997794928,0.0,6.0,5.0,4.0,3.0,5.0,4.0,2.0,7.0,1.0,0,1.0,0,0.0030299999999999997,19.6,6466.512702078523,19.540612000000003,0.0,5.0,6.0,0.1578288
0022400773,1610612752,New York,Knicks,NYK,knicks,1629013,Landry,Shamet,L. Shamet,landry-shamet,,,,18:22,18.366666666666667,2,3,0.667,0,0,0.0,0,0,0.0,0,1,1,1,0,0,1,2,4,4.0,0022400773,Landry Shamet,landry shamet,,,2025-02-12,0,0.2177858439201452,0.0,0.0544464609800363,0.0544464609800363,0.0,7.0,5.0,7.0,6.0,5.0,4.0,3.0,6.0,0.0,0,0.0,0,0.00095,17.5,18401.68243953733,17.483375,0.0,5.0,6.0,0.026349958
0022400792,1610612752,New York,Knicks,NYK,knicks,1628969,Mikal,Bridges,M. Bridges,mikal-bridges,F,,,43:32,43.53333333333333,6,16,0.375,1,5,0.2,0,0,0.0,4,6,10,5,0,2,4,0,13,1.0,0022400792,Mikal Bridges,mikal bridges,,,2025-02-20,2,0.2986217457886677,0.09188361408882083,0.22970903522205208,0.11485451761102604,0.13782542113323124,4.0,1.0,2.0,2.0,6.0,2.0,6.0,2.0,0.0,0,0.0,0,0.00194,1.1,566.7181865018032,1.097866,0.045941807044410414,3.0,2.0,0.28369376
0022400792,1610612752,New York,Knicks,NYK,knicks,1630173,Precious,Achiuwa,P. Achiuwa,precious-achiuwa,F,,,46:05,46.083333333333336,5,11,0.455,1,3,0.333,0,0,0.0,0,9,9,0,3,0,1,2,11,0.0,0022400792,Precious Achiuwa,precious achiuwa,,,2025-02-20,3,0.23869801084990958,0.0,0.19529837251356238,0.0,0.06509945750452079,5.0,5.0,3.0,7.0,1.0,5.0,7.0,1.0,5.0,0,0.0,0,0.0011200000000000001,0.0,0.0,0.0,0.06509945750452079,2.0,5.0,0.33365613
0022400792,1610612752,New York,Knicks,NYK,knicks,1626157,Karl-Anthony,Towns,K. Towns,karl-anthony-towns,C,,,42:38,42.63333333333333,14,30,0.467,2,10,0.2,2,4,0.5,2,16,18,2,2,0,3,2,32,2.0,0022400792,Karl-Anthony Towns,karl-anthony towns,,,2025-02-20,2,0.7505863956215794,0.04691164972634871,0.4222048475371384,0.04691164972634871,0.09382329945269742,1.0,3.0,1.0,5.0,3.0,5.0,2.0,3.0,1.0,0,0.0,0,0.0032400000000000003,2.2,678.8028386300524,2.192872,0.04691164972634871,3.0,4.0,0.8453528
0022400792,1610612752,New York,Knicks,NYK,knicks,1628973,Jalen,Brunson,J. Brunson,jalen-brunson,G,,,38:29,38.483333333333334,8,21,0.381,2,9,0.222,4,4,1.0,0,3,3,12,1,1,2,1,22,3.0,0022400792,Jalen Brunson,jalen brunson,,,2025-02-20,2,0.5716760502381983,0.0,0.0779558250324816,0.3118233001299264,0.0519705500216544,3.0,5.0,6.0,1.0,4.0,3.0,1.0,5.0,1.0,0,0.0,0,0.00263,1.1,418.0919802356519,1.097107,0.0519705500216544,3.0,7.0,0.8059626
0022400792,1610612752,New York,Knicks,NYK,knicks,1630540,Miles,McBride,M. McBride,miles-mcbride,G,,,42:20,42.333333333333336,9,19,0.474,5,12,0.417,0,0,0.0,3,3,6,3,3,3,0,1,23,-2.0,0022400792,Miles McBride,miles mcbride,,,2025-02-20,6,0.5433070866141732,0.07086614173228346,0.14173228346456693,0.07086614173228346,0.21259842519685038,2.0,2.0,4.0,4.0,1.0,1.0,9.0,4.0,4.0,0,0.0,0,0.00192,-1.0,-520.5622071837585,-0.99808,0.14173228346456693,1.0,1.0,0.88916814
0022400792,1610612752,New York,Knicks,NYK,knicks,1629013,Landry,Shamet,L. Shamet,landry-shamet,,,,17:19,17.316666666666666,2,4,0.5,2,4,0.5,1,2,0.5,0,1,1,1,1,0,0,0,7,2.0,0022400792,Landry Shamet,landry shamet,,,2025-02-20,1,0.40423484119345526,0.0,0.057747834456207896,0.057747834456207896,0.057747834456207896,6.0,5.0,8.0,6.0,4.0,5.0,2.0,7.0,1.0,0,0.0,0,0.0011899999999999999,0.5,419.8152812762385,0.499405,0.057747834456207896,6.0,6.0,0.13291456
0022400792,1610612752,New York,Knicks,NYK,knicks,1626166,Cameron,Payne,C. Payne,cameron-payne,,,,17:20,17.333333333333332,1,5,0.2,1,3,0.333,0,0,0.0,0,2,2,5,0,0,1,3,3,2.0,0022400792,Cameron Payne,cameron payne,,,2025-02-20,0,0.1730769230769231,0.0,0.11538461538461539,0.2884615384615385,0.0,7.0,5.0,7.0,2.0,6.0,5.0,2.0,6.0,2.0,0,0.0,0,0.0015,3.1,2065.2898067954698,3.0953500000000003,0.0,8.0,8.0,0.031283118
0022400792,1610612752,New York,Knicks,NYK,knicks,1630574,Ariel,Hukporti,A. Hukporti,ariel-hukporti,,,,16:46,16.766666666666666,1,1,1.0,0,0,0.0,0,0,0.0,1,4,5,0,0,1,0,3,2,2.0,0022400792,Ariel Hukporti,ariel hukporti,,,2025-02-20,1,0.11928429423459246,0.05964214711729623,0.29821073558648115,0.0,0.11928429423459246,8.0,4.0,5.0,7.0,6.0,3.0,2.0,8.0,0.0,0,0.0,0,0.00026,3.2,12260.536398467433,3.1991680000000002,0.05964214711729623,6.0,3.0,0.08986876
0022400792,1610612752,New York,Knicks,NYK,knicks,1626153,Delon,Wright,D. Wright,delon-wright,,,,0:31,0.5166666666666667,0,0,0.0,0,0,0.0,0,0,0.0,0,0,0,0,0,0,0,0,0,0.0,0022400792,Delon Wright,delon wright,,,2025-02-20,0,0.0,0.0,0.0,0.0,0.0,9.0,5.0,9.0,7.0,6.0,5.0,7.0,9.0,,1,,1,0.0,0.0,0.0,0.0,0.0,8.0,8.0,0.0038851795
0022400797,1610612752,New York,Knicks,NYK,knicks,1630173,Precious,Achiuwa,P. Achiuwa,precious-achiuwa,F,,,27:35,27.583333333333332,3,10,0.3,0,0,0.0,1,2,0.5,5,5,10,1,0,0,1,1,7,-25.0,0022400797,Precious Achiuwa,precious achiuwa,,,2025-02-21,0,0.2537764350453172,0.1812688821752266,0.3625377643504532,0.03625377643504532,0.1812688821752266,4.0,1.0,1.0,8.0,8.0,4.0,12.0,4.0,2.0,0,0.0,0,0.0017399999999999998,-41.7,-23951.751866743256,-41.627442,0.0,8.0,2.0,0.1844058
0022400797,1610612752,New York,Knicks,NYK,knicks,1628384,OG,Anunoby,O. Anunoby,og-anunoby,F,,,26:45,26.75,2,6,0.333,1,3,0.333,0,0,0.0,0,0,0,0,1,0,2,1,5,-23.0,0022400797,OG Anunoby,og anunoby,,,2025-02-21,1,0.18691588785046728,0.0,0.0,0.0,0.037383177570093455,6.0,5.0,11.0,9.0,2.0,4.0,11.0,5.0,2.0,0,0.0,0,0.00123,-39.0,-31681.559707554836,-38.95203,0.037383177570093455,5.0,7.0,0.014049742
0022400797,1610612752,New York,Knicks,NYK,knicks,1626157,Karl-Anthony,Towns,K. Towns,karl-anthony-towns,C,,,28:32,28.533333333333335,10,15,0.667,1,3,0.333,2,3,0.667,2,5,7,4,1,1,4,1,23,-21.0,0022400797,Karl-Anthony Towns,karl-anthony towns,,,2025-02-21,2,0.8060747663551402,0.07009345794392523,0.24532710280373832,0.14018691588785046,0.14018691588785046,2.0,2.0,2.0,2.0,2.0,1.0,9.0,2.0,0.0,0,0.0,0,0.0029,-31.1,-10720.441227163048,-31.00981,0.07009345794392523,1.0,5.0,0.666415
0022400797,1610612752,New York,Knicks,NYK,knicks,1628969,Mikal,Bridges,M. Bridges,mikal-bridges,G,,,29:12,29.2,6,13,0.462,2,5,0.4,0,0,0.0,1,0,1,5,1,0,1,1,14,-22.0,0022400797,Mikal Bridges,mikal bridges,,,2025-02-21,1,0.4794520547945206,0.03424657534246575,0.03424657534246575,0.17123287671232876,0.0684931506849315,3.0,3.0,7.0,1.0,2.0,4.0,10.0,1.0,2.0,0,0.0,0,0.00192,-36.4,-18948.46434148881,-36.330112,0.03424657534246575,5.0,6.0,0.44276464
0022400797,1610612752,New York,Knicks,NYK,knicks,1628973,Jalen,Brunson,J. Brunson,jalen-brunson,G,,,27:36,27.6,10,17,0.588,2,4,0.5,4,4,1.0,0,4,4,4,1,0,3,3,26,-17.0,0022400797,Jalen Brunson,jalen brunson,,,2025-02-21,1,0.9420289855072463,0.0,0.14492753623188406,0.14492753623188406,0.036231884057971016,1.0,5.0,3.0,2.0,2.0,4.0,6.0,3.0,2.0,0,0.0,0,0.00314,-27.9,-8882.521489971346,-27.812393999999998,0.036231884057971016,5.0,8.0,0.84006554
0022400797,1610612752,New York,Knicks,NYK,knicks,1630540,Miles,McBride,M. McBride,miles-mcbride,,,,20:53,20.883333333333333,2,5,0.4,1,3,0.333,0,0,0.0,0,3,3,0,0,0,1,0,5,-20.0,0022400797,Miles McBride,miles mcbride,,,2025-02-21,0,0.23942537909018358,0.0,0.14365522745411013,0.0,0.0,6.0,5.0,4.0,9.0,8.0,4.0,8.0,6.0,1.0,0,0.0,0,0.00122,-42.0,-34398.034398034404,-41.94876,0.0,8.0,9.0,0.015292605
0022400797,1610612752,New York,Knicks,NYK,knicks,1630574,Ariel,Hukporti,A. Hukporti,ariel-hukporti,,,,19:14,19.233333333333334,2,2,1.0,0,0,0.0,0,2,0.0,1,1,2,3,1,1,2,4,4,-16.0,0022400797,Ariel Hukporti,ariel hukporti,,,2025-02-21,2,0.20797227036395147,0.05199306759098787,0.10398613518197573,0.1559792027729636,0.1559792027729636,9.0,3.0,5.0,5.0,2.0,1.0,5.0,7.0,0.0,0,0.0,0,0.00111,-33.8,-30423.04230423042,-33.762482,0.10398613518197573,1.0,4.0,0.029127393
0022400797,1610612752,New York,Knicks,NYK,knicks,1629013,Landry,Shamet,L. Shamet,landry-shamet,,,,18:48,18.8,1,2,0.5,0,1,0.0,0,0,0.0,0,2,2,0,0,0,1,1,2,-15.0,0022400797,Landry Shamet,landry shamet,,,2025-02-21,0,0.10638297872340426,0.0,0.10638297872340426,0.0,0.0,12.0,5.0,5.0,9.0,8.0,4.0,4.0,8.0,1.0,0,0.0,0,0.0007099999999999999,-37.5,-52742.61603375528,-37.473375,0.0,8.0,9.0,0.006788369
0022400797,1610612752,New York,Knicks,NYK,knicks,1626166,Cameron,Payne,C. Payne,cameron-payne,,,,16:00,16.0,1,7,0.143,1,3,0.333,2,2,1.0,0,0,0,4,0,0,0,0,5,-17.0,0022400797,Cameron Payne,cameron payne,,,2025-02-21,0,0.3125,0.0,0.0,0.25,0.0,6.0,5.0,11.0,2.0,8.0,4.0,6.0,9.0,4.0,0,0.0,0,0.00222,-50.0,-22512.381809995495,-49.889,0.0,8.0,9.0,0.011299809
0022400797,1610612752,New York,Knicks,NYK,knicks,1642359,Pacôme,Dadiet,P. Dadiet,pacôme-dadiet,,,,12:00,12.0,3,7,0.429,1,3,0.333,0,1,0.0,0,1,1,0,2,0,1,0,7,-6.0,0022400797,Pacôme Dadiet,pacôme dadiet,,,2025-02-21,2,0.5833333333333334,0.0,0.08333333333333333,0.0,0.16666666666666666,4.0,5.0,7.0,9.0,1.0,4.0,3.0,10.0,2.0,0,0.0,0,0.00308,-24.0,-7789.678675754625,-23.92608,0.16666666666666666,1.0,3.0,0.1648275
0022400797,1610612752,New York,Knicks,NYK,knicks,1626153,Delon,Wright,D. Wright,delon-wright,,,,9:01,9.016666666666667,1,2,0.5,0,1,0.0,2,4,0.5,0,1,1,2,1,1,0,0,4,0.0,0022400797,Delon Wright,delon wright,,,2025-02-21,2,0.44362292051756,0.0,0.11090573012939,0.22181146025878,0.22181146025878,9.0,5.0,7.0,6.0,2.0,1.0,1.0,11.0,0.0,0,0.0,0,0.00211,0.0,0.0,0.0,0.22181146025878,1.0,1.0,0.025533266
0022400797,1610612752,New York,Knicks,NYK,knicks,1630346,Matt,Ryan,M. Ryan,matt-ryan,,,,4:24,4.4,1,3,0.333,1,2,0.5,0,0,0.0,0,1,1,2,0,0,0,0,3,-3.0,0022400797,Matt Ryan,matt ryan,,,2025-02-21,0,0.6818181818181818,0.0,0.22727272727272727,0.45454545454545453,0.0,11.0,5.0,7.0,6.0,8.0,4.0,2.0,12.0,,1,,1,0.00375,-20.8,-5545.187949880032,-20.722,0.0,8.0,9.0,0.01674881
0022400811,1610612752,New York,Knicks,NYK,knicks,1628404,Josh,Hart,J. Hart,josh-hart,F,,,40:09,40.15,8,14,0.571,0,0,0.0,4,4,1.0,2,9,11,9,0,0,2,2,20,-12.0,0022400811,Josh Hart,josh hart,,,2025-02-23,0,0.49813200498132004,0.04981320049813201,0.273972602739726,0.22415940224159403,0.04981320049813201,3.0,2.0,2.0,1.0,5.0,2.0,8.0,2.0,6.0,0,0.0,0,0.00189,-14.6,-7720.782654680063,-14.572406,0.0,5.0,4.0,0.5890629
0022400811,1610612752,New York,Knicks,NYK,knicks,1628384,OG,Anunoby,O. Anunoby,og-anunoby,F,,,35:29,35.483333333333334,2,7,0.286,2,6,0.333,4,4,1.0,0,2,2,2,0,0,1,3,10,-9.0,0022400811,OG Anunoby,og anunoby,,,2025-02-23,0,0.2818224518553311,0.0,0.05636449037106623,0.05636449037106623,0.0,5.0,3.0,4.0,4.0,5.0,2.0,5.0,4.0,3.0,0,0.0,0,0.00122,-13.9,-11384.111384111386,-13.883042,0.0,5.0,7.0,0.057961605
0022400811,1610612752,New York,Knicks,NYK,knicks,1626157,Karl-Anthony,Towns,K. Towns,karl-anthony-towns,C,,,41:20,41.333333333333336,9,20,0.45,3,4,0.75,3,3,1.0,5,13,18,0,0,0,1,4,24,-1.0,0022400811,Karl-Anthony Towns,karl-anthony towns,,,2025-02-23,0,0.5806451612903225,0.12096774193548386,0.43548387096774194,0.0,0.12096774193548386,1.0,1.0,1.0,7.0,5.0,2.0,2.0,1.0,0.0,0,0.0,0,0.00232,-2.5,-1077.1219302024988,-2.4942,0.0,5.0,2.0,0.81279236
0022400811,1610612752,New York,Knicks,NYK,knicks,1628969,Mikal,Bridges,M. Bridges,mikal-bridges,G,,,27:43,27.716666666666665,6,13,0.462,2,6,0.333,0,0,0.0,0,0,0,1,1,0,1,2,14,-23.0,0022400811,Mikal Bridges,mikal bridges,,,2025-02-23,1,0.5051112447384246,0.0,0.0,0.03607937462417318,0.03607937462417318,4.0,3.0,9.0,6.0,1.0,2.0,9.0,5.0,1.0,0,0.0,0,0.00222,-44.2,-19900.945520036017,-44.101876000000004,0.03607937462417318,2.0,5.0,0.29013914
0022400811,1610612752,New York,Knicks,NYK,knicks,1628973,Jalen,Brunson,J. Brunson,jalen-brunson,G,,,37:32,37.53333333333333,9,19,0.474,4,9,0.444,0,0,0.0,0,3,3,4,1,0,4,0,22,-9.0,0022400811,Jalen Brunson,jalen brunson,,,2025-02-23,1,0.5861456483126111,0.0,0.07992895204262877,0.10657193605683837,0.026642984014209593,2.0,3.0,3.0,2.0,1.0,2.0,5.0,3.0,0.0,0,0.0,0,0.00267,-13.1,-4904.530138524897,-13.065023,0.026642984014209593,2.0,6.0,0.7058041
0022400811,1610612752,New York,Knicks,NYK,knicks,1630540,Miles,McBride,M. McBride,miles-mcbride,,,,27:14,27.233333333333334,1,7,0.143,0,4,0.0,0,0,0.0,0,2,2,2,1,1,0,1,2,-4.0,0022400811,Miles McBride,miles mcbride,,,2025-02-23,2,0.07343941248470012,0.0,0.07343941248470012,0.07343941248470012,0.07343941248470012,8.0,3.0,4.0,4.0,1.0,1.0,3.0,6.0,0.0,0,0.0,0,0.0011899999999999999,-7.4,-6213.266162888331,-7.3911940000000005,0.07343941248470012,1.0,3.0,0.032849096
0022400811,1610612752,New York,Knicks,NYK,knicks,1630173,Precious,Achiuwa,P. Achiuwa,precious-achiuwa,,,,14:37,14.616666666666667,0,2,0.0,0,1,0.0,0,0,0.0,0,1,1,3,0,0,1,1,0,-9.0,0022400811,Precious Achiuwa,precious achiuwa,,,2025-02-23,0,0.0,0.0,0.06841505131128849,0.20524515393386544,0.0,9.0,3.0,7.0,3.0,5.0,2.0,5.0,7.0,2.0,0,0.0,0,0.001,-32.1,-32067.93206793207,-32.0679,0.0,5.0,7.0,0.006387709
0022400811,1610612752,New York,Knicks,NYK,knicks,1626166,Cameron,Payne,C. Payne,cameron-payne,,,,10:28,10.466666666666667,3,6,0.5,1,3,0.333,0,0,0.0,0,1,1,0,0,0,0,2,7,-4.0,0022400811,Cameron Payne,cameron payne,,,2025-02-23,0,0.6687898089171974,0.0,0.09554140127388534,0.0,0.0,6.0,3.0,7.0,7.0,5.0,2.0,3.0,8.0,2.0,0,0.0,0,0.00261,-24.5,-9383.378016085791,-24.436055,0.0,5.0,7.0,0.122167945
0022400811,1610612752,New York,Knicks,NYK,knicks,1629013,Landry,Shamet,L. Shamet,landry-shamet,,,,5:29,5.483333333333333,2,4,0.5,2,3,0.667,0,0,0.0,0,2,2,0,1,0,1,0,6,6.0,0022400811,Landry Shamet,landry shamet,,,2025-02-23,1,1.094224924012158,0.0,0.364741641337386,0.0,0.182370820668693,7.0,3.0,4.0,7.0,1.0,2.0,1.0,9.0,1.0,0,0.0,0,0.00385,48.2,12516.229550766035,48.014430000000004,0.182370820668693,2.0,1.0,0.30503947
0022400838,1610612752,New York,Knicks,NYK,knicks,1628384,OG,Anunoby,O. Anunoby,og-anunoby,F,,,42:05,42.083333333333336,5,15,0.333,1,6,0.167,5,5,1.0,0,9,9,3,2,0,1,2,16,4.0,0022400838,OG Anunoby,og anunoby,,,2025-02-26,2,0.3801980198019802,0.0,0.21386138613861386,0.07128712871287128,0.047524752475247525,3.0,4.0,2.0,3.0,1.0,6.0,2.0,1.0,4.0,0,0.0,0,0.00191,4.7,2459.4453165881737,4.691023,0.047524752475247525,3.0,6.0,0.34944355
0022400838,1610612752,New York,Knicks,NYK,knicks,1628404,Josh,Hart,J. Hart,josh-hart,F,,,38:36,38.6,3,5,0.6,0,0,0.0,1,4,0.25,3,14,17,4,1,1,7,2,7,11.0,0022400838,Josh Hart,josh hart,,,2025-02-26,2,0.18134715025906736,0.07772020725388601,0.44041450777202074,0.10362694300518134,0.12953367875647667,5.0,1.0,1.0,2.0,3.0,2.0,1.0,3.0,2.0,0,0.0,0,0.00159,15.3,9616.59333752357,15.275673000000001,0.05181347150259067,3.0,3.0,0.43428314
0022400838,1610612752,New York,Knicks,NYK,knicks,1630574,Ariel,Hukporti,A. Hukporti,ariel-hukporti,C,,,16:03,16.05,4,5,0.8,0,0,0.0,0,0,0.0,2,0,2,0,0,1,3,3,8,1.0,0022400838,Ariel Hukporti,ariel hukporti,,,2025-02-26,1,0.4984423676012461,0.12461059190031153,0.12461059190031153,0.0,0.18691588785046728,4.0,2.0,5.0,8.0,5.0,2.0,6.0,7.0,1.0,0,0.0,0,0.00211,3.1,1468.498342018001,3.093459,0.06230529595015576,5.0,2.0,0.41680512
0022400838,1610612752,New York,Knicks,NYK,knicks,1628969,Mikal,Bridges,M. Bridges,mikal-bridges,G,,,41:22,41.36666666666667,12,18,0.667,3,5,0.6,1,2,0.5,0,2,2,3,2,1,1,1,28,1.0,0022400838,Mikal Bridges,mikal bridges,,,2025-02-26,3,0.6768734891216761,0.0,0.048348106365834004,0.072522159548751,0.072522159548751,2.0,4.0,5.0,3.0,1.0,2.0,6.0,2.0,2.0,0,0.0,0,0.00213,1.2,563.1159080244016,1.197444,0.072522159548751,2.0,4.0,0.78933334
0022400838,1610612752,New York,Knicks,NYK,knicks,1628973,Jalen,Brunson,J. Brunson,jalen-brunson,G,,,36:29,36.483333333333334,8,17,0.471,3,5,0.6,15,16,0.938,0,3,3,7,1,0,2,1,34,3.0,0022400838,Jalen Brunson,jalen brunson,,,2025-02-26,1,0.9319323892188214,0.0,0.08222932846048424,0.19186843307446322,0.027409776153494745,1.0,4.0,4.0,1.0,3.0,6.0,4.0,4.0,1.0,0,0.0,0,0.0031,2.5,806.1915511125443,2.49225,0.027409776153494745,5.0,7.0,0.8653901
0022400838,1610612752,New York,Knicks,NYK,knicks,1630540,Miles,McBride,M. McBride,miles-mcbride,,,,17:06,17.1,3,4,0.75,0,1,0.0,0,0,0.0,0,2,2,1,0,1,0,4,6,-3.0,0022400838,Miles McBride,miles mcbride,,,2025-02-26,1,0.3508771929824561,0.0,0.11695906432748537,0.05847953216374269,0.05847953216374269,7.0,4.0,5.0,7.0,5.0,2.0,9.0,6.0,0.0,0,0.0,0,0.0010299999999999999,-3.4,-3297.7691561590696,-3.396498,0.05847953216374269,5.0,5.0,0.07220151
0022400838,1610612752,New York,Knicks,NYK,knicks,1630173,Precious,Achiuwa,P. Achiuwa,precious-achiuwa,,,,30:56,30.933333333333334,3,6,0.5,0,0,0.0,1,2,0.5,2,4,6,2,0,4,2,2,7,3.0,0022400838,Precious Achiuwa,precious achiuwa,,,2025-02-26,4,0.22629310344827586,0.06465517241379311,0.1939655172413793,0.06465517241379311,0.1939655172413793,5.0,2.0,3.0,5.0,5.0,1.0,4.0,5.0,2.0,0,0.0,0,0.00132,6.2,4693.414080242241,6.191816,0.12931034482758622,1.0,1.0,0.32648164
0022400838,1610612752,New York,Knicks,NYK,knicks,1629013,Landry,Shamet,L. Shamet,landry-shamet,,,,5:55,5.916666666666667,0,2,0.0,0,2,0.0,0,0,0.0,0,1,1,0,0,0,0,0,0,1.0,0022400838,Landry Shamet,landry shamet,,,2025-02-26,0,0.0,0.0,0.16901408450704225,0.0,0.0,9.0,4.0,8.0,8.0,5.0,6.0,6.0,9.0,0.0,0,0.0,0,0.00133,1.9,1427.4981217129978,1.8974729999999997,0.0,8.0,8.0,0.0052547273
0022400838,1610612752,New York,Knicks,NYK,knicks,1626166,Cameron,Payne,C. Payne,cameron-payne,,,,11:28,11.466666666666667,2,5,0.4,0,0,0.0,0,0,0.0,0,1,1,2,0,0,0,0,4,4.0,0022400838,Cameron Payne,cameron payne,,,2025-02-26,0,0.3488372093023256,0.0,0.0872093023255814,0.1744186046511628,0.0,8.0,4.0,8.0,5.0,5.0,6.0,2.0,8.0,1.0,0,0.0,0,0.002,19.7,9845.077461269364,19.6606,0.0,8.0,8.0,0.02932604
0022400856,1610612752,New York,Knicks,NYK,knicks,1628404,Josh,Hart,J. Hart,josh-hart,F,,,28:39,28.65,2,6,0.333,1,2,0.5,7,8,0.875,0,4,4,6,1,1,3,5,12,-4.0,0022400856,Josh Hart,josh hart,,,2025-02-28,2,0.418848167539267,0.0,0.13961605584642234,0.2094240837696335,0.06980802792321117,5.0,7.0,4.0,1.0,4.0,3.0,8.0,5.0,3.0,0,0.0,0,0.00197,-6.6,-3348.55403348554,-6.5869979999999995,0.06980802792321117,3.0,7.0,0.11809403
0022400856,1610612752,New York,Knicks,NYK,knicks,1628384,OG,Anunoby,O. Anunoby,og-anunoby,F,,,38:22,38.36666666666667,7,17,0.412,4,10,0.4,1,1,1.0,2,1,3,3,1,2,0,0,19,-4.0,0022400856,OG Anunoby,og anunoby,,,2025-02-28,3,0.4952215464813206,0.052128583840139006,0.07819287576020852,0.07819287576020852,0.13032145960034752,2.0,1.0,6.0,3.0,4.0,1.0,8.0,1.0,4.0,0,0.0,0,0.00181,-7.3,-4030.922142462728,-7.286787,0.07819287576020852,2.0,5.0,0.6631347
0022400856,1610612752,New York,Knicks,NYK,knicks,1626157,Karl-Anthony,Towns,K. Towns,karl-anthony-towns,C,,,31:17,31.283333333333335,4,11,0.364,1,5,0.2,2,3,0.667,1,6,7,2,0,1,1,5,11,-10.0,0022400856,Karl-Anthony Towns,karl-anthony towns,,,2025-02-28,1,0.3516249334043687,0.031965903036760786,0.2237613212573255,0.06393180607352157,0.06393180607352157,6.0,3.0,1.0,7.0,7.0,3.0,10.0,4.0,0.0,0,0.0,0,0.00183,-11.9,-6499.180775532496,-11.878223,0.031965903036760786,7.0,9.0,0.20590657
0022400856,1610612752,New York,Knicks,NYK,knicks,1628969,Mikal,Bridges,M. Bridges,mikal-bridges,G,,,33:29,33.483333333333334,7,14,0.5,0,5,0.0,1,2,0.5,0,2,2,3,0,2,0,1,15,1.0,0022400856,Mikal Bridges,mikal bridges,,,2025-02-28,2,0.44798407167745147,0.0,0.05973120955699353,0.08959681433549029,0.05973120955699353,4.0,7.0,7.0,3.0,7.0,1.0,4.0,3.0,2.0,0,0.0,0,0.0019,-0.1,-52.60389268805892,-0.09981000000000001,0.05973120955699353,3.0,10.0,0.41443834
0022400856,1610612752,New York,Knicks,NYK,knicks,1628973,Jalen,Brunson,J. Brunson,jalen-brunson,G,,,36:15,36.25,10,23,0.435,2,6,0.333,1,1,1.0,1,6,7,6,3,1,3,1,23,-2.0,0022400856,Jalen Brunson,jalen brunson,,,2025-02-28,4,0.6344827586206897,0.027586206896551724,0.19310344827586207,0.16551724137931034,0.13793103448275862,1.0,3.0,1.0,1.0,1.0,3.0,6.0,2.0,4.0,0,0.0,0,0.00306,-5.4,-1764.1293694870958,-5.383476000000001,0.1103448275862069,1.0,4.0,0.8158346
0022400856,1610612752,New York,Knicks,NYK,knicks,1629011,Mitchell,Robinson,M. Robinson,mitchell-robinson,,,,12:21,12.35,3,4,0.75,0,0,0.0,0,0,0.0,1,4,5,1,0,0,0,1,6,11.0,0022400856,Mitchell Robinson,mitchell robinson,,,2025-02-28,0,0.4858299595141701,0.08097165991902834,0.4048582995951417,0.08097165991902834,0.08097165991902834,7.0,3.0,3.0,9.0,7.0,6.0,1.0,8.0,2.0,0,0.0,0,0.0013800000000000002,46.3,33526.4301230992,46.23610599999999,0.0,9.0,6.0,0.15291905
0022400856,1610612752,New York,Knicks,NYK,knicks,1630540,Miles,McBride,M. McBride,miles-mcbride,,,,28:09,28.15,7,11,0.636,3,5,0.6,0,0,0.0,2,2,4,3,2,0,0,0,17,9.0,0022400856,Miles McBride,miles mcbride,,,2025-02-28,2,0.6039076376554174,0.07104795737122559,0.14209591474245117,0.10657193605683837,0.14209591474245117,3.0,1.0,4.0,3.0,2.0,6.0,2.0,6.0,4.0,0,0.0,0,0.00169,15.3,9047.900650502661,15.274143,0.07104795737122559,3.0,3.0,0.8960312
0022400856,1610612752,New York,Knicks,NYK,knicks,1629013,Landry,Shamet,L. Shamet,landry-shamet,,,,15:37,15.616666666666667,2,2,1.0,1,1,1.0,0,0,0.0,0,0,0,2,1,0,0,0,5,-2.0,0022400856,Landry Shamet,landry shamet,,,2025-02-28,1,0.32017075773745995,0.0,0.0,0.128068303094984,0.064034151547492,8.0,7.0,10.0,7.0,4.0,6.0,6.0,7.0,2.0,0,0.0,0,0.0005099999999999999,-15.4,-30136.986301369867,-15.392146,0.064034151547492,7.0,8.0,0.03522039
0022400856,1610612752,New York,Knicks,NYK,knicks,1630173,Precious,Achiuwa,P. Achiuwa,precious-achiuwa,,,,4:21,4.35,1,2,0.5,0,0,0.0,1,1,1.0,1,0,1,0,0,0,0,2,3,0.0,0022400856,Precious Achiuwa,precious achiuwa,,,2025-02-28,0,0.6896551724137931,0.2298850574712644,0.2298850574712644,0.0,0.2298850574712644,9.0,3.0,9.0,10.0,7.0,6.0,5.0,10.0,0.0,0,0.0,0,0.00154,-7.6,-4931.862426995458,-7.588296,0.0,9.0,1.0,0.018449476
0022400856,1610612752,New York,Knicks,NYK,knicks,1626166,Cameron,Payne,C. Payne,cameron-payne,,,,11:32,11.533333333333333,1,5,0.2,1,4,0.25,0,0,0.0,0,2,2,3,2,0,1,1,3,6.0,0022400856,Cameron Payne,cameron payne,,,2025-02-28,2,0.26011560693641617,0.0,0.17341040462427745,0.26011560693641617,0.17341040462427745,9.0,7.0,7.0,3.0,2.0,6.0,3.0,9.0,2.0,0,0.0,0,0.002,14.2,7096.451774112943,14.1716,0.17341040462427745,3.0,2.0,0.02182989
0022400869,1610612752,New York,Knicks,NYK,knicks,1628404,Josh,Hart,J. Hart,josh-hart,F,,,43:06,43.1,7,12,0.583,0,2,0.0,0,0,0.0,0,7,7,3,0,1,1,0,14,1.0,0022400869,Josh Hart,josh hart,,,2025-03-02,1,0.3248259860788863,0.0,0.16241299303944315,0.06960556844547564,0.02320185614849188,4.0,6.0,3.0,4.0,4.0,2.0,5.0,1.0,1.0,0,0.0,0,0.0014099999999999998,-0.3,-212.61516654854717,-0.299577,0.02320185614849188,3.0,7.0,0.27631965
0022400869,1610612752,New York,Knicks,NYK,knicks,1628384,OG,Anunoby,O. Anunoby,og-anunoby,F,,,42:58,42.96666666666667,9,18,0.5,4,9,0.444,1,2,0.5,3,6,9,5,2,3,1,1,23,8.0,0022400869,OG Anunoby,og anunoby,,,2025-03-02,5,0.5352986811481768,0.06982156710628394,0.2094647013188518,0.11636927851047323,0.18619084561675717,2.0,2.0,2.0,3.0,1.0,1.0,4.0,2.0,5.0,0,0.0,0,0.0020399999999999997,11.2,5487.5061244488,11.177152,0.11636927851047323,1.0,2.0,0.85376114
0022400869,1610612752,New York,Knicks,NYK,knicks,1626157,Karl-Anthony,Towns,K. Towns,karl-anthony-towns,C,,,39:45,39.75,6,11,0.545,1,4,0.25,6,7,0.857,4,12,16,0,0,1,3,4,19,10.0,0022400869,Karl-Anthony Towns,karl-anthony towns,,,2025-03-02,1,0.4779874213836478,0.10062893081761007,0.4025157232704403,0.0,0.12578616352201258,3.0,1.0,1.0,7.0,4.0,2.0,3.0,4.0,0.0,0,0.0,0,0.00189,8.4,4442.0941300899,8.384124,0.025157232704402517,3.0,3.0,0.56632245
0022400869,1610612752,New York,Knicks,NYK,knicks,1628969,Mikal,Bridges,M. Bridges,mikal-bridges,G,,,28:30,28.5,2,11,0.182,1,6,0.167,0,0,0.0,1,3,4,8,0,0,0,0,5,-5.0,0022400869,Mikal Bridges,mikal bridges,,,2025-03-02,0,0.17543859649122806,0.03508771929824561,0.14035087719298245,0.2807017543859649,0.03508771929824561,6.0,4.0,5.0,1.0,4.0,5.0,6.0,6.0,1.0,0,0.0,0,0.00153,-11.1,-7250.163291966036,-11.083017,0.0,7.0,6.0,0.039034132
0022400869,1610612752,New York,Knicks,NYK,knicks,1628973,Jalen,Brunson,J. Brunson,jalen-brunson,G,,,42:24,42.4,13,25,0.52,3,11,0.273,2,4,0.5,1,4,5,6,2,0,3,5,31,12.0,0022400869,Jalen Brunson,jalen brunson,,,2025-03-02,2,0.7311320754716981,0.02358490566037736,0.1179245283018868,0.14150943396226415,0.07075471698113207,1.0,4.0,4.0,2.0,1.0,5.0,1.0,3.0,2.0,0,1.0,0,0.00309,15.0,4852.7984471044965,14.95365,0.04716981132075472,2.0,5.0,0.8457756
0022400869,1610612752,New York,Knicks,NYK,knicks,1630540,Miles,McBride,M. McBride,miles-mcbride,,,,30:28,30.466666666666665,4,10,0.4,3,7,0.429,1,2,0.5,0,2,2,2,0,0,1,2,12,11.0,0022400869,Miles McBride,miles mcbride,,,2025-03-02,0,0.39387308533916854,0.0,0.06564551422319476,0.06564551422319476,0.0,5.0,6.0,6.0,6.0,4.0,5.0,2.0,5.0,1.0,0,0.0,0,0.00182,22.5,12355.848434925865,22.459049999999998,0.0,7.0,8.0,0.5049714
0022400869,1610612752,New York,Knicks,NYK,knicks,1629011,Mitchell,Robinson,M. Robinson,mitchell-robinson,,,,13:15,13.25,1,1,1.0,0,0,0.0,0,0,0.0,2,0,2,0,0,1,0,1,2,-6.0,0022400869,Mitchell Robinson,mitchell robinson,,,2025-03-02,1,0.1509433962264151,0.1509433962264151,0.1509433962264151,0.0,0.22641509433962265,9.0,3.0,6.0,7.0,4.0,2.0,8.0,8.0,0.0,0,0.0,0,0.00033,-9.3,-28096.67673716012,-9.296931,0.07547169811320754,3.0,1.0,0.049654033
0022400869,1610612752,New York,Knicks,NYK,knicks,1629013,Landry,Shamet,L. Shamet,landry-shamet,,,,14:26,14.433333333333334,2,4,0.5,1,3,0.333,0,0,0.0,0,0,0,0,0,0,1,2,5,-6.0,0022400869,Landry Shamet,landry shamet,,,2025-03-02,0,0.3464203233256351,0.0,0.0,0.0,0.0,6.0,6.0,9.0,7.0,4.0,5.0,8.0,7.0,0.0,0,0.0,0,0.00185,-13.5,-7293.354943273906,-13.475025,0.0,7.0,8.0,0.022927891
0022400869,1610612752,New York,Knicks,NYK,knicks,1626166,Cameron,Payne,C. Payne,cameron-payne,,,,10:10,10.166666666666666,2,3,0.667,1,2,0.5,0,0,0.0,0,1,1,3,1,0,0,1,5,-5.0,0022400869,Cameron Payne,cameron payne,,,2025-03-02,1,0.49180327868852464,0.0,0.09836065573770493,0.29508196721311475,0.09836065573770493,6.0,6.0,8.0,4.0,3.0,5.0,6.0,9.0,0.0,0,0.0,0,0.0014299999999999998,-19.0,-13277.428371767997,-18.97283,0.09836065573770493,3.0,4.0,0.06471214
0022400885,1610612752,New York,Knicks,NYK,knicks,1628384,OG,Anunoby,O. Anunoby,og-anunoby,F,,,41:46,41.766666666666666,11,19,0.579,4,9,0.444,3,5,0.6,2,1,3,3,0,0,4,4,29,-10.0,0022400885,OG Anunoby,og anunoby,,,2025-03-04,0,0.6943335993615324,0.047885075818036714,0.07182761372705507,0.07182761372705507,0.047885075818036714,1.0,3.0,6.0,5.0,4.0,3.0,5.0,1.0,2.0,0,0.0,0,0.0026,-11.9,-4575.163398692811,-11.86906,0.0,6.0,6.0,0.851539
0022400885,1610612752,New York,Knicks,NYK,knicks,1628404,Josh,Hart,J. Hart,josh-hart,F,,,33:05,33.083333333333336,1,8,0.125,0,4,0.0,0,0,0.0,1,7,8,3,0,0,2,1,2,-22.0,0022400885,Josh Hart,josh hart,,,2025-03-04,0,0.060453400503778336,0.030226700251889168,0.24181360201511334,0.0906801007556675,0.030226700251889168,9.0,5.0,2.0,5.0,4.0,3.0,9.0,4.0,1.0,0,0.0,0,0.00122,-27.9,-22850.12285012285,-27.865962,0.0,6.0,7.0,0.010420197
0022400885,1610612752,New York,Knicks,NYK,knicks,1629011,Mitchell,Robinson,M. Robinson,mitchell-robinson,C,,,15:19,15.316666666666666,3,6,0.5,0,0,0.0,1,1,1.0,4,1,5,0,0,0,1,2,7,-10.0,0022400885,Mitchell Robinson,mitchell robinson,,,2025-03-04,0,0.45701849836779107,0.2611534276387378,0.3264417845484222,0.0,0.2611534276387378,5.0,1.0,3.0,7.0,4.0,3.0,5.0,7.0,0.0,0,0.0,0,0.00189,-36.8,-19460.60285563194,-36.730448,0.0,6.0,1.0,0.22627094
0022400885,1610612752,New York,Knicks,NYK,knicks,1628969,Mikal,Bridges,M. Bridges,mikal-bridges,G,,,35:42,35.7,7,15,0.467,1,5,0.2,0,0,0.0,1,3,4,4,0,1,1,3,15,-21.0,0022400885,Mikal Bridges,mikal bridges,,,2025-03-04,1,0.4201680672268907,0.028011204481792715,0.11204481792717086,0.11204481792717086,0.05602240896358543,3.0,5.0,4.0,3.0,4.0,1.0,8.0,3.0,2.0,0,0.0,0,0.00182,-24.7,-13563.97583745195,-24.655046,0.028011204481792715,2.0,5.0,0.50391525
0022400885,1610612752,New York,Knicks,NYK,knicks,1628973,Jalen,Brunson,J. Brunson,jalen-brunson,G,,,37:17,37.28333333333333,9,18,0.5,1,7,0.143,6,7,0.857,0,2,2,7,1,0,4,1,25,-15.0,0022400885,Jalen Brunson,jalen brunson,,,2025-03-04,1,0.6705409029950827,0.0,0.05364327223960662,0.18775145283862316,0.02682163611980331,2.0,7.0,7.0,1.0,2.0,3.0,7.0,2.0,3.0,0,0.0,0,0.0027500000000000003,-17.7,-6434.023991275899,-17.651325,0.02682163611980331,2.0,8.0,0.6855321
0022400885,1610612752,New York,Knicks,NYK,knicks,1630173,Precious,Achiuwa,P. Achiuwa,precious-achiuwa,,,,30:02,30.033333333333335,4,10,0.4,0,1,0.0,0,0,0.0,4,11,15,0,0,1,0,2,8,-2.0,0022400885,Precious Achiuwa,precious achiuwa,,,2025-03-04,1,0.2663706992230854,0.1331853496115427,0.49944506104328523,0.0,0.1664816870144284,4.0,1.0,1.0,7.0,4.0,1.0,4.0,5.0,2.0,0,0.0,0,0.0014299999999999998,-3.3,-2306.0796645702308,-3.2952809999999997,0.03329633740288568,2.0,3.0,0.49189714
0022400885,1610612752,New York,Knicks,NYK,knicks,1630540,Miles,McBride,M. McBride,miles-mcbride,,,,23:48,23.8,2,7,0.286,0,2,0.0,2,2,1.0,2,2,4,5,1,0,0,2,6,8.0,0022400885,Miles McBride,miles mcbride,,,2025-03-04,1,0.25210084033613445,0.08403361344537814,0.1680672268907563,0.21008403361344538,0.12605042016806722,6.0,3.0,4.0,2.0,2.0,3.0,2.0,6.0,4.0,0,0.0,0,0.0014000000000000002,18.2,12990.720913633118,18.17452,0.04201680672268907,2.0,4.0,0.2995626
0022400885,1610612752,New York,Knicks,NYK,knicks,1629013,Landry,Shamet,L. Shamet,landry-shamet,,,,12:18,12.3,2,3,0.667,1,2,0.5,0,0,0.0,0,0,0,0,0,0,1,0,5,9.0,0022400885,Landry Shamet,landry shamet,,,2025-03-04,0,0.4065040650406504,0.0,0.0,0.0,0.0,7.0,7.0,9.0,7.0,4.0,3.0,1.0,8.0,2.0,0,0.0,0,0.00154,35.4,22972.096041531473,35.345484,0.0,6.0,9.0,0.04218591
0022400885,1610612752,New York,Knicks,NYK,knicks,1626166,Cameron,Payne,C. Payne,cameron-payne,,,,10:43,10.716666666666667,2,6,0.333,1,3,0.333,0,0,0.0,0,1,1,4,2,0,0,2,5,3.0,0022400885,Cameron Payne,cameron payne,,,2025-03-04,2,0.4665629860031104,0.0,0.09331259720062209,0.37325038880248834,0.18662519440124417,7.0,7.0,8.0,3.0,1.0,3.0,3.0,9.0,4.0,0,0.0,0,0.00261,15.0,5744.925315970892,14.96085,0.18662519440124417,1.0,2.0,0.07185176
0022400903,1610612752,New York,Knicks,NYK,knicks,1628404,Josh,Hart,J. Hart,josh-hart,F,,,43:53,43.88333333333333,6,13,0.462,2,6,0.333,4,7,0.571,5,5,10,2,4,0,3,4,18,-6.0,0022400903,Josh Hart,josh hart,,,2025-03-06,4,0.41017850360805164,0.1139384732244588,0.2278769464489176,0.04557538928978352,0.20508925180402582,3.0,1.0,2.0,3.0,1.0,3.0,6.0,2.0,4.0,0,0.0,0,0.00181,-10.6,-5853.119823302043,-10.580814,0.09115077857956703,1.0,2.0,0.7419379
0022400903,1610612752,New York,Knicks,NYK,knicks,1628384,OG,Anunoby,O. Anunoby,og-anunoby,F,,,44:27,44.45,7,18,0.389,4,11,0.364,2,3,0.667,1,3,4,1,0,1,2,4,20,-13.0,0022400903,OG Anunoby,og anunoby,,,2025-03-06,1,0.44994375703037115,0.02249718785151856,0.08998875140607424,0.02249718785151856,0.04499437570303712,2.0,5.0,4.0,5.0,6.0,1.0,9.0,1.0,0.0,0,0.0,0,0.002,-14.6,-7296.351824087955,-14.5708,0.02249718785151856,4.0,6.0,0.45998356
0022400903,1610612752,New York,Knicks,NYK,knicks,1626157,Karl-Anthony,Towns,K. Towns,karl-anthony-towns,C,,,42:16,42.266666666666666,3,13,0.231,1,6,0.167,5,7,0.714,3,11,14,1,1,0,2,5,12,-1.0,0022400903,Karl-Anthony Towns,karl-anthony towns,,,2025-03-06,1,0.28391167192429023,0.07097791798107256,0.3312302839116719,0.023659305993690854,0.09463722397476342,4.0,2.0,1.0,5.0,3.0,3.0,5.0,4.0,0.0,0,0.0,0,0.00182,-2.5,-1372.872048325096,-2.49545,0.023659305993690854,4.0,4.0,0.2149233
0022400903,1610612752,New York,Knicks,NYK,knicks,1628969,Mikal,Bridges,M. Bridges,mikal-bridges,G,,,43:01,43.016666666666666,3,6,0.5,0,1,0.0,0,0,0.0,1,2,3,3,3,0,1,1,6,-12.0,0022400903,Mikal Bridges,mikal bridges,,,2025-03-06,3,0.13948082138705928,0.02324680356450988,0.06974041069352964,0.06974041069352964,0.09298721425803952,5.0,5.0,7.0,2.0,2.0,3.0,8.0,3.0,4.0,0,0.0,0,0.0007199999999999999,-15.6,-21636.615811373093,-15.588767999999998,0.06974041069352964,2.0,5.0,0.06629477
0022400903,1610612752,New York,Knicks,NYK,knicks,1628973,Jalen,Brunson,J. Brunson,jalen-brunson,G,,,41:11,41.18333333333333,13,26,0.5,1,7,0.143,12,13,0.923,0,4,4,10,0,0,3,2,39,-8.0,0022400903,Jalen Brunson,jalen brunson,,,2025-03-06,0,0.9469850263051397,0.0,0.09712666936462971,0.24281667341157429,0.0,1.0,7.0,4.0,1.0,6.0,3.0,7.0,5.0,0.0,0,1.0,0,0.00358,-12.5,-3490.6450712091596,-12.45525,0.0,7.0,7.0,0.92094654
0022400903,1610612752,New York,Knicks,NYK,knicks,1629011,Mitchell,Robinson,M. Robinson,mitchell-robinson,,,,13:03,13.05,2,3,0.667,0,0,0.0,2,2,1.0,2,2,4,0,1,0,0,1,6,2.0,0022400903,Mitchell Robinson,mitchell robinson,,,2025-03-06,1,0.45977011494252873,0.1532567049808429,0.3065134099616858,0.0,0.22988505747126436,5.0,3.0,4.0,8.0,3.0,3.0,4.0,7.0,3.0,0,0.0,0,0.00121,10.7,8835.67299752271,10.687052999999999,0.07662835249042145,4.0,1.0,0.20580941
0022400903,1610612752,New York,Knicks,NYK,knicks,1630540,Miles,McBride,M. McBride,miles-mcbride,,,,21:01,21.016666666666666,0,6,0.0,0,4,0.0,0,0,0.0,2,3,5,2,1,1,1,2,0,4.0,0022400903,Miles McBride,miles mcbride,,,2025-03-06,2,0.0,0.09516256938937352,0.2379064234734338,0.09516256938937352,0.19032513877874704,9.0,3.0,3.0,3.0,3.0,1.0,3.0,6.0,4.0,0,0.0,0,0.00121,10.8,8918.249380677129,10.786932,0.09516256938937352,3.0,3.0,0.03535891
0022400903,1610612752,New York,Knicks,NYK,knicks,1629013,Landry,Shamet,L. Shamet,landry-shamet,,,,5:52,5.866666666666667,2,3,0.667,1,2,0.5,0,0,0.0,0,0,0,0,0,0,0,2,5,6.0,0022400903,Landry Shamet,landry shamet,,,2025-03-06,0,0.8522727272727272,0.0,0.0,0.0,0.0,7.0,7.0,9.0,8.0,6.0,3.0,2.0,9.0,,1,,1,0.002,50.0,24987.50624687656,49.9,0.0,7.0,7.0,0.057722285
0022400903,1610612752,New York,Knicks,NYK,knicks,1626166,Cameron,Payne,C. Payne,cameron-payne,,,,10:16,10.266666666666667,1,6,0.167,1,6,0.167,0,0,0.0,0,2,2,1,0,0,1,0,3,8.0,0022400903,Cameron Payne,cameron payne,,,2025-03-06,0,0.2922077922077922,0.0,0.1948051948051948,0.0974025974025974,0.0,8.0,7.0,8.0,5.0,6.0,3.0,1.0,8.0,0.0,0,0.0,0,0.00269,42.6,15830.546265328872,42.485406000000005,0.0,7.0,7.0,0.017702306
0022400911,1610612752,New York,Knicks,NYK,knicks,1628404,Josh,Hart,J. Hart,josh-hart,F,,,45:52,45.86666666666667,6,13,0.462,1,4,0.25,1,2,0.5,2,18,20,6,0,0,2,2,14,-6.0,0022400911,Josh Hart,josh hart,,,2025-03-07,0,0.30523255813953487,0.0436046511627907,0.436046511627907,0.1308139534883721,0.0436046511627907,3.0,2.0,1.0,1.0,5.0,5.0,4.0,1.0,0.0,0,0.0,0,0.00147,-5.4,-3670.9721278042152,-5.392062,0.0,8.0,7.0,0.37084365
0022400911,1610612752,New York,Knicks,NYK,knicks,1628384,OG,Anunoby,O. Anunoby,og-anunoby,F,,,36:39,36.65,4,15,0.267,2,8,0.25,1,1,1.0,7,1,8,1,2,1,3,3,11,-14.0,0022400911,OG Anunoby,og anunoby,,,2025-03-07,3,0.30013642564802184,0.19099590723055934,0.21828103683492497,0.027285129604365622,0.2728512960436562,4.0,1.0,3.0,7.0,1.0,1.0,7.0,3.0,1.0,0,0.0,0,0.00194,-18.4,-9479.649665121071,-18.364303999999997,0.08185538881309687,1.0,1.0,0.26995772
0022400911,1610612752,New York,Knicks,NYK,knicks,1626157,Karl-Anthony,Towns,K. Towns,karl-anthony-towns,C,,,34:05,34.083333333333336,8,21,0.381,3,7,0.429,4,4,1.0,2,8,10,2,2,0,3,3,23,-17.0,0022400911,Karl-Anthony Towns,karl-anthony towns,,,2025-03-07,2,0.6748166259168704,0.058679706601466985,0.2933985330073349,0.058679706601466985,0.11735941320293397,1.0,2.0,2.0,5.0,1.0,5.0,8.0,4.0,2.0,0,0.0,0,0.00299,-25.3,-8458.709461718488,-25.224353,0.058679706601466985,2.0,3.0,0.7608608
0022400911,1610612752,New York,Knicks,NYK,knicks,1628969,Mikal,Bridges,M. Bridges,mikal-bridges,G,,,42:36,42.6,8,12,0.667,0,1,0.0,6,6,1.0,2,2,4,5,0,1,4,2,22,-8.0,0022400911,Mikal Bridges,mikal bridges,,,2025-03-07,1,0.5164319248826291,0.046948356807511735,0.09389671361502347,0.11737089201877934,0.07042253521126761,2.0,2.0,5.0,3.0,5.0,1.0,5.0,2.0,1.0,0,0.0,0,0.0018599999999999999,-9.2,-4943.5787211176785,-9.182888,0.023474178403755867,3.0,4.0,0.78035104
0022400911,1610612752,New York,Knicks,NYK,knicks,1630540,Miles,McBride,M. McBride,miles-mcbride,G,,,33:38,33.63333333333333,2,13,0.154,2,9,0.222,1,2,0.5,0,2,2,6,1,0,1,3,7,-10.0,0022400911,Miles McBride,miles mcbride,,,2025-03-07,1,0.20812685827552033,0.0,0.05946481665014866,0.17839444995044598,0.02973240832507433,6.0,6.0,6.0,1.0,3.0,5.0,6.0,5.0,2.0,0,0.0,0,0.0017399999999999998,-13.0,-7466.973004020679,-12.97738,0.02973240832507433,3.0,8.0,0.050353393
0022400911,1610612752,New York,Knicks,NYK,knicks,1629013,Landry,Shamet,L. Shamet,landry-shamet,,,,16:45,16.75,1,4,0.25,0,2,0.0,2,2,1.0,0,2,2,0,1,0,0,2,4,2.0,0022400911,Landry Shamet,landry shamet,,,2025-03-07,1,0.23880597014925373,0.0,0.11940298507462686,0.0,0.05970149253731343,8.0,6.0,6.0,8.0,3.0,5.0,2.0,6.0,2.0,0,0.0,0,0.00135,8.7,6439.674315321983,8.688255,0.05970149253731343,3.0,6.0,0.025615599
0022400911,1610612752,New York,Knicks,NYK,knicks,1630173,Precious,Achiuwa,P. Achiuwa,precious-achiuwa,,,,16:04,16.066666666666666,4,6,0.667,0,0,0.0,1,1,1.0,1,4,5,2,0,1,0,0,9,3.0,0022400911,Precious Achiuwa,precious achiuwa,,,2025-03-07,1,0.5601659751037344,0.06224066390041494,0.3112033195020747,0.12448132780082988,0.12448132780082988,5.0,5.0,4.0,5.0,5.0,1.0,1.0,7.0,0.0,0,0.0,0,0.00158,6.2,3921.568627450981,6.190204,0.06224066390041494,3.0,2.0,0.7850606
0022400911,1610612752,New York,Knicks,NYK,knicks,1626166,Cameron,Payne,C. Payne,cameron-payne,,,,14:22,14.366666666666667,2,7,0.286,1,3,0.333,0,0,0.0,0,2,2,3,0,1,2,0,5,0.0,0022400911,Cameron Payne,cameron payne,,,2025-03-07,1,0.3480278422273782,0.0,0.13921113689095127,0.2088167053364269,0.06960556844547564,7.0,6.0,6.0,4.0,5.0,1.0,3.0,8.0,2.0,0,0.0,0,0.003,0.0,0.0,0.0,0.06960556844547564,3.0,5.0,0.06358973
0022400939,1610612752,New York,Knicks,NYK,knicks,1628404,Josh,Hart,J. Hart,josh-hart,F,,,31:00,31.0,6,11,0.545,4,6,0.667,2,2,1.0,0,6,6,3,0,0,3,2,18,29.0,0022400939,Josh Hart,josh hart,,,2025-03-10,0,0.5806451612903226,0.0,0.1935483870967742,0.0967741935483871,0.0,4.0,5.0,3.0,4.0,6.0,2.0,2.0,4.0,1.0,0,0.0,0,0.0020499999999999997,47.6,23208.191126279864,47.50242,0.0,6.0,8.0,0.70229506
0022400939,1610612752,New York,Knicks,NYK,knicks,1628384,OG,Anunoby,O. Anunoby,og-anunoby,F,,,37:18,37.3,7,15,0.467,3,7,0.429,7,8,0.875,0,7,7,8,5,0,1,2,24,23.0,0022400939,OG Anunoby,og anunoby,,,2025-03-10,5,0.64343163538874,0.0,0.18766756032171583,0.21447721179624665,0.13404825737265416,2.0,5.0,2.0,1.0,1.0,2.0,5.0,1.0,6.0,0,0.0,0,0.0023,29.9,12994.350282485875,29.831229999999998,0.13404825737265416,1.0,4.0,0.734462
0022400939,1610612752,New York,Knicks,NYK,knicks,1626157,Karl-Anthony,Towns,K. Towns,karl-anthony-towns,C,,,27:41,27.683333333333334,8,15,0.533,3,6,0.5,7,9,0.778,2,7,9,3,1,1,4,5,26,8.0,0022400939,Karl-Anthony Towns,karl-anthony towns,,,2025-03-10,2,0.9391932570740518,0.07224563515954244,0.325105358217941,0.10836845273931367,0.14449127031908487,1.0,1.0,1.0,4.0,4.0,1.0,7.0,5.0,1.0,0,0.0,0,0.0035399999999999997,19.1,5393.956509460605,19.032386000000002,0.07224563515954244,3.0,3.0,0.8419963
0022400939,1610612752,New York,Knicks,NYK,knicks,1628969,Mikal,Bridges,M. Bridges,mikal-bridges,G,,,33:31,33.516666666666666,6,10,0.6,1,3,0.333,2,2,1.0,1,2,3,8,0,0,0,1,15,29.0,0022400939,Mikal Bridges,mikal bridges,,,2025-03-10,0,0.44753853804077576,0.029835902536051718,0.08950770760815514,0.23868722028841374,0.029835902536051718,5.0,3.0,5.0,1.0,6.0,2.0,2.0,2.0,0.0,0,0.0,0,0.0013900000000000002,44.9,32278.93601725377,44.837589,0.0,6.0,7.0,0.7418849
0022400939,1610612752,New York,Knicks,NYK,knicks,1630540,Miles,McBride,M. McBride,miles-mcbride,G,,,31:45,31.75,7,11,0.636,4,5,0.8,3,5,0.6,0,3,3,7,2,0,0,3,21,32.0,0022400939,Miles McBride,miles mcbride,,,2025-03-10,2,0.6614173228346457,0.0,0.09448818897637795,0.2204724409448819,0.06299212598425197,3.0,5.0,5.0,3.0,3.0,2.0,1.0,3.0,1.0,0,0.0,0,0.0017299999999999998,49.2,28422.876949740043,49.114884,0.06299212598425197,3.0,5.0,0.82823735
0022400939,1610612752,New York,Knicks,NYK,knicks,1629011,Mitchell,Robinson,M. Robinson,mitchell-robinson,,,,15:54,15.9,1,1,1.0,0,0,0.0,0,0,0.0,2,3,5,1,4,0,2,3,2,26.0,0022400939,Mitchell Robinson,mitchell robinson,,,2025-03-10,4,0.12578616352201258,0.12578616352201258,0.31446540880503143,0.06289308176100629,0.3773584905660377,10.0,1.0,4.0,7.0,2.0,2.0,4.0,7.0,5.0,0,0.0,0,0.0008100000000000001,84.2,103822.44143033291,84.131798,0.25157232704402516,2.0,1.0,0.105316095
0022400939,1610612752,New York,Knicks,NYK,knicks,1629013,Landry,Shamet,L. Shamet,landry-shamet,,,,23:53,23.883333333333333,5,7,0.714,3,4,0.75,0,0,0.0,0,3,3,0,1,0,0,1,13,16.0,0022400939,Landry Shamet,landry shamet,,,2025-03-10,1,0.5443126308443824,0.0,0.1256106071179344,0.0,0.0418702023726448,6.0,5.0,5.0,9.0,4.0,2.0,6.0,6.0,1.0,0,0.0,0,0.00123,35.3,28675.87327376117,35.256581,0.0418702023726448,5.0,6.0,0.70703
0022400939,1610612752,New York,Knicks,NYK,knicks,1630173,Precious,Achiuwa,P. Achiuwa,precious-achiuwa,,,,5:00,5.0,1,2,0.5,0,1,0.0,0,0,0.0,0,0,0,0,0,0,0,1,2,-3.0,0022400939,Precious Achiuwa,precious achiuwa,,,2025-03-10,0,0.4,0.0,0.0,0.0,0.0,10.0,5.0,10.0,9.0,6.0,2.0,10.0,10.0,,1,,1,0.00182,-27.3,-14991.76276771005,-27.250314,0.0,6.0,8.0,0.006546589
0022400939,1610612752,New York,Knicks,NYK,knicks,1626166,Cameron,Payne,C. Payne,cameron-payne,,,,14:12,14.2,2,3,0.667,2,3,0.667,0,0,0.0,0,0,0,3,0,0,2,4,6,0.0,0022400939,Cameron Payne,cameron payne,,,2025-03-10,0,0.4225352112676057,0.0,0.0,0.21126760563380284,0.0,7.0,5.0,10.0,4.0,6.0,2.0,8.0,8.0,1.0,0,1.0,0,0.00167,11.6,6941.95092758827,11.580628,0.0,6.0,8.0,0.11730568
0022400939,1610612752,New York,Knicks,NYK,knicks,1626153,Delon,Wright,D. Wright,delon-wright,,,,5:53,5.883333333333333,1,1,1.0,1,1,1.0,0,0,0.0,1,1,2,0,0,0,1,0,3,0.0,0022400939,Delon Wright,delon wright,,,2025-03-10,0,0.509915014164306,0.16997167138810199,0.33994334277620397,0.0,0.16997167138810199,8.0,3.0,8.0,9.0,6.0,2.0,8.0,9.0,0.0,0,0.0,0,0.00125,0.0,0.0,0.0,0.0,6.0,2.0,0.017799912
0022400939,1610612752,New York,Knicks,NYK,knicks,1642278,Tyler,Kolek,T. Kolek,tyler-kolek,,,,4:44,4.733333333333333,0,2,0.0,0,2,0.0,0,0,0.0,0,0,0,0,0,0,0,1,0,-5.0,0022400939,Tyler Kolek,tyler kolek,,,2025-03-10,0,0.0,0.0,0.0,0.0,0.0,12.0,5.0,10.0,9.0,6.0,2.0,11.0,11.0,0.0,0,0.0,0,0.0014299999999999998,-55.5,-38784.06708595389,-55.420635,0.0,6.0,8.0,0.0023822838
0022400939,1610612752,New York,Knicks,NYK,knicks,1630699,MarJon,Beauchamp,M. Beauchamp,marjon-beauchamp,,,,4:44,4.733333333333333,1,3,0.333,1,2,0.5,0,0,0.0,0,2,2,0,0,0,1,1,3,-5.0,0022400939,MarJon Beauchamp,marjon beauchamp,,,2025-03-10,0,0.6338028169014085,0.0,0.4225352112676056,0.0,0.0,8.0,5.0,8.0,9.0,6.0,2.0,11.0,11.0,0.0,0,0.0,0,0.0028599999999999997,-55.5,-19398.81160433415,-55.34127,0.0,6.0,8.0,0.011447657
0022400939,1610612752,New York,Knicks,NYK,knicks,1641817,Anton,Watson,A. Watson,anton-watson,,,,4:25,4.416666666666667,0,3,0.0,0,0,0.0,0,0,0.0,0,0,0,1,0,0,1,0,0,-5.0,0022400939,Anton Watson,anton watson,,,2025-03-10,0,0.0,0.0,0.0,0.22641509433962262,0.0,12.0,5.0,10.0,7.0,6.0,2.0,11.0,13.0,0.0,0,0.0,0,0.00333,-50.0,-15010.507355148604,-49.8335,0.0,6.0,8.0,0.0029938733
0022400953,1610612752,New York,Knicks,NYK,knicks,1628404,Josh,Hart,J. Hart,josh-hart,F,,,42:10,42.166666666666664,4,14,0.286,2,6,0.333,1,2,0.5,3,8,11,9,1,0,3,2,11,3.0,0022400953,Josh Hart,josh hart,,,2025-03-12,1,0.2608695652173913,0.07114624505928854,0.2608695652173913,0.21343873517786563,0.09486166007905139,4.0,1.0,1.0,1.0,4.0,6.0,3.0,2.0,4.0,0,0.0,0,0.00184,3.6,1955.4589896795221,3.593376,0.023715415019762848,6.0,5.0,0.6809307
0022400953,1610612752,New York,Knicks,NYK,knicks,1628384,OG,Anunoby,O. Anunoby,og-anunoby,F,,,43:11,43.18333333333333,8,20,0.4,3,8,0.375,4,6,0.667,1,6,7,3,1,1,1,1,23,8.0,0022400953,OG Anunoby,og anunoby,,,2025-03-12,2,0.5326128907757623,0.02315708220764184,0.16209957545349288,0.06947124662292552,0.06947124662292552,2.0,4.0,2.0,5.0,4.0,3.0,2.0,1.0,3.0,0,0.0,0,0.00242,5.6,2313.093762907889,5.586448,0.04631416441528368,4.0,6.0,0.78476465
0022400953,1610612752,New York,Knicks,NYK,knicks,1626157,Karl-Anthony,Towns,K. Towns,karl-anthony-towns,C,,,38:35,38.583333333333336,8,12,0.667,2,4,0.5,3,4,0.75,3,4,7,4,2,1,3,3,21,12.0,0022400953,Karl-Anthony Towns,karl-anthony towns,,,2025-03-12,3,0.5442764578833693,0.07775377969762419,0.1814254859611231,0.10367170626349892,0.15550755939524838,3.0,1.0,2.0,3.0,2.0,3.0,1.0,4.0,4.0,0,0.0,0,0.00189,10.7,5658.381808566895,10.679777,0.07775377969762419,3.0,3.0,0.86442614
0022400953,1610612752,New York,Knicks,NYK,knicks,1628969,Mikal,Bridges,M. Bridges,mikal-bridges,G,,,40:43,40.71666666666667,13,21,0.619,2,4,0.5,5,6,0.833,0,4,4,4,1,1,3,5,33,2.0,0022400953,Mikal Bridges,mikal bridges,,,2025-03-12,2,0.8104789193614408,0.0,0.09823986901350798,0.09823986901350798,0.04911993450675399,1.0,6.0,4.0,3.0,4.0,3.0,5.0,3.0,3.0,0,0.0,0,0.0028699999999999997,1.2,417.9728317659352,1.196556,0.04911993450675399,4.0,8.0,0.83822894
0022400953,1610612752,New York,Knicks,NYK,knicks,1630540,Miles,McBride,M. McBride,miles-mcbride,G,,,38:08,38.13333333333333,4,12,0.333,3,7,0.429,0,0,0.0,0,1,1,5,4,2,2,3,11,-2.0,0022400953,Miles McBride,miles mcbride,,,2025-03-12,6,0.2884615384615385,0.0,0.026223776223776224,0.13111888111888112,0.15734265734265734,4.0,6.0,8.0,2.0,1.0,1.0,6.0,5.0,7.0,0,0.0,0,0.00156,-4.0,-2562.459961563101,-3.99376,0.15734265734265734,1.0,2.0,0.6806863
0022400953,1610612752,New York,Knicks,NYK,knicks,1629013,Landry,Shamet,L. Shamet,landry-shamet,,,,19:44,19.733333333333334,3,6,0.5,0,1,0.0,0,0,0.0,0,2,2,0,1,0,1,3,6,-7.0,0022400953,Landry Shamet,landry shamet,,,2025-03-12,1,0.30405405405405406,0.0,0.10135135135135134,0.0,0.05067567567567567,6.0,6.0,6.0,8.0,4.0,6.0,8.0,6.0,2.0,0,0.0,0,0.00149,-17.5,-11737.089201877934,-17.473925,0.05067567567567567,6.0,7.0,0.052516446
0022400953,1610612752,New York,Knicks,NYK,knicks,1629011,Mitchell,Robinson,M. Robinson,mitchell-robinson,,,,18:47,18.783333333333335,1,1,1.0,0,0,0.0,1,2,0.5,3,1,4,1,2,2,2,4,3,-10.0,0022400953,Mitchell Robinson,mitchell robinson,,,2025-03-12,4,0.15971606033717833,0.15971606033717833,0.21295474711623777,0.05323868677905944,0.37267080745341613,8.0,1.0,4.0,6.0,2.0,1.0,9.0,7.0,3.0,0,0.0,0,0.0008500000000000001,-18.3,-21504.11280846063,-18.284445,0.21295474711623777,2.0,1.0,0.041490547
0022400953,1610612752,New York,Knicks,NYK,knicks,1626166,Cameron,Payne,C. Payne,cameron-payne,,,,14:52,14.866666666666667,3,6,0.5,0,1,0.0,0,0,0.0,0,0,0,1,0,0,0,0,6,3.0,0022400953,Cameron Payne,cameron payne,,,2025-03-12,0,0.40358744394618834,0.0,0.0,0.06726457399103139,0.0,6.0,6.0,9.0,6.0,8.0,6.0,3.0,8.0,0.0,0,2.0,0,0.00182,2.5,1372.872048325096,2.49545,0.0,8.0,9.0,0.13397077
0022400953,1610612752,New York,Knicks,NYK,knicks,1630173,Precious,Achiuwa,P. Achiuwa,precious-achiuwa,,,,8:50,8.833333333333334,0,2,0.0,0,0,0.0,0,0,0.0,1,1,2,0,0,0,0,0,0,-4.0,0022400953,Precious Achiuwa,precious achiuwa,,,2025-03-12,0,0.0,0.11320754716981131,0.22641509433962262,0.0,0.11320754716981131,9.0,4.0,6.0,8.0,8.0,6.0,7.0,9.0,0.0,0,0.0,0,0.00105,-22.2,-21122.740247383448,-22.17669,0.0,8.0,4.0,0.0055790492
0022400974,1610612752,New York,Knicks,NYK,knicks,1628404,Josh,Hart,J. Hart,josh-hart,F,,,38:31,38.516666666666666,0,7,0.0,0,2,0.0,0,0,0.0,1,6,7,7,1,1,2,0,0,-5.0,0022400974,Josh Hart,josh hart,,,2025-03-15,2,0.0,0.025962786672436174,0.18173950670705322,0.18173950670705322,0.07788836001730852,7.0,4.0,3.0,1.0,2.0,1.0,7.0,1.0,0.0,0,0.0,0,0.00105,-8.2,-7802.09324452902,-8.19139,0.05192557334487235,2.0,6.0,0.031592358
0022400974,1610612752,New York,Knicks,NYK,knicks,1628384,OG,Anunoby,O. Anunoby,og-anunoby,F,,,38:19,38.31666666666667,7,15,0.467,2,3,0.667,7,9,0.778,3,6,9,2,3,1,2,3,23,-1.0,0022400974,OG Anunoby,og anunoby,,,2025-03-15,4,0.6002609830361026,0.078294910830796,0.23488473249238798,0.05219660722053066,0.18268812527185732,2.0,2.0,2.0,5.0,1.0,1.0,4.0,2.0,5.0,0,0.0,0,0.00241,-1.3,-539.1953546246372,-1.296867,0.10439321444106132,1.0,3.0,0.77457416
0022400974,1610612752,New York,Knicks,NYK,knicks,1626157,Karl-Anthony,Towns,K. Towns,karl-anthony-towns,C,,,29:50,29.833333333333332,12,21,0.571,3,5,0.6,2,2,1.0,5,7,12,3,0,1,2,6,29,-1.0,0022400974,Karl-Anthony Towns,karl-anthony towns,,,2025-03-15,1,0.9720670391061453,0.1675977653631285,0.4022346368715084,0.1005586592178771,0.2011173184357542,1.0,1.0,1.0,3.0,5.0,1.0,4.0,5.0,0.0,0,0.0,0,0.00369,-3.8,-1029.531292332701,-3.785978,0.0335195530726257,3.0,2.0,0.8508042
0022400974,1610612752,New York,Knicks,NYK,knicks,1628969,Mikal,Bridges,M. Bridges,mikal-bridges,G,,,38:02,38.03333333333333,8,14,0.571,1,3,0.333,2,2,1.0,0,6,6,3,0,0,4,1,19,2.0,0022400974,Mikal Bridges,mikal bridges,,,2025-03-15,0,0.4995617879053462,0.0,0.1577563540753725,0.07887817703768625,0.0,3.0,6.0,4.0,3.0,5.0,7.0,3.0,3.0,0.0,0,0.0,0,0.00211,1.2,568.4509711037423,1.197468,0.0,9.0,9.0,0.4007415
0022400974,1610612752,New York,Knicks,NYK,knicks,1630540,Miles,McBride,M. McBride,miles-mcbride,G,,,37:43,37.71666666666667,8,17,0.471,3,6,0.5,0,0,0.0,1,4,5,4,0,1,2,3,19,3.0,0022400974,Miles McBride,miles mcbride,,,2025-03-15,1,0.5037560760053027,0.026513477684489615,0.13256738842244808,0.10605391073795846,0.05302695536897923,3.0,4.0,5.0,2.0,5.0,1.0,2.0,4.0,1.0,0,0.0,0,0.00216,4.1,1897.2697825080977,4.091143999999999,0.026513477684489615,3.0,7.0,0.64958566
0022400974,1610612752,New York,Knicks,NYK,knicks,1629011,Mitchell,Robinson,M. Robinson,mitchell-robinson,,,,16:22,16.366666666666667,1,3,0.333,0,0,0.0,0,0,0.0,3,2,5,0,0,1,0,1,2,4.0,0022400974,Mitchell Robinson,mitchell robinson,,,2025-03-15,1,0.12219959266802444,0.18329938900203666,0.30549898167006106,0.0,0.24439918533604887,5.0,2.0,5.0,7.0,5.0,1.0,1.0,7.0,1.0,0,0.0,0,0.00075,15.8,21038.61517976032,15.78815,0.06109979633401222,3.0,1.0,0.1749223
0022400974,1610612752,New York,Knicks,NYK,knicks,1629013,Landry,Shamet,L. Shamet,landry-shamet,,,,20:34,20.566666666666666,1,4,0.25,0,1,0.0,0,0,0.0,0,3,3,0,1,0,0,1,2,-8.0,0022400974,Landry Shamet,landry shamet,,,2025-03-15,1,0.09724473257698542,0.0,0.14586709886547813,0.0,0.04862236628849271,5.0,6.0,7.0,7.0,2.0,7.0,9.0,6.0,0.0,0,0.0,0,0.00083,-25.6,-30806.257521058964,-25.578752,0.04862236628849271,3.0,8.0,0.015237413
0022400974,1610612752,New York,Knicks,NYK,knicks,1626166,Cameron,Payne,C. Payne,cameron-payne,,,,10:18,10.3,0,4,0.0,0,4,0.0,0,0,0.0,0,1,1,1,0,1,0,1,0,-6.0,0022400974,Cameron Payne,cameron payne,,,2025-03-15,1,0.0,0.0,0.0970873786407767,0.0970873786407767,0.0970873786407767,7.0,6.0,8.0,6.0,5.0,1.0,8.0,9.0,1.0,0,0.0,0,0.002,-30.0,-14992.503748125935,-29.94,0.0970873786407767,3.0,4.0,0.0049954895
0022400974,1610612752,New York,Knicks,NYK,knicks,1630173,Precious,Achiuwa,P. Achiuwa,precious-achiuwa,,,,10:22,10.366666666666667,0,1,0.0,0,0,0.0,0,0,0.0,0,1,1,0,1,0,1,0,0,-3.0,0022400974,Precious Achiuwa,precious achiuwa,,,2025-03-15,1,0.0,0.0,0.09646302250803858,0.0,0.09646302250803858,7.0,6.0,8.0,7.0,2.0,7.0,6.0,8.0,1.0,0,0.0,0,0.00095,-14.3,-15036.803364879075,-14.286415,0.09646302250803858,3.0,5.0,0.008059933
0022400984,1610612752,New York,Knicks,NYK,knicks,1628384,OG,Anunoby,O. Anunoby,og-anunoby,F,,,31:42,31.7,3,13,0.231,1,6,0.167,2,2,1.0,0,1,1,2,1,2,1,4,9,-1.0,0022400984,OG Anunoby,og anunoby,,,2025-03-17,3,0.28391167192429023,0.0,0.031545741324921134,0.06309148264984227,0.09463722397476342,6.0,7.0,8.0,6.0,5.0,1.0,9.0,2.0,3.0,0,0.0,0,0.00203,-3.3,-1624.815361890694,-3.293301,0.09463722397476342,3.0,6.0,0.04475347
0022400984,1610612752,New York,Knicks,NYK,knicks,1628404,Josh,Hart,J. Hart,josh-hart,F,,,29:17,29.283333333333335,5,9,0.556,2,5,0.4,0,0,0.0,2,11,13,11,4,1,2,0,12,31.0,0022400984,Josh Hart,josh hart,,,2025-03-17,5,0.4097894137734775,0.06829823562891292,0.44393853158793395,0.37564029595902104,0.2390438247011952,3.0,3.0,1.0,1.0,1.0,3.0,1.0,5.0,5.0,0,0.0,0,0.00157,50.8,32336.09166136219,50.720244,0.1707455890722823,1.0,2.0,0.9431515
0022400984,1610612752,New York,Knicks,NYK,knicks,1626157,Karl-Anthony,Towns,K. Towns,karl-anthony-towns,C,,,31:03,31.05,10,17,0.588,3,5,0.6,0,0,0.0,3,4,7,3,0,1,3,3,23,16.0,0022400984,Karl-Anthony Towns,karl-anthony towns,,,2025-03-17,1,0.7407407407407407,0.0966183574879227,0.22544283413848631,0.0966183574879227,0.1288244766505636,2.0,2.0,3.0,3.0,7.0,3.0,2.0,3.0,1.0,0,0.0,0,0.0027800000000000004,27.3,9816.612729234086,27.224106,0.0322061191626409,6.0,3.0,0.8232139
0022400984,1610612752,New York,Knicks,NYK,knicks,1628969,Mikal,Bridges,M. Bridges,mikal-bridges,G,,,32:20,32.333333333333336,10,14,0.714,4,6,0.667,4,4,1.0,0,1,1,3,1,0,3,1,28,12.0,0022400984,Mikal Bridges,mikal bridges,,,2025-03-17,1,0.8659793814432989,0.0,0.03092783505154639,0.09278350515463916,0.03092783505154639,1.0,7.0,8.0,3.0,5.0,5.0,4.0,1.0,,1,,1,0.0025700000000000002,20.4,7934.6557759626585,20.347572,0.03092783505154639,6.0,8.0,0.8341273
0022400984,1610612752,New York,Knicks,NYK,knicks,1630540,Miles,McBride,M. McBride,miles-mcbride,G,,,29:25,29.416666666666668,4,12,0.333,2,4,0.5,0,0,0.0,1,1,2,3,2,0,0,1,10,9.0,0022400984,Miles McBride,miles mcbride,,,2025-03-17,2,0.33994334277620397,0.03399433427762039,0.06798866855524079,0.10198300283286119,0.10198300283286119,4.0,4.0,6.0,3.0,2.0,5.0,7.0,4.0,5.0,0,0.0,0,0.00182,17.0,9335.529928610655,16.96906,0.06798866855524079,4.0,5.0,0.3293845
0022400984,1610612752,New York,Knicks,NYK,knicks,1629011,Mitchell,Robinson,M. Robinson,mitchell-robinson,,,,23:44,23.733333333333334,5,7,0.714,0,0,0.0,0,0,0.0,5,4,9,1,2,2,0,0,10,8.0,0022400984,Mitchell Robinson,mitchell robinson,,,2025-03-17,4,0.42134831460674155,0.21067415730337077,0.3792134831460674,0.042134831460674156,0.3792134831460674,4.0,1.0,2.0,7.0,2.0,1.0,8.0,7.0,2.0,0,0.0,0,0.00121,24.0,19818.331957060283,23.970959999999998,0.16853932584269662,2.0,1.0,0.5209893
0022400984,1610612752,New York,Knicks,NYK,knicks,1629013,Landry,Shamet,L. Shamet,landry-shamet,,,,25:12,25.2,3,9,0.333,3,6,0.5,0,0,0.0,1,2,3,0,2,0,1,2,9,14.0,0022400984,Landry Shamet,landry shamet,,,2025-03-17,2,0.35714285714285715,0.03968253968253968,0.11904761904761905,0.0,0.11904761904761905,6.0,4.0,4.0,10.0,2.0,5.0,3.0,6.0,1.0,0,0.0,0,0.00161,31.8,19739.292364990688,31.748802,0.07936507936507936,4.0,4.0,0.18309906
0022400984,1610612752,New York,Knicks,NYK,knicks,1626166,Cameron,Payne,C. Payne,cameron-payne,,,,18:35,18.583333333333332,3,8,0.375,1,1,1.0,0,0,0.0,1,1,2,5,0,0,3,1,7,12.0,0022400984,Cameron Payne,cameron payne,,,2025-03-17,0,0.3766816143497758,0.053811659192825115,0.10762331838565023,0.26905829596412556,0.053811659192825115,8.0,4.0,6.0,2.0,7.0,5.0,4.0,8.0,2.0,0,0.0,0,0.00234,37.1,15847.928235796668,37.013186000000005,0.0,8.0,7.0,0.09027598
0022400984,1610612752,New York,Knicks,NYK,knicks,1630173,Precious,Achiuwa,P. Achiuwa,precious-achiuwa,,,,10:01,10.016666666666667,2,3,0.667,0,0,0.0,0,0,0.0,0,3,3,0,0,0,0,1,4,10.0,0022400984,Precious Achiuwa,precious achiuwa,,,2025-03-17,0,0.39933444259567386,0.0,0.29950083194675536,0.0,0.0,9.0,7.0,4.0,10.0,7.0,5.0,6.0,9.0,0.0,0,0.0,0,0.00111,43.5,39153.91539153915,43.451715,0.0,8.0,9.0,0.041848395
0022400984,1610612752,New York,Knicks,NYK,knicks,1642359,Pacôme,Dadiet,P. Dadiet,pacôme-dadiet,,,,2:54,2.9,0,1,0.0,0,1,0.0,0,0,0.0,0,0,0,0,0,0,0,1,0,-2.0,0022400984,Pacôme Dadiet,pacôme dadiet,,,2025-03-17,0,0.0,0.0,0.0,0.0,0.0,12.0,7.0,10.0,10.0,7.0,5.0,10.0,10.0,0.0,0,0.0,0,0.00167,-33.3,-19928.18671454219,-33.244389,0.0,8.0,9.0,0.002509577
0022400984,1610612752,New York,Knicks,NYK,knicks,1642278,Tyler,Kolek,T. Kolek,tyler-kolek,,,,2:54,2.9,1,1,1.0,0,0,0.0,0,0,0.0,0,0,0,1,0,0,0,0,2,-2.0,0022400984,Tyler Kolek,tyler kolek,,,2025-03-17,0,0.6896551724137931,0.0,0.0,0.3448275862068966,0.0,10.0,7.0,10.0,7.0,7.0,5.0,10.0,10.0,,1,,1,0.00167,-33.3,-19928.18671454219,-33.244389,0.0,8.0,9.0,0.004562801
0022400984,1610612752,New York,Knicks,NYK,knicks,1641817,Anton,Watson,A. Watson,anton-watson,,,,2:54,2.9,1,1,1.0,0,0,0.0,0,0,0.0,0,0,0,1,0,0,0,0,2,-2.0,0022400984,Anton Watson,anton watson,,,2025-03-17,0,0.6896551724137931,0.0,0.0,0.3448275862068966,0.0,10.0,7.0,10.0,7.0,7.0,5.0,10.0,10.0,0.0,0,0.0,0,0.00167,-33.3,-19928.18671454219,-33.244389,0.0,8.0,9.0,0.004562801
0022401003,1610612752,New York,Knicks,NYK,knicks,1628384,OG,Anunoby,O. Anunoby,og-anunoby,F,,,37:28,37.46666666666667,5,15,0.333,2,6,0.333,2,3,0.667,0,5,5,1,2,2,0,3,14,-19.0,0022401003,OG Anunoby,og anunoby,,,2025-03-19,4,0.3736654804270462,0.0,0.13345195729537365,0.02669039145907473,0.10676156583629892,2.0,7.0,4.0,6.0,2.0,1.0,12.0,1.0,4.0,0,1.0,0,0.0017599999999999998,-22.4,-12720.045428733674,-22.360576,0.10676156583629892,2.0,5.0,0.38274288
0022401003,1610612752,New York,Knicks,NYK,knicks,1628404,Josh,Hart,J. Hart,josh-hart,F,,,34:59,34.983333333333334,1,4,0.25,0,3,0.0,0,0,0.0,3,4,7,7,3,2,2,5,2,-26.0,0022401003,Josh Hart,josh hart,,,2025-03-19,5,0.05717008099094807,0.0857551214864221,0.20009528346831823,0.20009528346831823,0.2286803239637923,8.0,3.0,3.0,1.0,1.0,1.0,13.0,3.0,2.0,0,0.0,0,0.00074,-36.6,-49392.71255060729,-36.572916,0.14292520247737017,1.0,2.0,0.14662893
0022401003,1610612752,New York,Knicks,NYK,knicks,1626157,Karl-Anthony,Towns,K. Towns,karl-anthony-towns,C,,,35:11,35.18333333333333,11,21,0.524,2,5,0.4,8,9,0.889,4,5,9,2,1,0,3,1,32,-13.0,0022401003,Karl-Anthony Towns,karl-anthony towns,,,2025-03-19,1,0.9095215537659878,0.11369019422074847,0.25580293699668405,0.056845097110374235,0.14211274277593558,1.0,2.0,2.0,5.0,3.0,5.0,10.0,2.0,2.0,0,0.0,0,0.0031,-19.9,-6417.284746855852,-19.83831,0.028422548555187117,4.0,3.0,0.8722199
0022401003,1610612752,New York,Knicks,NYK,knicks,1628969,Mikal,Bridges,M. Bridges,mikal-bridges,G,,,32:18,32.3,5,13,0.385,1,4,0.25,3,3,1.0,3,2,5,7,0,0,3,1,14,-3.0,0022401003,Mikal Bridges,mikal bridges,,,2025-03-19,0,0.43343653250774,0.09287925696594428,0.15479876160990713,0.21671826625387,0.09287925696594428,2.0,3.0,4.0,1.0,5.0,5.0,7.0,4.0,0.0,0,0.0,0,0.00218,-6.3,-2888.5832187070146,-6.286266,0.0,6.0,6.0,0.43733248
0022401003,1610612752,New York,Knicks,NYK,knicks,1630540,Miles,McBride,M. McBride,miles-mcbride,G,,,30:37,30.616666666666667,4,14,0.286,3,8,0.375,0,0,0.0,1,2,3,5,0,0,1,3,11,-12.0,0022401003,Miles McBride,miles mcbride,,,2025-03-19,0,0.3592814371257485,0.0326619488296135,0.0979858464888405,0.1633097441480675,0.0326619488296135,5.0,5.0,6.0,3.0,5.0,5.0,9.0,5.0,0.0,0,0.0,0,0.00203,-19.4,-9551.944854751353,-19.360618,0.0,6.0,8.0,0.22352971
0022401003,1610612752,New York,Knicks,NYK,knicks,1629011,Mitchell,Robinson,M. Robinson,mitchell-robinson,,,,17:14,17.233333333333334,5,6,0.833,0,0,0.0,3,6,0.5,5,6,11,0,1,2,0,1,13,3.0,0022401003,Mitchell Robinson,mitchell robinson,,,2025-03-19,3,0.7543520309477756,0.2901353965183752,0.6382978723404255,0.0,0.46421663442940037,4.0,1.0,1.0,9.0,3.0,1.0,2.0,8.0,2.0,0,0.0,0,0.00214,5.7,2662.307333021952,5.687802,0.17408123791102514,3.0,1.0,0.9503403
0022401003,1610612752,New York,Knicks,NYK,knicks,1629013,Landry,Shamet,L. Shamet,landry-shamet,,,,20:34,20.566666666666666,1,6,0.167,0,5,0.0,0,0,0.0,0,2,2,0,0,0,1,2,2,4.0,0022401003,Landry Shamet,landry shamet,,,2025-03-19,0,0.09724473257698542,0.0,0.09724473257698542,0.0,0.0,8.0,7.0,7.0,9.0,5.0,5.0,1.0,6.0,1.0,0,1.0,0,0.0014000000000000002,9.8,6995.003568879371,9.786280000000001,0.0,6.0,9.0,0.018881511
0022401003,1610612752,New York,Knicks,NYK,knicks,1626166,Cameron,Payne,C. Payne,cameron-payne,,,,17:23,17.383333333333333,4,9,0.444,3,6,0.5,0,0,0.0,0,0,0,4,0,1,0,2,11,-3.0,0022401003,Cameron Payne,cameron payne,,,2025-03-19,1,0.6327900287631831,0.0,0.0,0.23010546500479387,0.05752636625119847,5.0,7.0,9.0,4.0,5.0,4.0,7.0,7.0,1.0,0,0.0,0,0.0022,-12.7,-5770.104497955474,-12.67206,0.05752636625119847,4.0,7.0,0.5863779
0022401003,1610612752,New York,Knicks,NYK,knicks,1630173,Precious,Achiuwa,P. Achiuwa,precious-achiuwa,,,,7:09,7.15,2,3,0.667,0,0,0.0,0,0,0.0,1,1,2,0,0,0,0,0,4,-14.0,0022401003,Precious Achiuwa,precious achiuwa,,,2025-03-19,0,0.5594405594405594,0.13986013986013984,0.2797202797202797,0.0,0.13986013986013984,7.0,5.0,7.0,9.0,5.0,5.0,11.0,9.0,1.0,0,0.0,0,0.00188,-93.3,-49601.275917065395,-93.124596,0.0,6.0,4.0,0.02759592
0022401003,1610612752,New York,Knicks,NYK,knicks,200782,P.J.,Tucker,P. Tucker,pj-tucker,,,,1:47,1.7833333333333332,0,0,0.0,0,0,0.0,0,0,0.0,0,0,0,0,0,0,0,0,0,2.0,0022401003,P.J. Tucker,pj tucker,,,2025-03-19,0,0.0,0.0,0.0,0.0,0.0,11.0,7.0,9.0,9.0,5.0,5.0,3.0,10.0,,1,,1,0.0,8.3,8300000.000000001,8.3,0.0,6.0,9.0,0.004337544
0022401003,1610612752,New York,Knicks,NYK,knicks,1642278,Tyler,Kolek,T. Kolek,tyler-kolek,,,,1:47,1.7833333333333332,1,1,1.0,0,0,0.0,0,0,0.0,0,0,0,1,0,0,0,0,2,2.0,0022401003,Tyler Kolek,tyler kolek,,,2025-03-19,0,1.1214953271028039,0.0,0.0,0.5607476635514019,0.0,8.0,7.0,9.0,6.0,5.0,5.0,3.0,10.0,,1,,1,0.0025,8.3,3318.672530987605,8.279250000000001,0.0,6.0,9.0,0.015232791
0022401003,1610612752,New York,Knicks,NYK,knicks,1626153,Delon,Wright,D. Wright,delon-wright,,,,1:47,1.7833333333333332,0,0,0.0,0,0,0.0,0,0,0.0,0,0,0,1,0,0,0,0,0,2.0,0022401003,Delon Wright,delon wright,,,2025-03-19,0,0.0,0.0,0.0,0.5607476635514019,0.0,11.0,7.0,9.0,6.0,5.0,5.0,3.0,10.0,,1,,1,0.0,8.3,8300000.000000001,8.3,0.0,6.0,9.0,0.004832434
0022401003,1610612752,New York,Knicks,NYK,knicks,1641817,Anton,Watson,A. Watson,anton-watson,,,,1:47,1.7833333333333332,0,0,0.0,0,0,0.0,0,0,0.0,0,0,0,0,0,0,0,0,0,2.0,0022401003,Anton Watson,anton watson,,,2025-03-19,0,0.0,0.0,0.0,0.0,0.0,11.0,7.0,9.0,9.0,5.0,5.0,3.0,10.0,,1,,1,0.0,8.3,8300000.000000001,8.3,0.0,6.0,9.0,0.004337544
0022401010,1610612752,New York,Knicks,NYK,knicks,1628384,OG,Anunoby,O. Anunoby,og-anunoby,F,,,37:31,37.516666666666666,7,19,0.368,3,12,0.25,8,8,1.0,2,4,6,2,3,1,1,4,25,-17.0,0022401010,OG Anunoby,og anunoby,,,2025-03-20,4,0.6663705019991115,0.05330964015992892,0.15992892047978677,0.05330964015992892,0.15992892047978677,1.0,1.0,2.0,6.0,1.0,1.0,11.0,2.0,6.0,0,0.0,0,0.00271,-20.7,-7635.558834378457,-20.643902999999998,0.10661928031985785,1.0,4.0,0.8127012
0022401010,1610612752,New York,Knicks,NYK,knicks,1628404,Josh,Hart,J. Hart,josh-hart,F,,,39:28,39.46666666666667,5,8,0.625,3,3,1.0,0,0,0.0,2,2,4,6,1,0,1,4,13,-16.0,0022401010,Josh Hart,josh hart,,,2025-03-20,1,0.3293918918918919,0.05067567567567567,0.10135135135135134,0.15202702702702703,0.07601351351351351,4.0,1.0,4.0,1.0,3.0,3.0,10.0,1.0,2.0,0,0.0,0,0.00101,-18.9,-18694.362017804153,-18.880911,0.025337837837837836,3.0,6.0,0.3799317
0022401010,1610612752,New York,Knicks,NYK,knicks,1626157,Karl-Anthony,Towns,K. Towns,karl-anthony-towns,C,,,35:49,35.81666666666667,10,21,0.476,2,4,0.5,2,2,1.0,1,9,10,3,0,0,1,2,24,-15.0,0022401010,Karl-Anthony Towns,karl-anthony towns,,,2025-03-20,0,0.6700791065611912,0.027919962773382965,0.27919962773382967,0.0837598883201489,0.027919962773382965,2.0,4.0,1.0,4.0,6.0,3.0,9.0,4.0,1.0,0,0.0,0,0.0028399999999999996,-20.8,-7321.365716297079,-20.740928,0.0,7.0,8.0,0.78781563
0022401010,1610612752,New York,Knicks,NYK,knicks,1628969,Mikal,Bridges,M. Bridges,mikal-bridges,G,,,32:41,32.68333333333333,5,11,0.455,0,4,0.0,6,8,0.75,0,4,4,6,3,0,1,0,16,-9.0,0022401010,Mikal Bridges,mikal bridges,,,2025-03-20,3,0.4895461499235085,0.0,0.12238653748087712,0.18357980622131567,0.09178990311065784,3.0,7.0,4.0,1.0,1.0,3.0,5.0,5.0,1.0,0,0.0,0,0.00216,-11.9,-5506.709856547895,-11.874296,0.09178990311065784,2.0,5.0,0.5119129
0022401010,1610612752,New York,Knicks,NYK,knicks,1630540,Miles,McBride,M. McBride,miles-mcbride,G,,,35:55,35.916666666666664,4,10,0.4,1,6,0.167,0,0,0.0,0,3,3,6,0,1,0,4,9,-11.0,0022401010,Miles McBride,miles mcbride,,,2025-03-20,1,0.2505800464037123,0.0,0.08352668213457078,0.16705336426914155,0.027842227378190258,5.0,7.0,6.0,1.0,6.0,1.0,8.0,3.0,1.0,0,0.0,0,0.00123,-13.5,-10966.693744922828,-13.483395,0.027842227378190258,3.0,9.0,0.19815986
0022401010,1610612752,New York,Knicks,NYK,knicks,1630173,Precious,Achiuwa,P. Achiuwa,precious-achiuwa,,,,17:18,17.3,1,5,0.2,0,2,0.0,0,2,0.0,2,4,6,0,1,0,2,3,2,-5.0,0022401010,Precious Achiuwa,precious achiuwa,,,2025-03-20,1,0.11560693641618497,0.11560693641618497,0.3468208092485549,0.0,0.17341040462427745,7.0,1.0,2.0,7.0,3.0,3.0,4.0,7.0,1.0,0,0.0,0,0.002,-13.9,-6946.526736631684,-13.872200000000001,0.057803468208092484,3.0,3.0,0.031514537
0022401010,1610612752,New York,Knicks,NYK,knicks,1629013,Landry,Shamet,L. Shamet,landry-shamet,,,,19:12,19.2,0,3,0.0,0,3,0.0,0,0,0.0,0,0,0,0,1,0,1,0,0,-9.0,0022401010,Landry Shamet,landry shamet,,,2025-03-20,1,0.0,0.0,0.0,0.0,0.052083333333333336,10.0,7.0,10.0,7.0,3.0,3.0,5.0,6.0,1.0,0,0.0,0,0.0009299999999999999,-25.6,-27497.31471535983,-25.576192000000002,0.052083333333333336,3.0,7.0,0.00819174
0022401010,1610612752,New York,Knicks,NYK,knicks,1626166,Cameron,Payne,C. Payne,cameron-payne,,,,16:06,16.1,2,8,0.25,1,4,0.25,0,0,0.0,0,3,3,3,0,0,0,1,5,-9.0,0022401010,Cameron Payne,cameron payne,,,2025-03-20,0,0.3105590062111801,0.0,0.18633540372670807,0.18633540372670807,0.0,6.0,7.0,6.0,4.0,6.0,3.0,5.0,8.0,1.0,0,0.0,0,0.00222,-31.4,-14137.77577667717,-31.330292,0.0,7.0,10.0,0.020310866
0022401010,1610612752,New York,Knicks,NYK,knicks,1641817,Anton,Watson,A. Watson,anton-watson,,,,2:00,2.0,1,2,0.5,0,0,0.0,0,0,0.0,1,0,1,0,0,0,0,0,2,2.0,0022401010,Anton Watson,anton watson,,,2025-03-20,0,1.0,0.5,0.5,0.0,0.5,7.0,4.0,8.0,7.0,6.0,3.0,1.0,9.0,0.0,0,0.0,0,0.00333,50.0,15010.507355148604,49.8335,0.0,7.0,1.0,0.057144757
0022401010,1610612752,New York,Knicks,NYK,knicks,1642278,Tyler,Kolek,T. Kolek,tyler-kolek,,,,2:00,2.0,0,1,0.0,0,0,0.0,0,0,0.0,0,0,0,0,0,0,0,0,0,2.0,0022401010,Tyler Kolek,tyler kolek,,,2025-03-20,0,0.0,0.0,0.0,0.0,0.0,10.0,7.0,10.0,7.0,6.0,3.0,1.0,9.0,,1,,1,0.00167,50.0,29922.202274087373,49.9165,0.0,7.0,10.0,0.00512309
0022401010,1610612752,New York,Knicks,NYK,knicks,1630699,MarJon,Beauchamp,M. Beauchamp,marjon-beauchamp,,,,2:00,2.0,1,2,0.5,0,1,0.0,0,0,0.0,1,0,1,0,0,0,0,0,2,2.0,0022401010,MarJon Beauchamp,marjon beauchamp,,,2025-03-20,0,1.0,0.5,0.5,0.0,0.5,7.0,4.0,8.0,7.0,6.0,3.0,1.0,9.0,0.0,0,0.0,0,0.00333,50.0,15010.507355148604,49.8335,0.0,7.0,1.0,0.056321844
0022401026,1610612752,New York,Knicks,NYK,knicks,1628384,OG,Anunoby,O. Anunoby,og-anunoby,F,,,30:54,30.9,8,12,0.667,4,5,0.8,3,4,0.75,0,2,2,3,2,0,0,3,23,12.0,0022401026,OG Anunoby,og anunoby,,,2025-03-22,2,0.7443365695792881,0.0,0.06472491909385114,0.0970873786407767,0.06472491909385114,3.0,7.0,7.0,4.0,3.0,4.0,5.0,4.0,4.0,0,0.0,0,0.0017699999999999999,14.2,8018.0688876341055,14.174865999999998,0.06472491909385114,4.0,9.0,0.868908
0022401026,1610612752,New York,Knicks,NYK,knicks,1628404,Josh,Hart,J. Hart,josh-hart,F,,,37:32,37.53333333333333,4,10,0.4,0,3,0.0,1,2,0.5,3,9,12,2,1,0,2,2,9,22.0,0022401026,Josh Hart,josh hart,,,2025-03-22,1,0.23978685612788633,0.07992895204262877,0.3197158081705151,0.05328596802841919,0.10657193605683837,5.0,1.0,1.0,5.0,5.0,4.0,2.0,2.0,2.0,0,0.0,0,0.0013700000000000001,27.2,19839.53318745441,27.162736,0.026642984014209593,5.0,6.0,0.6082719
0022401026,1610612752,New York,Knicks,NYK,knicks,1626157,Karl-Anthony,Towns,K. Towns,karl-anthony-towns,C,,,36:40,36.666666666666664,10,20,0.5,1,5,0.2,10,13,0.769,0,11,11,1,2,1,3,2,31,20.0,0022401026,Karl-Anthony Towns,karl-anthony towns,,,2025-03-22,3,0.8454545454545455,0.0,0.30000000000000004,0.027272727272727275,0.08181818181818182,1.0,7.0,2.0,7.0,3.0,1.0,3.0,3.0,4.0,0,0.0,0,0.0033,25.9,7846.1072402302325,25.814529999999998,0.08181818181818182,2.0,7.0,0.7059874
0022401026,1610612752,New York,Knicks,NYK,knicks,1628969,Mikal,Bridges,M. Bridges,mikal-bridges,G,,,37:34,37.56666666666667,10,20,0.5,4,8,0.5,3,3,1.0,3,3,6,4,3,1,5,0,27,25.0,0022401026,Mikal Bridges,mikal bridges,,,2025-03-22,4,0.7187222715173025,0.07985803016858917,0.15971606033717833,0.10647737355811888,0.18633540372670807,2.0,1.0,3.0,3.0,1.0,1.0,1.0,1.0,3.0,0,0.0,0,0.00268,27.8,10369.265199552405,27.725496,0.10647737355811888,1.0,5.0,0.61513263
0022401026,1610612752,New York,Knicks,NYK,knicks,1626166,Cameron,Payne,C. Payne,cameron-payne,G,,,29:36,29.6,4,12,0.333,3,8,0.375,2,2,1.0,1,3,4,7,1,0,1,1,13,14.0,0022401026,Cameron Payne,cameron payne,,,2025-03-22,1,0.43918918918918914,0.03378378378378378,0.13513513513513511,0.23648648648648649,0.06756756756756756,4.0,5.0,6.0,2.0,5.0,4.0,4.0,5.0,2.0,0,0.0,0,0.00192,18.3,9526.28839146278,18.264864,0.03378378378378378,5.0,8.0,0.63565135
0022401026,1610612752,New York,Knicks,NYK,knicks,1629011,Mitchell,Robinson,M. Robinson,mitchell-robinson,,,,17:22,17.366666666666667,2,3,0.667,0,0,0.0,0,0,0.0,3,2,5,1,0,1,1,1,4,-8.0,0022401026,Mitchell Robinson,mitchell robinson,,,2025-03-22,1,0.23032629558541265,0.1727447216890595,0.28790786948176583,0.05758157389635316,0.23032629558541265,6.0,1.0,4.0,7.0,8.0,1.0,10.0,7.0,4.0,0,0.0,0,0.00091,-22.2,-24368.825466520306,-22.179798,0.05758157389635316,5.0,3.0,0.06565532
0022401026,1610612752,New York,Knicks,NYK,knicks,1629013,Landry,Shamet,L. Shamet,landry-shamet,,,,14:49,14.816666666666666,1,4,0.25,1,4,0.25,0,0,0.0,0,1,1,1,0,0,1,4,3,-8.0,0022401026,Landry Shamet,landry shamet,,,2025-03-22,0,0.20247469066366705,0.0,0.06749156355455568,0.06749156355455568,0.0,9.0,7.0,8.0,7.0,8.0,4.0,10.0,8.0,1.0,0,0.0,0,0.0015199999999999999,-18.8,-12360.289283366208,-18.771424,0.0,9.0,10.0,0.009929024
0022401026,1610612752,New York,Knicks,NYK,knicks,1630173,Precious,Achiuwa,P. Achiuwa,precious-achiuwa,,,,11:53,11.883333333333333,2,3,0.667,0,0,0.0,0,0,0.0,3,2,5,2,0,0,1,0,4,11.0,0022401026,Precious Achiuwa,precious achiuwa,,,2025-03-22,0,0.33660589060308554,0.25245441795231416,0.420757363253857,0.16830294530154277,0.25245441795231416,6.0,1.0,4.0,5.0,8.0,4.0,6.0,9.0,1.0,0,0.0,0,0.00108,35.3,32654.949121184087,35.261876,0.0,9.0,2.0,0.076397836
0022401026,1610612752,New York,Knicks,NYK,knicks,1642278,Tyler,Kolek,T. Kolek,tyler-kolek,,,,18:24,18.4,1,4,0.25,0,1,0.0,2,3,0.667,1,0,1,8,3,0,0,2,4,5.0,0022401026,Tyler Kolek,tyler kolek,,,2025-03-22,3,0.2173913043478261,0.05434782608695653,0.05434782608695653,0.4347826086956522,0.2173913043478261,6.0,5.0,8.0,1.0,1.0,4.0,7.0,6.0,2.0,0,0.0,0,0.00104,15.1,14505.283381364075,15.084295999999998,0.16304347826086957,2.0,4.0,0.021768648
0022401026,1610612752,New York,Knicks,NYK,knicks,1641817,Anton,Watson,A. Watson,anton-watson,,,,2:38,2.6333333333333333,1,1,1.0,0,0,0.0,0,0,0.0,0,1,1,0,0,0,0,1,2,1.0,0022401026,Anton Watson,anton watson,,,2025-03-22,0,0.759493670886076,0.0,0.379746835443038,0.0,0.0,10.0,7.0,8.0,10.0,8.0,4.0,8.0,10.0,,1,,1,0.00167,31.0,18551.76540993417,30.948230000000002,0.0,9.0,10.0,0.012724272
0022401026,1610612752,New York,Knicks,NYK,knicks,1630699,MarJon,Beauchamp,M. Beauchamp,marjon-beauchamp,,,,2:38,2.6333333333333333,1,2,0.5,0,1,0.0,0,0,0.0,0,1,1,0,1,0,0,1,2,1.0,0022401026,MarJon Beauchamp,marjon beauchamp,,,2025-03-22,1,0.759493670886076,0.0,0.379746835443038,0.0,0.379746835443038,10.0,7.0,8.0,10.0,5.0,4.0,8.0,10.0,2.0,0,0.0,0,0.00333,31.0,9306.514560192134,30.896769999999997,0.379746835443038,5.0,1.0,0.018752186
0022401048,1610612752,New York,Knicks,NYK,knicks,1628384,OG,Anunoby,O. Anunoby,og-anunoby,F,,,38:11,38.18333333333333,15,24,0.625,3,6,0.5,2,2,1.0,2,3,5,1,2,1,1,2,35,24.0,0022401048,OG Anunoby,og anunoby,,,2025-03-25,3,0.9166302924487124,0.05237887385421214,0.13094718463553034,0.02618943692710607,0.13094718463553034,1.0,1.0,3.0,6.0,1.0,1.0,1.0,1.0,2.0,0,0.0,0,0.00295,31.3,10606.574042697392,31.207665000000002,0.0785683107813182,1.0,2.0,0.8333538
0022401048,1610612752,New York,Knicks,NYK,knicks,1628404,Josh,Hart,J. Hart,josh-hart,F,,,33:26,33.43333333333333,6,9,0.667,2,2,1.0,2,2,1.0,1,11,12,11,2,0,2,2,16,10.0,0022401048,Josh Hart,josh hart,,,2025-03-25,2,0.47856430707876374,0.029910269192422734,0.3589232303090728,0.32901296111665007,0.0897308075772682,4.0,3.0,1.0,1.0,1.0,5.0,6.0,4.0,1.0,0,0.0,0,0.00156,15.4,9865.470852017937,15.375976,0.05982053838484547,3.0,3.0,0.8695345
0022401048,1610612752,New York,Knicks,NYK,knicks,1626157,Karl-Anthony,Towns,K. Towns,karl-anthony-towns,C,,,34:29,34.483333333333334,10,19,0.526,2,7,0.286,4,8,0.5,2,10,12,11,1,0,3,3,26,23.0,0022401048,Karl-Anthony Towns,karl-anthony towns,,,2025-03-25,1,0.7539874335427743,0.05799903334944417,0.34799420009666504,0.318994683421943,0.08699855002416626,2.0,1.0,1.0,1.0,5.0,5.0,2.0,2.0,3.0,0,0.0,0,0.00316,31.5,9965.200885795633,31.40046,0.028999516674722087,5.0,4.0,0.878008
0022401048,1610612752,New York,Knicks,NYK,knicks,1628969,Mikal,Bridges,M. Bridges,mikal-bridges,G,,,33:46,33.766666666666666,9,14,0.643,2,4,0.5,1,1,1.0,0,1,1,1,0,1,1,2,21,17.0,0022401048,Mikal Bridges,mikal bridges,,,2025-03-25,1,0.6219151036525173,0.0,0.029615004935834157,0.029615004935834157,0.029615004935834157,3.0,4.0,6.0,6.0,6.0,1.0,4.0,3.0,0.0,0,0.0,0,0.0019500000000000001,22.8,11686.31471040492,22.75554,0.029615004935834157,5.0,7.0,0.70813096
0022401048,1610612752,New York,Knicks,NYK,knicks,1626166,Cameron,Payne,C. Payne,cameron-payne,G,,,29:45,29.75,1,3,0.333,0,2,0.0,0,0,0.0,0,3,3,5,2,0,2,3,2,19.0,0022401048,Cameron Payne,cameron payne,,,2025-03-25,2,0.06722689075630252,0.0,0.10084033613445378,0.16806722689075632,0.06722689075630252,7.0,4.0,4.0,4.0,1.0,5.0,3.0,5.0,3.0,0,2.0,0,0.0007099999999999999,32.8,46132.20815752461,32.776711999999996,0.06722689075630252,3.0,5.0,0.048015155
0022401048,1610612752,New York,Knicks,NYK,knicks,1630173,Precious,Achiuwa,P. Achiuwa,precious-achiuwa,,,,19:31,19.516666666666666,5,7,0.714,0,0,0.0,1,1,1.0,0,2,2,2,2,1,2,0,11,-1.0,0022401048,Precious Achiuwa,precious achiuwa,,,2025-03-25,3,0.5636208368915457,0.0,0.10247651579846286,0.10247651579846286,0.1537147736976943,5.0,4.0,5.0,5.0,1.0,1.0,7.0,6.0,0.0,0,0.0,0,0.00191,-2.4,-1255.8869701726844,-2.395416,0.1537147736976943,1.0,1.0,0.61002046
0022401048,1610612752,New York,Knicks,NYK,knicks,1629013,Landry,Shamet,L. Shamet,landry-shamet,,,,19:09,19.15,4,7,0.571,1,4,0.25,2,4,0.5,0,0,0,0,0,0,0,1,11,16.0,0022401048,Landry Shamet,landry shamet,,,2025-03-25,0,0.5744125326370758,0.0,0.0,0.0,0.0,5.0,4.0,8.0,8.0,6.0,5.0,5.0,8.0,1.0,0,0.0,0,0.0017399999999999998,36.8,21137.277426766228,36.735968,0.0,8.0,8.0,0.5664055
0022401048,1610612752,New York,Knicks,NYK,knicks,1642278,Tyler,Kolek,T. Kolek,tyler-kolek,,,,19:22,19.366666666666667,1,3,0.333,0,1,0.0,0,0,0.0,0,1,1,9,0,1,0,2,2,-1.0,0022401048,Tyler Kolek,tyler kolek,,,2025-03-25,1,0.10327022375215146,0.0,0.05163511187607573,0.46471600688468157,0.05163511187607573,7.0,4.0,6.0,3.0,6.0,1.0,7.0,7.0,2.0,0,0.0,0,0.0007099999999999999,0.6,843.8818565400844,0.5995739999999999,0.05163511187607573,5.0,6.0,0.021240203
0022401048,1610612752,New York,Knicks,NYK,knicks,1641817,Anton,Watson,A. Watson,anton-watson,,,,4:02,4.033333333333333,1,1,1.0,0,0,0.0,0,0,0.0,0,0,0,0,0,0,1,1,2,-8.0,0022401048,Anton Watson,anton watson,,,2025-03-25,0,0.49586776859504134,0.0,0.0,0.0,0.0,7.0,4.0,8.0,8.0,6.0,5.0,10.0,9.0,0.0,0,0.0,0,0.002,-80.0,-39980.009995002496,-79.84,0.0,8.0,8.0,0.00833272
0022401048,1610612752,New York,Knicks,NYK,knicks,1626153,Delon,Wright,D. Wright,delon-wright,,,,3:37,3.6166666666666667,0,0,0.0,0,0,0.0,0,0,0.0,0,0,0,0,0,0,1,0,0,-11.0,0022401048,Delon Wright,delon wright,,,2025-03-25,0,0.0,0.0,0.0,0.0,0.0,11.0,4.0,8.0,8.0,6.0,5.0,12.0,10.0,,1,,1,0.00111,-103.3,-92979.29792979297,-103.18533699999999,0.0,8.0,8.0,0.0022013497
0022401048,1610612752,New York,Knicks,NYK,knicks,1641755,Kevin,McCullar Jr.,K. McCullar Jr.,kevin-mccullar-jr,,,,3:09,3.15,1,2,0.5,0,0,0.0,0,0,0.0,0,0,0,0,0,0,0,2,2,-9.0,0022401048,Kevin McCullar Jr.,kevin mccullar jr,,,2025-03-25,0,0.6349206349206349,0.0,0.0,0.0,0.0,7.0,4.0,8.0,8.0,6.0,5.0,11.0,11.0,0.0,0,0.0,0,0.0025,-112.5,-44982.00719712115,-112.21875,0.0,8.0,8.0,0.008486788
0022401048,1610612752,New York,Knicks,NYK,knicks,1642359,Pacôme,Dadiet,P. Dadiet,pacôme-dadiet,,,,1:33,1.55,0,0,0.0,0,0,0.0,0,0,0.0,0,0,0,0,0,0,1,0,0,-4.0,0022401048,Pacôme Dadiet,pacôme dadiet,,,2025-03-25,0,0.0,0.0,0.0,0.0,0.0,11.0,4.0,8.0,8.0,6.0,5.0,9.0,12.0,,1,,1,0.0025,-100.0,-39984.00639744102,-99.75,0.0,8.0,8.0,0.0022580181
0022401056,1610612752,New York,Knicks,NYK,knicks,1628384,OG,Anunoby,O. Anunoby,og-anunoby,F,,,37:28,37.46666666666667,11,17,0.647,3,5,0.6,3,3,1.0,2,3,5,3,1,0,1,0,28,-8.0,0022401056,OG Anunoby,og anunoby,,,2025-03-26,1,0.7473309608540925,0.05338078291814946,0.13345195729537365,0.08007117437722419,0.08007117437722419,2.0,1.0,2.0,5.0,2.0,2.0,9.0,3.0,2.0,0,0.0,0,0.00229,-12.7,-5543.43081623745,-12.670917,0.02669039145907473,2.0,2.0,0.84373844
0022401056,1610612752,New York,Knicks,NYK,knicks,1628404,Josh,Hart,J. Hart,josh-hart,F,,,33:34,33.56666666666667,3,9,0.333,0,4,0.0,1,3,0.333,1,4,5,6,0,0,0,3,7,7.0,0022401056,Josh Hart,josh hart,,,2025-03-26,0,0.20854021847070506,0.029791459781529292,0.14895729890764647,0.17874875868917575,0.029791459781529292,5.0,2.0,2.0,3.0,4.0,2.0,1.0,4.0,2.0,0,0.0,0,0.0013,6.6,5073.020753266718,6.59142,0.0,5.0,7.0,0.22849268
0022401056,1610612752,New York,Knicks,NYK,knicks,1626157,Karl-Anthony,Towns,K. Towns,karl-anthony-towns,C,,,38:37,38.61666666666667,11,20,0.55,4,7,0.571,8,10,0.8,1,13,14,4,2,0,4,2,34,2.0,0022401056,Karl-Anthony Towns,karl-anthony towns,,,2025-03-26,2,0.880448856279672,0.02589555459646094,0.36253776435045315,0.10358221838584376,0.07768666378938283,1.0,2.0,1.0,4.0,1.0,2.0,2.0,2.0,5.0,0,0.0,0,0.00318,-2.5,-785.9163784973279,-2.49205,0.05179110919292188,1.0,4.0,0.7803679
0022401056,1610612752,New York,Knicks,NYK,knicks,1628969,Mikal,Bridges,M. Bridges,mikal-bridges,G,,,39:57,39.95,7,16,0.438,1,5,0.2,2,2,1.0,0,4,4,9,1,0,2,2,17,2.0,0022401056,Mikal Bridges,mikal bridges,,,2025-03-26,1,0.42553191489361697,0.0,0.10012515644555695,0.2252816020025031,0.025031289111389236,3.0,7.0,4.0,1.0,2.0,2.0,2.0,1.0,1.0,0,0.0,0,0.00216,0.9,416.47385469689954,0.898056,0.025031289111389236,2.0,8.0,0.6821775
0022401056,1610612752,New York,Knicks,NYK,knicks,1626166,Cameron,Payne,C. Payne,cameron-payne,G,,,18:15,18.25,6,9,0.667,3,6,0.5,0,0,0.0,0,2,2,0,0,0,1,0,15,2.0,0022401056,Cameron Payne,cameron payne,,,2025-03-26,0,0.821917808219178,0.0,0.1095890410958904,0.0,0.0,4.0,7.0,6.0,9.0,4.0,2.0,2.0,7.0,2.0,0,0.0,0,0.00244,2.3,942.2367882015567,2.2943879999999996,0.0,5.0,9.0,0.88711715
0022401056,1610612752,New York,Knicks,NYK,knicks,1629013,Landry,Shamet,L. Shamet,landry-shamet,,,,19:24,19.4,2,5,0.4,2,5,0.4,0,0,0.0,1,1,2,2,0,0,0,3,6,-29.0,0022401056,Landry Shamet,landry shamet,,,2025-03-26,0,0.30927835051546393,0.051546391752577324,0.10309278350515465,0.10309278350515465,0.051546391752577324,6.0,2.0,6.0,7.0,4.0,2.0,12.0,5.0,0.0,0,0.0,0,0.00122,-74.0,-60606.060606060615,-73.90972,0.0,5.0,6.0,0.037582092
0022401056,1610612752,New York,Knicks,NYK,knicks,1630173,Precious,Achiuwa,P. Achiuwa,precious-achiuwa,,,,7:58,7.966666666666667,2,3,0.667,0,0,0.0,2,2,1.0,1,2,3,0,0,0,0,0,6,2.0,0022401056,Precious Achiuwa,precious achiuwa,,,2025-03-26,0,0.7531380753138075,0.12552301255230125,0.37656903765690375,0.0,0.12552301255230125,6.0,2.0,5.0,9.0,4.0,2.0,2.0,10.0,2.0,0,0.0,0,0.0025,13.3,5317.872850859656,13.266750000000002,0.0,5.0,1.0,0.1750315
0022401056,1610612752,New York,Knicks,NYK,knicks,1642278,Tyler,Kolek,T. Kolek,tyler-kolek,,,,18:30,18.5,0,3,0.0,0,2,0.0,0,2,0.0,1,0,1,7,0,0,1,2,0,-14.0,0022401056,Tyler Kolek,tyler kolek,,,2025-03-26,0,0.0,0.05405405405405406,0.05405405405405406,0.3783783783783784,0.05405405405405406,8.0,2.0,9.0,2.0,4.0,2.0,10.0,6.0,3.0,0,0.0,0,0.00132,-32.4,-24526.873580620744,-32.357231999999996,0.0,5.0,5.0,0.005507124
0022401056,1610612752,New York,Knicks,NYK,knicks,1629011,Mitchell,Robinson,M. Robinson,mitchell-robinson,,,,12:47,12.783333333333333,0,0,0.0,0,0,0.0,0,0,0.0,0,2,2,1,0,1,0,1,0,-22.0,0022401056,Mitchell Robinson,mitchell robinson,,,2025-03-26,1,0.0,0.0,0.15645371577574968,0.07822685788787484,0.07822685788787484,8.0,7.0,6.0,8.0,4.0,1.0,11.0,8.0,1.0,0,0.0,0,0.0,-99.6,-99600000.0,-99.6,0.07822685788787484,2.0,3.0,0.0081625385
0022401056,1610612752,New York,Knicks,NYK,knicks,1626153,Delon,Wright,D. Wright,delon-wright,,,,12:00,12.0,0,1,0.0,0,0,0.0,0,0,0.0,0,0,0,3,0,0,0,1,0,-3.0,0022401056,Delon Wright,delon wright,,,2025-03-26,0,0.0,0.0,0.0,0.25,0.0,8.0,7.0,10.0,5.0,4.0,2.0,8.0,9.0,1.0,0,0.0,0,0.00037,-13.0,-35040.43126684636,-12.995190000000001,0.0,5.0,9.0,0.0056445976
0022401056,1610612752,New York,Knicks,NYK,knicks,1641817,Anton,Watson,A. Watson,anton-watson,,,,0:45,0.75,0,0,0.0,0,0,0.0,0,0,0.0,0,0,0,0,0,0,0,0,0,-2.0,0022401056,Anton Watson,anton watson,,,2025-03-26,0,0.0,0.0,0.0,0.0,0.0,8.0,7.0,10.0,9.0,4.0,2.0,6.0,11.0,,1,,1,0.0,-100.0,-100000000.0,-100.0,0.0,5.0,9.0,0.0033415789
0022401056,1610612752,New York,Knicks,NYK,knicks,1630699,MarJon,Beauchamp,M. Beauchamp,marjon-beauchamp,,,,0:45,0.75,0,1,0.0,0,0,0.0,0,0,0.0,0,0,0,0,0,0,0,0,0,-2.0,0022401056,MarJon Beauchamp,marjon beauchamp,,,2025-03-26,0,0.0,0.0,0.0,0.0,0.0,8.0,7.0,10.0,9.0,4.0,2.0,6.0,11.0,,1,,1,0.01,-100.0,-9999.000099990002,-99.0,0.0,5.0,9.0,0.0024613533
0022401070,1610612752,New York,Knicks,NYK,knicks,1628404,Josh,Hart,J. Hart,josh-hart,F,,,41:52,41.86666666666667,5,8,0.625,0,2,0.0,3,5,0.6,4,10,14,8,2,1,1,2,13,3.0,0022401070,Josh Hart,josh hart,,,2025-03-28,3,0.3105095541401274,0.09554140127388534,0.3343949044585987,0.19108280254777069,0.16719745222929935,4.0,1.0,1.0,1.0,2.0,1.0,5.0,1.0,1.0,0,0.0,0,0.00111,2.2,1980.1980198019803,2.197558,0.07165605095541401,1.0,3.0,0.82285583
0022401070,1610612752,New York,Knicks,NYK,knicks,1628384,OG,Anunoby,O. Anunoby,og-anunoby,F,,,35:55,35.916666666666664,9,21,0.429,3,10,0.3,10,10,1.0,0,2,2,2,3,0,1,4,31,-2.0,0022401070,OG Anunoby,og anunoby,,,2025-03-28,3,0.8631090487238979,0.0,0.055684454756380515,0.055684454756380515,0.08352668213457078,1.0,5.0,6.0,5.0,1.0,2.0,8.0,3.0,6.0,0,0.0,0,0.0031,-2.7,-870.686875201548,-2.6916300000000004,0.08352668213457078,1.0,5.0,0.6745296
0022401070,1610612752,New York,Knicks,NYK,knicks,1626157,Karl-Anthony,Towns,K. Towns,karl-anthony-towns,C,,,32:07,32.11666666666667,6,16,0.375,1,3,0.333,1,1,1.0,4,6,10,1,2,0,3,5,14,9.0,0022401070,Karl-Anthony Towns,karl-anthony towns,,,2025-03-28,2,0.4359107420861443,0.12454592631032693,0.3113648157758173,0.031136481577581733,0.18681888946549038,3.0,1.0,2.0,7.0,2.0,2.0,3.0,4.0,4.0,0,0.0,0,0.0026,11.9,4575.163398692811,11.86906,0.062272963155163466,3.0,2.0,0.37353507
0022401070,1610612752,New York,Knicks,NYK,knicks,1628969,Mikal,Bridges,M. Bridges,mikal-bridges,G,,,37:53,37.88333333333333,12,24,0.5,2,6,0.333,0,0,0.0,0,3,3,5,2,0,1,0,26,3.0,0022401070,Mikal Bridges,mikal bridges,,,2025-03-28,2,0.6863176418829741,0.0,0.07919049714034317,0.13198416190057194,0.05279366476022877,2.0,5.0,4.0,2.0,2.0,2.0,5.0,2.0,4.0,0,0.0,0,0.0027800000000000004,1.0,359.58288385472844,0.99722,0.05279366476022877,3.0,6.0,0.7393278
0022401070,1610612752,New York,Knicks,NYK,knicks,1626153,Delon,Wright,D. Wright,delon-wright,G,,,30:23,30.383333333333333,5,9,0.556,2,5,0.4,0,0,0.0,2,1,3,4,1,0,2,0,12,-9.0,0022401070,Delon Wright,delon wright,,,2025-03-28,1,0.3949533735600658,0.06582556226001098,0.09873834339001646,0.13165112452002195,0.09873834339001646,6.0,4.0,4.0,4.0,5.0,2.0,9.0,5.0,2.0,0,0.0,0,0.00149,-14.8,-9926.224010731054,-14.777948,0.03291278113000549,5.0,4.0,0.41315824
0022401070,1610612752,New York,Knicks,NYK,knicks,1629011,Mitchell,Robinson,M. Robinson,mitchell-robinson,,,,18:03,18.05,1,2,0.5,0,0,0.0,0,0,0.0,4,6,10,1,1,0,0,2,2,2.0,0022401070,Mitchell Robinson,mitchell robinson,,,2025-03-28,1,0.11080332409972299,0.22160664819944598,0.5540166204986149,0.055401662049861494,0.27700831024930744,8.0,1.0,2.0,7.0,5.0,2.0,7.0,7.0,1.0,0,0.0,0,0.00047,8.4,17834.3949044586,8.396052000000001,0.055401662049861494,5.0,1.0,0.17427449
0022401070,1610612752,New York,Knicks,NYK,knicks,1629013,Landry,Shamet,L. Shamet,landry-shamet,,,,20:04,20.066666666666666,5,8,0.625,3,5,0.6,0,0,0.0,0,0,0,2,1,0,0,0,13,12.0,0022401070,Landry Shamet,landry shamet,,,2025-03-28,1,0.6478405315614618,0.0,0.0,0.09966777408637874,0.04983388704318937,4.0,5.0,8.0,5.0,5.0,2.0,2.0,6.0,0.0,0,0.0,0,0.00182,23.9,13124.656781987918,23.856502,0.04983388704318937,5.0,7.0,0.8359785
0022401070,1610612752,New York,Knicks,NYK,knicks,1642278,Tyler,Kolek,T. Kolek,tyler-kolek,,,,17:20,17.333333333333332,2,4,0.5,1,2,0.5,0,0,0.0,0,0,0,5,0,0,0,0,5,18.0,0022401070,Tyler Kolek,tyler kolek,,,2025-03-28,0,0.2884615384615385,0.0,0.0,0.2884615384615385,0.0,7.0,5.0,8.0,2.0,8.0,2.0,1.0,8.0,1.0,0,0.0,0,0.00108,48.5,44865.864939870495,48.44762,0.0,8.0,8.0,0.12688951
0022401070,1610612752,New York,Knicks,NYK,knicks,1630173,Precious,Achiuwa,P. Achiuwa,precious-achiuwa,,,,6:25,6.416666666666667,0,1,0.0,0,0,0.0,0,0,0.0,0,2,2,0,0,0,0,1,0,9.0,0022401070,Precious Achiuwa,precious achiuwa,,,2025-03-28,0,0.0,0.0,0.3116883116883117,0.0,0.0,9.0,5.0,6.0,9.0,8.0,2.0,3.0,9.0,0.0,0,0.0,0,0.00077,69.2,89753.56679636835,69.146716,0.0,8.0,8.0,0.006432587
0022401082,1610612752,New York,Knicks,NYK,knicks,1628384,OG,Anunoby,O. Anunoby,og-anunoby,F,,,37:13,37.21666666666667,11,16,0.688,2,5,0.4,4,4,1.0,1,6,7,2,3,2,1,2,28,10.0,0022401082,OG Anunoby,og anunoby,,,2025-03-30,5,0.7523510971786833,0.026869682042095833,0.18808777429467083,0.053739364084191665,0.161218092252575,1.0,3.0,3.0,4.0,1.0,1.0,4.0,3.0,4.0,0,0.0,0,0.00226,12.3,5440.070765148165,12.272202,0.13434841021047916,1.0,4.0,0.9050457
0022401082,1610612752,New York,Knicks,NYK,knicks,1628404,Josh,Hart,J. Hart,josh-hart,F,,,38:09,38.15,5,10,0.5,1,3,0.333,3,4,0.75,1,7,8,9,3,0,1,4,14,4.0,0022401082,Josh Hart,josh hart,,,2025-03-30,3,0.3669724770642202,0.026212319790301444,0.20969855832241155,0.235910878112713,0.10484927916120577,3.0,3.0,2.0,1.0,1.0,7.0,7.0,2.0,6.0,0,0.0,0,0.00153,6.8,4441.541476159374,6.7895959999999995,0.07863695937090433,3.0,6.0,0.71936935
0022401082,1610612752,New York,Knicks,NYK,knicks,1626157,Karl-Anthony,Towns,K. Towns,karl-anthony-towns,C,,,31:36,31.6,4,13,0.308,1,2,0.5,1,1,1.0,3,8,11,2,1,2,2,3,10,1.0,0022401082,Karl-Anthony Towns,karl-anthony towns,,,2025-03-30,3,0.3164556962025316,0.09493670886075949,0.3481012658227848,0.06329113924050632,0.18987341772151897,5.0,1.0,1.0,4.0,4.0,1.0,8.0,5.0,4.0,0,0.0,0,0.00203,-3.5,-1723.2890201870998,-3.492895,0.09493670886075949,3.0,2.0,0.2559024
0022401082,1610612752,New York,Knicks,NYK,knicks,1628969,Mikal,Bridges,M. Bridges,mikal-bridges,G,,,39:33,39.55,12,22,0.545,2,6,0.333,2,2,1.0,0,2,2,7,0,1,3,4,28,14.0,0022401082,Mikal Bridges,mikal bridges,,,2025-03-30,1,0.7079646017699116,0.0,0.050568900126422255,0.1769911504424779,0.025284450063211127,1.0,7.0,7.0,2.0,6.0,5.0,3.0,1.0,2.0,0,0.0,0,0.00306,19.8,6468.474354786018,19.739412,0.025284450063211127,6.0,8.0,0.69826835
0022401082,1610612752,New York,Knicks,NYK,knicks,1626153,Delon,Wright,D. Wright,delon-wright,G,,,34:43,34.71666666666667,3,6,0.5,1,2,0.5,0,0,0.0,2,2,4,2,2,2,1,2,7,8.0,0022401082,Delon Wright,delon wright,,,2025-03-30,4,0.20163226116178587,0.057609217474795964,0.11521843494959193,0.057609217474795964,0.17282765242438788,7.0,2.0,4.0,4.0,3.0,1.0,6.0,4.0,3.0,0,0.0,0,0.00092,10.4,11292.073832790446,10.390432,0.11521843494959193,2.0,3.0,0.1432293
0022401082,1610612752,New York,Knicks,NYK,knicks,1629011,Mitchell,Robinson,M. Robinson,mitchell-robinson,,,,13:60,14.0,1,1,1.0,0,0,0.0,0,0,0.0,1,3,4,2,0,2,2,0,2,19.0,0022401082,Mitchell Robinson,mitchell robinson,,,2025-03-30,2,0.14285714285714285,0.07142857142857142,0.2857142857142857,0.14285714285714285,0.21428571428571427,8.0,3.0,4.0,4.0,6.0,1.0,2.0,7.0,2.0,0,0.0,0,0.00111,82.2,73987.39873987398,82.108758,0.14285714285714285,5.0,1.0,0.19423601
0022401082,1610612752,New York,Knicks,NYK,knicks,1629013,Landry,Shamet,L. Shamet,landry-shamet,,,,19:21,19.35,4,9,0.444,3,6,0.5,0,0,0.0,0,4,4,0,1,0,0,2,11,22.0,0022401082,Landry Shamet,landry shamet,,,2025-03-30,1,0.5684754521963824,0.0,0.20671834625322996,0.0,0.05167958656330749,4.0,7.0,4.0,8.0,4.0,7.0,1.0,6.0,0.0,0,0.0,0,0.0020499999999999997,56.8,27693.807898586056,56.68356,0.05167958656330749,6.0,7.0,0.80338347
0022401082,1610612752,New York,Knicks,NYK,knicks,1630173,Precious,Achiuwa,P. Achiuwa,precious-achiuwa,,,,10:55,10.916666666666666,5,6,0.833,0,0,0.0,0,2,0.0,0,2,2,0,0,0,2,0,10,-2.0,0022401082,Precious Achiuwa,precious achiuwa,,,2025-03-30,0,0.9160305343511451,0.0,0.183206106870229,0.0,0.0,5.0,7.0,7.0,8.0,6.0,7.0,10.0,9.0,2.0,0,0.0,0,0.00333,-12.5,-3752.626838787151,-12.458375,0.0,9.0,9.0,0.5370169
0022401082,1610612752,New York,Knicks,NYK,knicks,1642278,Tyler,Kolek,T. Kolek,tyler-kolek,,,,13:54,13.9,0,1,0.0,0,1,0.0,0,0,0.0,1,1,2,3,0,1,1,0,0,9.0,0022401082,Tyler Kolek,tyler kolek,,,2025-03-30,1,0.0,0.07194244604316546,0.14388489208633093,0.2158273381294964,0.14388489208633093,9.0,3.0,7.0,3.0,6.0,5.0,5.0,8.0,0.0,0,1.0,0,0.00061,30.0,49099.836333878884,29.9817,0.07194244604316546,6.0,5.0,0.030282201
0022401082,1610612752,New York,Knicks,NYK,knicks,1642359,Pacôme,Dadiet,P. Dadiet,pacôme-dadiet,,,,0:37,0.6166666666666667,0,0,0.0,0,0,0.0,0,0,0.0,0,0,0,0,0,0,0,0,0,0.0,0022401082,Pacôme Dadiet,pacôme dadiet,,,2025-03-30,0,0.0,0.0,0.0,0.0,0.0,9.0,7.0,10.0,8.0,6.0,7.0,9.0,10.0,,1,,1,0.0,0.0,0.0,0.0,0.0,9.0,9.0,0.0041245855
0022401098,1610612752,New York,Knicks,NYK,knicks,1628384,OG,Anunoby,O. Anunoby,og-anunoby,F,,,33:25,33.416666666666664,7,16,0.438,2,9,0.222,11,13,0.846,0,5,5,0,2,0,6,1,27,17.0,0022401098,OG Anunoby,og anunoby,,,2025-04-01,2,0.8079800498753118,0.0,0.14962593516209477,0.0,0.05985037406483791,1.0,6.0,3.0,7.0,2.0,4.0,2.0,3.0,4.0,0,0.0,0,0.00329,24.0,7292.616226071103,23.921039999999998,0.05985037406483791,3.0,6.0,0.66397846
0022401098,1610612752,New York,Knicks,NYK,knicks,1628404,Josh,Hart,J. Hart,josh-hart,F,,,32:00,32.0,4,7,0.571,0,0,0.0,1,1,1.0,0,4,4,6,2,0,1,3,9,3.0,0022401098,Josh Hart,josh hart,,,2025-04-01,2,0.28125,0.0,0.125,0.1875,0.0625,6.0,6.0,4.0,2.0,2.0,4.0,7.0,5.0,2.0,0,0.0,0,0.00104,8.1,7780.979827089338,8.091576,0.0625,3.0,5.0,0.26100072
0022401098,1610612752,New York,Knicks,NYK,knicks,1629011,Mitchell,Robinson,M. Robinson,mitchell-robinson,C,,,20:44,20.733333333333334,5,9,0.556,0,0,0.0,4,4,1.0,7,7,14,0,1,2,1,2,14,6.0,0022401098,Mitchell Robinson,mitchell robinson,,,2025-04-01,3,0.67524115755627,0.337620578778135,0.67524115755627,0.0,0.4823151125401929,3.0,1.0,1.0,7.0,4.0,1.0,6.0,7.0,1.0,0,0.0,0,0.00226,12.6,5572.755417956656,12.571523999999998,0.14469453376205788,1.0,1.0,0.92236835
0022401098,1610612752,New York,Knicks,NYK,knicks,1628969,Mikal,Bridges,M. Bridges,mikal-bridges,G,,,36:29,36.483333333333334,6,16,0.375,2,6,0.333,0,0,0.0,1,1,2,4,0,0,2,3,14,23.0,0022401098,Mikal Bridges,mikal bridges,,,2025-04-01,0,0.38373686614892644,0.027409776153494745,0.05481955230698949,0.10963910461397898,0.027409776153494745,3.0,4.0,7.0,3.0,7.0,4.0,1.0,1.0,3.0,0,0.0,0,0.00196,30.0,15298.317185109638,29.941200000000002,0.0,7.0,7.0,0.18425289
0022401098,1610612752,New York,Knicks,NYK,knicks,1626153,Delon,Wright,D. Wright,delon-wright,G,,,32:57,32.95,4,7,0.571,1,2,0.5,3,4,0.75,2,2,4,4,3,0,1,1,12,-5.0,0022401098,Delon Wright,delon wright,,,2025-04-01,3,0.36418816388467373,0.060698027314112286,0.12139605462822457,0.12139605462822457,0.15174506828528073,5.0,3.0,4.0,3.0,1.0,4.0,8.0,4.0,3.0,0,0.0,0,0.00127,-7.9,-6215.578284815107,-7.889967,0.09104704097116843,1.0,3.0,0.52979875
0022401098,1610612752,New York,Knicks,NYK,knicks,1630173,Precious,Achiuwa,P. Achiuwa,precious-achiuwa,,,,27:16,27.266666666666666,1,11,0.091,0,0,0.0,0,2,0.0,3,6,9,1,1,1,2,1,2,8.0,0022401098,Precious Achiuwa,precious achiuwa,,,2025-04-01,2,0.07334963325183375,0.11002444987775062,0.33007334963325186,0.03667481662591687,0.18337408312958436,8.0,2.0,2.0,5.0,4.0,2.0,5.0,6.0,2.0,0,0.0,0,0.00215,13.8,6415.6206415620645,13.770330000000001,0.07334963325183375,3.0,2.0,0.053309504
0022401098,1610612752,New York,Knicks,NYK,knicks,1629013,Landry,Shamet,L. Shamet,landry-shamet,,,,33:52,33.86666666666667,7,12,0.583,6,11,0.545,0,0,0.0,0,2,2,1,0,0,1,1,20,11.0,0022401098,Landry Shamet,landry shamet,,,2025-04-01,0,0.5905511811023622,0.0,0.05905511811023622,0.02952755905511811,0.0,2.0,6.0,7.0,5.0,7.0,4.0,4.0,2.0,4.0,0,0.0,0,0.00159,14.4,9050.911376492772,14.377104000000001,0.0,7.0,8.0,0.8249971
0022401098,1610612752,New York,Knicks,NYK,knicks,1642278,Tyler,Kolek,T. Kolek,tyler-kolek,,,,20:19,20.316666666666666,2,6,0.333,1,3,0.333,2,2,1.0,1,3,4,7,1,1,4,5,7,12.0,0022401098,Tyler Kolek,tyler kolek,,,2025-04-01,2,0.3445447087776866,0.04922067268252666,0.19688269073010664,0.3445447087776866,0.14766201804757997,7.0,4.0,4.0,1.0,4.0,2.0,3.0,8.0,0.0,0,0.0,0,0.0022,25.0,11358.473421172193,24.945,0.09844134536505332,3.0,4.0,0.2274218
0022401098,1610612752,New York,Knicks,NYK,knicks,1641755,Kevin,McCullar Jr.,K. McCullar Jr.,kevin-mccullar-jr,,,,2:58,2.966666666666667,0,1,0.0,0,0,0.0,0,0,0.0,0,0,0,0,0,0,0,1,0,-5.0,0022401098,Kevin McCullar Jr.,kevin mccullar jr,,,2025-04-01,0,0.0,0.0,0.0,0.0,0.0,9.0,6.0,9.0,7.0,7.0,4.0,8.0,9.0,,1,,1,0.0014299999999999998,-88.1,-61565.3389238295,-87.97401699999999,0.0,7.0,8.0,0.0022375614
0022401103,1610612752,New York,Knicks,NYK,knicks,1628404,Josh,Hart,J. Hart,josh-hart,F,,,36:44,36.733333333333334,8,19,0.421,3,9,0.333,0,0,0.0,2,3,5,4,2,0,3,1,19,-14.0,0022401103,Josh Hart,josh hart,,,2025-04-02,2,0.5172413793103449,0.0544464609800363,0.13611615245009073,0.1088929219600726,0.1088929219600726,3.0,3.0,4.0,3.0,1.0,2.0,7.0,1.0,4.0,0,0.0,0,0.00256,-17.6,-6872.315501757126,-17.554944000000003,0.0544464609800363,2.0,5.0,0.6323583
0022401103,1610612752,New York,Knicks,NYK,knicks,1628384,OG,Anunoby,O. Anunoby,og-anunoby,F,,,33:52,33.86666666666667,9,17,0.529,5,8,0.625,0,0,0.0,2,4,6,6,0,0,1,4,23,-14.0,0022401103,OG Anunoby,og anunoby,,,2025-04-02,0,0.6791338582677166,0.05905511811023622,0.17716535433070865,0.17716535433070865,0.05905511811023622,2.0,3.0,2.0,1.0,7.0,2.0,7.0,3.0,2.0,0,0.0,0,0.00222,-16.8,-7564.160288158487,-16.762704,0.0,7.0,8.0,0.8133096
0022401103,1610612752,New York,Knicks,NYK,knicks,1626157,Karl-Anthony,Towns,K. Towns,karl-anthony-towns,C,,,33:32,33.53333333333333,9,16,0.563,1,3,0.333,6,7,0.857,3,10,13,1,0,0,7,5,25,-9.0,0022401103,Karl-Anthony Towns,karl-anthony towns,,,2025-04-02,0,0.7455268389662029,0.08946322067594434,0.38767395626242546,0.029821073558648114,0.08946322067594434,1.0,1.0,1.0,6.0,7.0,2.0,4.0,4.0,1.0,0,0.0,0,0.00313,-11.1,-3545.193229000319,-11.065257,0.0,7.0,6.0,0.7928128
0022401103,1610612752,New York,Knicks,NYK,knicks,1628969,Mikal,Bridges,M. Bridges,mikal-bridges,G,,,35:49,35.81666666666667,3,6,0.5,0,1,0.0,2,2,1.0,1,1,2,3,1,0,2,3,8,-18.0,0022401103,Mikal Bridges,mikal bridges,,,2025-04-02,1,0.22335970218706372,0.027919962773382965,0.05583992554676593,0.0837598883201489,0.05583992554676593,5.0,6.0,6.0,4.0,2.0,2.0,10.0,2.0,1.0,0,0.0,0,0.00111,-22.5,-20252.025202520254,-22.475025,0.027919962773382965,3.0,9.0,0.044760022
0022401103,1610612752,New York,Knicks,NYK,knicks,1626153,Delon,Wright,D. Wright,delon-wright,G,,,33:06,33.1,3,9,0.333,1,5,0.2,0,0,0.0,3,0,3,6,1,0,1,2,7,-15.0,0022401103,Delon Wright,delon wright,,,2025-04-02,1,0.21148036253776434,0.09063444108761329,0.09063444108761329,0.18126888217522658,0.12084592145015105,6.0,1.0,5.0,1.0,2.0,2.0,9.0,5.0,3.0,0,0.0,0,0.0013,-21.3,-16372.021521906228,-21.27231,0.030211480362537763,3.0,4.0,0.14666845
0022401103,1610612752,New York,Knicks,NYK,knicks,1629013,Landry,Shamet,L. Shamet,landry-shamet,,,,26:15,26.25,2,7,0.286,1,5,0.2,0,0,0.0,1,1,2,0,0,0,0,1,5,-11.0,0022401103,Landry Shamet,landry shamet,,,2025-04-02,0,0.19047619047619047,0.0380952380952381,0.0761904761904762,0.0,0.0380952380952381,7.0,6.0,6.0,8.0,7.0,2.0,6.0,6.0,2.0,0,0.0,0,0.00115,-16.7,-14509.122502172026,-16.680795,0.0,7.0,10.0,0.019362856
0022401103,1610612752,New York,Knicks,NYK,knicks,1630173,Precious,Achiuwa,P. Achiuwa,precious-achiuwa,,,,21:26,21.433333333333334,5,9,0.556,0,0,0.0,3,4,0.75,2,4,6,1,1,2,0,1,13,-10.0,0022401103,Precious Achiuwa,precious achiuwa,,,2025-04-02,3,0.6065318818040435,0.09331259720062209,0.27993779160186627,0.04665629860031104,0.2332814930015552,4.0,3.0,2.0,6.0,2.0,1.0,5.0,7.0,2.0,0,0.0,0,0.00208,-15.8,-7592.503604036521,-15.767136,0.13996889580093314,1.0,3.0,0.70626426
0022401103,1610612752,New York,Knicks,NYK,knicks,1642278,Tyler,Kolek,T. Kolek,tyler-kolek,,,,14:54,14.9,0,4,0.0,0,3,0.0,1,2,0.5,0,0,0,3,1,0,0,1,1,-4.0,0022401103,Tyler Kolek,tyler kolek,,,2025-04-02,1,0.06711409395973154,0.0,0.0,0.20134228187919462,0.06711409395973154,9.0,9.0,10.0,4.0,2.0,2.0,3.0,8.0,1.0,0,0.0,0,0.00135,-9.4,-6957.809030347891,-9.387310000000001,0.06711409395973154,3.0,7.0,0.0076200417
0022401103,1610612752,New York,Knicks,NYK,knicks,1641817,Anton,Watson,A. Watson,anton-watson,,,,2:11,2.183333333333333,0,1,0.0,0,1,0.0,0,0,0.0,0,1,1,0,1,0,0,1,0,0.0,0022401103,Anton Watson,anton watson,,,2025-04-02,1,0.0,0.0,0.45801526717557256,0.0,0.45801526717557256,10.0,9.0,8.0,8.0,2.0,2.0,1.0,9.0,1.0,0,0.0,0,0.0014299999999999998,14.3,9993.011879804335,14.279551,0.45801526717557256,3.0,1.0,0.012427226
0022401103,1610612752,New York,Knicks,NYK,knicks,1630699,MarJon,Beauchamp,M. Beauchamp,marjon-beauchamp,,,,2:11,2.183333333333333,1,2,0.5,0,1,0.0,2,2,1.0,1,0,1,0,0,0,0,0,4,0.0,0022401103,MarJon Beauchamp,marjon beauchamp,,,2025-04-02,0,1.8320610687022902,0.45801526717557256,0.45801526717557256,0.0,0.45801526717557256,8.0,6.0,8.0,8.0,7.0,2.0,1.0,9.0,0.0,0,0.0,0,0.0042899999999999995,14.3,3332.556513633186,14.238653000000001,0.0,7.0,1.0,0.044808306
0022401128,1610612752,New York,Knicks,NYK,knicks,1628404,Josh,Hart,J. Hart,josh-hart,F,,,32:20,32.333333333333336,5,8,0.625,2,2,1.0,4,5,0.8,0,9,9,11,4,0,4,3,16,3.0,0022401128,Josh Hart,josh hart,,,2025-04-05,4,0.49484536082474223,0.0,0.2783505154639175,0.34020618556701027,0.12371134020618556,4.0,6.0,2.0,1.0,1.0,3.0,6.0,4.0,2.0,0,0.0,0,0.00184,7.9,4291.146116241173,7.885464000000001,0.12371134020618556,1.0,1.0,0.82333446
0022401128,1610612752,New York,Knicks,NYK,knicks,1628384,OG,Anunoby,O. Anunoby,og-anunoby,F,,,34:38,34.63333333333333,9,17,0.529,2,4,0.5,4,5,0.8,0,4,4,4,1,3,0,1,24,24.0,0022401128,OG Anunoby,og anunoby,,,2025-04-05,4,0.6929740134744947,0.0,0.11549566891241579,0.11549566891241579,0.11549566891241579,2.0,6.0,3.0,4.0,3.0,1.0,2.0,1.0,3.0,0,0.0,0,0.0023799999999999997,34.8,14615.707685846282,34.717175999999995,0.11549566891241579,1.0,3.0,0.85189897
0022401128,1610612752,New York,Knicks,NYK,knicks,1626157,Karl-Anthony,Towns,K. Towns,karl-anthony-towns,C,,,32:59,32.983333333333334,10,15,0.667,2,3,0.667,8,9,0.889,2,9,11,3,0,0,3,1,30,27.0,0022401128,Karl-Anthony Towns,karl-anthony towns,,,2025-04-05,0,0.9095502779181405,0.0606366851945427,0.3335017685699848,0.09095502779181404,0.0606366851945427,1.0,1.0,1.0,5.0,5.0,3.0,1.0,2.0,2.0,0,0.0,0,0.0028799999999999997,38.6,13398.12565081569,38.488832,0.0,6.0,6.0,0.7685988
0022401128,1610612752,New York,Knicks,NYK,knicks,1628969,Mikal,Bridges,M. Bridges,mikal-bridges,G,,,32:31,32.516666666666666,9,13,0.692,2,3,0.667,0,0,0.0,1,2,3,5,0,0,1,2,20,24.0,0022401128,Mikal Bridges,mikal bridges,,,2025-04-05,0,0.6150691952844696,0.030753459764223477,0.09226037929267043,0.1537672988211174,0.030753459764223477,3.0,2.0,5.0,2.0,5.0,3.0,2.0,3.0,0.0,0,0.0,0,0.00189,35.3,18667.37176097303,35.233283,0.0,6.0,8.0,0.8199354
0022401128,1610612752,New York,Knicks,NYK,knicks,1626153,Delon,Wright,D. Wright,delon-wright,G,,,28:55,28.916666666666668,4,7,0.571,2,4,0.5,0,0,0.0,0,1,1,2,2,0,1,0,10,18.0,0022401128,Delon Wright,delon wright,,,2025-04-05,2,0.34582132564841495,0.0,0.034582132564841495,0.06916426512968299,0.06916426512968299,6.0,6.0,8.0,6.0,2.0,3.0,4.0,6.0,4.0,0,0.0,0,0.00121,31.3,25846.407927332788,31.262127,0.06916426512968299,3.0,4.0,0.41454208
0022401128,1610612752,New York,Knicks,NYK,knicks,1630173,Precious,Achiuwa,P. Achiuwa,precious-achiuwa,,,,25:18,25.3,3,8,0.375,0,0,0.0,0,0,0.0,1,2,3,0,0,2,1,2,6,-10.0,0022401128,Precious Achiuwa,precious achiuwa,,,2025-04-05,2,0.23715415019762845,0.039525691699604744,0.11857707509881422,0.0,0.11857707509881422,7.0,2.0,5.0,8.0,5.0,2.0,9.0,7.0,0.0,0,0.0,0,0.0017000000000000001,-14.3,-8406.81951793063,-14.27569,0.07905138339920949,3.0,2.0,0.07066638
0022401128,1610612752,New York,Knicks,NYK,knicks,1629013,Landry,Shamet,L. Shamet,landry-shamet,,,,30:17,30.283333333333335,4,11,0.364,4,10,0.4,0,0,0.0,1,3,4,2,1,0,3,2,12,4.0,0022401128,Landry Shamet,landry shamet,,,2025-04-05,1,0.39625756741882223,0.03302146395156852,0.13208585580627408,0.06604292790313704,0.06604292790313704,5.0,2.0,3.0,6.0,3.0,3.0,5.0,5.0,1.0,0,0.0,0,0.00215,6.6,3068.3403068340303,6.5858099999999995,0.03302146395156852,5.0,5.0,0.5776552
0022401128,1610612752,New York,Knicks,NYK,knicks,1626166,Cameron,Payne,C. Payne,cameron-payne,,,,21:29,21.483333333333334,1,5,0.2,1,3,0.333,0,0,0.0,1,2,3,5,0,0,0,2,3,-7.0,0022401128,Cameron Payne,cameron payne,,,2025-04-05,0,0.13964313421256788,0.04654771140418929,0.13964313421256788,0.23273855702094645,0.04654771140418929,8.0,2.0,5.0,2.0,5.0,3.0,8.0,8.0,2.0,0,1.0,0,0.00114,-14.8,-12971.07800175285,-14.783128,0.0,6.0,7.0,0.017776193
0022401128,1610612752,New York,Knicks,NYK,knicks,1641755,Kevin,McCullar Jr.,K. McCullar Jr.,kevin-mccullar-jr,,,,1:33,1.55,0,0,0.0,0,0,0.0,0,0,0.0,0,0,0,0,0,0,0,0,0,-3.0,0022401128,Kevin McCullar Jr.,kevin mccullar jr,,,2025-04-05,0,0.0,0.0,0.0,0.0,0.0,9.0,6.0,9.0,8.0,5.0,3.0,7.0,9.0,0.0,0,0.0,0,0.0,-100.0,-100000000.0,-100.0,0.0,6.0,9.0,0.0029978256
0022401140,1610612752,New York,Knicks,NYK,knicks,1628384,OG,Anunoby,O. Anunoby,og-anunoby,F,,,36:24,36.4,13,17,0.765,6,8,0.75,0,0,0.0,2,4,6,3,0,0,2,4,32,9.0,0022401140,OG Anunoby,og anunoby,,,2025-04-06,0,0.8791208791208791,0.054945054945054944,0.16483516483516483,0.08241758241758242,0.054945054945054944,1.0,1.0,3.0,5.0,6.0,4.0,4.0,4.0,2.0,0,0.0,0,0.0023799999999999997,12.3,5165.896682066359,12.270726,0.0,7.0,4.0,0.8816211
0022401140,1610612752,New York,Knicks,NYK,knicks,1628404,Josh,Hart,J. Hart,josh-hart,F,,,37:47,37.78333333333333,2,6,0.333,0,2,0.0,3,4,0.75,1,9,10,5,1,0,4,1,7,13.0,0022401140,Josh Hart,josh hart,,,2025-04-06,1,0.18526687251874724,0.02646669607410675,0.2646669607410675,0.13233348037053375,0.0529333921482135,6.0,3.0,2.0,3.0,2.0,4.0,2.0,2.0,2.0,0,0.0,0,0.00148,17.6,11883.862255232953,17.573952000000002,0.02646669607410675,4.0,5.0,0.15597637
0022401140,1610612752,New York,Knicks,NYK,knicks,1626157,Karl-Anthony,Towns,K. Towns,karl-anthony-towns,C,,,36:25,36.416666666666664,7,13,0.538,0,3,0.0,5,6,0.833,2,11,13,1,1,1,1,3,19,16.0,0022401140,Karl-Anthony Towns,karl-anthony towns,,,2025-04-06,2,0.5217391304347826,0.054919908466819226,0.35697940503432496,0.027459954233409613,0.10983981693363845,3.0,1.0,1.0,7.0,2.0,1.0,1.0,3.0,0.0,0,0.0,0,0.0021,21.6,10280.818657782009,21.554640000000003,0.054919908466819226,1.0,3.0,0.88444716
0022401140,1610612752,New York,Knicks,NYK,knicks,1628969,Mikal,Bridges,M. Bridges,mikal-bridges,G,,,39:27,39.45,8,14,0.571,2,3,0.667,4,4,1.0,0,6,6,4,0,1,2,1,22,11.0,0022401140,Mikal Bridges,mikal bridges,,,2025-04-06,1,0.5576679340937896,0.0,0.1520912547528517,0.10139416983523447,0.025348542458808618,2.0,5.0,3.0,4.0,6.0,1.0,3.0,1.0,0.0,0,0.0,0,0.00214,15.7,7333.02195235871,15.666401999999998,0.025348542458808618,4.0,7.0,0.722948
0022401140,1610612752,New York,Knicks,NYK,knicks,1628973,Jalen,Brunson,J. Brunson,jalen-brunson,G,,,34:27,34.45,3,9,0.333,1,4,0.25,8,10,0.8,0,2,2,6,1,0,3,2,15,9.0,0022401140,Jalen Brunson,jalen brunson,,,2025-04-06,1,0.43541364296081275,0.0,0.05805515239477503,0.1741654571843251,0.029027576197387515,4.0,5.0,5.0,1.0,2.0,4.0,4.0,5.0,1.0,0,1.0,0,0.00219,11.9,5431.309904153354,11.873939,0.029027576197387515,4.0,6.0,0.19896257
0022401140,1610612752,New York,Knicks,NYK,knicks,1629011,Mitchell,Robinson,M. Robinson,mitchell-robinson,,,,12:43,12.716666666666667,1,2,0.5,0,0,0.0,0,0,0.0,1,1,2,1,1,1,1,3,2,-4.0,0022401140,Mitchell Robinson,mitchell robinson,,,2025-04-06,2,0.15727391874180865,0.07863695937090433,0.15727391874180865,0.07863695937090433,0.23591087811271297,8.0,3.0,5.0,7.0,2.0,1.0,9.0,9.0,0.0,0,0.0,0,0.00115,-24.3,-21112.0764552563,-24.272055,0.15727391874180865,1.0,1.0,0.012761597
0022401140,1610612752,New York,Knicks,NYK,knicks,1629013,Landry,Shamet,L. Shamet,landry-shamet,,,,13:31,13.516666666666667,2,3,0.667,1,2,0.5,0,0,0.0,0,1,1,0,0,0,1,1,5,7.0,0022401140,Landry Shamet,landry shamet,,,2025-04-06,0,0.3699136868064118,0.0,0.07398273736128236,0.0,0.0,7.0,5.0,7.0,9.0,6.0,4.0,6.0,8.0,1.0,0,0.0,0,0.0013800000000000002,22.6,16364.952932657496,22.568812,0.0,7.0,8.0,0.033527482
0022401140,1610612752,New York,Knicks,NYK,knicks,1630540,Miles,McBride,M. McBride,miles-mcbride,,,,15:43,15.716666666666667,3,6,0.5,2,4,0.5,0,0,0.0,0,0,0,2,2,0,0,2,8,4.0,0022401140,Miles McBride,miles mcbride,,,2025-04-06,2,0.5090137857900318,0.0,0.0,0.12725344644750794,0.12725344644750794,5.0,5.0,9.0,6.0,1.0,4.0,8.0,6.0,4.0,0,0.0,0,0.00167,6.6,3949.730700179533,6.588978,0.12725344644750794,1.0,2.0,0.165114
0022401140,1610612752,New York,Knicks,NYK,knicks,1626166,Cameron,Payne,C. Payne,cameron-payne,,,,13:33,13.55,1,4,0.25,0,2,0.0,0,0,0.0,0,1,1,6,0,0,0,1,2,5.0,0022401140,Cameron Payne,cameron payne,,,2025-04-06,0,0.14760147601476015,0.0,0.07380073800738007,0.44280442804428044,0.0,8.0,5.0,7.0,1.0,6.0,4.0,7.0,7.0,2.0,0,0.0,0,0.00125,13.8,11031.17505995204,13.782750000000002,0.0,7.0,8.0,0.012152476
0022401151,1610612752,New York,Knicks,NYK,knicks,1628384,OG,Anunoby,O. Anunoby,og-anunoby,F,,,41:20,41.333333333333336,5,13,0.385,0,5,0.0,3,6,0.5,3,5,8,1,2,2,4,0,13,-7.0,0022401151,OG Anunoby,og anunoby,,,2025-04-08,4,0.31451612903225806,0.07258064516129031,0.1935483870967742,0.024193548387096774,0.1693548387096774,4.0,3.0,3.0,6.0,2.0,1.0,9.0,3.0,4.0,0,0.0,0,0.00213,-7.3,-3425.62177381511,-7.284451,0.0967741935483871,1.0,3.0,0.37298954
0022401151,1610612752,New York,Knicks,NYK,knicks,1628404,Josh,Hart,J. Hart,josh-hart,F,,,47:31,47.516666666666666,5,14,0.357,0,4,0.0,0,1,0.0,4,7,11,7,3,0,1,6,10,-5.0,0022401151,Josh Hart,josh hart,,,2025-04-08,3,0.2104524728165556,0.08418098912662224,0.23149772009821115,0.14731673097158893,0.14731673097158893,5.0,1.0,2.0,2.0,1.0,5.0,8.0,1.0,7.0,0,0.0,0,0.0014199999999999998,-5.6,-3940.8866995073895,-5.592048,0.06313574184496668,2.0,4.0,0.3806605
0022401151,1610612752,New York,Knicks,NYK,knicks,1626157,Karl-Anthony,Towns,K. Towns,karl-anthony-towns,C,,,42:37,42.61666666666667,14,21,0.667,1,3,0.333,5,7,0.714,2,12,14,2,1,1,0,4,34,1.0,0022401151,Karl-Anthony Towns,karl-anthony towns,,,2025-04-08,2,0.7978099335158388,0.046929996089166995,0.3285099726241689,0.046929996089166995,0.09385999217833399,1.0,5.0,1.0,4.0,3.0,3.0,3.0,2.0,4.0,0,0.0,0,0.0025,2.6,1039.5841663334666,2.5935,0.046929996089166995,4.0,5.0,0.83265567
0022401151,1610612752,New York,Knicks,NYK,knicks,1628969,Mikal,Bridges,M. Bridges,mikal-bridges,G,,,37:49,37.81666666666667,6,15,0.4,2,6,0.333,0,0,0.0,1,3,4,4,0,1,2,4,14,-2.0,0022401151,Mikal Bridges,mikal bridges,,,2025-04-08,1,0.37020713970912295,0.02644336712208021,0.10577346848832084,0.10577346848832084,0.05288673424416042,3.0,6.0,6.0,3.0,6.0,3.0,6.0,5.0,2.0,0,0.0,0,0.00202,-1.1,-544.2850074220682,-1.0977780000000001,0.02644336712208021,5.0,6.0,0.18784636
0022401151,1610612752,New York,Knicks,NYK,knicks,1628973,Jalen,Brunson,J. Brunson,jalen-brunson,G,,,38:26,38.43333333333333,10,21,0.476,5,12,0.417,2,2,1.0,0,1,1,10,0,0,2,1,27,-2.0,0022401151,Jalen Brunson,jalen brunson,,,2025-04-08,0,0.7025151777970512,0.0,0.026019080659150047,0.26019080659150046,0.0,2.0,7.0,8.0,1.0,6.0,5.0,6.0,4.0,3.0,0,0.0,0,0.0027,-1.1,-407.2565716401333,-1.09703,0.0,7.0,7.0,0.8242912
0022401151,1610612752,New York,Knicks,NYK,knicks,1630540,Miles,McBride,M. McBride,miles-mcbride,,,,20:38,20.633333333333333,2,5,0.4,1,4,0.25,0,0,0.0,3,2,5,1,1,0,0,3,5,3.0,0022401151,Miles McBride,miles mcbride,,,2025-04-08,1,0.24232633279483037,0.14539579967689822,0.24232633279483037,0.048465266558966075,0.1938610662358643,7.0,3.0,5.0,6.0,3.0,5.0,1.0,6.0,2.0,0,0.0,0,0.00098,7.1,7237.512742099899,7.093042,0.048465266558966075,5.0,2.0,0.17785281
0022401151,1610612752,New York,Knicks,NYK,knicks,1629011,Mitchell,Robinson,M. Robinson,mitchell-robinson,,,,15:44,15.733333333333333,2,3,0.667,0,0,0.0,0,0,0.0,4,3,7,1,1,2,0,0,4,-1.0,0022401151,Mitchell Robinson,mitchell robinson,,,2025-04-08,3,0.2542372881355932,0.2542372881355932,0.44491525423728817,0.0635593220338983,0.44491525423728817,8.0,1.0,4.0,6.0,3.0,1.0,5.0,7.0,1.0,0,0.0,0,0.00075,-6.4,-8521.970705725698,-6.3952,0.19067796610169493,2.0,1.0,0.2891189
0022401151,1610612752,New York,Knicks,NYK,knicks,1626166,Cameron,Payne,C. Payne,cameron-payne,,,,14:26,14.433333333333334,3,7,0.429,1,3,0.333,0,0,0.0,0,0,0,2,0,0,2,3,7,0.0,0022401151,Cameron Payne,cameron payne,,,2025-04-08,0,0.48498845265588914,0.0,0.0,0.13856812933025403,0.0,6.0,7.0,9.0,4.0,6.0,5.0,4.0,8.0,0.0,0,1.0,0,0.0028100000000000004,0.0,0.0,0.0,0.0,7.0,7.0,0.13837814
0022401151,1610612752,New York,Knicks,NYK,knicks,1629013,Landry,Shamet,L. Shamet,landry-shamet,,,,6:30,6.5,1,2,0.5,1,1,1.0,0,0,0.0,0,2,2,0,0,0,0,0,3,3.0,0022401151,Landry Shamet,landry shamet,,,2025-04-08,0,0.46153846153846156,0.0,0.3076923076923077,0.0,0.0,9.0,7.0,7.0,9.0,6.0,5.0,1.0,9.0,0.0,0,0.0,0,0.00133,29.7,22314.04958677686,29.660498999999998,0.0,7.0,7.0,0.011463964
0022401167,1610612752,New York,Knicks,NYK,knicks,1628969,Mikal,Bridges,M. Bridges,mikal-bridges,F,,,32:58,32.96666666666667,7,10,0.7,1,2,0.5,2,2,1.0,1,1,2,7,2,1,3,3,17,-11.0,0022401167,Mikal Bridges,mikal bridges,,,2025-04-10,3,0.5156723963599595,0.030333670374115267,0.06066734074823053,0.21233569261880686,0.12133468149646107,3.0,4.0,4.0,1.0,2.0,3.0,7.0,3.0,3.0,0,0.0,0,0.00184,-15.6,-8473.655621944596,-15.571296,0.09100101112234579,3.0,4.0,0.7691388
0022401167,1610612752,New York,Knicks,NYK,knicks,1630173,Precious,Achiuwa,P. Achiuwa,precious-achiuwa,F,,,39:44,39.733333333333334,8,13,0.615,1,4,0.25,1,1,1.0,1,9,10,3,2,3,0,3,18,-7.0,0022401167,Precious Achiuwa,precious achiuwa,,,2025-04-10,5,0.45302013422818793,0.025167785234899327,0.25167785234899326,0.07550335570469799,0.15100671140939598,2.0,4.0,1.0,5.0,2.0,1.0,6.0,1.0,3.0,0,0.0,0,0.00146,-6.0,-4106.7761806981525,-5.9912399999999995,0.12583892617449663,1.0,2.0,0.8775611
0022401167,1610612752,New York,Knicks,NYK,knicks,1626157,Karl-Anthony,Towns,K. Towns,karl-anthony-towns,C,,,29:25,29.416666666666668,10,19,0.526,0,1,0.0,5,5,1.0,4,6,10,5,1,0,7,4,25,-5.0,0022401167,Karl-Anthony Towns,karl-anthony towns,,,2025-04-10,1,0.8498583569405099,0.13597733711048157,0.33994334277620397,0.16997167138810199,0.16997167138810199,1.0,1.0,1.0,3.0,4.0,4.0,4.0,4.0,0.0,0,0.0,0,0.00364,-11.9,-3268.332875583631,-11.856684000000001,0.03399433427762039,5.0,1.0,0.76714444
0022401167,1610612752,New York,Knicks,NYK,knicks,1630540,Miles,McBride,M. McBride,miles-mcbride,G,,,38:59,38.983333333333334,5,18,0.278,2,10,0.2,0,0,0.0,0,2,2,6,4,0,0,1,12,-15.0,0022401167,Miles McBride,miles mcbride,,,2025-04-10,4,0.30782385634886705,0.0,0.051303976058144504,0.15391192817443353,0.10260795211628901,5.0,6.0,4.0,2.0,1.0,4.0,9.0,2.0,8.0,0,0.0,0,0.002,-18.5,-9245.377311344328,-18.463,0.10260795211628901,2.0,6.0,0.15014352
0022401167,1610612752,New York,Knicks,NYK,knicks,1628973,Jalen,Brunson,J. Brunson,jalen-brunson,G,,,29:17,29.283333333333335,5,15,0.333,3,9,0.333,2,5,0.4,2,0,2,5,0,2,3,2,15,-11.0,0022401167,Jalen Brunson,jalen brunson,,,2025-04-10,2,0.5122367672168469,0.06829823562891292,0.06829823562891292,0.1707455890722823,0.13659647125782584,4.0,3.0,4.0,3.0,7.0,2.0,7.0,5.0,0.0,0,0.0,0,0.0029,-19.6,-6756.290934160635,-19.54316,0.06829823562891292,4.0,3.0,0.33846644
0022401167,1610612752,New York,Knicks,NYK,knicks,200782,P.J.,Tucker,P. Tucker,pj-tucker,,,,26:51,26.85,1,2,0.5,1,2,0.5,0,0,0.0,3,3,6,0,0,0,0,3,3,-6.0,0022401167,P.J. Tucker,pj tucker,,,2025-04-10,0,0.11173184357541899,0.11173184357541899,0.22346368715083798,0.0,0.11173184357541899,8.0,2.0,3.0,9.0,7.0,4.0,5.0,6.0,0.0,0,0.0,0,0.0003,-10.9,-36212.62458471761,-10.896730000000002,0.0,8.0,5.0,0.06765094
0022401167,1610612752,New York,Knicks,NYK,knicks,1626166,Cameron,Payne,C. Payne,cameron-payne,,,,14:39,14.65,3,8,0.375,1,2,0.5,0,0,0.0,0,2,2,2,1,0,1,2,7,6.0,0022401167,Cameron Payne,cameron payne,,,2025-04-10,1,0.4778156996587031,0.0,0.13651877133105803,0.13651877133105803,0.06825938566552901,7.0,6.0,4.0,6.0,4.0,4.0,1.0,8.0,1.0,0,0.0,0,0.00243,22.3,9173.179761415056,22.245811,0.06825938566552901,5.0,8.0,0.1702864
0022401167,1610612752,New York,Knicks,NYK,knicks,1629013,Landry,Shamet,L. Shamet,landry-shamet,,,,15:02,15.033333333333333,3,4,0.75,2,3,0.667,1,1,1.0,0,0,0,2,0,0,0,1,9,2.0,0022401167,Landry Shamet,landry shamet,,,2025-04-10,0,0.5986696230598669,0.0,0.0,0.13303769401330376,0.0,6.0,6.0,8.0,6.0,7.0,4.0,2.0,7.0,0.0,0,0.0,0,0.0010299999999999999,3.2,3103.782735208536,3.1967040000000004,0.0,8.0,9.0,0.16339861
0022401167,1610612752,New York,Knicks,NYK,knicks,1626153,Delon,Wright,D. Wright,delon-wright,,,,13:05,13.083333333333334,0,1,0.0,0,1,0.0,0,0,0.0,0,0,0,2,1,0,0,0,0,2.0,0022401167,Delon Wright,delon wright,,,2025-04-10,1,0.0,0.0,0.0,0.15286624203821655,0.07643312101910828,9.0,6.0,8.0,6.0,4.0,4.0,2.0,9.0,1.0,0,0.0,0,0.00029,3.4,11683.848797250857,3.3990139999999998,0.07643312101910828,5.0,7.0,0.01189456
0022401175,1610612752,New York,Knicks,NYK,knicks,1628384,OG,Anunoby,O. Anunoby,og-anunoby,F,,,34:47,34.78333333333333,6,18,0.333,2,9,0.222,1,2,0.5,0,4,4,4,2,0,1,3,15,-2.0,0022401175,OG Anunoby,og anunoby,,,2025-04-11,2,0.4312410158121706,0.0,0.11499760421657883,0.11499760421657883,0.057498802108289414,3.0,5.0,4.0,3.0,1.0,3.0,5.0,3.0,7.0,0,0.0,0,0.0025,-1.2,-479.80807676929226,-1.197,0.057498802108289414,3.0,6.0,0.24604769
0022401175,1610612752,New York,Knicks,NYK,knicks,1628404,Josh,Hart,J. Hart,josh-hart,F,,,34:29,34.483333333333334,3,6,0.5,2,3,0.667,0,0,0.0,2,9,11,5,1,0,2,4,8,-16.0,0022401175,Josh Hart,josh hart,,,2025-04-11,1,0.2319961333977767,0.05799903334944417,0.318994683421943,0.14499758337361043,0.08699855002416626,6.0,2.0,1.0,2.0,4.0,3.0,9.0,4.0,3.0,0,0.0,0,0.00104,-22.7,-21805.955811719505,-22.676392,0.028999516674722087,4.0,3.0,0.09662179
0022401175,1610612752,New York,Knicks,NYK,knicks,1629011,Mitchell,Robinson,M. Robinson,mitchell-robinson,C,,,32:48,32.8,3,4,0.75,0,0,0.0,2,4,0.5,5,2,7,2,2,1,0,3,8,3.0,0022401175,Mitchell Robinson,mitchell robinson,,,2025-04-11,3,0.24390243902439027,0.15243902439024393,0.2134146341463415,0.06097560975609757,0.24390243902439027,6.0,1.0,2.0,4.0,1.0,1.0,2.0,5.0,5.0,0,0.0,0,0.00077,2.8,3631.647211413748,2.7978439999999996,0.09146341463414635,1.0,1.0,0.755186
0022401175,1610612752,New York,Knicks,NYK,knicks,1628969,Mikal,Bridges,M. Bridges,mikal-bridges,G,,,36:24,36.4,6,13,0.462,1,5,0.2,4,5,0.8,2,0,2,8,1,0,0,2,17,-14.0,0022401175,Mikal Bridges,mikal bridges,,,2025-04-11,1,0.46703296703296704,0.054945054945054944,0.054945054945054944,0.21978021978021978,0.08241758241758242,2.0,2.0,6.0,1.0,4.0,3.0,8.0,1.0,4.0,0,0.0,0,0.0017599999999999998,-19.4,-11016.467915956844,-19.365855999999997,0.027472527472527472,4.0,5.0,0.6144384
0022401175,1610612752,New York,Knicks,NYK,knicks,1628973,Jalen,Brunson,J. Brunson,jalen-brunson,G,,,36:17,36.28333333333333,9,17,0.529,3,7,0.429,6,7,0.857,0,1,1,2,1,0,3,1,27,-6.0,0022401175,Jalen Brunson,jalen brunson,,,2025-04-11,1,0.7441433164905834,0.0,0.02756086357372531,0.05512172714745062,0.02756086357372531,1.0,5.0,7.0,4.0,4.0,3.0,6.0,2.0,4.0,0,0.0,0,0.00267,-8.3,-3107.4503931111944,-8.277839000000002,0.02756086357372531,4.0,9.0,0.8380064
0022401175,1610612752,New York,Knicks,NYK,knicks,1630540,Miles,McBride,M. McBride,miles-mcbride,,,,17:33,17.55,4,8,0.5,3,5,0.6,1,2,0.5,0,1,1,1,1,0,0,3,12,13.0,0022401175,Miles McBride,miles mcbride,,,2025-04-11,1,0.6837606837606838,0.0,0.05698005698005698,0.05698005698005698,0.05698005698005698,5.0,5.0,7.0,6.0,4.0,3.0,1.0,7.0,3.0,0,0.0,0,0.00231,39.2,16962.353959324966,39.109448,0.05698005698005698,4.0,7.0,0.82900935
0022401175,1610612752,New York,Knicks,NYK,knicks,1629013,Landry,Shamet,L. Shamet,landry-shamet,,,,20:47,20.783333333333335,5,12,0.417,5,11,0.455,0,0,0.0,1,2,3,0,0,0,0,0,15,1.0,0022401175,Landry Shamet,landry shamet,,,2025-04-11,0,0.7217321571772253,0.048115477145148355,0.14434643143544507,0.0,0.048115477145148355,3.0,4.0,5.0,7.0,9.0,3.0,3.0,6.0,3.0,0,0.0,0,0.00255,4.8,1881.615052920423,4.78776,0.0,9.0,8.0,0.82508063
0022401175,1610612752,New York,Knicks,NYK,knicks,1626166,Cameron,Payne,C. Payne,cameron-payne,,,,11:43,11.716666666666667,0,5,0.0,0,1,0.0,0,0,0.0,0,0,0,0,1,0,1,0,0,0.0,0022401175,Cameron Payne,cameron payne,,,2025-04-11,1,0.0,0.0,0.0,0.0,0.08534850640113797,8.0,5.0,9.0,7.0,4.0,3.0,4.0,9.0,3.0,0,0.0,0,0.0024,0.0,0.0,0.0,0.08534850640113797,4.0,4.0,0.006763809
0022401175,1610612752,New York,Knicks,NYK,knicks,1630173,Precious,Achiuwa,P. Achiuwa,precious-achiuwa,,,,15:12,15.2,0,5,0.0,0,0,0.0,0,0,0.0,0,6,6,0,2,1,1,2,0,-9.0,0022401175,Precious Achiuwa,precious achiuwa,,,2025-04-11,3,0.0,0.0,0.39473684210526316,0.0,0.19736842105263158,8.0,5.0,3.0,7.0,1.0,1.0,7.0,8.0,3.0,0,0.0,0,0.00188,-25.9,-13769.271664008507,-25.851308,0.19736842105263158,1.0,2.0,0.0095535815
0022401188,1610612752,New York,Knicks,NYK,knicks,1628969,Mikal,Bridges,M. Bridges,mikal-bridges,F,,,0:06,0.1,0,0,0.0,0,0,0.0,0,0,0.0,0,0,0,0,0,0,0,1,0,0.0,0022401188,Mikal Bridges,mikal bridges,,,2025-04-13,0,0.0,0.0,0.0,0.0,0.0,11.0,7.0,11.0,8.0,8.0,4.0,7.0,12.0,,1,,1,0.0,0.0,0.0,0.0,0.0,8.0,10.0,0.00429043
0022401188,1610612752,New York,Knicks,NYK,knicks,200782,P.J.,Tucker,P. Tucker,pj-tucker,F,,,29:14,29.233333333333334,2,5,0.4,2,4,0.5,0,0,0.0,1,1,2,0,1,1,1,5,6,-18.0,0022401188,P.J. Tucker,pj tucker,,,2025-04-13,2,0.20524515393386544,0.03420752565564424,0.06841505131128849,0.0,0.10262257696693272,5.0,4.0,7.0,8.0,3.0,1.0,12.0,5.0,3.0,0,0.0,0,0.00091,-34.6,-37980.24149286498,-34.568514,0.06841505131128849,2.0,4.0,0.04568321
0022401188,1610612752,New York,Knicks,NYK,knicks,1630173,Precious,Achiuwa,P. Achiuwa,precious-achiuwa,C,,,32:46,32.766666666666666,8,18,0.444,0,0,0.0,2,4,0.5,1,8,9,2,2,0,2,4,18,19.0,0022401188,Precious Achiuwa,precious achiuwa,,,2025-04-13,2,0.5493387589013224,0.030518819938962362,0.2746693794506612,0.061037639877924724,0.09155645981688708,3.0,4.0,1.0,5.0,2.0,4.0,1.0,3.0,2.0,0,0.0,0,0.0028599999999999997,27.1,9472.212513107306,27.022494000000002,0.061037639877924724,2.0,7.0,0.732284
0022401188,1610612752,New York,Knicks,NYK,knicks,1630540,Miles,McBride,M. McBride,miles-mcbride,G,,,29:58,29.966666666666665,6,14,0.429,3,9,0.333,2,2,1.0,0,4,4,8,3,0,2,3,17,10.0,0022401188,Miles McBride,miles mcbride,,,2025-04-13,3,0.5672969966629589,0.0,0.13348164627363737,0.26696329254727474,0.10011123470522804,4.0,7.0,3.0,1.0,1.0,4.0,5.0,4.0,1.0,0,0.0,0,0.0023899999999999998,17.5,7319.113341698035,17.458175,0.10011123470522804,1.0,5.0,0.71506846
0022401188,1610612752,New York,Knicks,NYK,knicks,1626166,Cameron,Payne,C. Payne,cameron-payne,G,,,33:32,33.53333333333333,6,13,0.462,3,7,0.429,6,6,1.0,0,2,2,7,1,1,2,3,21,17.0,0022401188,Cameron Payne,cameron payne,,,2025-04-13,2,0.6262425447316103,0.0,0.05964214711729623,0.20874751491053678,0.05964214711729623,2.0,7.0,7.0,2.0,3.0,1.0,2.0,2.0,2.0,0,2.0,0,0.00218,22.6,10362.219165520402,22.550732000000004,0.05964214711729623,2.0,8.0,0.8397882
0022401188,1610612752,New York,Knicks,NYK,knicks,1629013,Landry,Shamet,L. Shamet,landry-shamet,,,,40:26,40.43333333333333,9,17,0.529,7,13,0.538,4,4,1.0,1,1,2,0,1,0,0,2,29,12.0,0022401188,Landry Shamet,landry shamet,,,2025-04-13,1,0.7172300082440232,0.0247320692497939,0.0494641384995878,0.0,0.0494641384995878,1.0,4.0,7.0,8.0,3.0,4.0,4.0,1.0,2.0,0,0.0,0,0.0020399999999999997,13.3,6516.41352278295,13.272868,0.0247320692497939,6.0,9.0,0.844789
0022401188,1610612752,New York,Knicks,NYK,knicks,1642359,Pacôme,Dadiet,P. Dadiet,pacôme-dadiet,,,,11:02,11.033333333333333,1,3,0.333,0,1,0.0,2,3,0.667,3,1,4,0,0,0,1,1,4,-3.0,0022401188,Pacôme Dadiet,pacôme dadiet,,,2025-04-13,0,0.36253776435045315,0.2719033232628399,0.36253776435045315,0.0,0.2719033232628399,8.0,1.0,3.0,8.0,8.0,4.0,9.0,9.0,0.0,0,0.0,0,0.00185,-14.3,-7725.553754727175,-14.273545,0.0,8.0,1.0,0.01697767
0022401188,1610612752,New York,Knicks,NYK,knicks,1642278,Tyler,Kolek,T. Kolek,tyler-kolek,,,,14:28,14.466666666666667,1,5,0.2,1,4,0.25,2,2,1.0,2,1,3,4,0,0,3,1,5,-9.0,0022401188,Tyler Kolek,tyler kolek,,,2025-04-13,0,0.3456221198156682,0.1382488479262673,0.2073732718894009,0.2764976958525346,0.1382488479262673,6.0,2.0,6.0,3.0,8.0,4.0,11.0,8.0,1.0,0,0.0,0,0.0025700000000000002,-27.3,-10618.436406067676,-27.229839000000002,0.0,8.0,3.0,0.016701993
0022401188,1610612752,New York,Knicks,NYK,knicks,1626153,Delon,Wright,D. Wright,delon-wright,,,,20:38,20.633333333333333,2,6,0.333,0,3,0.0,1,1,1.0,2,0,2,3,1,0,0,2,5,-2.0,0022401188,Delon Wright,delon wright,,,2025-04-13,1,0.24232633279483037,0.09693053311793215,0.09693053311793215,0.14539579967689822,0.14539579967689822,6.0,2.0,7.0,4.0,3.0,4.0,8.0,7.0,3.0,0,0.0,0,0.00128,-7.8,-6088.992974238876,-7.7900160000000005,0.048465266558966075,6.0,2.0,0.0371565
0022401188,1610612752,New York,Knicks,NYK,knicks,1641755,Kevin,McCullar Jr.,K. McCullar Jr.,kevin-mccullar-jr,,,,21:30,21.5,1,4,0.25,0,1,0.0,2,2,1.0,0,8,8,2,1,1,0,3,4,15.0,0022401188,Kevin McCullar Jr.,kevin mccullar jr,,,2025-04-13,2,0.18604651162790697,0.0,0.37209302325581395,0.09302325581395349,0.09302325581395349,8.0,7.0,2.0,5.0,3.0,1.0,3.0,6.0,2.0,0,0.0,0,0.00098,31.9,32517.83893985729,31.868738,0.09302325581395349,2.0,6.0,0.05953575
0022401188,1610612752,New York,Knicks,NYK,knicks,1630699,MarJon,Beauchamp,M. Beauchamp,marjon-beauchamp,,,,4:52,4.866666666666667,1,1,1.0,0,0,0.0,2,2,1.0,0,4,4,1,0,0,0,0,4,-4.0,0022401188,MarJon Beauchamp,marjon beauchamp,,,2025-04-13,0,0.821917808219178,0.0,0.821917808219178,0.2054794520547945,0.0,8.0,7.0,3.0,7.0,8.0,4.0,10.0,10.0,0.0,0,0.0,0,0.0014299999999999998,-39.7,-27742.837176799447,-39.643229,0.0,8.0,10.0,0.029831862
0022401188,1610612752,New York,Knicks,NYK,knicks,1641817,Anton,Watson,A. Watson,anton-watson,,,,1:28,1.4666666666666668,0,0,0.0,0,0,0.0,0,0,0.0,0,0,0,0,0,0,0,0,0,3.0,0022401188,Anton Watson,anton watson,,,2025-04-13,0,0.0,0.0,0.0,0.0,0.0,11.0,7.0,11.0,8.0,8.0,4.0,6.0,11.0,,1,,1,0.0,41.7,41700000.00000001,41.7,0.0,8.0,10.0,0.0040043094
