gameId,teamId,teamCity,teamName,teamTricode,teamSlug,personId,firstName,familyName,nameI,playerSlug,position,comment,jerseyNum,minutes,minutes_decimal,fieldGoalsMade,fieldGoalsAttempted,fieldGoalsPercentage,threePointersMade,threePointersAttempted,threePointersPercentage,freeThrowsMade,freeThrowsAttempted,freeThrowsPercentage,reboundsOffensive,reboundsDefensive,reboundsTotal,assists,steals,blocks,turnovers,foulsPersonal,points,plusMinusPoints,GAME_ID,player_name,player_name_key,y,winner_names,game_date,stocks,points_per_min,oreb_per_min,reb_per_min,ast_per_min,hustle_proxy,points_rank,reboundsOffensive_rank,reboundsTotal_rank,assists_rank,steals_rank,blocks_rank,plusMinusPoints_rank,minutes_decimal_rank,deflections,deflections_missing,charges_drawn,charges_drawn_missing,usage_rate,net_rating,impact_efficiency,role_outperformance,stocks_per_min,stocks_rank,hustle_proxy_rank,pred_prob
0022400075,1610612760,Oklahoma City,Thunder,OKC,thunder,1631114,Jalen,Williams,J. Williams,jalen-williams,F,,,33:43,33.71666666666667,5,16,0.313,2,8,0.25,0,1,0.0,1,2,3,3,0,2,5,3,12,0.0,0022400075,Jalen Williams,jalen williams,,,2024-10-24,2,0.35590706870983685,0.029658922392486405,0.08897676717745921,0.08897676717745921,0.08897676717745921,4.0,5.0,6.0,4.0,5.0,3.0,8.0,3.0,0.0,0,0.0,0,0.00263,1.4,532.1170657544659,1.396318,0.05931784478497281,4.0,7.0,0.11998036
0022400075,1610612760,Oklahoma City,Thunder,OKC,thunder,1629652,Luguentz,Dort,L. Dort,luguentz-dort,F,,,28:35,28.583333333333332,2,7,0.286,0,2,0.0,1,1,1.0,1,1,2,0,3,1,0,3,5,-1.0,0022400075,Luguentz Dort,luguentz dort,,,2024-10-24,4,0.17492711370262393,0.03498542274052478,0.06997084548104957,0.0,0.17492711370262393,7.0,5.0,8.0,8.0,1.0,5.0,12.0,4.0,4.0,0,0.0,0,0.00099,-3.3,-3329.9697275479316,-3.2967329999999997,0.13994169096209913,3.0,3.0,0.026414648
0022400075,1610612760,Oklahoma City,Thunder,OKC,thunder,1631096,Chet,Holmgren,C. Holmgren,chet-holmgren,C,,,35:47,35.78333333333333,11,18,0.611,0,5,0.0,3,5,0.6,4,10,14,5,2,4,2,2,25,9.0,0022400075,Chet Holmgren,chet holmgren,,,2024-10-24,6,0.6986492780624127,0.11178388448998604,0.3912435957149511,0.13972985561248255,0.2794597112249651,2.0,1.0,1.0,2.0,2.0,1.0,4.0,2.0,2.0,0,0.0,0,0.00247,14.7,5949.008498583569,14.663691,0.16767582673497905,1.0,1.0,0.90222263
0022400075,1610612760,Oklahoma City,Thunder,OKC,thunder,1630198,Isaiah,Joe,I. Joe,isaiah-joe,G,,,20:25,20.416666666666668,3,10,0.3,1,6,0.167,0,0,0.0,1,1,2,1,0,0,0,0,7,3.0,0022400075,Isaiah Joe,isaiah joe,,,2024-10-24,0,0.34285714285714286,0.04897959183673469,0.09795918367346938,0.04897959183673469,0.04897959183673469,5.0,5.0,8.0,5.0,5.0,7.0,7.0,6.0,0.0,0,0.0,0,0.00196,6.8,3467.6185619581843,6.786672,0.0,8.0,9.0,0.04623111
0022400075,1610612760,Oklahoma City,Thunder,OKC,thunder,1628983,Shai,Gilgeous-Alexander,S. Gilgeous-Alexander,shai-gilgeous-alexander,G,,,36:12,36.2,11,24,0.458,2,6,0.333,4,5,0.8,2,5,7,8,2,3,2,2,28,8.0,0022400075,Shai Gilgeous-Alexander,shai gilgeous-alexander,,,2024-10-24,5,0.7734806629834253,0.055248618784530384,0.19337016574585633,0.22099447513812154,0.19337016574585633,1.0,2.0,2.0,1.0,2.0,2.0,5.0,1.0,2.0,0,0.0,0,0.00315,13.1,4157.41034592193,13.058735,0.13812154696132595,2.0,2.0,0.7954462
0022400075,1610612760,Oklahoma City,Thunder,OKC,thunder,1641717,Cason,Wallace,C. Wallace,cason-wallace,,,,23:02,23.033333333333335,2,7,0.286,0,1,0.0,0,0,0.0,2,2,4,0,2,0,0,1,4,18.0,0022400075,Cason Wallace,cason wallace,,,2024-10-24,2,0.1736613603473227,0.08683068017366136,0.1736613603473227,0.0,0.1736613603473227,8.0,2.0,5.0,8.0,2.0,7.0,2.0,5.0,6.0,0,0.0,0,0.00123,44.2,35905.76766856215,44.14563400000001,0.08683068017366136,4.0,4.0,0.10181122
0022400075,1610612760,Oklahoma City,Thunder,OKC,thunder,1631172,Ousmane,Dieng,O. Dieng,ousmane-dieng,,,,13:15,13.25,2,4,0.5,2,3,0.667,0,0,0.0,0,3,3,0,0,1,0,1,6,14.0,0022400075,Ousmane Dieng,ousmane dieng,,,2024-10-24,1,0.4528301886792453,0.0,0.22641509433962265,0.0,0.07547169811320754,6.0,8.0,6.0,8.0,5.0,5.0,3.0,9.0,0.0,0,0.0,0,0.0011799999999999998,53.7,45469.94072819645,53.63663400000001,0.07547169811320754,7.0,8.0,0.4077057
0022400075,1610612760,Oklahoma City,Thunder,OKC,thunder,1627936,Alex,Caruso,A. Caruso,alex-caruso,,,,19:06,19.1,0,2,0.0,0,1,0.0,0,0,0.0,2,4,6,4,0,0,1,2,0,19.0,0022400075,Alex Caruso,alex caruso,,,2024-10-24,0,0.0,0.10471204188481674,0.31413612565445026,0.20942408376963348,0.10471204188481674,9.0,2.0,3.0,3.0,5.0,7.0,1.0,8.0,2.0,0,0.0,0,0.00063,52.9,83835.18225039619,52.866673,0.0,8.0,5.0,0.07708307
0022400075,1610612760,Oklahoma City,Thunder,OKC,thunder,1630598,Aaron,Wiggins,A. Wiggins,aaron-wiggins,,,,19:31,19.516666666666666,7,9,0.778,1,2,0.5,0,0,0.0,0,6,6,1,0,2,1,1,15,6.0,0022400075,Aaron Wiggins,aaron wiggins,,,2024-10-24,2,0.7685738684884714,0.0,0.3074295473953886,0.05123825789923143,0.10247651579846286,3.0,8.0,3.0,5.0,5.0,3.0,6.0,7.0,0.0,0,0.0,0,0.00208,21.8,10475.73282075925,21.754656,0.10247651579846286,4.0,6.0,0.823102
0022400075,1610612760,Oklahoma City,Thunder,OKC,thunder,1642349,Ajay,Mitchell,A. Mitchell,ajay-mitchell,,,,6:51,6.85,0,3,0.0,0,1,0.0,0,0,0.0,0,1,1,1,0,0,1,0,0,-1.0,0022400075,Ajay Mitchell,ajay mitchell,,,2024-10-24,0,0.0,0.0,0.14598540145985403,0.14598540145985403,0.0,9.0,8.0,10.0,5.0,5.0,7.0,12.0,10.0,0.0,0,0.0,0,0.00222,-6.7,-3016.659162539396,-6.685126,0.0,8.0,10.0,0.004107873
0022400075,1610612760,Oklahoma City,Thunder,OKC,thunder,1641794,Dillon,Jones,D. Jones,dillon-jones,,,,1:11,1.1833333333333333,0,1,0.0,0,1,0.0,0,0,0.0,0,1,1,0,0,0,0,0,0,0.0,0022400075,Dillon Jones,dillon jones,,,2024-10-24,0,0.0,0.0,0.8450704225352113,0.0,0.0,9.0,8.0,10.0,8.0,5.0,7.0,8.0,11.0,0.0,0,0.0,0,0.00333,0.0,0.0,0.0,0.0,8.0,10.0,0.010291579
0022400075,1610612760,Oklahoma City,Thunder,OKC,thunder,1641745,Adam,Flagler,A. Flagler,adam-flagler,,,,1:11,1.1833333333333333,0,0,0.0,0,0,0.0,0,0,0.0,0,0,0,0,0,0,0,0,0,0.0,0022400075,Adam Flagler,adam flagler,,,2024-10-24,0,0.0,0.0,0.0,0.0,0.0,9.0,8.0,12.0,8.0,5.0,7.0,8.0,11.0,,1,,1,0.0,0.0,0.0,0.0,0.0,8.0,10.0,0.00399903
0022400075,1610612760,Oklahoma City,Thunder,OKC,thunder,1642505,Alex,Ducas,A. Ducas,alex-ducas,,,,1:11,1.1833333333333333,0,0,0.0,0,0,0.0,0,0,0.0,0,0,0,0,0,0,0,0,0,0.0,0022400075,Alex Ducas,alex ducas,,,2024-10-24,0,0.0,0.0,0.0,0.0,0.0,9.0,8.0,12.0,8.0,5.0,7.0,8.0,11.0,0.0,0,0.0,0,0.0,0.0,0.0,0.0,0.0,8.0,10.0,0.004111413
0022400091,1610612760,Oklahoma City,Thunder,OKC,thunder,1631114,Jalen,Williams,J. Williams,jalen-williams,F,,,32:04,32.06666666666667,10,22,0.455,1,4,0.25,3,3,1.0,2,7,9,8,0,0,2,1,24,5.0,0022400091,Jalen Williams,jalen williams,,,2024-10-26,0,0.7484407484407484,0.06237006237006237,0.2806652806652806,0.24948024948024947,0.06237006237006237,1.0,2.0,2.0,1.0,9.0,4.0,7.0,1.0,1.0,0,0.0,0,0.00291,4.0,1374.0982480247337,3.98836,0.0,10.0,9.0,0.8277805
0022400091,1610612760,Oklahoma City,Thunder,OKC,thunder,1629652,Luguentz,Dort,L. Dort,luguentz-dort,F,,,24:44,24.733333333333334,2,5,0.4,1,3,0.333,2,2,1.0,0,2,2,1,0,0,1,0,7,16.0,0022400091,Luguentz Dort,luguentz dort,,,2024-10-26,0,0.2830188679245283,0.0,0.08086253369272237,0.04043126684636118,0.0,6.0,6.0,7.0,6.0,9.0,4.0,3.0,5.0,2.0,0,0.0,0,0.0010299999999999999,28.9,28031.03782735209,28.870233,0.0,10.0,11.0,0.053112976
0022400091,1610612760,Oklahoma City,Thunder,OKC,thunder,1631096,Chet,Holmgren,C. Holmgren,chet-holmgren,C,,,28:46,28.766666666666666,8,18,0.444,0,5,0.0,5,8,0.625,3,13,16,0,1,2,2,2,21,8.0,0022400091,Chet Holmgren,chet holmgren,,,2024-10-26,3,0.7300115874855156,0.10428736964078796,0.5561993047508691,0.0,0.2085747392815759,3.0,1.0,1.0,10.0,5.0,1.0,5.0,4.0,0.0,0,0.0,0,0.0028799999999999997,11.1,3852.8288788615064,11.068032,0.10428736964078796,3.0,3.0,0.8147701
0022400091,1610612760,Oklahoma City,Thunder,OKC,thunder,1641717,Cason,Wallace,C. Wallace,cason-wallace,G,,,29:18,29.3,4,11,0.364,0,4,0.0,1,1,1.0,1,5,6,2,3,0,0,1,9,15.0,0022400091,Cason Wallace,cason wallace,,,2024-10-26,3,0.30716723549488056,0.034129692832764506,0.20477815699658702,0.06825938566552901,0.13651877133105803,4.0,4.0,4.0,3.0,2.0,4.0,4.0,3.0,5.0,0,0.0,0,0.0014099999999999998,20.5,14528.703047484058,20.471095,0.10238907849829351,3.0,6.0,0.4204204
0022400091,1610612760,Oklahoma City,Thunder,OKC,thunder,1628983,Shai,Gilgeous-Alexander,S. Gilgeous-Alexander,shai-gilgeous-alexander,G,,,29:30,29.5,9,21,0.429,2,9,0.222,3,3,1.0,2,6,8,2,4,0,1,1,23,23.0,0022400091,Shai Gilgeous-Alexander,shai gilgeous-alexander,,,2024-10-26,4,0.7796610169491526,0.06779661016949153,0.2711864406779661,0.06779661016949153,0.2033898305084746,2.0,2.0,3.0,3.0,1.0,4.0,1.0,2.0,4.0,0,0.0,0,0.00291,34.4,11817.24493301271,34.299896,0.13559322033898305,1.0,4.0,0.76565963
0022400091,1610612760,Oklahoma City,Thunder,OKC,thunder,1630598,Aaron,Wiggins,A. Wiggins,aaron-wiggins,,,,15:43,15.716666666666667,4,7,0.571,0,2,0.0,0,0,0.0,1,2,3,1,1,0,2,5,8,17.0,0022400091,Aaron Wiggins,aaron wiggins,,,2024-10-26,1,0.5090137857900318,0.06362672322375397,0.19088016967126192,0.06362672322375397,0.12725344644750794,5.0,4.0,6.0,6.0,5.0,4.0,2.0,8.0,1.0,0,0.0,0,0.00231,45.2,19558.632626568586,45.095588,0.06362672322375397,6.0,7.0,0.7292274
0022400091,1610612760,Oklahoma City,Thunder,OKC,thunder,1631172,Ousmane,Dieng,O. Dieng,ousmane-dieng,,,,20:26,20.433333333333334,2,7,0.286,0,4,0.0,2,3,0.667,0,6,6,1,0,1,0,0,6,6.0,0022400091,Ousmane Dieng,ousmane dieng,,,2024-10-26,1,0.2936378466557912,0.0,0.2936378466557912,0.048939641109298535,0.048939641109298535,7.0,6.0,4.0,6.0,9.0,3.0,6.0,7.0,1.0,0,0.0,0,0.00157,8.8,5601.527689369829,8.786184,0.048939641109298535,6.0,10.0,0.072600834
0022400091,1610612760,Oklahoma City,Thunder,OKC,thunder,1627936,Alex,Caruso,A. Caruso,alex-caruso,,,,21:40,21.666666666666668,1,5,0.2,1,3,0.333,0,0,0.0,0,2,2,2,2,2,0,3,3,2.0,0022400091,Alex Caruso,alex caruso,,,2024-10-26,4,0.13846153846153844,0.0,0.0923076923076923,0.0923076923076923,0.1846153846153846,10.0,6.0,7.0,3.0,3.0,1.0,9.0,6.0,2.0,0,1.0,0,0.0008799999999999999,2.0,2270.1475595913735,1.99824,0.1846153846153846,1.0,5.0,0.03063997
0022400091,1610612760,Oklahoma City,Thunder,OKC,thunder,1630198,Isaiah,Joe,I. Joe,isaiah-joe,,,,11:48,11.8,2,4,0.5,2,4,0.5,0,0,0.0,0,1,1,1,0,0,0,2,6,4.0,0022400091,Isaiah Joe,isaiah joe,,,2024-10-26,0,0.5084745762711864,0.0,0.0847457627118644,0.0847457627118644,0.0,7.0,6.0,9.0,6.0,9.0,4.0,8.0,10.0,0.0,0,0.0,0,0.0013800000000000002,14.3,10354.815351194786,14.280266,0.0,10.0,11.0,0.065673985
0022400091,1610612760,Oklahoma City,Thunder,OKC,thunder,1642349,Ajay,Mitchell,A. Mitchell,ajay-mitchell,,,,15:43,15.716666666666667,2,5,0.4,0,0,0.0,0,0,0.0,0,1,1,3,2,0,1,2,4,0.0,0022400091,Ajay Mitchell,ajay mitchell,,,2024-10-26,2,0.2545068928950159,0.0,0.06362672322375397,0.19088016967126192,0.12725344644750794,9.0,6.0,9.0,2.0,3.0,4.0,10.0,8.0,3.0,0,0.0,0,0.00146,0.0,0.0,0.0,0.12725344644750794,5.0,7.0,0.028443182
0022400091,1610612760,Oklahoma City,Thunder,OKC,thunder,1641794,Dillon,Jones,D. Jones,dillon-jones,,,,3:54,3.9,0,0,0.0,0,0,0.0,0,0,0.0,0,0,0,0,1,0,1,0,0,-1.0,0022400091,Dillon Jones,dillon jones,,,2024-10-26,1,0.0,0.0,0.0,0.0,0.25641025641025644,12.0,6.0,11.0,10.0,5.0,4.0,13.0,11.0,2.0,0,0.0,0,0.00111,-25.0,-22502.2502250225,-24.97225,0.25641025641025644,6.0,2.0,0.007108143
0022400091,1610612760,Oklahoma City,Thunder,OKC,thunder,1641745,Adam,Flagler,A. Flagler,adam-flagler,,,,3:12,3.2,1,1,1.0,1,1,1.0,0,0,0.0,0,0,0,0,1,0,0,1,3,0.0,0022400091,Adam Flagler,adam flagler,,,2024-10-26,1,0.9375,0.0,0.0,0.0,0.3125,10.0,6.0,11.0,10.0,5.0,4.0,10.0,12.0,0.0,0,0.0,0,0.0014299999999999998,0.0,0.0,0.0,0.3125,6.0,1.0,0.020133158
0022400091,1610612760,Oklahoma City,Thunder,OKC,thunder,1642505,Alex,Ducas,A. Ducas,alex-ducas,,,,3:12,3.2,0,1,0.0,0,1,0.0,0,0,0.0,0,0,0,0,0,0,0,0,0,0.0,0022400091,Alex Ducas,alex ducas,,,2024-10-26,0,0.0,0.0,0.0,0.0,0.0,12.0,6.0,11.0,10.0,9.0,4.0,10.0,12.0,1.0,0,0.0,0,0.0014299999999999998,0.0,0.0,0.0,0.0,10.0,11.0,0.0040430264
0022400100,1610612760,Oklahoma City,Thunder,OKC,thunder,1629652,Luguentz,Dort,L. Dort,luguentz-dort,F,,,28:49,28.816666666666666,5,7,0.714,4,6,0.667,2,2,1.0,1,1,2,1,0,0,0,5,16,17.0,0022400100,Luguentz Dort,luguentz dort,,,2024-10-27,0,0.5552342394447658,0.03470213996529786,0.06940427993059572,0.03470213996529786,0.03470213996529786,4.0,4.0,6.0,5.0,7.0,5.0,3.0,4.0,2.0,0,0.0,0,0.00121,28.3,23369.11643270025,28.265757,0.0,8.0,10.0,0.7437678
0022400100,1610612760,Oklahoma City,Thunder,OKC,thunder,1631114,Jalen,Williams,J. Williams,jalen-williams,F,,,32:53,32.88333333333333,8,17,0.471,0,3,0.0,4,8,0.5,2,7,9,5,2,0,0,4,20,14.0,0022400100,Jalen Williams,jalen williams,,,2024-10-27,2,0.6082108464267613,0.06082108464267613,0.2736948808920426,0.15205271160669032,0.12164216928535226,3.0,1.0,2.0,2.0,4.0,5.0,5.0,3.0,6.0,0,0.0,0,0.0027300000000000002,22.2,8128.890516294397,22.139394,0.06082108464267613,5.0,6.0,0.64914536
0022400100,1610612760,Oklahoma City,Thunder,OKC,thunder,1631096,Chet,Holmgren,C. Holmgren,chet-holmgren,C,,,33:17,33.28333333333333,8,12,0.667,3,5,0.6,6,8,0.75,2,7,9,4,1,6,3,2,25,19.0,0022400100,Chet Holmgren,chet holmgren,,,2024-10-27,7,0.7511266900350526,0.06009013520280421,0.27040560841261896,0.12018027040560841,0.27040560841261896,2.0,1.0,2.0,3.0,5.0,1.0,2.0,2.0,1.0,0,0.0,0,0.0022500000000000003,24.6,10928.476232785428,24.54465,0.21031547320981472,1.0,3.0,0.94903654
0022400100,1610612760,Oklahoma City,Thunder,OKC,thunder,1630598,Aaron,Wiggins,A. Wiggins,aaron-wiggins,G,,,18:06,18.1,3,4,0.75,1,2,0.5,2,2,1.0,1,0,1,1,1,0,1,1,9,-5.0,0022400100,Aaron Wiggins,aaron wiggins,,,2024-10-27,1,0.49723756906077343,0.055248618784530384,0.055248618784530384,0.055248618784530384,0.11049723756906077,5.0,4.0,8.0,5.0,5.0,5.0,14.0,7.0,2.0,0,0.0,0,0.0014299999999999998,-13.2,-9224.318658280923,-13.181123999999999,0.055248618784530384,6.0,7.0,0.13549767
0022400100,1610612760,Oklahoma City,Thunder,OKC,thunder,1628983,Shai,Gilgeous-Alexander,S. Gilgeous-Alexander,shai-gilgeous-alexander,G,,,36:01,36.016666666666666,11,24,0.458,3,8,0.375,10,11,0.909,2,9,11,9,3,3,1,3,35,24.0,0022400100,Shai Gilgeous-Alexander,shai gilgeous-alexander,,,2024-10-27,6,0.9717723276260991,0.055529847292919945,0.3054141601110597,0.24988431281813975,0.22211938917167978,1.0,1.0,1.0,1.0,1.0,2.0,1.0,1.0,3.0,0,0.0,0,0.00337,32.0,9492.732126965291,31.89216,0.16658954187875985,2.0,4.0,0.82894415
0022400100,1610612760,Oklahoma City,Thunder,OKC,thunder,1630198,Isaiah,Joe,I. Joe,isaiah-joe,,,,15:51,15.85,2,7,0.286,2,5,0.4,0,0,0.0,1,0,1,1,0,0,1,3,6,-3.0,0022400100,Isaiah Joe,isaiah joe,,,2024-10-27,0,0.37854889589905366,0.06309148264984227,0.06309148264984227,0.06309148264984227,0.06309148264984227,6.0,4.0,8.0,5.0,7.0,5.0,13.0,8.0,1.0,0,0.0,0,0.00182,-16.5,-9060.955518945635,-16.46997,0.0,8.0,9.0,0.06335195
0022400100,1610612760,Oklahoma City,Thunder,OKC,thunder,1627936,Alex,Caruso,A. Caruso,alex-caruso,,,,21:21,21.35,1,3,0.333,0,2,0.0,0,1,0.0,1,1,2,1,3,2,2,1,2,17.0,0022400100,Alex Caruso,alex caruso,,,2024-10-27,5,0.09367681498829039,0.046838407494145196,0.09367681498829039,0.046838407494145196,0.2810304449648712,10.0,4.0,6.0,5.0,1.0,3.0,3.0,6.0,8.0,0,1.0,0,0.00089,38.2,42873.176206509546,38.166002000000006,0.23419203747072598,3.0,2.0,0.10137665
0022400100,1610612760,Oklahoma City,Thunder,OKC,thunder,1631172,Ousmane,Dieng,O. Dieng,ousmane-dieng,,,,8:24,8.4,2,4,0.5,1,3,0.333,0,0,0.0,0,1,1,0,0,0,0,0,5,0.0,0022400100,Ousmane Dieng,ousmane dieng,,,2024-10-27,0,0.5952380952380952,0.0,0.11904761904761904,0.0,0.0,7.0,9.0,8.0,10.0,7.0,5.0,12.0,10.0,0.0,0,0.0,0,0.00167,0.0,0.0,0.0,0.0,8.0,11.0,0.048529845
0022400100,1610612760,Oklahoma City,Thunder,OKC,thunder,1641717,Cason,Wallace,C. Wallace,cason-wallace,,,,23:19,23.316666666666666,2,6,0.333,1,4,0.25,0,0,0.0,0,4,4,1,3,0,2,2,5,13.0,0022400100,Cason Wallace,cason wallace,,,2024-10-27,3,0.21443888491779842,0.0,0.17155110793423875,0.04288777698355969,0.12866333095067906,7.0,9.0,4.0,5.0,1.0,5.0,6.0,5.0,5.0,0,0.0,0,0.0012900000000000001,23.3,18048.024786986833,23.269943,0.12866333095067906,4.0,5.0,0.050512616
0022400100,1610612760,Oklahoma City,Thunder,OKC,thunder,1642349,Ajay,Mitchell,A. Mitchell,ajay-mitchell,,,,14:27,14.45,0,1,0.0,0,0,0.0,0,0,0.0,0,3,3,3,0,1,0,1,0,12.0,0022400100,Ajay Mitchell,ajay mitchell,,,2024-10-27,1,0.0,0.0,0.20761245674740486,0.20761245674740486,0.06920415224913495,12.0,9.0,5.0,4.0,7.0,4.0,7.0,9.0,0.0,0,0.0,0,0.00029,32.7,112371.13402061856,32.690517,0.06920415224913495,6.0,8.0,0.016749704
0022400100,1610612760,Oklahoma City,Thunder,OKC,thunder,1642024,Alex,Reese,A. Reese,alex-reese,,,,1:53,1.8833333333333333,1,1,1.0,0,0,0.0,0,0,0.0,1,0,1,0,0,0,0,0,2,3.0,0022400100,Alex Reese,alex reese,,,2024-10-27,0,1.0619469026548674,0.5309734513274337,0.5309734513274337,0.0,0.5309734513274337,10.0,4.0,8.0,10.0,7.0,5.0,8.0,11.0,0.0,0,0.0,0,0.002,58.3,29135.432283858067,58.1834,0.0,8.0,1.0,0.02326591
0022400100,1610612760,Oklahoma City,Thunder,OKC,thunder,1642505,Alex,Ducas,A. Ducas,alex-ducas,,,,1:53,1.8833333333333333,0,2,0.0,0,1,0.0,0,0,0.0,0,0,0,0,0,0,0,0,0,3.0,0022400100,Alex Ducas,alex ducas,,,2024-10-27,0,0.0,0.0,0.0,0.0,0.0,12.0,9.0,13.0,10.0,7.0,5.0,8.0,11.0,,1,,1,0.004,58.3,14571.35716070982,58.06679999999999,0.0,8.0,11.0,0.0026817303
0022400100,1610612760,Oklahoma City,Thunder,OKC,thunder,1641794,Dillon,Jones,D. Jones,dillon-jones,,,,1:53,1.8833333333333333,0,0,0.0,0,0,0.0,0,0,0.0,0,0,0,0,0,0,0,1,0,3.0,0022400100,Dillon Jones,dillon jones,,,2024-10-27,0,0.0,0.0,0.0,0.0,0.0,12.0,9.0,13.0,10.0,7.0,5.0,8.0,11.0,,1,,1,0.0,58.3,58300000.0,58.3,0.0,8.0,11.0,0.0038146048
0022400100,1610612760,Oklahoma City,Thunder,OKC,thunder,1641745,Adam,Flagler,A. Flagler,adam-flagler,,,,1:53,1.8833333333333333,1,1,1.0,1,1,1.0,0,0,0.0,0,1,1,0,0,0,0,0,3,3.0,0022400100,Adam Flagler,adam flagler,,,2024-10-27,0,1.592920353982301,0.0,0.5309734513274337,0.0,0.0,9.0,9.0,8.0,10.0,7.0,5.0,8.0,11.0,,1,,1,0.002,58.3,29135.432283858067,58.1834,0.0,8.0,11.0,0.03008411
0022400125,1610612760,Oklahoma City,Thunder,OKC,thunder,1629652,Luguentz,Dort,L. Dort,luguentz-dort,F,,,25:05,25.083333333333332,7,9,0.778,6,8,0.75,0,0,0.0,3,3,6,1,0,2,0,1,20,6.0,0022400125,Luguentz Dort,luguentz dort,,,2024-10-30,2,0.7973421926910299,0.11960132890365449,0.23920265780730898,0.0398671096345515,0.19933554817275748,1.0,1.0,2.0,9.0,9.0,1.0,7.0,5.0,2.0,0,0.0,0,0.0015,13.0,8660.89273817455,12.980500000000001,0.079734219269103,5.0,1.0,0.9437173
0022400125,1610612760,Oklahoma City,Thunder,OKC,thunder,1631114,Jalen,Williams,J. Williams,jalen-williams,F,,,26:42,26.7,5,13,0.385,1,3,0.333,1,2,0.5,0,7,7,8,4,1,1,3,12,19.0,0022400125,Jalen Williams,jalen williams,,,2024-10-30,5,0.449438202247191,0.0,0.2621722846441948,0.299625468164794,0.18726591760299627,4.0,4.0,1.0,1.0,1.0,3.0,1.0,4.0,4.0,0,0.0,0,0.0025,33.3,13314.67413034786,33.21675,0.18726591760299627,1.0,2.0,0.80010414
0022400125,1610612760,Oklahoma City,Thunder,OKC,thunder,1631096,Chet,Holmgren,C. Holmgren,chet-holmgren,C,,,27:49,27.816666666666666,7,10,0.7,3,3,1.0,2,2,1.0,0,5,5,2,2,2,5,3,19,8.0,0022400125,Chet Holmgren,chet holmgren,,,2024-10-30,4,0.683043738765728,0.0,0.17974835230677053,0.07189934092270821,0.14379868184541642,2.0,4.0,3.0,5.0,3.0,1.0,3.0,2.0,2.0,0,0.0,0,0.00267,13.8,5166.604268064395,13.763154000000002,0.14379868184541642,2.0,5.0,0.68250525
0022400125,1610612760,Oklahoma City,Thunder,OKC,thunder,1641717,Cason,Wallace,C. Wallace,cason-wallace,G,,,29:08,29.133333333333333,4,9,0.444,1,3,0.333,0,0,0.0,1,0,1,2,2,1,1,3,9,8.0,0022400125,Cason Wallace,cason wallace,,,2024-10-30,3,0.30892448512585813,0.034324942791762014,0.034324942791762014,0.06864988558352403,0.13729977116704806,6.0,2.0,9.0,5.0,3.0,3.0,3.0,1.0,4.0,0,0.0,0,0.00145,12.7,8752.584424534803,12.681585,0.10297482837528604,4.0,6.0,0.28520712
0022400125,1610612760,Oklahoma City,Thunder,OKC,thunder,1628983,Shai,Gilgeous-Alexander,S. Gilgeous-Alexander,shai-gilgeous-alexander,G,,,27:35,27.583333333333332,7,20,0.35,2,10,0.2,2,2,1.0,0,4,4,5,1,0,1,1,18,3.0,0022400125,Shai Gilgeous-Alexander,shai gilgeous-alexander,,,2024-10-30,1,0.6525679758308157,0.0,0.14501510574018128,0.1812688821752266,0.03625377643504532,3.0,4.0,5.0,2.0,7.0,5.0,8.0,3.0,5.0,0,0.0,0,0.00338,6.9,2040.816326530612,6.876678,0.03625377643504532,8.0,9.0,0.48875833
0022400125,1610612760,Oklahoma City,Thunder,OKC,thunder,1627936,Alex,Caruso,A. Caruso,alex-caruso,,,,21:54,21.9,0,5,0.0,0,3,0.0,0,0,0.0,0,2,2,2,4,0,1,0,0,1.0,0022400125,Alex Caruso,alex caruso,,,2024-10-30,4,0.0,0.0,0.09132420091324202,0.09132420091324202,0.18264840182648404,10.0,4.0,8.0,5.0,1.0,5.0,9.0,6.0,5.0,0,0.0,0,0.0011799999999999998,6.4,5419.136325148181,6.392448000000001,0.18264840182648404,2.0,3.0,0.015369209
0022400125,1610612760,Oklahoma City,Thunder,OKC,thunder,1631172,Ousmane,Dieng,O. Dieng,ousmane-dieng,,,,18:35,18.583333333333332,2,5,0.4,1,4,0.25,0,0,0.0,1,4,5,3,2,0,0,2,5,-1.0,0022400125,Ousmane Dieng,ousmane dieng,,,2024-10-30,2,0.26905829596412556,0.053811659192825115,0.26905829596412556,0.16143497757847536,0.16143497757847536,8.0,2.0,3.0,3.0,3.0,5.0,10.0,9.0,2.0,0,0.0,0,0.00114,-2.6,-2278.702892199825,-2.597036,0.10762331838565023,5.0,4.0,0.07164622
0022400125,1610612760,Oklahoma City,Thunder,OKC,thunder,1630598,Aaron,Wiggins,A. Wiggins,aaron-wiggins,,,,17:52,17.866666666666667,2,8,0.25,0,3,0.0,0,0,0.0,0,3,3,3,0,0,1,0,4,7.0,0022400125,Aaron Wiggins,aaron wiggins,,,2024-10-30,0,0.22388059701492538,0.0,0.16791044776119401,0.16791044776119401,0.0,9.0,4.0,7.0,3.0,9.0,5.0,5.0,10.0,1.0,0,0.0,0,0.0022500000000000003,18.9,8396.268325188803,18.857474999999997,0.0,10.0,10.0,0.026448978
0022400125,1610612760,Oklahoma City,Thunder,OKC,thunder,1642349,Ajay,Mitchell,A. Mitchell,ajay-mitchell,,,,21:52,21.866666666666667,5,6,0.833,1,1,1.0,1,2,0.5,0,4,4,0,2,0,0,0,12,7.0,0022400125,Ajay Mitchell,ajay mitchell,,,2024-10-30,2,0.5487804878048781,0.0,0.18292682926829268,0.0,0.09146341463414634,4.0,4.0,5.0,10.0,3.0,5.0,5.0,7.0,3.0,0,1.0,0,0.00149,15.9,10663.983903420523,15.876309000000001,0.09146341463414634,5.0,7.0,0.6677395
0022400125,1610612760,Oklahoma City,Thunder,OKC,thunder,1630198,Isaiah,Joe,I. Joe,isaiah-joe,,,,18:42,18.7,2,3,0.667,2,3,0.667,0,0,0.0,0,1,1,2,1,0,0,1,6,12.0,0022400125,Isaiah Joe,isaiah joe,,,2024-10-30,1,0.32085561497326204,0.0,0.053475935828877004,0.10695187165775401,0.053475935828877004,7.0,4.0,9.0,5.0,7.0,5.0,2.0,8.0,1.0,0,0.0,0,0.00073,29.7,40629.27496580027,29.678319,0.053475935828877004,8.0,8.0,0.17921056
0022400125,1610612760,Oklahoma City,Thunder,OKC,thunder,1641794,Dillon,Jones,D. Jones,dillon-jones,,,,2:46,2.7666666666666666,0,1,0.0,0,0,0.0,0,0,0.0,0,1,1,0,0,0,0,0,0,-4.0,0022400125,Dillon Jones,dillon jones,,,2024-10-30,0,0.0,0.0,0.3614457831325301,0.0,0.0,10.0,4.0,9.0,10.0,9.0,5.0,13.0,11.0,,1,,1,0.00167,-86.7,-51885.09874326751,-86.55521100000001,0.0,10.0,10.0,0.0043336474
0022400125,1610612760,Oklahoma City,Thunder,OKC,thunder,1641745,Adam,Flagler,A. Flagler,adam-flagler,,,,1:00,1.0,0,0,0.0,0,0,0.0,0,0,0.0,0,0,0,0,0,0,0,1,0,-3.0,0022400125,Adam Flagler,adam flagler,,,2024-10-30,0,0.0,0.0,0.0,0.0,0.0,10.0,4.0,12.0,10.0,9.0,5.0,11.0,12.0,,1,,1,0.0,-150.0,-150000000.0,-150.0,0.0,10.0,10.0,0.004156601
0022400125,1610612760,Oklahoma City,Thunder,OKC,thunder,1642505,Alex,Ducas,A. Ducas,alex-ducas,,,,1:00,1.0,0,0,0.0,0,0,0.0,0,0,0.0,0,0,0,0,0,0,0,0,0,-3.0,0022400125,Alex Ducas,alex ducas,,,2024-10-30,0,0.0,0.0,0.0,0.0,0.0,10.0,4.0,12.0,10.0,9.0,5.0,11.0,12.0,,1,,1,0.0,-150.0,-150000000.0,-150.0,0.0,10.0,10.0,0.0040855077
0022400140,1610612760,Oklahoma City,Thunder,OKC,thunder,1629652,Luguentz,Dort,L. Dort,luguentz-dort,F,,,25:28,25.466666666666665,3,9,0.333,1,4,0.25,1,1,1.0,1,4,5,2,4,2,0,1,8,14.0,0022400140,Luguentz Dort,luguentz dort,,,2024-11-01,6,0.31413612565445026,0.03926701570680628,0.19633507853403143,0.07853403141361257,0.274869109947644,7.0,4.0,3.0,5.0,1.0,2.0,3.0,4.0,7.0,0,0.0,0,0.00145,29.6,20399.724328049626,29.557080000000003,0.23560209424083772,1.0,3.0,0.43568784
0022400140,1610612760,Oklahoma City,Thunder,OKC,thunder,1631114,Jalen,Williams,J. Williams,jalen-williams,F,,,26:17,26.283333333333335,8,12,0.667,4,6,0.667,2,2,1.0,1,4,5,4,4,0,3,2,22,16.0,0022400140,Jalen Williams,jalen williams,,,2024-11-01,4,0.8370323398858591,0.03804692454026633,0.19023462270133162,0.1521876981610653,0.19023462270133162,2.0,4.0,3.0,2.0,1.0,5.0,2.0,3.0,2.0,0,0.0,0,0.00267,31.5,11793.335829277423,31.415895000000003,0.1521876981610653,3.0,5.0,0.8669083
0022400140,1610612760,Oklahoma City,Thunder,OKC,thunder,1631096,Chet,Holmgren,C. Holmgren,chet-holmgren,C,,,18:23,18.383333333333333,1,3,0.333,0,2,0.0,4,4,1.0,0,1,1,3,1,5,2,4,6,12.0,0022400140,Chet Holmgren,chet holmgren,,,2024-11-01,6,0.3263825929283772,0.0,0.05439709882139619,0.1631912964641886,0.3263825929283772,10.0,10.0,10.0,3.0,4.0,1.0,5.0,8.0,1.0,0,0.0,0,0.0017499999999999998,38.1,21758.994860079958,38.033325,0.3263825929283772,1.0,1.0,0.09684813
0022400140,1610612760,Oklahoma City,Thunder,OKC,thunder,1630198,Isaiah,Joe,I. Joe,isaiah-joe,G,,,26:34,26.566666666666666,4,9,0.444,3,8,0.375,1,2,0.5,0,5,5,2,2,0,2,4,12,12.0,0022400140,Isaiah Joe,isaiah joe,,,2024-11-01,2,0.451693851944793,0.0,0.18820577164366373,0.07528230865746549,0.07528230865746549,5.0,10.0,3.0,5.0,3.0,5.0,5.0,2.0,3.0,0,0.0,0,0.00185,21.1,11399.243652079958,21.060965,0.07528230865746549,4.0,10.0,0.46757835
0022400140,1610612760,Oklahoma City,Thunder,OKC,thunder,1628983,Shai,Gilgeous-Alexander,S. Gilgeous-Alexander,shai-gilgeous-alexander,G,,,28:22,28.366666666666667,12,18,0.667,1,6,0.167,5,6,0.833,1,6,7,6,1,0,3,1,30,25.0,0022400140,Shai Gilgeous-Alexander,shai gilgeous-alexander,,,2024-11-01,1,1.0575793184488838,0.03525264394829612,0.24676850763807284,0.21151586368977673,0.07050528789659224,1.0,4.0,2.0,1.0,4.0,5.0,1.0,1.0,1.0,0,0.0,0,0.0034799999999999996,40.0,11490.950876185005,39.8608,0.03525264394829612,6.0,11.0,0.7620645
0022400140,1610612760,Oklahoma City,Thunder,OKC,thunder,1642349,Ajay,Mitchell,A. Mitchell,ajay-mitchell,,,,17:13,17.216666666666665,3,6,0.5,2,3,0.667,0,0,0.0,2,0,2,2,0,0,1,4,8,11.0,0022400140,Ajay Mitchell,ajay mitchell,,,2024-11-01,0,0.4646660212971927,0.11616650532429817,0.11616650532429817,0.11616650532429817,0.11616650532429817,7.0,2.0,9.0,5.0,8.0,5.0,7.0,10.0,0.0,0,0.0,0,0.00156,34.5,22101.217168481744,34.44618,0.0,9.0,7.0,0.08310868
0022400140,1610612760,Oklahoma City,Thunder,OKC,thunder,1641794,Dillon,Jones,D. Jones,dillon-jones,,,,11:49,11.816666666666666,3,5,0.6,1,3,0.333,0,0,0.0,2,2,4,2,0,0,0,4,7,1.0,0022400140,Dillon Jones,dillon jones,,,2024-11-01,0,0.5923836389280677,0.16925246826516221,0.33850493653032443,0.16925246826516221,0.16925246826516221,9.0,2.0,6.0,5.0,8.0,5.0,9.0,11.0,0.0,0,0.0,0,0.0015199999999999999,4.2,2761.341222879685,4.1936160000000005,0.0,9.0,6.0,0.10668037
0022400140,1610612760,Oklahoma City,Thunder,OKC,thunder,1641717,Cason,Wallace,C. Wallace,cason-wallace,,,,22:46,22.766666666666666,5,7,0.714,3,5,0.6,0,0,0.0,0,1,1,3,1,1,1,0,13,13.0,0022400140,Cason Wallace,cason wallace,,,2024-11-01,2,0.5710102489019034,0.0,0.043923865300146414,0.13177159590043924,0.08784773060029283,3.0,10.0,10.0,3.0,4.0,3.0,4.0,6.0,1.0,0,0.0,0,0.0014000000000000002,29.9,21341.898643825836,29.85814,0.08784773060029283,4.0,9.0,0.78652674
0022400140,1610612760,Oklahoma City,Thunder,OKC,thunder,1627936,Alex,Caruso,A. Caruso,alex-caruso,,,,17:23,17.383333333333333,3,5,0.6,0,2,0.0,0,0,0.0,1,2,3,2,0,0,0,4,6,9.0,0022400140,Alex Caruso,alex caruso,,,2024-11-01,0,0.3451581975071908,0.05752636625119847,0.1725790987535954,0.11505273250239693,0.05752636625119847,10.0,4.0,7.0,5.0,8.0,5.0,8.0,9.0,2.0,0,0.0,0,0.00114,25.0,21910.604732690626,24.9715,0.0,9.0,12.0,0.036021575
0022400140,1610612760,Oklahoma City,Thunder,OKC,thunder,1631172,Ousmane,Dieng,O. Dieng,ousmane-dieng,,,,19:20,19.333333333333332,4,10,0.4,1,5,0.2,2,2,1.0,1,2,3,2,0,1,0,2,11,0.0,0022400140,Ousmane Dieng,ousmane dieng,,,2024-11-01,1,0.5689655172413793,0.05172413793103449,0.15517241379310345,0.10344827586206898,0.10344827586206898,6.0,4.0,7.0,5.0,8.0,3.0,12.0,7.0,1.0,0,0.0,0,0.0022,0.0,0.0,0.0,0.05172413793103449,6.0,8.0,0.5813354
0022400140,1610612760,Oklahoma City,Thunder,OKC,thunder,1630598,Aaron,Wiggins,A. Wiggins,aaron-wiggins,,,,22:56,22.933333333333334,5,10,0.5,3,5,0.6,0,0,0.0,4,4,8,2,1,0,1,1,13,1.0,0022400140,Aaron Wiggins,aaron wiggins,,,2024-11-01,1,0.5668604651162791,0.1744186046511628,0.3488372093023256,0.0872093023255814,0.2180232558139535,3.0,1.0,1.0,5.0,4.0,5.0,9.0,5.0,3.0,0,0.0,0,0.00193,2.2,1139.3060590367686,2.195754,0.0436046511627907,6.0,4.0,0.7990227
0022400140,1610612760,Oklahoma City,Thunder,OKC,thunder,1642502,Malevy,Leons,M. Leons,malevy-leons,,,,3:29,3.4833333333333334,0,1,0.0,0,0,0.0,1,2,0.5,1,0,1,1,0,0,0,2,1,1.0,0022400140,Malevy Leons,malevy leons,,,2024-11-01,0,0.28708133971291866,0.28708133971291866,0.28708133971291866,0.28708133971291866,0.28708133971291866,12.0,4.0,10.0,12.0,8.0,5.0,9.0,12.0,,1,,1,0.00167,-2.8,-1675.6433273488929,-2.795324,0.0,9.0,2.0,0.0068356185
0022400150,1610612760,Oklahoma City,Thunder,OKC,thunder,1629652,Luguentz,Dort,L. Dort,luguentz-dort,F,,,29:44,29.733333333333334,6,12,0.5,1,4,0.25,3,4,0.75,1,3,4,3,0,0,0,4,16,2.0,0022400150,Luguentz Dort,luguentz dort,,,2024-11-02,0,0.5381165919282511,0.033632286995515695,0.13452914798206278,0.10089686098654709,0.033632286995515695,2.0,1.0,4.0,4.0,7.0,4.0,8.0,4.0,2.0,0,0.0,0,0.00197,6.4,3247.082699137494,6.387392,0.0,9.0,8.0,0.731116
0022400150,1610612760,Oklahoma City,Thunder,OKC,thunder,1631114,Jalen,Williams,J. Williams,jalen-williams,F,,,34:02,34.03333333333333,5,16,0.313,3,5,0.6,2,2,1.0,0,7,7,4,2,0,4,4,15,10.0,0022400150,Jalen Williams,jalen williams,,,2024-11-02,2,0.4407443682664055,0.0,0.20568070519098924,0.11753183153770813,0.058765915768854066,3.0,4.0,2.0,2.0,2.0,4.0,5.0,1.0,6.0,0,0.0,0,0.0028000000000000004,17.0,6069.2609782220625,16.9524,0.058765915768854066,2.0,6.0,0.22899067
0022400150,1610612760,Oklahoma City,Thunder,OKC,thunder,1631096,Chet,Holmgren,C. Holmgren,chet-holmgren,C,,,29:21,29.35,3,9,0.333,1,4,0.25,3,4,0.75,1,13,14,4,1,1,3,0,10,11.0,0022400150,Chet Holmgren,chet holmgren,,,2024-11-02,2,0.34071550255536626,0.034071550255536626,0.47700170357751276,0.1362862010221465,0.10221465076660988,6.0,1.0,1.0,2.0,5.0,1.0,4.0,5.0,1.0,0,0.0,0,0.00209,17.7,8464.849354375896,17.663007,0.06814310051107325,2.0,3.0,0.19658743
0022400150,1610612760,Oklahoma City,Thunder,OKC,thunder,1630598,Aaron,Wiggins,A. Wiggins,aaron-wiggins,G,,,30:22,30.366666666666667,5,12,0.417,2,4,0.5,0,0,0.0,0,5,5,2,3,0,0,1,12,15.0,0022400150,Aaron Wiggins,aaron wiggins,,,2024-11-02,3,0.3951701427003293,0.0,0.16465422612513722,0.06586169045005488,0.09879253567508232,4.0,4.0,3.0,5.0,1.0,4.0,2.0,3.0,3.0,0,0.0,0,0.0017599999999999998,20.5,11641.113003975015,20.46392,0.09879253567508232,1.0,4.0,0.76052153
0022400150,1610612760,Oklahoma City,Thunder,OKC,thunder,1628983,Shai,Gilgeous-Alexander,S. Gilgeous-Alexander,shai-gilgeous-alexander,G,,,31:20,31.333333333333332,7,14,0.5,2,4,0.5,9,9,1.0,0,3,3,9,0,1,3,2,25,8.0,0022400150,Shai Gilgeous-Alexander,shai gilgeous-alexander,,,2024-11-02,1,0.7978723404255319,0.0,0.09574468085106383,0.2872340425531915,0.03191489361702128,1.0,4.0,6.0,1.0,7.0,1.0,6.0,2.0,2.0,0,0.0,0,0.003,15.3,5098.30056647784,15.254100000000001,0.03191489361702128,6.0,9.0,0.79687935
0022400150,1610612760,Oklahoma City,Thunder,OKC,thunder,1627936,Alex,Caruso,A. Caruso,alex-caruso,,,,15:40,15.666666666666666,2,6,0.333,1,5,0.2,0,0,0.0,0,2,2,0,2,0,0,4,5,8.0,0022400150,Alex Caruso,alex caruso,,,2024-11-02,2,0.3191489361702128,0.0,0.12765957446808512,0.0,0.12765957446808512,8.0,4.0,7.0,9.0,2.0,4.0,6.0,8.0,3.0,0,0.0,0,0.0017100000000000001,20.4,11922.852133255405,20.365116,0.12765957446808512,2.0,2.0,0.049534533
0022400150,1610612760,Oklahoma City,Thunder,OKC,thunder,1641717,Cason,Wallace,C. Wallace,cason-wallace,,,,24:38,24.633333333333333,3,4,0.75,1,2,0.5,0,0,0.0,0,4,4,1,0,1,0,2,7,14.0,0022400150,Cason Wallace,cason wallace,,,2024-11-02,1,0.28416779431664413,0.0,0.16238159675236807,0.04059539918809202,0.04059539918809202,7.0,4.0,4.0,6.0,7.0,1.0,3.0,6.0,1.0,0,0.0,0,0.00074,30.1,40620.78272604589,30.077726000000002,0.04059539918809202,6.0,7.0,0.15621328
0022400150,1610612760,Oklahoma City,Thunder,OKC,thunder,1631172,Ousmane,Dieng,O. Dieng,ousmane-dieng,,,,8:06,8.1,1,1,1.0,1,1,1.0,0,0,0.0,0,0,0,0,2,0,0,0,3,-11.0,0022400150,Ousmane Dieng,ousmane dieng,,,2024-11-02,2,0.3703703703703704,0.0,0.0,0.0,0.2469135802469136,9.0,4.0,9.0,9.0,2.0,4.0,12.0,9.0,2.0,0,0.0,0,0.0005899999999999999,-64.7,-109475.46531302878,-64.661827,0.2469135802469136,2.0,1.0,0.015115365
0022400150,1610612760,Oklahoma City,Thunder,OKC,thunder,1630198,Isaiah,Joe,I. Joe,isaiah-joe,,,,22:25,22.416666666666668,4,8,0.5,4,8,0.5,0,0,0.0,1,1,2,1,1,0,0,0,12,21.0,0022400150,Isaiah Joe,isaiah joe,,,2024-11-02,1,0.5353159851301115,0.04460966542750929,0.08921933085501858,0.04460966542750929,0.08921933085501858,4.0,1.0,7.0,6.0,5.0,4.0,1.0,7.0,1.0,0,1.0,0,0.00157,41.1,26161.68045830681,41.035473,0.04460966542750929,6.0,5.0,0.83158946
0022400150,1610612760,Oklahoma City,Thunder,OKC,thunder,1642349,Ajay,Mitchell,A. Mitchell,ajay-mitchell,,,,7:34,7.566666666666666,0,0,0.0,0,0,0.0,0,0,0.0,0,0,0,0,0,0,2,4,0,-5.0,0022400150,Ajay Mitchell,ajay mitchell,,,2024-11-02,0,0.0,0.0,0.0,0.0,0.0,10.0,4.0,9.0,9.0,7.0,4.0,11.0,10.0,0.0,0,0.0,0,0.00133,-33.3,-25018.78287002254,-33.255711,0.0,9.0,10.0,0.0020220503
0022400150,1610612760,Oklahoma City,Thunder,OKC,thunder,1642502,Malevy,Leons,M. Leons,malevy-leons,,,,3:24,3.4,0,1,0.0,0,1,0.0,0,0,0.0,0,0,0,0,0,0,0,1,0,-4.0,0022400150,Malevy Leons,malevy leons,,,2024-11-02,0,0.0,0.0,0.0,0.0,0.0,10.0,4.0,9.0,9.0,7.0,4.0,9.0,11.0,0.0,0,0.0,0,0.0014299999999999998,-73.8,-51572.327044025165,-73.69446599999999,0.0,9.0,10.0,0.002133428
0022400150,1610612760,Oklahoma City,Thunder,OKC,thunder,1641794,Dillon,Jones,D. Jones,dillon-jones,,,,3:24,3.4,0,1,0.0,0,1,0.0,0,0,0.0,0,0,0,1,0,0,0,0,0,-4.0,0022400150,Dillon Jones,dillon jones,,,2024-11-02,0,0.0,0.0,0.0,0.29411764705882354,0.0,10.0,4.0,9.0,6.0,7.0,4.0,9.0,11.0,1.0,0,0.0,0,0.0014299999999999998,-73.8,-51572.327044025165,-73.69446599999999,0.0,9.0,10.0,0.002057823
0022400163,1610612760,Oklahoma City,Thunder,OKC,thunder,1629652,Luguentz,Dort,L. Dort,luguentz-dort,F,,,27:54,27.9,2,6,0.333,2,4,0.5,0,0,0.0,1,2,3,1,2,0,2,3,6,0.0,0022400163,Luguentz Dort,luguentz dort,,,2024-11-04,2,0.21505376344086022,0.03584229390681004,0.10752688172043011,0.03584229390681004,0.10752688172043011,6.0,3.0,8.0,4.0,3.0,4.0,8.0,3.0,4.0,0,0.0,0,0.00127,0.0,0.0,0.0,0.07168458781362008,3.0,5.0,0.06931582
0022400163,1610612760,Oklahoma City,Thunder,OKC,thunder,1631114,Jalen,Williams,J. Williams,jalen-williams,F,,,34:32,34.53333333333333,10,17,0.588,3,7,0.429,0,0,0.0,0,4,4,1,3,1,1,3,23,-1.0,0022400163,Jalen Williams,jalen williams,,,2024-11-04,4,0.666023166023166,0.0,0.11583011583011583,0.02895752895752896,0.11583011583011583,1.0,4.0,4.0,4.0,1.0,2.0,9.0,2.0,3.0,0,0.0,0,0.00228,0.0,0.0,0.0,0.11583011583011583,1.0,4.0,0.8448597
0022400163,1610612760,Oklahoma City,Thunder,OKC,thunder,1631096,Chet,Holmgren,C. Holmgren,chet-holmgren,C,,,21:30,21.5,5,10,0.5,1,2,0.5,3,5,0.6,2,7,9,1,0,2,2,1,14,15.0,0022400163,Chet Holmgren,chet holmgren,,,2024-11-04,2,0.6511627906976745,0.09302325581395349,0.4186046511627907,0.046511627906976744,0.18604651162790697,3.0,1.0,1.0,4.0,7.0,1.0,3.0,6.0,0.0,0,0.0,0,0.0027500000000000003,32.6,11850.236277717193,32.51035,0.09302325581395349,3.0,3.0,0.75212026
0022400163,1610612760,Oklahoma City,Thunder,OKC,thunder,1641717,Cason,Wallace,C. Wallace,cason-wallace,G,,,26:60,27.0,2,6,0.333,0,1,0.0,0,0,0.0,0,4,4,1,0,1,1,3,4,7.0,0022400163,Cason Wallace,cason wallace,,,2024-11-04,1,0.14814814814814814,0.0,0.14814814814814814,0.037037037037037035,0.037037037037037035,7.0,4.0,4.0,4.0,7.0,2.0,7.0,4.0,2.0,0,0.0,0,0.00121,12.7,10487.200660611066,12.684632999999998,0.037037037037037035,6.0,7.0,0.024776617
0022400163,1610612760,Oklahoma City,Thunder,OKC,thunder,1628983,Shai,Gilgeous-Alexander,S. Gilgeous-Alexander,shai-gilgeous-alexander,G,,,35:04,35.06666666666667,8,16,0.5,1,3,0.333,4,4,1.0,0,6,6,9,1,0,4,4,21,18.0,0022400163,Shai Gilgeous-Alexander,shai gilgeous-alexander,,,2024-11-04,1,0.5988593155893536,0.0,0.17110266159695817,0.25665399239543724,0.028517110266159693,2.0,4.0,2.0,1.0,5.0,4.0,1.0,1.0,1.0,0,0.0,0,0.00268,24.3,9063.782170831779,24.234876,0.028517110266159693,6.0,8.0,0.74810016
0022400163,1610612760,Oklahoma City,Thunder,OKC,thunder,1627936,Alex,Caruso,A. Caruso,alex-caruso,,,,20:50,20.833333333333332,1,3,0.333,1,2,0.5,0,0,0.0,0,0,0,5,1,0,2,4,3,10.0,0022400163,Alex Caruso,alex caruso,,,2024-11-04,1,0.14400000000000002,0.0,0.0,0.24000000000000002,0.048,9.0,4.0,12.0,2.0,5.0,4.0,5.0,7.0,5.0,0,0.0,0,0.00098,18.3,18654.43425076453,18.282066,0.048,6.0,6.0,0.018922042
0022400163,1610612760,Oklahoma City,Thunder,OKC,thunder,1630598,Aaron,Wiggins,A. Wiggins,aaron-wiggins,,,,17:25,17.416666666666668,4,9,0.444,1,3,0.333,2,2,1.0,2,3,5,1,3,0,0,1,11,8.0,0022400163,Aaron Wiggins,aaron wiggins,,,2024-11-04,3,0.631578947368421,0.11483253588516745,0.28708133971291866,0.057416267942583726,0.28708133971291866,5.0,1.0,3.0,4.0,1.0,4.0,6.0,8.0,4.0,0,0.0,0,0.00227,23.8,10479.964773227653,23.745974,0.17224880382775118,2.0,1.0,0.7226398
0022400163,1610612760,Oklahoma City,Thunder,OKC,thunder,1641794,Dillon,Jones,D. Jones,dillon-jones,,,,9:47,9.783333333333333,1,3,0.333,0,1,0.0,1,2,0.5,0,1,1,0,0,0,1,2,3,12.0,0022400163,Dillon Jones,dillon jones,,,2024-11-04,0,0.30664395229982966,0.0,0.10221465076660988,0.0,0.0,9.0,4.0,9.0,11.0,7.0,4.0,4.0,10.0,2.0,0,0.0,0,0.002,51.7,25837.081459270365,51.5966,0.0,9.0,9.0,0.01910199
0022400163,1610612760,Oklahoma City,Thunder,OKC,thunder,1630198,Isaiah,Joe,I. Joe,isaiah-joe,,,,22:27,22.45,4,8,0.5,3,6,0.5,2,3,0.667,0,4,4,1,0,0,0,0,13,16.0,0022400163,Isaiah Joe,isaiah joe,,,2024-11-04,0,0.579064587973274,0.0,0.17817371937639198,0.044543429844097995,0.0,4.0,4.0,4.0,4.0,7.0,4.0,2.0,5.0,0.0,0,1.0,0,0.00161,31.8,19739.292364990688,31.748802,0.0,9.0,9.0,0.6764142
0022400163,1610612760,Oklahoma City,Thunder,OKC,thunder,1642349,Ajay,Mitchell,A. Mitchell,ajay-mitchell,,,,12:25,12.416666666666666,2,4,0.5,0,1,0.0,0,0,0.0,0,1,1,1,0,0,1,0,4,-2.0,0022400163,Ajay Mitchell,ajay mitchell,,,2024-11-04,0,0.32214765100671144,0.0,0.08053691275167786,0.08053691275167786,0.0,7.0,4.0,9.0,4.0,7.0,4.0,11.0,9.0,1.0,0,0.0,0,0.00172,-5.0,-2905.287623474724,-4.9914,0.0,9.0,9.0,0.021755457
0022400163,1610612760,Oklahoma City,Thunder,OKC,thunder,1631172,Ousmane,Dieng,O. Dieng,ousmane-dieng,,,,8:24,8.4,0,3,0.0,0,1,0.0,0,0,0.0,0,4,4,2,2,0,0,0,0,-2.0,0022400163,Ousmane Dieng,ousmane dieng,,,2024-11-04,2,0.0,0.0,0.47619047619047616,0.23809523809523808,0.23809523809523808,11.0,4.0,4.0,3.0,3.0,4.0,11.0,11.0,1.0,0,0.0,0,0.00158,-13.5,-8538.899430740039,-13.47867,0.23809523809523808,3.0,2.0,0.0072409203
0022400163,1610612760,Oklahoma City,Thunder,OKC,thunder,1642502,Malevy,Leons,M. Leons,malevy-leons,,,,2:42,2.7,0,0,0.0,0,0,0.0,0,0,0.0,0,1,1,0,0,0,1,0,0,-1.0,0022400163,Malevy Leons,malevy leons,,,2024-11-04,0,0.0,0.0,0.37037037037037035,0.0,0.0,11.0,4.0,9.0,11.0,7.0,4.0,9.0,12.0,,1,,1,0.0014299999999999998,-14.3,-9993.011879804335,-14.279551,0.0,9.0,9.0,0.0043900227
0022400177,1610612760,Oklahoma City,Thunder,OKC,thunder,1629652,Luguentz,Dort,L. Dort,luguentz-dort,F,,,25:40,25.666666666666668,3,6,0.5,3,5,0.6,2,2,1.0,0,6,6,3,3,2,1,4,11,5.0,0022400177,Luguentz Dort,luguentz dort,,,2024-11-06,5,0.42857142857142855,0.0,0.23376623376623376,0.11688311688311688,0.1948051948051948,5.0,7.0,3.0,4.0,2.0,1.0,2.0,4.0,5.0,0,0.0,0,0.0011799999999999998,8.5,7197.290431837428,8.48997,0.1948051948051948,2.0,3.0,0.50056905
0022400177,1610612760,Oklahoma City,Thunder,OKC,thunder,1631114,Jalen,Williams,J. Williams,jalen-williams,F,,,36:03,36.05,11,20,0.55,4,8,0.5,3,5,0.6,2,8,10,9,3,0,1,4,29,3.0,0022400177,Jalen Williams,jalen williams,,,2024-11-06,3,0.8044382801664356,0.05547850208044383,0.2773925104022192,0.24965325936199725,0.1386962552011096,1.0,3.0,1.0,1.0,2.0,5.0,4.0,2.0,7.0,0,0.0,0,0.00245,2.3,938.392492860057,2.294365,0.08321775312066575,3.0,5.0,0.8957255
0022400177,1610612760,Oklahoma City,Thunder,OKC,thunder,1631096,Chet,Holmgren,C. Holmgren,chet-holmgren,C,,,35:33,35.55,5,14,0.357,2,3,0.667,3,3,1.0,3,7,10,0,0,1,3,3,15,-11.0,0022400177,Chet Holmgren,chet holmgren,,,2024-11-06,1,0.4219409282700422,0.08438818565400845,0.2812939521800282,0.0,0.11251758087201126,3.0,2.0,1.0,9.0,8.0,3.0,10.0,3.0,0.0,0,0.0,0,0.00196,-12.2,-6221.315655277919,-12.176088,0.028129395218002815,6.0,6.0,0.45331204
0022400177,1610612760,Oklahoma City,Thunder,OKC,thunder,1630198,Isaiah,Joe,I. Joe,isaiah-joe,G,,,25:04,25.066666666666666,4,11,0.364,3,9,0.333,0,0,0.0,4,1,5,3,1,0,0,3,11,-7.0,0022400177,Isaiah Joe,isaiah joe,,,2024-11-06,1,0.43882978723404253,0.1595744680851064,0.19946808510638298,0.1196808510638298,0.19946808510638298,5.0,1.0,5.0,4.0,5.0,5.0,7.0,5.0,2.0,0,1.0,0,0.00172,-7.9,-4590.3544450900645,-7.886412,0.0398936170212766,6.0,2.0,0.5401287
0022400177,1610612760,Oklahoma City,Thunder,OKC,thunder,1628983,Shai,Gilgeous-Alexander,S. Gilgeous-Alexander,shai-gilgeous-alexander,G,,,38:49,38.81666666666667,10,19,0.526,0,3,0.0,8,10,0.8,0,2,2,6,1,1,8,1,28,3.0,0022400177,Shai Gilgeous-Alexander,shai gilgeous-alexander,,,2024-11-06,2,0.721339630742808,0.0,0.051524259338772,0.154572778016316,0.051524259338772,2.0,7.0,7.0,2.0,5.0,3.0,4.0,1.0,1.0,0,0.0,0,0.00297,4.7,1581.9589363850555,4.686041,0.051524259338772,4.0,10.0,0.66478336
0022400177,1610612760,Oklahoma City,Thunder,OKC,thunder,1641717,Cason,Wallace,C. Wallace,cason-wallace,,,,20:16,20.266666666666666,2,8,0.25,0,3,0.0,0,0,0.0,0,2,2,2,2,0,1,4,4,-7.0,0022400177,Cason Wallace,cason wallace,,,2024-11-06,2,0.19736842105263158,0.0,0.09868421052631579,0.09868421052631579,0.09868421052631579,8.0,7.0,7.0,6.0,4.0,5.0,7.0,7.0,3.0,0,0.0,0,0.0017299999999999998,-14.9,-8607.741190063549,-14.874223,0.09868421052631579,4.0,8.0,0.019692922
0022400177,1610612760,Oklahoma City,Thunder,OKC,thunder,1627936,Alex,Caruso,A. Caruso,alex-caruso,,,,21:35,21.583333333333332,1,9,0.111,0,3,0.0,0,0,0.0,1,5,6,4,4,2,0,5,2,-8.0,0022400177,Alex Caruso,alex caruso,,,2024-11-06,6,0.09266409266409267,0.04633204633204634,0.277992277992278,0.18532818532818535,0.32432432432432434,10.0,5.0,3.0,3.0,1.0,1.0,9.0,6.0,6.0,0,1.0,0,0.00153,-11.6,-7576.747224036578,-11.582251999999999,0.277992277992278,1.0,1.0,0.075100906
0022400177,1610612760,Oklahoma City,Thunder,OKC,thunder,1631172,Ousmane,Dieng,O. Dieng,ousmane-dieng,,,,10:28,10.466666666666667,2,2,1.0,1,1,1.0,1,2,0.5,2,2,4,0,0,0,0,2,6,5.0,0022400177,Ousmane Dieng,ousmane dieng,,,2024-11-06,0,0.5732484076433121,0.19108280254777069,0.38216560509554137,0.0,0.19108280254777069,7.0,3.0,6.0,9.0,8.0,5.0,2.0,9.0,0.0,0,0.0,0,0.00115,20.8,18071.24239791486,20.77608,0.0,9.0,4.0,0.1483403
0022400177,1610612760,Oklahoma City,Thunder,OKC,thunder,1642349,Ajay,Mitchell,A. Mitchell,ajay-mitchell,,,,9:11,9.183333333333334,1,2,0.5,1,1,1.0,0,0,0.0,0,0,0,1,1,0,0,2,3,-4.0,0022400177,Ajay Mitchell,ajay mitchell,,,2024-11-06,1,0.32667876588021777,0.0,0.0,0.1088929219600726,0.1088929219600726,9.0,7.0,10.0,7.0,5.0,5.0,6.0,10.0,1.0,0,0.0,0,0.0008699999999999999,-19.0,-21814.006888633758,-18.98347,0.1088929219600726,6.0,7.0,0.00995067
0022400177,1610612760,Oklahoma City,Thunder,OKC,thunder,1630598,Aaron,Wiggins,A. Wiggins,aaron-wiggins,,,,17:21,17.35,5,9,0.556,2,4,0.5,1,1,1.0,1,1,2,1,0,0,0,0,13,11.0,0022400177,Aaron Wiggins,aaron wiggins,,,2024-11-06,0,0.7492795389048991,0.05763688760806916,0.11527377521613832,0.05763688760806916,0.05763688760806916,4.0,5.0,7.0,7.0,8.0,5.0,1.0,8.0,2.0,0,0.0,0,0.002,24.9,12443.778110944526,24.850199999999997,0.0,9.0,9.0,0.87023365
0022400192,1610612760,Oklahoma City,Thunder,OKC,thunder,1629652,Luguentz,Dort,L. Dort,luguentz-dort,F,,,18:59,18.983333333333334,1,7,0.143,1,5,0.2,0,0,0.0,0,0,0,1,0,0,1,3,3,7.0,0022400192,Luguentz Dort,luguentz dort,,,2024-11-08,0,0.15803336259877085,0.0,0.0,0.05267778753292361,0.0,9.0,6.0,11.0,5.0,8.0,7.0,6.0,8.0,1.0,0,0.0,0,0.0019,23.3,12256.70699631773,23.25573,0.0,10.0,10.0,0.009403635
0022400192,1610612760,Oklahoma City,Thunder,OKC,thunder,1631114,Jalen,Williams,J. Williams,jalen-williams,F,,,31:39,31.65,7,11,0.636,0,1,0.0,0,0,0.0,0,5,5,3,0,1,3,3,14,21.0,0022400192,Jalen Williams,jalen williams,,,2024-11-08,1,0.4423380726698262,0.0,0.1579778830963665,0.09478672985781991,0.031595576619273306,3.0,6.0,2.0,4.0,8.0,2.0,1.0,1.0,0.0,0,0.0,0,0.002,34.0,16991.50424787606,33.932,0.031595576619273306,7.0,9.0,0.5425863
0022400192,1610612760,Oklahoma City,Thunder,OKC,thunder,1631096,Chet,Holmgren,C. Holmgren,chet-holmgren,C,,,29:10,29.166666666666668,8,14,0.571,4,6,0.667,9,10,0.9,1,4,5,1,0,3,1,1,29,16.0,0022400192,Chet Holmgren,chet holmgren,,,2024-11-08,3,0.9942857142857142,0.03428571428571429,0.17142857142857143,0.03428571428571429,0.13714285714285715,1.0,2.0,2.0,5.0,8.0,1.0,4.0,3.0,1.0,0,0.0,0,0.00294,27.9,9486.569194151649,27.817973999999996,0.10285714285714286,1.0,6.0,0.87305
0022400192,1610612760,Oklahoma City,Thunder,OKC,thunder,1641717,Cason,Wallace,C. Wallace,cason-wallace,G,,,22:52,22.866666666666667,2,4,0.5,0,1,0.0,0,0,0.0,3,2,5,1,1,1,0,2,4,3.0,0022400192,Cason Wallace,cason wallace,,,2024-11-08,2,0.1749271137026239,0.13119533527696792,0.21865889212827988,0.043731778425655975,0.21865889212827988,8.0,1.0,2.0,5.0,2.0,2.0,9.0,6.0,3.0,0,0.0,0,0.00075,8.6,11451.398135818907,8.593549999999999,0.08746355685131195,3.0,1.0,0.078002036
0022400192,1610612760,Oklahoma City,Thunder,OKC,thunder,1628983,Shai,Gilgeous-Alexander,S. Gilgeous-Alexander,shai-gilgeous-alexander,G,,,29:02,29.033333333333335,11,16,0.688,1,2,0.5,6,7,0.857,1,4,5,4,1,1,3,2,29,5.0,0022400192,Shai Gilgeous-Alexander,shai gilgeous-alexander,,,2024-11-08,2,0.9988518943742823,0.03444316877152698,0.1722158438576349,0.1377726750861079,0.10332950631458093,1.0,2.0,2.0,3.0,2.0,2.0,8.0,4.0,1.0,0,0.0,0,0.00319,8.2,2569.727358194923,8.173841999999999,0.06888633754305395,3.0,7.0,0.8684294
0022400192,1610612760,Oklahoma City,Thunder,OKC,thunder,1627936,Alex,Caruso,A. Caruso,alex-caruso,,,,13:46,13.766666666666667,3,5,0.6,2,3,0.667,2,2,1.0,1,3,4,1,1,0,0,2,10,7.0,0022400192,Alex Caruso,alex caruso,,,2024-11-08,1,0.7263922518159805,0.07263922518159806,0.29055690072639223,0.07263922518159806,0.14527845036319612,6.0,2.0,7.0,5.0,2.0,7.0,6.0,9.0,2.0,0,0.0,0,0.00182,22.8,12520.593080724877,22.758504,0.07263922518159806,7.0,5.0,0.19193044
0022400192,1610612760,Oklahoma City,Thunder,OKC,thunder,1630598,Aaron,Wiggins,A. Wiggins,aaron-wiggins,,,,29:43,29.716666666666665,3,9,0.333,2,3,0.667,0,0,0.0,1,4,5,5,1,1,0,1,8,14.0,0022400192,Aaron Wiggins,aaron wiggins,,,2024-11-08,2,0.269209197980931,0.03365114974761638,0.16825574873808188,0.16825574873808188,0.10095344924284913,7.0,2.0,2.0,2.0,2.0,2.0,5.0,2.0,2.0,0,0.0,0,0.00127,20.4,16050.354051927616,20.374091999999997,0.06730229949523275,3.0,8.0,0.14901
0022400192,1610612760,Oklahoma City,Thunder,OKC,thunder,1641794,Dillon,Jones,D. Jones,dillon-jones,,,,11:51,11.85,1,6,0.167,0,5,0.0,0,0,0.0,0,2,2,0,1,1,1,1,2,-4.0,0022400192,Dillon Jones,dillon jones,,,2024-11-08,2,0.16877637130801687,0.0,0.16877637130801687,0.0,0.16877637130801687,10.0,6.0,8.0,10.0,2.0,2.0,11.0,10.0,1.0,0,0.0,0,0.00233,-23.4,-10038.610038610037,-23.345477999999996,0.16877637130801687,3.0,3.0,0.01263983
0022400192,1610612760,Oklahoma City,Thunder,OKC,thunder,1630198,Isaiah,Joe,I. Joe,isaiah-joe,,,,23:46,23.766666666666666,5,10,0.5,3,8,0.375,1,1,1.0,0,6,6,1,0,0,0,5,14,17.0,0022400192,Isaiah Joe,isaiah joe,,,2024-11-08,0,0.5890603085553997,0.0,0.25245441795231416,0.04207573632538569,0.0,3.0,6.0,1.0,5.0,8.0,7.0,3.0,5.0,1.0,0,1.0,0,0.00172,32.7,19000.581057524698,32.643756,0.0,10.0,10.0,0.6234171
0022400192,1610612760,Oklahoma City,Thunder,OKC,thunder,1642349,Ajay,Mitchell,A. Mitchell,ajay-mitchell,,,,19:43,19.716666666666665,5,6,0.833,1,2,0.5,1,1,1.0,0,2,2,7,3,0,0,2,12,18.0,0022400192,Ajay Mitchell,ajay mitchell,,,2024-11-08,3,0.6086221470836856,0.0,0.1014370245139476,0.3550295857988166,0.1521555367709214,5.0,6.0,8.0,1.0,1.0,7.0,2.0,7.0,3.0,0,1.0,0,0.00133,40.9,30728.775356874532,40.845603,0.1521555367709214,1.0,4.0,0.82177204
0022400192,1610612760,Oklahoma City,Thunder,OKC,thunder,1631172,Ousmane,Dieng,O. Dieng,ousmane-dieng,,,,5:36,5.6,0,2,0.0,0,1,0.0,0,0,0.0,0,2,2,0,1,0,1,0,0,-2.0,0022400192,Ousmane Dieng,ousmane dieng,,,2024-11-08,1,0.0,0.0,0.35714285714285715,0.0,0.17857142857142858,12.0,6.0,8.0,10.0,2.0,7.0,10.0,11.0,0.0,0,0.0,0,0.00214,-15.4,-7192.900513778608,-15.367044,0.17857142857142858,7.0,2.0,0.005715801
0022400192,1610612760,Oklahoma City,Thunder,OKC,thunder,1642502,Malevy,Leons,M. Leons,malevy-leons,,,,3:53,3.8833333333333333,0,0,0.0,0,0,0.0,1,2,0.5,0,0,0,0,0,0,0,1,1,-7.0,0022400192,Malevy Leons,malevy leons,,,2024-11-08,0,0.2575107296137339,0.0,0.0,0.0,0.0,11.0,6.0,11.0,10.0,8.0,7.0,12.0,12.0,,1,,1,0.00111,-73.6,-66246.62466246625,-73.51830399999999,0.0,10.0,10.0,0.003288422
0022400207,1610612760,Oklahoma City,Thunder,OKC,thunder,1629652,Luguentz,Dort,L. Dort,luguentz-dort,F,,,29:38,29.633333333333333,6,11,0.545,3,8,0.375,1,1,1.0,1,5,6,3,1,1,0,4,16,-9.0,0022400207,Luguentz Dort,luguentz dort,,,2024-11-10,2,0.5399325084364455,0.03374578177727784,0.20247469066366705,0.10123734533183353,0.10123734533183353,3.0,4.0,1.0,4.0,1.0,2.0,7.0,4.0,3.0,0,0.0,0,0.00149,-19.6,-13145.539906103288,-19.570796,0.06749156355455568,2.0,5.0,0.842261
0022400207,1610612760,Oklahoma City,Thunder,OKC,thunder,1631114,Jalen,Williams,J. Williams,jalen-williams,F,,,31:18,31.3,9,15,0.6,0,2,0.0,2,2,1.0,1,2,3,4,1,4,4,2,20,-19.0,0022400207,Jalen Williams,jalen williams,,,2024-11-10,5,0.6389776357827476,0.03194888178913738,0.09584664536741214,0.12779552715654952,0.19169329073482427,2.0,4.0,7.0,1.0,1.0,1.0,11.0,2.0,4.0,0,0.0,0,0.00244,-30.0,-12290.045063498566,-29.9268,0.1597444089456869,1.0,2.0,0.6755429
0022400207,1610612760,Oklahoma City,Thunder,OKC,thunder,1631096,Chet,Holmgren,C. Holmgren,chet-holmgren,C,,,5:10,5.166666666666667,0,3,0.0,0,2,0.0,0,0,0.0,0,4,4,0,0,0,0,0,0,4.0,0022400207,Chet Holmgren,chet holmgren,,,2024-11-10,0,0.0,0.0,0.7741935483870968,0.0,0.0,11.0,10.0,4.0,10.0,5.0,4.0,3.0,11.0,0.0,0,0.0,0,0.00214,23.1,10789.350770667912,23.050566,0.0,6.0,11.0,0.020150615
0022400207,1610612760,Oklahoma City,Thunder,OKC,thunder,1630598,Aaron,Wiggins,A. Wiggins,aaron-wiggins,G,,,18:24,18.4,3,8,0.375,3,4,0.75,0,0,0.0,1,1,2,3,0,0,1,2,9,-18.0,0022400207,Aaron Wiggins,aaron wiggins,,,2024-11-10,0,0.48913043478260876,0.05434782608695653,0.10869565217391305,0.16304347826086957,0.05434782608695653,7.0,4.0,9.0,4.0,5.0,4.0,10.0,8.0,1.0,0,0.0,0,0.00196,-43.9,-22386.5374808771,-43.813956,0.0,6.0,7.0,0.06883392
0022400207,1610612760,Oklahoma City,Thunder,OKC,thunder,1628983,Shai,Gilgeous-Alexander,S. Gilgeous-Alexander,shai-gilgeous-alexander,G,,,33:44,33.733333333333334,6,17,0.353,0,2,0.0,12,14,0.857,1,4,5,4,0,1,4,0,24,-11.0,0022400207,Shai Gilgeous-Alexander,shai gilgeous-alexander,,,2024-11-10,1,0.7114624505928854,0.029644268774703556,0.1482213438735178,0.11857707509881422,0.05928853754940711,1.0,4.0,3.0,1.0,5.0,2.0,8.0,1.0,1.0,0,0.0,0,0.0032500000000000003,-17.4,-5352.199323285142,-17.34345,0.029644268774703556,3.0,6.0,0.58898777
0022400207,1610612760,Oklahoma City,Thunder,OKC,thunder,1630198,Isaiah,Joe,I. Joe,isaiah-joe,,,,22:35,22.583333333333332,3,7,0.429,3,6,0.5,1,1,1.0,1,3,4,2,0,0,0,2,10,8.0,0022400207,Isaiah Joe,isaiah joe,,,2024-11-10,0,0.44280442804428044,0.04428044280442805,0.1771217712177122,0.0885608856088561,0.04428044280442805,6.0,4.0,4.0,6.0,5.0,4.0,1.0,5.0,1.0,0,1.0,0,0.00125,12.0,9592.32613908873,11.985,0.0,6.0,9.0,0.2118329
0022400207,1610612760,Oklahoma City,Thunder,OKC,thunder,1627936,Alex,Caruso,A. Caruso,alex-caruso,,,,22:14,22.233333333333334,1,5,0.2,0,3,0.0,1,2,0.5,2,1,3,4,1,0,0,2,3,-17.0,0022400207,Alex Caruso,alex caruso,,,2024-11-10,1,0.13493253373313344,0.08995502248875561,0.13493253373313344,0.17991004497751123,0.13493253373313344,9.0,2.0,7.0,1.0,1.0,4.0,9.0,6.0,5.0,0,0.0,0,0.00111,-36.2,-32583.258325832587,-36.159818,0.04497751124437781,3.0,4.0,0.01648703
0022400207,1610612760,Oklahoma City,Thunder,OKC,thunder,1641717,Cason,Wallace,C. Wallace,cason-wallace,,,,30:18,30.3,6,10,0.6,2,2,1.0,2,2,1.0,1,1,2,0,0,0,0,2,16,-3.0,0022400207,Cason Wallace,cason wallace,,,2024-11-10,0,0.528052805280528,0.033003300330033,0.066006600660066,0.0,0.033003300330033,3.0,4.0,9.0,10.0,5.0,4.0,6.0,3.0,2.0,0,0.0,0,0.00145,-8.9,-6133.70089593384,-8.887095,0.0,6.0,10.0,0.79204214
0022400207,1610612760,Oklahoma City,Thunder,OKC,thunder,1642349,Ajay,Mitchell,A. Mitchell,ajay-mitchell,,,,20:36,20.6,5,9,0.556,0,1,0.0,2,2,1.0,0,2,2,1,1,0,1,1,12,5.0,0022400207,Ajay Mitchell,ajay mitchell,,,2024-11-10,1,0.5825242718446602,0.0,0.0970873786407767,0.04854368932038835,0.04854368932038835,5.0,10.0,9.0,9.0,1.0,4.0,2.0,7.0,0.0,0,0.0,0,0.00212,6.9,3253.1824611032534,6.885372,0.04854368932038835,3.0,8.0,0.7871242
0022400207,1610612760,Oklahoma City,Thunder,OKC,thunder,1631172,Ousmane,Dieng,O. Dieng,ousmane-dieng,,,,11:05,11.083333333333334,1,5,0.2,0,2,0.0,0,0,0.0,2,2,4,2,0,0,0,2,2,4.0,0022400207,Ousmane Dieng,ousmane dieng,,,2024-11-10,0,0.18045112781954886,0.18045112781954886,0.3609022556390977,0.18045112781954886,0.18045112781954886,10.0,2.0,4.0,6.0,5.0,4.0,3.0,10.0,2.0,0,0.0,0,0.00179,7.9,4410.943606923507,7.885859000000001,0.0,6.0,3.0,0.022664161
0022400207,1610612760,Oklahoma City,Thunder,OKC,thunder,1641794,Dillon,Jones,D. Jones,dillon-jones,,,,14:58,14.966666666666667,2,4,0.5,0,1,0.0,0,2,0.0,4,2,6,2,0,0,1,1,4,1.0,0022400207,Dillon Jones,dillon jones,,,2024-11-10,0,0.26726057906458794,0.26726057906458794,0.40089086859688194,0.13363028953229397,0.26726057906458794,8.0,1.0,1.0,6.0,5.0,4.0,5.0,9.0,1.0,0,0.0,0,0.0016200000000000001,-1.0,-616.9031462060457,-0.99838,0.0,6.0,1.0,0.09918551
0022400215,1610612760,Oklahoma City,Thunder,OKC,thunder,1629652,Luguentz,Dort,L. Dort,luguentz-dort,F,,,35:10,35.166666666666664,7,14,0.5,4,8,0.5,1,1,1.0,0,2,2,1,2,0,3,5,19,6.0,0022400215,Luguentz Dort,luguentz dort,,,2024-11-11,2,0.5402843601895735,0.0,0.05687203791469195,0.028436018957345974,0.05687203791469195,3.0,7.0,6.0,6.0,3.0,5.0,5.0,3.0,4.0,0,0.0,0,0.0021,11.6,5521.1803902903375,11.57564,0.05687203791469195,3.0,9.0,0.73767877
0022400215,1610612760,Oklahoma City,Thunder,OKC,thunder,1630598,Aaron,Wiggins,A. Wiggins,aaron-wiggins,F,,,29:12,29.2,4,6,0.667,2,4,0.5,0,0,0.0,2,2,4,4,0,1,1,1,10,17.0,0022400215,Aaron Wiggins,aaron wiggins,,,2024-11-11,1,0.3424657534246575,0.0684931506849315,0.136986301369863,0.136986301369863,0.10273972602739727,6.0,1.0,2.0,3.0,8.0,2.0,1.0,5.0,0.0,0,0.0,0,0.00106,31.5,29688.97266729501,31.466610000000003,0.03424657534246575,7.0,8.0,0.6359961
0022400215,1610612760,Oklahoma City,Thunder,OKC,thunder,1631114,Jalen,Williams,J. Williams,jalen-williams,C,,,35:26,35.43333333333333,11,16,0.688,2,3,0.667,4,4,1.0,2,6,8,6,2,0,2,4,28,5.0,0022400215,Jalen Williams,jalen williams,,,2024-11-11,2,0.7902163687676388,0.05644402634054563,0.2257761053621825,0.16933207902163688,0.11288805268109126,2.0,1.0,1.0,2.0,3.0,5.0,6.0,2.0,3.0,0,0.0,0,0.0023499999999999997,6.4,2722.245852828584,6.38496,0.05644402634054563,3.0,7.0,0.84329647
0022400215,1610612760,Oklahoma City,Thunder,OKC,thunder,1630198,Isaiah,Joe,I. Joe,isaiah-joe,G,,,31:13,31.216666666666665,5,12,0.417,2,8,0.25,0,0,0.0,2,1,3,3,3,1,0,1,12,8.0,0022400215,Isaiah Joe,isaiah joe,,,2024-11-11,4,0.3844100373731981,0.06406833956219968,0.09610250934329953,0.09610250934329953,0.19220501868659906,4.0,1.0,3.0,5.0,2.0,2.0,3.0,4.0,1.0,0,0.0,0,0.00167,17.9,10712.14841412328,17.870107,0.12813667912439936,2.0,1.0,0.65448105
0022400215,1610612760,Oklahoma City,Thunder,OKC,thunder,1628983,Shai,Gilgeous-Alexander,S. Gilgeous-Alexander,shai-gilgeous-alexander,G,,,39:21,39.35,13,21,0.619,4,8,0.5,15,16,0.938,0,3,3,9,5,2,1,3,45,8.0,0022400215,Shai Gilgeous-Alexander,shai gilgeous-alexander,,,2024-11-11,7,1.1435832274459974,0.0,0.07623888182973317,0.22871664548919948,0.17789072426937738,1.0,7.0,3.0,1.0,1.0,1.0,3.0,1.0,8.0,0,0.0,0,0.00295,8.0,2710.945442222975,7.9764,0.17789072426937738,1.0,2.0,0.91213584
0022400215,1610612760,Oklahoma City,Thunder,OKC,thunder,1641794,Dillon,Jones,D. Jones,dillon-jones,,,,5:40,5.666666666666667,0,2,0.0,0,1,0.0,0,0,0.0,1,2,3,1,0,0,0,1,0,-5.0,0022400215,Dillon Jones,dillon jones,,,2024-11-11,0,0.0,0.1764705882352941,0.5294117647058824,0.1764705882352941,0.1764705882352941,10.0,4.0,3.0,6.0,8.0,5.0,9.0,10.0,0.0,0,0.0,0,0.0014299999999999998,-58.2,-40670.859538784076,-58.116774,0.0,9.0,3.0,0.005219331
0022400215,1610612760,Oklahoma City,Thunder,OKC,thunder,1641717,Cason,Wallace,C. Wallace,cason-wallace,,,,19:36,19.6,0,6,0.0,0,4,0.0,0,0,0.0,1,1,2,4,2,0,1,1,0,-8.0,0022400215,Cason Wallace,cason wallace,,,2024-11-11,2,0.0,0.0510204081632653,0.1020408163265306,0.2040816326530612,0.1530612244897959,10.0,4.0,6.0,3.0,3.0,5.0,10.0,6.0,5.0,0,0.0,0,0.0014299999999999998,-21.7,-15164.220824598186,-21.668968999999997,0.1020408163265306,3.0,5.0,0.0095187845
0022400215,1610612760,Oklahoma City,Thunder,OKC,thunder,1627936,Alex,Caruso,A. Caruso,alex-caruso,,,,19:34,19.566666666666666,4,7,0.571,2,5,0.4,2,2,1.0,1,1,2,0,1,1,1,5,12,-12.0,0022400215,Alex Caruso,alex caruso,,,2024-11-11,2,0.6132879045996593,0.05110732538330494,0.10221465076660988,0.0,0.15332197614991483,4.0,4.0,6.0,11.0,6.0,2.0,11.0,7.0,3.0,0,0.0,0,0.00184,-32.3,-17544.81260184682,-32.240567999999996,0.10221465076660988,3.0,4.0,0.6126108
0022400215,1610612760,Oklahoma City,Thunder,OKC,thunder,1642349,Ajay,Mitchell,A. Mitchell,ajay-mitchell,,,,10:31,10.516666666666667,1,3,0.333,0,1,0.0,0,0,0.0,0,1,1,1,0,0,2,1,2,2.0,0022400215,Ajay Mitchell,ajay mitchell,,,2024-11-11,0,0.19017432646592708,0.0,0.09508716323296354,0.09508716323296354,0.0,9.0,7.0,9.0,6.0,8.0,5.0,7.0,8.0,1.0,0,0.0,0,0.00172,0.4,232.42300987797796,0.399312,0.0,9.0,10.0,0.007881142
0022400215,1610612760,Oklahoma City,Thunder,OKC,thunder,1631172,Ousmane,Dieng,O. Dieng,ousmane-dieng,,,,8:39,8.65,1,2,0.5,1,2,0.5,0,0,0.0,0,1,1,1,1,0,0,0,3,-2.0,0022400215,Ousmane Dieng,ousmane dieng,,,2024-11-11,1,0.3468208092485549,0.0,0.11560693641618497,0.11560693641618497,0.11560693641618497,7.0,7.0,9.0,6.0,6.0,5.0,8.0,9.0,1.0,0,0.0,0,0.00095,-16.1,-16929.547844374345,-16.084705,0.11560693641618497,7.0,6.0,0.0131608965
0022400215,1610612760,Oklahoma City,Thunder,OKC,thunder,1629026,Kenrich,Williams,K. Williams,kenrich-williams,,,,5:39,5.65,1,2,0.5,1,2,0.5,0,0,0.0,0,0,0,1,0,0,0,1,3,11.0,0022400215,Kenrich Williams,kenrich williams,,,2024-11-11,0,0.5309734513274336,0.0,0.0,0.17699115044247787,0.0,7.0,7.0,11.0,6.0,8.0,5.0,2.0,11.0,0.0,0,1.0,0,0.0014299999999999998,84.6,59119.49685534592,84.47902199999999,0.0,9.0,10.0,0.012166623
0022400221,1610612760,Oklahoma City,Thunder,OKC,thunder,1629652,Luguentz,Dort,L. Dort,luguentz-dort,F,,,32:09,32.15,3,6,0.5,3,5,0.6,2,4,0.5,0,3,3,1,2,1,0,3,11,6.0,0022400221,Luguentz Dort,luguentz dort,,,2024-11-13,3,0.34214618973561434,0.0,0.09331259720062209,0.03110419906687403,0.09331259720062209,3.0,4.0,5.0,5.0,3.0,3.0,8.0,2.0,4.0,0,0.0,0,0.00114,12.1,10604.732690622262,12.086205999999999,0.09331259720062209,4.0,6.0,0.16610803
0022400221,1610612760,Oklahoma City,Thunder,OKC,thunder,1630198,Isaiah,Joe,I. Joe,isaiah-joe,F,,,21:44,21.733333333333334,0,5,0.0,0,5,0.0,0,0,0.0,0,3,3,0,1,0,0,1,0,-2.0,0022400221,Isaiah Joe,isaiah joe,,,2024-11-13,1,0.0,0.0,0.1380368098159509,0.0,0.046012269938650305,11.0,4.0,5.0,7.0,6.0,6.0,9.0,7.0,0.0,0,0.0,0,0.001,-2.3,-2297.7022977022975,-2.2977,0.046012269938650305,6.0,9.0,0.01363298
0022400221,1610612760,Oklahoma City,Thunder,OKC,thunder,1631114,Jalen,Williams,J. Williams,jalen-williams,C,,,31:15,31.25,10,18,0.556,4,7,0.571,7,7,1.0,1,5,6,7,4,2,2,1,31,13.0,0022400221,Jalen Williams,jalen williams,,,2024-11-13,6,0.992,0.032,0.192,0.224,0.224,1.0,2.0,1.0,1.0,2.0,1.0,3.0,3.0,7.0,0,0.0,0,0.00329,22.9,6958.37131570951,22.824658999999997,0.192,1.0,1.0,0.9074267
0022400221,1610612760,Oklahoma City,Thunder,OKC,thunder,1641717,Cason,Wallace,C. Wallace,cason-wallace,G,,,27:53,27.883333333333333,2,7,0.286,1,4,0.25,0,0,0.0,0,4,4,1,5,0,0,2,5,13.0,0022400221,Cason Wallace,cason wallace,,,2024-11-13,5,0.17931858936043038,0.0,0.1434548714883443,0.03586371787208607,0.17931858936043038,7.0,4.0,4.0,5.0,1.0,6.0,3.0,4.0,4.0,0,0.0,0,0.00115,24.2,21025.195482189403,24.17217,0.17931858936043038,2.0,2.0,0.049522065
0022400221,1610612760,Oklahoma City,Thunder,OKC,thunder,1628983,Shai,Gilgeous-Alexander,S. Gilgeous-Alexander,shai-gilgeous-alexander,G,,,32:37,32.61666666666667,12,25,0.48,3,7,0.429,2,3,0.667,0,5,5,5,2,2,2,0,29,18.0,0022400221,Shai Gilgeous-Alexander,shai gilgeous-alexander,,,2024-11-13,4,0.8891159938681655,0.0,0.1532958610117527,0.1532958610117527,0.12263668880940215,2.0,4.0,2.0,2.0,3.0,1.0,1.0,1.0,1.0,0,0.0,0,0.00373,28.7,7692.307692307692,28.592948999999997,0.12263668880940215,3.0,5.0,0.7588159
0022400221,1610612760,Oklahoma City,Thunder,OKC,thunder,1630598,Aaron,Wiggins,A. Wiggins,aaron-wiggins,,,,24:20,24.333333333333332,4,11,0.364,2,6,0.333,0,0,0.0,3,2,5,3,0,0,1,2,10,13.0,0022400221,Aaron Wiggins,aaron wiggins,,,2024-11-13,0,0.4109589041095891,0.12328767123287672,0.20547945205479454,0.12328767123287672,0.12328767123287672,4.0,1.0,2.0,3.0,7.0,6.0,3.0,6.0,3.0,0,0.0,0,0.00226,30.4,13445.378151260504,30.331296,0.0,9.0,4.0,0.3048947
0022400221,1610612760,Oklahoma City,Thunder,OKC,thunder,1642349,Ajay,Mitchell,A. Mitchell,ajay-mitchell,,,,25:51,25.85,2,4,0.5,0,0,0.0,2,2,1.0,0,2,2,3,2,0,0,2,6,18.0,0022400221,Ajay Mitchell,ajay mitchell,,,2024-11-13,2,0.23210831721470018,0.0,0.07736943907156672,0.11605415860735009,0.07736943907156672,6.0,4.0,7.0,3.0,3.0,6.0,1.0,5.0,2.0,0,0.0,0,0.0009299999999999999,39.4,42320.085929108485,39.363358,0.07736943907156672,5.0,7.0,0.28082263
0022400221,1610612760,Oklahoma City,Thunder,OKC,thunder,1629026,Kenrich,Williams,K. Williams,kenrich-williams,,,,14:01,14.016666666666667,3,3,1.0,1,1,1.0,0,0,0.0,0,1,1,0,0,1,0,1,7,12.0,0022400221,Kenrich Williams,kenrich williams,,,2024-11-13,1,0.4994054696789536,0.0,0.0713436385255648,0.0,0.0713436385255648,5.0,4.0,8.0,7.0,7.0,3.0,6.0,9.0,4.0,0,1.0,0,0.0010299999999999999,48.0,46556.74102812804,47.95056,0.0713436385255648,6.0,8.0,0.34269258
0022400221,1610612760,Oklahoma City,Thunder,OKC,thunder,1631172,Ousmane,Dieng,O. Dieng,ousmane-dieng,,,,15:33,15.55,1,4,0.25,0,1,0.0,0,0,0.0,1,0,1,0,0,1,0,4,2,9.0,0022400221,Ousmane Dieng,ousmane dieng,,,2024-11-13,1,0.12861736334405144,0.06430868167202572,0.06430868167202572,0.0,0.12861736334405144,9.0,2.0,8.0,7.0,7.0,3.0,7.0,8.0,1.0,0,0.0,0,0.00114,32.3,28308.501314636283,32.263177999999996,0.06430868167202572,6.0,3.0,0.018383604
0022400221,1610612760,Oklahoma City,Thunder,OKC,thunder,1641794,Dillon,Jones,D. Jones,dillon-jones,,,,8:03,8.05,1,4,0.25,0,2,0.0,0,0,0.0,0,1,1,0,0,0,0,1,2,-2.0,0022400221,Dillon Jones,dillon jones,,,2024-11-13,0,0.24844720496894407,0.0,0.12422360248447203,0.0,0.0,9.0,4.0,8.0,7.0,7.0,6.0,9.0,10.0,1.0,0,0.0,0,0.0028599999999999997,-8.1,-2831.1779098217407,-8.076834,0.0,9.0,10.0,0.007961735
0022400221,1610612760,Oklahoma City,Thunder,OKC,thunder,1641745,Adam,Flagler,A. Flagler,adam-flagler,,,,3:17,3.283333333333333,1,1,1.0,1,1,1.0,0,0,0.0,0,0,0,0,0,0,0,0,3,-4.0,0022400221,Adam Flagler,adam flagler,,,2024-11-13,0,0.9137055837563453,0.0,0.0,0.0,0.0,8.0,4.0,11.0,7.0,7.0,6.0,11.0,11.0,,1,,1,0.002,-50.0,-24987.50624687656,-49.9,0.0,9.0,10.0,0.008661316
0022400221,1610612760,Oklahoma City,Thunder,OKC,thunder,1642502,Malevy,Leons,M. Leons,malevy-leons,,,,3:17,3.283333333333333,0,0,0.0,0,0,0.0,0,0,0.0,0,0,0,0,0,0,0,0,0,-4.0,0022400221,Malevy Leons,malevy leons,,,2024-11-13,0,0.0,0.0,0.0,0.0,0.0,11.0,4.0,11.0,7.0,7.0,6.0,11.0,11.0,,1,,1,0.0,-50.0,-50000000.0,-50.0,0.0,9.0,10.0,0.0028496168
0022400018,1610612760,Oklahoma City,Thunder,OKC,thunder,1629652,Luguentz,Dort,L. Dort,luguentz-dort,F,,,31:36,31.6,5,11,0.455,2,7,0.286,3,3,1.0,3,6,9,2,0,1,1,1,15,23.0,0022400018,Luguentz Dort,luguentz dort,,,2024-11-15,1,0.47468354430379744,0.09493670886075949,0.28481012658227844,0.06329113924050632,0.12658227848101264,2.0,1.0,1.0,5.0,6.0,5.0,1.0,2.0,1.0,0,0.0,0,0.00178,39.1,21953.95845030882,39.030402,0.03164556962025316,5.0,4.0,0.7334887
0022400018,1610612760,Oklahoma City,Thunder,OKC,thunder,1630198,Isaiah,Joe,I. Joe,isaiah-joe,F,,,21:58,21.966666666666665,4,8,0.5,2,6,0.333,1,1,1.0,0,5,5,2,0,2,0,2,11,11.0,0022400018,Isaiah Joe,isaiah joe,,,2024-11-15,2,0.5007587253414264,0.0,0.22761760242792112,0.09104704097116845,0.09104704097116845,4.0,8.0,5.0,5.0,6.0,2.0,5.0,6.0,1.0,0,2.0,0,0.0016300000000000002,26.9,16492.94911097486,26.856153,0.09104704097116845,4.0,8.0,0.4617085
0022400018,1610612760,Oklahoma City,Thunder,OKC,thunder,1631114,Jalen,Williams,J. Williams,jalen-williams,C,,,30:19,30.316666666666666,6,16,0.375,0,4,0.0,2,2,1.0,0,8,8,3,2,2,1,3,14,12.0,0022400018,Jalen Williams,jalen williams,,,2024-11-15,4,0.46179219351291917,0.0,0.2638812534359538,0.09895547003848268,0.1319406267179769,3.0,8.0,2.0,2.0,1.0,2.0,4.0,3.0,3.0,0,0.0,0,0.00254,19.4,7634.789452971269,19.350724,0.1319406267179769,1.0,3.0,0.3507467
0022400018,1610612760,Oklahoma City,Thunder,OKC,thunder,1641717,Cason,Wallace,C. Wallace,cason-wallace,G,,,26:57,26.95,2,3,0.667,1,1,1.0,0,0,0.0,0,4,4,3,1,2,0,3,5,10.0,0022400018,Cason Wallace,cason wallace,,,2024-11-15,3,0.1855287569573284,0.0,0.14842300556586271,0.11131725417439703,0.11131725417439703,8.0,8.0,7.0,2.0,2.0,2.0,6.0,4.0,2.0,0,0.0,0,0.00048,19.9,41372.14137214136,19.890448,0.11131725417439703,3.0,6.0,0.10895491
0022400018,1610612760,Oklahoma City,Thunder,OKC,thunder,1628983,Shai,Gilgeous-Alexander,S. Gilgeous-Alexander,shai-gilgeous-alexander,G,,,32:56,32.93333333333333,11,25,0.44,2,7,0.286,4,4,1.0,3,3,6,4,0,1,2,2,28,21.0,0022400018,Shai Gilgeous-Alexander,shai gilgeous-alexander,,,2024-11-15,1,0.8502024291497977,0.0910931174089069,0.1821862348178138,0.12145748987854252,0.12145748987854252,1.0,1.0,3.0,1.0,6.0,5.0,2.0,1.0,0.0,0,0.0,0,0.00382,33.1,8662.653755561372,32.973558,0.03036437246963563,5.0,5.0,0.73807466
0022400018,1610612760,Oklahoma City,Thunder,OKC,thunder,1629026,Kenrich,Williams,K. Williams,kenrich-williams,,,,15:09,15.15,1,4,0.25,0,3,0.0,0,0,0.0,1,5,6,1,1,3,1,3,2,2.0,0022400018,Kenrich Williams,kenrich williams,,,2024-11-15,4,0.132013201320132,0.066006600660066,0.396039603960396,0.066006600660066,0.33003300330033003,9.0,5.0,3.0,8.0,2.0,1.0,8.0,9.0,3.0,0,0.0,0,0.00135,9.4,6957.809030347891,9.387310000000001,0.264026402640264,1.0,2.0,0.055625673
0022400018,1610612760,Oklahoma City,Thunder,OKC,thunder,1631172,Ousmane,Dieng,O. Dieng,ousmane-dieng,,,,21:43,21.716666666666665,2,8,0.25,1,6,0.167,2,2,1.0,1,4,5,1,1,0,2,4,7,4.0,0022400018,Ousmane Dieng,ousmane dieng,,,2024-11-15,1,0.32233307751343054,0.046047582501918656,0.23023791250959327,0.046047582501918656,0.09209516500383731,6.0,5.0,5.0,8.0,2.0,7.0,7.0,7.0,2.0,0,0.0,0,0.00208,7.2,3459.8750600672756,7.185024,0.046047582501918656,5.0,7.0,0.0398587
0022400018,1610612760,Oklahoma City,Thunder,OKC,thunder,1630598,Aaron,Wiggins,A. Wiggins,aaron-wiggins,,,,19:54,19.9,2,5,0.4,1,1,1.0,3,4,0.75,1,0,1,2,0,0,0,3,8,13.0,0022400018,Aaron Wiggins,aaron wiggins,,,2024-11-15,0,0.4020100502512563,0.05025125628140704,0.05025125628140704,0.10050251256281408,0.05025125628140704,5.0,5.0,10.0,5.0,6.0,7.0,3.0,8.0,0.0,0,0.0,0,0.00146,35.4,24229.979466119097,35.348316,0.0,9.0,10.0,0.060574174
0022400018,1610612760,Oklahoma City,Thunder,OKC,thunder,1642349,Ajay,Mitchell,A. Mitchell,ajay-mitchell,,,,22:38,22.633333333333333,3,7,0.429,1,2,0.5,0,0,0.0,2,2,4,3,0,0,1,2,7,-2.0,0022400018,Ajay Mitchell,ajay mitchell,,,2024-11-15,0,0.30927835051546393,0.08836524300441827,0.17673048600883653,0.1325478645066274,0.08836524300441827,6.0,3.0,7.0,2.0,6.0,7.0,9.0,5.0,2.0,0,0.0,0,0.00145,-8.7,-5995.864920744315,-8.687384999999999,0.0,9.0,9.0,0.045977242
0022400018,1610612760,Oklahoma City,Thunder,OKC,thunder,1641794,Dillon,Jones,D. Jones,dillon-jones,,,,8:17,8.283333333333333,0,2,0.0,0,1,0.0,2,2,1.0,2,1,3,0,1,0,2,2,2,-6.0,0022400018,Dillon Jones,dillon jones,,,2024-11-15,1,0.2414486921529175,0.2414486921529175,0.36217303822937624,0.0,0.36217303822937624,9.0,3.0,9.0,10.0,2.0,7.0,12.0,10.0,,1,,1,0.00263,-44.7,-16989.737742303307,-44.582439,0.12072434607645875,5.0,1.0,0.010625679
0022400018,1610612760,Oklahoma City,Thunder,OKC,thunder,1641745,Adam,Flagler,A. Flagler,adam-flagler,,,,4:20,4.333333333333333,0,2,0.0,0,2,0.0,0,0,0.0,0,1,1,0,0,0,0,1,0,-5.0,0022400018,Adam Flagler,adam flagler,,,2024-11-15,0,0.0,0.0,0.23076923076923078,0.0,0.0,11.0,8.0,10.0,10.0,6.0,7.0,11.0,11.0,,1,,1,0.00222,-62.5,-28140.47726249437,-62.36125,0.0,9.0,11.0,0.003256366
0022400018,1610612760,Oklahoma City,Thunder,OKC,thunder,1642502,Malevy,Leons,M. Leons,malevy-leons,,,,4:13,4.216666666666667,0,0,0.0,0,0,0.0,0,0,0.0,0,1,1,0,0,0,0,0,0,-3.0,0022400018,Malevy Leons,malevy leons,,,2024-11-15,0,0.0,0.0,0.23715415019762845,0.0,0.0,11.0,8.0,10.0,10.0,6.0,7.0,10.0,12.0,0.0,0,0.0,0,0.0,-46.4,-46400000.0,-46.4,0.0,9.0,11.0,0.004245764
0022400242,1610612760,Oklahoma City,Thunder,OKC,thunder,1629652,Luguentz,Dort,L. Dort,luguentz-dort,F,,,35:37,35.61666666666667,5,10,0.5,4,9,0.444,4,6,0.667,2,3,5,3,0,0,1,2,18,13.0,0022400242,Luguentz Dort,luguentz dort,,,2024-11-17,0,0.5053813757604118,0.05615348619560131,0.14038371548900327,0.08423022929340196,0.05615348619560131,3.0,1.0,1.0,4.0,8.0,5.0,1.0,2.0,2.0,0,0.0,0,0.0017100000000000001,14.7,8591.466978375218,14.674863,0.0,8.0,9.0,0.6419587
0022400242,1610612760,Oklahoma City,Thunder,OKC,thunder,1630598,Aaron,Wiggins,A. Wiggins,aaron-wiggins,F,,,24:40,24.666666666666668,2,9,0.222,2,7,0.286,1,2,0.5,1,4,5,0,2,1,1,2,7,-9.0,0022400242,Aaron Wiggins,aaron wiggins,,,2024-11-17,3,0.28378378378378377,0.040540540540540536,0.2027027027027027,0.0,0.16216216216216214,5.0,3.0,1.0,10.0,1.0,2.0,9.0,6.0,5.0,0,0.0,0,0.00193,-12.3,-6369.756602796479,-12.276261000000002,0.12162162162162161,2.0,2.0,0.11982099
0022400242,1610612760,Oklahoma City,Thunder,OKC,thunder,1631114,Jalen,Williams,J. Williams,jalen-williams,C,,,35:09,35.15,11,17,0.647,3,6,0.5,2,2,1.0,2,3,5,5,1,1,1,5,27,-2.0,0022400242,Jalen Williams,jalen williams,,,2024-11-17,2,0.7681365576102418,0.05689900426742532,0.1422475106685633,0.1422475106685633,0.11379800853485064,2.0,1.0,1.0,2.0,5.0,2.0,5.0,3.0,2.0,0,0.0,0,0.0023499999999999997,-4.2,-1786.4738409187582,-4.19013,0.05689900426742532,3.0,3.0,0.8444587
0022400242,1610612760,Oklahoma City,Thunder,OKC,thunder,1630198,Isaiah,Joe,I. Joe,isaiah-joe,G,,,25:50,25.833333333333332,2,6,0.333,2,6,0.333,0,0,0.0,0,2,2,4,1,1,1,4,6,2.0,0022400242,Isaiah Joe,isaiah joe,,,2024-11-17,2,0.23225806451612904,0.0,0.07741935483870968,0.15483870967741936,0.07741935483870968,6.0,6.0,5.0,3.0,5.0,2.0,3.0,4.0,0.0,0,0.0,0,0.00115,-3.4,-2953.953084274544,-3.39609,0.07741935483870968,3.0,7.0,0.074655876
0022400242,1610612760,Oklahoma City,Thunder,OKC,thunder,1628983,Shai,Gilgeous-Alexander,S. Gilgeous-Alexander,shai-gilgeous-alexander,G,,,38:28,38.46666666666667,13,19,0.684,1,1,1.0,9,11,0.818,0,2,2,8,2,2,1,1,36,8.0,0022400242,Shai Gilgeous-Alexander,shai gilgeous-alexander,,,2024-11-17,4,0.9358752166377816,0.0,0.05199306759098787,0.20797227036395147,0.10398613518197573,1.0,6.0,5.0,1.0,1.0,1.0,2.0,1.0,4.0,0,0.0,0,0.00264,6.9,2612.6467247254827,6.881784000000001,0.10398613518197573,1.0,5.0,0.8775493
0022400242,1610612760,Oklahoma City,Thunder,OKC,thunder,1641717,Cason,Wallace,C. Wallace,cason-wallace,,,,24:54,24.9,2,8,0.25,0,5,0.0,0,0,0.0,0,2,2,1,2,0,0,2,4,-10.0,0022400242,Cason Wallace,cason wallace,,,2024-11-17,2,0.1606425702811245,0.0,0.08032128514056225,0.040160642570281124,0.08032128514056225,8.0,6.0,5.0,8.0,1.0,5.0,10.0,5.0,5.0,0,0.0,0,0.00148,-20.4,-13774.476704929102,-20.369808,0.08032128514056225,3.0,6.0,0.01985137
0022400242,1610612760,Oklahoma City,Thunder,OKC,thunder,1642349,Ajay,Mitchell,A. Mitchell,ajay-mitchell,,,,19:01,19.016666666666666,1,5,0.2,0,2,0.0,1,2,0.5,0,1,1,2,1,0,0,3,3,-3.0,0022400242,Ajay Mitchell,ajay mitchell,,,2024-11-17,1,0.1577563540753725,0.0,0.0525854513584575,0.105170902716915,0.0525854513584575,9.0,6.0,9.0,6.0,5.0,5.0,6.0,7.0,1.0,0,0.0,0,0.0013,-12.3,-9454.265949269795,-12.28401,0.0525854513584575,7.0,10.0,0.009019397
0022400242,1610612760,Oklahoma City,Thunder,OKC,thunder,1629026,Kenrich,Williams,K. Williams,kenrich-williams,,,,18:14,18.233333333333334,2,6,0.333,0,2,0.0,2,2,1.0,0,4,4,2,2,0,1,4,6,0.0,0022400242,Kenrich Williams,kenrich williams,,,2024-11-17,2,0.3290676416819013,0.0,0.21937842778793418,0.10968921389396709,0.10968921389396709,6.0,6.0,4.0,6.0,1.0,5.0,4.0,8.0,2.0,0,0.0,0,0.002,3.3,1649.1754122938528,3.2933999999999997,0.10968921389396709,3.0,4.0,0.0906464
0022400242,1610612760,Oklahoma City,Thunder,OKC,thunder,1631172,Ousmane,Dieng,O. Dieng,ousmane-dieng,,,,2:11,2.183333333333333,0,1,0.0,0,1,0.0,0,0,0.0,1,0,1,1,0,0,0,1,0,-5.0,0022400242,Ousmane Dieng,ousmane dieng,,,2024-11-17,0,0.0,0.45801526717557256,0.45801526717557256,0.45801526717557256,0.45801526717557256,10.0,3.0,9.0,8.0,8.0,5.0,8.0,10.0,0.0,0,0.0,0,0.00167,-100.0,-59844.404548174745,-99.833,0.0,8.0,1.0,0.0041824547
0022400242,1610612760,Oklahoma City,Thunder,OKC,thunder,1641794,Dillon,Jones,D. Jones,dillon-jones,,,,15:57,15.95,5,6,0.833,2,3,0.667,0,0,0.0,1,1,2,3,0,0,0,1,12,-4.0,0022400242,Dillon Jones,dillon jones,,,2024-11-17,0,0.7523510971786834,0.06269592476489029,0.12539184952978058,0.18808777429467086,0.06269592476489029,4.0,3.0,5.0,4.0,8.0,5.0,7.0,9.0,1.0,0,0.0,0,0.00167,-16.4,-9814.482345900658,-16.372612,0.0,8.0,8.0,0.77645177
0022400025,1610612760,Oklahoma City,Thunder,OKC,thunder,1629652,Luguentz,Dort,L. Dort,luguentz-dort,F,,,32:27,32.45,2,12,0.167,2,8,0.25,0,0,0.0,6,6,12,2,2,1,2,2,6,3.0,0022400025,Luguentz Dort,luguentz dort,,,2024-11-19,3,0.18489984591679506,0.18489984591679506,0.3697996918335901,0.06163328197226502,0.2773497688751926,5.0,1.0,1.0,4.0,4.0,2.0,3.0,4.0,3.0,0,0.0,0,0.00159,2.9,1822.7529855436833,2.8953889999999998,0.09244992295839753,3.0,1.0,0.60071516
0022400025,1610612760,Oklahoma City,Thunder,OKC,thunder,1630598,Aaron,Wiggins,A. Wiggins,aaron-wiggins,F,,,20:12,20.2,4,10,0.4,3,7,0.429,0,0,0.0,0,3,3,0,1,0,2,2,11,-12.0,0022400025,Aaron Wiggins,aaron wiggins,,,2024-11-19,1,0.5445544554455446,0.0,0.1485148514851485,0.0,0.04950495049504951,4.0,6.0,5.0,7.0,5.0,4.0,9.0,6.0,2.0,0,0.0,0,0.00245,-27.3,-11138.310893512851,-27.233115,0.04950495049504951,5.0,9.0,0.5393733
0022400025,1610612760,Oklahoma City,Thunder,OKC,thunder,1631114,Jalen,Williams,J. Williams,jalen-williams,C,,,33:51,33.85,13,26,0.5,0,6,0.0,1,1,1.0,3,7,10,5,5,0,1,3,27,-17.0,0022400025,Jalen Williams,jalen williams,,,2024-11-19,5,0.7976366322008862,0.08862629246676514,0.29542097488921715,0.14771048744460857,0.2363367799113737,2.0,2.0,2.0,3.0,1.0,4.0,11.0,2.0,7.0,0,0.0,0,0.00321,-27.1,-8439.738399252568,-27.013009,0.14771048744460857,1.0,2.0,0.8457239
0022400025,1610612760,Oklahoma City,Thunder,OKC,thunder,1641717,Cason,Wallace,C. Wallace,cason-wallace,G,,,33:42,33.7,5,8,0.625,3,5,0.6,0,0,0.0,1,2,3,7,0,1,0,2,13,-2.0,0022400025,Cason Wallace,cason wallace,,,2024-11-19,1,0.38575667655786344,0.029673590504451036,0.08902077151335311,0.20771513353115725,0.05934718100890207,3.0,4.0,5.0,2.0,8.0,2.0,7.0,3.0,2.0,0,0.0,0,0.0009299999999999999,-2.8,-3007.518796992481,-2.797396,0.029673590504451036,5.0,8.0,0.5808512
0022400025,1610612760,Oklahoma City,Thunder,OKC,thunder,1628983,Shai,Gilgeous-Alexander,S. Gilgeous-Alexander,shai-gilgeous-alexander,G,,,37:16,37.266666666666666,11,20,0.55,5,8,0.625,5,6,0.833,0,3,3,8,3,0,4,3,32,2.0,0022400025,Shai Gilgeous-Alexander,shai gilgeous-alexander,,,2024-11-19,3,0.8586762075134169,0.0,0.08050089445438283,0.21466905187835422,0.08050089445438283,1.0,6.0,5.0,1.0,2.0,4.0,4.0,1.0,3.0,0,0.0,0,0.0027,0.0,0.0,0.0,0.08050089445438283,3.0,6.0,0.87325156
0022400025,1610612760,Oklahoma City,Thunder,OKC,thunder,1629026,Kenrich,Williams,K. Williams,kenrich-williams,,,,14:22,14.366666666666667,2,5,0.4,0,3,0.0,0,0,0.0,0,2,2,0,0,0,0,1,4,-16.0,0022400025,Kenrich Williams,kenrich williams,,,2024-11-19,0,0.27842227378190254,0.0,0.13921113689095127,0.0,0.0,6.0,6.0,8.0,7.0,8.0,4.0,10.0,8.0,1.0,0,0.0,0,0.00167,-60.8,-36385.39796529024,-60.698464,0.0,9.0,10.0,0.01630299
0022400025,1610612760,Oklahoma City,Thunder,OKC,thunder,1642349,Ajay,Mitchell,A. Mitchell,ajay-mitchell,,,,13:26,13.433333333333334,1,1,1.0,1,1,1.0,0,0,0.0,0,0,0,1,1,0,2,2,3,4.0,0022400025,Ajay Mitchell,ajay mitchell,,,2024-11-19,1,0.22332506203473945,0.0,0.0,0.07444168734491315,0.07444168734491315,7.0,6.0,11.0,5.0,5.0,4.0,2.0,9.0,2.0,0,0.0,0,0.00094,13.8,14665.249734325187,13.787028,0.07444168734491315,5.0,7.0,0.020200286
0022400025,1610612760,Oklahoma City,Thunder,OKC,thunder,1627936,Alex,Caruso,A. Caruso,alex-caruso,,,,25:45,25.75,1,7,0.143,0,5,0.0,0,0,0.0,0,5,5,1,3,2,1,0,2,-2.0,0022400025,Alex Caruso,alex caruso,,,2024-11-19,5,0.07766990291262135,0.0,0.1941747572815534,0.038834951456310676,0.1941747572815534,10.0,6.0,4.0,5.0,2.0,1.0,7.0,5.0,6.0,0,1.0,0,0.00125,-3.8,-3037.5699440447643,-3.79525,0.1941747572815534,1.0,3.0,0.020835208
0022400025,1610612760,Oklahoma City,Thunder,OKC,thunder,1631172,Ousmane,Dieng,O. Dieng,ousmane-dieng,,,,3:03,3.05,0,0,0.0,0,0,0.0,0,0,0.0,0,1,1,0,0,0,0,0,0,2.0,0022400025,Ousmane Dieng,ousmane dieng,,,2024-11-19,0,0.0,0.0,0.3278688524590164,0.0,0.0,11.0,6.0,10.0,7.0,8.0,4.0,4.0,11.0,0.0,0,0.0,0,0.0,28.6,28600000.000000004,28.6,0.0,9.0,10.0,0.005635096
0022400025,1610612760,Oklahoma City,Thunder,OKC,thunder,1641745,Adam,Flagler,A. Flagler,adam-flagler,,,,10:31,10.516666666666667,1,8,0.125,1,7,0.143,0,0,0.0,1,1,2,0,1,0,0,1,3,6.0,0022400025,Adam Flagler,adam flagler,,,2024-11-19,1,0.28526148969889065,0.09508716323296354,0.19017432646592708,0.0,0.19017432646592708,7.0,4.0,8.0,7.0,5.0,4.0,1.0,10.0,0.0,0,0.0,0,0.0028599999999999997,30.2,10555.749737853897,30.113628,0.09508716323296354,5.0,4.0,0.058991127
0022400025,1610612760,Oklahoma City,Thunder,OKC,thunder,1641794,Dillon,Jones,D. Jones,dillon-jones,,,,15:25,15.416666666666666,1,3,0.333,1,3,0.333,0,0,0.0,2,4,6,0,0,0,1,2,3,2.0,0022400025,Dillon Jones,dillon jones,,,2024-11-19,0,0.1945945945945946,0.12972972972972974,0.3891891891891892,0.0,0.12972972972972974,7.0,3.0,3.0,7.0,8.0,4.0,4.0,7.0,4.0,0,0.0,0,0.0010299999999999999,6.3,6110.572259941805,6.293511,0.0,9.0,5.0,0.036856547
0022400256,1610612760,Oklahoma City,Thunder,OKC,thunder,1629652,Luguentz,Dort,L. Dort,luguentz-dort,F,,,29:49,29.816666666666666,0,7,0.0,0,6,0.0,2,2,1.0,1,4,5,2,0,1,0,4,2,-3.0,0022400256,Luguentz Dort,luguentz dort,,,2024-11-20,1,0.06707657909446618,0.03353828954723309,0.16769144773616546,0.06707657909446618,0.06707657909446618,8.0,6.0,3.0,4.0,7.0,3.0,10.0,3.0,2.0,0,0.0,0,0.00116,-3.0,-2583.9793281653747,-2.99652,0.03353828954723309,8.0,10.0,0.011185006
0022400256,1610612760,Oklahoma City,Thunder,OKC,thunder,1630598,Aaron,Wiggins,A. Wiggins,aaron-wiggins,F,,,14:59,14.983333333333333,2,6,0.333,1,4,0.25,0,0,0.0,2,0,2,0,0,0,1,1,5,-12.0,0022400256,Aaron Wiggins,aaron wiggins,,,2024-11-20,0,0.33370411568409347,0.13348164627363737,0.13348164627363737,0.0,0.13348164627363737,6.0,2.0,7.0,9.0,7.0,5.0,12.0,8.0,2.0,0,0.0,0,0.00194,-44.6,-22977.846470891294,-44.513476,0.0,9.0,6.0,0.026739674
0022400256,1610612760,Oklahoma City,Thunder,OKC,thunder,1631114,Jalen,Williams,J. Williams,jalen-williams,C,,,35:53,35.88333333333333,11,19,0.579,5,9,0.556,3,3,1.0,0,7,7,8,2,2,3,3,30,14.0,0022400256,Jalen Williams,jalen williams,,,2024-11-20,4,0.8360427310729215,0.0,0.19507663725034835,0.2229447282861124,0.1114723641430562,1.0,8.0,2.0,1.0,3.0,2.0,2.0,2.0,2.0,0,0.0,0,0.00267,18.4,6888.805690752526,18.350872,0.1114723641430562,1.0,8.0,0.8643829
0022400256,1610612760,Oklahoma City,Thunder,OKC,thunder,1641717,Cason,Wallace,C. Wallace,cason-wallace,G,,,26:18,26.3,0,3,0.0,0,3,0.0,0,0,0.0,2,2,4,2,3,0,0,5,0,-3.0,0022400256,Cason Wallace,cason wallace,,,2024-11-20,3,0.0,0.07604562737642585,0.1520912547528517,0.07604562737642585,0.19011406844106463,9.0,2.0,5.0,4.0,1.0,5.0,10.0,5.0,1.0,0,0.0,0,0.0005,-3.2,-6387.225548902195,-3.1984000000000004,0.11406844106463879,4.0,2.0,0.049950443
0022400256,1610612760,Oklahoma City,Thunder,OKC,thunder,1628983,Shai,Gilgeous-Alexander,S. Gilgeous-Alexander,shai-gilgeous-alexander,G,,,38:42,38.7,7,19,0.368,0,2,0.0,14,14,1.0,2,3,5,4,3,1,2,2,28,7.0,0022400256,Shai Gilgeous-Alexander,shai gilgeous-alexander,,,2024-11-20,4,0.7235142118863048,0.05167958656330749,0.12919896640826872,0.10335917312661498,0.15503875968992248,2.0,2.0,3.0,2.0,1.0,3.0,5.0,1.0,4.0,0,0.0,0,0.0028699999999999997,7.6,2647.161267850923,7.578187999999999,0.10335917312661498,1.0,5.0,0.756368
0022400256,1610612760,Oklahoma City,Thunder,OKC,thunder,1641794,Dillon,Jones,D. Jones,dillon-jones,,,,10:52,10.866666666666667,0,3,0.0,0,1,0.0,0,0,0.0,1,1,2,2,0,0,0,0,0,0.0,0022400256,Dillon Jones,dillon jones,,,2024-11-20,0,0.0,0.09202453987730061,0.18404907975460122,0.18404907975460122,0.09202453987730061,9.0,6.0,7.0,4.0,7.0,5.0,8.0,10.0,0.0,0,0.0,0,0.00107,0.0,0.0,0.0,0.0,9.0,9.0,0.006522159
0022400256,1610612760,Oklahoma City,Thunder,OKC,thunder,1628392,Isaiah,Hartenstein,I. Hartenstein,isaiah-hartenstein,,,,28:34,28.566666666666666,6,12,0.5,0,0,0.0,1,2,0.5,5,9,14,3,0,4,3,1,13,16.0,0022400256,Isaiah Hartenstein,isaiah hartenstein,,,2024-11-20,4,0.45507584597432904,0.1750291715285881,0.49008168028004667,0.10501750291715287,0.31505250875145857,4.0,1.0,1.0,3.0,7.0,1.0,1.0,4.0,5.0,0,0.0,0,0.00216,25.4,11753.817677001387,25.345135999999997,0.14002333722287047,1.0,1.0,0.8469586
0022400256,1610612760,Oklahoma City,Thunder,OKC,thunder,1627936,Alex,Caruso,A. Caruso,alex-caruso,,,,15:20,15.333333333333334,8,11,0.727,1,2,0.5,0,0,0.0,0,1,1,2,2,0,1,2,17,10.0,0022400256,Alex Caruso,alex caruso,,,2024-11-20,2,1.108695652173913,0.0,0.06521739130434782,0.13043478260869565,0.13043478260869565,3.0,8.0,9.0,4.0,3.0,5.0,4.0,7.0,2.0,0,1.0,0,0.00293,33.5,11429.546229955646,33.401845,0.13043478260869565,5.0,7.0,0.69322574
0022400256,1610612760,Oklahoma City,Thunder,OKC,thunder,1642349,Ajay,Mitchell,A. Mitchell,ajay-mitchell,,,,22:19,22.316666666666666,4,8,0.5,2,3,0.667,0,0,0.0,2,2,4,1,2,0,2,1,10,12.0,0022400256,Ajay Mitchell,ajay mitchell,,,2024-11-20,2,0.4480955937266617,0.08961911874533234,0.17923823749066467,0.04480955937266617,0.17923823749066467,5.0,2.0,5.0,8.0,3.0,5.0,3.0,6.0,2.0,0,1.0,0,0.0017499999999999998,23.9,13649.343232438609,23.858175,0.08961911874533234,5.0,4.0,0.34771556
0022400256,1610612760,Oklahoma City,Thunder,OKC,thunder,1641745,Adam,Flagler,A. Flagler,adam-flagler,,,,1:19,1.3166666666666667,0,0,0.0,0,0,0.0,0,0,0.0,0,0,0,0,0,0,0,0,0,0.0,0022400256,Adam Flagler,adam flagler,,,2024-11-20,0,0.0,0.0,0.0,0.0,0.0,9.0,8.0,12.0,9.0,7.0,5.0,8.0,12.0,,1,,1,0.0,0.0,0.0,0.0,0.0,9.0,11.0,0.0041112723
0022400256,1610612760,Oklahoma City,Thunder,OKC,thunder,1631172,Ousmane,Dieng,O. Dieng,ousmane-dieng,,,,10:54,10.9,0,1,0.0,0,1,0.0,0,2,0.0,0,1,1,0,2,0,1,0,0,6.0,0022400256,Ousmane Dieng,ousmane dieng,,,2024-11-20,2,0.0,0.0,0.09174311926605504,0.0,0.18348623853211007,9.0,8.0,9.0,9.0,3.0,5.0,6.0,9.0,2.0,0,0.0,0,0.00115,25.0,21720.24326672459,24.97125,0.18348623853211007,5.0,3.0,0.008743682
0022400256,1610612760,Oklahoma City,Thunder,OKC,thunder,1629026,Kenrich,Williams,K. Williams,kenrich-williams,,,,5:01,5.016666666666667,2,2,1.0,0,0,0.0,0,0,0.0,0,1,1,0,0,0,0,1,4,3.0,0022400256,Kenrich Williams,kenrich williams,,,2024-11-20,0,0.7973421926910299,0.0,0.19933554817275748,0.0,0.0,7.0,8.0,9.0,9.0,7.0,5.0,7.0,11.0,0.0,0,0.0,0,0.00167,21.8,13046.080191502095,21.763594,0.0,9.0,11.0,0.027855951
0022400285,1610612760,Oklahoma City,Thunder,OKC,thunder,1629652,Luguentz,Dort,L. Dort,luguentz-dort,F,,,39:27,39.45,0,2,0.0,0,0,0.0,0,0,0.0,2,8,10,2,2,1,0,2,0,20.0,0022400285,Luguentz Dort,luguentz dort,,,2024-11-25,3,0.0,0.050697084917617236,0.25348542458808615,0.050697084917617236,0.12674271229404308,10.0,2.0,1.0,5.0,1.0,1.0,1.0,1.0,3.0,0,1.0,0,0.00021999999999999998,24.4,110407.23981900454,24.394631999999998,0.07604562737642585,1.0,3.0,0.29988444
0022400285,1610612760,Oklahoma City,Thunder,OKC,thunder,1631114,Jalen,Williams,J. Williams,jalen-williams,F,,,32:06,32.1,10,16,0.625,3,7,0.429,5,5,1.0,0,4,4,5,2,1,5,3,28,16.0,0022400285,Jalen Williams,jalen williams,,,2024-11-25,3,0.8722741433021807,0.0,0.12461059190031153,0.1557632398753894,0.09345794392523364,2.0,8.0,4.0,2.0,1.0,1.0,3.0,3.0,3.0,0,0.0,0,0.0030299999999999997,25.0,8248.102936324645,24.92425,0.09345794392523364,1.0,5.0,0.66374624
0022400285,1610612760,Oklahoma City,Thunder,OKC,thunder,1628392,Isaiah,Hartenstein,I. Hartenstein,isaiah-hartenstein,C,,,31:30,31.5,9,15,0.6,0,0,0.0,1,1,1.0,3,7,10,4,0,0,1,5,19,18.0,0022400285,Isaiah Hartenstein,isaiah hartenstein,,,2024-11-25,0,0.6031746031746031,0.09523809523809523,0.31746031746031744,0.12698412698412698,0.09523809523809523,3.0,1.0,1.0,3.0,5.0,4.0,2.0,4.0,1.0,0,0.0,0,0.00213,25.2,11825.434068512435,25.146324,0.0,5.0,4.0,0.85397
0022400285,1610612760,Oklahoma City,Thunder,OKC,thunder,1630598,Aaron,Wiggins,A. Wiggins,aaron-wiggins,G,,,21:30,21.5,3,6,0.5,1,2,0.5,1,2,0.5,1,3,4,0,1,0,2,2,8,4.0,0022400285,Aaron Wiggins,aaron wiggins,,,2024-11-25,1,0.37209302325581395,0.046511627906976744,0.18604651162790697,0.0,0.09302325581395349,7.0,4.0,4.0,8.0,3.0,4.0,8.0,5.0,1.0,0,0.0,0,0.0017299999999999998,8.7,5025.9965337954945,8.684949,0.046511627906976744,4.0,6.0,0.079386815
0022400285,1610612760,Oklahoma City,Thunder,OKC,thunder,1628983,Shai,Gilgeous-Alexander,S. Gilgeous-Alexander,shai-gilgeous-alexander,G,,,34:38,34.63333333333333,13,20,0.65,4,7,0.571,7,11,0.636,0,4,4,11,0,0,6,2,37,15.0,0022400285,Shai Gilgeous-Alexander,shai gilgeous-alexander,,,2024-11-25,0,1.068334937439846,0.0,0.11549566891241579,0.3176130895091434,0.0,1.0,8.0,4.0,1.0,5.0,4.0,5.0,2.0,3.0,0,0.0,0,0.00366,22.8,6227.806610215788,22.716552,0.0,5.0,9.0,0.89685714
0022400285,1610612760,Oklahoma City,Thunder,OKC,thunder,1641717,Cason,Wallace,C. Wallace,cason-wallace,,,,14:33,14.55,2,4,0.5,0,1,0.0,0,0,0.0,1,0,1,0,1,1,0,0,4,7.0,0022400285,Cason Wallace,cason wallace,,,2024-11-25,2,0.274914089347079,0.06872852233676975,0.06872852233676975,0.0,0.20618556701030927,8.0,4.0,8.0,8.0,3.0,1.0,7.0,9.0,3.0,0,0.0,0,0.0012900000000000001,35.1,27188.226181254842,35.054721,0.1374570446735395,3.0,2.0,0.036041483
0022400285,1610612760,Oklahoma City,Thunder,OKC,thunder,1630198,Isaiah,Joe,I. Joe,isaiah-joe,,,,21:15,21.25,3,10,0.3,3,8,0.375,0,0,0.0,1,0,1,1,0,0,1,1,9,16.0,0022400285,Isaiah Joe,isaiah joe,,,2024-11-25,0,0.4235294117647059,0.047058823529411764,0.047058823529411764,0.047058823529411764,0.047058823529411764,6.0,4.0,8.0,6.0,5.0,4.0,3.0,6.0,0.0,0,1.0,0,0.0022,41.4,18809.63198546115,41.30892,0.0,5.0,8.0,0.06132326
0022400285,1610612760,Oklahoma City,Thunder,OKC,thunder,1629026,Kenrich,Williams,K. Williams,kenrich-williams,,,,14:58,14.966666666666667,2,2,1.0,2,2,1.0,4,4,1.0,1,4,5,4,0,0,0,1,10,8.0,0022400285,Kenrich Williams,kenrich williams,,,2024-11-25,0,0.6681514476614699,0.06681514476614699,0.33407572383073497,0.26726057906458794,0.06681514476614699,5.0,4.0,3.0,3.0,5.0,4.0,6.0,8.0,0.0,0,1.0,0,0.0012900000000000001,26.7,20681.642137877614,26.665557,0.0,5.0,7.0,0.17590564
0022400285,1610612760,Oklahoma City,Thunder,OKC,thunder,1641794,Dillon,Jones,D. Jones,dillon-jones,,,,6:28,6.466666666666667,0,1,0.0,0,1,0.0,0,0,0.0,0,0,0,0,0,0,0,1,0,-1.0,0022400285,Dillon Jones,dillon jones,,,2024-11-25,0,0.0,0.0,0.0,0.0,0.0,10.0,8.0,11.0,8.0,5.0,4.0,12.0,10.0,0.0,0,0.0,0,0.00063,-9.1,-14421.553090332804,-9.094267,0.0,5.0,9.0,0.0037239885
0022400285,1610612760,Oklahoma City,Thunder,OKC,thunder,1642349,Ajay,Mitchell,A. Mitchell,ajay-mitchell,,,,17:47,17.783333333333335,5,7,0.714,1,1,1.0,2,2,1.0,0,0,0,1,0,0,0,1,13,0.0,0022400285,Ajay Mitchell,ajay mitchell,,,2024-11-25,0,0.7310215557638238,0.0,0.0,0.05623242736644798,0.0,4.0,8.0,11.0,6.0,5.0,4.0,10.0,7.0,2.0,0,0.0,0,0.0020499999999999997,4.0,1950.2681618722575,3.9918,0.0,5.0,9.0,0.6496025
0022400285,1610612760,Oklahoma City,Thunder,OKC,thunder,1641745,Adam,Flagler,A. Flagler,adam-flagler,,,,3:04,3.066666666666667,0,2,0.0,0,2,0.0,0,0,0.0,0,1,1,0,0,0,0,0,0,0.0,0022400285,Adam Flagler,adam flagler,,,2024-11-25,0,0.0,0.0,0.32608695652173914,0.0,0.0,10.0,8.0,8.0,8.0,5.0,4.0,10.0,11.0,,1,,1,0.0025,0.0,0.0,0.0,0.0,5.0,9.0,0.004010383
0022400285,1610612760,Oklahoma City,Thunder,OKC,thunder,1642382,Branden,Carlson,B. Carlson,branden-carlson,,,,2:44,2.7333333333333334,1,1,1.0,0,0,0.0,0,0,0.0,2,2,4,0,0,0,0,0,2,2.0,0022400285,Branden Carlson,branden carlson,,,2024-11-25,0,0.7317073170731707,0.7317073170731707,1.4634146341463414,0.0,0.7317073170731707,9.0,2.0,4.0,8.0,5.0,4.0,9.0,12.0,1.0,0,0.0,0,0.00125,30.0,23980.815347721822,29.962500000000002,0.0,5.0,1.0,0.03840509
0022400299,1610612760,Oklahoma City,Thunder,OKC,thunder,1629652,Luguentz,Dort,L. Dort,luguentz-dort,F,,,31:52,31.866666666666667,1,5,0.2,0,3,0.0,0,0,0.0,2,3,5,2,1,1,1,4,2,-1.0,0022400299,Luguentz Dort,luguentz dort,,,2024-11-27,2,0.06276150627615062,0.06276150627615062,0.15690376569037656,0.06276150627615062,0.12552301255230125,8.0,2.0,4.0,5.0,4.0,4.0,7.0,3.0,1.0,0,0.0,0,0.00079,2.8,3539.823008849557,2.797788,0.06276150627615062,4.0,3.0,0.035517264
0022400299,1610612760,Oklahoma City,Thunder,OKC,thunder,1631114,Jalen,Williams,J. Williams,jalen-williams,F,,,16:05,16.083333333333332,3,6,0.5,2,4,0.5,5,8,0.625,1,5,6,7,2,1,2,1,13,4.0,0022400299,Jalen Williams,jalen williams,,,2024-11-27,3,0.8082901554404146,0.062176165803108814,0.3730569948186529,0.4352331606217617,0.24870466321243526,4.0,3.0,3.0,1.0,1.0,4.0,5.0,7.0,4.0,0,0.0,0,0.00262,10.5,4006.104540251812,10.47249,0.18652849740932645,2.0,1.0,0.43431655
0022400299,1610612760,Oklahoma City,Thunder,OKC,thunder,1628392,Isaiah,Hartenstein,I. Hartenstein,isaiah-hartenstein,C,,,30:48,30.8,5,8,0.625,0,0,0.0,4,6,0.667,1,13,14,3,0,2,4,5,14,11.0,0022400299,Isaiah Hartenstein,isaiah hartenstein,,,2024-11-27,2,0.45454545454545453,0.032467532467532464,0.45454545454545453,0.09740259740259741,0.09740259740259741,3.0,3.0,1.0,4.0,8.0,2.0,1.0,5.0,0.0,0,0.0,0,0.00211,19.3,9142.586451918522,19.259277,0.06493506493506493,4.0,5.0,0.6701033
0022400299,1610612760,Oklahoma City,Thunder,OKC,thunder,1630198,Isaiah,Joe,I. Joe,isaiah-joe,G,,,31:19,31.316666666666666,6,12,0.5,4,7,0.571,1,2,0.5,0,4,4,1,2,0,2,3,17,5.0,0022400299,Isaiah Joe,isaiah joe,,,2024-11-27,2,0.5428419372006387,0.0,0.12772751463544438,0.031931878658861094,0.06386375731772219,2.0,6.0,5.0,6.0,1.0,6.0,3.0,4.0,3.0,0,0.0,0,0.00203,10.4,5120.630231413096,10.378888,0.06386375731772219,4.0,8.0,0.79547095
0022400299,1610612760,Oklahoma City,Thunder,OKC,thunder,1628983,Shai,Gilgeous-Alexander,S. Gilgeous-Alexander,shai-gilgeous-alexander,G,,,38:36,38.6,13,28,0.464,3,12,0.25,6,10,0.6,0,9,9,5,1,2,3,3,35,5.0,0022400299,Shai Gilgeous-Alexander,shai gilgeous-alexander,,,2024-11-27,3,0.9067357512953368,0.0,0.23316062176165803,0.12953367875647667,0.07772020725388601,1.0,6.0,2.0,3.0,4.0,2.0,3.0,1.0,1.0,0,0.0,0,0.00393,8.6,2187.7384889341133,8.566202,0.07772020725388601,2.0,6.0,0.69683504
0022400299,1610612760,Oklahoma City,Thunder,OKC,thunder,1641717,Cason,Wallace,C. Wallace,cason-wallace,,,,32:31,32.516666666666666,4,5,0.8,1,2,0.5,0,0,0.0,3,1,4,6,2,3,0,1,9,-2.0,0022400299,Cason Wallace,cason wallace,,,2024-11-27,5,0.2767811378780113,0.09226037929267043,0.1230138390568939,0.18452075858534087,0.2460276781137878,5.0,1.0,5.0,2.0,1.0,1.0,8.0,2.0,5.0,0,0.0,0,0.00066,1.6,2420.574886535552,1.5989440000000001,0.1537672988211174,1.0,2.0,0.7907807
0022400299,1610612760,Oklahoma City,Thunder,OKC,thunder,1641794,Dillon,Jones,D. Jones,dillon-jones,,,,12:49,12.816666666666666,1,3,0.333,0,2,0.0,0,0,0.0,0,4,4,1,0,0,0,0,2,0.0,0022400299,Dillon Jones,dillon jones,,,2024-11-27,0,0.15604681404421328,0.0,0.31209362808842656,0.07802340702210664,0.0,8.0,6.0,5.0,6.0,8.0,6.0,6.0,10.0,0.0,0,0.0,0,0.00111,4.2,3780.3780378037804,4.195338,0.0,9.0,9.0,0.0095788
0022400299,1610612760,Oklahoma City,Thunder,OKC,thunder,1629026,Kenrich,Williams,K. Williams,kenrich-williams,,,,15:04,15.066666666666666,2,5,0.4,0,2,0.0,0,0,0.0,0,0,0,1,1,0,0,2,4,-4.0,0022400299,Kenrich Williams,kenrich williams,,,2024-11-27,1,0.26548672566371684,0.0,0.0,0.06637168141592921,0.06637168141592921,7.0,6.0,10.0,6.0,4.0,6.0,9.0,8.0,3.0,0,0.0,0,0.00147,-9.5,-6458.19170632223,-9.486035000000001,0.06637168141592921,7.0,7.0,0.020854654
0022400299,1610612760,Oklahoma City,Thunder,OKC,thunder,1630598,Aaron,Wiggins,A. Wiggins,aaron-wiggins,,,,14:28,14.466666666666667,3,5,0.6,1,2,0.5,0,0,0.0,0,1,1,0,0,0,1,0,7,6.0,0022400299,Aaron Wiggins,aaron wiggins,,,2024-11-27,0,0.4838709677419355,0.0,0.06912442396313365,0.0,0.0,6.0,6.0,8.0,9.0,8.0,6.0,2.0,9.0,1.0,0,0.0,0,0.0017100000000000001,20.0,11689.070718877849,19.9658,0.0,9.0,9.0,0.1000821
0022400299,1610612760,Oklahoma City,Thunder,OKC,thunder,1642349,Ajay,Mitchell,A. Mitchell,ajay-mitchell,,,,16:28,16.466666666666665,1,8,0.125,0,3,0.0,0,0,0.0,1,0,1,0,1,0,1,2,2,-4.0,0022400299,Ajay Mitchell,ajay mitchell,,,2024-11-27,1,0.12145748987854252,0.06072874493927126,0.06072874493927126,0.0,0.12145748987854252,8.0,3.0,8.0,9.0,4.0,6.0,9.0,6.0,0.0,0,0.0,0,0.0022500000000000003,-9.0,-3998.2230119946685,-8.979750000000001,0.06072874493927126,7.0,4.0,0.012865378
0022400048,1610612760,Oklahoma City,Thunder,OKC,thunder,1629652,Luguentz,Dort,L. Dort,luguentz-dort,F,,,24:07,24.116666666666667,5,8,0.625,4,5,0.8,0,0,0.0,2,0,2,2,0,0,0,5,14,6.0,0022400048,Luguentz Dort,luguentz dort,,,2024-11-29,0,0.580511402902557,0.082930200414651,0.082930200414651,0.082930200414651,0.082930200414651,3.0,4.0,7.0,3.0,9.0,4.0,3.0,5.0,1.0,0,0.0,0,0.0014000000000000002,12.2,8708.06566738044,12.18292,0.0,9.0,7.0,0.80536675
0022400048,1610612760,Oklahoma City,Thunder,OKC,thunder,1631114,Jalen,Williams,J. Williams,jalen-williams,F,,,33:58,33.96666666666667,8,19,0.421,2,5,0.4,1,2,0.5,0,4,4,2,2,0,3,3,19,-3.0,0022400048,Jalen Williams,jalen williams,,,2024-11-29,2,0.5593719332679097,0.0,0.11776251226692835,0.05888125613346418,0.05888125613346418,2.0,7.0,6.0,3.0,1.0,4.0,10.0,3.0,2.0,0,0.0,0,0.00299,-3.0,-1003.0090270812436,-2.99103,0.05888125613346418,3.0,8.0,0.6052041
0022400048,1610612760,Oklahoma City,Thunder,OKC,thunder,1628392,Isaiah,Hartenstein,I. Hartenstein,isaiah-hartenstein,C,,,36:52,36.86666666666667,4,7,0.571,0,0,0.0,3,4,0.75,3,15,18,5,1,1,2,2,11,3.0,0022400048,Isaiah Hartenstein,isaiah hartenstein,,,2024-11-29,2,0.298372513562387,0.081374321880651,0.488245931283906,0.13562386980108498,0.13562386980108498,4.0,2.0,1.0,2.0,5.0,1.0,7.0,2.0,3.0,0,0.0,0,0.0012900000000000001,4.1,3175.8326878388843,4.094710999999999,0.054249547920433995,3.0,4.0,0.64646786
0022400048,1610612760,Oklahoma City,Thunder,OKC,thunder,1641717,Cason,Wallace,C. Wallace,cason-wallace,G,,,31:08,31.133333333333333,1,5,0.2,0,3,0.0,0,0,0.0,5,0,5,2,2,1,0,2,2,4.0,0022400048,Cason Wallace,cason wallace,,,2024-11-29,3,0.06423982869379015,0.16059957173447537,0.16059957173447537,0.06423982869379015,0.2569593147751606,9.0,1.0,4.0,3.0,1.0,1.0,6.0,4.0,3.0,0,0.0,0,0.00068,6.3,9251.101321585902,6.295716,0.09635974304068523,1.0,1.0,0.17491207
0022400048,1610612760,Oklahoma City,Thunder,OKC,thunder,1628983,Shai,Gilgeous-Alexander,S. Gilgeous-Alexander,shai-gilgeous-alexander,G,,,36:59,36.983333333333334,13,28,0.464,3,10,0.3,7,8,0.875,3,3,6,9,2,1,3,3,36,13.0,0022400048,Shai Gilgeous-Alexander,shai gilgeous-alexander,,,2024-11-29,3,0.9734114465975664,0.08111762054979721,0.16223524109959442,0.2433528616493916,0.16223524109959442,1.0,2.0,3.0,1.0,1.0,1.0,1.0,1.0,1.0,0,0.0,0,0.00382,17.6,4606.124051295473,17.532768,0.08111762054979721,1.0,3.0,0.84178567
0022400048,1610612760,Oklahoma City,Thunder,OKC,thunder,1630598,Aaron,Wiggins,A. Wiggins,aaron-wiggins,,,,18:21,18.35,3,9,0.333,1,4,0.25,0,0,0.0,1,6,7,0,1,0,0,0,7,5.0,0022400048,Aaron Wiggins,aaron wiggins,,,2024-11-29,1,0.38147138964577654,0.0544959128065395,0.38147138964577654,0.0,0.108991825613079,5.0,5.0,2.0,6.0,5.0,4.0,4.0,7.0,1.0,0,0.0,0,0.00214,16.7,7800.093414292386,16.664261999999997,0.0544959128065395,6.0,5.0,0.12574874
0022400048,1610612760,Oklahoma City,Thunder,OKC,thunder,1642349,Ajay,Mitchell,A. Mitchell,ajay-mitchell,,,,17:57,17.95,1,3,0.333,1,3,0.333,1,2,0.5,0,0,0,0,1,0,0,1,4,1.0,0022400048,Ajay Mitchell,ajay mitchell,,,2024-11-29,1,0.22284122562674097,0.0,0.0,0.0,0.05571030640668524,7.0,7.0,8.0,6.0,5.0,4.0,9.0,8.0,1.0,0,0.0,0,0.00098,2.9,2956.167176350663,2.897158,0.05571030640668524,6.0,9.0,0.012845022
0022400048,1610612760,Oklahoma City,Thunder,OKC,thunder,1630198,Isaiah,Joe,I. Joe,isaiah-joe,,,,24:03,24.05,1,8,0.125,1,7,0.143,0,0,0.0,0,0,0,0,2,0,1,0,3,5.0,0022400048,Isaiah Joe,isaiah joe,,,2024-11-29,2,0.12474012474012473,0.0,0.0,0.0,0.08316008316008315,8.0,7.0,8.0,6.0,1.0,4.0,4.0,6.0,1.0,0,0.0,0,0.00155,10.6,6834.300451321728,10.58357,0.08316008316008315,3.0,6.0,0.014565486
0022400048,1610612760,Oklahoma City,Thunder,OKC,thunder,1629026,Kenrich,Williams,K. Williams,kenrich-williams,,,,12:00,12.0,2,5,0.4,1,3,0.333,0,0,0.0,1,4,5,0,1,0,0,1,5,8.0,0022400048,Kenrich Williams,kenrich williams,,,2024-11-29,1,0.4166666666666667,0.08333333333333333,0.4166666666666667,0.0,0.16666666666666666,6.0,5.0,4.0,6.0,5.0,4.0,2.0,9.0,1.0,0,1.0,0,0.00156,32.0,20499.679692504807,31.95008,0.08333333333333333,6.0,2.0,0.076928884
0022400048,1610612760,Oklahoma City,Thunder,OKC,thunder,1641794,Dillon,Jones,D. Jones,dillon-jones,,,,4:15,4.25,0,1,0.0,0,0,0.0,0,0,0.0,0,0,0,0,0,0,0,0,0,-4.0,0022400048,Dillon Jones,dillon jones,,,2024-11-29,0,0.0,0.0,0.0,0.0,0.0,10.0,7.0,8.0,6.0,9.0,4.0,11.0,10.0,0.0,0,0.0,0,0.00111,-36.1,-32493.249324932494,-36.059929,0.0,9.0,10.0,0.0022127514
0022400048,1610612760,Oklahoma City,Thunder,OKC,thunder,1642382,Branden,Carlson,B. Carlson,branden-carlson,,,,0:20,0.3333333333333333,0,0,0.0,0,0,0.0,0,0,0.0,0,0,0,0,0,0,0,0,0,2.0,0022400048,Branden Carlson,branden carlson,,,2024-11-29,0,0.0,0.0,0.0,0.0,0.0,10.0,7.0,8.0,6.0,9.0,4.0,8.0,11.0,,1,,1,0.0,200.0,200000000.0,200.0,0.0,9.0,10.0,0.0033200225
0022400310,1610612760,Oklahoma City,Thunder,OKC,thunder,1629652,Luguentz,Dort,L. Dort,luguentz-dort,F,,,26:54,26.9,2,6,0.333,2,5,0.4,0,0,0.0,1,2,3,6,1,2,0,6,6,2.0,0022400310,Luguentz Dort,luguentz dort,,,2024-12-01,3,0.2230483271375465,0.03717472118959108,0.11152416356877325,0.2230483271375465,0.14869888475836432,6.0,4.0,5.0,2.0,2.0,1.0,4.0,6.0,3.0,0,0.0,0,0.0009,1.5,1664.8168701442842,1.49865,0.11152416356877325,1.0,1.0,0.19660008
0022400310,1610612760,Oklahoma City,Thunder,OKC,thunder,1631114,Jalen,Williams,J. Williams,jalen-williams,F,,,37:26,37.43333333333333,7,21,0.333,2,7,0.286,6,7,0.857,0,5,5,7,1,1,1,3,22,0.0,0022400310,Jalen Williams,jalen williams,,,2024-12-01,2,0.5877114870881568,0.0,0.13357079252003562,0.18699910952804988,0.05342831700801425,2.0,6.0,4.0,1.0,2.0,2.0,5.0,1.0,0.0,0,0.0,0,0.0027500000000000003,0.0,0.0,0.0,0.05342831700801425,2.0,6.0,0.5708338
0022400310,1610612760,Oklahoma City,Thunder,OKC,thunder,1628392,Isaiah,Hartenstein,I. Hartenstein,isaiah-hartenstein,C,,,30:01,30.016666666666666,9,12,0.75,0,1,0.0,1,3,0.333,2,11,13,4,1,1,1,5,19,-7.0,0022400310,Isaiah Hartenstein,isaiah hartenstein,,,2024-12-01,2,0.6329816768461966,0.06662965019433648,0.4330927262631871,0.13325930038867295,0.13325930038867295,3.0,2.0,1.0,4.0,2.0,2.0,9.0,4.0,2.0,0,0.0,0,0.00203,-7.6,-3741.9990152634164,-7.584572,0.06662965019433648,2.0,4.0,0.82520473
0022400310,1610612760,Oklahoma City,Thunder,OKC,thunder,1641717,Cason,Wallace,C. Wallace,cason-wallace,G,,,35:39,35.65,5,11,0.455,3,6,0.5,1,2,0.5,5,4,9,2,0,0,0,4,14,3.0,0022400310,Cason Wallace,cason wallace,,,2024-12-01,0,0.39270687237026647,0.1402524544179523,0.25245441795231416,0.05610098176718093,0.1402524544179523,4.0,1.0,2.0,6.0,5.0,4.0,3.0,3.0,5.0,0,0.0,0,0.0014000000000000002,3.9,2783.7259100642395,3.89454,0.0,5.0,2.0,0.5623995
0022400310,1610612760,Oklahoma City,Thunder,OKC,thunder,1628983,Shai,Gilgeous-Alexander,S. Gilgeous-Alexander,shai-gilgeous-alexander,G,,,36:07,36.11666666666667,10,19,0.526,3,7,0.429,9,11,0.818,2,6,8,5,2,0,2,2,32,6.0,0022400310,Shai Gilgeous-Alexander,shai gilgeous-alexander,,,2024-12-01,2,0.8860175357637287,0.05537609598523304,0.22150438394093216,0.1384402399630826,0.11075219197046608,1.0,2.0,3.0,3.0,1.0,4.0,2.0,2.0,3.0,0,0.0,0,0.00302,9.3,3078.4508440913605,9.271914,0.05537609598523304,2.0,5.0,0.8404207
0022400310,1610612760,Oklahoma City,Thunder,OKC,thunder,1629026,Kenrich,Williams,K. Williams,kenrich-williams,,,,15:22,15.366666666666667,2,5,0.4,1,4,0.25,0,0,0.0,0,2,2,0,0,0,0,3,5,-14.0,0022400310,Kenrich Williams,kenrich williams,,,2024-12-01,0,0.32537960954446854,0.0,0.1301518438177874,0.0,0.0,7.0,6.0,7.0,9.0,5.0,4.0,10.0,7.0,0.0,0,0.0,0,0.0014299999999999998,-39.5,-27603.0747728861,-39.443515,0.0,5.0,7.0,0.01846621
0022400310,1610612760,Oklahoma City,Thunder,OKC,thunder,1630198,Isaiah,Joe,I. Joe,isaiah-joe,,,,13:16,13.266666666666667,0,1,0.0,0,1,0.0,0,0,0.0,0,0,0,2,0,0,2,2,0,-3.0,0022400310,Isaiah Joe,isaiah joe,,,2024-12-01,0,0.0,0.0,0.0,0.1507537688442211,0.0,9.0,6.0,10.0,6.0,5.0,4.0,6.0,8.0,1.0,0,0.0,0,0.00094,-24.1,-25611.052072263552,-24.077346,0.0,5.0,7.0,0.005587892
0022400310,1610612760,Oklahoma City,Thunder,OKC,thunder,1630598,Aaron,Wiggins,A. Wiggins,aaron-wiggins,,,,27:15,27.25,6,12,0.5,1,4,0.25,0,0,0.0,0,3,3,3,0,0,0,0,13,-5.0,0022400310,Aaron Wiggins,aaron wiggins,,,2024-12-01,0,0.47706422018348627,0.0,0.11009174311926606,0.11009174311926606,0.0,5.0,6.0,5.0,5.0,5.0,4.0,7.0,5.0,0.0,0,0.0,0,0.00194,-5.0,-2575.991756826378,-4.9902999999999995,0.0,5.0,7.0,0.19083256
0022400310,1610612760,Oklahoma City,Thunder,OKC,thunder,1641794,Dillon,Jones,D. Jones,dillon-jones,,,,10:46,10.766666666666667,1,3,0.333,1,3,0.333,2,2,1.0,0,2,2,1,0,0,0,0,5,8.0,0022400310,Dillon Jones,dillon jones,,,2024-12-01,0,0.46439628482972134,0.0,0.18575851393188852,0.09287925696594426,0.0,7.0,6.0,7.0,8.0,5.0,4.0,1.0,9.0,0.0,0,0.0,0,0.0014299999999999998,30.8,21523.41020265549,30.755955999999998,0.0,5.0,7.0,0.027583575
0022400310,1610612760,Oklahoma City,Thunder,OKC,thunder,1642349,Ajay,Mitchell,A. Mitchell,ajay-mitchell,,,,7:14,7.233333333333333,0,4,0.0,0,1,0.0,0,0,0.0,1,0,1,0,0,0,1,1,0,-5.0,0022400310,Ajay Mitchell,ajay mitchell,,,2024-12-01,0,0.0,0.1382488479262673,0.1382488479262673,0.0,0.1382488479262673,9.0,4.0,9.0,9.0,5.0,4.0,7.0,10.0,0.0,0,0.0,0,0.00263,-33.3,-12656.784492588367,-33.212421,0.0,5.0,3.0,0.003020293
0022400055,1610612760,Oklahoma City,Thunder,OKC,thunder,1629652,Luguentz,Dort,L. Dort,luguentz-dort,F,,,30:06,30.1,2,6,0.333,1,5,0.2,0,0,0.0,1,1,2,1,0,0,1,0,5,20.0,0022400055,Luguentz Dort,luguentz dort,,,2024-12-03,0,0.16611295681063123,0.03322259136212624,0.06644518272425248,0.03322259136212624,0.03322259136212624,7.0,5.0,6.0,7.0,10.0,4.0,2.0,2.0,4.0,0,0.0,0,0.00101,35.7,35311.57270029674,35.663943,0.0,10.0,11.0,0.06411255
0022400055,1610612760,Oklahoma City,Thunder,OKC,thunder,1631114,Jalen,Williams,J. Williams,jalen-williams,F,,,27:37,27.616666666666667,12,18,0.667,1,4,0.25,3,4,0.75,1,1,2,5,3,0,0,1,28,15.0,0022400055,Jalen Williams,jalen williams,,,2024-12-03,3,1.0138805069402534,0.036210018105009054,0.07242003621001811,0.18105009052504525,0.14484007242003621,1.0,5.0,6.0,3.0,1.0,4.0,4.0,4.0,5.0,0,0.0,0,0.0030299999999999997,28.1,9270.867700428902,28.014857000000003,0.10863005431502716,2.0,6.0,0.8297128
0022400055,1610612760,Oklahoma City,Thunder,OKC,thunder,1628392,Isaiah,Hartenstein,I. Hartenstein,isaiah-hartenstein,C,,,22:14,22.233333333333334,2,7,0.286,0,1,0.0,0,0,0.0,2,3,5,6,2,1,2,3,4,14.0,0022400055,Isaiah Hartenstein,isaiah hartenstein,,,2024-12-03,3,0.17991004497751123,0.08995502248875561,0.22488755622188905,0.2698650674662669,0.22488755622188905,10.0,3.0,2.0,2.0,5.0,1.0,6.0,5.0,3.0,0,0.0,0,0.00164,27.7,16879.95124923827,27.654572,0.13493253373313344,2.0,5.0,0.07183645
0022400055,1610612760,Oklahoma City,Thunder,OKC,thunder,1641717,Cason,Wallace,C. Wallace,cason-wallace,G,,,28:31,28.516666666666666,5,9,0.556,1,2,0.5,1,1,1.0,0,0,0,4,3,0,0,4,12,9.0,0022400055,Cason Wallace,cason wallace,,,2024-12-03,3,0.4208065458796026,0.0,0.0,0.1402688486265342,0.10520163646990065,5.0,9.0,11.0,4.0,1.0,4.0,8.0,3.0,5.0,0,0.0,0,0.00155,21.6,13926.499032882013,21.56652,0.10520163646990065,2.0,9.0,0.39606038
0022400055,1610612760,Oklahoma City,Thunder,OKC,thunder,1628983,Shai,Gilgeous-Alexander,S. Gilgeous-Alexander,shai-gilgeous-alexander,G,,,30:07,30.116666666666667,11,19,0.579,2,6,0.333,2,2,1.0,1,5,6,7,3,0,0,4,26,20.0,0022400055,Shai Gilgeous-Alexander,shai gilgeous-alexander,,,2024-12-03,3,0.8633093525179856,0.03320420586607637,0.1992252351964582,0.23242944106253458,0.13281682346430548,2.0,5.0,1.0,1.0,1.0,4.0,2.0,1.0,5.0,0,0.0,0,0.0028599999999999997,33.3,11639.286962600489,33.204761999999995,0.0996126175982291,2.0,7.0,0.8038648
0022400055,1610612760,Oklahoma City,Thunder,OKC,thunder,1630198,Isaiah,Joe,I. Joe,isaiah-joe,,,,21:47,21.783333333333335,7,11,0.636,5,9,0.556,0,0,0.0,0,2,2,4,1,0,0,1,19,22.0,0022400055,Isaiah Joe,isaiah joe,,,2024-12-03,1,0.8722264728385615,0.0,0.0918133129303749,0.1836266258607498,0.04590665646518745,3.0,9.0,6.0,4.0,6.0,4.0,1.0,7.0,2.0,0,1.0,0,0.0018599999999999999,41.8,22461.04245029554,41.722252,0.04590665646518745,7.0,10.0,0.8419331
0022400055,1610612760,Oklahoma City,Thunder,OKC,thunder,1629026,Kenrich,Williams,K. Williams,kenrich-williams,,,,12:57,12.95,2,4,0.5,1,2,0.5,0,0,0.0,4,1,5,1,0,0,0,1,5,11.0,0022400055,Kenrich Williams,kenrich williams,,,2024-12-03,0,0.3861003861003861,0.3088803088803089,0.3861003861003861,0.07722007722007722,0.3088803088803089,7.0,1.0,2.0,7.0,10.0,4.0,7.0,10.0,2.0,0,1.0,0,0.00121,48.5,40049.54582989265,48.441314999999996,0.0,10.0,1.0,0.05651797
0022400055,1610612760,Oklahoma City,Thunder,OKC,thunder,1630598,Aaron,Wiggins,A. Wiggins,aaron-wiggins,,,,22:04,22.066666666666666,6,11,0.545,2,5,0.4,2,2,1.0,2,2,4,1,3,1,3,2,16,15.0,0022400055,Aaron Wiggins,aaron wiggins,,,2024-12-03,4,0.7250755287009063,0.09063444108761329,0.18126888217522658,0.045317220543806644,0.2719033232628399,4.0,3.0,4.0,7.0,1.0,1.0,4.0,6.0,2.0,0,0.0,0,0.00246,33.3,13531.084924827304,33.218081999999995,0.18126888217522658,1.0,2.0,0.7455999
0022400055,1610612760,Oklahoma City,Thunder,OKC,thunder,1641794,Dillon,Jones,D. Jones,dillon-jones,,,,15:41,15.683333333333334,3,5,0.6,2,3,0.667,0,0,0.0,3,1,4,2,1,0,1,2,8,5.0,0022400055,Dillon Jones,dillon jones,,,2024-12-03,1,0.51009564293305,0.19128586609989373,0.255047821466525,0.1275239107332625,0.255047821466525,6.0,2.0,4.0,6.0,6.0,4.0,9.0,9.0,1.0,0,0.0,0,0.00133,14.7,11044.327573253193,14.680448999999998,0.06376195536663125,7.0,4.0,0.27701136
0022400055,1610612760,Oklahoma City,Thunder,OKC,thunder,1642349,Ajay,Mitchell,A. Mitchell,ajay-mitchell,,,,16:58,16.966666666666665,2,3,0.667,1,2,0.5,0,0,0.0,1,1,2,1,1,0,1,4,5,1.0,0022400055,Ajay Mitchell,ajay mitchell,,,2024-12-03,1,0.29469548133595286,0.05893909626719058,0.11787819253438116,0.05893909626719058,0.11787819253438116,7.0,5.0,6.0,7.0,6.0,4.0,11.0,8.0,1.0,0,0.0,0,0.00091,-0.8,-878.1558726673985,-0.7992720000000001,0.05893909626719058,7.0,8.0,0.03427527
0022400055,1610612760,Oklahoma City,Thunder,OKC,thunder,1642382,Branden,Carlson,B. Carlson,branden-carlson,,,,7:30,7.5,0,5,0.0,0,4,0.0,2,2,1.0,0,2,2,0,1,1,0,1,2,2.0,0022400055,Branden Carlson,branden carlson,,,2024-12-03,2,0.26666666666666666,0.0,0.26666666666666666,0.0,0.26666666666666666,12.0,9.0,6.0,11.0,6.0,1.0,10.0,11.0,1.0,0,0.0,0,0.00316,13.3,4207.52926289149,13.257972,0.26666666666666666,6.0,3.0,0.009572804
0022400055,1610612760,Oklahoma City,Thunder,OKC,thunder,1641745,Adam,Flagler,A. Flagler,adam-flagler,,,,4:28,4.466666666666667,1,4,0.25,1,4,0.25,0,0,0.0,0,0,0,0,0,0,0,0,3,1.0,0022400055,Adam Flagler,adam flagler,,,2024-12-03,0,0.6716417910447761,0.0,0.0,0.0,0.0,11.0,9.0,11.0,11.0,10.0,4.0,11.0,12.0,,1,,1,0.0028599999999999997,1.1,384.48095071653273,1.0968540000000002,0.0,10.0,12.0,0.014652779
0022400328,1610612760,Oklahoma City,Thunder,OKC,thunder,1629652,Luguentz,Dort,L. Dort,luguentz-dort,F,,,27:55,27.916666666666668,3,12,0.25,0,6,0.0,0,0,0.0,2,4,6,1,2,3,0,4,6,7.0,0022400328,Luguentz Dort,luguentz dort,,,2024-12-05,5,0.21492537313432836,0.07164179104477611,0.21492537313432836,0.035820895522388055,0.2507462686567164,9.0,3.0,4.0,10.0,2.0,1.0,11.0,3.0,4.0,0,1.0,0,0.00185,14.7,7941.653160453809,14.672804999999999,0.1791044776119403,2.0,3.0,0.16818957
0022400328,1610612760,Oklahoma City,Thunder,OKC,thunder,1631114,Jalen,Williams,J. Williams,jalen-williams,F,,,28:22,28.366666666666667,6,13,0.462,2,4,0.5,6,6,1.0,0,7,7,2,0,0,0,1,20,25.0,0022400328,Jalen Williams,jalen williams,,,2024-12-05,0,0.7050528789659224,0.0,0.24676850763807284,0.07050528789659224,0.0,2.0,8.0,2.0,4.0,9.0,7.0,3.0,2.0,0.0,0,0.0,0,0.0023499999999999997,40.4,17184.176945980435,40.30506,0.0,10.0,12.0,0.68072486
0022400328,1610612760,Oklahoma City,Thunder,OKC,thunder,1628392,Isaiah,Hartenstein,I. Hartenstein,isaiah-hartenstein,C,,,27:51,27.85,1,3,0.333,0,1,0.0,0,2,0.0,3,13,16,6,1,1,0,3,2,15.0,0022400328,Isaiah Hartenstein,isaiah hartenstein,,,2024-12-05,2,0.0718132854578097,0.10771992818671454,0.5745062836624776,0.21543985637342908,0.17953321364452424,10.0,2.0,1.0,1.0,7.0,4.0,5.0,4.0,1.0,0,0.0,0,0.0005899999999999999,25.2,42639.593908629446,25.185132,0.0718132854578097,5.0,4.0,0.4827149
0022400328,1610612760,Oklahoma City,Thunder,OKC,thunder,1630198,Isaiah,Joe,I. Joe,isaiah-joe,G,,,20:38,20.633333333333333,6,10,0.6,4,6,0.667,0,0,0.0,1,3,4,2,0,1,0,1,16,15.0,0022400328,Isaiah Joe,isaiah joe,,,2024-12-05,1,0.7754442649434572,0.048465266558966075,0.1938610662358643,0.09693053311793215,0.09693053311793215,3.0,4.0,5.0,4.0,9.0,4.0,5.0,6.0,2.0,0,0.0,0,0.00208,36.4,17491.590581451226,36.324288,0.048465266558966075,8.0,11.0,0.8617568
0022400328,1610612760,Oklahoma City,Thunder,OKC,thunder,1628983,Shai,Gilgeous-Alexander,S. Gilgeous-Alexander,shai-gilgeous-alexander,G,,,29:38,29.633333333333333,11,22,0.5,1,10,0.1,7,8,0.875,0,4,4,5,2,2,2,2,30,28.0,0022400328,Shai Gilgeous-Alexander,shai gilgeous-alexander,,,2024-12-05,4,1.0123734533183353,0.0,0.13498312710911137,0.1687289088863892,0.13498312710911137,1.0,8.0,5.0,2.0,2.0,3.0,2.0,1.0,2.0,0,0.0,0,0.00375,42.4,11303.652359370833,42.241,0.13498312710911137,3.0,8.0,0.48863864
0022400328,1610612760,Oklahoma City,Thunder,OKC,thunder,1630598,Aaron,Wiggins,A. Wiggins,aaron-wiggins,,,,20:29,20.483333333333334,5,11,0.455,2,6,0.333,0,0,0.0,0,3,3,2,2,0,1,0,12,29.0,0022400328,Aaron Wiggins,aaron wiggins,,,2024-12-05,2,0.5858421480878763,0.0,0.14646053702196907,0.09764035801464604,0.09764035801464604,6.0,8.0,8.0,4.0,2.0,7.0,1.0,7.0,3.0,0,0.0,0,0.00226,60.4,26713.843432109687,60.263495999999996,0.09764035801464604,5.0,10.0,0.6291989
0022400328,1610612760,Oklahoma City,Thunder,OKC,thunder,1641717,Cason,Wallace,C. Wallace,cason-wallace,,,,22:54,22.9,3,7,0.429,2,5,0.4,1,1,1.0,1,0,1,2,3,3,2,0,9,8.0,0022400328,Cason Wallace,cason wallace,,,2024-12-05,6,0.39301310043668125,0.04366812227074236,0.04366812227074236,0.08733624454148473,0.30567685589519655,7.0,4.0,10.0,4.0,1.0,1.0,9.0,5.0,5.0,0,0.0,0,0.00155,20.3,13088.330109606706,20.268535,0.26200873362445415,1.0,2.0,0.26529852
0022400328,1610612760,Oklahoma City,Thunder,OKC,thunder,1629026,Kenrich,Williams,K. Williams,kenrich-williams,,,,13:50,13.833333333333334,5,6,0.833,3,3,1.0,0,0,0.0,4,3,7,1,1,0,0,0,13,22.0,0022400328,Kenrich Williams,kenrich williams,,,2024-12-05,1,0.9397590361445782,0.2891566265060241,0.5060240963855421,0.07228915662650602,0.3614457831325301,4.0,1.0,2.0,10.0,7.0,7.0,4.0,10.0,2.0,0,0.0,0,0.0016200000000000001,78.6,48488.587291795186,78.472668,0.07228915662650602,8.0,1.0,0.8333018
0022400328,1610612760,Oklahoma City,Thunder,OKC,thunder,1627936,Alex,Caruso,A. Caruso,alex-caruso,,,,17:26,17.433333333333334,3,7,0.429,2,3,0.667,0,0,0.0,0,4,4,2,2,1,1,1,8,6.0,0022400328,Alex Caruso,alex caruso,,,2024-12-05,3,0.4588910133843212,0.0,0.2294455066921606,0.1147227533460803,0.17208413001912046,8.0,8.0,5.0,4.0,2.0,4.0,12.0,9.0,1.0,0,0.0,0,0.0017399999999999998,14.3,8213.670304422747,14.275118,0.17208413001912046,4.0,6.0,0.094952546
0022400328,1610612760,Oklahoma City,Thunder,OKC,thunder,1642349,Ajay,Mitchell,A. Mitchell,ajay-mitchell,,,,18:53,18.883333333333333,6,9,0.667,1,1,1.0,0,0,0.0,0,0,0,3,2,0,0,4,13,8.0,0022400328,Ajay Mitchell,ajay mitchell,,,2024-12-05,2,0.6884377758164166,0.0,0.0,0.1588702559576346,0.1059135039717564,4.0,8.0,12.0,3.0,2.0,7.0,9.0,8.0,2.0,0,0.0,0,0.00191,20.0,10465.724751439038,19.9618,0.1059135039717564,5.0,9.0,0.53358614
0022400328,1610612760,Oklahoma City,Thunder,OKC,thunder,1642382,Branden,Carlson,B. Carlson,branden-carlson,,,,6:17,6.283333333333333,0,1,0.0,0,1,0.0,0,0,0.0,1,1,2,2,0,0,0,0,0,10.0,0022400328,Branden Carlson,branden carlson,,,2024-12-05,0,0.0,0.15915119363395225,0.3183023872679045,0.3183023872679045,0.15915119363395225,11.0,4.0,9.0,4.0,9.0,7.0,8.0,11.0,0.0,0,0.0,0,0.00063,76.9,121870.04754358162,76.85155300000001,0.0,10.0,7.0,0.0069246916
0022400328,1610612760,Oklahoma City,Thunder,OKC,thunder,1641745,Adam,Flagler,A. Flagler,adam-flagler,,,,5:47,5.783333333333333,0,1,0.0,0,1,0.0,0,0,0.0,1,0,1,0,0,0,0,0,0,12.0,0022400328,Adam Flagler,adam flagler,,,2024-12-05,0,0.0,0.1729106628242075,0.1729106628242075,0.0,0.1729106628242075,11.0,4.0,10.0,12.0,9.0,7.0,7.0,12.0,,1,,1,0.0007099999999999999,93.2,131082.9817158931,93.13382800000001,0.0,10.0,5.0,0.0051512765
0022400342,1610612760,Oklahoma City,Thunder,OKC,thunder,1629652,Luguentz,Dort,L. Dort,luguentz-dort,F,,,31:20,31.333333333333332,5,10,0.5,4,7,0.571,0,0,0.0,2,3,5,1,2,1,0,4,14,3.0,0022400342,Luguentz Dort,luguentz dort,,,2024-12-07,3,0.4468085106382979,0.06382978723404256,0.1595744680851064,0.03191489361702128,0.1595744680851064,3.0,2.0,4.0,8.0,3.0,1.0,6.0,3.0,3.0,0,0.0,0,0.0013700000000000001,7.9,5762.217359591539,7.889177,0.09574468085106383,2.0,2.0,0.7245009
0022400342,1610612760,Oklahoma City,Thunder,OKC,thunder,1631114,Jalen,Williams,J. Williams,jalen-williams,F,,,34:46,34.766666666666666,10,19,0.526,4,9,0.444,3,5,0.6,1,5,6,5,4,0,4,3,27,18.0,0022400342,Jalen Williams,jalen williams,,,2024-12-07,4,0.7766059443911794,0.028763183125599234,0.1725790987535954,0.14381591562799617,0.14381591562799617,2.0,3.0,3.0,1.0,1.0,4.0,1.0,1.0,4.0,0,0.0,0,0.00298,27.6,9258.638040925864,27.517752,0.11505273250239693,1.0,4.0,0.78918684
0022400342,1610612760,Oklahoma City,Thunder,OKC,thunder,1628392,Isaiah,Hartenstein,I. Hartenstein,isaiah-hartenstein,C,,,29:08,29.133333333333333,5,8,0.625,0,0,0.0,2,2,1.0,6,6,12,5,1,0,3,4,12,14.0,0022400342,Isaiah Hartenstein,isaiah hartenstein,,,2024-12-07,1,0.41189931350114417,0.20594965675057209,0.41189931350114417,0.17162471395881007,0.2402745995423341,5.0,1.0,1.0,1.0,5.0,4.0,2.0,4.0,2.0,0,0.0,0,0.00169,24.8,14665.87817859255,24.758088,0.034324942791762014,6.0,1.0,0.9119749
0022400342,1610612760,Oklahoma City,Thunder,OKC,thunder,1641717,Cason,Wallace,C. Wallace,cason-wallace,G,,,27:21,27.35,2,6,0.333,1,4,0.25,0,0,0.0,1,6,7,2,3,0,4,1,5,3.0,0022400342,Cason Wallace,cason wallace,,,2024-12-07,3,0.18281535648994515,0.03656307129798903,0.25594149908592323,0.07312614259597806,0.14625228519195613,7.0,3.0,2.0,6.0,2.0,4.0,6.0,5.0,6.0,0,0.0,0,0.0015199999999999999,7.2,4733.727810650888,7.189056000000001,0.10968921389396709,2.0,3.0,0.05963082
0022400342,1610612760,Oklahoma City,Thunder,OKC,thunder,1628983,Shai,Gilgeous-Alexander,S. Gilgeous-Alexander,shai-gilgeous-alexander,G,,,34:28,34.46666666666667,10,18,0.556,1,3,0.333,10,12,0.833,0,2,2,4,0,0,4,5,31,-2.0,0022400342,Shai Gilgeous-Alexander,shai gilgeous-alexander,,,2024-12-07,0,0.8994197292069632,0.0,0.058027079303675046,0.11605415860735009,0.0,1.0,5.0,8.0,3.0,7.0,4.0,8.0,2.0,4.0,0,0.0,0,0.00333,-2.7,-810.5673971780246,-2.691009,0.0,8.0,8.0,0.7652528
0022400342,1610612760,Oklahoma City,Thunder,OKC,thunder,1630198,Isaiah,Joe,I. Joe,isaiah-joe,,,,13:38,13.633333333333333,0,2,0.0,0,2,0.0,0,0,0.0,0,3,3,1,0,0,0,2,0,-3.0,0022400342,Isaiah Joe,isaiah joe,,,2024-12-07,0,0.0,0.0,0.22004889975550124,0.07334963325183375,0.0,10.0,5.0,5.0,8.0,7.0,4.0,9.0,9.0,1.0,0,0.0,0,0.00063,-9.4,-14896.988906497621,-9.394078,0.0,8.0,8.0,0.006331442
0022400342,1610612760,Oklahoma City,Thunder,OKC,thunder,1629026,Kenrich,Williams,K. Williams,kenrich-williams,,,,11:34,11.566666666666666,2,2,1.0,0,0,0.0,0,0,0.0,0,2,2,0,0,0,0,2,4,-9.0,0022400342,Kenrich Williams,kenrich williams,,,2024-12-07,0,0.345821325648415,0.0,0.1729106628242075,0.0,0.0,8.0,5.0,8.0,10.0,7.0,4.0,10.0,10.0,1.0,0,0.0,0,0.00077,-30.3,-39299.61089494164,-30.276669,0.0,8.0,8.0,0.016231475
0022400342,1610612760,Oklahoma City,Thunder,OKC,thunder,1630598,Aaron,Wiggins,A. Wiggins,aaron-wiggins,,,,14:54,14.9,1,5,0.2,0,3,0.0,0,0,0.0,0,3,3,2,1,1,0,1,2,10.0,0022400342,Aaron Wiggins,aaron wiggins,,,2024-12-07,2,0.1342281879194631,0.0,0.20134228187919462,0.1342281879194631,0.1342281879194631,9.0,5.0,5.0,6.0,5.0,1.0,4.0,8.0,1.0,0,0.0,0,0.0014299999999999998,30.3,21174.004192872122,30.256671,0.1342281879194631,4.0,5.0,0.022583364
0022400342,1610612760,Oklahoma City,Thunder,OKC,thunder,1627936,Alex,Caruso,A. Caruso,alex-caruso,,,,24:07,24.116666666666667,6,7,0.857,2,3,0.667,0,0,0.0,0,2,2,3,2,0,2,1,14,5.0,0022400342,Alex Caruso,alex caruso,,,2024-12-07,2,0.580511402902557,0.0,0.082930200414651,0.1243953006219765,0.082930200414651,3.0,5.0,8.0,5.0,3.0,4.0,5.0,6.0,3.0,0,0.0,0,0.00155,7.7,4964.539007092199,7.688065,0.082930200414651,4.0,6.0,0.7989361
0022400342,1610612760,Oklahoma City,Thunder,OKC,thunder,1642349,Ajay,Mitchell,A. Mitchell,ajay-mitchell,,,,18:44,18.733333333333334,4,8,0.5,0,1,0.0,2,2,1.0,0,3,3,4,0,1,1,1,10,11.0,0022400342,Ajay Mitchell,ajay mitchell,,,2024-12-07,1,0.5338078291814946,0.0,0.16014234875444838,0.21352313167259784,0.05338078291814946,6.0,5.0,5.0,3.0,7.0,1.0,3.0,7.0,4.0,0,0.0,0,0.00196,25.1,12799.592044875064,25.050804000000003,0.05338078291814946,6.0,7.0,0.56747365
0022401203,1610612760,Oklahoma City,Thunder,OKC,thunder,1629652,Luguentz,Dort,L. Dort,luguentz-dort,F,,,31:39,31.65,4,10,0.4,3,7,0.429,0,0,0.0,3,3,6,2,1,1,0,3,11,0.0,0022401203,Luguentz Dort,luguentz dort,,,2024-12-10,2,0.34755134281200634,0.09478672985781991,0.18957345971563982,0.06319115323854661,0.1579778830963665,3.0,3.0,5.0,7.0,5.0,1.0,10.0,3.0,1.0,0,0.0,0,0.0012,-1.7,-1415.48709408826,-1.69796,0.06319115323854661,4.0,5.0,0.60560703
0022401203,1610612760,Oklahoma City,Thunder,OKC,thunder,1631114,Jalen,Williams,J. Williams,jalen-williams,F,,,32:17,32.28333333333333,8,21,0.381,0,3,0.0,2,2,1.0,2,5,7,4,0,1,4,2,18,5.0,0022401203,Jalen Williams,jalen williams,,,2024-12-10,1,0.5575632421270006,0.061951471347444505,0.21683014971605577,0.12390294269488901,0.09292720702116676,2.0,4.0,4.0,2.0,9.0,1.0,6.0,2.0,3.0,0,0.0,0,0.00329,5.9,1792.768155575813,5.8805890000000005,0.030975735673722252,7.0,9.0,0.5439556
0022401203,1610612760,Oklahoma City,Thunder,OKC,thunder,1628392,Isaiah,Hartenstein,I. Hartenstein,isaiah-hartenstein,C,,,30:18,30.3,5,11,0.455,0,1,0.0,0,1,0.0,5,8,13,3,1,1,3,2,10,-6.0,0022401203,Isaiah Hartenstein,isaiah hartenstein,,,2024-12-10,2,0.33003300330033003,0.16501650165016502,0.429042904290429,0.099009900990099,0.23102310231023102,5.0,1.0,1.0,5.0,5.0,1.0,11.0,5.0,4.0,0,0.0,0,0.0017499999999999998,-14.3,-8166.761850371218,-14.274975,0.066006600660066,4.0,2.0,0.35710415
0022401203,1610612760,Oklahoma City,Thunder,OKC,thunder,1641717,Cason,Wallace,C. Wallace,cason-wallace,G,,,30:50,30.833333333333332,4,10,0.4,3,9,0.333,0,0,0.0,4,4,8,4,2,1,1,2,11,15.0,0022401203,Cason Wallace,cason wallace,,,2024-12-10,3,0.3567567567567568,0.12972972972972974,0.2594594594594595,0.12972972972972974,0.22702702702702704,3.0,2.0,2.0,2.0,3.0,1.0,3.0,4.0,4.0,0,0.0,0,0.0014299999999999998,27.2,19007.686932215238,27.161103999999998,0.0972972972972973,2.0,3.0,0.70338255
0022401203,1610612760,Oklahoma City,Thunder,OKC,thunder,1628983,Shai,Gilgeous-Alexander,S. Gilgeous-Alexander,shai-gilgeous-alexander,G,,,37:50,37.833333333333336,15,23,0.652,5,9,0.556,4,4,1.0,0,8,8,5,3,1,2,3,39,22.0,0022401203,Shai Gilgeous-Alexander,shai gilgeous-alexander,,,2024-12-10,4,1.0308370044052864,0.0,0.21145374449339205,0.13215859030837004,0.10572687224669602,1.0,8.0,2.0,1.0,1.0,1.0,1.0,1.0,3.0,0,0.0,0,0.0027800000000000004,26.3,9457.029845379358,26.226886,0.10572687224669602,1.0,8.0,0.8303987
0022401203,1610612760,Oklahoma City,Thunder,OKC,thunder,1630198,Isaiah,Joe,I. Joe,isaiah-joe,,,,16:55,16.916666666666668,3,8,0.375,3,8,0.375,0,0,0.0,0,3,3,3,0,0,0,1,9,11.0,0022401203,Isaiah Joe,isaiah joe,,,2024-12-10,0,0.5320197044334976,0.0,0.1773399014778325,0.1773399014778325,0.0,6.0,8.0,7.0,5.0,9.0,6.0,4.0,8.0,0.0,0,0.0,0,0.0017399999999999998,28.2,16197.587593337164,28.150932,0.0,10.0,10.0,0.1683286
0022401203,1610612760,Oklahoma City,Thunder,OKC,thunder,1627936,Alex,Caruso,A. Caruso,alex-caruso,,,,22:25,22.416666666666668,2,7,0.286,2,6,0.333,0,0,0.0,1,3,4,4,2,0,1,0,6,2.0,0022401203,Alex Caruso,alex caruso,,,2024-12-10,2,0.26765799256505574,0.04460966542750929,0.17843866171003717,0.17843866171003717,0.13382899628252787,8.0,5.0,6.0,2.0,3.0,6.0,7.0,6.0,4.0,0,0.0,0,0.0014299999999999998,4.1,2865.1292802236203,4.094137,0.08921933085501858,4.0,6.0,0.04545019
0022401203,1610612760,Oklahoma City,Thunder,OKC,thunder,1629026,Kenrich,Williams,K. Williams,kenrich-williams,,,,17:18,17.3,3,5,0.6,3,4,0.75,0,0,0.0,1,1,2,2,3,0,0,1,9,17.0,0022401203,Kenrich Williams,kenrich williams,,,2024-12-10,3,0.5202312138728323,0.057803468208092484,0.11560693641618497,0.11560693641618497,0.23121387283236994,6.0,5.0,8.0,7.0,1.0,6.0,2.0,7.0,3.0,0,0.0,0,0.00122,48.2,39475.839475839486,48.141196,0.17341040462427745,2.0,1.0,0.5523666
0022401203,1610612760,Oklahoma City,Thunder,OKC,thunder,1630598,Aaron,Wiggins,A. Wiggins,aaron-wiggins,,,,8:55,8.916666666666666,1,2,0.5,1,2,0.5,0,0,0.0,0,0,0,0,1,0,1,1,3,8.0,0022401203,Aaron Wiggins,aaron wiggins,,,2024-12-10,1,0.33644859813084116,0.0,0.0,0.0,0.11214953271028039,9.0,8.0,10.0,10.0,5.0,6.0,5.0,10.0,0.0,0,0.0,0,0.00136,38.1,27994.12196914034,38.048184,0.11214953271028039,7.0,7.0,0.012955524
0022401203,1610612760,Oklahoma City,Thunder,OKC,thunder,1642349,Ajay,Mitchell,A. Mitchell,ajay-mitchell,,,,9:43,9.716666666666667,1,3,0.333,0,0,0.0,0,0,0.0,1,0,1,2,1,0,1,2,2,-8.0,0022401203,Ajay Mitchell,ajay mitchell,,,2024-12-10,1,0.2058319039451115,0.10291595197255575,0.10291595197255575,0.2058319039451115,0.2058319039451115,10.0,5.0,9.0,7.0,5.0,6.0,12.0,9.0,2.0,0,0.0,0,0.00182,-38.1,-20922.570016474467,-38.030658,0.10291595197255575,7.0,4.0,0.005826328
0022401203,1610612760,Oklahoma City,Thunder,OKC,thunder,1642382,Branden,Carlson,B. Carlson,branden-carlson,,,,0:55,0.9166666666666666,0,0,0.0,0,0,0.0,0,0,0.0,0,0,0,0,0,0,0,0,0,2.0,0022401203,Branden Carlson,branden carlson,,,2024-12-10,0,0.0,0.0,0.0,0.0,0.0,11.0,8.0,10.0,10.0,9.0,6.0,7.0,11.0,,1,,1,0.0,100.0,100000000.0,100.0,0.0,10.0,10.0,0.0037165636
0022401203,1610612760,Oklahoma City,Thunder,OKC,thunder,1641794,Dillon,Jones,D. Jones,dillon-jones,,,,0:55,0.9166666666666666,0,1,0.0,0,1,0.0,0,0,0.0,0,0,0,0,0,0,0,0,0,2.0,0022401203,Dillon Jones,dillon jones,,,2024-12-10,0,0.0,0.0,0.0,0.0,0.0,11.0,8.0,10.0,10.0,9.0,6.0,7.0,11.0,,1,,1,0.005,100.0,19996.000799840032,99.5,0.0,10.0,10.0,0.0025046293
0022401230,1610612760,Oklahoma City,Thunder,OKC,thunder,1629652,Luguentz,Dort,L. Dort,luguentz-dort,F,,,31:16,31.266666666666666,5,11,0.455,5,9,0.556,4,6,0.667,2,7,9,1,3,0,0,3,19,10.0,0022401230,Luguentz Dort,luguentz dort,,,2024-12-14,3,0.6076759061833689,0.06396588486140725,0.2878464818763326,0.031982942430703626,0.15991471215351813,4.0,1.0,1.0,6.0,2.0,5.0,3.0,5.0,2.0,0,0.0,0,0.002,17.2,8595.702148925537,17.165599999999998,0.09594882729211088,2.0,1.0,0.7671663
0022401230,1610612760,Oklahoma City,Thunder,OKC,thunder,1631114,Jalen,Williams,J. Williams,jalen-williams,F,,,38:41,38.68333333333333,8,20,0.4,2,5,0.4,2,2,1.0,0,5,5,5,1,0,3,2,20,10.0,0022401230,Jalen Williams,jalen williams,,,2024-12-14,1,0.5170185264971995,0.0,0.12925463162429987,0.12925463162429987,0.025850926324859975,3.0,4.0,5.0,2.0,3.0,5.0,3.0,1.0,4.0,0,0.0,0,0.0027600000000000003,12.3,4454.907642158638,12.266052,0.025850926324859975,5.0,7.0,0.5094856
0022401230,1610612760,Oklahoma City,Thunder,OKC,thunder,1628392,Isaiah,Hartenstein,I. Hartenstein,isaiah-hartenstein,C,,,33:18,33.3,9,12,0.75,0,0,0.0,3,4,0.75,1,7,8,2,0,1,4,4,21,7.0,0022401230,Isaiah Hartenstein,isaiah hartenstein,,,2024-12-14,1,0.6306306306306307,0.030030030030030033,0.24024024024024027,0.060060060060060066,0.060060060060060066,2.0,2.0,2.0,3.0,7.0,1.0,7.0,3.0,1.0,0,0.0,0,0.0024,12.6,5247.813411078717,12.56976,0.030030030030030033,5.0,5.0,0.74972016
0022401230,1610612760,Oklahoma City,Thunder,OKC,thunder,1641717,Cason,Wallace,C. Wallace,cason-wallace,G,,,32:02,32.03333333333333,2,6,0.333,1,4,0.25,0,0,0.0,1,5,6,2,1,1,2,3,5,8.0,0022401230,Cason Wallace,cason wallace,,,2024-12-14,2,0.15608740894901146,0.03121748178980229,0.18730489073881373,0.06243496357960458,0.09365244536940687,6.0,2.0,4.0,3.0,3.0,1.0,5.0,4.0,5.0,0,0.0,0,0.00108,13.2,12210.915818686402,13.185744,0.06243496357960458,3.0,4.0,0.067944646
0022401230,1610612760,Oklahoma City,Thunder,OKC,thunder,1628983,Shai,Gilgeous-Alexander,S. Gilgeous-Alexander,shai-gilgeous-alexander,G,,,37:37,37.61666666666667,8,21,0.381,2,6,0.333,14,15,0.933,0,8,8,6,5,1,1,3,32,16.0,0022401230,Shai Gilgeous-Alexander,shai gilgeous-alexander,,,2024-12-14,6,0.8506867523260966,0.0,0.21267168808152415,0.1595037660611431,0.1595037660611431,1.0,4.0,2.0,1.0,1.0,1.0,1.0,2.0,6.0,0,0.0,0,0.00322,19.0,5898.789195901893,18.93882,0.1595037660611431,1.0,2.0,0.811364
0022401230,1610612760,Oklahoma City,Thunder,OKC,thunder,1630598,Aaron,Wiggins,A. Wiggins,aaron-wiggins,,,,9:43,9.716666666666667,0,0,0.0,0,0,0.0,0,0,0.0,0,0,0,0,0,0,0,2,0,-2.0,0022401230,Aaron Wiggins,aaron wiggins,,,2024-12-14,0,0.0,0.0,0.0,0.0,0.0,9.0,4.0,10.0,8.0,7.0,5.0,9.0,9.0,3.0,0,0.0,0,0.0,-10.5,-10500000.0,-10.5,0.0,8.0,8.0,0.00498806
0022401230,1610612760,Oklahoma City,Thunder,OKC,thunder,1629026,Kenrich,Williams,K. Williams,kenrich-williams,,,,10:41,10.683333333333334,3,4,0.75,1,2,0.5,0,0,0.0,0,1,1,0,0,0,1,3,7,-4.0,0022401230,Kenrich Williams,kenrich williams,,,2024-12-14,0,0.6552262090483619,0.0,0.093603744149766,0.0,0.0,5.0,4.0,9.0,8.0,7.0,5.0,10.0,8.0,1.0,0,0.0,0,0.00227,-9.1,-4007.0453544693964,-9.079343,0.0,8.0,8.0,0.101476885
0022401230,1610612760,Oklahoma City,Thunder,OKC,thunder,1627936,Alex,Caruso,A. Caruso,alex-caruso,,,,19:41,19.683333333333334,0,3,0.0,0,3,0.0,0,0,0.0,0,2,2,2,1,0,0,3,0,16.0,0022401230,Alex Caruso,alex caruso,,,2024-12-14,1,0.0,0.0,0.10160880609652836,0.10160880609652836,0.05080440304826418,9.0,4.0,6.0,3.0,3.0,5.0,1.0,6.0,2.0,0,0.0,0,0.0007000000000000001,43.9,62624.82168330954,43.86927,0.05080440304826418,5.0,6.0,0.05337883
0022401230,1610612760,Oklahoma City,Thunder,OKC,thunder,1630198,Isaiah,Joe,I. Joe,isaiah-joe,,,,17:57,17.95,1,3,0.333,0,1,0.0,3,3,1.0,0,2,2,0,1,1,1,0,5,6.0,0022401230,Isaiah Joe,isaiah joe,,,2024-12-14,2,0.2785515320334262,0.0,0.11142061281337048,0.0,0.11142061281337048,6.0,4.0,6.0,8.0,3.0,1.0,8.0,7.0,2.0,0,1.0,0,0.00128,16.2,12646.370023419204,16.179264,0.11142061281337048,3.0,3.0,0.025061142
0022401230,1610612760,Oklahoma City,Thunder,OKC,thunder,1642349,Ajay,Mitchell,A. Mitchell,ajay-mitchell,,,,9:05,9.083333333333334,0,0,0.0,0,0,0.0,2,2,1.0,0,2,2,1,0,0,0,1,2,8.0,0022401230,Ajay Mitchell,ajay mitchell,,,2024-12-14,0,0.2201834862385321,0.0,0.2201834862385321,0.11009174311926605,0.0,8.0,4.0,6.0,6.0,7.0,5.0,5.0,10.0,1.0,0,0.0,0,0.0005600000000000001,44.4,79144.38502673796,44.375136,0.0,8.0,8.0,0.01524588
0022400361,1610612760,Oklahoma City,Thunder,OKC,thunder,1629652,Luguentz,Dort,L. Dort,luguentz-dort,F,,,26:28,26.466666666666665,1,5,0.2,0,4,0.0,0,0,0.0,1,3,4,1,2,1,2,5,2,8.0,0022400361,Luguentz Dort,luguentz dort,,,2024-12-19,3,0.07556675062972293,0.037783375314861464,0.15113350125944586,0.037783375314861464,0.15113350125944586,10.0,2.0,2.0,5.0,4.0,2.0,3.0,5.0,4.0,0,0.0,0,0.00123,13.0,10560.51990251828,12.984010000000001,0.11335012594458439,3.0,4.0,0.04050354
0022400361,1610612760,Oklahoma City,Thunder,OKC,thunder,1631114,Jalen,Williams,J. Williams,jalen-williams,F,,,35:36,35.6,5,15,0.333,1,5,0.2,0,0,0.0,1,0,1,7,0,0,3,3,11,2.0,0022400361,Jalen Williams,jalen williams,,,2024-12-19,0,0.3089887640449438,0.028089887640449437,0.028089887640449437,0.19662921348314605,0.028089887640449437,3.0,2.0,8.0,1.0,6.0,6.0,7.0,2.0,5.0,0,0.0,0,0.00234,5.6,2392.1401110636475,5.586895999999999,0.0,7.0,7.0,0.09962648
0022400361,1610612760,Oklahoma City,Thunder,OKC,thunder,1628392,Isaiah,Hartenstein,I. Hartenstein,isaiah-hartenstein,C,,,33:13,33.21666666666667,5,9,0.556,0,0,0.0,2,2,1.0,2,10,12,4,4,1,2,1,12,7.0,0022400361,Isaiah Hartenstein,isaiah hartenstein,,,2024-12-19,5,0.3612644254892122,0.06021073758153537,0.3612644254892122,0.12042147516307074,0.2107375815353738,2.0,1.0,1.0,3.0,1.0,2.0,4.0,3.0,4.0,0,0.0,0,0.0016200000000000001,12.0,7402.837754472547,11.98056,0.15052684395383842,2.0,1.0,0.774768
0022400361,1610612760,Oklahoma City,Thunder,OKC,thunder,1641717,Cason,Wallace,C. Wallace,cason-wallace,G,,,20:51,20.85,2,3,0.667,1,2,0.5,0,0,0.0,0,1,1,0,0,1,0,1,5,-9.0,0022400361,Cason Wallace,cason wallace,,,2024-12-19,1,0.2398081534772182,0.0,0.047961630695443645,0.0,0.047961630695443645,8.0,4.0,8.0,9.0,6.0,2.0,9.0,6.0,4.0,0,0.0,0,0.00063,-18.9,-29952.456418383514,-18.888092999999998,0.047961630695443645,6.0,6.0,0.034656134
0022400361,1610612760,Oklahoma City,Thunder,OKC,thunder,1628983,Shai,Gilgeous-Alexander,S. Gilgeous-Alexander,shai-gilgeous-alexander,G,,,36:25,36.416666666666664,15,26,0.577,1,5,0.2,4,4,1.0,0,4,4,6,4,2,4,1,35,-6.0,0022400361,Shai Gilgeous-Alexander,shai gilgeous-alexander,,,2024-12-19,6,0.9610983981693364,0.0,0.10983981693363845,0.16475972540045766,0.16475972540045766,1.0,4.0,2.0,2.0,1.0,1.0,8.0,1.0,2.0,0,0.0,0,0.00388,-10.0,-2576.6555011594946,-9.9612,0.16475972540045766,1.0,3.0,0.87070835
0022400361,1610612760,Oklahoma City,Thunder,OKC,thunder,1630198,Isaiah,Joe,I. Joe,isaiah-joe,,,,17:51,17.85,3,6,0.5,1,3,0.333,0,0,0.0,0,2,2,0,0,0,1,1,7,-12.0,0022400361,Isaiah Joe,isaiah joe,,,2024-12-19,0,0.39215686274509803,0.0,0.11204481792717086,0.0,0.0,6.0,4.0,5.0,9.0,6.0,6.0,10.0,8.0,3.0,0,0.0,0,0.0017100000000000001,-34.3,-20046.756282875507,-34.241347,0.0,7.0,8.0,0.0471668
0022400361,1610612760,Oklahoma City,Thunder,OKC,thunder,1630598,Aaron,Wiggins,A. Wiggins,aaron-wiggins,,,,30:40,30.666666666666668,3,7,0.429,2,3,0.667,3,4,0.75,0,2,2,1,2,1,0,3,11,15.0,0022400361,Aaron Wiggins,aaron wiggins,,,2024-12-19,3,0.358695652173913,0.0,0.06521739130434782,0.03260869565217391,0.09782608695652173,3.0,4.0,5.0,5.0,4.0,2.0,1.0,4.0,3.0,0,0.0,0,0.0013800000000000002,21.0,15206.372194062273,20.97102,0.09782608695652173,3.0,5.0,0.3286936
0022400361,1610612760,Oklahoma City,Thunder,OKC,thunder,1629026,Kenrich,Williams,K. Williams,kenrich-williams,,,,11:29,11.483333333333333,2,3,0.667,0,1,0.0,2,2,1.0,0,2,2,1,0,0,0,3,6,6.0,0022400361,Kenrich Williams,kenrich williams,,,2024-12-19,0,0.5224963715529753,0.0,0.17416545718432513,0.08708272859216257,0.0,7.0,4.0,5.0,5.0,6.0,6.0,6.0,9.0,1.0,0,0.0,0,0.0016,25.0,15615.24047470331,24.959999999999997,0.0,7.0,8.0,0.07514854
0022400361,1610612760,Oklahoma City,Thunder,OKC,thunder,1627936,Alex,Caruso,A. Caruso,alex-caruso,,,,18:00,18.0,3,7,0.429,3,7,0.429,2,2,1.0,0,3,3,1,3,0,0,1,11,12.0,0022400361,Alex Caruso,alex caruso,,,2024-12-19,3,0.6111111111111112,0.0,0.16666666666666666,0.05555555555555555,0.16666666666666666,3.0,4.0,4.0,5.0,3.0,6.0,2.0,7.0,5.0,0,0.0,0,0.0020499999999999997,27.8,13554.36372501219,27.74301,0.16666666666666666,3.0,2.0,0.485733
0022400361,1610612760,Oklahoma City,Thunder,OKC,thunder,1642349,Ajay,Mitchell,A. Mitchell,ajay-mitchell,,,,9:28,9.466666666666667,1,2,0.5,1,1,1.0,2,2,1.0,0,1,1,2,0,0,1,1,5,7.0,0022400361,Ajay Mitchell,ajay mitchell,,,2024-12-19,0,0.528169014084507,0.0,0.1056338028169014,0.2112676056338028,0.0,8.0,4.0,8.0,4.0,6.0,6.0,4.0,10.0,0.0,0,0.0,0,0.0019,39.0,20515.518148342977,38.9259,0.0,7.0,8.0,0.01664017
0022400375,1610612760,Oklahoma City,Thunder,OKC,thunder,1629652,Luguentz,Dort,L. Dort,luguentz-dort,F,,,32:20,32.333333333333336,5,7,0.714,4,5,0.8,0,0,0.0,1,0,1,0,2,0,0,5,14,10.0,0022400375,Luguentz Dort,luguentz dort,,,2024-12-20,2,0.43298969072164945,0.03092783505154639,0.03092783505154639,0.0,0.09278350515463916,3.0,3.0,10.0,8.0,1.0,4.0,3.0,4.0,2.0,0,0.0,0,0.0009299999999999999,15.4,16541.35338345865,15.385678,0.06185567010309278,2.0,5.0,0.72860265
0022400375,1610612760,Oklahoma City,Thunder,OKC,thunder,1631114,Jalen,Williams,J. Williams,jalen-williams,F,,,35:43,35.71666666666667,12,25,0.48,4,7,0.571,5,7,0.714,1,5,6,4,0,1,4,1,33,1.0,0022400375,Jalen Williams,jalen williams,,,2024-12-20,1,0.9239384041063928,0.02799813345776948,0.16798880074661687,0.11199253383107792,0.05599626691553896,1.0,3.0,3.0,2.0,6.0,3.0,7.0,2.0,8.0,0,0.0,0,0.00386,2.8,725.2007252007251,2.789192,0.02799813345776948,5.0,8.0,0.8699313
0022400375,1610612760,Oklahoma City,Thunder,OKC,thunder,1628392,Isaiah,Hartenstein,I. Hartenstein,isaiah-hartenstein,C,,,33:49,33.81666666666667,4,6,0.667,0,0,0.0,5,8,0.625,5,13,18,2,1,0,0,4,13,4.0,0022400375,Isaiah Hartenstein,isaiah hartenstein,,,2024-12-20,1,0.38442582552981763,0.14785608674223755,0.5322819122720551,0.059142434696895015,0.17742730409068505,4.0,1.0,1.0,6.0,4.0,4.0,5.0,3.0,2.0,0,0.0,0,0.00128,10.0,7806.401249024199,9.987200000000001,0.029571217348447507,5.0,3.0,0.82523924
0022400375,1610612760,Oklahoma City,Thunder,OKC,thunder,1641717,Cason,Wallace,C. Wallace,cason-wallace,G,,,22:53,22.883333333333333,1,2,0.5,0,0,0.0,0,0,0.0,0,2,2,4,0,2,1,1,2,-1.0,0022400375,Cason Wallace,cason wallace,,,2024-12-20,2,0.08739985433357611,0.0,0.08739985433357611,0.17479970866715222,0.08739985433357611,9.0,8.0,8.0,2.0,6.0,1.0,8.0,6.0,4.0,0,0.0,0,0.00054,0.1,184.84288354898337,0.09994600000000001,0.08739985433357611,2.0,6.0,0.024007225
0022400375,1610612760,Oklahoma City,Thunder,OKC,thunder,1628983,Shai,Gilgeous-Alexander,S. Gilgeous-Alexander,shai-gilgeous-alexander,G,,,37:34,37.56666666666667,10,25,0.4,3,9,0.333,2,2,1.0,2,5,7,4,2,0,3,1,25,14.0,0022400375,Shai Gilgeous-Alexander,shai gilgeous-alexander,,,2024-12-20,2,0.6654835847382431,0.05323868677905944,0.18633540372670807,0.10647737355811888,0.10647737355811888,2.0,2.0,2.0,2.0,1.0,4.0,1.0,1.0,5.0,0,0.0,0,0.00322,18.4,5712.511642347096,18.340752,0.05323868677905944,2.0,4.0,0.7228252
0022400375,1610612760,Oklahoma City,Thunder,OKC,thunder,1629026,Kenrich,Williams,K. Williams,kenrich-williams,,,,9:34,9.566666666666666,2,5,0.4,1,2,0.5,0,0,0.0,1,2,3,4,1,0,1,2,5,13.0,0022400375,Kenrich Williams,kenrich williams,,,2024-12-20,1,0.5226480836236934,0.10452961672473868,0.31358885017421606,0.4181184668989547,0.20905923344947736,5.0,3.0,4.0,2.0,4.0,4.0,2.0,10.0,2.0,0,0.0,0,0.0027300000000000002,61.8,22629.07359941413,61.631285999999996,0.10452961672473868,5.0,1.0,0.21871525
0022400375,1610612760,Oklahoma City,Thunder,OKC,thunder,1630198,Isaiah,Joe,I. Joe,isaiah-joe,,,,16:05,16.083333333333332,1,6,0.167,1,5,0.2,0,0,0.0,0,2,2,0,0,0,0,1,3,10.0,0022400375,Isaiah Joe,isaiah joe,,,2024-12-20,0,0.18652849740932645,0.0,0.12435233160621763,0.0,0.0,7.0,8.0,8.0,8.0,6.0,4.0,3.0,7.0,2.0,0,0.0,0,0.00182,32.3,17737.506864360243,32.24121399999999,0.0,8.0,9.0,0.015889853
0022400375,1610612760,Oklahoma City,Thunder,OKC,thunder,1630598,Aaron,Wiggins,A. Wiggins,aaron-wiggins,,,,13:14,13.233333333333333,1,3,0.333,1,3,0.333,0,0,0.0,0,3,3,0,0,0,0,0,3,2.0,0022400375,Aaron Wiggins,aaron wiggins,,,2024-12-20,0,0.22670025188916879,0.0,0.22670025188916879,0.0,0.0,7.0,8.0,4.0,8.0,6.0,4.0,6.0,9.0,1.0,0,0.0,0,0.001,7.1,7092.907092907093,7.092899999999999,0.0,8.0,9.0,0.016507827
0022400375,1610612760,Oklahoma City,Thunder,OKC,thunder,1627936,Alex,Caruso,A. Caruso,alex-caruso,,,,25:28,25.466666666666665,2,5,0.4,0,2,0.0,0,0,0.0,1,2,3,5,2,2,2,0,4,-3.0,0022400375,Alex Caruso,alex caruso,,,2024-12-20,4,0.15706806282722513,0.03926701570680628,0.11780104712041886,0.19633507853403143,0.19633507853403143,6.0,3.0,4.0,1.0,1.0,1.0,9.0,5.0,4.0,0,1.0,0,0.00127,-0.1,-78.67820613690009,-0.099873,0.15706806282722513,1.0,2.0,0.06335519
0022400375,1610612760,Oklahoma City,Thunder,OKC,thunder,1642349,Ajay,Mitchell,A. Mitchell,ajay-mitchell,,,,13:20,13.333333333333334,1,2,0.5,0,1,0.0,0,0,0.0,1,2,3,1,0,0,3,2,2,-15.0,0022400375,Ajay Mitchell,ajay mitchell,,,2024-12-20,0,0.15,0.075,0.22499999999999998,0.075,0.075,9.0,3.0,4.0,7.0,6.0,4.0,10.0,8.0,1.0,0,0.0,0,0.00167,-53.6,-32076.600837821665,-53.510488,0.0,8.0,7.0,0.006128195
0022400400,1610612760,Oklahoma City,Thunder,OKC,thunder,1629652,Luguentz,Dort,L. Dort,luguentz-dort,F,,,24:34,24.566666666666666,0,6,0.0,0,5,0.0,0,0,0.0,2,0,2,1,0,1,0,2,0,1.0,0022400400,Luguentz Dort,luguentz dort,,,2024-12-23,1,0.0,0.0814111261872456,0.0814111261872456,0.0407055630936228,0.12211668928086838,11.0,5.0,7.0,8.0,8.0,3.0,7.0,5.0,1.0,0,0.0,0,0.00092,1.9,2062.975027144408,1.8982519999999998,0.0407055630936228,8.0,9.0,0.0090732435
0022400400,1610612760,Oklahoma City,Thunder,OKC,thunder,1631114,Jalen,Williams,J. Williams,jalen-williams,F,,,29:07,29.116666666666667,7,18,0.389,0,2,0.0,3,4,0.75,2,5,7,4,1,0,2,4,17,-8.0,0022400400,Jalen Williams,jalen williams,,,2024-12-23,1,0.5838580423583285,0.068689181453921,0.24041213508872353,0.137378362907842,0.10303377218088151,2.0,5.0,5.0,1.0,6.0,7.0,13.0,2.0,7.0,0,0.0,0,0.00263,-10.4,-3952.8696313188902,-10.372648,0.0343445907269605,8.0,10.0,0.67278
0022400400,1610612760,Oklahoma City,Thunder,OKC,thunder,1628392,Isaiah,Hartenstein,I. Hartenstein,isaiah-hartenstein,C,,,27:06,27.1,7,12,0.583,0,0,0.0,2,2,1.0,3,8,11,3,0,2,0,2,16,-4.0,0022400400,Isaiah Hartenstein,isaiah hartenstein,,,2024-12-23,2,0.5904059040590406,0.11070110701107011,0.4059040590405904,0.11070110701107011,0.18450184501845018,3.0,1.0,2.0,4.0,8.0,2.0,11.0,4.0,1.0,0,0.0,0,0.00181,-6.7,-3699.6134732192163,-6.687873000000001,0.07380073800738007,5.0,5.0,0.8340784
0022400400,1610612760,Oklahoma City,Thunder,OKC,thunder,1630198,Isaiah,Joe,I. Joe,isaiah-joe,G,,,18:48,18.8,1,8,0.125,1,5,0.2,2,3,0.667,0,2,2,1,3,0,1,0,5,-7.0,0022400400,Isaiah Joe,isaiah joe,,,2024-12-23,3,0.26595744680851063,0.0,0.10638297872340426,0.05319148936170213,0.15957446808510636,8.0,9.0,7.0,8.0,1.0,7.0,12.0,7.0,2.0,0,0.0,0,0.00184,-16.3,-8853.883758826725,-16.270008,0.15957446808510636,2.0,7.0,0.014298746
0022400400,1610612760,Oklahoma City,Thunder,OKC,thunder,1628983,Shai,Gilgeous-Alexander,S. Gilgeous-Alexander,shai-gilgeous-alexander,G,,,35:23,35.38333333333333,14,25,0.56,3,6,0.5,10,10,1.0,3,6,9,3,3,3,3,3,41,25.0,0022400400,Shai Gilgeous-Alexander,shai gilgeous-alexander,,,2024-12-23,6,1.1587376354215733,0.08478568064060292,0.25435704192180875,0.08478568064060292,0.25435704192180875,1.0,1.0,3.0,4.0,1.0,1.0,1.0,1.0,4.0,0,0.0,0,0.0034000000000000002,33.6,9879.447221405468,33.485760000000006,0.16957136128120584,1.0,2.0,0.76615757
0022400400,1610612760,Oklahoma City,Thunder,OKC,thunder,1641717,Cason,Wallace,C. Wallace,cason-wallace,,,,28:06,28.1,4,6,0.667,1,2,0.5,0,0,0.0,2,2,4,4,2,1,0,3,9,22.0,0022400400,Cason Wallace,cason wallace,,,2024-12-23,3,0.32028469750889677,0.07117437722419928,0.14234875444839856,0.14234875444839856,0.1779359430604982,5.0,5.0,6.0,1.0,4.0,3.0,2.0,3.0,2.0,0,0.0,0,0.00079,35.8,45259.16561314791,35.771718,0.10676156583629892,2.0,6.0,0.72688806
0022400400,1610612760,Oklahoma City,Thunder,OKC,thunder,1629026,Kenrich,Williams,K. Williams,kenrich-williams,,,,13:05,13.083333333333334,3,7,0.429,1,5,0.2,0,0,0.0,3,5,8,1,3,0,1,1,7,19.0,0022400400,Kenrich Williams,kenrich williams,,,2024-12-23,3,0.535031847133758,0.22929936305732482,0.6114649681528662,0.07643312101910828,0.45859872611464964,6.0,1.0,4.0,8.0,1.0,7.0,5.0,10.0,4.0,0,0.0,0,0.00216,63.5,29384.54419250347,63.36284,0.22929936305732482,2.0,1.0,0.5786103
0022400400,1610612760,Oklahoma City,Thunder,OKC,thunder,1630598,Aaron,Wiggins,A. Wiggins,aaron-wiggins,,,,13:36,13.6,3,8,0.375,1,5,0.2,0,0,0.0,0,1,1,0,0,0,3,0,7,-1.0,0022400400,Aaron Wiggins,aaron wiggins,,,2024-12-23,0,0.5147058823529412,0.0,0.07352941176470588,0.0,0.0,6.0,9.0,10.0,11.0,8.0,7.0,8.0,9.0,0.0,0,0.0,0,0.0028899999999999998,-6.0,-2075.406433759945,-5.98266,0.0,11.0,11.0,0.09132008
0022400400,1610612760,Oklahoma City,Thunder,OKC,thunder,1642349,Ajay,Mitchell,A. Mitchell,ajay-mitchell,,,,21:31,21.516666666666666,6,7,0.857,2,3,0.667,2,3,0.667,3,9,12,2,1,1,2,2,16,20.0,0022400400,Ajay Mitchell,ajay mitchell,,,2024-12-23,2,0.7436096049573974,0.139426800929512,0.557707203718048,0.09295120061967467,0.2323780015491867,3.0,1.0,1.0,6.0,6.0,3.0,4.0,6.0,2.0,0,0.0,0,0.00169,41.5,24541.691306918983,41.429865,0.09295120061967467,5.0,3.0,0.9078246
0022400400,1610612760,Oklahoma City,Thunder,OKC,thunder,1627936,Alex,Caruso,A. Caruso,alex-caruso,,,,14:57,14.95,1,5,0.2,0,2,0.0,0,0,0.0,1,1,2,4,2,0,0,0,2,22.0,0022400400,Alex Caruso,alex caruso,,,2024-12-23,2,0.13377926421404682,0.06688963210702341,0.13377926421404682,0.26755852842809363,0.20066889632107024,10.0,8.0,7.0,1.0,4.0,7.0,2.0,8.0,3.0,0,0.0,0,0.00128,62.6,48868.07181889149,62.51987200000001,0.13377926421404682,5.0,4.0,0.06712003
0022400400,1610612760,Oklahoma City,Thunder,OKC,thunder,1631119,Jaylin,Williams,J. Williams,jaylin-williams,,,,7:49,7.816666666666666,1,3,0.333,1,3,0.333,0,0,0.0,0,0,0,2,0,1,0,1,3,3.0,0022400400,Jaylin Williams,jaylin williams,,,2024-12-23,1,0.3837953091684435,0.0,0.0,0.255863539445629,0.1279317697228145,9.0,9.0,12.0,6.0,8.0,3.0,6.0,11.0,0.0,0,0.0,0,0.00158,21.9,13851.992409867173,21.865398,0.1279317697228145,8.0,8.0,0.0109236
0022400400,1610612760,Oklahoma City,Thunder,OKC,thunder,1641794,Dillon,Jones,D. Jones,dillon-jones,,,,2:59,2.9833333333333334,0,0,0.0,0,0,0.0,0,0,0.0,0,0,0,0,0,0,0,0,0,-1.0,0022400400,Dillon Jones,dillon jones,,,2024-12-23,0,0.0,0.0,0.0,0.0,0.0,11.0,9.0,12.0,11.0,8.0,7.0,8.0,12.0,0.0,0,0.0,0,0.0,-14.3,-14300000.000000002,-14.3,0.0,11.0,11.0,0.0046202173
0022400400,1610612760,Oklahoma City,Thunder,OKC,thunder,1631172,Ousmane,Dieng,O. Dieng,ousmane-dieng,,,,2:59,2.9833333333333334,0,1,0.0,0,0,0.0,0,0,0.0,0,1,1,0,0,0,0,0,0,-1.0,0022400400,Ousmane Dieng,ousmane dieng,,,2024-12-23,0,0.0,0.0,0.33519553072625696,0.0,0.0,11.0,9.0,10.0,11.0,8.0,7.0,8.0,12.0,,1,,1,0.0014299999999999998,-14.3,-9993.011879804335,-14.279551,0.0,11.0,11.0,0.004121376
0022400410,1610612760,Oklahoma City,Thunder,OKC,thunder,1629652,Luguentz,Dort,L. Dort,luguentz-dort,F,,,34:32,34.53333333333333,5,13,0.385,3,8,0.375,0,0,0.0,3,4,7,0,0,0,0,3,13,11.0,0022400410,Luguentz Dort,luguentz dort,,,2024-12-26,0,0.3764478764478765,0.08687258687258688,0.20270270270270271,0.0,0.08687258687258688,3.0,1.0,2.0,8.0,4.0,4.0,2.0,3.0,1.0,0,1.0,0,0.00155,11.7,7543.520309477756,11.681864999999998,0.0,5.0,5.0,0.69165844
0022400410,1610612760,Oklahoma City,Thunder,OKC,thunder,1631114,Jalen,Williams,J. Williams,jalen-williams,F,,,35:30,35.5,8,22,0.364,2,6,0.333,2,2,1.0,0,4,4,5,0,0,2,2,20,-8.0,0022400410,Jalen Williams,jalen williams,,,2024-12-26,0,0.5633802816901409,0.0,0.11267605633802817,0.14084507042253522,0.0,2.0,6.0,5.0,2.0,4.0,4.0,11.0,2.0,1.0,0,0.0,0,0.00298,-11.8,-3958.4032203958404,-11.764836,0.0,5.0,9.0,0.59345317
0022400410,1610612760,Oklahoma City,Thunder,OKC,thunder,1628392,Isaiah,Hartenstein,I. Hartenstein,isaiah-hartenstein,C,,,34:28,34.46666666666667,3,6,0.5,0,0,0.0,5,8,0.625,2,11,13,1,0,1,0,2,11,-4.0,0022400410,Isaiah Hartenstein,isaiah hartenstein,,,2024-12-26,1,0.3191489361702127,0.058027079303675046,0.3771760154738878,0.029013539651837523,0.08704061895551257,4.0,2.0,1.0,5.0,4.0,2.0,9.0,4.0,0.0,0,0.0,0,0.0012,-8.2,-6827.643630308077,-8.190159999999999,0.029013539651837523,3.0,4.0,0.14589919
0022400410,1610612760,Oklahoma City,Thunder,OKC,thunder,1641717,Cason,Wallace,C. Wallace,cason-wallace,G,,,29:52,29.866666666666667,1,5,0.2,0,2,0.0,0,0,0.0,0,2,2,1,2,1,0,3,2,-4.0,0022400410,Cason Wallace,cason wallace,,,2024-12-26,3,0.06696428571428571,0.0,0.06696428571428571,0.033482142857142856,0.10044642857142858,9.0,6.0,7.0,5.0,1.0,2.0,9.0,5.0,4.0,0,0.0,0,0.0007099999999999999,-7.9,-11111.111111111113,-7.894391000000001,0.10044642857142858,1.0,3.0,0.016038513
0022400410,1610612760,Oklahoma City,Thunder,OKC,thunder,1628983,Shai,Gilgeous-Alexander,S. Gilgeous-Alexander,shai-gilgeous-alexander,G,,,37:59,37.983333333333334,15,22,0.682,4,5,0.8,11,11,1.0,0,7,7,8,1,2,1,2,45,10.0,0022400410,Shai Gilgeous-Alexander,shai gilgeous-alexander,,,2024-12-26,3,1.184730144800351,0.0,0.18429135585783238,0.21061869240895129,0.07898200965335674,1.0,6.0,2.0,1.0,2.0,1.0,3.0,1.0,3.0,0,0.0,0,0.00311,11.1,3567.984570877531,11.065479,0.07898200965335674,1.0,6.0,0.8458383
0022400410,1610612760,Oklahoma City,Thunder,OKC,thunder,1630198,Isaiah,Joe,I. Joe,isaiah-joe,,,,16:50,16.833333333333332,2,8,0.25,1,7,0.143,0,0,0.0,1,1,2,2,0,0,0,2,5,0.0,0022400410,Isaiah Joe,isaiah joe,,,2024-12-26,0,0.29702970297029707,0.05940594059405941,0.11881188118811882,0.11881188118811882,0.05940594059405941,7.0,4.0,7.0,3.0,4.0,4.0,7.0,6.0,1.0,0,0.0,0,0.0020499999999999997,-7.4,-3607.9960994636767,-7.38483,0.0,5.0,8.0,0.03172638
0022400410,1610612760,Oklahoma City,Thunder,OKC,thunder,1631119,Jaylin,Williams,J. Williams,jaylin-williams,,,,9:31,9.516666666666667,1,3,0.333,1,3,0.333,0,0,0.0,1,2,3,1,0,0,0,1,3,7.0,0022400410,Jaylin Williams,jaylin williams,,,2024-12-26,0,0.31523642732049034,0.10507880910683011,0.31523642732049034,0.10507880910683011,0.10507880910683011,8.0,4.0,6.0,5.0,4.0,4.0,4.0,9.0,0.0,0,0.0,0,0.0013,38.9,29900.07686395081,38.84943,0.0,5.0,2.0,0.02578965
0022400410,1610612760,Oklahoma City,Thunder,OKC,thunder,1629026,Kenrich,Williams,K. Williams,kenrich-williams,,,,16:36,16.6,4,6,0.667,1,2,0.5,0,0,0.0,2,4,6,0,0,0,0,0,9,13.0,0022400410,Kenrich Williams,kenrich williams,,,2024-12-26,0,0.5421686746987951,0.12048192771084336,0.36144578313253006,0.0,0.12048192771084336,5.0,2.0,4.0,8.0,4.0,4.0,1.0,7.0,1.0,0,0.0,0,0.00154,35.2,22842.31018818949,35.145792,0.0,5.0,1.0,0.80592227
0022400410,1610612760,Oklahoma City,Thunder,OKC,thunder,1642349,Ajay,Mitchell,A. Mitchell,ajay-mitchell,,,,15:48,15.8,4,5,0.8,1,2,0.5,0,1,0.0,0,1,1,0,1,0,0,1,9,1.0,0022400410,Ajay Mitchell,ajay mitchell,,,2024-12-26,1,0.5696202531645569,0.0,0.06329113924050632,0.0,0.06329113924050632,5.0,6.0,9.0,8.0,2.0,4.0,6.0,8.0,1.0,0,0.0,0,0.0014299999999999998,6.6,4612.1593291404615,6.590561999999999,0.06329113924050632,3.0,7.0,0.59932995
0022400410,1610612760,Oklahoma City,Thunder,OKC,thunder,1630598,Aaron,Wiggins,A. Wiggins,aaron-wiggins,,,,5:55,5.916666666666667,1,4,0.25,0,2,0.0,0,0,0.0,0,0,0,2,0,0,0,1,2,-3.0,0022400410,Aaron Wiggins,aaron wiggins,,,2024-12-26,0,0.3380281690140845,0.0,0.0,0.3380281690140845,0.0,9.0,6.0,10.0,3.0,4.0,4.0,8.0,10.0,0.0,0,0.0,0,0.00308,-25.0,-8114.248620577735,-24.923000000000002,0.0,5.0,9.0,0.006154112
0022400410,1610612760,Oklahoma City,Thunder,OKC,thunder,1641794,Dillon,Jones,D. Jones,dillon-jones,,,,2:59,2.9833333333333334,0,1,0.0,0,0,0.0,1,2,0.5,0,0,0,0,0,0,0,1,1,7.0,0022400410,Dillon Jones,dillon jones,,,2024-12-26,0,0.33519553072625696,0.0,0.0,0.0,0.0,11.0,6.0,10.0,8.0,4.0,4.0,4.0,11.0,0.0,0,0.0,0,0.00333,116.7,35034.52416691684,116.31138899999999,0.0,5.0,9.0,0.005340935
0022400428,1610612760,Oklahoma City,Thunder,OKC,thunder,1630598,Aaron,Wiggins,A. Wiggins,aaron-wiggins,F,,,33:15,33.25,6,10,0.6,3,7,0.429,2,2,1.0,3,2,5,1,2,0,2,2,17,18.0,0022400428,Aaron Wiggins,aaron wiggins,,,2024-12-28,2,0.5112781954887218,0.09022556390977443,0.15037593984962405,0.03007518796992481,0.15037593984962405,3.0,1.0,2.0,6.0,1.0,2.0,1.0,2.0,2.0,0,0.0,0,0.00167,24.5,14661.879114302814,24.459085,0.06015037593984962,2.0,1.0,0.8648639
0022400428,1610612760,Oklahoma City,Thunder,OKC,thunder,1631114,Jalen,Williams,J. Williams,jalen-williams,F,,,33:38,33.63333333333333,8,21,0.381,1,7,0.143,3,3,1.0,0,3,3,6,1,0,1,0,20,17.0,0022400428,Jalen Williams,jalen williams,,,2024-12-28,1,0.5946481665014867,0.0,0.08919722497522299,0.17839444995044598,0.02973240832507433,2.0,7.0,8.0,1.0,3.0,2.0,2.0,1.0,5.0,0,0.0,0,0.00311,25.0,8036.001285760206,24.922250000000002,0.02973240832507433,3.0,8.0,0.64463836
0022400428,1610612760,Oklahoma City,Thunder,OKC,thunder,1628392,Isaiah,Hartenstein,I. Hartenstein,isaiah-hartenstein,C,,,25:28,25.466666666666665,6,7,0.857,0,0,0.0,0,0,0.0,1,14,15,4,1,0,3,4,12,10.0,0022400428,Isaiah Hartenstein,isaiah hartenstein,,,2024-12-28,1,0.47120418848167545,0.03926701570680628,0.5890052356020943,0.15706806282722513,0.07853403141361257,4.0,3.0,1.0,4.0,3.0,2.0,4.0,5.0,4.0,0,0.0,0,0.00182,18.9,10378.912685337726,18.865602,0.03926701570680628,3.0,5.0,0.7511093
0022400428,1610612760,Oklahoma City,Thunder,OKC,thunder,1642349,Ajay,Mitchell,A. Mitchell,ajay-mitchell,G,,,31:34,31.566666666666666,4,8,0.5,1,2,0.5,1,1,1.0,1,4,5,4,0,0,1,1,10,7.0,0022400428,Ajay Mitchell,ajay mitchell,,,2024-12-28,0,0.3167898627243928,0.03167898627243928,0.1583949313621964,0.12671594508975711,0.03167898627243928,5.0,3.0,2.0,4.0,8.0,2.0,5.0,4.0,2.0,0,0.0,0,0.00127,10.6,8339.889850511408,10.586538,0.0,8.0,7.0,0.22397937
0022400428,1610612760,Oklahoma City,Thunder,OKC,thunder,1628983,Shai,Gilgeous-Alexander,S. Gilgeous-Alexander,shai-gilgeous-alexander,G,,,32:59,32.983333333333334,8,15,0.533,1,6,0.167,5,6,0.833,1,3,4,6,2,1,6,4,22,12.0,0022400428,Shai Gilgeous-Alexander,shai gilgeous-alexander,,,2024-12-28,3,0.6670035371399696,0.03031834259727135,0.1212733703890854,0.18191005558362808,0.1212733703890854,1.0,3.0,4.0,1.0,1.0,1.0,3.0,3.0,3.0,0,0.0,0,0.0030299999999999997,17.6,5806.664467172551,17.546672,0.09095502779181404,1.0,4.0,0.6107275
0022400428,1610612760,Oklahoma City,Thunder,OKC,thunder,1631119,Jaylin,Williams,J. Williams,jaylin-williams,,,,22:32,22.533333333333335,3,7,0.429,3,6,0.5,0,0,0.0,2,2,4,6,1,0,1,3,9,2.0,0022400428,Jaylin Williams,jaylin williams,,,2024-12-28,1,0.3994082840236686,0.08875739644970414,0.17751479289940827,0.2662721893491124,0.1331360946745562,6.0,2.0,4.0,1.0,3.0,2.0,6.0,6.0,2.0,0,1.0,0,0.00145,2.3,1585.1137146795315,2.296665,0.04437869822485207,3.0,2.0,0.30600128
0022400428,1610612760,Oklahoma City,Thunder,OKC,thunder,1641794,Dillon,Jones,D. Jones,dillon-jones,,,,14:46,14.766666666666667,1,5,0.2,0,3,0.0,0,0,0.0,0,3,3,1,0,0,0,2,2,-11.0,0022400428,Dillon Jones,dillon jones,,,2024-12-28,0,0.13544018058690743,0.0,0.20316027088036115,0.06772009029345372,0.0,9.0,7.0,8.0,6.0,8.0,2.0,10.0,9.0,0.0,0,0.0,0,0.0013900000000000002,-34.4,-24730.409777138746,-34.352184,0.0,8.0,9.0,0.0062930826
0022400428,1610612760,Oklahoma City,Thunder,OKC,thunder,1630198,Isaiah,Joe,I. Joe,isaiah-joe,,,,16:22,16.366666666666667,2,7,0.286,1,6,0.167,0,1,0.0,1,3,4,0,1,0,0,1,5,2.0,0022400428,Isaiah Joe,isaiah joe,,,2024-12-28,1,0.30549898167006106,0.06109979633401222,0.24439918533604887,0.0,0.12219959266802444,8.0,3.0,4.0,9.0,3.0,2.0,6.0,8.0,1.0,0,0.0,0,0.0017100000000000001,2.7,1578.0245470485097,2.695383,0.06109979633401222,3.0,3.0,0.06625378
0022400428,1610612760,Oklahoma City,Thunder,OKC,thunder,1629026,Kenrich,Williams,K. Williams,kenrich-williams,,,,22:02,22.033333333333335,4,6,0.667,0,0,0.0,1,1,1.0,0,4,4,1,1,0,1,1,9,2.0,0022400428,Kenrich Williams,kenrich williams,,,2024-12-28,1,0.4084720121028744,0.0,0.1815431164901664,0.0453857791225416,0.0453857791225416,6.0,7.0,4.0,6.0,3.0,2.0,6.0,7.0,4.0,0,0.0,0,0.0014000000000000002,2.3,1641.6845110635259,2.29678,0.0453857791225416,3.0,6.0,0.46822444
0022400428,1610612760,Oklahoma City,Thunder,OKC,thunder,1631172,Ousmane,Dieng,O. Dieng,ousmane-dieng,,,,7:24,7.4,0,2,0.0,0,1,0.0,0,0,0.0,0,2,2,0,0,0,0,1,0,1.0,0022400428,Ousmane Dieng,ousmane dieng,,,2024-12-28,0,0.0,0.0,0.27027027027027023,0.0,0.0,10.0,7.0,10.0,9.0,8.0,2.0,9.0,10.0,0.0,0,0.0,0,0.00125,6.3,5035.971223021583,6.292125,0.0,8.0,9.0,0.0038791
0022400440,1610612760,Oklahoma City,Thunder,OKC,thunder,1629652,Luguentz,Dort,L. Dort,luguentz-dort,F,,,26:25,26.416666666666668,1,6,0.167,1,5,0.2,0,0,0.0,1,3,4,2,0,0,0,3,3,13.0,0022400440,Luguentz Dort,luguentz dort,,,2024-12-29,0,0.11356466876971609,0.03785488958990536,0.15141955835962145,0.07570977917981073,0.03785488958990536,10.0,3.0,4.0,7.0,8.0,5.0,6.0,3.0,2.0,0,0.0,0,0.0009,22.4,24861.265260821307,22.379839999999998,0.0,10.0,11.0,0.020118732
0022400440,1610612760,Oklahoma City,Thunder,OKC,thunder,1631114,Jalen,Williams,J. Williams,jalen-williams,F,,,25:35,25.583333333333332,7,16,0.438,0,5,0.0,0,0,0.0,4,6,10,8,2,1,2,3,14,12.0,0022400440,Jalen Williams,jalen williams,,,2024-12-29,3,0.5472312703583062,0.15635179153094464,0.39087947882736157,0.3127035830618893,0.2736156351791531,4.0,1.0,1.0,1.0,1.0,3.0,7.0,4.0,3.0,0,0.0,0,0.00269,24.1,8955.778520995911,24.035171000000002,0.11726384364820848,2.0,1.0,0.6710105
0022400440,1610612760,Oklahoma City,Thunder,OKC,thunder,1628392,Isaiah,Hartenstein,I. Hartenstein,isaiah-hartenstein,C,,,25:13,25.216666666666665,6,13,0.462,0,2,0.0,0,0,0.0,2,7,9,6,0,3,2,3,12,14.0,0022400440,Isaiah Hartenstein,isaiah hartenstein,,,2024-12-29,3,0.47587574355584933,0.07931262392597489,0.356906807666887,0.23793787177792466,0.19828155981493722,5.0,2.0,2.0,3.0,8.0,2.0,5.0,5.0,1.0,0,0.0,0,0.00234,26.6,11362.665527552328,26.537756,0.11896893588896233,2.0,3.0,0.62520427
0022400440,1610612760,Oklahoma City,Thunder,OKC,thunder,1641717,Cason,Wallace,C. Wallace,cason-wallace,G,,,30:55,30.916666666666668,2,5,0.4,1,2,0.5,0,0,0.0,0,1,1,3,2,0,1,4,5,7.0,0022400440,Cason Wallace,cason wallace,,,2024-12-29,2,0.16172506738544473,0.0,0.03234501347708895,0.09703504043126684,0.0646900269541779,8.0,6.0,10.0,4.0,1.0,5.0,8.0,1.0,6.0,0,0.0,0,0.00077,13.7,17769.13099870298,13.689450999999998,0.0646900269541779,4.0,9.0,0.025227675
0022400440,1610612760,Oklahoma City,Thunder,OKC,thunder,1628983,Shai,Gilgeous-Alexander,S. Gilgeous-Alexander,shai-gilgeous-alexander,G,,,28:04,28.066666666666666,14,19,0.737,1,5,0.2,6,6,1.0,0,6,6,7,1,4,1,1,35,27.0,0022400440,Shai Gilgeous-Alexander,shai gilgeous-alexander,,,2024-12-29,5,1.2470308788598574,0.0,0.21377672209026127,0.2494061757719715,0.17814726840855108,1.0,6.0,3.0,2.0,4.0,1.0,1.0,2.0,2.0,0,0.0,0,0.00329,44.2,13430.568216347616,44.054582,0.17814726840855108,1.0,4.0,0.7735407
0022400440,1610612760,Oklahoma City,Thunder,OKC,thunder,1629026,Kenrich,Williams,K. Williams,kenrich-williams,,,,11:32,11.533333333333333,4,6,0.667,3,4,0.75,1,1,1.0,1,2,3,3,0,0,0,3,12,15.0,0022400440,Kenrich Williams,kenrich williams,,,2024-12-29,0,1.0404624277456647,0.08670520231213873,0.26011560693641617,0.26011560693641617,0.08670520231213873,5.0,3.0,5.0,4.0,8.0,5.0,4.0,9.0,1.0,0,0.0,0,0.00194,55.6,28645.028335909326,55.492135999999995,0.0,10.0,7.0,0.8138267
0022400440,1610612760,Oklahoma City,Thunder,OKC,thunder,1630598,Aaron,Wiggins,A. Wiggins,aaron-wiggins,,,,23:46,23.766666666666666,6,13,0.462,1,5,0.2,3,3,1.0,0,3,3,0,2,0,0,0,16,3.0,0022400440,Aaron Wiggins,aaron wiggins,,,2024-12-29,2,0.6732117812061711,0.0,0.12622720897615708,0.0,0.08415147265077139,3.0,6.0,5.0,11.0,1.0,5.0,9.0,6.0,2.0,0,0.0,0,0.00241,7.9,3276.6486934881796,7.880961,0.08415147265077139,4.0,8.0,0.72037846
0022400440,1610612760,Oklahoma City,Thunder,OKC,thunder,1642349,Ajay,Mitchell,A. Mitchell,ajay-mitchell,,,,21:36,21.6,6,11,0.545,3,5,0.6,2,2,1.0,0,1,1,3,1,0,0,3,17,20.0,0022400440,Ajay Mitchell,ajay mitchell,,,2024-12-29,1,0.787037037037037,0.0,0.046296296296296294,0.13888888888888887,0.046296296296296294,2.0,6.0,10.0,4.0,4.0,5.0,3.0,8.0,3.0,0,0.0,0,0.00226,40.8,18045.112781954886,40.707792,0.046296296296296294,6.0,10.0,0.84879804
0022400440,1610612760,Oklahoma City,Thunder,OKC,thunder,1630198,Isaiah,Joe,I. Joe,isaiah-joe,,,,22:10,22.166666666666668,4,9,0.444,3,8,0.375,0,0,0.0,1,2,3,0,1,0,1,2,11,21.0,0022400440,Isaiah Joe,isaiah joe,,,2024-12-29,1,0.49624060150375937,0.045112781954887216,0.13533834586466165,0.0,0.09022556390977443,7.0,3.0,5.0,11.0,4.0,5.0,2.0,7.0,0.0,0,0.0,0,0.00185,43.9,23716.90977849811,43.818785,0.045112781954887216,6.0,6.0,0.6058325
0022400440,1610612760,Oklahoma City,Thunder,OKC,thunder,1631119,Jaylin,Williams,J. Williams,jaylin-williams,,,,9:40,9.666666666666666,2,2,1.0,1,1,1.0,0,0,0.0,0,2,2,1,0,0,1,1,5,-4.0,0022400440,Jaylin Williams,jaylin williams,,,2024-12-29,0,0.5172413793103449,0.0,0.20689655172413796,0.10344827586206898,0.0,8.0,6.0,8.0,8.0,8.0,5.0,13.0,10.0,0.0,0,0.0,0,0.00136,-13.6,-9992.652461425421,-13.581503999999999,0.0,10.0,12.0,0.027837345
0022400440,1610612760,Oklahoma City,Thunder,OKC,thunder,1641794,Dillon,Jones,D. Jones,dillon-jones,,,,6:34,6.566666666666666,0,0,0.0,0,0,0.0,0,0,0.0,0,0,0,1,0,1,0,1,0,-2.0,0022400440,Dillon Jones,dillon jones,,,2024-12-29,1,0.0,0.0,0.0,0.15228426395939088,0.15228426395939088,11.0,6.0,13.0,8.0,8.0,3.0,10.0,11.0,0.0,0,0.0,0,0.0,-8.1,-8100000.0,-8.1,0.15228426395939088,6.0,5.0,0.0059100995
0022400440,1610612760,Oklahoma City,Thunder,OKC,thunder,1631172,Ousmane,Dieng,O. Dieng,ousmane-dieng,,,,4:30,4.5,0,2,0.0,0,1,0.0,0,0,0.0,0,2,2,1,1,0,1,0,0,-3.0,0022400440,Ousmane Dieng,ousmane dieng,,,2024-12-29,1,0.0,0.0,0.4444444444444444,0.2222222222222222,0.2222222222222222,11.0,6.0,8.0,8.0,4.0,5.0,11.0,12.0,1.0,0,0.0,0,0.003,-20.9,-6964.345218260579,-20.8373,0.2222222222222222,6.0,2.0,0.004670617
0022400440,1610612760,Oklahoma City,Thunder,OKC,thunder,1642382,Branden,Carlson,B. Carlson,branden-carlson,,,,4:00,4.0,0,1,0.0,0,1,0.0,0,0,0.0,0,1,1,0,0,0,1,0,0,-3.0,0022400440,Branden Carlson,branden carlson,,,2024-12-29,0,0.0,0.0,0.25,0.0,0.0,11.0,6.0,10.0,11.0,8.0,5.0,11.0,13.0,0.0,0,0.0,0,0.00222,-22.2,-9995.497523638,-22.150716,0.0,10.0,12.0,0.004167851
0022400452,1610612760,Oklahoma City,Thunder,OKC,thunder,1629652,Luguentz,Dort,L. Dort,luguentz-dort,F,,,34:36,34.6,5,12,0.417,4,7,0.571,0,0,0.0,2,4,6,2,0,0,1,2,14,3.0,0022400452,Luguentz Dort,luguentz dort,,,2024-12-31,0,0.40462427745664736,0.057803468208092484,0.17341040462427745,0.057803468208092484,0.057803468208092484,3.0,2.0,3.0,4.0,9.0,2.0,5.0,2.0,3.0,0,0.0,0,0.00167,4.3,2573.309395571514,4.292819,0.0,9.0,9.0,0.5849146
0022400452,1610612760,Oklahoma City,Thunder,OKC,thunder,1631114,Jalen,Williams,J. Williams,jalen-williams,F,,,37:44,37.733333333333334,6,12,0.5,1,4,0.25,1,4,0.25,0,7,7,7,3,0,3,3,14,-10.0,0022400452,Jalen Williams,jalen williams,,,2024-12-31,3,0.3710247349823321,0.0,0.18551236749116606,0.18551236749116606,0.07950530035335689,3.0,7.0,2.0,1.0,3.0,2.0,10.0,1.0,3.0,0,0.0,0,0.00191,-12.7,-6645.735217163789,-12.675742999999999,0.07950530035335689,3.0,6.0,0.45412147
0022400452,1610612760,Oklahoma City,Thunder,OKC,thunder,1628392,Isaiah,Hartenstein,I. Hartenstein,isaiah-hartenstein,C,,,32:00,32.0,5,10,0.5,0,1,0.0,5,5,1.0,3,7,10,4,1,2,0,1,15,13.0,0022400452,Isaiah Hartenstein,isaiah hartenstein,,,2024-12-31,3,0.46875,0.09375,0.3125,0.125,0.1875,2.0,1.0,1.0,3.0,4.0,1.0,3.0,4.0,0.0,0,0.0,0,0.00156,23.5,15054.452274183217,23.46334,0.09375,3.0,1.0,0.7929189
0022400452,1610612760,Oklahoma City,Thunder,OKC,thunder,1641717,Cason,Wallace,C. Wallace,cason-wallace,G,,,32:00,32.0,1,8,0.125,0,4,0.0,3,4,0.75,1,1,2,7,4,0,0,2,5,19.0,0022400452,Cason Wallace,cason wallace,,,2024-12-31,4,0.15625,0.03125,0.0625,0.21875,0.15625,7.0,3.0,7.0,1.0,1.0,2.0,2.0,4.0,6.0,0,0.0,0,0.00133,29.3,22013.52366641623,29.261031,0.125,1.0,2.0,0.12489041
0022400452,1610612760,Oklahoma City,Thunder,OKC,thunder,1628983,Shai,Gilgeous-Alexander,S. Gilgeous-Alexander,shai-gilgeous-alexander,G,,,34:20,34.333333333333336,15,23,0.652,3,5,0.6,7,9,0.778,1,2,3,2,4,0,3,1,40,11.0,0022400452,Shai Gilgeous-Alexander,shai gilgeous-alexander,,,2024-12-31,4,1.1650485436893203,0.029126213592233007,0.08737864077669902,0.058252427184466014,0.14563106796116504,1.0,3.0,4.0,4.0,1.0,2.0,4.0,3.0,1.0,0,0.0,0,0.00357,13.4,3752.4502940352845,13.352162000000002,0.11650485436893203,1.0,3.0,0.85272485
0022400452,1610612760,Oklahoma City,Thunder,OKC,thunder,1631119,Jaylin,Williams,J. Williams,jaylin-williams,,,,10:26,10.433333333333334,1,4,0.25,1,4,0.25,0,0,0.0,0,1,1,1,1,0,0,0,3,-6.0,0022400452,Jaylin Williams,jaylin williams,,,2024-12-31,1,0.28753993610223644,0.0,0.09584664536741214,0.09584664536741214,0.09584664536741214,9.0,7.0,9.0,6.0,4.0,2.0,8.0,10.0,1.0,0,0.0,0,0.00167,-22.5,-13464.991023339318,-22.462425,0.09584664536741214,5.0,5.0,0.009454774
0022400452,1610612760,Oklahoma City,Thunder,OKC,thunder,1642349,Ajay,Mitchell,A. Mitchell,ajay-mitchell,,,,17:58,17.966666666666665,1,4,0.25,0,3,0.0,1,1,1.0,1,2,3,0,0,0,0,2,3,2.0,0022400452,Ajay Mitchell,ajay mitchell,,,2024-12-31,0,0.16697588126159557,0.05565862708719852,0.16697588126159557,0.0,0.05565862708719852,9.0,3.0,4.0,9.0,9.0,2.0,6.0,6.0,1.0,0,0.0,0,0.00091,2.3,2524.6981339187705,2.297907,0.0,9.0,10.0,0.019943187
0022400452,1610612760,Oklahoma City,Thunder,OKC,thunder,1630198,Isaiah,Joe,I. Joe,isaiah-joe,,,,12:39,12.65,3,6,0.5,1,4,0.25,0,0,0.0,0,0,0,1,1,0,0,0,7,20.0,0022400452,Isaiah Joe,isaiah joe,,,2024-12-31,1,0.5533596837944664,0.0,0.0,0.07905138339920949,0.07905138339920949,5.0,7.0,10.0,6.0,4.0,2.0,1.0,9.0,1.0,0,0.0,0,0.00182,74.0,40637.01263042285,73.86532,0.07905138339920949,5.0,7.0,0.33534086
0022400452,1610612760,Oklahoma City,Thunder,OKC,thunder,1629026,Kenrich,Williams,K. Williams,kenrich-williams,,,,14:37,14.616666666666667,2,4,0.5,1,2,0.5,0,0,0.0,1,1,2,0,1,0,1,2,5,-4.0,0022400452,Kenrich Williams,kenrich williams,,,2024-12-31,1,0.3420752565564424,0.06841505131128849,0.13683010262257697,0.0,0.13683010262257697,7.0,3.0,7.0,9.0,4.0,2.0,7.0,7.0,2.0,0,0.0,0,0.00147,-10.1,-6866.077498300477,-10.085153,0.06841505131128849,5.0,4.0,0.0500092
0022400452,1610612760,Oklahoma City,Thunder,OKC,thunder,1630598,Aaron,Wiggins,A. Wiggins,aaron-wiggins,,,,13:40,13.666666666666666,3,6,0.5,1,2,0.5,0,0,0.0,0,3,3,1,1,0,1,0,7,-8.0,0022400452,Aaron Wiggins,aaron wiggins,,,2024-12-31,1,0.5121951219512195,0.0,0.21951219512195122,0.07317073170731708,0.07317073170731708,5.0,7.0,4.0,6.0,4.0,2.0,9.0,8.0,1.0,0,0.0,0,0.0025,-24.7,-9876.049580167932,-24.63825,0.07317073170731708,5.0,8.0,0.12880664
0022400466,1610612760,Oklahoma City,Thunder,OKC,thunder,1629652,Luguentz,Dort,L. Dort,luguentz-dort,F,,,23:24,23.4,3,7,0.429,3,7,0.429,0,0,0.0,0,1,1,0,2,0,0,3,9,26.0,0022400466,Luguentz Dort,luguentz dort,,,2025-01-02,2,0.38461538461538464,0.0,0.042735042735042736,0.0,0.08547008547008547,5.0,4.0,9.0,10.0,1.0,3.0,2.0,6.0,3.0,0,0.0,0,0.00135,54.8,40562.546262028125,54.72602,0.08547008547008547,3.0,5.0,0.52395564
0022400466,1610612760,Oklahoma City,Thunder,OKC,thunder,1631114,Jalen,Williams,J. Williams,jalen-williams,F,,,29:36,29.6,8,14,0.571,1,3,0.333,1,2,0.5,0,3,3,4,2,1,2,0,18,33.0,0022400466,Jalen Williams,jalen williams,,,2025-01-02,3,0.6081081081081081,0.0,0.10135135135135134,0.13513513513513511,0.10135135135135134,2.0,4.0,4.0,3.0,1.0,2.0,1.0,2.0,3.0,0,0.0,0,0.00254,52.4,20621.802439984254,52.266904,0.10135135135135134,1.0,4.0,0.72173554
0022400466,1610612760,Oklahoma City,Thunder,OKC,thunder,1628392,Isaiah,Hartenstein,I. Hartenstein,isaiah-hartenstein,C,,,23:29,23.483333333333334,5,9,0.556,0,1,0.0,1,1,1.0,0,9,9,6,1,2,2,4,11,23.0,0022400466,Isaiah Hartenstein,isaiah hartenstein,,,2025-01-02,3,0.46841731724627395,0.0,0.38325053229240597,0.25550035486160394,0.12775017743080197,3.0,4.0,1.0,2.0,5.0,1.0,3.0,5.0,2.0,0,0.0,0,0.00212,50.6,23856.671381423857,50.492728,0.12775017743080197,1.0,2.0,0.7394546
0022400466,1610612760,Oklahoma City,Thunder,OKC,thunder,1630598,Aaron,Wiggins,A. Wiggins,aaron-wiggins,G,,,28:09,28.15,4,7,0.571,1,3,0.333,0,0,0.0,2,2,4,2,0,0,1,0,9,16.0,0022400466,Aaron Wiggins,aaron wiggins,,,2025-01-02,0,0.3197158081705151,0.07104795737122559,0.14209591474245117,0.07104795737122559,0.07104795737122559,5.0,1.0,3.0,5.0,8.0,3.0,5.0,3.0,1.0,0,0.0,0,0.00127,30.3,23839.496459480724,30.261519,0.0,8.0,6.0,0.21542066
0022400466,1610612760,Oklahoma City,Thunder,OKC,thunder,1628983,Shai,Gilgeous-Alexander,S. Gilgeous-Alexander,shai-gilgeous-alexander,G,,,30:07,30.116666666666667,9,17,0.529,2,5,0.4,9,9,1.0,0,3,3,8,2,0,1,1,29,19.0,0022400466,Shai Gilgeous-Alexander,shai gilgeous-alexander,,,2025-01-02,2,0.9629219701162147,0.0,0.0996126175982291,0.26563364692861097,0.06640841173215274,1.0,4.0,4.0,1.0,1.0,3.0,4.0,1.0,3.0,0,0.0,0,0.00313,32.2,10284.2542318748,32.099214,0.06640841173215274,3.0,8.0,0.8438004
0022400466,1610612760,Oklahoma City,Thunder,OKC,thunder,1631119,Jaylin,Williams,J. Williams,jaylin-williams,,,,19:03,19.05,1,7,0.143,0,6,0.0,0,0,0.0,1,6,7,2,0,0,0,1,2,-8.0,0022400466,Jaylin Williams,jaylin williams,,,2025-01-02,0,0.10498687664041995,0.05249343832020997,0.3674540682414698,0.10498687664041995,0.05249343832020997,10.0,2.0,2.0,5.0,8.0,3.0,11.0,7.0,2.0,0,0.0,0,0.0017499999999999998,-15.9,-9080.525414049116,-15.872175,0.0,8.0,9.0,0.020797769
0022400466,1610612760,Oklahoma City,Thunder,OKC,thunder,1630198,Isaiah,Joe,I. Joe,isaiah-joe,,,,17:32,17.533333333333335,3,6,0.5,3,6,0.5,0,0,0.0,0,2,2,0,0,0,0,0,9,-8.0,0022400466,Isaiah Joe,isaiah joe,,,2025-01-02,0,0.5133079847908745,0.0,0.11406844106463877,0.0,0.0,5.0,4.0,6.0,10.0,8.0,3.0,11.0,8.0,2.0,0,1.0,0,0.00158,-22.9,-14484.503478810879,-22.863818,0.0,8.0,11.0,0.1679591
0022400466,1610612760,Oklahoma City,Thunder,OKC,thunder,1641717,Cason,Wallace,C. Wallace,cason-wallace,,,,17:25,17.416666666666668,4,6,0.667,1,1,1.0,0,0,0.0,0,2,2,1,2,0,0,2,9,2.0,0022400466,Cason Wallace,cason wallace,,,2025-01-02,2,0.5167464114832535,0.0,0.11483253588516745,0.057416267942583726,0.11483253588516745,5.0,4.0,6.0,8.0,1.0,3.0,7.0,9.0,2.0,0,0.0,0,0.00154,5.6,3634.0038935756006,5.5913759999999995,0.11483253588516745,3.0,3.0,0.55715764
0022400466,1610612760,Oklahoma City,Thunder,OKC,thunder,1642349,Ajay,Mitchell,A. Mitchell,ajay-mitchell,,,,24:36,24.6,3,6,0.5,1,3,0.333,4,4,1.0,1,1,2,3,0,0,2,1,11,-8.0,0022400466,Ajay Mitchell,ajay mitchell,,,2025-01-02,0,0.44715447154471544,0.04065040650406504,0.08130081300813008,0.12195121951219512,0.04065040650406504,3.0,2.0,6.0,4.0,8.0,3.0,11.0,4.0,0.0,0,0.0,0,0.00185,-16.0,-8643.97622906537,-15.9704,0.0,8.0,10.0,0.1546127
0022400466,1610612760,Oklahoma City,Thunder,OKC,thunder,1629026,Kenrich,Williams,K. Williams,kenrich-williams,,,,14:32,14.533333333333333,2,6,0.333,2,3,0.667,1,2,0.5,0,1,1,2,1,0,0,2,7,3.0,0022400466,Kenrich Williams,kenrich williams,,,2025-01-02,1,0.481651376146789,0.0,0.06880733944954129,0.13761467889908258,0.06880733944954129,9.0,4.0,9.0,5.0,5.0,3.0,6.0,10.0,1.0,0,0.0,0,0.00226,10.3,4555.5064130915525,10.276722,0.06880733944954129,6.0,7.0,0.08968058
0022400466,1610612760,Oklahoma City,Thunder,OKC,thunder,1641794,Dillon,Jones,D. Jones,dillon-jones,,,,5:47,5.783333333333333,0,0,0.0,0,0,0.0,0,2,0.0,0,1,1,0,0,0,1,0,0,-4.0,0022400466,Dillon Jones,dillon jones,,,2025-01-02,0,0.0,0.0,0.1729106628242075,0.0,0.0,12.0,4.0,9.0,10.0,8.0,3.0,10.0,11.0,0.0,0,0.0,0,0.00167,-33.3,-19928.18671454219,-33.244389,0.0,8.0,11.0,0.0030882205
0022400466,1610612760,Oklahoma City,Thunder,OKC,thunder,1631172,Ousmane,Dieng,O. Dieng,ousmane-dieng,,,,3:10,3.1666666666666665,1,1,1.0,0,0,0.0,0,0,0.0,0,0,0,0,1,0,0,0,2,-2.0,0022400466,Ousmane Dieng,ousmane dieng,,,2025-01-02,1,0.6315789473684211,0.0,0.0,0.0,0.31578947368421056,10.0,4.0,12.0,10.0,5.0,3.0,8.0,12.0,1.0,0,0.0,0,0.00125,-25.0,-19984.012789768185,-24.96875,0.31578947368421056,6.0,1.0,0.017696071
0022400466,1610612760,Oklahoma City,Thunder,OKC,thunder,1642382,Branden,Carlson,B. Carlson,branden-carlson,,,,3:10,3.1666666666666665,0,0,0.0,0,0,0.0,0,0,0.0,0,0,0,1,0,0,0,0,0,-2.0,0022400466,Branden Carlson,branden carlson,,,2025-01-02,0,0.0,0.0,0.0,0.31578947368421056,0.0,12.0,4.0,12.0,8.0,8.0,3.0,8.0,12.0,,1,,1,0.0,-25.0,-25000000.0,-25.0,0.0,8.0,11.0,0.0039354763
0022400473,1610612760,Oklahoma City,Thunder,OKC,thunder,1629652,Luguentz,Dort,L. Dort,luguentz-dort,F,,,32:31,32.516666666666666,4,7,0.571,3,5,0.6,0,0,0.0,0,2,2,1,1,1,1,5,11,9.0,0022400473,Luguentz Dort,luguentz dort,,,2025-01-03,2,0.33828805740645823,0.0,0.06150691952844695,0.030753459764223477,0.06150691952844695,4.0,6.0,7.0,6.0,4.0,2.0,4.0,3.0,4.0,0,0.0,0,0.00111,13.2,11881.18811881188,13.185348,0.06150691952844695,2.0,9.0,0.4564739
0022400473,1610612760,Oklahoma City,Thunder,OKC,thunder,1631114,Jalen,Williams,J. Williams,jalen-williams,F,,,37:51,37.85,8,17,0.471,1,4,0.25,3,5,0.6,0,4,4,5,2,1,0,2,20,6.0,0022400473,Jalen Williams,jalen williams,,,2025-01-03,3,0.5284015852047556,0.0,0.10568031704095111,0.1321003963011889,0.07926023778071334,2.0,6.0,3.0,3.0,1.0,2.0,6.0,1.0,5.0,0,1.0,0,0.00226,8.9,3936.311366651924,8.879886,0.07926023778071334,1.0,8.0,0.8542214
0022400473,1610612760,Oklahoma City,Thunder,OKC,thunder,1628392,Isaiah,Hartenstein,I. Hartenstein,isaiah-hartenstein,C,,,31:09,31.15,2,4,0.5,0,0,0.0,0,2,0.0,2,12,14,7,1,1,3,1,4,11.0,0022400473,Isaiah Hartenstein,isaiah hartenstein,,,2025-01-03,2,0.12841091492776888,0.06420545746388444,0.44943820224719105,0.22471910112359553,0.12841091492776888,9.0,1.0,1.0,1.0,4.0,2.0,2.0,5.0,3.0,0,0.0,0,0.00111,15.2,13681.36813681368,15.183127999999998,0.06420545746388444,2.0,3.0,0.17737848
0022400473,1610612760,Oklahoma City,Thunder,OKC,thunder,1641717,Cason,Wallace,C. Wallace,cason-wallace,G,,,32:30,32.5,1,3,0.333,1,2,0.5,2,2,1.0,1,3,4,3,2,0,4,2,5,14.0,0022400473,Cason Wallace,cason wallace,,,2025-01-03,2,0.15384615384615385,0.03076923076923077,0.12307692307692308,0.09230769230769231,0.09230769230769231,8.0,3.0,3.0,4.0,1.0,7.0,1.0,4.0,5.0,0,0.0,0,0.0011,19.1,17347.865576748412,19.07899,0.06153846153846154,2.0,6.0,0.054312944
0022400473,1610612760,Oklahoma City,Thunder,OKC,thunder,1628983,Shai,Gilgeous-Alexander,S. Gilgeous-Alexander,shai-gilgeous-alexander,G,,,36:41,36.68333333333333,12,26,0.462,2,3,0.667,7,7,1.0,1,3,4,7,1,1,2,1,33,10.0,0022400473,Shai Gilgeous-Alexander,shai gilgeous-alexander,,,2025-01-03,2,0.8995910949568379,0.02726033621081327,0.10904134484325308,0.19082235347569287,0.08178100863243981,1.0,3.0,3.0,1.0,4.0,2.0,3.0,2.0,4.0,0,0.0,0,0.00373,11.4,3055.481104261592,11.357478,0.05452067242162654,2.0,7.0,0.789625
0022400473,1610612760,Oklahoma City,Thunder,OKC,thunder,1630198,Isaiah,Joe,I. Joe,isaiah-joe,,,,14:45,14.75,3,8,0.375,1,4,0.25,0,0,0.0,0,2,2,1,2,0,0,1,7,3.0,0022400473,Isaiah Joe,isaiah joe,,,2025-01-03,2,0.4745762711864407,0.0,0.13559322033898305,0.06779661016949153,0.13559322033898305,6.0,6.0,7.0,6.0,1.0,7.0,7.0,7.0,3.0,0,0.0,0,0.0023499999999999997,10.0,4253.509145044663,9.9765,0.13559322033898305,2.0,2.0,0.09419141
0022400473,1610612760,Oklahoma City,Thunder,OKC,thunder,1631119,Jaylin,Williams,J. Williams,jaylin-williams,,,,7:57,7.95,2,3,0.667,2,3,0.667,0,0,0.0,0,3,3,1,0,1,0,1,6,3.0,0022400473,Jaylin Williams,jaylin williams,,,2025-01-03,1,0.7547169811320754,0.0,0.3773584905660377,0.12578616352201258,0.12578616352201258,7.0,6.0,6.0,6.0,7.0,2.0,7.0,10.0,0.0,0,0.0,0,0.0017599999999999998,18.8,10675.752413401478,18.766912,0.12578616352201258,8.0,4.0,0.0746277
0022400473,1610612760,Oklahoma City,Thunder,OKC,thunder,1642349,Ajay,Mitchell,A. Mitchell,ajay-mitchell,,,,13:12,13.2,3,6,0.5,0,0,0.0,2,2,1.0,0,1,1,0,0,0,0,2,8,-4.0,0022400473,Ajay Mitchell,ajay mitchell,,,2025-01-03,0,0.6060606060606061,0.0,0.07575757575757576,0.0,0.0,5.0,6.0,10.0,9.0,7.0,7.0,9.0,8.0,0.0,0,0.0,0,0.00233,-10.2,-4375.804375804375,-10.176234,0.0,9.0,10.0,0.12167426
0022400473,1610612760,Oklahoma City,Thunder,OKC,thunder,1629026,Kenrich,Williams,K. Williams,kenrich-williams,,,,8:31,8.516666666666667,1,1,1.0,0,0,0.0,2,2,1.0,1,1,2,0,0,0,3,1,4,-10.0,0022400473,Kenrich Williams,kenrich williams,,,2025-01-03,0,0.46966731898238745,0.11741682974559686,0.23483365949119372,0.0,0.11741682974559686,9.0,3.0,7.0,9.0,7.0,7.0,10.0,9.0,2.0,0,0.0,0,0.0023799999999999997,-40.6,-17051.658966820665,-40.503372,0.0,9.0,5.0,0.008639096
0022400473,1610612760,Oklahoma City,Thunder,OKC,thunder,1630598,Aaron,Wiggins,A. Wiggins,aaron-wiggins,,,,24:53,24.883333333333333,7,9,0.778,4,6,0.667,1,1,1.0,2,3,5,2,0,2,0,1,19,8.0,0022400473,Aaron Wiggins,aaron wiggins,,,2025-01-03,2,0.7635632953784327,0.08037508372404555,0.20093770931011387,0.08037508372404555,0.1607501674480911,3.0,1.0,2.0,5.0,7.0,1.0,5.0,6.0,0.0,0,0.0,0,0.0015,14.8,9860.093271152566,14.777800000000001,0.08037508372404555,2.0,1.0,0.8944807
0022400487,1610612760,Oklahoma City,Thunder,OKC,thunder,1629652,Luguentz,Dort,L. Dort,luguentz-dort,F,,,38:49,38.81666666666667,5,14,0.357,4,9,0.444,0,0,0.0,2,4,6,1,1,1,3,3,14,12.0,0022400487,Luguentz Dort,luguentz dort,,,2025-01-05,2,0.360669815371404,0.051524259338772,0.154572778016316,0.025762129669386,0.103048518677544,3.0,1.0,3.0,8.0,4.0,3.0,2.0,2.0,2.0,0,0.0,0,0.00187,16.1,8605.024051309461,16.069893,0.051524259338772,3.0,6.0,0.67486995
0022400487,1610612760,Oklahoma City,Thunder,OKC,thunder,1631114,Jalen,Williams,J. Williams,jalen-williams,F,,,34:47,34.78333333333333,3,10,0.3,1,3,0.333,3,4,0.75,0,6,6,5,1,0,4,5,10,19.0,0022400487,Jalen Williams,jalen williams,,,2025-01-05,1,0.2874940105414471,0.0,0.17249640632486823,0.14374700527072354,0.028749401054144707,5.0,7.0,3.0,2.0,4.0,4.0,1.0,5.0,3.0,0,0.0,0,0.00198,27.9,14083.796062594647,27.844758,0.028749401054144707,5.0,8.0,0.16398698
0022400487,1610612760,Oklahoma City,Thunder,OKC,thunder,1628392,Isaiah,Hartenstein,I. Hartenstein,isaiah-hartenstein,C,,,35:08,35.13333333333333,4,9,0.444,0,1,0.0,0,1,0.0,2,8,10,2,2,3,2,2,8,11.0,0022400487,Isaiah Hartenstein,isaiah hartenstein,,,2025-01-05,5,0.22770398481973436,0.05692599620493359,0.2846299810246679,0.05692599620493359,0.19924098671726756,6.0,1.0,2.0,3.0,2.0,1.0,4.0,3.0,3.0,0,0.0,0,0.00134,19.1,14243.102162565252,19.074406,0.14231499051233396,1.0,1.0,0.6608833
0022400487,1610612760,Oklahoma City,Thunder,OKC,thunder,1641717,Cason,Wallace,C. Wallace,cason-wallace,G,,,35:05,35.083333333333336,6,13,0.462,1,5,0.2,0,0,0.0,0,3,3,2,2,0,0,1,13,11.0,0022400487,Cason Wallace,cason wallace,,,2025-01-05,2,0.3705463182897862,0.0,0.0855106888361045,0.05700712589073634,0.05700712589073634,4.0,7.0,6.0,3.0,2.0,4.0,4.0,4.0,1.0,0,0.0,0,0.00167,16.3,9754.637941352485,16.272779,0.05700712589073634,3.0,7.0,0.5181261
0022400487,1610612760,Oklahoma City,Thunder,OKC,thunder,1628983,Shai,Gilgeous-Alexander,S. Gilgeous-Alexander,shai-gilgeous-alexander,G,,,38:52,38.86666666666667,11,23,0.478,3,6,0.5,8,8,1.0,2,9,11,6,3,2,3,2,33,12.0,0022400487,Shai Gilgeous-Alexander,shai gilgeous-alexander,,,2025-01-05,5,0.8490566037735849,0.051457975986277875,0.2830188679245283,0.15437392795883362,0.18010291595197256,1.0,1.0,1.0,1.0,1.0,2.0,2.0,1.0,3.0,0,0.0,0,0.00315,14.8,4696.9216121866075,14.753380000000002,0.12864493996569468,1.0,2.0,0.8611777
0022400487,1610612760,Oklahoma City,Thunder,OKC,thunder,1630198,Isaiah,Joe,I. Joe,isaiah-joe,,,,16:54,16.9,2,5,0.4,2,5,0.4,0,0,0.0,1,1,2,2,1,0,0,0,6,-5.0,0022400487,Isaiah Joe,isaiah joe,,,2025-01-05,1,0.3550295857988166,0.0591715976331361,0.1183431952662722,0.1183431952662722,0.1183431952662722,7.0,4.0,7.0,3.0,4.0,4.0,9.0,7.0,1.0,0,1.0,0,0.00116,-17.5,-15073.212747631353,-17.479699999999998,0.0591715976331361,5.0,4.0,0.13687211
0022400487,1610612760,Oklahoma City,Thunder,OKC,thunder,1631119,Jaylin,Williams,J. Williams,jaylin-williams,,,,8:38,8.633333333333333,1,2,0.5,1,2,0.5,0,0,0.0,1,5,6,2,0,0,2,1,3,6.0,0022400487,Jaylin Williams,jaylin williams,,,2025-01-05,0,0.3474903474903475,0.11583011583011583,0.694980694980695,0.23166023166023167,0.11583011583011583,8.0,4.0,3.0,3.0,8.0,4.0,6.0,9.0,0.0,0,0.0,0,0.002,35.3,17641.179410294848,35.2294,0.0,8.0,5.0,0.05532467
0022400487,1610612760,Oklahoma City,Thunder,OKC,thunder,1630598,Aaron,Wiggins,A. Wiggins,aaron-wiggins,,,,19:35,19.583333333333332,6,9,0.667,3,6,0.5,0,0,0.0,0,1,1,2,0,0,1,3,15,2.0,0022400487,Aaron Wiggins,aaron wiggins,,,2025-01-05,0,0.7659574468085106,0.0,0.05106382978723405,0.1021276595744681,0.0,2.0,7.0,8.0,3.0,8.0,4.0,7.0,6.0,2.0,0,0.0,0,0.00233,-0.9,-386.10038610038606,-0.897903,0.0,8.0,9.0,0.86067265
0022400487,1610612760,Oklahoma City,Thunder,OKC,thunder,1629026,Kenrich,Williams,K. Williams,kenrich-williams,,,,12:12,12.2,1,2,0.5,1,1,1.0,0,0,0.0,1,0,1,0,1,0,0,1,3,-3.0,0022400487,Kenrich Williams,kenrich williams,,,2025-01-05,1,0.24590163934426232,0.0819672131147541,0.0819672131147541,0.0,0.1639344262295082,8.0,4.0,8.0,9.0,4.0,4.0,8.0,8.0,1.0,0,0.0,0,0.00077,-7.7,-9987.029831387808,-7.694071,0.0819672131147541,5.0,3.0,0.013588291
0022400509,1610612760,Oklahoma City,Thunder,OKC,thunder,1629652,Luguentz,Dort,L. Dort,luguentz-dort,F,,,33:45,33.75,2,6,0.333,1,3,0.333,2,2,1.0,0,4,4,4,1,2,2,3,7,-15.0,0022400509,Luguentz Dort,luguentz dort,,,2025-01-08,3,0.2074074074074074,0.0,0.11851851851851852,0.11851851851851852,0.08888888888888889,7.0,6.0,5.0,3.0,4.0,1.0,9.0,3.0,2.0,0,0.0,0,0.00117,-18.0,-15371.477369769429,-17.97894,0.08888888888888889,3.0,5.0,0.04007094
0022400509,1610612760,Oklahoma City,Thunder,OKC,thunder,1631114,Jalen,Williams,J. Williams,jalen-williams,F,,,35:54,35.9,9,17,0.529,2,7,0.286,5,7,0.714,1,4,5,9,3,1,3,3,25,-12.0,0022400509,Jalen Williams,jalen williams,,,2025-01-08,4,0.6963788300835655,0.02785515320334262,0.1392757660167131,0.25069637883008355,0.1392757660167131,2.0,2.0,3.0,1.0,1.0,3.0,8.0,2.0,6.0,0,0.0,0,0.0027400000000000002,-14.2,-5180.591025173293,-14.161092,0.11142061281337048,2.0,3.0,0.7842526
0022400509,1610612760,Oklahoma City,Thunder,OKC,thunder,1628392,Isaiah,Hartenstein,I. Hartenstein,isaiah-hartenstein,C,,,30:35,30.583333333333332,8,14,0.571,0,1,0.0,2,2,1.0,5,6,11,8,0,0,2,5,18,-2.0,0022400509,Isaiah Hartenstein,isaiah hartenstein,,,2025-01-08,0,0.5885558583106267,0.16348773841961853,0.3596730245231608,0.2615803814713897,0.16348773841961853,3.0,1.0,1.0,2.0,5.0,4.0,5.0,5.0,0.0,0,0.0,0,0.00233,-3.2,-1372.8013728013727,-3.192544,0.0,5.0,1.0,0.7806452
0022400509,1610612760,Oklahoma City,Thunder,OKC,thunder,1641717,Cason,Wallace,C. Wallace,cason-wallace,G,,,30:52,30.866666666666667,6,8,0.75,3,3,1.0,0,0,0.0,0,2,2,3,0,0,0,4,15,2.0,0022400509,Cason Wallace,cason wallace,,,2025-01-08,0,0.48596112311015116,0.0,0.06479481641468682,0.09719222462203024,0.0,4.0,6.0,6.0,5.0,5.0,4.0,2.0,4.0,3.0,0,0.0,0,0.00111,5.2,4680.468046804681,5.194228,0.0,5.0,7.0,0.6497555
0022400509,1610612760,Oklahoma City,Thunder,OKC,thunder,1628983,Shai,Gilgeous-Alexander,S. Gilgeous-Alexander,shai-gilgeous-alexander,G,,,38:15,38.25,13,27,0.481,1,6,0.167,4,4,1.0,1,4,5,4,3,2,5,5,31,-1.0,0022400509,Shai Gilgeous-Alexander,shai gilgeous-alexander,,,2025-01-08,5,0.8104575163398693,0.026143790849673203,0.13071895424836602,0.10457516339869281,0.1568627450980392,1.0,2.0,3.0,3.0,1.0,1.0,4.0,1.0,5.0,0,0.0,0,0.00386,3.2,828.8008288008288,3.1876480000000003,0.13071895424836602,1.0,2.0,0.82622045
0022400509,1610612760,Oklahoma City,Thunder,OKC,thunder,1630198,Isaiah,Joe,I. Joe,isaiah-joe,,,,24:53,24.883333333333333,2,6,0.333,2,6,0.333,2,2,1.0,1,6,7,3,2,0,0,1,8,0.0,0022400509,Isaiah Joe,isaiah joe,,,2025-01-08,2,0.3215003348961822,0.04018754186202277,0.2813127930341594,0.12056262558606833,0.12056262558606833,6.0,2.0,2.0,5.0,3.0,4.0,3.0,6.0,2.0,0,0.0,0,0.00115,2.1,1824.5004344048655,2.097585,0.08037508372404555,4.0,4.0,0.19704987
0022400509,1610612760,Oklahoma City,Thunder,OKC,thunder,1631119,Jaylin,Williams,J. Williams,jaylin-williams,,,,10:54,10.9,1,1,1.0,1,1,1.0,0,0,0.0,0,2,2,2,0,0,0,0,3,-2.0,0022400509,Jaylin Williams,jaylin williams,,,2025-01-08,0,0.27522935779816515,0.0,0.18348623853211007,0.18348623853211007,0.0,9.0,6.0,6.0,7.0,5.0,4.0,5.0,9.0,0.0,0,0.0,0,0.00037999999999999997,0.8,2099.737532808399,0.799696,0.0,5.0,7.0,0.027390381
0022400509,1610612760,Oklahoma City,Thunder,OKC,thunder,1630598,Aaron,Wiggins,A. Wiggins,aaron-wiggins,,,,21:38,21.633333333333333,5,7,0.714,1,2,0.5,0,0,0.0,1,1,2,1,0,0,1,2,11,4.0,0022400509,Aaron Wiggins,aaron wiggins,,,2025-01-08,0,0.5084745762711864,0.046224961479198766,0.09244992295839753,0.046224961479198766,0.046224961479198766,5.0,2.0,6.0,8.0,5.0,4.0,1.0,7.0,1.0,0,0.0,0,0.00157,8.5,5410.5665181413115,8.486655,0.0,5.0,6.0,0.7448008
0022400509,1610612760,Oklahoma City,Thunder,OKC,thunder,1629026,Kenrich,Williams,K. Williams,kenrich-williams,,,,13:14,13.233333333333333,2,4,0.5,0,2,0.0,0,0,0.0,0,0,0,1,0,0,0,1,4,-9.0,0022400509,Kenrich Williams,kenrich williams,,,2025-01-08,0,0.3022670025188917,0.0,0.0,0.07556675062972293,0.0,8.0,6.0,9.0,8.0,5.0,4.0,7.0,8.0,1.0,0,0.0,0,0.00154,-24.4,-15833.874107722258,-24.362423999999997,0.0,5.0,7.0,0.012137601
0022400529,1610612760,Oklahoma City,Thunder,OKC,thunder,1629652,Luguentz,Dort,L. Dort,luguentz-dort,F,,,22:48,22.8,2,5,0.4,2,3,0.667,0,0,0.0,2,3,5,2,1,0,1,4,6,13.0,0022400529,Luguentz Dort,luguentz dort,,,2025-01-10,1,0.2631578947368421,0.08771929824561403,0.21929824561403508,0.08771929824561403,0.13157894736842105,5.0,2.0,4.0,3.0,4.0,7.0,4.0,6.0,2.0,0,0.0,0,0.0012,30.3,25228.975853455457,30.263640000000002,0.043859649122807015,6.0,3.0,0.13004841
0022400529,1610612760,Oklahoma City,Thunder,OKC,thunder,1631114,Jalen,Williams,J. Williams,jalen-williams,F,,,33:19,33.31666666666667,8,16,0.5,0,3,0.0,3,4,0.75,0,4,4,5,1,2,1,3,19,5.0,0022400529,Jalen Williams,jalen williams,,,2025-01-10,3,0.5702851425712856,0.0,0.1200600300150075,0.15007503751875936,0.09004502251125562,3.0,6.0,6.0,2.0,4.0,1.0,9.0,1.0,5.0,0,0.0,0,0.00253,7.2,2844.725404978269,7.1817839999999995,0.09004502251125562,2.0,7.0,0.6400368
0022400529,1610612760,Oklahoma City,Thunder,OKC,thunder,1628392,Isaiah,Hartenstein,I. Hartenstein,isaiah-hartenstein,C,,,29:58,29.966666666666665,2,6,0.333,0,0,0.0,2,2,1.0,1,8,9,6,2,2,7,4,6,10.0,0022400529,Isaiah Hartenstein,isaiah hartenstein,,,2025-01-10,4,0.20022246941045607,0.03337041156840934,0.3003337041156841,0.20022246941045607,0.16685205784204674,5.0,3.0,2.0,1.0,1.0,1.0,5.0,4.0,3.0,0,0.0,0,0.00212,16.1,7590.759075907591,16.065868000000002,0.13348164627363737,1.0,2.0,0.16728206
0022400529,1610612760,Oklahoma City,Thunder,OKC,thunder,1628983,Shai,Gilgeous-Alexander,S. Gilgeous-Alexander,shai-gilgeous-alexander,G,,,29:22,29.366666666666667,15,21,0.714,1,1,1.0,8,8,1.0,0,3,3,2,2,1,2,2,39,18.0,0022400529,Shai Gilgeous-Alexander,shai gilgeous-alexander,,,2025-01-10,3,1.3280363223609535,0.0,0.1021566401816118,0.0681044267877412,0.1021566401816118,1.0,6.0,7.0,3.0,1.0,4.0,3.0,5.0,6.0,0,0.0,0,0.00377,30.1,7981.96764783877,29.986523,0.1021566401816118,2.0,4.0,0.75986534
0022400529,1610612760,Oklahoma City,Thunder,OKC,thunder,1641717,Cason,Wallace,C. Wallace,cason-wallace,G,,,30:06,30.1,2,7,0.286,1,2,0.5,1,2,0.5,0,2,2,1,2,1,0,3,6,9.0,0022400529,Cason Wallace,cason wallace,,,2025-01-10,3,0.19933554817275748,0.0,0.06644518272425248,0.03322259136212624,0.09966777408637874,5.0,6.0,8.0,6.0,1.0,4.0,8.0,3.0,2.0,0,0.0,0,0.00113,18.1,16003.536693191869,18.079547,0.09966777408637874,2.0,5.0,0.05063284
0022400529,1610612760,Oklahoma City,Thunder,OKC,thunder,1630598,Aaron,Wiggins,A. Wiggins,aaron-wiggins,,,,21:54,21.9,4,4,1.0,0,0,0.0,0,0,0.0,1,4,5,1,1,0,0,0,8,25.0,0022400529,Aaron Wiggins,aaron wiggins,,,2025-01-10,1,0.36529680365296807,0.04566210045662101,0.22831050228310504,0.04566210045662101,0.09132420091324202,4.0,3.0,4.0,6.0,4.0,7.0,2.0,8.0,3.0,0,0.0,0,0.00078,59.0,75544.17413572343,58.95398,0.04566210045662101,6.0,6.0,0.6838453
0022400529,1610612760,Oklahoma City,Thunder,OKC,thunder,1630198,Isaiah,Joe,I. Joe,isaiah-joe,,,,30:16,30.266666666666666,11,16,0.688,8,11,0.727,1,1,1.0,0,1,1,2,0,0,1,2,31,31.0,0022400529,Isaiah Joe,isaiah joe,,,2025-01-10,0,1.024229074889868,0.0,0.03303964757709251,0.06607929515418502,0.0,2.0,6.0,9.0,3.0,7.0,7.0,1.0,2.0,0.0,0,0.0,0,0.0022400000000000002,43.6,19455.600178491743,43.502336,0.0,9.0,9.0,0.7919396
0022400529,1610612760,Oklahoma City,Thunder,OKC,thunder,1631119,Jaylin,Williams,J. Williams,jaylin-williams,,,,15:25,15.416666666666666,1,4,0.25,1,3,0.333,0,0,0.0,3,7,10,1,0,2,2,3,3,10.0,0022400529,Jaylin Williams,jaylin williams,,,2025-01-10,2,0.1945945945945946,0.1945945945945946,0.6486486486486487,0.06486486486486487,0.32432432432432434,9.0,1.0,1.0,6.0,7.0,1.0,5.0,9.0,0.0,0,0.0,0,0.0015,34.0,22651.565622918057,33.949000000000005,0.12972972972972974,5.0,1.0,0.2183252
0022400529,1610612760,Oklahoma City,Thunder,OKC,thunder,1629026,Kenrich,Williams,K. Williams,kenrich-williams,,,,22:16,22.266666666666666,2,8,0.25,0,2,0.0,1,1,1.0,1,6,7,0,0,1,1,2,5,10.0,0022400529,Kenrich Williams,kenrich williams,,,2025-01-10,1,0.22455089820359284,0.04491017964071856,0.31437125748503,0.0,0.08982035928143713,8.0,3.0,3.0,9.0,7.0,4.0,5.0,7.0,0.0,0,1.0,0,0.00164,22.4,13650.21328458257,22.363264,0.04491017964071856,6.0,8.0,0.036061153
0022400529,1610612760,Oklahoma City,Thunder,OKC,thunder,1642382,Branden,Carlson,B. Carlson,branden-carlson,,,,2:18,2.3,1,1,1.0,1,1,1.0,0,0,0.0,0,0,0,0,0,0,0,0,3,-3.0,0022400529,Branden Carlson,branden carlson,,,2025-01-10,0,1.3043478260869565,0.0,0.0,0.0,0.0,9.0,6.0,10.0,9.0,7.0,7.0,10.0,10.0,,1,,1,0.0014299999999999998,-57.1,-39902.166317260664,-57.018347,0.0,9.0,9.0,0.010934733
0022400529,1610612760,Oklahoma City,Thunder,OKC,thunder,1642505,Alex,Ducas,A. Ducas,alex-ducas,,,,2:18,2.3,0,1,0.0,0,1,0.0,0,0,0.0,0,0,0,0,0,0,0,0,0,-3.0,0022400529,Alex Ducas,alex ducas,,,2025-01-10,0,0.0,0.0,0.0,0.0,0.0,11.0,6.0,10.0,9.0,7.0,7.0,10.0,10.0,0.0,0,0.0,0,0.0014299999999999998,-57.1,-39902.166317260664,-57.018347,0.0,9.0,9.0,0.0021342614
0022400545,1610612760,Oklahoma City,Thunder,OKC,thunder,1629652,Luguentz,Dort,L. Dort,luguentz-dort,F,,,24:04,24.066666666666666,5,8,0.625,1,3,0.333,0,0,0.0,0,2,2,1,2,0,1,2,11,14.0,0022400545,Luguentz Dort,luguentz dort,,,2025-01-12,2,0.45706371191135736,0.0,0.08310249307479224,0.04155124653739612,0.08310249307479224,5.0,7.0,8.0,8.0,1.0,4.0,9.0,5.0,5.0,0,0.0,0,0.00145,28.0,19297.03652653343,27.959400000000002,0.08310249307479224,2.0,8.0,0.42438304
0022400545,1610612760,Oklahoma City,Thunder,OKC,thunder,1631114,Jalen,Williams,J. Williams,jalen-williams,F,,,21:19,21.316666666666666,4,13,0.308,1,4,0.25,8,8,1.0,0,6,6,2,0,0,3,1,17,21.0,0022400545,Jalen Williams,jalen williams,,,2025-01-12,0,0.7974980453479281,0.0,0.2814698983580923,0.09382329945269742,0.0,3.0,7.0,5.0,5.0,9.0,4.0,5.0,8.0,1.0,0,0.0,0,0.0035099999999999997,46.8,13329.535744802051,46.635732,0.0,10.0,11.0,0.6898815
0022400545,1610612760,Oklahoma City,Thunder,OKC,thunder,1628392,Isaiah,Hartenstein,I. Hartenstein,isaiah-hartenstein,C,,,21:40,21.666666666666668,4,7,0.571,0,0,0.0,2,2,1.0,6,6,12,2,0,0,0,1,10,20.0,0022400545,Isaiah Hartenstein,isaiah hartenstein,,,2025-01-12,0,0.4615384615384615,0.2769230769230769,0.5538461538461538,0.0923076923076923,0.2769230769230769,6.0,1.0,1.0,5.0,9.0,4.0,6.0,7.0,1.0,0,0.0,0,0.0013800000000000002,42.4,30702.38957277335,42.341488,0.0,10.0,1.0,0.74274945
0022400545,1610612760,Oklahoma City,Thunder,OKC,thunder,1641717,Cason,Wallace,C. Wallace,cason-wallace,G,,,29:47,29.783333333333335,6,8,0.75,2,3,0.667,0,0,0.0,1,1,2,5,2,0,0,1,14,22.0,0022400545,Cason Wallace,cason wallace,,,2025-01-12,2,0.4700615556799104,0.03357582540570789,0.06715165081141578,0.16787912702853944,0.10072747621712366,4.0,4.0,8.0,1.0,1.0,4.0,4.0,3.0,2.0,0,0.0,0,0.0010299999999999999,36.2,35111.54219204657,36.162714,0.06715165081141578,2.0,6.0,0.7493559
0022400545,1610612760,Oklahoma City,Thunder,OKC,thunder,1628983,Shai,Gilgeous-Alexander,S. Gilgeous-Alexander,shai-gilgeous-alexander,G,,,30:08,30.133333333333333,5,17,0.294,1,4,0.25,16,17,0.941,1,6,7,4,2,0,3,3,27,30.0,0022400545,Shai Gilgeous-Alexander,shai gilgeous-alexander,,,2025-01-12,2,0.8960176991150443,0.033185840707964605,0.2323008849557522,0.13274336283185842,0.09955752212389381,1.0,4.0,4.0,2.0,1.0,4.0,1.0,2.0,2.0,0,0.0,0,0.0034599999999999995,45.4,13117.596070499856,45.242916,0.06637168141592921,2.0,7.0,0.47832242
0022400545,1610612760,Oklahoma City,Thunder,OKC,thunder,1631119,Jaylin,Williams,J. Williams,jaylin-williams,,,,24:08,24.133333333333333,4,7,0.571,1,4,0.25,0,0,0.0,3,6,9,4,1,2,0,1,9,19.0,0022400545,Jaylin Williams,jaylin williams,,,2025-01-12,3,0.3729281767955801,0.12430939226519337,0.3729281767955801,0.16574585635359115,0.24861878453038674,8.0,2.0,2.0,2.0,4.0,1.0,7.0,4.0,3.0,0,0.0,0,0.00111,37.6,33843.38433843385,37.558264,0.12430939226519337,1.0,2.0,0.52206355
0022400545,1610612760,Oklahoma City,Thunder,OKC,thunder,1630198,Isaiah,Joe,I. Joe,isaiah-joe,,,,20:10,20.166666666666668,3,10,0.3,1,6,0.167,0,0,0.0,0,2,2,2,1,0,2,4,7,19.0,0022400545,Isaiah Joe,isaiah joe,,,2025-01-12,1,0.3471074380165289,0.0,0.09917355371900825,0.09917355371900825,0.04958677685950413,9.0,7.0,8.0,5.0,4.0,4.0,7.0,9.0,1.0,0,1.0,0,0.00226,45.1,19946.926138876603,44.998074,0.04958677685950413,6.0,9.0,0.03716905
0022400545,1610612760,Oklahoma City,Thunder,OKC,thunder,1630598,Aaron,Wiggins,A. Wiggins,aaron-wiggins,,,,30:28,30.466666666666665,7,11,0.636,2,4,0.5,7,8,0.875,3,6,9,4,1,1,1,4,23,27.0,0022400545,Aaron Wiggins,aaron wiggins,,,2025-01-12,2,0.7549234135667396,0.09846827133479213,0.2954048140043764,0.1312910284463895,0.1641137855579869,2.0,2.0,2.0,2.0,4.0,2.0,2.0,1.0,3.0,0,0.0,0,0.0019500000000000001,38.3,19630.958482829315,38.225314999999995,0.06564551422319476,2.0,4.0,0.86484754
0022400545,1610612760,Oklahoma City,Thunder,OKC,thunder,1629026,Kenrich,Williams,K. Williams,kenrich-williams,,,,21:56,21.933333333333334,4,9,0.444,2,4,0.5,0,0,0.0,0,4,4,1,1,0,3,3,10,25.0,0022400545,Kenrich Williams,kenrich williams,,,2025-01-12,1,0.45592705167173253,0.0,0.182370820668693,0.04559270516717325,0.04559270516717325,6.0,7.0,6.0,8.0,4.0,4.0,3.0,6.0,1.0,0,0.0,0,0.002,51.0,25487.256371814092,50.898,0.04559270516717325,6.0,10.0,0.34753495
0022400545,1610612760,Oklahoma City,Thunder,OKC,thunder,1642382,Branden,Carlson,B. Carlson,branden-carlson,,,,8:10,8.166666666666666,2,4,0.5,1,2,0.5,0,0,0.0,1,2,3,0,0,1,0,2,5,4.0,0022400545,Branden Carlson,branden carlson,,,2025-01-12,1,0.6122448979591837,0.12244897959183675,0.3673469387755102,0.0,0.2448979591836735,10.0,4.0,7.0,11.0,9.0,2.0,10.0,10.0,0.0,0,0.0,0,0.002,22.2,11094.452773613191,22.1556,0.12244897959183675,6.0,3.0,0.050729804
0022400545,1610612760,Oklahoma City,Thunder,OKC,thunder,1642505,Alex,Ducas,A. Ducas,alex-ducas,,,,8:10,8.166666666666666,1,1,1.0,1,1,1.0,0,0,0.0,0,0,0,1,1,0,0,0,3,4.0,0022400545,Alex Ducas,alex ducas,,,2025-01-12,1,0.3673469387755102,0.0,0.0,0.12244897959183675,0.12244897959183675,11.0,7.0,11.0,8.0,4.0,4.0,10.0,10.0,1.0,0,0.0,0,0.0005,22.2,44311.37724550898,22.1889,0.12244897959183675,6.0,5.0,0.012491371
0022400555,1610612760,Oklahoma City,Thunder,OKC,thunder,1629652,Luguentz,Dort,L. Dort,luguentz-dort,F,,,26:40,26.666666666666668,3,8,0.375,2,5,0.4,0,0,0.0,1,1,2,1,0,0,2,2,8,30.0,0022400555,Luguentz Dort,luguentz dort,,,2025-01-14,0,0.3,0.0375,0.075,0.0375,0.0375,6.0,3.0,6.0,7.0,7.0,5.0,1.0,5.0,1.0,0,0.0,0,0.00156,53.0,33952.59449071108,52.91732,0.0,7.0,8.0,0.29221743
0022400555,1610612760,Oklahoma City,Thunder,OKC,thunder,1631114,Jalen,Williams,J. Williams,jalen-williams,F,,,33:49,33.81666666666667,8,15,0.533,2,5,0.4,6,6,1.0,1,3,4,6,3,1,4,3,24,21.0,0022400555,Jalen Williams,jalen williams,,,2025-01-14,4,0.7097092163627402,0.029571217348447507,0.11828486939379003,0.17742730409068505,0.14785608674223755,2.0,3.0,3.0,2.0,1.0,1.0,3.0,2.0,6.0,0,0.0,0,0.00293,33.7,11497.782326850906,33.601259000000006,0.11828486939379003,1.0,3.0,0.74937385
0022400555,1610612760,Oklahoma City,Thunder,OKC,thunder,1628392,Isaiah,Hartenstein,I. Hartenstein,isaiah-hartenstein,C,,,30:45,30.75,4,7,0.571,0,1,0.0,1,2,0.5,3,13,16,3,1,1,2,2,9,13.0,0022400555,Isaiah Hartenstein,isaiah hartenstein,,,2025-01-14,2,0.2926829268292683,0.0975609756097561,0.5203252032520326,0.0975609756097561,0.16260162601626016,5.0,1.0,1.0,4.0,4.0,1.0,5.0,4.0,1.0,0,0.0,0,0.00147,24.4,16587.355540448676,24.364131999999998,0.06504065040650407,4.0,2.0,0.6638457
0022400555,1610612760,Oklahoma City,Thunder,OKC,thunder,1641717,Cason,Wallace,C. Wallace,cason-wallace,G,,,34:01,34.016666666666666,7,10,0.7,2,5,0.4,2,2,1.0,3,2,5,4,1,0,1,3,18,27.0,0022400555,Cason Wallace,cason wallace,,,2025-01-14,1,0.5291523762861342,0.08819206271435572,0.14698677119059286,0.11758941695247428,0.11758941695247428,3.0,1.0,2.0,3.0,4.0,5.0,2.0,1.0,3.0,0,0.0,0,0.00154,39.8,25827.38481505516,39.738707999999995,0.02939735423811857,5.0,5.0,0.7982063
0022400555,1610612760,Oklahoma City,Thunder,OKC,thunder,1628983,Shai,Gilgeous-Alexander,S. Gilgeous-Alexander,shai-gilgeous-alexander,G,,,33:11,33.18333333333333,12,15,0.8,1,3,0.333,7,8,0.875,1,2,3,9,2,1,4,4,32,15.0,0022400555,Shai Gilgeous-Alexander,shai gilgeous-alexander,,,2025-01-14,3,0.9643395278754395,0.030135610246107485,0.09040683073832247,0.27122049221496736,0.12054244098442994,1.0,3.0,4.0,1.0,2.0,1.0,4.0,3.0,2.0,0,0.0,0,0.0028599999999999997,22.9,8004.19433764418,22.834505999999998,0.09040683073832247,2.0,4.0,0.8464744
0022400555,1610612760,Oklahoma City,Thunder,OKC,thunder,1631119,Jaylin,Williams,J. Williams,jaylin-williams,,,,13:20,13.333333333333334,2,5,0.4,1,4,0.25,0,0,0.0,0,1,1,3,1,0,2,4,5,-2.0,0022400555,Jaylin Williams,jaylin williams,,,2025-01-14,1,0.375,0.0,0.075,0.22499999999999998,0.075,8.0,7.0,7.0,4.0,4.0,5.0,10.0,9.0,1.0,0,0.0,0,0.00219,0.4,182.56503879507073,0.39912400000000003,0.075,5.0,6.0,0.0319533
0022400555,1610612760,Oklahoma City,Thunder,OKC,thunder,1630198,Isaiah,Joe,I. Joe,isaiah-joe,,,,20:53,20.883333333333333,4,8,0.5,2,6,0.333,0,0,0.0,0,1,1,1,0,0,1,1,10,4.0,0022400555,Isaiah Joe,isaiah joe,,,2025-01-14,0,0.47885075818036715,0.0,0.047885075818036714,0.047885075818036714,0.0,4.0,7.0,7.0,7.0,7.0,5.0,6.0,6.0,0.0,0,2.0,0,0.00196,14.3,7292.197858235594,14.271972000000002,0.0,7.0,9.0,0.1629439
0022400555,1610612760,Oklahoma City,Thunder,OKC,thunder,1630598,Aaron,Wiggins,A. Wiggins,aaron-wiggins,,,,15:46,15.766666666666667,3,5,0.6,0,1,0.0,0,0,0.0,1,2,3,3,0,0,0,0,6,-12.0,0022400555,Aaron Wiggins,aaron wiggins,,,2025-01-14,0,0.38054968287526425,0.06342494714587738,0.19027484143763213,0.19027484143763213,0.06342494714587738,7.0,3.0,4.0,4.0,7.0,5.0,11.0,8.0,0.0,0,0.0,0,0.0015199999999999999,-34.0,-22353.71466140697,-33.94832,0.0,7.0,7.0,0.049606174
0022400555,1610612760,Oklahoma City,Thunder,OKC,thunder,1627936,Alex,Caruso,A. Caruso,alex-caruso,,,,17:48,17.8,1,4,0.25,1,3,0.333,0,0,0.0,0,1,1,1,2,1,0,2,3,-15.0,0022400555,Alex Caruso,alex caruso,,,2025-01-14,3,0.16853932584269662,0.0,0.056179775280898875,0.056179775280898875,0.16853932584269662,9.0,7.0,7.0,7.0,2.0,1.0,12.0,7.0,5.0,0,1.0,0,0.00105,-39.9,-37963.84395813511,-39.858105,0.16853932584269662,2.0,1.0,0.0140956445
0022400555,1610612760,Oklahoma City,Thunder,OKC,thunder,1629026,Kenrich,Williams,K. Williams,kenrich-williams,,,,9:43,9.716666666666667,0,3,0.0,0,2,0.0,0,0,0.0,0,1,1,1,0,0,1,0,0,-1.0,0022400555,Kenrich Williams,kenrich williams,,,2025-01-14,0,0.0,0.0,0.10291595197255575,0.10291595197255575,0.0,11.0,7.0,7.0,7.0,7.0,5.0,8.0,10.0,0.0,0,0.0,0,0.0019,-5.6,-2945.817990531299,-5.589359999999999,0.0,7.0,9.0,0.0046205046
0022400555,1610612760,Oklahoma City,Thunder,OKC,thunder,1642382,Branden,Carlson,B. Carlson,branden-carlson,,,,2:30,2.5,1,1,1.0,1,1,1.0,0,0,0.0,0,0,0,0,0,0,0,1,3,1.0,0022400555,Branden Carlson,branden carlson,,,2025-01-14,0,1.2,0.0,0.0,0.0,0.0,9.0,7.0,12.0,11.0,7.0,5.0,7.0,11.0,0.0,0,0.0,0,0.002,40.0,19990.004997501248,39.92,0.0,7.0,9.0,0.0157011
0022400555,1610612760,Oklahoma City,Thunder,OKC,thunder,1642505,Alex,Ducas,A. Ducas,alex-ducas,,,,1:34,1.5666666666666667,0,0,0.0,0,0,0.0,0,0,0.0,0,1,1,0,0,0,0,0,0,-1.0,0022400555,Alex Ducas,alex ducas,,,2025-01-14,0,0.0,0.0,0.6382978723404256,0.0,0.0,11.0,7.0,7.0,11.0,7.0,5.0,8.0,12.0,,1,,1,0.0,-8.3,-8300000.000000001,-8.3,0.0,7.0,9.0,0.012361788
0022400574,1610612760,Oklahoma City,Thunder,OKC,thunder,1629652,Luguentz,Dort,L. Dort,luguentz-dort,F,,,19:42,19.7,8,11,0.727,6,9,0.667,0,0,0.0,0,2,2,2,1,1,1,4,22,12.0,0022400574,Luguentz Dort,luguentz dort,,,2025-01-16,2,1.116751269035533,0.0,0.10152284263959391,0.10152284263959391,0.10152284263959391,2.0,7.0,8.0,4.0,5.0,2.0,6.0,6.0,2.0,0,1.0,0,0.0025,24.2,9676.129548180726,24.1395,0.10152284263959391,3.0,8.0,0.7818049
0022400574,1610612760,Oklahoma City,Thunder,OKC,thunder,1631114,Jalen,Williams,J. Williams,jalen-williams,F,,,30:07,30.116666666666667,8,14,0.571,1,4,0.25,2,2,1.0,1,5,6,5,3,2,0,2,19,29.0,0022400574,Jalen Williams,jalen williams,,,2025-01-16,5,0.630879911455451,0.03320420586607637,0.1992252351964582,0.16602102933038185,0.1992252351964582,3.0,3.0,1.0,2.0,1.0,1.0,2.0,2.0,5.0,0,0.0,0,0.00194,42.6,21947.449768160743,42.517356,0.16602102933038185,1.0,2.0,0.87360656
0022400574,1610612760,Oklahoma City,Thunder,OKC,thunder,1631119,Jaylin,Williams,J. Williams,jaylin-williams,C,,,14:09,14.15,2,6,0.333,1,5,0.2,0,0,0.0,2,3,5,1,0,0,0,4,5,6.0,0022400574,Jaylin Williams,jaylin williams,,,2025-01-16,0,0.35335689045936397,0.1413427561837456,0.35335689045936397,0.0706713780918728,0.1413427561837456,8.0,1.0,3.0,8.0,7.0,5.0,8.0,8.0,2.0,0,0.0,0,0.0017599999999999998,19.4,11016.467915956844,19.365855999999997,0.0,9.0,5.0,0.037070498
0022400574,1610612760,Oklahoma City,Thunder,OKC,thunder,1641717,Cason,Wallace,C. Wallace,cason-wallace,G,,,26:30,26.5,3,6,0.5,0,1,0.0,0,0,0.0,0,6,6,2,0,0,1,2,6,13.0,0022400574,Cason Wallace,cason wallace,,,2025-01-16,0,0.22641509433962265,0.0,0.22641509433962265,0.07547169811320754,0.0,7.0,7.0,1.0,4.0,7.0,5.0,5.0,4.0,2.0,0,0.0,0,0.00109,25.5,23373.0522456462,25.472205,0.0,9.0,13.0,0.049586877
0022400574,1610612760,Oklahoma City,Thunder,OKC,thunder,1628983,Shai,Gilgeous-Alexander,S. Gilgeous-Alexander,shai-gilgeous-alexander,G,,,29:14,29.233333333333334,17,26,0.654,1,5,0.2,5,5,1.0,0,3,3,8,2,0,2,1,40,32.0,0022400574,Shai Gilgeous-Alexander,shai gilgeous-alexander,,,2025-01-16,2,1.3683010262257695,0.0,0.10262257696693272,0.27366020524515394,0.06841505131128849,1.0,7.0,6.0,1.0,3.0,5.0,1.0,3.0,1.0,0,0.0,0,0.00423,51.2,12101.158118648073,50.98342400000001,0.06841505131128849,3.0,11.0,0.6599324
0022400574,1610612760,Oklahoma City,Thunder,OKC,thunder,1630198,Isaiah,Joe,I. Joe,isaiah-joe,,,,21:23,21.383333333333333,4,7,0.571,4,7,0.571,0,0,0.0,0,3,3,0,2,0,1,2,12,14.0,0022400574,Isaiah Joe,isaiah joe,,,2025-01-16,2,0.5611847233047544,0.0,0.1402961808261886,0.0,0.09353078721745908,4.0,7.0,6.0,9.0,3.0,5.0,4.0,5.0,3.0,0,0.0,0,0.00148,32.0,21607.02228224173,31.95264,0.09353078721745908,3.0,9.0,0.77039784
0022400574,1610612760,Oklahoma City,Thunder,OKC,thunder,1642382,Branden,Carlson,B. Carlson,branden-carlson,,,,17:27,17.45,4,8,0.5,3,6,0.5,0,0,0.0,1,3,4,0,0,1,0,2,11,0.0,0022400574,Branden Carlson,branden carlson,,,2025-01-16,1,0.6303724928366763,0.05730659025787966,0.22922636103151864,0.0,0.11461318051575932,5.0,3.0,5.0,9.0,7.0,2.0,9.0,7.0,0.0,0,0.0,0,0.0018599999999999999,5.1,2740.462117141322,5.090514,0.05730659025787966,6.0,6.0,0.6785503
0022400574,1610612760,Oklahoma City,Thunder,OKC,thunder,1630598,Aaron,Wiggins,A. Wiggins,aaron-wiggins,,,,32:51,32.85,2,8,0.25,0,1,0.0,0,0,0.0,2,3,5,3,0,0,1,1,4,8.0,0022400574,Aaron Wiggins,aaron wiggins,,,2025-01-16,0,0.121765601217656,0.060882800608828,0.15220700152207,0.091324200913242,0.060882800608828,9.0,1.0,3.0,3.0,7.0,5.0,7.0,1.0,2.0,0,0.0,0,0.00114,14.4,12620.5083260298,14.383583999999999,0.0,9.0,12.0,0.022283839
0022400574,1610612760,Oklahoma City,Thunder,OKC,thunder,1627936,Alex,Caruso,A. Caruso,alex-caruso,,,,13:34,13.566666666666666,3,3,1.0,2,2,1.0,2,2,1.0,0,1,1,2,3,0,0,1,10,19.0,0022400574,Alex Caruso,alex caruso,,,2025-01-16,3,0.7371007371007371,0.0,0.07371007371007371,0.14742014742014742,0.22113022113022113,6.0,7.0,10.0,4.0,1.0,5.0,3.0,9.0,1.0,0,0.0,0,0.0012900000000000001,66.5,51510.45701006971,66.414215,0.22113022113022113,2.0,1.0,0.6838928
0022400574,1610612760,Oklahoma City,Thunder,OKC,thunder,1629026,Kenrich,Williams,K. Williams,kenrich-williams,,,,11:43,11.716666666666667,1,3,0.333,0,2,0.0,0,0,0.0,0,1,1,2,1,0,0,0,2,0.0,0022400574,Kenrich Williams,kenrich williams,,,2025-01-16,1,0.17069701280227595,0.0,0.08534850640113797,0.17069701280227595,0.08534850640113797,11.0,7.0,10.0,4.0,5.0,5.0,9.0,10.0,1.0,0,1.0,0,0.00107,0.0,0.0,0.0,0.08534850640113797,6.0,10.0,0.03024514
0022400574,1610612760,Oklahoma City,Thunder,OKC,thunder,1631172,Ousmane,Dieng,O. Dieng,ousmane-dieng,,,,9:14,9.233333333333333,1,3,0.333,0,2,0.0,1,2,0.5,1,1,2,0,0,0,0,0,3,-9.0,0022400574,Ousmane Dieng,ousmane dieng,,,2025-01-16,0,0.3249097472924188,0.10830324909747294,0.21660649819494587,0.0,0.10830324909747294,10.0,3.0,8.0,9.0,7.0,5.0,11.0,11.0,0.0,0,0.0,0,0.0017399999999999998,-50.0,-28719.126938541074,-49.913000000000004,0.0,9.0,7.0,0.00800346
0022400574,1610612760,Oklahoma City,Thunder,OKC,thunder,1642505,Alex,Ducas,A. Ducas,alex-ducas,,,,7:03,7.05,0,1,0.0,0,1,0.0,0,0,0.0,1,0,1,0,0,0,0,1,0,-12.0,0022400574,Alex Ducas,alex ducas,,,2025-01-16,0,0.0,0.14184397163120568,0.14184397163120568,0.0,0.14184397163120568,12.0,3.0,10.0,9.0,7.0,5.0,12.0,12.0,0.0,0,0.0,0,0.0005899999999999999,-81.3,-137563.45177664974,-81.252033,0.0,9.0,3.0,0.0074366224
0022400574,1610612760,Oklahoma City,Thunder,OKC,thunder,1641745,Adam,Flagler,A. Flagler,adam-flagler,,,,7:03,7.05,0,9,0.0,0,8,0.0,0,0,0.0,0,0,0,0,0,1,0,0,0,-12.0,0022400574,Adam Flagler,adam flagler,,,2025-01-16,1,0.0,0.0,0.0,0.0,0.14184397163120568,12.0,7.0,13.0,9.0,7.0,2.0,12.0,12.0,1.0,0,0.0,0,0.00529,-81.3,-15365.715365715363,-80.869923,0.14184397163120568,6.0,3.0,0.002590171
0022400583,1610612760,Oklahoma City,Thunder,OKC,thunder,1629652,Luguentz,Dort,L. Dort,luguentz-dort,F,,,35:35,35.583333333333336,6,10,0.6,6,8,0.75,0,0,0.0,2,3,5,3,1,0,1,2,18,-5.0,0022400583,Luguentz Dort,luguentz dort,,,2025-01-17,1,0.5058548009367682,0.05620608899297423,0.1405152224824356,0.08430913348946135,0.08430913348946135,2.0,2.0,5.0,3.0,2.0,3.0,5.0,3.0,1.0,0,0.0,0,0.00134,-5.6,-4175.9880686055185,-5.592496,0.028103044496487116,2.0,7.0,0.7752981
0022400583,1610612760,Oklahoma City,Thunder,OKC,thunder,1631114,Jalen,Williams,J. Williams,jalen-williams,F,,,37:06,37.1,7,22,0.318,1,5,0.2,4,8,0.5,0,5,5,6,0,0,6,2,19,-12.0,0022400583,Jalen Williams,jalen williams,,,2025-01-17,0,0.5121293800539083,0.0,0.1347708894878706,0.16172506738544473,0.0,1.0,8.0,5.0,1.0,5.0,3.0,10.0,2.0,0.0,0,1.0,0,0.00344,-16.5,-4795.117698343504,-16.44324,0.0,7.0,10.0,0.6283867
0022400583,1610612760,Oklahoma City,Thunder,OKC,thunder,1631119,Jaylin,Williams,J. Williams,jaylin-williams,C,,,31:08,31.133333333333333,4,11,0.364,2,7,0.286,2,2,1.0,4,6,10,3,0,1,0,2,12,0.0,0022400583,Jaylin Williams,jaylin williams,,,2025-01-17,1,0.3854389721627409,0.1284796573875803,0.32119914346895073,0.09635974304068523,0.16059957173447537,3.0,1.0,1.0,3.0,5.0,1.0,3.0,4.0,5.0,0,2.0,0,0.00147,-1.6,-1087.695445275323,-1.5976480000000002,0.032119914346895075,2.0,3.0,0.7656854
0022400583,1610612760,Oklahoma City,Thunder,OKC,thunder,1630598,Aaron,Wiggins,A. Wiggins,aaron-wiggins,G,,,23:13,23.216666666666665,5,8,0.625,2,4,0.5,0,0,0.0,2,4,6,2,1,0,3,6,12,-5.0,0022400583,Aaron Wiggins,aaron wiggins,,,2025-01-17,1,0.5168700646087581,0.08614501076812635,0.25843503230437903,0.08614501076812635,0.12921751615218952,3.0,2.0,2.0,5.0,2.0,3.0,5.0,5.0,2.0,0,0.0,0,0.00183,-6.4,-3495.3577280174773,-6.388288,0.043072505384063174,2.0,5.0,0.7704499
0022400583,1610612760,Oklahoma City,Thunder,OKC,thunder,1641717,Cason,Wallace,C. Wallace,cason-wallace,G,,,37:19,37.31666666666667,4,11,0.364,2,4,0.5,0,0,0.0,2,4,6,5,4,0,3,2,10,-5.0,0022400583,Cason Wallace,cason wallace,,,2025-01-17,4,0.2679767753461366,0.05359535506922733,0.160786065207682,0.1339883876730683,0.160786065207682,5.0,2.0,2.0,2.0,1.0,3.0,5.0,1.0,11.0,0,0.0,0,0.00157,-6.7,-4264.7994907702105,-6.689481000000001,0.10719071013845466,1.0,2.0,0.58178544
0022400583,1610612760,Oklahoma City,Thunder,OKC,thunder,1630198,Isaiah,Joe,I. Joe,isaiah-joe,,,,22:43,22.716666666666665,3,8,0.375,1,4,0.25,0,0,0.0,0,2,2,1,1,0,0,3,7,-7.0,0022400583,Isaiah Joe,isaiah joe,,,2025-01-17,1,0.30814380044020545,0.0,0.0880410858400587,0.04402054292002935,0.04402054292002935,7.0,8.0,8.0,7.0,2.0,3.0,8.0,6.0,3.0,0,0.0,0,0.0014299999999999998,-17.7,-12368.97274633124,-17.674688999999997,0.04402054292002935,2.0,9.0,0.052451044
0022400583,1610612760,Oklahoma City,Thunder,OKC,thunder,1629026,Kenrich,Williams,K. Williams,kenrich-williams,,,,20:05,20.083333333333332,1,6,0.167,1,5,0.2,0,0,0.0,1,5,6,0,0,0,1,2,3,-15.0,0022400583,Kenrich Williams,kenrich williams,,,2025-01-17,0,0.14937759336099585,0.049792531120331954,0.2987551867219917,0.0,0.049792531120331954,9.0,6.0,2.0,10.0,5.0,3.0,11.0,7.0,1.0,0,1.0,0,0.0014299999999999998,-37.8,-26415.094339622643,-37.745945999999996,0.0,7.0,8.0,0.013715996
0022400583,1610612760,Oklahoma City,Thunder,OKC,thunder,1642382,Branden,Carlson,B. Carlson,branden-carlson,,,,6:48,6.8,1,2,0.5,1,2,0.5,0,0,0.0,0,2,2,1,0,1,1,0,3,5.0,0022400583,Branden Carlson,branden carlson,,,2025-01-17,1,0.4411764705882353,0.0,0.29411764705882354,0.14705882352941177,0.14705882352941177,9.0,8.0,8.0,7.0,5.0,1.0,2.0,9.0,0.0,0,0.0,0,0.0017599999999999998,38.5,21862.578080636005,38.43224,0.14705882352941177,2.0,4.0,0.018130459
0022400583,1610612760,Oklahoma City,Thunder,OKC,thunder,1627936,Alex,Caruso,A. Caruso,alex-caruso,,,,19:42,19.7,2,9,0.222,2,4,0.5,0,0,0.0,2,1,3,2,0,0,0,1,6,11.0,0022400583,Alex Caruso,alex caruso,,,2025-01-17,0,0.30456852791878175,0.10152284263959391,0.15228426395939088,0.10152284263959391,0.10152284263959391,8.0,2.0,7.0,5.0,5.0,3.0,1.0,8.0,5.0,0,0.0,0,0.002,31.4,15692.153923038479,31.3372,0.0,7.0,6.0,0.1600271
0022400583,1610612760,Oklahoma City,Thunder,OKC,thunder,1631172,Ousmane,Dieng,O. Dieng,ousmane-dieng,,,,5:57,5.95,2,4,0.5,2,3,0.667,2,2,1.0,1,0,1,1,0,0,0,0,8,-7.0,0022400583,Ousmane Dieng,ousmane dieng,,,2025-01-17,0,1.3445378151260503,0.1680672268907563,0.1680672268907563,0.1680672268907563,0.1680672268907563,6.0,6.0,10.0,7.0,5.0,3.0,8.0,10.0,0.0,0,0.0,0,0.00313,-58.3,-18620.24912168636,-58.117520999999996,0.0,7.0,1.0,0.06916043
0022400583,1610612760,Oklahoma City,Thunder,OKC,thunder,1641745,Adam,Flagler,A. Flagler,adam-flagler,,,,0:24,0.4,0,0,0.0,0,0,0.0,0,0,0.0,0,0,0,0,0,0,0,0,0,0.0,0022400583,Adam Flagler,adam flagler,,,2025-01-17,0,0.0,0.0,0.0,0.0,0.0,11.0,8.0,11.0,10.0,5.0,3.0,3.0,11.0,,1,,1,0.0,0.0,0.0,0.0,0.0,7.0,10.0,0.005461113
0022400595,1610612760,Oklahoma City,Thunder,OKC,thunder,1629652,Luguentz,Dort,L. Dort,luguentz-dort,F,,,21:19,21.316666666666666,0,6,0.0,0,5,0.0,0,0,0.0,0,3,3,3,0,0,2,1,0,18.0,0022400595,Luguentz Dort,luguentz dort,,,2025-01-19,0,0.0,0.0,0.14073494917904614,0.14073494917904614,0.0,11.0,7.0,5.0,4.0,6.0,6.0,4.0,6.0,0.0,0,0.0,0,0.0017000000000000001,42.9,25220.458553791887,42.82707,0.0,7.0,9.0,0.016067864
0022400595,1610612760,Oklahoma City,Thunder,OKC,thunder,1630198,Isaiah,Joe,I. Joe,isaiah-joe,F,,,22:06,22.1,8,10,0.8,8,10,0.8,0,0,0.0,0,1,1,1,0,0,0,5,24,25.0,0022400595,Isaiah Joe,isaiah joe,,,2025-01-19,0,1.085972850678733,0.0,0.04524886877828054,0.04524886877828054,0.0,2.0,7.0,11.0,10.0,6.0,6.0,2.0,5.0,1.0,0,0.0,0,0.00196,55.6,28352.88118306986,55.491024,0.0,7.0,9.0,0.8761306
0022400595,1610612760,Oklahoma City,Thunder,OKC,thunder,1631119,Jaylin,Williams,J. Williams,jaylin-williams,C,,,26:37,26.616666666666667,6,9,0.667,2,3,0.667,0,0,0.0,2,6,8,5,1,1,1,2,14,23.0,0022400595,Jaylin Williams,jaylin williams,,,2025-01-19,2,0.5259862241703194,0.07514088916718847,0.3005635566687539,0.18785222291797118,0.15028177833437695,3.0,1.0,1.0,2.0,2.0,1.0,3.0,2.0,4.0,0,1.0,0,0.00159,36.4,22878.692646134507,36.342124,0.07514088916718847,2.0,3.0,0.69619983
0022400595,1610612760,Oklahoma City,Thunder,OKC,thunder,1641717,Cason,Wallace,C. Wallace,cason-wallace,G,,,25:57,25.95,4,8,0.5,1,2,0.5,0,1,0.0,1,5,6,3,1,1,0,1,9,11.0,0022400595,Cason Wallace,cason wallace,,,2025-01-19,2,0.3468208092485549,0.03853564547206166,0.23121387283236994,0.11560693641618497,0.11560693641618497,6.0,3.0,2.0,4.0,2.0,1.0,5.0,3.0,3.0,0,0.0,0,0.00136,25.1,18442.321822189566,25.065864,0.07707129094412332,2.0,5.0,0.47203806
0022400595,1610612760,Oklahoma City,Thunder,OKC,thunder,1628983,Shai,Gilgeous-Alexander,S. Gilgeous-Alexander,shai-gilgeous-alexander,G,,,28:53,28.883333333333333,8,14,0.571,1,4,0.25,10,10,1.0,1,2,3,10,4,1,2,1,27,27.0,0022400595,Shai Gilgeous-Alexander,shai gilgeous-alexander,,,2025-01-19,5,0.9347951529140219,0.03462204270051933,0.103866128101558,0.3462204270051933,0.207732256203116,1.0,3.0,5.0,1.0,1.0,1.0,1.0,1.0,6.0,0,0.0,0,0.00328,44.1,13441.024078024993,43.955352000000005,0.17311021350259664,1.0,1.0,0.8278883
0022400595,1610612760,Oklahoma City,Thunder,OKC,thunder,1631172,Ousmane,Dieng,O. Dieng,ousmane-dieng,,,,20:53,20.883333333333333,5,8,0.625,2,4,0.5,0,0,0.0,0,3,3,2,0,1,1,1,12,6.0,0022400595,Ousmane Dieng,ousmane dieng,,,2025-01-19,1,0.5746209098164405,0.0,0.14365522745411013,0.09577015163607343,0.047885075818036714,4.0,7.0,5.0,8.0,6.0,1.0,9.0,7.0,0.0,0,0.0,0,0.00191,15.7,8215.593929879644,15.670012999999999,0.047885075818036714,5.0,7.0,0.56061906
0022400595,1610612760,Oklahoma City,Thunder,OKC,thunder,1627936,Alex,Caruso,A. Caruso,alex-caruso,,,,19:10,19.166666666666668,3,6,0.5,0,1,0.0,0,0,0.0,0,3,3,3,0,0,0,1,6,9.0,0022400595,Alex Caruso,alex caruso,,,2025-01-19,0,0.31304347826086953,0.0,0.15652173913043477,0.15652173913043477,0.0,9.0,7.0,5.0,4.0,6.0,6.0,6.0,8.0,2.0,0,0.0,0,0.0014299999999999998,25.2,17610.062893081762,25.163964,0.0,7.0,9.0,0.041687615
0022400595,1610612760,Oklahoma City,Thunder,OKC,thunder,1642382,Branden,Carlson,B. Carlson,branden-carlson,,,,18:26,18.433333333333334,3,6,0.5,2,5,0.4,0,0,0.0,0,5,5,2,1,1,0,1,8,7.0,0022400595,Branden Carlson,branden carlson,,,2025-01-19,2,0.43399638336347196,0.0,0.27124773960216997,0.10849909584086799,0.10849909584086799,8.0,7.0,3.0,8.0,2.0,1.0,8.0,10.0,2.0,0,0.0,0,0.0014299999999999998,14.7,10272.536687631029,14.678978999999998,0.10849909584086799,2.0,6.0,0.07254647
0022400595,1610612760,Oklahoma City,Thunder,OKC,thunder,1630598,Aaron,Wiggins,A. Wiggins,aaron-wiggins,,,,25:46,25.766666666666666,6,11,0.545,0,4,0.0,0,0,0.0,1,2,3,5,0,0,2,0,12,8.0,0022400595,Aaron Wiggins,aaron wiggins,,,2025-01-19,0,0.4657179818887452,0.0388098318240621,0.1164294954721863,0.19404915912031048,0.0388098318240621,4.0,3.0,5.0,2.0,6.0,6.0,7.0,4.0,0.0,0,0.0,0,0.0023599999999999997,15.4,6522.659889877172,15.363656,0.0,7.0,8.0,0.3298067
0022400595,1610612760,Oklahoma City,Thunder,OKC,thunder,1641794,Dillon,Jones,D. Jones,dillon-jones,,,,19:07,19.116666666666667,2,4,0.5,0,1,0.0,2,2,1.0,2,3,5,3,1,0,1,2,6,-1.0,0022400595,Dillon Jones,dillon jones,,,2025-01-19,1,0.3138622493461203,0.1046207497820401,0.26155187445510025,0.15693112467306014,0.15693112467306014,9.0,1.0,3.0,4.0,2.0,6.0,10.0,9.0,2.0,0,0.0,0,0.0014000000000000002,0.3,214.13276231263382,0.29958,0.05231037489102005,5.0,2.0,0.07639334
0022400595,1610612760,Oklahoma City,Thunder,OKC,thunder,1641745,Adam,Flagler,A. Flagler,adam-flagler,,,,6:56,6.933333333333334,0,2,0.0,0,1,0.0,0,0,0.0,1,1,2,0,0,0,1,2,0,-1.0,0022400595,Adam Flagler,adam flagler,,,2025-01-19,0,0.0,0.14423076923076922,0.28846153846153844,0.0,0.14423076923076922,11.0,3.0,10.0,11.0,6.0,6.0,10.0,11.0,0.0,0,0.0,0,0.0017599999999999998,-0.4,-227.14366837024423,-0.39929600000000004,0.0,7.0,4.0,0.0071966187
0022400595,1610612760,Oklahoma City,Thunder,OKC,thunder,1642505,Alex,Ducas,A. Ducas,alex-ducas,,,,4:51,4.85,3,3,1.0,3,3,1.0,0,0,0.0,0,1,1,0,0,0,1,2,9,-2.0,0022400595,Alex Ducas,alex ducas,,,2025-01-19,0,1.8556701030927836,0.0,0.2061855670103093,0.0,0.0,6.0,7.0,11.0,11.0,6.0,6.0,12.0,12.0,,1,,1,0.00364,-9.8,-2691.5682504806373,-9.764328,0.0,7.0,9.0,0.21436372
0022400618,1610612760,Oklahoma City,Thunder,OKC,thunder,1629652,Luguentz,Dort,L. Dort,luguentz-dort,F,,,32:10,32.166666666666664,2,5,0.4,1,4,0.25,0,0,0.0,3,2,5,4,0,0,0,5,5,-7.0,0022400618,Luguentz Dort,luguentz dort,,,2025-01-22,0,0.15544041450777205,0.09326424870466322,0.15544041450777205,0.12435233160621763,0.09326424870466322,7.0,1.0,3.0,3.0,7.0,4.0,10.0,4.0,1.0,0,0.0,0,0.00065,-8.3,-12749.615975422428,-8.294605,0.0,8.0,6.0,0.06638541
0022400618,1610612760,Oklahoma City,Thunder,OKC,thunder,1631114,Jalen,Williams,J. Williams,jalen-williams,F,,,36:09,36.15,9,18,0.5,1,3,0.333,6,7,0.857,1,2,3,2,2,0,2,2,25,-1.0,0022400618,Jalen Williams,jalen williams,,,2025-01-22,2,0.6915629322268326,0.027662517289073308,0.08298755186721991,0.055325034578146616,0.08298755186721991,2.0,4.0,6.0,4.0,4.0,4.0,8.0,3.0,1.0,0,0.0,0,0.0025800000000000003,-1.3,-503.680743897714,-1.296646,0.055325034578146616,5.0,9.0,0.74437094
0022400618,1610612760,Oklahoma City,Thunder,OKC,thunder,1631119,Jaylin,Williams,J. Williams,jaylin-williams,C,,,19:34,19.566666666666666,1,7,0.143,1,5,0.2,0,0,0.0,0,2,2,1,2,1,0,0,3,-12.0,0022400618,Jaylin Williams,jaylin williams,,,2025-01-22,3,0.15332197614991483,0.0,0.10221465076660988,0.05110732538330494,0.15332197614991483,8.0,8.0,8.0,5.0,4.0,2.0,11.0,7.0,2.0,0,1.0,0,0.00156,-33.3,-21332.47918001281,-33.248051999999994,0.15332197614991483,3.0,4.0,0.0126962615
0022400618,1610612760,Oklahoma City,Thunder,OKC,thunder,1630598,Aaron,Wiggins,A. Wiggins,aaron-wiggins,G,,,22:36,22.6,4,7,0.571,2,4,0.5,0,0,0.0,1,3,4,1,1,0,1,2,10,-4.0,0022400618,Aaron Wiggins,aaron wiggins,,,2025-01-22,1,0.44247787610619466,0.04424778761061947,0.17699115044247787,0.04424778761061947,0.08849557522123894,4.0,4.0,4.0,5.0,6.0,4.0,9.0,5.0,2.0,0,0.0,0,0.00154,-5.7,-3698.8968202465935,-5.691222000000001,0.04424778761061947,6.0,7.0,0.37253562
0022400618,1610612760,Oklahoma City,Thunder,OKC,thunder,1628983,Shai,Gilgeous-Alexander,S. Gilgeous-Alexander,shai-gilgeous-alexander,G,,,37:28,37.46666666666667,17,35,0.486,3,10,0.3,17,18,0.944,3,5,8,5,3,2,3,3,54,9.0,0022400618,Shai Gilgeous-Alexander,shai gilgeous-alexander,,,2025-01-22,5,1.4412811387900355,0.08007117437722419,0.21352313167259784,0.13345195729537365,0.21352313167259784,1.0,1.0,1.0,1.0,2.0,1.0,3.0,1.0,5.0,0,0.0,0,0.00489,9.5,1942.3430791249232,9.453545,0.13345195729537365,1.0,3.0,0.8626714
0022400618,1610612760,Oklahoma City,Thunder,OKC,thunder,1641717,Cason,Wallace,C. Wallace,cason-wallace,,,,36:13,36.21666666666667,6,8,0.75,1,2,0.5,0,0,0.0,1,3,4,1,3,0,1,5,13,20.0,0022400618,Cason Wallace,cason wallace,,,2025-01-22,3,0.3589507593189139,0.027611596870685685,0.11044638748274274,0.027611596870685685,0.11044638748274274,3.0,4.0,4.0,5.0,2.0,4.0,1.0,2.0,9.0,0,0.0,0,0.00096,26.6,27679.500520291364,26.574464000000003,0.08283479061205706,3.0,5.0,0.69181573
0022400618,1610612760,Oklahoma City,Thunder,OKC,thunder,1629026,Kenrich,Williams,K. Williams,kenrich-williams,,,,13:11,13.183333333333334,0,3,0.0,0,2,0.0,0,0,0.0,3,4,7,1,0,0,2,1,0,9.0,0022400618,Kenrich Williams,kenrich williams,,,2025-01-22,0,0.0,0.22756005056890014,0.5309734513274336,0.07585335018963338,0.22756005056890014,9.0,1.0,2.0,5.0,7.0,4.0,3.0,8.0,1.0,0,1.0,0,0.00147,38.6,26240.65261726717,38.543258,0.0,8.0,2.0,0.041092806
0022400618,1610612760,Oklahoma City,Thunder,OKC,thunder,1627936,Alex,Caruso,A. Caruso,alex-caruso,,,,20:25,20.416666666666668,3,7,0.429,1,4,0.25,0,0,0.0,1,2,3,5,4,0,1,3,7,16.0,0022400618,Alex Caruso,alex caruso,,,2025-01-22,4,0.34285714285714286,0.04897959183673469,0.14693877551020407,0.24489795918367346,0.24489795918367346,5.0,4.0,6.0,1.0,1.0,4.0,2.0,6.0,5.0,0,0.0,0,0.00145,30.9,21295.658166781534,30.855195,0.19591836734693877,2.0,1.0,0.43792403
0022400618,1610612760,Oklahoma City,Thunder,OKC,thunder,1642382,Branden,Carlson,B. Carlson,branden-carlson,,,,11:21,11.35,2,4,0.5,2,4,0.5,0,0,0.0,0,2,2,0,0,1,0,1,6,9.0,0022400618,Branden Carlson,branden carlson,,,2025-01-22,1,0.5286343612334802,0.0,0.1762114537444934,0.0,0.0881057268722467,6.0,8.0,8.0,9.0,7.0,2.0,3.0,9.0,0.0,0,0.0,0,0.00121,27.1,22378.199834847237,27.067209000000002,0.0881057268722467,6.0,8.0,0.14228237
0022400618,1610612760,Oklahoma City,Thunder,OKC,thunder,1641745,Adam,Flagler,A. Flagler,adam-flagler,,,,1:51,1.85,0,0,0.0,0,0,0.0,0,0,0.0,0,0,0,0,0,0,0,0,0,4.0,0022400618,Adam Flagler,adam flagler,,,2025-01-22,0,0.0,0.0,0.0,0.0,0.0,9.0,8.0,11.0,9.0,7.0,4.0,6.0,11.0,,1,,1,0.0,100.0,100000000.0,100.0,0.0,8.0,10.0,0.004325674
0022400618,1610612760,Oklahoma City,Thunder,OKC,thunder,1631172,Ousmane,Dieng,O. Dieng,ousmane-dieng,,,,9:03,9.05,0,1,0.0,0,1,0.0,0,0,0.0,0,1,1,0,0,0,0,1,0,2.0,0022400618,Ousmane Dieng,ousmane dieng,,,2025-01-22,0,0.0,0.0,0.11049723756906077,0.0,0.0,9.0,8.0,10.0,9.0,7.0,4.0,7.0,10.0,0.0,0,0.0,0,0.00043,7.0,16241.299303944315,6.996989999999999,0.0,8.0,10.0,0.0055726143
0022400625,1610612760,Oklahoma City,Thunder,OKC,thunder,1629652,Luguentz,Dort,L. Dort,luguentz-dort,F,,,22:42,22.7,2,5,0.4,2,5,0.4,0,0,0.0,1,3,4,1,0,0,0,3,6,-22.0,0022400625,Luguentz Dort,luguentz dort,,,2025-01-23,0,0.2643171806167401,0.04405286343612335,0.1762114537444934,0.04405286343612335,0.04405286343612335,7.0,2.0,3.0,6.0,5.0,5.0,9.0,6.0,0.0,0,0.0,0,0.00096,-44.9,-46722.16441207076,-44.856896,0.0,7.0,6.0,0.03471759
0022400625,1610612760,Oklahoma City,Thunder,OKC,thunder,1631114,Jalen,Williams,J. Williams,jalen-williams,F,,,39:58,39.96666666666667,11,19,0.579,4,8,0.5,7,10,0.7,1,3,4,7,4,1,3,3,33,-11.0,0022400625,Jalen Williams,jalen williams,,,2025-01-23,5,0.8256880733944953,0.0250208507089241,0.1000834028356964,0.1751459549624687,0.1501251042535446,1.0,2.0,3.0,1.0,1.0,1.0,8.0,1.0,7.0,0,0.0,0,0.0027300000000000002,-13.8,-5053.094104723544,-13.762326,0.12510425354462051,1.0,3.0,0.90531296
0022400625,1610612760,Oklahoma City,Thunder,OKC,thunder,1631119,Jaylin,Williams,J. Williams,jaylin-williams,C,,,26:00,26.0,4,8,0.5,3,4,0.75,1,1,1.0,0,6,6,2,0,1,2,2,12,-6.0,0022400625,Jaylin Williams,jaylin williams,,,2025-01-23,1,0.46153846153846156,0.0,0.23076923076923078,0.07692307692307693,0.038461538461538464,3.0,7.0,2.0,4.0,5.0,1.0,6.0,5.0,3.0,0,1.0,0,0.00159,-13.3,-8359.522313010686,-13.278853000000002,0.038461538461538464,4.0,7.0,0.56838477
0022400625,1610612760,Oklahoma City,Thunder,OKC,thunder,1641717,Cason,Wallace,C. Wallace,cason-wallace,G,,,26:20,26.333333333333332,3,10,0.3,1,3,0.333,0,0,0.0,3,4,7,1,2,0,2,4,7,-22.0,0022400625,Cason Wallace,cason wallace,,,2025-01-23,2,0.2658227848101266,0.1139240506329114,0.2658227848101266,0.0379746835443038,0.189873417721519,6.0,1.0,1.0,6.0,2.0,5.0,9.0,4.0,1.0,0,0.0,0,0.00182,-44.9,-24656.781987918726,-44.818281999999996,0.0759493670886076,3.0,1.0,0.17283331
0022400625,1610612760,Oklahoma City,Thunder,OKC,thunder,1628983,Shai,Gilgeous-Alexander,S. Gilgeous-Alexander,shai-gilgeous-alexander,G,,,39:48,39.8,12,25,0.48,1,3,0.333,6,6,1.0,1,0,1,7,0,0,3,4,31,-7.0,0022400625,Shai Gilgeous-Alexander,shai gilgeous-alexander,,,2025-01-23,0,0.7788944723618091,0.02512562814070352,0.02512562814070352,0.17587939698492464,0.02512562814070352,2.0,2.0,8.0,1.0,5.0,5.0,7.0,2.0,2.0,0,0.0,0,0.0032300000000000002,-8.1,-2506.9637883008354,-8.073837,0.0,7.0,9.0,0.7421966
0022400625,1610612760,Oklahoma City,Thunder,OKC,thunder,1630598,Aaron,Wiggins,A. Wiggins,aaron-wiggins,,,,27:42,27.7,4,11,0.364,0,6,0.0,1,2,0.5,1,2,3,1,0,0,1,1,9,-1.0,0022400625,Aaron Wiggins,aaron wiggins,,,2025-01-23,0,0.3249097472924188,0.036101083032490974,0.10830324909747292,0.036101083032490974,0.036101083032490974,4.0,2.0,6.0,6.0,5.0,5.0,5.0,3.0,3.0,0,0.0,0,0.00179,-1.6,-893.3556672250141,-1.5971360000000001,0.0,7.0,8.0,0.15179266
0022400625,1610612760,Oklahoma City,Thunder,OKC,thunder,1642382,Branden,Carlson,B. Carlson,branden-carlson,,,,3:31,3.5166666666666666,1,1,1.0,1,1,1.0,0,0,0.0,0,0,0,0,0,0,0,3,3,6.0,0022400625,Branden Carlson,branden carlson,,,2025-01-23,0,0.8530805687203792,0.0,0.0,0.0,0.0,9.0,7.0,10.0,9.0,5.0,5.0,4.0,10.0,,1,,1,0.00125,60.7,48521.18305355716,60.62412500000001,0.0,7.0,10.0,0.013532283
0022400625,1610612760,Oklahoma City,Thunder,OKC,thunder,1629026,Kenrich,Williams,K. Williams,kenrich-williams,,,,20:16,20.266666666666666,2,4,0.5,1,3,0.333,1,2,0.5,0,4,4,0,1,0,0,3,6,8.0,0022400625,Kenrich Williams,kenrich williams,,,2025-01-23,1,0.2960526315789474,0.0,0.19736842105263158,0.0,0.049342105263157895,7.0,7.0,3.0,9.0,4.0,5.0,3.0,8.0,1.0,0,0.0,0,0.00116,24.4,21016.365202411715,24.371695999999996,0.049342105263157895,4.0,5.0,0.089463465
0022400625,1610612760,Oklahoma City,Thunder,OKC,thunder,1627936,Alex,Caruso,A. Caruso,alex-caruso,,,,21:22,21.366666666666667,3,5,0.6,2,4,0.5,0,1,0.0,1,2,3,5,2,1,1,2,8,12.0,0022400625,Alex Caruso,alex caruso,,,2025-01-23,3,0.374414976599064,0.046801872074883,0.14040561622464898,0.23400936037441497,0.187207488299532,5.0,2.0,6.0,3.0,2.0,1.0,2.0,7.0,6.0,0,0.0,0,0.0012,24.5,20399.66694421316,24.4706,0.14040561622464898,2.0,2.0,0.46502092
0022400625,1610612760,Oklahoma City,Thunder,OKC,thunder,1641794,Dillon,Jones,D. Jones,dillon-jones,,,,12:21,12.35,0,0,0.0,0,0,0.0,0,0,0.0,0,1,1,2,0,1,0,2,0,13.0,0022400625,Dillon Jones,dillon jones,,,2025-01-23,1,0.0,0.0,0.08097165991902834,0.16194331983805668,0.08097165991902834,10.0,7.0,8.0,4.0,5.0,1.0,1.0,9.0,2.0,0,0.0,0,0.0,44.9,44900000.0,44.9,0.08097165991902834,4.0,4.0,0.035212312
0022400647,1610612760,Oklahoma City,Thunder,OKC,thunder,1631114,Jalen,Williams,J. Williams,jalen-williams,F,,,36:39,36.65,7,19,0.368,2,4,0.5,8,8,1.0,0,4,4,8,1,2,0,1,24,9.0,0022400647,Jalen Williams,jalen williams,,,2025-01-26,3,0.654843110504775,0.0,0.10914051841746249,0.21828103683492497,0.08185538881309687,2.0,8.0,4.0,1.0,2.0,1.0,5.0,2.0,4.0,0,1.0,0,0.0028000000000000004,15.9,5676.544091395929,15.85548,0.08185538881309687,1.0,5.0,0.77210385
0022400647,1610612760,Oklahoma City,Thunder,OKC,thunder,1630598,Aaron,Wiggins,A. Wiggins,aaron-wiggins,F,,,16:38,16.633333333333333,2,6,0.333,0,4,0.0,0,0,0.0,0,1,1,0,1,0,0,1,4,-8.0,0022400647,Aaron Wiggins,aaron wiggins,,,2025-01-26,1,0.2404809619238477,0.0,0.06012024048096193,0.0,0.06012024048096193,9.0,8.0,9.0,9.0,2.0,3.0,9.0,7.0,3.0,0,0.0,0,0.00158,-31.5,-19924.098671726755,-31.450229999999998,0.06012024048096193,3.0,9.0,0.013103975
0022400647,1610612760,Oklahoma City,Thunder,OKC,thunder,1628392,Isaiah,Hartenstein,I. Hartenstein,isaiah-hartenstein,C,,,32:39,32.65,5,6,0.833,0,0,0.0,4,9,0.444,5,7,12,6,0,1,1,3,14,12.0,0022400647,Isaiah Hartenstein,isaiah hartenstein,,,2025-01-26,1,0.4287901990811639,0.1531393568147014,0.3675344563552833,0.18376722817764166,0.18376722817764166,4.0,1.0,1.0,2.0,6.0,2.0,3.0,3.0,6.0,0,0.0,0,0.00145,17.2,11853.893866299106,17.17506,0.030627871362940276,3.0,2.0,0.85589397
0022400647,1610612760,Oklahoma City,Thunder,OKC,thunder,1641717,Cason,Wallace,C. Wallace,cason-wallace,G,,,30:05,30.083333333333332,2,6,0.333,1,3,0.333,0,0,0.0,1,1,2,3,1,0,2,4,5,-12.0,0022400647,Cason Wallace,cason wallace,,,2025-01-26,1,0.16620498614958448,0.0332409972299169,0.0664819944598338,0.0997229916897507,0.0664819944598338,7.0,5.0,8.0,3.0,2.0,3.0,10.0,4.0,3.0,0,0.0,0,0.00116,-21.8,-18776.91645133506,-21.774712,0.0332409972299169,3.0,8.0,0.023761997
0022400647,1610612760,Oklahoma City,Thunder,OKC,thunder,1628983,Shai,Gilgeous-Alexander,S. Gilgeous-Alexander,shai-gilgeous-alexander,G,,,37:00,37.0,12,25,0.48,2,4,0.5,9,9,1.0,1,4,5,1,3,0,2,1,35,-4.0,0022400647,Shai Gilgeous-Alexander,shai gilgeous-alexander,,,2025-01-26,3,0.9459459459459459,0.02702702702702703,0.13513513513513514,0.02702702702702703,0.10810810810810811,1.0,5.0,3.0,6.0,1.0,3.0,8.0,1.0,6.0,0,0.0,0,0.00369,-2.2,-596.0444324031428,-2.191882,0.08108108108108109,1.0,3.0,0.87324893
0022400647,1610612760,Oklahoma City,Thunder,OKC,thunder,1629026,Kenrich,Williams,K. Williams,kenrich-williams,,,,14:14,14.233333333333333,3,3,1.0,0,0,0.0,0,0,0.0,1,2,3,0,0,0,0,1,6,10.0,0022400647,Kenrich Williams,kenrich williams,,,2025-01-26,0,0.4215456674473068,0.07025761124121781,0.2107728337236534,0.0,0.07025761124121781,5.0,5.0,7.0,9.0,6.0,3.0,4.0,9.0,0.0,0,0.0,0,0.00094,41.2,43783.20935175346,41.161272000000004,0.0,7.0,7.0,0.18626949
0022400647,1610612760,Oklahoma City,Thunder,OKC,thunder,1631119,Jaylin,Williams,J. Williams,jaylin-williams,,,,14:33,14.55,2,5,0.4,1,2,0.5,1,1,1.0,2,5,7,2,1,0,1,3,6,0.0,0022400647,Jaylin Williams,jaylin williams,,,2025-01-26,1,0.41237113402061853,0.1374570446735395,0.4810996563573883,0.1374570446735395,0.20618556701030927,5.0,2.0,2.0,4.0,2.0,3.0,7.0,8.0,2.0,0,1.0,0,0.0017599999999999998,10.3,5848.949460533789,10.281872000000002,0.06872852233676975,3.0,1.0,0.46358544
0022400647,1610612760,Oklahoma City,Thunder,OKC,thunder,1627936,Alex,Caruso,A. Caruso,alex-caruso,,,,22:44,22.733333333333334,1,6,0.167,1,6,0.167,0,0,0.0,2,2,4,2,0,0,1,2,3,21.0,0022400647,Alex Caruso,alex caruso,,,2025-01-26,0,0.13196480938416422,0.0879765395894428,0.1759530791788856,0.0879765395894428,0.0879765395894428,10.0,2.0,4.0,4.0,6.0,3.0,1.0,6.0,3.0,0,0.0,0,0.00125,52.7,42126.29896083134,52.634125000000004,0.0,7.0,4.0,0.1001317
0022400647,1610612760,Oklahoma City,Thunder,OKC,thunder,1630198,Isaiah,Joe,I. Joe,isaiah-joe,,,,24:38,24.633333333333333,6,11,0.545,3,7,0.429,1,1,1.0,2,2,4,1,0,0,0,1,16,17.0,0022400647,Isaiah Joe,isaiah joe,,,2025-01-26,0,0.6495263870094723,0.08119079837618404,0.16238159675236807,0.04059539918809202,0.08119079837618404,3.0,2.0,4.0,6.0,6.0,3.0,2.0,5.0,1.0,0,0.0,0,0.00183,42.9,23429.81977061715,42.821493,0.0,7.0,6.0,0.9044652
0022400647,1610612760,Oklahoma City,Thunder,OKC,thunder,1631172,Ousmane,Dieng,O. Dieng,ousmane-dieng,,,,10:50,10.833333333333334,2,2,1.0,0,0,0.0,1,1,1.0,0,1,1,1,0,0,0,2,5,5.0,0022400647,Ousmane Dieng,ousmane dieng,,,2025-01-26,0,0.4615384615384615,0.0,0.0923076923076923,0.0923076923076923,0.0,7.0,8.0,9.0,6.0,6.0,3.0,6.0,10.0,1.0,0,0.0,0,0.00077,23.8,30869.001297016865,23.781674,0.0,7.0,10.0,0.03230811
0022400673,1610612760,Oklahoma City,Thunder,OKC,thunder,1629652,Luguentz,Dort,L. Dort,luguentz-dort,F,,,35:46,35.766666666666666,2,8,0.25,0,4,0.0,0,0,0.0,5,1,6,2,1,0,1,4,4,-9.0,0022400673,Luguentz Dort,luguentz dort,,,2025-01-29,1,0.11183597390493942,0.13979496738117428,0.16775396085740915,0.05591798695246971,0.16775396085740915,4.0,2.0,3.0,3.0,3.0,4.0,10.0,2.0,1.0,0,1.0,0,0.00095,-13.2,-13880.1261829653,-13.18746,0.027958993476234855,3.0,3.0,0.13121933
0022400673,1610612760,Oklahoma City,Thunder,OKC,thunder,1631114,Jalen,Williams,J. Williams,jalen-williams,F,,,34:19,34.31666666666667,12,26,0.462,2,6,0.333,0,2,0.0,2,5,7,2,2,1,1,4,26,-18.0,0022400673,Jalen Williams,jalen williams,,,2025-01-29,3,0.7576493443419134,0.05828071879553181,0.20398251578436133,0.05828071879553181,0.1457017969888295,2.0,3.0,2.0,3.0,2.0,1.0,11.0,3.0,0.0,0,0.0,0,0.00311,-23.6,-7585.9852137576345,-23.526604000000003,0.08742107819329771,2.0,5.0,0.7769113
0022400673,1610612760,Oklahoma City,Thunder,OKC,thunder,1628392,Isaiah,Hartenstein,I. Hartenstein,isaiah-hartenstein,C,,,30:58,30.966666666666665,2,10,0.2,0,1,0.0,0,0,0.0,6,12,18,6,0,1,1,2,4,-8.0,0022400673,Isaiah Hartenstein,isaiah hartenstein,,,2025-01-29,1,0.12917115177610333,0.19375672766415503,0.581270182992465,0.19375672766415503,0.22604951560818085,4.0,1.0,1.0,1.0,6.0,1.0,7.0,4.0,4.0,0,0.0,0,0.00133,-12.3,-9241.172051089408,-12.283641,0.03229278794402583,3.0,1.0,0.13900128
0022400673,1610612760,Oklahoma City,Thunder,OKC,thunder,1641717,Cason,Wallace,C. Wallace,cason-wallace,G,,,25:56,25.933333333333334,1,5,0.2,0,3,0.0,0,0,0.0,1,2,3,2,3,1,2,2,2,-8.0,0022400673,Cason Wallace,cason wallace,,,2025-01-29,4,0.07712082262210797,0.038560411311053984,0.11568123393316196,0.07712082262210797,0.1928020565552699,6.0,4.0,5.0,3.0,1.0,1.0,7.0,6.0,7.0,0,0.0,0,0.0010299999999999999,-12.9,-12512.124151309412,-12.886713,0.15424164524421594,1.0,2.0,0.018536456
0022400673,1610612760,Oklahoma City,Thunder,OKC,thunder,1628983,Shai,Gilgeous-Alexander,S. Gilgeous-Alexander,shai-gilgeous-alexander,G,,,39:06,39.1,16,29,0.552,2,6,0.333,18,21,0.857,0,3,3,4,1,0,3,4,52,1.0,0022400673,Shai Gilgeous-Alexander,shai gilgeous-alexander,,,2025-01-29,1,1.329923273657289,0.0,0.07672634271099744,0.10230179028132992,0.02557544757033248,1.0,8.0,5.0,2.0,3.0,4.0,5.0,1.0,1.0,0,0.0,0,0.00392,-0.2,-51.0073960724305,-0.199216,0.02557544757033248,3.0,9.0,0.8868161
0022400673,1610612760,Oklahoma City,Thunder,OKC,thunder,1631119,Jaylin,Williams,J. Williams,jaylin-williams,,,,14:28,14.466666666666667,0,4,0.0,0,4,0.0,2,2,1.0,1,5,6,2,0,0,0,1,2,2.0,0022400673,Jaylin Williams,jaylin williams,,,2025-01-29,0,0.1382488479262673,0.06912442396313365,0.4147465437788018,0.1382488479262673,0.06912442396313365,6.0,4.0,3.0,3.0,6.0,4.0,3.0,7.0,0.0,0,0.0,0,0.00135,6.3,4663.21243523316,6.291495,0.0,7.0,7.0,0.027474424
0022400673,1610612760,Oklahoma City,Thunder,OKC,thunder,1630598,Aaron,Wiggins,A. Wiggins,aaron-wiggins,,,,14:09,14.15,1,5,0.2,0,4,0.0,0,0,0.0,0,2,2,1,0,0,0,1,2,7.0,0022400673,Aaron Wiggins,aaron wiggins,,,2025-01-29,0,0.1413427561837456,0.0,0.1413427561837456,0.0706713780918728,0.0,6.0,8.0,7.0,7.0,6.0,4.0,1.0,8.0,1.0,0,0.0,0,0.00135,25.3,18726.868985936344,25.265845000000002,0.0,7.0,10.0,0.022584653
0022400673,1610612760,Oklahoma City,Thunder,OKC,thunder,1630198,Isaiah,Joe,I. Joe,isaiah-joe,,,,29:13,29.216666666666665,6,11,0.545,5,10,0.5,0,0,0.0,1,1,2,1,0,0,1,1,17,2.0,0022400673,Isaiah Joe,isaiah joe,,,2025-01-29,0,0.5818596691386195,0.034227039361095266,0.06845407872219053,0.034227039361095266,0.034227039361095266,3.0,4.0,7.0,7.0,6.0,4.0,3.0,5.0,1.0,0,2.0,0,0.0016,5.2,3247.9700187382887,5.19168,0.0,7.0,8.0,0.81008995
0022400673,1610612760,Oklahoma City,Thunder,OKC,thunder,1627936,Alex,Caruso,A. Caruso,alex-caruso,,,,0:22,0.36666666666666664,0,0,0.0,0,0,0.0,0,0,0.0,0,0,0,0,0,0,0,0,0,-2.0,0022400673,Alex Caruso,alex caruso,,,2025-01-29,0,0.0,0.0,0.0,0.0,0.0,9.0,8.0,11.0,10.0,6.0,4.0,6.0,11.0,,1,,1,0.0,-200.0,-200000000.0,-200.0,0.0,7.0,10.0,0.00384793
0022400673,1610612760,Oklahoma City,Thunder,OKC,thunder,1629026,Kenrich,Williams,K. Williams,kenrich-williams,,,,9:12,9.2,0,1,0.0,0,1,0.0,0,0,0.0,0,1,1,0,1,0,1,2,0,6.0,0022400673,Kenrich Williams,kenrich williams,,,2025-01-29,1,0.0,0.0,0.10869565217391305,0.0,0.10869565217391305,9.0,8.0,10.0,10.0,3.0,4.0,2.0,9.0,1.0,0,0.0,0,0.00077,24.0,31128.4046692607,23.98152,0.10869565217391305,3.0,6.0,0.017618729
0022400673,1610612760,Oklahoma City,Thunder,OKC,thunder,1631172,Ousmane,Dieng,O. Dieng,ousmane-dieng,,,,6:33,6.55,0,0,0.0,0,0,0.0,0,0,0.0,1,1,2,1,0,0,1,0,0,-8.0,0022400673,Ousmane Dieng,ousmane dieng,,,2025-01-29,0,0.0,0.15267175572519084,0.3053435114503817,0.15267175572519084,0.15267175572519084,9.0,4.0,7.0,7.0,6.0,4.0,7.0,10.0,,1,,1,0.00063,-52.2,-82725.8320126783,-52.167114000000005,0.0,7.0,4.0,0.004326935
0022400691,1610612760,Oklahoma City,Thunder,OKC,thunder,1629652,Luguentz,Dort,L. Dort,luguentz-dort,F,,,31:14,31.233333333333334,7,12,0.583,6,10,0.6,0,0,0.0,4,3,7,2,0,2,0,2,20,23.0,0022400691,Luguentz Dort,luguentz dort,,,2025-02-01,2,0.6403415154749199,0.128068303094984,0.22411953041622198,0.064034151547492,0.192102454642476,3.0,2.0,5.0,8.0,4.0,1.0,3.0,2.0,2.0,0,0.0,0,0.00145,32.7,22536.181943487256,32.652585,0.064034151547492,2.0,3.0,0.8211856
0022400691,1610612760,Oklahoma City,Thunder,OKC,thunder,1630598,Aaron,Wiggins,A. Wiggins,aaron-wiggins,F,,,39:53,39.88333333333333,16,30,0.533,6,14,0.429,3,4,0.75,6,8,14,3,0,0,2,2,41,31.0,0022400691,Aaron Wiggins,aaron wiggins,,,2025-02-01,0,1.0279983284580025,0.15043877977434184,0.3510238194734643,0.07521938988717092,0.15043877977434184,1.0,1.0,2.0,4.0,4.0,5.0,1.0,1.0,0.0,0,0.0,0,0.0032400000000000003,36.4,11231.101511879047,36.282064,0.0,7.0,5.0,0.80101013
0022400691,1610612760,Oklahoma City,Thunder,OKC,thunder,1628392,Isaiah,Hartenstein,I. Hartenstein,isaiah-hartenstein,C,,,26:40,26.666666666666668,8,12,0.667,0,0,0.0,0,0,0.0,3,12,15,6,0,0,0,3,16,14.0,0022400691,Isaiah Hartenstein,isaiah hartenstein,,,2025-02-01,0,0.6,0.11249999999999999,0.5625,0.22499999999999998,0.11249999999999999,5.0,3.0,1.0,3.0,4.0,5.0,7.0,4.0,0.0,0,0.0,0,0.00169,26.4,15612.063867534003,26.355384,0.0,7.0,7.0,0.75332797
0022400691,1610612760,Oklahoma City,Thunder,OKC,thunder,1641717,Cason,Wallace,C. Wallace,cason-wallace,G,,,8:46,8.766666666666667,1,4,0.25,0,0,0.0,0,0,0.0,0,0,0,0,2,0,0,1,2,9.0,0022400691,Cason Wallace,cason wallace,,,2025-02-01,2,0.22813688212927755,0.0,0.0,0.0,0.22813688212927755,9.0,7.0,9.0,9.0,1.0,5.0,8.0,9.0,2.0,0,0.0,0,0.00167,45.0,26929.982046678637,44.92485,0.22813688212927755,2.0,2.0,0.012075661
0022400691,1610612760,Oklahoma City,Thunder,OKC,thunder,1628983,Shai,Gilgeous-Alexander,S. Gilgeous-Alexander,shai-gilgeous-alexander,G,,,30:09,30.15,10,20,0.5,1,6,0.167,8,10,0.8,3,3,6,9,0,2,4,2,29,17.0,0022400691,Shai Gilgeous-Alexander,shai gilgeous-alexander,,,2025-02-01,2,0.9618573797678276,0.09950248756218906,0.19900497512437812,0.2985074626865672,0.16583747927031509,2.0,3.0,6.0,1.0,4.0,1.0,6.0,3.0,2.0,0,0.0,0,0.0032600000000000003,23.3,7145.047531432076,23.224042,0.06633499170812604,2.0,4.0,0.7857418
0022400691,1610612760,Oklahoma City,Thunder,OKC,thunder,1631172,Ousmane,Dieng,O. Dieng,ousmane-dieng,,,,24:30,24.5,0,4,0.0,0,4,0.0,0,0,0.0,0,3,3,3,0,1,3,2,0,8.0,0022400691,Ousmane Dieng,ousmane dieng,,,2025-02-01,1,0.0,0.0,0.12244897959183673,0.12244897959183673,0.04081632653061224,10.0,7.0,7.0,4.0,4.0,3.0,9.0,5.0,0.0,0,0.0,0,0.00101,14.3,14144.41147378833,14.285557,0.04081632653061224,5.0,8.0,0.007868587
0022400691,1610612760,Oklahoma City,Thunder,OKC,thunder,1631119,Jaylin,Williams,J. Williams,jaylin-williams,,,,21:21,21.35,3,4,0.75,0,1,0.0,0,0,0.0,2,11,13,8,2,1,1,5,6,20.0,0022400691,Jaylin Williams,jaylin williams,,,2025-02-01,3,0.2810304449648712,0.09367681498829039,0.6088992974238876,0.37470725995316156,0.23419203747072598,6.0,5.0,3.0,2.0,1.0,3.0,5.0,8.0,2.0,0,0.0,0,0.0008500000000000001,38.0,44653.349001175084,37.9677,0.1405152224824356,1.0,1.0,0.5443973
0022400691,1610612760,Oklahoma City,Thunder,OKC,thunder,1630198,Isaiah,Joe,I. Joe,isaiah-joe,,,,23:44,23.733333333333334,2,8,0.25,2,6,0.333,0,2,0.0,0,1,1,3,0,0,0,1,6,25.0,0022400691,Isaiah Joe,isaiah joe,,,2025-02-01,0,0.25280898876404495,0.0,0.042134831460674156,0.12640449438202248,0.0,6.0,7.0,8.0,4.0,4.0,5.0,2.0,6.0,2.0,0,0.0,0,0.0014299999999999998,48.1,33612.85814116003,48.031217,0.0,7.0,9.0,0.1206757
0022400691,1610612760,Oklahoma City,Thunder,OKC,thunder,1629026,Kenrich,Williams,K. Williams,kenrich-williams,,,,22:29,22.483333333333334,8,10,0.8,2,3,0.667,0,0,0.0,2,9,11,3,1,0,1,0,18,21.0,0022400691,Kenrich Williams,kenrich williams,,,2025-02-01,1,0.8005930318754633,0.08895478131949591,0.48925129725722755,0.13343217197924387,0.13343217197924387,4.0,5.0,4.0,4.0,3.0,5.0,4.0,7.0,2.0,0,0.0,0,0.00193,45.7,23666.49404453651,45.611799000000005,0.044477390659747956,5.0,6.0,0.85222894
0022400691,1610612760,Oklahoma City,Thunder,OKC,thunder,1641745,Adam,Flagler,A. Flagler,adam-flagler,,,,5:37,5.616666666666667,0,1,0.0,0,0,0.0,0,0,0.0,0,0,0,0,0,0,0,0,0,1.0,0022400691,Adam Flagler,adam flagler,,,2025-02-01,0,0.0,0.0,0.0,0.0,0.0,10.0,7.0,9.0,9.0,4.0,5.0,10.0,10.0,1.0,0,0.0,0,0.00067,1.1,1639.344262295082,1.099263,0.0,7.0,9.0,0.0030996113
0022400691,1610612760,Oklahoma City,Thunder,OKC,thunder,1642505,Alex,Ducas,A. Ducas,alex-ducas,,,,5:37,5.616666666666667,2,2,1.0,2,2,1.0,0,0,0.0,0,0,0,0,0,0,0,0,6,1.0,0022400691,Alex Ducas,alex ducas,,,2025-02-01,0,1.0682492581602372,0.0,0.0,0.0,0.0,6.0,7.0,9.0,9.0,4.0,5.0,10.0,10.0,0.0,0,0.0,0,0.00133,1.1,826.4462809917356,1.098537,0.0,7.0,9.0,0.06427526
0022400705,1610612760,Oklahoma City,Thunder,OKC,thunder,1629652,Luguentz,Dort,L. Dort,luguentz-dort,F,,,20:36,20.6,4,4,1.0,2,2,1.0,2,2,1.0,0,2,2,0,1,0,1,3,12,30.0,0022400705,Luguentz Dort,luguentz dort,,,2025-02-03,1,0.5825242718446602,0.0,0.0970873786407767,0.0,0.04854368932038835,6.0,7.0,9.0,8.0,3.0,3.0,2.0,8.0,1.0,0,0.0,0,0.00113,67.1,59328.02829354554,67.024177,0.04854368932038835,5.0,7.0,0.80691713
0022400705,1610612760,Oklahoma City,Thunder,OKC,thunder,1629026,Kenrich,Williams,K. Williams,kenrich-williams,F,,,21:46,21.766666666666666,2,9,0.222,0,3,0.0,0,0,0.0,2,1,3,4,2,0,1,3,4,22.0,0022400705,Kenrich Williams,kenrich williams,,,2025-02-03,2,0.18376722817764166,0.09188361408882083,0.13782542113323124,0.18376722817764166,0.18376722817764166,8.0,4.0,6.0,3.0,1.0,3.0,5.0,7.0,3.0,0,0.0,0,0.00172,48.8,28355.607205113305,48.716063999999996,0.09188361408882083,3.0,3.0,0.073641405
0022400705,1610612760,Oklahoma City,Thunder,OKC,thunder,1628392,Isaiah,Hartenstein,I. Hartenstein,isaiah-hartenstein,C,,,18:29,18.483333333333334,3,7,0.429,0,1,0.0,0,0,0.0,3,9,12,3,1,2,3,2,6,24.0,0022400705,Isaiah Hartenstein,isaiah hartenstein,,,2025-02-03,3,0.3246167718665464,0.1623083859332732,0.6492335437330928,0.1623083859332732,0.3246167718665464,7.0,1.0,1.0,6.0,3.0,2.0,3.0,9.0,1.0,0,0.0,0,0.00217,60.7,27959.46568401658,60.568281000000006,0.1623083859332732,1.0,1.0,0.4019307
0022400705,1610612760,Oklahoma City,Thunder,OKC,thunder,1630598,Aaron,Wiggins,A. Wiggins,aaron-wiggins,G,,,25:40,25.666666666666668,6,9,0.667,1,2,0.5,0,0,0.0,0,1,1,4,1,0,1,0,13,24.0,0022400705,Aaron Wiggins,aaron wiggins,,,2025-02-03,1,0.5064935064935064,0.0,0.03896103896103896,0.15584415584415584,0.03896103896103896,4.0,7.0,10.0,3.0,3.0,3.0,3.0,3.0,1.0,0,0.0,0,0.00149,40.7,27297.1160295104,40.639357000000004,0.03896103896103896,5.0,10.0,0.5607311
0022400705,1610612760,Oklahoma City,Thunder,OKC,thunder,1628983,Shai,Gilgeous-Alexander,S. Gilgeous-Alexander,shai-gilgeous-alexander,G,,,22:24,22.4,15,19,0.789,2,3,0.667,2,3,0.667,0,3,3,6,0,0,3,1,34,34.0,0022400705,Shai Gilgeous-Alexander,shai gilgeous-alexander,,,2025-02-03,0,1.517857142857143,0.0,0.13392857142857142,0.26785714285714285,0.0,1.0,7.0,6.0,1.0,8.0,3.0,1.0,6.0,0.0,0,0.0,0,0.00404,72.6,17965.850037119522,72.30669599999999,0.0,9.0,11.0,0.689691
0022400705,1610612760,Oklahoma City,Thunder,OKC,thunder,1631172,Ousmane,Dieng,O. Dieng,ousmane-dieng,,,,31:01,31.016666666666666,9,13,0.692,3,5,0.6,0,0,0.0,3,5,8,5,1,0,4,1,21,1.0,0022400705,Ousmane Dieng,ousmane dieng,,,2025-02-03,1,0.677055346587856,0.09672219236969372,0.25792584631918325,0.16120365394948952,0.12896292315959162,2.0,1.0,3.0,2.0,3.0,3.0,8.0,1.0,0.0,0,0.0,0,0.00221,-1.4,-633.1976481230212,-1.3969059999999998,0.032240730789897906,5.0,6.0,0.8244506
0022400705,1610612760,Oklahoma City,Thunder,OKC,thunder,1631119,Jaylin,Williams,J. Williams,jaylin-williams,,,,26:17,26.283333333333335,5,9,0.556,3,5,0.6,0,0,0.0,3,4,7,0,0,3,2,3,13,9.0,0022400705,Jaylin Williams,jaylin williams,,,2025-02-03,3,0.49461001902346224,0.11414077362079898,0.2663284717818643,0.0,0.22828154724159797,4.0,1.0,4.0,8.0,8.0,1.0,7.0,2.0,2.0,0,0.0,0,0.0016200000000000001,12.3,7587.908698334361,12.280074,0.11414077362079898,1.0,2.0,0.63411504
0022400705,1610612760,Oklahoma City,Thunder,OKC,thunder,1630198,Isaiah,Joe,I. Joe,isaiah-joe,,,,22:38,22.633333333333333,5,9,0.556,5,8,0.625,3,3,1.0,0,3,3,2,1,0,0,2,18,19.0,0022400705,Isaiah Joe,isaiah joe,,,2025-02-03,1,0.7952871870397644,0.0,0.1325478645066274,0.08836524300441827,0.044182621502209134,3.0,7.0,6.0,7.0,3.0,3.0,6.0,5.0,5.0,0,0.0,0,0.00179,34.0,18983.807928531547,33.93914,0.044182621502209134,5.0,8.0,0.85830235
0022400705,1610612760,Oklahoma City,Thunder,OKC,thunder,1641794,Dillon,Jones,D. Jones,dillon-jones,,,,25:19,25.316666666666666,0,3,0.0,0,1,0.0,0,0,0.0,1,8,9,4,0,0,2,2,0,1.0,0022400705,Dillon Jones,dillon jones,,,2025-02-03,0,0.0,0.03949967083607637,0.3554970375246873,0.15799868334430547,0.03949967083607637,11.0,6.0,2.0,3.0,8.0,3.0,8.0,4.0,0.0,0,0.0,0,0.00079,-1.4,-1769.9115044247785,-1.398894,0.0,9.0,9.0,0.014858575
0022400705,1610612760,Oklahoma City,Thunder,OKC,thunder,1642505,Alex,Ducas,A. Ducas,alex-ducas,,,,13:50,13.833333333333334,1,6,0.167,0,3,0.0,0,0,0.0,2,5,7,0,0,0,0,1,2,-7.0,0022400705,Alex Ducas,alex ducas,,,2025-02-03,0,0.14457831325301204,0.14457831325301204,0.5060240963855421,0.0,0.14457831325301204,9.0,4.0,4.0,8.0,8.0,3.0,10.0,10.0,0.0,0,0.0,0,0.0016200000000000001,-27.0,-16656.38494756323,-26.95626,0.0,9.0,5.0,0.014178223
0022400705,1610612760,Oklahoma City,Thunder,OKC,thunder,1641745,Adam,Flagler,A. Flagler,adam-flagler,,,,12:00,12.0,1,11,0.091,0,8,0.0,0,0,0.0,0,0,0,0,2,0,0,0,2,-12.0,0022400705,Adam Flagler,adam flagler,,,2025-02-03,2,0.16666666666666666,0.0,0.0,0.0,0.16666666666666666,9.0,7.0,11.0,8.0,1.0,3.0,11.0,11.0,2.0,0,0.0,0,0.00367,-51.5,-14028.874965949331,-51.310995000000005,0.16666666666666666,3.0,4.0,0.005314637
0022400724,1610612760,Oklahoma City,Thunder,OKC,thunder,1629652,Luguentz,Dort,L. Dort,luguentz-dort,F,,,26:13,26.216666666666665,3,7,0.429,1,5,0.2,0,0,0.0,1,1,2,1,4,1,0,3,7,31.0,0022400724,Luguentz Dort,luguentz dort,,,2025-02-05,5,0.26700572155117613,0.038143674507310876,0.07628734901462175,0.038143674507310876,0.22886204704386523,6.0,5.0,8.0,7.0,1.0,1.0,2.0,2.0,3.0,0,0.0,0,0.0010299999999999999,53.4,51794.374393792445,53.344998,0.19071837253655435,1.0,1.0,0.51073706
0022400724,1610612760,Oklahoma City,Thunder,OKC,thunder,1631114,Jalen,Williams,J. Williams,jalen-williams,F,,,25:32,25.533333333333335,6,12,0.5,1,3,0.333,0,0,0.0,1,2,3,4,2,0,0,0,13,17.0,0022400724,Jalen Williams,jalen williams,,,2025-02-05,2,0.5091383812010444,0.03916449086161879,0.11749347258485639,0.15665796344647517,0.11749347258485639,3.0,5.0,5.0,2.0,2.0,5.0,4.0,3.0,2.0,0,0.0,0,0.00179,29.8,16638.749302065888,29.746658000000004,0.07832898172323759,3.0,9.0,0.7175454
0022400724,1610612760,Oklahoma City,Thunder,OKC,thunder,1628392,Isaiah,Hartenstein,I. Hartenstein,isaiah-hartenstein,C,,,25:32,25.533333333333335,3,6,0.5,0,0,0.0,3,4,0.75,2,2,4,4,1,0,1,4,9,17.0,0022400724,Isaiah Hartenstein,isaiah hartenstein,,,2025-02-05,1,0.3524804177545692,0.07832898172323759,0.15665796344647517,0.15665796344647517,0.11749347258485639,5.0,3.0,4.0,2.0,4.0,5.0,4.0,3.0,3.0,0,0.0,0,0.00134,29.8,22222.222222222223,29.760068,0.03916449086161879,5.0,9.0,0.1597066
0022400724,1610612760,Oklahoma City,Thunder,OKC,thunder,1630598,Aaron,Wiggins,A. Wiggins,aaron-wiggins,G,,,24:54,24.9,6,8,0.75,1,2,0.5,4,4,1.0,4,2,6,1,1,0,0,2,17,26.0,0022400724,Aaron Wiggins,aaron wiggins,,,2025-02-05,1,0.6827309236947792,0.1606425702811245,0.24096385542168677,0.040160642570281124,0.20080321285140562,2.0,1.0,3.0,7.0,4.0,5.0,3.0,5.0,1.0,0,0.0,0,0.00156,48.1,30813.581037796288,48.024964000000004,0.040160642570281124,5.0,2.0,0.8302018
0022400724,1610612760,Oklahoma City,Thunder,OKC,thunder,1628983,Shai,Gilgeous-Alexander,S. Gilgeous-Alexander,shai-gilgeous-alexander,G,,,34:15,34.25,18,29,0.621,3,7,0.429,11,12,0.917,2,6,8,5,2,1,1,3,50,42.0,0022400724,Shai Gilgeous-Alexander,shai gilgeous-alexander,,,2025-02-05,3,1.4598540145985401,0.058394160583941604,0.23357664233576642,0.145985401459854,0.145985401459854,1.0,3.0,2.0,1.0,2.0,1.0,1.0,1.0,2.0,0,0.0,0,0.00414,58.1,14030.427432987202,57.859466,0.08759124087591241,2.0,7.0,0.65267885
0022400724,1610612760,Oklahoma City,Thunder,OKC,thunder,1631119,Jaylin,Williams,J. Williams,jaylin-williams,,,,21:49,21.816666666666666,0,9,0.0,0,7,0.0,4,4,1.0,3,9,12,3,0,1,0,0,4,14.0,0022400724,Jaylin Williams,jaylin williams,,,2025-02-05,1,0.18334606569900688,0.13750954927425516,0.5500381970970206,0.13750954927425516,0.18334606569900688,12.0,2.0,1.0,4.0,11.0,1.0,7.0,6.0,0.0,0,0.0,0,0.002,30.4,15192.403798100948,30.339199999999998,0.04583651642475172,5.0,3.0,0.06275299
0022400724,1610612760,Oklahoma City,Thunder,OKC,thunder,1631172,Ousmane,Dieng,O. Dieng,ousmane-dieng,,,,8:47,8.783333333333333,2,4,0.5,1,2,0.5,0,0,0.0,0,0,0,0,1,0,1,1,5,9.0,0022400724,Ousmane Dieng,ousmane dieng,,,2025-02-05,1,0.5692599620493358,0.0,0.0,0.0,0.11385199240986718,9.0,11.0,12.0,11.0,4.0,5.0,8.0,10.0,0.0,0,0.0,0,0.0023799999999999997,57.8,24275.514489710207,57.66243599999999,0.11385199240986718,5.0,11.0,0.044808805
0022400724,1610612760,Oklahoma City,Thunder,OKC,thunder,1627936,Alex,Caruso,A. Caruso,alex-caruso,,,,17:12,17.2,2,6,0.333,1,5,0.2,0,0,0.0,1,0,1,2,1,1,1,4,5,5.0,0022400724,Alex Caruso,alex caruso,,,2025-02-05,2,0.29069767441860467,0.05813953488372093,0.05813953488372093,0.11627906976744186,0.1744186046511628,9.0,5.0,11.0,5.0,4.0,1.0,9.0,8.0,1.0,0,0.0,0,0.00149,16.4,10999.329309188464,16.375563999999997,0.11627906976744186,3.0,5.0,0.02318223
0022400724,1610612760,Oklahoma City,Thunder,OKC,thunder,1630198,Isaiah,Joe,I. Joe,isaiah-joe,,,,21:16,21.266666666666666,5,8,0.625,2,5,0.4,0,0,0.0,1,2,3,1,1,0,0,1,12,15.0,0022400724,Isaiah Joe,isaiah joe,,,2025-02-05,1,0.5642633228840126,0.047021943573667714,0.14106583072100315,0.047021943573667714,0.09404388714733543,4.0,5.0,5.0,7.0,4.0,5.0,6.0,7.0,2.0,0,0.0,0,0.0014299999999999998,35.6,24877.707896575826,35.549092,0.047021943573667714,5.0,12.0,0.7263695
0022400724,1610612760,Oklahoma City,Thunder,OKC,thunder,1629026,Kenrich,Williams,K. Williams,kenrich-williams,,,,16:15,16.25,2,3,0.667,1,2,0.5,0,0,0.0,1,2,3,1,1,0,0,2,5,-14.0,0022400724,Kenrich Williams,kenrich williams,,,2025-02-05,1,0.3076923076923077,0.06153846153846154,0.18461538461538463,0.06153846153846154,0.12307692307692308,9.0,5.0,5.0,7.0,4.0,5.0,13.0,9.0,2.0,0,0.0,0,0.00075,-37.5,-49933.422103861514,-37.471875,0.06153846153846154,5.0,8.0,0.026469048
0022400724,1610612760,Oklahoma City,Thunder,OKC,thunder,1641794,Dillon,Jones,D. Jones,dillon-jones,,,,6:30,6.5,2,4,0.5,0,1,0.0,2,3,0.667,1,1,2,2,0,0,1,2,6,0.0,0022400724,Dillon Jones,dillon jones,,,2025-02-05,0,0.9230769230769231,0.15384615384615385,0.3076923076923077,0.3076923076923077,0.15384615384615385,8.0,5.0,8.0,5.0,11.0,5.0,10.0,11.0,0.0,0,0.0,0,0.004,0.0,0.0,0.0,0.0,12.0,6.0,0.088417515
0022400724,1610612760,Oklahoma City,Thunder,OKC,thunder,1642505,Alex,Ducas,A. Ducas,alex-ducas,,,,6:04,6.066666666666666,0,2,0.0,0,1,0.0,0,0,0.0,0,2,2,0,0,0,0,0,0,-2.0,0022400724,Alex Ducas,alex ducas,,,2025-02-05,0,0.0,0.0,0.32967032967032966,0.0,0.0,13.0,11.0,8.0,11.0,11.0,5.0,11.0,12.0,0.0,0,0.0,0,0.0014299999999999998,-5.5,-3843.466107617052,-5.492134999999999,0.0,12.0,13.0,0.0048637833
0022400724,1610612760,Oklahoma City,Thunder,OKC,thunder,1641745,Adam,Flagler,A. Flagler,adam-flagler,,,,5:41,5.683333333333334,3,4,0.75,1,2,0.5,0,0,0.0,0,0,0,0,1,0,0,1,7,-5.0,0022400724,Adam Flagler,adam flagler,,,2025-02-05,1,1.2316715542521994,0.0,0.0,0.0,0.1759530791788856,6.0,11.0,12.0,11.0,4.0,5.0,12.0,13.0,0.0,0,0.0,0,0.00308,-30.1,-9769.555339175593,-30.007292000000003,0.1759530791788856,5.0,4.0,0.08863868
0022400739,1610612760,Oklahoma City,Thunder,OKC,thunder,1631114,Jalen,Williams,J. Williams,jalen-williams,F,,,33:11,33.18333333333333,9,19,0.474,1,3,0.333,8,10,0.8,1,4,5,4,0,0,3,1,27,9.0,0022400739,Jalen Williams,jalen williams,,,2025-02-07,0,0.8136614766449022,0.030135610246107485,0.15067805123053743,0.12054244098442994,0.030135610246107485,1.0,3.0,4.0,2.0,7.0,5.0,5.0,1.0,5.0,0,1.0,0,0.0034200000000000003,13.4,3916.983338205203,13.354172,0.0,8.0,11.0,0.6792128
0022400739,1610612760,Oklahoma City,Thunder,OKC,thunder,1631096,Chet,Holmgren,C. Holmgren,chet-holmgren,F,,,22:02,22.033333333333335,2,5,0.4,0,1,0.0,0,0,0.0,0,5,5,1,2,4,1,3,4,22.0,0022400739,Chet Holmgren,chet holmgren,,,2025-02-07,6,0.1815431164901664,0.0,0.22692889561270801,0.0453857791225416,0.2723146747352496,7.0,10.0,4.0,8.0,2.0,1.0,1.0,6.0,3.0,0,0.0,0,0.00115,49.8,43266.72458731538,49.742729999999995,0.2723146747352496,1.0,1.0,0.533366
0022400739,1610612760,Oklahoma City,Thunder,OKC,thunder,1628392,Isaiah,Hartenstein,I. Hartenstein,isaiah-hartenstein,C,,,25:59,25.983333333333334,6,7,0.857,0,0,0.0,0,2,0.0,1,5,6,2,2,0,1,2,12,6.0,0022400739,Isaiah Hartenstein,isaiah hartenstein,,,2025-02-07,2,0.46183450930083386,0.03848620910840282,0.23091725465041693,0.07697241821680564,0.11545862732520847,5.0,3.0,1.0,5.0,2.0,5.0,8.0,4.0,3.0,0,0.0,0,0.00155,9.3,5996.131528046422,9.285585000000001,0.07697241821680564,3.0,6.0,0.5858043
0022400739,1610612760,Oklahoma City,Thunder,OKC,thunder,1630598,Aaron,Wiggins,A. Wiggins,aaron-wiggins,G,,,33:11,33.18333333333333,7,14,0.5,1,5,0.2,3,3,1.0,1,2,3,2,1,1,0,0,18,9.0,0022400739,Aaron Wiggins,aaron wiggins,,,2025-02-07,2,0.5424409844299347,0.030135610246107485,0.09040683073832247,0.06027122049221497,0.09040683073832247,3.0,3.0,7.0,5.0,4.0,2.0,5.0,1.0,3.0,0,0.0,0,0.002,13.4,6696.651674162918,13.3732,0.06027122049221497,3.0,8.0,0.71167064
0022400739,1610612760,Oklahoma City,Thunder,OKC,thunder,1628983,Shai,Gilgeous-Alexander,S. Gilgeous-Alexander,shai-gilgeous-alexander,G,,,29:08,29.133333333333333,5,12,0.417,1,6,0.167,14,14,1.0,1,3,4,6,1,0,2,1,25,15.0,0022400739,Shai Gilgeous-Alexander,shai gilgeous-alexander,,,2025-02-07,1,0.8581235697940504,0.034324942791762014,0.13729977116704806,0.20594965675057209,0.06864988558352403,2.0,3.0,6.0,1.0,4.0,5.0,2.0,3.0,1.0,0,0.0,0,0.00269,22.3,8286.882199925678,22.240013,0.034324942791762014,5.0,9.0,0.8664159
0022400739,1610612760,Oklahoma City,Thunder,OKC,thunder,1631119,Jaylin,Williams,J. Williams,jaylin-williams,,,,17:27,17.45,2,5,0.4,0,3,0.0,0,0,0.0,2,4,6,3,0,1,2,2,4,7.0,0022400739,Jaylin Williams,jaylin williams,,,2025-02-07,1,0.22922636103151864,0.11461318051575932,0.34383954154727797,0.17191977077363899,0.17191977077363899,7.0,1.0,1.0,4.0,7.0,2.0,7.0,8.0,1.0,0,0.0,0,0.0017100000000000001,24.1,14085.330216247808,24.058789,0.05730659025787966,5.0,4.0,0.055740274
0022400739,1610612760,Oklahoma City,Thunder,OKC,thunder,1630198,Isaiah,Joe,I. Joe,isaiah-joe,,,,25:10,25.166666666666668,6,7,0.857,4,5,0.8,0,0,0.0,1,1,2,1,0,0,1,2,16,14.0,0022400739,Isaiah Joe,isaiah joe,,,2025-02-07,0,0.6357615894039734,0.03973509933774834,0.07947019867549668,0.03973509933774834,0.03973509933774834,4.0,3.0,9.0,8.0,7.0,5.0,3.0,5.0,1.0,0,0.0,0,0.0013800000000000002,27.5,19913.106444605357,27.462049999999998,0.0,8.0,10.0,0.753289
0022400739,1610612760,Oklahoma City,Thunder,OKC,thunder,1641794,Dillon,Jones,D. Jones,dillon-jones,,,,9:01,9.016666666666667,0,2,0.0,0,1,0.0,1,2,0.5,0,2,2,1,1,0,0,1,1,-3.0,0022400739,Dillon Jones,dillon jones,,,2025-02-07,1,0.11090573012939,0.0,0.22181146025878,0.11090573012939,0.11090573012939,10.0,10.0,9.0,8.0,4.0,5.0,9.0,10.0,1.0,0,0.0,0,0.0014299999999999998,-24.6,-17190.77568134172,-24.564822,0.11090573012939,5.0,7.0,0.0053055855
0022400739,1610612760,Oklahoma City,Thunder,OKC,thunder,1627936,Alex,Caruso,A. Caruso,alex-caruso,,,,20:18,20.3,5,7,0.714,2,4,0.5,0,0,0.0,1,5,6,4,3,1,0,2,12,11.0,0022400739,Alex Caruso,alex caruso,,,2025-02-07,4,0.5911330049261083,0.04926108374384236,0.29556650246305416,0.19704433497536944,0.24630541871921183,5.0,3.0,1.0,2.0,1.0,2.0,4.0,7.0,3.0,0,0.0,0,0.0014000000000000002,17.9,12776.588151320484,17.87494,0.19704433497536944,2.0,2.0,0.8046524
0022400739,1610612760,Oklahoma City,Thunder,OKC,thunder,1629026,Kenrich,Williams,K. Williams,kenrich-williams,,,,16:42,16.7,0,5,0.0,0,3,0.0,0,0,0.0,2,1,3,2,0,0,1,0,0,-11.0,0022400739,Kenrich Williams,kenrich williams,,,2025-02-07,0,0.0,0.11976047904191617,0.17964071856287425,0.11976047904191617,0.11976047904191617,11.0,1.0,7.0,5.0,7.0,5.0,13.0,9.0,0.0,0,0.0,0,0.0015,-32.4,-21585.609593604262,-32.3514,0.0,8.0,5.0,0.006034452
0022400739,1610612760,Oklahoma City,Thunder,OKC,thunder,1642505,Alex,Ducas,A. Ducas,alex-ducas,,,,4:19,4.316666666666666,0,0,0.0,0,0,0.0,0,0,0.0,1,0,1,0,0,0,1,0,0,-9.0,0022400739,Alex Ducas,alex ducas,,,2025-02-07,0,0.0,0.23166023166023167,0.23166023166023167,0.0,0.23166023166023167,11.0,3.0,11.0,11.0,7.0,5.0,12.0,11.0,0.0,0,0.0,0,0.001,-100.0,-99900.0999000999,-99.9,0.0,8.0,3.0,0.004711618
0022400739,1610612760,Oklahoma City,Thunder,OKC,thunder,1642382,Branden,Carlson,B. Carlson,branden-carlson,,,,1:46,1.7666666666666666,1,1,1.0,0,0,0.0,0,0,0.0,0,1,1,0,0,0,0,0,2,-5.0,0022400739,Branden Carlson,branden carlson,,,2025-02-07,0,1.1320754716981132,0.0,0.5660377358490566,0.0,0.0,9.0,10.0,11.0,11.0,7.0,5.0,10.0,12.0,0.0,0,0.0,0,0.0025,-125.0,-49980.00799680127,-124.6875,0.0,8.0,12.0,0.029300233
0022400739,1610612760,Oklahoma City,Thunder,OKC,thunder,1641745,Adam,Flagler,A. Flagler,adam-flagler,,,,1:46,1.7666666666666666,0,0,0.0,0,0,0.0,0,0,0.0,0,0,0,0,0,0,0,0,0,-5.0,0022400739,Adam Flagler,adam flagler,,,2025-02-07,0,0.0,0.0,0.0,0.0,0.0,11.0,10.0,13.0,11.0,7.0,5.0,10.0,12.0,,1,,1,0.0,-125.0,-125000000.0,-125.0,0.0,8.0,12.0,0.0035071694
0022400746,1610612760,Oklahoma City,Thunder,OKC,thunder,1631114,Jalen,Williams,J. Williams,jalen-williams,F,,,37:10,37.166666666666664,12,20,0.6,1,5,0.2,0,0,0.0,2,4,6,6,1,1,4,5,25,10.0,0022400746,Jalen Williams,jalen williams,,,2025-02-08,2,0.672645739910314,0.053811659192825115,0.16143497757847536,0.16143497757847536,0.10762331838565023,3.0,4.0,5.0,2.0,2.0,3.0,4.0,2.0,4.0,0,0.0,0,0.00253,11.4,4504.148557882259,11.371158,0.053811659192825115,1.0,6.0,0.63477963
0022400746,1610612760,Oklahoma City,Thunder,OKC,thunder,1627936,Alex,Caruso,A. Caruso,alex-caruso,F,,,27:01,27.016666666666666,5,10,0.5,2,4,0.5,2,2,1.0,2,1,3,2,1,0,0,3,14,7.0,0022400746,Alex Caruso,alex caruso,,,2025-02-08,1,0.5181986428130784,0.07402837754472548,0.11104256631708823,0.07402837754472548,0.11104256631708823,4.0,4.0,7.0,6.0,2.0,4.0,5.0,5.0,6.0,0,0.0,0,0.0016200000000000001,16.7,10302.282541640961,16.672946,0.03701418877236274,5.0,5.0,0.73756313
0022400746,1610612760,Oklahoma City,Thunder,OKC,thunder,1628392,Isaiah,Hartenstein,I. Hartenstein,isaiah-hartenstein,C,,,32:28,32.46666666666667,5,9,0.556,0,0,0.0,2,2,1.0,6,8,14,4,0,2,1,5,12,5.0,0022400746,Isaiah Hartenstein,isaiah hartenstein,,,2025-02-08,2,0.36960985626283366,0.18480492813141683,0.4312114989733059,0.12320328542094455,0.2464065708418891,5.0,1.0,1.0,3.0,5.0,1.0,6.0,4.0,0.0,0,0.0,0,0.0013900000000000002,10.9,7836.089144500359,10.884849,0.061601642710472276,1.0,2.0,0.8843021
0022400746,1610612760,Oklahoma City,Thunder,OKC,thunder,1630598,Aaron,Wiggins,A. Wiggins,aaron-wiggins,G,,,38:04,38.06666666666667,9,18,0.5,8,13,0.615,0,0,0.0,2,9,11,2,0,0,0,1,26,15.0,0022400746,Aaron Wiggins,aaron wiggins,,,2025-02-08,0,0.6830122591943958,0.052539404553415055,0.2889667250437828,0.052539404553415055,0.052539404553415055,2.0,4.0,2.0,6.0,5.0,4.0,2.0,1.0,1.0,0,0.0,0,0.00188,19.0,10101.010101010103,18.96428,0.0,7.0,9.0,0.90869766
0022400746,1610612760,Oklahoma City,Thunder,OKC,thunder,1628983,Shai,Gilgeous-Alexander,S. Gilgeous-Alexander,shai-gilgeous-alexander,G,,,33:54,33.9,8,26,0.308,3,5,0.6,13,16,0.813,0,0,0,8,0,2,0,5,32,18.0,0022400746,Shai Gilgeous-Alexander,shai gilgeous-alexander,,,2025-02-08,2,0.943952802359882,0.0,0.0,0.2359882005899705,0.058997050147492625,1.0,9.0,9.0,1.0,5.0,1.0,1.0,3.0,1.0,0,0.0,0,0.00367,25.4,6919.095614274039,25.306782,0.058997050147492625,1.0,8.0,0.77406037
0022400746,1610612760,Oklahoma City,Thunder,OKC,thunder,1631119,Jaylin,Williams,J. Williams,jaylin-williams,,,,14:00,14.0,2,5,0.4,1,3,0.333,0,0,0.0,3,5,8,3,1,0,1,2,5,12.0,0022400746,Jaylin Williams,jaylin williams,,,2025-02-08,1,0.35714285714285715,0.21428571428571427,0.5714285714285714,0.21428571428571427,0.2857142857142857,7.0,2.0,3.0,5.0,2.0,4.0,3.0,8.0,1.0,0,0.0,0,0.0014299999999999998,43.7,30538.085255066395,43.637509,0.07142857142857142,5.0,1.0,0.31671908
0022400746,1610612760,Oklahoma City,Thunder,OKC,thunder,1629026,Kenrich,Williams,K. Williams,kenrich-williams,,,,22:51,22.85,2,6,0.333,2,4,0.5,0,0,0.0,3,5,8,4,2,0,0,2,6,3.0,0022400746,Kenrich Williams,kenrich williams,,,2025-02-08,2,0.26258205689277897,0.13129102844638948,0.350109409190372,0.175054704595186,0.2188183807439825,6.0,2.0,3.0,3.0,1.0,4.0,7.0,7.0,2.0,0,0.0,0,0.00092,1.6,1737.242128121607,1.598528,0.087527352297593,1.0,3.0,0.33746088
0022400746,1610612760,Oklahoma City,Thunder,OKC,thunder,1630198,Isaiah,Joe,I. Joe,isaiah-joe,,,,25:06,25.1,1,7,0.143,1,6,0.167,0,0,0.0,2,2,4,0,0,0,2,3,3,-6.0,0022400746,Isaiah Joe,isaiah joe,,,2025-02-08,0,0.1195219123505976,0.0796812749003984,0.1593625498007968,0.0,0.0796812749003984,8.0,4.0,6.0,8.0,5.0,4.0,11.0,6.0,3.0,0,0.0,0,0.0013,-11.1,-8531.898539584936,-11.08557,0.0,7.0,7.0,0.012025964
0022400746,1610612760,Oklahoma City,Thunder,OKC,thunder,1641794,Dillon,Jones,D. Jones,dillon-jones,,,,7:42,7.7,1,3,0.333,0,1,0.0,0,1,0.0,1,0,1,0,0,0,0,1,2,1.0,0022400746,Dillon Jones,dillon jones,,,2025-02-08,0,0.2597402597402597,0.12987012987012986,0.12987012987012986,0.0,0.12987012987012986,9.0,8.0,8.0,8.0,5.0,4.0,8.0,9.0,0.0,0,0.0,0,0.00125,1.5,1199.0407673860911,1.498125,0.0,7.0,4.0,0.01033692
0022400746,1610612760,Oklahoma City,Thunder,OKC,thunder,1641745,Adam,Flagler,A. Flagler,adam-flagler,,,,0:52,0.8666666666666667,0,0,0.0,0,0,0.0,0,0,0.0,0,0,0,0,0,0,0,0,0,0.0,0022400746,Adam Flagler,adam flagler,,,2025-02-08,0,0.0,0.0,0.0,0.0,0.0,10.0,9.0,9.0,8.0,5.0,4.0,9.0,10.0,,1,,1,0.0,0.0,0.0,0.0,0.0,7.0,10.0,0.0039241915
0022400746,1610612760,Oklahoma City,Thunder,OKC,thunder,1642382,Branden,Carlson,B. Carlson,branden-carlson,,,,0:52,0.8666666666666667,0,1,0.0,0,1,0.0,0,0,0.0,0,0,0,0,0,0,0,0,0,0.0,0022400746,Branden Carlson,branden carlson,,,2025-02-08,0,0.0,0.0,0.0,0.0,0.0,10.0,9.0,9.0,8.0,5.0,4.0,9.0,10.0,0.0,0,0.0,0,0.00333,0.0,0.0,0.0,0.0,7.0,10.0,0.0028198962
0022400761,1610612760,Oklahoma City,Thunder,OKC,thunder,1631114,Jalen,Williams,J. Williams,jalen-williams,F,,,25:03,25.05,6,11,0.545,3,4,0.75,1,2,0.5,0,5,5,5,2,0,2,0,16,22.0,0022400761,Jalen Williams,jalen williams,,,2025-02-10,2,0.6387225548902196,0.0,0.1996007984031936,0.1996007984031936,0.07984031936127745,3.0,5.0,4.0,1.0,3.0,5.0,4.0,2.0,3.0,0,0.0,0,0.00222,40.7,18325.078793336335,40.609646000000005,0.07984031936127745,4.0,10.0,0.72910255
0022400761,1610612760,Oklahoma City,Thunder,OKC,thunder,1631096,Chet,Holmgren,C. Holmgren,chet-holmgren,F,,,24:54,24.9,4,10,0.4,2,5,0.4,2,4,0.5,0,6,6,0,1,5,2,3,12,5.0,0022400761,Chet Holmgren,chet holmgren,,,2025-02-10,6,0.48192771084337355,0.0,0.24096385542168677,0.0,0.24096385542168677,4.0,5.0,3.0,10.0,5.0,1.0,9.0,3.0,0.0,0,0.0,0,0.0023,11.7,5084.745762711864,11.67309,0.24096385542168677,1.0,3.0,0.56089914
0022400761,1610612760,Oklahoma City,Thunder,OKC,thunder,1628392,Isaiah,Hartenstein,I. Hartenstein,isaiah-hartenstein,C,,,21:49,21.816666666666666,3,6,0.5,0,0,0.0,0,0,0.0,6,7,13,2,0,0,1,2,6,24.0,0022400761,Isaiah Hartenstein,isaiah hartenstein,,,2025-02-10,0,0.2750190985485103,0.2750190985485103,0.5958747135217723,0.09167303284950344,0.2750190985485103,8.0,1.0,1.0,6.0,10.0,5.0,2.0,7.0,1.0,0,0.0,0,0.0013,51.4,39508.07071483474,51.33318,0.0,10.0,2.0,0.692667
0022400761,1610612760,Oklahoma City,Thunder,OKC,thunder,1629652,Luguentz,Dort,L. Dort,luguentz-dort,G,,,24:54,24.9,2,7,0.286,2,7,0.286,0,0,0.0,2,1,3,2,0,0,0,2,6,5.0,0022400761,Luguentz Dort,luguentz dort,,,2025-02-10,0,0.24096385542168677,0.08032128514056225,0.12048192771084339,0.08032128514056225,0.08032128514056225,8.0,2.0,5.0,6.0,10.0,5.0,9.0,3.0,2.0,0,0.0,0,0.00115,11.7,10165.073848827107,11.686544999999999,0.0,10.0,9.0,0.044491794
0022400761,1610612760,Oklahoma City,Thunder,OKC,thunder,1628983,Shai,Gilgeous-Alexander,S. Gilgeous-Alexander,shai-gilgeous-alexander,G,,,30:33,30.55,10,20,0.5,4,9,0.444,7,8,0.875,0,1,1,2,3,1,1,1,31,12.0,0022400761,Shai Gilgeous-Alexander,shai gilgeous-alexander,,,2025-02-10,4,1.0147299509001637,0.0,0.03273322422258593,0.06546644844517185,0.1309328968903437,1.0,5.0,9.0,6.0,1.0,2.0,8.0,1.0,2.0,0,0.0,0,0.0032,17.1,5342.080599812559,17.04528,0.1309328968903437,2.0,6.0,0.77497417
0022400761,1610612760,Oklahoma City,Thunder,OKC,thunder,1630598,Aaron,Wiggins,A. Wiggins,aaron-wiggins,,,,24:31,24.516666666666666,9,13,0.692,4,7,0.571,2,2,1.0,0,2,2,0,3,0,2,2,24,25.0,0022400761,Aaron Wiggins,aaron wiggins,,,2025-02-10,3,0.9789259007477906,0.0,0.08157715839564922,0.0,0.12236573759347383,2.0,5.0,6.0,10.0,1.0,5.0,1.0,5.0,4.0,0,0.0,0,0.0028599999999999997,45.3,15833.624606780846,45.170442,0.12236573759347383,3.0,7.0,0.81182015
0022400761,1610612760,Oklahoma City,Thunder,OKC,thunder,1627936,Alex,Caruso,A. Caruso,alex-caruso,,,,17:46,17.766666666666666,4,7,0.571,4,7,0.571,0,0,0.0,1,1,2,5,2,0,1,3,12,23.0,0022400761,Alex Caruso,alex caruso,,,2025-02-10,2,0.675422138836773,0.056285178236397754,0.11257035647279551,0.28142589118198874,0.16885553470919326,4.0,3.0,6.0,1.0,3.0,5.0,3.0,8.0,4.0,0,1.0,0,0.0019500000000000001,57.9,29677.088672475653,57.787095,0.11257035647279551,4.0,5.0,0.4868151
0022400761,1610612760,Oklahoma City,Thunder,OKC,thunder,1641794,Dillon,Jones,D. Jones,dillon-jones,,,,17:39,17.65,3,6,0.5,2,4,0.5,0,0,0.0,0,1,1,5,1,0,1,1,8,19.0,0022400761,Dillon Jones,dillon jones,,,2025-02-10,1,0.453257790368272,0.0,0.056657223796034,0.28328611898017,0.056657223796034,7.0,5.0,9.0,1.0,5.0,5.0,6.0,9.0,1.0,0,0.0,0,0.00156,40.6,26008.968609865475,40.536664,0.056657223796034,8.0,11.0,0.16982292
0022400761,1610612760,Oklahoma City,Thunder,OKC,thunder,1631119,Jaylin,Williams,J. Williams,jaylin-williams,,,,22:60,23.0,0,3,0.0,0,2,0.0,0,0,0.0,0,10,10,3,1,1,0,4,0,13.0,0022400761,Jaylin Williams,jaylin williams,,,2025-02-10,2,0.0,0.0,0.43478260869565216,0.13043478260869565,0.08695652173913043,13.0,5.0,2.0,5.0,5.0,2.0,7.0,6.0,1.0,0,2.0,0,0.00053,18.5,34839.924670433145,18.490195,0.08695652173913043,4.0,8.0,0.027599178
0022400761,1610612760,Oklahoma City,Thunder,OKC,thunder,1629026,Kenrich,Williams,K. Williams,kenrich-williams,,,,11:15,11.25,4,4,1.0,3,3,1.0,0,0,0.0,0,0,0,4,1,1,0,0,11,20.0,0022400761,Kenrich Williams,kenrich williams,,,2025-02-10,2,0.9777777777777777,0.0,0.0,0.35555555555555557,0.17777777777777778,6.0,5.0,11.0,4.0,5.0,2.0,5.0,10.0,2.0,0,0.0,0,0.0016,86.7,54153.653966271086,86.56128,0.17777777777777778,4.0,4.0,0.6368877
0022400761,1610612760,Oklahoma City,Thunder,OKC,thunder,1642382,Branden,Carlson,B. Carlson,branden-carlson,,,,6:12,6.2,1,1,1.0,1,1,1.0,0,0,0.0,0,0,0,0,0,0,0,1,3,4.0,0022400761,Branden Carlson,branden carlson,,,2025-02-10,0,0.48387096774193544,0.0,0.0,0.0,0.0,11.0,5.0,11.0,10.0,10.0,5.0,11.0,11.0,0.0,0,0.0,0,0.0005899999999999999,26.7,45177.66497461929,26.684247,0.0,10.0,12.0,0.014055067
0022400761,1610612760,Oklahoma City,Thunder,OKC,thunder,1641745,Adam,Flagler,A. Flagler,adam-flagler,,,,6:12,6.2,2,5,0.4,1,4,0.25,0,0,0.0,0,0,0,0,0,0,0,1,5,4.0,0022400761,Adam Flagler,adam flagler,,,2025-02-10,0,0.8064516129032258,0.0,0.0,0.0,0.0,10.0,5.0,11.0,10.0,10.0,5.0,11.0,11.0,0.0,0,0.0,0,0.00294,26.7,9078.54471268276,26.621502,0.0,10.0,12.0,0.023320839
0022400761,1610612760,Oklahoma City,Thunder,OKC,thunder,1642505,Alex,Ducas,A. Ducas,alex-ducas,,,,6:12,6.2,1,2,0.5,1,2,0.5,0,0,0.0,1,1,2,1,1,0,0,0,3,4.0,0022400761,Alex Ducas,alex ducas,,,2025-02-10,1,0.48387096774193544,0.16129032258064516,0.3225806451612903,0.16129032258064516,0.3225806451612903,11.0,3.0,6.0,9.0,5.0,5.0,11.0,11.0,2.0,0,0.0,0,0.0011799999999999998,26.7,22607.959356477564,26.668494,0.16129032258064516,8.0,1.0,0.014611248
0022400778,1610612760,Oklahoma City,Thunder,OKC,thunder,1629652,Luguentz,Dort,L. Dort,luguentz-dort,F,,,32:07,32.11666666666667,7,10,0.7,2,5,0.4,1,1,1.0,0,2,2,1,3,1,2,3,17,7.0,0022400778,Luguentz Dort,luguentz dort,,,2025-02-12,4,0.5293201868188895,0.0,0.062272963155163466,0.031136481577581733,0.12454592631032693,3.0,6.0,8.0,6.0,1.0,1.0,5.0,2.0,3.0,0,0.0,0,0.0016200000000000001,12.0,7402.837754472547,11.98056,0.12454592631032693,1.0,4.0,0.81521934
0022400778,1610612760,Oklahoma City,Thunder,OKC,thunder,1631114,Jalen,Williams,J. Williams,jalen-williams,F,,,30:36,30.6,7,15,0.467,1,4,0.25,3,5,0.6,3,3,6,3,1,0,2,1,18,-6.0,0022400778,Jalen Williams,jalen williams,,,2025-02-12,1,0.5882352941176471,0.09803921568627451,0.19607843137254902,0.09803921568627451,0.13071895424836602,2.0,2.0,2.0,2.0,5.0,4.0,10.0,3.0,3.0,0,0.0,0,0.0025700000000000002,-15.2,-5912.096460521197,-15.160936,0.032679738562091505,5.0,3.0,0.7214634
0022400778,1610612760,Oklahoma City,Thunder,OKC,thunder,1628392,Isaiah,Hartenstein,I. Hartenstein,isaiah-hartenstein,C,,,29:44,29.733333333333334,4,7,0.571,0,0,0.0,0,0,0.0,5,3,8,1,2,1,3,3,8,-3.0,0022400778,Isaiah Hartenstein,isaiah hartenstein,,,2025-02-12,3,0.26905829596412556,0.16816143497757846,0.26905829596412556,0.033632286995515695,0.26905829596412556,7.0,1.0,1.0,6.0,2.0,1.0,9.0,4.0,2.0,0,0.0,0,0.0014099999999999998,-10.9,-7725.017717930547,-10.884631,0.10089686098654709,2.0,1.0,0.2299325
0022400778,1610612760,Oklahoma City,Thunder,OKC,thunder,1630598,Aaron,Wiggins,A. Wiggins,aaron-wiggins,G,,,28:02,28.033333333333335,5,14,0.357,1,6,0.167,0,0,0.0,1,4,5,2,2,0,2,1,11,0.0,0022400778,Aaron Wiggins,aaron wiggins,,,2025-02-12,2,0.3923900118906064,0.0356718192627824,0.178359096313912,0.0713436385255648,0.1070154577883472,5.0,3.0,3.0,4.0,2.0,4.0,7.0,5.0,4.0,0,0.0,0,0.00242,-3.6,-1486.988847583643,-3.591288,0.0713436385255648,3.0,5.0,0.36334574
0022400778,1610612760,Oklahoma City,Thunder,OKC,thunder,1628983,Shai,Gilgeous-Alexander,S. Gilgeous-Alexander,shai-gilgeous-alexander,G,,,38:12,38.2,11,22,0.5,4,9,0.444,6,9,0.667,1,4,5,9,2,0,1,4,32,19.0,0022400778,Shai Gilgeous-Alexander,shai gilgeous-alexander,,,2025-02-12,2,0.8376963350785339,0.026178010471204185,0.13089005235602094,0.23560209424083767,0.07853403141361257,1.0,3.0,3.0,1.0,2.0,4.0,2.0,1.0,2.0,0,0.0,0,0.00299,22.9,7656.302240053493,22.831528999999996,0.05235602094240837,3.0,6.0,0.8524244
0022400778,1610612760,Oklahoma City,Thunder,OKC,thunder,1631119,Jaylin,Williams,J. Williams,jaylin-williams,,,,14:42,14.7,1,2,0.5,1,2,0.5,0,0,0.0,0,5,5,3,0,1,3,2,3,18.0,0022400778,Jaylin Williams,jaylin williams,,,2025-02-12,1,0.20408163265306123,0.0,0.3401360544217687,0.20408163265306123,0.06802721088435375,8.0,6.0,3.0,2.0,6.0,1.0,3.0,8.0,1.0,0,0.0,0,0.0014299999999999998,52.2,36477.98742138366,52.125354,0.06802721088435375,5.0,7.0,0.045736473
0022400778,1610612760,Oklahoma City,Thunder,OKC,thunder,1627936,Alex,Caruso,A. Caruso,alex-caruso,,,,12:48,12.8,0,1,0.0,0,0,0.0,2,2,1.0,0,1,1,2,0,0,0,1,2,3.0,0022400778,Alex Caruso,alex caruso,,,2025-02-12,0,0.15625,0.0,0.078125,0.15625,0.0,9.0,6.0,10.0,4.0,6.0,4.0,6.0,9.0,1.0,0,0.0,0,0.00065,7.4,11367.127496159756,7.39519,0.0,7.0,8.0,0.00907384
0022400778,1610612760,Oklahoma City,Thunder,OKC,thunder,1630198,Isaiah,Joe,I. Joe,isaiah-joe,,,,27:28,27.466666666666665,3,8,0.375,3,8,0.375,1,2,0.5,0,3,3,1,0,0,0,3,10,20.0,0022400778,Isaiah Joe,isaiah joe,,,2025-02-12,0,0.3640776699029126,0.0,0.1092233009708738,0.03640776699029127,0.0,6.0,6.0,7.0,6.0,6.0,4.0,1.0,6.0,1.0,0,0.0,0,0.0014099999999999998,29.7,21048.901488306168,29.658123,0.0,7.0,8.0,0.14270821
0022400778,1610612760,Oklahoma City,Thunder,OKC,thunder,1641794,Dillon,Jones,D. Jones,dillon-jones,,,,6:00,6.0,0,1,0.0,0,0,0.0,0,0,0.0,1,1,2,0,0,0,0,1,0,-2.0,0022400778,Dillon Jones,dillon jones,,,2025-02-12,0,0.0,0.16666666666666666,0.3333333333333333,0.0,0.16666666666666666,10.0,3.0,8.0,9.0,6.0,4.0,8.0,10.0,3.0,0,0.0,0,0.0007099999999999999,-26.5,-37271.44866385373,-26.481185,0.0,7.0,2.0,0.006468397
0022400778,1610612760,Oklahoma City,Thunder,OKC,thunder,1629026,Kenrich,Williams,K. Williams,kenrich-williams,,,,20:21,20.35,5,8,0.625,3,5,0.6,1,1,1.0,0,4,4,0,0,0,0,0,14,14.0,0022400778,Kenrich Williams,kenrich williams,,,2025-02-12,0,0.6879606879606879,0.0,0.19656019656019655,0.0,0.0,4.0,6.0,6.0,9.0,6.0,4.0,4.0,7.0,3.0,0,0.0,0,0.0017399999999999998,28.6,16427.340608845494,28.550236,0.0,7.0,8.0,0.71683156
0022400787,1610612760,Oklahoma City,Thunder,OKC,thunder,1631114,Jalen,Williams,J. Williams,jalen-williams,F,,,34:01,34.016666666666666,8,17,0.471,0,4,0.0,4,5,0.8,0,3,3,5,1,1,1,1,20,-4.0,0022400787,Jalen Williams,jalen williams,,,2025-02-13,2,0.5879470847623715,0.0,0.08819206271435572,0.14698677119059286,0.05879470847623714,2.0,6.0,4.0,2.0,2.0,3.0,7.0,1.0,6.0,0,0.0,0,0.00263,-4.0,-1520.3344735841886,-3.98948,0.05879470847623714,2.0,7.0,0.66686624
0022400787,1610612760,Oklahoma City,Thunder,OKC,thunder,1631096,Chet,Holmgren,C. Holmgren,chet-holmgren,F,,,30:05,30.083333333333332,3,7,0.429,1,2,0.5,4,6,0.667,4,8,12,2,2,2,2,2,11,-3.0,0022400787,Chet Holmgren,chet holmgren,,,2025-02-13,4,0.3656509695290859,0.1329639889196676,0.3988919667590028,0.0664819944598338,0.2659279778393352,4.0,1.0,1.0,4.0,1.0,1.0,5.0,4.0,0.0,0,0.0,0,0.0016200000000000001,-2.9,-1789.0191239975322,-2.895302,0.1329639889196676,1.0,1.0,0.47980437
0022400787,1610612760,Oklahoma City,Thunder,OKC,thunder,1628392,Isaiah,Hartenstein,I. Hartenstein,isaiah-hartenstein,C,,,27:15,27.25,5,6,0.833,0,0,0.0,0,0,0.0,4,8,12,1,0,2,4,2,10,0.0,0022400787,Isaiah Hartenstein,isaiah hartenstein,,,2025-02-13,2,0.3669724770642202,0.14678899082568808,0.44036697247706424,0.03669724770642202,0.22018348623853212,5.0,1.0,1.0,6.0,4.0,1.0,3.0,5.0,3.0,0,0.0,0,0.00159,4.1,2576.995600251414,4.093481,0.07339449541284404,2.0,3.0,0.67744046
0022400787,1610612760,Oklahoma City,Thunder,OKC,thunder,1629652,Luguentz,Dort,L. Dort,luguentz-dort,G,,,31:52,31.866666666666667,6,10,0.6,2,6,0.333,0,0,0.0,0,3,3,0,0,0,0,3,14,-3.0,0022400787,Luguentz Dort,luguentz dort,,,2025-02-13,0,0.4393305439330544,0.0,0.09414225941422594,0.0,0.0,3.0,6.0,4.0,10.0,4.0,6.0,5.0,3.0,0.0,0,0.0,0,0.00128,-4.5,-3512.88056206089,-4.4942400000000005,0.0,7.0,9.0,0.44498765
0022400787,1610612760,Oklahoma City,Thunder,OKC,thunder,1628983,Shai,Gilgeous-Alexander,S. Gilgeous-Alexander,shai-gilgeous-alexander,G,,,33:40,33.666666666666664,6,21,0.286,1,2,0.5,11,11,1.0,2,6,8,9,0,0,1,2,24,-12.0,0022400787,Shai Gilgeous-Alexander,shai gilgeous-alexander,,,2025-02-13,0,0.712871287128713,0.05940594059405941,0.23762376237623764,0.26732673267326734,0.05940594059405941,1.0,3.0,3.0,1.0,4.0,6.0,10.0,2.0,2.0,0,0.0,0,0.00329,-16.9,-5135.217259191734,-16.844399,0.0,7.0,6.0,0.49806228
0022400787,1610612760,Oklahoma City,Thunder,OKC,thunder,1641794,Dillon,Jones,D. Jones,dillon-jones,,,,8:08,8.133333333333333,0,0,0.0,0,0,0.0,0,0,0.0,1,2,3,2,0,0,0,0,0,-7.0,0022400787,Dillon Jones,dillon jones,,,2025-02-13,0,0.0,0.12295081967213116,0.36885245901639346,0.24590163934426232,0.12295081967213116,10.0,4.0,4.0,4.0,4.0,6.0,8.0,10.0,0.0,0,0.0,0,0.0,-31.3,-31300000.000000004,-31.3,0.0,7.0,4.0,0.004587817
0022400787,1610612760,Oklahoma City,Thunder,OKC,thunder,1630598,Aaron,Wiggins,A. Wiggins,aaron-wiggins,,,,18:40,18.666666666666668,4,8,0.5,2,4,0.5,0,0,0.0,0,3,3,1,0,1,0,2,10,-26.0,0022400787,Aaron Wiggins,aaron wiggins,,,2025-02-13,1,0.5357142857142857,0.0,0.1607142857142857,0.05357142857142857,0.05357142857142857,5.0,6.0,4.0,6.0,4.0,3.0,12.0,8.0,4.0,0,0.0,0,0.0019500000000000001,-68.4,-35058.94413121476,-68.26662,0.05357142857142857,4.0,8.0,0.433304
0022400787,1610612760,Oklahoma City,Thunder,OKC,thunder,1631119,Jaylin,Williams,J. Williams,jaylin-williams,,,,8:39,8.65,0,1,0.0,0,1,0.0,0,0,0.0,0,1,1,1,0,0,0,1,0,-7.0,0022400787,Jaylin Williams,jaylin williams,,,2025-02-13,0,0.0,0.0,0.11560693641618497,0.11560693641618497,0.0,10.0,6.0,9.0,6.0,4.0,6.0,8.0,9.0,1.0,0,0.0,0,0.0005600000000000001,-35.0,-62388.591800356495,-34.9804,0.0,7.0,9.0,0.0037961414
0022400787,1610612760,Oklahoma City,Thunder,OKC,thunder,1630198,Isaiah,Joe,I. Joe,isaiah-joe,,,,21:05,21.083333333333332,0,5,0.0,0,4,0.0,1,2,0.5,0,1,1,3,0,0,0,2,1,-15.0,0022400787,Isaiah Joe,isaiah joe,,,2025-02-13,0,0.047430830039525695,0.0,0.047430830039525695,0.1422924901185771,0.0,9.0,6.0,9.0,3.0,4.0,6.0,11.0,6.0,1.0,0,0.0,0,0.00128,-36.6,-28571.428571428572,-36.553152000000004,0.0,7.0,9.0,0.003921309
0022400787,1610612760,Oklahoma City,Thunder,OKC,thunder,1629026,Kenrich,Williams,K. Williams,kenrich-williams,,,,19:03,19.05,4,9,0.444,1,4,0.25,0,0,0.0,1,2,3,1,1,0,1,1,9,-2.0,0022400787,Kenrich Williams,kenrich williams,,,2025-02-13,1,0.47244094488188976,0.05249343832020997,0.15748031496062992,0.05249343832020997,0.10498687664041995,7.0,4.0,4.0,6.0,2.0,6.0,4.0,7.0,2.0,0,0.0,0,0.0023799999999999997,-5.4,-2267.9546409071822,-5.387148,0.05249343832020997,4.0,5.0,0.2992868
0022400787,1610612760,Oklahoma City,Thunder,OKC,thunder,1641745,Adam,Flagler,A. Flagler,adam-flagler,,,,3:46,3.7666666666666666,1,3,0.333,0,2,0.0,0,0,0.0,0,0,0,0,0,1,0,0,2,2.0,0022400787,Adam Flagler,adam flagler,,,2025-02-13,1,0.5309734513274337,0.0,0.0,0.0,0.26548672566371684,8.0,6.0,11.0,10.0,4.0,3.0,1.0,11.0,0.0,0,0.0,0,0.0042899999999999995,38.1,8879.04917268702,37.936551,0.26548672566371684,4.0,2.0,0.02102808
0022400787,1610612760,Oklahoma City,Thunder,OKC,thunder,1642505,Alex,Ducas,A. Ducas,alex-ducas,,,,3:46,3.7666666666666666,0,1,0.0,0,0,0.0,0,0,0.0,0,0,0,0,0,0,0,1,0,2.0,0022400787,Alex Ducas,alex ducas,,,2025-02-13,0,0.0,0.0,0.0,0.0,0.0,10.0,6.0,11.0,10.0,4.0,6.0,1.0,11.0,,1,,1,0.0014299999999999998,38.1,26624.737945492667,38.045517,0.0,7.0,9.0,0.003965333
0022400804,1610612760,Oklahoma City,Thunder,OKC,thunder,1631114,Jalen,Williams,J. Williams,jalen-williams,F,,,28:21,28.35,6,14,0.429,4,7,0.571,2,2,1.0,2,7,9,4,2,1,2,1,18,13.0,0022400804,Jalen Williams,jalen williams,,,2025-02-21,3,0.6349206349206349,0.07054673721340388,0.31746031746031744,0.14109347442680775,0.1763668430335097,3.0,3.0,2.0,5.0,1.0,3.0,4.0,2.0,5.0,0,0.0,0,0.00227,19.3,8498.45882870982,19.256189,0.10582010582010581,2.0,6.0,0.7718844
0022400804,1610612760,Oklahoma City,Thunder,OKC,thunder,1631096,Chet,Holmgren,C. Holmgren,chet-holmgren,F,,,27:53,27.883333333333333,7,15,0.467,1,4,0.25,5,6,0.833,4,3,7,1,0,3,2,2,20,17.0,0022400804,Chet Holmgren,chet holmgren,,,2025-02-21,3,0.7172743574417215,0.1434548714883443,0.2510460251046025,0.03586371787208607,0.2510460251046025,2.0,1.0,3.0,8.0,8.0,1.0,1.0,3.0,2.0,0,0.0,0,0.0028599999999999997,28.3,9891.646277525342,28.219062,0.10759115361625822,2.0,2.0,0.85242283
0022400804,1610612760,Oklahoma City,Thunder,OKC,thunder,1628392,Isaiah,Hartenstein,I. Hartenstein,isaiah-hartenstein,C,,,25:01,25.016666666666666,4,10,0.4,0,0,0.0,0,0,0.0,4,9,13,4,0,1,1,3,8,10.0,0022400804,Isaiah Hartenstein,isaiah hartenstein,,,2025-02-21,1,0.31978680879413723,0.15989340439706862,0.519653564290473,0.15989340439706862,0.19986675549633579,7.0,1.0,1.0,5.0,8.0,3.0,8.0,5.0,3.0,0,0.0,0,0.00167,20.0,11968.880909634949,19.9666,0.039973351099267154,8.0,4.0,0.4053476
0022400804,1610612760,Oklahoma City,Thunder,OKC,thunder,1629652,Luguentz,Dort,L. Dort,luguentz-dort,G,,,26:11,26.183333333333334,3,8,0.375,0,4,0.0,0,0,0.0,0,2,2,1,1,0,0,4,6,16.0,0022400804,Luguentz Dort,luguentz dort,,,2025-02-21,1,0.22915340547422025,0.0,0.07638446849140675,0.03819223424570337,0.03819223424570337,9.0,9.0,8.0,8.0,4.0,7.0,3.0,4.0,3.0,0,0.0,0,0.00123,26.3,21364.74411047929,26.267651,0.03819223424570337,8.0,11.0,0.03918155
0022400804,1610612760,Oklahoma City,Thunder,OKC,thunder,1628983,Shai,Gilgeous-Alexander,S. Gilgeous-Alexander,shai-gilgeous-alexander,G,,,31:58,31.966666666666665,7,16,0.438,1,4,0.25,6,6,1.0,0,2,2,8,1,3,3,1,21,11.0,0022400804,Shai Gilgeous-Alexander,shai gilgeous-alexander,,,2025-02-21,4,0.6569343065693432,0.0,0.06256517205422316,0.2502606882168926,0.1251303441084463,1.0,9.0,8.0,1.0,4.0,1.0,6.0,1.0,6.0,0,0.0,0,0.0028199999999999996,15.9,5636.299184686282,15.855162,0.1251303441084463,1.0,8.0,0.8044168
0022400804,1610612760,Oklahoma City,Thunder,OKC,thunder,1627936,Alex,Caruso,A. Caruso,alex-caruso,,,,17:42,17.7,3,4,0.75,2,2,1.0,0,0,0.0,0,3,3,6,2,0,1,1,8,11.0,0022400804,Alex Caruso,alex caruso,,,2025-02-21,2,0.4519774011299435,0.0,0.16949152542372883,0.33898305084745767,0.11299435028248588,7.0,9.0,5.0,2.0,1.0,7.0,6.0,9.0,3.0,0,0.0,0,0.00125,39.1,31254.996003197444,39.051125,0.11299435028248588,4.0,9.0,0.1853122
0022400804,1610612760,Oklahoma City,Thunder,OKC,thunder,1630598,Aaron,Wiggins,A. Wiggins,aaron-wiggins,,,,21:38,21.633333333333333,3,7,0.429,2,4,0.5,4,4,1.0,1,2,3,5,1,1,1,2,12,3.0,0022400804,Aaron Wiggins,aaron wiggins,,,2025-02-21,2,0.5546995377503853,0.046224961479198766,0.13867488443759632,0.23112480739599384,0.13867488443759632,5.0,6.0,5.0,3.0,4.0,3.0,9.0,7.0,0.0,0,0.0,0,0.00182,6.5,3569.46732564525,6.488169999999999,0.09244992295839753,4.0,7.0,0.23559186
0022400804,1610612760,Oklahoma City,Thunder,OKC,thunder,1641717,Cason,Wallace,C. Wallace,cason-wallace,,,,22:11,22.183333333333334,4,6,0.667,2,4,0.5,0,0,0.0,2,1,3,5,2,0,0,1,10,12.0,0022400804,Cason Wallace,cason wallace,,,2025-02-21,2,0.4507888805409467,0.09015777610818933,0.135236664162284,0.22539444027047334,0.18031555221637866,6.0,3.0,5.0,3.0,1.0,7.0,5.0,6.0,5.0,0,0.0,0,0.0010299999999999999,25.0,24248.302618816688,24.97425,0.09015777610818933,4.0,5.0,0.647461
0022400804,1610612760,Oklahoma City,Thunder,OKC,thunder,1629026,Kenrich,Williams,K. Williams,kenrich-williams,,,,9:48,9.8,2,3,0.667,2,3,0.667,0,0,0.0,1,0,1,0,0,0,1,2,6,1.0,0022400804,Kenrich Williams,kenrich williams,,,2025-02-21,0,0.6122448979591836,0.1020408163265306,0.1020408163265306,0.0,0.1020408163265306,9.0,6.0,11.0,12.0,8.0,7.0,10.0,10.0,2.0,0,0.0,0,0.00182,12.1,6644.700713893465,12.077978,0.0,10.0,10.0,0.044070136
0022400804,1610612760,Oklahoma City,Thunder,OKC,thunder,1630198,Isaiah,Joe,I. Joe,isaiah-joe,,,,18:26,18.433333333333334,5,9,0.556,3,6,0.5,2,2,1.0,2,3,5,2,1,1,0,2,15,17.0,0022400804,Isaiah Joe,isaiah joe,,,2025-02-21,2,0.8137432188065099,0.10849909584086799,0.27124773960216997,0.10849909584086799,0.21699819168173598,4.0,3.0,4.0,7.0,4.0,3.0,1.0,8.0,2.0,0,0.0,0,0.0020399999999999997,45.8,22439.98040176384,45.706568,0.10849909584086799,4.0,3.0,0.9180997
0022400804,1610612760,Oklahoma City,Thunder,OKC,thunder,1631172,Ousmane,Dieng,O. Dieng,ousmane-dieng,,,,2:43,2.716666666666667,0,1,0.0,0,1,0.0,0,0,0.0,1,1,2,1,0,0,0,0,0,1.0,0022400804,Ousmane Dieng,ousmane dieng,,,2025-02-21,0,0.0,0.36809815950920244,0.7361963190184049,0.36809815950920244,0.36809815950920244,13.0,6.0,8.0,8.0,8.0,7.0,10.0,11.0,,1,,1,0.00167,50.0,29922.202274087373,49.9165,0.0,10.0,1.0,0.009805742
0022400804,1610612760,Oklahoma City,Thunder,OKC,thunder,1641794,Dillon,Jones,D. Jones,dillon-jones,,,,2:43,2.716666666666667,1,3,0.333,1,3,0.333,0,0,0.0,0,1,1,1,0,0,0,1,3,1.0,0022400804,Dillon Jones,dillon jones,,,2025-02-21,0,1.1042944785276072,0.0,0.36809815950920244,0.36809815950920244,0.0,11.0,9.0,11.0,8.0,8.0,7.0,10.0,11.0,0.0,0,0.0,0,0.005,50.0,9998.000399920016,49.75,0.0,10.0,12.0,0.020318879
0022400804,1610612760,Oklahoma City,Thunder,OKC,thunder,1642382,Branden,Carlson,B. Carlson,branden-carlson,,,,2:43,2.716666666666667,1,1,1.0,1,1,1.0,0,0,0.0,0,0,0,0,0,0,1,0,3,1.0,0022400804,Branden Carlson,branden carlson,,,2025-02-21,0,1.1042944785276072,0.0,0.0,0.0,0.0,11.0,9.0,13.0,12.0,8.0,7.0,10.0,11.0,0.0,0,0.0,0,0.00333,50.0,15010.507355148604,49.8335,0.0,10.0,12.0,0.018353172
0022400804,1610612760,Oklahoma City,Thunder,OKC,thunder,1642505,Alex,Ducas,A. Ducas,alex-ducas,,,,2:42,2.7,0,0,0.0,0,0,0.0,0,0,0.0,0,0,0,0,0,0,0,0,0,1.0,0022400804,Alex Ducas,alex ducas,,,2025-02-21,0,0.0,0.0,0.0,0.0,0.0,13.0,9.0,13.0,12.0,8.0,7.0,10.0,14.0,1.0,0,0.0,0,0.0,50.0,50000000.0,50.0,0.0,10.0,12.0,0.0037487084
0022400820,1610612760,Oklahoma City,Thunder,OKC,thunder,1631114,Jalen,Williams,J. Williams,jalen-williams,F,,,36:24,36.4,6,14,0.429,3,5,0.6,3,4,0.75,0,3,3,9,3,1,3,4,18,-2.0,0022400820,Jalen Williams,jalen williams,,,2025-02-23,4,0.4945054945054945,0.0,0.08241758241758242,0.24725274725274726,0.10989010989010989,3.0,5.0,5.0,1.0,1.0,3.0,8.0,2.0,5.0,0,0.0,0,0.00226,-4.4,-1946.0415745245468,-4.390056,0.10989010989010989,2.0,4.0,0.53333336
0022400820,1610612760,Oklahoma City,Thunder,OKC,thunder,1631096,Chet,Holmgren,C. Holmgren,chet-holmgren,F,,,27:37,27.616666666666667,8,11,0.727,3,4,0.75,0,0,0.0,1,3,4,1,0,3,1,2,19,4.0,0022400820,Chet Holmgren,chet holmgren,,,2025-02-23,3,0.687990343995172,0.036210018105009054,0.14484007242003621,0.036210018105009054,0.14484007242003621,2.0,4.0,4.0,8.0,5.0,1.0,4.0,4.0,1.0,0,0.0,0,0.0019,9.1,4786.954234613361,9.082709999999999,0.10863005431502716,3.0,3.0,0.8307462
0022400820,1610612760,Oklahoma City,Thunder,OKC,thunder,1628392,Isaiah,Hartenstein,I. Hartenstein,isaiah-hartenstein,C,,,25:56,25.933333333333334,6,8,0.75,0,0,0.0,0,0,0.0,2,7,9,5,0,0,1,3,12,-4.0,0022400820,Isaiah Hartenstein,isaiah hartenstein,,,2025-02-23,0,0.46272493573264784,0.07712082262210797,0.34704370179948585,0.1928020565552699,0.07712082262210797,5.0,1.0,1.0,3.0,5.0,5.0,9.0,5.0,1.0,0,0.0,0,0.00145,-7.1,-4893.1771192281185,-7.089705,0.0,7.0,6.0,0.41425753
0022400820,1610612760,Oklahoma City,Thunder,OKC,thunder,1629652,Luguentz,Dort,L. Dort,luguentz-dort,G,,,32:10,32.166666666666664,2,4,0.5,0,2,0.0,0,0,0.0,0,3,3,2,1,0,0,3,4,-1.0,0022400820,Luguentz Dort,luguentz dort,,,2025-02-23,1,0.12435233160621763,0.0,0.09326424870466322,0.062176165803108814,0.031088082901554407,9.0,5.0,5.0,4.0,4.0,5.0,7.0,3.0,1.0,0,0.0,0,0.00054,0.4,739.3715341959335,0.39978400000000003,0.031088082901554407,5.0,8.0,0.033642445
0022400820,1610612760,Oklahoma City,Thunder,OKC,thunder,1628983,Shai,Gilgeous-Alexander,S. Gilgeous-Alexander,shai-gilgeous-alexander,G,,,38:07,38.11666666666667,13,24,0.542,3,6,0.5,8,11,0.727,0,8,8,8,3,3,5,3,37,16.0,0022400820,Shai Gilgeous-Alexander,shai gilgeous-alexander,,,2025-02-23,6,0.9707039790118058,0.0,0.20988194140795802,0.20988194140795802,0.1574114560559685,1.0,5.0,2.0,2.0,1.0,1.0,2.0,1.0,4.0,0,0.0,0,0.00379,21.5,5671.3268266948035,21.418515,0.1574114560559685,1.0,2.0,0.77666694
0022400820,1610612760,Oklahoma City,Thunder,OKC,thunder,1627936,Alex,Caruso,A. Caruso,alex-caruso,,,,24:10,24.166666666666668,4,8,0.5,3,6,0.5,0,0,0.0,2,5,7,2,2,0,1,2,11,18.0,0022400820,Alex Caruso,alex caruso,,,2025-02-23,2,0.4551724137931034,0.08275862068965517,0.28965517241379307,0.08275862068965517,0.16551724137931034,6.0,1.0,3.0,4.0,3.0,5.0,1.0,6.0,4.0,0,0.0,0,0.00167,40.0,23937.761819269897,39.9332,0.08275862068965517,4.0,1.0,0.77118576
0022400820,1610612760,Oklahoma City,Thunder,OKC,thunder,1630598,Aaron,Wiggins,A. Wiggins,aaron-wiggins,,,,19:04,19.066666666666666,4,6,0.667,4,4,1.0,3,4,0.75,0,0,0,0,0,1,1,2,15,8.0,0022400820,Aaron Wiggins,aaron wiggins,,,2025-02-23,1,0.7867132867132868,0.0,0.0,0.0,0.05244755244755245,4.0,5.0,9.0,10.0,5.0,3.0,3.0,8.0,2.0,0,0.0,0,0.0020499999999999997,19.0,9263.773768893223,18.96105,0.05244755244755245,5.0,7.0,0.7875703
0022400820,1610612760,Oklahoma City,Thunder,OKC,thunder,1629026,Kenrich,Williams,K. Williams,kenrich-williams,,,,3:29,3.4833333333333334,1,1,1.0,0,0,0.0,0,0,0.0,0,0,0,1,0,0,0,0,2,2.0,0022400820,Kenrich Williams,kenrich williams,,,2025-02-23,0,0.5741626794258373,0.0,0.0,0.28708133971291866,0.0,10.0,5.0,9.0,8.0,5.0,5.0,5.0,10.0,0.0,0,0.0,0,0.0014299999999999998,28.6,19986.02375960867,28.559102,0.0,7.0,9.0,0.007609232
0022400820,1610612760,Oklahoma City,Thunder,OKC,thunder,1641717,Cason,Wallace,C. Wallace,cason-wallace,,,,22:05,22.083333333333332,2,5,0.4,1,4,0.25,1,1,1.0,2,0,2,2,0,0,1,3,6,1.0,0022400820,Cason Wallace,cason wallace,,,2025-02-23,0,0.27169811320754716,0.09056603773584906,0.09056603773584906,0.09056603773584906,0.09056603773584906,7.0,1.0,7.0,4.0,5.0,5.0,6.0,7.0,0.0,0,0.0,0,0.00128,5.1,3981.2646370023417,5.093472,0.0,7.0,5.0,0.07223522
0022400820,1610612760,Oklahoma City,Thunder,OKC,thunder,1630198,Isaiah,Joe,I. Joe,isaiah-joe,,,,10:58,10.966666666666667,2,5,0.4,2,4,0.5,0,0,0.0,0,1,1,2,0,0,0,0,6,-7.0,0022400820,Isaiah Joe,isaiah joe,,,2025-02-23,0,0.547112462006079,0.0,0.0911854103343465,0.182370820668693,0.0,7.0,5.0,8.0,4.0,5.0,5.0,10.0,9.0,1.0,0,0.0,0,0.002,-43.3,-21639.1804097951,-43.2134,0.0,7.0,9.0,0.042426594
0022400826,1610612760,Oklahoma City,Thunder,OKC,thunder,1629652,Luguentz,Dort,L. Dort,luguentz-dort,F,,,28:37,28.616666666666667,2,10,0.2,1,5,0.2,0,2,0.0,1,2,3,1,1,1,1,2,5,-22.0,0022400826,Luguentz Dort,luguentz dort,,,2025-02-24,2,0.17472335468841002,0.034944670937682006,0.10483401281304601,0.034944670937682006,0.10483401281304601,7.0,5.0,8.0,7.0,4.0,2.0,10.0,5.0,0.0,0,0.0,0,0.00179,-30.2,-16862.08821887214,-30.145942,0.06988934187536401,4.0,6.0,0.012167345
0022400826,1610612760,Oklahoma City,Thunder,OKC,thunder,1631114,Jalen,Williams,J. Williams,jalen-williams,F,,,42:03,42.05,10,23,0.435,2,8,0.25,5,6,0.833,2,4,6,6,1,1,3,3,27,-5.0,0022400826,Jalen Williams,jalen williams,,,2025-02-24,2,0.6420927467300833,0.04756242568370987,0.14268727705112963,0.14268727705112963,0.09512485136741974,2.0,3.0,3.0,2.0,4.0,2.0,7.0,2.0,2.0,0,0.0,0,0.00266,-6.7,-2517.8504321683577,-6.682178,0.04756242568370987,4.0,7.0,0.72320896
0022400826,1610612760,Oklahoma City,Thunder,OKC,thunder,1628392,Isaiah,Hartenstein,I. Hartenstein,isaiah-hartenstein,C,,,15:43,15.716666666666667,1,4,0.25,0,1,0.0,2,2,1.0,4,1,5,2,0,1,1,3,4,13.0,0022400826,Isaiah Hartenstein,isaiah hartenstein,,,2025-02-24,1,0.2545068928950159,0.2545068928950159,0.3181336161187699,0.12725344644750794,0.3181336161187699,9.0,1.0,6.0,4.0,7.0,2.0,1.0,9.0,0.0,0,0.0,0,0.00158,36.4,23023.402909550918,36.342487999999996,0.06362672322375397,6.0,1.0,0.1274441
0022400826,1610612760,Oklahoma City,Thunder,OKC,thunder,1641717,Cason,Wallace,C. Wallace,cason-wallace,G,,,34:22,34.36666666666667,5,11,0.455,2,8,0.25,0,0,0.0,1,5,6,1,1,0,0,6,12,0.0,0022400826,Cason Wallace,cason wallace,,,2025-02-24,1,0.3491755577109602,0.029097963142580018,0.1745877788554801,0.029097963142580018,0.058195926285160036,4.0,5.0,3.0,7.0,4.0,8.0,6.0,3.0,2.0,0,0.0,0,0.0012900000000000001,1.6,1239.3493415956623,1.597936,0.029097963142580018,6.0,8.0,0.49039307
0022400826,1610612760,Oklahoma City,Thunder,OKC,thunder,1628983,Shai,Gilgeous-Alexander,S. Gilgeous-Alexander,shai-gilgeous-alexander,G,,,42:27,42.45,11,20,0.55,3,5,0.6,14,17,0.824,1,9,10,8,0,0,4,5,39,2.0,0022400826,Shai Gilgeous-Alexander,shai gilgeous-alexander,,,2025-02-24,0,0.9187279151943463,0.02355712603062426,0.23557126030624262,0.1884570082449941,0.02355712603062426,1.0,5.0,1.0,1.0,7.0,8.0,4.0,1.0,0.0,0,1.0,0,0.0028699999999999997,2.2,766.2835249042147,2.193686,0.0,9.0,9.0,0.84344834
0022400826,1610612760,Oklahoma City,Thunder,OKC,thunder,1630598,Aaron,Wiggins,A. Wiggins,aaron-wiggins,,,,29:14,29.233333333333334,8,16,0.5,1,6,0.167,2,2,1.0,3,4,7,0,2,1,0,4,19,-9.0,0022400826,Aaron Wiggins,aaron wiggins,,,2025-02-24,3,0.6499429874572406,0.10262257696693272,0.2394526795895097,0.0,0.20524515393386544,3.0,2.0,2.0,10.0,2.0,2.0,8.0,4.0,3.0,0,0.0,0,0.0022400000000000002,-13.6,-6068.719321731369,-13.569536,0.10262257696693272,3.0,4.0,0.78824985
0022400826,1610612760,Oklahoma City,Thunder,OKC,thunder,1631119,Jaylin,Williams,J. Williams,jaylin-williams,,,,17:47,17.783333333333335,2,3,0.667,2,3,0.667,0,0,0.0,1,5,6,2,0,1,0,0,6,5.0,0022400826,Jaylin Williams,jaylin williams,,,2025-02-24,1,0.33739456419868785,0.05623242736644798,0.33739456419868785,0.11246485473289596,0.11246485473289596,6.0,5.0,3.0,4.0,7.0,2.0,3.0,8.0,0.0,0,1.0,0,0.0007000000000000001,10.2,14550.641940085588,10.19286,0.05623242736644798,6.0,5.0,0.19079927
0022400826,1610612760,Oklahoma City,Thunder,OKC,thunder,1630198,Isaiah,Joe,I. Joe,isaiah-joe,,,,18:10,18.166666666666668,3,7,0.429,3,6,0.5,0,0,0.0,1,2,3,2,3,1,0,2,9,11.0,0022400826,Isaiah Joe,isaiah joe,,,2025-02-24,4,0.4954128440366972,0.055045871559633024,0.16513761467889906,0.11009174311926605,0.2752293577981651,5.0,5.0,8.0,4.0,1.0,2.0,2.0,7.0,4.0,0,0.0,0,0.0013700000000000001,15.9,11597.374179431072,15.878217000000001,0.2201834862385321,1.0,2.0,0.57848966
0022400826,1610612760,Oklahoma City,Thunder,OKC,thunder,1627936,Alex,Caruso,A. Caruso,alex-caruso,,,,24:14,24.233333333333334,2,8,0.25,1,4,0.25,0,0,0.0,2,2,4,4,2,2,1,4,5,-11.0,0022400826,Alex Caruso,alex caruso,,,2025-02-24,4,0.2063273727647868,0.08253094910591471,0.16506189821182943,0.16506189821182943,0.24759284731774414,7.0,3.0,7.0,3.0,2.0,1.0,9.0,6.0,8.0,0,0.0,0,0.0014099999999999998,-22.1,-15662.650602409643,-22.068839,0.16506189821182943,1.0,3.0,0.03611471
0022400826,1610612760,Oklahoma City,Thunder,OKC,thunder,1629026,Kenrich,Williams,K. Williams,kenrich-williams,,,,12:23,12.383333333333333,1,4,0.25,0,3,0.0,0,0,0.0,0,3,3,1,0,0,1,1,2,1.0,0022400826,Kenrich Williams,kenrich williams,,,2025-02-24,0,0.16150740242261105,0.0,0.24226110363391656,0.08075370121130553,0.0,10.0,10.0,8.0,7.0,7.0,8.0,5.0,10.0,0.0,0,0.0,0,0.00167,3.7,2214.242968282466,3.6938210000000002,0.0,9.0,10.0,0.009968231
0022400840,1610612760,Oklahoma City,Thunder,OKC,thunder,1631114,Jalen,Williams,J. Williams,jalen-williams,F,,,33:53,33.88333333333333,8,16,0.5,1,5,0.2,5,7,0.714,1,4,5,4,0,1,2,5,22,10.0,0022400840,Jalen Williams,jalen williams,,,2025-02-26,1,0.6492867683226758,0.029513034923757994,0.14756517461878996,0.11805213969503198,0.05902606984751599,3.0,4.0,3.0,2.0,7.0,2.0,5.0,1.0,1.0,0,0.0,0,0.0025,15.4,6157.5369852059175,15.361500000000001,0.029513034923757994,4.0,7.0,0.6721428
0022400840,1610612760,Oklahoma City,Thunder,OKC,thunder,1631096,Chet,Holmgren,C. Holmgren,chet-holmgren,F,,,32:04,32.06666666666667,7,12,0.583,2,4,0.5,6,7,0.857,4,13,17,4,2,3,0,1,22,14.0,0022400840,Chet Holmgren,chet holmgren,,,2025-02-26,5,0.686070686070686,0.12474012474012473,0.5301455301455301,0.12474012474012473,0.2806652806652806,3.0,1.0,1.0,2.0,2.0,1.0,4.0,3.0,3.0,0,0.0,0,0.00188,23.9,12706.007442849548,23.855068,0.1559251559251559,1.0,1.0,0.92889875
0022400840,1610612760,Oklahoma City,Thunder,OKC,thunder,1628392,Isaiah,Hartenstein,I. Hartenstein,isaiah-hartenstein,C,,,23:49,23.816666666666666,6,9,0.667,0,0,0.0,1,2,0.5,0,2,2,3,1,0,0,4,13,-22.0,0022400840,Isaiah Hartenstein,isaiah hartenstein,,,2025-02-26,1,0.5458362491252624,0.0,0.08397480755773268,0.12596221133659902,0.04198740377886634,5.0,7.0,6.0,4.0,4.0,3.0,10.0,6.0,1.0,0,0.0,0,0.0017499999999999998,-47.0,-26841.804683038266,-46.91775,0.04198740377886634,4.0,9.0,0.5599832
0022400840,1610612760,Oklahoma City,Thunder,OKC,thunder,1629652,Luguentz,Dort,L. Dort,luguentz-dort,G,,,20:44,20.733333333333334,1,7,0.143,1,5,0.2,0,0,0.0,0,1,1,2,1,0,2,2,3,-19.0,0022400840,Luguentz Dort,luguentz dort,,,2025-02-26,1,0.14469453376205788,0.0,0.04823151125401929,0.09646302250803858,0.04823151125401929,8.0,7.0,10.0,7.0,4.0,3.0,9.0,7.0,1.0,0,0.0,0,0.0018,-45.2,-25097.168239866744,-45.11864,0.04823151125401929,4.0,8.0,0.0068426565
0022400840,1610612760,Oklahoma City,Thunder,OKC,thunder,1628983,Shai,Gilgeous-Alexander,S. Gilgeous-Alexander,shai-gilgeous-alexander,G,,,33:30,33.5,7,11,0.636,1,2,0.5,12,13,0.923,2,4,6,5,2,0,3,2,27,-15.0,0022400840,Shai Gilgeous-Alexander,shai gilgeous-alexander,,,2025-02-26,2,0.8059701492537313,0.05970149253731343,0.1791044776119403,0.14925373134328357,0.11940298507462686,1.0,2.0,2.0,1.0,2.0,3.0,8.0,2.0,5.0,0,0.0,0,0.0023799999999999997,-23.1,-9701.805963880723,-23.045022,0.05970149253731343,3.0,2.0,0.90218925
0022400840,1610612760,Oklahoma City,Thunder,OKC,thunder,1630198,Isaiah,Joe,I. Joe,isaiah-joe,,,,12:17,12.283333333333333,0,2,0.0,0,2,0.0,0,0,0.0,1,1,2,0,0,0,0,1,0,-3.0,0022400840,Isaiah Joe,isaiah joe,,,2025-02-26,0,0.0,0.0814111261872456,0.1628222523744912,0.0,0.0814111261872456,9.0,4.0,6.0,10.0,7.0,3.0,7.0,9.0,1.0,0,0.0,0,0.00077,-7.2,-9338.52140077821,-7.194456,0.0,8.0,5.0,0.0074714455
0022400840,1610612760,Oklahoma City,Thunder,OKC,thunder,1641717,Cason,Wallace,C. Wallace,cason-wallace,,,,30:23,30.383333333333333,6,10,0.6,1,3,0.333,0,0,0.0,0,3,3,2,3,0,3,3,13,17.0,0022400840,Cason Wallace,cason wallace,,,2025-02-26,3,0.42786615469007133,0.0,0.09873834339001646,0.06582556226001098,0.09873834339001646,5.0,7.0,5.0,7.0,1.0,3.0,3.0,4.0,3.0,0,0.0,0,0.0017599999999999998,24.1,13685.406019307215,24.057584000000002,0.09873834339001646,2.0,4.0,0.53727037
0022400840,1610612760,Oklahoma City,Thunder,OKC,thunder,1630598,Aaron,Wiggins,A. Wiggins,aaron-wiggins,,,,28:31,28.516666666666666,11,19,0.579,2,7,0.286,0,0,0.0,2,3,5,3,0,0,1,1,24,26.0,0022400840,Aaron Wiggins,aaron wiggins,,,2025-02-26,0,0.8416130917592052,0.0701344243132671,0.17533606078316774,0.10520163646990065,0.0701344243132671,2.0,2.0,3.0,4.0,7.0,3.0,2.0,5.0,0.0,0,0.0,0,0.0029,40.9,14098.586694243364,40.781389999999995,0.0,8.0,6.0,0.7392901
0022400840,1610612760,Oklahoma City,Thunder,OKC,thunder,1631119,Jaylin,Williams,J. Williams,jaylin-williams,,,,4:51,4.85,0,1,0.0,0,1,0.0,0,0,0.0,0,2,2,1,0,0,0,0,0,5.0,0022400840,Jaylin Williams,jaylin williams,,,2025-02-26,0,0.0,0.0,0.4123711340206186,0.2061855670103093,0.0,9.0,7.0,6.0,9.0,7.0,3.0,6.0,10.0,0.0,0,0.0,0,0.00091,60.9,66849.6158068057,60.844581,0.0,8.0,10.0,0.006370826
0022400840,1610612760,Oklahoma City,Thunder,OKC,thunder,1627936,Alex,Caruso,A. Caruso,alex-caruso,,,,19:59,19.983333333333334,2,3,0.667,1,1,1.0,0,0,0.0,1,1,2,3,1,0,0,2,5,27.0,0022400840,Alex Caruso,alex caruso,,,2025-02-26,1,0.25020850708924103,0.0500417014178482,0.1000834028356964,0.1501251042535446,0.1000834028356964,7.0,4.0,6.0,4.0,4.0,3.0,1.0,8.0,3.0,0,0.0,0,0.00063,67.7,107290.01584786053,67.657349,0.0500417014178482,4.0,3.0,0.3882383
0022400851,1610612760,Oklahoma City,Thunder,OKC,thunder,1629652,Luguentz,Dort,L. Dort,luguentz-dort,F,,,32:11,32.18333333333333,7,13,0.538,6,11,0.545,0,0,0.0,1,3,4,1,2,0,0,3,20,15.0,0022400851,Luguentz Dort,luguentz dort,,,2025-02-28,2,0.6214396685655101,0.03107198342827551,0.12428793371310204,0.03107198342827551,0.09321595028482653,2.0,3.0,4.0,9.0,1.0,2.0,3.0,3.0,3.0,0,0.0,0,0.00157,23.6,15022.278803309995,23.562948000000002,0.06214396685655102,2.0,4.0,0.84230644
0022400851,1610612760,Oklahoma City,Thunder,OKC,thunder,1631114,Jalen,Williams,J. Williams,jalen-williams,F,,,33:08,33.13333333333333,6,16,0.375,4,8,0.5,4,4,1.0,1,4,5,8,1,0,3,1,20,9.0,0022400851,Jalen Williams,jalen williams,,,2025-02-28,1,0.6036217303822937,0.030181086519114688,0.15090543259557343,0.2414486921529175,0.060362173038229376,2.0,3.0,3.0,1.0,5.0,2.0,5.0,2.0,7.0,0,0.0,0,0.00247,11.5,4653.986240388506,11.471595,0.030181086519114688,5.0,6.0,0.50718033
0022400851,1610612760,Oklahoma City,Thunder,OKC,thunder,1631096,Chet,Holmgren,C. Holmgren,chet-holmgren,C,,,14:50,14.833333333333334,3,8,0.375,0,4,0.0,1,2,0.5,0,4,4,3,0,0,1,0,7,12.0,0022400851,Chet Holmgren,chet holmgren,,,2025-02-28,0,0.47191011235955055,0.0,0.2696629213483146,0.20224719101123595,0.0,8.0,7.0,4.0,6.0,7.0,2.0,4.0,8.0,1.0,0,0.0,0,0.00263,35.3,13416.951729380462,35.207161,0.0,7.0,9.0,0.07828869
0022400851,1610612760,Oklahoma City,Thunder,OKC,thunder,1641717,Cason,Wallace,C. Wallace,cason-wallace,G,,,27:59,27.983333333333334,4,9,0.444,0,2,0.0,0,0,0.0,0,3,3,4,2,0,1,3,8,7.0,0022400851,Cason Wallace,cason wallace,,,2025-02-28,2,0.2858844550327576,0.0,0.10720667063728409,0.1429422275163788,0.0714711137581894,7.0,7.0,8.0,5.0,1.0,2.0,7.0,4.0,4.0,0,0.0,0,0.0014099999999999998,12.4,8788.093550673284,12.382516,0.0714711137581894,2.0,5.0,0.22013642
0022400851,1610612760,Oklahoma City,Thunder,OKC,thunder,1628983,Shai,Gilgeous-Alexander,S. Gilgeous-Alexander,shai-gilgeous-alexander,G,,,34:25,34.416666666666664,12,23,0.522,3,7,0.429,4,4,1.0,0,3,3,5,2,0,1,0,31,23.0,0022400851,Shai Gilgeous-Alexander,shai gilgeous-alexander,,,2025-02-28,2,0.900726392251816,0.0,0.08716707021791768,0.14527845036319614,0.05811138014527845,1.0,7.0,8.0,3.0,1.0,2.0,1.0,1.0,5.0,0,0.0,0,0.00295,31.1,10538.800406641816,31.008255000000002,0.05811138014527845,2.0,7.0,0.7542728
0022400851,1610612760,Oklahoma City,Thunder,OKC,thunder,1630198,Isaiah,Joe,I. Joe,isaiah-joe,,,,11:25,11.416666666666666,4,8,0.5,4,8,0.5,0,0,0.0,0,0,0,0,0,0,0,3,12,-6.0,0022400851,Isaiah Joe,isaiah joe,,,2025-02-28,0,1.051094890510949,0.0,0.0,0.0,0.0,6.0,7.0,10.0,10.0,7.0,2.0,10.0,10.0,0.0,0,0.0,0,0.0028599999999999997,-15.1,-5277.874868926949,-15.056814,0.0,7.0,9.0,0.62425596
0022400851,1610612760,Oklahoma City,Thunder,OKC,thunder,1628392,Isaiah,Hartenstein,I. Hartenstein,isaiah-hartenstein,,,,27:07,27.116666666666667,6,8,0.75,0,0,0.0,1,2,0.5,2,8,10,6,2,1,2,5,13,-13.0,0022400851,Isaiah Hartenstein,isaiah hartenstein,,,2025-02-28,3,0.4794099569760295,0.07375537799631222,0.36877688998156116,0.2212661339889367,0.18438844499078058,4.0,2.0,1.0,2.0,1.0,1.0,11.0,5.0,4.0,0,0.0,0,0.00169,-15.1,-8929.62743938498,-15.074481,0.11063306699446834,1.0,1.0,0.75307375
0022400851,1610612760,Oklahoma City,Thunder,OKC,thunder,1629026,Kenrich,Williams,K. Williams,kenrich-williams,,,,18:51,18.85,2,4,0.5,1,3,0.333,0,0,0.0,1,3,4,5,0,0,2,2,5,9.0,0022400851,Kenrich Williams,kenrich williams,,,2025-02-28,0,0.2652519893899204,0.05305039787798408,0.21220159151193632,0.2652519893899204,0.05305039787798408,9.0,3.0,4.0,3.0,7.0,2.0,5.0,7.0,5.0,0,0.0,0,0.00125,16.1,12869.704236610713,16.079875,0.0,7.0,8.0,0.05592017
0022400851,1610612760,Oklahoma City,Thunder,OKC,thunder,1630598,Aaron,Wiggins,A. Wiggins,aaron-wiggins,,,,25:52,25.866666666666667,5,10,0.5,3,5,0.6,0,0,0.0,3,3,6,2,0,0,1,0,13,4.0,0022400851,Aaron Wiggins,aaron wiggins,,,2025-02-28,0,0.5025773195876289,0.11597938144329897,0.23195876288659795,0.07731958762886598,0.11597938144329897,4.0,1.0,2.0,8.0,7.0,2.0,8.0,6.0,2.0,0,0.0,0,0.0017499999999999998,7.0,3997.715591090806,6.98775,0.0,7.0,3.0,0.34802783
0022400851,1610612760,Oklahoma City,Thunder,OKC,thunder,1631119,Jaylin,Williams,J. Williams,jaylin-williams,,,,12:50,12.833333333333334,1,1,1.0,1,1,1.0,0,0,0.0,1,3,4,3,1,0,0,1,3,17.0,0022400851,Jaylin Williams,jaylin williams,,,2025-02-28,1,0.23376623376623376,0.07792207792207792,0.3116883116883117,0.23376623376623376,0.15584415584415584,10.0,3.0,4.0,6.0,5.0,2.0,2.0,9.0,1.0,0,1.0,0,0.00029,53.8,184879.7250859106,53.784397999999996,0.07792207792207792,5.0,2.0,0.25543794
0022400851,1610612760,Oklahoma City,Thunder,OKC,thunder,1641745,Adam,Flagler,A. Flagler,adam-flagler,,,,1:22,1.3666666666666667,1,1,1.0,1,1,1.0,0,0,0.0,0,0,0,0,0,0,0,0,3,3.0,0022400851,Adam Flagler,adam flagler,,,2025-02-28,0,2.1951219512195124,0.0,0.0,0.0,0.0,10.0,7.0,10.0,10.0,7.0,2.0,9.0,11.0,1.0,0,0.0,0,0.0025,100.0,39984.00639744102,99.75,0.0,7.0,9.0,0.014814929
0022400871,1610612760,Oklahoma City,Thunder,OKC,thunder,1629652,Luguentz,Dort,L. Dort,luguentz-dort,F,,,23:30,23.5,4,9,0.444,1,6,0.167,0,0,0.0,4,5,9,2,1,0,0,2,9,9.0,0022400871,Luguentz Dort,luguentz dort,,,2025-03-02,1,0.3829787234042553,0.1702127659574468,0.3829787234042553,0.0851063829787234,0.2127659574468085,7.0,1.0,2.0,5.0,1.0,6.0,6.0,6.0,1.0,0,0.0,0,0.00145,14.8,10199.862164024813,14.778540000000001,0.0425531914893617,4.0,1.0,0.565148
0022400871,1610612760,Oklahoma City,Thunder,OKC,thunder,1631114,Jalen,Williams,J. Williams,jalen-williams,F,,,32:56,32.93333333333333,15,24,0.625,4,8,0.5,7,7,1.0,0,6,6,6,1,1,0,2,41,12.0,0022400871,Jalen Williams,jalen williams,,,2025-03-02,2,1.2449392712550609,0.0,0.1821862348178138,0.1821862348178138,0.06072874493927126,1.0,7.0,3.0,3.0,1.0,2.0,4.0,2.0,2.0,0,0.0,0,0.0032500000000000003,20.8,6398.03137496155,20.732400000000002,0.06072874493927126,2.0,8.0,0.8066501
0022400871,1610612760,Oklahoma City,Thunder,OKC,thunder,1628392,Isaiah,Hartenstein,I. Hartenstein,isaiah-hartenstein,C,,,28:58,28.966666666666665,5,8,0.625,0,0,0.0,0,0,0.0,3,8,11,7,0,1,2,2,10,17.0,0022400871,Isaiah Hartenstein,isaiah hartenstein,,,2025-03-02,1,0.34522439585730724,0.10356731875719218,0.379746835443038,0.24165707710011508,0.13808975834292292,5.0,2.0,1.0,2.0,8.0,2.0,2.0,4.0,1.0,0,0.0,0,0.0014099999999999998,27.9,19773.210489014888,27.860660999999997,0.03452243958573073,4.0,5.0,0.82380235
0022400871,1610612760,Oklahoma City,Thunder,OKC,thunder,1641717,Cason,Wallace,C. Wallace,cason-wallace,G,,,34:46,34.766666666666666,7,14,0.5,4,8,0.5,1,1,1.0,0,3,3,4,1,0,1,2,19,21.0,0022400871,Cason Wallace,cason wallace,,,2025-03-02,1,0.5465004793863855,0.0,0.0862895493767977,0.11505273250239693,0.028763183125599234,3.0,7.0,5.0,4.0,1.0,6.0,1.0,1.0,1.0,0,0.0,0,0.0017399999999999998,28.8,16542.21711659966,28.749888000000002,0.028763183125599234,4.0,10.0,0.8692061
0022400871,1610612760,Oklahoma City,Thunder,OKC,thunder,1628983,Shai,Gilgeous-Alexander,S. Gilgeous-Alexander,shai-gilgeous-alexander,G,,,31:48,31.8,10,19,0.526,3,5,0.6,8,9,0.889,2,2,4,8,1,2,0,1,31,15.0,0022400871,Shai Gilgeous-Alexander,shai gilgeous-alexander,,,2025-03-02,3,0.9748427672955975,0.06289308176100629,0.12578616352201258,0.25157232704402516,0.15723270440251572,2.0,3.0,4.0,1.0,1.0,1.0,3.0,3.0,4.0,0,0.0,0,0.0028399999999999996,23.9,8412.530799014432,23.832124,0.09433962264150943,1.0,3.0,0.83543974
0022400871,1610612760,Oklahoma City,Thunder,OKC,thunder,1631119,Jaylin,Williams,J. Williams,jaylin-williams,,,,13:27,13.45,1,3,0.333,0,2,0.0,0,0,0.0,1,2,3,1,0,0,0,1,2,-7.0,0022400871,Jaylin Williams,jaylin williams,,,2025-03-02,0,0.14869888475836432,0.07434944237918216,0.2230483271375465,0.07434944237918216,0.07434944237918216,9.0,4.0,5.0,8.0,8.0,6.0,12.0,9.0,0.0,0,0.0,0,0.00091,-25.0,-27442.3710208562,-24.97725,0.0,10.0,6.0,0.011767635
0022400871,1610612760,Oklahoma City,Thunder,OKC,thunder,1629026,Kenrich,Williams,K. Williams,kenrich-williams,,,,10:07,10.116666666666667,0,0,0.0,0,0,0.0,0,0,0.0,1,2,3,1,1,0,0,1,0,3.0,0022400871,Kenrich Williams,kenrich williams,,,2025-03-02,1,0.0,0.09884678747940691,0.29654036243822074,0.09884678747940691,0.19769357495881382,10.0,4.0,5.0,8.0,1.0,6.0,7.0,10.0,2.0,0,0.0,0,0.0,12.5,12500000.0,12.5,0.09884678747940691,4.0,2.0,0.012861181
0022400871,1610612760,Oklahoma City,Thunder,OKC,thunder,1627936,Alex,Caruso,A. Caruso,alex-caruso,,,,20:15,20.25,4,7,0.571,1,4,0.25,1,1,1.0,1,0,1,2,1,1,1,0,10,1.0,0022400871,Alex Caruso,alex caruso,,,2025-03-02,2,0.49382716049382713,0.04938271604938271,0.04938271604938271,0.09876543209876543,0.14814814814814814,5.0,4.0,10.0,5.0,1.0,2.0,8.0,7.0,4.0,0,0.0,0,0.0016300000000000002,-0.7,-429.18454935622316,-0.6988589999999999,0.09876543209876543,2.0,4.0,0.36662558
0022400871,1610612760,Oklahoma City,Thunder,OKC,thunder,1630598,Aaron,Wiggins,A. Wiggins,aaron-wiggins,,,,24:07,24.116666666666667,6,12,0.5,5,8,0.625,0,2,0.0,0,3,3,2,1,0,2,2,17,10.0,0022400871,Aaron Wiggins,aaron wiggins,,,2025-03-02,1,0.7049067035245336,0.0,0.1243953006219765,0.082930200414651,0.0414651002073255,4.0,7.0,5.0,5.0,1.0,6.0,5.0,5.0,1.0,0,0.0,0,0.0025900000000000003,21.0,8104.978772674642,20.945610000000002,0.0414651002073255,4.0,9.0,0.70391756
0022400871,1610612760,Oklahoma City,Thunder,OKC,thunder,1631172,Ousmane,Dieng,O. Dieng,ousmane-dieng,,,,16:12,16.2,3,5,0.6,1,3,0.333,0,0,0.0,0,2,2,1,0,1,0,1,7,-1.0,0022400871,Ousmane Dieng,ousmane dieng,,,2025-03-02,1,0.4320987654320988,0.0,0.1234567901234568,0.0617283950617284,0.0617283950617284,8.0,7.0,9.0,8.0,8.0,2.0,9.0,8.0,0.0,0,0.0,0,0.00135,-6.7,-4959.289415247965,-6.690955000000001,0.0617283950617284,4.0,7.0,0.0684322
0022400871,1610612760,Oklahoma City,Thunder,OKC,thunder,1642505,Alex,Ducas,A. Ducas,alex-ducas,,,,1:57,1.95,0,0,0.0,0,0,0.0,0,0,0.0,0,0,0,0,0,0,1,2,0,-5.0,0022400871,Alex Ducas,alex ducas,,,2025-03-02,0,0.0,0.0,0.0,0.0,0.0,10.0,7.0,11.0,11.0,8.0,6.0,10.0,11.0,0.0,0,0.0,0,0.002,-100.0,-49975.01249375312,-99.8,0.0,10.0,11.0,0.004131884
0022400871,1610612760,Oklahoma City,Thunder,OKC,thunder,1641794,Dillon,Jones,D. Jones,dillon-jones,,,,1:57,1.95,0,0,0.0,0,0,0.0,0,0,0.0,0,0,0,0,0,0,0,0,0,-5.0,0022400871,Dillon Jones,dillon jones,,,2025-03-02,0,0.0,0.0,0.0,0.0,0.0,10.0,7.0,11.0,11.0,8.0,6.0,10.0,11.0,,1,,1,0.0,-100.0,-100000000.0,-100.0,0.0,10.0,11.0,0.0034252128
0022400879,1610612760,Oklahoma City,Thunder,OKC,thunder,1631114,Jalen,Williams,J. Williams,jalen-williams,F,,,31:51,31.85,8,16,0.5,4,5,0.8,4,6,0.667,0,4,4,3,1,1,1,3,24,13.0,0022400879,Jalen Williams,jalen williams,,,2025-03-03,2,0.7535321821036106,0.0,0.12558869701726844,0.09419152276295133,0.06279434850863422,2.0,7.0,7.0,4.0,3.0,2.0,1.0,3.0,5.0,0,0.0,0,0.0023799999999999997,17.6,7391.852162956742,17.558112,0.06279434850863422,3.0,8.0,0.8646671
0022400879,1610612760,Oklahoma City,Thunder,OKC,thunder,1631096,Chet,Holmgren,C. Holmgren,chet-holmgren,F,,,30:03,30.05,4,11,0.364,0,3,0.0,3,4,0.75,3,8,11,3,2,3,4,4,11,7.0,0022400879,Chet Holmgren,chet holmgren,,,2025-03-03,5,0.36605657237936773,0.09983361064891846,0.36605657237936773,0.09983361064891846,0.26622296173044924,4.0,2.0,1.0,4.0,2.0,1.0,3.0,4.0,2.0,0,0.0,0,0.0020499999999999997,8.2,3998.0497318381276,8.18319,0.16638935108153077,1.0,2.0,0.6872409
0022400879,1610612760,Oklahoma City,Thunder,OKC,thunder,1628392,Isaiah,Hartenstein,I. Hartenstein,isaiah-hartenstein,C,,,25:13,25.216666666666665,3,4,0.75,0,0,0.0,2,2,1.0,1,4,5,6,1,1,2,4,8,8.0,0022400879,Isaiah Hartenstein,isaiah hartenstein,,,2025-03-03,2,0.31725049570389957,0.039656311962987446,0.19828155981493722,0.23793787177792466,0.11896893588896233,6.0,5.0,4.0,2.0,3.0,2.0,2.0,6.0,3.0,0,0.0,0,0.00113,9.7,8576.480990274094,9.689039,0.07931262392597489,3.0,6.0,0.27136862
0022400879,1610612760,Oklahoma City,Thunder,OKC,thunder,1629652,Luguentz,Dort,L. Dort,luguentz-dort,G,,,28:41,28.683333333333334,4,8,0.5,3,7,0.429,0,0,0.0,0,0,0,2,1,0,0,2,11,7.0,0022400879,Luguentz Dort,luguentz dort,,,2025-03-03,1,0.38349796629866356,0.0,0.0,0.06972690296339337,0.034863451481696686,4.0,7.0,10.0,6.0,3.0,5.0,3.0,5.0,2.0,0,0.0,0,0.0011,7.1,6448.683015440509,7.0921899999999996,0.034863451481696686,6.0,9.0,0.49735427
0022400879,1610612760,Oklahoma City,Thunder,OKC,thunder,1628983,Shai,Gilgeous-Alexander,S. Gilgeous-Alexander,shai-gilgeous-alexander,G,,,35:38,35.63333333333333,18,30,0.6,5,9,0.556,10,10,1.0,2,3,5,7,1,1,2,1,51,6.0,0022400879,Shai Gilgeous-Alexander,shai gilgeous-alexander,,,2025-03-03,2,1.431244153414406,0.05612722170252572,0.1403180542563143,0.19644527595884004,0.11225444340505145,1.0,3.0,4.0,1.0,3.0,2.0,5.0,1.0,4.0,0,0.0,0,0.00396,5.9,1489.5228477657158,5.876636,0.05612722170252572,3.0,7.0,0.87070763
0022400879,1610612760,Oklahoma City,Thunder,OKC,thunder,1627936,Alex,Caruso,A. Caruso,alex-caruso,,,,4:47,4.783333333333333,0,1,0.0,0,1,0.0,0,0,0.0,0,3,3,1,1,0,0,0,0,-9.0,0022400879,Alex Caruso,alex caruso,,,2025-03-03,1,0.0,0.0,0.6271777003484321,0.20905923344947736,0.20905923344947736,10.0,7.0,8.0,9.0,3.0,5.0,10.0,10.0,1.0,0,0.0,0,0.00091,-81.8,-89791.43798024149,-81.725562,0.20905923344947736,6.0,3.0,0.006711132
0022400879,1610612760,Oklahoma City,Thunder,OKC,thunder,1630598,Aaron,Wiggins,A. Wiggins,aaron-wiggins,,,,25:07,25.116666666666667,3,9,0.333,2,5,0.4,0,0,0.0,2,5,7,2,1,0,2,1,8,-3.0,0022400879,Aaron Wiggins,aaron wiggins,,,2025-03-03,1,0.31851360318513605,0.07962840079628401,0.278699402786994,0.07962840079628401,0.11944260119442601,6.0,3.0,2.0,6.0,3.0,5.0,9.0,7.0,1.0,0,0.0,0,0.00157,-11.9,-7574.793125397837,-11.881317000000001,0.039814200398142006,6.0,5.0,0.09459958
0022400879,1610612760,Oklahoma City,Thunder,OKC,thunder,1641717,Cason,Wallace,C. Wallace,cason-wallace,,,,32:18,32.3,4,9,0.444,2,5,0.4,4,4,1.0,1,4,5,4,3,0,1,1,14,6.0,0022400879,Cason Wallace,cason wallace,,,2025-03-03,3,0.43343653250774,0.030959752321981428,0.15479876160990713,0.12383900928792571,0.12383900928792571,3.0,5.0,4.0,3.0,1.0,5.0,5.0,2.0,7.0,0,0.0,0,0.00132,3.2,2422.407267221802,3.1957760000000004,0.09287925696594428,2.0,4.0,0.6813766
0022400879,1610612760,Oklahoma City,Thunder,OKC,thunder,1631119,Jaylin,Williams,J. Williams,jaylin-williams,,,,9:06,9.1,1,3,0.333,0,1,0.0,1,1,1.0,0,2,2,1,0,0,0,0,3,5.0,0022400879,Jaylin Williams,jaylin williams,,,2025-03-03,0,0.32967032967032966,0.0,0.21978021978021978,0.10989010989010989,0.0,9.0,7.0,9.0,9.0,9.0,5.0,7.0,9.0,1.0,0,0.0,0,0.0012,12.7,10574.521232306412,12.684759999999999,0.0,9.0,10.0,0.008479512
0022400879,1610612760,Oklahoma City,Thunder,OKC,thunder,1629026,Kenrich,Williams,K. Williams,kenrich-williams,,,,17:16,17.266666666666666,3,6,0.5,1,1,1.0,0,0,0.0,5,2,7,2,0,0,1,2,7,5.0,0022400879,Kenrich Williams,kenrich williams,,,2025-03-03,0,0.40540540540540543,0.2895752895752896,0.40540540540540543,0.11583011583011583,0.2895752895752896,8.0,1.0,2.0,6.0,9.0,5.0,7.0,8.0,1.0,0,1.0,0,0.0014000000000000002,9.3,6638.115631691649,9.286980000000002,0.0,9.0,1.0,0.36023796
0022400895,1610612760,Oklahoma City,Thunder,OKC,thunder,1629652,Luguentz,Dort,L. Dort,luguentz-dort,F,,,33:42,33.7,1,7,0.143,1,7,0.143,0,0,0.0,0,4,4,3,1,0,1,4,3,35.0,0022400895,Luguentz Dort,luguentz dort,,,2025-03-05,1,0.08902077151335311,0.0,0.11869436201780414,0.08902077151335311,0.029673590504451036,9.0,3.0,3.0,3.0,4.0,4.0,1.0,3.0,2.0,0,0.0,0,0.00104,46.8,44956.77233429395,46.751327999999994,0.029673590504451036,5.0,8.0,0.0634852
0022400895,1610612760,Oklahoma City,Thunder,OKC,thunder,1631114,Jalen,Williams,J. Williams,jalen-williams,F,,,35:29,35.483333333333334,7,17,0.412,1,6,0.167,5,5,1.0,0,5,5,9,2,1,4,3,20,21.0,0022400895,Jalen Williams,jalen williams,,,2025-03-05,3,0.5636449037106622,0.0,0.14091122592766556,0.25364020666979803,0.08454673555659933,2.0,3.0,2.0,1.0,2.0,2.0,2.0,1.0,3.0,0,0.0,0,0.0028399999999999996,28.4,9996.480112636396,28.319344,0.08454673555659933,2.0,3.0,0.73248404
0022400895,1610612760,Oklahoma City,Thunder,OKC,thunder,1628392,Isaiah,Hartenstein,I. Hartenstein,isaiah-hartenstein,C,,,28:09,28.15,5,9,0.556,0,0,0.0,0,0,0.0,2,13,15,2,3,1,0,3,10,17.0,0022400895,Isaiah Hartenstein,isaiah hartenstein,,,2025-03-05,4,0.3552397868561279,0.07104795737122559,0.5328596802841918,0.07104795737122559,0.21314387211367675,5.0,1.0,1.0,5.0,1.0,2.0,5.0,5.0,7.0,0,0.0,0,0.00145,31.5,21709.166092350108,31.454325,0.14209591474245117,1.0,1.0,0.8221164
0022400895,1610612760,Oklahoma City,Thunder,OKC,thunder,1641717,Cason,Wallace,C. Wallace,cason-wallace,G,,,19:28,19.466666666666665,2,3,0.667,0,1,0.0,0,0,0.0,0,4,4,1,1,0,1,1,4,-20.0,0022400895,Cason Wallace,cason wallace,,,2025-03-05,1,0.20547945205479454,0.0,0.20547945205479454,0.051369863013698634,0.051369863013698634,8.0,3.0,3.0,6.0,4.0,4.0,11.0,6.0,1.0,0,0.0,0,0.00091,-43.8,-48079.03402854006,-43.760142,0.051369863013698634,5.0,6.0,0.02177667
0022400895,1610612760,Oklahoma City,Thunder,OKC,thunder,1628983,Shai,Gilgeous-Alexander,S. Gilgeous-Alexander,shai-gilgeous-alexander,G,,,34:42,34.7,14,25,0.56,3,5,0.6,10,10,1.0,0,2,2,8,2,0,4,5,41,19.0,0022400895,Shai Gilgeous-Alexander,shai gilgeous-alexander,,,2025-03-05,2,1.1815561959654177,0.0,0.05763688760806916,0.23054755043227665,0.05763688760806916,1.0,3.0,7.0,2.0,2.0,4.0,4.0,2.0,2.0,0,0.0,0,0.00413,23.1,5591.866376180102,23.004597,0.05763688760806916,3.0,5.0,0.8192238
0022400895,1610612760,Oklahoma City,Thunder,OKC,thunder,1630598,Aaron,Wiggins,A. Wiggins,aaron-wiggins,,,,30:23,30.383333333333333,6,9,0.667,3,4,0.75,1,2,0.5,0,1,1,3,1,0,0,0,16,20.0,0022400895,Aaron Wiggins,aaron wiggins,,,2025-03-05,1,0.5266044980800878,0.0,0.03291278113000549,0.09873834339001646,0.03291278113000549,3.0,3.0,8.0,3.0,4.0,4.0,3.0,4.0,3.0,0,0.0,0,0.00147,29.9,20326.308633582597,29.856047,0.03291278113000549,5.0,7.0,0.7843531
0022400895,1610612760,Oklahoma City,Thunder,OKC,thunder,1631119,Jaylin,Williams,J. Williams,jaylin-williams,,,,19:15,19.25,4,4,1.0,4,4,1.0,1,2,0.5,0,4,4,0,0,2,0,1,13,0.0,0022400895,Jaylin Williams,jaylin williams,,,2025-03-05,2,0.6753246753246753,0.0,0.2077922077922078,0.0,0.1038961038961039,4.0,3.0,3.0,8.0,7.0,1.0,7.0,7.0,0.0,0,0.0,0,0.00109,-2.7,-2474.793767186068,-2.697057,0.1038961038961039,3.0,2.0,0.75665414
0022400895,1610612760,Oklahoma City,Thunder,OKC,thunder,1630198,Isaiah,Joe,I. Joe,isaiah-joe,,,,15:34,15.566666666666666,3,7,0.429,2,6,0.333,0,0,0.0,1,2,3,1,0,0,1,2,8,4.0,0022400895,Isaiah Joe,isaiah joe,,,2025-03-05,0,0.5139186295503212,0.06423982869379015,0.19271948608137046,0.06423982869379015,0.06423982869379015,6.0,2.0,6.0,6.0,7.0,4.0,6.0,8.0,0.0,0,0.0,0,0.00211,8.1,3837.0440549502605,8.082909,0.0,8.0,4.0,0.18777111
0022400895,1610612760,Oklahoma City,Thunder,OKC,thunder,1629026,Kenrich,Williams,K. Williams,kenrich-williams,,,,12:55,12.916666666666666,0,3,0.0,0,1,0.0,0,0,0.0,0,0,0,0,0,0,0,1,0,-9.0,0022400895,Kenrich Williams,kenrich williams,,,2025-03-05,0,0.0,0.0,0.0,0.0,0.0,10.0,3.0,10.0,8.0,7.0,4.0,10.0,9.0,1.0,0,0.0,0,0.00111,-33.3,-29972.99729972997,-33.263037,0.0,8.0,9.0,0.0036804546
0022400895,1610612760,Oklahoma City,Thunder,OKC,thunder,1631172,Ousmane,Dieng,O. Dieng,ousmane-dieng,,,,8:53,8.883333333333333,2,3,0.667,1,2,0.5,0,0,0.0,0,1,1,0,0,0,0,1,5,0.0,0022400895,Ousmane Dieng,ousmane dieng,,,2025-03-05,0,0.5628517823639775,0.0,0.11257035647279551,0.0,0.0,7.0,3.0,8.0,8.0,7.0,4.0,7.0,10.0,1.0,0,0.0,0,0.00136,0.0,0.0,0.0,0.0,8.0,9.0,0.043986827
0022400895,1610612760,Oklahoma City,Thunder,OKC,thunder,1641745,Adam,Flagler,A. Flagler,adam-flagler,,,,1:30,1.5,0,0,0.0,0,0,0.0,0,0,0.0,0,0,0,0,0,0,0,1,0,-2.0,0022400895,Adam Flagler,adam flagler,,,2025-03-05,0,0.0,0.0,0.0,0.0,0.0,10.0,3.0,10.0,8.0,7.0,4.0,9.0,11.0,,1,,1,0.0,-66.7,-66700000.00000001,-66.7,0.0,8.0,9.0,0.005526059
0022400908,1610612760,Oklahoma City,Thunder,OKC,thunder,1629026,Kenrich,Williams,K. Williams,kenrich-williams,F,,,31:39,31.65,3,9,0.333,1,3,0.333,3,4,0.75,0,6,6,1,0,1,0,2,10,29.0,0022400908,Kenrich Williams,kenrich williams,,,2025-03-07,1,0.315955766192733,0.0,0.18957345971563982,0.031595576619273306,0.031595576619273306,5.0,4.0,2.0,4.0,7.0,3.0,2.0,4.0,3.0,0,0.0,0,0.00155,43.9,28304.319793681498,43.831954999999994,0.031595576619273306,7.0,8.0,0.2508264
0022400908,1610612760,Oklahoma City,Thunder,OKC,thunder,1631172,Ousmane,Dieng,O. Dieng,ousmane-dieng,F,,,35:31,35.516666666666666,6,10,0.6,4,6,0.667,0,0,0.0,1,5,6,1,2,0,3,3,16,14.0,0022400908,Ousmane Dieng,ousmane dieng,,,2025-03-07,2,0.45049272641952137,0.028155795401220086,0.16893477240732052,0.028155795401220086,0.08446738620366026,3.0,2.0,2.0,4.0,3.0,7.0,4.0,2.0,2.0,0,0.0,0,0.0016300000000000002,20.2,12385.03985285101,20.167074,0.05631159080244017,4.0,6.0,0.7184416
0022400908,1610612760,Oklahoma City,Thunder,OKC,thunder,1631119,Jaylin,Williams,J. Williams,jaylin-williams,C,,,35:56,35.93333333333333,4,7,0.571,2,4,0.5,0,0,0.0,1,10,11,11,3,2,3,1,10,35.0,0022400908,Jaylin Williams,jaylin williams,,,2025-03-07,5,0.2782931354359926,0.02782931354359926,0.30612244897959184,0.30612244897959184,0.16697588126159557,5.0,2.0,1.0,1.0,1.0,1.0,1.0,1.0,4.0,0,0.0,0,0.0012,45.7,38051.62364696088,45.645160000000004,0.1391465677179963,1.0,1.0,0.90946937
0022400908,1610612760,Oklahoma City,Thunder,OKC,thunder,1630198,Isaiah,Joe,I. Joe,isaiah-joe,G,,,34:03,34.05,4,12,0.333,3,9,0.333,5,5,1.0,0,6,6,6,2,1,1,3,16,28.0,0022400908,Isaiah Joe,isaiah joe,,,2025-03-07,3,0.46989720998531576,0.0,0.1762114537444934,0.1762114537444934,0.0881057268722467,3.0,4.0,2.0,2.0,3.0,3.0,3.0,3.0,4.0,0,0.0,0,0.0019500000000000001,38.9,19938.49308047155,38.824145,0.0881057268722467,3.0,5.0,0.4477488
0022400908,1610612760,Oklahoma City,Thunder,OKC,thunder,1630598,Aaron,Wiggins,A. Wiggins,aaron-wiggins,G,,,31:32,31.533333333333335,13,26,0.5,2,9,0.222,2,2,1.0,2,3,5,3,1,1,2,0,30,6.0,0022400908,Aaron Wiggins,aaron wiggins,,,2025-03-07,2,0.9513742071881607,0.06342494714587738,0.15856236786469344,0.09513742071881606,0.12684989429175475,1.0,1.0,5.0,3.0,5.0,3.0,6.0,5.0,1.0,0,0.0,0,0.004030000000000001,12.9,3200.1984619201185,12.848013,0.06342494714587738,4.0,4.0,0.8268463
0022400908,1610612760,Oklahoma City,Thunder,OKC,thunder,1641794,Dillon,Jones,D. Jones,dillon-jones,,,,25:04,25.066666666666666,3,7,0.429,0,1,0.0,0,0,0.0,0,4,4,1,1,0,1,1,6,10.0,0022400908,Dillon Jones,dillon jones,,,2025-03-07,1,0.2393617021276596,0.0,0.1595744680851064,0.0398936170212766,0.0398936170212766,7.0,4.0,6.0,4.0,5.0,7.0,5.0,6.0,4.0,0,0.0,0,0.0014000000000000002,22.1,15774.446823697359,22.069060000000004,0.0398936170212766,7.0,7.0,0.059926752
0022400908,1610612760,Oklahoma City,Thunder,OKC,thunder,1627936,Alex,Caruso,A. Caruso,alex-caruso,,,,24:17,24.283333333333335,6,8,0.75,2,2,1.0,3,4,0.75,0,1,1,1,3,1,1,1,17,-5.0,0022400908,Alex Caruso,alex caruso,,,2025-03-07,4,0.7000686341798215,0.0,0.04118050789293068,0.04118050789293068,0.16472203157172272,2.0,4.0,8.0,4.0,1.0,3.0,7.0,7.0,6.0,0,0.0,0,0.00216,-3.5,-1619.6205460434983,-3.4924399999999998,0.16472203157172272,2.0,2.0,0.8209493
0022400908,1610612760,Oklahoma City,Thunder,OKC,thunder,1642382,Branden,Carlson,B. Carlson,branden-carlson,,,,13:53,13.883333333333333,0,4,0.0,0,3,0.0,2,2,1.0,0,3,3,1,0,2,0,1,2,-20.0,0022400908,Branden Carlson,branden carlson,,,2025-03-07,2,0.14405762304921968,0.0,0.21608643457382953,0.07202881152460984,0.14405762304921968,8.0,4.0,7.0,4.0,7.0,1.0,9.0,8.0,0.0,0,0.0,0,0.00167,-50.2,-30041.891083183724,-50.11616600000001,0.14405762304921968,4.0,3.0,0.008987866
0022400908,1610612760,Oklahoma City,Thunder,OKC,thunder,1641745,Adam,Flagler,A. Flagler,adam-flagler,,,,8:06,8.1,0,1,0.0,0,1,0.0,0,0,0.0,0,1,1,0,0,0,0,1,0,-7.0,0022400908,Adam Flagler,adam flagler,,,2025-03-07,0,0.0,0.0,0.1234567901234568,0.0,0.0,9.0,4.0,8.0,9.0,7.0,7.0,8.0,9.0,1.0,0,0.0,0,0.0005899999999999999,-27.6,-46700.5076142132,-27.583716000000003,0.0,9.0,9.0,0.005426766
0022400920,1610612760,Oklahoma City,Thunder,OKC,thunder,1631114,Jalen,Williams,J. Williams,jalen-williams,F,,,38:11,38.18333333333333,7,14,0.5,2,4,0.5,10,11,0.909,2,7,9,8,2,1,1,0,26,17.0,0022400920,Jalen Williams,jalen williams,,,2025-03-09,3,0.6809253601047578,0.05237887385421214,0.23570493234395462,0.20951549541684855,0.13094718463553034,2.0,1.0,2.0,1.0,1.0,5.0,2.0,1.0,4.0,0,0.0,0,0.00222,21.5,9680.324178298062,21.45227,0.0785683107813182,2.0,6.0,0.85160846
0022400920,1610612760,Oklahoma City,Thunder,OKC,thunder,1631096,Chet,Holmgren,C. Holmgren,chet-holmgren,F,,,25:52,25.866666666666667,6,10,0.6,1,2,0.5,1,1,1.0,2,6,8,1,0,4,0,5,14,32.0,0022400920,Chet Holmgren,chet holmgren,,,2025-03-09,4,0.5412371134020618,0.07731958762886598,0.30927835051546393,0.03865979381443299,0.23195876288659795,3.0,1.0,3.0,6.0,5.0,1.0,1.0,5.0,2.0,0,0.0,0,0.00164,67.5,41133.45521023766,67.3893,0.15463917525773196,1.0,1.0,0.88512105
0022400920,1610612760,Oklahoma City,Thunder,OKC,thunder,1628392,Isaiah,Hartenstein,I. Hartenstein,isaiah-hartenstein,C,,,31:11,31.183333333333334,5,6,0.833,0,0,0.0,0,0,0.0,1,10,11,1,0,0,1,4,10,2.0,0022400920,Isaiah Hartenstein,isaiah hartenstein,,,2025-03-09,0,0.32068412613575625,0.032068412613575625,0.3527525387493319,0.032068412613575625,0.032068412613575625,4.0,5.0,1.0,6.0,5.0,7.0,10.0,3.0,5.0,0,0.0,0,0.00095,3.1,3259.726603575184,3.097055,0.0,8.0,9.0,0.15383832
0022400920,1610612760,Oklahoma City,Thunder,OKC,thunder,1629652,Luguentz,Dort,L. Dort,luguentz-dort,G,,,30:18,30.3,2,8,0.25,2,5,0.4,0,0,0.0,2,4,6,3,1,1,1,1,6,11.0,0022400920,Luguentz Dort,luguentz dort,,,2025-03-09,2,0.198019801980198,0.066006600660066,0.198019801980198,0.099009900990099,0.132013201320132,7.0,1.0,6.0,3.0,2.0,5.0,5.0,4.0,4.0,0,0.0,0,0.00125,14.1,11270.983213429257,14.082375,0.066006600660066,6.0,5.0,0.12797724
0022400920,1610612760,Oklahoma City,Thunder,OKC,thunder,1628983,Shai,Gilgeous-Alexander,S. Gilgeous-Alexander,shai-gilgeous-alexander,G,,,35:25,35.416666666666664,15,32,0.469,2,11,0.182,8,8,1.0,2,6,8,5,0,3,1,3,40,11.0,0022400920,Shai Gilgeous-Alexander,shai gilgeous-alexander,,,2025-03-09,3,1.1294117647058823,0.05647058823529412,0.22588235294117648,0.1411764705882353,0.1411764705882353,1.0,1.0,3.0,2.0,5.0,2.0,5.0,2.0,0.0,0,0.0,0,0.0042899999999999995,15.1,3518.993241668609,15.035221,0.08470588235294119,2.0,4.0,0.76572794
0022400920,1610612760,Oklahoma City,Thunder,OKC,thunder,1630198,Isaiah,Joe,I. Joe,isaiah-joe,,,,12:48,12.8,2,4,0.5,1,2,0.5,0,0,0.0,0,0,0,2,0,0,0,0,5,-6.0,0022400920,Isaiah Joe,isaiah joe,,,2025-03-09,0,0.390625,0.0,0.0,0.15625,0.0,8.0,7.0,9.0,4.0,5.0,7.0,12.0,9.0,1.0,0,0.0,0,0.00154,-11.1,-7203.114860480208,-11.082906,0.0,8.0,10.0,0.014990255
0022400920,1610612760,Oklahoma City,Thunder,OKC,thunder,1631119,Jaylin,Williams,J. Williams,jaylin-williams,,,,9:48,9.8,3,5,0.6,3,5,0.6,0,2,0.0,1,4,5,1,0,0,0,2,9,12.0,0022400920,Jaylin Williams,jaylin williams,,,2025-03-09,0,0.9183673469387754,0.1020408163265306,0.5102040816326531,0.1020408163265306,0.1020408163265306,5.0,5.0,7.0,6.0,5.0,7.0,3.0,10.0,0.0,0,0.0,0,0.00261,51.3,19647.64458062045,51.166107,0.0,8.0,7.0,0.4146175
0022400920,1610612760,Oklahoma City,Thunder,OKC,thunder,1641717,Cason,Wallace,C. Wallace,cason-wallace,,,,16:51,16.85,1,5,0.2,1,4,0.25,2,2,1.0,0,0,0,1,0,3,0,2,5,11.0,0022400920,Cason Wallace,cason wallace,,,2025-03-09,3,0.29673590504451036,0.0,0.0,0.05934718100890207,0.17804154302670622,8.0,7.0,9.0,6.0,5.0,2.0,5.0,7.0,1.0,0,0.0,0,0.00158,32.1,20303.60531309298,32.049282,0.17804154302670622,2.0,3.0,0.0317832
0022400920,1610612760,Oklahoma City,Thunder,OKC,thunder,1630598,Aaron,Wiggins,A. Wiggins,aaron-wiggins,,,,18:22,18.366666666666667,2,5,0.4,0,2,0.0,0,0,0.0,0,7,7,1,1,0,1,0,4,12.0,0022400920,Aaron Wiggins,aaron wiggins,,,2025-03-09,1,0.2177858439201452,0.0,0.3811252268602541,0.0544464609800363,0.0544464609800363,10.0,7.0,5.0,6.0,2.0,7.0,3.0,6.0,0.0,0,0.0,0,0.00133,29.9,22464.312546957175,29.860232999999997,0.0544464609800363,7.0,8.0,0.03461183
0022400920,1610612760,Oklahoma City,Thunder,OKC,thunder,1627936,Alex,Caruso,A. Caruso,alex-caruso,,,,16:31,16.516666666666666,3,5,0.6,1,3,0.333,1,1,1.0,0,2,2,2,1,2,0,2,8,11.0,0022400920,Alex Caruso,alex caruso,,,2025-03-09,3,0.484359233097881,0.0,0.12108980827447025,0.12108980827447025,0.18163471241170537,6.0,7.0,8.0,4.0,2.0,4.0,5.0,8.0,3.0,0,0.0,0,0.0014299999999999998,39.9,27882.59958071279,39.842943,0.18163471241170537,2.0,2.0,0.23111425
0022400920,1610612760,Oklahoma City,Thunder,OKC,thunder,1629026,Kenrich,Williams,K. Williams,kenrich-williams,,,,3:30,3.5,0,0,0.0,0,0,0.0,0,0,0.0,0,0,0,0,0,0,0,1,0,5.0,0022400920,Kenrich Williams,kenrich williams,,,2025-03-09,0,0.0,0.0,0.0,0.0,0.0,11.0,7.0,9.0,11.0,5.0,7.0,9.0,11.0,0.0,0,0.0,0,0.0,55.6,55600000.00000001,55.6,0.0,8.0,10.0,0.0037817406
0022400920,1610612760,Oklahoma City,Thunder,OKC,thunder,1631172,Ousmane,Dieng,O. Dieng,ousmane-dieng,,,,1:13,1.2166666666666668,0,0,0.0,0,0,0.0,0,0,0.0,0,0,0,0,0,0,0,0,0,2.0,0022400920,Ousmane Dieng,ousmane dieng,,,2025-03-09,0,0.0,0.0,0.0,0.0,0.0,11.0,7.0,9.0,11.0,5.0,7.0,10.0,12.0,0.0,0,0.0,0,0.0,100.0,100000000.0,100.0,0.0,8.0,10.0,0.003310342
0022400936,1610612760,Oklahoma City,Thunder,OKC,thunder,1631114,Jalen,Williams,J. Williams,jalen-williams,F,,,13:33,13.55,5,10,0.5,1,3,0.333,1,2,0.5,0,2,2,6,0,0,1,0,12,8.0,0022400936,Jalen Williams,jalen williams,,,2025-03-10,0,0.8856088560885609,0.0,0.14760147601476015,0.44280442804428044,0.0,5.0,8.0,8.0,3.0,5.0,5.0,1.0,9.0,0.0,0,0.0,0,0.00364,22.5,6179.620983246361,22.4181,0.0,6.0,9.0,0.76016563
0022400936,1610612760,Oklahoma City,Thunder,OKC,thunder,1631096,Chet,Holmgren,C. Holmgren,chet-holmgren,F,,,28:51,28.85,3,11,0.273,0,5,0.0,2,3,0.667,0,4,4,1,0,2,1,1,8,-20.0,0022400936,Chet Holmgren,chet holmgren,,,2025-03-10,2,0.2772963604852686,0.0,0.1386481802426343,0.03466204506065858,0.06932409012131716,7.0,8.0,3.0,6.0,5.0,1.0,11.0,4.0,0.0,0,0.0,0,0.0018599999999999999,-30.9,-16603.976356797422,-30.842526,0.06932409012131716,4.0,8.0,0.03003161
0022400936,1610612760,Oklahoma City,Thunder,OKC,thunder,1628392,Isaiah,Hartenstein,I. Hartenstein,isaiah-hartenstein,C,,,25:40,25.666666666666668,8,16,0.5,0,1,0.0,4,4,1.0,2,5,7,2,0,0,0,4,20,1.0,0022400936,Isaiah Hartenstein,isaiah hartenstein,,,2025-03-10,0,0.7792207792207791,0.07792207792207792,0.2727272727272727,0.07792207792207792,0.07792207792207792,3.0,3.0,1.0,5.0,5.0,5.0,5.0,5.0,2.0,0,0.0,0,0.0027400000000000002,7.2,2626.778547975191,7.180272,0.0,6.0,7.0,0.7914545
0022400936,1610612760,Oklahoma City,Thunder,OKC,thunder,1629652,Luguentz,Dort,L. Dort,luguentz-dort,G,,,34:15,34.25,9,16,0.563,8,14,0.571,0,0,0.0,3,4,7,0,4,1,0,3,26,-8.0,0022400936,Luguentz Dort,luguentz dort,,,2025-03-10,5,0.7591240875912408,0.08759124087591241,0.20437956204379562,0.0,0.23357664233576642,1.0,1.0,1.0,9.0,1.0,3.0,8.0,2.0,7.0,0,0.0,0,0.00193,-9.4,-4867.9440704298295,-9.381858000000001,0.145985401459854,1.0,3.0,0.9632458
0022400936,1610612760,Oklahoma City,Thunder,OKC,thunder,1628983,Shai,Gilgeous-Alexander,S. Gilgeous-Alexander,shai-gilgeous-alexander,G,,,36:13,36.21666666666667,8,14,0.571,3,7,0.429,6,6,1.0,1,2,3,7,1,2,3,2,25,-18.0,0022400936,Shai Gilgeous-Alexander,shai gilgeous-alexander,,,2025-03-10,3,0.6902899217671422,0.027611596870685685,0.08283479061205706,0.1932811780947998,0.11044638748274274,2.0,5.0,5.0,2.0,3.0,1.0,10.0,1.0,3.0,0,0.0,0,0.00216,-22.7,-10504.396112910688,-22.650968,0.08283479061205706,3.0,5.0,0.8160526
0022400936,1610612760,Oklahoma City,Thunder,OKC,thunder,1630598,Aaron,Wiggins,A. Wiggins,aaron-wiggins,,,,22:01,22.016666666666666,3,8,0.375,2,4,0.5,0,0,0.0,1,3,4,1,1,0,0,1,8,-9.0,0022400936,Aaron Wiggins,aaron wiggins,,,2025-03-10,1,0.3633610900832703,0.045420136260408785,0.18168054504163514,0.045420136260408785,0.09084027252081757,7.0,5.0,3.0,6.0,3.0,5.0,9.0,6.0,3.0,0,0.0,0,0.0014299999999999998,-19.6,-13696.71558350804,-19.571972,0.045420136260408785,5.0,6.0,0.071671076
0022400936,1610612760,Oklahoma City,Thunder,OKC,thunder,1641717,Cason,Wallace,C. Wallace,cason-wallace,,,,29:07,29.116666666666667,5,8,0.625,2,3,0.667,0,0,0.0,3,0,3,8,3,1,1,1,12,-6.0,0022400936,Cason Wallace,cason wallace,,,2025-03-10,4,0.41213508872352606,0.10303377218088151,0.10303377218088151,0.274756725815684,0.24041213508872353,5.0,1.0,5.0,1.0,2.0,3.0,7.0,3.0,4.0,0,0.0,0,0.00122,-11.7,-9582.309582309583,-11.685725999999999,0.137378362907842,2.0,2.0,0.657595
0022400936,1610612760,Oklahoma City,Thunder,OKC,thunder,1627936,Alex,Caruso,A. Caruso,alex-caruso,,,,20:15,20.25,5,8,0.625,2,4,0.5,1,1,1.0,0,1,1,0,0,0,3,0,13,-20.0,0022400936,Alex Caruso,alex caruso,,,2025-03-10,0,0.6419753086419753,0.0,0.04938271604938271,0.0,0.0,4.0,8.0,10.0,9.0,5.0,5.0,11.0,7.0,5.0,0,0.0,0,0.00212,-46.5,-21923.620933521925,-46.40142,0.0,6.0,9.0,0.54392564
0022400936,1610612760,Oklahoma City,Thunder,OKC,thunder,1631119,Jaylin,Williams,J. Williams,jaylin-williams,,,,10:21,10.35,0,4,0.0,0,3,0.0,0,0,0.0,0,3,3,0,0,0,0,2,0,-3.0,0022400936,Jaylin Williams,jaylin williams,,,2025-03-10,0,0.0,0.0,0.2898550724637681,0.0,0.0,10.0,8.0,5.0,9.0,5.0,5.0,6.0,10.0,0.0,0,0.0,0,0.0016,-15.0,-9369.144284821987,-14.975999999999999,0.0,6.0,9.0,0.0058525125
0022400936,1610612760,Oklahoma City,Thunder,OKC,thunder,1630198,Isaiah,Joe,I. Joe,isaiah-joe,,,,16:12,16.2,1,5,0.2,1,3,0.333,0,0,0.0,2,0,2,3,0,0,1,2,3,4.0,0022400936,Isaiah Joe,isaiah joe,,,2025-03-10,0,0.1851851851851852,0.1234567901234568,0.1234567901234568,0.1851851851851852,0.1234567901234568,9.0,3.0,8.0,4.0,5.0,5.0,2.0,8.0,1.0,0,0.0,0,0.00146,8.2,5612.594113620808,8.188028,0.0,6.0,4.0,0.03197666
0022400936,1610612760,Oklahoma City,Thunder,OKC,thunder,1641794,Dillon,Jones,D. Jones,dillon-jones,,,,1:46,1.7666666666666666,0,0,0.0,0,0,0.0,0,0,0.0,0,0,0,0,0,0,0,0,0,3.0,0022400936,Dillon Jones,dillon jones,,,2025-03-10,0,0.0,0.0,0.0,0.0,0.0,10.0,8.0,12.0,9.0,5.0,5.0,3.0,11.0,,1,,1,0.0,100.0,100000000.0,100.0,0.0,6.0,9.0,0.0047969106
0022400936,1610612760,Oklahoma City,Thunder,OKC,thunder,1631172,Ousmane,Dieng,O. Dieng,ousmane-dieng,,,,1:46,1.7666666666666666,0,0,0.0,0,0,0.0,0,0,0.0,1,0,1,1,0,0,0,0,0,3.0,0022400936,Ousmane Dieng,ousmane dieng,,,2025-03-10,0,0.0,0.5660377358490566,0.5660377358490566,0.5660377358490566,0.5660377358490566,10.0,5.0,10.0,6.0,5.0,5.0,3.0,11.0,,1,,1,0.0,100.0,100000000.0,100.0,0.0,6.0,1.0,0.0124240015
0022400946,1610612760,Oklahoma City,Thunder,OKC,thunder,1629652,Luguentz,Dort,L. Dort,luguentz-dort,F,,,38:58,38.96666666666667,5,12,0.417,3,8,0.375,0,2,0.0,1,3,4,0,0,0,1,1,13,1.0,0022400946,Luguentz Dort,luguentz dort,,,2025-03-12,0,0.33361847733105215,0.02566295979469632,0.10265183917878529,0.0,0.02566295979469632,4.0,4.0,4.0,8.0,6.0,3.0,6.0,1.0,3.0,0,0.0,0,0.00151,-0.3,-198.5440105890139,-0.299547,0.0,7.0,7.0,0.2567722
0022400946,1610612760,Oklahoma City,Thunder,OKC,thunder,1630598,Aaron,Wiggins,A. Wiggins,aaron-wiggins,F,,,20:23,20.383333333333333,0,9,0.0,0,4,0.0,0,0,0.0,1,2,3,1,1,0,0,1,0,8.0,0022400946,Aaron Wiggins,aaron wiggins,,,2025-03-12,1,0.0,0.04905968928863451,0.1471790678659035,0.04905968928863451,0.09811937857726902,9.0,4.0,7.0,6.0,3.0,3.0,3.0,8.0,3.0,0,0.0,0,0.0017299999999999998,13.2,7625.649913344889,13.177164,0.04905968928863451,3.0,5.0,0.015162638
0022400946,1610612760,Oklahoma City,Thunder,OKC,thunder,1631096,Chet,Holmgren,C. Holmgren,chet-holmgren,C,,,33:43,33.71666666666667,8,14,0.571,3,6,0.5,4,7,0.571,4,11,15,2,0,1,1,3,23,9.0,0022400946,Chet Holmgren,chet holmgren,,,2025-03-12,1,0.6821552150271873,0.11863568956994562,0.4448838358872961,0.05931784478497281,0.14829461196243202,2.0,1.0,1.0,4.0,6.0,1.0,2.0,3.0,1.0,0,0.0,0,0.00222,8.1,3647.0058532192697,8.082018,0.029658922392486405,3.0,2.0,0.915227
0022400946,1610612760,Oklahoma City,Thunder,OKC,thunder,1641717,Cason,Wallace,C. Wallace,cason-wallace,G,,,30:28,30.466666666666665,5,6,0.833,1,1,1.0,3,4,0.75,0,4,4,3,2,1,3,2,14,13.0,0022400946,Cason Wallace,cason wallace,,,2025-03-12,3,0.45951859956236324,0.0,0.1312910284463895,0.09846827133479213,0.09846827133479213,3.0,7.0,4.0,2.0,1.0,1.0,1.0,4.0,4.0,0,0.0,0,0.00151,18.9,12508.272667107874,18.871461,0.09846827133479213,1.0,4.0,0.7640093
0022400946,1610612760,Oklahoma City,Thunder,OKC,thunder,1628983,Shai,Gilgeous-Alexander,S. Gilgeous-Alexander,shai-gilgeous-alexander,G,,,38:35,38.583333333333336,11,20,0.55,2,7,0.286,10,11,0.909,1,4,5,7,1,0,5,3,34,3.0,0022400946,Shai Gilgeous-Alexander,shai gilgeous-alexander,,,2025-03-12,1,0.8812095032397408,0.02591792656587473,0.12958963282937364,0.1814254859611231,0.05183585313174946,1.0,4.0,3.0,1.0,3.0,3.0,4.0,2.0,0.0,0,0.0,0,0.00319,0.7,219.3669696020056,0.6977669999999999,0.02591792656587473,3.0,6.0,0.76816684
0022400946,1610612760,Oklahoma City,Thunder,OKC,thunder,1628392,Isaiah,Hartenstein,I. Hartenstein,isaiah-hartenstein,,,,25:06,25.1,4,7,0.571,0,0,0.0,3,4,0.75,2,4,6,3,1,0,1,1,11,1.0,0022400946,Isaiah Hartenstein,isaiah hartenstein,,,2025-03-12,1,0.43824701195219123,0.0796812749003984,0.2390438247011952,0.1195219123505976,0.1195219123505976,5.0,2.0,2.0,2.0,3.0,3.0,6.0,5.0,1.0,0,0.0,0,0.00167,-0.2,-119.6888090963495,-0.199666,0.0398406374501992,3.0,3.0,0.56088144
0022400946,1610612760,Oklahoma City,Thunder,OKC,thunder,1629026,Kenrich,Williams,K. Williams,kenrich-williams,,,,21:49,21.816666666666666,3,6,0.5,2,5,0.4,2,4,0.5,2,2,4,1,2,0,0,4,10,-9.0,0022400946,Kenrich Williams,kenrich williams,,,2025-03-12,2,0.4583651642475172,0.09167303284950344,0.18334606569900688,0.04583651642475172,0.18334606569900688,7.0,2.0,4.0,6.0,1.0,3.0,9.0,7.0,2.0,0,0.0,0,0.00157,-17.1,-10884.786760025463,-17.073153,0.09167303284950344,2.0,1.0,0.206421
0022400946,1610612760,Oklahoma City,Thunder,OKC,thunder,1630198,Isaiah,Joe,I. Joe,isaiah-joe,,,,24:44,24.733333333333334,3,7,0.429,2,6,0.333,3,3,1.0,0,2,2,2,0,0,1,2,11,1.0,0022400946,Isaiah Joe,isaiah joe,,,2025-03-12,0,0.444743935309973,0.0,0.08086253369272237,0.08086253369272237,0.0,5.0,7.0,8.0,4.0,6.0,3.0,6.0,6.0,1.0,0,0.0,0,0.00161,-0.2,-124.14649286157666,-0.19967800000000002,0.0,7.0,8.0,0.13212888
0022400946,1610612760,Oklahoma City,Thunder,OKC,thunder,1631172,Ousmane,Dieng,O. Dieng,ousmane-dieng,,,,6:15,6.25,1,1,1.0,0,0,0.0,0,0,0.0,0,1,1,0,0,0,0,0,2,3.0,0022400946,Ousmane Dieng,ousmane dieng,,,2025-03-12,0,0.32,0.0,0.16,0.0,0.0,8.0,7.0,9.0,8.0,6.0,3.0,4.0,9.0,0.0,0,0.0,0,0.0007099999999999999,23.1,32489.451476793252,23.083599000000003,0.0,7.0,8.0,0.008279057
0022400969,1610612760,Oklahoma City,Thunder,OKC,thunder,1629652,Luguentz,Dort,L. Dort,luguentz-dort,F,,,26:48,26.8,3,6,0.5,1,4,0.25,0,0,0.0,2,5,7,1,0,1,3,2,7,27.0,0022400969,Luguentz Dort,luguentz dort,,,2025-03-15,1,0.26119402985074625,0.07462686567164178,0.26119402985074625,0.03731343283582089,0.11194029850746269,6.0,2.0,3.0,3.0,5.0,3.0,1.0,6.0,0.0,0,0.0,0,0.0013800000000000002,46.6,33743.66401158581,46.535692,0.03731343283582089,6.0,4.0,0.38439435
0022400969,1610612760,Oklahoma City,Thunder,OKC,thunder,1629026,Kenrich,Williams,K. Williams,kenrich-williams,F,,,31:09,31.15,5,9,0.556,0,4,0.0,0,0,0.0,2,3,5,1,0,0,1,3,10,12.0,0022400969,Kenrich Williams,kenrich williams,,,2025-03-15,0,0.32102728731942215,0.06420545746388444,0.16051364365971107,0.03210272873194222,0.06420545746388444,5.0,2.0,4.0,3.0,5.0,6.0,3.0,4.0,4.0,0,0.0,0,0.00133,16.4,12321.562734785875,16.378187999999998,0.0,7.0,7.0,0.2498581
0022400969,1610612760,Oklahoma City,Thunder,OKC,thunder,1628392,Isaiah,Hartenstein,I. Hartenstein,isaiah-hartenstein,C,,,30:35,30.583333333333332,5,9,0.556,0,0,0.0,2,4,0.5,4,6,10,5,2,3,5,4,12,-1.0,0022400969,Isaiah Hartenstein,isaiah hartenstein,,,2025-03-15,5,0.3923705722070845,0.13079019073569484,0.32697547683923706,0.16348773841961853,0.29427792915531337,3.0,1.0,1.0,2.0,4.0,1.0,7.0,5.0,5.0,0,0.0,0,0.00213,-3.2,-1501.6424213984046,-3.1931840000000005,0.16348773841961853,1.0,1.0,0.6334944
0022400969,1610612760,Oklahoma City,Thunder,OKC,thunder,1641717,Cason,Wallace,C. Wallace,cason-wallace,G,,,35:45,35.75,9,15,0.6,2,4,0.5,0,0,0.0,1,4,5,0,3,0,3,4,20,0.0,0022400969,Cason Wallace,cason wallace,,,2025-03-15,3,0.5594405594405595,0.027972027972027972,0.13986013986013987,0.0,0.11188811188811189,2.0,4.0,4.0,9.0,1.0,6.0,5.0,2.0,4.0,0,0.0,0,0.0020499999999999997,-1.4,-682.5938566552901,-1.39713,0.08391608391608392,4.0,5.0,0.7388097
0022400969,1610612760,Oklahoma City,Thunder,OKC,thunder,1628983,Shai,Gilgeous-Alexander,S. Gilgeous-Alexander,shai-gilgeous-alexander,G,,,37:55,37.916666666666664,17,26,0.654,4,6,0.667,10,10,1.0,0,4,4,6,3,1,2,1,48,18.0,0022400969,Shai Gilgeous-Alexander,shai gilgeous-alexander,,,2025-03-15,4,1.265934065934066,0.0,0.1054945054945055,0.15824175824175826,0.1054945054945055,1.0,6.0,6.0,1.0,1.0,3.0,2.0,1.0,0.0,0,0.0,0,0.0032300000000000002,21.7,6716.186939028164,21.629909,0.1054945054945055,2.0,6.0,0.8288783
0022400969,1610612760,Oklahoma City,Thunder,OKC,thunder,1631119,Jaylin,Williams,J. Williams,jaylin-williams,,,,17:25,17.416666666666668,0,5,0.0,0,4,0.0,2,4,0.5,0,8,8,1,0,2,1,1,2,7.0,0022400969,Jaylin Williams,jaylin williams,,,2025-03-15,2,0.11483253588516745,0.0,0.4593301435406698,0.057416267942583726,0.11483253588516745,8.0,6.0,2.0,3.0,5.0,2.0,4.0,8.0,0.0,0,0.0,0,0.00178,15.1,8478.382930937676,15.073122,0.11483253588516745,5.0,3.0,0.021966528
0022400969,1610612760,Oklahoma City,Thunder,OKC,thunder,1627936,Alex,Caruso,A. Caruso,alex-caruso,,,,20:53,20.883333333333333,0,4,0.0,0,1,0.0,3,4,0.75,0,0,0,1,3,1,2,1,3,-17.0,0022400969,Alex Caruso,alex caruso,,,2025-03-15,4,0.14365522745411013,0.0,0.0,0.047885075818036714,0.19154030327214686,7.0,6.0,9.0,3.0,1.0,3.0,11.0,7.0,4.0,0,0.0,0,0.0014299999999999998,-39.5,-27603.0747728861,-39.443515,0.19154030327214686,2.0,2.0,0.0065209884
0022400969,1610612760,Oklahoma City,Thunder,OKC,thunder,1630198,Isaiah,Joe,I. Joe,isaiah-joe,,,,33:25,33.416666666666664,4,13,0.308,3,11,0.273,0,0,0.0,1,3,4,1,0,0,0,1,11,-5.0,0022400969,Isaiah Joe,isaiah joe,,,2025-03-15,0,0.3291770573566085,0.029925187032418955,0.11970074812967582,0.029925187032418955,0.029925187032418955,4.0,4.0,6.0,3.0,5.0,6.0,8.0,3.0,0.0,0,0.0,0,0.00157,-8.2,-5219.605346912795,-8.187126,0.0,7.0,8.0,0.116044216
0022400969,1610612760,Oklahoma City,Thunder,OKC,thunder,1641794,Dillon,Jones,D. Jones,dillon-jones,,,,3:56,3.9333333333333336,0,1,0.0,0,0,0.0,0,0,0.0,0,1,1,1,0,0,0,2,0,-5.0,0022400969,Dillon Jones,dillon jones,,,2025-03-15,0,0.0,0.0,0.2542372881355932,0.2542372881355932,0.0,9.0,6.0,8.0,3.0,5.0,6.0,8.0,9.0,0.0,0,0.0,0,0.00083,-39.1,-47051.7448856799,-39.067547000000005,0.0,7.0,9.0,0.0033175286
0022400969,1610612760,Oklahoma City,Thunder,OKC,thunder,1631172,Ousmane,Dieng,O. Dieng,ousmane-dieng,,,,1:45,1.75,0,1,0.0,0,0,0.0,0,0,0.0,0,0,0,0,0,0,0,1,0,-6.0,0022400969,Ousmane Dieng,ousmane dieng,,,2025-03-15,0,0.0,0.0,0.0,0.0,0.0,9.0,6.0,9.0,9.0,5.0,6.0,10.0,10.0,,1,,1,0.002,-120.0,-59970.01499250374,-119.76,0.0,7.0,9.0,0.0019600976
0022400969,1610612760,Oklahoma City,Thunder,OKC,thunder,1641745,Adam,Flagler,A. Flagler,adam-flagler,,,,0:25,0.4166666666666667,0,0,0.0,0,0,0.0,0,0,0.0,0,0,0,0,0,0,0,0,0,0.0,0022400969,Adam Flagler,adam flagler,,,2025-03-15,0,0.0,0.0,0.0,0.0,0.0,9.0,6.0,9.0,9.0,5.0,6.0,5.0,11.0,,1,,1,0.0,0.0,0.0,0.0,0.0,7.0,9.0,0.004012097
0022400982,1610612760,Oklahoma City,Thunder,OKC,thunder,1629026,Kenrich,Williams,K. Williams,kenrich-williams,F,,,18:38,18.633333333333333,0,3,0.0,0,2,0.0,0,0,0.0,1,5,6,5,1,0,1,3,0,16.0,0022400982,Kenrich Williams,kenrich williams,,,2025-03-16,1,0.0,0.053667262969588556,0.3220035778175313,0.26833631484794274,0.10733452593917711,9.0,3.0,3.0,2.0,1.0,4.0,2.0,8.0,1.0,0,0.0,0,0.0009299999999999999,36.6,39312.567132116004,36.565962,0.053667262969588556,2.0,2.0,0.14311725
0022400982,1610612760,Oklahoma City,Thunder,OKC,thunder,1631096,Chet,Holmgren,C. Holmgren,chet-holmgren,F,,,35:28,35.46666666666667,6,9,0.667,2,4,0.5,2,4,0.5,1,7,8,3,0,0,2,3,16,4.0,0022400982,Chet Holmgren,chet holmgren,,,2025-03-16,0,0.45112781954887216,0.02819548872180451,0.22556390977443608,0.08458646616541353,0.02819548872180451,4.0,3.0,2.0,4.0,4.0,4.0,7.0,1.0,0.0,0,0.0,0,0.00149,2.4,1609.6579476861168,2.396424,0.0,6.0,7.0,0.43044493
0022400982,1610612760,Oklahoma City,Thunder,OKC,thunder,1628392,Isaiah,Hartenstein,I. Hartenstein,isaiah-hartenstein,C,,,32:26,32.43333333333333,11,15,0.733,0,0,0.0,2,3,0.667,2,10,12,3,0,0,2,3,24,23.0,0022400982,Isaiah Hartenstein,isaiah hartenstein,,,2025-03-16,0,0.7399794450154163,0.061664953751284696,0.3699897225077082,0.09249743062692704,0.061664953751284696,2.0,1.0,1.0,4.0,4.0,4.0,1.0,3.0,2.0,0,0.0,0,0.00234,33.8,14438.274241777015,33.720907999999994,0.0,6.0,5.0,0.8808237
0022400982,1610612760,Oklahoma City,Thunder,OKC,thunder,1641717,Cason,Wallace,C. Wallace,cason-wallace,G,,,27:01,27.016666666666666,4,7,0.571,1,2,0.5,0,0,0.0,1,3,4,1,1,0,1,2,9,4.0,0022400982,Cason Wallace,cason wallace,,,2025-03-16,1,0.33312769895126465,0.03701418877236274,0.14805675508945096,0.03701418877236274,0.07402837754472548,6.0,3.0,5.0,8.0,1.0,4.0,7.0,5.0,6.0,0,0.0,0,0.0012900000000000001,9.5,7358.636715724245,9.487745,0.03701418877236274,2.0,4.0,0.2577246
0022400982,1610612760,Oklahoma City,Thunder,OKC,thunder,1628983,Shai,Gilgeous-Alexander,S. Gilgeous-Alexander,shai-gilgeous-alexander,G,,,33:35,33.583333333333336,11,27,0.407,0,5,0.0,9,11,0.818,1,1,2,8,0,1,1,1,31,8.0,0022400982,Shai Gilgeous-Alexander,shai gilgeous-alexander,,,2025-03-16,1,0.923076923076923,0.029776674937965257,0.059553349875930514,0.23821339950372206,0.059553349875930514,1.0,3.0,9.0,1.0,4.0,1.0,5.0,2.0,0.0,0,0.0,0,0.00423,11.8,2788.9387851571732,11.750086000000001,0.029776674937965257,2.0,6.0,0.87451565
0022400982,1610612760,Oklahoma City,Thunder,OKC,thunder,1641794,Dillon,Jones,D. Jones,dillon-jones,,,,6:13,6.216666666666667,0,0,0.0,0,0,0.0,0,0,0.0,0,3,3,0,0,0,0,0,0,7.0,0022400982,Dillon Jones,dillon jones,,,2025-03-16,0,0.0,0.0,0.48257372654155495,0.0,0.0,9.0,7.0,7.0,9.0,4.0,4.0,6.0,10.0,0.0,0,0.0,0,0.0,36.9,36900000.0,36.9,0.0,6.0,8.0,0.008541253
0022400982,1610612760,Oklahoma City,Thunder,OKC,thunder,1631119,Jaylin,Williams,J. Williams,jaylin-williams,,,,13:47,13.783333333333333,1,1,1.0,1,1,1.0,0,0,0.0,0,1,1,0,0,0,0,4,3,-6.0,0022400982,Jaylin Williams,jaylin williams,,,2025-03-16,0,0.21765417170495768,0.0,0.07255139056831923,0.0,0.0,8.0,7.0,10.0,9.0,4.0,4.0,11.0,9.0,1.0,0,0.0,0,0.00031,-28.3,-90996.78456591639,-28.291227,0.0,6.0,8.0,0.014119498
0022400982,1610612760,Oklahoma City,Thunder,OKC,thunder,1627936,Alex,Caruso,A. Caruso,alex-caruso,,,,22:58,22.966666666666665,4,6,0.667,0,1,0.0,2,3,0.667,0,3,3,5,1,1,1,2,10,10.0,0022400982,Alex Caruso,alex caruso,,,2025-03-16,2,0.4354136429608128,0.0,0.13062409288824384,0.2177068214804064,0.08708272859216257,5.0,7.0,7.0,2.0,1.0,1.0,3.0,6.0,3.0,0,0.0,0,0.00125,20.4,16306.954436450838,20.374499999999998,0.08708272859216257,1.0,3.0,0.66016906
0022400982,1610612760,Oklahoma City,Thunder,OKC,thunder,1630198,Isaiah,Joe,I. Joe,isaiah-joe,,,,29:39,29.65,6,12,0.5,5,9,0.556,2,2,1.0,0,6,6,2,0,0,1,1,19,4.0,0022400982,Isaiah Joe,isaiah joe,,,2025-03-16,0,0.6408094435075886,0.0,0.20236087689713322,0.06745362563237774,0.0,3.0,7.0,3.0,7.0,4.0,4.0,7.0,4.0,1.0,0,0.0,0,0.002,4.7,2348.825587206397,4.6906,0.0,6.0,8.0,0.82868683
0022400982,1610612760,Oklahoma City,Thunder,OKC,thunder,1630598,Aaron,Wiggins,A. Wiggins,aaron-wiggins,,,,19:11,19.183333333333334,3,8,0.375,1,4,0.25,2,2,1.0,2,2,4,3,0,1,0,0,9,9.0,0022400982,Aaron Wiggins,aaron wiggins,,,2025-03-16,1,0.46915725456125107,0.10425716768027801,0.20851433536055602,0.15638575152041703,0.15638575152041703,6.0,1.0,5.0,4.0,4.0,1.0,4.0,7.0,1.0,0,0.0,0,0.00191,21.4,11198.32548403977,21.359126,0.052128583840139006,2.0,1.0,0.23961465
0022400982,1610612760,Oklahoma City,Thunder,OKC,thunder,1641745,Adam,Flagler,A. Flagler,adam-flagler,,,,1:05,1.0833333333333333,0,1,0.0,0,1,0.0,0,0,0.0,0,1,1,0,0,0,0,1,0,1.0,0022400982,Adam Flagler,adam flagler,,,2025-03-16,0,0.0,0.0,0.9230769230769231,0.0,0.0,9.0,7.0,10.0,9.0,4.0,4.0,10.0,11.0,,1,,1,0.00333,0.0,0.0,0.0,0.0,6.0,8.0,0.011682974
0022401002,1610612760,Oklahoma City,Thunder,OKC,thunder,1641794,Dillon,Jones,D. Jones,dillon-jones,F,,,36:13,36.21666666666667,3,7,0.429,2,6,0.333,3,4,0.75,0,5,5,5,2,0,2,2,11,20.0,0022401002,Dillon Jones,dillon jones,,,2025-03-19,2,0.30372756557754255,0.0,0.13805798435342842,0.13805798435342842,0.05522319374137137,7.0,6.0,4.0,3.0,1.0,5.0,4.0,2.0,2.0,0,0.0,0,0.00128,28.9,22560.499609679937,28.863008,0.05522319374137137,3.0,7.0,0.11802708
0022401002,1610612760,Oklahoma City,Thunder,OKC,thunder,1631119,Jaylin,Williams,J. Williams,jaylin-williams,F,,,37:46,37.766666666666666,7,11,0.636,3,5,0.6,2,2,1.0,4,13,17,11,2,0,3,3,19,33.0,0022401002,Jaylin Williams,jaylin williams,,,2025-03-19,2,0.5030891438658429,0.1059135039717564,0.45013239187996473,0.2912621359223301,0.1588702559576346,3.0,1.0,1.0,1.0,1.0,5.0,2.0,1.0,1.0,0,0.0,0,0.00167,43.0,25733.09395571514,42.92819,0.0529567519858782,3.0,3.0,0.94298875
0022401002,1610612760,Oklahoma City,Thunder,OKC,thunder,1631096,Chet,Holmgren,C. Holmgren,chet-holmgren,C,,,23:23,23.383333333333333,6,11,0.545,2,4,0.5,5,6,0.833,1,6,7,1,0,1,0,1,19,19.0,0022401002,Chet Holmgren,chet holmgren,,,2025-03-19,1,0.812544547398432,0.042765502494654314,0.2993585174625802,0.042765502494654314,0.08553100498930863,3.0,3.0,2.0,7.0,7.0,2.0,5.0,6.0,0.0,0,0.0,0,0.0025900000000000003,42.6,16441.5283674257,42.489666,0.042765502494654314,6.0,5.0,0.8136191
0022401002,1610612760,Oklahoma City,Thunder,OKC,thunder,1630198,Isaiah,Joe,I. Joe,isaiah-joe,G,,,29:19,29.316666666666666,7,13,0.538,5,9,0.556,2,2,1.0,0,3,3,5,0,0,3,0,21,35.0,0022401002,Isaiah Joe,isaiah joe,,,2025-03-19,0,0.7163160886867539,0.0,0.10233086981239341,0.17055144968732233,0.0,2.0,6.0,9.0,3.0,7.0,5.0,1.0,3.0,0.0,0,0.0,0,0.0025800000000000003,58.3,22588.144130182096,58.14958599999999,0.0,8.0,8.0,0.69311213
0022401002,1610612760,Oklahoma City,Thunder,OKC,thunder,1630598,Aaron,Wiggins,A. Wiggins,aaron-wiggins,G,,,28:49,28.816666666666666,10,18,0.556,4,10,0.4,2,3,0.667,0,4,4,6,0,0,1,2,26,32.0,0022401002,Aaron Wiggins,aaron wiggins,,,2025-03-19,0,0.9022556390977444,0.0,0.13880855986119145,0.20821283979178717,0.0,1.0,6.0,6.0,2.0,7.0,5.0,3.0,4.0,1.0,0,0.0,0,0.00299,55.2,18455.366098294886,55.034952,0.0,8.0,8.0,0.67852795
0022401002,1610612760,Oklahoma City,Thunder,OKC,thunder,1629026,Kenrich,Williams,K. Williams,kenrich-williams,,,,24:17,24.283333333333335,5,9,0.556,3,4,0.75,0,0,0.0,0,5,5,1,1,1,0,1,13,19.0,0022401002,Kenrich Williams,kenrich williams,,,2025-03-19,2,0.5353466026080987,0.0,0.2059025394646534,0.04118050789293068,0.08236101578586136,6.0,6.0,4.0,7.0,5.0,2.0,5.0,5.0,2.0,0,0.0,0,0.00153,35.2,22991.50881776617,35.146144,0.08236101578586136,3.0,6.0,0.74365914
0022401002,1610612760,Oklahoma City,Thunder,OKC,thunder,1642382,Branden,Carlson,B. Carlson,branden-carlson,,,,23:03,23.05,6,10,0.6,3,7,0.429,1,3,0.333,4,2,6,2,2,2,1,2,16,1.0,0022401002,Branden Carlson,branden carlson,,,2025-03-19,4,0.6941431670281996,0.1735357917570499,0.2603036876355748,0.08676789587852494,0.3470715835140998,5.0,1.0,3.0,6.0,1.0,1.0,8.0,7.0,0.0,0,0.0,0,0.00203,4.4,2166.4204825209254,4.391068000000001,0.1735357917570499,1.0,1.0,0.7988098
0022401002,1610612760,Oklahoma City,Thunder,OKC,thunder,1641745,Adam,Flagler,A. Flagler,adam-flagler,,,,22:45,22.75,2,9,0.222,1,6,0.167,0,0,0.0,1,3,4,4,2,1,2,1,5,14.0,0022401002,Adam Flagler,adam flagler,,,2025-03-19,3,0.21978021978021978,0.04395604395604396,0.17582417582417584,0.17582417582417584,0.17582417582417584,8.0,3.0,6.0,5.0,1.0,2.0,7.0,8.0,1.0,0,0.0,0,0.0019,27.0,14203.051025775909,26.9487,0.13186813186813187,2.0,2.0,0.034439728
0022401002,1610612760,Oklahoma City,Thunder,OKC,thunder,1642505,Alex,Ducas,A. Ducas,alex-ducas,,,,14:25,14.416666666666666,1,2,0.5,1,1,1.0,0,0,0.0,1,3,4,1,1,0,0,0,3,-8.0,0022401002,Alex Ducas,alex ducas,,,2025-03-19,1,0.20809248554913296,0.06936416184971099,0.27745664739884396,0.06936416184971099,0.13872832369942198,9.0,3.0,6.0,7.0,5.0,5.0,9.0,9.0,1.0,0,0.0,0,0.0005600000000000001,-21.5,-38324.42067736185,-21.48796,0.06936416184971099,6.0,4.0,0.093965575
0022401017,1610612760,Oklahoma City,Thunder,OKC,thunder,1630598,Aaron,Wiggins,A. Wiggins,aaron-wiggins,F,,,26:45,26.75,4,9,0.444,3,6,0.5,0,0,0.0,0,2,2,1,3,0,0,0,11,31.0,0022401017,Aaron Wiggins,aaron wiggins,,,2025-03-21,3,0.411214953271028,0.0,0.07476635514018691,0.037383177570093455,0.11214953271028037,6.0,6.0,8.0,6.0,1.0,6.0,1.0,3.0,5.0,0,0.0,0,0.00134,57.4,42803.87770320656,57.323084,0.11214953271028037,2.0,8.0,0.5705776
0022401017,1610612760,Oklahoma City,Thunder,OKC,thunder,1631096,Chet,Holmgren,C. Holmgren,chet-holmgren,F,,,27:38,27.633333333333333,6,12,0.5,1,2,0.5,1,4,0.25,1,4,5,1,1,3,1,0,14,12.0,0022401017,Chet Holmgren,chet holmgren,,,2025-03-21,4,0.5066344993968637,0.03618817852834741,0.18094089264173704,0.03618817852834741,0.18094089264173704,2.0,3.0,3.0,6.0,4.0,1.0,6.0,2.0,1.0,0,0.0,0,0.00214,16.8,7846.800560485754,16.764048,0.14475271411338964,1.0,4.0,0.6597998
0022401017,1610612760,Oklahoma City,Thunder,OKC,thunder,1628392,Isaiah,Hartenstein,I. Hartenstein,isaiah-hartenstein,C,,,24:42,24.7,6,13,0.462,0,1,0.0,0,1,0.0,5,5,10,4,0,1,1,2,12,14.0,0022401017,Isaiah Hartenstein,isaiah hartenstein,,,2025-03-21,1,0.4858299595141701,0.20242914979757085,0.4048582995951417,0.16194331983805668,0.24291497975708504,5.0,1.0,1.0,3.0,7.0,2.0,5.0,5.0,2.0,0,0.0,0,0.00226,25.4,11233.967271118974,25.342595999999997,0.04048582995951417,6.0,2.0,0.65757924
0022401017,1610612760,Oklahoma City,Thunder,OKC,thunder,1641717,Cason,Wallace,C. Wallace,cason-wallace,G,,,26:00,26.0,5,8,0.625,1,3,0.333,0,0,0.0,2,1,3,5,2,1,1,1,11,11.0,0022401017,Cason Wallace,cason wallace,,,2025-03-21,3,0.4230769230769231,0.07692307692307693,0.11538461538461539,0.19230769230769232,0.19230769230769232,6.0,2.0,5.0,2.0,2.0,2.0,7.0,4.0,5.0,0,0.0,0,0.00136,22.9,16825.863335782513,22.868855999999997,0.11538461538461539,2.0,3.0,0.54309094
0022401017,1610612760,Oklahoma City,Thunder,OKC,thunder,1628983,Shai,Gilgeous-Alexander,S. Gilgeous-Alexander,shai-gilgeous-alexander,G,,,29:36,29.6,13,18,0.722,2,2,1.0,2,2,1.0,0,6,6,9,1,0,1,2,30,31.0,0022401017,Shai Gilgeous-Alexander,shai gilgeous-alexander,,,2025-03-21,1,1.0135135135135134,0.0,0.2027027027027027,0.30405405405405406,0.03378378378378378,1.0,6.0,2.0,1.0,4.0,6.0,1.0,1.0,0.0,0,0.0,0,0.0027800000000000004,48.5,17439.76986695433,48.36517,0.03378378378378378,6.0,10.0,0.81848687
0022401017,1610612760,Oklahoma City,Thunder,OKC,thunder,1631119,Jaylin,Williams,J. Williams,jaylin-williams,,,,23:18,23.3,4,7,0.571,3,5,0.6,3,4,0.75,0,5,5,4,0,0,0,2,14,21.0,0022401017,Jaylin Williams,jaylin williams,,,2025-03-21,0,0.6008583690987124,0.0,0.2145922746781116,0.17167381974248927,0.0,2.0,6.0,3.0,3.0,7.0,6.0,3.0,6.0,1.0,0,0.0,0,0.0017299999999999998,45.7,26400.924321201623,45.620939,0.0,9.0,11.0,0.80739653
0022401017,1610612760,Oklahoma City,Thunder,OKC,thunder,1629026,Kenrich,Williams,K. Williams,kenrich-williams,,,,17:28,17.466666666666665,3,4,0.75,3,4,0.75,2,2,1.0,0,1,1,0,0,0,0,1,11,16.0,0022401017,Kenrich Williams,kenrich williams,,,2025-03-21,0,0.6297709923664123,0.0,0.05725190839694657,0.0,0.0,6.0,6.0,11.0,9.0,7.0,6.0,4.0,8.0,1.0,0,0.0,0,0.00125,48.8,39008.7929656275,48.739,0.0,9.0,11.0,0.37325475
0022401017,1610612760,Oklahoma City,Thunder,OKC,thunder,1627936,Alex,Caruso,A. Caruso,alex-caruso,,,,14:51,14.85,2,3,0.667,1,1,1.0,4,4,1.0,0,3,3,0,1,1,0,1,9,8.0,0022401017,Alex Caruso,alex caruso,,,2025-03-21,2,0.6060606060606061,0.0,0.20202020202020202,0.0,0.13468013468013468,9.0,6.0,5.0,9.0,4.0,2.0,9.0,9.0,3.0,0,0.0,0,0.0015199999999999999,25.8,16962.52465483235,25.760784,0.13468013468013468,4.0,7.0,0.08828712
0022401017,1610612760,Oklahoma City,Thunder,OKC,thunder,1630198,Isaiah,Joe,I. Joe,isaiah-joe,,,,20:37,20.616666666666667,5,10,0.5,4,9,0.444,0,0,0.0,1,1,2,0,0,0,2,4,14,6.0,0022401017,Isaiah Joe,isaiah joe,,,2025-03-21,0,0.6790622473726758,0.04850444624090541,0.09700889248181083,0.0,0.04850444624090541,2.0,3.0,8.0,9.0,7.0,6.0,11.0,7.0,0.0,0,0.0,0,0.00255,17.3,6781.654253234025,17.255885,0.0,9.0,9.0,0.76023793
0022401017,1610612760,Oklahoma City,Thunder,OKC,thunder,1641794,Dillon,Jones,D. Jones,dillon-jones,,,,8:50,8.833333333333334,2,4,0.5,0,1,0.0,0,0,0.0,0,3,3,1,0,0,0,0,4,7.0,0022401017,Dillon Jones,dillon jones,,,2025-03-21,0,0.45283018867924524,0.0,0.33962264150943394,0.11320754716981131,0.0,11.0,6.0,5.0,6.0,7.0,6.0,10.0,10.0,2.0,0,0.0,0,0.00211,41.2,19516.816674561822,41.113068000000005,0.0,9.0,11.0,0.017107898
0022401017,1610612760,Oklahoma City,Thunder,OKC,thunder,1641745,Adam,Flagler,A. Flagler,adam-flagler,,,,7:19,7.316666666666666,2,3,0.667,1,2,0.5,0,0,0.0,1,1,2,4,0,0,0,0,5,5.0,0022401017,Adam Flagler,adam flagler,,,2025-03-21,0,0.683371298405467,0.1366742596810934,0.2733485193621868,0.5466970387243736,0.1366742596810934,10.0,3.0,8.0,3.0,7.0,6.0,12.0,11.0,,1,,1,0.00188,35.7,18979.266347687404,35.632884000000004,0.0,9.0,6.0,0.023975717
0022401017,1610612760,Oklahoma City,Thunder,OKC,thunder,1642382,Branden,Carlson,B. Carlson,branden-carlson,,,,6:45,6.75,1,2,0.5,1,2,0.5,0,0,0.0,0,1,1,0,0,1,0,0,3,9.0,0022401017,Branden Carlson,branden carlson,,,2025-03-21,1,0.4444444444444444,0.0,0.14814814814814814,0.0,0.14814814814814814,12.0,6.0,11.0,9.0,7.0,2.0,8.0,12.0,0.0,0,0.0,0,0.00133,60.3,45304.282494365136,60.219801,0.14814814814814814,6.0,5.0,0.010951005
0022401017,1610612760,Oklahoma City,Thunder,OKC,thunder,1642505,Alex,Ducas,A. Ducas,alex-ducas,,,,6:11,6.183333333333334,1,1,1.0,1,1,1.0,0,0,0.0,0,0,0,0,2,0,1,0,3,4.0,0022401017,Alex Ducas,alex ducas,,,2025-03-21,2,0.4851752021563342,0.0,0.0,0.0,0.32345013477088946,12.0,6.0,13.0,9.0,2.0,6.0,13.0,13.0,1.0,0,0.0,0,0.00154,36.4,23621.025308241402,36.343944,0.32345013477088946,4.0,1.0,0.012059511
0022401036,1610612760,Oklahoma City,Thunder,OKC,thunder,1627936,Alex,Caruso,A. Caruso,alex-caruso,F,,,31:27,31.45,5,11,0.455,2,7,0.286,2,4,0.5,1,5,6,5,2,0,1,3,14,5.0,0022401036,Alex Caruso,alex caruso,,,2025-03-23,2,0.4451510333863275,0.03179650238473768,0.1907790143084261,0.1589825119236884,0.09538950715421304,3.0,4.0,3.0,3.0,1.0,6.0,3.0,3.0,5.0,0,0.0,0,0.00192,10.5,5465.903175429464,10.47984,0.06359300476947535,4.0,5.0,0.5846868
0022401036,1610612760,Oklahoma City,Thunder,OKC,thunder,1629652,Luguentz,Dort,L. Dort,luguentz-dort,F,,,28:37,28.616666666666667,4,6,0.667,2,4,0.5,0,0,0.0,0,4,4,2,1,1,0,5,10,4.0,0022401036,Luguentz Dort,luguentz dort,,,2025-03-23,2,0.34944670937682004,0.0,0.13977868375072802,0.06988934187536401,0.06988934187536401,6.0,7.0,4.0,4.0,5.0,3.0,4.0,5.0,2.0,0,0.0,0,0.00097,6.9,7106.076210092688,6.893307,0.06988934187536401,4.0,6.0,0.4593797
0022401036,1610612760,Oklahoma City,Thunder,OKC,thunder,1628392,Isaiah,Hartenstein,I. Hartenstein,isaiah-hartenstein,C,,,33:04,33.06666666666667,6,12,0.5,0,0,0.0,2,2,1.0,3,7,10,6,2,3,3,3,14,8.0,0022401036,Isaiah Hartenstein,isaiah hartenstein,,,2025-03-23,5,0.4233870967741935,0.09072580645161289,0.30241935483870963,0.18145161290322578,0.24193548387096772,3.0,1.0,1.0,2.0,1.0,1.0,1.0,2.0,4.0,0,0.0,0,0.00213,13.3,6241.201313937119,13.271671000000001,0.15120967741935482,1.0,1.0,0.83737147
0022401036,1610612760,Oklahoma City,Thunder,OKC,thunder,1641717,Cason,Wallace,C. Wallace,cason-wallace,G,,,30:16,30.266666666666666,3,7,0.429,1,1,1.0,1,2,0.5,2,2,4,2,2,1,1,2,8,2.0,0022401036,Cason Wallace,cason wallace,,,2025-03-23,3,0.2643171806167401,0.06607929515418502,0.13215859030837004,0.06607929515418502,0.16519823788546256,7.0,2.0,4.0,4.0,1.0,3.0,5.0,4.0,2.0,0,0.0,0,0.00136,3.3,2424.6877296105804,3.2955119999999996,0.09911894273127754,3.0,2.0,0.19669285
0022401036,1610612760,Oklahoma City,Thunder,OKC,thunder,1628983,Shai,Gilgeous-Alexander,S. Gilgeous-Alexander,shai-gilgeous-alexander,G,,,37:19,37.31666666666667,7,29,0.241,1,7,0.143,11,11,1.0,0,3,3,8,2,2,1,2,26,0.0,0022401036,Shai Gilgeous-Alexander,shai gilgeous-alexander,,,2025-03-23,4,0.6967396158999553,0.0,0.080393032603841,0.21438142027690932,0.10719071013845466,1.0,7.0,6.0,1.0,1.0,2.0,6.0,1.0,1.0,0,0.0,0,0.00402,-1.4,-348.1720964934095,-1.394372,0.10719071013845466,2.0,4.0,0.6097094
0022401036,1610612760,Oklahoma City,Thunder,OKC,thunder,1630598,Aaron,Wiggins,A. Wiggins,aaron-wiggins,,,,25:55,25.916666666666668,8,17,0.471,3,8,0.375,0,0,0.0,1,2,3,1,0,0,1,4,19,-6.0,0022401036,Aaron Wiggins,aaron wiggins,,,2025-03-23,0,0.7331189710610932,0.03858520900321543,0.1157556270096463,0.03858520900321543,0.03858520900321543,2.0,4.0,6.0,8.0,6.0,6.0,8.0,6.0,2.0,0,0.0,0,0.003,-9.4,-3132.2892369210263,-9.3718,0.0,7.0,9.0,0.7772223
0022401036,1610612760,Oklahoma City,Thunder,OKC,thunder,1631119,Jaylin,Williams,J. Williams,jaylin-williams,,,,14:57,14.95,4,4,1.0,3,3,1.0,1,1,1.0,0,7,7,2,0,1,0,1,12,-6.0,0022401036,Jaylin Williams,jaylin williams,,,2025-03-23,1,0.802675585284281,0.0,0.4682274247491639,0.13377926421404682,0.06688963210702341,5.0,7.0,2.0,4.0,6.0,3.0,8.0,9.0,0.0,0,0.0,0,0.00108,-15.5,-14338.575393154488,-15.483260000000001,0.06688963210702341,6.0,7.0,0.8159349
0022401036,1610612760,Oklahoma City,Thunder,OKC,thunder,1630198,Isaiah,Joe,I. Joe,isaiah-joe,,,,19:54,19.9,0,4,0.0,0,4,0.0,0,0,0.0,1,1,2,0,0,0,1,1,0,-5.0,0022401036,Isaiah Joe,isaiah joe,,,2025-03-23,0,0.0,0.05025125628140704,0.10050251256281408,0.0,0.05025125628140704,8.0,4.0,9.0,9.0,6.0,6.0,7.0,7.0,1.0,0,0.0,0,0.001,-11.9,-11888.11188811189,-11.8881,0.0,7.0,8.0,0.006813527
0022401036,1610612760,Oklahoma City,Thunder,OKC,thunder,1629026,Kenrich,Williams,K. Williams,kenrich-williams,,,,18:31,18.516666666666666,0,2,0.0,0,1,0.0,0,0,0.0,2,1,3,2,0,0,1,1,0,8.0,0022401036,Kenrich Williams,kenrich williams,,,2025-03-23,0,0.0,0.10801080108010802,0.16201620162016203,0.10801080108010802,0.10801080108010802,8.0,2.0,6.0,4.0,6.0,6.0,1.0,8.0,0.0,0,0.0,0,0.00061,15.5,25368.248772504092,15.490545000000001,0.0,7.0,3.0,0.0250691
0022401052,1610612760,Oklahoma City,Thunder,OKC,thunder,1629026,Kenrich,Williams,K. Williams,kenrich-williams,F,,,27:56,27.933333333333334,4,7,0.571,3,4,0.75,0,0,0.0,1,3,4,6,0,0,1,2,11,5.0,0022401052,Kenrich Williams,kenrich williams,,,2025-03-25,0,0.3937947494033413,0.03579952267303103,0.1431980906921241,0.21479713603818615,0.03579952267303103,6.0,1.0,6.0,1.0,5.0,5.0,8.0,4.0,1.0,0,0.0,0,0.00127,10.7,8418.568056648308,10.686411,0.0,7.0,7.0,0.4242492
0022401052,1610612760,Oklahoma City,Thunder,OKC,thunder,1631096,Chet,Holmgren,C. Holmgren,chet-holmgren,F,,,33:17,33.28333333333333,7,14,0.5,1,2,0.5,3,4,0.75,1,9,10,2,2,0,2,3,18,10.0,0022401052,Chet Holmgren,chet holmgren,,,2025-03-25,2,0.5408112168252379,0.030045067601402103,0.30045067601402103,0.06009013520280421,0.09013520280420631,2.0,1.0,1.0,6.0,2.0,5.0,5.0,1.0,2.0,0,0.0,0,0.00231,12.7,5495.456512332323,12.670663,0.06009013520280421,2.0,6.0,0.74967134
0022401052,1610612760,Oklahoma City,Thunder,OKC,thunder,1628392,Isaiah,Hartenstein,I. Hartenstein,isaiah-hartenstein,C,,,27:23,27.383333333333333,2,3,0.667,0,0,0.0,0,1,0.0,1,9,10,5,0,2,3,2,4,6.0,0022401052,Isaiah Hartenstein,isaiah hartenstein,,,2025-03-25,2,0.14607425441265978,0.036518563603164945,0.36518563603164944,0.18259281801582472,0.10955569080949483,9.0,1.0,1.0,3.0,5.0,1.0,7.0,6.0,3.0,0,0.0,0,0.00095,12.2,12828.601472134595,12.18841,0.07303712720632989,2.0,3.0,0.07984288
0022401052,1610612760,Oklahoma City,Thunder,OKC,thunder,1629652,Luguentz,Dort,L. Dort,luguentz-dort,G,,,31:33,31.55,5,9,0.556,3,6,0.5,0,0,0.0,1,3,4,1,1,1,1,4,13,12.0,0022401052,Luguentz Dort,luguentz dort,,,2025-03-25,2,0.4120443740095087,0.03169572107765452,0.12678288431061807,0.03169572107765452,0.09508716323296355,5.0,1.0,6.0,8.0,3.0,3.0,4.0,3.0,2.0,0,0.0,0,0.0013700000000000001,18.5,13493.80014587892,18.474655000000002,0.06339144215530904,2.0,5.0,0.6063727
0022401052,1610612760,Oklahoma City,Thunder,OKC,thunder,1628983,Shai,Gilgeous-Alexander,S. Gilgeous-Alexander,shai-gilgeous-alexander,G,,,32:56,32.93333333333333,10,23,0.435,3,6,0.5,9,10,0.9,0,8,8,5,0,0,5,2,32,13.0,0022401052,Shai Gilgeous-Alexander,shai gilgeous-alexander,,,2025-03-25,0,0.9716599190283401,0.0,0.24291497975708504,0.15182186234817815,0.0,1.0,7.0,3.0,3.0,5.0,5.0,3.0,2.0,1.0,0,0.0,0,0.00434,17.5,4031.3291868233123,17.42405,0.0,7.0,8.0,0.68606585
0022401052,1610612760,Oklahoma City,Thunder,OKC,thunder,1630198,Isaiah,Joe,I. Joe,isaiah-joe,,,,27:37,27.616666666666667,5,7,0.714,4,6,0.667,0,0,0.0,1,2,3,3,3,0,0,0,14,22.0,0022401052,Isaiah Joe,isaiah joe,,,2025-03-25,3,0.5069402534701267,0.036210018105009054,0.10863005431502716,0.10863005431502716,0.14484007242003621,4.0,1.0,8.0,5.0,1.0,5.0,2.0,5.0,5.0,0,0.0,0,0.00104,34.7,33333.33333333334,34.663912,0.10863005431502716,1.0,1.0,0.861572
0022401052,1610612760,Oklahoma City,Thunder,OKC,thunder,1641794,Dillon,Jones,D. Jones,dillon-jones,,,,11:35,11.583333333333334,2,4,0.5,1,1,1.0,0,0,0.0,0,0,0,0,0,0,0,0,5,-3.0,0022401052,Dillon Jones,dillon jones,,,2025-03-25,0,0.4316546762589928,0.0,0.0,0.0,0.0,8.0,7.0,9.0,9.0,5.0,5.0,9.0,9.0,1.0,0,0.0,0,0.0016,-3.8,-2373.516552154903,-3.7939199999999995,0.0,7.0,8.0,0.014773139
0022401052,1610612760,Oklahoma City,Thunder,OKC,thunder,1627936,Alex,Caruso,A. Caruso,alex-caruso,,,,23:20,23.333333333333332,5,8,0.625,2,3,0.667,3,3,1.0,1,4,5,6,0,2,1,2,15,23.0,0022401052,Alex Caruso,alex caruso,,,2025-03-25,2,0.6428571428571429,0.04285714285714286,0.2142857142857143,0.2571428571428572,0.1285714285714286,3.0,1.0,5.0,1.0,5.0,1.0,1.0,7.0,2.0,0,0.0,0,0.0017499999999999998,41.8,23872.073101085098,41.72685,0.08571428571428572,2.0,2.0,0.90870774
0022401052,1610612760,Oklahoma City,Thunder,OKC,thunder,1631119,Jaylin,Williams,J. Williams,jaylin-williams,,,,20:37,20.616666666666667,3,6,0.5,2,4,0.5,1,2,0.5,0,8,8,2,1,1,2,3,9,10.0,0022401052,Jaylin Williams,jaylin williams,,,2025-03-25,2,0.43654001616814875,0.0,0.3880355699272433,0.09700889248181083,0.09700889248181083,7.0,7.0,3.0,6.0,3.0,3.0,5.0,8.0,2.0,0,0.0,0,0.00188,25.3,13450.29239766082,25.252436,0.09700889248181083,2.0,4.0,0.17273289
0022401052,1610612760,Oklahoma City,Thunder,OKC,thunder,1641745,Adam,Flagler,A. Flagler,adam-flagler,,,,1:53,1.8833333333333333,0,1,0.0,0,0,0.0,0,0,0.0,0,0,0,0,0,0,0,0,0,-9.0,0022401052,Adam Flagler,adam flagler,,,2025-03-25,0,0.0,0.0,0.0,0.0,0.0,10.0,7.0,9.0,9.0,5.0,5.0,10.0,10.0,,1,,1,0.0025,-170.0,-67972.81087564974,-169.57500000000002,0.0,7.0,8.0,0.0019303869
0022401052,1610612760,Oklahoma City,Thunder,OKC,thunder,1642382,Branden,Carlson,B. Carlson,branden-carlson,,,,1:53,1.8833333333333333,0,0,0.0,0,0,0.0,0,0,0.0,0,0,0,0,0,0,0,0,0,-9.0,0022401052,Branden Carlson,branden carlson,,,2025-03-25,0,0.0,0.0,0.0,0.0,0.0,10.0,7.0,9.0,9.0,5.0,5.0,10.0,10.0,0.0,0,0.0,0,0.0,-170.0,-170000000.0,-170.0,0.0,7.0,8.0,0.0025182145
0022401064,1610612760,Oklahoma City,Thunder,OKC,thunder,1631114,Jalen,Williams,J. Williams,jalen-williams,F,,,29:13,29.216666666666665,6,12,0.5,1,1,1.0,7,8,0.875,0,5,5,4,0,0,4,3,20,0.0,0022401064,Jalen Williams,jalen williams,,,2025-03-27,0,0.6845407872219054,0.0,0.17113519680547634,0.13690815744438106,0.0,2.0,6.0,3.0,3.0,5.0,4.0,11.0,3.0,1.0,0,0.0,0,0.0027800000000000004,1.6,575.3326141675656,1.595552,0.0,7.0,9.0,0.7515144
0022401064,1610612760,Oklahoma City,Thunder,OKC,thunder,1631096,Chet,Holmgren,C. Holmgren,chet-holmgren,F,,,24:53,24.883333333333333,2,9,0.222,0,4,0.0,0,0,0.0,0,9,9,2,0,0,4,3,4,4.0,0022401064,Chet Holmgren,chet holmgren,,,2025-03-27,0,0.1607501674480911,0.0,0.36168787675820496,0.08037508372404555,0.0,9.0,6.0,2.0,5.0,5.0,4.0,7.0,6.0,0.0,0,0.0,0,0.0021,10.4,4950.023798191338,10.378160000000001,0.0,7.0,9.0,0.02242437
0022401064,1610612760,Oklahoma City,Thunder,OKC,thunder,1628392,Isaiah,Hartenstein,I. Hartenstein,isaiah-hartenstein,C,,,29:28,29.466666666666665,5,9,0.556,0,1,0.0,8,8,1.0,3,8,11,4,2,2,2,4,18,16.0,0022401064,Isaiah Hartenstein,isaiah hartenstein,,,2025-03-27,4,0.6108597285067874,0.10180995475113122,0.3733031674208145,0.13574660633484165,0.23755656108597287,3.0,1.0,1.0,3.0,3.0,1.0,3.0,2.0,3.0,0,0.0,0,0.00197,19.0,9639.776763064434,18.96257,0.13574660633484165,1.0,2.0,0.80006576
0022401064,1610612760,Oklahoma City,Thunder,OKC,thunder,1629652,Luguentz,Dort,L. Dort,luguentz-dort,G,,,29:07,29.116666666666667,3,8,0.375,3,7,0.429,0,0,0.0,1,0,1,5,3,0,0,2,9,27.0,0022401064,Luguentz Dort,luguentz dort,,,2025-03-27,3,0.30910131654264456,0.0343445907269605,0.0343445907269605,0.17172295363480253,0.137378362907842,5.0,2.0,10.0,2.0,1.0,4.0,1.0,4.0,3.0,0,0.0,0,0.00116,45.8,39448.75107665805,45.746871999999996,0.10303377218088151,2.0,4.0,0.41635677
0022401064,1610612760,Oklahoma City,Thunder,OKC,thunder,1628983,Shai,Gilgeous-Alexander,S. Gilgeous-Alexander,shai-gilgeous-alexander,G,,,33:35,33.583333333333336,15,25,0.6,0,2,0.0,7,9,0.778,0,3,3,6,3,0,0,0,37,26.0,0022401064,Shai Gilgeous-Alexander,shai gilgeous-alexander,,,2025-03-27,3,1.1017369727047146,0.0,0.08933002481389578,0.17866004962779156,0.08933002481389578,1.0,6.0,5.0,1.0,1.0,4.0,2.0,1.0,6.0,0,0.0,0,0.0034899999999999996,32.4,9281.008307075337,32.286924,0.08933002481389578,2.0,5.0,0.64640236
0022401064,1610612760,Oklahoma City,Thunder,OKC,thunder,1629026,Kenrich,Williams,K. Williams,kenrich-williams,,,,20:08,20.133333333333333,3,5,0.6,1,2,0.5,1,1,1.0,0,2,2,1,0,1,0,4,8,-2.0,0022401064,Kenrich Williams,kenrich williams,,,2025-03-27,1,0.3973509933774835,0.0,0.09933774834437087,0.049668874172185434,0.049668874172185434,6.0,6.0,9.0,8.0,5.0,2.0,13.0,8.0,0.0,0,0.0,0,0.00104,-7.4,-7108.549471661865,-7.392304,0.049668874172185434,4.0,6.0,0.08356324
0022401064,1610612760,Oklahoma City,Thunder,OKC,thunder,1631119,Jaylin,Williams,J. Williams,jaylin-williams,,,,7:42,7.7,1,2,0.5,1,1,1.0,0,0,0.0,0,3,3,0,0,0,0,0,3,6.0,0022401064,Jaylin Williams,jaylin williams,,,2025-03-27,0,0.38961038961038963,0.0,0.38961038961038963,0.0,0.0,10.0,6.0,5.0,11.0,5.0,4.0,6.0,10.0,0.0,0,0.0,0,0.00105,29.4,27973.358705994295,29.36913,0.0,7.0,9.0,0.012373444
0022401064,1610612760,Oklahoma City,Thunder,OKC,thunder,1630198,Isaiah,Joe,I. Joe,isaiah-joe,,,,21:28,21.466666666666665,2,6,0.333,2,4,0.5,1,2,0.5,1,3,4,2,0,0,0,0,7,15.0,0022401064,Isaiah Joe,isaiah joe,,,2025-03-27,0,0.32608695652173914,0.04658385093167702,0.1863354037267081,0.09316770186335405,0.04658385093167702,7.0,2.0,4.0,5.0,5.0,4.0,4.0,7.0,1.0,0,0.0,0,0.00127,27.7,21793.86309992132,27.664821,0.0,7.0,7.0,0.08376794
0022401064,1610612760,Oklahoma City,Thunder,OKC,thunder,1641717,Cason,Wallace,C. Wallace,cason-wallace,,,,27:37,27.616666666666667,4,6,0.667,2,2,1.0,0,0,0.0,0,3,3,2,1,0,2,0,10,10.0,0022401064,Cason Wallace,cason wallace,,,2025-03-27,1,0.3621001810500905,0.0,0.10863005431502716,0.07242003621001811,0.036210018105009054,4.0,6.0,5.0,5.0,4.0,4.0,5.0,5.0,3.0,0,0.0,0,0.00114,14.6,12795.793163891325,14.583355999999998,0.036210018105009054,4.0,8.0,0.41890794
0022401064,1610612760,Oklahoma City,Thunder,OKC,thunder,1627936,Alex,Caruso,A. Caruso,alex-caruso,,,,10:11,10.183333333333334,2,5,0.4,2,5,0.4,0,0,0.0,1,2,3,1,0,1,0,1,6,0.0,0022401064,Alex Caruso,alex caruso,,,2025-03-27,1,0.5891980360065466,0.09819967266775777,0.2945990180032733,0.09819967266775777,0.19639934533551553,8.0,2.0,5.0,8.0,5.0,2.0,11.0,9.0,1.0,0,0.0,0,0.002,4.3,2148.925537231384,4.291399999999999,0.09819967266775777,4.0,3.0,0.11926714
0022401064,1610612760,Oklahoma City,Thunder,OKC,thunder,1641745,Adam,Flagler,A. Flagler,adam-flagler,,,,2:13,2.216666666666667,0,1,0.0,0,0,0.0,0,0,0.0,1,0,1,0,0,0,0,0,0,1.0,0022401064,Adam Flagler,adam flagler,,,2025-03-27,0,0.0,0.45112781954887216,0.45112781954887216,0.0,0.45112781954887216,12.0,2.0,10.0,11.0,5.0,4.0,8.0,11.0,,1,,1,0.0025,50.0,19992.00319872051,49.875,0.0,7.0,1.0,0.0055359127
0022401064,1610612760,Oklahoma City,Thunder,OKC,thunder,1642382,Branden,Carlson,B. Carlson,branden-carlson,,,,2:13,2.216666666666667,1,2,0.5,1,2,0.5,0,0,0.0,0,0,0,0,0,0,0,0,3,1.0,0022401064,Branden Carlson,branden carlson,,,2025-03-27,0,1.3533834586466165,0.0,0.0,0.0,0.0,10.0,6.0,12.0,11.0,5.0,4.0,8.0,11.0,,1,,1,0.005,50.0,9998.000399920016,49.75,0.0,7.0,9.0,0.018588038
0022401064,1610612760,Oklahoma City,Thunder,OKC,thunder,1641794,Dillon,Jones,D. Jones,dillon-jones,,,,2:13,2.216666666666667,0,0,0.0,0,0,0.0,0,0,0.0,0,0,0,1,0,0,0,0,0,1.0,0022401064,Dillon Jones,dillon jones,,,2025-03-27,0,0.0,0.0,0.0,0.45112781954887216,0.0,12.0,6.0,12.0,8.0,5.0,4.0,8.0,11.0,0.0,0,0.0,0,0.0,50.0,50000000.0,50.0,0.0,7.0,9.0,0.0036720084
0022401079,1610612760,Oklahoma City,Thunder,OKC,thunder,1629652,Luguentz,Dort,L. Dort,luguentz-dort,F,,,33:04,33.06666666666667,8,11,0.727,6,7,0.857,0,0,0.0,0,5,5,0,2,1,1,0,22,17.0,0022401079,Luguentz Dort,luguentz dort,,,2025-03-29,3,0.6653225806451613,0.0,0.15120967741935482,0.0,0.09072580645161289,2.0,7.0,3.0,8.0,1.0,2.0,3.0,1.0,3.0,0,0.0,0,0.0015,26.7,17788.141239173885,26.659950000000002,0.09072580645161289,1.0,6.0,0.847039
0022401079,1610612760,Oklahoma City,Thunder,OKC,thunder,1631114,Jalen,Williams,J. Williams,jalen-williams,F,,,29:14,29.233333333333334,7,14,0.5,0,2,0.0,4,5,0.8,0,2,2,6,0,0,2,2,18,10.0,0022401079,Jalen Williams,jalen williams,,,2025-03-29,0,0.6157354618015963,0.0,0.06841505131128849,0.20524515393386544,0.0,4.0,7.0,9.0,2.0,7.0,4.0,5.0,4.0,5.0,0,0.0,0,0.00254,15.2,5981.896890987799,15.161392,0.0,7.0,10.0,0.66019726
0022401079,1610612760,Oklahoma City,Thunder,OKC,thunder,1628392,Isaiah,Hartenstein,I. Hartenstein,isaiah-hartenstein,C,,,14:20,14.333333333333334,2,5,0.4,0,1,0.0,0,0,0.0,0,5,5,1,0,0,1,3,4,1.0,0022401079,Isaiah Hartenstein,isaiah hartenstein,,,2025-03-29,0,0.27906976744186046,0.0,0.3488372093023256,0.06976744186046512,0.0,8.0,7.0,3.0,6.0,7.0,4.0,9.0,8.0,1.0,0,0.0,0,0.00194,3.4,1751.6743946419372,3.393404,0.0,7.0,10.0,0.02174943
0022401079,1610612760,Oklahoma City,Thunder,OKC,thunder,1641717,Cason,Wallace,C. Wallace,cason-wallace,G,,,30:18,30.3,5,10,0.5,2,4,0.5,2,2,1.0,1,1,2,3,2,1,1,0,14,7.0,0022401079,Cason Wallace,cason wallace,,,2025-03-29,3,0.46204620462046203,0.033003300330033,0.066006600660066,0.099009900990099,0.132013201320132,5.0,2.0,9.0,4.0,1.0,2.0,7.0,3.0,1.0,0,0.0,0,0.00169,12.4,7332.939089296275,12.379044,0.099009900990099,1.0,4.0,0.58701044
0022401079,1610612760,Oklahoma City,Thunder,OKC,thunder,1628983,Shai,Gilgeous-Alexander,S. Gilgeous-Alexander,shai-gilgeous-alexander,G,,,31:12,31.2,10,23,0.435,3,6,0.5,10,12,0.833,3,4,7,8,1,0,0,2,33,17.0,0022401079,Shai Gilgeous-Alexander,shai gilgeous-alexander,,,2025-03-29,1,1.0576923076923077,0.09615384615384616,0.22435897435897437,0.25641025641025644,0.12820512820512822,1.0,1.0,2.0,1.0,4.0,4.0,3.0,2.0,4.0,0,0.0,0,0.00373,27.0,7236.665773251139,26.89929,0.032051282051282055,5.0,5.0,0.84725094
0022401079,1610612760,Oklahoma City,Thunder,OKC,thunder,1629026,Kenrich,Williams,K. Williams,kenrich-williams,,,,26:32,26.533333333333335,4,8,0.5,1,2,0.5,1,2,0.5,0,8,8,5,1,0,0,3,10,23.0,0022401079,Kenrich Williams,kenrich williams,,,2025-03-29,1,0.37688442211055273,0.0,0.3015075376884422,0.18844221105527637,0.03768844221105527,6.0,7.0,1.0,3.0,4.0,4.0,1.0,6.0,2.0,0,0.0,0,0.00136,39.8,29243.203526818514,39.745872,0.03768844221105527,5.0,8.0,0.6669626
0022401079,1610612760,Oklahoma City,Thunder,OKC,thunder,1630198,Isaiah,Joe,I. Joe,isaiah-joe,,,,26:48,26.8,7,9,0.778,5,7,0.714,0,0,0.0,1,4,5,0,0,0,1,0,19,10.0,0022401079,Isaiah Joe,isaiah joe,,,2025-03-29,0,0.708955223880597,0.03731343283582089,0.18656716417910446,0.0,0.03731343283582089,3.0,2.0,3.0,8.0,7.0,4.0,5.0,5.0,3.0,0,0.0,0,0.0015199999999999999,18.7,12294.543063773834,18.671575999999998,0.0,7.0,9.0,0.8505102
0022401079,1610612760,Oklahoma City,Thunder,OKC,thunder,1627936,Alex,Caruso,A. Caruso,alex-caruso,,,,18:31,18.516666666666666,3,5,0.6,0,2,0.0,0,0,0.0,1,4,5,2,0,0,2,4,6,22.0,0022401079,Alex Caruso,alex caruso,,,2025-03-29,0,0.32403240324032406,0.05400540054005401,0.27002700270027,0.10801080108010802,0.05400540054005401,7.0,2.0,3.0,5.0,7.0,4.0,2.0,7.0,2.0,0,0.0,0,0.00146,45.1,30869.267624914446,45.034154,0.0,7.0,7.0,0.3075404
0022401079,1610612760,Oklahoma City,Thunder,OKC,thunder,1642382,Branden,Carlson,B. Carlson,branden-carlson,,,,12:36,12.6,1,5,0.2,0,3,0.0,2,2,1.0,1,2,3,0,1,2,0,1,4,2.0,0022401079,Branden Carlson,branden carlson,,,2025-03-29,3,0.31746031746031744,0.07936507936507936,0.2380952380952381,0.0,0.31746031746031744,8.0,2.0,7.0,8.0,4.0,1.0,8.0,10.0,1.0,0,0.0,0,0.002,7.7,3848.07596201899,7.6846000000000005,0.2380952380952381,1.0,1.0,0.0314827
0022401079,1610612760,Oklahoma City,Thunder,OKC,thunder,1641794,Dillon,Jones,D. Jones,dillon-jones,,,,12:54,12.9,1,3,0.333,0,1,0.0,0,0,0.0,0,3,3,1,2,0,1,2,2,0.0,0022401079,Dillon Jones,dillon jones,,,2025-03-29,2,0.15503875968992248,0.0,0.23255813953488372,0.07751937984496124,0.15503875968992248,10.0,7.0,7.0,6.0,1.0,4.0,10.0,9.0,3.0,0,0.0,0,0.0013800000000000002,4.3,3113.6857349746556,4.294066,0.15503875968992248,4.0,3.0,0.01624566
0022401079,1610612760,Oklahoma City,Thunder,OKC,thunder,1641745,Adam,Flagler,A. Flagler,adam-flagler,,,,4:31,4.516666666666667,0,1,0.0,0,1,0.0,0,0,0.0,1,1,2,0,0,0,0,0,0,-4.0,0022401079,Adam Flagler,adam flagler,,,2025-03-29,0,0.0,0.22140221402214022,0.44280442804428044,0.0,0.22140221402214022,11.0,2.0,9.0,8.0,7.0,4.0,11.0,11.0,0.0,0,0.0,0,0.001,-35.6,-35564.43556443557,-35.5644,0.0,7.0,2.0,0.004382715
0022401094,1610612760,Oklahoma City,Thunder,OKC,thunder,1631114,Jalen,Williams,J. Williams,jalen-williams,F,,,24:46,24.766666666666666,9,15,0.6,4,7,0.571,1,3,0.333,1,3,4,3,2,0,3,0,23,14.0,0022401094,Jalen Williams,jalen williams,,,2025-03-31,2,0.9286675639300135,0.04037685060565276,0.16150740242261105,0.12113055181695828,0.12113055181695828,3.0,3.0,5.0,3.0,2.0,5.0,5.0,6.0,6.0,0,0.0,0,0.00317,26.7,8420.056764427625,26.615361,0.08075370121130553,2.0,6.0,0.7666093
0022401094,1610612760,Oklahoma City,Thunder,OKC,thunder,1631096,Chet,Holmgren,C. Holmgren,chet-holmgren,F,,,25:31,25.516666666666666,2,7,0.286,1,2,0.5,0,0,0.0,0,6,6,3,0,0,3,2,5,20.0,0022401094,Chet Holmgren,chet holmgren,,,2025-03-31,0,0.1959503592423253,0.0,0.23514043109079033,0.11757021554539517,0.0,9.0,8.0,2.0,3.0,8.0,5.0,4.0,4.0,1.0,0,0.0,0,0.00161,36.2,22470.515207945376,36.141718000000004,0.0,10.0,11.0,0.032508124
0022401094,1610612760,Oklahoma City,Thunder,OKC,thunder,1628392,Isaiah,Hartenstein,I. Hartenstein,isaiah-hartenstein,C,,,24:50,24.833333333333332,7,9,0.778,0,0,0.0,0,0,0.0,1,6,7,2,1,0,0,2,14,21.0,0022401094,Isaiah Hartenstein,isaiah hartenstein,,,2025-03-31,1,0.563758389261745,0.04026845637583893,0.2818791946308725,0.08053691275167786,0.08053691275167786,4.0,3.0,1.0,6.0,4.0,5.0,3.0,5.0,3.0,0,0.0,0,0.00145,36.8,25361.819434872505,36.74664,0.04026845637583893,7.0,7.0,0.7743274
0022401094,1610612760,Oklahoma City,Thunder,OKC,thunder,1629652,Luguentz,Dort,L. Dort,luguentz-dort,G,,,25:52,25.866666666666667,4,7,0.571,3,5,0.6,0,0,0.0,0,3,3,0,1,0,0,3,11,25.0,0022401094,Luguentz Dort,luguentz dort,,,2025-03-31,1,0.4252577319587629,0.0,0.11597938144329897,0.0,0.03865979381443299,5.0,8.0,7.0,12.0,4.0,5.0,2.0,3.0,0.0,0,0.0,0,0.00108,42.5,39315.4486586494,42.454100000000004,0.03865979381443299,7.0,10.0,0.62313235
0022401094,1610612760,Oklahoma City,Thunder,OKC,thunder,1628983,Shai,Gilgeous-Alexander,S. Gilgeous-Alexander,shai-gilgeous-alexander,G,,,27:16,27.266666666666666,9,14,0.643,2,2,1.0,7,7,1.0,0,0,0,12,0,2,2,0,27,29.0,0022401094,Shai Gilgeous-Alexander,shai gilgeous-alexander,,,2025-03-31,2,0.9902200488997556,0.0,0.0,0.4400977995110025,0.07334963325183375,2.0,8.0,12.0,1.0,8.0,1.0,1.0,1.0,1.0,0,0.0,0,0.00271,43.2,15935.079306528954,43.082928,0.07334963325183375,2.0,8.0,0.7760689
0022401094,1610612760,Oklahoma City,Thunder,OKC,thunder,1631119,Jaylin,Williams,J. Williams,jaylin-williams,,,,10:27,10.45,0,3,0.0,0,2,0.0,0,0,0.0,2,0,2,2,1,1,1,3,0,5.0,0022401094,Jaylin Williams,jaylin williams,,,2025-03-31,2,0.0,0.19138755980861244,0.19138755980861244,0.19138755980861244,0.3827751196172249,12.0,1.0,9.0,6.0,4.0,3.0,8.0,10.0,1.0,0,0.0,0,0.00133,19.2,14425.244177310293,19.174463999999997,0.19138755980861244,2.0,1.0,0.011962592
0022401094,1610612760,Oklahoma City,Thunder,OKC,thunder,1630198,Isaiah,Joe,I. Joe,isaiah-joe,,,,24:07,24.116666666666667,10,17,0.588,8,14,0.571,3,3,1.0,0,2,2,1,1,0,1,0,31,14.0,0022401094,Isaiah Joe,isaiah joe,,,2025-03-31,1,1.2854181064270904,0.0,0.082930200414651,0.0414651002073255,0.0414651002073255,1.0,8.0,9.0,10.0,4.0,5.0,5.0,7.0,1.0,0,0.0,0,0.0027900000000000004,21.5,7703.332139018272,21.440015000000002,0.0414651002073255,7.0,9.0,0.9113196
0022401094,1610612760,Oklahoma City,Thunder,OKC,thunder,1629026,Kenrich,Williams,K. Williams,kenrich-williams,,,,18:18,18.3,4,9,0.444,2,3,0.667,0,0,0.0,0,6,6,2,0,0,2,3,10,0.0,0022401094,Kenrich Williams,kenrich williams,,,2025-03-31,0,0.5464480874316939,0.0,0.32786885245901637,0.1092896174863388,0.0,6.0,8.0,2.0,6.0,8.0,5.0,10.0,8.0,,1,,1,0.00208,-2.5,-1201.3455069678039,-2.4948,0.0,10.0,11.0,0.40664625
0022401094,1610612760,Oklahoma City,Thunder,OKC,thunder,1641717,Cason,Wallace,C. Wallace,cason-wallace,,,,27:07,27.116666666666667,3,6,0.5,2,4,0.5,2,2,1.0,1,2,3,8,3,1,0,0,10,13.0,0022401094,Cason Wallace,cason wallace,,,2025-03-31,4,0.36877688998156116,0.03687768899815611,0.11063306699446834,0.2950215119852489,0.18438844499078058,6.0,3.0,7.0,2.0,1.0,3.0,7.0,2.0,4.0,0,0.0,0,0.001,20.6,20579.42057942058,20.5794,0.14751075599262445,1.0,4.0,0.16317129
0022401094,1610612760,Oklahoma City,Thunder,OKC,thunder,1627936,Alex,Caruso,A. Caruso,alex-caruso,,,,15:10,15.166666666666666,2,5,0.4,1,2,0.5,2,2,1.0,2,3,5,3,2,0,1,0,7,5.0,0022401094,Alex Caruso,alex caruso,,,2025-03-31,2,0.46153846153846156,0.13186813186813187,0.32967032967032966,0.19780219780219782,0.26373626373626374,8.0,1.0,4.0,3.0,2.0,5.0,8.0,9.0,2.0,0,0.0,0,0.0016300000000000002,13.9,8522.378908645003,13.877343,0.13186813186813187,2.0,3.0,0.13096784
0022401094,1610612760,Oklahoma City,Thunder,OKC,thunder,1642382,Branden,Carlson,B. Carlson,branden-carlson,,,,8:44,8.733333333333333,0,3,0.0,0,2,0.0,2,4,0.5,1,1,2,1,0,2,0,2,2,-5.0,0022401094,Branden Carlson,branden carlson,,,2025-03-31,2,0.22900763358778628,0.11450381679389314,0.22900763358778628,0.11450381679389314,0.3435114503816794,11.0,3.0,9.0,10.0,8.0,1.0,12.0,11.0,0.0,0,0.0,0,0.002,-22.7,-11344.327836081957,-22.6546,0.22900763358778628,2.0,2.0,0.013555861
0022401094,1610612760,Oklahoma City,Thunder,OKC,thunder,1641794,Dillon,Jones,D. Jones,dillon-jones,,,,7:52,7.866666666666667,2,3,0.667,0,0,0.0,1,2,0.5,1,3,4,2,0,0,1,1,5,-1.0,0022401094,Dillon Jones,dillon jones,,,2025-03-31,0,0.635593220338983,0.1271186440677966,0.5084745762711864,0.2542372881355932,0.1271186440677966,9.0,3.0,5.0,6.0,8.0,5.0,11.0,12.0,0.0,0,0.0,0,0.00227,-5.0,-2201.6732716864817,-4.98865,0.0,10.0,5.0,0.0726551
0022401108,1610612760,Oklahoma City,Thunder,OKC,thunder,1629652,Luguentz,Dort,L. Dort,luguentz-dort,F,,,33:22,33.36666666666667,5,11,0.455,4,9,0.444,0,0,0.0,1,6,7,1,1,0,2,2,14,18.0,0022401108,Luguentz Dort,luguentz dort,,,2025-04-02,1,0.4195804195804196,0.02997002997002997,0.2097902097902098,0.02997002997002997,0.05994005994005994,4.0,5.0,3.0,7.0,5.0,5.0,2.0,2.0,2.0,0,0.0,0,0.00151,25.0,16545.334215751158,24.96225,0.02997002997002997,5.0,7.0,0.7473997
0022401108,1610612760,Oklahoma City,Thunder,OKC,thunder,1631114,Jalen,Williams,J. Williams,jalen-williams,F,,,32:45,32.75,9,17,0.529,2,6,0.333,3,6,0.5,0,5,5,3,0,1,2,2,23,8.0,0022401108,Jalen Williams,jalen williams,,,2025-04-02,1,0.7022900763358778,0.0,0.15267175572519084,0.0916030534351145,0.030534351145038167,2.0,7.0,5.0,4.0,7.0,4.0,5.0,4.0,0.0,0,0.0,0,0.00253,12.8,5057.289608850257,12.767616,0.030534351145038167,5.0,8.0,0.75530916
0022401108,1610612760,Oklahoma City,Thunder,OKC,thunder,1631096,Chet,Holmgren,C. Holmgren,chet-holmgren,C,,,32:54,32.9,7,14,0.5,0,5,0.0,8,9,0.889,3,8,11,4,2,6,2,4,22,16.0,0022401108,Chet Holmgren,chet holmgren,,,2025-04-02,8,0.668693009118541,0.0911854103343465,0.3343465045592705,0.12158054711246201,0.3343465045592705,3.0,2.0,1.0,2.0,3.0,1.0,3.0,3.0,0.0,0,0.0,0,0.0023,22.2,9647.979139504563,22.14894,0.24316109422492402,1.0,1.0,0.89122605
0022401108,1610612760,Oklahoma City,Thunder,OKC,thunder,1641717,Cason,Wallace,C. Wallace,cason-wallace,G,,,31:55,31.916666666666668,6,10,0.6,1,3,0.333,0,0,0.0,4,1,5,4,3,0,1,3,13,11.0,0022401108,Cason Wallace,cason wallace,,,2025-04-02,3,0.4073107049608355,0.12532637075718014,0.1566579634464752,0.12532637075718014,0.21932114882506526,5.0,1.0,5.0,2.0,1.0,5.0,4.0,5.0,5.0,0,0.0,0,0.00131,15.9,12128.146453089246,15.879171,0.09399477806788512,4.0,2.0,0.7192909
0022401108,1610612760,Oklahoma City,Thunder,OKC,thunder,1628983,Shai,Gilgeous-Alexander,S. Gilgeous-Alexander,shai-gilgeous-alexander,G,,,35:23,35.38333333333333,10,26,0.385,2,7,0.286,11,12,0.917,2,4,6,3,3,2,1,1,33,30.0,0022401108,Shai Gilgeous-Alexander,shai gilgeous-alexander,,,2025-04-02,5,0.9326424870466321,0.05652378709373528,0.16957136128120584,0.08478568064060292,0.19783325482807348,1.0,3.0,4.0,4.0,1.0,2.0,1.0,1.0,5.0,0,0.0,0,0.0035499999999999998,37.3,10504.0833568009,37.167584999999995,0.1413094677343382,2.0,4.0,0.5937715
0022401108,1610612760,Oklahoma City,Thunder,OKC,thunder,1629026,Kenrich,Williams,K. Williams,kenrich-williams,,,,17:30,17.5,2,6,0.333,0,2,0.0,0,0,0.0,2,2,4,1,0,0,0,1,4,0.0,0022401108,Kenrich Williams,kenrich williams,,,2025-04-02,0,0.22857142857142856,0.11428571428571428,0.22857142857142856,0.05714285714285714,0.11428571428571428,8.0,3.0,7.0,7.0,7.0,5.0,8.0,8.0,1.0,0,0.0,0,0.0013,0.0,0.0,0.0,0.0,8.0,5.0,0.035079837
0022401108,1610612760,Oklahoma City,Thunder,OKC,thunder,1641794,Dillon,Jones,D. Jones,dillon-jones,,,,10:24,10.4,0,1,0.0,0,0,0.0,0,0,0.0,0,0,0,2,1,0,0,1,0,3.0,0022401108,Dillon Jones,dillon jones,,,2025-04-02,1,0.0,0.0,0.0,0.1923076923076923,0.09615384615384615,9.0,7.0,8.0,6.0,5.0,5.0,6.0,9.0,1.0,0,0.0,0,0.0004,13.6,33915.21197007481,13.59456,0.09615384615384615,5.0,6.0,0.007438319
0022401108,1610612760,Oklahoma City,Thunder,OKC,thunder,1628392,Isaiah,Hartenstein,I. Hartenstein,isaiah-hartenstein,,,,23:18,23.3,2,6,0.333,0,1,0.0,1,2,0.5,1,7,8,6,2,2,1,4,5,3.0,0022401108,Isaiah Hartenstein,isaiah hartenstein,,,2025-04-02,4,0.2145922746781116,0.04291845493562232,0.34334763948497854,0.2575107296137339,0.2145922746781116,6.0,5.0,2.0,1.0,3.0,2.0,6.0,6.0,4.0,0,0.0,0,0.00148,6.1,4118.83862255233,6.090972,0.17167381974248927,3.0,3.0,0.10613625
0022401108,1610612760,Oklahoma City,Thunder,OKC,thunder,1630198,Isaiah,Joe,I. Joe,isaiah-joe,,,,21:34,21.566666666666666,1,5,0.2,1,5,0.2,2,2,1.0,0,0,0,1,0,0,1,1,5,-9.0,0022401108,Isaiah Joe,isaiah joe,,,2025-04-02,0,0.23183925811437403,0.0,0.0,0.04636785162287481,0.0,6.0,7.0,8.0,7.0,7.0,5.0,11.0,7.0,0.0,0,0.0,0,0.00135,-20.0,-14803.849000740192,-19.973,0.0,8.0,9.0,0.009908434
0022401108,1610612760,Oklahoma City,Thunder,OKC,thunder,1641745,Adam,Flagler,A. Flagler,adam-flagler,,,,0:28,0.4666666666666667,0,0,0.0,0,0,0.0,0,0,0.0,0,0,0,0,0,0,0,0,0,0.0,0022401108,Adam Flagler,adam flagler,,,2025-04-02,0,0.0,0.0,0.0,0.0,0.0,9.0,7.0,8.0,10.0,7.0,5.0,8.0,10.0,,1,,1,0.0,0.0,0.0,0.0,0.0,8.0,9.0,0.0046782955
0022401108,1610612760,Oklahoma City,Thunder,OKC,thunder,1642382,Branden,Carlson,B. Carlson,branden-carlson,,,,0:28,0.4666666666666667,0,0,0.0,0,0,0.0,0,0,0.0,0,0,0,0,0,0,0,0,0,0.0,0022401108,Branden Carlson,branden carlson,,,2025-04-02,0,0.0,0.0,0.0,0.0,0.0,9.0,7.0,8.0,10.0,7.0,5.0,8.0,10.0,,1,,1,0.0,0.0,0.0,0.0,0.0,8.0,9.0,0.0046782955
0022401123,1610612760,Oklahoma City,Thunder,OKC,thunder,1631114,Jalen,Williams,J. Williams,jalen-williams,F,,,34:08,34.13333333333333,13,21,0.619,2,3,0.667,5,6,0.833,1,2,3,4,2,1,2,0,33,-13.0,0022401123,Jalen Williams,jalen williams,,,2025-04-04,3,0.966796875,0.029296875,0.087890625,0.1171875,0.1171875,1.0,2.0,6.0,2.0,2.0,3.0,10.0,2.0,3.0,0,0.0,0,0.00338,-14.9,-4406.980183377698,-14.849637999999999,0.087890625,1.0,2.0,0.8585522
0022401123,1610612760,Oklahoma City,Thunder,OKC,thunder,1631096,Chet,Holmgren,C. Holmgren,chet-holmgren,F,,,31:18,31.3,6,10,0.6,6,8,0.75,2,2,1.0,0,4,4,1,0,2,2,4,20,3.0,0022401123,Chet Holmgren,chet holmgren,,,2025-04-04,2,0.6389776357827476,0.0,0.12779552715654952,0.03194888178913738,0.06389776357827476,3.0,6.0,2.0,6.0,5.0,1.0,1.0,3.0,0.0,0,0.0,0,0.0017100000000000001,2.6,1519.5791934541203,2.595554,0.06389776357827476,4.0,6.0,0.90949005
0022401123,1610612760,Oklahoma City,Thunder,OKC,thunder,1628392,Isaiah,Hartenstein,I. Hartenstein,isaiah-hartenstein,C,,,28:07,28.116666666666667,8,9,0.889,0,0,0.0,0,1,0.0,3,4,7,4,1,2,1,4,16,-12.0,0022401123,Isaiah Hartenstein,isaiah hartenstein,,,2025-04-04,3,0.5690574985180794,0.10669828097213989,0.24896265560165975,0.14226437462951985,0.21339656194427978,4.0,1.0,1.0,2.0,3.0,1.0,9.0,4.0,3.0,0,0.0,0,0.00145,-20.0,-13783.597518952449,-19.971,0.10669828097213989,1.0,1.0,0.7973598
0022401123,1610612760,Oklahoma City,Thunder,OKC,thunder,1629652,Luguentz,Dort,L. Dort,luguentz-dort,G,,,26:18,26.3,1,6,0.167,0,4,0.0,0,0,0.0,0,4,4,3,0,0,3,4,2,-6.0,0022401123,Luguentz Dort,luguentz dort,,,2025-04-04,0,0.07604562737642585,0.0,0.1520912547528517,0.11406844106463879,0.0,8.0,6.0,2.0,4.0,5.0,5.0,5.0,6.0,1.0,0,0.0,0,0.0015,-13.1,-8727.514990006663,-13.080350000000001,0.0,7.0,8.0,0.011780385
0022401123,1610612760,Oklahoma City,Thunder,OKC,thunder,1628983,Shai,Gilgeous-Alexander,S. Gilgeous-Alexander,shai-gilgeous-alexander,G,,,35:02,35.03333333333333,10,22,0.455,1,6,0.167,1,2,0.5,1,3,4,8,3,0,3,2,22,-6.0,0022401123,Shai Gilgeous-Alexander,shai gilgeous-alexander,,,2025-04-04,3,0.6279733587059944,0.028544243577545196,0.11417697431018078,0.22835394862036157,0.11417697431018078,2.0,2.0,2.0,1.0,1.0,5.0,5.0,1.0,7.0,0,0.0,0,0.00299,-7.7,-2574.389836175192,-7.676977,0.0856327307326356,1.0,3.0,0.70342326
0022401123,1610612760,Oklahoma City,Thunder,OKC,thunder,1629026,Kenrich,Williams,K. Williams,kenrich-williams,,,,14:28,14.466666666666667,1,3,0.333,1,3,0.333,0,0,0.0,1,0,1,0,0,0,0,2,3,-15.0,0022401123,Kenrich Williams,kenrich williams,,,2025-04-04,0,0.2073732718894009,0.06912442396313365,0.06912442396313365,0.0,0.06912442396313365,6.0,2.0,9.0,9.0,5.0,5.0,11.0,9.0,0.0,0,1.0,0,0.0008799999999999999,-43.1,-48921.6799091941,-43.062072,0.0,7.0,5.0,0.028193342
0022401123,1610612760,Oklahoma City,Thunder,OKC,thunder,1641717,Cason,Wallace,C. Wallace,cason-wallace,,,,26:51,26.85,1,7,0.143,0,3,0.0,0,0,0.0,0,2,2,2,1,0,1,0,2,-6.0,0022401123,Cason Wallace,cason wallace,,,2025-04-04,1,0.07448789571694599,0.0,0.07448789571694599,0.07448789571694599,0.037243947858472994,8.0,6.0,8.0,5.0,3.0,5.0,5.0,5.0,2.0,0,0.0,0,0.00121,-8.4,-6936.4161849711,-8.389836,0.037243947858472994,5.0,7.0,0.012376777
0022401123,1610612760,Oklahoma City,Thunder,OKC,thunder,1627936,Alex,Caruso,A. Caruso,alex-caruso,,,,19:35,19.583333333333332,0,4,0.0,0,2,0.0,2,2,1.0,1,3,4,1,0,1,1,3,2,-10.0,0022401123,Alex Caruso,alex caruso,,,2025-04-04,1,0.1021276595744681,0.05106382978723405,0.2042553191489362,0.05106382978723405,0.1021276595744681,8.0,2.0,2.0,6.0,5.0,3.0,8.0,7.0,1.0,0,0.0,0,0.0013,-21.5,-16525.74942352037,-21.47205,0.05106382978723405,5.0,4.0,0.012203033
0022401123,1610612760,Oklahoma City,Thunder,OKC,thunder,1630598,Aaron,Wiggins,A. Wiggins,aaron-wiggins,,,,19:19,19.316666666666666,2,6,0.333,2,5,0.4,2,2,1.0,0,3,3,0,0,0,1,1,8,-5.0,0022401123,Aaron Wiggins,aaron wiggins,,,2025-04-04,0,0.4141501294219154,0.0,0.15530629853321828,0.0,0.0,5.0,6.0,6.0,9.0,5.0,5.0,4.0,8.0,2.0,0,0.0,0,0.00182,-15.4,-8456.891817682592,-15.371972,0.0,7.0,8.0,0.0810635
0022401123,1610612760,Oklahoma City,Thunder,OKC,thunder,1641794,Dillon,Jones,D. Jones,dillon-jones,,,,2:27,2.45,0,0,0.0,0,0,0.0,0,0,0.0,0,0,0,1,0,0,0,0,0,0.0,0022401123,Dillon Jones,dillon jones,,,2025-04-04,0,0.0,0.0,0.0,0.4081632653061224,0.0,11.0,6.0,11.0,6.0,5.0,5.0,2.0,10.0,,1,,1,0.0,-15.0,-15000000.0,-15.0,0.0,7.0,8.0,0.004855936
0022401123,1610612760,Oklahoma City,Thunder,OKC,thunder,1642382,Branden,Carlson,B. Carlson,branden-carlson,,,,2:27,2.45,1,1,1.0,1,1,1.0,0,0,0.0,0,1,1,0,0,0,1,0,3,0.0,0022401123,Branden Carlson,branden carlson,,,2025-04-04,0,1.2244897959183672,0.0,0.4081632653061224,0.0,0.0,6.0,6.0,9.0,9.0,5.0,5.0,2.0,10.0,0.0,0,0.0,0,0.004,-15.0,-3749.0627343164206,-14.94,0.0,7.0,8.0,0.04330669
0022401135,1610612760,Oklahoma City,Thunder,OKC,thunder,1631114,Jalen,Williams,J. Williams,jalen-williams,F,,,28:29,28.483333333333334,4,14,0.286,1,4,0.25,7,8,0.875,1,5,6,3,3,0,0,1,16,-11.0,0022401135,Jalen Williams,jalen williams,,,2025-04-06,3,0.56173200702165,0.03510825043885313,0.21064950263311877,0.10532475131655938,0.1404330017554125,2.0,3.0,1.0,2.0,1.0,4.0,4.0,2.0,7.0,0,0.0,0,0.0027300000000000002,-14.3,-5236.177224459904,-14.260961,0.10532475131655938,1.0,4.0,0.7449861
0022401135,1610612760,Oklahoma City,Thunder,OKC,thunder,1631096,Chet,Holmgren,C. Holmgren,chet-holmgren,F,,,24:40,24.666666666666668,4,6,0.667,2,3,0.667,0,0,0.0,0,3,3,1,0,1,0,4,10,-5.0,0022401135,Chet Holmgren,chet holmgren,,,2025-04-06,1,0.4054054054054054,0.0,0.12162162162162161,0.040540540540540536,0.040540540540540536,3.0,6.0,5.0,5.0,7.0,1.0,2.0,6.0,0.0,0,0.0,0,0.00107,-14.8,-13818.860877684408,-14.784164,0.040540540540540536,5.0,8.0,0.5517972
0022401135,1610612760,Oklahoma City,Thunder,OKC,thunder,1628392,Isaiah,Hartenstein,I. Hartenstein,isaiah-hartenstein,C,,,24:43,24.716666666666665,4,4,1.0,0,0,0.0,0,0,0.0,2,4,6,0,1,0,1,3,8,-12.0,0022401135,Isaiah Hartenstein,isaiah hartenstein,,,2025-04-06,1,0.32366824005394473,0.08091706001348618,0.24275118004045854,0.0,0.12137559002022927,5.0,2.0,1.0,9.0,3.0,4.0,7.0,5.0,3.0,0,0.0,0,0.0009299999999999999,-18.8,-20193.340494092376,-18.782516,0.04045853000674309,5.0,5.0,0.2617293
0022401135,1610612760,Oklahoma City,Thunder,OKC,thunder,1629652,Luguentz,Dort,L. Dort,luguentz-dort,G,,,27:24,27.4,3,8,0.375,3,7,0.429,0,0,0.0,0,2,2,1,0,0,0,3,9,-16.0,0022401135,Luguentz Dort,luguentz dort,,,2025-04-06,0,0.3284671532846716,0.0,0.07299270072992702,0.03649635036496351,0.0,4.0,6.0,8.0,5.0,7.0,4.0,8.0,4.0,0.0,0,0.0,0,0.00136,-28.1,-20646.583394562822,-28.061784,0.0,8.0,10.0,0.038864333
0022401135,1610612760,Oklahoma City,Thunder,OKC,thunder,1628983,Shai,Gilgeous-Alexander,S. Gilgeous-Alexander,shai-gilgeous-alexander,G,,,30:26,30.433333333333334,12,23,0.522,2,5,0.4,0,0,0.0,0,3,3,9,1,1,1,1,26,-20.0,0022401135,Shai Gilgeous-Alexander,shai gilgeous-alexander,,,2025-04-06,2,0.8543263964950711,0.0,0.09857612267250822,0.29572836801752467,0.06571741511500548,1.0,6.0,5.0,1.0,3.0,1.0,10.0,1.0,4.0,0,0.0,0,0.00369,-31.7,-8588.458412354375,-31.583027,0.06571741511500548,2.0,6.0,0.70009094
0022401135,1610612760,Oklahoma City,Thunder,OKC,thunder,1629026,Kenrich,Williams,K. Williams,kenrich-williams,,,,12:26,12.433333333333334,2,7,0.286,1,4,0.25,0,0,0.0,0,0,0,0,2,0,0,0,5,-8.0,0022401135,Kenrich Williams,kenrich williams,,,2025-04-06,2,0.40214477211796246,0.0,0.0,0.0,0.16085790884718498,9.0,6.0,10.0,9.0,2.0,4.0,3.0,10.0,2.0,0,0.0,0,0.0025900000000000003,-34.8,-13431.107680432262,-34.709868,0.16085790884718498,2.0,3.0,0.015518706
0022401135,1610612760,Oklahoma City,Thunder,OKC,thunder,1630198,Isaiah,Joe,I. Joe,isaiah-joe,,,,19:57,19.95,2,6,0.333,2,5,0.4,0,0,0.0,0,0,0,2,0,0,0,0,6,-11.0,0022401135,Isaiah Joe,isaiah joe,,,2025-04-06,0,0.3007518796992481,0.0,0.0,0.10025062656641605,0.0,8.0,6.0,10.0,3.0,7.0,4.0,4.0,8.0,0.0,0,0.0,0,0.0014299999999999998,-37.3,-26065.688329839275,-37.246660999999996,0.0,8.0,10.0,0.020888954
0022401135,1610612760,Oklahoma City,Thunder,OKC,thunder,1641717,Cason,Wallace,C. Wallace,cason-wallace,,,,28:02,28.033333333333335,4,7,0.571,0,2,0.0,0,0,0.0,0,1,1,0,1,0,2,3,8,-23.0,0022401135,Cason Wallace,cason wallace,,,2025-04-06,1,0.2853745541022592,0.0,0.0356718192627824,0.0,0.0356718192627824,5.0,6.0,9.0,9.0,3.0,4.0,11.0,3.0,3.0,0,0.0,0,0.0014099999999999998,-46.0,-32600.992204110567,-45.93514,0.0356718192627824,5.0,9.0,0.10809267
0022401135,1610612760,Oklahoma City,Thunder,OKC,thunder,1627936,Alex,Caruso,A. Caruso,alex-caruso,,,,17:09,17.15,3,9,0.333,1,4,0.25,0,0,0.0,1,2,3,2,1,1,0,1,7,-11.0,0022401135,Alex Caruso,alex caruso,,,2025-04-06,2,0.40816326530612246,0.05830903790087464,0.17492711370262393,0.11661807580174928,0.17492711370262393,7.0,3.0,5.0,3.0,3.0,1.0,4.0,9.0,2.0,0,0.0,0,0.00243,-36.5,-15014.397367338544,-36.411305,0.11661807580174928,2.0,2.0,0.14515956
0022401135,1610612760,Oklahoma City,Thunder,OKC,thunder,1630598,Aaron,Wiggins,A. Wiggins,aaron-wiggins,,,,20:57,20.95,1,6,0.167,0,3,0.0,2,4,0.5,1,4,5,1,0,0,1,1,4,-17.0,0022401135,Aaron Wiggins,aaron wiggins,,,2025-04-06,0,0.1909307875894988,0.0477326968973747,0.23866348448687352,0.0477326968973747,0.0477326968973747,10.0,3.0,3.0,5.0,7.0,4.0,9.0,7.0,1.0,0,0.0,0,0.00184,-42.5,-23085.279739272137,-42.421800000000005,0.0,8.0,7.0,0.007870464
0022401135,1610612760,Oklahoma City,Thunder,OKC,thunder,1641794,Dillon,Jones,D. Jones,dillon-jones,,,,5:47,5.783333333333333,0,0,0.0,0,0,0.0,0,0,0.0,4,1,5,1,0,0,2,0,0,-1.0,0022401135,Dillon Jones,dillon jones,,,2025-04-06,0,0.0,0.69164265129683,0.8645533141210375,0.1729106628242075,0.69164265129683,11.0,1.0,3.0,5.0,7.0,4.0,1.0,11.0,0.0,0,0.0,0,0.00133,-20.9,-15702.479338842975,-20.872203,0.0,8.0,1.0,0.025634477
0022401153,1610612760,Oklahoma City,Thunder,OKC,thunder,1631114,Jalen,Williams,J. Williams,jalen-williams,F,,,34:46,34.766666666666666,11,21,0.524,1,4,0.25,3,3,1.0,3,1,4,4,0,0,1,3,26,18.0,0022401153,Jalen Williams,jalen williams,,,2025-04-08,0,0.74784276126558,0.0862895493767977,0.11505273250239693,0.11505273250239693,0.0862895493767977,2.0,2.0,3.0,2.0,6.0,4.0,1.0,2.0,1.0,0,0.0,0,0.00242,24.7,10202.39570425444,24.640226,0.0,7.0,6.0,0.8428174
0022401153,1610612760,Oklahoma City,Thunder,OKC,thunder,1631096,Chet,Holmgren,C. Holmgren,chet-holmgren,F,,,25:00,25.0,5,12,0.417,2,3,0.667,2,3,0.667,2,2,4,2,1,2,2,3,14,5.0,0022401153,Chet Holmgren,chet holmgren,,,2025-04-08,3,0.56,0.08,0.16,0.08,0.2,4.0,3.0,3.0,5.0,4.0,1.0,8.0,6.0,1.0,0,0.0,0,0.0025,9.4,3758.4966013594562,9.3765,0.12,1.0,3.0,0.615602
0022401153,1610612760,Oklahoma City,Thunder,OKC,thunder,1628392,Isaiah,Hartenstein,I. Hartenstein,isaiah-hartenstein,C,,,28:43,28.716666666666665,4,7,0.571,0,0,0.0,0,0,0.0,6,9,15,4,1,2,1,3,8,18.0,0022401153,Isaiah Hartenstein,isaiah hartenstein,,,2025-04-08,3,0.2785838653511318,0.20893789901334883,0.522344747533372,0.1392919326755659,0.3134068485200232,7.0,1.0,1.0,2.0,4.0,1.0,1.0,4.0,1.0,0,0.0,0,0.0011,28.1,25522.25249772934,28.069090000000003,0.10446894950667442,1.0,1.0,0.9066028
0022401153,1610612760,Oklahoma City,Thunder,OKC,thunder,1629652,Luguentz,Dort,L. Dort,luguentz-dort,G,,,30:52,30.866666666666667,6,11,0.545,5,8,0.625,0,2,0.0,1,2,3,2,2,0,0,3,17,8.0,0022401153,Luguentz Dort,luguentz dort,,,2025-04-08,2,0.550755939524838,0.03239740820734341,0.09719222462203024,0.06479481641468682,0.09719222462203024,3.0,4.0,7.0,5.0,2.0,4.0,5.0,3.0,3.0,0,1.0,0,0.00146,10.2,6981.519507186858,10.185108,0.06479481641468682,4.0,5.0,0.90613204
0022401153,1610612760,Oklahoma City,Thunder,OKC,thunder,1628983,Shai,Gilgeous-Alexander,S. Gilgeous-Alexander,shai-gilgeous-alexander,G,,,36:32,36.53333333333333,14,26,0.538,5,9,0.556,9,11,0.818,1,5,6,6,0,1,1,5,42,7.0,0022401153,Shai Gilgeous-Alexander,shai gilgeous-alexander,,,2025-04-08,1,1.1496350364963503,0.02737226277372263,0.1642335766423358,0.1642335766423358,0.05474452554744526,1.0,4.0,2.0,1.0,6.0,3.0,7.0,1.0,2.0,0,0.0,0,0.00337,9.2,2729.160486502521,9.168996,0.02737226277372263,6.0,8.0,0.8384016
0022401153,1610612760,Oklahoma City,Thunder,OKC,thunder,1629026,Kenrich,Williams,K. Williams,kenrich-williams,,,,8:36,8.6,1,2,0.5,1,1,1.0,0,0,0.0,1,0,1,0,0,0,0,1,3,-11.0,0022401153,Kenrich Williams,kenrich williams,,,2025-04-08,0,0.3488372093023256,0.11627906976744186,0.11627906976744186,0.0,0.11627906976744186,8.0,4.0,9.0,11.0,6.0,4.0,13.0,10.0,1.0,0,0.0,0,0.00091,-59.2,-64983.53457738749,-59.146128000000004,0.0,7.0,4.0,0.008401727
0022401153,1610612760,Oklahoma City,Thunder,OKC,thunder,1630198,Isaiah,Joe,I. Joe,isaiah-joe,,,,11:47,11.783333333333333,1,1,1.0,1,1,1.0,0,0,0.0,0,1,1,1,0,0,0,0,3,-1.0,0022401153,Isaiah Joe,isaiah joe,,,2025-04-08,0,0.2545968882602546,0.0,0.08486562942008487,0.08486562942008487,0.0,8.0,8.0,9.0,8.0,6.0,4.0,9.0,9.0,1.0,0,0.0,0,0.0004,-10.5,-26184.53865336658,-10.495800000000001,0.0,7.0,9.0,0.012987942
0022401153,1610612760,Oklahoma City,Thunder,OKC,thunder,1641717,Cason,Wallace,C. Wallace,cason-wallace,,,,26:35,26.583333333333332,5,8,0.625,1,2,0.5,0,1,0.0,0,2,2,1,2,0,0,2,11,15.0,0022401153,Cason Wallace,cason wallace,,,2025-04-08,2,0.41379310344827586,0.0,0.07523510971786834,0.03761755485893417,0.07523510971786834,5.0,8.0,8.0,8.0,2.0,4.0,4.0,5.0,3.0,0,0.0,0,0.00121,24.0,19818.331957060283,23.970959999999998,0.07523510971786834,4.0,7.0,0.5965176
0022401153,1610612760,Oklahoma City,Thunder,OKC,thunder,1627936,Alex,Caruso,A. Caruso,alex-caruso,,,,19:13,19.216666666666665,4,9,0.444,1,2,0.5,0,0,0.0,1,3,4,3,3,0,0,4,9,16.0,0022401153,Alex Caruso,alex caruso,,,2025-04-08,3,0.46834345186470083,0.052038161318300094,0.20815264527320038,0.15611448395490027,0.20815264527320038,6.0,4.0,3.0,4.0,1.0,4.0,3.0,7.0,3.0,0,0.0,0,0.0017599999999999998,32.3,18341.851220897217,32.243151999999995,0.15611448395490027,1.0,2.0,0.69547534
0022401153,1610612760,Oklahoma City,Thunder,OKC,thunder,1630598,Aaron,Wiggins,A. Wiggins,aaron-wiggins,,,,12:35,12.583333333333334,1,4,0.25,1,4,0.25,0,0,0.0,0,4,4,2,0,0,1,2,3,8.0,0022401153,Aaron Wiggins,aaron wiggins,,,2025-04-08,0,0.23841059602649006,0.0,0.3178807947019867,0.15894039735099336,0.0,8.0,8.0,3.0,5.0,6.0,4.0,5.0,8.0,2.0,0,0.0,0,0.00161,29.6,18373.680943513347,29.552344,0.0,7.0,9.0,0.016400164
0022401153,1610612760,Oklahoma City,Thunder,OKC,thunder,1642382,Branden,Carlson,B. Carlson,branden-carlson,,,,1:47,1.7833333333333332,0,2,0.0,0,2,0.0,0,0,0.0,0,0,0,1,0,0,0,0,0,-1.0,0022401153,Branden Carlson,branden carlson,,,2025-04-08,0,0.0,0.0,0.0,0.5607476635514019,0.0,11.0,8.0,11.0,8.0,6.0,4.0,9.0,11.0,0.0,0,0.0,0,0.004,-25.0,-6248.437890527368,-24.9,0.0,7.0,9.0,0.0028390342
0022401153,1610612760,Oklahoma City,Thunder,OKC,thunder,1641745,Adam,Flagler,A. Flagler,adam-flagler,,,,1:47,1.7833333333333332,0,1,0.0,0,1,0.0,0,0,0.0,0,0,0,0,0,0,0,0,0,-1.0,0022401153,Adam Flagler,adam flagler,,,2025-04-08,0,0.0,0.0,0.0,0.0,0.0,11.0,8.0,11.0,11.0,6.0,4.0,9.0,11.0,,1,,1,0.002,-25.0,-12493.75312343828,-24.95,0.0,7.0,9.0,0.0033070084
0022401153,1610612760,Oklahoma City,Thunder,OKC,thunder,1641794,Dillon,Jones,D. Jones,dillon-jones,,,,1:47,1.7833333333333332,0,0,0.0,0,0,0.0,0,0,0.0,0,0,0,0,0,0,0,0,0,-1.0,0022401153,Dillon Jones,dillon jones,,,2025-04-08,0,0.0,0.0,0.0,0.0,0.0,11.0,8.0,11.0,11.0,6.0,4.0,9.0,11.0,0.0,0,0.0,0,0.0,-25.0,-25000000.0,-25.0,0.0,7.0,9.0,0.004480223
0022401164,1610612760,Oklahoma City,Thunder,OKC,thunder,1627936,Alex,Caruso,A. Caruso,alex-caruso,F,,,26:48,26.8,6,8,0.75,2,4,0.5,5,6,0.833,0,5,5,3,5,0,0,3,19,23.0,0022401164,Alex Caruso,alex caruso,,,2025-04-09,5,0.708955223880597,0.0,0.18656716417910446,0.11194029850746269,0.18656716417910446,3.0,7.0,3.0,4.0,1.0,3.0,1.0,6.0,6.0,0,0.0,0,0.0017699999999999999,39.0,22021.456804065503,38.930969999999995,0.18656716417910446,1.0,1.0,0.8855962
0022401164,1610612760,Oklahoma City,Thunder,OKC,thunder,1631114,Jalen,Williams,J. Williams,jalen-williams,F,,,35:46,35.766666666666666,13,23,0.565,2,6,0.333,5,6,0.833,1,6,7,5,3,0,2,3,33,8.0,0022401164,Jalen Williams,jalen williams,,,2025-04-09,3,0.9226467847157502,0.027958993476234855,0.195712954333644,0.13979496738117428,0.11183597390493942,1.0,3.0,2.0,1.0,2.0,3.0,4.0,1.0,4.0,0,0.0,0,0.00333,12.0,3602.5217652356646,11.96004,0.08387698042870458,2.0,2.0,0.82792914
0022401164,1610612760,Oklahoma City,Thunder,OKC,thunder,1631096,Chet,Holmgren,C. Holmgren,chet-holmgren,C,,,29:51,29.85,5,12,0.417,0,2,0.0,12,13,0.923,1,9,10,4,0,0,0,1,22,16.0,0022401164,Chet Holmgren,chet holmgren,,,2025-04-09,0,0.7370184254606365,0.03350083752093802,0.3350083752093802,0.13400335008375208,0.03350083752093802,2.0,3.0,1.0,2.0,6.0,3.0,2.0,5.0,2.0,0,0.0,0,0.0025,27.3,10915.633746501398,27.23175,0.0,8.0,8.0,0.9186238
0022401164,1610612760,Oklahoma City,Thunder,OKC,thunder,1630598,Aaron,Wiggins,A. Wiggins,aaron-wiggins,G,,,33:03,33.05,8,16,0.5,1,3,0.333,0,0,0.0,2,3,5,3,1,0,3,2,17,7.0,0022401164,Aaron Wiggins,aaron wiggins,,,2025-04-09,1,0.5143721633888049,0.06051437216338881,0.15128593040847202,0.09077155824508322,0.09077155824508322,4.0,1.0,3.0,4.0,3.0,3.0,5.0,2.0,1.0,0,0.0,0,0.0023799999999999997,13.8,5795.884082318355,13.767156,0.030257186081694407,3.0,5.0,0.56284434
0022401164,1610612760,Oklahoma City,Thunder,OKC,thunder,1630198,Isaiah,Joe,I. Joe,isaiah-joe,G,,,30:02,30.033333333333335,2,8,0.25,1,6,0.167,0,0,0.0,1,4,5,3,1,0,1,2,5,10.0,0022401164,Isaiah Joe,isaiah joe,,,2025-04-09,1,0.1664816870144284,0.03329633740288568,0.1664816870144284,0.09988901220865704,0.06659267480577136,7.0,3.0,3.0,4.0,3.0,3.0,3.0,4.0,2.0,0,0.0,0,0.00127,16.9,13296.616837136113,16.878536999999998,0.03329633740288568,3.0,6.0,0.060248904
0022401164,1610612760,Oklahoma City,Thunder,OKC,thunder,1641794,Dillon,Jones,D. Jones,dillon-jones,,,,19:37,19.616666666666667,1,2,0.5,0,0,0.0,0,0,0.0,1,2,3,0,0,1,1,1,2,-3.0,0022401164,Dillon Jones,dillon jones,,,2025-04-09,1,0.10195412064570943,0.05097706032285471,0.15293118096856415,0.0,0.10195412064570943,8.0,3.0,8.0,8.0,6.0,1.0,8.0,8.0,0.0,0,0.0,0,0.00068,-4.6,-6754.772393538912,-4.596871999999999,0.05097706032285471,3.0,3.0,0.020826163
0022401164,1610612760,Oklahoma City,Thunder,OKC,thunder,1631119,Jaylin,Williams,J. Williams,jaylin-williams,,,,24:16,24.266666666666666,4,7,0.571,4,5,0.8,0,0,0.0,0,4,4,2,1,0,2,2,12,7.0,0022401164,Jaylin Williams,jaylin williams,,,2025-04-09,1,0.4945054945054945,0.0,0.16483516483516483,0.08241758241758242,0.04120879120879121,6.0,7.0,6.0,7.0,3.0,3.0,5.0,7.0,4.0,0,0.0,0,0.00161,12.0,7448.7895716945995,11.98068,0.04120879120879121,3.0,7.0,0.6439441
0022401164,1610612760,Oklahoma City,Thunder,OKC,thunder,1629026,Kenrich,Williams,K. Williams,kenrich-williams,,,,30:37,30.616666666666667,5,8,0.625,2,3,0.667,1,2,0.5,2,2,4,4,0,1,1,3,13,5.0,0022401164,Kenrich Williams,kenrich williams,,,2025-04-09,1,0.4246053347849755,0.065323897659227,0.130647795318454,0.130647795318454,0.0979858464888405,5.0,1.0,6.0,2.0,6.0,1.0,7.0,3.0,5.0,0,0.0,0,0.00147,15.8,10740.992522093815,15.776774000000001,0.0326619488296135,3.0,4.0,0.53567135
0022401164,1610612760,Oklahoma City,Thunder,OKC,thunder,1641745,Adam,Flagler,A. Flagler,adam-flagler,,,,8:08,8.133333333333333,1,2,0.5,0,1,0.0,0,0,0.0,0,1,1,0,0,0,0,1,2,-4.0,0022401164,Adam Flagler,adam flagler,,,2025-04-09,0,0.24590163934426232,0.0,0.12295081967213116,0.0,0.0,8.0,7.0,9.0,8.0,6.0,3.0,9.0,9.0,0.0,0,0.0,0,0.0011799999999999998,-14.3,-12108.382726502967,-14.283126000000001,0.0,8.0,9.0,0.0070043593
0022401164,1610612760,Oklahoma City,Thunder,OKC,thunder,1642382,Branden,Carlson,B. Carlson,branden-carlson,,,,1:52,1.8666666666666667,0,0,0.0,0,0,0.0,0,0,0.0,0,0,0,0,0,0,0,0,0,-4.0,0022401164,Branden Carlson,branden carlson,,,2025-04-09,0,0.0,0.0,0.0,0.0,0.0,10.0,7.0,10.0,8.0,6.0,3.0,9.0,10.0,,1,,1,0.0,-100.0,-100000000.0,-100.0,0.0,8.0,9.0,0.0027852312
0022401181,1610612760,Oklahoma City,Thunder,OKC,thunder,1641794,Dillon,Jones,D. Jones,dillon-jones,F,,,32:31,32.516666666666666,3,7,0.429,2,4,0.5,0,0,0.0,0,7,7,4,2,0,3,3,8,22.0,0022401181,Dillon Jones,dillon jones,,,2025-04-11,2,0.2460276781137878,0.0,0.21527421834956434,0.1230138390568939,0.06150691952844695,8.0,4.0,2.0,5.0,2.0,3.0,3.0,3.0,7.0,0,0.0,0,0.00128,31.2,24355.971896955503,31.160064000000002,0.06150691952844695,3.0,5.0,0.09587867
0022401181,1610612760,Oklahoma City,Thunder,OKC,thunder,1629026,Kenrich,Williams,K. Williams,kenrich-williams,F,,,29:17,29.283333333333335,8,14,0.571,1,3,0.333,1,2,0.5,2,5,7,5,3,0,1,1,18,24.0,0022401181,Kenrich Williams,kenrich williams,,,2025-04-11,3,0.6146841206602163,0.06829823562891292,0.2390438247011952,0.1707455890722823,0.1707455890722823,3.0,1.0,2.0,3.0,1.0,3.0,2.0,4.0,5.0,0,0.0,0,0.0022500000000000003,39.3,17458.907152376716,39.211574999999996,0.10244735344336937,1.0,1.0,0.84062105
0022401181,1610612760,Oklahoma City,Thunder,OKC,thunder,1631119,Jaylin,Williams,J. Williams,jaylin-williams,C,,,25:04,25.066666666666666,5,7,0.714,3,5,0.6,2,2,1.0,2,9,11,10,1,1,2,2,15,20.0,0022401181,Jaylin Williams,jaylin williams,,,2025-04-11,2,0.598404255319149,0.0797872340425532,0.43882978723404253,0.39893617021276595,0.1595744680851064,5.0,1.0,1.0,1.0,5.0,2.0,4.0,7.0,3.0,0,1.0,0,0.00169,39.5,23358.959195742165,39.433245,0.0797872340425532,3.0,2.0,0.8402711
0022401181,1610612760,Oklahoma City,Thunder,OKC,thunder,1630198,Isaiah,Joe,I. Joe,isaiah-joe,G,,,34:30,34.5,11,15,0.733,10,14,0.714,0,0,0.0,0,5,5,9,2,0,0,2,32,33.0,0022401181,Isaiah Joe,isaiah joe,,,2025-04-11,2,0.927536231884058,0.0,0.14492753623188406,0.2608695652173913,0.057971014492753624,2.0,4.0,6.0,2.0,2.0,3.0,1.0,1.0,4.0,0,0.0,0,0.00181,41.8,23081.17062396466,41.724342,0.057971014492753624,3.0,7.0,0.908439
0022401181,1610612760,Oklahoma City,Thunder,OKC,thunder,1630598,Aaron,Wiggins,A. Wiggins,aaron-wiggins,G,,,33:58,33.96666666666667,14,24,0.583,4,10,0.4,3,4,0.75,0,7,7,2,2,0,3,1,35,17.0,0022401181,Aaron Wiggins,aaron wiggins,,,2025-04-11,2,1.030421982335623,0.0,0.20608439646712462,0.05888125613346418,0.05888125613346418,1.0,4.0,2.0,7.0,2.0,3.0,6.0,2.0,4.0,0,0.0,0,0.00337,20.4,6051.616730940373,20.331252,0.05888125613346418,3.0,6.0,0.7614002
0022401181,1610612760,Oklahoma City,Thunder,OKC,thunder,1642382,Branden,Carlson,B. Carlson,branden-carlson,,,,25:11,25.183333333333334,4,10,0.4,0,5,0.0,1,1,1.0,0,2,2,1,0,3,0,1,9,17.0,0022401181,Branden Carlson,branden carlson,,,2025-04-11,3,0.357379219060225,0.0,0.07941760423560555,0.039708802117802776,0.11912640635340833,6.0,4.0,7.0,8.0,8.0,1.0,6.0,6.0,1.0,0,0.0,0,0.00167,33.7,20167.56433273489,33.643721000000006,0.11912640635340833,1.0,3.0,0.49061364
0022401181,1610612760,Oklahoma City,Thunder,OKC,thunder,1641745,Adam,Flagler,A. Flagler,adam-flagler,,,,27:21,27.35,6,13,0.462,4,9,0.444,1,2,0.5,0,6,6,4,1,0,1,1,17,19.0,0022401181,Adam Flagler,adam flagler,,,2025-04-11,1,0.6215722120658135,0.0,0.21937842778793418,0.14625228519195613,0.03656307129798903,4.0,4.0,5.0,5.0,5.0,3.0,5.0,5.0,3.0,0,0.0,0,0.00231,33.2,14366.07529208135,33.123308,0.03656307129798903,7.0,9.0,0.70397604
0022401181,1610612760,Oklahoma City,Thunder,OKC,thunder,1642505,Alex,Ducas,A. Ducas,alex-ducas,,,,14:13,14.216666666666667,1,2,0.5,0,1,0.0,0,0,0.0,1,1,2,1,0,0,0,1,2,7.0,0022401181,Alex Ducas,alex ducas,,,2025-04-11,0,0.1406799531066823,0.07033997655334115,0.1406799531066823,0.07033997655334115,0.07033997655334115,9.0,3.0,7.0,8.0,8.0,3.0,9.0,9.0,,1,,1,0.00061,26.7,43698.85433715221,26.683713,0.0,9.0,4.0,0.02253858
0022401181,1610612760,Oklahoma City,Thunder,OKC,thunder,1642349,Ajay,Mitchell,A. Mitchell,ajay-mitchell,,,,17:55,17.916666666666668,4,8,0.5,0,2,0.0,1,2,0.5,0,0,0,5,1,0,0,5,9,11.0,0022401181,Ajay Mitchell,ajay mitchell,,,2025-04-11,1,0.5023255813953488,0.0,0.0,0.27906976744186046,0.05581395348837209,6.0,4.0,9.0,3.0,5.0,3.0,8.0,8.0,2.0,0,0.0,0,0.0019500000000000001,33.2,17016.914402870323,33.13526,0.05581395348837209,7.0,8.0,0.15841874
0022401196,1610612760,Oklahoma City,Thunder,OKC,thunder,1641794,Dillon,Jones,D. Jones,dillon-jones,F,,,36:08,36.13333333333333,5,7,0.714,1,1,1.0,2,2,1.0,1,9,10,1,1,0,3,5,13,11.0,0022401196,Dillon Jones,dillon jones,,,2025-04-13,1,0.35977859778597787,0.027675276752767528,0.2767527675276753,0.027675276752767528,0.055350553505535055,5.0,6.0,2.0,5.0,4.0,3.0,3.0,4.0,5.0,0,0.0,0,0.0012,14.3,11906.7443796836,14.28284,0.027675276752767528,5.0,7.0,0.46605656
0022401196,1610612760,Oklahoma City,Thunder,OKC,thunder,1629026,Kenrich,Williams,K. Williams,kenrich-williams,F,,,37:06,37.1,8,18,0.444,0,7,0.0,1,4,0.25,2,10,12,2,3,0,3,1,17,3.0,0022401196,Kenrich Williams,kenrich williams,,,2025-04-13,3,0.4582210242587601,0.053908355795148244,0.32345013477088946,0.053908355795148244,0.1347708894878706,3.0,3.0,1.0,2.0,1.0,3.0,8.0,2.0,5.0,0,0.0,0,0.00232,3.8,1637.2253339077981,3.791184,0.08086253369272237,1.0,3.0,0.7382686
0022401196,1610612760,Oklahoma City,Thunder,OKC,thunder,1631119,Jaylin,Williams,J. Williams,jaylin-williams,C,,,2:16,2.2666666666666666,0,1,0.0,0,0,0.0,0,0,0.0,0,2,2,0,0,0,0,0,0,9.0,0022401196,Jaylin Williams,jaylin williams,,,2025-04-13,0,0.0,0.0,0.8823529411764706,0.0,0.0,9.0,8.0,7.0,8.0,5.0,3.0,4.0,9.0,0.0,0,0.0,0,0.00125,123.8,98960.83133493205,123.64525,0.0,7.0,8.0,0.016216535
0022401196,1610612760,Oklahoma City,Thunder,OKC,thunder,1630198,Isaiah,Joe,I. Joe,isaiah-joe,G,,,34:48,34.8,5,15,0.333,2,11,0.182,5,5,1.0,3,3,6,1,2,0,0,3,17,12.0,0022401196,Isaiah Joe,isaiah joe,,,2025-04-13,2,0.4885057471264368,0.08620689655172414,0.1724137931034483,0.02873563218390805,0.14367816091954025,3.0,2.0,5.0,5.0,2.0,3.0,2.0,5.0,1.0,0,0.0,0,0.0019500000000000001,19.1,9789.851358277807,19.062755000000003,0.0574712643678161,3.0,2.0,0.3991336
0022401196,1610612760,Oklahoma City,Thunder,OKC,thunder,1630598,Aaron,Wiggins,A. Wiggins,aaron-wiggins,G,,,36:30,36.5,8,18,0.444,2,6,0.333,10,10,1.0,2,5,7,7,2,0,1,4,28,21.0,0022401196,Aaron Wiggins,aaron wiggins,,,2025-04-13,2,0.7671232876712328,0.0547945205479452,0.1917808219178082,0.1917808219178082,0.1095890410958904,1.0,3.0,4.0,1.0,2.0,3.0,1.0,3.0,2.0,0,1.0,0,0.0025800000000000003,32.1,12437.039907012784,32.017182,0.0547945205479452,3.0,6.0,0.8910792
0022401196,1610612760,Oklahoma City,Thunder,OKC,thunder,1642382,Branden,Carlson,B. Carlson,branden-carlson,,,,38:33,38.55,10,19,0.526,2,8,0.25,4,4,1.0,6,4,10,2,0,3,2,3,26,8.0,0022401196,Branden Carlson,branden carlson,,,2025-04-13,3,0.6744487678339819,0.1556420233463035,0.2594033722438392,0.05188067444876784,0.23346303501945528,2.0,1.0,2.0,2.0,5.0,1.0,5.0,1.0,1.0,0,0.0,0,0.0024,11.4,4748.021657642649,11.37264,0.07782101167315175,1.0,1.0,0.84304655
0022401196,1610612760,Oklahoma City,Thunder,OKC,thunder,1641745,Adam,Flagler,A. Flagler,adam-flagler,,,,21:55,21.916666666666668,1,7,0.143,0,5,0.0,0,0,0.0,0,1,1,0,0,0,0,1,2,5.0,0022401196,Adam Flagler,adam flagler,,,2025-04-13,0,0.09125475285171102,0.0,0.04562737642585551,0.0,0.0,8.0,8.0,8.0,8.0,5.0,3.0,6.0,6.0,1.0,0,0.0,0,0.00127,8.6,6766.3257277734065,8.589077999999999,0.0,7.0,8.0,0.008642671
0022401196,1610612760,Oklahoma City,Thunder,OKC,thunder,1642505,Alex,Ducas,A. Ducas,alex-ducas,,,,14:53,14.883333333333333,1,3,0.333,1,2,0.5,2,2,1.0,2,3,5,1,0,0,0,4,5,4.0,0022401196,Alex Ducas,alex ducas,,,2025-04-13,0,0.335946248600224,0.1343784994400896,0.335946248600224,0.0671892497200448,0.1343784994400896,7.0,3.0,6.0,5.0,5.0,3.0,7.0,8.0,0.0,0,0.0,0,0.00108,13.3,12303.422756706754,13.285636,0.0,7.0,4.0,0.030112604
0022401196,1610612760,Oklahoma City,Thunder,OKC,thunder,1642349,Ajay,Mitchell,A. Mitchell,ajay-mitchell,,,,17:50,17.833333333333332,3,10,0.3,1,7,0.143,0,0,0.0,1,0,1,2,0,1,1,4,7,2.0,0022401196,Ajay Mitchell,ajay mitchell,,,2025-04-13,1,0.39252336448598135,0.05607476635514019,0.05607476635514019,0.11214953271028039,0.11214953271028039,6.0,6.0,8.0,2.0,5.0,2.0,9.0,7.0,2.0,0,0.0,0,0.00244,5.4,2212.208111429742,5.386824000000001,0.05607476635514019,5.0,5.0,0.06906158
