gameId,teamId,teamCity,teamName,teamTricode,teamSlug,personId,firstName,familyName,nameI,playerSlug,position,comment,jerseyNum,minutes,minutes_decimal,fieldGoalsMade,fieldGoalsAttempted,fieldGoalsPercentage,threePointersMade,threePointersAttempted,threePointersPercentage,freeThrowsMade,freeThrowsAttempted,freeThrowsPercentage,reboundsOffensive,reboundsDefensive,reboundsTotal,assists,steals,blocks,turnovers,foulsPersonal,points,plusMinusPoints,GAME_ID,player_name,player_name_key,y,winner_names,game_date,stocks,points_per_min,oreb_per_min,reb_per_min,ast_per_min,hustle_proxy,points_rank,reboundsOffensive_rank,reboundsTotal_rank,assists_rank,steals_rank,blocks_rank,plusMinusPoints_rank,minutes_decimal_rank,deflections,deflections_missing,charges_drawn,charges_drawn_missing,usage_rate,net_rating,impact_efficiency,role_outperformance,stocks_per_min,stocks_rank,hustle_proxy_rank,pred_prob
0022400065,1610612753,Orlando,Magic,ORL,magic,1630532,Franz,Wagner,F. Wagner,franz-wagner,F,,,23:06,23.1,10,16,0.625,3,6,0.5,0,0,0.0,1,3,4,4,2,1,0,3,23,31.0,0022400065,Franz Wagner,franz wagner,,,2024-10-23,3,0.9956709956709956,0.04329004329004329,0.17316017316017315,0.17316017316017315,0.17316017316017315,2.0,5.0,5.0,2.0,1.0,4.0,3.0,5.0,2.0,0,0.0,0,0.0028599999999999997,67.8,23698.007689619015,67.606092,0.12987012987012986,1.0,4.0,0.76440716
0022400065,1610612753,Orlando,Magic,ORL,magic,1631094,Paolo,Banchero,P. Banchero,paolo-banchero,F,,,31:12,31.2,12,24,0.5,4,8,0.5,5,6,0.833,4,7,11,3,1,1,0,2,33,42.0,0022400065,Paolo Banchero,paolo banchero,,,2024-10-23,2,1.0576923076923077,0.12820512820512822,0.3525641025641026,0.09615384615384616,0.19230769230769232,1.0,1.0,2.0,5.0,3.0,4.0,1.0,1.0,0.0,0,0.0,0,0.0034200000000000003,67.1,19614.14790996784,66.87051799999999,0.06410256410256411,4.0,3.0,0.74799824
0022400065,1610612753,Orlando,Magic,ORL,magic,1628976,Wendell,Carter Jr.,W. Carter Jr.,wendell-carter-jr,C,,,26:37,26.616666666666667,3,7,0.429,1,2,0.5,1,2,0.5,4,10,14,2,2,0,1,2,8,32.0,0022400065,Wendell Carter Jr.,wendell carter jr,,,2024-10-23,2,0.3005635566687539,0.15028177833437695,0.5259862241703194,0.07514088916718847,0.22542266750156542,6.0,1.0,1.0,6.0,1.0,6.0,2.0,3.0,1.0,0,0.0,0,0.00132,61.1,46252.83875851628,61.019348,0.07514088916718847,4.0,2.0,0.7180519
0022400065,1610612753,Orlando,Magic,ORL,magic,203484,Kentavious,Caldwell-Pope,K. Caldwell-Pope,kentavious-caldwell-pope,G,,,25:09,25.15,0,5,0.0,0,5,0.0,3,3,1.0,1,0,1,2,1,2,2,1,3,24.0,0022400065,Kentavious Caldwell-Pope,kentavious caldwell-pope,,,2024-10-23,3,0.11928429423459246,0.039761431411530816,0.039761431411530816,0.07952286282306163,0.15904572564612326,8.0,5.0,11.0,6.0,3.0,1.0,4.0,4.0,1.0,0,0.0,0,0.00123,46.2,37530.46303818034,46.143174,0.11928429423459246,1.0,5.0,0.03209667
0022400065,1610612753,Orlando,Magic,ORL,magic,1630591,Jalen,Suggs,J. Suggs,jalen-suggs,G,,,12:32,12.533333333333333,3,4,0.75,1,2,0.5,4,4,1.0,0,2,2,4,1,0,1,3,11,18.0,0022400065,Jalen Suggs,jalen suggs,,,2024-10-23,1,0.8776595744680851,0.0,0.1595744680851064,0.3191489361702128,0.0797872340425532,4.0,9.0,9.0,2.0,3.0,6.0,5.0,9.0,3.0,0,0.0,0,0.00219,72.1,32907.348242811495,71.942101,0.0797872340425532,7.0,8.0,0.32621282
0022400065,1610612753,Orlando,Magic,ORL,magic,203914,Gary,Harris,G. Harris,gary-harris,,,,21:46,21.766666666666666,6,9,0.667,6,9,0.667,0,0,0.0,1,2,3,1,0,2,1,1,18,2.0,0022400065,Gary Harris,gary harris,,,2024-10-23,2,0.8269525267993875,0.045941807044410414,0.13782542113323124,0.045941807044410414,0.13782542113323124,3.0,5.0,6.0,9.0,7.0,1.0,8.0,6.0,2.0,0,0.0,0,0.00172,4.5,2614.7588611272517,4.49226,0.09188361408882083,4.0,7.0,0.8478832
0022400065,1610612753,Orlando,Magic,ORL,magic,1641710,Anthony,Black,A. Black,anthony-black,,,,27:54,27.9,4,9,0.444,1,2,0.5,1,3,0.333,4,2,6,4,0,0,0,2,10,13.0,0022400065,Anthony Black,anthony black,,,2024-10-23,0,0.35842293906810035,0.14336917562724016,0.21505376344086022,0.14336917562724016,0.14336917562724016,5.0,1.0,3.0,2.0,7.0,6.0,6.0,2.0,1.0,0,0.0,0,0.0014099999999999998,20.9,14812.189936215453,20.870531,0.0,8.0,6.0,0.34173217
0022400065,1610612753,Orlando,Magic,ORL,magic,1630175,Cole,Anthony,C. Anthony,cole-anthony,,,,17:30,17.5,0,7,0.0,0,5,0.0,0,0,0.0,0,3,3,6,0,0,2,2,0,8.0,0022400065,Cole Anthony,cole anthony,,,2024-10-23,0,0.0,0.0,0.17142857142857143,0.34285714285714286,0.0,10.0,9.0,6.0,1.0,7.0,6.0,7.0,7.0,1.0,0,0.0,0,0.0020499999999999997,18.8,9166.260360799612,18.76146,0.0,8.0,10.0,0.008719735
0022400065,1610612753,Orlando,Magic,ORL,magic,1629021,Moritz,Wagner,M. Wagner,moritz-wagner,,,,16:02,16.033333333333335,2,4,0.5,1,3,0.333,2,2,1.0,1,5,6,2,0,0,1,2,7,0.0,0022400065,Moritz Wagner,moritz wagner,,,2024-10-23,0,0.43659043659043656,0.06237006237006237,0.3742203742203742,0.12474012474012473,0.06237006237006237,7.0,5.0,3.0,6.0,7.0,6.0,9.0,8.0,2.0,0,1.0,0,0.0015,3.6,2398.4010659560295,3.5946000000000002,0.0,8.0,9.0,0.18675387
0022400065,1610612753,Orlando,Magic,ORL,magic,1628371,Jonathan,Isaac,J. Isaac,jonathan-isaac,,,,11:27,11.45,1,4,0.25,1,2,0.5,0,2,0.0,2,1,3,0,1,2,0,1,3,-10.0,0022400065,Jonathan Isaac,jonathan isaac,,,2024-10-23,3,0.26200873362445415,0.17467248908296945,0.26200873362445415,0.0,0.4366812227074236,8.0,4.0,6.0,10.0,3.0,1.0,10.0,10.0,0.0,0,0.0,0,0.00167,-43.5,-26032.315978456016,-43.427355000000006,0.26200873362445415,1.0,1.0,0.023006067
0022400065,1610612753,Orlando,Magic,ORL,magic,1629048,Goga,Bitadze,G. Bitadze,goga-bitadze,,,,5:21,5.35,0,1,0.0,0,1,0.0,0,0,0.0,0,2,2,0,0,0,2,1,0,-13.0,0022400065,Goga Bitadze,goga bitadze,,,2024-10-23,0,0.0,0.0,0.3738317757009346,0.0,0.0,10.0,9.0,9.0,10.0,7.0,6.0,11.0,11.0,0.0,0,0.0,0,0.00231,-118.2,-51146.689744699266,-117.926958,0.0,8.0,10.0,0.0031311514
0022400065,1610612753,Orlando,Magic,ORL,magic,202709,Cory,Joseph,C. Joseph,cory-joseph,,,,5:21,5.35,0,2,0.0,0,1,0.0,0,0,0.0,0,0,0,0,0,0,0,0,0,-13.0,0022400065,Cory Joseph,cory joseph,,,2024-10-23,0,0.0,0.0,0.0,0.0,0.0,10.0,9.0,14.0,10.0,7.0,6.0,11.0,11.0,0.0,0,0.0,0,0.00154,-118.2,-76703.43932511358,-118.017972,0.0,8.0,10.0,0.0026916142
0022400065,1610612753,Orlando,Magic,ORL,magic,1641783,Tristan,da Silva,T. da Silva,tristan-da-silva,,,,5:21,5.35,0,1,0.0,0,1,0.0,0,0,0.0,0,0,0,0,0,0,1,0,0,-13.0,0022400065,Tristan da Silva,tristan da silva,,,2024-10-23,0,0.0,0.0,0.0,0.0,0.0,10.0,9.0,14.0,10.0,7.0,6.0,11.0,11.0,0.0,0,0.0,0,0.00154,-118.2,-76703.43932511358,-118.017972,0.0,8.0,10.0,0.0029884712
0022400065,1610612753,Orlando,Magic,ORL,magic,1641724,Jett,Howard,J. Howard,jett-howard,,,,5:21,5.35,0,3,0.0,0,2,0.0,0,0,0.0,0,1,1,0,0,0,0,0,0,-13.0,0022400065,Jett Howard,jett howard,,,2024-10-23,0,0.0,0.0,0.1869158878504673,0.0,0.0,10.0,9.0,11.0,10.0,7.0,6.0,11.0,11.0,0.0,0,0.0,0,0.00231,-118.2,-51146.689744699266,-117.926958,0.0,8.0,10.0,0.0038144689
0022400065,1610612753,Orlando,Magic,ORL,magic,1631216,Caleb,Houstan,C. Houstan,caleb-houstan,,,,5:21,5.35,0,0,0.0,0,0,0.0,0,0,0.0,0,1,1,0,0,0,0,1,0,-13.0,0022400065,Caleb Houstan,caleb houstan,,,2024-10-23,0,0.0,0.0,0.1869158878504673,0.0,0.0,10.0,9.0,11.0,10.0,7.0,6.0,11.0,11.0,,1,,1,0.0,-118.2,-118200000.00000001,-118.2,0.0,8.0,10.0,0.0043407907
0022400077,1610612753,Orlando,Magic,ORL,magic,1630532,Franz,Wagner,F. Wagner,franz-wagner,F,,,38:55,38.916666666666664,10,19,0.526,3,6,0.5,6,6,1.0,2,4,6,5,1,0,3,2,29,16.0,0022400077,Franz Wagner,franz wagner,,,2024-10-25,1,0.7451820128479658,0.051391862955032126,0.15417558886509636,0.1284796573875803,0.07708779443254818,1.0,1.0,2.0,2.0,4.0,6.0,1.0,1.0,2.0,0,0.0,0,0.00291,22.3,7660.597732737891,22.235107000000003,0.025695931477516063,6.0,6.0,0.78319496
0022400077,1610612753,Orlando,Magic,ORL,magic,1631094,Paolo,Banchero,P. Banchero,paolo-banchero,F,,,37:12,37.2,4,13,0.308,1,2,0.5,6,11,0.545,1,5,6,9,0,1,0,2,15,3.0,0022400077,Paolo Banchero,paolo banchero,,,2024-10-25,1,0.4032258064516129,0.026881720430107524,0.16129032258064516,0.24193548387096772,0.05376344086021505,3.0,2.0,2.0,1.0,7.0,3.0,8.0,2.0,0.0,0,0.0,0,0.0022,6.6,2998.636983189459,6.58548,0.026881720430107524,6.0,9.0,0.5076016
0022400077,1610612753,Orlando,Magic,ORL,magic,1628976,Wendell,Carter Jr.,W. Carter Jr.,wendell-carter-jr,C,,,31:27,31.45,3,5,0.6,1,3,0.333,1,2,0.5,1,10,11,4,2,0,0,1,8,11.0,0022400077,Wendell Carter Jr.,wendell carter jr,,,2024-10-25,2,0.2543720190779014,0.03179650238473768,0.3497615262321145,0.1271860095389507,0.09538950715421304,7.0,2.0,1.0,4.0,2.0,6.0,4.0,3.0,1.0,0,1.0,0,0.00083,14.7,17689.530685920578,14.687799,0.06359300476947535,3.0,5.0,0.1922961
0022400077,1610612753,Orlando,Magic,ORL,magic,203484,Kentavious,Caldwell-Pope,K. Caldwell-Pope,kentavious-caldwell-pope,G,,,25:46,25.766666666666666,3,7,0.429,2,5,0.4,2,2,1.0,0,1,1,2,2,2,0,1,10,12.0,0022400077,Kentavious Caldwell-Pope,kentavious caldwell-pope,,,2024-10-25,4,0.38809831824062097,0.0,0.0388098318240621,0.0776196636481242,0.1552393272962484,4.0,5.0,8.0,5.0,2.0,1.0,3.0,5.0,3.0,0,0.0,0,0.0014299999999999998,22.2,15513.626834381554,22.168253999999997,0.1552393272962484,1.0,2.0,0.25769985
0022400077,1610612753,Orlando,Magic,ORL,magic,1630591,Jalen,Suggs,J. Suggs,jalen-suggs,G,,,21:39,21.65,3,6,0.5,2,3,0.667,2,2,1.0,0,5,5,1,1,0,3,2,10,-1.0,0022400077,Jalen Suggs,jalen suggs,,,2024-10-25,1,0.4618937644341802,0.0,0.2309468822170901,0.046189376443418015,0.046189376443418015,4.0,5.0,4.0,7.0,4.0,6.0,11.0,6.0,1.0,0,0.0,0,0.00213,0.0,0.0,0.0,0.046189376443418015,6.0,10.0,0.10069172
0022400077,1610612753,Orlando,Magic,ORL,magic,1641710,Anthony,Black,A. Black,anthony-black,,,,26:02,26.033333333333335,4,6,0.667,1,1,1.0,1,2,0.5,0,3,3,5,0,2,2,4,10,13.0,0022400077,Anthony Black,anthony black,,,2024-10-25,2,0.3841229193341869,0.0,0.11523687580025607,0.19206145966709345,0.07682458386683738,4.0,5.0,5.0,2.0,7.0,1.0,2.0,4.0,1.0,0,0.0,0,0.00161,31.3,19428.926132836747,31.249607,0.07682458386683738,3.0,7.0,0.69504416
0022400077,1610612753,Orlando,Magic,ORL,magic,203914,Gary,Harris,G. Harris,gary-harris,,,,16:22,16.366666666666667,2,5,0.4,2,5,0.4,0,0,0.0,0,1,1,0,0,1,0,0,6,4.0,0022400077,Gary Harris,gary harris,,,2024-10-25,1,0.3665987780040733,0.0,0.06109979633401222,0.0,0.06109979633401222,8.0,5.0,8.0,8.0,7.0,3.0,7.0,8.0,0.0,0,0.0,0,0.00135,15.0,11102.886750555144,14.979750000000001,0.06109979633401222,6.0,8.0,0.048107974
0022400077,1610612753,Orlando,Magic,ORL,magic,1630175,Cole,Anthony,C. Anthony,cole-anthony,,,,19:34,19.566666666666666,1,3,0.333,1,2,0.5,1,2,0.5,0,1,1,2,3,0,1,2,4,5.0,0022400077,Cole Anthony,cole anthony,,,2024-10-25,3,0.20442930153321975,0.0,0.05110732538330494,0.10221465076660988,0.15332197614991483,9.0,5.0,8.0,5.0,1.0,6.0,6.0,7.0,3.0,0,0.0,0,0.00116,9.9,8527.131782945737,9.888516,0.15332197614991483,2.0,3.0,0.017012345
0022400077,1610612753,Orlando,Magic,ORL,magic,1629021,Moritz,Wagner,M. Wagner,moritz-wagner,,,,15:06,15.1,7,8,0.875,1,2,0.5,3,4,0.75,0,3,3,0,1,1,3,5,18,2.0,0022400077,Moritz Wagner,moritz wagner,,,2024-10-25,2,1.1920529801324504,0.0,0.19867549668874174,0.0,0.13245033112582782,2.0,5.0,5.0,8.0,4.0,3.0,9.0,9.0,3.0,0,0.0,0,0.00406,10.9,2684.0679635557744,10.855746000000002,0.13245033112582782,3.0,4.0,0.8684213
0022400077,1610612753,Orlando,Magic,ORL,magic,1629048,Goga,Bitadze,G. Bitadze,goga-bitadze,,,,6:24,6.4,1,2,0.5,0,0,0.0,1,2,0.5,1,1,2,0,0,0,0,0,3,9.0,0022400077,Goga Bitadze,goga bitadze,,,2024-10-25,0,0.46875,0.15625,0.3125,0.0,0.15625,10.0,2.0,7.0,8.0,7.0,6.0,5.0,10.0,0.0,0,0.0,0,0.00214,69.2,32321.34516581037,69.051912,0.0,10.0,1.0,0.016835732
0022400077,1610612753,Orlando,Magic,ORL,magic,1641724,Jett,Howard,J. Howard,jett-howard,,,,1:33,1.55,1,1,1.0,1,1,1.0,0,0,0.0,0,0,0,0,0,0,0,0,3,1.0,0022400077,Jett Howard,jett howard,,,2024-10-25,0,1.9354838709677418,0.0,0.0,0.0,0.0,10.0,5.0,11.0,8.0,7.0,6.0,10.0,11.0,,1,,1,0.0025,55.0,21991.20351859256,54.862500000000004,0.0,10.0,11.0,0.012156786
0022400092,1610612753,Orlando,Magic,ORL,magic,1630532,Franz,Wagner,F. Wagner,franz-wagner,F,,,34:20,34.333333333333336,7,16,0.438,4,10,0.4,5,6,0.833,1,6,7,3,2,0,6,2,23,-17.0,0022400092,Franz Wagner,franz wagner,,,2024-10-26,2,0.6699029126213591,0.029126213592233007,0.20388349514563106,0.08737864077669902,0.08737864077669902,1.0,4.0,2.0,1.0,2.0,7.0,14.0,2.0,2.0,0,0.0,0,0.0027500000000000003,-24.4,-8869.50199927299,-24.3329,0.058252427184466014,3.0,8.0,0.84531367
0022400092,1610612753,Orlando,Magic,ORL,magic,1631094,Paolo,Banchero,P. Banchero,paolo-banchero,F,,,36:55,36.916666666666664,4,12,0.333,1,4,0.25,7,13,0.538,3,4,7,3,1,0,3,3,16,-15.0,0022400092,Paolo Banchero,paolo banchero,,,2024-10-26,1,0.4334085778781039,0.08126410835214447,0.18961625282167044,0.08126410835214447,0.10835214446952597,3.0,2.0,2.0,1.0,4.0,7.0,13.0,1.0,6.0,0,0.0,0,0.00219,-19.4,-8854.40438156093,-19.357514,0.027088036117381493,4.0,6.0,0.4362905
0022400092,1610612753,Orlando,Magic,ORL,magic,1628976,Wendell,Carter Jr.,W. Carter Jr.,wendell-carter-jr,C,,,30:44,30.733333333333334,1,6,0.167,0,3,0.0,1,2,0.5,5,5,10,2,0,1,2,3,3,-13.0,0022400092,Wendell Carter Jr.,wendell carter jr,,,2024-10-26,1,0.09761388286334056,0.16268980477223427,0.32537960954446854,0.0650759219088937,0.19522776572668113,9.0,1.0,1.0,5.0,6.0,1.0,11.0,3.0,1.0,0,0.0,0,0.00111,-20.2,-18181.81818181818,-20.177577999999997,0.03253796095444685,4.0,3.0,0.053220443
0022400092,1610612753,Orlando,Magic,ORL,magic,203484,Kentavious,Caldwell-Pope,K. Caldwell-Pope,kentavious-caldwell-pope,G,,,28:15,28.25,1,6,0.167,0,4,0.0,1,1,1.0,0,2,2,1,2,1,1,2,3,-21.0,0022400092,Kentavious Caldwell-Pope,kentavious caldwell-pope,,,2024-10-26,3,0.10619469026548672,0.0,0.07079646017699115,0.035398230088495575,0.10619469026548672,9.0,6.0,6.0,8.0,2.0,1.0,15.0,5.0,4.0,0,0.0,0,0.00096,-36.0,-37460.97814776275,-35.96544,0.10619469026548672,2.0,7.0,0.009335348
0022400092,1610612753,Orlando,Magic,ORL,magic,1630591,Jalen,Suggs,J. Suggs,jalen-suggs,G,,,30:39,30.65,6,17,0.353,5,13,0.385,4,4,1.0,0,7,7,3,4,1,2,1,21,-13.0,0022400092,Jalen Suggs,jalen suggs,,,2024-10-26,5,0.6851549755301795,0.0,0.22838499184339317,0.09787928221859707,0.1631321370309951,2.0,6.0,2.0,1.0,1.0,1.0,11.0,4.0,8.0,0,1.0,0,0.00256,-19.8,-7731.354939476766,-19.749312,0.1631321370309951,1.0,4.0,0.8286501
0022400092,1610612753,Orlando,Magic,ORL,magic,1641710,Anthony,Black,A. Black,anthony-black,,,,20:23,20.383333333333333,4,8,0.5,0,1,0.0,2,2,1.0,0,1,1,3,0,1,2,2,10,-2.0,0022400092,Anthony Black,anthony black,,,2024-10-26,1,0.49059689288634506,0.0,0.04905968928863451,0.1471790678659035,0.04905968928863451,5.0,6.0,8.0,1.0,6.0,1.0,7.0,6.0,2.0,0,0.0,0,0.00196,-4.4,-2243.753187149414,-4.391376,0.04905968928863451,4.0,9.0,0.22492407
0022400092,1610612753,Orlando,Magic,ORL,magic,203914,Gary,Harris,G. Harris,gary-harris,,,,4:25,4.416666666666667,0,0,0.0,0,0,0.0,0,0,0.0,0,0,0,0,0,0,0,0,0,0.0,0022400092,Gary Harris,gary harris,,,2024-10-26,0,0.0,0.0,0.0,0.0,0.0,13.0,6.0,11.0,11.0,6.0,7.0,5.0,14.0,1.0,0,0.0,0,0.0,0.0,0.0,0.0,0.0,10.0,10.0,0.005279708
0022400092,1610612753,Orlando,Magic,ORL,magic,1630175,Cole,Anthony,C. Anthony,cole-anthony,,,,7:36,7.6,2,3,0.667,0,1,0.0,0,0,0.0,0,0,0,2,1,0,2,1,4,-11.0,0022400092,Cole Anthony,cole anthony,,,2024-10-26,1,0.5263157894736842,0.0,0.0,0.2631578947368421,0.13157894736842105,8.0,6.0,11.0,5.0,4.0,7.0,9.0,9.0,1.0,0,0.0,0,0.00294,-73.3,-24923.495409724583,-73.084498,0.13157894736842105,4.0,5.0,0.016511822
0022400092,1610612753,Orlando,Magic,ORL,magic,1629021,Moritz,Wagner,M. Wagner,moritz-wagner,,,,12:23,12.383333333333333,4,8,0.5,1,3,0.333,0,0,0.0,2,1,3,0,0,1,0,4,9,-11.0,0022400092,Moritz Wagner,moritz wagner,,,2024-10-26,1,0.7267833109017497,0.16150740242261105,0.24226110363391656,0.0,0.24226110363391656,6.0,3.0,5.0,11.0,6.0,1.0,9.0,7.0,2.0,0,0.0,0,0.00267,-36.9,-13815.050542867839,-36.801477,0.08075370121130553,4.0,2.0,0.46878085
0022400092,1610612753,Orlando,Magic,ORL,magic,1641724,Jett,Howard,J. Howard,jett-howard,,,,11:33,11.55,4,6,0.667,3,5,0.6,0,0,0.0,0,2,2,0,0,0,0,1,11,-1.0,0022400092,Jett Howard,jett howard,,,2024-10-26,0,0.9523809523809523,0.0,0.17316017316017315,0.0,0.0,4.0,6.0,6.0,11.0,6.0,7.0,6.0,8.0,1.0,0,0.0,0,0.0024,7.5,3123.698458975427,7.482,0.0,10.0,10.0,0.6296572
0022400092,1610612753,Orlando,Magic,ORL,magic,1629048,Goga,Bitadze,G. Bitadze,goga-bitadze,,,,5:05,5.083333333333333,1,1,1.0,0,0,0.0,0,0,0.0,1,0,1,1,0,1,0,0,2,-2.0,0022400092,Goga Bitadze,goga bitadze,,,2024-10-26,1,0.3934426229508197,0.19672131147540986,0.19672131147540986,0.19672131147540986,0.3934426229508197,12.0,4.0,8.0,8.0,6.0,1.0,7.0,10.0,0.0,0,0.0,0,0.00083,3.3,3971.119133574007,3.2972609999999998,0.19672131147540986,4.0,1.0,0.013511432
0022400092,1610612753,Orlando,Magic,ORL,magic,1630644,Mac,McClung,M. McClung,mac-mcclung,,,,4:53,4.883333333333333,0,0,0.0,0,0,0.0,0,0,0.0,0,1,1,2,0,0,0,0,0,11.0,0022400092,Mac McClung,mac mcclung,,,2024-10-26,0,0.0,0.0,0.20477815699658705,0.4095563139931741,0.0,13.0,6.0,8.0,5.0,6.0,7.0,1.0,11.0,,1,,1,0.0,110.0,110000000.0,110.0,0.0,10.0,10.0,0.010471349
0022400092,1610612753,Orlando,Magic,ORL,magic,1631216,Caleb,Houstan,C. Houstan,caleb-houstan,,,,4:53,4.883333333333333,2,3,0.667,2,3,0.667,0,0,0.0,0,0,0,0,0,0,0,1,6,11.0,0022400092,Caleb Houstan,caleb houstan,,,2024-10-26,0,1.2286689419795223,0.0,0.0,0.0,0.0,7.0,6.0,11.0,11.0,6.0,7.0,1.0,11.0,0.0,0,0.0,0,0.003,110.0,36654.44851716094,109.67,0.0,10.0,10.0,0.16817649
0022400092,1610612753,Orlando,Magic,ORL,magic,202709,Cory,Joseph,C. Joseph,cory-joseph,,,,4:53,4.883333333333333,1,1,1.0,1,1,1.0,0,0,0.0,0,0,0,1,0,0,0,0,3,11.0,0022400092,Cory Joseph,cory joseph,,,2024-10-26,0,0.6143344709897611,0.0,0.0,0.20477815699658705,0.0,9.0,6.0,11.0,8.0,6.0,7.0,1.0,11.0,0.0,0,0.0,0,0.001,110.0,109890.1098901099,109.89,0.0,10.0,10.0,0.013562264
0022400092,1610612753,Orlando,Magic,ORL,magic,1630243,Trevelin,Queen,T. Queen,trevelin-queen,,,,3:03,3.05,0,0,0.0,0,0,0.0,0,0,0.0,0,0,0,0,0,0,1,0,0,8.0,0022400092,Trevelin Queen,trevelin queen,,,2024-10-26,0,0.0,0.0,0.0,0.0,0.0,13.0,6.0,11.0,11.0,6.0,7.0,4.0,15.0,0.0,0,0.0,0,0.0014299999999999998,114.3,79874.213836478,114.136551,0.0,10.0,10.0,0.004572097
0022400102,1610612753,Orlando,Magic,ORL,magic,1630532,Franz,Wagner,F. Wagner,franz-wagner,F,,,10:53,10.883333333333333,3,5,0.6,1,3,0.333,0,0,0.0,0,1,1,1,1,0,0,1,7,8.0,0022400102,Franz Wagner,franz wagner,,,2024-10-28,1,0.6431852986217458,0.0,0.09188361408882083,0.09188361408882083,0.09188361408882083,6.0,7.0,9.0,4.0,2.0,6.0,3.0,9.0,2.0,0,0.0,0,0.00192,40.1,20874.544508068717,40.023008,0.09188361408882083,4.0,6.0,0.14175582
0022400102,1610612753,Orlando,Magic,ORL,magic,1631094,Paolo,Banchero,P. Banchero,paolo-banchero,F,,,39:37,39.61666666666667,16,26,0.615,3,9,0.333,15,22,0.682,4,9,13,9,1,2,4,4,50,3.0,0022400102,Paolo Banchero,paolo banchero,,,2024-10-28,3,1.2620950778291964,0.10096760622633572,0.3281447202355911,0.22717711400925536,0.1766933108960875,1.0,1.0,1.0,1.0,2.0,1.0,4.0,1.0,3.0,0,0.0,0,0.0043,3.7,860.2650546384561,3.6840900000000003,0.07572570466975179,1.0,2.0,0.8754808
0022400102,1610612753,Orlando,Magic,ORL,magic,1628976,Wendell,Carter Jr.,W. Carter Jr.,wendell-carter-jr,C,,,31:58,31.966666666666665,3,5,0.6,0,2,0.0,5,6,0.833,1,9,10,1,1,0,0,3,11,11.0,0022400102,Wendell Carter Jr.,wendell carter jr,,,2024-10-28,1,0.34410844629822734,0.03128258602711158,0.31282586027111575,0.03128258602711158,0.06256517205422316,4.0,4.0,2.0,4.0,2.0,6.0,1.0,3.0,1.0,0,1.0,0,0.0011,15.0,13623.978201634878,14.9835,0.03128258602711158,4.0,8.0,0.29355395
0022400102,1610612753,Orlando,Magic,ORL,magic,203484,Kentavious,Caldwell-Pope,K. Caldwell-Pope,kentavious-caldwell-pope,G,,,30:42,30.7,2,5,0.4,0,3,0.0,0,0,0.0,0,0,0,1,1,0,1,4,4,1.0,0022400102,Kentavious Caldwell-Pope,kentavious caldwell-pope,,,2024-10-28,1,0.13029315960912052,0.0,0.0,0.03257328990228013,0.03257328990228013,7.0,7.0,10.0,4.0,2.0,6.0,6.0,4.0,2.0,0,0.0,0,0.0008699999999999999,1.6,1836.969001148106,1.598608,0.03257328990228013,4.0,10.0,0.023651073
0022400102,1610612753,Orlando,Magic,ORL,magic,1630591,Jalen,Suggs,J. Suggs,jalen-suggs,G,,,34:45,34.75,8,17,0.471,6,13,0.462,3,4,0.75,1,4,5,7,1,1,2,1,25,9.0,0022400102,Jalen Suggs,jalen suggs,,,2024-10-28,2,0.7194244604316546,0.02877697841726619,0.14388489208633093,0.2014388489208633,0.08633093525179857,2.0,4.0,3.0,2.0,2.0,2.0,2.0,2.0,2.0,0,1.0,0,0.00253,14.5,5728.960885025681,14.463315,0.05755395683453238,3.0,7.0,0.9165157
0022400102,1610612753,Orlando,Magic,ORL,magic,203914,Gary,Harris,G. Harris,gary-harris,,,,26:02,26.033333333333335,0,5,0.0,0,3,0.0,0,0,0.0,0,3,3,1,0,1,0,1,0,-3.0,0022400102,Gary Harris,gary harris,,,2024-10-28,1,0.0,0.0,0.11523687580025607,0.03841229193341869,0.03841229193341869,8.0,7.0,6.0,4.0,7.0,2.0,8.0,6.0,0.0,0,0.0,0,0.00075,-5.3,-7057.256990679094,-5.296024999999999,0.03841229193341869,4.0,9.0,0.008399654
0022400102,1610612753,Orlando,Magic,ORL,magic,1641710,Anthony,Black,A. Black,anthony-black,,,,30:42,30.7,2,6,0.333,2,3,0.667,2,2,1.0,0,3,3,3,2,1,3,4,8,1.0,0022400102,Anthony Black,anthony black,,,2024-10-28,3,0.26058631921824105,0.0,0.09771986970684039,0.09771986970684039,0.09771986970684039,5.0,7.0,6.0,3.0,1.0,2.0,6.0,4.0,3.0,0,0.0,0,0.00133,3.2,2404.207362885049,3.195744,0.09771986970684039,1.0,5.0,0.08251754
0022400102,1610612753,Orlando,Magic,ORL,magic,1629021,Moritz,Wagner,M. Wagner,moritz-wagner,,,,16:02,16.033333333333335,5,10,0.5,1,2,0.5,3,4,0.75,2,2,4,1,0,0,2,3,14,-7.0,0022400102,Moritz Wagner,moritz wagner,,,2024-10-28,0,0.8731808731808731,0.12474012474012473,0.24948024948024947,0.06237006237006237,0.12474012474012473,3.0,2.0,5.0,4.0,7.0,6.0,10.0,7.0,4.0,0,1.0,0,0.0032600000000000003,-11.7,-3587.8564857405695,-11.661857999999999,0.0,9.0,3.0,0.8854864
0022400102,1610612753,Orlando,Magic,ORL,magic,1630175,Cole,Anthony,C. Anthony,cole-anthony,,,,11:12,11.2,0,3,0.0,0,2,0.0,0,0,0.0,2,3,5,1,0,1,3,2,0,2.0,0022400102,Cole Anthony,cole anthony,,,2024-10-28,1,0.0,0.17857142857142858,0.44642857142857145,0.08928571428571429,0.26785714285714285,8.0,2.0,3.0,4.0,7.0,2.0,5.0,8.0,1.0,0,0.0,0,0.00182,7.4,4063.7012630422846,7.386532,0.08928571428571429,4.0,1.0,0.024584359
0022400102,1610612753,Orlando,Magic,ORL,magic,1641724,Jett,Howard,J. Howard,jett-howard,,,,8:07,8.116666666666667,0,1,0.0,0,1,0.0,0,0,0.0,1,1,2,1,0,0,0,2,0,-5.0,0022400102,Jett Howard,jett howard,,,2024-10-28,0,0.0,0.12320328542094455,0.2464065708418891,0.12320328542094455,0.12320328542094455,8.0,4.0,8.0,4.0,7.0,6.0,9.0,10.0,0.0,0,0.0,0,0.0004,-21.6,-53865.336658354114,-21.59136,0.0,9.0,4.0,0.007503312
0022400123,1610612753,Orlando,Magic,ORL,magic,1630532,Franz,Wagner,F. Wagner,franz-wagner,F,,,22:35,22.583333333333332,3,8,0.375,0,3,0.0,1,1,1.0,1,2,3,4,1,1,0,2,7,-6.0,0022400123,Franz Wagner,franz wagner,,,2024-10-30,2,0.30996309963099633,0.04428044280442805,0.13284132841328414,0.1771217712177122,0.13284132841328414,6.0,2.0,6.0,3.0,2.0,3.0,9.0,6.0,1.0,0,0.0,0,0.00167,-10.6,-6343.506882106523,-10.582298,0.0885608856088561,3.0,4.0,0.085194804
0022400123,1610612753,Orlando,Magic,ORL,magic,1631094,Paolo,Banchero,P. Banchero,paolo-banchero,F,,,37:15,37.25,12,22,0.545,2,9,0.222,5,7,0.714,0,7,7,4,0,0,4,2,31,-4.0,0022400123,Paolo Banchero,paolo banchero,,,2024-10-30,0,0.8322147651006712,0.0,0.18791946308724833,0.10738255033557047,0.0,1.0,6.0,1.0,3.0,7.0,6.0,7.0,1.0,0.0,0,0.0,0,0.00345,-7.7,-2231.237322515213,-7.6734350000000004,0.0,8.0,9.0,0.79213667
0022400123,1610612753,Orlando,Magic,ORL,magic,1628976,Wendell,Carter Jr.,W. Carter Jr.,wendell-carter-jr,C,,,28:25,28.416666666666668,5,10,0.5,0,4,0.0,4,4,1.0,0,7,7,2,1,1,0,4,14,-4.0,0022400123,Wendell Carter Jr.,wendell carter jr,,,2024-10-30,2,0.49266862170087977,0.0,0.24633431085043989,0.07038123167155425,0.07038123167155425,3.0,6.0,1.0,5.0,2.0,3.0,7.0,4.0,2.0,0,0.0,0,0.0019,-10.6,-5576.012624934246,-10.57986,0.07038123167155425,3.0,6.0,0.47152123
0022400123,1610612753,Orlando,Magic,ORL,magic,203484,Kentavious,Caldwell-Pope,K. Caldwell-Pope,kentavious-caldwell-pope,G,,,33:57,33.95,3,9,0.333,2,7,0.286,0,0,0.0,1,0,1,1,1,0,0,3,8,-12.0,0022400123,Kentavious Caldwell-Pope,kentavious caldwell-pope,,,2024-10-30,1,0.235640648011782,0.02945508100147275,0.02945508100147275,0.02945508100147275,0.0589101620029455,4.0,2.0,10.0,6.0,2.0,6.0,10.0,3.0,2.0,0,0.0,0,0.00115,-19.0,-16507.38488271069,-18.97815,0.02945508100147275,5.0,7.0,0.06880169
0022400123,1610612753,Orlando,Magic,ORL,magic,1630591,Jalen,Suggs,J. Suggs,jalen-suggs,G,,,35:13,35.21666666666667,7,16,0.438,3,9,0.333,0,0,0.0,0,6,6,5,4,2,4,3,17,-3.0,0022400123,Jalen Suggs,jalen suggs,,,2024-10-30,6,0.48272598201609085,0.0,0.17037387600567913,0.1419782300047326,0.17037387600567913,2.0,6.0,3.0,2.0,1.0,2.0,6.0,2.0,2.0,0,0.0,0,0.00253,-4.0,-1580.4030027657052,-3.98988,0.17037387600567913,1.0,3.0,0.7195729
0022400123,1610612753,Orlando,Magic,ORL,magic,203914,Gary,Harris,G. Harris,gary-harris,,,,18:23,18.383333333333333,0,3,0.0,0,2,0.0,0,0,0.0,1,1,2,1,0,0,0,0,0,6.0,0022400123,Gary Harris,gary harris,,,2024-10-30,0,0.0,0.05439709882139619,0.10879419764279238,0.05439709882139619,0.05439709882139619,10.0,2.0,8.0,6.0,7.0,6.0,1.0,7.0,0.0,0,0.0,0,0.0007000000000000001,16.7,23823.109843081307,16.688309999999998,0.0,8.0,8.0,0.017229684
0022400123,1610612753,Orlando,Magic,ORL,magic,1641710,Anthony,Black,A. Black,anthony-black,,,,23:12,23.2,1,5,0.2,0,2,0.0,2,2,1.0,1,2,3,6,1,3,1,3,4,-1.0,0022400123,Anthony Black,anthony black,,,2024-10-30,4,0.1724137931034483,0.04310344827586207,0.12931034482758622,0.25862068965517243,0.21551724137931036,8.0,2.0,6.0,1.0,2.0,1.0,4.0,5.0,0.0,0,0.0,0,0.00127,-3.6,-2832.415420928403,-3.595428,0.1724137931034483,2.0,2.0,0.07211807
0022400123,1610612753,Orlando,Magic,ORL,magic,1628371,Jonathan,Isaac,J. Isaac,jonathan-isaac,,,,13:54,13.9,2,5,0.4,2,4,0.5,2,2,1.0,2,3,5,1,1,0,1,0,8,-2.0,0022400123,Jonathan Isaac,jonathan isaac,,,2024-10-30,1,0.5755395683453237,0.14388489208633093,0.3597122302158273,0.07194244604316546,0.2158273381294964,4.0,1.0,5.0,6.0,2.0,6.0,5.0,9.0,2.0,0,0.0,0,0.00226,3.1,1371.0747456877489,3.092994,0.07194244604316546,5.0,1.0,0.20232804
0022400123,1610612753,Orlando,Magic,ORL,magic,1629021,Moritz,Wagner,M. Wagner,moritz-wagner,,,,16:07,16.116666666666667,1,4,0.25,1,2,0.5,4,4,1.0,0,6,6,1,0,0,2,1,7,5.0,0022400123,Moritz Wagner,moritz wagner,,,2024-10-30,0,0.43433298862461217,0.0,0.37228541882109617,0.06204756980351603,0.0,6.0,6.0,3.0,6.0,7.0,6.0,3.0,8.0,3.0,0,0.0,0,0.00211,13.9,6584.5570819516815,13.870671000000002,0.0,8.0,9.0,0.04319617
0022400123,1610612753,Orlando,Magic,ORL,magic,1641724,Jett,Howard,J. Howard,jett-howard,,,,11:01,11.016666666666667,1,4,0.25,1,4,0.25,0,0,0.0,0,2,2,0,0,1,0,1,3,6.0,0022400123,Jett Howard,jett howard,,,2024-10-30,1,0.2723146747352496,0.0,0.1815431164901664,0.0,0.0907715582450832,9.0,6.0,8.0,10.0,7.0,3.0,1.0,10.0,0.0,0,0.0,0,0.00154,28.8,18689.162881245946,28.755648,0.0907715582450832,5.0,5.0,0.028950352
0022400133,1610612753,Orlando,Magic,ORL,magic,203484,Kentavious,Caldwell-Pope,K. Caldwell-Pope,kentavious-caldwell-pope,F,,,27:30,27.5,2,3,0.667,1,2,0.5,2,2,1.0,0,1,1,1,1,0,0,3,7,-13.0,0022400133,Kentavious Caldwell-Pope,kentavious caldwell-pope,,,2024-11-01,1,0.2545454545454545,0.0,0.03636363636363636,0.03636363636363636,0.03636363636363636,6.0,5.0,8.0,7.0,4.0,5.0,10.0,4.0,1.0,0,0.0,0,0.00061,-19.7,-32242.225859247133,-19.687983,0.03636363636363636,4.0,9.0,0.04964573
0022400133,1610612753,Orlando,Magic,ORL,magic,1630532,Franz,Wagner,F. Wagner,franz-wagner,F,,,30:04,30.066666666666666,8,19,0.421,0,2,0.0,1,3,0.333,2,6,8,6,1,0,4,3,17,-11.0,0022400133,Franz Wagner,franz wagner,,,2024-11-01,1,0.565410199556541,0.06651884700665188,0.2660753880266075,0.19955654101995565,0.09977827050997783,2.0,1.0,1.0,2.0,4.0,5.0,9.0,2.0,4.0,0,0.0,0,0.00333,-19.9,-5974.181927349144,-19.833733,0.03325942350332594,4.0,4.0,0.67221546
0022400133,1610612753,Orlando,Magic,ORL,magic,1629021,Moritz,Wagner,M. Wagner,moritz-wagner,C,,,27:34,27.566666666666666,5,9,0.556,0,2,0.0,4,7,0.571,0,5,5,0,2,0,2,0,14,-14.0,0022400133,Moritz Wagner,moritz wagner,,,2024-11-01,2,0.5078597339782346,0.0,0.18137847642079807,0.0,0.07255139056831923,4.0,5.0,3.0,8.0,2.0,5.0,12.0,3.0,2.0,0,0.0,0,0.00212,-21.3,-10042.432814710042,-21.254844000000002,0.07255139056831923,3.0,6.0,0.511983
0022400133,1610612753,Orlando,Magic,ORL,magic,1641710,Anthony,Black,A. Black,anthony-black,G,,,27:29,27.483333333333334,3,8,0.375,1,3,0.333,0,0,0.0,0,2,2,6,0,0,2,2,7,-13.0,0022400133,Anthony Black,anthony black,,,2024-11-01,0,0.2546998180715585,0.0,0.07277137659187385,0.2183141297756216,0.0,6.0,5.0,7.0,2.0,7.0,5.0,10.0,5.0,4.0,0,0.0,0,0.00156,-22.0,-14093.529788597054,-21.96568,0.0,9.0,10.0,0.04654259
0022400133,1610612753,Orlando,Magic,ORL,magic,1630591,Jalen,Suggs,J. Suggs,jalen-suggs,G,,,36:34,36.56666666666667,10,20,0.5,1,7,0.143,7,8,0.875,1,7,8,7,3,1,3,2,28,-8.0,0022400133,Jalen Suggs,jalen suggs,,,2024-11-01,4,0.7657247037374657,0.027347310847766634,0.21877848678213307,0.19143117593436643,0.13673655423883316,1.0,4.0,1.0,1.0,1.0,1.0,7.0,1.0,6.0,0,0.0,0,0.00299,-10.3,-3443.66432631227,-10.269203000000001,0.10938924339106654,1.0,3.0,0.849082
0022400133,1610612753,Orlando,Magic,ORL,magic,1630175,Cole,Anthony,C. Anthony,cole-anthony,,,,8:04,8.066666666666666,1,4,0.25,0,0,0.0,0,1,0.0,0,1,1,2,0,0,1,1,2,1.0,0022400133,Cole Anthony,cole anthony,,,2024-11-01,0,0.24793388429752067,0.0,0.12396694214876033,0.24793388429752067,0.0,10.0,5.0,8.0,4.0,7.0,5.0,4.0,10.0,1.0,0,0.0,0,0.00263,6.3,2394.5267958950967,6.283430999999999,0.0,9.0,10.0,0.011608752
0022400133,1610612753,Orlando,Magic,ORL,magic,1641783,Tristan,da Silva,T. da Silva,tristan-da-silva,,,,20:08,20.133333333333333,6,8,0.75,3,3,1.0,2,3,0.667,2,3,5,2,0,0,0,3,17,2.0,0022400133,Tristan da Silva,tristan da silva,,,2024-11-01,0,0.8443708609271523,0.09933774834437087,0.24834437086092717,0.09933774834437087,0.09933774834437087,2.0,1.0,3.0,4.0,7.0,5.0,3.0,7.0,0.0,0,0.0,0,0.00184,1.6,869.0928843020098,1.5970560000000003,0.0,9.0,5.0,0.88781804
0022400133,1610612753,Orlando,Magic,ORL,magic,203914,Gary,Harris,G. Harris,gary-harris,,,,20:19,20.316666666666666,0,4,0.0,0,2,0.0,0,0,0.0,0,1,1,0,1,0,1,1,0,-3.0,0022400133,Gary Harris,gary harris,,,2024-11-01,1,0.0,0.0,0.04922067268252666,0.0,0.04922067268252666,11.0,5.0,8.0,8.0,4.0,5.0,6.0,6.0,3.0,0,0.0,0,0.0010199999999999999,-6.8,-6660.137120470129,-6.793063999999999,0.04922067268252666,4.0,8.0,0.007080353
0022400133,1610612753,Orlando,Magic,ORL,magic,1628371,Jonathan,Isaac,J. Isaac,jonathan-isaac,,,,16:35,16.583333333333332,2,6,0.333,1,4,0.25,0,0,0.0,2,2,4,0,2,1,1,1,5,-10.0,0022400133,Jonathan Isaac,jonathan isaac,,,2024-11-01,3,0.30150753768844224,0.1206030150753769,0.2412060301507538,0.0,0.30150753768844224,8.0,1.0,5.0,8.0,2.0,1.0,8.0,9.0,1.0,0,0.0,0,0.00179,-24.8,-13847.012841987718,-24.755608000000002,0.18090452261306533,2.0,1.0,0.04202273
0022400133,1610612753,Orlando,Magic,ORL,magic,1641724,Jett,Howard,J. Howard,jett-howard,,,,17:27,17.45,3,7,0.429,3,6,0.5,0,0,0.0,0,3,3,0,0,1,0,0,9,0.0,0022400133,Jett Howard,jett howard,,,2024-11-01,1,0.5157593123209169,0.0,0.17191977077363899,0.0,0.05730659025787966,5.0,5.0,6.0,8.0,7.0,1.0,5.0,8.0,0.0,0,0.0,0,0.0017100000000000001,0.0,0.0,0.0,0.05730659025787966,4.0,7.0,0.20276058
0022400133,1610612753,Orlando,Magic,ORL,magic,1631216,Caleb,Houstan,C. Houstan,caleb-houstan,,,,4:08,4.133333333333334,0,1,0.0,0,1,0.0,0,0,0.0,0,0,0,0,0,0,0,1,0,7.0,0022400133,Caleb Houstan,caleb houstan,,,2024-11-01,0,0.0,0.0,0.0,0.0,0.0,11.0,5.0,12.0,8.0,7.0,5.0,1.0,11.0,,1,,1,0.00091,87.5,96048.2985729967,87.420375,0.0,9.0,10.0,0.0052571306
0022400133,1610612753,Orlando,Magic,ORL,magic,202709,Cory,Joseph,C. Joseph,cory-joseph,,,,4:08,4.133333333333334,1,1,1.0,1,1,1.0,0,0,0.0,0,1,1,2,0,1,0,0,3,7.0,0022400133,Cory Joseph,cory joseph,,,2024-11-01,1,0.7258064516129031,0.0,0.24193548387096772,0.48387096774193544,0.24193548387096772,9.0,5.0,8.0,4.0,7.0,1.0,1.0,11.0,0.0,0,0.0,0,0.00091,87.5,96048.2985729967,87.420375,0.24193548387096772,4.0,2.0,0.043656
0022400153,1610612753,Orlando,Magic,ORL,magic,1641783,Tristan,da Silva,T. da Silva,tristan-da-silva,F,,,31:07,31.116666666666667,2,7,0.286,1,4,0.25,2,2,1.0,1,4,5,2,0,1,0,0,7,-4.0,0022400153,Tristan da Silva,tristan da silva,,,2024-11-03,1,0.22495982860203534,0.032137118371719335,0.16068559185859668,0.06427423674343867,0.06427423674343867,6.0,4.0,3.0,3.0,7.0,2.0,6.0,1.0,0.0,0,0.0,0,0.00107,-3.1,-2894.4911297852477,-3.096683,0.032137118371719335,5.0,10.0,0.06447475
0022400153,1610612753,Orlando,Magic,ORL,magic,1630532,Franz,Wagner,F. Wagner,franz-wagner,F,,,25:11,25.183333333333334,6,15,0.4,1,2,0.5,0,0,0.0,1,5,6,6,2,0,2,3,13,-13.0,0022400153,Franz Wagner,franz wagner,,,2024-11-03,2,0.5162144275314361,0.039708802117802776,0.23825281270681667,0.23825281270681667,0.11912640635340833,1.0,4.0,1.0,1.0,1.0,4.0,8.0,4.0,3.0,0,0.0,0,0.0028299999999999996,-20.9,-7382.5503355704695,-20.840853,0.07941760423560555,2.0,6.0,0.6038805
0022400153,1610612753,Orlando,Magic,ORL,magic,1628976,Wendell,Carter Jr.,W. Carter Jr.,wendell-carter-jr,C,,,8:52,8.866666666666667,2,5,0.4,0,2,0.0,2,2,1.0,1,0,1,2,2,0,0,1,6,1.0,0022400153,Wendell Carter Jr.,wendell carter jr,,,2024-11-03,2,0.6766917293233082,0.11278195488721804,0.11278195488721804,0.22556390977443608,0.3383458646616541,8.0,4.0,11.0,3.0,1.0,4.0,5.0,11.0,3.0,0,0.0,0,0.0027300000000000002,5.3,1940.681069205419,5.285531,0.22556390977443608,2.0,2.0,0.18860616
0022400153,1610612753,Orlando,Magic,ORL,magic,203484,Kentavious,Caldwell-Pope,K. Caldwell-Pope,kentavious-caldwell-pope,G,,,26:00,26.0,2,6,0.333,2,6,0.333,1,1,1.0,1,2,3,1,0,0,0,3,7,-8.0,0022400153,Kentavious Caldwell-Pope,kentavious caldwell-pope,,,2024-11-03,0,0.2692307692307692,0.038461538461538464,0.11538461538461539,0.038461538461538464,0.038461538461538464,6.0,4.0,7.0,7.0,7.0,4.0,7.0,3.0,1.0,0,0.0,0,0.0010199999999999999,-9.0,-8814.887365328112,-8.99082,0.0,8.0,12.0,0.041466895
0022400153,1610612753,Orlando,Magic,ORL,magic,1630591,Jalen,Suggs,J. Suggs,jalen-suggs,G,,,28:39,28.65,4,13,0.308,1,5,0.2,1,2,0.5,1,3,4,2,1,2,0,2,10,-26.0,0022400153,Jalen Suggs,jalen suggs,,,2024-11-03,3,0.34904013961605584,0.034904013961605584,0.13961605584642234,0.06980802792321117,0.13961605584642234,3.0,4.0,5.0,3.0,3.0,1.0,13.0,2.0,1.0,0,0.0,0,0.002,-39.8,-19890.05497251374,-39.7204,0.10471204188481675,1.0,5.0,0.35332727
0022400153,1610612753,Orlando,Magic,ORL,magic,1628371,Jonathan,Isaac,J. Isaac,jonathan-isaac,,,,15:56,15.933333333333334,1,6,0.167,0,4,0.0,1,2,0.5,2,3,5,1,1,1,0,3,3,-16.0,0022400153,Jonathan Isaac,jonathan isaac,,,2024-11-03,2,0.18828451882845187,0.12552301255230125,0.3138075313807531,0.06276150627615062,0.2510460251046025,10.0,1.0,3.0,7.0,3.0,2.0,10.0,8.0,2.0,0,0.0,0,0.00167,-50.2,-30041.891083183724,-50.11616600000001,0.12552301255230125,2.0,3.0,0.018116334
0022400153,1610612753,Orlando,Magic,ORL,magic,1629021,Moritz,Wagner,M. Wagner,moritz-wagner,,,,20:30,20.5,3,10,0.3,0,4,0.0,4,4,1.0,0,6,6,0,0,0,1,4,10,-23.0,0022400153,Moritz Wagner,moritz wagner,,,2024-11-03,0,0.4878048780487805,0.0,0.2926829268292683,0.0,0.0,3.0,11.0,1.0,9.0,7.0,4.0,11.0,7.0,5.0,0,0.0,0,0.0025,-47.1,-18832.46701319472,-46.98225,0.0,8.0,13.0,0.10484182
0022400153,1610612753,Orlando,Magic,ORL,magic,1641724,Jett,Howard,J. Howard,jett-howard,,,,22:08,22.133333333333333,4,12,0.333,2,8,0.25,2,2,1.0,0,1,1,0,1,0,2,1,12,4.0,0022400153,Jett Howard,jett howard,,,2024-11-03,1,0.5421686746987951,0.0,0.045180722891566265,0.0,0.045180722891566265,2.0,11.0,11.0,9.0,3.0,4.0,1.0,5.0,1.0,0,0.0,0,0.00268,11.7,4364.043267437522,11.668643999999999,0.045180722891566265,5.0,11.0,0.783198
0022400153,1610612753,Orlando,Magic,ORL,magic,1641710,Anthony,Black,A. Black,anthony-black,,,,20:43,20.716666666666665,1,2,0.5,0,0,0.0,0,0,0.0,2,2,4,2,0,0,6,2,2,-25.0,0022400153,Anthony Black,anthony black,,,2024-11-03,0,0.09654062751407885,0.09654062751407885,0.1930812550281577,0.09654062751407885,0.09654062751407885,11.0,1.0,5.0,3.0,7.0,4.0,12.0,6.0,0.0,0,0.0,0,0.00145,-56.8,-39145.41695382495,-56.71764,0.0,8.0,7.0,0.006447174
0022400153,1610612753,Orlando,Magic,ORL,magic,203914,Gary,Harris,G. Harris,gary-harris,,,,14:19,14.316666666666666,2,6,0.333,0,3,0.0,0,0,0.0,1,0,1,0,0,0,1,0,4,-14.0,0022400153,Gary Harris,gary harris,,,2024-11-03,0,0.27939464493597205,0.06984866123399301,0.06984866123399301,0.0,0.06984866123399301,9.0,4.0,11.0,9.0,7.0,4.0,9.0,10.0,,1,,1,0.0017499999999999998,-48.9,-27926.89891490577,-48.814425,0.0,8.0,8.0,0.014215155
0022400153,1610612753,Orlando,Magic,ORL,magic,1630175,Cole,Anthony,C. Anthony,cole-anthony,,,,14:22,14.366666666666667,3,6,0.5,1,2,0.5,2,4,0.5,0,3,3,3,1,0,1,2,9,2.0,0022400153,Cole Anthony,cole anthony,,,2024-11-03,1,0.6264501160092807,0.0,0.2088167053364269,0.2088167053364269,0.06960556844547564,5.0,11.0,7.0,2.0,3.0,4.0,4.0,9.0,2.0,0,1.0,0,0.00231,3.7,1601.0385114668975,3.691453,0.06960556844547564,5.0,9.0,0.46181875
0022400153,1610612753,Orlando,Magic,ORL,magic,1631216,Caleb,Houstan,C. Houstan,caleb-houstan,,,,6:59,6.983333333333333,1,3,0.333,0,0,0.0,0,0,0.0,1,1,2,0,0,0,0,1,2,3.0,0022400153,Caleb Houstan,caleb houstan,,,2024-11-03,0,0.2863961813842482,0.1431980906921241,0.2863961813842482,0.0,0.1431980906921241,11.0,4.0,9.0,9.0,7.0,4.0,3.0,12.0,0.0,0,0.0,0,0.0015,15.0,9993.33777481679,14.977500000000001,0.0,8.0,4.0,0.014471848
0022400153,1610612753,Orlando,Magic,ORL,magic,202709,Cory,Joseph,C. Joseph,cory-joseph,,,,5:14,5.233333333333333,0,2,0.0,0,1,0.0,0,0,0.0,2,0,2,0,0,0,1,0,0,4.0,0022400153,Cory Joseph,cory joseph,,,2024-11-03,0,0.0,0.38216560509554137,0.38216560509554137,0.0,0.38216560509554137,13.0,1.0,9.0,9.0,7.0,4.0,1.0,13.0,1.0,0,0.0,0,0.002,29.5,14742.62868565717,29.441,0.0,8.0,1.0,0.011021244
0022400163,1610612753,Orlando,Magic,ORL,magic,1641783,Tristan,da Silva,T. da Silva,tristan-da-silva,F,,,33:47,33.78333333333333,4,12,0.333,1,4,0.25,0,0,0.0,0,3,3,2,0,0,1,2,9,4.0,0022400163,Tristan da Silva,tristan da silva,,,2024-11-04,0,0.26640355204736066,0.0,0.08880118401578688,0.05920078934385792,0.0,4.0,5.0,6.0,3.0,7.0,6.0,1.0,3.0,1.0,0,0.0,0,0.00165,5.8,3513.022410660206,5.79043,0.0,9.0,10.0,0.29691124
0022400163,1610612753,Orlando,Magic,ORL,magic,1630532,Franz,Wagner,F. Wagner,franz-wagner,F,,,34:09,34.15,8,17,0.471,1,4,0.25,5,6,0.833,2,2,4,2,2,0,5,2,22,1.0,0022400163,Franz Wagner,franz wagner,,,2024-11-04,2,0.6442166910688141,0.05856515373352855,0.1171303074670571,0.05856515373352855,0.1171303074670571,1.0,2.0,5.0,3.0,2.0,6.0,2.0,2.0,4.0,0,0.0,0,0.00316,3.0,949.0667510281556,2.99052,0.05856515373352855,3.0,6.0,0.72539824
0022400163,1610612753,Orlando,Magic,ORL,magic,1629048,Goga,Bitadze,G. Bitadze,goga-bitadze,C,,,26:44,26.733333333333334,5,8,0.625,0,1,0.0,1,2,0.5,3,6,9,4,1,1,1,2,11,0.0,0022400163,Goga Bitadze,goga bitadze,,,2024-11-04,2,0.41147132169576056,0.11221945137157106,0.33665835411471323,0.14962593516209477,0.18703241895261843,3.0,1.0,1.0,2.0,5.0,1.0,5.0,5.0,1.0,0,0.0,0,0.00167,0.0,0.0,0.0,0.07481296758104738,3.0,2.0,0.71533614
0022400163,1610612753,Orlando,Magic,ORL,magic,203484,Kentavious,Caldwell-Pope,K. Caldwell-Pope,kentavious-caldwell-pope,G,,,30:49,30.816666666666666,1,7,0.143,1,4,0.25,3,3,1.0,0,5,5,2,4,1,1,1,6,-1.0,0022400163,Kentavious Caldwell-Pope,kentavious caldwell-pope,,,2024-11-04,5,0.19469983775013522,0.0,0.16224986479177933,0.06489994591671173,0.16224986479177933,6.0,5.0,4.0,3.0,1.0,1.0,6.0,4.0,5.0,0,0.0,0,0.00127,1.5,1180.1730920535013,1.498095,0.16224986479177933,1.0,3.0,0.08794053
0022400163,1610612753,Orlando,Magic,ORL,magic,1630591,Jalen,Suggs,J. Suggs,jalen-suggs,G,,,34:59,34.983333333333334,6,13,0.462,1,4,0.25,6,6,1.0,0,6,6,6,0,1,2,4,19,-17.0,0022400163,Jalen Suggs,jalen suggs,,,2024-11-04,1,0.5431157694140066,0.0,0.1715102429728442,0.1715102429728442,0.028585040495474036,2.0,5.0,3.0,1.0,7.0,1.0,10.0,1.0,1.0,0,0.0,0,0.0020499999999999997,-23.3,-11360.3120429059,-23.252235000000002,0.028585040495474036,6.0,9.0,0.79835916
0022400163,1610612753,Orlando,Magic,ORL,magic,1629021,Moritz,Wagner,M. Wagner,moritz-wagner,,,,21:16,21.266666666666666,2,5,0.4,0,2,0.0,5,6,0.833,0,7,7,1,2,1,4,2,9,-16.0,0022400163,Moritz Wagner,moritz wagner,,,2024-11-04,3,0.42319749216300945,0.0,0.329153605015674,0.047021943573667714,0.14106583072100315,4.0,5.0,2.0,7.0,2.0,1.0,9.0,6.0,1.0,0,0.0,0,0.00218,-32.7,-14993.122420907841,-32.628714,0.14106583072100315,2.0,5.0,0.054214574
0022400163,1610612753,Orlando,Magic,ORL,magic,1641724,Jett,Howard,J. Howard,jett-howard,,,,11:11,11.183333333333334,0,2,0.0,0,2,0.0,0,0,0.0,0,0,0,0,0,1,0,0,0,-9.0,0022400163,Jett Howard,jett howard,,,2024-11-04,1,0.0,0.0,0.0,0.0,0.08941877794336811,10.0,5.0,11.0,9.0,7.0,1.0,8.0,8.0,0.0,0,0.0,0,0.0006900000000000001,-36.0,-52098.40810419681,-35.97516,0.08941877794336811,6.0,8.0,0.003935138
0022400163,1610612753,Orlando,Magic,ORL,magic,1628371,Jonathan,Isaac,J. Isaac,jonathan-isaac,,,,10:60,11.0,1,3,0.333,0,2,0.0,2,2,1.0,1,0,1,0,0,0,1,1,4,-21.0,0022400163,Jonathan Isaac,jonathan isaac,,,2024-11-04,0,0.36363636363636365,0.09090909090909091,0.09090909090909091,0.0,0.09090909090909091,7.0,3.0,9.0,9.0,7.0,6.0,12.0,9.0,0.0,0,0.0,0,0.00179,-79.1,-44165.27079843663,-78.958411,0.0,9.0,7.0,0.011057874
0022400163,1610612753,Orlando,Magic,ORL,magic,1641710,Anthony,Black,A. Black,anthony-black,,,,20:37,20.616666666666667,1,8,0.125,0,5,0.0,1,2,0.5,1,2,3,2,2,0,3,0,3,-18.0,0022400163,Anthony Black,anthony black,,,2024-11-04,2,0.14551333872271624,0.04850444624090541,0.14551333872271624,0.09700889248181083,0.14551333872271624,8.0,3.0,6.0,3.0,2.0,6.0,11.0,7.0,4.0,0,0.0,0,0.0023499999999999997,-40.0,-17014.03658017865,-39.906,0.09700889248181083,3.0,4.0,0.008483683
0022400163,1610612753,Orlando,Magic,ORL,magic,1631216,Caleb,Houstan,C. Houstan,caleb-houstan,,,,9:05,9.083333333333334,0,3,0.0,0,3,0.0,0,0,0.0,0,1,1,0,0,0,0,1,0,-5.0,0022400163,Caleb Houstan,caleb houstan,,,2024-11-04,0,0.0,0.0,0.11009174311926605,0.0,0.0,10.0,5.0,9.0,9.0,7.0,6.0,7.0,10.0,0.0,0,0.0,0,0.00136,-21.4,-15723.732549595885,-21.370896,0.0,9.0,10.0,0.0039536622
0022400163,1610612753,Orlando,Magic,ORL,magic,202709,Cory,Joseph,C. Joseph,cory-joseph,,,,3:13,3.216666666666667,1,2,0.5,1,2,0.5,0,0,0.0,0,0,0,0,0,0,0,1,3,1.0,0022400163,Cory Joseph,cory joseph,,,2024-11-04,0,0.9326424870466321,0.0,0.0,0.0,0.0,8.0,5.0,11.0,9.0,7.0,6.0,2.0,11.0,,1,,1,0.0025,19.6,7836.865253898441,19.551000000000002,0.0,9.0,10.0,0.013841351
0022400163,1610612753,Orlando,Magic,ORL,magic,1630175,Cole,Anthony,C. Anthony,cole-anthony,,,,3:10,3.1666666666666665,0,2,0.0,0,1,0.0,0,0,0.0,0,2,2,1,1,0,0,0,0,1.0,0022400163,Cole Anthony,cole anthony,,,2024-11-04,1,0.0,0.0,0.6315789473684211,0.31578947368421056,0.31578947368421056,10.0,5.0,8.0,7.0,5.0,6.0,2.0,12.0,1.0,0,0.0,0,0.0025,19.6,7836.865253898441,19.551000000000002,0.31578947368421056,6.0,1.0,0.008720761
0022400170,1610612753,Orlando,Magic,ORL,magic,1641783,Tristan,da Silva,T. da Silva,tristan-da-silva,F,,,23:16,23.266666666666666,2,4,0.5,1,2,0.5,0,0,0.0,0,0,0,3,0,0,1,3,5,-10.0,0022400170,Tristan da Silva,tristan da silva,,,2024-11-06,0,0.21489971346704873,0.0,0.0,0.12893982808022922,0.0,8.0,6.0,8.0,4.0,6.0,4.0,9.0,6.0,0.0,0,0.0,0,0.0009299999999999999,-23.8,-25563.90977443609,-23.777866,0.0,7.0,8.0,0.013816179
0022400170,1610612753,Orlando,Magic,ORL,magic,1630532,Franz,Wagner,F. Wagner,franz-wagner,F,,,39:22,39.36666666666667,10,23,0.435,2,7,0.286,6,8,0.75,1,7,8,6,0,0,3,4,28,-1.0,0022400170,Franz Wagner,franz wagner,,,2024-11-06,0,0.7112616426756986,0.02540220152413209,0.20321761219305673,0.15241320914479253,0.02540220152413209,1.0,4.0,2.0,1.0,6.0,4.0,3.0,1.0,2.0,0,1.0,0,0.00337,0.2,59.329575793533074,0.199326,0.0,7.0,7.0,0.8551636
0022400170,1610612753,Orlando,Magic,ORL,magic,1629048,Goga,Bitadze,G. Bitadze,goga-bitadze,C,,,29:49,29.816666666666666,5,10,0.5,0,2,0.0,0,0,0.0,4,8,12,2,1,3,2,5,10,-5.0,0022400170,Goga Bitadze,goga bitadze,,,2024-11-06,4,0.3353828954723309,0.13415315818893236,0.4024594745667971,0.06707657909446618,0.26830631637786473,6.0,1.0,1.0,5.0,2.0,1.0,8.0,4.0,1.0,0,0.0,0,0.0017399999999999998,-6.5,-3733.4865020103393,-6.48869,0.13415315818893236,1.0,1.0,0.5316381
0022400170,1610612753,Orlando,Magic,ORL,magic,203484,Kentavious,Caldwell-Pope,K. Caldwell-Pope,kentavious-caldwell-pope,G,,,37:24,37.4,5,10,0.5,2,5,0.4,1,1,1.0,2,3,5,2,1,0,0,1,13,5.0,0022400170,Kentavious Caldwell-Pope,kentavious caldwell-pope,,,2024-11-06,1,0.34759358288770054,0.053475935828877004,0.13368983957219252,0.053475935828877004,0.08021390374331551,4.0,2.0,4.0,5.0,2.0,4.0,1.0,2.0,1.0,0,0.0,0,0.0011899999999999999,8.4,7052.896725440808,8.390004,0.026737967914438502,4.0,4.0,0.6998213
0022400170,1610612753,Orlando,Magic,ORL,magic,1630591,Jalen,Suggs,J. Suggs,jalen-suggs,G,,,35:40,35.666666666666664,6,10,0.6,1,3,0.333,2,2,1.0,1,4,5,6,1,1,5,3,15,-14.0,0022400170,Jalen Suggs,jalen suggs,,,2024-11-06,2,0.42056074766355145,0.028037383177570097,0.14018691588785048,0.16822429906542058,0.08411214953271029,2.0,4.0,4.0,1.0,2.0,2.0,10.0,3.0,3.0,0,0.0,0,0.0018599999999999999,-15.5,-8328.85545405696,-15.47117,0.05607476635514019,2.0,3.0,0.49524286
0022400170,1610612753,Orlando,Magic,ORL,magic,1641724,Jett,Howard,J. Howard,jett-howard,,,,3:05,3.0833333333333335,0,3,0.0,0,2,0.0,0,0,0.0,0,0,0,0,0,0,1,1,0,-3.0,0022400170,Jett Howard,jett howard,,,2024-11-06,0,0.0,0.0,0.0,0.0,0.0,10.0,6.0,8.0,8.0,6.0,4.0,5.0,10.0,,1,,1,0.004,-59.5,-14871.282179455135,-59.262,0.0,7.0,8.0,0.0026180397
0022400170,1610612753,Orlando,Magic,ORL,magic,1628371,Jonathan,Isaac,J. Isaac,jonathan-isaac,,,,15:30,15.5,4,4,1.0,0,0,0.0,1,2,0.5,2,4,6,0,0,1,1,0,9,1.0,0022400170,Jonathan Isaac,jonathan isaac,,,2024-11-06,1,0.5806451612903226,0.12903225806451613,0.3870967741935484,0.0,0.1935483870967742,7.0,2.0,3.0,8.0,6.0,2.0,2.0,7.0,1.0,0,0.0,0,0.0014299999999999998,-0.3,-209.643605870021,-0.299571,0.06451612903225806,4.0,2.0,0.7695396
0022400170,1610612753,Orlando,Magic,ORL,magic,1641710,Anthony,Black,A. Black,anthony-black,,,,26:60,27.0,4,7,0.571,0,1,0.0,4,6,0.667,0,0,0,6,2,0,1,4,12,-3.0,0022400170,Anthony Black,anthony black,,,2024-11-06,2,0.4444444444444444,0.0,0.0,0.2222222222222222,0.07407407407407407,5.0,6.0,8.0,1.0,1.0,4.0,5.0,5.0,3.0,0,0.0,0,0.00167,-3.2,-1915.020945541592,-3.194656,0.07407407407407407,2.0,5.0,0.5857164
0022400170,1610612753,Orlando,Magic,ORL,magic,1629021,Moritz,Wagner,M. Wagner,moritz-wagner,,,,14:36,14.6,4,8,0.5,0,1,0.0,6,7,0.857,0,1,1,1,1,0,1,1,14,-3.0,0022400170,Moritz Wagner,moritz wagner,,,2024-11-06,1,0.9589041095890412,0.0,0.0684931506849315,0.0684931506849315,0.0684931506849315,3.0,6.0,6.0,7.0,2.0,4.0,5.0,8.0,2.0,0,0.0,0,0.0035299999999999997,-13.7,-3879.9207023506087,-13.651639,0.0684931506849315,4.0,6.0,0.8022494
0022400170,1610612753,Orlando,Magic,ORL,magic,203914,Gary,Harris,G. Harris,gary-harris,,,,14:18,14.3,2,3,0.667,1,2,0.5,0,0,0.0,0,1,1,0,0,0,1,0,5,-2.0,0022400170,Gary Harris,gary harris,,,2024-11-06,0,0.34965034965034963,0.0,0.06993006993006992,0.0,0.0,8.0,6.0,6.0,8.0,6.0,4.0,4.0,9.0,2.0,0,0.0,0,0.00111,-2.9,-2610.2610261026102,-2.896781,0.0,7.0,8.0,0.025902925
0022400186,1610612753,Orlando,Magic,ORL,magic,1641783,Tristan,da Silva,T. da Silva,tristan-da-silva,F,,,26:40,26.666666666666668,3,11,0.273,1,7,0.143,0,0,0.0,0,3,3,1,0,0,0,1,7,10.0,0022400186,Tristan da Silva,tristan da silva,,,2024-11-08,0,0.2625,0.0,0.11249999999999999,0.0375,0.0,7.0,6.0,6.0,9.0,6.0,7.0,6.0,5.0,1.0,0,0.0,0,0.00183,17.3,9448.388858547243,17.268341,0.0,9.0,10.0,0.044562288
0022400186,1610612753,Orlando,Magic,ORL,magic,1630532,Franz,Wagner,F. Wagner,franz-wagner,F,,,32:26,32.43333333333333,9,18,0.5,2,5,0.4,7,8,0.875,2,3,5,6,2,0,2,2,27,8.0,0022400186,Franz Wagner,franz wagner,,,2024-11-08,2,0.8324768756423434,0.061664953751284696,0.15416238437821173,0.1849948612538541,0.12332990750256939,1.0,2.0,4.0,1.0,2.0,7.0,8.0,2.0,2.0,0,0.0,0,0.00312,12.5,4005.126561999359,12.461,0.061664953751284696,4.0,5.0,0.79068714
0022400186,1610612753,Orlando,Magic,ORL,magic,1629048,Goga,Bitadze,G. Bitadze,goga-bitadze,C,,,26:43,26.716666666666665,5,6,0.833,0,0,0.0,1,1,1.0,5,4,9,3,1,2,0,3,11,7.0,0022400186,Goga Bitadze,goga bitadze,,,2024-11-08,3,0.4117280099812851,0.1871490954460387,0.33686837180286966,0.11228945726762321,0.2994385527136619,3.0,1.0,1.0,4.0,3.0,1.0,10.0,4.0,1.0,0,0.0,0,0.00098,13.7,13965.341488277269,13.686574,0.11228945726762321,2.0,2.0,0.73425037
0022400186,1610612753,Orlando,Magic,ORL,magic,203484,Kentavious,Caldwell-Pope,K. Caldwell-Pope,kentavious-caldwell-pope,G,,,29:03,29.05,3,9,0.333,0,4,0.0,1,1,1.0,0,3,3,5,4,1,0,1,7,11.0,0022400186,Kentavious Caldwell-Pope,kentavious caldwell-pope,,,2024-11-08,5,0.24096385542168675,0.0,0.10327022375215146,0.1721170395869191,0.1721170395869191,7.0,6.0,6.0,2.0,1.0,3.0,5.0,3.0,4.0,0,0.0,0,0.00136,19.3,14180.749448934608,19.273752,0.1721170395869191,1.0,4.0,0.1683781
0022400186,1610612753,Orlando,Magic,ORL,magic,1630591,Jalen,Suggs,J. Suggs,jalen-suggs,G,,,32:43,32.71666666666667,3,9,0.333,1,6,0.167,0,0,0.0,0,6,6,3,1,2,5,1,7,9.0,0022400186,Jalen Suggs,jalen suggs,,,2024-11-08,3,0.2139582272032603,0.0,0.18339276617422312,0.09169638308711156,0.09169638308711156,7.0,6.0,2.0,4.0,3.0,1.0,7.0,1.0,3.0,0,0.0,0,0.00187,12.3,6574.024585783005,12.276999,0.09169638308711156,2.0,7.0,0.045702513
0022400186,1610612753,Orlando,Magic,ORL,magic,1641710,Anthony,Black,A. Black,anthony-black,,,,24:16,24.266666666666666,4,6,0.667,0,0,0.0,3,4,0.75,1,2,3,4,0,1,2,4,11,16.0,0022400186,Anthony Black,anthony black,,,2024-11-08,1,0.4532967032967033,0.04120879120879121,0.12362637362637363,0.16483516483516483,0.08241758241758242,3.0,4.0,6.0,3.0,6.0,3.0,3.0,6.0,1.0,0,0.0,0,0.00179,36.7,20491.345616973762,36.63430700000001,0.04120879120879121,5.0,9.0,0.6246048
0022400186,1610612753,Orlando,Magic,ORL,magic,1628371,Jonathan,Isaac,J. Isaac,jonathan-isaac,,,,8:53,8.883333333333333,4,4,1.0,0,0,0.0,2,2,1.0,2,0,2,0,0,0,0,0,10,8.0,0022400186,Jonathan Isaac,jonathan isaac,,,2024-11-08,0,1.125703564727955,0.22514071294559101,0.22514071294559101,0.0,0.22514071294559101,5.0,2.0,9.0,10.0,6.0,7.0,8.0,10.0,0.0,0,0.0,0,0.0016,38.9,24297.31417863835,38.837759999999996,0.0,9.0,3.0,0.37545887
0022400186,1610612753,Orlando,Magic,ORL,magic,203914,Gary,Harris,G. Harris,gary-harris,,,,19:29,19.483333333333334,2,3,0.667,1,2,0.5,2,3,0.667,1,0,1,2,0,1,0,1,7,26.0,0022400186,Gary Harris,gary harris,,,2024-11-08,1,0.3592814371257485,0.05132591958939264,0.05132591958939264,0.10265183917878529,0.10265183917878529,7.0,4.0,10.0,6.0,6.0,3.0,1.0,7.0,1.0,0,0.0,0,0.00083,63.4,76293.62214199759,63.347378,0.05132591958939264,5.0,6.0,0.3818561
0022400186,1610612753,Orlando,Magic,ORL,magic,1629021,Moritz,Wagner,M. Wagner,moritz-wagner,,,,18:15,18.25,8,11,0.727,1,1,1.0,0,0,0.0,0,4,4,2,0,0,3,0,17,17.0,0022400186,Moritz Wagner,moritz wagner,,,2024-11-08,0,0.9315068493150684,0.0,0.2191780821917808,0.1095890410958904,0.0,2.0,6.0,5.0,6.0,6.0,7.0,2.0,8.0,2.0,0,0.0,0,0.00318,41.2,12951.901917635963,41.06898400000001,0.0,9.0,10.0,0.89987195
0022400186,1610612753,Orlando,Magic,ORL,magic,1630175,Cole,Anthony,C. Anthony,cole-anthony,,,,12:00,12.0,3,5,0.6,1,3,0.333,1,2,0.5,0,6,6,2,1,0,1,0,8,14.0,0022400186,Cole Anthony,cole anthony,,,2024-11-08,1,0.6666666666666666,0.0,0.5,0.16666666666666666,0.08333333333333333,6.0,6.0,2.0,6.0,3.0,7.0,4.0,9.0,1.0,0,0.0,0,0.0028000000000000004,56.0,19992.859692966795,55.843199999999996,0.08333333333333333,5.0,8.0,0.2607126
0022400186,1610612753,Orlando,Magic,ORL,magic,1641724,Jett,Howard,J. Howard,jett-howard,,,,4:17,4.283333333333333,0,1,0.0,0,1,0.0,0,0,0.0,0,0,0,0,0,0,0,1,0,3.0,0022400186,Jett Howard,jett howard,,,2024-11-08,0,0.0,0.0,0.0,0.0,0.0,12.0,6.0,12.0,10.0,6.0,7.0,11.0,11.0,1.0,0,0.0,0,0.00111,33.3,29972.99729972997,33.263037,0.0,9.0,10.0,0.0025319203
0022400186,1610612753,Orlando,Magic,ORL,magic,1631216,Caleb,Houstan,C. Houstan,caleb-houstan,,,,3:02,3.033333333333333,0,1,0.0,0,1,0.0,0,0,0.0,0,1,1,0,0,1,0,0,0,3.0,0022400186,Caleb Houstan,caleb houstan,,,2024-11-08,1,0.0,0.0,0.32967032967032966,0.0,0.32967032967032966,12.0,6.0,10.0,10.0,6.0,3.0,11.0,12.0,1.0,0,0.0,0,0.0014299999999999998,42.9,29979.035639413003,42.838652999999994,0.32967032967032966,5.0,1.0,0.00650852
0022400186,1610612753,Orlando,Magic,ORL,magic,202709,Cory,Joseph,C. Joseph,cory-joseph,,,,2:13,2.216666666666667,1,2,0.5,1,2,0.5,0,0,0.0,0,0,0,0,0,0,0,0,3,3.0,0022400186,Cory Joseph,cory joseph,,,2024-11-08,0,1.3533834586466165,0.0,0.0,0.0,0.0,11.0,6.0,12.0,10.0,6.0,7.0,11.0,13.0,0.0,0,0.0,0,0.004,60.0,14996.250937265682,59.76,0.0,9.0,10.0,0.016694995
0022400204,1610612753,Orlando,Magic,ORL,magic,1641783,Tristan,da Silva,T. da Silva,tristan-da-silva,F,,,31:37,31.616666666666667,4,9,0.444,2,5,0.4,1,1,1.0,1,3,4,2,2,0,2,5,11,21.0,0022400204,Tristan da Silva,tristan da silva,,,2024-11-10,2,0.34791776489193466,0.0316288877174486,0.1265155508697944,0.0632577754348972,0.09488666315234581,5.0,4.0,4.0,5.0,1.0,5.0,1.0,1.0,1.0,0,0.0,0,0.00147,32.8,22297.75662814412,32.751784,0.0632577754348972,1.0,6.0,0.7228196
0022400204,1610612753,Orlando,Magic,ORL,magic,1630532,Franz,Wagner,F. Wagner,franz-wagner,F,,,28:39,28.65,9,20,0.45,1,5,0.2,4,4,1.0,0,4,4,7,1,0,0,0,23,16.0,0022400204,Franz Wagner,franz wagner,,,2024-11-10,1,0.8027923211169284,0.0,0.13961605584642234,0.2443280977312391,0.034904013961605584,1.0,9.0,4.0,1.0,2.0,5.0,3.0,2.0,5.0,0,0.0,0,0.00309,24.6,7958.589453251376,24.523986,0.034904013961605584,4.0,10.0,0.6679884
0022400204,1610612753,Orlando,Magic,ORL,magic,1629048,Goga,Bitadze,G. Bitadze,goga-bitadze,C,,,21:39,21.65,5,6,0.833,0,0,0.0,0,0,0.0,6,6,12,3,0,1,0,1,10,13.0,0022400204,Goga Bitadze,goga bitadze,,,2024-11-10,1,0.4618937644341802,0.2771362586605081,0.5542725173210162,0.13856812933025406,0.32332563510392615,6.0,1.0,1.0,3.0,6.0,2.0,7.0,6.0,1.0,0,0.0,0,0.00115,24.9,21633.36229365769,24.871364999999997,0.046189376443418015,4.0,2.0,0.7422415
0022400204,1610612753,Orlando,Magic,ORL,magic,203484,Kentavious,Caldwell-Pope,K. Caldwell-Pope,kentavious-caldwell-pope,G,,,28:00,28.0,2,8,0.25,1,6,0.167,3,3,1.0,1,4,5,3,0,1,1,3,8,16.0,0022400204,Kentavious Caldwell-Pope,kentavious caldwell-pope,,,2024-11-10,1,0.2857142857142857,0.03571428571428571,0.17857142857142858,0.10714285714285714,0.07142857142857142,8.0,4.0,3.0,3.0,6.0,2.0,3.0,3.0,0.0,0,0.0,0,0.00136,30.2,22189.5664952241,30.158928,0.03571428571428571,4.0,7.0,0.08063739
0022400204,1610612753,Orlando,Magic,ORL,magic,1630591,Jalen,Suggs,J. Suggs,jalen-suggs,G,,,18:12,18.2,2,8,0.25,1,6,0.167,0,0,0.0,1,2,3,2,0,0,4,4,5,15.0,0022400204,Jalen Suggs,jalen suggs,,,2024-11-10,0,0.27472527472527475,0.054945054945054944,0.16483516483516483,0.10989010989010989,0.054945054945054944,10.0,4.0,6.0,5.0,6.0,5.0,6.0,9.0,1.0,0,1.0,0,0.0027300000000000002,43.9,16074.697912852433,43.780153,0.0,9.0,9.0,0.024431488
0022400204,1610612753,Orlando,Magic,ORL,magic,1641710,Anthony,Black,A. Black,anthony-black,,,,22:17,22.283333333333335,4,6,0.667,2,3,0.667,2,2,1.0,1,1,2,4,0,2,1,1,12,16.0,0022400204,Anthony Black,anthony black,,,2024-11-10,2,0.5385190725504861,0.044876589379207174,0.08975317875841435,0.1795063575168287,0.13462976813762154,4.0,4.0,8.0,2.0,6.0,1.0,3.0,5.0,0.0,0,0.0,0,0.00154,36.4,23621.025308241402,36.343944,0.08975317875841435,1.0,4.0,0.7706492
0022400204,1610612753,Orlando,Magic,ORL,magic,1628371,Jonathan,Isaac,J. Isaac,jonathan-isaac,,,,18:55,18.916666666666668,2,7,0.286,1,4,0.25,0,0,0.0,2,1,3,0,1,0,0,1,5,5.0,0022400204,Jonathan Isaac,jonathan isaac,,,2024-11-10,1,0.2643171806167401,0.10572687224669602,0.15859030837004404,0.0,0.15859030837004404,10.0,2.0,6.0,9.0,2.0,5.0,10.0,7.0,1.0,0,0.0,0,0.00159,17.2,10810.81081081081,17.172652,0.05286343612334801,4.0,3.0,0.044548362
0022400204,1610612753,Orlando,Magic,ORL,magic,1629021,Moritz,Wagner,M. Wagner,moritz-wagner,,,,22:35,22.583333333333332,5,12,0.417,2,6,0.333,4,7,0.571,2,4,6,2,1,0,0,2,16,18.0,0022400204,Moritz Wagner,moritz wagner,,,2024-11-10,1,0.7084870848708488,0.0885608856088561,0.2656826568265683,0.0885608856088561,0.13284132841328414,2.0,2.0,2.0,5.0,2.0,5.0,2.0,4.0,2.0,0,1.0,0,0.00294,46.4,15776.946616797008,46.263583999999994,0.04428044280442805,4.0,5.0,0.76066893
0022400204,1610612753,Orlando,Magic,ORL,magic,203914,Gary,Harris,G. Harris,gary-harris,,,,18:43,18.716666666666665,2,4,0.5,2,4,0.5,0,0,0.0,0,1,1,0,0,0,1,0,6,9.0,0022400204,Gary Harris,gary harris,,,2024-11-10,0,0.3205699020480855,0.0,0.05342831700801425,0.0,0.0,9.0,9.0,11.0,9.0,6.0,5.0,8.0,8.0,1.0,0,0.0,0,0.00122,20.3,16625.71662571663,20.275234,0.0,9.0,11.0,0.023827836
0022400204,1610612753,Orlando,Magic,ORL,magic,1630175,Cole,Anthony,C. Anthony,cole-anthony,,,,15:19,15.316666666666666,3,4,0.75,2,3,0.667,8,8,1.0,1,1,2,0,0,0,2,2,16,6.0,0022400204,Cole Anthony,cole anthony,,,2024-11-10,0,1.0446137105549511,0.06528835690968444,0.1305767138193689,0.0,0.06528835690968444,2.0,4.0,8.0,9.0,6.0,5.0,9.0,10.0,,1,,1,0.0025700000000000002,23.4,9101.51691948658,23.339862,0.0,9.0,8.0,0.43098935
0022400204,1610612753,Orlando,Magic,ORL,magic,1641724,Jett,Howard,J. Howard,jett-howard,,,,5:29,5.483333333333333,3,3,1.0,3,3,1.0,0,0,0.0,0,0,0,0,0,0,0,0,9,4.0,0022400204,Jett Howard,jett howard,,,2024-11-10,0,1.641337386018237,0.0,0.0,0.0,0.0,7.0,9.0,12.0,9.0,6.0,5.0,11.0,11.0,,1,,1,0.00214,36.4,17001.401214385798,36.322103999999996,0.0,9.0,11.0,0.07327463
0022400204,1610612753,Orlando,Magic,ORL,magic,202709,Cory,Joseph,C. Joseph,cory-joseph,,,,4:49,4.816666666666666,0,3,0.0,0,2,0.0,0,0,0.0,0,2,2,2,1,1,0,1,0,0.0,0022400204,Cory Joseph,cory joseph,,,2024-11-10,2,0.0,0.0,0.4152249134948097,0.4152249134948097,0.4152249134948097,12.0,9.0,8.0,5.0,2.0,2.0,12.0,12.0,1.0,0,0.0,0,0.0025,0.0,0.0,0.0,0.4152249134948097,1.0,1.0,0.007508193
0022400204,1610612753,Orlando,Magic,ORL,magic,1631216,Caleb,Houstan,C. Houstan,caleb-houstan,,,,3:46,3.7666666666666666,0,1,0.0,0,1,0.0,0,0,0.0,0,0,0,0,0,0,0,1,0,-4.0,0022400204,Caleb Houstan,caleb houstan,,,2024-11-10,0,0.0,0.0,0.0,0.0,0.0,12.0,9.0,12.0,9.0,6.0,5.0,13.0,13.0,0.0,0,0.0,0,0.00111,-57.1,-51395.1395139514,-57.036619,0.0,9.0,11.0,0.0022424925
0022400003,1610612753,Orlando,Magic,ORL,magic,1641783,Tristan,da Silva,T. da Silva,tristan-da-silva,F,,,32:02,32.03333333333333,2,6,0.333,1,4,0.25,0,0,0.0,1,5,6,2,0,2,0,1,5,15.0,0022400003,Tristan da Silva,tristan da silva,,,2024-11-12,2,0.15608740894901146,0.03121748178980229,0.18730489073881373,0.06243496357960458,0.09365244536940687,9.0,2.0,2.0,5.0,7.0,1.0,6.0,1.0,1.0,0,0.0,0,0.00082,24.2,29476.248477466503,24.180155999999997,0.06243496357960458,4.0,8.0,0.11544907
0022400003,1610612753,Orlando,Magic,ORL,magic,1630532,Franz,Wagner,F. Wagner,franz-wagner,F,,,31:58,31.966666666666665,14,25,0.56,2,9,0.222,2,3,0.667,1,7,8,5,3,0,2,2,32,19.0,0022400003,Franz Wagner,franz wagner,,,2024-11-12,3,1.0010427528675705,0.03128258602711158,0.2502606882168926,0.15641293013555788,0.1251303441084463,1.0,2.0,1.0,1.0,1.0,6.0,3.0,2.0,2.0,0,0.0,0,0.00378,31.5,8331.129330864851,31.38093,0.09384775808133473,1.0,5.0,0.7315551
0022400003,1610612753,Orlando,Magic,ORL,magic,1629048,Goga,Bitadze,G. Bitadze,goga-bitadze,C,,,20:09,20.15,3,5,0.6,0,1,0.0,3,4,0.75,1,1,2,2,0,1,1,2,9,-4.0,0022400003,Goga Bitadze,goga bitadze,,,2024-11-12,1,0.44665012406947896,0.04962779156327544,0.09925558312655088,0.09925558312655088,0.09925558312655088,4.0,2.0,9.0,5.0,7.0,3.0,13.0,7.0,4.0,0,0.0,0,0.00178,-10.0,-5614.823133071309,-9.9822,0.04962779156327544,8.0,7.0,0.12681013
0022400003,1610612753,Orlando,Magic,ORL,magic,203484,Kentavious,Caldwell-Pope,K. Caldwell-Pope,kentavious-caldwell-pope,G,,,24:48,24.8,2,6,0.333,0,2,0.0,2,2,1.0,0,1,1,3,0,0,1,2,6,11.0,0022400003,Kentavious Caldwell-Pope,kentavious caldwell-pope,,,2024-11-12,0,0.24193548387096772,0.0,0.04032258064516129,0.12096774193548386,0.0,7.0,8.0,10.0,3.0,7.0,6.0,8.0,4.0,0.0,0,1.0,0,0.00127,26.0,20456.33359559402,25.96698,0.0,10.0,10.0,0.012652208
0022400003,1610612753,Orlando,Magic,ORL,magic,1630591,Jalen,Suggs,J. Suggs,jalen-suggs,G,,,28:00,28.0,7,14,0.5,3,5,0.6,0,0,0.0,0,4,4,4,2,1,2,3,17,17.0,0022400003,Jalen Suggs,jalen suggs,,,2024-11-12,3,0.6071428571428571,0.0,0.14285714285714285,0.14285714285714285,0.10714285714285714,3.0,8.0,5.0,2.0,2.0,3.0,5.0,3.0,2.0,0,0.0,0,0.00242,28.8,11895.910780669145,28.730304,0.10714285714285714,1.0,6.0,0.7228241
0022400003,1610612753,Orlando,Magic,ORL,magic,1628371,Jonathan,Isaac,J. Isaac,jonathan-isaac,,,,14:00,14.0,3,4,0.75,1,2,0.5,0,0,0.0,1,3,4,1,2,1,0,1,7,12.0,0022400003,Jonathan Isaac,jonathan isaac,,,2024-11-12,3,0.5,0.07142857142857142,0.2857142857142857,0.07142857142857142,0.2857142857142857,6.0,2.0,5.0,8.0,2.0,3.0,7.0,9.0,4.0,0,0.0,0,0.00125,45.4,36290.96722621903,45.34325,0.21428571428571427,1.0,1.0,0.31580964
0022400003,1610612753,Orlando,Magic,ORL,magic,1641710,Anthony,Black,A. Black,anthony-black,,,,24:35,24.583333333333332,3,12,0.25,1,8,0.125,1,2,0.5,0,5,5,3,0,2,1,4,8,19.0,0022400003,Anthony Black,anthony black,,,2024-11-12,2,0.32542372881355935,0.0,0.2033898305084746,0.12203389830508475,0.08135593220338984,5.0,8.0,3.0,3.0,7.0,1.0,3.0,5.0,0.0,0,0.0,0,0.0025,38.7,15473.810475809676,38.60325,0.08135593220338984,4.0,9.0,0.17175551
0022400003,1610612753,Orlando,Magic,ORL,magic,203914,Gary,Harris,G. Harris,gary-harris,,,,16:48,16.8,0,2,0.0,0,2,0.0,0,0,0.0,1,2,3,1,2,0,0,0,0,20.0,0022400003,Gary Harris,gary harris,,,2024-11-12,2,0.0,0.05952380952380952,0.17857142857142858,0.05952380952380952,0.17857142857142858,12.0,2.0,7.0,8.0,2.0,6.0,2.0,8.0,2.0,0,0.0,0,0.0005,60.4,120558.88223552893,60.369800000000005,0.11904761904761904,4.0,3.0,0.12525573
0022400003,1610612753,Orlando,Magic,ORL,magic,1629021,Moritz,Wagner,M. Wagner,moritz-wagner,,,,23:32,23.533333333333335,5,7,0.714,2,4,0.5,6,6,1.0,2,3,5,1,2,0,2,1,18,30.0,0022400003,Moritz Wagner,moritz wagner,,,2024-11-12,2,0.7648725212464589,0.08498583569405098,0.21246458923512745,0.04249291784702549,0.16997167138810196,2.0,1.0,3.0,8.0,2.0,6.0,1.0,6.0,3.0,0,0.0,0,0.00196,59.9,30545.63997960224,59.782596,0.08498583569405098,4.0,4.0,0.7898116
0022400003,1610612753,Orlando,Magic,ORL,magic,1630175,Cole,Anthony,C. Anthony,cole-anthony,,,,9:39,9.65,2,5,0.4,1,2,0.5,1,2,0.5,1,2,3,2,1,0,1,2,6,-6.0,0022400003,Cole Anthony,cole anthony,,,2024-11-12,1,0.6217616580310881,0.10362694300518134,0.31088082901554404,0.20725388601036268,0.20725388601036268,7.0,2.0,7.0,5.0,6.0,6.0,14.0,10.0,2.0,0,0.0,0,0.0030399999999999997,-23.8,-7826.372903650115,-23.727648,0.10362694300518134,8.0,2.0,0.11250255
0022400003,1610612753,Orlando,Magic,ORL,magic,1641724,Jett,Howard,J. Howard,jett-howard,,,,6:14,6.233333333333333,1,3,0.333,1,3,0.333,0,0,0.0,0,0,0,0,0,0,1,2,3,-3.0,0022400003,Jett Howard,jett howard,,,2024-11-12,0,0.48128342245989303,0.0,0.0,0.0,0.0,10.0,8.0,13.0,12.0,7.0,6.0,12.0,11.0,,1,,1,0.0023499999999999997,-28.1,-11952.360697575501,-28.033965000000002,0.0,10.0,10.0,0.011457255
0022400003,1610612753,Orlando,Magic,ORL,magic,1631216,Caleb,Houstan,C. Houstan,caleb-houstan,,,,4:19,4.316666666666666,0,0,0.0,0,0,0.0,0,0,0.0,0,1,1,0,0,0,0,0,0,-1.0,0022400003,Caleb Houstan,caleb houstan,,,2024-11-12,0,0.0,0.0,0.23166023166023167,0.0,0.0,12.0,8.0,10.0,12.0,7.0,6.0,9.0,12.0,0.0,0,0.0,0,0.0,-18.2,-18200000.0,-18.2,0.0,10.0,10.0,0.0052843983
0022400003,1610612753,Orlando,Magic,ORL,magic,202709,Cory,Joseph,C. Joseph,cory-joseph,,,,1:58,1.9666666666666668,0,1,0.0,0,1,0.0,0,0,0.0,0,1,1,1,0,0,0,0,0,-2.0,0022400003,Cory Joseph,cory joseph,,,2024-11-12,0,0.0,0.0,0.5084745762711864,0.5084745762711864,0.0,12.0,8.0,10.0,8.0,7.0,6.0,10.0,13.0,0.0,0,0.0,0,0.0014299999999999998,-40.0,-27952.480782669467,-39.9428,0.0,10.0,10.0,0.00277442
0022400003,1610612753,Orlando,Magic,ORL,magic,1630243,Trevelin,Queen,T. Queen,trevelin-queen,,,,1:58,1.9666666666666668,1,3,0.333,1,1,1.0,0,0,0.0,0,0,0,0,0,0,0,1,3,-2.0,0022400003,Trevelin Queen,trevelin queen,,,2024-11-12,0,1.5254237288135593,0.0,0.0,0.0,0.0,10.0,8.0,13.0,12.0,7.0,6.0,10.0,13.0,,1,,1,0.0042899999999999995,-40.0,-9321.83640177115,-39.8284,0.0,10.0,10.0,0.023656933
0022400217,1610612753,Orlando,Magic,ORL,magic,1641783,Tristan,da Silva,T. da Silva,tristan-da-silva,F,,,20:38,20.633333333333333,1,6,0.167,0,2,0.0,1,2,0.5,4,5,9,3,0,0,0,1,3,9.0,0022400217,Tristan da Silva,tristan da silva,,,2024-11-13,0,0.14539579967689822,0.1938610662358643,0.4361873990306947,0.14539579967689822,0.1938610662358643,9.0,2.0,3.0,3.0,5.0,7.0,2.0,7.0,0.0,0,0.0,0,0.00146,24.6,16837.782340862424,24.564084,0.0,7.0,3.0,0.074538045
0022400217,1610612753,Orlando,Magic,ORL,magic,1630532,Franz,Wagner,F. Wagner,franz-wagner,F,,,36:47,36.78333333333333,9,24,0.375,3,8,0.375,8,9,0.889,0,3,3,6,1,1,1,0,29,0.0,0022400217,Franz Wagner,franz wagner,,,2024-11-13,2,0.788400543724513,0.0,0.08155867693701858,0.16311735387403717,0.05437245129134572,1.0,6.0,6.0,1.0,3.0,4.0,6.0,2.0,3.0,0,0.0,0,0.00333,-1.3,-390.2731912338637,-1.295671,0.05437245129134572,5.0,8.0,0.6948549
0022400217,1610612753,Orlando,Magic,ORL,magic,1629048,Goga,Bitadze,G. Bitadze,goga-bitadze,C,,,27:49,27.816666666666666,6,7,0.857,0,0,0.0,0,0,0.0,6,6,12,1,1,2,3,4,12,3.0,0022400217,Goga Bitadze,goga bitadze,,,2024-11-13,3,0.4313960455362493,0.21569802276812464,0.4313960455362493,0.035949670461354104,0.32354703415218694,2.0,1.0,1.0,7.0,3.0,2.0,4.0,4.0,3.0,0,0.0,0,0.00159,7.5,4714.016341923319,7.488075,0.10784901138406232,3.0,1.0,0.8761259
0022400217,1610612753,Orlando,Magic,ORL,magic,203484,Kentavious,Caldwell-Pope,K. Caldwell-Pope,kentavious-caldwell-pope,G,,,34:15,34.25,4,8,0.5,2,5,0.4,0,0,0.0,0,5,5,3,0,0,1,3,10,10.0,0022400217,Kentavious Caldwell-Pope,kentavious caldwell-pope,,,2024-11-13,0,0.291970802919708,0.0,0.145985401459854,0.08759124087591241,0.0,3.0,6.0,4.0,3.0,5.0,7.0,1.0,3.0,2.0,0,0.0,0,0.0011,12.9,11716.621253405996,12.885810000000001,0.0,7.0,9.0,0.37207347
0022400217,1610612753,Orlando,Magic,ORL,magic,1630591,Jalen,Suggs,J. Suggs,jalen-suggs,G,,,37:37,37.61666666666667,2,15,0.133,2,11,0.182,2,2,1.0,1,1,2,3,2,2,4,3,8,8.0,0022400217,Jalen Suggs,jalen suggs,,,2024-11-13,4,0.21267168808152415,0.02658396101019052,0.05316792202038104,0.07975188303057155,0.13291980505095258,5.0,3.0,7.0,3.0,2.0,2.0,3.0,1.0,3.0,0,0.0,0,0.0023,10.5,4563.233376792698,10.475850000000001,0.10633584404076207,2.0,5.0,0.087007426
0022400217,1610612753,Orlando,Magic,ORL,magic,1629021,Moritz,Wagner,M. Wagner,moritz-wagner,,,,17:30,17.5,4,7,0.571,2,4,0.5,0,0,0.0,1,1,2,0,0,0,5,3,10,1.0,0022400217,Moritz Wagner,moritz wagner,,,2024-11-13,0,0.5714285714285714,0.05714285714285714,0.11428571428571428,0.0,0.05714285714285714,3.0,3.0,7.0,10.0,5.0,7.0,5.0,8.0,2.0,0,0.0,0,0.00293,4.9,1671.7843739338111,4.885643000000001,0.0,7.0,7.0,0.5583118
0022400217,1610612753,Orlando,Magic,ORL,magic,1628371,Jonathan,Isaac,J. Isaac,jonathan-isaac,,,,22:20,22.333333333333332,3,5,0.6,2,3,0.667,0,0,0.0,1,10,11,1,0,3,0,3,8,0.0,0022400217,Jonathan Isaac,jonathan isaac,,,2024-11-13,3,0.35820895522388063,0.04477611940298508,0.49253731343283585,0.04477611940298508,0.17910447761194032,5.0,3.0,2.0,7.0,5.0,1.0,6.0,6.0,1.0,0,0.0,0,0.00096,0.0,0.0,0.0,0.13432835820895522,3.0,4.0,0.31169876
0022400217,1610612753,Orlando,Magic,ORL,magic,1641710,Anthony,Black,A. Black,anthony-black,,,,24:45,24.75,2,5,0.4,0,1,0.0,2,2,1.0,0,4,4,6,4,1,2,0,6,-4.0,0022400217,Anthony Black,anthony black,,,2024-11-13,5,0.24242424242424243,0.0,0.16161616161616163,0.24242424242424243,0.20202020202020202,7.0,6.0,5.0,1.0,1.0,4.0,9.0,5.0,4.0,0,0.0,0,0.0014299999999999998,-9.4,-6568.832983927325,-9.386557999999999,0.20202020202020202,1.0,2.0,0.06289797
0022400217,1610612753,Orlando,Magic,ORL,magic,1641724,Jett,Howard,J. Howard,jett-howard,,,,13:45,13.75,2,3,0.667,2,3,0.667,0,0,0.0,0,0,0,2,0,1,1,2,6,-6.0,0022400217,Jett Howard,jett howard,,,2024-11-13,1,0.43636363636363634,0.0,0.0,0.14545454545454545,0.07272727272727272,7.0,6.0,10.0,6.0,5.0,4.0,10.0,9.0,0.0,0,0.0,0,0.00133,-21.4,-16078.136739293765,-21.371537999999997,0.07272727272727272,6.0,6.0,0.085605755
0022400217,1610612753,Orlando,Magic,ORL,magic,1630175,Cole,Anthony,C. Anthony,cole-anthony,,,,4:35,4.583333333333333,1,4,0.25,0,1,0.0,0,0,0.0,0,2,2,1,0,0,0,0,2,-1.0,0022400217,Cole Anthony,cole anthony,,,2024-11-13,0,0.4363636363636364,0.0,0.4363636363636364,0.2181818181818182,0.0,10.0,6.0,7.0,7.0,5.0,7.0,8.0,10.0,,1,,1,0.00444,-2.8,-630.4886286872324,-2.787568,0.0,7.0,9.0,0.010898719
0022400010,1610612753,Orlando,Magic,ORL,magic,1641783,Tristan,da Silva,T. da Silva,tristan-da-silva,F,,,18:24,18.4,2,5,0.4,0,3,0.0,2,2,1.0,0,3,3,0,1,0,0,1,6,-10.0,0022400010,Tristan da Silva,tristan da silva,,,2024-11-15,1,0.32608695652173914,0.0,0.16304347826086957,0.0,0.05434782608695653,6.0,7.0,6.0,8.0,3.0,6.0,13.0,8.0,1.0,0,0.0,0,0.00136,-20.1,-14768.55253490081,-20.072664,0.05434782608695653,6.0,9.0,0.046668515
0022400010,1610612753,Orlando,Magic,ORL,magic,1630532,Franz,Wagner,F. Wagner,franz-wagner,F,,,40:43,40.71666666666667,10,23,0.435,5,11,0.455,6,6,1.0,1,10,11,6,2,1,0,4,31,18.0,0022400010,Franz Wagner,franz wagner,,,2024-11-15,3,0.7613589848546868,0.024559967253376995,0.2701596397871469,0.14735980352026196,0.09823986901350798,1.0,3.0,1.0,1.0,1.0,2.0,2.0,1.0,3.0,0,0.0,0,0.0028899999999999998,23.1,7990.314769975787,23.033241000000004,0.07367990176013098,1.0,7.0,0.85438645
0022400010,1610612753,Orlando,Magic,ORL,magic,1629048,Goga,Bitadze,G. Bitadze,goga-bitadze,C,,,26:54,26.9,1,1,1.0,0,0,0.0,0,0,0.0,1,3,4,1,1,2,5,2,2,-3.0,0022400010,Goga Bitadze,goga bitadze,,,2024-11-15,3,0.07434944237918216,0.03717472118959108,0.14869888475836432,0.03717472118959108,0.14869888475836432,9.0,3.0,4.0,4.0,3.0,1.0,11.0,4.0,5.0,0,0.0,0,0.0010299999999999999,-1.9,-1842.870999030068,-1.898043,0.11152416356877325,1.0,3.0,0.017369675
0022400010,1610612753,Orlando,Magic,ORL,magic,203484,Kentavious,Caldwell-Pope,K. Caldwell-Pope,kentavious-caldwell-pope,G,,,33:25,33.416666666666664,3,9,0.333,2,6,0.333,0,0,0.0,0,1,1,1,2,0,2,2,8,8.0,0022400010,Kentavious Caldwell-Pope,kentavious caldwell-pope,,,2024-11-15,2,0.23940149625935164,0.0,0.029925187032418955,0.029925187032418955,0.05985037406483791,5.0,7.0,7.0,4.0,1.0,6.0,4.0,3.0,3.0,0,0.0,0,0.00151,15.9,10522.832561217738,15.875991,0.05985037406483791,3.0,8.0,0.065492734
0022400010,1610612753,Orlando,Magic,ORL,magic,1630591,Jalen,Suggs,J. Suggs,jalen-suggs,G,,,34:29,34.483333333333334,6,16,0.375,1,8,0.125,6,6,1.0,3,4,7,3,1,1,5,4,19,8.0,0022400010,Jalen Suggs,jalen suggs,,,2024-11-15,2,0.5509908168197196,0.08699855002416626,0.2029966167230546,0.08699855002416626,0.14499758337361043,2.0,2.0,3.0,2.0,3.0,2.0,4.0,2.0,5.0,0,1.0,0,0.00293,10.1,3445.9228932105084,10.070407,0.05799903334944417,3.0,5.0,0.5500044
0022400010,1610612753,Orlando,Magic,ORL,magic,1641710,Anthony,Black,A. Black,anthony-black,,,,19:40,19.666666666666668,2,6,0.333,0,1,0.0,0,0,0.0,0,1,1,1,1,0,2,1,4,5.0,0022400010,Anthony Black,anthony black,,,2024-11-15,1,0.20338983050847456,0.0,0.05084745762711864,0.05084745762711864,0.05084745762711864,7.0,7.0,7.0,4.0,3.0,6.0,7.0,7.0,2.0,0,0.0,0,0.0019,11.9,6259.863229879012,11.87739,0.05084745762711864,6.0,10.0,0.01851024
0022400010,1610612753,Orlando,Magic,ORL,magic,1628371,Jonathan,Isaac,J. Isaac,jonathan-isaac,,,,24:54,24.9,4,6,0.667,1,3,0.333,2,4,0.5,4,5,9,0,1,1,1,3,11,21.0,0022400010,Jonathan Isaac,jonathan isaac,,,2024-11-15,2,0.44176706827309237,0.1606425702811245,0.3614457831325301,0.0,0.24096385542168677,4.0,1.0,2.0,8.0,3.0,2.0,1.0,5.0,4.0,0,0.0,0,0.00161,46.1,28615.76660459342,46.025779,0.08032128514056225,3.0,2.0,0.8072093
0022400010,1610612753,Orlando,Magic,ORL,magic,203914,Gary,Harris,G. Harris,gary-harris,,,,13:40,13.666666666666666,0,1,0.0,0,0,0.0,0,0,0.0,1,0,1,0,1,0,0,1,0,8.0,0022400010,Gary Harris,gary harris,,,2024-11-15,1,0.0,0.07317073170731708,0.07317073170731708,0.0,0.14634146341463417,10.0,3.0,7.0,8.0,3.0,6.0,4.0,9.0,2.0,0,0.0,0,0.00032,35.4,110280.37383177568,35.388672,0.07317073170731708,6.0,4.0,0.039636306
0022400010,1610612753,Orlando,Magic,ORL,magic,1629021,Moritz,Wagner,M. Wagner,moritz-wagner,,,,19:53,19.883333333333333,5,7,0.714,1,2,0.5,3,4,0.75,1,3,4,2,1,0,1,0,14,16.0,0022400010,Moritz Wagner,moritz wagner,,,2024-11-15,1,0.7041072925398156,0.05029337803855826,0.20117351215423304,0.10058675607711652,0.10058675607711652,3.0,3.0,4.0,3.0,3.0,6.0,3.0,6.0,2.0,0,0.0,0,0.00217,45.2,20819.898664210043,45.101916,0.05029337803855826,6.0,6.0,0.7537842
0022400010,1610612753,Orlando,Magic,ORL,magic,1630175,Cole,Anthony,C. Anthony,cole-anthony,,,,4:19,4.316666666666666,0,2,0.0,0,1,0.0,0,0,0.0,0,0,0,0,0,0,1,1,0,-8.0,0022400010,Cole Anthony,cole anthony,,,2024-11-15,0,0.0,0.0,0.0,0.0,0.0,10.0,7.0,12.0,8.0,10.0,6.0,12.0,10.0,,1,,1,0.003,-80.0,-26657.780739753412,-79.76,0.0,11.0,11.0,0.0025847848
0022400010,1610612753,Orlando,Magic,ORL,magic,1631216,Caleb,Houstan,C. Houstan,caleb-houstan,,,,1:13,1.2166666666666668,0,1,0.0,0,1,0.0,0,0,0.0,0,1,1,0,0,0,0,0,0,-1.0,0022400010,Caleb Houstan,caleb houstan,,,2024-11-15,0,0.0,0.0,0.821917808219178,0.0,0.0,10.0,7.0,7.0,8.0,10.0,6.0,8.0,11.0,0.0,0,0.0,0,0.0025,-5.0,-1999.200319872051,-4.987500000000001,0.0,11.0,11.0,0.01273251
0022400010,1610612753,Orlando,Magic,ORL,magic,1641724,Jett,Howard,J. Howard,jett-howard,,,,1:13,1.2166666666666668,1,1,1.0,1,1,1.0,0,0,0.0,0,1,1,0,0,1,0,1,3,-1.0,0022400010,Jett Howard,jett howard,,,2024-11-15,1,2.465753424657534,0.0,0.821917808219178,0.0,0.821917808219178,8.0,7.0,7.0,8.0,10.0,2.0,8.0,11.0,1.0,0,0.0,0,0.0025,-5.0,-1999.200319872051,-4.987500000000001,0.821917808219178,6.0,1.0,0.082753696
0022400010,1610612753,Orlando,Magic,ORL,magic,202709,Cory,Joseph,C. Joseph,cory-joseph,,,,1:13,1.2166666666666668,0,0,0.0,0,0,0.0,0,0,0.0,0,0,0,1,0,0,0,1,0,-1.0,0022400010,Cory Joseph,cory joseph,,,2024-11-15,0,0.0,0.0,0.0,0.821917808219178,0.0,10.0,7.0,12.0,4.0,10.0,6.0,8.0,11.0,,1,,1,0.0,-5.0,-5000000.0,-5.0,0.0,11.0,11.0,0.0042272215
0022400249,1610612753,Orlando,Magic,ORL,magic,1641783,Tristan,da Silva,T. da Silva,tristan-da-silva,F,,,26:23,26.383333333333333,1,5,0.2,1,3,0.333,0,0,0.0,1,4,5,6,0,0,0,1,3,9.0,0022400249,Tristan da Silva,tristan da silva,,,2024-11-18,0,0.11370814908401769,0.03790271636133923,0.18951358180669614,0.22741629816803538,0.03790271636133923,8.0,3.0,3.0,3.0,4.0,4.0,3.0,6.0,3.0,0,0.0,0,0.00094,16.4,17428.26780021254,16.384583999999997,0.0,6.0,7.0,0.033782765
0022400249,1610612753,Orlando,Magic,ORL,magic,1630532,Franz,Wagner,F. Wagner,franz-wagner,F,,,39:13,39.21666666666667,12,24,0.5,4,8,0.5,4,5,0.8,0,5,5,8,0,0,1,2,32,12.0,0022400249,Franz Wagner,franz wagner,,,2024-11-18,0,0.8159796005099872,0.0,0.1274968125796855,0.2039949001274968,0.0,1.0,6.0,3.0,2.0,4.0,4.0,2.0,1.0,4.0,0,0.0,0,0.00329,11.7,3555.1504102096624,11.661506999999999,0.0,6.0,9.0,0.8593843
0022400249,1610612753,Orlando,Magic,ORL,magic,1629048,Goga,Bitadze,G. Bitadze,goga-bitadze,C,,,31:09,31.15,7,8,0.875,0,0,0.0,3,4,0.75,3,7,10,1,0,2,1,5,17,9.0,0022400249,Goga Bitadze,goga bitadze,,,2024-11-18,2,0.5457463884430177,0.09630818619582665,0.32102728731942215,0.03210272873194222,0.16051364365971107,3.0,1.0,1.0,5.0,4.0,2.0,3.0,4.0,3.0,0,0.0,0,0.00161,13.8,8566.108007448789,13.777782,0.06420545746388444,3.0,2.0,0.8413046
0022400249,1610612753,Orlando,Magic,ORL,magic,203484,Kentavious,Caldwell-Pope,K. Caldwell-Pope,kentavious-caldwell-pope,G,,,34:14,34.233333333333334,3,5,0.6,1,2,0.5,2,2,1.0,0,1,1,2,1,0,1,1,9,4.0,0022400249,Kentavious Caldwell-Pope,kentavious caldwell-pope,,,2024-11-18,1,0.2629016553067186,0.0,0.029211295034079845,0.05842259006815969,0.029211295034079845,5.0,6.0,9.0,4.0,2.0,4.0,5.0,2.0,1.0,0,0.0,0,0.00101,4.5,4451.038575667656,4.495455,0.029211295034079845,5.0,8.0,0.05587943
0022400249,1610612753,Orlando,Magic,ORL,magic,1630591,Jalen,Suggs,J. Suggs,jalen-suggs,G,,,29:39,29.65,4,11,0.364,2,7,0.286,2,2,1.0,0,2,2,1,0,2,3,1,12,-1.0,0022400249,Jalen Suggs,jalen suggs,,,2024-11-18,2,0.40472175379426645,0.0,0.06745362563237774,0.03372681281618887,0.06745362563237774,4.0,6.0,7.0,5.0,4.0,2.0,9.0,5.0,1.0,0,0.0,0,0.00242,2.0,826.1049153242462,1.99516,0.06745362563237774,3.0,6.0,0.34564528
0022400249,1610612753,Orlando,Magic,ORL,magic,1641710,Anthony,Black,A. Black,anthony-black,,,,32:43,32.71666666666667,5,10,0.5,3,5,0.6,7,8,0.875,0,4,4,9,3,0,3,1,20,13.0,0022400249,Anthony Black,anthony black,,,2024-11-18,3,0.6113092205807438,0.0,0.12226184411614874,0.27508914926133465,0.09169638308711156,2.0,6.0,5.0,1.0,1.0,4.0,1.0,3.0,6.0,0,0.0,0,0.00254,24.9,9799.291617473435,24.836754,0.09169638308711156,2.0,3.0,0.8001054
0022400249,1610612753,Orlando,Magic,ORL,magic,1629021,Moritz,Wagner,M. Wagner,moritz-wagner,,,,12:28,12.466666666666667,4,7,0.571,0,2,0.0,1,1,1.0,1,5,6,0,0,0,1,2,9,1.0,0022400249,Moritz Wagner,moritz wagner,,,2024-11-18,0,0.7219251336898396,0.08021390374331551,0.48128342245989303,0.0,0.08021390374331551,5.0,3.0,2.0,8.0,4.0,4.0,7.0,8.0,2.0,0,0.0,0,0.0028599999999999997,11.9,4159.3848304788535,11.865966,0.0,6.0,5.0,0.41783538
0022400249,1610612753,Orlando,Magic,ORL,magic,1628371,Jonathan,Isaac,J. Isaac,jonathan-isaac,,,,19:34,19.566666666666666,3,6,0.5,0,2,0.0,1,2,0.5,2,1,3,0,1,3,0,3,7,4.0,0022400249,Jonathan Isaac,jonathan isaac,,,2024-11-18,4,0.3577512776831346,0.10221465076660988,0.15332197614991483,0.0,0.30664395229982966,7.0,2.0,6.0,8.0,2.0,1.0,5.0,7.0,3.0,0,0.0,0,0.0016300000000000002,13.2,8093.194359288779,13.178484,0.20442930153321975,1.0,1.0,0.2619682
0022400249,1610612753,Orlando,Magic,ORL,magic,203914,Gary,Harris,G. Harris,gary-harris,,,,11:11,11.183333333333334,0,0,0.0,0,0,0.0,0,0,0.0,1,1,2,0,0,0,0,2,0,1.0,0022400249,Gary Harris,gary harris,,,2024-11-18,0,0.0,0.08941877794336811,0.17883755588673622,0.0,0.08941877794336811,9.0,3.0,7.0,8.0,4.0,4.0,7.0,9.0,,1,,1,0.0,8.5,8500000.0,8.5,0.0,6.0,4.0,0.017014857
0022400249,1610612753,Orlando,Magic,ORL,magic,1630175,Cole,Anthony,C. Anthony,cole-anthony,,,,3:26,3.4333333333333336,0,0,0.0,0,0,0.0,0,1,0.0,0,0,0,1,0,0,0,1,0,-2.0,0022400249,Cole Anthony,cole anthony,,,2024-11-18,0,0.0,0.0,0.0,0.2912621359223301,0.0,9.0,6.0,10.0,5.0,4.0,4.0,10.0,10.0,0.0,0,0.0,0,0.0,0.0,0.0,0.0,0.0,6.0,9.0,0.004850169
0022400259,1610612753,Orlando,Magic,ORL,magic,1641783,Tristan,da Silva,T. da Silva,tristan-da-silva,F,,,26:07,26.116666666666667,4,6,0.667,1,2,0.5,1,1,1.0,0,3,3,1,1,0,0,1,10,-8.0,0022400259,Tristan da Silva,tristan da silva,,,2024-11-20,1,0.38289725590299933,0.0,0.1148691767708998,0.03828972559029994,0.03828972559029994,4.0,3.0,2.0,4.0,3.0,6.0,9.0,4.0,2.0,0,0.0,0,0.00109,-17.3,-15857.011915673695,-17.281143,0.03828972559029994,6.0,8.0,0.2735897
0022400259,1610612753,Orlando,Magic,ORL,magic,1630532,Franz,Wagner,F. Wagner,franz-wagner,F,,,34:54,34.9,5,11,0.455,0,4,0.0,4,4,1.0,0,6,6,6,4,0,3,3,14,-18.0,0022400259,Franz Wagner,franz wagner,,,2024-11-20,4,0.4011461318051576,0.0,0.17191977077363899,0.17191977077363899,0.11461318051575932,3.0,3.0,1.0,2.0,1.0,6.0,12.0,1.0,1.0,0,0.0,0,0.00222,-24.7,-11121.116614137774,-24.645166,0.11461318051575932,1.0,4.0,0.67797273
0022400259,1610612753,Orlando,Magic,ORL,magic,1629048,Goga,Bitadze,G. Bitadze,goga-bitadze,C,,,19:58,19.966666666666665,3,6,0.5,0,1,0.0,3,3,1.0,0,2,2,1,1,1,1,2,9,-3.0,0022400259,Goga Bitadze,goga bitadze,,,2024-11-20,2,0.4507512520868114,0.0,0.1001669449081803,0.05008347245409015,0.1001669449081803,6.0,3.0,5.0,4.0,3.0,2.0,7.0,7.0,2.0,0,0.0,0,0.00182,-10.1,-5546.403075233388,-10.081617999999999,0.1001669449081803,3.0,5.0,0.10299711
0022400259,1610612753,Orlando,Magic,ORL,magic,203484,Kentavious,Caldwell-Pope,K. Caldwell-Pope,kentavious-caldwell-pope,G,,,29:41,29.683333333333334,1,6,0.167,0,4,0.0,0,0,0.0,0,2,2,1,1,0,0,3,2,-18.0,0022400259,Kentavious Caldwell-Pope,kentavious caldwell-pope,,,2024-11-20,1,0.06737787759685569,0.0,0.06737787759685569,0.033688938798427846,0.033688938798427846,10.0,3.0,5.0,4.0,3.0,6.0,12.0,2.0,2.0,0,0.0,0,0.00098,-29.0,-29561.67176350663,-28.97158,0.033688938798427846,6.0,10.0,0.009645547
0022400259,1610612753,Orlando,Magic,ORL,magic,1630591,Jalen,Suggs,J. Suggs,jalen-suggs,G,,,25:03,25.05,5,11,0.455,2,6,0.333,4,4,1.0,1,1,2,2,1,1,0,2,16,-10.0,0022400259,Jalen Suggs,jalen suggs,,,2024-11-20,2,0.6387225548902196,0.03992015968063872,0.07984031936127745,0.07984031936127745,0.11976047904191617,2.0,1.0,5.0,3.0,3.0,2.0,10.0,5.0,3.0,0,0.0,0,0.00232,-17.1,-7367.514002585092,-17.060328000000002,0.07984031936127745,3.0,3.0,0.8141628
0022400259,1610612753,Orlando,Magic,ORL,magic,1641710,Anthony,Black,A. Black,anthony-black,,,,29:20,29.333333333333332,5,10,0.5,2,5,0.4,5,9,0.556,0,0,0,8,0,1,6,3,17,0.0,0022400259,Anthony Black,anthony black,,,2024-11-20,1,0.5795454545454546,0.0,0.0,0.27272727272727276,0.034090909090909095,1.0,3.0,10.0,1.0,8.0,2.0,6.0,3.0,0.0,0,0.0,0,0.00313,-1.6,-511.0188438198659,-1.5949920000000002,0.034090909090909095,6.0,9.0,0.7368479
0022400259,1610612753,Orlando,Magic,ORL,magic,203914,Gary,Harris,G. Harris,gary-harris,,,,15:07,15.116666666666667,1,4,0.25,0,3,0.0,0,0,0.0,0,0,0,0,2,0,0,1,2,4.0,0022400259,Gary Harris,gary harris,,,2024-11-20,2,0.1323042998897464,0.0,0.0,0.0,0.1323042998897464,10.0,3.0,10.0,9.0,2.0,6.0,1.0,9.0,3.0,0,0.0,0,0.00114,9.4,8238.387379491674,9.389284,0.1323042998897464,3.0,2.0,0.029698921
0022400259,1610612753,Orlando,Magic,ORL,magic,1629021,Moritz,Wagner,M. Wagner,moritz-wagner,,,,17:00,17.0,4,10,0.4,1,3,0.333,1,1,1.0,0,1,1,0,1,0,2,0,10,-11.0,0022400259,Moritz Wagner,moritz wagner,,,2024-11-20,1,0.5882352941176471,0.0,0.058823529411764705,0.0,0.058823529411764705,4.0,3.0,9.0,9.0,3.0,6.0,11.0,8.0,2.0,0,1.0,0,0.0032400000000000003,-31.4,-9688.367787719839,-31.298264,0.058823529411764705,6.0,7.0,0.41325036
0022400259,1610612753,Orlando,Magic,ORL,magic,1628371,Jonathan,Isaac,J. Isaac,jonathan-isaac,,,,21:53,21.883333333333333,2,5,0.4,2,4,0.5,0,0,0.0,1,2,3,0,0,3,1,0,6,-3.0,0022400259,Jonathan Isaac,jonathan isaac,,,2024-11-20,3,0.2741812642802742,0.0456968773800457,0.1370906321401371,0.0,0.1827875095201828,7.0,1.0,2.0,9.0,8.0,1.0,7.0,6.0,2.0,0,0.0,0,0.0012,-8.6,-7160.699417152374,-8.58968,0.1370906321401371,2.0,1.0,0.11663214
0022400259,1610612753,Orlando,Magic,ORL,magic,1641724,Jett,Howard,J. Howard,jett-howard,,,,11:21,11.35,2,5,0.4,0,3,0.0,0,0,0.0,0,3,3,1,0,1,0,2,4,3.0,0022400259,Jett Howard,jett howard,,,2024-11-20,1,0.3524229074889868,0.0,0.2643171806167401,0.0881057268722467,0.0881057268722467,8.0,3.0,2.0,4.0,8.0,2.0,2.0,10.0,0.0,0,0.0,0,0.00217,13.6,6264.394288346383,13.570488,0.0881057268722467,6.0,6.0,0.050448254
0022400259,1610612753,Orlando,Magic,ORL,magic,1631216,Caleb,Houstan,C. Houstan,caleb-houstan,,,,3:12,3.2,0,0,0.0,0,0,0.0,0,0,0.0,0,0,0,0,0,0,0,0,0,3.0,0022400259,Caleb Houstan,caleb houstan,,,2024-11-20,0,0.0,0.0,0.0,0.0,0.0,12.0,3.0,10.0,9.0,8.0,6.0,2.0,11.0,,1,,1,0.0,42.9,42900000.0,42.9,0.0,11.0,11.0,0.008412901
0022400259,1610612753,Orlando,Magic,ORL,magic,202709,Cory,Joseph,C. Joseph,cory-joseph,,,,3:12,3.2,0,0,0.0,0,0,0.0,0,0,0.0,0,2,2,0,0,0,0,0,0,3.0,0022400259,Cory Joseph,cory joseph,,,2024-11-20,0,0.0,0.0,0.625,0.0,0.0,12.0,3.0,5.0,9.0,8.0,6.0,2.0,11.0,,1,,1,0.0,42.9,42900000.0,42.9,0.0,11.0,11.0,0.012072873
0022400259,1610612753,Orlando,Magic,ORL,magic,1630175,Cole,Anthony,C. Anthony,cole-anthony,,,,3:12,3.2,1,1,1.0,0,0,0.0,1,2,0.5,0,0,0,1,0,0,1,0,3,3.0,0022400259,Cole Anthony,cole anthony,,,2024-11-20,0,0.9375,0.0,0.0,0.3125,0.0,9.0,3.0,10.0,4.0,8.0,6.0,2.0,11.0,,1,,1,0.0042899999999999995,42.9,9997.669540899558,42.715959,0.0,11.0,11.0,0.016639171
0022400263,1610612753,Orlando,Magic,ORL,magic,1641783,Tristan,da Silva,T. da Silva,tristan-da-silva,F,,,31:57,31.95,4,8,0.5,2,3,0.667,2,2,1.0,1,3,4,1,0,0,2,2,12,10.0,0022400263,Tristan da Silva,tristan da silva,,,2024-11-21,0,0.3755868544600939,0.03129890453834116,0.12519561815336464,0.03129890453834116,0.03129890453834116,4.0,4.0,6.0,7.0,5.0,5.0,2.0,3.0,0.0,0,0.0,0,0.0014299999999999998,13.6,9503.843466107619,13.580551999999999,0.0,7.0,9.0,0.49848843
0022400263,1610612753,Orlando,Magic,ORL,magic,1630532,Franz,Wagner,F. Wagner,franz-wagner,F,,,38:43,38.71666666666667,13,26,0.5,4,10,0.4,7,8,0.875,0,6,6,11,4,0,3,5,37,5.0,0022400263,Franz Wagner,franz wagner,,,2024-11-21,4,0.9556607834696512,0.0,0.15497201894102453,0.284115368058545,0.10331467929401636,1.0,9.0,2.0,1.0,1.0,5.0,4.0,2.0,5.0,0,0.0,0,0.0034000000000000002,6.3,1852.396354013525,6.27858,0.10331467929401636,1.0,6.0,0.90221226
0022400263,1610612753,Orlando,Magic,ORL,magic,1629048,Goga,Bitadze,G. Bitadze,goga-bitadze,C,,,29:30,29.5,3,4,0.75,0,0,0.0,1,1,1.0,4,11,15,2,1,1,2,5,7,13.0,0022400263,Goga Bitadze,goga bitadze,,,2024-11-21,2,0.23728813559322035,0.13559322033898305,0.5084745762711864,0.06779661016949153,0.2033898305084746,6.0,1.0,1.0,5.0,3.0,2.0,1.0,4.0,2.0,0,0.0,0,0.0009,24.4,27081.021087680354,24.37804,0.06779661016949153,3.0,2.0,0.73528427
0022400263,1610612753,Orlando,Magic,ORL,magic,203914,Gary,Harris,G. Harris,gary-harris,G,,,25:58,25.966666666666665,4,7,0.571,3,6,0.5,0,0,0.0,1,0,1,1,0,0,1,2,11,1.0,0022400263,Gary Harris,gary harris,,,2024-11-21,0,0.42362002567394097,0.038510911424903725,0.038510911424903725,0.038510911424903725,0.038510911424903725,5.0,4.0,9.0,7.0,5.0,5.0,6.0,5.0,0.0,0,0.0,0,0.00131,4.3,3279.9389778794816,4.294366999999999,0.0,7.0,8.0,0.39966467
0022400263,1610612753,Orlando,Magic,ORL,magic,1630591,Jalen,Suggs,J. Suggs,jalen-suggs,G,,,39:43,39.71666666666667,7,18,0.389,5,13,0.385,4,5,0.8,1,4,5,5,2,2,3,4,23,6.0,0022400263,Jalen Suggs,jalen suggs,,,2024-11-21,4,0.5791019723038187,0.02517834662190516,0.1258917331095258,0.1258917331095258,0.1258917331095258,2.0,4.0,4.0,2.0,2.0,1.0,3.0,1.0,2.0,0,0.0,0,0.00245,8.9,3631.170950632395,8.878195000000002,0.10071338648762064,1.0,4.0,0.8071267
0022400263,1610612753,Orlando,Magic,ORL,magic,1629021,Moritz,Wagner,M. Wagner,moritz-wagner,,,,18:30,18.5,7,13,0.538,1,2,0.5,4,5,0.8,4,1,5,4,0,1,0,2,19,-12.0,0022400263,Moritz Wagner,moritz wagner,,,2024-11-21,1,1.027027027027027,0.21621621621621623,0.2702702702702703,0.21621621621621623,0.2702702702702703,3.0,1.0,4.0,4.0,5.0,2.0,10.0,7.0,2.0,0,0.0,0,0.003,-27.5,-9163.612129290235,-27.4175,0.05405405405405406,4.0,1.0,0.8474395
0022400263,1610612753,Orlando,Magic,ORL,magic,1641710,Anthony,Black,A. Black,anthony-black,,,,22:13,22.216666666666665,2,8,0.25,0,3,0.0,0,0,0.0,1,3,4,5,1,0,2,1,4,-6.0,0022400263,Anthony Black,anthony black,,,2024-11-21,1,0.18004501125281322,0.045011252813203305,0.18004501125281322,0.22505626406601653,0.09002250562640661,7.0,4.0,6.0,2.0,3.0,5.0,7.0,6.0,1.0,0,0.0,0,0.00182,-5.7,-3130.1482701812192,-5.689626,0.045011252813203305,4.0,7.0,0.028327709
0022400263,1610612753,Orlando,Magic,ORL,magic,1628371,Jonathan,Isaac,J. Isaac,jonathan-isaac,,,,18:19,18.316666666666666,1,4,0.25,0,2,0.0,0,0,0.0,1,5,6,0,0,1,1,2,2,-7.0,0022400263,Jonathan Isaac,jonathan isaac,,,2024-11-21,1,0.1091901728844404,0.0545950864422202,0.3275705186533212,0.0,0.1091901728844404,8.0,4.0,2.0,9.0,5.0,2.0,8.0,8.0,2.0,0,0.0,0,0.0010199999999999999,-16.0,-15670.910871694421,-15.98368,0.0545950864422202,4.0,5.0,0.016749296
0022400263,1610612753,Orlando,Magic,ORL,magic,1641724,Jett,Howard,J. Howard,jett-howard,,,,10:45,10.75,1,1,1.0,0,0,0.0,0,0,0.0,2,0,2,2,0,0,1,1,2,-7.0,0022400263,Jett Howard,jett howard,,,2024-11-21,0,0.18604651162790697,0.18604651162790697,0.18604651162790697,0.18604651162790697,0.18604651162790697,8.0,3.0,8.0,5.0,5.0,5.0,8.0,9.0,0.0,0,0.0,0,0.00074,-30.4,-41025.64102564102,-30.377504,0.0,7.0,3.0,0.0072062695
0022400263,1610612753,Orlando,Magic,ORL,magic,1630175,Cole,Anthony,C. Anthony,cole-anthony,,,,4:22,4.366666666666666,1,2,0.5,0,1,0.0,0,0,0.0,0,0,0,0,0,0,1,1,2,2.0,0022400263,Cole Anthony,cole anthony,,,2024-11-21,0,0.45801526717557256,0.0,0.0,0.0,0.0,8.0,9.0,10.0,9.0,5.0,5.0,5.0,10.0,0.0,0,0.0,0,0.00214,11.1,5184.493227463801,11.076246,0.0,7.0,10.0,0.008603687
0022400265,1610612753,Orlando,Magic,ORL,magic,1641783,Tristan,da Silva,T. da Silva,tristan-da-silva,F,,,25:46,25.766666666666666,3,7,0.429,2,4,0.5,0,0,0.0,2,4,6,1,0,0,0,3,8,-2.0,0022400265,Tristan da Silva,tristan da silva,,,2024-11-23,0,0.3104786545924968,0.0776196636481242,0.2328589909443726,0.0388098318240621,0.0776196636481242,5.0,5.0,4.0,5.0,9.0,5.0,9.0,4.0,1.0,0,0.0,0,0.00117,-6.4,-5465.414175918019,-6.392512,0.0,10.0,11.0,0.059457038
0022400265,1610612753,Orlando,Magic,ORL,magic,1630532,Franz,Wagner,F. Wagner,franz-wagner,F,,,29:13,29.216666666666665,11,22,0.5,4,9,0.444,4,4,1.0,3,6,9,8,2,0,4,3,30,16.0,0022400265,Franz Wagner,franz wagner,,,2024-11-23,2,1.026811180832858,0.1026811180832858,0.3080433542498574,0.2738163148887621,0.17113519680547634,1.0,2.0,2.0,1.0,2.0,5.0,1.0,2.0,1.0,0,0.0,0,0.00424,28.1,6625.795802876681,27.980856,0.06845407872219053,5.0,7.0,0.85357803
0022400265,1610612753,Orlando,Magic,ORL,magic,1629048,Goga,Bitadze,G. Bitadze,goga-bitadze,C,,,17:39,17.65,4,5,0.8,0,1,0.0,0,0,0.0,0,1,1,1,1,3,2,3,8,7.0,0022400265,Goga Bitadze,goga bitadze,,,2024-11-23,4,0.453257790368272,0.0,0.056657223796034,0.056657223796034,0.226628895184136,5.0,8.0,8.0,5.0,5.0,1.0,5.0,8.0,4.0,0,0.0,0,0.00194,20.6,10613.086038124678,20.560036,0.226628895184136,2.0,3.0,0.3368099
0022400265,1610612753,Orlando,Magic,ORL,magic,203484,Kentavious,Caldwell-Pope,K. Caldwell-Pope,kentavious-caldwell-pope,G,,,24:24,24.4,3,6,0.5,1,4,0.25,1,1,1.0,0,0,0,2,1,2,1,1,8,16.0,0022400265,Kentavious Caldwell-Pope,kentavious caldwell-pope,,,2024-11-23,3,0.3278688524590164,0.0,0.0,0.0819672131147541,0.12295081967213116,5.0,8.0,10.0,4.0,5.0,3.0,1.0,5.0,1.0,0,0.0,0,0.0013700000000000001,33.3,24288.840262582053,33.254379,0.12295081967213116,3.0,8.0,0.24354623
0022400265,1610612753,Orlando,Magic,ORL,magic,1630591,Jalen,Suggs,J. Suggs,jalen-suggs,G,,,9:02,9.033333333333333,1,3,0.333,0,1,0.0,0,0,0.0,0,0,0,1,0,1,0,0,2,-6.0,0022400265,Jalen Suggs,jalen suggs,,,2024-11-23,1,0.22140221402214022,0.0,0.0,0.11070110701107011,0.11070110701107011,11.0,8.0,10.0,5.0,9.0,4.0,12.0,11.0,0.0,0,0.0,0,0.00167,-35.3,-21125.074805505683,-35.241049,0.11070110701107011,7.0,9.0,0.0050384174
0022400265,1610612753,Orlando,Magic,ORL,magic,1641710,Anthony,Black,A. Black,anthony-black,,,,31:57,31.95,3,8,0.375,1,3,0.333,4,4,1.0,0,1,1,5,2,0,4,2,11,16.0,0022400265,Anthony Black,anthony black,,,2024-11-23,2,0.34428794992175277,0.0,0.03129890453834116,0.1564945226917058,0.06259780907668232,3.0,8.0,8.0,2.0,2.0,5.0,1.0,1.0,1.0,0,1.0,0,0.00189,22.3,11792.702273929139,22.257853,0.06259780907668232,5.0,12.0,0.13451773
0022400265,1610612753,Orlando,Magic,ORL,magic,1629021,Moritz,Wagner,M. Wagner,moritz-wagner,,,,27:43,27.716666666666665,7,11,0.636,1,4,0.25,3,4,0.75,4,3,7,5,1,0,1,2,18,6.0,0022400265,Moritz Wagner,moritz wagner,,,2024-11-23,1,0.6494287432351173,0.14431749849669273,0.2525556223692123,0.1803968731208659,0.1803968731208659,2.0,1.0,3.0,2.0,5.0,5.0,6.0,3.0,2.0,0,0.0,0,0.00203,9.3,4579.025110782865,9.281121,0.03607937462417318,7.0,6.0,0.8355951
0022400265,1610612753,Orlando,Magic,ORL,magic,1628371,Jonathan,Isaac,J. Isaac,jonathan-isaac,,,,22:37,22.616666666666667,1,6,0.167,0,2,0.0,3,4,0.75,3,9,12,0,2,3,0,1,5,11.0,0022400265,Jonathan Isaac,jonathan isaac,,,2024-11-23,5,0.2210759027266028,0.13264554163596168,0.5305821665438467,0.0,0.3537214443625645,9.0,2.0,1.0,10.0,2.0,1.0,4.0,6.0,3.0,0,0.0,0,0.0014299999999999998,26.7,18658.28092243187,26.661818999999998,0.2210759027266028,1.0,2.0,0.59761703
0022400265,1610612753,Orlando,Magic,ORL,magic,203914,Gary,Harris,G. Harris,gary-harris,,,,18:00,18.0,2,3,0.667,1,2,0.5,2,3,0.667,1,1,2,0,3,0,0,2,7,3.0,0022400265,Gary Harris,gary harris,,,2024-11-23,3,0.3888888888888889,0.05555555555555555,0.1111111111111111,0.0,0.2222222222222222,8.0,6.0,6.0,10.0,1.0,5.0,7.0,7.0,5.0,0,0.0,0,0.00067,15.0,22354.694485842025,14.98995,0.16666666666666666,3.0,4.0,0.10456221
0022400265,1610612753,Orlando,Magic,ORL,magic,1641724,Jett,Howard,J. Howard,jett-howard,,,,15:00,15.0,4,8,0.5,2,5,0.4,0,0,0.0,3,1,4,0,0,0,0,1,10,3.0,0022400265,Jett Howard,jett howard,,,2024-11-23,0,0.6666666666666666,0.2,0.26666666666666666,0.0,0.2,4.0,2.0,5.0,10.0,9.0,5.0,7.0,9.0,,1,,1,0.00216,11.5,5321.610365571494,11.475159999999999,0.0,10.0,5.0,0.5019896
0022400265,1610612753,Orlando,Magic,ORL,magic,1630175,Cole,Anthony,C. Anthony,cole-anthony,,,,10:26,10.433333333333334,1,6,0.167,0,2,0.0,2,2,1.0,1,1,2,1,0,0,1,2,4,-5.0,0022400265,Cole Anthony,cole anthony,,,2024-11-23,0,0.38338658146964855,0.09584664536741214,0.19169329073482427,0.09584664536741214,0.09584664536741214,10.0,6.0,6.0,5.0,9.0,5.0,11.0,10.0,1.0,0,0.0,0,0.0025800000000000003,-28.6,-11080.976365749708,-28.526212,0.0,10.0,10.0,0.007906387
0022400265,1610612753,Orlando,Magic,ORL,magic,1631216,Caleb,Houstan,C. Houstan,caleb-houstan,,,,5:36,5.6,0,2,0.0,0,2,0.0,0,0,0.0,0,0,0,0,0,0,0,0,0,-8.0,0022400265,Caleb Houstan,caleb houstan,,,2024-11-23,0,0.0,0.0,0.0,0.0,0.0,12.0,8.0,10.0,10.0,9.0,5.0,13.0,12.0,,1,,1,0.0011799999999999998,-80.0,-67739.20406435226,-79.9056,0.0,10.0,13.0,0.0029933823
0022400265,1610612753,Orlando,Magic,ORL,magic,202709,Cory,Joseph,C. Joseph,cory-joseph,,,,2:38,2.6333333333333333,0,0,0.0,0,0,0.0,0,0,0.0,0,0,0,1,1,0,0,0,0,-2.0,0022400265,Cory Joseph,cory joseph,,,2024-11-23,1,0.0,0.0,0.0,0.379746835443038,0.379746835443038,12.0,8.0,10.0,5.0,5.0,5.0,9.0,13.0,1.0,0,0.0,0,0.0,-60.0,-60000000.0,-60.0,0.379746835443038,7.0,1.0,0.0039932663
0022400277,1610612753,Orlando,Magic,ORL,magic,1641783,Tristan,da Silva,T. da Silva,tristan-da-silva,F,,,21:09,21.15,4,13,0.308,1,8,0.125,0,0,0.0,1,2,3,1,1,0,0,1,9,0.0,0022400277,Tristan da Silva,tristan da silva,,,2024-11-25,1,0.425531914893617,0.047281323877068564,0.14184397163120568,0.047281323877068564,0.09456264775413713,6.0,4.0,6.0,7.0,3.0,5.0,6.0,9.0,2.0,0,0.0,0,0.00245,-6.2,-2529.579763361893,-6.184810000000001,0.047281323877068564,6.0,7.0,0.30476886
0022400277,1610612753,Orlando,Magic,ORL,magic,1630532,Franz,Wagner,F. Wagner,franz-wagner,F,,,40:11,40.18333333333333,8,17,0.471,2,6,0.333,3,6,0.5,0,1,1,7,4,2,1,3,21,13.0,0022400277,Franz Wagner,franz wagner,,,2024-11-25,6,0.5226047283284945,0.0,0.024885939444214022,0.17420157610949816,0.14931563666528413,1.0,7.0,9.0,1.0,1.0,1.0,4.0,1.0,3.0,0,0.0,0,0.00215,17.5,8135.75081357508,17.462375,0.14931563666528413,1.0,4.0,0.78885394
0022400277,1610612753,Orlando,Magic,ORL,magic,1629048,Goga,Bitadze,G. Bitadze,goga-bitadze,C,,,21:36,21.6,3,6,0.5,0,0,0.0,0,0,0.0,2,2,4,2,1,1,1,1,6,-4.0,0022400277,Goga Bitadze,goga bitadze,,,2024-11-25,2,0.27777777777777773,0.09259259259259259,0.18518518518518517,0.09259259259259259,0.18518518518518517,7.0,3.0,4.0,3.0,3.0,3.0,10.0,8.0,2.0,0,0.0,0,0.00149,-9.8,-6572.769953051644,-9.785398,0.09259259259259259,4.0,3.0,0.11263122
0022400277,1610612753,Orlando,Magic,ORL,magic,203484,Kentavious,Caldwell-Pope,K. Caldwell-Pope,kentavious-caldwell-pope,G,,,28:56,28.933333333333334,1,4,0.25,0,2,0.0,1,2,0.5,1,3,4,2,1,1,1,1,3,-2.0,0022400277,Kentavious Caldwell-Pope,kentavious caldwell-pope,,,2024-11-25,2,0.10368663594470046,0.03456221198156682,0.1382488479262673,0.06912442396313365,0.10368663594470046,8.0,4.0,4.0,3.0,3.0,3.0,8.0,2.0,0.0,0,0.0,0,0.0007599999999999999,-5.1,-6701.708278580814,-5.096124,0.06912442396313365,4.0,6.0,0.019572029
0022400277,1610612753,Orlando,Magic,ORL,magic,203914,Gary,Harris,G. Harris,gary-harris,G,,,6:51,6.85,1,1,1.0,1,1,1.0,0,0,0.0,0,0,0,0,0,0,1,1,3,-3.0,0022400277,Gary Harris,gary harris,,,2024-11-25,0,0.43795620437956206,0.0,0.0,0.0,0.0,8.0,7.0,10.0,9.0,8.0,5.0,9.0,10.0,2.0,0,0.0,0,0.00125,-23.1,-18465.227817745807,-23.071125000000002,0.0,8.0,9.0,0.0082903905
0022400277,1610612753,Orlando,Magic,ORL,magic,1641710,Anthony,Black,A. Black,anthony-black,,,,22:21,22.35,3,13,0.231,2,9,0.222,2,2,1.0,0,3,3,1,3,0,1,3,10,0.0,0022400277,Anthony Black,anthony black,,,2024-11-25,3,0.44742729306487694,0.0,0.1342281879194631,0.04474272930648769,0.1342281879194631,5.0,7.0,6.0,7.0,2.0,5.0,6.0,7.0,3.0,0,0.0,0,0.0028299999999999996,-1.8,-635.8177322500884,-1.7949060000000001,0.1342281879194631,2.0,5.0,0.11379786
0022400277,1610612753,Orlando,Magic,ORL,magic,1641724,Jett,Howard,J. Howard,jett-howard,,,,23:22,23.366666666666667,0,4,0.0,0,4,0.0,0,0,0.0,0,2,2,2,0,0,0,1,0,16.0,0022400277,Jett Howard,jett howard,,,2024-11-25,0,0.0,0.0,0.08559201141226819,0.08559201141226819,0.0,10.0,7.0,8.0,3.0,8.0,5.0,1.0,5.0,1.0,0,0.0,0,0.0007099999999999999,36.4,51195.49929676512,36.374156,0.0,8.0,9.0,0.021532731
0022400277,1610612753,Orlando,Magic,ORL,magic,1629021,Moritz,Wagner,M. Wagner,moritz-wagner,,,,26:24,26.4,7,10,0.7,1,2,0.5,1,4,0.25,5,3,8,2,1,0,2,2,16,15.0,0022400277,Moritz Wagner,moritz wagner,,,2024-11-25,1,0.6060606060606061,0.1893939393939394,0.30303030303030304,0.07575757575757576,0.2272727272727273,2.0,1.0,1.0,3.0,3.0,5.0,2.0,4.0,3.0,0,0.0,0,0.00215,26.7,12412.831241283124,26.642595,0.03787878787878788,6.0,2.0,0.9071152
0022400277,1610612753,Orlando,Magic,ORL,magic,1628371,Jonathan,Isaac,J. Isaac,jonathan-isaac,,,,22:30,22.5,4,14,0.286,3,10,0.3,0,0,0.0,3,3,6,0,1,2,0,4,11,5.0,0022400277,Jonathan Isaac,jonathan isaac,,,2024-11-25,3,0.4888888888888889,0.13333333333333333,0.26666666666666666,0.0,0.26666666666666666,4.0,2.0,3.0,9.0,3.0,1.0,5.0,6.0,3.0,0,0.0,0,0.0025900000000000003,9.2,3550.7526051717473,9.176172,0.13333333333333333,2.0,1.0,0.5124758
0022400277,1610612753,Orlando,Magic,ORL,magic,1630175,Cole,Anthony,C. Anthony,cole-anthony,,,,26:40,26.666666666666668,6,12,0.5,2,4,0.5,2,3,0.667,1,7,8,4,0,0,1,4,16,15.0,0022400277,Cole Anthony,cole anthony,,,2024-11-25,0,0.6,0.0375,0.3,0.15,0.0375,2.0,4.0,1.0,2.0,8.0,5.0,2.0,3.0,0.0,0,0.0,0,0.0023,27.0,11734.028683181225,26.9379,0.0,8.0,8.0,0.85564786
0022400289,1610612753,Orlando,Magic,ORL,magic,1630532,Franz,Wagner,F. Wagner,franz-wagner,F,,,31:04,31.066666666666666,7,20,0.35,1,6,0.167,6,6,1.0,1,2,3,6,2,1,3,3,21,19.0,0022400289,Franz Wagner,franz wagner,,,2024-11-27,3,0.6759656652360515,0.032188841201716736,0.09656652360515021,0.19313304721030042,0.12875536480686695,3.0,3.0,5.0,2.0,2.0,3.0,3.0,3.0,3.0,0,0.0,0,0.0034699999999999996,25.1,7231.345433592625,25.012903,0.09656652360515021,4.0,4.0,0.49578366
0022400289,1610612753,Orlando,Magic,ORL,magic,1628976,Wendell,Carter Jr.,W. Carter Jr.,wendell-carter-jr,F,,,17:55,17.916666666666668,2,5,0.4,0,3,0.0,0,0,0.0,0,4,4,2,1,1,1,0,4,10.0,0022400289,Wendell Carter Jr.,wendell carter jr,,,2024-11-27,2,0.22325581395348837,0.0,0.22325581395348837,0.11162790697674418,0.11162790697674418,8.0,6.0,3.0,6.0,4.0,3.0,6.0,8.0,1.0,0,0.0,0,0.0015,32.7,21785.4763491006,32.65095,0.11162790697674418,5.0,6.0,0.038254295
0022400289,1610612753,Orlando,Magic,ORL,magic,1629048,Goga,Bitadze,G. Bitadze,goga-bitadze,C,,,25:17,25.283333333333335,4,4,1.0,0,0,0.0,3,4,0.75,2,9,11,3,2,2,1,1,11,21.0,0022400289,Goga Bitadze,goga bitadze,,,2024-11-27,4,0.4350692155570204,0.07910349373764007,0.4350692155570204,0.11865524060646011,0.23731048121292023,5.0,1.0,1.0,4.0,2.0,2.0,1.0,4.0,3.0,0,0.0,0,0.0011899999999999999,40.8,34256.92695214106,40.751447999999996,0.15820698747528014,1.0,1.0,0.86249894
0022400289,1610612753,Orlando,Magic,ORL,magic,203484,Kentavious,Caldwell-Pope,K. Caldwell-Pope,kentavious-caldwell-pope,G,,,34:09,34.15,8,13,0.615,6,10,0.6,2,2,1.0,0,1,1,2,4,0,1,2,24,18.0,0022400289,Kentavious Caldwell-Pope,kentavious caldwell-pope,,,2024-11-27,4,0.7027818448023426,0.0,0.029282576866764276,0.05856515373352855,0.1171303074670571,2.0,6.0,9.0,6.0,1.0,6.0,4.0,1.0,3.0,0,0.0,0,0.0017299999999999998,26.1,15077.989601386485,26.054847000000002,0.1171303074670571,1.0,5.0,0.86841613
0022400289,1610612753,Orlando,Magic,ORL,magic,1630591,Jalen,Suggs,J. Suggs,jalen-suggs,G,,,31:58,31.966666666666665,10,18,0.556,4,9,0.444,7,7,1.0,1,2,3,7,0,0,2,2,31,20.0,0022400289,Jalen Suggs,jalen suggs,,,2024-11-27,0,0.9697601668404588,0.03128258602711158,0.09384775808133473,0.21897810218978103,0.03128258602711158,1.0,3.0,5.0,1.0,6.0,6.0,2.0,2.0,0.0,0,0.0,0,0.00295,28.6,9691.629955947137,28.51563,0.0,7.0,7.0,0.8569819
0022400289,1610612753,Orlando,Magic,ORL,magic,1628371,Jonathan,Isaac,J. Isaac,jonathan-isaac,,,,22:12,22.2,1,5,0.2,0,2,0.0,2,2,1.0,1,5,6,1,1,3,0,0,4,11.0,0022400289,Jonathan Isaac,jonathan isaac,,,2024-11-27,4,0.1801801801801802,0.04504504504504505,0.2702702702702703,0.04504504504504505,0.22522522522522523,8.0,3.0,2.0,8.0,4.0,1.0,5.0,5.0,1.0,0,0.0,0,0.0010299999999999999,19.9,19301.64888457808,19.879503,0.1801801801801802,1.0,2.0,0.18390916
0022400289,1610612753,Orlando,Magic,ORL,magic,1641710,Anthony,Black,A. Black,anthony-black,,,,15:18,15.3,2,4,0.5,0,0,0.0,0,0,0.0,0,3,3,3,0,0,1,2,4,2.0,0022400289,Anthony Black,anthony black,,,2024-11-27,0,0.26143790849673204,0.0,0.19607843137254902,0.19607843137254902,0.0,8.0,6.0,5.0,4.0,6.0,6.0,7.0,9.0,0.0,0,0.0,0,0.00128,9.4,7338.017174082748,9.387968,0.0,7.0,8.0,0.021625279
0022400289,1610612753,Orlando,Magic,ORL,magic,1641783,Tristan,da Silva,T. da Silva,tristan-da-silva,,,,19:29,19.483333333333334,3,5,0.6,2,3,0.667,0,0,0.0,0,3,3,1,0,0,0,0,8,-1.0,0022400289,Tristan da Silva,tristan da silva,,,2024-11-27,0,0.41060735671514115,0.0,0.15397775876817793,0.05132591958939264,0.0,7.0,6.0,5.0,8.0,6.0,6.0,9.0,6.0,1.0,0,0.0,0,0.0010199999999999999,2.8,2742.4094025465233,2.797144,0.0,7.0,8.0,0.061835006
0022400289,1610612753,Orlando,Magic,ORL,magic,1629021,Moritz,Wagner,M. Wagner,moritz-wagner,,,,18:18,18.3,6,9,0.667,1,2,0.5,2,3,0.667,2,2,4,4,0,1,0,2,15,1.0,0022400289,Moritz Wagner,moritz wagner,,,2024-11-27,1,0.819672131147541,0.1092896174863388,0.2185792349726776,0.2185792349726776,0.16393442622950818,4.0,1.0,3.0,3.0,6.0,3.0,8.0,7.0,0.0,0,0.0,0,0.00208,-0.6,-288.32292167227297,-0.598752,0.0546448087431694,6.0,3.0,0.78191096
0022400289,1610612753,Orlando,Magic,ORL,magic,1630175,Cole,Anthony,C. Anthony,cole-anthony,,,,11:05,11.083333333333334,3,6,0.5,1,3,0.333,2,2,1.0,0,1,1,1,0,0,1,2,9,-7.0,0022400289,Cole Anthony,cole anthony,,,2024-11-27,0,0.8120300751879699,0.0,0.09022556390977443,0.09022556390977443,0.0,6.0,6.0,9.0,8.0,6.0,6.0,10.0,10.0,0.0,0,0.0,0,0.00308,-18.6,-6037.000973709835,-18.542712,0.0,7.0,8.0,0.098157555
0022400289,1610612753,Orlando,Magic,ORL,magic,1641724,Jett,Howard,J. Howard,jett-howard,,,,4:25,4.416666666666667,0,1,0.0,0,1,0.0,0,0,0.0,0,0,0,0,0,0,0,0,0,-8.0,0022400289,Jett Howard,jett howard,,,2024-11-27,0,0.0,0.0,0.0,0.0,0.0,12.0,6.0,11.0,11.0,6.0,6.0,11.0,11.0,0.0,0,0.0,0,0.001,-62.7,-62637.36263736265,-62.6373,0.0,7.0,8.0,0.0025929296
0022400289,1610612753,Orlando,Magic,ORL,magic,202709,Cory,Joseph,C. Joseph,cory-joseph,,,,4:25,4.416666666666667,0,0,0.0,0,0,0.0,0,0,0.0,0,0,0,0,0,0,1,0,0,-8.0,0022400289,Cory Joseph,cory joseph,,,2024-11-27,0,0.0,0.0,0.0,0.0,0.0,12.0,6.0,11.0,11.0,6.0,6.0,11.0,11.0,0.0,0,0.0,0,0.001,-62.7,-62637.36263736265,-62.6373,0.0,7.0,8.0,0.0030141699
0022400289,1610612753,Orlando,Magic,ORL,magic,1631216,Caleb,Houstan,C. Houstan,caleb-houstan,,,,4:25,4.416666666666667,0,0,0.0,0,0,0.0,2,2,1.0,0,0,0,0,0,0,0,0,2,-8.0,0022400289,Caleb Houstan,caleb houstan,,,2024-11-27,0,0.45283018867924524,0.0,0.0,0.0,0.0,11.0,6.0,11.0,11.0,6.0,6.0,11.0,11.0,0.0,0,0.0,0,0.001,-62.7,-62637.36263736265,-62.6373,0.0,7.0,8.0,0.0043709483
0022400043,1610612753,Orlando,Magic,ORL,magic,1630532,Franz,Wagner,F. Wagner,franz-wagner,F,,,35:10,35.166666666666664,12,20,0.6,3,6,0.5,2,2,1.0,1,7,8,8,2,1,3,0,29,35.0,0022400043,Franz Wagner,franz wagner,,,2024-11-29,3,0.8246445497630333,0.028436018957345974,0.2274881516587678,0.2274881516587678,0.1137440758293839,1.0,5.0,1.0,1.0,1.0,3.0,1.0,1.0,5.0,0,0.0,0,0.0030399999999999997,48.7,16014.468924695826,48.551952,0.08530805687203792,2.0,10.0,0.6179488
0022400043,1610612753,Orlando,Magic,ORL,magic,1628976,Wendell,Carter Jr.,W. Carter Jr.,wendell-carter-jr,F,,,26:16,26.266666666666666,4,5,0.8,1,1,1.0,3,4,0.75,2,5,7,4,0,1,3,4,12,27.0,0022400043,Wendell Carter Jr.,wendell carter jr,,,2024-11-29,1,0.4568527918781726,0.07614213197969544,0.26649746192893403,0.15228426395939088,0.11421319796954316,4.0,2.0,2.0,3.0,10.0,3.0,4.0,5.0,0.0,0,0.0,0,0.00167,52.9,31657.69000598444,52.811657000000004,0.03807106598984772,9.0,9.0,0.5560104
0022400043,1610612753,Orlando,Magic,ORL,magic,1629048,Goga,Bitadze,G. Bitadze,goga-bitadze,C,,,26:51,26.85,2,6,0.333,0,0,0.0,4,4,1.0,3,3,6,3,1,5,2,5,8,28.0,0022400043,Goga Bitadze,goga bitadze,,,2024-11-29,6,0.29795158286778395,0.11173184357541899,0.22346368715083798,0.11173184357541899,0.33519553072625696,6.0,1.0,3.0,4.0,5.0,1.0,3.0,3.0,4.0,0,0.0,0,0.00164,52.0,31687.99512492383,51.91472,0.22346368715083798,1.0,2.0,0.6014767
0022400043,1610612753,Orlando,Magic,ORL,magic,203484,Kentavious,Caldwell-Pope,K. Caldwell-Pope,kentavious-caldwell-pope,G,,,29:05,29.083333333333332,7,8,0.875,4,5,0.8,1,1,1.0,2,0,2,3,2,1,0,1,19,31.0,0022400043,Kentavious Caldwell-Pope,kentavious caldwell-pope,,,2024-11-29,3,0.6532951289398281,0.06876790830945559,0.06876790830945559,0.10315186246418338,0.17191977077363899,2.0,2.0,7.0,4.0,1.0,3.0,2.0,2.0,3.0,0,0.0,0,0.00121,52.8,43600.33030553262,52.73611199999999,0.10315186246418338,2.0,5.0,0.8742581
0022400043,1610612753,Orlando,Magic,ORL,magic,1630591,Jalen,Suggs,J. Suggs,jalen-suggs,G,,,26:35,26.583333333333332,5,12,0.417,2,6,0.333,0,0,0.0,0,3,3,6,1,1,3,6,12,10.0,0022400043,Jalen Suggs,jalen suggs,,,2024-11-29,2,0.45141065830721006,0.0,0.11285266457680251,0.22570532915360503,0.07523510971786834,4.0,7.0,6.0,2.0,5.0,3.0,5.0,4.0,2.0,0,0.0,0,0.0027300000000000002,21.0,7689.491028927132,20.94267,0.07523510971786834,5.0,12.0,0.5557109
0022400043,1610612753,Orlando,Magic,ORL,magic,1641710,Anthony,Black,A. Black,anthony-black,,,,16:04,16.066666666666666,1,2,0.5,0,0,0.0,3,4,0.75,0,1,1,1,0,2,2,2,5,-6.0,0022400043,Anthony Black,anthony black,,,2024-11-29,2,0.3112033195020747,0.0,0.06224066390041494,0.06224066390041494,0.12448132780082988,9.0,7.0,9.0,6.0,10.0,2.0,11.0,10.0,0.0,0,0.0,0,0.0016200000000000001,-17.1,-10549.043800123382,-17.072298000000004,0.12448132780082988,5.0,7.0,0.012910217
0022400043,1610612753,Orlando,Magic,ORL,magic,1628371,Jonathan,Isaac,J. Isaac,jonathan-isaac,,,,19:10,19.166666666666668,2,6,0.333,1,3,0.333,3,4,0.75,0,4,4,0,2,1,0,1,8,-6.0,0022400043,Jonathan Isaac,jonathan isaac,,,2024-11-29,3,0.41739130434782606,0.0,0.20869565217391303,0.0,0.15652173913043477,6.0,7.0,5.0,11.0,1.0,3.0,11.0,7.0,3.0,0,0.0,0,0.00182,-14.3,-7852.8281164195505,-14.273974,0.15652173913043477,2.0,6.0,0.13057446
0022400043,1610612753,Orlando,Magic,ORL,magic,1629021,Moritz,Wagner,M. Wagner,moritz-wagner,,,,16:18,16.3,1,4,0.25,0,1,0.0,1,2,0.5,0,5,5,1,1,1,3,1,3,-5.0,0022400043,Moritz Wagner,moritz wagner,,,2024-11-29,2,0.18404907975460122,0.0,0.3067484662576687,0.06134969325153374,0.12269938650306748,10.0,7.0,4.0,6.0,5.0,3.0,10.0,8.0,0.0,0,0.0,0,0.00216,-11.5,-5321.610365571494,-11.475159999999999,0.12269938650306748,5.0,8.0,0.010620456
0022400043,1610612753,Orlando,Magic,ORL,magic,1641783,Tristan,da Silva,T. da Silva,tristan-da-silva,,,,19:41,19.683333333333334,5,9,0.556,3,4,0.75,0,1,0.0,0,1,1,1,2,0,0,1,13,-6.0,0022400043,Tristan da Silva,tristan da silva,,,2024-11-29,2,0.6604572396274344,0.0,0.05080440304826418,0.05080440304826418,0.10160880609652836,3.0,7.0,9.0,6.0,1.0,9.0,11.0,6.0,1.0,0,0.0,0,0.00188,-11.4,-6060.606060606061,-11.378568,0.10160880609652836,5.0,11.0,0.79101974
0022400043,1610612753,Orlando,Magic,ORL,magic,1641724,Jett,Howard,J. Howard,jett-howard,,,,16:13,16.216666666666665,3,6,0.5,2,4,0.5,0,0,0.0,2,0,2,0,1,0,0,0,8,5.0,0022400043,Jett Howard,jett howard,,,2024-11-29,1,0.49331963001027757,0.12332990750256939,0.12332990750256939,0.0,0.1849948612538541,6.0,2.0,7.0,11.0,5.0,9.0,6.0,9.0,0.0,0,0.0,0,0.00133,18.2,13673.929376408716,18.175794,0.061664953751284696,9.0,4.0,0.14696243
0022400043,1610612753,Orlando,Magic,ORL,magic,1630175,Cole,Anthony,C. Anthony,cole-anthony,,,,3:17,3.283333333333333,1,1,1.0,1,1,1.0,0,0,0.0,0,0,0,1,1,0,0,0,3,2.0,0022400043,Cole Anthony,cole anthony,,,2024-11-29,1,0.9137055837563453,0.0,0.0,0.30456852791878175,0.30456852791878175,10.0,7.0,12.0,6.0,5.0,9.0,7.0,11.0,0.0,0,0.0,0,0.00091,25.0,27442.3710208562,24.97725,0.30456852791878175,9.0,3.0,0.009140805
0022400043,1610612753,Orlando,Magic,ORL,magic,1631216,Caleb,Houstan,C. Houstan,caleb-houstan,,,,2:40,2.6666666666666665,0,3,0.0,0,3,0.0,0,0,0.0,0,0,0,0,0,0,1,0,0,0.0,0022400043,Caleb Houstan,caleb houstan,,,2024-11-29,0,0.0,0.0,0.0,0.0,0.0,13.0,7.0,12.0,11.0,10.0,9.0,8.0,12.0,,1,,1,0.004,0.0,0.0,0.0,0.0,12.0,13.0,0.005019121
0022400043,1610612753,Orlando,Magic,ORL,magic,202709,Cory,Joseph,C. Joseph,cory-joseph,,,,2:40,2.6666666666666665,1,1,1.0,1,1,1.0,0,0,0.0,1,0,1,1,0,0,0,0,3,0.0,0022400043,Cory Joseph,cory joseph,,,2024-11-29,0,1.125,0.375,0.375,0.375,0.375,10.0,5.0,9.0,6.0,10.0,9.0,8.0,12.0,,1,,1,0.001,0.0,0.0,0.0,0.0,12.0,1.0,0.017374273
0022400305,1610612753,Orlando,Magic,ORL,magic,1630532,Franz,Wagner,F. Wagner,franz-wagner,F,,,37:58,37.96666666666667,4,17,0.235,0,6,0.0,12,14,0.857,1,8,9,8,0,2,4,3,20,13.0,0022400305,Franz Wagner,franz wagner,,,2024-12-01,2,0.5267778753292361,0.026338893766461806,0.23705004389815626,0.21071115013169445,0.07901668129938542,1.0,4.0,2.0,1.0,7.0,1.0,3.0,1.0,3.0,0,0.0,0,0.00297,15.5,5217.098619993268,15.453965,0.05267778753292361,5.0,8.0,0.38864082
0022400305,1610612753,Orlando,Magic,ORL,magic,1628976,Wendell,Carter Jr.,W. Carter Jr.,wendell-carter-jr,F,,,27:36,27.6,5,5,1.0,1,1,1.0,3,4,0.75,3,4,7,1,1,2,3,4,14,11.0,0022400305,Wendell Carter Jr.,wendell carter jr,,,2024-12-01,3,0.5072463768115941,0.10869565217391304,0.25362318840579706,0.036231884057971016,0.21739130434782608,3.0,3.0,4.0,6.0,4.0,1.0,4.0,4.0,1.0,0,0.0,0,0.00156,21.7,13901.345291479822,21.666148,0.10869565217391304,2.0,3.0,0.75252503
0022400305,1610612753,Orlando,Magic,ORL,magic,1629048,Goga,Bitadze,G. Bitadze,goga-bitadze,C,,,31:48,31.8,4,6,0.667,0,0,0.0,4,6,0.667,4,9,13,2,3,2,1,4,12,15.0,0022400305,Goga Bitadze,goga bitadze,,,2024-12-01,5,0.3773584905660377,0.12578616352201258,0.40880503144654085,0.06289308176100629,0.2830188679245283,4.0,1.0,1.0,4.0,1.0,1.0,1.0,3.0,5.0,0,0.0,0,0.0013700000000000001,21.7,15827.862873814733,21.670271,0.15723270440251572,1.0,2.0,0.88561285
0022400305,1610612753,Orlando,Magic,ORL,magic,203484,Kentavious,Caldwell-Pope,K. Caldwell-Pope,kentavious-caldwell-pope,G,,,34:11,34.18333333333333,6,11,0.545,4,9,0.444,0,0,0.0,0,1,1,0,2,1,0,2,16,14.0,0022400305,Kentavious Caldwell-Pope,kentavious caldwell-pope,,,2024-12-01,3,0.46806435884934183,0.0,0.029254022428083865,0.0,0.0877620672842516,2.0,7.0,9.0,9.0,2.0,5.0,2.0,2.0,2.0,0,0.0,0,0.0014299999999999998,21.6,15094.339622641513,21.569112,0.0877620672842516,2.0,7.0,0.7933516
0022400305,1610612753,Orlando,Magic,ORL,magic,1630591,Jalen,Suggs,J. Suggs,jalen-suggs,G,,,27:10,27.166666666666668,4,11,0.364,1,3,0.333,3,3,1.0,1,2,3,5,2,0,5,6,12,10.0,0022400305,Jalen Suggs,jalen suggs,,,2024-12-01,2,0.44171779141104295,0.03680981595092024,0.11042944785276074,0.18404907975460122,0.11042944785276074,4.0,4.0,7.0,2.0,2.0,8.0,5.0,5.0,4.0,0,0.0,0,0.0027,21.3,7885.968159940762,21.24249,0.07361963190184048,5.0,6.0,0.44851485
0022400305,1610612753,Orlando,Magic,ORL,magic,1641710,Anthony,Black,A. Black,anthony-black,,,,20:01,20.016666666666666,2,2,1.0,0,0,0.0,1,3,0.333,0,4,4,1,0,1,2,1,5,10.0,0022400305,Anthony Black,anthony black,,,2024-12-01,1,0.24979184013322234,0.0,0.19983347210657787,0.04995836802664447,0.04995836802664447,7.0,7.0,5.0,6.0,7.0,5.0,5.0,7.0,2.0,0,0.0,0,0.00106,20.6,19415.645617342132,20.578164,0.04995836802664447,7.0,9.0,0.03194107
0022400305,1610612753,Orlando,Magic,ORL,magic,1628371,Jonathan,Isaac,J. Isaac,jonathan-isaac,,,,7:33,7.55,1,1,1.0,0,0,0.0,0,0,0.0,0,1,1,0,0,1,2,4,2,-6.0,0022400305,Jonathan Isaac,jonathan isaac,,,2024-12-01,1,0.26490066225165565,0.0,0.13245033112582782,0.0,0.13245033112582782,10.0,7.0,9.0,9.0,7.0,5.0,8.0,10.0,0.0,0,0.0,0,0.00158,-51.8,-32764.073371283997,-51.71815599999999,0.13245033112582782,7.0,5.0,0.0049520233
0022400305,1610612753,Orlando,Magic,ORL,magic,1629021,Moritz,Wagner,M. Wagner,moritz-wagner,,,,16:12,16.2,5,9,0.556,0,1,0.0,2,2,1.0,4,4,8,2,1,2,2,3,12,-7.0,0022400305,Moritz Wagner,moritz wagner,,,2024-12-01,3,0.7407407407407408,0.2469135802469136,0.4938271604938272,0.1234567901234568,0.4320987654320988,4.0,1.0,3.0,4.0,4.0,1.0,10.0,8.0,1.0,0,0.0,0,0.00262,-22.9,-8737.123235406332,-22.840002,0.1851851851851852,2.0,1.0,0.7706924
0022400305,1610612753,Orlando,Magic,ORL,magic,1641783,Tristan,da Silva,T. da Silva,tristan-da-silva,,,,22:45,22.75,2,7,0.286,0,5,0.0,0,0,0.0,0,4,4,3,1,0,2,0,4,-11.0,0022400305,Tristan da Silva,tristan da silva,,,2024-12-01,1,0.17582417582417584,0.0,0.17582417582417584,0.13186813186813187,0.04395604395604396,8.0,7.0,5.0,3.0,4.0,8.0,11.0,6.0,2.0,0,0.0,0,0.00153,-22.0,-14369.693011103855,-21.96634,0.04395604395604396,7.0,10.0,0.01659328
0022400305,1610612753,Orlando,Magic,ORL,magic,1641724,Jett,Howard,J. Howard,jett-howard,,,,9:47,9.783333333333333,0,1,0.0,0,1,0.0,0,0,0.0,0,0,0,0,0,0,0,2,0,-3.0,0022400305,Jett Howard,jett howard,,,2024-12-01,0,0.0,0.0,0.0,0.0,0.0,11.0,7.0,11.0,9.0,7.0,8.0,7.0,9.0,1.0,0,0.0,0,0.00043,-18.3,-42459.39675174014,-18.292131,0.0,10.0,11.0,0.004316612
0022400305,1610612753,Orlando,Magic,ORL,magic,1630175,Cole,Anthony,C. Anthony,cole-anthony,,,,4:59,4.983333333333333,1,4,0.25,1,2,0.5,0,0,0.0,1,1,2,1,0,0,1,0,3,-6.0,0022400305,Cole Anthony,cole anthony,,,2024-12-01,0,0.6020066889632107,0.20066889632107024,0.4013377926421405,0.20066889632107024,0.20066889632107024,9.0,4.0,8.0,6.0,7.0,8.0,8.0,11.0,0.0,0,0.0,0,0.00357,-54.5,-15261.831419770373,-54.305435,0.0,10.0,4.0,0.009850893
0022400053,1610612753,Orlando,Magic,ORL,magic,1641783,Tristan,da Silva,T. da Silva,tristan-da-silva,F,,,22:19,22.316666666666666,3,5,0.6,2,3,0.667,0,0,0.0,0,2,2,0,0,0,1,0,8,-10.0,0022400053,Tristan da Silva,tristan da silva,,,2024-12-03,0,0.35847647498132934,0.0,0.08961911874533234,0.0,0.0,6.0,5.0,8.0,8.0,6.0,5.0,6.0,5.0,3.0,0,0.0,0,0.00122,-24.3,-19901.719901719905,-24.270354,0.0,8.0,8.0,0.051807236
0022400053,1610612753,Orlando,Magic,ORL,magic,1630532,Franz,Wagner,F. Wagner,franz-wagner,F,,,38:54,38.9,10,22,0.455,1,5,0.2,9,9,1.0,0,3,3,6,3,0,3,1,30,-16.0,0022400053,Franz Wagner,franz wagner,,,2024-12-03,3,0.7712082262210798,0.0,0.07712082262210797,0.15424164524421594,0.07712082262210797,1.0,5.0,3.0,1.0,1.0,5.0,8.0,2.0,2.0,0,0.0,0,0.00322,-21.3,-6612.853151195281,-21.231414,0.07712082262210797,1.0,6.0,0.8622
0022400053,1610612753,Orlando,Magic,ORL,magic,1628976,Wendell,Carter Jr.,W. Carter Jr.,wendell-carter-jr,C,,,19:33,19.55,1,3,0.333,0,2,0.0,0,0,0.0,2,5,7,3,1,0,0,2,2,-22.0,0022400053,Wendell Carter Jr.,wendell carter jr,,,2024-12-03,1,0.10230179028132992,0.10230179028132992,0.35805626598465473,0.1534526854219949,0.1534526854219949,10.0,2.0,2.0,2.0,4.0,5.0,11.0,7.0,1.0,0,0.0,0,0.0007099999999999999,-51.6,-72573.83966244727,-51.563364,0.05115089514066496,4.0,4.0,0.03237572
0022400053,1610612753,Orlando,Magic,ORL,magic,203484,Kentavious,Caldwell-Pope,K. Caldwell-Pope,kentavious-caldwell-pope,G,,,26:37,26.616666666666667,3,7,0.429,3,7,0.429,0,0,0.0,0,3,3,0,0,0,2,4,9,-20.0,0022400053,Kentavious Caldwell-Pope,kentavious caldwell-pope,,,2024-12-03,0,0.33813400125234816,0.0,0.11271133375078271,0.0,0.0,5.0,5.0,3.0,8.0,6.0,5.0,10.0,4.0,0.0,0,0.0,0,0.00153,-34.0,-22207.707380796866,-33.94798,0.0,8.0,8.0,0.038910218
0022400053,1610612753,Orlando,Magic,ORL,magic,1630591,Jalen,Suggs,J. Suggs,jalen-suggs,G,,,39:26,39.43333333333333,5,16,0.313,0,8,0.0,4,4,1.0,0,3,3,3,2,1,1,1,14,-18.0,0022400053,Jalen Suggs,jalen suggs,,,2024-12-03,3,0.3550295857988166,0.0,0.0760777683854607,0.0760777683854607,0.0760777683854607,3.0,5.0,3.0,2.0,2.0,1.0,9.0,1.0,7.0,0,0.0,0,0.002,-20.0,-9995.002498750624,-19.96,0.0760777683854607,1.0,7.0,0.22979753
0022400053,1610612753,Orlando,Magic,ORL,magic,1641710,Anthony,Black,A. Black,anthony-black,,,,20:19,20.316666666666666,3,4,0.75,0,1,0.0,0,0,0.0,0,1,1,3,0,0,4,2,6,-3.0,0022400053,Anthony Black,anthony black,,,2024-12-03,0,0.29532403609515995,0.0,0.04922067268252666,0.14766201804757997,0.0,7.0,5.0,9.0,2.0,6.0,5.0,5.0,6.0,2.0,0,0.0,0,0.00154,-6.8,-4412.719013627515,-6.789528,0.0,8.0,8.0,0.038541164
0022400053,1610612753,Orlando,Magic,ORL,magic,1629021,Moritz,Wagner,M. Wagner,moritz-wagner,,,,28:27,28.45,7,13,0.538,1,2,0.5,5,9,0.556,4,8,12,1,2,1,1,3,20,7.0,0022400053,Moritz Wagner,moritz wagner,,,2024-12-03,3,0.70298769771529,0.140597539543058,0.421792618629174,0.0351493848857645,0.2460456942003515,2.0,1.0,1.0,6.0,2.0,1.0,2.0,3.0,10.0,0,0.0,0,0.0025,13.2,5277.888844462214,13.167,0.1054481546572935,1.0,2.0,0.931987
0022400053,1610612753,Orlando,Magic,ORL,magic,1628371,Jonathan,Isaac,J. Isaac,jonathan-isaac,,,,12:39,12.65,2,4,0.5,0,2,0.0,0,0,0.0,1,0,1,0,0,1,0,2,4,-12.0,0022400053,Jonathan Isaac,jonathan isaac,,,2024-12-03,1,0.31620553359683795,0.07905138339920949,0.07905138339920949,0.0,0.15810276679841898,8.0,4.0,9.0,8.0,6.0,1.0,7.0,9.0,4.0,0,0.0,0,0.00133,-34.9,-26220.886551465064,-34.85358299999999,0.07905138339920949,4.0,3.0,0.0175934
0022400053,1610612753,Orlando,Magic,ORL,magic,1630175,Cole,Anthony,C. Anthony,cole-anthony,,,,13:06,13.1,3,5,0.6,1,2,0.5,3,3,1.0,0,3,3,3,0,0,2,4,10,2.0,0022400053,Cole Anthony,cole anthony,,,2024-12-03,0,0.7633587786259542,0.0,0.22900763358778625,0.22900763358778625,0.0,4.0,5.0,3.0,2.0,6.0,5.0,4.0,8.0,0.0,0,0.0,0,0.00242,6.9,2850.0619578686496,6.8833020000000005,0.0,8.0,8.0,0.1979557
0022400053,1610612753,Orlando,Magic,ORL,magic,1641724,Jett,Howard,J. Howard,jett-howard,,,,11:27,11.45,0,6,0.0,0,5,0.0,0,0,0.0,2,1,3,1,1,0,1,0,0,3.0,0022400053,Jett Howard,jett howard,,,2024-12-03,1,0.0,0.17467248908296945,0.26200873362445415,0.08733624454148473,0.26200873362445415,11.0,2.0,3.0,6.0,4.0,5.0,3.0,10.0,1.0,0,0.0,0,0.00212,15.2,7166.430928807166,15.167776,0.08733624454148473,4.0,1.0,0.017929474
0022400053,1610612753,Orlando,Magic,ORL,magic,1631216,Caleb,Houstan,C. Houstan,caleb-houstan,,,,7:13,7.216666666666667,1,2,0.5,1,2,0.5,0,0,0.0,0,0,0,0,0,1,0,0,3,14.0,0022400053,Caleb Houstan,caleb houstan,,,2024-12-03,1,0.4157043879907621,0.0,0.0,0.0,0.13856812933025403,9.0,5.0,11.0,8.0,6.0,1.0,1.0,11.0,0.0,0,0.0,0,0.00111,82.4,74167.41674167417,82.308536,0.13856812933025403,4.0,5.0,0.021442087
0022400322,1610612753,Orlando,Magic,ORL,magic,1630532,Franz,Wagner,F. Wagner,franz-wagner,F,,,36:17,36.28333333333333,12,23,0.522,1,6,0.167,10,10,1.0,2,5,7,2,0,1,4,3,35,1.0,0022400322,Franz Wagner,franz wagner,,,2024-12-04,1,0.9646302250803859,0.05512172714745062,0.19292604501607719,0.05512172714745062,0.08268259072117594,1.0,3.0,1.0,3.0,6.0,3.0,5.0,2.0,2.0,0,0.0,0,0.00386,3.1,802.9008029008029,3.088034,0.02756086357372531,6.0,8.0,0.8619555
0022400322,1610612753,Orlando,Magic,ORL,magic,1628976,Wendell,Carter Jr.,W. Carter Jr.,wendell-carter-jr,F,,,31:47,31.783333333333335,1,4,0.25,0,1,0.0,0,2,0.0,3,3,6,2,0,1,0,6,2,-7.0,0022400322,Wendell Carter Jr.,wendell carter jr,,,2024-12-04,1,0.06292606187729417,0.09438909281594127,0.18877818563188253,0.06292606187729417,0.12585212375458835,9.0,2.0,2.0,3.0,6.0,3.0,7.0,4.0,1.0,0,0.0,0,0.00075,-10.2,-13581.89081225033,-10.19235,0.03146303093864709,6.0,5.0,0.052349105
0022400322,1610612753,Orlando,Magic,ORL,magic,1629048,Goga,Bitadze,G. Bitadze,goga-bitadze,C,,,20:55,20.916666666666668,3,4,0.75,0,0,0.0,0,0,0.0,2,4,6,1,1,1,0,2,6,1.0,0022400322,Goga Bitadze,goga bitadze,,,2024-12-04,2,0.28685258964143423,0.09561752988047809,0.28685258964143423,0.04780876494023904,0.19123505976095617,7.0,3.0,2.0,5.0,5.0,3.0,5.0,7.0,0.0,0,0.0,0,0.0008699999999999999,2.6,2985.074626865672,2.597738,0.09561752988047809,5.0,2.0,0.26895425
0022400322,1610612753,Orlando,Magic,ORL,magic,203484,Kentavious,Caldwell-Pope,K. Caldwell-Pope,kentavious-caldwell-pope,G,,,32:02,32.03333333333333,2,7,0.286,1,5,0.2,2,2,1.0,0,2,2,1,5,0,1,4,7,-10.0,0022400322,Kentavious Caldwell-Pope,kentavious caldwell-pope,,,2024-12-04,5,0.21852237252861603,0.0,0.06243496357960458,0.03121748178980229,0.15608740894901146,6.0,8.0,8.0,5.0,1.0,6.0,8.0,3.0,5.0,0,0.0,0,0.00132,-13.0,-9841.02952308857,-12.98284,0.15608740894901146,1.0,4.0,0.0762394
0022400322,1610612753,Orlando,Magic,ORL,magic,1630591,Jalen,Suggs,J. Suggs,jalen-suggs,G,,,37:06,37.1,6,15,0.4,4,8,0.5,1,2,0.5,1,1,2,6,3,0,4,1,17,-10.0,0022400322,Jalen Suggs,jalen suggs,,,2024-12-04,3,0.4582210242587601,0.026954177897574122,0.053908355795148244,0.16172506738544473,0.10781671159029649,2.0,7.0,8.0,2.0,2.0,6.0,8.0,1.0,4.0,0,0.0,0,0.00247,-9.4,-3804.1278834479967,-9.376782,0.08086253369272237,4.0,7.0,0.36756122
0022400322,1610612753,Orlando,Magic,ORL,magic,1629021,Moritz,Wagner,M. Wagner,moritz-wagner,,,,21:03,21.05,4,10,0.4,0,3,0.0,2,3,0.667,0,6,6,1,2,2,2,1,10,13.0,0022400322,Moritz Wagner,moritz wagner,,,2024-12-04,4,0.4750593824228028,0.0,0.2850356294536817,0.047505938242280284,0.19002375296912113,4.0,8.0,2.0,5.0,3.0,1.0,2.0,6.0,2.0,0,0.0,0,0.0026,33.3,12802.768166089963,33.21341999999999,0.19002375296912113,2.0,3.0,0.5130241
0022400322,1610612753,Orlando,Magic,ORL,magic,1641710,Anthony,Black,A. Black,anthony-black,,,,29:52,29.866666666666667,5,10,0.5,0,2,0.0,0,0,0.0,2,3,5,7,0,0,2,1,10,9.0,0022400322,Anthony Black,anthony black,,,2024-12-04,0,0.33482142857142855,0.06696428571428571,0.16741071428571427,0.234375,0.06696428571428571,4.0,3.0,5.0,1.0,6.0,6.0,3.0,5.0,3.0,0,0.0,0,0.0017399999999999998,19.4,11143.021252153936,19.366244,0.0,8.0,9.0,0.45677197
0022400322,1610612753,Orlando,Magic,ORL,magic,1628371,Jonathan,Isaac,J. Isaac,jonathan-isaac,,,,14:52,14.866666666666667,6,8,0.75,2,3,0.667,0,0,0.0,4,0,4,0,2,2,0,0,14,8.0,0022400322,Jonathan Isaac,jonathan isaac,,,2024-12-04,4,0.9417040358744394,0.26905829596412556,0.26905829596412556,0.0,0.5381165919282511,3.0,1.0,6.0,9.0,3.0,1.0,4.0,9.0,3.0,0,0.0,0,0.00211,27.6,13074.372335386073,27.541764000000004,0.26905829596412556,2.0,1.0,0.89672136
0022400322,1610612753,Orlando,Magic,ORL,magic,1641783,Tristan,da Silva,T. da Silva,tristan-da-silva,,,,16:06,16.1,2,3,0.667,0,1,0.0,1,2,0.5,2,2,4,1,0,0,0,0,5,15.0,0022400322,Tristan da Silva,tristan da silva,,,2024-12-04,0,0.3105590062111801,0.12422360248447203,0.24844720496894407,0.06211180124223602,0.12422360248447203,8.0,3.0,6.0,5.0,6.0,6.0,1.0,8.0,0.0,0,0.0,0,0.0009299999999999999,50.2,53920.51557465092,50.153314,0.0,8.0,6.0,0.20591322
0022400333,1610612753,Orlando,Magic,ORL,magic,1630532,Franz,Wagner,F. Wagner,franz-wagner,F,,,38:16,38.266666666666666,10,23,0.435,3,12,0.25,7,7,1.0,0,5,5,5,1,1,4,2,30,-5.0,0022400333,Franz Wagner,franz wagner,,,2024-12-06,2,0.7839721254355401,0.0,0.13066202090592335,0.13066202090592335,0.05226480836236934,1.0,6.0,3.0,1.0,3.0,3.0,7.0,1.0,2.0,0,0.0,0,0.00361,-6.6,-1827.748546109111,-6.576174,0.05226480836236934,4.0,8.0,0.71536356
0022400333,1610612753,Orlando,Magic,ORL,magic,1628976,Wendell,Carter Jr.,W. Carter Jr.,wendell-carter-jr,F,,,26:11,26.183333333333334,2,3,0.667,1,2,0.5,3,4,0.75,1,8,9,3,0,0,0,5,8,14.0,0022400333,Wendell Carter Jr.,wendell carter jr,,,2024-12-06,0,0.305537873965627,0.03819223424570337,0.3437301082113304,0.11457670273711013,0.03819223424570337,5.0,3.0,1.0,3.0,5.0,5.0,1.0,4.0,0.0,0,0.0,0,0.0008799999999999999,26.4,29965.947786606128,26.376768,0.0,6.0,9.0,0.18788536
0022400333,1610612753,Orlando,Magic,ORL,magic,1629048,Goga,Bitadze,G. Bitadze,goga-bitadze,C,,,25:54,25.9,3,5,0.6,0,1,0.0,3,4,0.75,1,3,4,2,0,2,3,3,9,-1.0,0022400333,Goga Bitadze,goga bitadze,,,2024-12-06,2,0.3474903474903475,0.03861003861003861,0.15444015444015444,0.07722007722007722,0.11583011583011583,4.0,3.0,4.0,5.0,5.0,1.0,6.0,5.0,3.0,0,0.0,0,0.00172,-2.0,-1162.1150493898897,-1.99656,0.07722007722007722,4.0,4.0,0.12620513
0022400333,1610612753,Orlando,Magic,ORL,magic,203484,Kentavious,Caldwell-Pope,K. Caldwell-Pope,kentavious-caldwell-pope,G,,,33:40,33.666666666666664,1,7,0.143,0,5,0.0,0,0,0.0,0,3,3,2,3,1,2,2,2,4.0,0022400333,Kentavious Caldwell-Pope,kentavious caldwell-pope,,,2024-12-06,4,0.05940594059405941,0.0,0.08910891089108912,0.05940594059405941,0.11881188118811882,8.0,6.0,5.0,5.0,1.0,3.0,2.0,2.0,3.0,0,0.0,0,0.00123,4.4,3574.329813160033,4.394588000000001,0.11881188118811882,1.0,3.0,0.050762363
0022400333,1610612753,Orlando,Magic,ORL,magic,1630591,Jalen,Suggs,J. Suggs,jalen-suggs,G,,,32:41,32.68333333333333,8,19,0.421,4,12,0.333,2,2,1.0,0,1,1,3,3,0,3,4,22,2.0,0022400333,Jalen Suggs,jalen suggs,,,2024-12-06,3,0.6731259561448242,0.0,0.03059663437021928,0.09178990311065784,0.09178990311065784,2.0,6.0,8.0,3.0,1.0,5.0,4.0,3.0,5.0,0,0.0,0,0.00299,1.4,468.07087930458033,1.3958139999999999,0.09178990311065784,2.0,6.0,0.67788494
0022400333,1610612753,Orlando,Magic,ORL,magic,1629021,Moritz,Wagner,M. Wagner,moritz-wagner,,,,17:42,17.7,5,7,0.714,2,3,0.667,0,0,0.0,2,7,9,2,0,0,2,1,12,-13.0,0022400333,Moritz Wagner,moritz wagner,,,2024-12-06,0,0.6779661016949153,0.11299435028248588,0.5084745762711864,0.11299435028248588,0.11299435028248588,3.0,2.0,1.0,5.0,5.0,5.0,9.0,6.0,6.0,0,0.0,0,0.00209,-36.1,-17264.46676231468,-36.024551,0.0,6.0,5.0,0.7013648
0022400333,1610612753,Orlando,Magic,ORL,magic,1641724,Jett,Howard,J. Howard,jett-howard,,,,16:14,16.233333333333334,2,5,0.4,1,4,0.25,0,0,0.0,0,1,1,0,0,0,0,0,5,-5.0,0022400333,Jett Howard,jett howard,,,2024-12-06,0,0.30800821355236135,0.0,0.061601642710472276,0.0,0.0,7.0,6.0,8.0,8.0,5.0,5.0,7.0,8.0,0.0,0,0.0,0,0.00122,-15.2,-12448.81244881245,-15.181455999999999,0.0,6.0,10.0,0.026938258
0022400333,1610612753,Orlando,Magic,ORL,magic,1641710,Anthony,Black,A. Black,anthony-black,,,,17:35,17.583333333333332,0,5,0.0,0,3,0.0,0,0,0.0,0,2,2,0,1,2,2,2,0,-20.0,0022400333,Anthony Black,anthony black,,,2024-12-06,3,0.0,0.0,0.1137440758293839,0.0,0.17061611374407584,9.0,6.0,7.0,8.0,3.0,1.0,10.0,7.0,1.0,0,0.0,0,0.00149,-58.8,-39436.61971830986,-58.712388,0.17061611374407584,2.0,2.0,0.006014481
0022400333,1610612753,Orlando,Magic,ORL,magic,1641783,Tristan,da Silva,T. da Silva,tristan-da-silva,,,,13:22,13.366666666666667,0,1,0.0,0,1,0.0,0,0,0.0,3,0,3,0,0,0,1,3,0,-20.0,0022400333,Tristan da Silva,tristan da silva,,,2024-12-06,0,0.0,0.22443890274314213,0.22443890274314213,0.0,0.22443890274314213,9.0,1.0,5.0,8.0,5.0,5.0,10.0,10.0,0.0,0,0.0,0,0.0005600000000000001,-73.4,-130837.78966131907,-73.358896,0.0,6.0,1.0,0.02171914
0022400333,1610612753,Orlando,Magic,ORL,magic,1630175,Cole,Anthony,C. Anthony,cole-anthony,,,,13:38,13.633333333333333,2,3,0.667,2,3,0.667,0,0,0.0,1,0,1,4,0,0,2,1,6,3.0,0022400333,Cole Anthony,cole anthony,,,2024-12-06,0,0.4400977995110025,0.07334963325183375,0.07334963325183375,0.293398533007335,0.07334963325183375,6.0,3.0,8.0,2.0,5.0,5.0,3.0,9.0,0.0,0,0.0,0,0.00172,11.5,6682.161533991865,11.48022,0.0,6.0,7.0,0.11831024
0022400333,1610612753,Orlando,Magic,ORL,magic,1631216,Caleb,Houstan,C. Houstan,caleb-houstan,,,,4:48,4.8,0,0,0.0,0,0,0.0,0,0,0.0,0,0,0,0,0,0,0,0,0,1.0,0022400333,Caleb Houstan,caleb houstan,,,2024-12-06,0,0.0,0.0,0.0,0.0,0.0,9.0,6.0,11.0,8.0,5.0,5.0,5.0,11.0,0.0,0,0.0,0,0.0,27.8,27800000.000000004,27.8,0.0,6.0,10.0,0.0045846906
0022400352,1610612753,Orlando,Magic,ORL,magic,1641783,Tristan,da Silva,T. da Silva,tristan-da-silva,F,,,19:18,19.3,3,7,0.429,1,3,0.333,1,4,0.25,1,4,5,0,0,1,1,3,8,-12.0,0022400352,Tristan da Silva,tristan da silva,,,2024-12-08,1,0.41450777202072536,0.05181347150259067,0.25906735751295334,0.0,0.10362694300518134,5.0,3.0,3.0,8.0,8.0,3.0,9.0,7.0,0.0,0,0.0,0,0.00217,-30.8,-14187.010594196223,-30.733164000000002,0.05181347150259067,6.0,6.0,0.0802604
0022400352,1610612753,Orlando,Magic,ORL,magic,1628976,Wendell,Carter Jr.,W. Carter Jr.,wendell-carter-jr,F,,,20:54,20.9,2,4,0.5,0,1,0.0,2,2,1.0,1,4,5,0,1,0,1,0,6,13.0,0022400352,Wendell Carter Jr.,wendell carter jr,,,2024-12-08,1,0.28708133971291866,0.04784688995215311,0.23923444976076558,0.0,0.09569377990430622,9.0,3.0,3.0,8.0,4.0,5.0,3.0,6.0,1.0,0,0.0,0,0.0011799999999999998,31.0,26248.9415749365,30.963420000000003,0.04784688995215311,6.0,7.0,0.08734744
0022400352,1610612753,Orlando,Magic,ORL,magic,1629048,Goga,Bitadze,G. Bitadze,goga-bitadze,C,,,30:38,30.633333333333333,8,15,0.533,0,1,0.0,5,6,0.833,9,7,16,4,0,0,1,1,21,-1.0,0022400352,Goga Bitadze,goga bitadze,,,2024-12-08,0,0.6855277475516867,0.29379760609357997,0.5223068552774756,0.1305767138193689,0.29379760609357997,2.0,1.0,1.0,1.0,8.0,5.0,6.0,3.0,1.0,0,0.0,0,0.00247,-3.4,-1375.961149332254,-3.3916020000000002,0.0,9.0,1.0,0.8137182
0022400352,1610612753,Orlando,Magic,ORL,magic,203484,Kentavious,Caldwell-Pope,K. Caldwell-Pope,kentavious-caldwell-pope,G,,,33:06,33.1,3,6,0.5,2,5,0.4,0,2,0.0,0,0,0,1,3,0,0,2,8,-3.0,0022400352,Kentavious Caldwell-Pope,kentavious caldwell-pope,,,2024-12-08,3,0.2416918429003021,0.0,0.0,0.030211480362537763,0.09063444108761329,5.0,6.0,10.0,7.0,1.0,5.0,8.0,1.0,4.0,0,0.0,0,0.0008500000000000001,-6.0,-7050.528789659224,-5.9948999999999995,0.09063444108761329,1.0,8.0,0.06783267
0022400352,1610612753,Orlando,Magic,ORL,magic,1630591,Jalen,Suggs,J. Suggs,jalen-suggs,G,,,31:23,31.383333333333333,8,18,0.444,4,10,0.4,6,7,0.857,0,4,4,2,1,0,4,5,26,-2.0,0022400352,Jalen Suggs,jalen suggs,,,2024-12-08,1,0.8284652150823155,0.0,0.12745618693574085,0.06372809346787042,0.03186404673393521,1.0,6.0,5.0,4.0,4.0,5.0,7.0,2.0,2.0,0,1.0,0,0.00309,-6.1,-1973.471368489162,-6.081150999999999,0.03186404673393521,6.0,10.0,0.90774417
0022400352,1610612753,Orlando,Magic,ORL,magic,1631216,Caleb,Houstan,C. Houstan,caleb-houstan,,,,18:08,18.133333333333333,3,4,0.75,2,3,0.667,0,0,0.0,1,1,2,0,0,0,0,0,8,-16.0,0022400352,Caleb Houstan,caleb houstan,,,2024-12-08,0,0.4411764705882353,0.05514705882352941,0.11029411764705882,0.0,0.05514705882352941,5.0,3.0,7.0,8.0,8.0,5.0,10.0,8.0,1.0,0,0.0,0,0.0009299999999999999,-43.2,-46401.71858216971,-43.159824,0.0,9.0,9.0,0.06598655
0022400352,1610612753,Orlando,Magic,ORL,magic,1630175,Cole,Anthony,C. Anthony,cole-anthony,,,,28:42,28.7,6,14,0.429,2,6,0.333,0,0,0.0,0,2,2,3,1,2,3,3,14,17.0,0022400352,Cole Anthony,cole anthony,,,2024-12-08,3,0.4878048780487805,0.0,0.06968641114982578,0.10452961672473868,0.10452961672473868,3.0,6.0,7.0,2.0,4.0,1.0,1.0,4.0,2.0,0,0.0,0,0.00243,27.9,11476.758535582065,27.832202999999996,0.10452961672473868,1.0,5.0,0.6693809
0022400352,1610612753,Orlando,Magic,ORL,magic,1629021,Moritz,Wagner,M. Wagner,moritz-wagner,,,,17:22,17.366666666666667,3,8,0.375,1,3,0.333,3,6,0.5,2,4,6,3,2,1,0,2,10,6.0,0022400352,Moritz Wagner,moritz wagner,,,2024-12-08,3,0.5758157389635317,0.11516314779270632,0.345489443378119,0.1727447216890595,0.28790786948176583,4.0,2.0,2.0,2.0,2.0,3.0,5.0,9.0,3.0,0,0.0,0,0.00268,11.3,4214.8452070123085,11.269716,0.1727447216890595,1.0,2.0,0.3162795
0022400352,1610612753,Orlando,Magic,ORL,magic,1641710,Anthony,Black,A. Black,anthony-black,,,,25:35,25.583333333333332,4,8,0.5,0,3,0.0,0,1,0.0,0,3,3,2,1,2,3,1,8,15.0,0022400352,Anthony Black,anthony black,,,2024-12-08,3,0.3127035830618893,0.0,0.11726384364820848,0.07817589576547232,0.11726384364820848,5.0,6.0,6.0,4.0,4.0,1.0,2.0,5.0,2.0,0,0.0,0,0.00183,25.6,13981.430912069909,25.553152,0.11726384364820848,1.0,4.0,0.5938633
0022400352,1610612753,Orlando,Magic,ORL,magic,1641724,Jett,Howard,J. Howard,jett-howard,,,,14:54,14.9,2,4,0.5,0,1,0.0,2,2,1.0,0,1,1,2,2,0,0,2,6,8.0,0022400352,Jett Howard,jett howard,,,2024-12-08,2,0.40268456375838924,0.0,0.06711409395973154,0.1342281879194631,0.1342281879194631,9.0,6.0,9.0,4.0,2.0,5.0,4.0,10.0,1.0,0,0.0,0,0.0014299999999999998,28.4,19846.261355695322,28.359388,0.1342281879194631,5.0,3.0,0.11256551
0022401201,1610612753,Orlando,Magic,ORL,magic,1641783,Tristan,da Silva,T. da Silva,tristan-da-silva,F,,,15:53,15.883333333333333,1,5,0.2,0,1,0.0,4,4,1.0,1,1,2,0,0,0,3,1,6,7.0,0022401201,Tristan da Silva,tristan da silva,,,2024-12-10,0,0.3777544596012592,0.06295907660020987,0.12591815320041974,0.0,0.06295907660020987,8.0,5.0,6.0,10.0,7.0,5.0,2.0,7.0,0.0,0,0.0,0,0.0025,21.9,8756.497401039584,21.84525,0.0,7.0,6.0,0.027820181
0022401201,1610612753,Orlando,Magic,ORL,magic,1628976,Wendell,Carter Jr.,W. Carter Jr.,wendell-carter-jr,F,,,34:01,34.016666666666666,2,5,0.4,0,2,0.0,4,4,1.0,3,8,11,5,1,1,2,6,8,14.0,0022401201,Wendell Carter Jr.,wendell carter jr,,,2024-12-10,2,0.23517883390494856,0.08819206271435572,0.3233708966193043,0.14698677119059286,0.14698677119059286,6.0,2.0,2.0,1.0,3.0,1.0,1.0,3.0,1.0,0,0.0,0,0.0010299999999999999,16.8,16294.859359844815,16.782696,0.05879470847623714,3.0,4.0,0.57463616
0022401201,1610612753,Orlando,Magic,ORL,magic,1629048,Goga,Bitadze,G. Bitadze,goga-bitadze,C,,,38:01,38.016666666666666,6,13,0.462,0,2,0.0,0,0,0.0,5,9,14,4,1,1,0,5,12,-4.0,0022401201,Goga Bitadze,goga bitadze,,,2024-12-10,2,0.3156510302498904,0.131521262604121,0.3682595352915388,0.1052170100832968,0.1841297676457694,4.0,1.0,1.0,2.0,3.0,1.0,7.0,1.0,0.0,0,0.0,0,0.00133,-6.5,-4883.546205860256,-6.4913549999999995,0.0526085050416484,3.0,3.0,0.4828934
0022401201,1610612753,Orlando,Magic,ORL,magic,203484,Kentavious,Caldwell-Pope,K. Caldwell-Pope,kentavious-caldwell-pope,G,,,31:19,31.316666666666666,3,7,0.429,0,2,0.0,1,2,0.5,0,1,1,1,1,0,0,2,7,-1.0,0022401201,Kentavious Caldwell-Pope,kentavious caldwell-pope,,,2024-12-10,1,0.22352315061202768,0.0,0.031931878658861094,0.031931878658861094,0.031931878658861094,7.0,7.0,7.0,5.0,3.0,5.0,4.0,5.0,0.0,0,0.0,0,0.00098,-6.3,-6422.018348623854,-6.293826,0.031931878658861094,5.0,7.0,0.03997022
0022401201,1610612753,Orlando,Magic,ORL,magic,1630591,Jalen,Suggs,J. Suggs,jalen-suggs,G,,,37:41,37.68333333333333,12,26,0.462,3,11,0.273,5,6,0.833,3,6,9,1,4,1,4,2,32,2.0,0022401201,Jalen Suggs,jalen suggs,,,2024-12-10,5,0.8491817779743477,0.07961079168509509,0.2388323750552853,0.026536930561698365,0.21229544449358692,1.0,2.0,3.0,5.0,1.0,1.0,3.0,2.0,1.0,0,0.0,0,0.0032300000000000002,-0.1,-30.95017022593624,-0.09967700000000002,0.13268465280849184,1.0,1.0,0.8460398
0022401201,1610612753,Orlando,Magic,ORL,magic,1629021,Moritz,Wagner,M. Wagner,moritz-wagner,,,,19:12,19.2,6,6,1.0,1,1,1.0,0,0,0.0,1,2,3,1,1,0,1,1,13,-14.0,0022401201,Moritz Wagner,moritz wagner,,,2024-12-10,1,0.6770833333333334,0.052083333333333336,0.15625,0.052083333333333336,0.10416666666666667,3.0,5.0,5.0,5.0,3.0,5.0,9.0,6.0,0.0,0,0.0,0,0.00146,-46.6,-31895.961670088986,-46.531964,0.052083333333333336,5.0,5.0,0.7501105
0022401201,1610612753,Orlando,Magic,ORL,magic,1641710,Anthony,Black,A. Black,anthony-black,,,,32:16,32.266666666666666,6,12,0.5,0,0,0.0,5,8,0.625,2,4,6,3,3,1,3,3,17,-14.0,0022401201,Anthony Black,anthony black,,,2024-12-10,4,0.5268595041322314,0.06198347107438017,0.18595041322314051,0.09297520661157026,0.18595041322314051,2.0,4.0,4.0,3.0,2.0,1.0,9.0,4.0,3.0,0,0.0,0,0.00217,-24.1,-11100.87517273146,-24.047703000000002,0.12396694214876033,2.0,2.0,0.780586
0022401201,1610612753,Orlando,Magic,ORL,magic,1630175,Cole,Anthony,C. Anthony,cole-anthony,,,,14:39,14.65,2,12,0.167,0,3,0.0,0,0,0.0,0,0,0,2,0,0,0,0,4,-12.0,0022401201,Cole Anthony,cole anthony,,,2024-12-10,0,0.27303754266211605,0.0,0.0,0.13651877133105803,0.0,9.0,7.0,8.0,4.0,7.0,5.0,8.0,8.0,0.0,0,0.0,0,0.0035299999999999997,-41.4,-11724.723874256584,-41.253857999999994,0.0,7.0,8.0,0.007868044
0022401201,1610612753,Orlando,Magic,ORL,magic,1631216,Caleb,Houstan,C. Houstan,caleb-houstan,,,,4:29,4.483333333333333,0,0,0.0,0,0,0.0,0,0,0.0,0,0,0,1,0,0,0,0,0,-2.0,0022401201,Caleb Houstan,caleb houstan,,,2024-12-10,0,0.0,0.0,0.0,0.22304832713754646,0.0,10.0,7.0,8.0,5.0,7.0,5.0,6.0,10.0,0.0,0,0.0,0,0.0,-22.2,-22200000.0,-22.2,0.0,7.0,8.0,0.0041486304
0022401201,1610612753,Orlando,Magic,ORL,magic,1641724,Jett,Howard,J. Howard,jett-howard,,,,12:30,12.5,3,7,0.429,2,5,0.4,2,3,0.667,0,0,0,1,0,0,0,1,10,-1.0,0022401201,Jett Howard,jett howard,,,2024-12-10,0,0.8,0.0,0.0,0.08,0.0,5.0,7.0,8.0,5.0,7.0,5.0,4.0,9.0,0.0,0,0.0,0,0.00229,-9.1,-3972.0646006110865,-9.079161,0.0,7.0,8.0,0.13588648
0022401227,1610612753,Orlando,Magic,ORL,magic,1641783,Tristan,da Silva,T. da Silva,tristan-da-silva,F,,,32:10,32.166666666666664,9,17,0.529,2,5,0.4,0,0,0.0,3,0,3,2,0,0,2,4,20,-8.0,0022401227,Tristan da Silva,tristan da silva,,,2024-12-15,0,0.6217616580310882,0.09326424870466322,0.09326424870466322,0.062176165803108814,0.09326424870466322,2.0,2.0,5.0,4.0,8.0,6.0,10.0,3.0,1.0,0,0.0,0,0.00253,-12.5,-4938.759383642829,-12.468375,0.0,9.0,5.0,0.7182122
0022401227,1610612753,Orlando,Magic,ORL,magic,1628976,Wendell,Carter Jr.,W. Carter Jr.,wendell-carter-jr,F,,,27:16,27.266666666666666,1,4,0.25,0,2,0.0,0,0,0.0,1,4,5,1,1,0,0,2,2,-9.0,0022401227,Wendell Carter Jr.,wendell carter jr,,,2024-12-15,1,0.07334963325183375,0.03667481662591687,0.18337408312958436,0.03667481662591687,0.07334963325183375,10.0,3.0,3.0,6.0,2.0,6.0,11.0,4.0,2.0,0,0.0,0,0.00063,-15.7,-24881.141045958793,-15.690109,0.03667481662591687,6.0,8.0,0.03114495
0022401227,1610612753,Orlando,Magic,ORL,magic,1629048,Goga,Bitadze,G. Bitadze,goga-bitadze,C,,,24:50,24.833333333333332,4,7,0.571,0,0,0.0,0,0,0.0,4,7,11,1,1,3,4,1,8,-2.0,0022401227,Goga Bitadze,goga bitadze,,,2024-12-15,4,0.32214765100671144,0.16107382550335572,0.4429530201342282,0.04026845637583893,0.32214765100671144,4.0,1.0,1.0,6.0,2.0,1.0,7.0,6.0,1.0,0,0.0,0,0.00183,-6.2,-3386.127799016931,-6.1886540000000005,0.16107382550335572,1.0,1.0,0.4520724
0022401227,1610612753,Orlando,Magic,ORL,magic,203484,Kentavious,Caldwell-Pope,K. Caldwell-Pope,kentavious-caldwell-pope,G,,,32:42,32.7,2,7,0.286,0,3,0.0,0,0,0.0,1,1,2,2,1,1,2,3,4,-2.0,0022401227,Kentavious Caldwell-Pope,kentavious caldwell-pope,,,2024-12-15,2,0.12232415902140671,0.030581039755351678,0.061162079510703356,0.061162079510703356,0.09174311926605504,5.0,3.0,7.0,4.0,2.0,4.0,7.0,1.0,2.0,0,1.0,0,0.00117,-3.1,-2647.3099914602903,-3.0963730000000003,0.061162079510703356,4.0,6.0,0.07104147
0022401227,1610612753,Orlando,Magic,ORL,magic,1630591,Jalen,Suggs,J. Suggs,jalen-suggs,G,,,32:22,32.36666666666667,4,19,0.211,1,5,0.2,0,0,0.0,1,4,5,8,1,3,2,6,9,-15.0,0022401227,Jalen Suggs,jalen suggs,,,2024-12-15,4,0.2780638516992791,0.03089598352214212,0.15447991761071062,0.24716786817713696,0.15447991761071062,3.0,3.0,3.0,1.0,2.0,1.0,13.0,2.0,5.0,0,0.0,0,0.0028799999999999997,-21.2,-7358.556056924679,-21.138944,0.12358393408856848,1.0,3.0,0.2246976
0022401227,1610612753,Orlando,Magic,ORL,magic,1628371,Jonathan,Isaac,J. Isaac,jonathan-isaac,,,,15:00,15.0,1,1,1.0,1,1,1.0,0,0,0.0,0,3,3,0,1,2,0,1,3,-12.0,0022401227,Jonathan Isaac,jonathan isaac,,,2024-12-15,3,0.2,0.0,0.2,0.0,0.2,8.0,6.0,5.0,10.0,2.0,3.0,12.0,8.0,1.0,0,0.0,0,0.00033,-41.4,-125075.52870090633,-41.386337999999995,0.2,3.0,2.0,0.030902574
0022401227,1610612753,Orlando,Magic,ORL,magic,1641724,Jett,Howard,J. Howard,jett-howard,,,,4:57,4.95,0,2,0.0,0,2,0.0,0,0,0.0,0,0,0,0,0,0,1,1,0,-1.0,0022401227,Jett Howard,jett howard,,,2024-12-15,0,0.0,0.0,0.0,0.0,0.0,12.0,6.0,11.0,10.0,8.0,6.0,4.0,12.0,0.0,0,0.0,0,0.0025,-20.0,-7996.801279488204,-19.950000000000003,0.0,9.0,10.0,0.0040964065
0022401227,1610612753,Orlando,Magic,ORL,magic,1629021,Moritz,Wagner,M. Wagner,moritz-wagner,,,,25:32,25.533333333333335,10,15,0.667,4,7,0.571,8,11,0.727,0,6,6,1,2,0,3,4,32,-1.0,0022401227,Moritz Wagner,moritz wagner,,,2024-12-15,2,1.2532637075718014,0.0,0.23498694516971277,0.03916449086161879,0.07832898172323759,1.0,6.0,2.0,6.0,1.0,6.0,4.0,5.0,3.0,0,1.0,0,0.00393,-6.1,-1551.7679979648942,-6.076027,0.07832898172323759,4.0,7.0,0.8910796
0022401227,1610612753,Orlando,Magic,ORL,magic,1641710,Anthony,Black,A. Black,anthony-black,,,,19:36,19.6,1,7,0.143,0,1,0.0,2,2,1.0,0,1,1,3,1,0,0,2,4,-3.0,0022401227,Anthony Black,anthony black,,,2024-12-15,1,0.2040816326530612,0.0,0.0510204081632653,0.1530612244897959,0.0510204081632653,5.0,6.0,9.0,3.0,2.0,6.0,9.0,7.0,1.0,0,0.0,0,0.0018599999999999999,-10.0,-5373.455131649651,-9.9814,0.0510204081632653,6.0,9.0,0.014799577
0022401227,1610612753,Orlando,Magic,ORL,magic,1630175,Cole,Anthony,C. Anthony,cole-anthony,,,,9:03,9.05,2,4,0.5,0,2,0.0,0,0,0.0,0,2,2,5,0,1,0,0,4,1.0,0022401227,Cole Anthony,cole anthony,,,2024-12-15,1,0.4419889502762431,0.0,0.22099447513812154,0.5524861878453038,0.11049723756906077,5.0,6.0,7.0,2.0,8.0,4.0,3.0,10.0,0.0,0,0.0,0,0.0016,-5.3,-3310.4309806371016,-5.291519999999999,0.11049723756906077,6.0,4.0,0.083941795
0022401227,1610612753,Orlando,Magic,ORL,magic,202709,Cory,Joseph,C. Joseph,cory-joseph,,,,9:18,9.3,1,1,1.0,0,0,0.0,0,0,0.0,0,1,1,1,0,0,1,1,2,4.0,0022401227,Cory Joseph,cory joseph,,,2024-12-15,0,0.2150537634408602,0.0,0.1075268817204301,0.1075268817204301,0.0,10.0,6.0,9.0,6.0,8.0,6.0,1.0,9.0,0.0,0,0.0,0,0.00111,23.5,21152.11521152115,23.473914999999998,0.0,9.0,10.0,0.00995653
0022401227,1610612753,Orlando,Magic,ORL,magic,1631216,Caleb,Houstan,C. Houstan,caleb-houstan,,,,5:43,5.716666666666667,1,2,0.5,1,2,0.5,0,0,0.0,0,0,0,0,0,0,0,0,3,-1.0,0022401227,Caleb Houstan,caleb houstan,,,2024-12-15,0,0.5247813411078717,0.0,0.0,0.0,0.0,8.0,6.0,11.0,10.0,8.0,6.0,4.0,11.0,0.0,0,0.0,0,0.002,-10.0,-4997.501249375312,-9.98,0.0,9.0,10.0,0.010847293
0022401227,1610612753,Orlando,Magic,ORL,magic,1630243,Trevelin,Queen,T. Queen,trevelin-queen,,,,1:31,1.5166666666666666,0,0,0.0,0,0,0.0,0,0,0.0,0,0,0,0,0,0,0,1,0,4.0,0022401227,Trevelin Queen,trevelin queen,,,2024-12-15,0,0.0,0.0,0.0,0.0,0.0,12.0,6.0,11.0,10.0,8.0,6.0,1.0,13.0,,1,,1,0.0,80.0,80000000.0,80.0,0.0,9.0,10.0,0.00645981
0022400361,1610612753,Orlando,Magic,ORL,magic,1641783,Tristan,da Silva,T. da Silva,tristan-da-silva,F,,,37:22,37.36666666666667,6,15,0.4,3,8,0.375,0,0,0.0,2,1,3,1,1,0,2,1,15,6.0,0022400361,Tristan da Silva,tristan da silva,,,2024-12-19,1,0.40142729705619984,0.05352363960749331,0.08028545941123996,0.026761819803746655,0.08028545941123996,2.0,2.0,4.0,8.0,1.0,6.0,2.0,1.0,0.0,0,0.0,0,0.0019500000000000001,8.1,4151.717068170169,8.084204999999999,0.026761819803746655,4.0,7.0,0.37735537
0022400361,1610612753,Orlando,Magic,ORL,magic,1628976,Wendell,Carter Jr.,W. Carter Jr.,wendell-carter-jr,F,,,29:34,29.566666666666666,2,6,0.333,0,2,0.0,6,9,0.667,3,10,13,4,0,1,0,1,10,-1.0,0022400361,Wendell Carter Jr.,wendell carter jr,,,2024-12-19,1,0.3382187147688839,0.10146561443066517,0.43968432919954903,0.13528748590755355,0.13528748590755355,5.0,1.0,1.0,2.0,7.0,2.0,5.0,4.0,2.0,0,0.0,0,0.0014099999999999998,-3.5,-2480.510276399717,-3.495065,0.033821871476888386,4.0,4.0,0.2642926
0022400361,1610612753,Orlando,Magic,ORL,magic,1629048,Goga,Bitadze,G. Bitadze,goga-bitadze,C,,,27:12,27.2,6,9,0.667,0,1,0.0,3,4,0.75,2,8,10,3,0,1,2,2,15,4.0,0022400361,Goga Bitadze,goga bitadze,,,2024-12-19,1,0.5514705882352942,0.07352941176470588,0.36764705882352944,0.11029411764705882,0.11029411764705882,2.0,2.0,2.0,4.0,7.0,2.0,3.0,5.0,2.0,0,0.0,0,0.002,3.7,1849.0754622688655,3.6926,0.03676470588235294,4.0,5.0,0.82349753
0022400361,1610612753,Orlando,Magic,ORL,magic,203484,Kentavious,Caldwell-Pope,K. Caldwell-Pope,kentavious-caldwell-pope,G,,,33:00,33.0,3,8,0.375,3,5,0.6,2,2,1.0,1,0,1,5,1,1,2,2,11,8.0,0022400361,Kentavious Caldwell-Pope,kentavious caldwell-pope,,,2024-12-19,2,0.3333333333333333,0.030303030303030304,0.030303030303030304,0.15151515151515152,0.09090909090909091,4.0,4.0,7.0,1.0,1.0,2.0,1.0,2.0,3.0,0,0.0,0,0.0014299999999999998,10.7,7477.288609364082,10.684698999999998,0.06060606060606061,2.0,6.0,0.26851106
0022400361,1610612753,Orlando,Magic,ORL,magic,1630591,Jalen,Suggs,J. Suggs,jalen-suggs,G,,,17:11,17.183333333333334,4,10,0.4,1,6,0.167,0,0,0.0,1,4,5,4,1,2,4,1,9,-3.0,0022400361,Jalen Suggs,jalen suggs,,,2024-12-19,3,0.5237633365664404,0.058195926285160036,0.2909796314258002,0.23278370514064015,0.23278370514064015,7.0,4.0,3.0,2.0,1.0,1.0,7.0,7.0,3.0,0,0.0,0,0.0034999999999999996,-8.6,-2456.441016852328,-8.5699,0.1745877788554801,1.0,1.0,0.43863645
0022400361,1610612753,Orlando,Magic,ORL,magic,1641710,Anthony,Black,A. Black,anthony-black,,,,30:49,30.816666666666666,8,14,0.571,3,6,0.5,4,5,0.8,0,1,1,3,1,0,1,3,23,-3.0,0022400361,Anthony Black,anthony black,,,2024-12-19,1,0.7463493780421849,0.0,0.03244997295835587,0.09734991887506761,0.03244997295835587,1.0,7.0,7.0,4.0,1.0,6.0,7.0,3.0,4.0,0,0.0,0,0.00243,-3.1,-1275.1953928424516,-3.092467,0.03244997295835587,4.0,8.0,0.8435723
0022400361,1610612753,Orlando,Magic,ORL,magic,1628371,Jonathan,Isaac,J. Isaac,jonathan-isaac,,,,16:45,16.75,1,4,0.25,0,2,0.0,1,1,1.0,1,2,3,0,1,1,1,1,3,-12.0,0022400361,Jonathan Isaac,jonathan isaac,,,2024-12-19,2,0.1791044776119403,0.05970149253731343,0.1791044776119403,0.0,0.1791044776119403,8.0,4.0,4.0,10.0,1.0,2.0,10.0,8.0,1.0,0,0.0,0,0.00128,-30.8,-24043.715846994535,-30.760576000000004,0.11940298507462686,2.0,2.0,0.017537378
0022400361,1610612753,Orlando,Magic,ORL,magic,1629021,Moritz,Wagner,M. Wagner,moritz-wagner,,,,19:04,19.066666666666666,4,7,0.571,0,1,0.0,2,4,0.5,0,0,0,2,0,0,1,1,10,-9.0,0022400361,Moritz Wagner,moritz wagner,,,2024-12-19,0,0.5244755244755245,0.0,0.0,0.1048951048951049,0.0,5.0,7.0,10.0,6.0,7.0,6.0,9.0,6.0,1.0,0,0.0,0,0.0025,-19.9,-7956.817273090763,-19.85025,0.0,9.0,9.0,0.40258363
0022400361,1610612753,Orlando,Magic,ORL,magic,1630175,Cole,Anthony,C. Anthony,cole-anthony,,,,12:31,12.516666666666667,1,3,0.333,1,2,0.5,0,0,0.0,0,3,3,2,0,0,4,2,3,-21.0,0022400361,Cole Anthony,cole anthony,,,2024-12-19,0,0.23968042609853527,0.0,0.23968042609853527,0.15978695073235685,0.0,8.0,7.0,4.0,6.0,7.0,6.0,11.0,9.0,0.0,0,0.0,0,0.00233,-77.8,-33376.23337623337,-77.618726,0.0,9.0,9.0,0.0069585973
0022400361,1610612753,Orlando,Magic,ORL,magic,1641724,Jett,Howard,J. Howard,jett-howard,,,,9:09,9.15,0,0,0.0,0,0,0.0,0,0,0.0,0,0,0,0,0,0,1,2,0,-1.0,0022400361,Jett Howard,jett howard,,,2024-12-19,0,0.0,0.0,0.0,0.0,0.0,10.0,7.0,10.0,10.0,7.0,6.0,5.0,10.0,0.0,0,0.0,0,0.0005899999999999999,11.8,19966.159052453473,11.793038000000001,0.0,9.0,9.0,0.006821018
0022400361,1610612753,Orlando,Magic,ORL,magic,202709,Cory,Joseph,C. Joseph,cory-joseph,,,,7:23,7.383333333333334,0,2,0.0,0,2,0.0,0,0,0.0,0,1,1,1,1,0,0,0,0,2.0,0022400361,Cory Joseph,cory joseph,,,2024-12-19,1,0.0,0.0,0.13544018058690743,0.13544018058690743,0.13544018058690743,10.0,7.0,7.0,8.0,1.0,6.0,4.0,11.0,0.0,0,0.0,0,0.00125,12.5,9992.006394884093,12.484375,0.13544018058690743,4.0,3.0,0.0079367515
0022400377,1610612753,Orlando,Magic,ORL,magic,1641783,Tristan,da Silva,T. da Silva,tristan-da-silva,F,,,28:11,28.183333333333334,3,7,0.429,0,3,0.0,2,2,1.0,0,2,2,3,0,0,0,3,8,3.0,0022400377,Tristan da Silva,tristan da silva,,,2024-12-21,0,0.2838557066824364,0.0,0.0709639266706091,0.10644589000591366,0.0,6.0,6.0,6.0,2.0,5.0,7.0,7.0,3.0,0.0,0,0.0,0,0.0011899999999999999,5.0,4198.152812762385,4.99405,0.0,8.0,9.0,0.036874827
0022400377,1610612753,Orlando,Magic,ORL,magic,1628976,Wendell,Carter Jr.,W. Carter Jr.,wendell-carter-jr,F,,,12:58,12.966666666666667,2,5,0.4,1,2,0.5,0,0,0.0,0,1,1,1,0,1,0,2,5,-8.0,0022400377,Wendell Carter Jr.,wendell carter jr,,,2024-12-21,1,0.3856041131105398,0.0,0.07712082262210797,0.07712082262210797,0.07712082262210797,8.0,6.0,8.0,6.0,5.0,4.0,9.0,9.0,0.0,0,0.0,0,0.0015199999999999999,-23.9,-15713.346482577253,-23.863672,0.07712082262210797,6.0,7.0,0.028132843
0022400377,1610612753,Orlando,Magic,ORL,magic,1629048,Goga,Bitadze,G. Bitadze,goga-bitadze,C,,,31:18,31.3,8,8,1.0,0,0,0.0,2,3,0.667,4,9,13,1,0,2,0,3,18,-2.0,0022400377,Goga Bitadze,goga bitadze,,,2024-12-21,2,0.5750798722044729,0.12779552715654952,0.41533546325878595,0.03194888178913738,0.19169329073482427,3.0,1.0,1.0,6.0,5.0,1.0,8.0,2.0,2.0,0,0.0,0,0.00132,-3.1,-2346.7070401211204,-3.095908,0.06389776357827476,2.0,2.0,0.86608684
0022400377,1610612753,Orlando,Magic,ORL,magic,203484,Kentavious,Caldwell-Pope,K. Caldwell-Pope,kentavious-caldwell-pope,G,,,36:09,36.15,5,10,0.5,2,7,0.286,12,12,1.0,0,2,2,2,0,2,0,2,24,13.0,0022400377,Kentavious Caldwell-Pope,kentavious caldwell-pope,,,2024-12-21,2,0.6639004149377593,0.0,0.055325034578146616,0.055325034578146616,0.055325034578146616,2.0,6.0,6.0,3.0,5.0,1.0,3.0,1.0,1.0,0,0.0,0,0.00193,20.7,10719.83428275505,20.660049,0.055325034578146616,2.0,8.0,0.7604676
0022400377,1610612753,Orlando,Magic,ORL,magic,1641710,Anthony,Black,A. Black,anthony-black,G,,,18:28,18.466666666666665,4,7,0.571,1,2,0.5,1,1,1.0,0,1,1,2,0,0,5,5,10,-15.0,0022400377,Anthony Black,anthony black,,,2024-12-21,0,0.5415162454873647,0.0,0.05415162454873647,0.10830324909747294,0.0,4.0,6.0,8.0,3.0,5.0,7.0,12.0,6.0,3.0,0,0.0,0,0.0027300000000000002,-42.4,-15525.448553643351,-42.284248,0.0,8.0,9.0,0.21522556
0022400377,1610612753,Orlando,Magic,ORL,magic,202709,Cory,Joseph,C. Joseph,cory-joseph,,,,23:41,23.683333333333334,2,5,0.4,1,3,0.333,0,0,0.0,1,3,4,1,1,0,1,2,5,4.0,0022400377,Cory Joseph,cory joseph,,,2024-12-21,1,0.211118930330753,0.0422237860661506,0.1688951442646024,0.0422237860661506,0.0844475721323012,8.0,3.0,4.0,6.0,2.0,7.0,6.0,5.0,1.0,0,0.0,0,0.0010299999999999999,9.7,9408.341416100875,9.690009,0.0422237860661506,6.0,5.0,0.043126944
0022400377,1610612753,Orlando,Magic,ORL,magic,1641724,Jett,Howard,J. Howard,jett-howard,,,,12:40,12.666666666666666,3,9,0.333,3,6,0.5,0,0,0.0,1,3,4,1,0,0,3,1,9,6.0,0022400377,Jett Howard,jett howard,,,2024-12-21,0,0.7105263157894737,0.07894736842105264,0.31578947368421056,0.07894736842105264,0.07894736842105264,5.0,3.0,4.0,6.0,5.0,7.0,5.0,10.0,0.0,0,0.0,0,0.00364,20.7,5685.251304586652,20.624652,0.0,8.0,6.0,0.12509675
0022400377,1610612753,Orlando,Magic,ORL,magic,1629021,Moritz,Wagner,M. Wagner,moritz-wagner,,,,1:34,1.5666666666666667,0,0,0.0,0,0,0.0,0,0,0.0,0,0,0,0,0,0,1,0,0,-9.0,0022400377,Moritz Wagner,moritz wagner,,,2024-12-21,0,0.0,0.0,0.0,0.0,0.0,10.0,6.0,11.0,12.0,5.0,7.0,10.0,12.0,,1,,1,0.0025,-300.0,-119952.01919232306,-299.25,0.0,8.0,9.0,0.0029178136
0022400377,1610612753,Orlando,Magic,ORL,magic,1628371,Jonathan,Isaac,J. Isaac,jonathan-isaac,,,,17:27,17.45,0,4,0.0,0,3,0.0,0,2,0.0,1,4,5,1,1,1,0,2,0,8.0,0022400377,Jonathan Isaac,jonathan isaac,,,2024-12-21,2,0.0,0.05730659025787966,0.2865329512893983,0.05730659025787966,0.17191977077363899,10.0,3.0,3.0,6.0,2.0,4.0,4.0,8.0,1.0,0,0.0,0,0.00114,28.5,24978.08939526731,28.46751,0.11461318051575932,2.0,4.0,0.03238348
0022400377,1610612753,Orlando,Magic,ORL,magic,1631216,Caleb,Houstan,C. Houstan,caleb-houstan,,,,11:31,11.516666666666667,0,3,0.0,0,2,0.0,0,0,0.0,0,0,0,1,0,0,0,0,0,-9.0,0022400377,Caleb Houstan,caleb houstan,,,2024-12-21,0,0.0,0.0,0.0,0.08683068017366136,0.0,10.0,6.0,11.0,6.0,5.0,7.0,10.0,11.0,0.0,0,0.0,0,0.00111,-34.1,-30693.069306930694,-34.062149,0.0,8.0,9.0,0.0022496285
0022400377,1610612753,Orlando,Magic,ORL,magic,1630175,Cole,Anthony,C. Anthony,cole-anthony,,,,28:05,28.083333333333332,13,25,0.52,2,8,0.25,7,7,1.0,3,5,8,9,1,1,2,3,35,17.0,0022400377,Cole Anthony,cole anthony,,,2024-12-21,2,1.2462908011869436,0.10682492581602375,0.28486646884273,0.32047477744807124,0.17804154302670624,1.0,2.0,2.0,1.0,2.0,4.0,2.0,4.0,0.0,0,0.0,0,0.00455,27.9,6130.520764667105,27.773054999999996,0.0712166172106825,2.0,3.0,0.89807415
0022400377,1610612753,Orlando,Magic,ORL,magic,1630243,Trevelin,Queen,T. Queen,trevelin-queen,,,,17:58,17.966666666666665,3,4,0.75,1,1,1.0,0,0,0.0,0,1,1,2,2,2,1,0,7,27.0,0022400377,Trevelin Queen,trevelin queen,,,2024-12-21,4,0.38961038961038963,0.0,0.05565862708719852,0.11131725417439704,0.22263450834879409,7.0,6.0,8.0,3.0,1.0,1.0,1.0,7.0,2.0,0,0.0,0,0.00125,76.8,61390.88729016787,76.704,0.22263450834879409,1.0,1.0,0.66152555
0022400393,1610612753,Orlando,Magic,ORL,magic,1641783,Tristan,da Silva,T. da Silva,tristan-da-silva,F,,,35:35,35.583333333333336,6,11,0.545,4,8,0.5,2,2,1.0,0,3,3,0,1,0,1,1,18,-1.0,0022400393,Tristan da Silva,tristan da silva,,,2024-12-23,1,0.5058548009367682,0.0,0.08430913348946135,0.0,0.028103044496487116,1.0,6.0,7.0,9.0,4.0,6.0,8.0,1.0,0.0,0,0.0,0,0.00153,-1.3,-849.1182233834097,-1.298011,0.028103044496487116,6.0,8.0,0.70700955
0022400393,1610612753,Orlando,Magic,ORL,magic,1630243,Trevelin,Queen,T. Queen,trevelin-queen,F,,,34:28,34.46666666666667,5,9,0.556,3,4,0.75,4,4,1.0,0,1,1,3,3,1,3,5,17,4.0,0022400393,Trevelin Queen,trevelin queen,,,2024-12-23,4,0.49323017408123787,0.0,0.029013539651837523,0.08704061895551257,0.11605415860735009,2.0,6.0,9.0,4.0,1.0,5.0,4.0,2.0,9.0,0,0.0,0,0.0017299999999999998,5.4,3119.584055459273,5.390658,0.11605415860735009,1.0,5.0,0.7985813
0022400393,1610612753,Orlando,Magic,ORL,magic,1629048,Goga,Bitadze,G. Bitadze,goga-bitadze,C,,,21:07,21.116666666666667,4,7,0.571,0,0,0.0,0,0,0.0,2,7,9,3,2,2,2,3,8,-3.0,0022400393,Goga Bitadze,goga bitadze,,,2024-12-23,4,0.3788476716653512,0.0947119179163378,0.4262036306235201,0.1420678768745067,0.2841357537490134,7.0,1.0,1.0,4.0,2.0,1.0,10.0,7.0,1.0,0,0.0,0,0.0017000000000000001,-4.2,-2469.135802469136,-4.19286,0.1894238358326756,1.0,1.0,0.53670996
0022400393,1610612753,Orlando,Magic,ORL,magic,203484,Kentavious,Caldwell-Pope,K. Caldwell-Pope,kentavious-caldwell-pope,G,,,34:10,34.166666666666664,2,8,0.25,2,6,0.333,2,2,1.0,0,5,5,2,2,2,1,3,8,1.0,0022400393,Kentavious Caldwell-Pope,kentavious caldwell-pope,,,2024-12-23,4,0.23414634146341465,0.0,0.14634146341463417,0.05853658536585366,0.11707317073170732,7.0,6.0,4.0,7.0,2.0,1.0,6.0,3.0,3.0,0,0.0,0,0.00122,2.6,2129.4021294021295,2.596828,0.11707317073170732,1.0,4.0,0.11735946
0022400393,1610612753,Orlando,Magic,ORL,magic,1630591,Jalen,Suggs,J. Suggs,jalen-suggs,G,,,29:07,29.116666666666667,5,13,0.385,1,5,0.2,5,5,1.0,1,5,6,5,1,2,5,2,16,5.0,0022400393,Jalen Suggs,jalen suggs,,,2024-12-23,3,0.549513451631368,0.0343445907269605,0.20606754436176303,0.17172295363480253,0.137378362907842,3.0,3.0,3.0,1.0,4.0,1.0,3.0,4.0,2.0,0,0.0,0,0.00294,9.3,3162.189731383883,9.272658,0.10303377218088151,4.0,3.0,0.59705734
0022400393,1610612753,Orlando,Magic,ORL,magic,1630175,Cole,Anthony,C. Anthony,cole-anthony,,,,17:17,17.283333333333335,4,9,0.444,0,2,0.0,2,2,1.0,0,2,2,5,0,0,5,5,10,6.0,0022400393,Cole Anthony,cole anthony,,,2024-12-23,0,0.5785920925747348,0.0,0.11571841851494695,0.2892960462873674,0.0,5.0,6.0,8.0,1.0,8.0,6.0,2.0,8.0,1.0,0,0.0,0,0.00375,19.7,5251.932817915223,19.626125,0.0,9.0,9.0,0.5349421
0022400393,1610612753,Orlando,Magic,ORL,magic,1641710,Anthony,Black,A. Black,anthony-black,,,,23:04,23.066666666666666,2,5,0.4,1,2,0.5,4,4,1.0,1,3,4,3,1,0,2,2,9,2.0,0022400393,Anthony Black,anthony black,,,2024-12-23,1,0.3901734104046243,0.04335260115606936,0.17341040462427745,0.13005780346820808,0.08670520231213873,6.0,3.0,6.0,4.0,4.0,6.0,5.0,6.0,1.0,0,0.0,0,0.00153,3.8,2482.0378837361204,3.794186,0.04335260115606936,6.0,7.0,0.1310423
0022400393,1610612753,Orlando,Magic,ORL,magic,1628371,Jonathan,Isaac,J. Isaac,jonathan-isaac,,,,13:32,13.533333333333333,2,8,0.25,1,4,0.25,2,2,1.0,2,3,5,1,1,0,1,1,7,0.0,0022400393,Jonathan Isaac,jonathan isaac,,,2024-12-23,1,0.5172413793103449,0.1477832512315271,0.3694581280788177,0.07389162561576355,0.22167487684729065,9.0,1.0,4.0,8.0,4.0,6.0,7.0,9.0,1.0,0,0.0,0,0.0028599999999999997,2.9,1013.6315973435862,2.891706,0.07389162561576355,6.0,2.0,0.103180036
0022400393,1610612753,Orlando,Magic,ORL,magic,1628976,Wendell,Carter Jr.,W. Carter Jr.,wendell-carter-jr,,,,26:53,26.883333333333333,5,8,0.625,1,1,1.0,0,0,0.0,1,6,7,4,0,2,0,1,11,7.0,0022400393,Wendell Carter Jr.,wendell carter jr,,,2024-12-23,2,0.40917544947303164,0.037197768133911964,0.26038437693738375,0.14879107253564786,0.1115933044017359,4.0,3.0,2.0,3.0,8.0,1.0,1.0,5.0,2.0,0,0.0,0,0.00125,11.9,9512.390087929656,11.885125,0.07439553626782393,5.0,6.0,0.7926172
0022400393,1610612753,Orlando,Magic,ORL,magic,1641724,Jett,Howard,J. Howard,jett-howard,,,,4:47,4.783333333333333,2,5,0.4,0,1,0.0,0,0,0.0,0,0,0,0,0,0,0,1,4,-1.0,0022400393,Jett Howard,jett howard,,,2024-12-23,0,0.8362369337979094,0.0,0.0,0.0,0.0,10.0,6.0,10.0,9.0,8.0,6.0,8.0,10.0,0.0,0,0.0,0,0.00357,-18.9,-5292.635116213945,-18.832527,0.0,9.0,9.0,0.02998202
0022400411,1610612753,Orlando,Magic,ORL,magic,1641783,Tristan,da Silva,T. da Silva,tristan-da-silva,F,,,38:47,38.78333333333333,7,12,0.583,1,3,0.333,3,3,1.0,2,4,6,2,1,1,4,2,18,12.0,0022400411,Tristan da Silva,tristan da silva,,,2024-12-26,2,0.4641168886978943,0.051568543188654926,0.15470562956596476,0.051568543188654926,0.10313708637730985,2.0,2.0,2.0,1.0,4.0,2.0,1.0,1.0,2.0,0,0.0,0,0.00191,15.4,8058.608058608059,15.370586000000001,0.051568543188654926,4.0,4.0,0.6826904
0022400411,1610612753,Orlando,Magic,ORL,magic,1630243,Trevelin,Queen,T. Queen,trevelin-queen,F,,,36:59,36.983333333333334,4,8,0.5,0,3,0.0,0,0,0.0,1,2,3,2,3,0,1,3,8,9.0,0022400411,Trevelin Queen,trevelin queen,,,2024-12-26,3,0.21631365479945922,0.027039206849932402,0.08111762054979721,0.054078413699864804,0.10815682739972961,5.0,3.0,5.0,1.0,1.0,5.0,3.0,2.0,3.0,0,0.0,0,0.00107,13.3,12418.300653594773,13.285769,0.08111762054979721,2.0,3.0,0.39162648
0022400411,1610612753,Orlando,Magic,ORL,magic,1629048,Goga,Bitadze,G. Bitadze,goga-bitadze,C,,,32:47,32.78333333333333,4,7,0.571,0,0,0.0,2,3,0.667,5,9,14,2,3,3,2,1,10,6.0,0022400411,Goga Bitadze,goga bitadze,,,2024-12-26,6,0.3050330452465684,0.1525165226232842,0.42704626334519574,0.06100660904931368,0.33553634977122526,4.0,1.0,1.0,1.0,1.0,1.0,5.0,3.0,3.0,0,0.0,0,0.00135,9.1,6735.751295336788,9.087715,0.18301982714794104,1.0,1.0,0.8728864
0022400411,1610612753,Orlando,Magic,ORL,magic,203484,Kentavious,Caldwell-Pope,K. Caldwell-Pope,kentavious-caldwell-pope,G,,,32:07,32.11666666666667,5,8,0.625,1,4,0.25,0,0,0.0,0,2,2,2,3,0,1,0,11,10.0,0022400411,Kentavious Caldwell-Pope,kentavious caldwell-pope,,,2024-12-26,3,0.34250129735339907,0.0,0.062272963155163466,0.062272963155163466,0.09340944473274519,3.0,5.0,7.0,1.0,1.0,5.0,2.0,5.0,5.0,0,0.0,0,0.00123,16.7,13566.206336311941,16.679459,0.09340944473274519,2.0,5.0,0.6587003
0022400411,1610612753,Orlando,Magic,ORL,magic,1630591,Jalen,Suggs,J. Suggs,jalen-suggs,G,,,32:19,32.31666666666667,10,21,0.476,2,11,0.182,7,8,0.875,0,4,4,2,1,0,7,3,29,8.0,0022400411,Jalen Suggs,jalen suggs,,,2024-12-26,1,0.8973697782362041,0.0,0.12377514182568333,0.061887570912841666,0.030943785456420833,1.0,5.0,4.0,1.0,4.0,5.0,4.0,4.0,3.0,0,1.0,0,0.00444,13.7,3084.8907903625304,13.639171999999999,0.030943785456420833,5.0,9.0,0.7693088
0022400411,1610612753,Orlando,Magic,ORL,magic,1630175,Cole,Anthony,C. Anthony,cole-anthony,,,,11:40,11.666666666666666,0,4,0.0,0,2,0.0,0,0,0.0,0,3,3,2,0,0,4,4,0,-3.0,0022400411,Cole Anthony,cole anthony,,,2024-12-26,0,0.0,0.0,0.2571428571428572,0.17142857142857143,0.0,9.0,5.0,5.0,1.0,7.0,5.0,6.0,9.0,0.0,0,0.0,0,0.00296,-15.2,-5133.4008780817285,-15.155008,0.0,9.0,10.0,0.0058610165
0022400411,1610612753,Orlando,Magic,ORL,magic,1641710,Anthony,Black,A. Black,anthony-black,,,,13:59,13.983333333333333,1,6,0.167,0,2,0.0,0,0,0.0,1,1,2,1,0,0,1,2,2,-9.0,0022400411,Anthony Black,anthony black,,,2024-12-26,0,0.1430274135876043,0.07151370679380215,0.1430274135876043,0.07151370679380215,0.07151370679380215,8.0,3.0,7.0,7.0,7.0,5.0,9.0,7.0,0.0,0,0.0,0,0.002,-33.0,-16491.754122938528,-32.934,0.0,9.0,7.0,0.0065478417
0022400411,1610612753,Orlando,Magic,ORL,magic,1628371,Jonathan,Isaac,J. Isaac,jonathan-isaac,,,,13:08,13.133333333333333,0,1,0.0,0,0,0.0,0,0,0.0,0,2,2,0,0,1,0,0,0,-12.0,0022400411,Jonathan Isaac,jonathan isaac,,,2024-12-26,1,0.0,0.0,0.15228426395939088,0.0,0.07614213197969544,9.0,5.0,7.0,9.0,7.0,2.0,11.0,8.0,1.0,0,0.0,0,0.00032,-46.2,-143925.2336448598,-46.185216000000004,0.07614213197969544,5.0,6.0,0.0075984374
0022400411,1610612753,Orlando,Magic,ORL,magic,1628976,Wendell,Carter Jr.,W. Carter Jr.,wendell-carter-jr,,,,15:13,15.216666666666667,1,6,0.167,0,2,0.0,3,4,0.75,0,6,6,1,0,1,1,0,5,-7.0,0022400411,Wendell Carter Jr.,wendell carter jr,,,2024-12-26,1,0.32858707557502737,0.0,0.39430449069003287,0.06571741511500548,0.06571741511500548,6.0,5.0,2.0,7.0,7.0,2.0,7.0,6.0,0.0,0,0.0,0,0.00243,-24.7,-10160.42780748663,-24.639978999999997,0.06571741511500548,5.0,8.0,0.017372018
0022400411,1610612753,Orlando,Magic,ORL,magic,202709,Cory,Joseph,C. Joseph,cory-joseph,,,,7:41,7.683333333333334,2,4,0.5,1,2,0.5,0,0,0.0,0,0,0,0,1,0,0,0,5,-11.0,0022400411,Cory Joseph,cory joseph,,,2024-12-26,1,0.6507592190889371,0.0,0.0,0.0,0.1301518438177874,6.0,5.0,10.0,9.0,4.0,5.0,10.0,10.0,2.0,0,0.0,0,0.00211,-68.8,-32591.18900994789,-68.654832,0.1301518438177874,5.0,2.0,0.025400935
0022400411,1610612753,Orlando,Magic,ORL,magic,1641724,Jett,Howard,J. Howard,jett-howard,,,,5:20,5.333333333333333,0,0,0.0,0,0,0.0,0,0,0.0,0,0,0,0,0,0,0,0,0,-8.0,0022400411,Jett Howard,jett howard,,,2024-12-26,0,0.0,0.0,0.0,0.0,0.0,9.0,5.0,10.0,9.0,7.0,5.0,8.0,11.0,0.0,0,0.0,0,0.0,-77.3,-77300000.0,-77.3,0.0,9.0,10.0,0.0028054416
0022400419,1610612753,Orlando,Magic,ORL,magic,203484,Kentavious,Caldwell-Pope,K. Caldwell-Pope,kentavious-caldwell-pope,F,,,31:06,31.1,4,11,0.364,1,6,0.167,1,1,1.0,0,0,0,3,2,0,1,1,10,-10.0,0022400419,Kentavious Caldwell-Pope,kentavious caldwell-pope,,,2024-12-27,2,0.3215434083601286,0.0,0.0,0.09646302250803858,0.06430868167202572,3.0,7.0,10.0,1.0,1.0,3.0,7.0,1.0,2.0,0,0.0,0,0.0017399999999999998,-14.8,-8500.861573808159,-14.774248000000002,0.06430868167202572,2.0,6.0,0.23387933
0022400419,1610612753,Orlando,Magic,ORL,magic,1641783,Tristan,da Silva,T. da Silva,tristan-da-silva,F,,,27:51,27.85,0,5,0.0,0,3,0.0,0,0,0.0,0,2,2,2,0,1,4,1,0,-6.0,0022400419,Tristan da Silva,tristan da silva,,,2024-12-27,1,0.0,0.0,0.0718132854578097,0.0718132854578097,0.03590664272890485,10.0,7.0,6.0,5.0,7.0,2.0,3.0,4.0,0.0,0,0.0,0,0.0014099999999999998,-5.4,-3827.0729978738495,-5.392386,0.03590664272890485,3.0,9.0,0.0103102075
0022400419,1610612753,Orlando,Magic,ORL,magic,1629048,Goga,Bitadze,G. Bitadze,goga-bitadze,C,,,30:35,30.583333333333332,6,9,0.667,1,1,1.0,1,2,0.5,4,7,11,3,1,2,4,2,14,-11.0,0022400419,Goga Bitadze,goga bitadze,,,2024-12-27,3,0.4577656675749319,0.13079019073569484,0.3596730245231608,0.09809264305177112,0.22888283378746596,2.0,1.0,1.0,1.0,2.0,1.0,8.0,2.0,2.0,0,0.0,0,0.0020599999999999998,-14.9,-7229.5002426006795,-14.869306000000002,0.09809264305177112,1.0,1.0,0.7136233
0022400419,1610612753,Orlando,Magic,ORL,magic,1630591,Jalen,Suggs,J. Suggs,jalen-suggs,G,,,26:27,26.45,10,20,0.5,4,6,0.667,3,3,1.0,1,3,4,3,1,0,3,5,27,-6.0,0022400419,Jalen Suggs,jalen suggs,,,2024-12-27,1,1.0207939508506616,0.03780718336483932,0.15122873345935728,0.11342155009451796,0.07561436672967864,1.0,4.0,3.0,1.0,2.0,3.0,3.0,5.0,4.0,0,0.0,0,0.0042899999999999995,-9.5,-2213.9361454206482,-9.459245,0.03780718336483932,3.0,5.0,0.8958039
0022400419,1610612753,Orlando,Magic,ORL,magic,1641710,Anthony,Black,A. Black,anthony-black,G,,,30:16,30.266666666666666,2,9,0.222,0,1,0.0,5,5,1.0,2,1,3,2,1,0,1,4,9,-9.0,0022400419,Anthony Black,anthony black,,,2024-12-27,1,0.29735682819383263,0.06607929515418502,0.09911894273127754,0.06607929515418502,0.09911894273127754,4.0,2.0,4.0,5.0,2.0,3.0,6.0,3.0,6.0,0,0.0,0,0.00167,-9.9,-5924.596050269301,-9.883467000000001,0.03303964757709251,3.0,4.0,0.089928485
0022400419,1610612753,Orlando,Magic,ORL,magic,1628371,Jonathan,Isaac,J. Isaac,jonathan-isaac,,,,17:25,17.416666666666668,3,9,0.333,0,4,0.0,1,1,1.0,2,3,5,1,1,0,1,3,7,-16.0,0022400419,Jonathan Isaac,jonathan isaac,,,2024-12-27,1,0.4019138755980861,0.11483253588516745,0.28708133971291866,0.057416267942583726,0.17224880382775118,6.0,2.0,2.0,7.0,2.0,3.0,11.0,7.0,1.0,0,0.0,0,0.00244,-45.7,-18721.83531339615,-45.588492,0.057416267942583726,3.0,2.0,0.114804946
0022400419,1610612753,Orlando,Magic,ORL,magic,1630243,Trevelin,Queen,T. Queen,trevelin-queen,,,,26:00,26.0,3,7,0.429,3,7,0.429,0,0,0.0,1,1,2,3,0,0,1,4,9,-20.0,0022400419,Trevelin Queen,trevelin queen,,,2024-12-27,0,0.34615384615384615,0.038461538461538464,0.07692307692307693,0.11538461538461539,0.038461538461538464,4.0,4.0,6.0,1.0,7.0,3.0,12.0,6.0,6.0,0,0.0,0,0.00127,-40.8,-32100.70810385523,-40.748183999999995,0.0,8.0,8.0,0.05147073
0022400419,1610612753,Orlando,Magic,ORL,magic,203914,Gary,Harris,G. Harris,gary-harris,,,,14:44,14.733333333333333,1,3,0.333,0,2,0.0,0,0,0.0,0,0,0,1,0,0,0,0,2,-12.0,0022400419,Gary Harris,gary harris,,,2024-12-27,0,0.13574660633484165,0.0,0.0,0.06787330316742082,0.0,8.0,7.0,10.0,7.0,7.0,3.0,9.0,9.0,1.0,0,0.0,0,0.00086,-37.6,-43670.15098722416,-37.567664,0.0,8.0,10.0,0.0049638464
0022400419,1610612753,Orlando,Magic,ORL,magic,1628976,Wendell,Carter Jr.,W. Carter Jr.,wendell-carter-jr,,,,17:25,17.416666666666668,1,6,0.167,0,1,0.0,0,0,0.0,1,2,3,1,0,0,0,2,2,-12.0,0022400419,Wendell Carter Jr.,wendell carter jr,,,2024-12-27,0,0.11483253588516745,0.057416267942583726,0.17224880382775118,0.057416267942583726,0.057416267942583726,8.0,4.0,4.0,7.0,7.0,3.0,9.0,7.0,0.0,0,0.0,0,0.0014299999999999998,-33.3,-23270.44025157233,-33.25238099999999,0.0,8.0,7.0,0.0064882576
0022400419,1610612753,Orlando,Magic,ORL,magic,202709,Cory,Joseph,C. Joseph,cory-joseph,,,,7:38,7.633333333333333,0,3,0.0,0,1,0.0,0,0,0.0,0,2,2,0,1,0,0,1,0,-4.0,0022400419,Cory Joseph,cory joseph,,,2024-12-27,1,0.0,0.0,0.26200873362445415,0.0,0.13100436681222707,10.0,7.0,6.0,11.0,2.0,3.0,2.0,10.0,1.0,0,0.0,0,0.00167,-32.6,-19509.27588270497,-32.545558,0.13100436681222707,3.0,3.0,0.00917253
0022400419,1610612753,Orlando,Magic,ORL,magic,1630175,Cole,Anthony,C. Anthony,cole-anthony,,,,6:01,6.016666666666667,2,5,0.4,1,1,1.0,0,0,0.0,0,1,1,0,0,0,2,0,5,-8.0,0022400419,Cole Anthony,cole anthony,,,2024-12-27,0,0.8310249307479225,0.0,0.16620498614958448,0.0,0.0,7.0,7.0,9.0,11.0,7.0,3.0,5.0,11.0,,1,,1,0.005,-61.5,-12297.540491901618,-61.1925,0.0,8.0,10.0,0.049898174
0022400419,1610612753,Orlando,Magic,ORL,magic,1631216,Caleb,Houstan,C. Houstan,caleb-houstan,,,,4:32,4.533333333333333,0,0,0.0,0,0,0.0,0,0,0.0,0,0,0,1,0,0,0,0,0,-1.0,0022400419,Caleb Houstan,caleb houstan,,,2024-12-27,0,0.0,0.0,0.0,0.22058823529411764,0.0,10.0,7.0,10.0,7.0,7.0,3.0,1.0,12.0,0.0,0,0.0,0,0.0,-20.0,-20000000.0,-20.0,0.0,8.0,10.0,0.0051787007
0022400436,1610612753,Orlando,Magic,ORL,magic,1641783,Tristan,da Silva,T. da Silva,tristan-da-silva,F,,,34:36,34.6,8,15,0.533,4,9,0.444,1,1,1.0,3,3,6,7,0,1,2,1,21,23.0,0022400436,Tristan da Silva,tristan da silva,,,2024-12-29,1,0.6069364161849711,0.08670520231213873,0.17341040462427745,0.20231213872832368,0.11560693641618497,1.0,3.0,3.0,1.0,6.0,1.0,1.0,1.0,0.0,0,0.0,0,0.00218,34.4,15772.581384685922,34.325008,0.028901734104046242,3.0,3.0,0.80942
0022400436,1610612753,Orlando,Magic,ORL,magic,1628976,Wendell,Carter Jr.,W. Carter Jr.,wendell-carter-jr,F,,,26:48,26.8,6,9,0.667,0,1,0.0,1,4,0.25,1,5,6,1,0,0,2,3,13,-2.0,0022400436,Wendell Carter Jr.,wendell carter jr,,,2024-12-29,0,0.48507462686567165,0.03731343283582089,0.22388059701492538,0.03731343283582089,0.03731343283582089,3.0,4.0,3.0,8.0,6.0,4.0,6.0,4.0,3.0,0,0.0,0,0.0022400000000000002,-4.0,-1784.9174475680497,-3.99104,0.0,7.0,10.0,0.33982283
0022400436,1610612753,Orlando,Magic,ORL,magic,1629048,Goga,Bitadze,G. Bitadze,goga-bitadze,C,,,33:54,33.9,8,10,0.8,0,1,0.0,3,5,0.6,4,7,11,5,2,1,1,4,19,9.0,0022400436,Goga Bitadze,goga bitadze,,,2024-12-29,3,0.56047197640118,0.11799410029498525,0.32448377581120946,0.14749262536873156,0.20648967551622419,2.0,2.0,1.0,2.0,1.0,1.0,4.0,3.0,3.0,0,0.0,0,0.0016200000000000001,12.7,7834.669956816779,12.679426,0.08849557522123894,1.0,2.0,0.8819576
0022400436,1610612753,Orlando,Magic,ORL,magic,203484,Kentavious,Caldwell-Pope,K. Caldwell-Pope,kentavious-caldwell-pope,G,,,34:02,34.03333333333333,2,10,0.2,0,4,0.0,1,1,1.0,0,1,1,5,2,1,0,2,5,17.0,0022400436,Kentavious Caldwell-Pope,kentavious caldwell-pope,,,2024-12-29,3,0.14691478942213518,0.0,0.029382957884427033,0.14691478942213518,0.0881488736532811,8.0,8.0,8.0,2.0,1.0,1.0,2.0,2.0,4.0,0,0.0,0,0.00133,25.3,19008.26446280992,25.266351,0.0881488736532811,1.0,4.0,0.049664702
0022400436,1610612753,Orlando,Magic,ORL,magic,1630591,Jalen,Suggs,J. Suggs,jalen-suggs,G,,,13:11,13.183333333333334,2,7,0.286,0,1,0.0,4,5,0.8,1,1,2,2,0,0,1,3,8,-4.0,0022400436,Jalen Suggs,jalen suggs,,,2024-12-29,0,0.606826801517067,0.07585335018963338,0.15170670037926676,0.15170670037926676,0.07585335018963338,6.0,4.0,6.0,5.0,6.0,4.0,7.0,10.0,1.0,0,0.0,0,0.00333,-16.7,-5013.509456619633,-16.644388999999997,0.0,7.0,5.0,0.079429045
0022400436,1610612753,Orlando,Magic,ORL,magic,1628371,Jonathan,Isaac,J. Isaac,jonathan-isaac,,,,18:39,18.65,2,6,0.333,0,1,0.0,1,2,0.5,5,4,9,2,1,0,2,1,5,-12.0,0022400436,Jonathan Isaac,jonathan isaac,,,2024-12-29,1,0.2680965147453083,0.2680965147453083,0.482573726541555,0.10723860589812333,0.32171581769437,8.0,1.0,2.0,5.0,3.0,4.0,9.0,5.0,2.0,0,0.0,0,0.00209,-30.8,-14729.794356767097,-30.735628,0.05361930294906166,3.0,1.0,0.06537989
0022400436,1610612753,Orlando,Magic,ORL,magic,203914,Gary,Harris,G. Harris,gary-harris,,,,14:44,14.733333333333333,2,4,0.5,2,4,0.5,0,2,0.0,0,0,0,2,1,0,1,1,6,-13.0,0022400436,Gary Harris,gary harris,,,2024-12-29,1,0.4072398190045249,0.0,0.0,0.13574660633484165,0.06787330316742082,7.0,8.0,11.0,5.0,3.0,4.0,10.0,8.0,1.0,0,0.0,0,0.00182,-46.4,-25480.505216913785,-46.315552,0.06787330316742082,3.0,7.0,0.056904163
0022400436,1610612753,Orlando,Magic,ORL,magic,1630243,Trevelin,Queen,T. Queen,trevelin-queen,,,,5:39,5.65,0,0,0.0,0,0,0.0,0,0,0.0,0,1,1,0,0,0,3,1,0,-14.0,0022400436,Trevelin Queen,trevelin queen,,,2024-12-29,0,0.0,0.0,0.17699115044247787,0.0,0.0,11.0,8.0,8.0,12.0,6.0,4.0,11.0,12.0,2.0,0,0.0,0,0.0027300000000000002,-140.0,-51263.27352618088,-139.6178,0.0,7.0,11.0,0.0033591092
0022400436,1610612753,Orlando,Magic,ORL,magic,1641724,Jett,Howard,J. Howard,jett-howard,,,,12:19,12.316666666666666,0,3,0.0,0,3,0.0,0,0,0.0,0,1,1,1,0,0,0,1,0,-18.0,0022400436,Jett Howard,jett howard,,,2024-12-29,0,0.0,0.0,0.08119079837618404,0.08119079837618404,0.0,11.0,8.0,8.0,8.0,6.0,4.0,12.0,11.0,0.0,0,0.0,0,0.00111,-78.3,-70477.04770477048,-78.21308699999999,0.0,7.0,11.0,0.0033864295
0022400436,1610612753,Orlando,Magic,ORL,magic,202709,Cory,Joseph,C. Joseph,cory-joseph,,,,13:49,13.816666666666666,1,3,0.333,1,2,0.5,0,0,0.0,1,1,2,1,0,0,1,1,3,-7.0,0022400436,Cory Joseph,cory joseph,,,2024-12-29,0,0.21712907117008445,0.07237635705669482,0.14475271411338964,0.07237635705669482,0.07237635705669482,10.0,4.0,6.0,8.0,6.0,4.0,8.0,9.0,1.0,0,0.0,0,0.0012900000000000001,-36.0,-27885.360185902402,-35.953559999999996,0.0,7.0,6.0,0.009458937
0022400436,1610612753,Orlando,Magic,ORL,magic,1630175,Cole,Anthony,C. Anthony,cole-anthony,,,,16:56,16.933333333333334,3,11,0.273,2,6,0.333,2,2,1.0,1,2,3,3,0,0,0,2,10,17.0,0022400436,Cole Anthony,cole anthony,,,2024-12-29,0,0.5905511811023622,0.05905511811023622,0.17716535433070865,0.17716535433070865,0.05905511811023622,5.0,4.0,5.0,4.0,6.0,4.0,2.0,6.0,1.0,0,0.0,0,0.00316,49.5,15659.601391964567,49.343579999999996,0.0,7.0,9.0,0.43086696
0022400436,1610612753,Orlando,Magic,ORL,magic,1631216,Caleb,Houstan,C. Houstan,caleb-houstan,,,,15:23,15.383333333333333,3,5,0.6,3,4,0.75,3,3,1.0,0,0,0,1,1,0,0,3,12,9.0,0022400436,Caleb Houstan,caleb houstan,,,2024-12-29,1,0.7800650054171181,0.0,0.0,0.06500541711809317,0.06500541711809317,4.0,8.0,11.0,8.0,3.0,4.0,4.0,7.0,2.0,0,0.0,0,0.00188,28.2,14992.025518341308,28.146984,0.06500541711809317,3.0,8.0,0.25782657
0022400455,1610612753,Orlando,Magic,ORL,magic,1641783,Tristan,da Silva,T. da Silva,tristan-da-silva,F,,,22:42,22.7,0,6,0.0,0,1,0.0,0,0,0.0,1,5,6,3,1,0,1,3,0,-18.0,0022400455,Tristan da Silva,tristan da silva,,,2025-01-01,1,0.0,0.04405286343612335,0.2643171806167401,0.13215859030837004,0.0881057268722467,10.0,2.0,2.0,2.0,7.0,5.0,11.0,5.0,1.0,0,0.0,0,0.00132,-36.2,-27403.482210446637,-36.152216,0.04405286343612335,8.0,9.0,0.010733471
0022400455,1610612753,Orlando,Magic,ORL,magic,1628976,Wendell,Carter Jr.,W. Carter Jr.,wendell-carter-jr,F,,,34:04,34.06666666666667,7,15,0.467,0,4,0.0,1,2,0.5,2,6,8,1,2,1,1,3,15,-11.0,0022400455,Wendell Carter Jr.,wendell carter jr,,,2025-01-01,3,0.44031311154598823,0.05870841487279843,0.23483365949119372,0.029354207436399216,0.14677103718199608,3.0,1.0,1.0,5.0,3.0,2.0,9.0,2.0,4.0,0,0.0,0,0.00227,-16.4,-7221.48833113166,-16.362772,0.08806262230919765,2.0,6.0,0.5131719
0022400455,1610612753,Orlando,Magic,ORL,magic,1629048,Goga,Bitadze,G. Bitadze,goga-bitadze,C,,,22:39,22.65,3,8,0.375,0,0,0.0,2,4,0.5,1,2,3,6,1,0,2,2,8,-6.0,0022400455,Goga Bitadze,goga bitadze,,,2025-01-01,1,0.35320088300220753,0.04415011037527594,0.13245033112582782,0.26490066225165565,0.08830022075055188,5.0,2.0,4.0,1.0,7.0,5.0,8.0,6.0,2.0,0,0.0,0,0.00218,-12.5,-5731.315910132966,-12.472750000000001,0.04415011037527594,8.0,8.0,0.10322924
0022400455,1610612753,Orlando,Magic,ORL,magic,203484,Kentavious,Caldwell-Pope,K. Caldwell-Pope,kentavious-caldwell-pope,G,,,34:23,34.38333333333333,8,11,0.727,4,6,0.667,1,1,1.0,0,2,2,2,2,1,2,2,21,-17.0,0022400455,Kentavious Caldwell-Pope,kentavious caldwell-pope,,,2025-01-01,3,0.6107610276296656,0.0,0.058167716917111006,0.058167716917111006,0.08725157537566651,2.0,9.0,5.0,4.0,3.0,2.0,10.0,1.0,3.0,0,0.0,0,0.0016300000000000002,-22.8,-13979.153893316983,-22.762836,0.08725157537566651,2.0,10.0,0.8945489
0022400455,1610612753,Orlando,Magic,ORL,magic,1630591,Jalen,Suggs,J. Suggs,jalen-suggs,G,,,33:49,33.81666666666667,9,20,0.45,3,9,0.333,3,4,0.75,1,3,4,3,3,2,2,3,24,-5.0,0022400455,Jalen Suggs,jalen suggs,,,2025-01-01,5,0.7097092163627402,0.029571217348447507,0.11828486939379003,0.08871365204534253,0.17742730409068505,1.0,2.0,3.0,2.0,1.0,1.0,7.0,3.0,10.0,0,0.0,0,0.0030399999999999997,-7.1,-2334.75830318974,-7.078415999999999,0.14785608674223755,1.0,4.0,0.82811445
0022400455,1610612753,Orlando,Magic,ORL,magic,1628371,Jonathan,Isaac,J. Isaac,jonathan-isaac,,,,15:02,15.033333333333333,1,5,0.2,0,4,0.0,2,2,1.0,1,1,2,1,1,1,2,2,4,3.0,0022400455,Jonathan Isaac,jonathan isaac,,,2025-01-01,2,0.2660753880266075,0.06651884700665188,0.13303769401330376,0.06651884700665188,0.19955654101995565,7.0,2.0,5.0,5.0,7.0,2.0,3.0,9.0,2.0,0,0.0,0,0.0019,6.8,3577.0647027880063,6.78708,0.13303769401330376,5.0,3.0,0.06307622
0022400455,1610612753,Orlando,Magic,ORL,magic,203914,Gary,Harris,G. Harris,gary-harris,,,,15:19,15.316666666666666,2,5,0.4,0,2,0.0,0,0,0.0,1,1,2,0,3,0,1,0,4,6.0,0022400455,Gary Harris,gary harris,,,2025-01-01,3,0.2611534276387378,0.06528835690968444,0.1305767138193689,0.0,0.2611534276387378,7.0,2.0,5.0,9.0,1.0,5.0,1.0,7.0,2.0,0,0.0,0,0.0015,20.1,13391.072618254499,20.069850000000002,0.19586507072905332,2.0,1.0,0.15494652
0022400455,1610612753,Orlando,Magic,ORL,magic,1630175,Cole,Anthony,C. Anthony,cole-anthony,,,,13:18,13.3,3,12,0.25,0,3,0.0,2,3,0.667,1,1,2,1,2,0,1,2,8,1.0,0022400455,Cole Anthony,cole anthony,,,2025-01-01,2,0.6015037593984962,0.07518796992481203,0.15037593984962405,0.07518796992481203,0.22556390977443608,5.0,2.0,5.0,5.0,3.0,5.0,4.0,10.0,2.0,0,0.0,0,0.00438,3.7,844.5560374343756,3.683794,0.15037593984962405,5.0,2.0,0.23775369
0022400455,1610612753,Orlando,Magic,ORL,magic,202709,Cory,Joseph,C. Joseph,cory-joseph,,,,6:14,6.233333333333333,0,1,0.0,0,1,0.0,0,0,0.0,0,1,1,0,1,0,0,0,0,-3.0,0022400455,Cory Joseph,cory joseph,,,2025-01-01,1,0.0,0.0,0.16042780748663102,0.0,0.16042780748663102,10.0,9.0,10.0,9.0,7.0,5.0,6.0,11.0,2.0,0,0.0,0,0.00067,-32.7,-48733.23397913562,-32.678091,0.16042780748663102,8.0,5.0,0.003973983
0022400455,1610612753,Orlando,Magic,ORL,magic,1631216,Caleb,Houstan,C. Houstan,caleb-houstan,,,,27:18,27.3,1,4,0.25,1,4,0.25,0,0,0.0,1,1,2,1,2,0,0,3,3,6.0,0022400455,Caleb Houstan,caleb houstan,,,2025-01-01,2,0.10989010989010989,0.03663003663003663,0.07326007326007326,0.03663003663003663,0.10989010989010989,9.0,2.0,5.0,5.0,3.0,5.0,1.0,4.0,6.0,0,0.0,0,0.00061,9.0,14729.950900163667,8.99451,0.07326007326007326,5.0,7.0,0.11075568
0022400455,1610612753,Orlando,Magic,ORL,magic,1641724,Jett,Howard,J. Howard,jett-howard,,,,15:12,15.2,3,4,0.75,0,1,0.0,3,4,0.75,0,1,1,0,0,0,0,1,9,-1.0,0022400455,Jett Howard,jett howard,,,2025-01-01,0,0.5921052631578948,0.0,0.06578947368421052,0.0,0.0,4.0,9.0,10.0,9.0,11.0,5.0,5.0,8.0,1.0,0,0.0,0,0.0017100000000000001,-0.5,-292.22676797194623,-0.499145,0.0,11.0,11.0,0.19202816
0022400470,1610612753,Orlando,Magic,ORL,magic,1631216,Caleb,Houstan,C. Houstan,caleb-houstan,F,,,24:25,24.416666666666668,2,5,0.4,2,4,0.5,0,0,0.0,1,2,3,1,1,1,0,1,6,7.0,0022400470,Caleb Houstan,caleb houstan,,,2025-01-03,2,0.24573378839590443,0.040955631399317405,0.12286689419795221,0.040955631399317405,0.12286689419795221,7.0,4.0,6.0,7.0,3.0,3.0,4.0,5.0,0.0,0,0.0,0,0.00098,13.5,13761.46788990826,13.48677,0.08191126279863481,3.0,6.0,0.10628705
0022400470,1610612753,Orlando,Magic,ORL,magic,1641783,Tristan,da Silva,T. da Silva,tristan-da-silva,F,,,36:54,36.9,9,13,0.692,5,7,0.714,2,2,1.0,3,1,4,2,2,0,1,1,25,12.0,0022400470,Tristan da Silva,tristan da silva,,,2025-01-03,2,0.6775067750677507,0.08130081300813008,0.10840108401084012,0.05420054200542006,0.13550135501355015,1.0,1.0,3.0,4.0,1.0,6.0,3.0,1.0,4.0,0,0.0,0,0.00192,14.6,7600.208224882874,14.571968,0.05420054200542006,3.0,5.0,0.86053854
0022400470,1610612753,Orlando,Magic,ORL,magic,1629048,Goga,Bitadze,G. Bitadze,goga-bitadze,C,,,30:04,30.066666666666666,3,9,0.333,0,2,0.0,5,8,0.625,3,10,13,7,1,3,1,3,11,6.0,0022400470,Goga Bitadze,goga bitadze,,,2025-01-03,4,0.36585365853658536,0.09977827050997783,0.43237250554323725,0.2328159645232816,0.2328159645232816,3.0,1.0,1.0,2.0,3.0,1.0,5.0,4.0,4.0,0,0.0,0,0.0023,13.2,5736.636245110821,13.16964,0.13303769401330376,1.0,2.0,0.49897832
0022400470,1610612753,Orlando,Magic,ORL,magic,203484,Kentavious,Caldwell-Pope,K. Caldwell-Pope,kentavious-caldwell-pope,G,,,32:41,32.68333333333333,6,10,0.6,3,7,0.429,0,0,0.0,0,1,1,2,2,1,0,1,15,13.0,0022400470,Kentavious Caldwell-Pope,kentavious caldwell-pope,,,2025-01-03,3,0.45894951555328917,0.0,0.03059663437021928,0.06119326874043856,0.09178990311065784,2.0,8.0,9.0,4.0,1.0,3.0,1.0,3.0,2.0,0,0.0,0,0.00145,21.3,14679.531357684358,21.269115000000003,0.09178990311065784,2.0,7.0,0.7828861
0022400470,1610612753,Orlando,Magic,ORL,magic,1630591,Jalen,Suggs,J. Suggs,jalen-suggs,G,,,13:15,13.25,2,7,0.286,2,5,0.4,0,0,0.0,0,2,2,1,1,0,1,0,6,6.0,0022400470,Jalen Suggs,jalen suggs,,,2025-01-03,1,0.4528301886792453,0.0,0.1509433962264151,0.07547169811320754,0.07547169811320754,7.0,8.0,7.0,7.0,3.0,6.0,5.0,9.0,1.0,0,0.0,0,0.00242,19.4,8013.217678645187,19.353051999999998,0.07547169811320754,7.0,8.0,0.07123074
0022400470,1610612753,Orlando,Magic,ORL,magic,202709,Cory,Joseph,C. Joseph,cory-joseph,,,,16:37,16.616666666666667,4,7,0.571,3,5,0.6,0,0,0.0,0,0,0,3,0,0,1,0,11,2.0,0022400470,Cory Joseph,cory joseph,,,2025-01-03,0,0.6619859578736208,0.0,0.0,0.18054162487462386,0.0,3.0,8.0,10.0,3.0,9.0,6.0,8.0,7.0,1.0,0,0.0,0,0.00222,6.3,2836.5601080594324,6.286014,0.0,10.0,10.0,0.7561224
0022400470,1610612753,Orlando,Magic,ORL,magic,1628371,Jonathan,Isaac,J. Isaac,jonathan-isaac,,,,13:23,13.383333333333333,2,3,0.667,1,2,0.5,2,3,0.667,1,3,4,1,0,2,2,2,7,1.0,0022400470,Jonathan Isaac,jonathan isaac,,,2025-01-03,2,0.523038605230386,0.07471980074719801,0.29887920298879206,0.07471980074719801,0.22415940224159403,6.0,4.0,3.0,7.0,9.0,2.0,9.0,8.0,0.0,0,0.0,0,0.0017599999999999998,-0.3,-170.35775127768315,-0.299472,0.14943960149439603,3.0,3.0,0.16027904
0022400470,1610612753,Orlando,Magic,ORL,magic,1630175,Cole,Anthony,C. Anthony,cole-anthony,,,,33:49,33.81666666666667,4,11,0.364,1,4,0.25,0,0,0.0,1,3,4,11,1,0,3,3,9,13.0,0022400470,Cole Anthony,cole anthony,,,2025-01-03,1,0.26614095613602756,0.029571217348447507,0.11828486939379003,0.32528339083292257,0.059142434696895015,5.0,4.0,3.0,1.0,3.0,6.0,1.0,2.0,4.0,0,0.0,0,0.00194,15.3,7882.534775888717,15.270318,0.029571217348447507,7.0,9.0,0.6937054
0022400470,1610612753,Orlando,Magic,ORL,magic,1641724,Jett,Howard,J. Howard,jett-howard,,,,10:08,10.133333333333333,1,5,0.2,1,4,0.25,2,2,1.0,0,0,0,1,0,0,1,2,5,-7.0,0022400470,Jett Howard,jett howard,,,2025-01-03,0,0.493421052631579,0.0,0.0,0.09868421052631579,0.0,10.0,8.0,10.0,7.0,9.0,6.0,10.0,11.0,1.0,0,0.0,0,0.00269,-37.7,-14009.661835748791,-37.598587,0.0,10.0,10.0,0.008284861
0022400470,1610612753,Orlando,Magic,ORL,magic,1628976,Wendell,Carter Jr.,W. Carter Jr.,wendell-carter-jr,,,,17:56,17.933333333333334,2,7,0.286,0,3,0.0,2,2,1.0,1,8,9,1,1,1,1,2,6,3.0,0022400470,Wendell Carter Jr.,wendell carter jr,,,2025-01-03,2,0.3345724907063197,0.055762081784386616,0.5018587360594795,0.055762081784386616,0.16728624535315986,7.0,4.0,2.0,7.0,3.0,3.0,7.0,6.0,2.0,0,0.0,0,0.00209,8.3,3969.392635102822,8.282653,0.11152416356877323,3.0,4.0,0.14859624
0022400470,1610612753,Orlando,Magic,ORL,magic,1630243,Trevelin,Queen,T. Queen,trevelin-queen,,,,10:48,10.8,2,2,1.0,1,1,1.0,0,0,0.0,2,0,2,2,1,0,0,0,5,-11.0,0022400470,Trevelin Queen,trevelin queen,,,2025-01-03,1,0.4629629629629629,0.18518518518518517,0.18518518518518517,0.18518518518518517,0.27777777777777773,10.0,3.0,7.0,4.0,3.0,6.0,11.0,10.0,1.0,0,0.0,0,0.0008,-56.1,-70037.4531835206,-56.05512,0.09259259259259259,7.0,1.0,0.026782501
0022400490,1610612753,Orlando,Magic,ORL,magic,1631216,Caleb,Houstan,C. Houstan,caleb-houstan,F,,,24:47,24.783333333333335,3,10,0.3,3,10,0.3,0,0,0.0,1,1,2,0,2,0,0,1,9,3.0,0022400490,Caleb Houstan,caleb houstan,,,2025-01-05,2,0.363147276395427,0.04034969737726967,0.08069939475453934,0.0,0.121049092131809,5.0,5.0,7.0,9.0,2.0,3.0,1.0,7.0,1.0,0,0.0,0,0.00167,5.9,3530.81986834231,5.890147000000001,0.08069939475453934,3.0,4.0,0.2796232
0022400490,1610612753,Orlando,Magic,ORL,magic,1641783,Tristan,da Silva,T. da Silva,tristan-da-silva,F,,,30:40,30.666666666666668,3,11,0.273,0,4,0.0,0,0,0.0,3,6,9,2,0,0,0,2,6,-17.0,0022400490,Tristan da Silva,tristan da silva,,,2025-01-05,0,0.19565217391304346,0.09782608695652173,0.2934782608695652,0.06521739130434782,0.09782608695652173,7.0,2.0,2.0,5.0,5.0,3.0,10.0,1.0,3.0,0,0.0,0,0.00151,-31.1,-20582.39576439444,-31.053039000000002,0.0,6.0,6.0,0.06554958
0022400490,1610612753,Orlando,Magic,ORL,magic,1629048,Goga,Bitadze,G. Bitadze,goga-bitadze,C,,,28:43,28.716666666666665,4,9,0.444,1,2,0.5,0,4,0.0,5,6,11,4,1,0,2,2,9,-12.0,0022400490,Goga Bitadze,goga bitadze,,,2025-01-05,1,0.3134068485200232,0.17411491584445735,0.3830528148578062,0.1392919326755659,0.20893789901334883,5.0,1.0,1.0,2.0,4.0,3.0,8.0,2.0,2.0,0,0.0,0,0.00197,-21.2,-10755.961440892946,-21.158236,0.03482298316889147,5.0,1.0,0.24870297
0022400490,1610612753,Orlando,Magic,ORL,magic,203484,Kentavious,Caldwell-Pope,K. Caldwell-Pope,kentavious-caldwell-pope,G,,,27:58,27.966666666666665,1,8,0.125,0,4,0.0,0,0,0.0,0,2,2,2,0,0,1,2,2,-12.0,0022400490,Kentavious Caldwell-Pope,kentavious caldwell-pope,,,2025-01-05,0,0.07151370679380215,0.0,0.07151370679380215,0.07151370679380215,0.0,9.0,7.0,7.0,5.0,5.0,3.0,8.0,4.0,2.0,0,0.0,0,0.0013800000000000002,-25.0,-18102.824040550324,-24.9655,0.0,6.0,8.0,0.010408751
0022400490,1610612753,Orlando,Magic,ORL,magic,1630175,Cole,Anthony,C. Anthony,cole-anthony,G,,,28:28,28.466666666666665,5,14,0.357,2,4,0.5,0,0,0.0,0,4,4,0,0,3,1,5,12,-8.0,0022400490,Cole Anthony,cole anthony,,,2025-01-05,3,0.4215456674473068,0.0,0.14051522248243561,0.0,0.1053864168618267,3.0,7.0,4.0,9.0,5.0,1.0,6.0,3.0,1.0,0,0.0,0,0.0022400000000000002,-16.9,-7541.276215975009,-16.862143999999997,0.1053864168618267,2.0,5.0,0.3870459
0022400490,1610612753,Orlando,Magic,ORL,magic,1630243,Trevelin,Queen,T. Queen,trevelin-queen,,,,25:08,25.133333333333333,3,10,0.3,2,5,0.4,3,4,0.75,1,2,3,6,3,1,2,3,11,-6.0,0022400490,Trevelin Queen,trevelin queen,,,2025-01-05,4,0.4376657824933687,0.03978779840848806,0.1193633952254642,0.2387267904509284,0.1989389920424403,4.0,5.0,6.0,1.0,1.0,2.0,4.0,6.0,13.0,0,0.0,0,0.00219,-6.5,-2966.6818804198992,-6.485765,0.15915119363395225,1.0,3.0,0.23754416
0022400490,1610612753,Orlando,Magic,ORL,magic,1641724,Jett,Howard,J. Howard,jett-howard,,,,25:29,25.483333333333334,7,16,0.438,4,10,0.4,3,3,1.0,2,0,2,4,0,0,1,0,21,-7.0,0022400490,Jett Howard,jett howard,,,2025-01-05,0,0.8240680183126226,0.07848266841072596,0.07848266841072596,0.15696533682145192,0.07848266841072596,1.0,3.0,7.0,2.0,5.0,3.0,5.0,5.0,0.0,0,0.0,0,0.0028599999999999997,-8.4,-2936.0363509262497,-8.375976000000001,0.0,6.0,7.0,0.85591054
0022400490,1610612753,Orlando,Magic,ORL,magic,202709,Cory,Joseph,C. Joseph,cory-joseph,,,,15:05,15.083333333333334,2,5,0.4,1,3,0.333,0,0,0.0,0,0,0,3,0,0,1,2,5,3.0,0022400490,Cory Joseph,cory joseph,,,2025-01-05,0,0.3314917127071823,0.0,0.0,0.19889502762430938,0.0,8.0,7.0,10.0,4.0,5.0,3.0,1.0,9.0,1.0,0,0.0,0,0.00154,13.8,8955.223880597016,13.778748,0.0,6.0,8.0,0.049005423
0022400490,1610612753,Orlando,Magic,ORL,magic,1628371,Jonathan,Isaac,J. Isaac,jonathan-isaac,,,,14:25,14.416666666666666,1,5,0.2,0,2,0.0,0,0,0.0,0,4,4,2,0,0,0,1,2,-8.0,0022400490,Jonathan Isaac,jonathan isaac,,,2025-01-05,0,0.13872832369942198,0.0,0.27745664739884396,0.13872832369942198,0.0,9.0,7.0,4.0,5.0,5.0,3.0,6.0,10.0,0.0,0,0.0,0,0.00135,-24.2,-17912.657290895633,-24.16733,0.0,6.0,8.0,0.009922247
0022400490,1610612753,Orlando,Magic,ORL,magic,1628976,Wendell,Carter Jr.,W. Carter Jr.,wendell-carter-jr,,,,19:17,19.283333333333335,6,10,0.6,1,3,0.333,2,2,1.0,2,4,6,2,2,0,3,3,15,-1.0,0022400490,Wendell Carter Jr.,wendell carter jr,,,2025-01-05,2,0.7778738115816767,0.10371650821089022,0.31114952463267065,0.10371650821089022,0.20743301642178044,2.0,3.0,3.0,5.0,2.0,3.0,3.0,8.0,2.0,0,0.0,0,0.0028599999999999997,5.0,1747.6406850751487,4.9857000000000005,0.10371650821089022,3.0,2.0,0.8613091
0022400496,1610612753,Orlando,Magic,ORL,magic,1641783,Tristan,da Silva,T. da Silva,tristan-da-silva,F,,,36:09,36.15,4,12,0.333,0,7,0.0,0,0,0.0,1,5,6,2,0,0,0,0,8,8.0,0022400496,Tristan da Silva,tristan da silva,,,2025-01-06,0,0.22130013831258646,0.027662517289073308,0.16597510373443983,0.055325034578146616,0.027662517289073308,7.0,3.0,4.0,5.0,5.0,3.0,2.0,2.0,2.0,0,0.0,0,0.0016,11.6,7245.471580262336,11.581439999999999,0.0,7.0,7.0,0.28654137
0022400496,1610612753,Orlando,Magic,ORL,magic,1631216,Caleb,Houstan,C. Houstan,caleb-houstan,F,,,15:59,15.983333333333333,0,3,0.0,0,3,0.0,0,0,0.0,0,1,1,1,0,0,1,2,0,-5.0,0022400496,Caleb Houstan,caleb houstan,,,2025-01-06,0,0.0,0.0,0.06256517205422316,0.06256517205422316,0.0,9.0,6.0,7.0,7.0,5.0,3.0,10.0,8.0,2.0,0,0.0,0,0.00125,-13.9,-11111.111111111111,-13.882625,0.0,7.0,8.0,0.006241543
0022400496,1610612753,Orlando,Magic,ORL,magic,1629048,Goga,Bitadze,G. Bitadze,goga-bitadze,C,,,22:18,22.3,3,5,0.6,0,0,0.0,0,0,0.0,1,7,8,4,0,3,1,1,6,4.0,0022400496,Goga Bitadze,goga bitadze,,,2025-01-06,3,0.26905829596412556,0.04484304932735426,0.35874439461883406,0.17937219730941703,0.17937219730941703,8.0,3.0,2.0,2.0,5.0,1.0,7.0,7.0,2.0,0,0.0,0,0.00128,9.8,7650.273224043716,9.787456,0.13452914798206278,1.0,2.0,0.16304882
0022400496,1610612753,Orlando,Magic,ORL,magic,1630175,Cole,Anthony,C. Anthony,cole-anthony,G,,,36:38,36.63333333333333,9,18,0.5,3,6,0.5,3,4,0.75,2,5,7,4,1,0,2,3,24,3.0,0022400496,Cole Anthony,cole anthony,,,2025-01-06,1,0.6551410373066424,0.0545950864422202,0.1910828025477707,0.1091901728844404,0.0818926296633303,1.0,2.0,3.0,2.0,3.0,3.0,8.0,1.0,2.0,0,0.0,0,0.0028599999999999997,5.6,1957.3575672841664,5.583984,0.0272975432211101,5.0,4.0,0.79932797
0022400496,1610612753,Orlando,Magic,ORL,magic,203484,Kentavious,Caldwell-Pope,K. Caldwell-Pope,kentavious-caldwell-pope,G,,,30:26,30.433333333333334,6,10,0.6,3,6,0.5,0,0,0.0,1,3,4,2,3,0,2,2,15,7.0,0022400496,Kentavious Caldwell-Pope,kentavious caldwell-pope,,,2025-01-06,3,0.4928806133625411,0.03285870755750274,0.13143483023001096,0.06571741511500548,0.13143483023001096,3.0,3.0,5.0,5.0,1.0,3.0,4.0,3.0,3.0,0,0.0,0,0.00185,8.4,4538.08752025932,8.38446,0.09857612267250822,1.0,3.0,0.6667397
0022400496,1610612753,Orlando,Magic,ORL,magic,1641710,Anthony,Black,A. Black,anthony-black,,,,26:09,26.15,1,5,0.2,0,0,0.0,7,8,0.875,0,1,1,5,2,0,1,3,9,8.0,0022400496,Anthony Black,anthony black,,,2025-01-06,2,0.3441682600382409,0.0,0.03824091778202677,0.19120458891013387,0.07648183556405354,5.0,6.0,7.0,1.0,2.0,3.0,2.0,4.0,2.0,0,0.0,0,0.0017499999999999998,13.4,7652.7698458024,13.37655,0.07648183556405354,3.0,5.0,0.07689303
0022400496,1610612753,Orlando,Magic,ORL,magic,1628371,Jonathan,Isaac,J. Isaac,jonathan-isaac,,,,25:28,25.466666666666665,4,5,0.8,1,1,1.0,4,6,0.667,4,5,9,1,0,2,0,1,13,7.0,0022400496,Jonathan Isaac,jonathan isaac,,,2025-01-06,2,0.5104712041884817,0.15706806282722513,0.35340314136125656,0.03926701570680628,0.23560209424083772,4.0,1.0,1.0,7.0,5.0,2.0,4.0,6.0,1.0,0,0.0,0,0.0013800000000000002,9.3,6734.250543084721,9.287166000000001,0.07853403141361257,3.0,1.0,0.7682978
0022400496,1610612753,Orlando,Magic,ORL,magic,1628976,Wendell,Carter Jr.,W. Carter Jr.,wendell-carter-jr,,,,25:42,25.7,8,11,0.727,3,3,1.0,0,0,0.0,0,2,2,4,1,0,1,1,19,5.0,0022400496,Wendell Carter Jr.,wendell carter jr,,,2025-01-06,1,0.7392996108949417,0.0,0.07782101167315175,0.1556420233463035,0.038910505836575876,2.0,6.0,6.0,2.0,3.0,3.0,6.0,5.0,0.0,0,0.0,0,0.00214,7.4,3456.3288183092013,7.384164,0.038910505836575876,5.0,6.0,0.86286837
0022400496,1610612753,Orlando,Magic,ORL,magic,1641724,Jett,Howard,J. Howard,jett-howard,,,,15:43,15.716666666666667,4,7,0.571,1,3,0.333,0,0,0.0,0,1,1,0,0,0,1,3,9,11.0,0022400496,Jett Howard,jett howard,,,2025-01-06,0,0.5726405090137858,0.0,0.06362672322375397,0.0,0.0,5.0,6.0,7.0,9.0,5.0,3.0,1.0,9.0,0.0,0,0.0,0,0.0023499999999999997,36.7,15610.378562313912,36.613755000000005,0.0,7.0,8.0,0.67407364
0022400496,1610612753,Orlando,Magic,ORL,magic,1630243,Trevelin,Queen,T. Queen,trevelin-queen,,,,5:28,5.466666666666667,0,2,0.0,0,2,0.0,0,0,0.0,0,0,0,0,0,0,0,3,0,-3.0,0022400496,Trevelin Queen,trevelin queen,,,2025-01-06,0,0.0,0.0,0.0,0.0,0.0,9.0,6.0,10.0,9.0,5.0,3.0,9.0,10.0,1.0,0,0.0,0,0.002,-17.8,-8895.552223888055,-17.764400000000002,0.0,7.0,8.0,0.0031021407
0022400519,1610612753,Orlando,Magic,ORL,magic,1631216,Caleb,Houstan,C. Houstan,caleb-houstan,F,,,33:02,33.03333333333333,4,7,0.571,4,6,0.667,2,2,1.0,0,1,1,1,0,0,2,3,14,-4.0,0022400519,Caleb Houstan,caleb houstan,,,2025-01-09,0,0.42381432896064586,0.0,0.03027245206861756,0.03027245206861756,0.0,2.0,7.0,8.0,7.0,4.0,7.0,3.0,1.0,1.0,0,0.0,0,0.00133,-4.5,-3380.9166040571,-4.494015,0.0,7.0,10.0,0.55480033
0022400519,1610612753,Orlando,Magic,ORL,magic,1641783,Tristan,da Silva,T. da Silva,tristan-da-silva,F,,,23:50,23.833333333333332,2,9,0.222,0,5,0.0,2,2,1.0,3,6,9,2,0,0,1,1,6,3.0,0022400519,Tristan da Silva,tristan da silva,,,2025-01-09,0,0.2517482517482518,0.1258741258741259,0.37762237762237766,0.08391608391608392,0.1258741258741259,7.0,1.0,1.0,3.0,4.0,7.0,2.0,5.0,1.0,0,0.0,0,0.00212,4.3,2027.3455917020271,4.290884,0.0,7.0,5.0,0.17329024
0022400519,1610612753,Orlando,Magic,ORL,magic,1629048,Goga,Bitadze,G. Bitadze,goga-bitadze,C,,,30:19,30.316666666666666,7,12,0.583,0,1,0.0,1,1,1.0,1,7,8,2,1,3,0,2,15,-9.0,0022400519,Goga Bitadze,goga bitadze,,,2025-01-09,4,0.4947773501924134,0.032985156679494226,0.2638812534359538,0.06597031335898845,0.16492578339747113,1.0,5.0,2.0,3.0,2.0,1.0,7.0,3.0,1.0,0,0.0,0,0.00182,-15.5,-8511.806699615596,-15.471789999999999,0.1319406267179769,1.0,3.0,0.8524335
0022400519,1610612753,Orlando,Magic,ORL,magic,203484,Kentavious,Caldwell-Pope,K. Caldwell-Pope,kentavious-caldwell-pope,G,,,33:02,33.03333333333333,5,7,0.714,3,4,0.75,0,0,0.0,0,1,1,2,1,1,1,3,13,-20.0,0022400519,Kentavious Caldwell-Pope,kentavious caldwell-pope,,,2025-01-09,2,0.3935418768920283,0.0,0.03027245206861756,0.06054490413723512,0.06054490413723512,3.0,7.0,8.0,3.0,2.0,4.0,11.0,1.0,3.0,0,0.0,0,0.00113,-28.6,-25287.356321839085,-28.567682,0.06054490413723512,3.0,8.0,0.48187527
0022400519,1610612753,Orlando,Magic,ORL,magic,1630175,Cole,Anthony,C. Anthony,cole-anthony,G,,,26:54,26.9,5,13,0.385,0,3,0.0,2,3,0.667,0,3,3,5,2,2,4,1,12,-13.0,0022400519,Cole Anthony,cole anthony,,,2025-01-09,4,0.446096654275093,0.0,0.11152416356877325,0.1858736059479554,0.14869888475836432,4.0,7.0,7.0,1.0,1.0,2.0,10.0,4.0,0.0,0,0.0,0,0.00316,-23.6,-7465.991774754824,-23.525424,0.14869888475836432,1.0,4.0,0.47436407
0022400519,1610612753,Orlando,Magic,ORL,magic,1628371,Jonathan,Isaac,J. Isaac,jonathan-isaac,,,,14:58,14.966666666666667,1,4,0.25,0,2,0.0,2,2,1.0,3,4,7,0,0,2,0,0,4,-11.0,0022400519,Jonathan Isaac,jonathan isaac,,,2025-01-09,2,0.26726057906458794,0.20044543429844097,0.46770601336302897,0.0,0.33407572383073497,8.0,1.0,4.0,11.0,4.0,2.0,8.0,9.0,0.0,0,0.0,0,0.00132,-40.5,-30658.59197577593,-40.44654,0.13363028953229397,3.0,1.0,0.08039227
0022400519,1610612753,Orlando,Magic,ORL,magic,1630243,Trevelin,Queen,T. Queen,trevelin-queen,,,,20:57,20.95,1,9,0.111,1,5,0.2,0,0,0.0,3,1,4,1,0,1,1,2,3,-11.0,0022400519,Trevelin Queen,trevelin queen,,,2025-01-09,1,0.1431980906921241,0.1431980906921241,0.1909307875894988,0.0477326968973747,0.1909307875894988,9.0,1.0,6.0,7.0,4.0,4.0,8.0,7.0,3.0,0,0.0,0,0.00185,-28.3,-15289.032955159373,-28.247645,0.0477326968973747,5.0,2.0,0.017017424
0022400519,1610612753,Orlando,Magic,ORL,magic,1641710,Anthony,Black,A. Black,anthony-black,,,,10:20,10.333333333333334,1,5,0.2,0,2,0.0,1,2,0.5,0,0,0,1,0,1,1,2,3,-6.0,0022400519,Anthony Black,anthony black,,,2025-01-09,1,0.29032258064516125,0.0,0.0,0.0967741935483871,0.0967741935483871,9.0,7.0,10.0,7.0,4.0,4.0,5.0,10.0,2.0,0,0.0,0,0.0025,-33.3,-13314.67413034786,-33.21675,0.0967741935483871,5.0,6.0,0.005759531
0022400519,1610612753,Orlando,Magic,ORL,magic,1641724,Jett,Howard,J. Howard,jett-howard,,,,23:07,23.116666666666667,4,11,0.364,2,9,0.222,0,0,0.0,2,6,8,4,0,0,2,3,10,-5.0,0022400519,Jett Howard,jett howard,,,2025-01-09,0,0.43258832011535686,0.08651766402307137,0.3460706560922855,0.17303532804614274,0.08651766402307137,5.0,4.0,2.0,2.0,4.0,7.0,4.0,6.0,1.0,0,0.0,0,0.0022,-10.6,-4815.99273057701,-10.57668,0.0,7.0,7.0,0.31227228
0022400519,1610612753,Orlando,Magic,ORL,magic,1628976,Wendell,Carter Jr.,W. Carter Jr.,wendell-carter-jr,,,,17:41,17.683333333333334,3,10,0.3,0,3,0.0,2,5,0.4,1,5,6,1,0,0,0,5,8,-6.0,0022400519,Wendell Carter Jr.,wendell carter jr,,,2025-01-09,0,0.4524033930254477,0.05655042412818096,0.3393025447690858,0.05655042412818096,0.05655042412818096,6.0,5.0,5.0,7.0,4.0,7.0,5.0,8.0,0.0,0,0.0,0,0.00255,-19.1,-7487.2598980791845,-19.051295,0.0,7.0,9.0,0.07033047
0022400519,1610612753,Orlando,Magic,ORL,magic,202709,Cory,Joseph,C. Joseph,cory-joseph,,,,5:50,5.833333333333333,0,0,0.0,0,0,0.0,1,2,0.5,0,0,0,2,0,0,2,0,1,7.0,0022400519,Cory Joseph,cory joseph,,,2025-01-09,0,0.17142857142857143,0.0,0.0,0.34285714285714286,0.0,11.0,7.0,10.0,3.0,4.0,7.0,1.0,11.0,0.0,0,0.0,0,0.00188,53.8,28601.80754917597,53.698856,0.0,7.0,10.0,0.007876632
0022400526,1610612753,Orlando,Magic,ORL,magic,1641783,Tristan,da Silva,T. da Silva,tristan-da-silva,F,,,39:58,39.96666666666667,6,13,0.462,2,7,0.286,2,2,1.0,3,7,10,2,0,0,2,2,16,-3.0,0022400526,Tristan da Silva,tristan da silva,,,2025-01-10,0,0.4003336113427856,0.0750625521267723,0.25020850708924103,0.0500417014178482,0.0750625521267723,3.0,1.0,1.0,4.0,6.0,5.0,7.0,1.0,0.0,0,0.0,0,0.00172,-5.3,-3079.6048808832074,-5.290883999999999,0.0,6.0,6.0,0.47105268
0022400526,1610612753,Orlando,Magic,ORL,magic,1631094,Paolo,Banchero,P. Banchero,paolo-banchero,F,,,26:32,26.533333333333335,11,21,0.524,5,8,0.625,7,10,0.7,0,7,7,3,2,1,3,1,34,6.0,0022400526,Paolo Banchero,paolo banchero,,,2025-01-10,3,1.2814070351758793,0.0,0.2638190954773869,0.11306532663316582,0.11306532663316582,1.0,8.0,2.0,1.0,1.0,2.0,2.0,4.0,3.0,0,0.0,0,0.00468,14.5,3097.6287118137147,14.43214,0.11306532663316582,2.0,4.0,0.8446546
0022400526,1610612753,Orlando,Magic,ORL,magic,1629048,Goga,Bitadze,G. Bitadze,goga-bitadze,C,,,22:33,22.55,2,4,0.5,0,0,0.0,0,0,0.0,1,4,5,1,0,0,0,2,4,6.0,0022400526,Goga Bitadze,goga bitadze,,,2025-01-10,0,0.17738359201773835,0.044345898004434586,0.22172949002217293,0.044345898004434586,0.044345898004434586,7.0,5.0,4.0,8.0,6.0,5.0,2.0,6.0,0.0,0,0.0,0,0.0008,8.3,10362.047440699127,8.29336,0.0,6.0,9.0,0.05513532
0022400526,1610612753,Orlando,Magic,ORL,magic,203484,Kentavious,Caldwell-Pope,K. Caldwell-Pope,kentavious-caldwell-pope,G,,,11:23,11.383333333333333,1,3,0.333,1,2,0.5,0,0,0.0,0,1,1,3,1,0,3,0,3,8.0,0022400526,Kentavious Caldwell-Pope,kentavious caldwell-pope,,,2025-01-10,1,0.2635431918008785,0.0,0.08784773060029283,0.2635431918008785,0.08784773060029283,8.0,8.0,9.0,1.0,4.0,5.0,1.0,9.0,2.0,0,0.0,0,0.00222,32.0,14407.924358397117,31.92896,0.08784773060029283,5.0,5.0,0.025472706
0022400526,1610612753,Orlando,Magic,ORL,magic,1630175,Cole,Anthony,C. Anthony,cole-anthony,G,,,35:17,35.28333333333333,5,15,0.333,3,10,0.3,5,8,0.625,2,5,7,2,2,1,2,1,18,3.0,0022400526,Cole Anthony,cole anthony,,,2025-01-10,3,0.5101558809636279,0.05668398677373642,0.19839395370807747,0.05668398677373642,0.14170996693434107,2.0,2.0,2.0,4.0,1.0,2.0,4.0,2.0,6.0,0,0.0,0,0.00256,5.7,2225.6930886372506,5.685408,0.08502598016060463,2.0,2.0,0.38869303
0022400526,1610612753,Orlando,Magic,ORL,magic,1628371,Jonathan,Isaac,J. Isaac,jonathan-isaac,,,,20:07,20.116666666666667,4,10,0.4,1,4,0.25,0,0,0.0,2,2,4,1,2,2,0,1,9,-6.0,0022400526,Jonathan Isaac,jonathan isaac,,,2025-01-10,4,0.44739022369511183,0.09942004971002485,0.1988400994200497,0.04971002485501243,0.29826014913007454,5.0,2.0,6.0,8.0,1.0,1.0,9.0,8.0,1.0,0,0.0,0,0.00213,-9.3,-4364.148287189113,-9.280191,0.1988400994200497,1.0,1.0,0.41582948
0022400526,1610612753,Orlando,Magic,ORL,magic,1628976,Wendell,Carter Jr.,W. Carter Jr.,wendell-carter-jr,,,,25:27,25.45,0,4,0.0,0,1,0.0,2,4,0.5,1,4,5,3,1,1,0,4,2,-9.0,0022400526,Wendell Carter Jr.,wendell carter jr,,,2025-01-10,2,0.07858546168958742,0.03929273084479371,0.19646365422396858,0.11787819253438114,0.11787819253438114,9.0,5.0,4.0,1.0,4.0,2.0,10.0,5.0,2.0,0,0.0,0,0.00095,-12.7,-13354.363827549947,-12.687935,0.07858546168958742,4.0,3.0,0.010472841
0022400526,1610612753,Orlando,Magic,ORL,magic,1631216,Caleb,Houstan,C. Houstan,caleb-houstan,,,,29:28,29.466666666666665,2,5,0.4,1,4,0.25,0,0,0.0,2,1,3,2,0,0,0,5,5,-3.0,0022400526,Caleb Houstan,caleb houstan,,,2025-01-10,0,0.16968325791855204,0.06787330316742082,0.10180995475113122,0.06787330316742082,0.06787330316742082,6.0,2.0,7.0,4.0,6.0,5.0,7.0,3.0,1.0,0,0.0,0,0.0007199999999999999,-9.3,-12898.751733703191,-9.293304000000001,0.0,6.0,7.0,0.044452794
0022400526,1610612753,Orlando,Magic,ORL,magic,1641710,Anthony,Black,A. Black,anthony-black,,,,20:11,20.183333333333334,6,11,0.545,1,4,0.25,2,2,1.0,1,1,2,2,0,0,0,2,15,-14.0,0022400526,Anthony Black,anthony black,,,2025-01-10,0,0.7431874483897605,0.0495458298926507,0.0990916597853014,0.0990916597853014,0.0495458298926507,4.0,5.0,8.0,4.0,6.0,5.0,11.0,7.0,1.0,0,0.0,0,0.0024,-26.7,-11120.36651395252,-26.63592,0.0,6.0,8.0,0.6977091
0022400526,1610612753,Orlando,Magic,ORL,magic,1641724,Jett,Howard,J. Howard,jett-howard,,,,7:15,7.25,0,0,0.0,0,0,0.0,0,0,0.0,0,0,0,1,0,0,0,1,0,-2.0,0022400526,Jett Howard,jett howard,,,2025-01-10,0,0.0,0.0,0.0,0.13793103448275862,0.0,10.0,8.0,10.0,8.0,6.0,5.0,6.0,10.0,0.0,0,0.0,0,0.0,-21.9,-21900000.0,-21.9,0.0,6.0,10.0,0.0046703485
0022400526,1610612753,Orlando,Magic,ORL,magic,1630243,Trevelin,Queen,T. Queen,trevelin-queen,,,,1:49,1.8166666666666667,0,0,0.0,0,0,0.0,0,0,0.0,0,0,0,0,0,0,0,0,0,-1.0,0022400526,Trevelin Queen,trevelin queen,,,2025-01-10,0,0.0,0.0,0.0,0.0,0.0,10.0,8.0,10.0,11.0,6.0,5.0,5.0,11.0,,1,,1,0.0,-75.0,-75000000.0,-75.0,0.0,6.0,10.0,0.0044373446
0022400544,1610612753,Orlando,Magic,ORL,magic,1641783,Tristan,da Silva,T. da Silva,tristan-da-silva,F,,,1:01,1.0166666666666666,0,0,0.0,0,0,0.0,0,0,0.0,0,0,0,0,1,0,1,1,0,0.0,0022400544,Tristan da Silva,tristan da silva,,,2025-01-12,1,0.0,0.0,0.0,0.0,0.9836065573770493,10.0,6.0,10.0,9.0,4.0,7.0,7.0,10.0,0.0,0,0.0,0,0.00333,-33.3,-9996.997898528969,-33.189111,0.9836065573770493,8.0,1.0,0.002943466
0022400544,1610612753,Orlando,Magic,ORL,magic,1631094,Paolo,Banchero,P. Banchero,paolo-banchero,F,,,27:06,27.1,5,8,0.625,1,2,0.5,9,11,0.818,2,6,8,6,0,1,6,2,20,18.0,0022400544,Paolo Banchero,paolo banchero,,,2025-01-12,1,0.7380073800738007,0.07380073800738007,0.2952029520295203,0.22140221402214022,0.11070110701107011,2.0,3.0,2.0,1.0,8.0,4.0,1.0,4.0,1.0,0,1.0,0,0.00302,34.0,11254.551473022177,33.89732,0.03690036900369004,8.0,6.0,0.6670462
0022400544,1610612753,Orlando,Magic,ORL,magic,1629048,Goga,Bitadze,G. Bitadze,goga-bitadze,C,,,12:03,12.05,2,3,0.667,0,0,0.0,0,0,0.0,0,2,2,1,2,2,1,2,4,1.0,0022400544,Goga Bitadze,goga bitadze,,,2025-01-12,4,0.33195020746887965,0.0,0.16597510373443983,0.08298755186721991,0.33195020746887965,6.0,6.0,7.0,5.0,1.0,1.0,4.0,9.0,1.0,0,0.0,0,0.0014299999999999998,4.0,2795.248078266947,3.99428,0.33195020746887965,1.0,2.0,0.12931798
0022400544,1610612753,Orlando,Magic,ORL,magic,1631216,Caleb,Houstan,C. Houstan,caleb-houstan,G,,,25:42,25.7,2,7,0.286,1,6,0.167,0,0,0.0,0,1,1,0,1,0,1,4,5,-3.0,0022400544,Caleb Houstan,caleb houstan,,,2025-01-12,1,0.19455252918287938,0.0,0.038910505836575876,0.0,0.038910505836575876,5.0,6.0,8.0,9.0,4.0,7.0,8.0,6.0,1.0,0,0.0,0,0.0014299999999999998,-1.7,-1187.9804332634524,-1.6975689999999999,0.038910505836575876,8.0,10.0,0.020731078
0022400544,1610612753,Orlando,Magic,ORL,magic,1630175,Cole,Anthony,C. Anthony,cole-anthony,G,,,37:38,37.63333333333333,11,17,0.647,2,6,0.333,3,4,0.75,1,2,3,4,2,0,2,5,27,-6.0,0022400544,Cole Anthony,cole anthony,,,2025-01-12,2,0.7174490699734278,0.026572187776793623,0.07971656333038087,0.10628875110717449,0.07971656333038087,1.0,4.0,6.0,3.0,1.0,7.0,9.0,1.0,2.0,0,0.0,0,0.0023899999999999998,-6.5,-2718.5278126306985,-6.484465,0.053144375553587246,2.0,9.0,0.84862715
0022400544,1610612753,Orlando,Magic,ORL,magic,1641710,Anthony,Black,A. Black,anthony-black,,,,37:26,37.43333333333333,7,18,0.389,0,2,0.0,3,6,0.5,1,5,6,6,2,0,3,2,17,1.0,0022400544,Anthony Black,anthony black,,,2025-01-12,2,0.4541406945681211,0.026714158504007126,0.16028495102404275,0.16028495102404275,0.08014247551202137,4.0,4.0,3.0,1.0,1.0,7.0,4.0,2.0,1.0,0,0.0,0,0.00256,3.0,1171.4174150722372,2.99232,0.05342831700801425,2.0,8.0,0.5782103
0022400544,1610612753,Orlando,Magic,ORL,magic,1628371,Jonathan,Isaac,J. Isaac,jonathan-isaac,,,,27:06,27.1,8,13,0.615,2,4,0.5,2,4,0.5,5,6,11,1,0,2,0,1,20,1.0,0022400544,Jonathan Isaac,jonathan isaac,,,2025-01-12,2,0.7380073800738007,0.18450184501845018,0.4059040590405904,0.03690036900369004,0.25830258302583026,2.0,1.0,1.0,5.0,8.0,1.0,4.0,4.0,3.0,0,0.0,0,0.00221,-0.1,-45.22840343735866,-0.099779,0.07380073800738007,2.0,3.0,0.89618427
0022400544,1610612753,Orlando,Magic,ORL,magic,1630243,Trevelin,Queen,T. Queen,trevelin-queen,,,,30:52,30.866666666666667,2,5,0.4,0,3,0.0,0,0,0.0,3,2,5,3,0,2,0,1,4,9.0,0022400544,Trevelin Queen,trevelin queen,,,2025-01-12,2,0.12958963282937364,0.09719222462203024,0.16198704103671707,0.09719222462203024,0.16198704103671707,6.0,2.0,4.0,4.0,8.0,1.0,3.0,3.0,3.0,0,0.0,0,0.00068,15.5,22760.64610866373,15.48946,0.06479481641468682,2.0,4.0,0.14683501
0022400544,1610612753,Orlando,Magic,ORL,magic,1628976,Wendell,Carter Jr.,W. Carter Jr.,wendell-carter-jr,,,,24:39,24.65,1,4,0.25,0,3,0.0,2,3,0.667,0,4,4,1,1,1,2,4,4,-6.0,0022400544,Wendell Carter Jr.,wendell carter jr,,,2025-01-12,2,0.16227180527383367,0.0,0.16227180527383367,0.04056795131845842,0.08113590263691683,6.0,6.0,5.0,5.0,4.0,4.0,9.0,7.0,0.0,0,0.0,0,0.00132,-15.4,-11657.834973504921,-15.379672000000001,0.08113590263691683,2.0,7.0,0.0148765985
0022400544,1610612753,Orlando,Magic,ORL,magic,202709,Cory,Joseph,C. Joseph,cory-joseph,,,,16:27,16.45,1,5,0.2,1,4,0.25,0,0,0.0,0,1,1,1,1,1,0,1,3,10.0,0022400544,Cory Joseph,cory joseph,,,2025-01-12,2,0.182370820668693,0.0,0.060790273556231005,0.060790273556231005,0.12158054711246201,9.0,6.0,8.0,5.0,4.0,4.0,2.0,8.0,1.0,0,0.0,0,0.00128,29.1,22716.62763466042,29.062752000000003,0.12158054711246201,2.0,5.0,0.031783745
0022400564,1610612753,Orlando,Magic,ORL,magic,1641783,Tristan,da Silva,T. da Silva,tristan-da-silva,F,,,22:04,22.066666666666666,0,4,0.0,0,3,0.0,0,0,0.0,3,1,4,1,1,0,0,2,0,-10.0,0022400564,Tristan da Silva,tristan da silva,,,2025-01-15,1,0.0,0.13595166163141995,0.18126888217522658,0.045317220543806644,0.18126888217522658,9.0,1.0,3.0,6.0,5.0,2.0,3.0,8.0,1.0,0,0.0,0,0.0007099999999999999,-23.1,-32489.451476793252,-23.083599000000003,0.045317220543806644,5.0,2.0,0.0354527
0022400564,1610612753,Orlando,Magic,ORL,magic,1631094,Paolo,Banchero,P. Banchero,paolo-banchero,F,,,25:57,25.95,8,20,0.4,2,7,0.286,4,5,0.8,0,5,5,2,0,1,7,2,22,-25.0,0022400564,Paolo Banchero,paolo banchero,,,2025-01-15,1,0.8477842003853565,0.0,0.1926782273603083,0.07707129094412332,0.03853564547206166,1.0,6.0,2.0,4.0,8.0,1.0,10.0,5.0,0.0,0,0.0,0,0.00439,-46.8,-10658.16442723753,-46.594547999999996,0.03853564547206166,5.0,9.0,0.7119045
0022400564,1610612753,Orlando,Magic,ORL,magic,1628976,Wendell,Carter Jr.,W. Carter Jr.,wendell-carter-jr,C,,,32:38,32.63333333333333,3,12,0.25,2,4,0.5,4,5,0.8,3,7,10,1,2,0,0,4,12,-11.0,0022400564,Wendell Carter Jr.,wendell carter jr,,,2025-01-15,2,0.3677221654749745,0.09193054136874362,0.30643513789581206,0.030643513789581207,0.15321756894790603,3.0,1.0,1.0,6.0,2.0,2.0,4.0,1.0,4.0,0,0.0,0,0.0017100000000000001,-17.0,-9935.710111046172,-16.97093,0.06128702757916241,2.0,3.0,0.40045285
0022400564,1610612753,Orlando,Magic,ORL,magic,203484,Kentavious,Caldwell-Pope,K. Caldwell-Pope,kentavious-caldwell-pope,G,,,22:57,22.95,3,9,0.333,2,7,0.286,0,0,0.0,0,2,2,1,1,0,1,0,8,-14.0,0022400564,Kentavious Caldwell-Pope,kentavious caldwell-pope,,,2025-01-15,1,0.3485838779956427,0.0,0.08714596949891068,0.04357298474945534,0.04357298474945534,7.0,6.0,6.0,6.0,5.0,2.0,5.0,7.0,2.0,0,0.0,0,0.0017499999999999998,-28.6,-16333.523700742437,-28.54995,0.04357298474945534,5.0,7.0,0.0629557
0022400564,1610612753,Orlando,Magic,ORL,magic,1630175,Cole,Anthony,C. Anthony,cole-anthony,G,,,27:22,27.366666666666667,5,13,0.385,1,5,0.2,0,0,0.0,1,3,4,9,0,0,2,6,11,-8.0,0022400564,Cole Anthony,cole anthony,,,2025-01-15,0,0.40194884287454324,0.03654080389768575,0.146163215590743,0.32886723507917176,0.03654080389768575,4.0,3.0,3.0,1.0,8.0,2.0,2.0,4.0,1.0,0,0.0,0,0.00214,-14.7,-6865.950490425034,-14.668541999999999,0.0,9.0,10.0,0.5301705
0022400564,1610612753,Orlando,Magic,ORL,magic,1631216,Caleb,Houstan,C. Houstan,caleb-houstan,,,,24:28,24.466666666666665,2,8,0.25,2,7,0.286,2,2,1.0,1,1,2,2,0,0,0,1,8,-24.0,0022400564,Caleb Houstan,caleb houstan,,,2025-01-15,0,0.32697547683923706,0.04087193460490463,0.08174386920980926,0.08174386920980926,0.04087193460490463,7.0,3.0,6.0,4.0,8.0,2.0,9.0,6.0,0.0,0,0.0,0,0.00145,-48.4,-33356.305995864925,-48.32982,0.0,9.0,8.0,0.030075274
0022400564,1610612753,Orlando,Magic,ORL,magic,1641710,Anthony,Black,A. Black,anthony-black,,,,30:10,30.166666666666668,3,8,0.375,0,2,0.0,4,7,0.571,0,0,0,4,2,0,2,4,10,-17.0,0022400564,Anthony Black,anthony black,,,2025-01-15,2,0.3314917127071823,0.0,0.0,0.13259668508287292,0.06629834254143646,5.0,6.0,9.0,2.0,2.0,2.0,7.0,2.0,2.0,0,0.0,0,0.0017599999999999998,-24.1,-13685.406019307215,-24.057584000000002,0.06629834254143646,2.0,6.0,0.059022736
0022400564,1610612753,Orlando,Magic,ORL,magic,1628371,Jonathan,Isaac,J. Isaac,jonathan-isaac,,,,15:22,15.366666666666667,4,8,0.5,0,3,0.0,1,2,0.5,1,2,3,0,2,0,0,1,9,-18.0,0022400564,Jonathan Isaac,jonathan isaac,,,2025-01-15,2,0.5856832971800434,0.0650759219088937,0.19522776572668113,0.0,0.19522776572668113,6.0,3.0,5.0,10.0,2.0,2.0,8.0,9.0,0.0,0,0.0,0,0.00243,-47.7,-19621.554915672565,-47.584089,0.1301518438177874,2.0,1.0,0.48946685
0022400564,1610612753,Orlando,Magic,ORL,magic,1630243,Trevelin,Queen,T. Queen,trevelin-queen,,,,27:34,27.566666666666666,5,11,0.455,3,6,0.5,0,0,0.0,0,2,2,3,4,0,1,2,13,-14.0,0022400564,Trevelin Queen,trevelin queen,,,2025-01-15,4,0.47158403869407495,0.0,0.07255139056831923,0.10882708585247884,0.14510278113663846,2.0,6.0,6.0,3.0,1.0,2.0,5.0,3.0,7.0,0,0.0,0,0.0017399999999999998,-23.7,-13612.866168868468,-23.658762,0.14510278113663846,1.0,4.0,0.78364724
0022400564,1610612753,Orlando,Magic,ORL,magic,202709,Cory,Joseph,C. Joseph,cory-joseph,,,,11:28,11.466666666666667,0,2,0.0,0,2,0.0,0,0,0.0,0,0,0,1,1,0,0,2,0,-4.0,0022400564,Cory Joseph,cory joseph,,,2025-01-15,1,0.0,0.0,0.0,0.0872093023255814,0.0872093023255814,9.0,6.0,9.0,6.0,5.0,2.0,1.0,10.0,4.0,0,0.0,0,0.00074,-7.7,-10391.36302294197,-7.694302,0.0872093023255814,5.0,5.0,0.0066029048
0022400577,1610612753,Orlando,Magic,ORL,magic,1641783,Tristan,da Silva,T. da Silva,tristan-da-silva,F,,,30:35,30.583333333333332,2,7,0.286,1,3,0.333,0,0,0.0,3,0,3,2,0,0,0,4,5,-19.0,0022400577,Tristan da Silva,tristan da silva,,,2025-01-17,0,0.16348773841961853,0.09809264305177112,0.09809264305177112,0.06539509536784742,0.09809264305177112,6.0,1.0,6.0,4.0,4.0,3.0,6.0,3.0,0.0,0,0.0,0,0.00099,-35.1,-35418.76892028255,-35.065250999999996,0.0,5.0,4.0,0.030348841
0022400577,1610612753,Orlando,Magic,ORL,magic,1631094,Paolo,Banchero,P. Banchero,paolo-banchero,F,,,29:19,29.316666666666666,8,20,0.4,0,2,0.0,5,7,0.714,0,4,4,4,0,0,2,1,21,-19.0,0022400577,Paolo Banchero,paolo banchero,,,2025-01-17,0,0.7163160886867539,0.0,0.13644115974985788,0.13644115974985788,0.0,2.0,6.0,4.0,1.0,4.0,3.0,6.0,4.0,0.0,0,0.0,0,0.0035199999999999997,-35.7,-10139.16500994036,-35.574336,0.0,5.0,7.0,0.5885942
0022400577,1610612753,Orlando,Magic,ORL,magic,1628976,Wendell,Carter Jr.,W. Carter Jr.,wendell-carter-jr,C,,,32:20,32.333333333333336,4,9,0.444,1,5,0.2,6,10,0.6,2,7,9,3,0,0,1,2,15,-24.0,0022400577,Wendell Carter Jr.,wendell carter jr,,,2025-01-17,0,0.46391752577319584,0.06185567010309278,0.2783505154639175,0.09278350515463916,0.06185567010309278,3.0,4.0,1.0,2.0,4.0,3.0,10.0,1.0,1.0,0,0.0,0,0.00197,-38.7,-19634.703196347033,-38.623761,0.0,5.0,6.0,0.33185416
0022400577,1610612753,Orlando,Magic,ORL,magic,203484,Kentavious,Caldwell-Pope,K. Caldwell-Pope,kentavious-caldwell-pope,G,,,25:42,25.7,2,5,0.4,1,4,0.25,0,0,0.0,1,0,1,1,1,1,1,1,5,-19.0,0022400577,Kentavious Caldwell-Pope,kentavious caldwell-pope,,,2025-01-17,2,0.19455252918287938,0.038910505836575876,0.038910505836575876,0.038910505836575876,0.11673151750972763,6.0,5.0,8.0,5.0,1.0,2.0,6.0,6.0,1.0,0,0.0,0,0.001,-35.8,-35764.23576423576,-35.764199999999995,0.07782101167315175,1.0,3.0,0.015621725
0022400577,1610612753,Orlando,Magic,ORL,magic,1630175,Cole,Anthony,C. Anthony,cole-anthony,G,,,31:20,31.333333333333332,9,15,0.6,2,5,0.4,3,3,1.0,3,4,7,0,1,0,2,2,23,-19.0,0022400577,Cole Anthony,cole anthony,,,2025-01-17,1,0.7340425531914894,0.09574468085106383,0.22340425531914895,0.0,0.12765957446808512,1.0,1.0,2.0,8.0,1.0,3.0,6.0,2.0,3.0,0,0.0,0,0.0024,-37.0,-15410.24573094544,-36.9112,0.03191489361702128,3.0,2.0,0.8616
0022400577,1610612753,Orlando,Magic,ORL,magic,1641710,Anthony,Black,A. Black,anthony-black,,,,28:41,28.683333333333334,4,10,0.4,0,3,0.0,5,6,0.833,0,6,6,3,0,0,1,2,13,-6.0,0022400577,Anthony Black,anthony black,,,2025-01-17,0,0.45322486926205696,0.0,0.20918070889018012,0.10459035444509006,0.0,4.0,6.0,3.0,2.0,4.0,3.0,2.0,5.0,2.0,0,0.0,0,0.00219,-13.4,-6115.928799634869,-13.370654,0.0,5.0,7.0,0.35030115
0022400577,1610612753,Orlando,Magic,ORL,magic,1631216,Caleb,Houstan,C. Houstan,caleb-houstan,,,,14:21,14.35,0,3,0.0,0,3,0.0,0,0,0.0,0,0,0,0,0,0,0,1,0,-2.0,0022400577,Caleb Houstan,caleb houstan,,,2025-01-17,0,0.0,0.0,0.0,0.0,0.0,9.0,6.0,9.0,8.0,4.0,3.0,1.0,9.0,0.0,0,0.0,0,0.00094,-7.7,-8182.78427205101,-7.692762,0.0,5.0,7.0,0.006528812
0022400577,1610612753,Orlando,Magic,ORL,magic,1630243,Trevelin,Queen,T. Queen,trevelin-queen,,,,22:12,22.2,4,10,0.4,0,5,0.0,1,1,1.0,3,1,4,1,1,0,1,4,9,-8.0,0022400577,Trevelin Queen,trevelin queen,,,2025-01-17,1,0.40540540540540543,0.13513513513513514,0.1801801801801802,0.04504504504504505,0.1801801801801802,5.0,1.0,4.0,5.0,1.0,3.0,3.0,7.0,2.0,0,0.0,0,0.00216,-19.0,-8792.22582137899,-18.958959999999998,0.04504504504504505,3.0,1.0,0.35632747
0022400577,1610612753,Orlando,Magic,ORL,magic,1628371,Jonathan,Isaac,J. Isaac,jonathan-isaac,,,,20:25,20.416666666666668,1,3,0.333,0,2,0.0,1,4,0.25,0,3,3,1,0,2,0,1,3,-11.0,0022400577,Jonathan Isaac,jonathan isaac,,,2025-01-17,2,0.14693877551020407,0.0,0.14693877551020407,0.04897959183673469,0.09795918367346938,8.0,6.0,6.0,5.0,4.0,1.0,5.0,8.0,1.0,0,0.0,0,0.00109,-34.4,-31530.70577451879,-34.362503999999994,0.09795918367346938,1.0,5.0,0.014017755
0022400577,1610612753,Orlando,Magic,ORL,magic,202709,Cory,Joseph,C. Joseph,cory-joseph,,,,5:05,5.083333333333333,0,0,0.0,0,0,0.0,0,0,0.0,0,0,0,0,0,0,0,1,0,-8.0,0022400577,Cory Joseph,cory joseph,,,2025-01-17,0,0.0,0.0,0.0,0.0,0.0,9.0,6.0,9.0,8.0,4.0,3.0,3.0,10.0,,1,,1,0.0,-72.7,-72700000.0,-72.7,0.0,5.0,7.0,0.00312178
0022400593,1610612753,Orlando,Magic,ORL,magic,1641783,Tristan,da Silva,T. da Silva,tristan-da-silva,F,,,31:01,31.016666666666666,5,10,0.5,2,6,0.333,0,0,0.0,0,4,4,2,2,0,1,1,12,-7.0,0022400593,Tristan da Silva,tristan da silva,,,2025-01-19,2,0.3868887694787749,0.0,0.12896292315959162,0.06448146157979581,0.06448146157979581,3.0,8.0,5.0,6.0,3.0,6.0,4.0,3.0,4.0,0,0.0,0,0.00147,-12.7,-8633.582596872875,-12.681331,0.06448146157979581,5.0,7.0,0.55468696
0022400593,1610612753,Orlando,Magic,ORL,magic,1631094,Paolo,Banchero,P. Banchero,paolo-banchero,F,,,29:17,29.283333333333335,4,16,0.25,0,2,0.0,2,3,0.667,3,4,7,5,2,1,1,1,10,-4.0,0022400593,Paolo Banchero,paolo banchero,,,2025-01-19,3,0.3414911781445646,0.10244735344336937,0.2390438247011952,0.1707455890722823,0.20489470688673875,5.0,2.0,2.0,1.0,3.0,2.0,3.0,4.0,2.0,0,0.0,0,0.0023699999999999997,-8.1,-3416.2800506115564,-8.080803,0.10244735344336937,3.0,4.0,0.21708381
0022400593,1610612753,Orlando,Magic,ORL,magic,1628976,Wendell,Carter Jr.,W. Carter Jr.,wendell-carter-jr,C,,,34:14,34.233333333333334,6,15,0.4,1,5,0.2,3,4,0.75,5,8,13,5,3,1,0,4,16,-7.0,0022400593,Wendell Carter Jr.,wendell carter jr,,,2025-01-19,4,0.4673807205452775,0.1460564751703992,0.37974683544303794,0.1460564751703992,0.2629016553067186,1.0,1.0,1.0,1.0,1.0,2.0,4.0,2.0,4.0,0,0.0,0,0.00207,-10.0,-4828.5852245292135,-9.9793,0.11684518013631938,1.0,2.0,0.6164282
0022400593,1610612753,Orlando,Magic,ORL,magic,203484,Kentavious,Caldwell-Pope,K. Caldwell-Pope,kentavious-caldwell-pope,G,,,34:41,34.68333333333333,4,14,0.286,2,7,0.286,2,3,0.667,1,0,1,4,1,0,1,1,12,-9.0,0022400593,Kentavious Caldwell-Pope,kentavious caldwell-pope,,,2025-01-19,1,0.34598750600672756,0.028832292167227297,0.028832292167227297,0.11532916866890919,0.057664584334454594,3.0,5.0,6.0,5.0,7.0,6.0,8.0,1.0,1.0,0,0.0,0,0.00193,-12.7,-6576.903158984982,-12.675488999999999,0.028832292167227297,8.0,8.0,0.2677888
0022400593,1610612753,Orlando,Magic,ORL,magic,1630175,Cole,Anthony,C. Anthony,cole-anthony,G,,,28:35,28.583333333333332,4,13,0.308,1,3,0.333,0,0,0.0,2,4,6,5,2,0,0,4,9,-13.0,0022400593,Cole Anthony,cole anthony,,,2025-01-19,2,0.31486880466472306,0.06997084548104957,0.2099125364431487,0.17492711370262393,0.13994169096209913,7.0,4.0,3.0,1.0,3.0,6.0,10.0,5.0,3.0,0,0.0,0,0.00183,-23.3,-12725.286728563628,-23.257361,0.06997084548104957,5.0,6.0,0.18769987
0022400593,1610612753,Orlando,Magic,ORL,magic,1630243,Trevelin,Queen,T. Queen,trevelin-queen,,,,23:58,23.966666666666665,4,11,0.364,0,5,0.0,0,0,0.0,1,0,1,2,3,1,2,0,8,-9.0,0022400593,Trevelin Queen,trevelin queen,,,2025-01-19,4,0.3337969401947149,0.04172461752433936,0.04172461752433936,0.08344923504867872,0.20862308762169682,8.0,5.0,6.0,6.0,1.0,2.0,8.0,7.0,2.0,0,0.0,0,0.0022,-22.8,-10358.92776010904,-22.749840000000003,0.16689847009735745,1.0,3.0,0.11667887
0022400593,1610612753,Orlando,Magic,ORL,magic,1641710,Anthony,Black,A. Black,anthony-black,,,,28:04,28.066666666666666,5,10,0.5,1,3,0.333,3,4,0.75,1,0,1,5,2,1,2,2,14,-8.0,0022400593,Anthony Black,anthony black,,,2025-01-19,3,0.498812351543943,0.035629453681710214,0.035629453681710214,0.17814726840855108,0.14251781472684086,2.0,5.0,6.0,1.0,3.0,2.0,6.0,6.0,3.0,0,0.0,0,0.00209,-18.4,-8799.617407938784,-18.361544,0.10688836104513064,3.0,5.0,0.5488561
0022400593,1610612753,Orlando,Magic,ORL,magic,1631216,Caleb,Houstan,C. Houstan,caleb-houstan,,,,16:00,16.0,2,3,0.667,2,3,0.667,0,0,0.0,0,0,0,1,0,0,0,2,6,-2.0,0022400593,Caleb Houstan,caleb houstan,,,2025-01-19,0,0.375,0.0,0.0,0.0625,0.0,9.0,8.0,9.0,8.0,8.0,6.0,2.0,8.0,1.0,0,0.0,0,0.00077,-9.7,-12581.0635538262,-9.692530999999999,0.0,9.0,9.0,0.0425434
0022400593,1610612753,Orlando,Magic,ORL,magic,1628371,Jonathan,Isaac,J. Isaac,jonathan-isaac,,,,11:37,11.616666666666667,3,8,0.375,2,5,0.4,2,2,1.0,3,3,6,1,0,2,0,3,10,-8.0,0022400593,Jonathan Isaac,jonathan isaac,,,2025-01-19,2,0.860832137733142,0.2582496413199426,0.5164992826398852,0.0860832137733142,0.430416068866571,5.0,2.0,3.0,8.0,8.0,1.0,6.0,9.0,0.0,0,0.0,0,0.0031,-38.9,-12544.34053531119,-38.77941,0.1721664275466284,5.0,1.0,0.26713827
0022400593,1610612753,Orlando,Magic,ORL,magic,202709,Cory,Joseph,C. Joseph,cory-joseph,,,,2:33,2.55,1,2,0.5,1,2,0.5,0,0,0.0,0,0,0,0,0,0,0,1,3,2.0,0022400593,Cory Joseph,cory joseph,,,2025-01-19,0,1.1764705882352942,0.0,0.0,0.0,0.0,10.0,8.0,9.0,10.0,8.0,6.0,1.0,10.0,0.0,0,0.0,0,0.00333,40.0,12008.405884118882,39.8668,0.0,9.0,9.0,0.023558017
0022400608,1610612753,Orlando,Magic,ORL,magic,1641783,Tristan,da Silva,T. da Silva,tristan-da-silva,F,,,37:35,37.583333333333336,3,10,0.3,1,3,0.333,2,2,1.0,1,4,5,4,0,1,1,1,9,-4.0,0022400608,Tristan da Silva,tristan da silva,,,2025-01-21,1,0.23946784922394676,0.026607538802660754,0.13303769401330376,0.10643015521064302,0.05321507760532151,5.0,4.0,5.0,1.0,4.0,1.0,5.0,1.0,1.0,0,0.0,0,0.0014099999999999998,-7.0,-4961.020552799434,-6.99013,0.026607538802660754,3.0,5.0,0.079824716
0022400608,1610612753,Orlando,Magic,ORL,magic,1631094,Paolo,Banchero,P. Banchero,paolo-banchero,F,,,31:51,31.85,10,19,0.526,3,7,0.429,3,7,0.429,0,12,12,2,0,1,5,5,26,-7.0,0022400608,Paolo Banchero,paolo banchero,,,2025-01-21,1,0.8163265306122449,0.0,0.3767660910518053,0.06279434850863422,0.03139717425431711,1.0,5.0,1.0,3.0,4.0,1.0,6.0,4.0,1.0,0,0.0,0,0.00365,-11.1,-3040.262941659819,-11.059484999999999,0.03139717425431711,3.0,7.0,0.7825187
0022400608,1610612753,Orlando,Magic,ORL,magic,1628976,Wendell,Carter Jr.,W. Carter Jr.,wendell-carter-jr,C,,,30:01,30.016666666666666,4,11,0.364,0,3,0.0,2,2,1.0,7,3,10,3,0,0,3,6,10,-1.0,0022400608,Wendell Carter Jr.,wendell carter jr,,,2025-01-21,0,0.33314825097168244,0.2332037756801777,0.33314825097168244,0.09994447529150473,0.2332037756801777,4.0,1.0,2.0,2.0,4.0,3.0,3.0,5.0,0.0,0,0.0,0,0.0022400000000000002,0.2,89.2458723784025,0.199552,0.0,6.0,1.0,0.27589467
0022400608,1610612753,Orlando,Magic,ORL,magic,203484,Kentavious,Caldwell-Pope,K. Caldwell-Pope,kentavious-caldwell-pope,G,,,36:56,36.93333333333333,8,12,0.667,2,5,0.4,2,2,1.0,0,1,1,1,2,0,1,3,20,1.0,0022400608,Kentavious Caldwell-Pope,kentavious caldwell-pope,,,2025-01-21,2,0.5415162454873647,0.0,0.027075812274368234,0.027075812274368234,0.05415162454873647,2.0,5.0,8.0,6.0,1.0,3.0,2.0,2.0,5.0,0,0.0,0,0.00159,-0.1,-62.85355122564425,-0.09984100000000001,0.05415162454873647,1.0,4.0,0.89639187
0022400608,1610612753,Orlando,Magic,ORL,magic,1641710,Anthony,Black,A. Black,anthony-black,G,,,36:18,36.3,6,17,0.353,1,3,0.333,4,4,1.0,2,5,7,2,2,0,3,4,17,6.0,0022400608,Anthony Black,anthony black,,,2025-01-21,2,0.46831955922865015,0.05509641873278237,0.1928374655647383,0.05509641873278237,0.11019283746556474,3.0,3.0,4.0,3.0,1.0,3.0,1.0,3.0,6.0,0,1.0,0,0.0027500000000000003,8.6,3126.135950563431,8.57635,0.05509641873278237,1.0,3.0,0.53717107
0022400608,1610612753,Orlando,Magic,ORL,magic,1630243,Trevelin,Queen,T. Queen,trevelin-queen,,,,22:51,22.85,2,6,0.333,1,3,0.333,0,0,0.0,0,3,3,1,1,0,0,1,5,-32.0,0022400608,Trevelin Queen,trevelin queen,,,2025-01-21,1,0.2188183807439825,0.0,0.13129102844638948,0.0437636761487965,0.0437636761487965,6.0,5.0,6.0,6.0,3.0,3.0,9.0,7.0,1.0,0,0.0,0,0.00109,-71.4,-65444.54628780936,-71.322174,0.0437636761487965,3.0,6.0,0.018373834
0022400608,1610612753,Orlando,Magic,ORL,magic,1628371,Jonathan,Isaac,J. Isaac,jonathan-isaac,,,,4:33,4.55,0,3,0.0,0,2,0.0,0,0,0.0,0,2,2,0,0,0,0,0,0,-2.0,0022400608,Jonathan Isaac,jonathan isaac,,,2025-01-21,0,0.0,0.0,0.43956043956043955,0.0,0.0,9.0,5.0,7.0,9.0,4.0,3.0,4.0,9.0,0.0,0,0.0,0,0.003,-8.9,-2965.6781072975673,-8.8733,0.0,6.0,8.0,0.0056986
0022400608,1610612753,Orlando,Magic,ORL,magic,1631216,Caleb,Houstan,C. Houstan,caleb-houstan,,,,27:44,27.733333333333334,1,5,0.2,1,4,0.25,0,0,0.0,4,4,8,2,0,0,0,3,3,-26.0,0022400608,Caleb Houstan,caleb houstan,,,2025-01-21,0,0.10817307692307691,0.14423076923076922,0.28846153846153844,0.07211538461538461,0.14423076923076922,7.0,2.0,3.0,3.0,4.0,3.0,8.0,6.0,0.0,0,0.0,0,0.00075,-47.3,-62982.689747003984,-47.264525,0.0,6.0,2.0,0.042977985
0022400608,1610612753,Orlando,Magic,ORL,magic,202709,Cory,Joseph,C. Joseph,cory-joseph,,,,12:11,12.183333333333334,1,2,0.5,0,1,0.0,1,2,0.5,0,0,0,1,0,0,1,1,3,-15.0,0022400608,Cory Joseph,cory joseph,,,2025-01-21,0,0.24623803009575923,0.0,0.0,0.08207934336525308,0.0,7.0,5.0,9.0,6.0,4.0,3.0,7.0,8.0,2.0,0,0.0,0,0.00133,-49.3,-37039.819684447786,-49.234430999999994,0.0,6.0,8.0,0.005959981
0022400622,1610612753,Orlando,Magic,ORL,magic,1630532,Franz,Wagner,F. Wagner,franz-wagner,F,,,24:27,24.45,9,19,0.474,0,3,0.0,2,3,0.667,0,4,4,0,0,1,4,4,20,-13.0,0022400622,Franz Wagner,franz wagner,,,2025-01-23,1,0.8179959100204499,0.0,0.16359918200409,0.0,0.0408997955010225,1.0,10.0,5.0,7.0,8.0,3.0,8.0,5.0,0.0,0,0.0,0,0.004,-25.0,-6248.437890527368,-24.9,0.0408997955010225,6.0,10.0,0.76708794
0022400622,1610612753,Orlando,Magic,ORL,magic,1631094,Paolo,Banchero,P. Banchero,paolo-banchero,F,,,33:07,33.11666666666667,1,14,0.071,0,4,0.0,6,8,0.75,1,8,9,6,0,2,5,1,8,-8.0,0022400622,Paolo Banchero,paolo banchero,,,2025-01-23,2,0.24157020634121792,0.03019627579265224,0.27176648213387017,0.18117765475591344,0.09058882737795672,5.0,5.0,1.0,1.0,8.0,1.0,4.0,2.0,0.0,0,0.0,0,0.0028899999999999998,-11.0,-3804.911795226565,-10.968210000000001,0.06039255158530448,2.0,8.0,0.050704587
0022400622,1610612753,Orlando,Magic,ORL,magic,1628976,Wendell,Carter Jr.,W. Carter Jr.,wendell-carter-jr,C,,,23:00,23.0,0,4,0.0,0,1,0.0,3,4,0.75,1,5,6,2,1,2,3,4,3,-13.0,0022400622,Wendell Carter Jr.,wendell carter jr,,,2025-01-23,3,0.13043478260869565,0.043478260869565216,0.2608695652173913,0.08695652173913043,0.17391304347826086,7.0,5.0,3.0,3.0,3.0,1.0,8.0,6.0,1.0,0,0.0,0,0.0018,-28.3,-15713.492504164355,-28.24906,0.13043478260869565,1.0,4.0,0.013522979
0022400622,1610612753,Orlando,Magic,ORL,magic,203484,Kentavious,Caldwell-Pope,K. Caldwell-Pope,kentavious-caldwell-pope,G,,,33:50,33.833333333333336,2,5,0.4,0,2,0.0,3,4,0.75,2,0,2,0,2,0,1,2,7,-20.0,0022400622,Kentavious Caldwell-Pope,kentavious caldwell-pope,,,2025-01-23,2,0.20689655172413793,0.059113300492610835,0.059113300492610835,0.0,0.11822660098522167,6.0,2.0,8.0,7.0,1.0,5.0,11.0,1.0,1.0,0,0.0,0,0.0010299999999999999,-30.8,-29873.90882638216,-30.768276,0.059113300492610835,2.0,5.0,0.032271307
0022400622,1610612753,Orlando,Magic,ORL,magic,1641710,Anthony,Black,A. Black,anthony-black,G,,,31:04,31.066666666666666,5,11,0.455,1,1,1.0,1,2,0.5,0,3,3,5,1,0,1,2,12,-8.0,0022400622,Anthony Black,anthony black,,,2025-01-23,1,0.38626609442060084,0.0,0.09656652360515021,0.1609442060085837,0.032188841201716736,3.0,10.0,6.0,2.0,3.0,5.0,4.0,3.0,1.0,0,0.0,0,0.0018599999999999999,-11.6,-6233.207952713596,-11.578424,0.032188841201716736,6.0,11.0,0.4248448
0022400622,1610612753,Orlando,Magic,ORL,magic,1628371,Jonathan,Isaac,J. Isaac,jonathan-isaac,,,,17:35,17.583333333333332,0,3,0.0,0,2,0.0,0,2,0.0,3,4,7,1,1,1,1,1,0,-7.0,0022400622,Jonathan Isaac,jonathan isaac,,,2025-01-23,2,0.0,0.17061611374407584,0.3981042654028436,0.05687203791469195,0.2843601895734597,10.0,1.0,2.0,5.0,3.0,3.0,2.0,7.0,3.0,0,0.0,0,0.00114,-14.1,-12357.581069237513,-14.083926,0.1137440758293839,2.0,2.0,0.07000504
0022400622,1610612753,Orlando,Magic,ORL,magic,1641783,Tristan,da Silva,T. da Silva,tristan-da-silva,,,,29:03,29.05,5,8,0.625,2,5,0.4,4,4,1.0,2,3,5,2,1,0,1,1,16,-11.0,0022400622,Tristan da Silva,tristan da silva,,,2025-01-23,1,0.5507745266781411,0.06884681583476764,0.1721170395869191,0.06884681583476764,0.10327022375215146,2.0,2.0,4.0,3.0,3.0,5.0,7.0,4.0,3.0,0,0.0,0,0.00153,-15.3,-9993.46832135859,-15.276591,0.03442340791738382,6.0,7.0,0.85496485
0022400622,1610612753,Orlando,Magic,ORL,magic,1630243,Trevelin,Queen,T. Queen,trevelin-queen,,,,6:09,6.15,0,2,0.0,0,1,0.0,1,2,0.5,1,1,2,1,1,0,1,0,1,0.0,0022400622,Trevelin Queen,trevelin queen,,,2025-01-23,1,0.16260162601626016,0.16260162601626016,0.3252032520325203,0.16260162601626016,0.3252032520325203,9.0,5.0,8.0,5.0,3.0,5.0,1.0,11.0,1.0,0,0.0,0,0.00222,6.3,2836.5601080594324,6.286014,0.16260162601626016,6.0,1.0,0.009728659
0022400622,1610612753,Orlando,Magic,ORL,magic,1631216,Caleb,Houstan,C. Houstan,caleb-houstan,,,,11:42,11.7,0,2,0.0,0,2,0.0,0,0,0.0,1,0,1,0,0,0,0,0,0,-9.0,0022400622,Caleb Houstan,caleb houstan,,,2025-01-23,0,0.0,0.08547008547008547,0.08547008547008547,0.0,0.08547008547008547,10.0,5.0,11.0,7.0,8.0,5.0,6.0,10.0,,1,,1,0.00061,-30.8,-50409.16530278233,-30.781212,0.0,10.0,9.0,0.003954838
0022400622,1610612753,Orlando,Magic,ORL,magic,202709,Cory,Joseph,C. Joseph,cory-joseph,,,,13:07,13.116666666666667,1,2,0.5,0,0,0.0,0,0,0.0,1,1,2,0,2,0,1,2,2,-7.0,0022400622,Cory Joseph,cory joseph,,,2025-01-23,2,0.15247776365946633,0.07623888182973317,0.15247776365946633,0.0,0.22871664548919948,8.0,5.0,8.0,7.0,1.0,5.0,2.0,9.0,4.0,0,0.0,0,0.00097,-22.6,-23274.974253347063,-22.578078,0.15247776365946633,2.0,3.0,0.016883796
0022400622,1610612753,Orlando,Magic,ORL,magic,1641724,Jett,Howard,J. Howard,jett-howard,,,,16:56,16.933333333333334,3,6,0.5,3,4,0.75,1,2,0.5,2,1,3,0,0,0,1,1,10,-14.0,0022400622,Jett Howard,jett howard,,,2025-01-23,0,0.5905511811023622,0.11811023622047244,0.17716535433070865,0.0,0.11811023622047244,4.0,2.0,6.0,7.0,8.0,5.0,10.0,8.0,0.0,0,0.0,0,0.0020499999999999997,-43.8,-21355.43637250122,-43.71021,0.0,10.0,6.0,0.15173519
0022400638,1610612753,Orlando,Magic,ORL,magic,1630532,Franz,Wagner,F. Wagner,franz-wagner,F,,,30:10,30.166666666666668,10,22,0.455,4,8,0.5,8,8,1.0,1,3,4,7,0,0,1,1,32,1.0,0022400638,Franz Wagner,franz wagner,,,2025-01-25,0,1.0607734806629834,0.03314917127071823,0.13259668508287292,0.23204419889502761,0.03314917127071823,1.0,3.0,4.0,1.0,7.0,3.0,6.0,4.0,4.0,0,1.0,0,0.0034699999999999996,-1.8,-518.5825410544512,-1.793754,0.0,7.0,8.0,0.9066707
0022400638,1610612753,Orlando,Magic,ORL,magic,1631094,Paolo,Banchero,P. Banchero,paolo-banchero,F,,,39:48,39.8,11,22,0.5,3,6,0.5,7,14,0.5,1,8,9,7,0,0,3,2,32,9.0,0022400638,Paolo Banchero,paolo banchero,,,2025-01-25,0,0.8040201005025126,0.02512562814070352,0.22613065326633167,0.17587939698492464,0.02512562814070352,1.0,3.0,2.0,1.0,7.0,3.0,2.0,1.0,0.0,0,0.0,0,0.0034100000000000003,9.3,2726.4731750219876,9.268287,0.0,7.0,9.0,0.7788362
0022400638,1610612753,Orlando,Magic,ORL,magic,1628976,Wendell,Carter Jr.,W. Carter Jr.,wendell-carter-jr,C,,,31:38,31.633333333333333,4,7,0.571,0,2,0.0,3,3,1.0,3,8,11,3,1,0,2,4,11,1.0,0022400638,Wendell Carter Jr.,wendell carter jr,,,2025-01-25,1,0.34773445732349845,0.09483667017913594,0.34773445732349845,0.09483667017913594,0.12644889357218125,4.0,1.0,1.0,3.0,3.0,3.0,6.0,3.0,3.0,0,0.0,0,0.00132,1.4,1059.8031794095382,1.3981519999999998,0.03161222339304531,4.0,2.0,0.6163422
0022400638,1610612753,Orlando,Magic,ORL,magic,203484,Kentavious,Caldwell-Pope,K. Caldwell-Pope,kentavious-caldwell-pope,G,,,37:16,37.266666666666666,2,7,0.286,1,5,0.2,2,4,0.5,0,2,2,0,2,0,1,2,7,-5.0,0022400638,Kentavious Caldwell-Pope,kentavious caldwell-pope,,,2025-01-25,2,0.18783542039355994,0.0,0.053667262969588556,0.0,0.053667262969588556,6.0,6.0,7.0,6.0,1.0,3.0,11.0,2.0,2.0,0,0.0,0,0.00092,-7.9,-8577.633007600434,-7.8927320000000005,0.053667262969588556,3.0,5.0,0.028587287
0022400638,1610612753,Orlando,Magic,ORL,magic,1630591,Jalen,Suggs,J. Suggs,jalen-suggs,G,,,15:39,15.65,3,8,0.375,2,5,0.4,0,3,0.0,0,2,2,3,1,0,3,5,8,12.0,0022400638,Jalen Suggs,jalen suggs,,,2025-01-25,1,0.5111821086261981,0.0,0.12779552715654952,0.19169329073482427,0.06389776357827476,5.0,6.0,7.0,3.0,3.0,3.0,1.0,9.0,3.0,0,0.0,0,0.0028899999999999998,36.3,12556.208924247665,36.195093,0.06389776357827476,4.0,4.0,0.2567394
0022400638,1610612753,Orlando,Magic,ORL,magic,1628371,Jonathan,Isaac,J. Isaac,jonathan-isaac,,,,19:46,19.766666666666666,3,5,0.6,2,3,0.667,6,6,1.0,2,3,5,0,1,3,0,2,14,8.0,0022400638,Jonathan Isaac,jonathan isaac,,,2025-01-25,4,0.7082630691399663,0.10118043844856661,0.25295109612141653,0.0,0.30354131534569984,3.0,2.0,3.0,6.0,3.0,1.0,3.0,6.0,1.0,0,0.0,0,0.00182,20.0,10982.976386600769,19.9636,0.20236087689713322,1.0,1.0,0.6722284
0022400638,1610612753,Orlando,Magic,ORL,magic,1641783,Tristan,da Silva,T. da Silva,tristan-da-silva,,,,26:22,26.366666666666667,2,3,0.667,1,1,1.0,0,0,0.0,0,4,4,0,2,1,0,2,5,6.0,0022400638,Tristan da Silva,tristan da silva,,,2025-01-25,3,0.18963337547408343,0.0,0.15170670037926676,0.0,0.11378002528445007,8.0,6.0,4.0,6.0,1.0,2.0,5.0,5.0,2.0,0,0.0,0,0.00049,8.8,17922.606924643587,8.795688,0.11378002528445007,2.0,3.0,0.07963486
0022400638,1610612753,Orlando,Magic,ORL,magic,1641710,Anthony,Black,A. Black,anthony-black,,,,19:23,19.383333333333333,2,6,0.333,1,2,0.5,0,0,0.0,0,0,0,2,1,0,0,2,5,1.0,0022400638,Anthony Black,anthony black,,,2025-01-25,1,0.2579535683576956,0.0,0.0,0.10318142734307825,0.051590713671539126,8.0,6.0,9.0,5.0,3.0,3.0,6.0,7.0,1.0,0,0.0,0,0.00128,-3.2,-2498.048399687744,-3.1959040000000005,0.051590713671539126,4.0,7.0,0.020518698
0022400638,1610612753,Orlando,Magic,ORL,magic,1630175,Cole,Anthony,C. Anthony,cole-anthony,,,,19:00,19.0,3,3,1.0,1,1,1.0,0,0,0.0,1,2,3,0,0,0,4,3,7,7.0,0022400638,Cole Anthony,cole anthony,,,2025-01-25,0,0.3684210526315789,0.05263157894736842,0.15789473684210525,0.0,0.05263157894736842,6.0,3.0,6.0,6.0,7.0,3.0,4.0,8.0,2.0,0,0.0,0,0.00146,14.8,10130.047912388776,14.778392,0.0,7.0,6.0,0.08743093
0022400638,1610612753,Orlando,Magic,ORL,magic,1641724,Jett,Howard,J. Howard,jett-howard,,,,0:41,0.6833333333333333,0,0,0.0,0,0,0.0,0,0,0.0,0,0,0,0,0,0,0,0,0,0.0,0022400638,Jett Howard,jett howard,,,2025-01-25,0,0.0,0.0,0.0,0.0,0.0,10.0,6.0,9.0,6.0,7.0,3.0,9.0,10.0,,1,,1,0.0,0.0,0.0,0.0,0.0,7.0,10.0,0.0038032474
0022400638,1610612753,Orlando,Magic,ORL,magic,1630243,Trevelin,Queen,T. Queen,trevelin-queen,,,,0:17,0.2833333333333333,0,0,0.0,0,0,0.0,0,0,0.0,0,0,0,0,0,0,0,0,0,0.0,0022400638,Trevelin Queen,trevelin queen,,,2025-01-25,0,0.0,0.0,0.0,0.0,0.0,10.0,6.0,9.0,6.0,7.0,3.0,9.0,11.0,,1,,1,0.0,0.0,0.0,0.0,0.0,7.0,10.0,0.0036850874
0022400652,1610612753,Orlando,Magic,ORL,magic,1630532,Franz,Wagner,F. Wagner,franz-wagner,F,,,39:50,39.833333333333336,10,25,0.4,2,10,0.2,7,10,0.7,0,8,8,3,0,0,3,2,29,-8.0,0022400652,Franz Wagner,franz wagner,,,2025-01-27,0,0.7280334728033473,0.0,0.200836820083682,0.07531380753138076,0.0,1.0,5.0,2.0,5.0,6.0,5.0,5.0,3.0,0.0,0,0.0,0,0.00384,-10.1,-2629.523561572507,-10.061216,0.0,8.0,8.0,0.7200845
0022400652,1610612753,Orlando,Magic,ORL,magic,1631094,Paolo,Banchero,P. Banchero,paolo-banchero,F,,,44:24,44.4,7,21,0.333,2,8,0.25,1,3,0.333,0,5,5,6,1,0,5,3,17,-21.0,0022400652,Paolo Banchero,paolo banchero,,,2025-01-27,1,0.3828828828828829,0.0,0.11261261261261261,0.13513513513513514,0.022522522522522525,2.0,5.0,6.0,2.0,2.0,5.0,7.0,1.0,2.0,0,0.0,0,0.0027600000000000003,-21.6,-7823.252444766388,-21.540384000000003,0.022522522522522525,3.0,7.0,0.31838247
0022400652,1610612753,Orlando,Magic,ORL,magic,1628976,Wendell,Carter Jr.,W. Carter Jr.,wendell-carter-jr,C,,,35:33,35.55,5,7,0.714,1,2,0.5,3,3,1.0,2,5,7,5,1,0,2,2,14,-25.0,0022400652,Wendell Carter Jr.,wendell carter jr,,,2025-01-27,1,0.3938115330520394,0.05625879043600563,0.1969057665260197,0.1406469760900141,0.08438818565400845,4.0,3.0,4.0,3.0,2.0,5.0,9.0,5.0,0.0,0,0.0,0,0.00132,-34.5,-26116.57834973505,-34.45446,0.028129395218002815,3.0,6.0,0.37658045
0022400652,1610612753,Orlando,Magic,ORL,magic,1641710,Anthony,Black,A. Black,anthony-black,G,,,42:25,42.416666666666664,6,11,0.545,2,3,0.667,0,1,0.0,0,1,1,3,5,1,1,2,14,-12.0,0022400652,Anthony Black,anthony black,,,2025-01-27,6,0.3300589390962672,0.0,0.023575638506876228,0.0707269155206287,0.1414538310412574,4.0,5.0,8.0,5.0,1.0,1.0,6.0,2.0,8.0,0,0.0,0,0.00125,-16.1,-12869.704236610713,-16.079875,0.1414538310412574,1.0,3.0,0.6925386
0022400652,1610612753,Orlando,Magic,ORL,magic,203484,Kentavious,Caldwell-Pope,K. Caldwell-Pope,kentavious-caldwell-pope,G,,,36:05,36.083333333333336,2,6,0.333,2,5,0.4,0,0,0.0,0,1,1,1,0,0,1,1,6,-23.0,0022400652,Kentavious Caldwell-Pope,kentavious caldwell-pope,,,2025-01-27,0,0.16628175519630484,0.0,0.027713625866050806,0.027713625866050806,0.0,8.0,5.0,8.0,8.0,6.0,5.0,8.0,4.0,1.0,0,0.0,0,0.00082,-35.4,-43118.14859926918,-35.370971999999995,0.0,8.0,8.0,0.018390793
0022400652,1610612753,Orlando,Magic,ORL,magic,1641783,Tristan,da Silva,T. da Silva,tristan-da-silva,,,,33:43,33.71666666666667,6,13,0.462,5,8,0.625,0,0,0.0,4,2,6,5,0,1,2,1,17,21.0,0022400652,Tristan da Silva,tristan da silva,,,2025-01-27,1,0.5042016806722689,0.11863568956994562,0.17795353435491842,0.14829461196243202,0.14829461196243202,2.0,2.0,5.0,3.0,6.0,1.0,1.0,6.0,0.0,0,0.0,0,0.002,29.8,14892.55372313843,29.7404,0.029658922392486405,3.0,2.0,0.7472469
0022400652,1610612753,Orlando,Magic,ORL,magic,1629048,Goga,Bitadze,G. Bitadze,goga-bitadze,,,,22:23,22.383333333333333,4,4,1.0,0,0,0.0,2,4,0.5,1,8,9,2,0,1,0,1,10,21.0,0022400652,Goga Bitadze,goga bitadze,,,2025-01-27,1,0.4467609828741623,0.044676098287416234,0.40208488458674607,0.08935219657483247,0.08935219657483247,7.0,4.0,1.0,7.0,6.0,1.0,1.0,7.0,1.0,0,0.0,0,0.00111,40.5,36453.64536453645,40.455045,0.044676098287416234,3.0,5.0,0.73314923
0022400652,1610612753,Orlando,Magic,ORL,magic,1628371,Jonathan,Isaac,J. Isaac,jonathan-isaac,,,,17:54,17.9,5,9,0.556,0,2,0.0,2,4,0.5,5,3,8,0,1,0,0,2,12,2.0,0022400652,Jonathan Isaac,jonathan isaac,,,2025-01-27,1,0.670391061452514,0.2793296089385475,0.446927374301676,0.0,0.335195530726257,6.0,1.0,2.0,9.0,2.0,5.0,4.0,8.0,2.0,0,0.0,0,0.00262,15.2,5799.31323922167,15.160176,0.0558659217877095,3.0,1.0,0.8145032
0022400652,1610612753,Orlando,Magic,ORL,magic,1630175,Cole,Anthony,C. Anthony,cole-anthony,,,,17:44,17.733333333333334,0,2,0.0,0,1,0.0,0,0,0.0,0,2,2,7,1,1,0,5,0,15.0,0022400652,Cole Anthony,cole anthony,,,2025-01-27,2,0.0,0.0,0.11278195488721804,0.39473684210526316,0.11278195488721804,9.0,5.0,7.0,1.0,2.0,1.0,3.0,9.0,3.0,0,0.0,0,0.00057,47.0,82311.73380035027,46.97321,0.11278195488721804,2.0,4.0,0.063683555
0022400678,1610612753,Orlando,Magic,ORL,magic,1630532,Franz,Wagner,F. Wagner,franz-wagner,F,,,31:27,31.45,8,17,0.471,1,5,0.2,7,8,0.875,2,1,3,3,0,0,1,4,24,-7.0,0022400678,Franz Wagner,franz wagner,,,2025-01-30,0,0.7631160572337043,0.06359300476947535,0.09538950715421304,0.09538950715421304,0.06359300476947535,1.0,2.0,4.0,1.0,7.0,6.0,4.0,2.0,4.0,0,0.0,0,0.0031,-13.7,-4417.929700096743,-13.65753,0.0,8.0,8.0,0.82592297
0022400678,1610612753,Orlando,Magic,ORL,magic,1631094,Paolo,Banchero,P. Banchero,paolo-banchero,F,,,33:15,33.25,10,23,0.435,0,4,0.0,1,3,0.333,1,5,6,3,1,0,3,1,21,-23.0,0022400678,Paolo Banchero,paolo banchero,,,2025-01-30,1,0.631578947368421,0.03007518796992481,0.18045112781954886,0.09022556390977443,0.06015037593984962,2.0,4.0,2.0,1.0,2.0,6.0,12.0,1.0,1.0,0,0.0,0,0.00365,-37.1,-10161.5995617639,-36.964585,0.03007518796992481,5.0,9.0,0.669707
0022400678,1610612753,Orlando,Magic,ORL,magic,1629048,Goga,Bitadze,G. Bitadze,goga-bitadze,C,,,17:53,17.883333333333333,1,1,1.0,0,0,0.0,0,0,0.0,1,2,3,2,1,1,2,3,2,-18.0,0022400678,Goga Bitadze,goga bitadze,,,2025-01-30,2,0.11183597390493942,0.05591798695246971,0.16775396085740915,0.11183597390493942,0.16775396085740915,8.0,4.0,4.0,3.0,2.0,2.0,11.0,8.0,4.0,0,0.0,0,0.0008100000000000001,-54.5,-67200.98643649815,-54.455855,0.11183597390493942,2.0,3.0,0.0112936525
0022400678,1610612753,Orlando,Magic,ORL,magic,1641710,Anthony,Black,A. Black,anthony-black,G,,,18:50,18.833333333333332,0,3,0.0,0,1,0.0,0,0,0.0,1,1,2,1,0,0,2,2,0,-17.0,0022400678,Anthony Black,anthony black,,,2025-01-30,0,0.0,0.05309734513274337,0.10619469026548674,0.05309734513274337,0.05309734513274337,11.0,4.0,6.0,5.0,7.0,6.0,9.0,7.0,1.0,0,0.0,0,0.00122,-43.5,-35626.53562653563,-43.44693,0.0,8.0,10.0,0.004807213
0022400678,1610612753,Orlando,Magic,ORL,magic,203484,Kentavious,Caldwell-Pope,K. Caldwell-Pope,kentavious-caldwell-pope,G,,,23:57,23.95,2,5,0.4,0,2,0.0,0,0,0.0,0,2,2,0,0,0,0,1,4,-25.0,0022400678,Kentavious Caldwell-Pope,kentavious caldwell-pope,,,2025-01-30,0,0.16701461377870563,0.0,0.08350730688935282,0.0,0.0,5.0,10.0,6.0,9.0,7.0,6.0,13.0,4.0,1.0,0,0.0,0,0.00096,-52.4,-54526.53485952133,-52.349696,0.0,8.0,11.0,0.014028786
0022400678,1610612753,Orlando,Magic,ORL,magic,203914,Gary,Harris,G. Harris,gary-harris,,,,13:18,13.3,1,2,0.5,1,2,0.5,0,0,0.0,1,0,1,0,0,1,0,1,3,2.0,0022400678,Gary Harris,gary harris,,,2025-01-30,1,0.22556390977443608,0.07518796992481203,0.07518796992481203,0.0,0.15037593984962405,7.0,4.0,8.0,9.0,7.0,2.0,1.0,10.0,1.0,0,0.0,0,0.0005899999999999999,-2.2,-3722.504230118444,-2.1987020000000004,0.07518796992481203,5.0,4.0,0.092778146
0022400678,1610612753,Orlando,Magic,ORL,magic,1630175,Cole,Anthony,C. Anthony,cole-anthony,,,,23:49,23.816666666666666,6,15,0.4,3,7,0.429,1,1,1.0,1,0,1,2,1,1,2,4,16,-12.0,0022400678,Cole Anthony,cole anthony,,,2025-01-30,2,0.6717984604618614,0.04198740377886634,0.04198740377886634,0.08397480755773268,0.12596221133659902,3.0,4.0,8.0,3.0,2.0,2.0,8.0,5.0,3.0,0,1.0,0,0.0030399999999999997,-26.1,-8582.703058204539,-26.020656,0.08397480755773268,2.0,5.0,0.58525383
0022400678,1610612753,Orlando,Magic,ORL,magic,1628976,Wendell,Carter Jr.,W. Carter Jr.,wendell-carter-jr,,,,25:19,25.316666666666666,3,7,0.429,0,1,0.0,6,6,1.0,2,5,7,1,1,0,1,2,12,-3.0,0022400678,Wendell Carter Jr.,wendell carter jr,,,2025-01-30,1,0.4739960500329164,0.07899934167215274,0.2764976958525346,0.03949967083607637,0.1184990125082291,4.0,2.0,1.0,5.0,2.0,6.0,3.0,3.0,1.0,0,0.0,0,0.0017499999999999998,-10.8,-6167.904054825815,-10.7811,0.03949967083607637,5.0,6.0,0.17627966
0022400678,1610612753,Orlando,Magic,ORL,magic,1641783,Tristan,da Silva,T. da Silva,tristan-da-silva,,,,20:39,20.65,0,0,0.0,0,0,0.0,0,0,0.0,0,1,1,1,1,1,1,1,0,-17.0,0022400678,Tristan da Silva,tristan da silva,,,2025-01-30,2,0.0,0.0,0.04842615012106538,0.04842615012106538,0.09685230024213076,11.0,10.0,8.0,5.0,2.0,2.0,9.0,6.0,0.0,0,0.0,0,0.00018999999999999998,-43.6,-228272.25130890057,-43.591716,0.09685230024213076,2.0,7.0,0.0062135467
0022400678,1610612753,Orlando,Magic,ORL,magic,1628371,Jonathan,Isaac,J. Isaac,jonathan-isaac,,,,15:44,15.733333333333333,1,2,0.5,0,0,0.0,2,2,1.0,3,2,5,1,3,2,0,1,4,-2.0,0022400678,Jonathan Isaac,jonathan isaac,,,2025-01-30,5,0.2542372881355932,0.19067796610169493,0.31779661016949157,0.0635593220338983,0.5084745762711864,5.0,1.0,3.0,5.0,1.0,1.0,2.0,9.0,3.0,0,0.0,0,0.00079,-10.4,-13147.914032869785,-10.391784000000001,0.31779661016949157,1.0,1.0,0.19911774
0022400678,1610612753,Orlando,Magic,ORL,magic,1630243,Trevelin,Queen,T. Queen,trevelin-queen,,,,6:13,6.216666666666667,1,3,0.333,0,2,0.0,0,0,0.0,0,0,0,0,0,0,1,2,2,-7.0,0022400678,Trevelin Queen,trevelin queen,,,2025-01-30,0,0.32171581769436997,0.0,0.0,0.0,0.0,8.0,10.0,13.0,9.0,7.0,6.0,4.0,11.0,,1,,1,0.0028599999999999997,-53.8,-18804.6137714086,-53.646132,0.0,8.0,11.0,0.004993343
0022400678,1610612753,Orlando,Magic,ORL,magic,1641724,Jett,Howard,J. Howard,jett-howard,,,,4:48,4.8,0,1,0.0,0,1,0.0,0,0,0.0,1,0,1,0,0,0,0,1,0,-8.0,0022400678,Jett Howard,jett howard,,,2025-01-30,0,0.0,0.20833333333333334,0.20833333333333334,0.0,0.20833333333333334,11.0,4.0,8.0,9.0,7.0,6.0,6.0,12.0,0.0,0,0.0,0,0.00091,-80.0,-87815.58726673985,-79.9272,0.0,8.0,2.0,0.0034506675
0022400678,1610612753,Orlando,Magic,ORL,magic,1631216,Caleb,Houstan,C. Houstan,caleb-houstan,,,,4:48,4.8,1,2,0.5,0,1,0.0,0,0,0.0,0,1,1,0,0,0,0,0,2,-8.0,0022400678,Caleb Houstan,caleb houstan,,,2025-01-30,0,0.4166666666666667,0.0,0.20833333333333334,0.0,0.0,8.0,10.0,8.0,9.0,7.0,6.0,6.0,12.0,0.0,0,0.0,0,0.00182,-80.0,-43931.905546403075,-79.8544,0.0,8.0,11.0,0.006302104
0022400687,1610612753,Orlando,Magic,ORL,magic,1630532,Franz,Wagner,F. Wagner,franz-wagner,F,,,33:54,33.9,8,21,0.381,3,11,0.273,18,20,0.9,1,5,6,1,1,1,1,3,37,-6.0,0022400687,Franz Wagner,franz wagner,,,2025-02-01,2,1.0914454277286136,0.029498525073746312,0.17699115044247787,0.029498525073746312,0.08849557522123894,1.0,4.0,3.0,5.0,4.0,2.0,4.0,1.0,2.0,0,0.0,0,0.0037199999999999998,-8.1,-2176.8341843590433,-8.069868,0.058997050147492625,3.0,7.0,0.6309565
0022400687,1610612753,Orlando,Magic,ORL,magic,1631094,Paolo,Banchero,P. Banchero,paolo-banchero,F,,,33:40,33.666666666666664,4,19,0.211,0,6,0.0,1,3,0.333,1,5,6,6,2,1,3,4,9,-17.0,0022400687,Paolo Banchero,paolo banchero,,,2025-02-01,3,0.26732673267326734,0.029702970297029705,0.17821782178217824,0.17821782178217824,0.11881188118811882,3.0,4.0,3.0,1.0,1.0,2.0,9.0,2.0,2.0,0,0.0,0,0.0028000000000000004,-23.0,-8211.35308818279,-22.9356,0.08910891089108912,1.0,6.0,0.11912689
0022400687,1610612753,Orlando,Magic,ORL,magic,1629048,Goga,Bitadze,G. Bitadze,goga-bitadze,C,,,15:54,15.9,1,2,0.5,0,0,0.0,1,2,0.5,2,6,8,3,0,2,0,0,3,-6.0,0022400687,Goga Bitadze,goga bitadze,,,2025-02-01,2,0.18867924528301885,0.12578616352201258,0.5031446540880503,0.18867924528301885,0.25157232704402516,8.0,1.0,1.0,3.0,7.0,1.0,4.0,9.0,1.0,0,0.0,0,0.00073,-20.2,-27633.378932968535,-20.185254,0.12578616352201258,3.0,1.0,0.119000874
0022400687,1610612753,Orlando,Magic,ORL,magic,1641710,Anthony,Black,A. Black,anthony-black,G,,,31:37,31.616666666666667,1,7,0.143,1,4,0.25,1,1,1.0,1,3,4,3,0,0,0,2,4,-18.0,0022400687,Anthony Black,anthony black,,,2025-02-01,0,0.1265155508697944,0.0316288877174486,0.1265155508697944,0.09488666315234581,0.0316288877174486,7.0,4.0,6.0,3.0,7.0,7.0,10.0,3.0,2.0,0,0.0,0,0.00092,-23.1,-25081.4332247557,-23.078748,0.0,9.0,10.0,0.014535887
0022400687,1610612753,Orlando,Magic,ORL,magic,1641783,Tristan,da Silva,T. da Silva,tristan-da-silva,G,,,24:53,24.883333333333333,3,6,0.5,1,3,0.333,2,2,1.0,1,3,4,0,1,0,1,3,9,-12.0,0022400687,Tristan da Silva,tristan da silva,,,2025-02-01,1,0.36168787675820496,0.04018754186202277,0.1607501674480911,0.0,0.08037508372404555,3.0,4.0,6.0,8.0,4.0,7.0,8.0,5.0,3.0,0,0.0,0,0.00136,-23.1,-16972.814107274065,-23.068584,0.04018754186202277,7.0,9.0,0.11119764
0022400687,1610612753,Orlando,Magic,ORL,magic,1628976,Wendell,Carter Jr.,W. Carter Jr.,wendell-carter-jr,,,,23:59,23.983333333333334,3,10,0.3,0,3,0.0,0,0,0.0,2,3,5,1,0,0,0,1,6,-10.0,0022400687,Wendell Carter Jr.,wendell carter jr,,,2025-02-01,0,0.2501737317581654,0.08339124391938846,0.20847810979847115,0.04169562195969423,0.08339124391938846,5.0,1.0,5.0,5.0,7.0,7.0,6.0,6.0,1.0,0,0.0,0,0.00172,-24.8,-14410.226612434633,-24.757344,0.0,9.0,8.0,0.05754202
0022400687,1610612753,Orlando,Magic,ORL,magic,203914,Gary,Harris,G. Harris,gary-harris,,,,15:56,15.933333333333334,0,2,0.0,0,2,0.0,0,0,0.0,0,0,0,0,2,0,1,1,0,-10.0,0022400687,Gary Harris,gary harris,,,2025-02-01,2,0.0,0.0,0.0,0.0,0.12552301255230125,10.0,9.0,9.0,8.0,1.0,7.0,6.0,8.0,2.0,0,0.0,0,0.00083,-33.7,-40553.54993983153,-33.672029,0.12552301255230125,3.0,5.0,0.0061578667
0022400687,1610612753,Orlando,Magic,ORL,magic,1628371,Jonathan,Isaac,J. Isaac,jonathan-isaac,,,,14:20,14.333333333333334,1,3,0.333,1,2,0.5,0,0,0.0,1,2,3,0,0,1,0,1,3,3.0,0022400687,Jonathan Isaac,jonathan isaac,,,2025-02-01,1,0.20930232558139533,0.06976744186046512,0.20930232558139533,0.0,0.13953488372093023,8.0,4.0,8.0,8.0,7.0,2.0,2.0,10.0,1.0,0,0.0,0,0.00086,14.2,16492.450638792103,14.187788,0.06976744186046512,7.0,4.0,0.054694314
0022400687,1610612753,Orlando,Magic,ORL,magic,1630175,Cole,Anthony,C. Anthony,cole-anthony,,,,26:37,26.616666666666667,7,11,0.636,2,5,0.4,7,7,1.0,2,5,7,4,1,1,1,3,23,6.0,0022400687,Cole Anthony,cole anthony,,,2025-02-01,2,0.8641202254226675,0.07514088916718847,0.2629931120851597,0.15028177833437695,0.15028177833437695,2.0,1.0,2.0,2.0,4.0,2.0,1.0,4.0,6.0,0,0.0,0,0.00234,10.9,4656.1298590346005,10.874494,0.07514088916718847,3.0,3.0,0.9190324
0022400687,1610612753,Orlando,Magic,ORL,magic,1641724,Jett,Howard,J. Howard,jett-howard,,,,19:10,19.166666666666668,2,10,0.2,1,5,0.2,0,0,0.0,0,0,0,1,2,1,1,5,5,0.0,0022400687,Jett Howard,jett howard,,,2025-02-01,3,0.2608695652173913,0.0,0.0,0.05217391304347826,0.15652173913043477,6.0,9.0,9.0,5.0,1.0,2.0,3.0,7.0,2.0,0,0.0,0,0.00212,-6.7,-3158.887317303159,-6.685796,0.15652173913043477,1.0,2.0,0.03109777
0022400708,1610612753,Orlando,Magic,ORL,magic,1630532,Franz,Wagner,F. Wagner,franz-wagner,F,,,36:47,36.78333333333333,9,19,0.474,1,5,0.2,2,3,0.667,1,2,3,5,2,0,2,6,21,-8.0,0022400708,Franz Wagner,franz wagner,,,2025-02-03,2,0.5709107385591301,0.02718622564567286,0.08155867693701858,0.1359311282283643,0.08155867693701858,2.0,5.0,7.0,2.0,1.0,3.0,7.0,2.0,2.0,0,0.0,0,0.00244,-8.0,-3277.345350266284,-7.98048,0.05437245129134572,2.0,6.0,0.6866893
0022400708,1610612753,Orlando,Magic,ORL,magic,1631094,Paolo,Banchero,P. Banchero,paolo-banchero,F,,,37:26,37.43333333333333,9,24,0.375,0,6,0.0,0,1,0.0,1,5,6,3,1,0,2,2,18,-24.0,0022400708,Paolo Banchero,paolo banchero,,,2025-02-03,1,0.4808548530721283,0.026714158504007126,0.16028495102404275,0.08014247551202137,0.05342831700801425,3.0,5.0,3.0,3.0,3.0,3.0,11.0,1.0,1.0,0,0.0,0,0.00299,-30.8,-10297.559344700769,-30.707908,0.026714158504007126,4.0,8.0,0.28220332
0022400708,1610612753,Orlando,Magic,ORL,magic,1629048,Goga,Bitadze,G. Bitadze,goga-bitadze,C,,,20:09,20.15,2,8,0.25,0,0,0.0,2,5,0.4,6,8,14,1,1,1,2,1,6,-19.0,0022400708,Goga Bitadze,goga bitadze,,,2025-02-03,2,0.29776674937965264,0.29776674937965264,0.6947890818858561,0.04962779156327544,0.3970223325062035,5.0,1.0,1.0,5.0,3.0,1.0,9.0,6.0,2.0,0,0.0,0,0.0024,-48.0,-19991.670137442732,-47.8848,0.09925558312655088,2.0,2.0,0.26388586
0022400708,1610612753,Orlando,Magic,ORL,magic,203484,Kentavious,Caldwell-Pope,K. Caldwell-Pope,kentavious-caldwell-pope,G,,,32:37,32.61666666666667,4,9,0.444,1,3,0.333,0,0,0.0,2,4,6,1,1,0,0,3,9,-20.0,0022400708,Kentavious Caldwell-Pope,kentavious caldwell-pope,,,2025-02-03,1,0.27593254982115484,0.061318344404701075,0.18395503321410323,0.030659172202350538,0.09197751660705161,4.0,3.0,3.0,5.0,3.0,3.0,10.0,3.0,4.0,0,0.0,0,0.0012,-26.0,-21648.626144879272,-25.9688,0.030659172202350538,4.0,4.0,0.24257123
0022400708,1610612753,Orlando,Magic,ORL,magic,1641710,Anthony,Black,A. Black,anthony-black,G,,,16:14,16.233333333333334,0,0,0.0,0,0,0.0,0,0,0.0,0,1,1,1,0,0,0,2,0,-11.0,0022400708,Anthony Black,anthony black,,,2025-02-03,0,0.0,0.0,0.061601642710472276,0.061601642710472276,0.0,11.0,9.0,9.0,5.0,7.0,3.0,8.0,7.0,0.0,0,0.0,0,0.0,-34.3,-34300000.0,-34.3,0.0,7.0,9.0,0.005454723
0022400708,1610612753,Orlando,Magic,ORL,magic,203914,Gary,Harris,G. Harris,gary-harris,,,,14:18,14.3,2,4,0.5,2,4,0.5,0,0,0.0,0,0,0,0,0,0,1,3,6,12.0,0022400708,Gary Harris,gary harris,,,2025-02-03,0,0.4195804195804196,0.0,0.0,0.0,0.0,5.0,9.0,10.0,10.0,7.0,3.0,3.0,8.0,1.0,0,0.0,0,0.00147,42.9,29163.8341264446,42.836937,0.0,7.0,9.0,0.11076559
0022400708,1610612753,Orlando,Magic,ORL,magic,1630175,Cole,Anthony,C. Anthony,cole-anthony,,,,28:21,28.35,11,21,0.524,3,9,0.333,1,1,1.0,1,4,5,3,2,1,2,5,26,-7.0,0022400708,Cole Anthony,cole anthony,,,2025-02-03,3,0.9171075837742504,0.03527336860670194,0.1763668430335097,0.10582010582010581,0.14109347442680775,1.0,5.0,6.0,3.0,1.0,1.0,6.0,4.0,1.0,0,0.0,0,0.00315,-16.4,-5204.696921612186,-16.34834,0.10582010582010581,1.0,3.0,0.8387016
0022400708,1610612753,Orlando,Magic,ORL,magic,1628976,Wendell,Carter Jr.,W. Carter Jr.,wendell-carter-jr,,,,27:51,27.85,3,4,0.75,0,0,0.0,0,0,0.0,2,7,9,7,0,0,1,1,6,14.0,0022400708,Wendell Carter Jr.,wendell carter jr,,,2025-02-03,0,0.21543985637342908,0.0718132854578097,0.3231597845601436,0.2513464991023339,0.0718132854578097,5.0,3.0,2.0,1.0,7.0,3.0,2.0,5.0,0.0,0,0.0,0,0.0007199999999999999,21.2,29403.60610263523,21.184735999999997,0.0,7.0,7.0,0.39787617
0022400708,1610612753,Orlando,Magic,ORL,magic,1641783,Tristan,da Silva,T. da Silva,tristan-da-silva,,,,10:53,10.883333333333333,1,2,0.5,0,1,0.0,0,0,0.0,1,1,2,1,0,0,1,0,2,7.0,0022400708,Tristan da Silva,tristan da silva,,,2025-02-03,0,0.18376722817764166,0.09188361408882083,0.18376722817764166,0.09188361408882083,0.09188361408882083,9.0,5.0,8.0,5.0,7.0,3.0,5.0,9.0,1.0,0,0.0,0,0.0010299999999999999,28.6,27740.058195926293,28.570542000000003,0.0,7.0,5.0,0.0111678215
0022400708,1610612753,Orlando,Magic,ORL,magic,1628371,Jonathan,Isaac,J. Isaac,jonathan-isaac,,,,10:34,10.566666666666666,1,7,0.143,0,3,0.0,0,0,0.0,4,2,6,1,1,0,0,3,2,19.0,0022400708,Jonathan Isaac,jonathan isaac,,,2025-02-03,1,0.18927444794952683,0.37854889589905366,0.5678233438485805,0.09463722397476342,0.47318611987381703,9.0,2.0,3.0,5.0,3.0,3.0,1.0,10.0,1.0,0,0.0,0,0.00233,86.4,37065.637065637064,86.198688,0.09463722397476342,4.0,1.0,0.15818594
0022400708,1610612753,Orlando,Magic,ORL,magic,1641724,Jett,Howard,J. Howard,jett-howard,,,,4:50,4.833333333333333,1,1,1.0,1,1,1.0,0,0,0.0,0,0,0,0,0,0,0,0,3,12.0,0022400708,Jett Howard,jett howard,,,2025-02-03,0,0.6206896551724138,0.0,0.0,0.0,0.0,8.0,9.0,10.0,10.0,7.0,3.0,3.0,11.0,,1,,1,0.00077,100.0,129701.68612191959,99.923,0.0,7.0,9.0,0.012467253
0022400727,1610612753,Orlando,Magic,ORL,magic,1630532,Franz,Wagner,F. Wagner,franz-wagner,F,,,26:46,26.766666666666666,12,22,0.545,5,6,0.833,2,2,1.0,1,4,5,3,0,0,0,1,31,29.0,0022400727,Franz Wagner,franz wagner,,,2025-02-05,0,1.158156911581569,0.03735990037359901,0.18679950186799502,0.11207970112079702,0.03735990037359901,1.0,3.0,3.0,2.0,6.0,3.0,1.0,2.0,2.0,0,0.0,0,0.00383,55.8,14565.387627251368,55.586285999999994,0.0,8.0,8.0,0.68568695
0022400727,1610612753,Orlando,Magic,ORL,magic,1631094,Paolo,Banchero,P. Banchero,paolo-banchero,F,,,31:16,31.266666666666666,9,15,0.6,1,3,0.333,4,5,0.8,0,0,0,9,1,0,2,1,23,25.0,0022400727,Paolo Banchero,paolo banchero,,,2025-02-05,1,0.7356076759061834,0.0,0.0,0.2878464818763326,0.031982942430703626,2.0,7.0,12.0,1.0,3.0,3.0,2.0,1.0,1.0,0,0.0,0,0.00271,42.7,15750.645518258945,42.584283000000006,0.031982942430703626,4.0,9.0,0.70797694
0022400727,1610612753,Orlando,Magic,ORL,magic,1629048,Goga,Bitadze,G. Bitadze,goga-bitadze,C,,,22:32,22.533333333333335,7,7,1.0,0,0,0.0,0,0,0.0,3,4,7,2,0,2,1,2,14,15.0,0022400727,Goga Bitadze,goga bitadze,,,2025-02-05,2,0.621301775147929,0.1331360946745562,0.3106508875739645,0.08875739644970414,0.22189349112426035,4.0,1.0,2.0,7.0,6.0,1.0,3.0,4.0,0.0,0,0.0,0,0.00167,36.7,21962.896469180134,36.63871100000001,0.08875739644970414,2.0,1.0,0.8063679
0022400727,1610612753,Orlando,Magic,ORL,magic,203484,Kentavious,Caldwell-Pope,K. Caldwell-Pope,kentavious-caldwell-pope,G,,,21:46,21.766666666666666,3,6,0.5,2,5,0.4,0,0,0.0,0,2,2,1,0,0,1,2,8,10.0,0022400727,Kentavious Caldwell-Pope,kentavious caldwell-pope,,,2025-02-05,0,0.3675344563552833,0.0,0.09188361408882083,0.045941807044410414,0.0,7.0,7.0,6.0,9.0,6.0,3.0,7.0,5.0,2.0,0,0.0,0,0.00149,28.6,19181.757209926225,28.557386,0.0,8.0,10.0,0.036700893
0022400727,1610612753,Orlando,Magic,ORL,magic,1630175,Cole,Anthony,C. Anthony,cole-anthony,G,,,23:30,23.5,5,9,0.556,2,4,0.5,2,2,1.0,0,2,2,3,0,1,0,2,14,10.0,0022400727,Cole Anthony,cole anthony,,,2025-02-05,1,0.5957446808510638,0.0,0.0851063829787234,0.1276595744680851,0.0425531914893617,4.0,7.0,6.0,2.0,6.0,2.0,7.0,3.0,2.0,0,0.0,0,0.00196,23.6,12034.676185619583,23.553744000000002,0.0425531914893617,4.0,7.0,0.535558
0022400727,1610612753,Orlando,Magic,ORL,magic,203914,Gary,Harris,G. Harris,gary-harris,,,,14:43,14.716666666666667,0,1,0.0,0,1,0.0,0,0,0.0,0,3,3,1,0,0,0,1,0,5.0,0022400727,Gary Harris,gary harris,,,2025-02-05,0,0.0,0.0,0.20385050962627407,0.06795016987542468,0.0,11.0,7.0,4.0,9.0,6.0,3.0,9.0,10.0,1.0,0,0.0,0,0.00028000000000000003,12.0,42704.62633451956,11.996640000000001,0.0,8.0,10.0,0.0069787162
0022400727,1610612753,Orlando,Magic,ORL,magic,1628976,Wendell,Carter Jr.,W. Carter Jr.,wendell-carter-jr,,,,19:47,19.783333333333335,3,4,0.75,2,2,1.0,0,0,0.0,2,6,8,3,2,0,0,4,8,15.0,0022400727,Wendell Carter Jr.,wendell carter jr,,,2025-02-05,2,0.40438079191238413,0.10109519797809603,0.40438079191238413,0.15164279696714406,0.20219039595619206,7.0,2.0,1.0,2.0,2.0,3.0,3.0,7.0,2.0,0,0.0,0,0.0008699999999999999,43.6,50057.405281285886,43.562068,0.10109519797809603,2.0,2.0,0.5788786
0022400727,1610612753,Orlando,Magic,ORL,magic,1628371,Jonathan,Isaac,J. Isaac,jonathan-isaac,,,,20:45,20.75,0,1,0.0,0,0,0.0,0,0,0.0,1,2,3,2,3,0,1,2,0,12.0,0022400727,Jonathan Isaac,jonathan isaac,,,2025-02-05,3,0.0,0.04819277108433735,0.14457831325301204,0.0963855421686747,0.1927710843373494,11.0,3.0,4.0,7.0,1.0,3.0,6.0,6.0,3.0,0,0.0,0,0.0004,31.2,77805.48628428926,31.18752,0.14457831325301204,1.0,3.0,0.068128265
0022400727,1610612753,Orlando,Magic,ORL,magic,1641710,Anthony,Black,A. Black,anthony-black,,,,16:06,16.1,4,10,0.4,1,3,0.333,6,6,1.0,1,0,1,3,1,0,0,3,15,15.0,0022400727,Anthony Black,anthony black,,,2025-02-05,1,0.9316770186335402,0.06211180124223602,0.06211180124223602,0.18633540372670807,0.12422360248447203,3.0,3.0,9.0,2.0,3.0,3.0,3.0,9.0,1.0,0,0.0,0,0.0032500000000000003,41.3,12703.783451245768,41.165775,0.06211180124223602,4.0,5.0,0.7917998
0022400727,1610612753,Orlando,Magic,ORL,magic,1641783,Tristan,da Silva,T. da Silva,tristan-da-silva,,,,18:12,18.2,5,5,1.0,1,1,1.0,0,0,0.0,0,2,2,3,1,0,1,2,11,-1.0,0022400727,Tristan da Silva,tristan da silva,,,2025-02-05,1,0.6043956043956045,0.0,0.10989010989010989,0.16483516483516483,0.054945054945054944,6.0,7.0,6.0,2.0,3.0,3.0,10.0,8.0,2.0,0,0.0,0,0.0014000000000000002,-5.8,-4139.900071377587,-5.79188,0.054945054945054944,4.0,6.0,0.6139686
0022400727,1610612753,Orlando,Magic,ORL,magic,1641724,Jett,Howard,J. Howard,jett-howard,,,,5:42,5.7,1,2,0.5,1,2,0.5,0,0,0.0,0,0,0,0,0,0,2,1,3,-11.0,0022400727,Jett Howard,jett howard,,,2025-02-05,0,0.5263157894736842,0.0,0.0,0.0,0.0,9.0,7.0,12.0,11.0,6.0,3.0,14.0,13.0,,1,,1,0.00267,-96.8,-36241.108199176335,-96.541544,0.0,8.0,10.0,0.009141247
0022400727,1610612753,Orlando,Magic,ORL,magic,1630243,Trevelin,Queen,T. Queen,trevelin-queen,,,,7:08,7.133333333333334,0,2,0.0,0,1,0.0,0,0,0.0,1,0,1,0,0,0,0,2,0,-10.0,0022400727,Trevelin Queen,trevelin queen,,,2025-02-05,0,0.0,0.14018691588785046,0.14018691588785046,0.0,0.14018691588785046,11.0,3.0,9.0,11.0,6.0,3.0,12.0,11.0,1.0,0,0.0,0,0.00133,-71.4,-53643.87678437266,-71.305038,0.0,8.0,4.0,0.004904251
0022400727,1610612753,Orlando,Magic,ORL,magic,1631216,Caleb,Houstan,C. Houstan,caleb-houstan,,,,7:02,7.033333333333333,1,3,0.333,1,2,0.5,0,0,0.0,0,1,1,0,0,0,0,1,3,-10.0,0022400727,Caleb Houstan,caleb houstan,,,2025-02-05,0,0.4265402843601896,0.0,0.14218009478672985,0.0,0.0,9.0,7.0,9.0,11.0,6.0,3.0,12.0,12.0,,1,,1,0.002,-71.4,-35682.15892053973,-71.25720000000001,0.0,8.0,10.0,0.007662614
0022400727,1610612753,Orlando,Magic,ORL,magic,202709,Cory,Joseph,C. Joseph,cory-joseph,,,,4:47,4.783333333333333,0,1,0.0,0,1,0.0,0,0,0.0,0,0,0,0,0,0,0,0,0,-9.0,0022400727,Cory Joseph,cory joseph,,,2025-02-05,0,0.0,0.0,0.0,0.0,0.0,11.0,7.0,12.0,11.0,6.0,3.0,11.0,14.0,0.0,0,0.0,0,0.00091,-90.0,-98792.53567508233,-89.91810000000001,0.0,8.0,10.0,0.0026380485
0022400730,1610612753,Orlando,Magic,ORL,magic,1630532,Franz,Wagner,F. Wagner,franz-wagner,F,,,29:31,29.516666666666666,6,17,0.353,0,3,0.0,2,2,1.0,2,2,4,4,2,1,1,2,14,-21.0,0022400730,Franz Wagner,franz wagner,,,2025-02-06,3,0.47430830039525695,0.06775832862789384,0.13551665725578768,0.13551665725578768,0.16939582156973462,3.0,3.0,3.0,1.0,1.0,3.0,11.0,2.0,2.0,0,0.0,0,0.0027500000000000003,-34.4,-12504.543802253724,-34.3054,0.10163749294184077,2.0,3.0,0.1641336
0022400730,1610612753,Orlando,Magic,ORL,magic,1631094,Paolo,Banchero,P. Banchero,paolo-banchero,F,,,29:41,29.683333333333334,6,14,0.429,1,3,0.333,5,8,0.625,0,8,8,4,1,3,1,3,18,-19.0,0022400730,Paolo Banchero,paolo banchero,,,2025-02-06,4,0.6064008983717013,0.0,0.26951151038742277,0.13475575519371139,0.13475575519371139,2.0,9.0,1.0,1.0,4.0,1.0,10.0,1.0,1.0,0,0.0,0,0.00264,-34.6,-13101.09806891329,-34.508656,0.13475575519371139,1.0,5.0,0.7420949
0022400730,1610612753,Orlando,Magic,ORL,magic,1629048,Goga,Bitadze,G. Bitadze,goga-bitadze,C,,,17:16,17.266666666666666,2,2,1.0,0,0,0.0,0,0,0.0,1,2,3,0,0,1,1,1,4,-8.0,0022400730,Goga Bitadze,goga bitadze,,,2025-02-06,1,0.23166023166023167,0.05791505791505792,0.17374517374517376,0.0,0.11583011583011583,8.0,4.0,7.0,8.0,8.0,3.0,6.0,8.0,4.0,0,0.0,0,0.00075,-26.6,-35419.44074567244,-26.58005,0.05791505791505792,6.0,6.0,0.04162162
0022400730,1610612753,Orlando,Magic,ORL,magic,203484,Kentavious,Caldwell-Pope,K. Caldwell-Pope,kentavious-caldwell-pope,G,,,26:34,26.566666666666666,2,6,0.333,1,3,0.333,2,2,1.0,1,3,4,3,1,0,0,1,7,-14.0,0022400730,Kentavious Caldwell-Pope,kentavious caldwell-pope,,,2025-02-06,1,0.26348808030112925,0.037641154328732745,0.15056461731493098,0.11292346298619825,0.07528230865746549,5.0,4.0,3.0,4.0,4.0,6.0,7.0,3.0,1.0,0,0.0,0,0.00111,-25.5,-22952.29522952295,-25.471694999999997,0.037641154328732745,6.0,10.0,0.06915161
0022400730,1610612753,Orlando,Magic,ORL,magic,1630175,Cole,Anthony,C. Anthony,cole-anthony,G,,,21:45,21.75,2,8,0.25,0,2,0.0,1,2,0.5,1,1,2,3,1,0,3,3,5,-17.0,0022400730,Cole Anthony,cole anthony,,,2025-02-06,1,0.22988505747126436,0.04597701149425287,0.09195402298850575,0.13793103448275862,0.09195402298850575,7.0,4.0,8.0,4.0,4.0,6.0,9.0,6.0,0.0,0,0.0,0,0.0023499999999999997,-40.8,-17354.31731178222,-40.704119999999996,0.04597701149425287,6.0,9.0,0.015666729
0022400730,1610612753,Orlando,Magic,ORL,magic,1628976,Wendell,Carter Jr.,W. Carter Jr.,wendell-carter-jr,,,,26:09,26.15,7,9,0.778,1,3,0.333,4,5,0.8,3,1,4,0,1,0,2,3,19,-25.0,0022400730,Wendell Carter Jr.,wendell carter jr,,,2025-02-06,1,0.7265774378585086,0.11472275334608031,0.15296367112810708,0.0,0.15296367112810708,1.0,1.0,3.0,8.0,4.0,6.0,12.0,5.0,2.0,0,0.0,0,0.0021,-43.1,-20514.0409328891,-43.00949,0.03824091778202677,6.0,4.0,0.8845975
0022400730,1610612753,Orlando,Magic,ORL,magic,1641710,Anthony,Black,A. Black,anthony-black,,,,26:15,26.25,2,6,0.333,0,3,0.0,4,5,0.8,1,0,1,4,2,0,3,1,8,-5.0,0022400730,Anthony Black,anthony black,,,2025-02-06,2,0.3047619047619048,0.0380952380952381,0.0380952380952381,0.1523809523809524,0.11428571428571428,4.0,4.0,11.0,1.0,1.0,6.0,5.0,4.0,2.0,0,0.0,0,0.00161,-7.5,-4655.493482309124,-7.487925,0.0761904761904762,3.0,7.0,0.054920435
0022400730,1610612753,Orlando,Magic,ORL,magic,1628371,Jonathan,Isaac,J. Isaac,jonathan-isaac,,,,11:45,11.75,0,3,0.0,0,2,0.0,0,0,0.0,0,4,4,0,0,2,0,0,0,-15.0,0022400730,Jonathan Isaac,jonathan isaac,,,2025-02-06,2,0.0,0.0,0.3404255319148936,0.0,0.1702127659574468,12.0,9.0,3.0,8.0,8.0,2.0,8.0,10.0,0.0,0,0.0,0,0.0010299999999999999,-60.0,-58195.92628516005,-59.9382,0.1702127659574468,3.0,2.0,0.008339181
0022400730,1610612753,Orlando,Magic,ORL,magic,1641783,Tristan,da Silva,T. da Silva,tristan-da-silva,,,,18:09,18.15,2,6,0.333,1,4,0.25,2,2,1.0,1,1,2,0,0,1,0,0,7,4.0,0022400730,Tristan da Silva,tristan da silva,,,2025-02-06,1,0.3856749311294766,0.05509641873278237,0.11019283746556474,0.0,0.11019283746556474,5.0,4.0,8.0,8.0,8.0,3.0,2.0,7.0,1.0,0,0.0,0,0.00167,15.1,9036.505086774387,15.074783,0.05509641873278237,6.0,8.0,0.24858485
0022400730,1610612753,Orlando,Magic,ORL,magic,1641724,Jett,Howard,J. Howard,jett-howard,,,,14:12,14.2,1,4,0.25,1,3,0.333,0,0,0.0,0,2,2,1,0,0,1,0,3,3.0,0022400730,Jett Howard,jett howard,,,2025-02-06,0,0.21126760563380284,0.0,0.14084507042253522,0.07042253521126761,0.0,10.0,9.0,8.0,7.0,8.0,6.0,3.0,9.0,0.0,0,0.0,0,0.00161,7.0,4345.127250155183,6.98873,0.0,11.0,11.0,0.014033425
0022400730,1610612753,Orlando,Magic,ORL,magic,1630243,Trevelin,Queen,T. Queen,trevelin-queen,,,,11:15,11.25,1,8,0.125,0,4,0.0,2,2,1.0,3,2,5,2,2,0,1,1,4,0.0,0022400730,Trevelin Queen,trevelin queen,,,2025-02-06,2,0.35555555555555557,0.26666666666666666,0.4444444444444444,0.17777777777777778,0.4444444444444444,8.0,1.0,2.0,6.0,1.0,6.0,4.0,11.0,3.0,0,0.0,0,0.0037,4.3,1161.8481491488785,4.28409,0.17777777777777778,3.0,1.0,0.05444551
0022400730,1610612753,Orlando,Magic,ORL,magic,1631216,Caleb,Houstan,C. Houstan,caleb-houstan,,,,7:28,7.466666666666667,0,1,0.0,0,1,0.0,1,2,0.5,0,1,1,0,0,0,0,0,1,7.0,0022400730,Caleb Houstan,caleb houstan,,,2025-02-06,0,0.13392857142857142,0.0,0.13392857142857142,0.0,0.0,11.0,9.0,11.0,8.0,8.0,6.0,1.0,12.0,1.0,0,0.0,0,0.0011799999999999998,51.7,43776.46062658765,51.638994000000004,0.0,11.0,11.0,0.006869364
0022400743,1610612753,Orlando,Magic,ORL,magic,1630532,Franz,Wagner,F. Wagner,franz-wagner,F,,,38:06,38.1,14,28,0.5,2,7,0.286,3,6,0.5,3,9,12,5,1,0,3,3,33,21.0,0022400743,Franz Wagner,franz wagner,,,2025-02-08,1,0.8661417322834646,0.07874015748031496,0.31496062992125984,0.13123359580052493,0.10498687664041995,1.0,1.0,1.0,2.0,5.0,2.0,2.0,1.0,2.0,0,0.0,0,0.00374,28.5,7618.283881315157,28.39341,0.026246719160104987,5.0,5.0,0.7927099
0022400743,1610612753,Orlando,Magic,ORL,magic,1631094,Paolo,Banchero,P. Banchero,paolo-banchero,F,,,33:42,33.7,7,17,0.412,0,4,0.0,3,4,0.75,0,7,7,6,0,1,5,1,17,-7.0,0022400743,Paolo Banchero,paolo banchero,,,2025-02-08,1,0.5044510385756676,0.0,0.20771513353115725,0.17804154302670622,0.029673590504451036,3.0,7.0,4.0,1.0,7.0,1.0,7.0,2.0,0.0,0,0.0,0,0.00296,-13.1,-4424.181019925701,-13.061224,0.029673590504451036,5.0,9.0,0.34197193
0022400743,1610612753,Orlando,Magic,ORL,magic,1629048,Goga,Bitadze,G. Bitadze,goga-bitadze,C,,,26:21,26.35,1,2,0.5,0,0,0.0,0,2,0.0,3,6,9,0,1,0,1,2,2,-11.0,0022400743,Goga Bitadze,goga bitadze,,,2025-02-08,1,0.07590132827324478,0.11385199240986717,0.3415559772296015,0.0,0.15180265654648956,9.0,1.0,2.0,8.0,5.0,2.0,8.0,5.0,3.0,0,0.0,0,0.00063,-22.1,-35023.77179080824,-22.086077,0.03795066413662239,5.0,4.0,0.045368996
0022400743,1610612753,Orlando,Magic,ORL,magic,203484,Kentavious,Caldwell-Pope,K. Caldwell-Pope,kentavious-caldwell-pope,G,,,30:16,30.266666666666666,1,4,0.25,1,3,0.333,0,0,0.0,1,2,3,1,2,0,0,3,3,-4.0,0022400743,Kentavious Caldwell-Pope,kentavious caldwell-pope,,,2025-02-08,2,0.09911894273127754,0.03303964757709251,0.09911894273127754,0.03303964757709251,0.09911894273127754,7.0,5.0,5.0,5.0,1.0,2.0,6.0,3.0,2.0,0,0.0,0,0.00055,-9.5,-17241.379310344826,-9.494774999999999,0.06607929515418502,1.0,6.0,0.04326866
0022400743,1610612753,Orlando,Magic,ORL,magic,1630175,Cole,Anthony,C. Anthony,cole-anthony,G,,,20:52,20.866666666666667,5,11,0.455,1,5,0.2,2,3,0.667,0,0,0,2,2,0,1,2,13,-21.0,0022400743,Cole Anthony,cole anthony,,,2025-02-08,2,0.6230031948881789,0.0,0.0,0.09584664536741214,0.09584664536741214,5.0,7.0,10.0,4.0,1.0,2.0,10.0,6.0,4.0,0,0.0,0,0.0026,-44.9,-17262.591311034215,-44.78326,0.09584664536741214,1.0,7.0,0.47309765
0022400743,1610612753,Orlando,Magic,ORL,magic,203914,Gary,Harris,G. Harris,gary-harris,,,,16:32,16.533333333333335,0,1,0.0,0,1,0.0,0,0,0.0,0,1,1,0,0,0,0,1,0,-14.0,0022400743,Gary Harris,gary harris,,,2025-02-08,0,0.0,0.0,0.06048387096774193,0.0,0.0,10.0,7.0,8.0,8.0,7.0,2.0,9.0,9.0,2.0,0,0.0,0,0.00028000000000000003,-38.2,-135943.0604982206,-38.18930400000001,0.0,8.0,10.0,0.005177541
0022400743,1610612753,Orlando,Magic,ORL,magic,1641710,Anthony,Black,A. Black,anthony-black,,,,26:54,26.9,8,9,0.889,3,3,1.0,1,1,1.0,0,1,1,1,2,0,1,2,20,22.0,0022400743,Anthony Black,anthony black,,,2025-02-08,2,0.7434944237918216,0.0,0.03717472118959108,0.03717472118959108,0.07434944237918216,2.0,7.0,8.0,5.0,1.0,2.0,1.0,4.0,5.0,0,0.0,0,0.00159,39.5,24827.15273412948,39.437195,0.07434944237918216,1.0,8.0,0.916628
0022400743,1610612753,Orlando,Magic,ORL,magic,1628976,Wendell,Carter Jr.,W. Carter Jr.,wendell-carter-jr,,,,11:06,11.1,2,7,0.286,0,2,0.0,3,4,0.75,2,0,2,3,0,0,1,4,7,-1.0,0022400743,Wendell Carter Jr.,wendell carter jr,,,2025-02-08,0,0.6306306306306306,0.1801801801801802,0.1801801801801802,0.2702702702702703,0.1801801801801802,6.0,4.0,6.0,3.0,7.0,2.0,5.0,10.0,0.0,0,0.0,0,0.0037,2.8,756.5522831667116,2.78964,0.0,8.0,1.0,0.15676863
0022400743,1610612753,Orlando,Magic,ORL,magic,1641783,Tristan,da Silva,T. da Silva,tristan-da-silva,,,,17:44,17.733333333333334,1,2,0.5,1,2,0.5,0,0,0.0,1,1,2,1,2,0,2,0,3,5.0,0022400743,Tristan da Silva,tristan da silva,,,2025-02-08,2,0.16917293233082706,0.05639097744360902,0.11278195488721804,0.05639097744360902,0.16917293233082706,7.0,5.0,6.0,5.0,1.0,2.0,4.0,8.0,2.0,0,0.0,0,0.00098,18.6,18960.244648318047,18.581772,0.11278195488721804,1.0,2.0,0.024220223
0022400743,1610612753,Orlando,Magic,ORL,magic,1628371,Jonathan,Isaac,J. Isaac,jonathan-isaac,,,,18:27,18.45,6,7,0.857,2,3,0.667,0,0,0.0,3,5,8,0,0,0,0,0,14,15.0,0022400743,Jonathan Isaac,jonathan isaac,,,2025-02-08,0,0.7588075880758808,0.16260162601626016,0.43360433604336046,0.0,0.16260162601626016,4.0,1.0,3.0,8.0,7.0,2.0,3.0,7.0,2.0,0,0.0,0,0.0016300000000000002,46.6,28571.428571428572,46.524042,0.0,8.0,3.0,0.8479972
0022400756,1610612753,Orlando,Magic,ORL,magic,1630532,Franz,Wagner,F. Wagner,franz-wagner,F,,,37:41,37.68333333333333,15,29,0.517,3,8,0.375,4,4,1.0,1,6,7,3,2,0,2,4,37,0.0,0022400756,Franz Wagner,franz wagner,,,2025-02-10,2,0.9818664307828395,0.026536930561698365,0.18575851393188855,0.07961079168509509,0.07961079168509509,1.0,3.0,1.0,5.0,1.0,6.0,4.0,1.0,5.0,0,0.0,0,0.00388,2.6,669.9304303014686,2.589912,0.05307386112339673,3.0,6.0,0.8739255
0022400756,1610612753,Orlando,Magic,ORL,magic,1631094,Paolo,Banchero,P. Banchero,paolo-banchero,F,,,33:00,33.0,10,22,0.455,4,9,0.444,7,8,0.875,0,6,6,4,0,1,4,3,31,-19.0,0022400756,Paolo Banchero,paolo banchero,,,2025-02-10,1,0.9393939393939394,0.0,0.18181818181818182,0.12121212121212122,0.030303030303030304,2.0,5.0,2.0,2.0,8.0,2.0,10.0,4.0,0.0,0,0.0,0,0.004079999999999999,-26.3,-6444.4988973290865,-26.192696,0.030303030303030304,6.0,9.0,0.8411898
0022400756,1610612753,Orlando,Magic,ORL,magic,1629048,Goga,Bitadze,G. Bitadze,goga-bitadze,C,,,16:37,16.616666666666667,0,1,0.0,0,0,0.0,0,0,0.0,0,3,3,0,1,4,1,2,0,8.0,0022400756,Goga Bitadze,goga bitadze,,,2025-02-10,5,0.0,0.0,0.18054162487462386,0.0,0.3009027081243731,9.0,5.0,5.0,8.0,4.0,1.0,1.0,8.0,3.0,0,0.0,0,0.00054,24.0,44362.292051756005,23.98704,0.3009027081243731,1.0,1.0,0.11031321
0022400756,1610612753,Orlando,Magic,ORL,magic,203484,Kentavious,Caldwell-Pope,K. Caldwell-Pope,kentavious-caldwell-pope,G,,,35:06,35.1,1,4,0.25,1,3,0.333,3,3,1.0,0,2,2,1,2,0,2,2,6,-8.0,0022400756,Kentavious Caldwell-Pope,kentavious caldwell-pope,,,2025-02-10,2,0.17094017094017094,0.0,0.05698005698005698,0.02849002849002849,0.05698005698005698,5.0,5.0,7.0,6.0,1.0,6.0,9.0,2.0,1.0,0,0.0,0,0.00089,-10.5,-11784.511784511786,-10.490655,0.05698005698005698,3.0,7.0,0.025879046
0022400756,1610612753,Orlando,Magic,ORL,magic,1630175,Cole,Anthony,C. Anthony,cole-anthony,G,,,17:39,17.65,3,5,0.6,1,1,1.0,0,0,0.0,0,1,1,4,2,1,4,3,7,4.0,0022400756,Cole Anthony,cole anthony,,,2025-02-10,3,0.39660056657223797,0.0,0.056657223796034,0.226628895184136,0.16997167138810199,4.0,5.0,10.0,2.0,1.0,2.0,3.0,7.0,2.0,0,0.0,0,0.00231,12.6,5452.185201211596,12.570894,0.16997167138810199,2.0,4.0,0.18039578
0022400756,1610612753,Orlando,Magic,ORL,magic,203914,Gary,Harris,G. Harris,gary-harris,,,,14:05,14.083333333333334,0,1,0.0,0,1,0.0,0,0,0.0,3,0,3,4,1,0,0,1,0,-7.0,0022400756,Gary Harris,gary harris,,,2025-02-10,1,0.0,0.21301775147928992,0.21301775147928992,0.28402366863905326,0.28402366863905326,9.0,1.0,5.0,2.0,4.0,6.0,8.0,10.0,1.0,0,0.0,0,0.00029,-15.5,-53264.604810996556,-15.495505,0.07100591715976332,6.0,2.0,0.03497239
0022400756,1610612753,Orlando,Magic,ORL,magic,1628976,Wendell,Carter Jr.,W. Carter Jr.,wendell-carter-jr,,,,17:58,17.966666666666665,2,2,1.0,0,0,0.0,0,2,0.0,0,2,2,1,0,0,1,2,4,-6.0,0022400756,Wendell Carter Jr.,wendell carter jr,,,2025-02-10,0,0.22263450834879409,0.0,0.11131725417439704,0.05565862708719852,0.0,8.0,5.0,7.0,6.0,8.0,6.0,7.0,6.0,0.0,0,0.0,0,0.00095,-13.6,-14300.736067297581,-13.58708,0.0,10.0,10.0,0.016057752
0022400756,1610612753,Orlando,Magic,ORL,magic,1641710,Anthony,Black,A. Black,anthony-black,,,,34:06,34.1,2,6,0.333,0,2,0.0,2,3,0.667,2,4,6,5,1,0,1,1,6,5.0,0022400756,Anthony Black,anthony black,,,2025-02-10,1,0.1759530791788856,0.05865102639296187,0.1759530791788856,0.14662756598240467,0.0879765395894428,5.0,2.0,2.0,1.0,4.0,6.0,2.0,3.0,2.0,0,0.0,0,0.00104,7.1,6820.365033621519,7.092616,0.029325513196480937,6.0,5.0,0.17477192
0022400756,1610612753,Orlando,Magic,ORL,magic,1641783,Tristan,da Silva,T. da Silva,tristan-da-silva,,,,15:49,15.816666666666666,2,5,0.4,1,3,0.333,4,4,1.0,1,1,2,0,1,1,0,0,9,-2.0,0022400756,Tristan da Silva,tristan da silva,,,2025-02-10,2,0.5690200210748156,0.06322444678609063,0.12644889357218125,0.0,0.18967334035827188,3.0,3.0,7.0,8.0,4.0,2.0,5.0,9.0,0.0,0,0.0,0,0.00189,-6.5,-3437.334743521946,-6.487715000000001,0.12644889357218125,3.0,3.0,0.29233125
0022400756,1610612753,Orlando,Magic,ORL,magic,1628371,Jonathan,Isaac,J. Isaac,jonathan-isaac,,,,17:59,17.983333333333334,2,3,0.667,2,3,0.667,0,0,0.0,0,4,4,0,0,1,2,3,6,-5.0,0022400756,Jonathan Isaac,jonathan isaac,,,2025-02-10,1,0.3336422613531047,0.0,0.22242817423540315,0.0,0.05560704355885079,5.0,5.0,4.0,8.0,8.0,2.0,6.0,5.0,0.0,0,0.0,0,0.00114,-10.3,-9027.169149868538,-10.288258,0.05560704355885079,6.0,8.0,0.08179556
0022400770,1610612753,Orlando,Magic,ORL,magic,1630532,Franz,Wagner,F. Wagner,franz-wagner,F,,,31:46,31.766666666666666,6,11,0.545,0,2,0.0,4,5,0.8,1,6,7,2,0,0,4,3,16,0.0,0022400770,Franz Wagner,franz wagner,,,2025-02-12,0,0.503672612801679,0.031479538300104935,0.22035676810073454,0.06295907660020987,0.031479538300104935,3.0,4.0,3.0,4.0,4.0,6.0,10.0,1.0,2.0,0,0.0,0,0.0023599999999999997,0.0,0.0,0.0,0.0,7.0,10.0,0.3305645
0022400770,1610612753,Orlando,Magic,ORL,magic,1631094,Paolo,Banchero,P. Banchero,paolo-banchero,F,,,29:40,29.666666666666668,8,20,0.4,4,9,0.444,4,5,0.8,2,6,8,6,0,1,0,2,24,8.0,0022400770,Paolo Banchero,paolo banchero,,,2025-02-12,1,0.8089887640449438,0.06741573033707865,0.2696629213483146,0.20224719101123595,0.10112359550561797,1.0,2.0,2.0,1.0,4.0,3.0,5.0,2.0,0.0,0,0.0,0,0.0031,14.0,4514.6726862302485,13.9566,0.033707865168539325,4.0,4.0,0.72457933
0022400770,1610612753,Orlando,Magic,ORL,magic,1629048,Goga,Bitadze,G. Bitadze,goga-bitadze,C,,,17:44,17.733333333333334,0,4,0.0,0,1,0.0,1,2,0.5,4,3,7,2,0,4,0,1,1,-9.0,0022400770,Goga Bitadze,goga bitadze,,,2025-02-12,4,0.05639097744360902,0.22556390977443608,0.39473684210526316,0.11278195488721804,0.45112781954887216,11.0,1.0,3.0,4.0,4.0,1.0,13.0,7.0,0.0,0,0.0,0,0.00109,-25.7,-23556.370302474796,-25.671986999999998,0.22556390977443608,1.0,1.0,0.28174946
0022400770,1610612753,Orlando,Magic,ORL,magic,203484,Kentavious,Caldwell-Pope,K. Caldwell-Pope,kentavious-caldwell-pope,G,,,16:12,16.2,1,5,0.2,0,4,0.0,0,0,0.0,1,2,3,0,0,0,0,2,2,-8.0,0022400770,Kentavious Caldwell-Pope,kentavious caldwell-pope,,,2025-02-12,0,0.1234567901234568,0.0617283950617284,0.1851851851851852,0.0,0.0617283950617284,9.0,4.0,7.0,9.0,4.0,6.0,12.0,8.0,0.0,0,0.0,0,0.00125,-25.0,-19984.012789768185,-24.96875,0.0,7.0,8.0,0.010732029
0022400770,1610612753,Orlando,Magic,ORL,magic,1630175,Cole,Anthony,C. Anthony,cole-anthony,G,,,22:22,22.366666666666667,5,11,0.455,3,6,0.5,0,0,0.0,1,5,6,1,0,0,1,1,13,7.0,0022400770,Cole Anthony,cole anthony,,,2025-02-12,0,0.5812220566318926,0.044709388971684055,0.26825633383010433,0.044709388971684055,0.044709388971684055,4.0,4.0,5.0,7.0,4.0,6.0,6.0,6.0,3.0,0,1.0,0,0.00218,16.7,7657.038055937643,16.663594,0.0,7.0,9.0,0.420298
0022400770,1610612753,Orlando,Magic,ORL,magic,1628976,Wendell,Carter Jr.,W. Carter Jr.,wendell-carter-jr,,,,27:41,27.683333333333334,4,8,0.5,0,1,0.0,3,4,0.75,2,9,11,0,0,0,2,1,11,27.0,0022400770,Wendell Carter Jr.,wendell carter jr,,,2025-02-12,0,0.3973509933774834,0.07224563515954244,0.3973509933774834,0.0,0.07224563515954244,5.0,2.0,1.0,9.0,4.0,6.0,1.0,3.0,1.0,0,0.0,0,0.00194,49.1,25296.239052035035,49.004746,0.0,7.0,7.0,0.41313604
0022400770,1610612753,Orlando,Magic,ORL,magic,203914,Gary,Harris,G. Harris,gary-harris,,,,12:24,12.4,0,0,0.0,0,0,0.0,0,0,0.0,0,0,0,0,0,1,0,1,0,16.0,0022400770,Gary Harris,gary harris,,,2025-02-12,1,0.0,0.0,0.0,0.0,0.08064516129032258,12.0,9.0,12.0,9.0,4.0,3.0,2.0,9.0,2.0,0,0.0,0,0.0,60.5,60500000.0,60.5,0.08064516129032258,4.0,6.0,0.028171912
0022400770,1610612753,Orlando,Magic,ORL,magic,1641724,Jett,Howard,J. Howard,jett-howard,,,,25:40,25.666666666666668,2,8,0.25,2,8,0.25,0,0,0.0,1,1,2,5,2,1,0,0,6,15.0,0022400770,Jett Howard,jett howard,,,2025-02-12,3,0.23376623376623376,0.03896103896103896,0.07792207792207792,0.1948051948051948,0.15584415584415584,6.0,4.0,8.0,2.0,1.0,3.0,3.0,4.0,1.0,0,0.0,0,0.00133,27.6,20736.28850488355,27.563292,0.11688311688311688,2.0,3.0,0.19937204
0022400770,1610612753,Orlando,Magic,ORL,magic,1641710,Anthony,Black,A. Black,anthony-black,,,,23:36,23.6,8,13,0.615,2,4,0.5,0,1,0.0,1,3,4,3,1,2,1,1,18,14.0,0022400770,Anthony Black,anthony black,,,2025-02-12,3,0.7627118644067796,0.0423728813559322,0.1694915254237288,0.1271186440677966,0.1694915254237288,2.0,4.0,6.0,3.0,2.0,2.0,4.0,5.0,4.0,0,0.0,0,0.00264,29.2,11056.418023475955,29.122912,0.1271186440677966,2.0,2.0,0.83542514
0022400770,1610612753,Orlando,Magic,ORL,magic,1641783,Tristan,da Silva,T. da Silva,tristan-da-silva,,,,8:11,8.183333333333334,0,2,0.0,0,1,0.0,0,0,0.0,0,1,1,2,0,0,0,0,0,2.0,0022400770,Tristan da Silva,tristan da silva,,,2025-02-12,0,0.0,0.0,0.12219959266802444,0.24439918533604887,0.0,12.0,9.0,10.0,4.0,4.0,6.0,9.0,12.0,0.0,0,0.0,0,0.00105,16.3,15509.039010466226,16.282885,0.0,7.0,11.0,0.0040353034
0022400770,1610612753,Orlando,Magic,ORL,magic,1631216,Caleb,Houstan,C. Houstan,caleb-houstan,,,,12:00,12.0,2,3,0.667,2,3,0.667,0,0,0.0,0,1,1,0,1,0,0,0,6,4.0,0022400770,Caleb Houstan,caleb houstan,,,2025-02-12,1,0.5,0.0,0.08333333333333333,0.0,0.08333333333333333,6.0,9.0,10.0,9.0,2.0,6.0,8.0,10.0,1.0,0,0.0,0,0.00125,22.3,17825.739408473222,22.272125000000003,0.08333333333333333,4.0,5.0,0.07105715
0022400770,1610612753,Orlando,Magic,ORL,magic,1630243,Trevelin,Queen,T. Queen,trevelin-queen,,,,10:09,10.15,0,4,0.0,0,3,0.0,2,2,1.0,0,2,2,1,0,0,0,0,2,6.0,0022400770,Trevelin Queen,trevelin queen,,,2025-02-12,0,0.19704433497536944,0.0,0.19704433497536944,0.09852216748768472,0.0,9.0,9.0,8.0,7.0,4.0,6.0,7.0,11.0,3.0,0,0.0,0,0.0023799999999999997,35.8,15035.69928601428,35.71479599999999,0.0,7.0,11.0,0.0050376644
0022400770,1610612753,Orlando,Magic,ORL,magic,202709,Cory,Joseph,C. Joseph,cory-joseph,,,,2:35,2.5833333333333335,1,1,1.0,1,1,1.0,0,0,0.0,0,0,0,0,0,0,0,0,3,-2.0,0022400770,Cory Joseph,cory joseph,,,2025-02-12,0,1.161290322580645,0.0,0.0,0.0,0.0,8.0,9.0,12.0,9.0,4.0,6.0,11.0,13.0,,1,,1,0.002,-40.0,-19990.004997501248,-39.92,0.0,7.0,11.0,0.012492441
0022400790,1610612753,Orlando,Magic,ORL,magic,1630532,Franz,Wagner,F. Wagner,franz-wagner,F,,,33:06,33.1,9,18,0.5,0,3,0.0,7,11,0.636,1,6,7,5,0,0,1,4,25,2.0,0022400790,Franz Wagner,franz wagner,,,2025-02-20,0,0.755287009063444,0.030211480362537763,0.21148036253776434,0.1510574018126888,0.030211480362537763,2.0,4.0,3.0,1.0,4.0,6.0,5.0,2.0,2.0,0,0.0,0,0.0030399999999999997,6.5,2137.4547846103255,6.480239999999999,0.0,6.0,7.0,0.7776242
0022400790,1610612753,Orlando,Magic,ORL,magic,1631094,Paolo,Banchero,P. Banchero,paolo-banchero,F,,,37:12,37.2,11,25,0.44,3,10,0.3,11,16,0.688,2,8,10,5,0,0,3,1,36,10.0,0022400790,Paolo Banchero,paolo banchero,,,2025-02-20,0,0.9677419354838709,0.05376344086021505,0.26881720430107525,0.13440860215053763,0.05376344086021505,1.0,2.0,2.0,1.0,4.0,6.0,1.0,1.0,3.0,0,0.0,0,0.00407,14.3,3512.6504544338004,14.241799,0.0,6.0,6.0,0.7294092
0022400790,1610612753,Orlando,Magic,ORL,magic,1628976,Wendell,Carter Jr.,W. Carter Jr.,wendell-carter-jr,C,,,32:21,32.35,4,8,0.5,0,2,0.0,1,2,0.5,4,11,15,0,0,1,0,3,9,0.0,0022400790,Wendell Carter Jr.,wendell carter jr,,,2025-02-20,1,0.2782071097372488,0.12364760432766615,0.46367851622874806,0.0,0.1545595054095827,5.0,1.0,1.0,6.0,4.0,3.0,7.0,3.0,2.0,0,0.0,0,0.0011799999999999998,3.2,2709.5681625740904,3.1962240000000004,0.030911901081916538,4.0,4.0,0.5150354
0022400790,1610612753,Orlando,Magic,ORL,magic,203484,Kentavious,Caldwell-Pope,K. Caldwell-Pope,kentavious-caldwell-pope,G,,,29:54,29.9,2,5,0.4,1,3,0.333,1,3,0.333,0,4,4,0,0,0,1,3,6,7.0,0022400790,Kentavious Caldwell-Pope,kentavious caldwell-pope,,,2025-02-20,0,0.20066889632107024,0.0,0.13377926421404682,0.0,0.0,6.0,7.0,6.0,6.0,4.0,6.0,3.0,5.0,3.0,0,0.0,0,0.00096,12.5,13007.284079084287,12.488000000000001,0.0,6.0,8.0,0.03964883
0022400790,1610612753,Orlando,Magic,ORL,magic,1630175,Cole,Anthony,C. Anthony,cole-anthony,G,,,31:47,31.783333333333335,7,13,0.538,1,2,0.5,2,2,1.0,1,4,5,3,3,1,2,5,17,10.0,0022400790,Cole Anthony,cole anthony,,,2025-02-20,4,0.5348715259570005,0.03146303093864709,0.15731515469323545,0.09438909281594127,0.15731515469323545,3.0,4.0,5.0,3.0,1.0,3.0,1.0,4.0,6.0,0,0.0,0,0.00213,16.6,7789.770061004224,16.564642000000003,0.12585212375458835,1.0,3.0,0.8795836
0022400790,1610612753,Orlando,Magic,ORL,magic,203914,Gary,Harris,G. Harris,gary-harris,,,,15:42,15.7,0,2,0.0,0,1,0.0,0,0,0.0,0,2,2,0,0,1,0,3,0,1.0,0022400790,Gary Harris,gary harris,,,2025-02-20,1,0.0,0.0,0.12738853503184713,0.0,0.06369426751592357,10.0,7.0,7.0,6.0,4.0,3.0,6.0,7.0,1.0,0,0.0,0,0.0005600000000000001,0.6,1069.5187165775399,0.599664,0.06369426751592357,4.0,5.0,0.019834876
0022400790,1610612753,Orlando,Magic,ORL,magic,1628371,Jonathan,Isaac,J. Isaac,jonathan-isaac,,,,10:48,10.8,0,2,0.0,0,2,0.0,2,2,1.0,0,1,1,0,0,0,0,0,2,-4.0,0022400790,Jonathan Isaac,jonathan isaac,,,2025-02-20,0,0.18518518518518517,0.0,0.09259259259259259,0.0,0.0,9.0,7.0,9.0,6.0,4.0,6.0,10.0,10.0,0.0,0,0.0,0,0.00115,-18.2,-15812.3370981755,-18.17907,0.0,6.0,8.0,0.004460799
0022400790,1610612753,Orlando,Magic,ORL,magic,1641710,Anthony,Black,A. Black,anthony-black,,,,15:25,15.416666666666666,4,7,0.571,0,0,0.0,2,2,1.0,2,0,2,0,2,2,0,2,10,-1.0,0022400790,Anthony Black,anthony black,,,2025-02-20,4,0.6486486486486487,0.12972972972972974,0.12972972972972974,0.0,0.3891891891891892,4.0,2.0,7.0,6.0,2.0,1.0,8.0,9.0,5.0,0,0.0,0,0.0023499999999999997,-3.3,-1403.6580178647384,-3.292245,0.2594594594594595,1.0,1.0,0.67563605
0022400790,1610612753,Orlando,Magic,ORL,magic,1641783,Tristan,da Silva,T. da Silva,tristan-da-silva,,,,18:06,18.1,1,2,0.5,1,2,0.5,0,0,0.0,0,1,1,1,0,0,0,0,3,-1.0,0022400790,Tristan da Silva,tristan da silva,,,2025-02-20,0,0.16574585635359115,0.0,0.055248618784530384,0.055248618784530384,0.0,8.0,7.0,9.0,4.0,4.0,6.0,8.0,6.0,2.0,0,0.0,0,0.0005099999999999999,-6.4,-12524.461839530335,-6.396736000000001,0.0,6.0,8.0,0.01284929
0022400790,1610612753,Orlando,Magic,ORL,magic,1629048,Goga,Bitadze,G. Bitadze,goga-bitadze,,,,15:39,15.65,3,3,1.0,0,0,0.0,0,0,0.0,1,5,6,1,1,2,0,1,6,6.0,0022400790,Goga Bitadze,goga bitadze,,,2025-02-20,3,0.38338658146964855,0.06389776357827476,0.38338658146964855,0.06389776357827476,0.25559105431309903,6.0,4.0,4.0,4.0,3.0,1.0,4.0,8.0,2.0,0,0.0,0,0.00083,15.2,18291.215403128757,15.187384,0.19169329073482427,3.0,2.0,0.3264788
0022400798,1610612753,Orlando,Magic,ORL,magic,1630532,Franz,Wagner,F. Wagner,franz-wagner,F,,,38:08,38.13333333333333,9,19,0.474,2,7,0.286,5,6,0.833,1,5,6,3,1,2,3,1,25,1.0,0022400798,Franz Wagner,franz wagner,,,2025-02-21,3,0.6555944055944056,0.026223776223776224,0.15734265734265734,0.07867132867132867,0.1048951048951049,1.0,3.0,3.0,2.0,3.0,2.0,4.0,1.0,2.0,0,0.0,0,0.00263,1.3,494.1087039148613,1.296581,0.07867132867132867,2.0,4.0,0.78212124
0022400798,1610612753,Orlando,Magic,ORL,magic,1631094,Paolo,Banchero,P. Banchero,paolo-banchero,F,,,28:59,28.983333333333334,5,21,0.238,1,6,0.167,10,13,0.769,0,6,6,2,0,1,1,4,21,-10.0,0022400798,Paolo Banchero,paolo banchero,,,2025-02-21,1,0.7245543415756182,0.0,0.20701552616446234,0.06900517538815411,0.034502587694077054,2.0,6.0,3.0,6.0,6.0,3.0,10.0,5.0,0.0,0,0.0,0,0.00394,-16.4,-4161.380360314641,-16.335383999999998,0.034502587694077054,6.0,8.0,0.43663567
0022400798,1610612753,Orlando,Magic,ORL,magic,1628976,Wendell,Carter Jr.,W. Carter Jr.,wendell-carter-jr,C,,,29:19,29.316666666666666,5,12,0.417,0,2,0.0,0,0,0.0,7,4,11,0,2,0,3,4,10,1.0,0022400798,Wendell Carter Jr.,wendell carter jr,,,2025-02-21,2,0.34110289937464466,0.23877202956225127,0.3752131893121092,0.0,0.3069926094371802,4.0,1.0,1.0,8.0,1.0,6.0,4.0,4.0,2.0,0,0.0,0,0.00192,1.5,780.8433107756377,1.49712,0.06822057987492894,4.0,1.0,0.58721155
0022400798,1610612753,Orlando,Magic,ORL,magic,203484,Kentavious,Caldwell-Pope,K. Caldwell-Pope,kentavious-caldwell-pope,G,,,33:30,33.5,3,7,0.429,1,5,0.2,2,2,1.0,0,2,2,3,1,1,0,2,9,2.0,0022400798,Kentavious Caldwell-Pope,kentavious caldwell-pope,,,2025-02-21,2,0.26865671641791045,0.0,0.05970149253731343,0.08955223880597014,0.05970149253731343,5.0,6.0,7.0,2.0,3.0,3.0,3.0,3.0,1.0,0,0.0,0,0.00096,4.2,4370.44745057232,4.195968000000001,0.05970149253731343,4.0,7.0,0.075557195
0022400798,1610612753,Orlando,Magic,ORL,magic,1630175,Cole,Anthony,C. Anthony,cole-anthony,G,,,33:36,33.6,6,12,0.5,2,4,0.5,3,4,0.75,3,6,9,7,2,1,3,2,17,6.0,0022400798,Cole Anthony,cole anthony,,,2025-02-21,3,0.5059523809523809,0.08928571428571429,0.26785714285714285,0.20833333333333331,0.17857142857142858,3.0,2.0,2.0,1.0,1.0,3.0,2.0,2.0,3.0,0,0.0,0,0.00202,9.7,4799.604156358238,9.680406,0.08928571428571429,2.0,3.0,0.71895355
0022400798,1610612753,Orlando,Magic,ORL,magic,203914,Gary,Harris,G. Harris,gary-harris,,,,12:49,12.816666666666666,2,2,1.0,1,1,1.0,2,2,1.0,0,1,1,0,1,0,1,3,7,-8.0,0022400798,Gary Harris,gary harris,,,2025-02-21,1,0.5461638491547465,0.0,0.07802340702210664,0.0,0.07802340702210664,7.0,6.0,10.0,8.0,3.0,6.0,9.0,9.0,2.0,0,0.0,0,0.00125,-26.7,-21342.92565947242,-26.666625,0.07802340702210664,6.0,5.0,0.089758165
0022400798,1610612753,Orlando,Magic,ORL,magic,1641710,Anthony,Black,A. Black,anthony-black,,,,15:15,15.25,0,3,0.0,0,1,0.0,0,2,0.0,1,5,6,2,0,0,1,1,0,-5.0,0022400798,Anthony Black,anthony black,,,2025-02-21,0,0.0,0.06557377049180328,0.39344262295081966,0.13114754098360656,0.06557377049180328,10.0,3.0,3.0,6.0,6.0,6.0,8.0,8.0,2.0,0,0.0,0,0.00135,-12.5,-9252.405625462621,-12.483125000000001,0.0,8.0,6.0,0.010551779
0022400798,1610612753,Orlando,Magic,ORL,magic,1629048,Goga,Bitadze,G. Bitadze,goga-bitadze,,,,18:52,18.866666666666667,2,2,1.0,0,0,0.0,0,0,0.0,1,4,5,0,0,4,0,3,4,-2.0,0022400798,Goga Bitadze,goga bitadze,,,2025-02-21,4,0.21201413427561838,0.053003533568904596,0.26501766784452296,0.0,0.26501766784452296,8.0,3.0,6.0,8.0,6.0,1.0,7.0,6.0,0.0,0,0.0,0,0.00047,-2.6,-5520.169851380043,-2.5987780000000003,0.21201413427561838,1.0,2.0,0.34338787
0022400798,1610612753,Orlando,Magic,ORL,magic,1641783,Tristan,da Silva,T. da Silva,tristan-da-silva,,,,17:10,17.166666666666668,3,7,0.429,1,2,0.5,1,2,0.5,0,2,2,3,0,0,0,0,8,-1.0,0022400798,Tristan da Silva,tristan da silva,,,2025-02-21,0,0.4660194174757281,0.0,0.11650485436893203,0.17475728155339804,0.0,6.0,6.0,7.0,2.0,6.0,6.0,6.0,7.0,1.0,0,0.0,0,0.0018599999999999999,-2.7,-1450.832885545406,-2.6949780000000003,0.0,8.0,9.0,0.09173579
0022400798,1610612753,Orlando,Magic,ORL,magic,1641724,Jett,Howard,J. Howard,jett-howard,,,,12:22,12.366666666666667,1,3,0.333,1,3,0.333,0,2,0.0,0,2,2,3,0,0,0,1,3,11.0,0022400798,Jett Howard,jett howard,,,2025-02-21,0,0.2425876010781671,0.0,0.16172506738544473,0.2425876010781671,0.0,9.0,6.0,7.0,2.0,6.0,6.0,1.0,10.0,0.0,0,0.0,0,0.0012900000000000001,52.6,40743.6096049574,52.532146,0.0,8.0,9.0,0.023209028
0022400815,1610612753,Orlando,Magic,ORL,magic,1630532,Franz,Wagner,F. Wagner,franz-wagner,F,,,30:36,30.6,11,22,0.5,1,7,0.143,0,0,0.0,2,5,7,5,2,0,3,3,23,31.0,0022400815,Franz Wagner,franz wagner,,,2025-02-23,2,0.7516339869281046,0.06535947712418301,0.22875816993464052,0.16339869281045752,0.13071895424836602,1.0,2.0,3.0,1.0,1.0,6.0,1.0,1.0,3.0,0,0.0,0,0.0032500000000000003,49.2,15133.804983082127,49.0401,0.06535947712418301,1.0,5.0,0.6954672
0022400815,1610612753,Orlando,Magic,ORL,magic,1631094,Paolo,Banchero,P. Banchero,paolo-banchero,F,,,29:35,29.583333333333332,5,12,0.417,1,2,0.5,8,9,0.889,2,3,5,5,0,1,3,1,19,18.0,0022400815,Paolo Banchero,paolo banchero,,,2025-02-23,1,0.6422535211267606,0.06760563380281691,0.16901408450704225,0.16901408450704225,0.10140845070422536,3.0,2.0,5.0,1.0,7.0,1.0,2.0,2.0,1.0,0,0.0,0,0.0026,31.2,11995.386389850057,31.118879999999997,0.033802816901408454,7.0,6.0,0.75735116
0022400815,1610612753,Orlando,Magic,ORL,magic,1628976,Wendell,Carter Jr.,W. Carter Jr.,wendell-carter-jr,C,,,20:17,20.283333333333335,5,7,0.714,1,1,1.0,0,1,0.0,1,8,9,2,1,1,3,3,11,5.0,0022400815,Wendell Carter Jr.,wendell carter jr,,,2025-02-23,2,0.5423171733771569,0.04930156121610517,0.44371405094494654,0.09860312243221034,0.14790468364831552,4.0,4.0,1.0,6.0,4.0,1.0,8.0,7.0,2.0,0,0.0,0,0.00196,14.0,7139.214686384497,13.972560000000001,0.09860312243221034,1.0,4.0,0.64388025
0022400815,1610612753,Orlando,Magic,ORL,magic,203484,Kentavious,Caldwell-Pope,K. Caldwell-Pope,kentavious-caldwell-pope,G,,,22:56,22.933333333333334,2,6,0.333,0,2,0.0,1,1,1.0,1,0,1,1,0,1,0,1,5,7.0,0022400815,Kentavious Caldwell-Pope,kentavious caldwell-pope,,,2025-02-23,1,0.2180232558139535,0.0436046511627907,0.0436046511627907,0.0436046511627907,0.0872093023255814,6.0,4.0,8.0,7.0,7.0,1.0,6.0,4.0,1.0,0,0.0,0,0.00107,17.2,16059.757236227826,17.181596,0.0436046511627907,7.0,7.0,0.028280942
0022400815,1610612753,Orlando,Magic,ORL,magic,1630175,Cole,Anthony,C. Anthony,cole-anthony,G,,,20:50,20.833333333333332,1,9,0.111,1,2,0.5,2,2,1.0,1,0,1,1,0,0,0,3,5,8.0,0022400815,Cole Anthony,cole anthony,,,2025-02-23,0,0.24000000000000002,0.048,0.048,0.048,0.048,6.0,4.0,8.0,7.0,7.0,6.0,5.0,6.0,0.0,0,0.0,0,0.00192,23.5,12233.211868818324,23.45488,0.0,9.0,10.0,0.012368113
0022400815,1610612753,Orlando,Magic,ORL,magic,203914,Gary,Harris,G. Harris,gary-harris,,,,12:57,12.95,0,3,0.0,0,3,0.0,0,0,0.0,1,1,2,1,0,0,0,0,0,-5.0,0022400815,Gary Harris,gary harris,,,2025-02-23,0,0.0,0.07722007722007722,0.15444015444015444,0.07722007722007722,0.07722007722007722,12.0,4.0,7.0,7.0,7.0,6.0,14.0,9.0,2.0,0,0.0,0,0.00097,-20.0,-20597.322348094745,-19.9806,0.0,9.0,8.0,0.008368083
0022400815,1610612753,Orlando,Magic,ORL,magic,1629048,Goga,Bitadze,G. Bitadze,goga-bitadze,,,,21:43,21.716666666666665,4,5,0.8,0,0,0.0,3,4,0.75,5,4,9,3,2,0,1,1,11,17.0,0022400815,Goga Bitadze,goga bitadze,,,2025-02-23,2,0.5065234075211051,0.23023791250959327,0.4144282425172679,0.13814274750575595,0.32233307751343054,4.0,1.0,1.0,3.0,1.0,6.0,3.0,5.0,1.0,0,0.0,0,0.00151,37.6,24884.182660489743,37.543224,0.09209516500383731,1.0,2.0,0.8420626
0022400815,1610612753,Orlando,Magic,ORL,magic,1641710,Anthony,Black,A. Black,anthony-black,,,,27:10,27.166666666666668,7,12,0.583,4,5,0.8,5,5,1.0,0,7,7,3,1,1,2,4,23,12.0,0022400815,Anthony Black,anthony black,,,2025-02-23,2,0.8466257668711656,0.0,0.25766871165644173,0.11042944785276074,0.07361963190184048,1.0,9.0,3.0,3.0,4.0,1.0,4.0,3.0,2.0,0,0.0,0,0.0025,23.2,9276.289484206316,23.142,0.07361963190184048,1.0,9.0,0.8868024
0022400815,1610612753,Orlando,Magic,ORL,magic,1628371,Jonathan,Isaac,J. Isaac,jonathan-isaac,,,,15:53,15.883333333333333,0,2,0.0,0,1,0.0,0,0,0.0,1,3,4,1,2,0,0,1,0,5.0,0022400815,Jonathan Isaac,jonathan isaac,,,2025-02-23,2,0.0,0.06295907660020987,0.2518363064008395,0.06295907660020987,0.1888772298006296,12.0,4.0,6.0,7.0,1.0,6.0,8.0,8.0,6.0,0,0.0,0,0.00053,19.5,36723.16384180791,19.489665,0.12591815320041974,1.0,3.0,0.020086396
0022400815,1610612753,Orlando,Magic,ORL,magic,1641783,Tristan,da Silva,T. da Silva,tristan-da-silva,,,,6:23,6.383333333333334,1,2,0.5,1,1,1.0,0,0,0.0,0,0,0,0,0,0,0,3,3,-4.0,0022400815,Tristan da Silva,tristan da silva,,,2025-02-23,0,0.46997389033942555,0.0,0.0,0.0,0.0,9.0,9.0,12.0,11.0,7.0,6.0,13.0,12.0,0.0,0,0.0,0,0.00125,-30.8,-24620.303756994406,-30.7615,0.0,9.0,11.0,0.008053561
0022400815,1610612753,Orlando,Magic,ORL,magic,1631216,Caleb,Houstan,C. Houstan,caleb-houstan,,,,9:48,9.8,1,1,1.0,1,1,1.0,0,0,0.0,0,1,1,0,0,0,0,2,3,7.0,0022400815,Caleb Houstan,caleb houstan,,,2025-02-23,0,0.3061224489795918,0.0,0.1020408163265306,0.0,0.0,9.0,9.0,8.0,11.0,7.0,6.0,6.0,11.0,0.0,0,0.0,0,0.00045,37.7,83592.01773835921,37.683035000000004,0.0,9.0,11.0,0.022229562
0022400815,1610612753,Orlando,Magic,ORL,magic,1641724,Jett,Howard,J. Howard,jett-howard,,,,9:52,9.866666666666667,2,5,0.4,1,4,0.25,0,0,0.0,0,1,1,3,0,0,1,1,5,3.0,0022400815,Jett Howard,jett howard,,,2025-02-23,0,0.5067567567567567,0.0,0.10135135135135134,0.30405405405405406,0.0,6.0,9.0,8.0,3.0,7.0,6.0,10.0,10.0,,1,,1,0.0025,19.3,7716.913234706118,19.25175,0.0,9.0,11.0,0.030207321
0022400815,1610612753,Orlando,Magic,ORL,magic,202709,Cory,Joseph,C. Joseph,cory-joseph,,,,6:00,6.0,0,1,0.0,0,1,0.0,0,0,0.0,0,0,0,0,0,0,0,0,0,-2.0,0022400815,Cory Joseph,cory joseph,,,2025-02-23,0,0.0,0.0,0.0,0.0,0.0,12.0,9.0,12.0,11.0,7.0,6.0,11.0,13.0,0.0,0,0.0,0,0.00077,-5.5,-7133.592736705577,-5.495765,0.0,9.0,11.0,0.003345658
0022400815,1610612753,Orlando,Magic,ORL,magic,1630243,Trevelin,Queen,T. Queen,trevelin-queen,,,,6:00,6.0,1,3,0.333,0,2,0.0,0,0,0.0,0,0,0,0,1,1,0,0,2,-2.0,0022400815,Trevelin Queen,trevelin queen,,,2025-02-23,2,0.3333333333333333,0.0,0.0,0.0,0.3333333333333333,11.0,9.0,12.0,11.0,4.0,1.0,11.0,13.0,1.0,0,0.0,0,0.00231,-5.5,-2379.9221116399826,-5.487295,0.3333333333333333,1.0,1.0,0.011668261
0022400830,1610612753,Orlando,Magic,ORL,magic,1630532,Franz,Wagner,F. Wagner,franz-wagner,F,,,34:30,34.5,9,21,0.429,1,3,0.333,0,0,0.0,1,4,5,4,1,1,2,4,19,-18.0,0022400830,Franz Wagner,franz wagner,,,2025-02-25,2,0.5507246376811594,0.028985507246376812,0.14492753623188406,0.11594202898550725,0.08695652173913043,2.0,3.0,2.0,1.0,2.0,1.0,7.0,1.0,1.0,0,0.0,0,0.0028000000000000004,-29.9,-10674.759014637626,-29.81628,0.057971014492753624,1.0,9.0,0.5022984
0022400830,1610612753,Orlando,Magic,ORL,magic,1631094,Paolo,Banchero,P. Banchero,paolo-banchero,F,,,32:18,32.3,9,22,0.409,1,7,0.143,7,9,0.778,1,4,5,4,1,1,2,1,26,-22.0,0022400830,Paolo Banchero,paolo banchero,,,2025-02-25,2,0.8049535603715171,0.030959752321981428,0.15479876160990713,0.12383900928792571,0.09287925696594428,1.0,3.0,2.0,1.0,2.0,1.0,10.0,2.0,2.0,0,0.0,0,0.00359,-33.8,-9412.419938735728,-33.678658,0.061919504643962855,1.0,6.0,0.66621375
0022400830,1610612753,Orlando,Magic,ORL,magic,1628976,Wendell,Carter Jr.,W. Carter Jr.,wendell-carter-jr,C,,,26:06,26.1,4,10,0.4,0,1,0.0,1,1,1.0,4,2,6,1,1,1,1,2,9,-22.0,0022400830,Wendell Carter Jr.,wendell carter jr,,,2025-02-25,2,0.3448275862068965,0.1532567049808429,0.22988505747126436,0.038314176245210725,0.22988505747126436,3.0,1.0,1.0,6.0,2.0,1.0,10.0,3.0,1.0,0,0.0,0,0.0017699999999999999,-40.4,-22811.970638057595,-40.328492,0.07662835249042145,1.0,2.0,0.534306
0022400830,1610612753,Orlando,Magic,ORL,magic,203484,Kentavious,Caldwell-Pope,K. Caldwell-Pope,kentavious-caldwell-pope,G,,,22:29,22.483333333333334,4,5,0.8,1,1,1.0,0,0,0.0,0,0,0,2,0,0,0,1,9,-8.0,0022400830,Kentavious Caldwell-Pope,kentavious caldwell-pope,,,2025-02-25,0,0.40029651593773163,0.0,0.0,0.08895478131949591,0.0,3.0,7.0,10.0,4.0,7.0,9.0,1.0,4.0,0.0,0,0.0,0,0.00094,-21.1,-22422.95430393199,-21.080166000000002,0.0,11.0,12.0,0.2529117
0022400830,1610612753,Orlando,Magic,ORL,magic,1630175,Cole,Anthony,C. Anthony,cole-anthony,G,,,20:38,20.633333333333333,2,6,0.333,2,3,0.667,0,0,0.0,1,4,5,4,0,0,0,1,6,-11.0,0022400830,Cole Anthony,cole anthony,,,2025-02-25,0,0.29079159935379645,0.048465266558966075,0.24232633279483037,0.1938610662358643,0.048465266558966075,5.0,3.0,2.0,1.0,7.0,9.0,6.0,7.0,1.0,0,0.0,0,0.00122,-26.8,-21949.221949221952,-26.767304,0.0,11.0,11.0,0.06431456
0022400830,1610612753,Orlando,Magic,ORL,magic,203914,Gary,Harris,G. Harris,gary-harris,,,,11:09,11.15,0,3,0.0,0,1,0.0,0,0,0.0,0,0,0,0,1,0,0,0,0,-19.0,0022400830,Gary Harris,gary harris,,,2025-02-25,1,0.0,0.0,0.0,0.0,0.08968609865470852,12.0,7.0,10.0,11.0,2.0,9.0,8.0,10.0,1.0,0,0.0,0,0.00115,-76.4,-66377.06342311035,-76.31214000000001,0.08968609865470852,6.0,8.0,0.005265129
0022400830,1610612753,Orlando,Magic,ORL,magic,1641783,Tristan,da Silva,T. da Silva,tristan-da-silva,,,,21:02,21.033333333333335,0,5,0.0,0,4,0.0,0,0,0.0,1,1,2,1,0,1,1,2,0,-26.0,0022400830,Tristan da Silva,tristan da silva,,,2025-02-25,1,0.0,0.04754358161648177,0.09508716323296354,0.04754358161648177,0.09508716323296354,12.0,3.0,7.0,6.0,7.0,1.0,13.0,6.0,0.0,0,0.0,0,0.0011799999999999998,-68.5,-58001.69348010162,-68.41917000000001,0.04754358161648177,6.0,5.0,0.008759868
0022400830,1610612753,Orlando,Magic,ORL,magic,1641710,Anthony,Black,A. Black,anthony-black,,,,21:40,21.666666666666668,1,5,0.2,0,2,0.0,0,0,0.0,0,4,4,2,1,1,4,1,2,-23.0,0022400830,Anthony Black,anthony black,,,2025-02-25,2,0.0923076923076923,0.0,0.1846153846153846,0.0923076923076923,0.0923076923076923,7.0,7.0,6.0,4.0,2.0,1.0,12.0,5.0,2.0,0,0.0,0,0.00184,-61.2,-33242.80282455187,-61.08739200000001,0.0923076923076923,1.0,7.0,0.009264341
0022400830,1610612753,Orlando,Magic,ORL,magic,1628371,Jonathan,Isaac,J. Isaac,jonathan-isaac,,,,13:40,13.666666666666666,0,3,0.0,0,2,0.0,2,2,1.0,4,1,5,1,2,0,0,0,2,-8.0,0022400830,Jonathan Isaac,jonathan isaac,,,2025-02-25,2,0.14634146341463417,0.29268292682926833,0.36585365853658536,0.07317073170731708,0.43902439024390244,7.0,1.0,2.0,6.0,1.0,9.0,1.0,9.0,2.0,0,0.0,0,0.0011799999999999998,-37.4,-31668.077900084678,-37.355868,0.14634146341463417,1.0,1.0,0.038617693
0022400830,1610612753,Orlando,Magic,ORL,magic,1629048,Goga,Bitadze,G. Bitadze,goga-bitadze,,,,7:37,7.616666666666667,0,0,0.0,0,0,0.0,1,2,0.5,0,1,1,0,0,1,0,1,1,-8.0,0022400830,Goga Bitadze,goga bitadze,,,2025-02-25,1,0.13129102844638948,0.0,0.13129102844638948,0.0,0.13129102844638948,11.0,7.0,9.0,11.0,7.0,1.0,1.0,11.0,0.0,0,0.0,0,0.00063,-67.6,-107131.53724247224,-67.557412,0.13129102844638948,6.0,4.0,0.014857715
0022400830,1610612753,Orlando,Magic,ORL,magic,1641724,Jett,Howard,J. Howard,jett-howard,,,,16:15,16.25,1,3,0.333,0,2,0.0,0,0,0.0,0,2,2,1,0,1,0,1,2,-19.0,0022400830,Jett Howard,jett howard,,,2025-02-25,1,0.12307692307692308,0.0,0.12307692307692308,0.06153846153846154,0.06153846153846154,7.0,7.0,7.0,6.0,7.0,1.0,8.0,8.0,0.0,0,0.0,0,0.00091,-61.3,-67288.6937431394,-61.244217,0.06153846153846154,6.0,10.0,0.01110616
0022400830,1610612753,Orlando,Magic,ORL,magic,1630243,Trevelin,Queen,T. Queen,trevelin-queen,,,,6:18,6.3,2,5,0.4,0,1,0.0,0,0,0.0,0,0,0,0,0,1,0,0,4,-8.0,0022400830,Trevelin Queen,trevelin queen,,,2025-02-25,1,0.6349206349206349,0.0,0.0,0.0,0.15873015873015872,6.0,7.0,10.0,11.0,7.0,1.0,1.0,12.0,0.0,0,0.0,0,0.00417,-66.7,-15991.368976264685,-66.421861,0.15873015873015872,6.0,3.0,0.04768508
0022400830,1610612753,Orlando,Magic,ORL,magic,1631216,Caleb,Houstan,C. Houstan,caleb-houstan,,,,6:18,6.3,1,2,0.5,0,1,0.0,0,0,0.0,0,0,0,1,0,0,0,0,2,-8.0,0022400830,Caleb Houstan,caleb houstan,,,2025-02-25,0,0.31746031746031744,0.0,0.0,0.15873015873015872,0.0,7.0,7.0,10.0,6.0,7.0,9.0,1.0,12.0,,1,,1,0.00167,-66.7,-39916.21783363256,-66.588611,0.0,11.0,12.0,0.0064544324
0022400845,1610612753,Orlando,Magic,ORL,magic,1630532,Franz,Wagner,F. Wagner,franz-wagner,F,,,38:50,38.833333333333336,11,22,0.5,1,4,0.25,4,5,0.8,0,2,2,4,3,0,3,3,27,4.0,0022400845,Franz Wagner,franz wagner,,,2025-02-27,3,0.6952789699570815,0.0,0.05150214592274678,0.10300429184549356,0.07725321888412016,2.0,6.0,6.0,2.0,1.0,3.0,3.0,1.0,4.0,0,0.0,0,0.0028100000000000004,5.2,1849.8754891497686,5.1853880000000006,0.07725321888412016,1.0,6.0,0.72470784
0022400845,1610612753,Orlando,Magic,ORL,magic,1631094,Paolo,Banchero,P. Banchero,paolo-banchero,F,,,36:05,36.083333333333336,16,27,0.593,4,10,0.4,5,8,0.625,0,6,6,5,2,0,5,4,41,-12.0,0022400845,Paolo Banchero,paolo banchero,,,2025-02-27,2,1.136258660508083,0.0,0.16628175519630484,0.13856812933025403,0.05542725173210161,1.0,6.0,4.0,1.0,2.0,3.0,9.0,2.0,2.0,0,0.0,0,0.00395,-16.4,-4150.847886610984,-16.33522,0.05542725173210161,3.0,7.0,0.8806544
0022400845,1610612753,Orlando,Magic,ORL,magic,1628976,Wendell,Carter Jr.,W. Carter Jr.,wendell-carter-jr,C,,,26:30,26.5,4,8,0.5,1,2,0.5,0,0,0.0,5,9,14,4,1,0,4,5,9,-6.0,0022400845,Wendell Carter Jr.,wendell carter jr,,,2025-02-27,1,0.33962264150943394,0.18867924528301888,0.5283018867924528,0.1509433962264151,0.22641509433962265,4.0,1.0,1.0,2.0,4.0,3.0,6.0,4.0,1.0,0,0.0,0,0.0019,-13.6,-7154.129405576013,-13.57416,0.03773584905660377,5.0,3.0,0.39901188
0022400845,1610612753,Orlando,Magic,ORL,magic,203484,Kentavious,Caldwell-Pope,K. Caldwell-Pope,kentavious-caldwell-pope,G,,,34:16,34.266666666666666,0,3,0.0,0,1,0.0,0,0,0.0,0,2,2,1,0,1,0,4,0,-14.0,0022400845,Kentavious Caldwell-Pope,kentavious caldwell-pope,,,2025-02-27,1,0.0,0.0,0.058365758754863814,0.029182879377431907,0.029182879377431907,10.0,6.0,6.0,6.0,6.0,2.0,10.0,3.0,3.0,0,0.0,0,0.00037999999999999997,-18.3,-48031.496062992126,-18.293046,0.029182879377431907,5.0,9.0,0.010224726
0022400845,1610612753,Orlando,Magic,ORL,magic,1630175,Cole,Anthony,C. Anthony,cole-anthony,G,,,26:25,26.416666666666668,3,6,0.5,1,1,1.0,4,4,1.0,3,4,7,4,0,3,2,3,11,-7.0,0022400845,Cole Anthony,cole anthony,,,2025-02-27,3,0.41640378548895896,0.11356466876971609,0.2649842271293375,0.15141955835962145,0.22712933753943218,3.0,2.0,2.0,2.0,6.0,1.0,7.0,5.0,0.0,0,0.0,0,0.00156,-12.7,-8135.8103779628445,-12.680188,0.11356466876971609,1.0,2.0,0.46790686
0022400845,1610612753,Orlando,Magic,ORL,magic,1641724,Jett,Howard,J. Howard,jett-howard,,,,20:19,20.316666666666666,2,4,0.5,2,4,0.5,0,0,0.0,0,1,1,1,1,0,2,2,6,-9.0,0022400845,Jett Howard,jett howard,,,2025-02-27,1,0.29532403609515995,0.0,0.04922067268252666,0.04922067268252666,0.04922067268252666,7.0,6.0,9.0,6.0,4.0,3.0,8.0,8.0,2.0,0,0.0,0,0.0011799999999999998,-22.0,-18628.28111769687,-21.974040000000002,0.04922067268252666,5.0,8.0,0.0424813
0022400845,1610612753,Orlando,Magic,ORL,magic,1629048,Goga,Bitadze,G. Bitadze,goga-bitadze,,,,21:30,21.5,3,3,1.0,0,0,0.0,1,1,1.0,3,2,5,1,0,0,1,2,7,0.0,0022400845,Goga Bitadze,goga bitadze,,,2025-02-27,0,0.32558139534883723,0.13953488372093023,0.23255813953488372,0.046511627906976744,0.13953488372093023,5.0,2.0,5.0,6.0,6.0,3.0,5.0,6.0,0.0,0,0.0,0,0.0007099999999999999,-7.9,-11111.111111111113,-7.894391000000001,0.0,8.0,5.0,0.10863139
0022400845,1610612753,Orlando,Magic,ORL,magic,1641710,Anthony,Black,A. Black,anthony-black,,,,20:20,20.333333333333332,2,10,0.2,1,4,0.25,0,0,0.0,1,1,2,2,2,0,0,1,5,6.0,0022400845,Anthony Black,anthony black,,,2025-02-27,2,0.24590163934426232,0.049180327868852465,0.09836065573770493,0.09836065573770493,0.14754098360655737,8.0,5.0,6.0,5.0,2.0,3.0,2.0,7.0,3.0,0,0.0,0,0.00192,9.4,4893.28474752733,9.381952,0.09836065573770493,3.0,4.0,0.08746741
0022400845,1610612753,Orlando,Magic,ORL,magic,1628371,Jonathan,Isaac,J. Isaac,jonathan-isaac,,,,13:10,13.166666666666666,3,5,0.6,1,2,0.5,0,0,0.0,3,4,7,1,0,0,1,1,7,1.0,0022400845,Jonathan Isaac,jonathan isaac,,,2025-02-27,0,0.5316455696202532,0.2278481012658228,0.5316455696202532,0.0759493670886076,0.2278481012658228,5.0,2.0,2.0,6.0,6.0,3.0,4.0,9.0,3.0,0,0.0,0,0.00188,8.8,4678.362573099416,8.783456000000001,0.0,8.0,1.0,0.38713887
0022400845,1610612753,Orlando,Magic,ORL,magic,1641783,Tristan,da Silva,T. da Silva,tristan-da-silva,,,,2:35,2.5833333333333335,1,1,1.0,0,0,0.0,0,0,0.0,0,0,0,0,0,0,0,0,2,7.0,0022400845,Tristan da Silva,tristan da silva,,,2025-02-27,0,0.7741935483870968,0.0,0.0,0.0,0.0,9.0,6.0,10.0,10.0,6.0,3.0,1.0,10.0,1.0,0,0.0,0,0.002,140.0,69965.01749125437,139.72,0.0,8.0,10.0,0.016288422
0022400870,1610612753,Orlando,Magic,ORL,magic,1630532,Franz,Wagner,F. Wagner,franz-wagner,F,,,37:11,37.18333333333333,9,17,0.529,1,4,0.25,6,6,1.0,1,3,4,1,0,0,0,1,25,-1.0,0022400870,Franz Wagner,franz wagner,,,2025-03-02,0,0.6723442402510086,0.026893769610040343,0.10757507844016137,0.026893769610040343,0.026893769610040343,1.0,2.0,3.0,5.0,4.0,6.0,6.0,3.0,2.0,0,0.0,0,0.00244,0.1,40.96681687832856,0.09975600000000001,0.0,8.0,7.0,0.8080624
0022400870,1610612753,Orlando,Magic,ORL,magic,1631094,Paolo,Banchero,P. Banchero,paolo-banchero,F,,,39:08,39.13333333333333,5,9,0.556,1,3,0.333,12,15,0.8,1,3,4,5,1,0,4,2,23,12.0,0022400870,Paolo Banchero,paolo banchero,,,2025-03-02,1,0.5877342419080068,0.02555366269165247,0.10221465076660988,0.12776831345826234,0.05110732538330494,2.0,2.0,3.0,1.0,1.0,6.0,2.0,1.0,2.0,0,0.0,0,0.00247,16.0,6475.111290975314,15.96048,0.02555366269165247,2.0,6.0,0.73507756
0022400870,1610612753,Orlando,Magic,ORL,magic,1628976,Wendell,Carter Jr.,W. Carter Jr.,wendell-carter-jr,C,,,31:41,31.683333333333334,3,6,0.5,1,3,0.333,7,8,0.875,2,7,9,5,0,1,3,3,14,0.0,0022400870,Wendell Carter Jr.,wendell carter jr,,,2025-03-02,1,0.4418726985796949,0.0631246712256707,0.2840610205155181,0.15781167806417676,0.09468700683850605,3.0,1.0,1.0,1.0,4.0,1.0,5.0,4.0,0.0,0,0.0,0,0.00203,1.8,886.2629246676513,1.796346,0.03156233561283535,2.0,4.0,0.21846084
0022400870,1610612753,Orlando,Magic,ORL,magic,203484,Kentavious,Caldwell-Pope,K. Caldwell-Pope,kentavious-caldwell-pope,G,,,39:08,39.13333333333333,5,7,0.714,1,2,0.5,1,1,1.0,0,3,3,1,1,0,2,3,12,12.0,0022400870,Kentavious Caldwell-Pope,kentavious caldwell-pope,,,2025-03-02,1,0.30664395229982966,0.0,0.07666098807495741,0.02555366269165247,0.02555366269165247,4.0,7.0,5.0,5.0,1.0,6.0,2.0,1.0,3.0,0,0.0,0,0.00111,16.0,14401.440144014401,15.98224,0.02555366269165247,2.0,8.0,0.55815244
0022400870,1610612753,Orlando,Magic,ORL,magic,1630175,Cole,Anthony,C. Anthony,cole-anthony,G,,,23:27,23.45,3,11,0.273,1,3,0.333,0,0,0.0,0,1,1,1,1,1,3,5,7,5.0,0022400870,Cole Anthony,cole anthony,,,2025-03-02,2,0.2985074626865672,0.0,0.042643923240938165,0.042643923240938165,0.08528784648187633,5.0,7.0,9.0,5.0,1.0,1.0,4.0,5.0,1.0,0,0.0,0,0.00292,11.4,3902.7730229373506,11.366712,0.08528784648187633,1.0,5.0,0.04980948
0022400870,1610612753,Orlando,Magic,ORL,magic,1641724,Jett,Howard,J. Howard,jett-howard,,,,14:07,14.116666666666667,2,4,0.5,1,3,0.333,0,0,0.0,1,0,1,0,0,1,0,2,5,-8.0,0022400870,Jett Howard,jett howard,,,2025-03-02,1,0.3541912632821724,0.07083825265643447,0.07083825265643447,0.0,0.14167650531286893,7.0,2.0,9.0,8.0,4.0,1.0,9.0,8.0,0.0,0,0.0,0,0.00121,-38.9,-32122.21304706854,-38.852931,0.07083825265643447,2.0,2.0,0.03524929
0022400870,1610612753,Orlando,Magic,ORL,magic,1641710,Anthony,Black,A. Black,anthony-black,,,,14:20,14.333333333333334,1,6,0.167,0,0,0.0,5,6,0.833,0,1,1,2,0,0,1,3,7,-21.0,0022400870,Anthony Black,anthony black,,,2025-03-02,0,0.4883720930232558,0.0,0.06976744186046512,0.13953488372093023,0.0,5.0,7.0,9.0,3.0,4.0,6.0,11.0,7.0,1.0,0,0.0,0,0.00294,-70.0,-23801.42808568514,-69.79419999999999,0.0,8.0,9.0,0.026206642
0022400870,1610612753,Orlando,Magic,ORL,magic,1629048,Goga,Bitadze,G. Bitadze,goga-bitadze,,,,16:14,16.233333333333334,0,4,0.0,0,2,0.0,1,2,0.5,1,1,2,2,0,1,1,3,1,-2.0,0022400870,Goga Bitadze,goga bitadze,,,2025-03-02,1,0.061601642710472276,0.061601642710472276,0.12320328542094455,0.12320328542094455,0.12320328542094455,10.0,2.0,6.0,3.0,4.0,1.0,7.0,6.0,1.0,0,0.0,0,0.00154,-9.6,-6229.720960415315,-9.585215999999999,0.061601642710472276,2.0,3.0,0.010782691
0022400870,1610612753,Orlando,Magic,ORL,magic,1628371,Jonathan,Isaac,J. Isaac,jonathan-isaac,,,,8:53,8.883333333333333,0,1,0.0,0,0,0.0,1,2,0.5,0,6,6,0,0,0,0,2,1,-14.0,0022400870,Jonathan Isaac,jonathan isaac,,,2025-03-02,0,0.11257035647279551,0.0,0.675422138836773,0.0,0.0,10.0,7.0,2.0,8.0,4.0,6.0,10.0,10.0,,1,,1,0.0008699999999999999,-66.1,-75889.78185993111,-66.042493,0.0,8.0,9.0,0.008171059
0022400870,1610612753,Orlando,Magic,ORL,magic,1641783,Tristan,da Silva,T. da Silva,tristan-da-silva,,,,5:38,5.633333333333333,1,1,1.0,0,0,0.0,0,0,0.0,1,1,2,0,0,1,0,2,2,-7.0,0022400870,Tristan da Silva,tristan da silva,,,2025-03-02,1,0.3550295857988166,0.1775147928994083,0.3550295857988166,0.0,0.3550295857988166,9.0,2.0,6.0,8.0,4.0,1.0,8.0,11.0,1.0,0,0.0,0,0.0007099999999999999,-63.6,-89451.47679324895,-63.554844,0.1775147928994083,2.0,1.0,0.015786184
0022400870,1610612753,Orlando,Magic,ORL,magic,202709,Cory,Joseph,C. Joseph,cory-joseph,,,,10:13,10.216666666666667,1,1,1.0,1,1,1.0,2,2,1.0,0,2,2,0,0,0,0,0,5,14.0,0022400870,Cory Joseph,cory joseph,,,2025-03-02,0,0.4893964110929853,0.0,0.19575856443719414,0.0,0.0,7.0,7.0,6.0,8.0,4.0,6.0,1.0,9.0,1.0,0,1.0,0,0.0008699999999999999,66.7,76578.64523536166,66.641971,0.0,8.0,9.0,0.026394079
0022400883,1610612753,Orlando,Magic,ORL,magic,1630532,Franz,Wagner,F. Wagner,franz-wagner,F,,,35:51,35.85,11,23,0.478,3,7,0.429,3,4,0.75,0,5,5,1,0,0,4,4,28,8.0,0022400883,Franz Wagner,franz wagner,,,2025-03-04,0,0.7810320781032077,0.0,0.1394700139470014,0.02789400278940028,0.0,2.0,5.0,3.0,7.0,9.0,4.0,1.0,2.0,2.0,0,0.0,0,0.00337,12.1,3589.439335508751,12.059223,0.0,10.0,10.0,0.7563381
0022400883,1610612753,Orlando,Magic,ORL,magic,1631094,Paolo,Banchero,P. Banchero,paolo-banchero,F,,,39:34,39.56666666666667,14,20,0.7,4,5,0.8,9,10,0.9,0,8,8,8,4,1,3,2,41,-6.0,0022400883,Paolo Banchero,paolo banchero,,,2025-03-04,5,1.0362257792754843,0.0,0.20219039595619206,0.20219039595619206,0.12636899747262004,1.0,5.0,1.0,1.0,1.0,2.0,8.0,1.0,3.0,0,0.0,0,0.00307,-7.6,-2474.763920547053,-7.576668,0.12636899747262004,1.0,5.0,0.86752987
0022400883,1610612753,Orlando,Magic,ORL,magic,1628976,Wendell,Carter Jr.,W. Carter Jr.,wendell-carter-jr,C,,,23:37,23.616666666666667,1,5,0.2,0,2,0.0,0,0,0.0,2,4,6,3,1,0,1,5,2,-6.0,0022400883,Wendell Carter Jr.,wendell carter jr,,,2025-03-04,1,0.08468595624558928,0.08468595624558928,0.25405786873676783,0.12702893436838392,0.12702893436838392,8.0,1.0,2.0,3.0,3.0,4.0,8.0,6.0,2.0,0,0.0,0,0.00113,-9.9,-8753.315649867376,-9.888813,0.04234297812279464,4.0,4.0,0.033596255
0022400883,1610612753,Orlando,Magic,ORL,magic,203484,Kentavious,Caldwell-Pope,K. Caldwell-Pope,kentavious-caldwell-pope,G,,,26:56,26.933333333333334,5,11,0.455,1,3,0.333,1,1,1.0,0,2,2,3,2,0,1,1,12,-10.0,0022400883,Kentavious Caldwell-Pope,kentavious caldwell-pope,,,2025-03-04,2,0.44554455445544555,0.0,0.07425742574257425,0.11138613861386139,0.07425742574257425,3.0,5.0,7.0,3.0,2.0,4.0,10.0,4.0,4.0,0,0.0,0,0.002,-20.1,-10044.977511244379,-20.059800000000003,0.07425742574257425,3.0,7.0,0.44314963
0022400883,1610612753,Orlando,Magic,ORL,magic,202709,Cory,Joseph,C. Joseph,cory-joseph,G,,,26:08,26.133333333333333,3,7,0.429,2,6,0.333,0,0,0.0,0,1,1,5,1,0,1,3,8,-1.0,0022400883,Cory Joseph,cory joseph,,,2025-03-04,1,0.30612244897959184,0.0,0.03826530612244898,0.1913265306122449,0.03826530612244898,5.0,5.0,9.0,2.0,3.0,4.0,5.0,5.0,0.0,0,0.0,0,0.00145,2.9,1998.621640248105,2.895795,0.03826530612244898,4.0,9.0,0.12202618
0022400883,1610612753,Orlando,Magic,ORL,magic,1641724,Jett,Howard,J. Howard,jett-howard,,,,10:27,10.45,0,4,0.0,0,3,0.0,0,0,0.0,0,0,0,1,1,0,1,1,0,-2.0,0022400883,Jett Howard,jett howard,,,2025-03-04,1,0.0,0.0,0.0,0.09569377990430622,0.09569377990430622,10.0,5.0,10.0,7.0,3.0,4.0,6.0,10.0,1.0,0,0.0,0,0.00208,-4.7,-2258.5295530994717,-4.690224000000001,0.09569377990430622,4.0,6.0,0.009871948
0022400883,1610612753,Orlando,Magic,ORL,magic,1641783,Tristan,da Silva,T. da Silva,tristan-da-silva,,,,28:05,28.083333333333332,4,5,0.8,4,5,0.8,0,0,0.0,1,2,3,2,1,0,1,2,12,8.0,0022400883,Tristan da Silva,tristan da silva,,,2025-03-04,1,0.427299703264095,0.03560830860534125,0.10682492581602375,0.0712166172106825,0.0712166172106825,3.0,4.0,5.0,6.0,3.0,4.0,1.0,3.0,0.0,0,0.0,0,0.00092,15.6,16938.110749185667,15.585647999999999,0.03560830860534125,4.0,8.0,0.8102718
0022400883,1610612753,Orlando,Magic,ORL,magic,1641710,Anthony,Black,A. Black,anthony-black,,,,14:52,14.866666666666667,1,4,0.25,0,2,0.0,3,4,0.75,2,0,2,1,1,0,1,3,5,1.0,0022400883,Anthony Black,anthony black,,,2025-03-04,1,0.3363228699551569,0.13452914798206278,0.13452914798206278,0.06726457399103139,0.20179372197309417,6.0,1.0,7.0,7.0,3.0,4.0,4.0,9.0,2.0,0,0.0,0,0.00184,3.0,1629.5491580662683,2.9944800000000003,0.06726457399103139,4.0,2.0,0.06444667
0022400883,1610612753,Orlando,Magic,ORL,magic,1628371,Jonathan,Isaac,J. Isaac,jonathan-isaac,,,,18:14,18.233333333333334,1,4,0.25,1,3,0.333,0,0,0.0,0,3,3,1,1,3,0,3,3,8.0,0022400883,Jonathan Isaac,jonathan isaac,,,2025-03-04,4,0.16453382084095064,0.0,0.16453382084095064,0.054844606946983544,0.21937842778793418,7.0,5.0,5.0,7.0,3.0,1.0,1.0,7.0,2.0,0,0.0,0,0.0010299999999999999,27.9,27061.105722599423,27.871263,0.21937842778793418,2.0,1.0,0.14550103
0022400883,1610612753,Orlando,Magic,ORL,magic,1629048,Goga,Bitadze,G. Bitadze,goga-bitadze,,,,16:17,16.283333333333335,0,0,0.0,0,0,0.0,2,4,0.5,2,3,5,3,0,1,1,3,2,-5.0,0022400883,Goga Bitadze,goga bitadze,,,2025-03-04,1,0.12282497441146366,0.12282497441146366,0.3070624360286591,0.18423746161719548,0.18423746161719548,8.0,1.0,3.0,3.0,9.0,2.0,7.0,8.0,2.0,0,0.0,0,0.00077,-11.4,-14785.992217898833,-11.391221999999999,0.06141248720573183,4.0,3.0,0.020771353
0022400944,1610612753,Orlando,Magic,ORL,magic,1630532,Franz,Wagner,F. Wagner,franz-wagner,F,,,37:58,37.96666666666667,6,17,0.353,0,3,0.0,6,7,0.857,1,1,2,6,2,1,2,3,18,2.0,0022400944,Franz Wagner,franz wagner,,,2025-03-06,3,0.4741000877963125,0.026338893766461806,0.05267778753292361,0.15803336259877085,0.10535557506584722,4.0,3.0,6.0,1.0,1.0,1.0,5.0,1.0,2.0,0,1.0,0,0.00242,-0.3,-123.91573729863693,-0.299274,0.07901668129938542,1.0,6.0,0.5420685
0022400944,1610612753,Orlando,Magic,ORL,magic,1631094,Paolo,Banchero,P. Banchero,paolo-banchero,F,,,37:39,37.65,5,15,0.333,0,5,0.0,10,11,0.909,2,7,9,3,0,0,3,1,20,-3.0,0022400944,Paolo Banchero,paolo banchero,,,2025-03-06,0,0.5312084993359893,0.05312084993359894,0.23904382470119523,0.0796812749003984,0.05312084993359894,1.0,2.0,1.0,2.0,7.0,6.0,6.0,2.0,0.0,0,0.0,0,0.00242,-6.6,-2726.1462205700122,-6.584028,0.0,8.0,8.0,0.4686441
0022400944,1610612753,Orlando,Magic,ORL,magic,1628976,Wendell,Carter Jr.,W. Carter Jr.,wendell-carter-jr,C,,,25:59,25.983333333333334,5,9,0.556,2,3,0.667,5,6,0.833,3,2,5,2,1,1,0,5,17,6.0,0022400944,Wendell Carter Jr.,wendell carter jr,,,2025-03-06,2,0.654265554842848,0.11545862732520847,0.1924310455420141,0.07697241821680564,0.1924310455420141,5.0,1.0,2.0,6.0,5.0,1.0,1.0,4.0,1.0,0,0.0,0,0.0017499999999999998,6.7,3826.3849229012,6.688275,0.07697241821680564,3.0,2.0,0.8996949
0022400944,1610612753,Orlando,Magic,ORL,magic,203484,Kentavious,Caldwell-Pope,K. Caldwell-Pope,kentavious-caldwell-pope,G,,,31:40,31.666666666666668,8,10,0.8,2,4,0.5,1,2,0.5,1,3,4,2,2,0,2,4,19,5.0,0022400944,Kentavious Caldwell-Pope,kentavious caldwell-pope,,,2025-03-06,2,0.6,0.031578947368421054,0.12631578947368421,0.06315789473684211,0.09473684210526316,3.0,3.0,3.0,6.0,1.0,6.0,3.0,3.0,1.0,0,0.0,0,0.0015199999999999999,7.6,4996.712689020382,7.588448,0.06315789473684211,3.0,7.0,0.8053292
0022400944,1610612753,Orlando,Magic,ORL,magic,1630175,Cole,Anthony,C. Anthony,cole-anthony,G,,,23:55,23.916666666666668,6,12,0.5,2,5,0.4,6,6,1.0,1,3,4,3,1,1,2,4,20,6.0,0022400944,Cole Anthony,cole anthony,,,2025-03-06,2,0.8362369337979094,0.04181184668989547,0.16724738675958187,0.1254355400696864,0.1254355400696864,1.0,3.0,3.0,2.0,5.0,1.0,1.0,5.0,4.0,0,0.0,0,0.00262,11.5,4387.63830599008,11.46987,0.08362369337979093,3.0,4.0,0.9134732
0022400944,1610612753,Orlando,Magic,ORL,magic,1629048,Goga,Bitadze,G. Bitadze,goga-bitadze,,,,17:14,17.233333333333334,3,3,1.0,0,0,0.0,2,2,1.0,1,0,1,3,0,1,0,1,8,-6.0,0022400944,Goga Bitadze,goga bitadze,,,2025-03-06,1,0.46421663442940037,0.058027079303675046,0.058027079303675046,0.17408123791102514,0.11605415860735009,6.0,3.0,9.0,2.0,7.0,1.0,9.0,8.0,1.0,0,0.0,0,0.0008699999999999999,-15.4,-17680.82663605052,-15.386602,0.058027079303675046,7.0,5.0,0.09407045
0022400944,1610612753,Orlando,Magic,ORL,magic,1641724,Jett,Howard,J. Howard,jett-howard,,,,9:34,9.566666666666666,2,6,0.333,0,3,0.0,0,0,0.0,0,0,0,0,2,0,0,1,4,-3.0,0022400944,Jett Howard,jett howard,,,2025-03-06,2,0.4181184668989547,0.0,0.0,0.0,0.20905923344947736,9.0,7.0,11.0,10.0,1.0,6.0,6.0,9.0,1.0,0,0.0,0,0.00222,-12.5,-5628.095452498874,-12.47225,0.20905923344947736,3.0,1.0,0.04092044
0022400944,1610612753,Orlando,Magic,ORL,magic,1641710,Anthony,Black,A. Black,anthony-black,,,,19:46,19.766666666666666,3,4,0.75,2,3,0.667,0,2,0.0,0,3,3,2,2,1,2,0,8,-9.0,0022400944,Anthony Black,anthony black,,,2025-03-06,3,0.40472175379426645,0.0,0.15177065767284992,0.10118043844856661,0.15177065767284992,6.0,7.0,5.0,6.0,1.0,1.0,11.0,7.0,3.0,0,0.0,0,0.00156,-19.0,-12171.684817424728,-18.97036,0.15177065767284992,1.0,3.0,0.13285473
0022400944,1610612753,Orlando,Magic,ORL,magic,1641783,Tristan,da Silva,T. da Silva,tristan-da-silva,,,,20:32,20.533333333333335,1,7,0.143,0,3,0.0,4,4,1.0,0,2,2,3,0,0,1,1,6,-5.0,0022400944,Tristan da Silva,tristan da silva,,,2025-03-06,0,0.2922077922077922,0.0,0.0974025974025974,0.1461038961038961,0.0,8.0,7.0,6.0,2.0,7.0,6.0,8.0,6.0,1.0,0,0.0,0,0.002,-10.9,-5447.27636181909,-10.8782,0.0,8.0,9.0,0.014960424
0022400944,1610612753,Orlando,Magic,ORL,magic,202709,Cory,Joseph,C. Joseph,cory-joseph,,,,8:14,8.233333333333333,0,2,0.0,0,2,0.0,0,0,0.0,0,1,1,2,0,0,0,1,0,3.0,0022400944,Cory Joseph,cory joseph,,,2025-03-06,0,0.0,0.0,0.12145748987854252,0.24291497975708504,0.0,11.0,7.0,9.0,6.0,7.0,6.0,4.0,10.0,0.0,0,0.0,0,0.0008699999999999999,21.8,25028.702640642943,21.781034,0.0,8.0,9.0,0.0051551606
0022400944,1610612753,Orlando,Magic,ORL,magic,1631216,Caleb,Houstan,C. Houstan,caleb-houstan,,,,7:30,7.5,1,2,0.5,1,2,0.5,0,0,0.0,0,2,2,0,0,0,0,0,3,-6.0,0022400944,Caleb Houstan,caleb houstan,,,2025-03-06,0,0.4,0.0,0.26666666666666666,0.0,0.0,10.0,7.0,6.0,10.0,7.0,6.0,9.0,11.0,0.0,0,0.0,0,0.0014299999999999998,-36.8,-25716.282320055907,-36.747375999999996,0.0,8.0,9.0,0.0066922423
0022400917,1610612753,Orlando,Magic,ORL,magic,1630532,Franz,Wagner,F. Wagner,franz-wagner,F,,,37:55,37.916666666666664,8,17,0.471,1,4,0.25,1,1,1.0,1,6,7,5,1,0,0,3,18,-4.0,0022400917,Franz Wagner,franz wagner,,,2025-03-08,1,0.47472527472527476,0.026373626373626374,0.18461538461538463,0.13186813186813187,0.05274725274725275,3.0,1.0,1.0,2.0,1.0,4.0,8.0,1.0,3.0,0,0.0,0,0.00207,-6.8,-3283.437952679865,-6.785924,0.026373626373626374,3.0,6.0,0.53311986
0022400917,1610612753,Orlando,Magic,ORL,magic,1631094,Paolo,Banchero,P. Banchero,paolo-banchero,F,,,37:01,37.016666666666666,9,16,0.563,4,7,0.571,7,10,0.7,0,6,6,2,1,0,2,4,29,-2.0,0022400917,Paolo Banchero,paolo banchero,,,2025-03-08,1,0.7834308869878434,0.0,0.16208914903196758,0.0540297163439892,0.0270148581719946,1.0,6.0,2.0,3.0,1.0,4.0,7.0,2.0,1.0,0,0.0,0,0.0028799999999999997,-5.7,-1978.4796945505034,-5.683584000000001,0.0270148581719946,3.0,9.0,0.86034656
0022400917,1610612753,Orlando,Magic,ORL,magic,1628976,Wendell,Carter Jr.,W. Carter Jr.,wendell-carter-jr,C,,,30:55,30.916666666666668,3,7,0.429,0,3,0.0,1,1,1.0,1,3,4,0,0,0,2,4,7,6.0,0022400917,Wendell Carter Jr.,wendell carter jr,,,2025-03-08,0,0.22641509433962262,0.03234501347708895,0.1293800539083558,0.0,0.03234501347708895,6.0,1.0,3.0,7.0,6.0,4.0,2.0,4.0,1.0,0,0.0,0,0.0014099999999999998,7.9,5598.866052445076,7.888861,0.0,7.0,7.0,0.11656082
0022400917,1610612753,Orlando,Magic,ORL,magic,203484,Kentavious,Caldwell-Pope,K. Caldwell-Pope,kentavious-caldwell-pope,G,,,36:39,36.65,3,8,0.375,1,3,0.333,2,2,1.0,0,3,3,1,0,1,1,2,9,-4.0,0022400917,Kentavious Caldwell-Pope,kentavious caldwell-pope,,,2025-03-08,1,0.2455661664392906,0.0,0.08185538881309687,0.027285129604365622,0.027285129604365622,5.0,6.0,5.0,4.0,6.0,2.0,8.0,3.0,3.0,0,0.0,0,0.00115,-7.2,-6255.430060816682,-7.19172,0.027285129604365622,3.0,8.0,0.046999764
0022400917,1610612753,Orlando,Magic,ORL,magic,1630175,Cole,Anthony,C. Anthony,cole-anthony,G,,,30:41,30.683333333333334,8,13,0.615,4,6,0.667,2,2,1.0,1,3,4,9,1,3,2,5,22,8.0,0022400917,Cole Anthony,cole anthony,,,2025-03-08,4,0.717001629549158,0.03259098316132537,0.13036393264530147,0.2933188484519283,0.16295491580662683,2.0,1.0,3.0,1.0,1.0,1.0,1.0,5.0,2.0,0,0.0,0,0.00242,9.4,3882.693102023957,9.377252,0.13036393264530147,1.0,1.0,0.9468161
0022400917,1610612753,Orlando,Magic,ORL,magic,1628371,Jonathan,Isaac,J. Isaac,jonathan-isaac,,,,9:29,9.483333333333333,2,2,1.0,0,0,0.0,0,0,0.0,0,1,1,0,0,0,1,1,4,6.0,0022400917,Jonathan Isaac,jonathan isaac,,,2025-03-08,0,0.421792618629174,0.0,0.1054481546572935,0.0,0.0,8.0,6.0,10.0,7.0,6.0,4.0,2.0,9.0,1.0,0,0.0,0,0.00136,39.1,28728.87582659809,39.046824,0.0,7.0,10.0,0.025260571
0022400917,1610612753,Orlando,Magic,ORL,magic,1641710,Anthony,Black,A. Black,anthony-black,,,,18:27,18.45,5,9,0.556,1,2,0.5,0,0,0.0,0,2,2,0,1,1,2,1,11,-6.0,0022400917,Anthony Black,anthony black,,,2025-03-08,2,0.5962059620596206,0.0,0.10840108401084012,0.0,0.10840108401084012,4.0,6.0,7.0,7.0,1.0,2.0,10.0,6.0,2.0,0,0.0,0,0.0028199999999999996,-10.1,-3580.290677064871,-10.071518,0.10840108401084012,2.0,2.0,0.58448625
0022400917,1610612753,Orlando,Magic,ORL,magic,1631216,Caleb,Houstan,C. Houstan,caleb-houstan,,,,6:25,6.416666666666667,1,4,0.25,1,4,0.25,0,0,0.0,0,0,0,0,0,0,0,1,3,5.0,0022400917,Caleb Houstan,caleb houstan,,,2025-03-08,0,0.4675324675324675,0.0,0.0,0.0,0.0,9.0,6.0,11.0,7.0,6.0,4.0,5.0,11.0,1.0,0,0.0,0,0.0025,14.3,5717.712914834066,14.264250000000002,0.0,7.0,10.0,0.009406407
0022400917,1610612753,Orlando,Magic,ORL,magic,1641783,Tristan,da Silva,T. da Silva,tristan-da-silva,,,,10:59,10.983333333333333,2,4,0.5,0,2,0.0,1,1,1.0,0,3,3,1,1,0,0,0,5,4.0,0022400917,Tristan da Silva,tristan da silva,,,2025-03-08,1,0.45523520485584223,0.0,0.27314112291350534,0.09104704097116845,0.09104704097116845,7.0,6.0,5.0,4.0,1.0,4.0,6.0,8.0,2.0,0,0.0,0,0.0017399999999999998,25.5,14646.754738655947,25.45563,0.09104704097116845,3.0,4.0,0.054496683
0022400917,1610612753,Orlando,Magic,ORL,magic,203914,Gary,Harris,G. Harris,gary-harris,,,,12:14,12.233333333333333,0,1,0.0,0,1,0.0,0,0,0.0,1,1,2,1,0,0,0,1,0,6.0,0022400917,Gary Harris,gary harris,,,2025-03-08,0,0.0,0.08174386920980926,0.16348773841961853,0.08174386920980926,0.08174386920980926,11.0,1.0,7.0,4.0,6.0,4.0,2.0,7.0,,1,,1,0.00037999999999999997,28.8,75590.55118110236,28.789056,0.0,7.0,5.0,0.037053827
0022400917,1610612753,Orlando,Magic,ORL,magic,1629048,Goga,Bitadze,G. Bitadze,goga-bitadze,,,,9:15,9.25,1,1,1.0,0,0,0.0,1,2,0.5,1,1,2,0,0,0,0,2,3,-9.0,0022400917,Goga Bitadze,goga bitadze,,,2025-03-08,0,0.32432432432432434,0.10810810810810811,0.21621621621621623,0.0,0.10810810810810811,9.0,1.0,7.0,7.0,6.0,4.0,11.0,10.0,0.0,0,0.0,0,0.00105,-44.4,-42245.480494766896,-44.35338,0.0,7.0,3.0,0.009656139
0022400934,1610612753,Orlando,Magic,ORL,magic,1630532,Franz,Wagner,F. Wagner,franz-wagner,F,,,33:57,33.95,6,17,0.353,0,2,0.0,3,4,0.75,1,6,7,5,2,0,2,3,15,5.0,0022400934,Franz Wagner,franz wagner,,,2025-03-10,2,0.4418262150220913,0.02945508100147275,0.20618556701030927,0.14727540500736375,0.08836524300441825,2.0,5.0,2.0,1.0,2.0,5.0,1.0,2.0,1.0,0,0.0,0,0.00269,7.6,2824.2289111854325,7.579556,0.0589101620029455,2.0,7.0,0.39757344
0022400934,1610612753,Orlando,Magic,ORL,magic,1631094,Paolo,Banchero,P. Banchero,paolo-banchero,F,,,36:29,36.483333333333334,10,23,0.435,2,6,0.333,3,4,0.75,2,3,5,3,1,1,1,1,25,-11.0,0022400934,Paolo Banchero,paolo banchero,,,2025-03-10,2,0.6852444038373686,0.05481955230698949,0.13704888076747374,0.08222932846048424,0.10963910461397898,1.0,2.0,3.0,2.0,4.0,2.0,11.0,1.0,3.0,0,0.0,0,0.00317,-12.8,-4036.5815200252287,-12.759424000000001,0.05481955230698949,2.0,5.0,0.8130267
0022400934,1610612753,Orlando,Magic,ORL,magic,1628976,Wendell,Carter Jr.,W. Carter Jr.,wendell-carter-jr,C,,,29:52,29.866666666666667,2,8,0.25,1,4,0.25,3,3,1.0,5,7,12,1,0,1,0,3,8,-14.0,0022400934,Wendell Carter Jr.,wendell carter jr,,,2025-03-10,1,0.26785714285714285,0.16741071428571427,0.4017857142857143,0.033482142857142856,0.20089285714285715,4.0,1.0,1.0,5.0,7.0,2.0,13.0,4.0,3.0,0,0.0,0,0.00134,-23.7,-17673.37807606264,-23.668242,0.033482142857142856,6.0,4.0,0.30449763
0022400934,1610612753,Orlando,Magic,ORL,magic,203484,Kentavious,Caldwell-Pope,K. Caldwell-Pope,kentavious-caldwell-pope,G,,,21:15,21.25,0,0,0.0,0,0,0.0,0,0,0.0,0,1,1,0,0,0,1,0,0,-9.0,0022400934,Kentavious Caldwell-Pope,kentavious caldwell-pope,,,2025-03-10,0,0.0,0.0,0.047058823529411764,0.0,0.0,11.0,7.0,9.0,7.0,7.0,5.0,8.0,5.0,0.0,0,0.0,0,0.00021999999999999998,-20.9,-94570.13574660633,-20.895401999999997,0.0,9.0,9.0,0.0057157166
0022400934,1610612753,Orlando,Magic,ORL,magic,1630175,Cole,Anthony,C. Anthony,cole-anthony,G,,,30:37,30.616666666666667,4,13,0.308,1,6,0.167,0,0,0.0,0,4,4,3,0,0,2,1,9,-10.0,0022400934,Cole Anthony,cole anthony,,,2025-03-10,0,0.2939575394665215,0.0,0.130647795318454,0.0979858464888405,0.0,3.0,7.0,4.0,2.0,7.0,5.0,9.0,3.0,4.0,0,0.0,0,0.00208,-20.1,-9658.817876021145,-20.058192000000002,0.0,9.0,9.0,0.07946482
0022400934,1610612753,Orlando,Magic,ORL,magic,1641710,Anthony,Black,A. Black,anthony-black,,,,19:47,19.783333333333335,0,4,0.0,0,1,0.0,3,4,0.75,0,2,2,2,1,0,0,2,3,-4.0,0022400934,Anthony Black,anthony black,,,2025-03-10,1,0.15164279696714406,0.0,0.10109519797809603,0.10109519797809603,0.050547598989048016,9.0,7.0,7.0,4.0,4.0,5.0,6.0,6.0,2.0,0,0.0,0,0.0014299999999999998,-5.3,-3703.7037037037044,-5.292421,0.050547598989048016,6.0,8.0,0.01037072
0022400934,1610612753,Orlando,Magic,ORL,magic,1631216,Caleb,Houstan,C. Houstan,caleb-houstan,,,,6:02,6.033333333333333,1,2,0.5,0,1,0.0,3,3,1.0,0,0,0,0,0,0,0,1,5,-3.0,0022400934,Caleb Houstan,caleb houstan,,,2025-03-10,0,0.8287292817679558,0.0,0.0,0.0,0.0,6.0,7.0,13.0,7.0,7.0,5.0,5.0,12.0,0.0,0,0.0,0,0.00231,-27.3,-11813.06793595846,-27.236937,0.0,9.0,9.0,0.014841546
0022400934,1610612753,Orlando,Magic,ORL,magic,1629048,Goga,Bitadze,G. Bitadze,goga-bitadze,,,,12:14,12.233333333333333,1,2,0.5,1,1,1.0,1,2,0.5,2,0,2,0,0,2,1,5,4,-11.0,0022400934,Goga Bitadze,goga bitadze,,,2025-03-10,2,0.32697547683923706,0.16348773841961853,0.16348773841961853,0.0,0.32697547683923706,7.0,2.0,7.0,7.0,7.0,1.0,11.0,8.0,0.0,0,0.0,0,0.00148,-42.9,-28966.914247130317,-42.836507999999995,0.16348773841961853,2.0,3.0,0.017515497
0022400934,1610612753,Orlando,Magic,ORL,magic,203914,Gary,Harris,G. Harris,gary-harris,,,,10:43,10.716666666666667,1,3,0.333,1,3,0.333,0,0,0.0,0,1,1,1,1,0,0,0,3,-10.0,0022400934,Gary Harris,gary harris,,,2025-03-10,1,0.27993779160186627,0.0,0.09331259720062209,0.09331259720062209,0.09331259720062209,9.0,7.0,9.0,5.0,4.0,5.0,9.0,10.0,3.0,0,0.0,0,0.0014299999999999998,-40.1,-28022.361984626143,-40.042657,0.09331259720062209,6.0,6.0,0.006952507
0022400934,1610612753,Orlando,Magic,ORL,magic,1641783,Tristan,da Silva,T. da Silva,tristan-da-silva,,,,9:43,9.716666666666667,0,3,0.0,0,1,0.0,0,0,0.0,0,1,1,0,0,0,0,0,0,-5.0,0022400934,Tristan da Silva,tristan da silva,,,2025-03-10,0,0.0,0.0,0.10291595197255575,0.0,0.0,11.0,7.0,9.0,7.0,7.0,5.0,7.0,11.0,1.0,0,0.0,0,0.00167,-12.5,-7480.550568521843,-12.479125,0.0,9.0,9.0,0.004296219
0022400934,1610612753,Orlando,Magic,ORL,magic,1628371,Jonathan,Isaac,J. Isaac,jonathan-isaac,,,,14:20,14.333333333333334,2,4,0.5,2,4,0.5,2,2,1.0,1,2,3,0,3,1,1,1,8,2.0,0022400934,Jonathan Isaac,jonathan isaac,,,2025-03-10,4,0.5581395348837209,0.06976744186046512,0.20930232558139533,0.0,0.3488372093023256,4.0,5.0,5.0,7.0,1.0,2.0,3.0,7.0,8.0,0,0.0,0,0.0017599999999999998,6.9,3918.228279386713,6.887856,0.27906976744186046,1.0,1.0,0.39709154
0022400934,1610612753,Orlando,Magic,ORL,magic,1630243,Trevelin,Queen,T. Queen,trevelin-queen,,,,12:00,12.0,1,4,0.25,0,1,0.0,2,2,1.0,2,1,3,0,2,0,0,1,4,0.0,0022400934,Trevelin Queen,trevelin queen,,,2025-03-10,2,0.3333333333333333,0.16666666666666666,0.25,0.0,0.3333333333333333,7.0,2.0,5.0,7.0,2.0,5.0,4.0,9.0,3.0,0,0.0,0,0.00167,0.0,0.0,0.0,0.16666666666666666,2.0,2.0,0.047179453
0022400934,1610612753,Orlando,Magic,ORL,magic,1641724,Jett,Howard,J. Howard,jett-howard,,,,3:01,3.0166666666666666,0,3,0.0,0,2,0.0,0,0,0.0,0,1,1,0,0,0,0,1,0,5.0,0022400934,Jett Howard,jett howard,,,2025-03-10,0,0.0,0.0,0.3314917127071823,0.0,0.0,11.0,7.0,9.0,7.0,7.0,5.0,1.0,13.0,0.0,0,0.0,0,0.0042899999999999995,83.3,19412.72430668842,82.94264299999999,0.0,9.0,9.0,0.0073042857
0022401141,1610612753,Orlando,Magic,ORL,magic,1630532,Franz,Wagner,F. Wagner,franz-wagner,F,,,35:27,35.45,11,17,0.647,1,2,0.5,4,4,1.0,0,6,6,5,1,0,2,3,27,12.0,0022401141,Franz Wagner,franz wagner,,,2025-03-13,1,0.7616361071932298,0.0,0.1692524682651622,0.1410437235543018,0.028208744710860365,2.0,7.0,2.0,1.0,2.0,7.0,4.0,1.0,3.0,0,0.0,0,0.00263,15.7,5967.312808817939,15.658708999999998,0.028208744710860365,4.0,9.0,0.7553022
0022401141,1610612753,Orlando,Magic,ORL,magic,1631094,Paolo,Banchero,P. Banchero,paolo-banchero,F,,,34:01,34.016666666666666,14,22,0.636,4,8,0.5,2,2,1.0,1,10,11,4,4,1,1,3,34,32.0,0022401141,Paolo Banchero,paolo banchero,,,2025-03-13,5,0.9995100440960314,0.02939735423811857,0.3233708966193043,0.11758941695247428,0.17638412542871143,1.0,3.0,1.0,2.0,1.0,2.0,1.0,2.0,4.0,0,0.0,0,0.0032,50.6,15807.560137457043,50.43808,0.14698677119059286,1.0,3.0,0.7987671
0022401141,1610612753,Orlando,Magic,ORL,magic,1628976,Wendell,Carter Jr.,W. Carter Jr.,wendell-carter-jr,C,,,26:45,26.75,3,7,0.429,0,2,0.0,2,2,1.0,1,3,4,2,0,1,1,2,8,5.0,0022401141,Wendell Carter Jr.,wendell carter jr,,,2025-03-13,1,0.29906542056074764,0.037383177570093455,0.14953271028037382,0.07476635514018691,0.07476635514018691,5.0,3.0,4.0,5.0,5.0,2.0,6.0,5.0,2.0,0,0.0,0,0.00153,5.6,3657.740039190072,5.591431999999999,0.037383177570093455,4.0,5.0,0.10757358
0022401141,1610612753,Orlando,Magic,ORL,magic,203484,Kentavious,Caldwell-Pope,K. Caldwell-Pope,kentavious-caldwell-pope,G,,,31:36,31.6,5,10,0.5,2,4,0.5,0,0,0.0,1,2,3,3,0,1,0,0,12,28.0,0022401141,Kentavious Caldwell-Pope,kentavious caldwell-pope,,,2025-03-13,1,0.37974683544303794,0.03164556962025316,0.09493670886075949,0.09493670886075949,0.06329113924050632,3.0,3.0,5.0,3.0,5.0,2.0,2.0,3.0,1.0,0,0.0,0,0.0014299999999999998,46.7,32634.521313766603,46.633219000000004,0.03164556962025316,4.0,7.0,0.6768498
0022401141,1610612753,Orlando,Magic,ORL,magic,202709,Cory,Joseph,C. Joseph,cory-joseph,G,,,29:51,29.85,4,9,0.444,2,4,0.5,2,2,1.0,2,4,6,3,0,0,0,2,12,20.0,0022401141,Cory Joseph,cory joseph,,,2025-03-13,0,0.40201005025125625,0.06700167504187604,0.20100502512562812,0.10050251256281406,0.06700167504187604,3.0,1.0,2.0,3.0,5.0,7.0,3.0,4.0,1.0,0,0.0,0,0.00154,37.5,24334.847501622327,37.44225,0.0,8.0,6.0,0.5261168
0022401141,1610612753,Orlando,Magic,ORL,magic,1628371,Jonathan,Isaac,J. Isaac,jonathan-isaac,,,,14:46,14.766666666666667,2,3,0.667,0,1,0.0,4,8,0.5,2,1,3,1,1,2,0,2,8,12.0,0022401141,Jonathan Isaac,jonathan isaac,,,2025-03-13,3,0.5417607223476297,0.13544018058690743,0.20316027088036115,0.06772009029345372,0.3386004514672686,5.0,1.0,5.0,8.0,2.0,1.0,4.0,9.0,3.0,0,0.0,0,0.00212,46.3,21829.32578972183,46.201843999999994,0.20316027088036115,2.0,1.0,0.25610918
0022401141,1610612753,Orlando,Magic,ORL,magic,1641724,Jett,Howard,J. Howard,jett-howard,,,,10:52,10.866666666666667,0,4,0.0,0,3,0.0,0,0,0.0,0,1,1,1,0,0,0,1,0,-1.0,0022401141,Jett Howard,jett howard,,,2025-03-13,0,0.0,0.0,0.09202453987730061,0.09202453987730061,0.0,10.0,7.0,8.0,8.0,5.0,7.0,9.0,10.0,0.0,0,0.0,0,0.00154,-4.8,-3114.8604802076575,-4.7926079999999995,0.0,8.0,10.0,0.0044964864
0022401141,1610612753,Orlando,Magic,ORL,magic,1641710,Anthony,Black,A. Black,anthony-black,,,,18:09,18.15,2,4,0.5,2,3,0.667,0,0,0.0,0,1,1,2,1,1,1,1,6,0.0,0022401141,Anthony Black,anthony black,,,2025-03-13,2,0.3305785123966942,0.0,0.05509641873278237,0.11019283746556474,0.11019283746556474,7.0,7.0,8.0,5.0,2.0,2.0,8.0,6.0,4.0,0,0.0,0,0.00125,0.0,0.0,0.0,0.11019283746556474,3.0,4.0,0.077294774
0022401141,1610612753,Orlando,Magic,ORL,magic,1641783,Tristan,da Silva,T. da Silva,tristan-da-silva,,,,16:38,16.633333333333333,1,5,0.2,1,4,0.25,0,0,0.0,0,2,2,1,0,1,1,1,3,-2.0,0022401141,Tristan da Silva,tristan da silva,,,2025-03-13,1,0.18036072144288579,0.0,0.12024048096192386,0.06012024048096193,0.06012024048096193,8.0,7.0,7.0,8.0,5.0,2.0,10.0,7.0,1.0,0,0.0,0,0.00158,-12.5,-7906.388361796332,-12.48025,0.06012024048096193,4.0,8.0,0.0108202705
0022401141,1610612753,Orlando,Magic,ORL,magic,1631216,Caleb,Houstan,C. Houstan,caleb-houstan,,,,15:26,15.433333333333334,1,2,0.5,1,2,0.5,0,0,0.0,0,1,1,1,0,0,0,3,3,-9.0,0022401141,Caleb Houstan,caleb houstan,,,2025-03-13,0,0.19438444924406048,0.0,0.06479481641468682,0.06479481641468682,0.0,8.0,7.0,8.0,8.0,5.0,7.0,12.0,8.0,0.0,0,0.0,0,0.00061,-26.9,-44026.18657937807,-26.883591,0.0,8.0,10.0,0.011640013
0022401141,1610612753,Orlando,Magic,ORL,magic,1629048,Goga,Bitadze,G. Bitadze,goga-bitadze,,,,5:10,5.166666666666667,0,0,0.0,0,0,0.0,0,0,0.0,1,0,1,2,0,0,1,2,0,5.0,0022401141,Goga Bitadze,goga bitadze,,,2025-03-13,0,0.0,0.1935483870967742,0.1935483870967742,0.3870967741935484,0.1935483870967742,10.0,3.0,8.0,5.0,5.0,7.0,6.0,11.0,1.0,0,0.0,0,0.00091,67.8,74423.71020856201,67.738302,0.0,8.0,2.0,0.009449197
0022401141,1610612753,Orlando,Magic,ORL,magic,1630243,Trevelin,Queen,T. Queen,trevelin-queen,,,,1:19,1.3166666666666667,0,0,0.0,0,0,0.0,0,0,0.0,0,0,0,0,0,0,1,0,0,-2.0,0022401141,Trevelin Queen,trevelin queen,,,2025-03-13,0,0.0,0.0,0.0,0.0,0.0,10.0,7.0,12.0,12.0,5.0,7.0,10.0,12.0,,1,,1,0.00333,-66.7,-20024.016811768237,-66.477889,0.0,8.0,10.0,0.0030732844
0022400963,1610612753,Orlando,Magic,ORL,magic,1630532,Franz,Wagner,F. Wagner,franz-wagner,F,,,34:05,34.083333333333336,4,16,0.25,0,2,0.0,8,8,1.0,1,3,4,4,1,0,5,1,16,-16.0,0022400963,Franz Wagner,franz wagner,,,2025-03-14,1,0.4694376528117359,0.029339853300733493,0.11735941320293397,0.11735941320293397,0.058679706601466985,3.0,2.0,2.0,1.0,3.0,5.0,11.0,2.0,0.0,0,0.0,0,0.00296,-18.6,-6281.6616008105375,-18.544944,0.029339853300733493,6.0,8.0,0.14633246
0022400963,1610612753,Orlando,Magic,ORL,magic,1631094,Paolo,Banchero,P. Banchero,paolo-banchero,F,,,37:23,37.38333333333333,16,32,0.5,2,7,0.286,9,11,0.818,1,9,10,3,0,0,1,2,43,-2.0,0022400963,Paolo Banchero,paolo banchero,,,2025-03-14,0,1.1502452073116363,0.026749888542131076,0.26749888542131073,0.08024966562639323,0.026749888542131076,1.0,2.0,1.0,2.0,6.0,5.0,5.0,1.0,0.0,0,0.0,0,0.00435,-2.5,-574.5805561939784,-2.489125,0.0,8.0,9.0,0.83850276
0022400963,1610612753,Orlando,Magic,ORL,magic,1628976,Wendell,Carter Jr.,W. Carter Jr.,wendell-carter-jr,C,,,31:20,31.333333333333332,2,5,0.4,0,2,0.0,0,0,0.0,1,1,2,2,0,1,2,5,4,-8.0,0022400963,Wendell Carter Jr.,wendell carter jr,,,2025-03-14,1,0.12765957446808512,0.03191489361702128,0.06382978723404256,0.06382978723404256,0.06382978723404256,7.0,2.0,6.0,4.0,6.0,2.0,9.0,3.0,0.0,0,0.0,0,0.00108,-9.5,-8788.159111933395,-9.489740000000001,0.03191489361702128,6.0,7.0,0.02706224
0022400963,1610612753,Orlando,Magic,ORL,magic,1641783,Tristan,da Silva,T. da Silva,tristan-da-silva,G,,,21:55,21.916666666666668,3,6,0.5,2,3,0.667,0,0,0.0,0,3,3,0,0,0,1,1,8,-6.0,0022400963,Tristan da Silva,tristan da silva,,,2025-03-14,0,0.36501901140684406,0.0,0.13688212927756654,0.0,0.0,4.0,6.0,4.0,10.0,6.0,5.0,8.0,6.0,1.0,0,0.0,0,0.00146,-13.0,-8898.01505817933,-12.98102,0.0,8.0,10.0,0.056807246
0022400963,1610612753,Orlando,Magic,ORL,magic,202709,Cory,Joseph,C. Joseph,cory-joseph,G,,,28:03,28.05,4,6,0.667,0,1,0.0,0,1,0.0,0,3,3,3,1,1,0,4,8,-13.0,0022400963,Cory Joseph,cory joseph,,,2025-03-14,2,0.28520499108734404,0.0,0.10695187165775401,0.10695187165775401,0.07130124777183601,4.0,6.0,4.0,2.0,3.0,2.0,10.0,4.0,1.0,0,0.0,0,0.00095,-19.6,-20609.88433228181,-19.581380000000003,0.07130124777183601,2.0,6.0,0.23880053
0022400963,1610612753,Orlando,Magic,ORL,magic,1629048,Goga,Bitadze,G. Bitadze,goga-bitadze,,,,5:34,5.566666666666666,0,0,0.0,0,0,0.0,0,0,0.0,0,1,1,1,1,1,0,2,0,6.0,0022400963,Goga Bitadze,goga bitadze,,,2025-03-14,2,0.0,0.0,0.17964071856287425,0.17964071856287425,0.3592814371257485,11.0,6.0,7.0,6.0,3.0,2.0,1.0,10.0,1.0,0,0.0,0,0.0,41.7,41700000.00000001,41.7,0.3592814371257485,2.0,1.0,0.021928485
0022400963,1610612753,Orlando,Magic,ORL,magic,203914,Gary,Harris,G. Harris,gary-harris,,,,20:58,20.966666666666665,1,2,0.5,1,1,1.0,0,0,0.0,0,1,1,1,0,2,0,3,3,1.0,0022400963,Gary Harris,gary harris,,,2025-03-14,2,0.14308426073131958,0.0,0.04769475357710652,0.04769475357710652,0.09538950715421304,8.0,6.0,7.0,6.0,6.0,1.0,4.0,7.0,1.0,0,0.0,0,0.00043,4.8,11136.890951276102,4.797936,0.09538950715421304,2.0,5.0,0.024518544
0022400963,1610612753,Orlando,Magic,ORL,magic,1641710,Anthony,Black,A. Black,anthony-black,,,,20:29,20.483333333333334,2,8,0.25,0,2,0.0,2,2,1.0,2,2,4,2,0,0,0,1,6,4.0,0022400963,Anthony Black,anthony black,,,2025-03-14,0,0.29292107404393813,0.09764035801464604,0.1952807160292921,0.09764035801464604,0.09764035801464604,6.0,1.0,2.0,4.0,6.0,5.0,3.0,8.0,0.0,0,0.0,0,0.00191,12.4,6488.749345892204,12.376316000000001,0.0,8.0,4.0,0.09457749
0022400963,1610612753,Orlando,Magic,ORL,magic,1628371,Jonathan,Isaac,J. Isaac,jonathan-isaac,,,,9:24,9.4,1,3,0.333,1,1,1.0,0,0,0.0,1,0,1,1,2,0,1,2,3,-3.0,0022400963,Jonathan Isaac,jonathan isaac,,,2025-03-14,2,0.3191489361702127,0.10638297872340426,0.10638297872340426,0.10638297872340426,0.3191489361702127,8.0,2.0,7.0,6.0,2.0,5.0,6.0,9.0,2.0,0,0.0,0,0.0017399999999999998,-1.3,-746.697300402068,-1.297738,0.2127659574468085,2.0,2.0,0.030737575
0022400963,1610612753,Orlando,Magic,ORL,magic,1641724,Jett,Howard,J. Howard,jett-howard,,,,4:17,4.283333333333333,1,2,0.5,0,1,0.0,0,0,0.0,0,1,1,0,0,0,1,0,2,-4.0,0022400963,Jett Howard,jett howard,,,2025-03-14,0,0.4669260700389105,0.0,0.23346303501945526,0.0,0.0,10.0,6.0,7.0,10.0,6.0,5.0,7.0,11.0,,1,,1,0.0025,-29.2,-11675.329868052777,-29.127000000000002,0.0,8.0,10.0,0.0075501567
0022400963,1610612753,Orlando,Magic,ORL,magic,1631216,Caleb,Houstan,C. Houstan,caleb-houstan,,,,26:32,26.533333333333335,6,9,0.667,6,8,0.75,0,0,0.0,0,1,1,1,4,0,0,1,18,6.0,0022400963,Caleb Houstan,caleb houstan,,,2025-03-14,4,0.6783919597989949,0.0,0.03768844221105527,0.03768844221105527,0.1507537688442211,2.0,6.0,7.0,6.0,1.0,5.0,1.0,5.0,3.0,0,0.0,0,0.00145,8.7,5995.864920744315,8.687384999999999,0.1507537688442211,1.0,3.0,0.8927933
0022400979,1610612753,Orlando,Magic,ORL,magic,1630532,Franz,Wagner,F. Wagner,franz-wagner,F,,,35:47,35.78333333333333,8,19,0.421,1,6,0.167,5,6,0.833,3,5,8,2,1,0,7,3,22,-1.0,0022400979,Franz Wagner,franz wagner,,,2025-03-16,1,0.6148113646949231,0.08383791336748952,0.22356776897997208,0.05589194224499302,0.11178388448998604,2.0,2.0,3.0,4.0,4.0,4.0,7.0,2.0,0.0,0,0.0,0,0.00312,-5.2,-1666.1326497917335,-5.183776,0.02794597112249651,6.0,6.0,0.5542624
0022400979,1610612753,Orlando,Magic,ORL,magic,1631094,Paolo,Banchero,P. Banchero,paolo-banchero,F,,,38:05,38.083333333333336,6,22,0.273,3,8,0.375,9,11,0.818,2,9,11,7,1,1,2,1,24,3.0,0022400979,Paolo Banchero,paolo banchero,,,2025-03-16,2,0.6301969365426695,0.0525164113785558,0.28884026258205686,0.1838074398249453,0.1050328227571116,1.0,3.0,2.0,1.0,4.0,1.0,5.0,1.0,1.0,0,0.0,0,0.00315,3.8,1205.9663598857505,3.78803,0.0525164113785558,2.0,7.0,0.42228413
0022400979,1610612753,Orlando,Magic,ORL,magic,1628976,Wendell,Carter Jr.,W. Carter Jr.,wendell-carter-jr,C,,,35:08,35.13333333333333,6,13,0.462,2,4,0.5,2,3,0.667,6,8,14,1,0,0,1,3,16,5.0,0022400979,Wendell Carter Jr.,wendell carter jr,,,2025-03-16,0,0.4554079696394687,0.17077798861480076,0.3984819734345351,0.028462998102466795,0.17077798861480076,4.0,1.0,1.0,6.0,8.0,4.0,4.0,3.0,0.0,0,0.0,0,0.0017399999999999998,8.3,4767.375071797818,8.285558000000002,0.0,9.0,2.0,0.6755016
0022400979,1610612753,Orlando,Magic,ORL,magic,203484,Kentavious,Caldwell-Pope,K. Caldwell-Pope,kentavious-caldwell-pope,G,,,30:16,30.266666666666666,5,9,0.556,3,5,0.6,2,2,1.0,0,2,2,3,1,0,1,5,15,7.0,0022400979,Kentavious Caldwell-Pope,kentavious caldwell-pope,,,2025-03-16,1,0.4955947136563877,0.0,0.06607929515418502,0.09911894273127754,0.03303964757709251,5.0,6.0,7.0,3.0,4.0,4.0,3.0,4.0,2.0,0,0.0,0,0.00147,12.7,8633.582596872875,12.681331,0.03303964757709251,6.0,10.0,0.643511
0022400979,1610612753,Orlando,Magic,ORL,magic,202709,Cory,Joseph,C. Joseph,cory-joseph,G,,,24:30,24.5,1,4,0.25,1,3,0.333,0,0,0.0,1,2,3,4,3,0,0,4,3,-4.0,0022400979,Cory Joseph,cory joseph,,,2025-03-16,3,0.12244897959183673,0.04081632653061224,0.12244897959183673,0.16326530612244897,0.16326530612244897,6.0,4.0,4.0,2.0,1.0,4.0,11.0,5.0,4.0,0,0.0,0,0.0006900000000000001,-5.8,-8393.632416787263,-5.795998,0.12244897959183673,1.0,3.0,0.024675975
0022400979,1610612753,Orlando,Magic,ORL,magic,1631216,Caleb,Houstan,C. Houstan,caleb-houstan,,,,6:58,6.966666666666667,1,1,1.0,0,0,0.0,0,0,0.0,0,0,0,0,0,0,1,1,2,-2.0,0022400979,Caleb Houstan,caleb houstan,,,2025-03-16,0,0.28708133971291866,0.0,0.0,0.0,0.0,8.0,6.0,11.0,9.0,8.0,4.0,8.0,9.0,0.0,0,0.0,0,0.00125,-5.8,-4636.290967226219,-5.79275,0.0,9.0,11.0,0.006073828
0022400979,1610612753,Orlando,Magic,ORL,magic,1630175,Cole,Anthony,C. Anthony,cole-anthony,,,,6:01,6.016666666666667,0,1,0.0,0,0,0.0,2,2,1.0,0,1,1,0,0,0,1,0,2,-7.0,0022400979,Cole Anthony,cole anthony,,,2025-03-16,0,0.33240997229916897,0.0,0.16620498614958448,0.0,0.0,8.0,6.0,8.0,9.0,8.0,4.0,12.0,12.0,,1,,1,0.0017599999999999998,-61.0,-34639.40942646224,-60.89264,0.0,9.0,11.0,0.0036083644
0022400979,1610612753,Orlando,Magic,ORL,magic,1641710,Anthony,Black,A. Black,anthony-black,,,,22:20,22.333333333333332,5,7,0.714,3,3,1.0,4,6,0.667,0,3,3,2,2,0,2,2,17,9.0,0022400979,Anthony Black,anthony black,,,2025-03-16,2,0.7611940298507464,0.0,0.13432835820895522,0.08955223880597016,0.08955223880597016,3.0,6.0,4.0,4.0,2.0,4.0,2.0,6.0,3.0,0,0.0,0,0.00218,15.7,7198.532783127005,15.665774,0.08955223880597016,2.0,9.0,0.8838738
0022400979,1610612753,Orlando,Magic,ORL,magic,1628371,Jonathan,Isaac,J. Isaac,jonathan-isaac,,,,6:39,6.65,1,2,0.5,0,1,0.0,0,0,0.0,0,1,1,0,1,1,0,0,2,-3.0,0022400979,Jonathan Isaac,jonathan isaac,,,2025-03-16,2,0.3007518796992481,0.0,0.15037593984962405,0.0,0.3007518796992481,8.0,6.0,8.0,9.0,4.0,1.0,10.0,10.0,1.0,0,0.0,0,0.0011799999999999998,-29.1,-24640.135478408134,-29.065662000000003,0.3007518796992481,2.0,1.0,0.006283801
0022400979,1610612753,Orlando,Magic,ORL,magic,1641783,Tristan,da Silva,T. da Silva,tristan-da-silva,,,,8:01,8.016666666666667,0,2,0.0,0,1,0.0,0,0,0.0,1,0,1,0,0,0,0,0,0,-2.0,0022400979,Tristan da Silva,tristan da silva,,,2025-03-16,0,0.0,0.12474012474012473,0.12474012474012473,0.0,0.12474012474012473,12.0,4.0,8.0,9.0,8.0,4.0,8.0,8.0,0.0,0,0.0,0,0.0008699999999999999,-10.0,-11481.056257175662,-9.991299999999999,0.0,9.0,5.0,0.0050443276
0022400979,1610612753,Orlando,Magic,ORL,magic,203914,Gary,Harris,G. Harris,gary-harris,,,,20:03,20.05,1,1,1.0,0,0,0.0,0,0,0.0,0,3,3,1,2,0,0,0,2,17.0,0022400979,Gary Harris,gary harris,,,2025-03-16,2,0.0997506234413965,0.0,0.14962593516209477,0.04987531172069825,0.0997506234413965,8.0,6.0,4.0,6.0,2.0,4.0,1.0,7.0,7.0,0,0.0,0,0.0002,40.3,200497.51243781092,40.29194,0.0997506234413965,2.0,8.0,0.06862447
0022400979,1610612753,Orlando,Magic,ORL,magic,1629048,Goga,Bitadze,G. Bitadze,goga-bitadze,,,,6:13,6.216666666666667,0,0,0.0,0,0,0.0,3,4,0.75,0,0,0,1,0,1,0,1,3,3.0,0022400979,Goga Bitadze,goga bitadze,,,2025-03-16,1,0.48257372654155495,0.0,0.0,0.16085790884718498,0.16085790884718498,6.0,6.0,11.0,6.0,8.0,1.0,5.0,11.0,0.0,0,0.0,0,0.00125,25.4,20303.756994404477,25.36825,0.16085790884718498,6.0,4.0,0.0106663555
0022400999,1610612753,Orlando,Magic,ORL,magic,1630532,Franz,Wagner,F. Wagner,franz-wagner,F,,,38:03,38.05,8,19,0.421,2,5,0.4,2,2,1.0,0,8,8,7,0,0,6,2,20,18.0,0022400999,Franz Wagner,franz wagner,,,2025-03-19,0,0.5256241787122208,0.0,0.21024967148488832,0.1839684625492773,0.0,2.0,7.0,1.0,1.0,6.0,5.0,1.0,2.0,2.0,0,1.0,0,0.0028599999999999997,21.5,7514.854945823139,21.43851,0.0,7.0,8.0,0.5922337
0022400999,1610612753,Orlando,Magic,ORL,magic,1631094,Paolo,Banchero,P. Banchero,paolo-banchero,F,,,39:23,39.38333333333333,10,21,0.476,3,8,0.375,8,8,1.0,2,4,6,5,1,0,2,3,31,-7.0,0022400999,Paolo Banchero,paolo banchero,,,2025-03-19,1,0.7871349978840457,0.05078290308929327,0.15234870926787983,0.12695725772323319,0.07617435463393991,1.0,2.0,3.0,2.0,3.0,5.0,8.0,1.0,3.0,0,0.0,0,0.0028299999999999996,-10.1,-3567.6439420699403,-10.071417,0.025391451544646636,5.0,6.0,0.8237308
0022400999,1610612753,Orlando,Magic,ORL,magic,1628976,Wendell,Carter Jr.,W. Carter Jr.,wendell-carter-jr,C,,,19:02,19.033333333333335,1,4,0.25,0,2,0.0,2,2,1.0,2,4,6,0,0,1,0,5,4,-4.0,0022400999,Wendell Carter Jr.,wendell carter jr,,,2025-03-19,1,0.21015761821366022,0.10507880910683011,0.31523642732049034,0.0,0.15761821366024517,7.0,2.0,3.0,7.0,6.0,1.0,6.0,7.0,0.0,0,0.0,0,0.00125,-5.1,-4076.7386091127096,-5.093624999999999,0.052539404553415055,5.0,3.0,0.05327675
0022400999,1610612753,Orlando,Magic,ORL,magic,203484,Kentavious,Caldwell-Pope,K. Caldwell-Pope,kentavious-caldwell-pope,G,,,32:12,32.2,4,12,0.333,2,8,0.25,0,0,0.0,1,1,2,4,0,0,0,0,10,-3.0,0022400999,Kentavious Caldwell-Pope,kentavious caldwell-pope,,,2025-03-19,0,0.3105590062111801,0.03105590062111801,0.06211180124223602,0.12422360248447203,0.03105590062111801,5.0,5.0,7.0,3.0,6.0,5.0,5.0,3.0,1.0,0,0.0,0,0.00158,-7.8,-4933.586337760911,-7.787675999999999,0.0,7.0,7.0,0.14937563
0022400999,1610612753,Orlando,Magic,ORL,magic,202709,Cory,Joseph,C. Joseph,cory-joseph,G,,,26:07,26.116666666666667,5,9,0.556,2,6,0.333,1,1,1.0,1,0,1,2,2,0,1,4,13,3.0,0022400999,Cory Joseph,cory joseph,,,2025-03-19,2,0.49776643267389914,0.03828972559029994,0.03828972559029994,0.07657945118059988,0.1148691767708998,4.0,5.0,9.0,5.0,1.0,5.0,3.0,4.0,3.0,0,0.0,0,0.00161,5.6,3476.1018001241464,5.590984,0.07657945118059988,2.0,4.0,0.63633156
0022400999,1610612753,Orlando,Magic,ORL,magic,1628371,Jonathan,Isaac,J. Isaac,jonathan-isaac,,,,8:21,8.35,1,6,0.167,0,1,0.0,0,0,0.0,2,1,3,0,2,1,0,0,2,6.0,0022400999,Jonathan Isaac,jonathan isaac,,,2025-03-19,3,0.23952095808383234,0.23952095808383234,0.3592814371257485,0.0,0.5988023952095809,8.0,2.0,6.0,7.0,1.0,1.0,2.0,10.0,1.0,0,0.0,0,0.0024,31.6,13161.182840483132,31.524160000000002,0.3592814371257485,1.0,1.0,0.06764501
0022400999,1610612753,Orlando,Magic,ORL,magic,1641710,Anthony,Black,A. Black,anthony-black,,,,21:53,21.883333333333333,3,7,0.429,0,4,0.0,1,1,1.0,0,4,4,3,1,1,3,1,7,-11.0,0022400999,Anthony Black,anthony black,,,2025-03-19,2,0.31987814166031986,0.0,0.1827875095201828,0.1370906321401371,0.0913937547600914,6.0,7.0,5.0,4.0,3.0,1.0,9.0,6.0,3.0,0,0.0,0,0.00196,-19.6,-9994.900560938297,-19.561584000000003,0.0913937547600914,2.0,5.0,0.051610176
0022400999,1610612753,Orlando,Magic,ORL,magic,1629048,Goga,Bitadze,G. Bitadze,goga-bitadze,,,,23:01,23.016666666666666,8,10,0.8,0,0,0.0,3,6,0.5,6,2,8,0,1,1,0,4,19,-18.0,0022400999,Goga Bitadze,goga bitadze,,,2025-03-19,2,0.8254887762490949,0.2606806661839247,0.34757422157856627,0.0,0.34757422157856627,3.0,1.0,1.0,7.0,3.0,1.0,10.0,5.0,2.0,0,0.0,0,0.00211,-36.0,-17053.529133112268,-35.924040000000005,0.08689355539464157,2.0,2.0,0.8394001
0022400999,1610612753,Orlando,Magic,ORL,magic,1641783,Tristan,da Silva,T. da Silva,tristan-da-silva,,,,16:10,16.166666666666668,1,3,0.333,0,0,0.0,0,0,0.0,0,2,2,2,0,0,0,0,2,-19.0,0022400999,Tristan da Silva,tristan da silva,,,2025-03-19,0,0.12371134020618556,0.0,0.12371134020618556,0.12371134020618556,0.0,8.0,7.0,7.0,5.0,6.0,5.0,11.0,8.0,0.0,0,0.0,0,0.00086,-58.6,-68060.39488966318,-58.549604,0.0,7.0,8.0,0.0068118465
0022400999,1610612753,Orlando,Magic,ORL,magic,203914,Gary,Harris,G. Harris,gary-harris,,,,10:43,10.716666666666667,0,1,0.0,0,1,0.0,0,0,0.0,0,1,1,0,0,0,0,1,0,-5.0,0022400999,Gary Harris,gary harris,,,2025-03-19,0,0.0,0.0,0.09331259720062209,0.0,0.0,10.0,7.0,9.0,7.0,6.0,5.0,7.0,9.0,,1,,1,0.00035999999999999997,-17.0,-47091.41274238227,-16.99388,0.0,7.0,8.0,0.005710592
0022400999,1610612753,Orlando,Magic,ORL,magic,1631216,Caleb,Houstan,C. Houstan,caleb-houstan,,,,5:05,5.083333333333333,0,0,0.0,0,0,0.0,0,0,0.0,0,0,0,0,0,0,0,0,0,0.0,0022400999,Caleb Houstan,caleb houstan,,,2025-03-19,0,0.0,0.0,0.0,0.0,0.0,10.0,7.0,11.0,7.0,6.0,5.0,4.0,11.0,,1,,1,0.0,0.0,0.0,0.0,0.0,7.0,8.0,0.004616248
0022401014,1610612753,Orlando,Magic,ORL,magic,1630532,Franz,Wagner,F. Wagner,franz-wagner,F,,,24:08,24.133333333333333,9,18,0.5,1,4,0.25,2,2,1.0,0,8,8,5,0,1,1,3,21,12.0,0022401014,Franz Wagner,franz wagner,,,2025-03-21,1,0.8701657458563536,0.0,0.3314917127071823,0.20718232044198895,0.04143646408839779,2.0,8.0,2.0,2.0,6.0,3.0,5.0,5.0,1.0,0,0.0,0,0.00345,23.5,6809.620399884091,23.418925,0.04143646408839779,6.0,10.0,0.7900505
0022401014,1610612753,Orlando,Magic,ORL,magic,1631094,Paolo,Banchero,P. Banchero,paolo-banchero,F,,,30:31,30.516666666666666,11,22,0.5,3,5,0.6,5,6,0.833,1,7,8,5,1,0,2,0,30,31.0,0022401014,Paolo Banchero,paolo banchero,,,2025-03-21,1,0.9830693610049154,0.03276897870016385,0.2621518296013108,0.16384489350081924,0.0655379574003277,1.0,3.0,2.0,2.0,3.0,7.0,2.0,1.0,1.0,0,0.0,0,0.0035099999999999997,50.6,14411.848476217603,50.422394000000004,0.03276897870016385,6.0,7.0,0.6270992
0022401014,1610612753,Orlando,Magic,ORL,magic,1628976,Wendell,Carter Jr.,W. Carter Jr.,wendell-carter-jr,C,,,29:28,29.466666666666665,7,13,0.538,2,4,0.5,0,0,0.0,6,6,12,1,0,2,1,2,16,32.0,0022401014,Wendell Carter Jr.,wendell carter jr,,,2025-03-21,2,0.5429864253393666,0.20361990950226244,0.4072398190045249,0.03393665158371041,0.2714932126696833,3.0,1.0,1.0,6.0,6.0,1.0,1.0,2.0,0.0,0,0.0,0,0.00197,55.3,28056.823947234905,55.191058999999996,0.06787330316742082,3.0,3.0,0.9099507
0022401014,1610612753,Orlando,Magic,ORL,magic,203484,Kentavious,Caldwell-Pope,K. Caldwell-Pope,kentavious-caldwell-pope,G,,,28:20,28.333333333333332,4,6,0.667,3,5,0.6,0,1,0.0,1,4,5,1,1,1,0,1,11,22.0,0022401014,Kentavious Caldwell-Pope,kentavious caldwell-pope,,,2025-03-21,2,0.38823529411764707,0.03529411764705882,0.17647058823529413,0.03529411764705882,0.10588235294117647,5.0,3.0,5.0,6.0,3.0,3.0,4.0,3.0,5.0,0,0.0,0,0.0009,38.9,43174.250832408434,38.86499,0.07058823529411765,3.0,6.0,0.6324551
0022401014,1610612753,Orlando,Magic,ORL,magic,202709,Cory,Joseph,C. Joseph,cory-joseph,G,,,22:29,22.483333333333334,3,6,0.5,3,6,0.5,2,2,1.0,1,1,2,1,0,0,1,0,11,24.0,0022401014,Cory Joseph,cory joseph,,,2025-03-21,0,0.48925129725722755,0.044477390659747956,0.08895478131949591,0.044477390659747956,0.044477390659747956,5.0,3.0,8.0,6.0,6.0,7.0,3.0,6.0,0.0,0,0.0,0,0.00148,49.1,33153.27481431465,49.027332,0.0,9.0,9.0,0.18232438
0022401014,1610612753,Orlando,Magic,ORL,magic,1631216,Caleb,Houstan,C. Houstan,caleb-houstan,,,,21:19,21.316666666666666,2,4,0.5,2,4,0.5,0,0,0.0,0,5,5,2,3,0,0,0,6,0.0,0022401014,Caleb Houstan,caleb houstan,,,2025-03-21,3,0.2814698983580923,0.0,0.23455824863174354,0.09382329945269742,0.14073494917904614,8.0,8.0,5.0,4.0,1.0,7.0,7.0,7.0,3.0,0,0.0,0,0.00077,2.3,2983.1387808041504,2.2982289999999996,0.14073494917904614,2.0,4.0,0.06514756
0022401014,1610612753,Orlando,Magic,ORL,magic,1641710,Anthony,Black,A. Black,anthony-black,,,,25:31,25.516666666666666,5,7,0.714,1,1,1.0,2,2,1.0,2,4,6,6,0,1,5,2,13,-9.0,0022401014,Anthony Black,anthony black,,,2025-03-21,1,0.5094709340300457,0.07838014369693011,0.23514043109079033,0.23514043109079033,0.11757021554539517,4.0,2.0,4.0,1.0,6.0,3.0,10.0,4.0,1.0,0,0.0,0,0.0020599999999999998,-18.5,-8976.225133430375,-18.46189,0.039190071848465055,6.0,5.0,0.49891898
0022401014,1610612753,Orlando,Magic,ORL,magic,203914,Gary,Harris,G. Harris,gary-harris,,,,11:00,11.0,0,4,0.0,0,4,0.0,0,0,0.0,0,2,2,0,0,0,0,2,0,6.0,0022401014,Gary Harris,gary harris,,,2025-03-21,0,0.0,0.0,0.18181818181818182,0.0,0.0,10.0,8.0,8.0,11.0,6.0,7.0,6.0,9.0,1.0,0,0.0,0,0.0014299999999999998,27.5,19217.330538085258,27.460675,0.0,9.0,11.0,0.0069678063
0022401014,1610612753,Orlando,Magic,ORL,magic,1641783,Tristan,da Silva,T. da Silva,tristan-da-silva,,,,20:02,20.033333333333335,4,9,0.444,1,4,0.25,0,0,0.0,1,4,5,1,0,0,0,1,9,-13.0,0022401014,Tristan da Silva,tristan da silva,,,2025-03-21,0,0.4492512479201331,0.04991680532445923,0.24958402662229615,0.04991680532445923,0.04991680532445923,7.0,3.0,5.0,6.0,6.0,7.0,11.0,8.0,1.0,0,0.0,0,0.00191,-31.0,-16221.873364730509,-30.94079,0.0,9.0,8.0,0.064021006
0022401014,1610612753,Orlando,Magic,ORL,magic,1629048,Goga,Bitadze,G. Bitadze,goga-bitadze,,,,6:32,6.533333333333333,0,0,0.0,0,0,0.0,0,0,0.0,0,1,1,2,3,2,2,2,0,-1.0,0022401014,Goga Bitadze,goga bitadze,,,2025-03-21,5,0.0,0.0,0.15306122448979592,0.30612244897959184,0.7653061224489796,10.0,8.0,10.0,4.0,1.0,1.0,8.0,12.0,5.0,0,0.0,0,0.0011799999999999998,-6.3,-5334.46232006774,-6.292566,0.7653061224489796,1.0,1.0,0.01244799
0022401014,1610612753,Orlando,Magic,ORL,magic,1628371,Jonathan,Isaac,J. Isaac,jonathan-isaac,,,,6:39,6.65,0,1,0.0,0,1,0.0,0,0,0.0,1,0,1,0,1,1,0,0,0,-3.0,0022401014,Jonathan Isaac,jonathan isaac,,,2025-03-21,2,0.0,0.15037593984962405,0.15037593984962405,0.0,0.45112781954887216,10.0,3.0,10.0,11.0,3.0,3.0,9.0,11.0,1.0,0,0.0,0,0.0007099999999999999,-25.0,-35161.74402250352,-24.98225,0.3007518796992481,3.0,2.0,0.014911672
0022401014,1610612753,Orlando,Magic,ORL,magic,1641724,Jett,Howard,J. Howard,jett-howard,,,,8:40,8.666666666666666,1,4,0.25,1,3,0.333,0,0,0.0,0,0,0,0,0,0,0,2,3,-13.0,0022401014,Jett Howard,jett howard,,,2025-03-21,0,0.3461538461538462,0.0,0.0,0.0,0.0,9.0,8.0,12.0,11.0,6.0,7.0,11.0,10.0,0.0,0,0.0,0,0.002,-91.7,-45827.08645677161,-91.5166,0.0,9.0,11.0,0.007003868
0022401014,1610612753,Orlando,Magic,ORL,magic,1630644,Mac,McClung,M. McClung,mac-mcclung,,,,5:21,5.35,0,2,0.0,0,1,0.0,0,0,0.0,0,0,0,1,0,0,0,2,0,-13.0,0022401014,Mac McClung,mac mcclung,,,2025-03-21,0,0.0,0.0,0.0,0.1869158878504673,0.0,10.0,8.0,12.0,6.0,6.0,7.0,11.0,13.0,1.0,0,0.0,0,0.00154,-118.2,-76703.43932511358,-118.017972,0.0,9.0,11.0,0.0022518022
0022401038,1610612753,Orlando,Magic,ORL,magic,1630532,Franz,Wagner,F. Wagner,franz-wagner,F,,,38:15,38.25,13,26,0.5,3,10,0.3,3,3,1.0,0,5,5,9,1,0,2,2,32,12.0,0022401038,Franz Wagner,franz wagner,,,2025-03-24,1,0.8366013071895425,0.0,0.13071895424836602,0.23529411764705882,0.026143790849673203,1.0,7.0,3.0,1.0,1.0,5.0,3.0,2.0,1.0,0,0.0,0,0.0033,17.0,5149.954559224478,16.9439,0.026143790849673203,4.0,10.0,0.6889958
0022401038,1610612753,Orlando,Magic,ORL,magic,1631094,Paolo,Banchero,P. Banchero,paolo-banchero,F,,,39:34,39.56666666666667,9,17,0.529,2,6,0.333,10,12,0.833,0,7,7,1,0,1,4,2,30,14.0,0022401038,Paolo Banchero,paolo banchero,,,2025-03-24,1,0.7582139848357202,0.0,0.17691659646166805,0.025273799494524008,0.025273799494524008,2.0,7.0,2.0,5.0,7.0,1.0,2.0,1.0,1.0,0,0.0,0,0.00314,22.5,7163.3237822349565,22.42935,0.025273799494524008,4.0,11.0,0.7496057
0022401038,1610612753,Orlando,Magic,ORL,magic,1628976,Wendell,Carter Jr.,W. Carter Jr.,wendell-carter-jr,C,,,31:32,31.533333333333335,4,10,0.4,1,3,0.333,3,4,0.75,3,5,8,0,0,0,0,2,12,8.0,0022401038,Wendell Carter Jr.,wendell carter jr,,,2025-03-24,0,0.38054968287526425,0.09513742071881606,0.2536997885835095,0.0,0.09513742071881606,4.0,1.0,1.0,7.0,7.0,5.0,4.0,4.0,1.0,0,0.0,0,0.0017599999999999998,16.2,9199.31856899489,16.171488,0.0,8.0,6.0,0.3553772
0022401038,1610612753,Orlando,Magic,ORL,magic,203484,Kentavious,Caldwell-Pope,K. Caldwell-Pope,kentavious-caldwell-pope,G,,,33:53,33.88333333333333,3,6,0.5,3,6,0.5,0,0,0.0,3,1,4,3,0,0,0,2,9,6.0,0022401038,Kentavious Caldwell-Pope,kentavious caldwell-pope,,,2025-03-24,0,0.26561731431382196,0.08853910477127398,0.11805213969503198,0.08853910477127398,0.08853910477127398,5.0,1.0,5.0,4.0,7.0,5.0,5.0,3.0,1.0,0,0.0,0,0.0008,9.5,11860.174781523096,9.4924,0.0,8.0,7.0,0.1311095
0022401038,1610612753,Orlando,Magic,ORL,magic,202709,Cory,Joseph,C. Joseph,cory-joseph,G,,,17:12,17.2,2,4,0.5,1,3,0.333,0,0,0.0,1,3,4,5,0,0,0,3,5,-3.0,0022401038,Cory Joseph,cory joseph,,,2025-03-24,0,0.29069767441860467,0.05813953488372093,0.23255813953488372,0.29069767441860467,0.05813953488372093,7.0,5.0,5.0,3.0,7.0,5.0,11.0,7.0,0.0,0,0.0,0,0.00114,-5.2,-4557.40578439965,-5.194072,0.0,8.0,8.0,0.025642952
0022401038,1610612753,Orlando,Magic,ORL,magic,1631216,Caleb,Houstan,C. Houstan,caleb-houstan,,,,17:16,17.266666666666666,3,7,0.429,2,6,0.333,0,0,0.0,1,1,2,1,0,0,0,2,8,2.0,0022401038,Caleb Houstan,caleb houstan,,,2025-03-24,0,0.46332046332046334,0.05791505791505792,0.11583011583011583,0.05791505791505792,0.05791505791505792,6.0,5.0,8.0,5.0,7.0,5.0,8.0,6.0,0.0,0,0.0,0,0.002,6.7,3348.325837081459,6.6866,0.0,8.0,9.0,0.06832829
0022401038,1610612753,Orlando,Magic,ORL,magic,1641710,Anthony,Black,A. Black,anthony-black,,,,30:17,30.283333333333335,7,10,0.7,3,5,0.6,0,0,0.0,2,3,5,6,1,1,1,2,17,15.0,0022401038,Anthony Black,anthony black,,,2025-03-24,2,0.5613648871766648,0.06604292790313704,0.1651073197578426,0.19812878370941112,0.13208585580627408,3.0,3.0,3.0,2.0,1.0,1.0,1.0,5.0,6.0,0,0.0,0,0.00157,28.2,17950.350095480586,28.155726,0.06604292790313704,1.0,5.0,0.9063006
0022401038,1610612753,Orlando,Magic,ORL,magic,1628371,Jonathan,Isaac,J. Isaac,jonathan-isaac,,,,9:17,9.283333333333333,0,2,0.0,0,1,0.0,2,2,1.0,0,2,2,0,1,1,0,0,2,-1.0,0022401038,Jonathan Isaac,jonathan isaac,,,2025-03-24,2,0.21543985637342908,0.0,0.21543985637342908,0.0,0.21543985637342908,8.0,7.0,8.0,7.0,1.0,1.0,9.0,8.0,1.0,0,0.0,0,0.0014299999999999998,-1.1,-768.6932215234104,-1.098427,0.21543985637342908,1.0,3.0,0.011843797
0022401038,1610612753,Orlando,Magic,ORL,magic,203914,Gary,Harris,G. Harris,gary-harris,,,,7:07,7.116666666666666,0,0,0.0,0,0,0.0,1,2,0.5,0,1,1,0,1,1,0,0,1,4.0,0022401038,Gary Harris,gary harris,,,2025-03-24,2,0.14051522248243561,0.0,0.14051522248243561,0.0,0.28103044496487123,10.0,7.0,10.0,7.0,1.0,1.0,7.0,10.0,0.0,0,0.0,0,0.0005899999999999999,32.1,54314.72081218275,32.081061000000005,0.28103044496487123,1.0,2.0,0.013627986
0022401038,1610612753,Orlando,Magic,ORL,magic,1641783,Tristan,da Silva,T. da Silva,tristan-da-silva,,,,6:56,6.933333333333334,1,1,1.0,0,0,0.0,0,0,0.0,0,1,1,0,1,0,1,1,2,5.0,0022401038,Tristan da Silva,tristan da silva,,,2025-03-24,1,0.28846153846153844,0.0,0.14423076923076922,0.0,0.14423076923076922,8.0,7.0,10.0,7.0,1.0,5.0,6.0,11.0,1.0,0,0.0,0,0.00111,31.3,28172.817281728174,31.265257,0.14423076923076922,4.0,4.0,0.016522016
0022401038,1610612753,Orlando,Magic,ORL,magic,1629048,Goga,Bitadze,G. Bitadze,goga-bitadze,,,,8:41,8.683333333333334,0,2,0.0,0,0,0.0,0,0,0.0,2,2,4,0,1,0,0,2,0,-2.0,0022401038,Goga Bitadze,goga bitadze,,,2025-03-24,1,0.0,0.23032629558541265,0.4606525911708253,0.0,0.345489443378119,11.0,3.0,5.0,7.0,1.0,5.0,10.0,9.0,1.0,0,0.0,0,0.00105,-11.8,-11227.402473834445,-11.78761,0.11516314779270632,4.0,1.0,0.012637991
0022401045,1610612753,Orlando,Magic,ORL,magic,1630532,Franz,Wagner,F. Wagner,franz-wagner,F,,,35:10,35.166666666666664,8,22,0.364,1,6,0.167,9,10,0.9,1,7,8,4,0,0,2,2,26,2.0,0022401045,Franz Wagner,franz wagner,,,2025-03-25,0,0.7393364928909953,0.028436018957345974,0.2274881516587678,0.1137440758293839,0.028436018957345974,2.0,4.0,3.0,3.0,5.0,3.0,5.0,2.0,1.0,0,0.0,0,0.0035399999999999997,-3.3,-931.940129906806,-3.288318,0.0,6.0,6.0,0.6060026
0022401045,1610612753,Orlando,Magic,ORL,magic,1631094,Paolo,Banchero,P. Banchero,paolo-banchero,F,,,35:46,35.766666666666666,13,24,0.542,2,8,0.25,4,6,0.667,0,7,7,6,1,0,2,4,32,1.0,0022401045,Paolo Banchero,paolo banchero,,,2025-03-25,1,0.8946877912395154,0.0,0.195712954333644,0.16775396085740915,0.027958993476234855,1.0,7.0,4.0,1.0,2.0,3.0,6.0,1.0,1.0,0,0.0,0,0.00329,3.2,972.3488301428138,3.1894720000000003,0.027958993476234855,4.0,7.0,0.82699424
0022401045,1610612753,Orlando,Magic,ORL,magic,1628976,Wendell,Carter Jr.,W. Carter Jr.,wendell-carter-jr,C,,,26:17,26.283333333333335,2,5,0.4,1,4,0.25,0,0,0.0,4,7,11,2,0,2,3,1,5,-1.0,0022401045,Wendell Carter Jr.,wendell carter jr,,,2025-03-25,2,0.19023462270133162,0.1521876981610653,0.41851616994292956,0.07609384908053266,0.22828154724159797,6.0,1.0,1.0,4.0,5.0,1.0,8.0,5.0,0.0,0,0.0,0,0.0012900000000000001,-4.1,-3175.8326878388843,-4.094710999999999,0.07609384908053266,2.0,1.0,0.090948105
0022401045,1610612753,Orlando,Magic,ORL,magic,203484,Kentavious,Caldwell-Pope,K. Caldwell-Pope,kentavious-caldwell-pope,G,,,21:14,21.233333333333334,1,2,0.5,1,2,0.5,0,0,0.0,0,2,2,1,0,0,0,0,3,0.0,0022401045,Kentavious Caldwell-Pope,kentavious caldwell-pope,,,2025-03-25,0,0.14128728414442698,0.0,0.09419152276295133,0.04709576138147566,0.0,8.0,7.0,8.0,7.0,5.0,3.0,7.0,8.0,,1,,1,0.0004,0.0,0.0,0.0,0.0,6.0,8.0,0.015017984
0022401045,1610612753,Orlando,Magic,ORL,magic,202709,Cory,Joseph,C. Joseph,cory-joseph,G,,,18:01,18.016666666666666,2,5,0.4,0,3,0.0,1,1,1.0,1,2,3,2,1,0,0,1,5,-10.0,0022401045,Cory Joseph,cory joseph,,,2025-03-25,1,0.2775208140610546,0.05550416281221092,0.16651248843663274,0.11100832562442184,0.11100832562442184,6.0,4.0,7.0,4.0,2.0,3.0,9.0,9.0,0.0,0,0.0,0,0.0011899999999999999,-27.8,-23341.729638958863,-27.766918,0.05550416281221092,4.0,4.0,0.038442302
0022401045,1610612753,Orlando,Magic,ORL,magic,1631216,Caleb,Houstan,C. Houstan,caleb-houstan,,,,22:39,22.65,4,7,0.571,4,6,0.667,0,0,0.0,0,0,0,0,0,0,0,3,12,10.0,0022401045,Caleb Houstan,caleb houstan,,,2025-03-25,0,0.5298013245033113,0.0,0.0,0.0,0.0,4.0,7.0,9.0,8.0,5.0,3.0,2.0,6.0,1.0,0,0.0,0,0.0013700000000000001,26.5,19328.956965718455,26.463695,0.0,6.0,8.0,0.85346997
0022401045,1610612753,Orlando,Magic,ORL,magic,1641710,Anthony,Black,A. Black,anthony-black,,,,29:59,29.983333333333334,8,18,0.444,2,8,0.25,2,2,1.0,3,2,5,0,1,2,0,5,20,17.0,0022401045,Anthony Black,anthony black,,,2025-03-25,3,0.6670372429127293,0.10005558643690939,0.16675931072818231,0.0,0.20011117287381877,3.0,2.0,5.0,8.0,2.0,1.0,1.0,3.0,3.0,0,0.0,0,0.0027500000000000003,28.8,10468.920392584514,28.7208,0.10005558643690939,1.0,2.0,0.8591715
0022401045,1610612753,Orlando,Magic,ORL,magic,203914,Gary,Harris,G. Harris,gary-harris,,,,29:11,29.183333333333334,2,4,0.5,2,4,0.5,0,0,0.0,1,4,5,5,2,0,0,1,6,8.0,0022401045,Gary Harris,gary harris,,,2025-03-25,2,0.20559680182752713,0.034266133637921185,0.17133066818960593,0.17133066818960593,0.10279840091376356,5.0,4.0,5.0,2.0,1.0,3.0,3.0,4.0,9.0,0,0.0,0,0.00061,12.2,19967.266775777414,12.192558,0.06853226727584237,2.0,5.0,0.17491339
0022401045,1610612753,Orlando,Magic,ORL,magic,1629048,Goga,Bitadze,G. Bitadze,goga-bitadze,,,,21:43,21.716666666666665,1,3,0.333,0,1,0.0,0,0,0.0,3,6,9,2,0,0,1,4,2,8.0,0022401045,Goga Bitadze,goga bitadze,,,2025-03-25,0,0.09209516500383731,0.13814274750575595,0.4144282425172679,0.09209516500383731,0.13814274750575595,9.0,2.0,2.0,4.0,5.0,3.0,3.0,7.0,1.0,0,0.0,0,0.0008,20.9,26092.384519350806,20.88328,0.0,6.0,3.0,0.106624395
0022401060,1610612753,Orlando,Magic,ORL,magic,1630532,Franz,Wagner,F. Wagner,franz-wagner,F,,,35:46,35.766666666666666,8,21,0.381,0,5,0.0,4,4,1.0,2,7,9,2,1,0,4,0,20,-14.0,0022401060,Franz Wagner,franz wagner,,,2025-03-27,1,0.5591798695246971,0.05591798695246971,0.2516309412861137,0.05591798695246971,0.08387698042870458,2.0,1.0,2.0,3.0,1.0,4.0,11.0,2.0,1.0,0,0.0,0,0.0035099999999999997,-15.2,-4329.250925662204,-15.146647999999999,0.027958993476234855,4.0,5.0,0.55223346
0022401060,1610612753,Orlando,Magic,ORL,magic,1631094,Paolo,Banchero,P. Banchero,paolo-banchero,F,,,37:45,37.75,13,21,0.619,1,5,0.2,8,12,0.667,2,8,10,4,1,0,6,4,35,-8.0,0022401060,Paolo Banchero,paolo banchero,,,2025-03-27,1,0.9271523178807947,0.052980132450331126,0.26490066225165565,0.10596026490066225,0.07947019867549669,1.0,1.0,1.0,1.0,1.0,4.0,8.0,1.0,1.0,0,0.0,0,0.00364,-9.1,-2499.3133754463056,-9.066876,0.026490066225165563,4.0,6.0,0.79481
0022401060,1610612753,Orlando,Magic,ORL,magic,1628976,Wendell,Carter Jr.,W. Carter Jr.,wendell-carter-jr,C,,,27:47,27.783333333333335,5,10,0.5,1,4,0.25,1,1,1.0,2,3,5,1,0,2,2,5,12,-11.0,0022401060,Wendell Carter Jr.,wendell carter jr,,,2025-03-27,2,0.43191361727654465,0.07198560287942411,0.1799640071985603,0.035992801439712056,0.14397120575884823,4.0,1.0,3.0,5.0,6.0,1.0,10.0,4.0,2.0,0,0.0,0,0.0019,-21.5,-11309.836927932667,-21.45915,0.07198560287942411,1.0,4.0,0.5010467
0022401060,1610612753,Orlando,Magic,ORL,magic,203484,Kentavious,Caldwell-Pope,K. Caldwell-Pope,kentavious-caldwell-pope,G,,,33:28,33.46666666666667,0,4,0.0,0,3,0.0,0,0,0.0,1,3,4,0,1,0,1,0,0,-4.0,0022401060,Kentavious Caldwell-Pope,kentavious caldwell-pope,,,2025-03-27,1,0.0,0.0298804780876494,0.1195219123505976,0.0,0.0597609561752988,8.0,4.0,5.0,8.0,1.0,4.0,5.0,3.0,1.0,0,0.0,0,0.00068,-4.4,-6461.086637298091,-4.3970080000000005,0.0298804780876494,4.0,9.0,0.014440392
0022401060,1610612753,Orlando,Magic,ORL,magic,202709,Cory,Joseph,C. Joseph,cory-joseph,G,,,21:43,21.716666666666665,2,6,0.333,2,5,0.4,0,0,0.0,0,2,2,1,0,0,0,3,6,0.0,0022401060,Cory Joseph,cory joseph,,,2025-03-27,0,0.2762854950115119,0.0,0.09209516500383731,0.046047582501918656,0.0,5.0,8.0,8.0,5.0,6.0,4.0,4.0,6.0,1.0,0,0.0,0,0.00128,4.1,3200.6245120999215,4.094752,0.0,8.0,10.0,0.05189998
0022401060,1610612753,Orlando,Magic,ORL,magic,203914,Gary,Harris,G. Harris,gary-harris,,,,11:49,11.816666666666666,0,0,0.0,0,0,0.0,0,0,0.0,0,1,1,0,0,0,0,1,0,1.0,0022401060,Gary Harris,gary harris,,,2025-03-27,0,0.0,0.0,0.08462623413258111,0.0,0.0,8.0,8.0,9.0,8.0,6.0,4.0,3.0,9.0,2.0,0,0.0,0,0.0,3.8,3800000.0,3.8,0.0,8.0,10.0,0.0090068625
0022401060,1610612753,Orlando,Magic,ORL,magic,1629048,Goga,Bitadze,G. Bitadze,goga-bitadze,,,,18:18,18.3,1,2,0.5,0,0,0.0,1,2,0.5,1,4,5,2,1,1,0,3,3,-7.0,0022401060,Goga Bitadze,goga bitadze,,,2025-03-27,2,0.16393442622950818,0.0546448087431694,0.27322404371584696,0.1092896174863388,0.16393442622950818,6.0,4.0,3.0,3.0,1.0,3.0,7.0,7.0,4.0,0,0.0,0,0.0007000000000000001,-21.4,-30527.81740370898,-21.385019999999997,0.1092896174863388,1.0,1.0,0.025172196
0022401060,1610612753,Orlando,Magic,ORL,magic,1641710,Anthony,Black,A. Black,anthony-black,,,,26:17,26.283333333333335,5,10,0.5,1,4,0.25,3,3,1.0,0,3,3,3,0,2,2,2,14,-9.0,0022401060,Anthony Black,anthony black,,,2025-03-27,2,0.5326569435637286,0.0,0.11414077362079898,0.11414077362079898,0.07609384908053266,3.0,8.0,7.0,2.0,6.0,1.0,9.0,5.0,1.0,0,0.0,0,0.0021,-19.5,-9281.294621608758,-19.45905,0.07609384908053266,1.0,7.0,0.7533338
0022401060,1610612753,Orlando,Magic,ORL,magic,1631216,Caleb,Houstan,C. Houstan,caleb-houstan,,,,14:32,14.533333333333333,0,1,0.0,0,1,0.0,0,0,0.0,0,0,0,0,1,0,0,2,0,-5.0,0022401060,Caleb Houstan,caleb houstan,,,2025-03-27,1,0.0,0.0,0.0,0.0,0.06880733944954129,8.0,8.0,11.0,8.0,1.0,4.0,6.0,8.0,0.0,0,0.0,0,0.00028000000000000003,-19.5,-69395.01779359429,-19.49454,0.06880733944954129,4.0,8.0,0.01115081
0022401060,1610612753,Orlando,Magic,ORL,magic,1641783,Tristan,da Silva,T. da Silva,tristan-da-silva,,,,6:12,6.2,0,4,0.0,0,2,0.0,2,2,1.0,1,0,1,0,0,0,0,0,2,2.0,0022401060,Tristan da Silva,tristan da silva,,,2025-03-27,0,0.3225806451612903,0.16129032258064516,0.16129032258064516,0.0,0.16129032258064516,7.0,4.0,9.0,8.0,6.0,4.0,2.0,11.0,1.0,0,0.0,0,0.00294,9.3,3162.189731383883,9.272658,0.0,8.0,2.0,0.0129308095
0022401060,1610612753,Orlando,Magic,ORL,magic,1628371,Jonathan,Isaac,J. Isaac,jonathan-isaac,,,,6:23,6.383333333333334,0,1,0.0,0,1,0.0,0,0,0.0,1,3,4,1,0,0,1,0,0,10.0,0022401060,Jonathan Isaac,jonathan isaac,,,2025-03-27,0,0.0,0.15665796344647517,0.6266318537859007,0.15665796344647517,0.15665796344647517,8.0,4.0,5.0,5.0,6.0,4.0,1.0,10.0,0.0,0,0.0,0,0.0014299999999999998,70.5,49266.24737945494,70.399185,0.0,8.0,3.0,0.019807013
0022401074,1610612753,Orlando,Magic,ORL,magic,1630532,Franz,Wagner,F. Wagner,franz-wagner,F,,,23:48,23.8,8,12,0.667,2,6,0.333,3,4,0.75,1,1,2,3,0,0,0,2,21,16.0,0022401074,Franz Wagner,franz wagner,,,2025-03-29,0,0.8823529411764706,0.04201680672268907,0.08403361344537814,0.12605042016806722,0.04201680672268907,2.0,5.0,8.0,4.0,8.0,3.0,6.0,5.0,1.0,0,0.0,0,0.0025900000000000003,36.9,14241.605557699728,36.804429,0.0,8.0,9.0,0.82844526
0022401074,1610612753,Orlando,Magic,ORL,magic,1631094,Paolo,Banchero,P. Banchero,paolo-banchero,F,,,29:22,29.366666666666667,9,19,0.474,1,5,0.2,5,11,0.455,2,4,6,6,1,0,1,0,24,22.0,0022401074,Paolo Banchero,paolo banchero,,,2025-03-29,1,0.8172531214528944,0.0681044267877412,0.2043132803632236,0.2043132803632236,0.1021566401816118,1.0,2.0,3.0,1.0,4.0,3.0,1.0,1.0,1.0,0,0.0,0,0.00368,37.3,10133.11600108666,37.162735999999995,0.0340522133938706,5.0,6.0,0.756315
0022401074,1610612753,Orlando,Magic,ORL,magic,1628976,Wendell,Carter Jr.,W. Carter Jr.,wendell-carter-jr,C,,,16:52,16.866666666666667,3,4,0.75,3,3,1.0,3,4,0.75,0,4,4,0,0,0,0,3,12,19.0,0022401074,Wendell Carter Jr.,wendell carter jr,,,2025-03-29,0,0.7114624505928854,0.0,0.23715415019762845,0.0,0.0,4.0,7.0,4.0,12.0,8.0,3.0,2.0,9.0,1.0,0,0.0,0,0.0017100000000000001,64.5,37697.25306838106,64.389705,0.0,8.0,10.0,0.694527
0022401074,1610612753,Orlando,Magic,ORL,magic,203484,Kentavious,Caldwell-Pope,K. Caldwell-Pope,kentavious-caldwell-pope,G,,,24:28,24.466666666666665,3,8,0.375,1,3,0.333,1,1,1.0,2,1,3,2,2,1,1,1,8,17.0,0022401074,Kentavious Caldwell-Pope,kentavious caldwell-pope,,,2025-03-29,3,0.32697547683923706,0.08174386920980926,0.1226158038147139,0.08174386920980926,0.20435967302452318,6.0,2.0,7.0,5.0,1.0,1.0,4.0,4.0,0.0,0,0.0,0,0.00158,35.4,22390.89184060721,35.344068,0.1226158038147139,1.0,3.0,0.21165514
0022401074,1610612753,Orlando,Magic,ORL,magic,202709,Cory,Joseph,C. Joseph,cory-joseph,G,,,22:36,22.6,1,4,0.25,1,4,0.25,0,0,0.0,0,7,7,6,1,0,1,1,3,15.0,0022401074,Cory Joseph,cory joseph,,,2025-03-29,1,0.1327433628318584,0.0,0.30973451327433627,0.2654867256637168,0.04424778761061947,9.0,7.0,2.0,1.0,4.0,3.0,7.0,6.0,2.0,0,0.0,0,0.00096,34.1,35483.87096774193,34.067264,0.04424778761061947,5.0,8.0,0.035269093
0022401074,1610612753,Orlando,Magic,ORL,magic,1629048,Goga,Bitadze,G. Bitadze,goga-bitadze,,,,17:56,17.933333333333334,5,10,0.5,0,1,0.0,2,2,1.0,5,5,10,5,1,1,1,2,12,18.0,0022401074,Goga Bitadze,goga bitadze,,,2025-03-29,2,0.6691449814126395,0.2788104089219331,0.5576208178438662,0.2788104089219331,0.3903345724907063,4.0,1.0,1.0,3.0,4.0,1.0,3.0,8.0,2.0,0,0.0,0,0.00255,47.4,18580.94864758918,47.279129999999995,0.11152416356877323,2.0,1.0,0.8790946
0022401074,1610612753,Orlando,Magic,ORL,magic,1631216,Caleb,Houstan,C. Houstan,caleb-houstan,,,,25:17,25.283333333333335,6,7,0.857,6,7,0.857,0,0,0.0,0,4,4,2,0,0,1,2,18,17.0,0022401074,Caleb Houstan,caleb houstan,,,2025-03-29,0,0.7119314436387607,0.0,0.15820698747528014,0.07910349373764007,0.0,3.0,7.0,4.0,5.0,8.0,3.0,4.0,3.0,1.0,0,0.0,0,0.00125,28.2,22541.966426858515,28.16475,0.0,8.0,10.0,0.82704455
0022401074,1610612753,Orlando,Magic,ORL,magic,1641710,Anthony,Black,A. Black,anthony-black,,,,25:24,25.4,3,7,0.429,1,1,1.0,1,1,1.0,0,4,4,2,2,0,5,4,8,15.0,0022401074,Anthony Black,anthony black,,,2025-03-29,2,0.31496062992125984,0.0,0.15748031496062992,0.07874015748031496,0.07874015748031496,6.0,7.0,4.0,5.0,1.0,3.0,7.0,2.0,4.0,0,0.0,0,0.00194,28.3,14580.1133436373,28.245098,0.07874015748031496,2.0,7.0,0.03518777
0022401074,1610612753,Orlando,Magic,ORL,magic,203914,Gary,Harris,G. Harris,gary-harris,,,,7:25,7.416666666666667,1,4,0.25,0,1,0.0,0,0,0.0,1,1,2,1,0,0,1,0,2,9.0,0022401074,Gary Harris,gary harris,,,2025-03-29,0,0.2696629213483146,0.1348314606741573,0.2696629213483146,0.1348314606741573,0.1348314606741573,12.0,5.0,8.0,9.0,8.0,3.0,9.0,12.0,1.0,0,0.0,0,0.0023799999999999997,61.0,25619.487610247797,60.85482,0.0,8.0,4.0,0.008058039
0022401074,1610612753,Orlando,Magic,ORL,magic,1628371,Jonathan,Isaac,J. Isaac,jonathan-isaac,,,,19:07,19.116666666666667,1,1,1.0,0,0,0.0,0,1,0.0,0,1,1,1,2,0,0,2,2,8.0,0022401074,Jonathan Isaac,jonathan isaac,,,2025-03-29,2,0.1046207497820401,0.0,0.05231037489102005,0.05231037489102005,0.1046207497820401,12.0,7.0,13.0,9.0,1.0,3.0,10.0,7.0,4.0,0,0.0,0,0.00021,24.6,116587.67772511848,24.594834,0.1046207497820401,2.0,5.0,0.019766428
0022401074,1610612753,Orlando,Magic,ORL,magic,1641783,Tristan,da Silva,T. da Silva,tristan-da-silva,,,,12:06,12.1,1,5,0.2,1,3,0.333,0,0,0.0,0,2,2,2,0,0,0,1,3,-2.0,0022401074,Tristan da Silva,tristan da silva,,,2025-03-29,0,0.24793388429752067,0.0,0.1652892561983471,0.1652892561983471,0.0,9.0,7.0,8.0,5.0,8.0,3.0,12.0,10.0,0.0,0,0.0,0,0.00185,-4.2,-2269.04376012966,-4.19223,0.0,8.0,10.0,0.015845101
0022401074,1610612753,Orlando,Magic,ORL,magic,1630243,Trevelin,Queen,T. Queen,trevelin-queen,,,,9:05,9.083333333333334,2,6,0.333,1,3,0.333,0,0,0.0,2,0,2,1,1,0,1,0,5,-5.0,0022401074,Trevelin Queen,trevelin queen,,,2025-03-29,1,0.5504587155963302,0.2201834862385321,0.2201834862385321,0.11009174311926605,0.33027522935779813,8.0,2.0,8.0,9.0,4.0,3.0,13.0,11.0,2.0,0,0.0,0,0.0034999999999999996,-22.5,-6426.735218508998,-22.42125,0.11009174311926605,5.0,2.0,0.04062471
0022401074,1610612753,Orlando,Magic,ORL,magic,1641724,Jett,Howard,J. Howard,jett-howard,,,,6:34,6.566666666666666,1,2,0.5,1,2,0.5,0,0,0.0,0,2,2,0,0,0,0,0,3,1.0,0022401074,Jett Howard,jett howard,,,2025-03-29,0,0.4568527918781726,0.0,0.30456852791878175,0.0,0.0,9.0,7.0,8.0,12.0,8.0,3.0,11.0,13.0,2.0,0,0.0,0,0.00133,7.7,5785.123966942149,7.689759,0.0,8.0,10.0,0.008724352
0022401091,1610612753,Orlando,Magic,ORL,magic,1630532,Franz,Wagner,F. Wagner,franz-wagner,F,,,39:34,39.56666666666667,8,19,0.421,1,7,0.143,4,4,1.0,0,5,5,6,2,0,2,4,21,-10.0,0022401091,Franz Wagner,franz wagner,,,2025-03-31,2,0.5307497893850042,0.0,0.12636899747262004,0.15164279696714406,0.050547598989048016,2.0,7.0,2.0,1.0,2.0,4.0,10.0,1.0,2.0,0,0.0,0,0.0027700000000000003,-13.0,-4691.447130999638,-12.963989999999999,0.050547598989048016,2.0,7.0,0.63945645
0022401091,1610612753,Orlando,Magic,ORL,magic,1631094,Paolo,Banchero,P. Banchero,paolo-banchero,F,,,36:27,36.45,8,23,0.348,1,8,0.125,9,9,1.0,1,5,6,4,0,0,7,1,26,-5.0,0022401091,Paolo Banchero,paolo banchero,,,2025-03-31,0,0.7133058984910836,0.027434842249657063,0.1646090534979424,0.10973936899862825,0.027434842249657063,1.0,1.0,1.0,2.0,6.0,4.0,7.0,2.0,1.0,0,0.0,0,0.0042899999999999995,-4.3,-1002.0974131903986,-4.281553,0.0,7.0,8.0,0.6184691
0022401091,1610612753,Orlando,Magic,ORL,magic,1628976,Wendell,Carter Jr.,W. Carter Jr.,wendell-carter-jr,C,,,31:10,31.166666666666668,4,11,0.364,0,3,0.0,1,2,0.5,1,3,4,1,3,2,0,4,9,3.0,0022401091,Wendell Carter Jr.,wendell carter jr,,,2025-03-31,5,0.2887700534759358,0.0320855614973262,0.1283422459893048,0.0320855614973262,0.1925133689839572,5.0,1.0,4.0,5.0,1.0,1.0,2.0,4.0,4.0,0,0.0,0,0.00179,3.4,1898.3807928531548,3.393914,0.16042780748663102,1.0,2.0,0.7643868
0022401091,1610612753,Orlando,Magic,ORL,magic,203484,Kentavious,Caldwell-Pope,K. Caldwell-Pope,kentavious-caldwell-pope,G,,,32:50,32.833333333333336,4,4,1.0,3,3,1.0,0,0,0.0,1,2,3,0,1,1,1,3,11,-3.0,0022401091,Kentavious Caldwell-Pope,kentavious caldwell-pope,,,2025-03-31,2,0.33502538071065985,0.03045685279187817,0.09137055837563451,0.0,0.09137055837563451,3.0,1.0,5.0,8.0,5.0,2.0,5.0,3.0,2.0,0,0.0,0,0.0007000000000000001,-4.5,-6419.400855920113,-4.49685,0.06091370558375634,2.0,5.0,0.52400696
0022401091,1610612753,Orlando,Magic,ORL,magic,202709,Cory,Joseph,C. Joseph,cory-joseph,G,,,28:38,28.633333333333333,2,7,0.286,2,2,1.0,4,5,0.8,1,4,5,3,2,0,2,1,10,5.0,0022401091,Cory Joseph,cory joseph,,,2025-03-31,2,0.3492433061699651,0.034924330616996506,0.17462165308498254,0.10477299185098952,0.10477299185098952,4.0,1.0,2.0,3.0,2.0,4.0,1.0,5.0,3.0,0,0.0,0,0.0017699999999999999,7.1,4009.0344438170528,7.087432999999999,0.06984866123399301,2.0,3.0,0.25992942
0022401091,1610612753,Orlando,Magic,ORL,magic,203914,Gary,Harris,G. Harris,gary-harris,,,,8:31,8.516666666666667,0,0,0.0,0,0,0.0,0,0,0.0,0,1,1,1,0,0,0,2,0,1.0,0022401091,Gary Harris,gary harris,,,2025-03-31,0,0.0,0.0,0.11741682974559686,0.11741682974559686,0.0,8.0,7.0,8.0,5.0,6.0,4.0,3.0,10.0,1.0,0,0.0,0,0.0,14.6,14600000.0,14.6,0.0,7.0,9.0,0.006202362
0022401091,1610612753,Orlando,Magic,ORL,magic,1641710,Anthony,Black,A. Black,anthony-black,,,,19:22,19.366666666666667,3,10,0.3,0,2,0.0,2,2,1.0,0,1,1,2,2,0,2,0,8,-14.0,0022401091,Anthony Black,anthony black,,,2025-03-31,2,0.41308089500860584,0.0,0.05163511187607573,0.10327022375215146,0.10327022375215146,6.0,7.0,8.0,4.0,2.0,4.0,11.0,6.0,4.0,0,0.0,0,0.00317,-34.6,-10911.384421318196,-34.490318,0.10327022375215146,2.0,4.0,0.03806725
0022401091,1610612753,Orlando,Magic,ORL,magic,1631216,Caleb,Houstan,C. Houstan,caleb-houstan,,,,16:56,16.933333333333334,1,2,0.5,0,1,0.0,0,0,0.0,0,3,3,0,0,0,0,2,2,-9.0,0022401091,Caleb Houstan,caleb houstan,,,2025-03-31,0,0.11811023622047244,0.0,0.17716535433070865,0.0,0.0,7.0,7.0,5.0,8.0,6.0,4.0,9.0,7.0,0.0,0,0.0,0,0.00057,-28.1,-49211.908931698774,-28.083983000000003,0.0,7.0,9.0,0.012666643
0022401091,1610612753,Orlando,Magic,ORL,magic,1629048,Goga,Bitadze,G. Bitadze,goga-bitadze,,,,13:04,13.066666666666666,0,0,0.0,0,0,0.0,0,0,0.0,1,0,1,1,0,0,0,0,0,-7.0,0022401091,Goga Bitadze,goga bitadze,,,2025-03-31,0,0.0,0.07653061224489796,0.07653061224489796,0.07653061224489796,0.07653061224489796,8.0,1.0,8.0,5.0,6.0,4.0,8.0,8.0,1.0,0,0.0,0,0.0,-24.3,-24300000.0,-24.3,0.0,7.0,6.0,0.015417652
0022401091,1610612753,Orlando,Magic,ORL,magic,1628371,Jonathan,Isaac,J. Isaac,jonathan-isaac,,,,9:58,9.966666666666667,0,0,0.0,0,0,0.0,0,0,0.0,1,2,3,0,0,1,0,0,0,-4.0,0022401091,Jonathan Isaac,jonathan isaac,,,2025-03-31,1,0.0,0.10033444816053512,0.3010033444816054,0.0,0.20066889632107024,8.0,1.0,5.0,8.0,6.0,2.0,6.0,9.0,1.0,0,0.0,0,0.0,-14.8,-14800000.000000002,-14.8,0.10033444816053512,6.0,1.0,0.031824686
0022401091,1610612753,Orlando,Magic,ORL,magic,1641783,Tristan,da Silva,T. da Silva,tristan-da-silva,,,,3:30,3.5,0,0,0.0,0,0,0.0,0,0,0.0,0,0,0,0,0,0,0,0,0,-2.0,0022401091,Tristan da Silva,tristan da silva,,,2025-03-31,0,0.0,0.0,0.0,0.0,0.0,8.0,7.0,11.0,8.0,6.0,4.0,4.0,11.0,0.0,0,0.0,0,0.0,-63.3,-63300000.0,-63.3,0.0,7.0,9.0,0.0032315275
0022400988,1610612753,Orlando,Magic,ORL,magic,1630532,Franz,Wagner,F. Wagner,franz-wagner,F,,,36:16,36.266666666666666,9,20,0.45,3,10,0.3,3,3,1.0,1,4,5,7,0,0,0,3,24,21.0,0022400988,Franz Wagner,franz wagner,,,2025-04-01,0,0.6617647058823529,0.027573529411764705,0.13786764705882354,0.19301470588235295,0.027573529411764705,1.0,3.0,3.0,1.0,7.0,7.0,1.0,1.0,2.0,0,0.0,0,0.0025,29.2,11675.329868052777,29.127000000000002,0.0,10.0,11.0,0.7283866
0022400988,1610612753,Orlando,Magic,ORL,magic,1631094,Paolo,Banchero,P. Banchero,paolo-banchero,F,,,32:54,32.9,9,21,0.429,0,4,0.0,6,6,1.0,0,10,10,4,2,0,5,3,24,0.0,0022400988,Paolo Banchero,paolo banchero,,,2025-04-01,2,0.729483282674772,0.0,0.303951367781155,0.12158054711246201,0.060790273556231005,1.0,8.0,1.0,2.0,3.0,7.0,8.0,2.0,2.0,0,0.0,0,0.00373,-3.6,-964.8887697668185,-3.586572,0.060790273556231005,4.0,9.0,0.6696079
0022400988,1610612753,Orlando,Magic,ORL,magic,1628976,Wendell,Carter Jr.,W. Carter Jr.,wendell-carter-jr,C,,,18:01,18.016666666666666,3,4,0.75,1,1,1.0,1,1,1.0,3,2,5,2,0,1,0,4,8,3.0,0022400988,Wendell Carter Jr.,wendell carter jr,,,2025-04-01,1,0.44403330249768735,0.16651248843663274,0.2775208140610546,0.11100832562442184,0.22201665124884368,6.0,1.0,3.0,7.0,7.0,2.0,6.0,9.0,1.0,0,0.0,0,0.0010299999999999999,15.4,14936.95441319108,15.384138,0.05550416281221092,6.0,2.0,0.34672293
0022400988,1610612753,Orlando,Magic,ORL,magic,203484,Kentavious,Caldwell-Pope,K. Caldwell-Pope,kentavious-caldwell-pope,G,,,30:39,30.65,8,11,0.727,7,9,0.778,0,0,0.0,0,1,1,3,3,0,2,0,23,0.0,0022400988,Kentavious Caldwell-Pope,kentavious caldwell-pope,,,2025-04-01,3,0.7504078303425775,0.0,0.032626427406199025,0.09787928221859707,0.09787928221859707,3.0,8.0,9.0,4.0,1.0,7.0,8.0,3.0,2.0,0,0.0,0,0.00188,0.0,0.0,0.0,0.09787928221859707,2.0,7.0,0.83428365
0022400988,1610612753,Orlando,Magic,ORL,magic,202709,Cory,Joseph,C. Joseph,cory-joseph,G,,,18:17,18.283333333333335,2,4,0.5,2,4,0.5,0,0,0.0,1,1,2,1,0,0,0,1,6,6.0,0022400988,Cory Joseph,cory joseph,,,2025-04-01,0,0.3281677301731996,0.05469462169553327,0.10938924339106654,0.05469462169553327,0.05469462169553327,7.0,3.0,7.0,8.0,7.0,7.0,5.0,7.0,0.0,0,0.0,0,0.00098,13.6,13863.404689092764,13.586672,0.0,10.0,10.0,0.057574738
0022400988,1610612753,Orlando,Magic,ORL,magic,1630175,Cole,Anthony,C. Anthony,cole-anthony,,,,19:23,19.383333333333333,3,8,0.375,1,4,0.25,2,2,1.0,1,4,5,4,2,1,0,2,9,-5.0,0022400988,Cole Anthony,cole anthony,,,2025-04-01,3,0.4643164230438521,0.051590713671539126,0.2579535683576956,0.2063628546861565,0.2063628546861565,5.0,3.0,3.0,2.0,3.0,2.0,10.0,6.0,2.0,0,0.0,0,0.00209,-7.6,-3634.624581539933,-7.584115999999999,0.15477214101461736,2.0,3.0,0.2183025
0022400988,1610612753,Orlando,Magic,ORL,magic,203914,Gary,Harris,G. Harris,gary-harris,,,,9:21,9.35,0,4,0.0,0,4,0.0,0,0,0.0,0,1,1,0,1,0,0,1,0,1.0,0022400988,Gary Harris,gary harris,,,2025-04-01,1,0.0,0.0,0.10695187165775401,0.0,0.10695187165775401,11.0,8.0,9.0,10.0,5.0,7.0,7.0,11.0,0.0,0,0.0,0,0.0017399999999999998,-1.1,-631.8207926479037,-1.0980860000000001,0.10695187165775401,6.0,6.0,0.008887684
0022400988,1610612753,Orlando,Magic,ORL,magic,1631216,Caleb,Houstan,C. Houstan,caleb-houstan,,,,25:03,25.05,4,8,0.5,4,8,0.5,0,0,0.0,0,1,1,3,1,1,2,0,12,8.0,0022400988,Caleb Houstan,caleb houstan,,,2025-04-01,2,0.47904191616766467,0.0,0.03992015968063872,0.11976047904191617,0.07984031936127745,4.0,8.0,9.0,4.0,5.0,2.0,4.0,4.0,1.0,0,0.0,0,0.0017499999999999998,17.6,10051.399200456885,17.569200000000002,0.07984031936127745,4.0,8.0,0.64150316
0022400988,1610612753,Orlando,Magic,ORL,magic,1641710,Anthony,Black,A. Black,anthony-black,,,,20:07,20.116666666666667,2,6,0.333,0,2,0.0,0,0,0.0,1,1,2,3,3,2,1,1,4,13.0,0022400988,Anthony Black,anthony black,,,2025-04-01,5,0.1988400994200497,0.04971002485501243,0.09942004971002485,0.14913007456503727,0.29826014913007454,8.0,3.0,7.0,4.0,1.0,1.0,3.0,5.0,4.0,0,0.0,0,0.0014299999999999998,25.4,17749.82529699511,25.363677999999997,0.24855012427506212,1.0,1.0,0.22036748
0022400988,1610612753,Orlando,Magic,ORL,magic,1628371,Jonathan,Isaac,J. Isaac,jonathan-isaac,,,,18:07,18.116666666666667,2,3,0.667,0,1,0.0,0,0,0.0,2,1,3,0,0,1,0,0,4,16.0,0022400988,Jonathan Isaac,jonathan isaac,,,2025-04-01,1,0.22079116835326587,0.11039558417663294,0.1655933762649494,0.0,0.1655933762649494,8.0,2.0,6.0,10.0,7.0,2.0,2.0,8.0,2.0,0,0.0,0,0.00068,39.6,58149.779735682816,39.573072,0.05519779208831647,6.0,5.0,0.31734183
0022400988,1610612753,Orlando,Magic,ORL,magic,1629048,Goga,Bitadze,G. Bitadze,goga-bitadze,,,,11:52,11.866666666666667,1,1,1.0,0,0,0.0,0,0,0.0,1,5,6,1,0,1,0,0,2,-8.0,0022400988,Goga Bitadze,goga bitadze,,,2025-04-01,1,0.16853932584269662,0.08426966292134831,0.5056179775280899,0.08426966292134831,0.16853932584269662,10.0,3.0,2.0,8.0,7.0,2.0,11.0,10.0,0.0,0,0.0,0,0.00037,-39.9,-107547.16981132074,-39.885237,0.08426966292134831,6.0,4.0,0.09586695
0022401112,1610612753,Orlando,Magic,ORL,magic,1630532,Franz,Wagner,F. Wagner,franz-wagner,F,,,33:56,33.93333333333333,10,19,0.526,3,7,0.429,4,4,1.0,0,5,5,5,1,0,1,0,27,14.0,0022401112,Franz Wagner,franz wagner,,,2025-04-03,1,0.7956777996070727,0.0,0.14734774066797643,0.14734774066797643,0.02946954813359529,2.0,7.0,3.0,2.0,3.0,7.0,1.0,2.0,1.0,0,0.0,0,0.00301,24.3,8070.408502158751,24.226857000000003,0.02946954813359529,4.0,10.0,0.80437493
0022401112,1610612753,Orlando,Magic,ORL,magic,1631094,Paolo,Banchero,P. Banchero,paolo-banchero,F,,,38:57,38.95,11,24,0.458,3,5,0.6,8,10,0.8,3,15,18,8,0,1,4,0,33,7.0,0022401112,Paolo Banchero,paolo banchero,,,2025-04-03,1,0.8472400513478818,0.07702182284980744,0.4621309370988446,0.2053915275994865,0.10269576379974325,1.0,2.0,1.0,1.0,6.0,3.0,4.0,1.0,1.0,0,0.0,0,0.0037199999999999998,11.0,2956.194571351787,10.95908,0.025673940949935813,4.0,5.0,0.7667862
0022401112,1610612753,Orlando,Magic,ORL,magic,1628976,Wendell,Carter Jr.,W. Carter Jr.,wendell-carter-jr,C,,,30:06,30.1,5,9,0.556,0,2,0.0,0,0,0.0,4,3,7,2,0,0,0,3,10,-4.0,0022401112,Wendell Carter Jr.,wendell carter jr,,,2025-04-03,0,0.33222591362126247,0.13289036544850497,0.23255813953488372,0.06644518272425248,0.13289036544850497,4.0,1.0,2.0,5.0,6.0,7.0,11.0,4.0,0.0,0,0.0,0,0.00145,-2.7,-1860.7856650585807,-2.6960850000000005,0.0,9.0,3.0,0.17441936
0022401112,1610612753,Orlando,Magic,ORL,magic,203484,Kentavious,Caldwell-Pope,K. Caldwell-Pope,kentavious-caldwell-pope,G,,,32:51,32.85,3,4,0.75,1,2,0.5,6,6,1.0,0,3,3,5,2,1,1,1,13,5.0,0022401112,Kentavious Caldwell-Pope,kentavious caldwell-pope,,,2025-04-03,3,0.395738203957382,0.0,0.091324200913242,0.15220700152207,0.091324200913242,3.0,7.0,5.0,2.0,1.0,3.0,7.0,3.0,3.0,0,1.0,0,0.00096,11.5,11966.701352757544,11.48896,0.091324200913242,2.0,7.0,0.3095243
0022401112,1610612753,Orlando,Magic,ORL,magic,202709,Cory,Joseph,C. Joseph,cory-joseph,G,,,25:19,25.316666666666666,3,6,0.5,2,5,0.4,0,0,0.0,0,2,2,1,1,0,0,1,8,0.0,0022401112,Cory Joseph,cory joseph,,,2025-04-03,1,0.31599736668861095,0.0,0.07899934167215274,0.03949967083607637,0.03949967083607637,5.0,7.0,7.0,6.0,3.0,7.0,9.0,5.0,2.0,0,0.0,0,0.00109,4.7,4307.974335472044,4.694877,0.03949967083607637,4.0,9.0,0.06290113
0022401112,1610612753,Orlando,Magic,ORL,magic,203914,Gary,Harris,G. Harris,gary-harris,,,,15:09,15.15,0,0,0.0,0,0,0.0,0,0,0.0,1,1,2,1,0,1,1,3,0,7.0,0022401112,Gary Harris,gary harris,,,2025-04-03,1,0.0,0.066006600660066,0.132013201320132,0.066006600660066,0.132013201320132,9.0,4.0,7.0,6.0,6.0,3.0,4.0,7.0,0.0,0,0.0,0,0.00029,22.5,77319.58762886598,22.493475,0.066006600660066,4.0,4.0,0.026072923
0022401112,1610612753,Orlando,Magic,ORL,magic,1641710,Anthony,Black,A. Black,anthony-black,,,,22:41,22.683333333333334,3,10,0.3,0,3,0.0,0,1,0.0,1,2,3,4,1,2,0,2,6,12.0,0022401112,Anthony Black,anthony black,,,2025-04-03,3,0.26451138868479057,0.0440852314474651,0.13225569434239529,0.1763409257898604,0.1763409257898604,7.0,4.0,5.0,4.0,3.0,1.0,2.0,6.0,2.0,0,0.0,0,0.00192,27.0,14055.179593961479,26.948159999999998,0.13225569434239529,2.0,2.0,0.5120408
0022401112,1610612753,Orlando,Magic,ORL,magic,1630175,Cole,Anthony,C. Anthony,cole-anthony,,,,14:04,14.066666666666666,2,5,0.4,2,5,0.4,2,2,1.0,0,1,1,0,0,1,0,1,8,-2.0,0022401112,Cole Anthony,cole anthony,,,2025-04-03,1,0.5687203791469194,0.0,0.07109004739336493,0.0,0.07109004739336493,5.0,7.0,10.0,9.0,6.0,3.0,10.0,8.0,1.0,0,0.0,0,0.0017100000000000001,-17.4,-10169.491525423728,-17.370245999999998,0.07109004739336493,4.0,8.0,0.14077881
0022401112,1610612753,Orlando,Magic,ORL,magic,1628371,Jonathan,Isaac,J. Isaac,jonathan-isaac,,,,13:36,13.6,1,4,0.25,0,0,0.0,2,2,1.0,3,1,4,1,2,2,1,0,4,10.0,0022401112,Jonathan Isaac,jonathan isaac,,,2025-04-03,4,0.29411764705882354,0.22058823529411764,0.29411764705882354,0.07352941176470588,0.5147058823529412,8.0,2.0,4.0,6.0,1.0,1.0,3.0,9.0,3.0,0,0.0,0,0.0017599999999999998,37.0,21010.78932424759,36.93488,0.29411764705882354,1.0,1.0,0.17876391
0022401112,1610612753,Orlando,Magic,ORL,magic,1631216,Caleb,Houstan,C. Houstan,caleb-houstan,,,,10:49,10.816666666666666,0,1,0.0,0,1,0.0,0,0,0.0,1,1,2,0,0,0,0,1,0,7.0,0022401112,Caleb Houstan,caleb houstan,,,2025-04-03,0,0.0,0.09244992295839753,0.18489984591679506,0.0,0.09244992295839753,9.0,4.0,7.0,9.0,6.0,7.0,4.0,10.0,1.0,0,0.0,0,0.00037999999999999997,35.0,91863.51706036746,34.9867,0.0,9.0,6.0,0.010013717
0022401112,1610612753,Orlando,Magic,ORL,magic,1629048,Goga,Bitadze,G. Bitadze,goga-bitadze,,,,2:32,2.533333333333333,0,0,0.0,0,0,0.0,0,0,0.0,0,0,0,0,0,0,0,0,0,4.0,0022401112,Goga Bitadze,goga bitadze,,,2025-04-03,0,0.0,0.0,0.0,0.0,0.0,9.0,7.0,11.0,9.0,6.0,7.0,8.0,11.0,0.0,0,0.0,0,0.0,47.6,47600000.0,47.6,0.0,9.0,11.0,0.0035139618
0022401149,1610612753,Orlando,Magic,ORL,magic,1630532,Franz,Wagner,F. Wagner,franz-wagner,F,,,39:41,39.68333333333333,8,20,0.4,2,7,0.286,4,4,1.0,1,5,6,6,2,1,2,2,22,1.0,0022401149,Franz Wagner,franz wagner,,,2025-04-08,3,0.5543889122217556,0.0251994960100798,0.1511969760604788,0.1511969760604788,0.1007979840403192,2.0,3.0,3.0,1.0,3.0,2.0,6.0,1.0,3.0,0,0.0,0,0.00247,-1.9,-768.9194658033184,-1.895307,0.0755984880302394,2.0,4.0,0.6450657
0022401149,1610612753,Orlando,Magic,ORL,magic,1631094,Paolo,Banchero,P. Banchero,paolo-banchero,F,,,37:17,37.28333333333333,12,24,0.5,2,5,0.4,7,10,0.7,0,10,10,4,0,1,3,4,33,11.0,0022401149,Paolo Banchero,paolo banchero,,,2025-04-08,1,0.8851139919535093,0.0,0.2682163611980331,0.10728654447921324,0.02682163611980331,1.0,7.0,1.0,2.0,5.0,2.0,4.0,2.0,1.0,0,0.0,0,0.00368,13.1,3558.815539255637,13.051791999999999,0.02682163611980331,5.0,9.0,0.7432729
0022401149,1610612753,Orlando,Magic,ORL,magic,1628976,Wendell,Carter Jr.,W. Carter Jr.,wendell-carter-jr,C,,,36:52,36.86666666666667,6,9,0.667,1,3,0.333,4,6,0.667,5,4,9,2,6,3,4,2,17,12.0,0022401149,Wendell Carter Jr.,wendell carter jr,,,2025-04-08,9,0.46112115732368897,0.13562386980108498,0.244122965641953,0.054249547920433995,0.37974683544303794,3.0,1.0,2.0,3.0,1.0,1.0,3.0,3.0,5.0,0,0.0,0,0.0018599999999999999,14.6,7845.244492208491,14.572844,0.244122965641953,1.0,1.0,0.8446707
0022401149,1610612753,Orlando,Magic,ORL,magic,203484,Kentavious,Caldwell-Pope,K. Caldwell-Pope,kentavious-caldwell-pope,G,,,32:35,32.583333333333336,5,8,0.625,3,6,0.5,2,3,0.667,0,3,3,2,3,0,1,0,15,15.0,0022401149,Kentavious Caldwell-Pope,kentavious caldwell-pope,,,2025-04-08,3,0.46035805626598464,0.0,0.09207161125319692,0.06138107416879795,0.09207161125319692,4.0,7.0,6.0,3.0,2.0,5.0,1.0,4.0,6.0,0,0.0,0,0.0013,22.4,17217.524980784012,22.37088,0.09207161125319692,2.0,6.0,0.7292069
0022401149,1610612753,Orlando,Magic,ORL,magic,202709,Cory,Joseph,C. Joseph,cory-joseph,G,,,26:08,26.133333333333333,3,6,0.5,2,5,0.4,0,0,0.0,1,4,5,1,2,0,1,2,8,13.0,0022401149,Cory Joseph,cory joseph,,,2025-04-08,2,0.30612244897959184,0.03826530612244898,0.1913265306122449,0.03826530612244898,0.11479591836734694,5.0,3.0,4.0,8.0,3.0,5.0,2.0,5.0,1.0,0,0.0,0,0.00111,22.2,19981.99819981998,22.175358,0.07653061224489796,4.0,3.0,0.27927756
0022401149,1610612753,Orlando,Magic,ORL,magic,1631216,Caleb,Houstan,C. Houstan,caleb-houstan,,,,17:02,17.033333333333335,2,5,0.4,2,5,0.4,1,1,1.0,1,1,2,2,0,0,0,1,7,-1.0,0022401149,Caleb Houstan,caleb houstan,,,2025-04-08,0,0.410958904109589,0.05870841487279843,0.11741682974559686,0.11741682974559686,0.05870841487279843,7.0,3.0,7.0,3.0,5.0,5.0,7.0,7.0,0.0,0,0.0,0,0.0011899999999999999,-10.0,-8396.30562552477,-9.9881,0.0,7.0,7.0,0.074754834
0022401149,1610612753,Orlando,Magic,ORL,magic,1641710,Anthony,Black,A. Black,anthony-black,,,,21:07,21.116666666666667,3,7,0.429,1,2,0.5,1,1,1.0,0,1,1,2,0,1,0,3,8,-6.0,0022401149,Anthony Black,anthony black,,,2025-04-08,1,0.3788476716653512,0.0,0.0473559589581689,0.0947119179163378,0.0473559589581689,5.0,7.0,9.0,3.0,5.0,2.0,9.0,6.0,3.0,0,0.0,0,0.0014000000000000002,-14.0,-9992.862241256245,-13.980400000000001,0.0473559589581689,5.0,8.0,0.06836933
0022401149,1610612753,Orlando,Magic,ORL,magic,1630175,Cole,Anthony,C. Anthony,cole-anthony,,,,10:15,10.25,0,1,0.0,0,0,0.0,1,2,0.5,1,1,2,2,0,0,0,2,1,-7.0,0022401149,Cole Anthony,cole anthony,,,2025-04-08,0,0.0975609756097561,0.0975609756097561,0.1951219512195122,0.1951219512195122,0.0975609756097561,10.0,3.0,7.0,3.0,5.0,5.0,10.0,9.0,0.0,0,0.0,0,0.00077,-48.9,-63424.12451361868,-48.862347,0.0,7.0,5.0,0.0068579717
0022401149,1610612753,Orlando,Magic,ORL,magic,1628371,Jonathan,Isaac,J. Isaac,jonathan-isaac,,,,11:08,11.133333333333333,2,3,0.667,0,0,0.0,1,4,0.25,4,1,5,1,0,0,2,3,5,-5.0,0022401149,Jonathan Isaac,jonathan isaac,,,2025-04-08,0,0.44910179640718567,0.3592814371257485,0.44910179640718567,0.08982035928143713,0.3592814371257485,8.0,2.0,4.0,8.0,5.0,5.0,8.0,8.0,0.0,0,0.0,0,0.00241,-21.7,-9000.414765657404,-21.647703,0.0,7.0,2.0,0.03441371
0022401149,1610612753,Orlando,Magic,ORL,magic,203914,Gary,Harris,G. Harris,gary-harris,,,,7:55,7.916666666666667,1,1,1.0,1,1,1.0,0,0,0.0,0,0,0,1,0,0,0,1,3,2.0,0022401149,Gary Harris,gary harris,,,2025-04-08,0,0.37894736842105264,0.0,0.0,0.12631578947368421,0.0,9.0,7.0,10.0,8.0,5.0,5.0,5.0,10.0,0.0,0,0.0,0,0.00048,18.1,37629.93762993763,18.091312000000002,0.0,7.0,10.0,0.010367129
0022401156,1610612753,Orlando,Magic,ORL,magic,1630532,Franz,Wagner,F. Wagner,franz-wagner,F,,,25:56,25.933333333333334,9,17,0.529,2,4,0.5,3,3,1.0,1,7,8,2,2,0,1,0,23,18.0,0022401156,Franz Wagner,franz wagner,,,2025-04-09,2,0.8868894601542416,0.038560411311053984,0.30848329048843187,0.07712082262210797,0.11568123393316196,1.0,5.0,1.0,4.0,1.0,3.0,4.0,3.0,1.0,0,1.0,0,0.00302,33.3,11022.840119165838,33.199434,0.07712082262210797,2.0,5.0,0.61772525
0022401156,1610612753,Orlando,Magic,ORL,magic,1631094,Paolo,Banchero,P. Banchero,paolo-banchero,F,,,28:55,28.916666666666668,6,17,0.353,2,7,0.286,1,2,0.5,2,2,4,6,0,0,1,1,15,4.0,0022401156,Paolo Banchero,paolo banchero,,,2025-04-09,0,0.5187319884726225,0.06916426512968299,0.13832853025936598,0.207492795389049,0.06916426512968299,3.0,2.0,5.0,1.0,4.0,3.0,6.0,2.0,0.0,0,0.0,0,0.00317,5.7,1797.5402081362345,5.6819310000000005,0.0,5.0,6.0,0.38848817
0022401156,1610612753,Orlando,Magic,ORL,magic,1628976,Wendell,Carter Jr.,W. Carter Jr.,wendell-carter-jr,C,,,21:33,21.55,4,7,0.571,0,2,0.0,0,0,0.0,0,3,3,1,1,0,3,3,8,0.0,0022401156,Wendell Carter Jr.,wendell carter jr,,,2025-04-09,1,0.37122969837587005,0.0,0.13921113689095127,0.04640371229698376,0.04640371229698376,4.0,8.0,7.0,8.0,3.0,3.0,9.0,6.0,2.0,0,0.0,0,0.00222,-2.1,-945.5200360198108,-2.095338,0.04640371229698376,4.0,7.0,0.16685577
0022401156,1610612753,Orlando,Magic,ORL,magic,203484,Kentavious,Caldwell-Pope,K. Caldwell-Pope,kentavious-caldwell-pope,G,,,7:14,7.233333333333333,0,1,0.0,0,1,0.0,0,0,0.0,0,2,2,0,0,0,1,0,0,-1.0,0022401156,Kentavious Caldwell-Pope,kentavious caldwell-pope,,,2025-04-09,0,0.0,0.0,0.2764976958525346,0.0,0.0,12.0,8.0,9.0,11.0,4.0,3.0,10.0,11.0,0.0,0,0.0,0,0.0011799999999999998,-10.4,-8806.096528365793,-10.387728000000001,0.0,5.0,9.0,0.004148625
0022401156,1610612753,Orlando,Magic,ORL,magic,202709,Cory,Joseph,C. Joseph,cory-joseph,G,,,18:34,18.566666666666666,1,4,0.25,1,3,0.333,0,0,0.0,0,1,1,3,0,0,0,0,3,-3.0,0022401156,Cory Joseph,cory joseph,,,2025-04-09,0,0.1615798922800718,0.0,0.05385996409335727,0.1615798922800718,0.0,10.0,8.0,12.0,2.0,4.0,3.0,13.0,8.0,0.0,0,0.0,0,0.0010299999999999999,-13.2,-12803.10378273521,-13.186404,0.0,5.0,9.0,0.012047552
0022401156,1610612753,Orlando,Magic,ORL,magic,1631216,Caleb,Houstan,C. Houstan,caleb-houstan,,,,25:33,25.55,2,4,0.5,1,3,0.333,0,0,0.0,2,2,4,2,0,2,1,0,5,1.0,0022401156,Caleb Houstan,caleb houstan,,,2025-04-09,2,0.19569471624266144,0.07827788649706457,0.15655577299412915,0.07827788649706457,0.15655577299412915,8.0,2.0,5.0,4.0,4.0,1.0,7.0,4.0,1.0,0,0.0,0,0.00096,0.2,208.1165452653486,0.199808,0.07827788649706457,2.0,2.0,0.05653374
0022401156,1610612753,Orlando,Magic,ORL,magic,1641710,Anthony,Black,A. Black,anthony-black,,,,33:18,33.3,2,9,0.222,2,5,0.4,0,0,0.0,1,4,5,2,2,1,2,1,6,14.0,0022401156,Anthony Black,anthony black,,,2025-04-09,3,0.1801801801801802,0.030030030030030033,0.15015015015015015,0.060060060060060066,0.12012012012012013,5.0,5.0,4.0,4.0,1.0,2.0,5.0,1.0,5.0,0,0.0,0,0.00149,20.8,13950.368879946345,20.769008,0.0900900900900901,1.0,4.0,0.08511024
0022401156,1610612753,Orlando,Magic,ORL,magic,1630175,Cole,Anthony,C. Anthony,cole-anthony,,,,21:51,21.85,6,13,0.462,5,10,0.5,1,1,1.0,1,7,8,3,0,0,1,1,18,22.0,0022401156,Cole Anthony,cole anthony,,,2025-04-09,0,0.8237986270022882,0.04576659038901602,0.36613272311212813,0.13729977116704806,0.04576659038901602,2.0,5.0,1.0,2.0,4.0,3.0,2.0,5.0,0.0,0,0.0,0,0.0025900000000000003,46.2,17830.95329988421,46.080342,0.0,5.0,8.0,0.9037888
0022401156,1610612753,Orlando,Magic,ORL,magic,1629048,Goga,Bitadze,G. Bitadze,goga-bitadze,,,,20:44,20.733333333333334,3,7,0.429,0,1,0.0,0,0,0.0,3,4,7,2,0,0,0,3,6,21.0,0022401156,Goga Bitadze,goga bitadze,,,2025-04-09,0,0.28938906752411575,0.14469453376205788,0.337620578778135,0.09646302250803858,0.14469453376205788,5.0,1.0,3.0,4.0,4.0,3.0,3.0,7.0,1.0,0,0.0,0,0.0014299999999999998,52.5,36687.63102725367,52.424924999999995,0.0,5.0,3.0,0.37014636
0022401156,1610612753,Orlando,Magic,ORL,magic,203914,Gary,Harris,G. Harris,gary-harris,,,,13:13,13.216666666666667,2,3,0.667,2,3,0.667,0,0,0.0,0,0,0,0,0,0,0,0,6,25.0,0022401156,Gary Harris,gary harris,,,2025-04-09,0,0.45397225725094575,0.0,0.0,0.0,0.0,5.0,8.0,13.0,11.0,4.0,3.0,1.0,9.0,1.0,0,0.0,0,0.00097,102.9,105973.22348094748,102.80018700000001,0.0,5.0,9.0,0.23439291
0022401156,1610612753,Orlando,Magic,ORL,magic,1641783,Tristan,da Silva,T. da Silva,tristan-da-silva,,,,12:00,12.0,2,6,0.333,1,3,0.333,0,0,0.0,2,1,3,1,0,0,0,0,5,1.0,0022401156,Tristan da Silva,tristan da silva,,,2025-04-09,0,0.4166666666666667,0.16666666666666666,0.25,0.08333333333333333,0.16666666666666666,8.0,2.0,7.0,8.0,4.0,3.0,7.0,10.0,1.0,0,0.0,0,0.00231,1.4,605.7983556901773,1.396766,0.0,5.0,1.0,0.046015836
0022401156,1610612753,Orlando,Magic,ORL,magic,1630243,Trevelin,Queen,T. Queen,trevelin-queen,,,,5:35,5.583333333333333,0,2,0.0,0,2,0.0,1,2,0.5,0,2,2,0,0,0,0,0,1,-1.0,0022401156,Trevelin Queen,trevelin queen,,,2025-04-09,0,0.17910447761194032,0.0,0.35820895522388063,0.0,0.0,11.0,8.0,9.0,11.0,4.0,3.0,10.0,12.0,2.0,0,0.0,0,0.003,-20.0,-6664.445184938353,-19.94,0.0,5.0,9.0,0.0045381906
0022401156,1610612753,Orlando,Magic,ORL,magic,1641724,Jett,Howard,J. Howard,jett-howard,,,,5:35,5.583333333333333,0,1,0.0,0,1,0.0,0,0,0.0,0,2,2,1,0,0,0,0,0,-1.0,0022401156,Jett Howard,jett howard,,,2025-04-09,0,0.0,0.0,0.35820895522388063,0.17910447761194032,0.0,12.0,8.0,9.0,8.0,4.0,3.0,10.0,12.0,,1,,1,0.001,-20.0,-19980.01998001998,-19.98,0.0,5.0,9.0,0.0038851222
0022401172,1610612753,Orlando,Magic,ORL,magic,1641783,Tristan,da Silva,T. da Silva,tristan-da-silva,F,,,34:09,34.15,6,13,0.462,0,3,0.0,2,2,1.0,0,3,3,2,3,2,2,4,14,-3.0,0022401172,Tristan da Silva,tristan da silva,,,2025-04-11,5,0.40995607613469986,0.0,0.08784773060029283,0.05856515373352855,0.14641288433382138,4.0,7.0,6.0,7.0,1.0,3.0,8.0,1.0,5.0,0,0.0,0,0.00193,-2.5,-1294.6659761781461,-2.495175,0.14641288433382138,1.0,6.0,0.5855281
0022401172,1610612753,Orlando,Magic,ORL,magic,1631216,Caleb,Houstan,C. Houstan,caleb-houstan,F,,,29:36,29.6,4,6,0.667,2,4,0.5,0,0,0.0,1,4,5,2,3,0,1,2,10,21.0,0022401172,Caleb Houstan,caleb houstan,,,2025-04-11,3,0.33783783783783783,0.03378378378378378,0.16891891891891891,0.06756756756756756,0.13513513513513511,7.0,3.0,3.0,7.0,1.0,6.0,3.0,3.0,1.0,0,0.0,0,0.0009,33.1,36736.958934517206,33.07021,0.10135135135135134,3.0,7.0,0.41074523
0022401172,1610612753,Orlando,Magic,ORL,magic,1629048,Goga,Bitadze,G. Bitadze,goga-bitadze,C,,,22:34,22.566666666666666,3,5,0.6,0,1,0.0,5,6,0.833,2,5,7,3,1,2,1,1,11,37.0,0022401172,Goga Bitadze,goga bitadze,,,2025-04-11,3,0.4874446085672083,0.08862629246676514,0.310192023633678,0.1329394387001477,0.22156573116691286,6.0,1.0,1.0,6.0,5.0,3.0,1.0,6.0,1.0,0,0.0,0,0.00148,77.2,52126.941255908176,77.085744,0.1329394387001477,3.0,2.0,0.72378695
0022401172,1610612753,Orlando,Magic,ORL,magic,203914,Gary,Harris,G. Harris,gary-harris,G,,,17:19,17.316666666666666,4,8,0.5,2,3,0.667,0,0,0.0,1,1,2,0,0,0,2,0,10,4.0,0022401172,Gary Harris,gary harris,,,2025-04-11,0,0.5774783445620789,0.057747834456207896,0.11549566891241579,0.0,0.057747834456207896,7.0,3.0,7.0,10.0,8.0,6.0,6.0,9.0,0.0,0,0.0,0,0.00222,15.4,6933.813597478613,15.365812,0.0,10.0,9.0,0.42687806
0022401172,1610612753,Orlando,Magic,ORL,magic,202709,Cory,Joseph,C. Joseph,cory-joseph,G,,,6:16,6.266666666666667,1,2,0.5,0,1,0.0,0,0,0.0,1,0,1,5,1,0,0,1,2,1.0,0022401172,Cory Joseph,cory joseph,,,2025-04-11,1,0.3191489361702128,0.1595744680851064,0.1595744680851064,0.7978723404255319,0.3191489361702128,10.0,3.0,9.0,2.0,5.0,6.0,7.0,10.0,1.0,0,0.0,0,0.00105,-1.4,-1332.0647002854425,-1.3985299999999998,0.1595744680851064,8.0,1.0,0.013296915
0022401172,1610612753,Orlando,Magic,ORL,magic,1630175,Cole,Anthony,C. Anthony,cole-anthony,,,,20:15,20.25,3,5,0.6,1,3,0.333,0,0,0.0,0,2,2,4,0,3,3,4,7,-22.0,0022401172,Cole Anthony,cole anthony,,,2025-04-11,3,0.345679012345679,0.0,0.09876543209876543,0.19753086419753085,0.14814814814814814,9.0,7.0,7.0,3.0,8.0,1.0,10.0,7.0,1.0,0,0.0,0,0.00182,-54.4,-29873.695771554092,-54.300991999999994,0.14814814814814814,3.0,5.0,0.057911437
0022401172,1610612753,Orlando,Magic,ORL,magic,1641710,Anthony,Black,A. Black,anthony-black,,,,31:18,31.3,9,16,0.563,0,1,0.0,3,3,1.0,1,5,6,7,2,0,5,5,21,22.0,0022401172,Anthony Black,anthony black,,,2025-04-11,2,0.6709265175718849,0.03194888178913738,0.19169329073482427,0.22364217252396165,0.09584664536741214,2.0,3.0,2.0,1.0,4.0,6.0,2.0,2.0,2.0,0,0.0,0,0.00293,34.7,11838.962811327194,34.59832900000001,0.06389776357827476,7.0,8.0,0.66907746
0022401172,1610612753,Orlando,Magic,ORL,magic,1628371,Jonathan,Isaac,J. Isaac,jonathan-isaac,,,,19:21,19.35,3,7,0.429,1,3,0.333,5,5,1.0,0,4,4,4,1,3,2,4,12,-13.0,0022401172,Jonathan Isaac,jonathan isaac,,,2025-04-11,4,0.6201550387596899,0.0,0.20671834625322996,0.20671834625322996,0.20671834625322996,5.0,7.0,5.0,3.0,5.0,1.0,9.0,8.0,1.0,0,0.0,0,0.00262,-34.9,-13315.528424265547,-34.808562,0.20671834625322996,2.0,3.0,0.17879802
0022401172,1610612753,Orlando,Magic,ORL,magic,1641724,Jett,Howard,J. Howard,jett-howard,,,,29:36,29.6,7,12,0.583,2,7,0.286,1,3,0.333,0,0,0,1,0,1,3,6,17,10.0,0022401172,Jett Howard,jett howard,,,2025-04-11,1,0.5743243243243243,0.0,0.0,0.03378378378378378,0.03378378378378378,3.0,7.0,10.0,9.0,8.0,5.0,5.0,3.0,1.0,0,0.0,0,0.0023499999999999997,15.6,6635.474266269673,15.56334,0.03378378378378378,8.0,10.0,0.6953554
0022401172,1610612753,Orlando,Magic,ORL,magic,1630243,Trevelin,Queen,T. Queen,trevelin-queen,,,,29:36,29.6,9,11,0.818,5,6,0.833,2,2,1.0,2,3,5,4,3,0,0,1,25,13.0,0022401172,Trevelin Queen,trevelin queen,,,2025-04-11,3,0.8445945945945945,0.06756756756756756,0.16891891891891891,0.13513513513513511,0.16891891891891891,1.0,1.0,3.0,3.0,1.0,6.0,4.0,3.0,6.0,0,0.0,0,0.0017100000000000001,21.7,12682.641729982466,21.662893,0.10135135135135134,3.0,4.0,0.9030362
0022401186,1610612753,Orlando,Magic,ORL,magic,1641783,Tristan,da Silva,T. da Silva,tristan-da-silva,F,,,36:52,36.86666666666667,5,13,0.385,4,6,0.667,0,0,0.0,2,5,7,6,0,0,1,1,14,-27.0,0022401186,Tristan da Silva,tristan da silva,,,2025-04-13,0,0.37974683544303794,0.054249547920433995,0.18987341772151897,0.162748643761302,0.054249547920433995,3.0,3.0,3.0,1.0,9.0,4.0,10.0,1.0,1.0,0,0.0,0,0.0016300000000000002,-37.8,-23175.96566523605,-37.738386,0.0,9.0,9.0,0.44196522
0022401186,1610612753,Orlando,Magic,ORL,magic,1628371,Jonathan,Isaac,J. Isaac,jonathan-isaac,F,,,18:57,18.95,5,9,0.556,0,2,0.0,2,2,1.0,4,6,10,2,1,3,1,0,12,21.0,0022401186,Jonathan Isaac,jonathan isaac,,,2025-04-13,4,0.633245382585752,0.21108179419525067,0.5277044854881267,0.10554089709762533,0.42216358839050133,5.0,1.0,1.0,5.0,3.0,1.0,1.0,6.0,2.0,0,0.0,0,0.00234,48.2,20589.491670226398,48.087212,0.21108179419525067,1.0,1.0,0.92127675
0022401186,1610612753,Orlando,Magic,ORL,magic,1628976,Wendell,Carter Jr.,W. Carter Jr.,wendell-carter-jr,C,,,17:24,17.4,1,7,0.143,0,2,0.0,2,3,0.667,0,3,3,2,1,0,0,0,4,-14.0,0022401186,Wendell Carter Jr.,wendell carter jr,,,2025-04-13,1,0.2298850574712644,0.0,0.1724137931034483,0.1149425287356322,0.0574712643678161,8.0,5.0,6.0,5.0,3.0,4.0,8.0,8.0,2.0,0,0.0,0,0.0020499999999999997,-36.3,-17698.683568990735,-36.225584999999995,0.0574712643678161,5.0,6.0,0.010639513
0022401186,1610612753,Orlando,Magic,ORL,magic,203484,Kentavious,Caldwell-Pope,K. Caldwell-Pope,kentavious-caldwell-pope,G,,,5:13,5.216666666666667,1,4,0.25,0,3,0.0,0,0,0.0,0,0,0,1,1,0,0,0,2,0.0,0022401186,Kentavious Caldwell-Pope,kentavious caldwell-pope,,,2025-04-13,1,0.38338658146964855,0.0,0.0,0.19169329073482427,0.19169329073482427,9.0,5.0,9.0,8.0,3.0,4.0,3.0,10.0,2.0,0,0.0,0,0.00308,0.0,0.0,0.0,0.19169329073482427,5.0,3.0,0.009039758
0022401186,1610612753,Orlando,Magic,ORL,magic,1641710,Anthony,Black,A. Black,anthony-black,G,,,36:35,36.583333333333336,7,16,0.438,3,5,0.6,3,4,0.75,2,8,10,2,3,1,1,0,20,-8.0,0022401186,Anthony Black,anthony black,,,2025-04-13,4,0.5466970387243736,0.05466970387243735,0.2733485193621868,0.05466970387243735,0.16400911161731208,1.0,3.0,1.0,5.0,1.0,2.0,5.0,2.0,4.0,0,0.0,0,0.0022400000000000002,-8.9,-3971.4413208389105,-8.880064,0.1093394077448747,1.0,4.0,0.8585919
0022401186,1610612753,Orlando,Magic,ORL,magic,1641724,Jett,Howard,J. Howard,jett-howard,,,,33:09,33.15,7,13,0.538,2,7,0.286,0,0,0.0,0,1,1,1,0,0,6,3,16,-10.0,0022401186,Jett Howard,jett howard,,,2025-04-13,0,0.48265460030165913,0.0,0.030165912518853696,0.030165912518853696,0.0,2.0,5.0,7.0,8.0,9.0,4.0,7.0,4.0,0.0,0,0.0,0,0.00247,-14.3,-5787.130716309187,-14.264679000000001,0.0,9.0,10.0,0.29423115
0022401186,1610612753,Orlando,Magic,ORL,magic,1630175,Cole,Anthony,C. Anthony,cole-anthony,,,,13:01,13.016666666666667,1,3,0.333,0,1,0.0,0,0,0.0,0,0,0,3,1,0,0,0,2,11.0,0022401186,Cole Anthony,cole anthony,,,2025-04-13,1,0.15364916773367476,0.0,0.0,0.23047375160051214,0.07682458386683738,9.0,5.0,9.0,3.0,3.0,4.0,2.0,9.0,1.0,0,0.0,0,0.00091,39.3,43139.40724478594,39.264237,0.07682458386683738,5.0,5.0,0.018865211
0022401186,1610612753,Orlando,Magic,ORL,magic,203914,Gary,Harris,G. Harris,gary-harris,,,,17:40,17.666666666666668,4,4,1.0,4,4,1.0,0,0,0.0,0,1,1,1,1,0,1,0,12,-4.0,0022401186,Gary Harris,gary harris,,,2025-04-13,1,0.6792452830188679,0.0,0.056603773584905655,0.056603773584905655,0.056603773584905655,5.0,5.0,7.0,8.0,3.0,4.0,4.0,7.0,1.0,0,0.0,0,0.00116,-18.1,-15590.00861326443,-18.079004,0.056603773584905655,5.0,8.0,0.7512405
0022401186,1610612753,Orlando,Magic,ORL,magic,1629048,Goga,Bitadze,G. Bitadze,goga-bitadze,,,,25:55,25.916666666666668,4,9,0.444,0,1,0.0,2,4,0.5,4,2,6,4,1,1,2,2,10,-9.0,0022401186,Goga Bitadze,goga bitadze,,,2025-04-13,2,0.3858520900321543,0.15434083601286172,0.2315112540192926,0.15434083601286172,0.2315112540192926,7.0,1.0,4.0,2.0,3.0,2.0,6.0,5.0,1.0,0,0.0,0,0.00217,-17.0,-7830.49286043298,-16.96311,0.07717041800643086,3.0,2.0,0.33885425
0022401186,1610612753,Orlando,Magic,ORL,magic,1631216,Caleb,Houstan,C. Houstan,caleb-houstan,,,,35:14,35.233333333333334,5,10,0.5,2,4,0.5,1,2,0.5,0,5,5,3,2,0,2,2,13,-20.0,0022401186,Caleb Houstan,caleb houstan,,,2025-04-13,2,0.36896877956480606,0.0,0.14191106906338694,0.08514664143803216,0.056764427625354774,4.0,5.0,5.0,3.0,2.0,4.0,9.0,3.0,3.0,0,0.0,0,0.00157,-26.7,-16995.544239338004,-26.658081,0.056764427625354774,3.0,7.0,0.37202108
