gameId,teamId,teamCity,teamName,teamTricode,teamSlug,personId,firstName,familyName,nameI,playerSlug,position,comment,jerseyNum,minutes,minutes_decimal,fieldGoalsMade,fieldGoalsAttempted,fieldGoalsPercentage,threePointersMade,threePointersAttempted,threePointersPercentage,freeThrowsMade,freeThrowsAttempted,freeThrowsPercentage,reboundsOffensive,reboundsDefensive,reboundsTotal,assists,steals,blocks,turnovers,foulsPersonal,points,plusMinusPoints,GAME_ID,player_name,player_name_key,y,winner_names,game_date,stocks,points_per_min,oreb_per_min,reb_per_min,ast_per_min,hustle_proxy,points_rank,reboundsOffensive_rank,reboundsTotal_rank,assists_rank,steals_rank,blocks_rank,plusMinusPoints_rank,minutes_decimal_rank,deflections,deflections_missing,charges_drawn,charges_drawn_missing,usage_rate,net_rating,impact_efficiency,role_outperformance,stocks_per_min,stocks_rank,hustle_proxy_rank,pred_prob
0022400076,1610612758,Sacramento,Kings,SAC,kings,201942,DeMar,DeRozan,D. DeRozan,demar-derozan,F,,,42:32,42.53333333333333,7,18,0.389,0,2,0.0,12,14,0.857,1,7,8,2,1,0,2,0,26,8.0,0022400076,DeMar DeRozan,demar derozan,,,2024-10-24,1,0.6112852664576803,0.023510971786833857,0.18808777429467086,0.047021943573667714,0.047021943573667714,1.0,2.0,2.0,3.0,3.0,3.0,3.0,2.0,1.0,0,0.0,0,0.0028100000000000004,6.4,2276.769832799715,6.382016,0.023510971786833857,3.0,5.0,0.6246565
0022400076,1610612758,Sacramento,Kings,SAC,kings,1631099,Keegan,Murray,K. Murray,keegan-murray,F,,,43:00,43.0,8,17,0.471,5,10,0.5,2,2,1.0,2,9,11,2,0,0,0,3,23,9.0,0022400076,Keegan Murray,keegan murray,,,2024-10-24,0,0.5348837209302325,0.046511627906976744,0.2558139534883721,0.046511627906976744,0.046511627906976744,3.0,1.0,1.0,3.0,6.0,3.0,1.0,1.0,1.0,0,1.0,0,0.00182,7.4,4063.7012630422846,7.386532,0.0,7.0,6.0,0.9170718
0022400076,1610612758,Sacramento,Kings,SAC,kings,1627734,Domantas,Sabonis,D. Sabonis,domantas-sabonis,C,,,38:10,38.166666666666664,8,13,0.615,3,4,0.75,5,8,0.625,1,7,8,1,2,1,4,4,24,-2.0,0022400076,Domantas Sabonis,domantas sabonis,,,2024-10-24,3,0.62882096069869,0.026200873362445417,0.20960698689956334,0.026200873362445417,0.10480349344978167,2.0,2.0,2.0,5.0,1.0,1.0,6.0,3.0,3.0,0,0.0,0,0.0023599999999999997,-5.1,-2160.10165184244,-5.0879639999999995,0.07860262008733625,1.0,3.0,0.7775697
0022400076,1610612758,Sacramento,Kings,SAC,kings,1628989,Kevin,Huerter,K. Huerter,kevin-huerter,G,,,19:36,19.6,1,4,0.25,0,3,0.0,0,0,0.0,0,4,4,0,0,0,0,2,2,9.0,0022400076,Kevin Huerter,kevin huerter,,,2024-10-24,0,0.1020408163265306,0.0,0.2040816326530612,0.0,0.0,8.0,4.0,4.0,7.0,6.0,3.0,1.0,6.0,0.0,0,0.0,0,0.00091,24.0,26344.676180021954,23.978160000000003,0.0,7.0,8.0,0.021997651
0022400076,1610612758,Sacramento,Kings,SAC,kings,1628368,De'Aaron,Fox,D. Fox,deaaron-fox,G,,,37:09,37.15,6,14,0.429,1,4,0.25,2,2,1.0,0,2,2,11,1,0,2,3,15,2.0,0022400076,De'Aaron Fox,de'aaron fox,,,2024-10-24,1,0.4037685060565276,0.0,0.05383580080753701,0.2960969044414536,0.026917900403768506,5.0,4.0,5.0,1.0,3.0,3.0,4.0,4.0,4.0,0,0.0,0,0.0019500000000000001,-0.4,-205.02306509482318,-0.39922,0.026917900403768506,3.0,7.0,0.61337674
0022400076,1610612758,Sacramento,Kings,SAC,kings,1628370,Malik,Monk,M. Monk,malik-monk,,,,26:24,26.4,6,9,0.667,1,2,0.5,4,5,0.8,0,1,1,4,0,0,0,1,17,-7.0,0022400076,Malik Monk,malik monk,,,2024-10-24,0,0.6439393939393939,0.0,0.03787878787878788,0.15151515151515152,0.0,4.0,4.0,7.0,2.0,6.0,3.0,8.0,5.0,0.0,0,0.0,0,0.0017699999999999999,-18.1,-10220.214568040657,-18.067963,0.0,7.0,8.0,0.6773223
0022400076,1610612758,Sacramento,Kings,SAC,kings,1631165,Keon,Ellis,K. Ellis,keon-ellis,,,,11:12,11.2,0,1,0.0,0,0,0.0,2,2,1.0,0,1,1,0,2,0,0,1,2,-12.0,0022400076,Keon Ellis,keon ellis,,,2024-10-24,2,0.17857142857142858,0.0,0.08928571428571429,0.0,0.17857142857142858,8.0,4.0,7.0,7.0,1.0,3.0,9.0,7.0,2.0,0,0.0,0,0.0007099999999999999,-46.2,-64978.902953586505,-46.167198000000006,0.17857142857142858,2.0,1.0,0.0077092377
0022400076,1610612758,Sacramento,Kings,SAC,kings,1626168,Trey,Lyles,T. Lyles,trey-lyles,,,,10:45,10.75,1,4,0.25,1,3,0.333,0,0,0.0,0,1,1,1,1,0,0,1,3,-14.0,0022400076,Trey Lyles,trey lyles,,,2024-10-24,1,0.27906976744186046,0.0,0.09302325581395349,0.09302325581395349,0.09302325581395349,6.0,4.0,7.0,5.0,3.0,3.0,10.0,8.0,0.0,0,1.0,0,0.00167,-50.4,-30161.57989228007,-50.315832,0.09302325581395349,3.0,4.0,0.031696767
0022400076,1610612758,Sacramento,Kings,SAC,kings,203458,Alex,Len,A. Len,alex-len,,,,5:41,5.683333333333334,1,1,1.0,0,0,0.0,1,2,0.5,0,2,2,0,0,1,1,1,3,0.0,0022400076,Alex Len,alex len,,,2024-10-24,1,0.5278592375366569,0.0,0.3519061583577712,0.0,0.1759530791788856,6.0,4.0,5.0,7.0,6.0,1.0,5.0,9.0,0.0,0,0.0,0,0.00188,-19.0,-10101.010101010103,-18.96428,0.1759530791788856,3.0,2.0,0.024796443
0022400076,1610612758,Sacramento,Kings,SAC,kings,203926,Doug,McDermott,D. McDermott,doug-mcdermott,,,,5:32,5.533333333333333,0,1,0.0,0,1,0.0,0,0,0.0,0,0,0,0,0,0,0,2,0,-3.0,0022400076,Doug McDermott,doug mcdermott,,,2024-10-24,0,0.0,0.0,0.0,0.0,0.0,10.0,4.0,10.0,7.0,6.0,3.0,7.0,10.0,,1,,1,0.00077,-25.0,-32425.421530479896,-24.98075,0.0,7.0,8.0,0.0032745572
0022400096,1610612758,Sacramento,Kings,SAC,kings,201942,DeMar,DeRozan,D. DeRozan,demar-derozan,F,,,37:13,37.21666666666667,9,12,0.75,2,3,0.667,3,4,0.75,0,0,0,3,3,0,2,2,23,-9.0,0022400096,DeMar DeRozan,demar derozan,,,2024-10-26,3,0.6180026869682042,0.0,0.0,0.0806090461262875,0.0806090461262875,3.0,4.0,8.0,4.0,1.0,5.0,7.0,3.0,6.0,0,0.0,0,0.0017599999999999998,-9.5,-5394.6621237932995,-9.48328,0.0806090461262875,2.0,5.0,0.82909787
0022400096,1610612758,Sacramento,Kings,SAC,kings,1631099,Keegan,Murray,K. Murray,keegan-murray,F,,,39:45,39.75,5,11,0.455,2,7,0.286,2,2,1.0,1,3,4,1,2,2,1,2,14,8.0,0022400096,Keegan Murray,keegan murray,,,2024-10-26,4,0.3522012578616352,0.025157232704402517,0.10062893081761007,0.025157232704402517,0.12578616352201258,4.0,2.0,3.0,5.0,2.0,1.0,3.0,2.0,4.0,0,0.0,0,0.00134,8.8,6562.266964951529,8.788208000000001,0.10062893081761007,1.0,3.0,0.69985306
0022400096,1610612758,Sacramento,Kings,SAC,kings,1627734,Domantas,Sabonis,D. Sabonis,domantas-sabonis,C,,,36:45,36.75,10,14,0.714,1,3,0.333,8,9,0.889,3,9,12,10,1,1,2,3,29,11.0,0022400096,Domantas Sabonis,domantas sabonis,,,2024-10-26,2,0.7891156462585034,0.08163265306122448,0.32653061224489793,0.272108843537415,0.1360544217687075,1.0,1.0,1.0,1.0,5.0,2.0,2.0,4.0,2.0,0,0.0,0,0.0023499999999999997,15.2,6465.333900467886,15.16428,0.05442176870748299,3.0,2.0,0.9570802
0022400096,1610612758,Sacramento,Kings,SAC,kings,1628989,Kevin,Huerter,K. Huerter,kevin-huerter,G,,,26:22,26.366666666666667,5,9,0.556,4,7,0.571,0,0,0.0,0,2,2,1,2,0,1,2,14,-29.0,0022400096,Kevin Huerter,kevin huerter,,,2024-10-26,2,0.5309734513274336,0.0,0.07585335018963338,0.03792667509481669,0.07585335018963338,4.0,4.0,6.0,5.0,2.0,5.0,9.0,6.0,7.0,0,0.0,0,0.0017499999999999998,-49.4,-28212.450028555115,-49.31355,0.07585335018963338,3.0,6.0,0.6585881
0022400096,1610612758,Sacramento,Kings,SAC,kings,1628368,De'Aaron,Fox,D. Fox,deaaron-fox,G,,,41:00,41.0,9,20,0.45,3,10,0.3,7,8,0.875,0,5,5,10,2,0,6,3,28,-5.0,0022400096,De'Aaron Fox,de'aaron fox,,,2024-10-26,2,0.6829268292682927,0.0,0.12195121951219512,0.24390243902439024,0.04878048780487805,2.0,4.0,2.0,1.0,2.0,5.0,5.0,1.0,2.0,0,0.0,0,0.003,-4.1,-1366.2112629123624,-4.0877,0.04878048780487805,3.0,7.0,0.71417457
0022400096,1610612758,Sacramento,Kings,SAC,kings,1628370,Malik,Monk,M. Monk,malik-monk,,,,27:50,27.833333333333332,6,14,0.429,2,7,0.286,0,0,0.0,0,3,3,5,1,0,0,3,14,20.0,0022400096,Malik Monk,malik monk,,,2024-10-26,1,0.5029940119760479,0.0,0.10778443113772455,0.17964071856287425,0.03592814371257485,4.0,4.0,5.0,3.0,5.0,5.0,1.0,5.0,1.0,0,0.0,0,0.00197,33.5,16996.44850329782,33.434005,0.03592814371257485,7.0,8.0,0.68253636
0022400096,1610612758,Sacramento,Kings,SAC,kings,1626168,Trey,Lyles,T. Lyles,trey-lyles,,,,18:37,18.616666666666667,1,6,0.167,1,6,0.167,2,2,1.0,1,3,4,1,1,1,0,3,5,-7.0,0022400096,Trey Lyles,trey lyles,,,2024-10-26,2,0.2685765443151298,0.05371530886302596,0.21486123545210384,0.05371530886302596,0.1611459265890779,7.0,2.0,3.0,5.0,5.0,2.0,6.0,7.0,0.0,0,0.0,0,0.00156,-11.1,-7110.826393337605,-11.082684,0.10743061772605192,3.0,1.0,0.03741401
0022400096,1610612758,Sacramento,Kings,SAC,kings,203458,Alex,Len,A. Len,alex-len,,,,9:17,9.283333333333333,0,2,0.0,0,1,0.0,0,0,0.0,0,2,2,1,0,1,2,1,0,-9.0,0022400096,Alex Len,alex len,,,2024-10-26,1,0.0,0.0,0.21543985637342908,0.10771992818671454,0.10771992818671454,8.0,4.0,6.0,5.0,8.0,2.0,7.0,8.0,0.0,0,0.0,0,0.00148,-43.3,-29237.002025658338,-43.235915999999996,0.10771992818671454,7.0,4.0,0.005307548
0022400096,1610612758,Sacramento,Kings,SAC,kings,1629162,Jordan,McLaughlin,J. McLaughlin,jordan-mclaughlin,,,,3:11,3.183333333333333,0,0,0.0,0,0,0.0,0,0,0.0,0,0,0,0,0,0,0,0,0,0.0,0022400096,Jordan McLaughlin,jordan mclaughlin,,,2024-10-26,0,0.0,0.0,0.0,0.0,0.0,8.0,4.0,8.0,9.0,8.0,5.0,4.0,9.0,,1,,1,0.0,0.0,0.0,0.0,0.0,9.0,9.0,0.0050744126
0022400112,1610612758,Sacramento,Kings,SAC,kings,201942,DeMar,DeRozan,D. DeRozan,demar-derozan,F,,,33:54,33.9,7,14,0.5,0,1,0.0,9,10,0.9,1,3,4,3,3,0,1,1,23,18.0,0022400112,DeMar DeRozan,demar derozan,,,2024-10-28,3,0.6784660766961652,0.029498525073746312,0.11799410029498525,0.08849557522123894,0.11799410029498525,2.0,3.0,4.0,4.0,1.0,5.0,1.0,3.0,4.0,0,1.0,0,0.0025,23.6,9436.22550979608,23.541000000000004,0.08849557522123894,1.0,4.0,0.867024
0022400112,1610612758,Sacramento,Kings,SAC,kings,1631099,Keegan,Murray,K. Murray,keegan-murray,F,,,33:12,33.2,2,9,0.222,0,3,0.0,2,2,1.0,4,4,8,2,0,0,1,5,6,11.0,0022400112,Keegan Murray,keegan murray,,,2024-10-28,0,0.18072289156626503,0.12048192771084336,0.24096385542168672,0.06024096385542168,0.12048192771084336,6.0,1.0,2.0,6.0,6.0,5.0,4.0,4.0,2.0,0,0.0,0,0.00151,20.9,13831.899404367967,20.868440999999997,0.0,8.0,3.0,0.113768764
0022400112,1610612758,Sacramento,Kings,SAC,kings,1627734,Domantas,Sabonis,D. Sabonis,domantas-sabonis,C,,,35:52,35.86666666666667,5,8,0.625,1,2,0.5,5,6,0.833,2,11,13,7,0,0,3,4,16,10.0,0022400112,Domantas Sabonis,domantas sabonis,,,2024-10-28,0,0.44609665427509293,0.055762081784386616,0.362453531598513,0.19516728624535315,0.055762081784386616,4.0,2.0,1.0,1.0,6.0,5.0,5.0,1.0,1.0,0,0.0,0,0.0017299999999999998,13.9,8030.040439052573,13.875953,0.0,8.0,9.0,0.6352915
0022400112,1610612758,Sacramento,Kings,SAC,kings,1628989,Kevin,Huerter,K. Huerter,kevin-huerter,G,,,32:54,32.9,7,12,0.583,4,9,0.444,0,0,0.0,0,1,1,4,0,3,0,4,18,12.0,0022400112,Kevin Huerter,kevin huerter,,,2024-10-28,3,0.5471124620060791,0.0,0.030395136778115502,0.12158054711246201,0.0911854103343465,3.0,6.0,7.0,2.0,6.0,1.0,3.0,5.0,3.0,0,0.0,0,0.00167,19.4,11609.8144823459,19.367601999999998,0.0911854103343465,1.0,6.0,0.84090453
0022400112,1610612758,Sacramento,Kings,SAC,kings,1628368,De'Aaron,Fox,D. Fox,deaaron-fox,G,,,35:20,35.333333333333336,9,20,0.45,2,8,0.25,4,4,1.0,1,5,6,3,2,0,3,4,24,13.0,0022400112,De'Aaron Fox,de'aaron fox,,,2024-10-28,2,0.6792452830188679,0.028301886792452827,0.16981132075471697,0.08490566037735849,0.08490566037735849,1.0,3.0,3.0,4.0,2.0,5.0,2.0,2.0,4.0,0,0.0,0,0.00321,20.2,6290.875116786047,20.135157999999997,0.056603773584905655,3.0,7.0,0.7498551
0022400112,1610612758,Sacramento,Kings,SAC,kings,1628370,Malik,Monk,M. Monk,malik-monk,,,,18:31,18.516666666666666,3,6,0.5,3,5,0.6,3,3,1.0,0,4,4,0,1,1,1,2,12,-2.0,0022400112,Malik Monk,malik monk,,,2024-10-28,2,0.6480648064806481,0.0,0.21602160216021604,0.0,0.10801080108010802,5.0,6.0,4.0,9.0,3.0,2.0,9.0,6.0,1.0,0,0.0,0,0.00182,2.5,1372.872048325096,2.49545,0.10801080108010802,3.0,5.0,0.25078642
0022400112,1610612758,Sacramento,Kings,SAC,kings,1631165,Keon,Ellis,K. Ellis,keon-ellis,,,,14:26,14.433333333333334,1,3,0.333,1,2,0.5,0,0,0.0,1,2,3,1,1,1,2,2,3,2.0,0022400112,Keon Ellis,keon ellis,,,2024-10-28,2,0.20785219399538105,0.06928406466512702,0.20785219399538105,0.06928406466512702,0.20785219399538105,8.0,3.0,6.0,7.0,3.0,2.0,8.0,8.0,3.0,0,0.0,0,0.0013900000000000002,10.0,7189.0726096333565,9.9861,0.13856812933025403,3.0,1.0,0.021550868
0022400112,1610612758,Sacramento,Kings,SAC,kings,1626168,Trey,Lyles,T. Lyles,trey-lyles,,,,15:10,15.166666666666666,1,4,0.25,1,3,0.333,0,0,0.0,0,0,0,0,0,1,1,0,3,7.0,0022400112,Trey Lyles,trey lyles,,,2024-10-28,1,0.19780219780219782,0.0,0.0,0.0,0.06593406593406594,8.0,6.0,9.0,9.0,6.0,2.0,6.0,7.0,1.0,0,1.0,0,0.00147,32.4,22025.83276682529,32.352372,0.06593406593406594,6.0,8.0,0.009676972
0022400112,1610612758,Sacramento,Kings,SAC,kings,203458,Alex,Len,A. Len,alex-len,,,,7:06,7.1,0,1,0.0,0,0,0.0,0,0,0.0,0,1,1,4,1,0,0,2,0,-5.0,0022400112,Alex Len,alex len,,,2024-10-28,1,0.0,0.0,0.14084507042253522,0.5633802816901409,0.14084507042253522,10.0,6.0,7.0,2.0,3.0,5.0,13.0,9.0,1.0,0,0.0,0,0.00063,-18.8,-29793.977812995243,-18.788156,0.14084507042253522,6.0,2.0,0.008270839
0022400112,1610612758,Sacramento,Kings,SAC,kings,1629162,Jordan,McLaughlin,J. McLaughlin,jordan-mclaughlin,,,,5:08,5.133333333333334,0,1,0.0,0,0,0.0,0,0,0.0,0,0,0,1,0,0,2,2,0,5.0,0022400112,Jordan McLaughlin,jordan mclaughlin,,,2024-10-28,0,0.0,0.0,0.0,0.1948051948051948,0.0,10.0,6.0,9.0,7.0,6.0,5.0,7.0,10.0,0.0,0,0.0,0,0.00231,44.5,19255.733448723495,44.397205,0.0,8.0,10.0,0.0033468667
0022400112,1610612758,Sacramento,Kings,SAC,kings,1642403,Isaac,Jones,I. Jones,isaac-jones,,,,2:49,2.8166666666666664,0,0,0.0,0,0,0.0,0,0,0.0,0,0,0,0,0,0,0,1,0,-2.0,0022400112,Isaac Jones,isaac jones,,,2024-10-28,0,0.0,0.0,0.0,0.0,0.0,10.0,6.0,9.0,9.0,6.0,5.0,9.0,11.0,,1,,1,0.0,-14.3,-14300000.000000002,-14.3,0.0,8.0,10.0,0.003358303
0022400112,1610612758,Sacramento,Kings,SAC,kings,1641732,Colby,Jones,C. Jones,colby-jones,,,,2:49,2.8166666666666664,0,0,0.0,0,0,0.0,0,0,0.0,0,0,0,0,0,0,0,0,0,-2.0,0022400112,Colby Jones,colby jones,,,2024-10-28,0,0.0,0.0,0.0,0.0,0.0,10.0,6.0,9.0,9.0,6.0,5.0,9.0,11.0,,1,,1,0.0,-14.3,-14300000.000000002,-14.3,0.0,8.0,10.0,0.003300817
0022400112,1610612758,Sacramento,Kings,SAC,kings,203926,Doug,McDermott,D. McDermott,doug-mcdermott,,,,2:49,2.8166666666666664,2,3,0.667,2,2,1.0,0,0,0.0,0,0,0,0,0,0,0,0,6,-2.0,0022400112,Doug McDermott,doug mcdermott,,,2024-10-28,0,2.1301775147928996,0.0,0.0,0.0,0.0,6.0,6.0,9.0,9.0,6.0,5.0,9.0,11.0,,1,,1,0.0042899999999999995,-14.3,-3332.556513633186,-14.238653000000001,0.0,8.0,10.0,0.08129913
0022400115,1610612758,Sacramento,Kings,SAC,kings,201942,DeMar,DeRozan,D. DeRozan,demar-derozan,F,,,34:03,34.05,9,14,0.643,0,1,0.0,2,3,0.667,1,3,4,8,1,1,1,1,20,13.0,0022400115,DeMar DeRozan,demar derozan,,,2024-10-29,2,0.5873715124816447,0.029368575624082235,0.11747430249632894,0.23494860499265788,0.0881057268722467,2.0,3.0,6.0,1.0,4.0,3.0,5.0,1.0,3.0,0,0.0,0,0.00198,20.4,10297.829379101462,20.359607999999998,0.05873715124816447,4.0,7.0,0.73584825
0022400115,1610612758,Sacramento,Kings,SAC,kings,1631099,Keegan,Murray,K. Murray,keegan-murray,F,,,32:21,32.35,6,14,0.429,2,7,0.286,0,0,0.0,1,4,5,1,1,0,1,1,14,16.0,0022400115,Keegan Murray,keegan murray,,,2024-10-29,1,0.4327666151468315,0.030911901081916538,0.1545595054095827,0.030911901081916538,0.061823802163833076,4.0,3.0,3.0,6.0,4.0,7.0,3.0,3.0,1.0,0,0.0,0,0.0019500000000000001,25.2,12916.453100973858,25.150859999999998,0.030911901081916538,5.0,8.0,0.4416042
0022400115,1610612758,Sacramento,Kings,SAC,kings,1627734,Domantas,Sabonis,D. Sabonis,domantas-sabonis,C,,,33:60,34.0,13,18,0.722,1,2,0.5,1,2,0.5,3,8,11,4,0,0,3,3,28,23.0,0022400115,Domantas Sabonis,domantas sabonis,,,2024-10-29,0,0.8235294117647058,0.08823529411764706,0.3235294117647059,0.11764705882352941,0.08823529411764706,1.0,1.0,1.0,3.0,7.0,7.0,1.0,2.0,2.0,0,0.0,0,0.00268,31.9,11898.545318910852,31.814507999999996,0.0,9.0,6.0,0.82777345
0022400115,1610612758,Sacramento,Kings,SAC,kings,1628989,Kevin,Huerter,K. Huerter,kevin-huerter,G,,,26:57,26.95,6,9,0.667,2,5,0.4,0,0,0.0,1,4,5,0,2,1,0,1,14,6.0,0022400115,Kevin Huerter,kevin huerter,,,2024-10-29,3,0.5194805194805195,0.03710575139146568,0.1855287569573284,0.0,0.14842300556586271,4.0,3.0,3.0,9.0,1.0,3.0,7.0,5.0,2.0,0,0.0,0,0.0014099999999999998,9.0,6378.454996456415,8.987309999999999,0.11131725417439703,3.0,4.0,0.73009074
0022400115,1610612758,Sacramento,Kings,SAC,kings,1628368,De'Aaron,Fox,D. Fox,deaaron-fox,G,,,30:55,30.916666666666668,8,15,0.533,1,2,0.5,2,2,1.0,2,3,5,6,1,0,3,3,19,18.0,0022400115,De'Aaron Fox,de'aaron fox,,,2024-10-29,1,0.61455525606469,0.0646900269541779,0.16172506738544473,0.1940700808625337,0.09703504043126684,3.0,2.0,3.0,2.0,4.0,7.0,2.0,4.0,2.0,0,0.0,0,0.0025,27.3,10915.633746501398,27.23175,0.03234501347708895,5.0,5.0,0.7846037
0022400115,1610612758,Sacramento,Kings,SAC,kings,1628370,Malik,Monk,M. Monk,malik-monk,,,,26:02,26.033333333333335,2,11,0.182,2,8,0.25,1,2,0.5,0,4,4,3,0,1,1,1,7,8.0,0022400115,Malik Monk,malik monk,,,2024-10-29,1,0.26888604353393086,0.0,0.15364916773367476,0.11523687580025607,0.03841229193341869,6.0,7.0,6.0,4.0,7.0,3.0,6.0,6.0,1.0,0,0.0,0,0.0022400000000000002,19.0,8478.357875948235,18.95744,0.03841229193341869,5.0,9.0,0.062399585
0022400115,1610612758,Sacramento,Kings,SAC,kings,1631165,Keon,Ellis,K. Ellis,keon-ellis,,,,17:19,17.316666666666666,2,4,0.5,0,2,0.0,1,2,0.5,1,3,4,2,2,3,1,4,5,15.0,0022400115,Keon Ellis,keon ellis,,,2024-10-29,5,0.28873917228103946,0.057747834456207896,0.23099133782483158,0.11549566891241579,0.34648700673724736,7.0,3.0,6.0,5.0,1.0,1.0,4.0,8.0,3.0,0,0.0,0,0.00146,46.6,31895.961670088986,46.531964,0.28873917228103946,1.0,1.0,0.48650786
0022400115,1610612758,Sacramento,Kings,SAC,kings,1626168,Trey,Lyles,T. Lyles,trey-lyles,,,,20:16,20.266666666666666,1,2,0.5,0,1,0.0,0,0,0.0,0,7,7,1,2,2,0,3,2,6.0,0022400115,Trey Lyles,trey lyles,,,2024-10-29,4,0.09868421052631579,0.0,0.34539473684210525,0.049342105263157895,0.19736842105263158,8.0,7.0,2.0,6.0,1.0,2.0,7.0,7.0,4.0,0,0.0,0,0.00043999999999999996,17.2,39002.26757369615,17.192432,0.19736842105263158,2.0,3.0,0.040651996
0022400115,1610612758,Sacramento,Kings,SAC,kings,203458,Alex,Len,A. Len,alex-len,,,,5:16,5.266666666666667,1,1,1.0,0,0,0.0,0,0,0.0,0,4,4,0,0,0,0,0,2,-7.0,0022400115,Alex Len,alex len,,,2024-10-29,0,0.379746835443038,0.0,0.759493670886076,0.0,0.0,8.0,7.0,6.0,9.0,7.0,7.0,13.0,9.0,0.0,0,0.0,0,0.00091,-75.5,-82875.96048298573,-75.431295,0.0,9.0,10.0,0.015475971
0022400115,1610612758,Sacramento,Kings,SAC,kings,1629162,Jordan,McLaughlin,J. McLaughlin,jordan-mclaughlin,,,,3:36,3.6,0,0,0.0,0,0,0.0,0,0,0.0,0,0,0,1,0,0,0,1,0,-3.0,0022400115,Jordan McLaughlin,jordan mclaughlin,,,2024-10-29,0,0.0,0.0,0.0,0.2777777777777778,0.0,11.0,7.0,10.0,6.0,7.0,7.0,9.0,10.0,0.0,0,1.0,0,0.0,-50.0,-50000000.0,-50.0,0.0,9.0,10.0,0.004535208
0022400115,1610612758,Sacramento,Kings,SAC,kings,1641732,Colby,Jones,C. Jones,colby-jones,,,,3:36,3.6,0,0,0.0,0,0,0.0,0,0,0.0,0,0,0,0,0,1,1,0,0,-3.0,0022400115,Colby Jones,colby jones,,,2024-10-29,1,0.0,0.0,0.0,0.0,0.2777777777777778,11.0,7.0,10.0,9.0,7.0,3.0,9.0,10.0,0.0,0,0.0,0,0.00125,-50.0,-39968.02557953637,-49.9375,0.2777777777777778,5.0,2.0,0.003926231
0022400115,1610612758,Sacramento,Kings,SAC,kings,203926,Doug,McDermott,D. McDermott,doug-mcdermott,,,,3:36,3.6,0,3,0.0,0,3,0.0,2,3,0.667,0,0,0,0,0,0,0,0,2,-3.0,0022400115,Doug McDermott,doug mcdermott,,,2024-10-29,0,0.5555555555555556,0.0,0.0,0.0,0.0,8.0,7.0,10.0,9.0,7.0,7.0,9.0,10.0,0.0,0,0.0,0,0.005,-50.0,-9998.000399920016,-49.75,0.0,9.0,10.0,0.004778294
0022400115,1610612758,Sacramento,Kings,SAC,kings,1642403,Isaac,Jones,I. Jones,isaac-jones,,,,2:03,2.05,0,1,0.0,0,0,0.0,0,0,0.0,0,0,0,0,0,0,0,1,0,-4.0,0022400115,Isaac Jones,isaac jones,,,2024-10-29,0,0.0,0.0,0.0,0.0,0.0,11.0,7.0,10.0,9.0,7.0,7.0,12.0,13.0,,1,,1,0.002,-80.0,-39980.009995002496,-79.84,0.0,9.0,10.0,0.0021219987
0022400135,1610612758,Sacramento,Kings,SAC,kings,201942,DeMar,DeRozan,D. DeRozan,demar-derozan,F,,,38:47,38.78333333333333,9,16,0.563,1,1,1.0,8,10,0.8,1,7,8,2,3,1,1,2,27,10.0,0022400135,DeMar DeRozan,demar derozan,,,2024-11-01,4,0.6961753330468414,0.025784271594327463,0.2062741727546197,0.051568543188654926,0.1289213579716373,2.0,3.0,3.0,6.0,2.0,1.0,3.0,2.0,4.0,0,0.0,0,0.00234,11.9,5083.297736010251,11.872154,0.10313708637730985,1.0,2.0,0.79970807
0022400135,1610612758,Sacramento,Kings,SAC,kings,1631099,Keegan,Murray,K. Murray,keegan-murray,F,,,38:52,38.86666666666667,6,12,0.5,1,6,0.167,1,1,1.0,3,7,10,3,0,1,1,3,14,12.0,0022400135,Keegan Murray,keegan murray,,,2024-11-01,1,0.3602058319039451,0.07718696397941681,0.25728987993138935,0.07718696397941681,0.10291595197255575,4.0,1.0,2.0,4.0,5.0,1.0,2.0,1.0,2.0,0,0.0,0,0.00131,11.6,8848.207475209763,11.584804,0.025728987993138937,4.0,5.0,0.6656176
0022400135,1610612758,Sacramento,Kings,SAC,kings,1627734,Domantas,Sabonis,D. Sabonis,domantas-sabonis,C,,,33:11,33.18333333333333,5,11,0.455,0,0,0.0,5,5,1.0,3,11,14,6,0,0,3,6,15,5.0,0022400135,Domantas Sabonis,domantas sabonis,,,2024-11-01,0,0.4520341536916123,0.09040683073832247,0.4218985434455048,0.18081366147664493,0.09040683073832247,3.0,1.0,1.0,1.0,5.0,5.0,5.0,4.0,2.0,0,0.0,0,0.00193,3.8,1967.892283790782,3.792666,0.0,7.0,6.0,0.6571455
0022400135,1610612758,Sacramento,Kings,SAC,kings,1628989,Kevin,Huerter,K. Huerter,kevin-huerter,G,,,24:20,24.333333333333332,4,13,0.308,2,8,0.25,0,0,0.0,1,1,2,4,1,0,1,3,10,-10.0,0022400135,Kevin Huerter,kevin huerter,,,2024-11-01,1,0.4109589041095891,0.04109589041095891,0.08219178082191782,0.16438356164383564,0.08219178082191782,6.0,3.0,7.0,3.0,3.0,5.0,9.0,6.0,5.0,0,0.0,0,0.00241,-22.2,-9207.797594359186,-22.146497999999998,0.04109589041095891,4.0,7.0,0.23257053
0022400135,1610612758,Sacramento,Kings,SAC,kings,1628368,De'Aaron,Fox,D. Fox,deaaron-fox,G,,,37:07,37.11666666666667,11,16,0.688,4,6,0.667,5,6,0.833,0,7,7,3,4,0,6,3,31,21.0,0022400135,De'Aaron Fox,de'aaron fox,,,2024-11-01,4,0.8352043107319264,0.0,0.18859452177817693,0.08082622361921868,0.10776829815895823,1.0,7.0,4.0,4.0,1.0,5.0,1.0,3.0,7.0,0,0.0,0,0.00263,24.5,9312.048650703155,24.435565,0.10776829815895823,1.0,3.0,0.80626404
0022400135,1610612758,Sacramento,Kings,SAC,kings,1631165,Keon,Ellis,K. Ellis,keon-ellis,,,,19:24,19.4,4,5,0.8,2,3,0.667,2,2,1.0,1,0,1,2,0,1,0,1,12,-6.0,0022400135,Keon Ellis,keon ellis,,,2024-11-01,1,0.6185567010309279,0.051546391752577324,0.051546391752577324,0.10309278350515465,0.10309278350515465,5.0,3.0,8.0,6.0,5.0,1.0,8.0,7.0,1.0,0,0.0,0,0.00122,-11.0,-9009.00900900901,-10.98658,0.051546391752577324,4.0,4.0,0.7078039
0022400135,1610612758,Sacramento,Kings,SAC,kings,1628370,Malik,Monk,M. Monk,malik-monk,,,,28:53,28.883333333333333,3,9,0.333,0,3,0.0,3,4,0.75,0,4,4,6,0,0,1,0,9,4.0,0022400135,Malik Monk,malik monk,,,2024-11-01,0,0.31159838430467396,0.0,0.13848817080207732,0.207732256203116,0.0,7.0,7.0,6.0,1.0,5.0,5.0,6.0,5.0,0.0,0,0.0,0,0.00164,9.5,5789.15295551493,9.48442,0.0,7.0,8.0,0.076587774
0022400135,1610612758,Sacramento,Kings,SAC,kings,1626168,Trey,Lyles,T. Lyles,trey-lyles,,,,19:14,19.233333333333334,1,7,0.143,1,6,0.167,2,2,1.0,1,4,5,2,1,1,1,2,5,7.0,0022400135,Trey Lyles,trey lyles,,,2024-11-01,2,0.2599653379549393,0.05199306759098787,0.2599653379549393,0.10398613518197573,0.1559792027729636,8.0,3.0,5.0,6.0,3.0,1.0,4.0,8.0,1.0,0,0.0,0,0.00184,18.1,9831.613253666486,18.066696000000004,0.10398613518197573,3.0,1.0,0.043862045
0022400135,1610612758,Sacramento,Kings,SAC,kings,1641732,Colby,Jones,C. Jones,colby-jones,,,,0:12,0.2,0,0,0.0,0,0,0.0,0,0,0.0,0,0,0,0,0,0,0,1,0,-3.0,0022400135,Colby Jones,colby jones,,,2024-11-01,0,0.0,0.0,0.0,0.0,0.0,9.0,7.0,9.0,9.0,5.0,5.0,7.0,9.0,,1,,1,0.0,-300.0,-300000000.0,-300.0,0.0,7.0,8.0,0.0027469755
0022400143,1610612758,Sacramento,Kings,SAC,kings,201942,DeMar,DeRozan,D. DeRozan,demar-derozan,F,,,42:53,42.88333333333333,12,27,0.444,2,7,0.286,7,7,1.0,0,3,3,4,3,0,6,1,33,6.0,0022400143,DeMar DeRozan,demar derozan,,,2024-11-02,3,0.769529731830548,0.0,0.06995724834823164,0.09327633113097551,0.06995724834823164,1.0,6.0,6.0,2.0,2.0,3.0,2.0,2.0,2.0,0,0.0,0,0.0033,5.2,1575.2802181157226,5.182840000000001,0.06995724834823164,3.0,7.0,0.76389766
0022400143,1610612758,Sacramento,Kings,SAC,kings,1631099,Keegan,Murray,K. Murray,keegan-murray,F,,,38:35,38.583333333333336,6,12,0.5,2,6,0.333,2,4,0.5,3,7,10,2,1,1,1,6,16,12.0,0022400143,Keegan Murray,keegan murray,,,2024-11-02,2,0.4146868250539957,0.07775377969762419,0.25917926565874727,0.05183585313174946,0.12958963282937364,5.0,2.0,2.0,4.0,6.0,2.0,1.0,4.0,2.0,0,0.0,0,0.00155,15.3,9864.60348162476,15.276285,0.05183585313174946,4.0,5.0,0.81800437
0022400143,1610612758,Sacramento,Kings,SAC,kings,1627734,Domantas,Sabonis,D. Sabonis,domantas-sabonis,C,,,42:49,42.81666666666667,5,10,0.5,0,1,0.0,7,8,0.875,7,13,20,10,1,0,3,5,17,2.0,0022400143,Domantas Sabonis,domantas sabonis,,,2024-11-02,1,0.39704165044764494,0.16348773841961853,0.4671078240560529,0.23355391202802644,0.18684312962242117,4.0,1.0,1.0,1.0,6.0,3.0,4.0,3.0,3.0,0,0.0,0,0.00156,2.1,1345.291479820628,2.096724,0.023355391202802646,7.0,3.0,0.906985
0022400143,1610612758,Sacramento,Kings,SAC,kings,203926,Doug,McDermott,D. McDermott,doug-mcdermott,G,,,14:52,14.866666666666667,1,2,0.5,1,2,0.5,1,2,0.5,0,1,1,0,0,0,0,2,4,-8.0,0022400143,Doug McDermott,doug mcdermott,,,2024-11-02,0,0.26905829596412556,0.0,0.06726457399103139,0.0,0.0,8.0,6.0,7.0,6.0,8.0,3.0,7.0,7.0,0.0,0,0.0,0,0.00079,-22.9,-28950.695322376734,-22.881909,0.0,8.0,9.0,0.010325882
0022400143,1610612758,Sacramento,Kings,SAC,kings,1628368,De'Aaron,Fox,D. Fox,deaaron-fox,G,,,43:14,43.233333333333334,8,22,0.364,0,11,0.0,8,10,0.8,3,3,6,1,5,0,5,2,24,-5.0,0022400143,De'Aaron Fox,de'aaron fox,,,2024-11-02,5,0.5551272166538165,0.06939090208172706,0.13878180416345412,0.02313030069390902,0.18504240555127216,2.0,2.0,3.0,5.0,1.0,3.0,6.0,1.0,6.0,0,0.0,0,0.0027700000000000003,-6.3,-2273.5474557921325,-6.2825489999999995,0.1156515034695451,1.0,4.0,0.58611715
0022400143,1610612758,Sacramento,Kings,SAC,kings,1631165,Keon,Ellis,K. Ellis,keon-ellis,,,,26:31,26.516666666666666,3,6,0.5,1,4,0.25,1,1,1.0,1,0,1,0,2,2,0,2,8,-13.0,0022400143,Keon Ellis,keon ellis,,,2024-11-02,4,0.30169704588309243,0.037712130735386554,0.037712130735386554,0.0,0.18856065367693275,6.0,4.0,7.0,6.0,3.0,1.0,8.0,6.0,2.0,0,0.0,0,0.00091,-22.4,-24588.364434687155,-22.379616,0.15084852294154621,2.0,2.0,0.06359888
0022400143,1610612758,Sacramento,Kings,SAC,kings,1628370,Malik,Monk,M. Monk,malik-monk,,,,38:21,38.35,9,16,0.563,3,7,0.429,0,0,0.0,0,4,4,4,2,0,1,3,21,3.0,0022400143,Malik Monk,malik monk,,,2024-11-02,2,0.5475880052151239,0.0,0.1043024771838331,0.1043024771838331,0.05215123859191655,3.0,6.0,4.0,2.0,3.0,3.0,3.0,5.0,4.0,0,0.0,0,0.0017000000000000001,2.2,1293.3568489124045,2.19626,0.05215123859191655,4.0,8.0,0.7964074
0022400143,1610612758,Sacramento,Kings,SAC,kings,1626168,Trey,Lyles,T. Lyles,trey-lyles,,,,12:33,12.55,2,5,0.4,1,2,0.5,0,0,0.0,1,3,4,0,0,0,1,1,5,-13.0,0022400143,Trey Lyles,trey lyles,,,2024-11-02,0,0.398406374501992,0.0796812749003984,0.3187250996015936,0.0,0.0796812749003984,7.0,4.0,4.0,6.0,8.0,3.0,8.0,8.0,1.0,0,0.0,0,0.00188,-46.4,-24667.72993088783,-46.312768,0.0,8.0,6.0,0.027510976
0022400143,1610612758,Sacramento,Kings,SAC,kings,1629162,Jordan,McLaughlin,J. McLaughlin,jordan-mclaughlin,,,,5:12,5.2,0,0,0.0,0,0,0.0,0,0,0.0,0,0,0,0,2,0,1,0,0,1.0,0022400143,Jordan McLaughlin,jordan mclaughlin,,,2024-11-02,2,0.0,0.0,0.0,0.0,0.3846153846153846,9.0,6.0,9.0,6.0,3.0,3.0,5.0,9.0,1.0,0,0.0,0,0.00077,7.7,9987.029831387808,7.694071,0.3846153846153846,4.0,1.0,0.007605643
0022400159,1610612758,Sacramento,Kings,SAC,kings,201942,DeMar,DeRozan,D. DeRozan,demar-derozan,F,,,35:59,35.983333333333334,10,18,0.556,1,2,0.5,5,5,1.0,1,2,3,6,0,2,1,4,26,-2.0,0022400159,DeMar DeRozan,demar derozan,,,2024-11-04,2,0.7225567392311255,0.02779064381658175,0.08337193144974525,0.1667438628994905,0.08337193144974525,2.0,5.0,4.0,2.0,4.0,1.0,5.0,4.0,0.0,0,0.0,0,0.00247,0.8,323.7555645487657,0.7980240000000001,0.0555812876331635,2.0,4.0,0.8189997
0022400159,1610612758,Sacramento,Kings,SAC,kings,1631099,Keegan,Murray,K. Murray,keegan-murray,F,,,38:47,38.78333333333333,5,11,0.455,1,4,0.25,3,3,1.0,2,4,6,1,0,1,1,3,14,4.0,0022400159,Keegan Murray,keegan murray,,,2024-11-04,1,0.36097980232058446,0.051568543188654926,0.15470562956596476,0.025784271594327463,0.07735281478298238,4.0,2.0,2.0,5.0,4.0,2.0,3.0,1.0,0.0,0,2.0,0,0.00159,11.8,7416.719044626022,11.781238,0.025784271594327463,4.0,6.0,0.5616542
0022400159,1610612758,Sacramento,Kings,SAC,kings,1627734,Domantas,Sabonis,D. Sabonis,domantas-sabonis,C,,,37:55,37.916666666666664,6,12,0.5,2,4,0.5,2,2,1.0,3,13,16,7,0,0,3,4,16,8.0,0022400159,Domantas Sabonis,domantas sabonis,,,2024-11-04,0,0.421978021978022,0.07912087912087913,0.421978021978022,0.18461538461538463,0.07912087912087913,3.0,1.0,1.0,1.0,4.0,4.0,2.0,2.0,2.0,0,0.0,0,0.0019500000000000001,14.5,7432.08610968734,14.471725,0.0,6.0,5.0,0.714143
0022400159,1610612758,Sacramento,Kings,SAC,kings,1631165,Keon,Ellis,K. Ellis,keon-ellis,G,,,28:38,28.633333333333333,3,6,0.5,1,3,0.333,0,1,0.0,2,1,3,2,3,0,0,4,7,22.0,0022400159,Keon Ellis,keon ellis,,,2024-11-04,3,0.24447031431897556,0.06984866123399301,0.10477299185098952,0.06984866123399301,0.17462165308498254,6.0,2.0,4.0,4.0,1.0,4.0,1.0,5.0,4.0,0,0.0,0,0.00098,48.9,49847.09480122325,48.852078,0.10477299185098952,1.0,2.0,0.6459261
0022400159,1610612758,Sacramento,Kings,SAC,kings,1628368,De'Aaron,Fox,D. Fox,deaaron-fox,G,,,37:04,37.06666666666667,11,21,0.524,3,6,0.5,3,4,0.75,2,4,6,5,0,0,4,4,28,-9.0,0022400159,De'Aaron Fox,de'aaron fox,,,2024-11-04,0,0.7553956834532374,0.0539568345323741,0.1618705035971223,0.13489208633093525,0.0539568345323741,1.0,2.0,2.0,3.0,4.0,4.0,9.0,3.0,2.0,0,0.0,0,0.0032500000000000003,-9.0,-2768.378960319901,-8.97075,0.0,6.0,8.0,0.81755483
0022400159,1610612758,Sacramento,Kings,SAC,kings,203458,Alex,Len,A. Len,alex-len,,,,10:04,10.066666666666666,0,1,0.0,0,1,0.0,0,0,0.0,0,1,1,1,1,1,1,1,0,-7.0,0022400159,Alex Len,alex len,,,2024-11-04,2,0.0,0.0,0.09933774834437087,0.09933774834437087,0.19867549668874174,9.0,7.0,7.0,5.0,2.0,2.0,8.0,9.0,1.0,0,0.0,0,0.00083,-22.6,-27196.149217809867,-22.581242000000003,0.19867549668874174,2.0,1.0,0.0064813048
0022400159,1610612758,Sacramento,Kings,SAC,kings,1628370,Malik,Monk,M. Monk,malik-monk,,,,24:20,24.333333333333332,6,11,0.545,0,3,0.0,0,0,0.0,0,1,1,0,0,0,1,4,12,-4.0,0022400159,Malik Monk,malik monk,,,2024-11-04,0,0.4931506849315069,0.0,0.04109589041095891,0.0,0.0,5.0,7.0,7.0,8.0,4.0,4.0,6.0,6.0,0.0,0,0.0,0,0.00214,-3.6,-1681.457262961233,-3.592296,0.0,6.0,9.0,0.21157925
0022400159,1610612758,Sacramento,Kings,SAC,kings,1626168,Trey,Lyles,T. Lyles,trey-lyles,,,,16:27,16.45,2,4,0.5,1,3,0.333,0,0,0.0,1,0,1,0,0,0,1,3,5,-1.0,0022400159,Trey Lyles,trey lyles,,,2024-11-04,0,0.303951367781155,0.060790273556231005,0.060790273556231005,0.0,0.060790273556231005,7.0,5.0,7.0,8.0,4.0,4.0,4.0,7.0,0.0,0,0.0,0,0.00135,0.4,296.0769800148039,0.39946000000000004,0.0,6.0,7.0,0.039217073
0022400159,1610612758,Sacramento,Kings,SAC,kings,1629162,Jordan,McLaughlin,J. McLaughlin,jordan-mclaughlin,,,,10:46,10.766666666666667,1,2,0.5,1,1,1.0,0,0,0.0,0,2,2,1,1,0,0,1,3,-6.0,0022400159,Jordan McLaughlin,jordan mclaughlin,,,2024-11-04,1,0.2786377708978328,0.0,0.18575851393188852,0.09287925696594426,0.09287925696594426,8.0,7.0,6.0,5.0,2.0,4.0,7.0,8.0,0.0,0,0.0,0,0.0008699999999999999,-21.9,-25143.513203214698,-21.880947,0.09287925696594426,4.0,3.0,0.012946418
0022400180,1610612758,Sacramento,Kings,SAC,kings,201942,DeMar,DeRozan,D. DeRozan,demar-derozan,F,,,35:16,35.266666666666666,11,21,0.524,2,4,0.5,3,3,1.0,0,2,2,3,1,0,3,1,27,15.0,0022400180,DeMar DeRozan,demar derozan,,,2024-11-06,1,0.7655954631379962,0.0,0.05671077504725898,0.08506616257088848,0.02835538752362949,1.0,5.0,7.0,2.0,3.0,3.0,2.0,1.0,2.0,0,0.0,0,0.00296,18.2,6146.572104018912,18.146128,0.02835538752362949,4.0,8.0,0.8213414
0022400180,1610612758,Sacramento,Kings,SAC,kings,1631099,Keegan,Murray,K. Murray,keegan-murray,F,,,35:00,35.0,9,17,0.529,3,8,0.375,1,2,0.5,7,5,12,3,0,1,1,2,22,6.0,0022400180,Keegan Murray,keegan murray,,,2024-11-06,1,0.6285714285714286,0.2,0.34285714285714286,0.08571428571428572,0.22857142857142856,2.0,1.0,1.0,2.0,6.0,2.0,6.0,2.0,0.0,0,0.0,0,0.00216,8.3,3840.814437760296,8.282072,0.02857142857142857,4.0,2.0,0.8655495
0022400180,1610612758,Sacramento,Kings,SAC,kings,1627734,Domantas,Sabonis,D. Sabonis,domantas-sabonis,C,,,33:35,33.583333333333336,6,6,1.0,0,0,0.0,5,5,1.0,4,7,11,13,1,0,0,0,17,16.0,0022400180,Domantas Sabonis,domantas sabonis,,,2024-11-06,1,0.5062034739454094,0.11910669975186103,0.32754342431761785,0.3870967741935484,0.1488833746898263,4.0,2.0,2.0,1.0,3.0,3.0,1.0,4.0,1.0,0,0.0,0,0.00098,24.8,25280.326197757393,24.775696,0.029776674937965257,4.0,4.0,0.9210534
0022400180,1610612758,Sacramento,Kings,SAC,kings,1628989,Kevin,Huerter,K. Huerter,kevin-huerter,G,,,23:34,23.566666666666666,4,7,0.571,1,4,0.25,2,2,1.0,1,3,4,2,0,0,2,4,11,-2.0,0022400180,Kevin Huerter,kevin huerter,,,2024-11-06,0,0.4667609618104668,0.042432814710042434,0.16973125884016974,0.08486562942008487,0.042432814710042434,6.0,4.0,5.0,4.0,6.0,3.0,13.0,5.0,2.0,0,0.0,0,0.00164,-9.6,-5850.091407678246,-9.584256,0.0,8.0,6.0,0.2376934
0022400180,1610612758,Sacramento,Kings,SAC,kings,1628368,De'Aaron,Fox,D. Fox,deaaron-fox,G,,,33:46,33.766666666666666,5,17,0.294,2,8,0.25,9,10,0.9,0,1,1,2,1,0,1,2,21,9.0,0022400180,De'Aaron Fox,de'aaron fox,,,2024-11-06,1,0.6219151036525173,0.0,0.029615004935834157,0.059230009871668314,0.029615004935834157,3.0,5.0,8.0,4.0,3.0,3.0,4.0,3.0,5.0,0,0.0,0,0.00271,9.5,3504.2419771302098,9.474255,0.029615004935834157,4.0,7.0,0.26714203
0022400180,1610612758,Sacramento,Kings,SAC,kings,1628370,Malik,Monk,M. Monk,malik-monk,,,,21:13,21.216666666666665,4,12,0.333,1,4,0.25,4,5,0.8,0,5,5,1,2,0,1,1,13,5.0,0022400180,Malik Monk,malik monk,,,2024-11-06,2,0.612725844461901,0.0,0.23566378633150042,0.047132757266300083,0.09426551453260017,5.0,5.0,4.0,6.0,1.0,3.0,7.0,7.0,3.0,0,0.0,0,0.0028799999999999997,11.4,3956.9593891010068,11.367168000000001,0.09426551453260017,2.0,5.0,0.48496878
0022400180,1610612758,Sacramento,Kings,SAC,kings,1631165,Keon,Ellis,K. Ellis,keon-ellis,,,,23:07,23.116666666666667,2,4,0.5,1,3,0.333,3,3,1.0,3,0,3,1,2,0,0,2,8,15.0,0022400180,Keon Ellis,keon ellis,,,2024-11-06,2,0.3460706560922855,0.12977649603460706,0.12977649603460706,0.043258832011535686,0.21629416005767843,7.0,3.0,6.0,6.0,1.0,3.0,2.0,6.0,3.0,0,0.0,0,0.00096,34.1,35483.87096774193,34.067264,0.08651766402307137,2.0,3.0,0.44685978
0022400180,1610612758,Sacramento,Kings,SAC,kings,203458,Alex,Len,A. Len,alex-len,,,,14:25,14.416666666666666,1,1,1.0,0,0,0.0,1,2,0.5,0,6,6,0,0,4,1,1,3,-1.0,0022400180,Alex Len,alex len,,,2024-11-06,4,0.20809248554913296,0.0,0.4161849710982659,0.0,0.27745664739884396,8.0,5.0,3.0,9.0,6.0,1.0,12.0,8.0,2.0,0,0.0,0,0.00091,0.0,0.0,0.0,0.27745664739884396,1.0,1.0,0.06339101
0022400180,1610612758,Sacramento,Kings,SAC,kings,1626168,Trey,Lyles,T. Lyles,trey-lyles,,,,10:31,10.516666666666667,0,1,0.0,0,1,0.0,0,0,0.0,0,1,1,1,0,0,0,0,0,9.0,0022400180,Trey Lyles,trey lyles,,,2024-11-06,0,0.0,0.0,0.09508716323296354,0.09508716323296354,0.0,9.0,5.0,8.0,6.0,6.0,3.0,4.0,9.0,1.0,0,0.0,0,0.00045,45.0,99778.27050997782,44.97975,0.0,8.0,9.0,0.008892847
0022400180,1610612758,Sacramento,Kings,SAC,kings,1629162,Jordan,McLaughlin,J. McLaughlin,jordan-mclaughlin,,,,4:45,4.75,0,3,0.0,0,3,0.0,0,0,0.0,0,1,1,0,0,0,0,0,0,3.0,0022400180,Jordan McLaughlin,jordan mclaughlin,,,2024-11-06,0,0.0,0.0,0.21052631578947367,0.0,0.0,9.0,5.0,8.0,9.0,6.0,3.0,8.0,10.0,0.0,0,0.0,0,0.0027300000000000002,26.8,9813.255217868911,26.726836,0.0,8.0,9.0,0.0031742984
0022400180,1610612758,Sacramento,Kings,SAC,kings,203926,Doug,McDermott,D. McDermott,doug-mcdermott,,,,2:32,2.533333333333333,0,0,0.0,0,0,0.0,0,0,0.0,0,1,1,0,0,0,0,0,0,0.0,0022400180,Doug McDermott,doug mcdermott,,,2024-11-06,0,0.0,0.0,0.39473684210526316,0.0,0.0,9.0,5.0,8.0,9.0,6.0,3.0,9.0,11.0,,1,,1,0.0,0.0,0.0,0.0,0.0,8.0,9.0,0.0050999536
0022400180,1610612758,Sacramento,Kings,SAC,kings,1642403,Isaac,Jones,I. Jones,isaac-jones,,,,1:08,1.1333333333333333,0,1,0.0,0,0,0.0,0,0,0.0,0,0,0,0,0,0,0,0,0,0.0,0022400180,Isaac Jones,isaac jones,,,2024-11-06,0,0.0,0.0,0.0,0.0,0.0,9.0,5.0,12.0,9.0,6.0,3.0,9.0,12.0,,1,,1,0.005,0.0,0.0,0.0,0.0,8.0,9.0,0.0029666345
0022400180,1610612758,Sacramento,Kings,SAC,kings,1641732,Colby,Jones,C. Jones,colby-jones,,,,1:08,1.1333333333333333,0,0,0.0,0,0,0.0,0,0,0.0,0,0,0,0,0,0,0,0,0,0.0,0022400180,Colby Jones,colby jones,,,2024-11-06,0,0.0,0.0,0.0,0.0,0.0,9.0,5.0,12.0,9.0,6.0,3.0,9.0,12.0,0.0,0,0.0,0,0.0,0.0,0.0,0.0,0.0,8.0,9.0,0.0042128004
0022400196,1610612758,Sacramento,Kings,SAC,kings,201942,DeMar,DeRozan,D. DeRozan,demar-derozan,F,,,39:36,39.6,5,12,0.417,0,2,0.0,3,4,0.75,0,1,1,6,2,0,2,1,13,-9.0,0022400196,DeMar DeRozan,demar derozan,,,2024-11-08,2,0.3282828282828283,0.0,0.025252525252525252,0.15151515151515152,0.050505050505050504,4.0,3.0,7.0,1.0,1.0,3.0,5.0,1.0,1.0,0,0.0,0,0.00188,-12.5,-6645.401382243488,-12.4765,0.050505050505050504,2.0,4.0,0.29837957
0022400196,1610612758,Sacramento,Kings,SAC,kings,1631099,Keegan,Murray,K. Murray,keegan-murray,F,,,39:16,39.266666666666666,2,10,0.2,0,6,0.0,3,3,1.0,4,6,10,2,0,1,0,2,7,-16.0,0022400196,Keegan Murray,keegan murray,,,2024-11-08,1,0.17826825127334467,0.10186757215619695,0.2546689303904924,0.050933786078098474,0.1273344651952462,5.0,1.0,2.0,4.0,5.0,2.0,9.0,2.0,2.0,0,0.0,0,0.0012900000000000001,-21.5,-16653.75677769171,-21.472265,0.025466893039049237,3.0,2.0,0.17631552
0022400196,1610612758,Sacramento,Kings,SAC,kings,1627734,Domantas,Sabonis,D. Sabonis,domantas-sabonis,C,,,37:33,37.55,9,12,0.75,0,2,0.0,5,6,0.833,0,12,12,6,1,0,2,4,23,4.0,0022400196,Domantas Sabonis,domantas sabonis,,,2024-11-08,1,0.6125166444740346,0.0,0.31957390146471376,0.15978695073235688,0.026631158455392812,2.0,3.0,1.0,1.0,3.0,3.0,1.0,4.0,2.0,0,0.0,0,0.00213,2.4,1126.2318160488032,2.394888,0.026631158455392812,3.0,5.0,0.8797677
0022400196,1610612758,Sacramento,Kings,SAC,kings,1628989,Kevin,Huerter,K. Huerter,kevin-huerter,G,,,19:59,19.983333333333334,2,5,0.4,0,3,0.0,0,0,0.0,0,2,2,1,0,0,0,2,4,-11.0,0022400196,Kevin Huerter,kevin huerter,,,2024-11-08,0,0.2001668056713928,0.0,0.1000834028356964,0.0500417014178482,0.0,6.0,3.0,5.0,5.0,5.0,3.0,7.0,6.0,1.0,0,0.0,0,0.00132,-23.4,-17713.853141559426,-23.369111999999998,0.0,6.0,6.0,0.027966069
0022400196,1610612758,Sacramento,Kings,SAC,kings,1628368,De'Aaron,Fox,D. Fox,deaaron-fox,G,,,37:39,37.65,12,20,0.6,2,5,0.4,5,6,0.833,1,2,3,0,1,0,7,4,31,-11.0,0022400196,De'Aaron Fox,de'aaron fox,,,2024-11-08,1,0.8233731739707836,0.02656042496679947,0.0796812749003984,0.0,0.05312084993359894,1.0,2.0,3.0,7.0,3.0,3.0,7.0,3.0,2.0,0,0.0,0,0.0034899999999999996,-12.9,-3695.216270409625,-12.854979,0.02656042496679947,3.0,3.0,0.8107416
0022400196,1610612758,Sacramento,Kings,SAC,kings,1628370,Malik,Monk,M. Monk,malik-monk,,,,31:10,31.166666666666668,6,13,0.462,0,3,0.0,5,5,1.0,0,1,1,3,2,2,1,2,17,1.0,0022400196,Malik Monk,malik monk,,,2024-11-08,4,0.5454545454545454,0.0,0.0320855614973262,0.0962566844919786,0.1283422459893048,3.0,3.0,7.0,3.0,1.0,1.0,4.0,5.0,5.0,0,0.0,0,0.00219,-1.5,-684.6188954815152,-1.496715,0.1283422459893048,1.0,1.0,0.7405696
0022400196,1610612758,Sacramento,Kings,SAC,kings,1631165,Keon,Ellis,K. Ellis,keon-ellis,,,,19:21,19.35,1,3,0.333,1,3,0.333,0,0,0.0,0,1,1,1,0,0,1,3,3,2.0,0022400196,Keon Ellis,keon ellis,,,2024-11-08,0,0.15503875968992248,0.0,0.05167958656330749,0.05167958656330749,0.0,7.0,3.0,7.0,5.0,5.0,3.0,3.0,7.0,5.0,0,0.0,0,0.00095,7.6,7991.587802313354,7.592779999999999,0.0,6.0,6.0,0.0155539755
0022400196,1610612758,Sacramento,Kings,SAC,kings,203458,Alex,Len,A. Len,alex-len,,,,8:49,8.816666666666666,0,0,0.0,0,0,0.0,0,0,0.0,0,3,3,0,0,0,0,1,0,-9.0,0022400196,Alex Len,alex len,,,2024-11-08,0,0.0,0.0,0.3402646502835539,0.0,0.0,8.0,3.0,3.0,7.0,5.0,3.0,5.0,8.0,0.0,0,0.0,0,0.0,-47.4,-47400000.0,-47.4,0.0,6.0,6.0,0.01314663
0022400196,1610612758,Sacramento,Kings,SAC,kings,1626168,Trey,Lyles,T. Lyles,trey-lyles,,,,6:37,6.616666666666667,0,3,0.0,0,2,0.0,0,0,0.0,0,2,2,0,0,0,0,0,0,4.0,0022400196,Trey Lyles,trey lyles,,,2024-11-08,0,0.0,0.0,0.30226700251889166,0.0,0.0,8.0,3.0,5.0,7.0,5.0,3.0,1.0,9.0,2.0,0,0.0,0,0.00214,30.8,14385.801027557216,30.734088,0.0,6.0,6.0,0.010135711
0022400209,1610612758,Sacramento,Kings,SAC,kings,201942,DeMar,DeRozan,D. DeRozan,demar-derozan,F,,,42:40,42.666666666666664,14,25,0.56,1,1,1.0,5,6,0.833,0,3,3,3,1,0,2,0,34,7.0,0022400209,DeMar DeRozan,demar derozan,,,2024-11-10,1,0.796875,0.0,0.0703125,0.0703125,0.0234375,1.0,6.0,6.0,4.0,2.0,4.0,4.0,1.0,3.0,0,0.0,0,0.00293,10.3,3514.158990105766,10.269821,0.0234375,3.0,9.0,0.76745546
0022400209,1610612758,Sacramento,Kings,SAC,kings,1631099,Keegan,Murray,K. Murray,keegan-murray,F,,,42:35,42.583333333333336,5,11,0.455,2,6,0.333,2,2,1.0,1,13,14,1,0,0,0,5,14,9.0,0022400209,Keegan Murray,keegan murray,,,2024-11-10,0,0.3287671232876712,0.023483365949119372,0.3287671232876712,0.023483365949119372,0.023483365949119372,5.0,2.0,1.0,6.0,6.0,4.0,2.0,2.0,1.0,0,0.0,0,0.0011799999999999998,12.1,10245.554614733279,12.085722,0.0,7.0,8.0,0.58487153
0022400209,1610612758,Sacramento,Kings,SAC,kings,1627734,Domantas,Sabonis,D. Sabonis,domantas-sabonis,C,,,38:49,38.81666666666667,9,14,0.643,0,3,0.0,2,3,0.667,4,8,12,5,0,0,6,6,20,11.0,0022400209,Domantas Sabonis,domantas sabonis,,,2024-11-10,0,0.51524259338772,0.103048518677544,0.309145556032632,0.12881064834693,0.103048518677544,3.0,1.0,2.0,2.0,6.0,4.0,1.0,4.0,0.0,0,0.0,0,0.00223,13.1,5871.806364858807,13.070787000000001,0.0,7.0,4.0,0.7523054
0022400209,1610612758,Sacramento,Kings,SAC,kings,1628989,Kevin,Huerter,K. Huerter,kevin-huerter,G,,,34:43,34.71666666666667,6,12,0.5,5,9,0.556,0,0,0.0,1,6,7,4,3,1,2,6,17,-1.0,0022400209,Kevin Huerter,kevin huerter,,,2024-11-10,4,0.4896783485357657,0.028804608737397982,0.20163226116178587,0.11521843494959193,0.1440230436869899,4.0,2.0,4.0,3.0,1.0,1.0,9.0,5.0,7.0,0,0.0,0,0.00165,0.1,60.56935190793459,0.09983500000000001,0.11521843494959193,1.0,1.0,0.81199986
0022400209,1610612758,Sacramento,Kings,SAC,kings,1628368,De'Aaron,Fox,D. Fox,deaaron-fox,G,,,40:43,40.71666666666667,10,23,0.435,0,6,0.0,1,1,1.0,1,10,11,8,0,0,0,0,21,9.0,0022400209,De'Aaron Fox,de'aaron fox,,,2024-11-10,0,0.5157593123209169,0.024559967253376995,0.2701596397871469,0.19647973802701596,0.024559967253376995,2.0,2.0,3.0,1.0,6.0,4.0,2.0,3.0,4.0,0,0.0,0,0.00242,9.0,3717.472118959108,8.97822,0.0,7.0,7.0,0.74391794
0022400209,1610612758,Sacramento,Kings,SAC,kings,1628370,Malik,Monk,M. Monk,malik-monk,,,,7:30,7.5,1,3,0.333,0,1,0.0,2,2,1.0,0,3,3,2,1,0,1,1,4,4.0,0022400209,Malik Monk,malik monk,,,2024-11-10,1,0.5333333333333333,0.0,0.4,0.26666666666666666,0.13333333333333333,8.0,6.0,6.0,5.0,2.0,4.0,6.0,9.0,2.0,0,0.0,0,0.0025,15.8,6317.473010795681,15.760500000000002,0.13333333333333333,3.0,2.0,0.029839128
0022400209,1610612758,Sacramento,Kings,SAC,kings,1631165,Keon,Ellis,K. Ellis,keon-ellis,,,,28:04,28.066666666666666,2,3,0.667,1,2,0.5,1,1,1.0,0,1,1,0,1,1,2,1,6,6.0,0022400209,Keon Ellis,keon ellis,,,2024-11-10,2,0.21377672209026127,0.0,0.035629453681710214,0.0,0.07125890736342043,7.0,6.0,8.0,7.0,2.0,1.0,5.0,6.0,3.0,0,0.0,0,0.00078,15.9,20358.51472471191,15.887598,0.07125890736342043,2.0,6.0,0.06071191
0022400209,1610612758,Sacramento,Kings,SAC,kings,203926,Doug,McDermott,D. McDermott,doug-mcdermott,,,,10:38,10.633333333333333,1,5,0.2,1,5,0.2,0,0,0.0,0,0,0,0,1,0,0,0,3,0.0,0022400209,Doug McDermott,doug mcdermott,,,2024-11-10,1,0.2821316614420063,0.0,0.0,0.0,0.09404388714733543,9.0,6.0,9.0,7.0,2.0,4.0,8.0,8.0,0.0,0,0.0,0,0.00192,-8.0,-4164.497657470068,-7.98464,0.09404388714733543,3.0,5.0,0.0074374806
0022400209,1610612758,Sacramento,Kings,SAC,kings,1626168,Trey,Lyles,T. Lyles,trey-lyles,,,,17:26,17.433333333333334,2,6,0.333,1,4,0.25,3,4,0.75,1,5,6,0,0,1,1,1,8,-1.0,0022400209,Trey Lyles,trey lyles,,,2024-11-10,1,0.4588910133843212,0.05736137667304015,0.3441682600382409,0.0,0.1147227533460803,6.0,2.0,5.0,7.0,6.0,1.0,9.0,7.0,0.0,0,0.0,0,0.00231,2.8,1211.5967113803547,2.793532,0.05736137667304015,3.0,3.0,0.12072834
0022400209,1610612758,Sacramento,Kings,SAC,kings,1629162,Jordan,McLaughlin,J. McLaughlin,jordan-mclaughlin,,,,1:52,1.8666666666666667,0,0,0.0,0,0,0.0,0,0,0.0,0,0,0,0,0,0,0,0,0,1.0,0022400209,Jordan McLaughlin,jordan mclaughlin,,,2024-11-10,0,0.0,0.0,0.0,0.0,0.0,10.0,6.0,9.0,7.0,6.0,4.0,7.0,10.0,0.0,0,0.0,0,0.0,25.0,25000000.0,25.0,0.0,7.0,10.0,0.0030267742
0022400216,1610612758,Sacramento,Kings,SAC,kings,201942,DeMar,DeRozan,D. DeRozan,demar-derozan,F,,,37:32,37.53333333333333,8,15,0.533,1,1,1.0,4,5,0.8,1,7,8,6,1,2,0,1,21,-11.0,0022400216,DeMar DeRozan,demar derozan,,,2024-11-11,3,0.5595026642984015,0.026642984014209593,0.21314387211367675,0.15985790408525755,0.10657193605683837,3.0,3.0,2.0,1.0,4.0,1.0,9.0,1.0,2.0,0,0.0,0,0.0020499999999999997,-16.5,-8044.856167723063,-16.466175,0.07992895204262877,1.0,5.0,0.7739034
0022400216,1610612758,Sacramento,Kings,SAC,kings,1631099,Keegan,Murray,K. Murray,keegan-murray,F,,,28:56,28.933333333333334,2,7,0.286,1,5,0.2,0,0,0.0,0,3,3,1,0,0,2,1,5,-21.0,0022400216,Keegan Murray,keegan murray,,,2024-11-11,0,0.1728110599078341,0.0,0.10368663594470046,0.03456221198156682,0.0,5.0,6.0,5.0,5.0,8.0,3.0,12.0,4.0,0.0,0,0.0,0,0.00132,-39.5,-29901.589704769118,-39.44786,0.0,8.0,8.0,0.015195827
0022400216,1610612758,Sacramento,Kings,SAC,kings,1627734,Domantas,Sabonis,D. Sabonis,domantas-sabonis,C,,,36:05,36.083333333333336,11,19,0.579,1,3,0.333,0,0,0.0,4,8,12,4,2,0,4,5,23,-9.0,0022400216,Domantas Sabonis,domantas sabonis,,,2024-11-11,2,0.6374133949191686,0.11085450346420322,0.3325635103926097,0.11085450346420322,0.16628175519630484,2.0,1.0,1.0,2.0,2.0,3.0,8.0,3.0,4.0,0,0.0,0,0.0027700000000000003,-13.7,-4944.063514976542,-13.662050999999998,0.05542725173210161,4.0,3.0,0.80220544
0022400216,1610612758,Sacramento,Kings,SAC,kings,1628989,Kevin,Huerter,K. Huerter,kevin-huerter,G,,,23:48,23.8,1,7,0.143,0,5,0.0,0,0,0.0,0,3,3,3,3,0,1,0,2,-18.0,0022400216,Kevin Huerter,kevin huerter,,,2024-11-11,3,0.08403361344537814,0.0,0.12605042016806722,0.12605042016806722,0.12605042016806722,9.0,6.0,5.0,3.0,1.0,3.0,11.0,6.0,4.0,0,0.0,0,0.00148,-35.3,-23835.246455097906,-35.247755999999995,0.12605042016806722,1.0,4.0,0.008415205
0022400216,1610612758,Sacramento,Kings,SAC,kings,1628368,De'Aaron,Fox,D. Fox,deaaron-fox,G,,,36:07,36.11666666666667,9,19,0.474,2,5,0.4,4,4,1.0,1,5,6,3,1,0,1,4,24,-21.0,0022400216,De'Aaron Fox,de'aaron fox,,,2024-11-11,1,0.6645131518227965,0.02768804799261652,0.16612828795569912,0.08306414397784956,0.05537609598523304,1.0,3.0,3.0,3.0,4.0,3.0,12.0,2.0,2.0,0,0.0,0,0.00272,-27.0,-9922.82249173098,-26.92656,0.02768804799261652,6.0,7.0,0.81808823
0022400216,1610612758,Sacramento,Kings,SAC,kings,1631165,Keon,Ellis,K. Ellis,keon-ellis,,,,22:42,22.7,1,6,0.167,1,5,0.2,0,0,0.0,0,0,0,0,2,0,1,1,3,0.0,0022400216,Keon Ellis,keon ellis,,,2024-11-11,2,0.13215859030837004,0.0,0.0,0.0,0.0881057268722467,8.0,6.0,8.0,7.0,2.0,3.0,3.0,7.0,3.0,0,0.0,0,0.00132,0.0,0.0,0.0,0.0881057268722467,4.0,6.0,0.013287778
0022400216,1610612758,Sacramento,Kings,SAC,kings,1626168,Trey,Lyles,T. Lyles,trey-lyles,,,,26:58,26.966666666666665,3,8,0.375,2,6,0.333,0,0,0.0,2,2,4,0,1,2,0,1,8,2.0,0022400216,Trey Lyles,trey lyles,,,2024-11-11,3,0.2966625463535229,0.07416563658838073,0.14833127317676145,0.0,0.1854140914709518,4.0,2.0,4.0,7.0,4.0,1.0,2.0,5.0,0.0,0,1.0,0,0.00133,1.6,1202.1036814425245,1.597872,0.11124845488257108,1.0,2.0,0.65235865
0022400216,1610612758,Sacramento,Kings,SAC,kings,203926,Doug,McDermott,D. McDermott,doug-mcdermott,,,,13:21,13.35,2,6,0.333,1,5,0.2,0,0,0.0,0,0,0,0,0,0,0,1,5,8.0,0022400216,Doug McDermott,doug mcdermott,,,2024-11-11,0,0.37453183520599254,0.0,0.0,0.0,0.0,5.0,6.0,8.0,7.0,8.0,3.0,1.0,8.0,2.0,0,0.0,0,0.00188,22.8,12121.212121212122,22.757136,0.0,8.0,8.0,0.03364426
0022400216,1610612758,Sacramento,Kings,SAC,kings,1629162,Jordan,McLaughlin,J. McLaughlin,jordan-mclaughlin,,,,8:59,8.983333333333333,2,4,0.5,1,3,0.333,0,0,0.0,1,0,1,1,1,0,1,0,5,-14.0,0022400216,Jordan McLaughlin,jordan mclaughlin,,,2024-11-11,1,0.5565862708719852,0.11131725417439704,0.11131725417439704,0.11131725417439704,0.22263450834879409,5.0,3.0,7.0,5.0,4.0,3.0,10.0,9.0,,1,,1,0.0023799999999999997,-61.7,-25913.481730365394,-61.553154,0.11131725417439704,6.0,1.0,0.044883497
0022400216,1610612758,Sacramento,Kings,SAC,kings,1641732,Colby,Jones,C. Jones,colby-jones,,,,1:23,1.3833333333333333,0,0,0.0,0,0,0.0,0,0,0.0,0,0,0,0,0,0,1,0,0,-4.0,0022400216,Colby Jones,colby jones,,,2024-11-11,0,0.0,0.0,0.0,0.0,0.0,10.0,6.0,8.0,7.0,8.0,3.0,4.0,10.0,1.0,0,0.0,0,0.005,-133.3,-26654.669066186765,-132.6335,0.0,8.0,8.0,0.0025332442
0022400216,1610612758,Sacramento,Kings,SAC,kings,1642403,Isaac,Jones,I. Jones,isaac-jones,,,,1:23,1.3833333333333333,0,0,0.0,0,0,0.0,0,0,0.0,0,0,0,0,0,0,0,0,0,-4.0,0022400216,Isaac Jones,isaac jones,,,2024-11-11,0,0.0,0.0,0.0,0.0,0.0,10.0,6.0,8.0,7.0,8.0,3.0,4.0,10.0,0.0,0,0.0,0,0.0,-133.3,-133300000.00000001,-133.3,0.0,8.0,8.0,0.0030559436
0022400216,1610612758,Sacramento,Kings,SAC,kings,203458,Alex,Len,A. Len,alex-len,,,,1:23,1.3833333333333333,0,0,0.0,0,0,0.0,0,0,0.0,0,0,0,0,0,0,0,0,0,-4.0,0022400216,Alex Len,alex len,,,2024-11-11,0,0.0,0.0,0.0,0.0,0.0,10.0,6.0,8.0,7.0,8.0,3.0,4.0,10.0,,1,,1,0.0,-133.3,-133300000.00000001,-133.3,0.0,8.0,8.0,0.002972325
0022400216,1610612758,Sacramento,Kings,SAC,kings,1630222,Mason,Jones,M. Jones,mason-jones,,,,1:23,1.3833333333333333,0,0,0.0,0,0,0.0,0,0,0.0,0,0,0,0,0,0,0,0,0,-4.0,0022400216,Mason Jones,mason jones,,,2024-11-11,0,0.0,0.0,0.0,0.0,0.0,10.0,6.0,8.0,7.0,8.0,3.0,4.0,10.0,,1,,1,0.0,-133.3,-133300000.00000001,-133.3,0.0,8.0,8.0,0.002972325
0022400227,1610612758,Sacramento,Kings,SAC,kings,201942,DeMar,DeRozan,D. DeRozan,demar-derozan,F,,,17:26,17.433333333333334,1,2,0.5,0,0,0.0,0,0,0.0,1,4,5,3,1,2,2,1,2,0.0,0022400227,DeMar DeRozan,demar derozan,,,2024-11-13,3,0.1147227533460803,0.05736137667304015,0.28680688336520077,0.17208413001912046,0.2294455066921606,11.0,1.0,4.0,5.0,3.0,1.0,12.0,7.0,1.0,0,0.0,0,0.00108,3.3,3052.7289546716006,3.296436,0.17208413001912046,1.0,1.0,0.023667188
0022400227,1610612758,Sacramento,Kings,SAC,kings,1631099,Keegan,Murray,K. Murray,keegan-murray,F,,,33:05,33.083333333333336,7,11,0.636,3,5,0.6,0,0,0.0,1,3,4,1,0,1,1,4,17,25.0,0022400227,Keegan Murray,keegan murray,,,2024-11-13,1,0.5138539042821159,0.030226700251889168,0.12090680100755667,0.030226700251889168,0.060453400503778336,3.0,1.0,6.0,7.0,5.0,3.0,1.0,2.0,0.0,0,0.0,0,0.0016200000000000001,36.0,22208.513263417644,35.941680000000005,0.030226700251889168,5.0,9.0,0.83844626
0022400227,1610612758,Sacramento,Kings,SAC,kings,1627734,Domantas,Sabonis,D. Sabonis,domantas-sabonis,C,,,29:41,29.683333333333334,3,4,0.75,3,3,1.0,2,2,1.0,1,9,10,9,0,1,7,2,11,8.0,0022400227,Domantas Sabonis,domantas sabonis,,,2024-11-13,1,0.37057832678270636,0.033688938798427846,0.3368893879842785,0.30320044918585065,0.06737787759685569,5.0,1.0,1.0,2.0,5.0,3.0,6.0,4.0,0.0,0,0.0,0,0.0019,17.1,8995.265649658077,17.067510000000002,0.033688938798427846,5.0,7.0,0.2534649
0022400227,1610612758,Sacramento,Kings,SAC,kings,1628989,Kevin,Huerter,K. Huerter,kevin-huerter,G,,,36:33,36.55,9,16,0.563,2,6,0.333,2,5,0.4,1,5,6,5,3,0,1,3,22,19.0,0022400227,Kevin Huerter,kevin huerter,,,2024-11-13,3,0.6019151846785226,0.02735978112175103,0.16415868673050618,0.13679890560875513,0.10943912448700412,2.0,1.0,2.0,3.0,1.0,7.0,2.0,1.0,5.0,0,0.0,0,0.00226,25.5,11278.195488721805,25.44237,0.08207934336525309,1.0,4.0,0.814024
0022400227,1610612758,Sacramento,Kings,SAC,kings,1628368,De'Aaron,Fox,D. Fox,deaaron-fox,G,,,31:59,31.983333333333334,11,17,0.647,1,2,0.5,6,8,0.75,1,5,6,10,2,1,3,3,29,19.0,0022400227,De'Aaron Fox,de'aaron fox,,,2024-11-13,3,0.9067222511724856,0.03126628452318916,0.18759770713913496,0.3126628452318916,0.12506513809275663,1.0,1.0,2.0,1.0,2.0,3.0,2.0,3.0,3.0,0,0.0,0,0.00333,30.3,9096.367457220054,30.199101,0.09379885356956748,1.0,3.0,0.91133976
0022400227,1610612758,Sacramento,Kings,SAC,kings,1629162,Jordan,McLaughlin,J. McLaughlin,jordan-mclaughlin,,,,14:49,14.816666666666666,4,6,0.667,1,2,0.5,2,2,1.0,0,1,1,1,1,0,0,1,11,-2.0,0022400227,Jordan McLaughlin,jordan mclaughlin,,,2024-11-13,1,0.7424071991001125,0.0,0.06749156355455568,0.06749156355455568,0.06749156355455568,5.0,7.0,10.0,7.0,3.0,7.0,13.0,9.0,0.0,0,0.0,0,0.00219,-2.2,-1004.1077133728891,-2.195182,0.06749156355455568,5.0,6.0,0.69887817
0022400227,1610612758,Sacramento,Kings,SAC,kings,1626168,Trey,Lyles,T. Lyles,trey-lyles,,,,22:14,22.233333333333334,5,7,0.714,3,5,0.6,0,0,0.0,0,5,5,3,0,0,0,0,13,14.0,0022400227,Trey Lyles,trey lyles,,,2024-11-13,0,0.5847076461769115,0.0,0.22488755622188905,0.13493253373313344,0.0,4.0,7.0,4.0,5.0,5.0,7.0,4.0,6.0,1.0,0,1.0,0,0.0013700000000000001,35.9,26185.266229029905,35.850817,0.0,9.0,10.0,0.55544263
0022400227,1610612758,Sacramento,Kings,SAC,kings,1631165,Keon,Ellis,K. Ellis,keon-ellis,,,,25:33,25.55,4,5,0.8,1,1,1.0,0,0,0.0,0,2,2,0,0,2,3,3,9,4.0,0022400227,Keon Ellis,keon ellis,,,2024-11-13,2,0.3522504892367906,0.0,0.07827788649706457,0.0,0.07827788649706457,7.0,7.0,8.0,11.0,5.0,1.0,8.0,5.0,0.0,0,0.0,0,0.00154,14.8,9604.153147306944,14.777208000000002,0.07827788649706457,4.0,5.0,0.25566015
0022400227,1610612758,Sacramento,Kings,SAC,kings,203926,Doug,McDermott,D. McDermott,doug-mcdermott,,,,15:12,15.2,0,4,0.0,0,3,0.0,0,0,0.0,0,3,3,1,0,1,0,0,0,11.0,0022400227,Doug McDermott,doug mcdermott,,,2024-11-13,1,0.0,0.0,0.19736842105263158,0.06578947368421052,0.06578947368421052,12.0,7.0,7.0,7.0,5.0,3.0,5.0,8.0,0.0,0,0.0,0,0.00111,22.3,20072.007200720072,22.275247,0.06578947368421052,5.0,8.0,0.015120656
0022400227,1610612758,Sacramento,Kings,SAC,kings,203458,Alex,Len,A. Len,alex-len,,,,4:46,4.766666666666667,2,2,1.0,0,0,0.0,0,0,0.0,1,1,2,1,0,0,0,1,4,5.0,0022400227,Alex Len,alex len,,,2024-11-13,0,0.8391608391608392,0.2097902097902098,0.4195804195804196,0.2097902097902098,0.2097902097902098,9.0,1.0,8.0,7.0,5.0,7.0,7.0,10.0,0.0,0,0.0,0,0.00182,38.9,21361.889071938494,38.829201999999995,0.0,9.0,2.0,0.031106357
0022400227,1610612758,Sacramento,Kings,SAC,kings,1641732,Colby,Jones,C. Jones,colby-jones,,,,2:54,2.9,2,2,1.0,1,1,1.0,0,0,0.0,0,0,0,0,0,0,0,1,5,4.0,0022400227,Colby Jones,colby jones,,,2024-11-13,0,1.7241379310344829,0.0,0.0,0.0,0.0,8.0,7.0,12.0,11.0,5.0,7.0,8.0,11.0,,1,,1,0.0028599999999999997,43.3,15134.568332750787,43.176162,0.0,9.0,10.0,0.03797022
0022400227,1610612758,Sacramento,Kings,SAC,kings,1630222,Mason,Jones,M. Jones,mason-jones,,,,2:54,2.9,0,0,0.0,0,0,0.0,0,0,0.0,0,0,0,4,0,0,0,1,0,4.0,0022400227,Mason Jones,mason jones,,,2024-11-13,0,0.0,0.0,0.0,1.3793103448275863,0.0,12.0,7.0,12.0,4.0,5.0,7.0,8.0,11.0,,1,,1,0.0,43.3,43300000.0,43.3,0.0,9.0,10.0,0.0042823562
0022400227,1610612758,Sacramento,Kings,SAC,kings,1642403,Isaac,Jones,I. Jones,isaac-jones,,,,2:54,2.9,2,2,1.0,0,0,0.0,0,0,0.0,0,1,1,0,0,0,0,0,4,4.0,0022400227,Isaac Jones,isaac jones,,,2024-11-13,0,1.3793103448275863,0.0,0.3448275862068966,0.0,0.0,9.0,7.0,10.0,11.0,5.0,7.0,8.0,11.0,,1,,1,0.0028599999999999997,43.3,15134.568332750787,43.176162,0.0,9.0,10.0,0.051566105
0022400020,1610612758,Sacramento,Kings,SAC,kings,1631099,Keegan,Murray,K. Murray,keegan-murray,F,,,45:03,45.05,6,15,0.4,2,7,0.286,0,0,0.0,3,7,10,2,1,1,0,1,14,-7.0,0022400020,Keegan Murray,keegan murray,,,2024-11-15,2,0.3107658157602664,0.06659267480577137,0.22197558268590456,0.044395116537180916,0.11098779134295228,3.0,1.0,2.0,4.0,2.0,2.0,7.0,1.0,3.0,0,0.0,0,0.0014299999999999998,-3.6,-2515.7232704402522,-3.594852,0.044395116537180916,3.0,4.0,0.34742826
0022400020,1610612758,Sacramento,Kings,SAC,kings,1627734,Domantas,Sabonis,D. Sabonis,domantas-sabonis,F,,,39:39,39.65,10,15,0.667,0,3,0.0,3,3,1.0,2,10,12,4,0,3,4,1,23,-5.0,0022400020,Domantas Sabonis,domantas sabonis,,,2024-11-15,3,0.5800756620428752,0.05044136191677175,0.3026481715006305,0.1008827238335435,0.12610340479192939,2.0,2.0,1.0,2.0,5.0,1.0,6.0,4.0,0.0,0,0.0,0,0.0023499999999999997,-3.3,-1403.6580178647384,-3.292245,0.07566204287515763,2.0,3.0,0.76534295
0022400020,1610612758,Sacramento,Kings,SAC,kings,203458,Alex,Len,A. Len,alex-len,C,,,8:33,8.55,1,2,0.5,0,1,0.0,0,0,0.0,0,1,1,0,0,0,0,2,2,-14.0,0022400020,Alex Len,alex len,,,2024-11-15,0,0.23391812865497075,0.0,0.11695906432748537,0.0,0.0,9.0,7.0,9.0,9.0,5.0,6.0,8.0,9.0,1.0,0,0.0,0,0.00111,-69.9,-62916.29162916292,-69.822411,0.0,7.0,8.0,0.0047673923
0022400020,1610612758,Sacramento,Kings,SAC,kings,1628989,Kevin,Huerter,K. Huerter,kevin-huerter,G,,,30:55,30.916666666666668,2,7,0.286,0,3,0.0,0,0,0.0,0,6,6,4,0,1,1,2,4,-21.0,0022400020,Kevin Huerter,kevin huerter,,,2024-11-15,1,0.1293800539083558,0.0,0.1940700808625337,0.1293800539083558,0.03234501347708895,7.0,7.0,4.0,2.0,5.0,2.0,9.0,5.0,1.0,0,0.0,0,0.00121,-31.8,-26259.289843104878,-31.761522,0.03234501347708895,5.0,7.0,0.013101263
0022400020,1610612758,Sacramento,Kings,SAC,kings,1628368,De'Aaron,Fox,D. Fox,deaaron-fox,G,,,44:29,44.483333333333334,22,35,0.629,6,10,0.6,10,11,0.909,2,1,3,7,3,1,6,3,60,1.0,0022400020,De'Aaron Fox,de'aaron fox,,,2024-11-15,4,1.348819782690146,0.04496065942300487,0.0674409891345073,0.15736230798051704,0.1348819782690146,1.0,2.0,6.0,1.0,1.0,2.0,5.0,2.0,6.0,0,0.0,0,0.00447,3.7,827.5553567434579,3.6834610000000003,0.08992131884600973,1.0,1.0,0.88372403
0022400020,1610612758,Sacramento,Kings,SAC,kings,1629162,Jordan,McLaughlin,J. McLaughlin,jordan-mclaughlin,,,,16:40,16.666666666666668,1,4,0.25,0,1,0.0,3,4,0.75,1,2,3,1,0,0,0,1,5,9.0,0022400020,Jordan McLaughlin,jordan mclaughlin,,,2024-11-15,0,0.3,0.06,0.18,0.06,0.06,6.0,5.0,6.0,5.0,5.0,6.0,2.0,7.0,3.0,0,1.0,0,0.00167,35.3,21125.074805505683,35.241049,0.0,7.0,6.0,0.017804548
0022400020,1610612758,Sacramento,Kings,SAC,kings,1631165,Keon,Ellis,K. Ellis,keon-ellis,,,,23:07,23.116666666666667,1,4,0.25,1,3,0.333,0,0,0.0,1,4,5,1,1,1,1,2,3,3.0,0022400020,Keon Ellis,keon ellis,,,2024-11-15,2,0.12977649603460706,0.043258832011535686,0.21629416005767843,0.043258832011535686,0.12977649603460706,8.0,5.0,5.0,5.0,2.0,2.0,4.0,6.0,2.0,0,0.0,0,0.00094,12.2,12964.930924548353,12.188531999999999,0.08651766402307137,3.0,2.0,0.021948377
0022400020,1610612758,Sacramento,Kings,SAC,kings,1626168,Trey,Lyles,T. Lyles,trey-lyles,,,,41:02,41.03333333333333,2,8,0.25,1,5,0.2,2,2,1.0,2,6,8,1,1,0,1,4,7,10.0,0022400020,Trey Lyles,trey lyles,,,2024-11-15,1,0.17059301380991065,0.0487408610885459,0.1949634443541836,0.02437043054427295,0.07311129163281885,5.0,2.0,3.0,5.0,2.0,6.0,1.0,3.0,3.0,0,0.0,0,0.00105,17.7,16841.103710751668,17.681414999999998,0.02437043054427295,5.0,5.0,0.1721779
0022400020,1610612758,Sacramento,Kings,SAC,kings,203926,Doug,McDermott,D. McDermott,doug-mcdermott,,,,15:32,15.533333333333333,3,6,0.5,2,4,0.5,0,0,0.0,0,3,3,1,0,0,0,1,8,4.0,0022400020,Doug McDermott,doug mcdermott,,,2024-11-15,0,0.5150214592274678,0.0,0.19313304721030042,0.06437768240343347,0.0,4.0,7.0,6.0,5.0,5.0,6.0,3.0,8.0,,1,,1,0.00158,15.9,10056.925996204935,15.874878,0.0,7.0,8.0,0.17789684
0022400233,1610612758,Sacramento,Kings,SAC,kings,203926,Doug,McDermott,D. McDermott,doug-mcdermott,F,,,18:54,18.9,2,7,0.286,2,6,0.333,0,0,0.0,0,1,1,0,1,0,0,3,6,-3.0,0022400233,Doug McDermott,doug mcdermott,,,2024-11-16,1,0.3174603174603175,0.0,0.052910052910052914,0.0,0.052910052910052914,5.0,6.0,10.0,8.0,2.0,4.0,11.0,6.0,0.0,0,0.0,0,0.00149,-15.0,-10060.36217303823,-14.97765,0.052910052910052914,2.0,6.0,0.061370537
0022400233,1610612758,Sacramento,Kings,SAC,kings,1631099,Keegan,Murray,K. Murray,keegan-murray,F,,,39:00,39.0,2,6,0.333,1,4,0.25,0,0,0.0,1,5,6,2,1,0,1,5,5,1.0,0022400233,Keegan Murray,keegan murray,,,2024-11-16,1,0.1282051282051282,0.02564102564102564,0.15384615384615385,0.05128205128205128,0.05128205128205128,9.0,3.0,1.0,4.0,2.0,4.0,5.0,1.0,2.0,0,0.0,0,0.00079,2.8,3539.823008849557,2.797788,0.02564102564102564,2.0,7.0,0.05938853
0022400233,1610612758,Sacramento,Kings,SAC,kings,1626168,Trey,Lyles,T. Lyles,trey-lyles,C,,,34:57,34.95,6,9,0.667,5,7,0.714,0,0,0.0,0,3,3,1,0,1,2,2,17,1.0,0022400233,Trey Lyles,trey lyles,,,2024-11-16,1,0.4864091559370529,0.0,0.08583690987124463,0.028612303290414875,0.028612303290414875,3.0,6.0,5.0,7.0,6.0,1.0,5.0,3.0,0.0,0,0.0,0,0.0013800000000000002,1.4,1013.7581462708181,1.3980679999999999,0.028612303290414875,2.0,10.0,0.7056916
0022400233,1610612758,Sacramento,Kings,SAC,kings,1628989,Kevin,Huerter,K. Huerter,kevin-huerter,G,,,33:45,33.75,6,14,0.429,5,12,0.417,1,2,0.5,0,5,5,2,1,0,3,4,18,0.0,0022400233,Kevin Huerter,kevin huerter,,,2024-11-16,1,0.5333333333333333,0.0,0.14814814814814814,0.05925925925925926,0.02962962962962963,2.0,6.0,2.0,4.0,2.0,4.0,8.0,4.0,5.0,0,0.0,0,0.00228,-1.7,-745.2871547566856,-1.696124,0.02962962962962963,2.0,9.0,0.7919181
0022400233,1610612758,Sacramento,Kings,SAC,kings,1628368,De'Aaron,Fox,D. Fox,deaaron-fox,G,,,35:44,35.733333333333334,16,30,0.533,3,4,0.75,14,19,0.737,0,3,3,9,2,0,4,3,49,1.0,0022400233,De'Aaron Fox,de'aaron fox,,,2024-11-16,2,1.3712686567164178,0.0,0.08395522388059701,0.251865671641791,0.055970149253731345,1.0,6.0,5.0,1.0,1.0,4.0,5.0,2.0,4.0,0,0.0,0,0.005,-0.3,-59.98800239952009,-0.2985,0.055970149253731345,1.0,5.0,0.890504
0022400233,1610612758,Sacramento,Kings,SAC,kings,1629162,Jordan,McLaughlin,J. McLaughlin,jordan-mclaughlin,,,,21:48,21.8,2,5,0.4,2,4,0.5,0,0,0.0,0,3,3,5,1,0,1,2,6,12.0,0022400233,Jordan McLaughlin,jordan mclaughlin,,,2024-11-16,1,0.27522935779816515,0.0,0.13761467889908258,0.2293577981651376,0.04587155963302752,5.0,6.0,5.0,2.0,2.0,4.0,1.0,5.0,2.0,0,0.0,0,0.0012,35.2,29308.90924229809,35.15776,0.04587155963302752,2.0,8.0,0.2088197
0022400233,1610612758,Sacramento,Kings,SAC,kings,1631115,Orlando,Robinson,O. Robinson,orlando-robinson,,,,12:14,12.233333333333333,2,2,1.0,1,1,1.0,1,2,0.5,2,1,3,0,0,0,1,2,6,2.0,0022400233,Orlando Robinson,orlando robinson,,,2024-11-16,0,0.4904632152588556,0.16348773841961853,0.2452316076294278,0.0,0.16348773841961853,5.0,2.0,5.0,8.0,6.0,4.0,4.0,8.0,2.0,0,0.0,0,0.0014299999999999998,12.0,8385.74423480084,11.98284,0.0,9.0,3.0,0.1011525
0022400233,1610612758,Sacramento,Kings,SAC,kings,1630222,Mason,Jones,M. Jones,mason-jones,,,,8:19,8.316666666666666,0,2,0.0,0,2,0.0,0,0,0.0,1,3,4,3,0,0,0,0,0,-1.0,0022400233,Mason Jones,mason jones,,,2024-11-16,0,0.0,0.12024048096192386,0.4809619238476954,0.36072144288577157,0.12024048096192386,10.0,3.0,4.0,3.0,6.0,4.0,9.0,11.0,3.0,0,0.0,0,0.00105,-0.3,-285.442435775452,-0.299685,0.0,9.0,4.0,0.008260739
0022400233,1610612758,Sacramento,Kings,SAC,kings,1631165,Keon,Ellis,K. Ellis,keon-ellis,,,,10:23,10.383333333333333,0,1,0.0,0,1,0.0,0,0,0.0,0,0,0,0,0,0,2,2,0,5.0,0022400233,Keon Ellis,keon ellis,,,2024-11-16,0,0.0,0.0,0.0,0.0,0.0,10.0,6.0,11.0,8.0,6.0,4.0,2.0,10.0,2.0,0,0.0,0,0.0015,26.3,17521.652231845437,26.260550000000002,0.0,9.0,11.0,0.0049812156
0022400233,1610612758,Sacramento,Kings,SAC,kings,203458,Alex,Len,A. Len,alex-len,,,,12:54,12.9,4,5,0.8,0,0,0.0,0,0,0.0,4,1,5,2,0,1,0,2,8,4.0,0022400233,Alex Len,alex len,,,2024-11-16,1,0.6201550387596899,0.31007751937984496,0.38759689922480617,0.15503875968992248,0.38759689922480617,4.0,1.0,2.0,4.0,6.0,1.0,3.0,7.0,1.0,0,0.0,0,0.00161,20.6,12787.088764742397,20.566834,0.07751937984496124,2.0,1.0,0.7126124
0022400233,1610612758,Sacramento,Kings,SAC,kings,1642403,Isaac,Jones,I. Jones,isaac-jones,,,,12:02,12.033333333333333,2,2,1.0,0,0,0.0,2,2,1.0,1,1,2,0,0,1,0,4,6,-2.0,0022400233,Isaac Jones,isaac jones,,,2024-11-16,1,0.4986149584487535,0.08310249307479224,0.16620498614958448,0.0,0.16620498614958448,5.0,3.0,9.0,8.0,6.0,1.0,10.0,9.0,0.0,0,0.0,0,0.00111,-3.5,-3150.3150315031503,-3.4961149999999996,0.08310249307479224,2.0,2.0,0.12938336
0022400250,1610612758,Sacramento,Kings,SAC,kings,1631099,Keegan,Murray,K. Murray,keegan-murray,F,,,22:28,22.466666666666665,3,9,0.333,1,3,0.333,0,0,0.0,1,6,7,1,2,0,4,6,7,-20.0,0022400250,Keegan Murray,keegan murray,,,2024-11-18,2,0.31157270029673595,0.04451038575667656,0.31157270029673595,0.04451038575667656,0.13353115727002968,7.0,3.0,2.0,5.0,2.0,3.0,11.0,5.0,2.0,0,0.0,0,0.00232,-43.2,-18612.66695389918,-43.099776000000006,0.08902077151335312,3.0,4.0,0.05175586
0022400250,1610612758,Sacramento,Kings,SAC,kings,1626168,Trey,Lyles,T. Lyles,trey-lyles,F,,,37:40,37.666666666666664,4,11,0.364,3,7,0.429,1,2,0.5,4,6,10,4,1,0,0,2,12,-4.0,0022400250,Trey Lyles,trey lyles,,,2024-11-18,1,0.3185840707964602,0.10619469026548674,0.26548672566371684,0.10619469026548674,0.13274336283185842,3.0,1.0,1.0,2.0,3.0,3.0,7.0,3.0,2.0,0,1.0,0,0.00133,-6.5,-4883.546205860256,-6.4913549999999995,0.026548672566371685,5.0,5.0,0.565108
0022400250,1610612758,Sacramento,Kings,SAC,kings,203458,Alex,Len,A. Len,alex-len,C,,,17:10,17.166666666666668,1,2,0.5,0,1,0.0,0,0,0.0,1,2,3,1,0,3,1,2,2,-5.0,0022400250,Alex Len,alex len,,,2024-11-18,3,0.11650485436893203,0.058252427184466014,0.17475728155339804,0.058252427184466014,0.23300970873786406,8.0,3.0,6.0,5.0,7.0,1.0,8.0,8.0,0.0,0,0.0,0,0.00075,-19.4,-25832.22370173102,-19.38545,0.17475728155339804,1.0,2.0,0.052442987
0022400250,1610612758,Sacramento,Kings,SAC,kings,1628989,Kevin,Huerter,K. Huerter,kevin-huerter,G,,,39:12,39.2,4,15,0.267,1,10,0.1,0,0,0.0,0,5,5,3,3,0,2,3,9,-15.0,0022400250,Kevin Huerter,kevin huerter,,,2024-11-18,3,0.22959183673469385,0.0,0.12755102040816327,0.07653061224489795,0.07653061224489795,4.0,6.0,4.0,4.0,1.0,3.0,10.0,1.0,2.0,0,0.0,0,0.00181,-22.6,-12479.293208172283,-22.559094,0.07653061224489795,1.0,7.0,0.11992596
0022400250,1610612758,Sacramento,Kings,SAC,kings,1628368,De'Aaron,Fox,D. Fox,deaaron-fox,G,,,39:05,39.083333333333336,11,23,0.478,3,6,0.5,3,4,0.75,0,5,5,7,1,0,4,2,28,2.0,0022400250,De'Aaron Fox,de'aaron fox,,,2024-11-18,1,0.7164179104477612,0.0,0.1279317697228145,0.1791044776119403,0.0255863539445629,2.0,6.0,4.0,1.0,3.0,3.0,6.0,2.0,3.0,0,0.0,0,0.00308,2.5,811.4248620577735,2.4923,0.0255863539445629,5.0,8.0,0.7529412
0022400250,1610612758,Sacramento,Kings,SAC,kings,1629162,Jordan,McLaughlin,J. McLaughlin,jordan-mclaughlin,,,,19:46,19.766666666666666,2,3,0.667,1,1,1.0,3,4,0.75,0,2,2,4,0,0,0,0,8,8.0,0022400250,Jordan McLaughlin,jordan mclaughlin,,,2024-11-18,0,0.40472175379426645,0.0,0.10118043844856661,0.20236087689713322,0.0,5.0,6.0,9.0,2.0,7.0,3.0,3.0,6.0,1.0,0,0.0,0,0.0010199999999999999,11.1,10871.694417238004,11.088678,0.0,8.0,9.0,0.086895965
0022400250,1610612758,Sacramento,Kings,SAC,kings,1631115,Orlando,Robinson,O. Robinson,orlando-robinson,,,,7:19,7.316666666666666,0,0,0.0,0,0,0.0,1,2,0.5,0,3,3,1,1,0,2,1,1,-11.0,0022400250,Orlando Robinson,orlando robinson,,,2024-11-18,1,0.1366742596810934,0.0,0.4100227790432802,0.1366742596810934,0.1366742596810934,9.0,6.0,6.0,5.0,3.0,3.0,9.0,9.0,1.0,0,0.0,0,0.00167,-64.7,-38719.32974266906,-64.59195100000001,0.1366742596810934,5.0,3.0,0.0035315105
0022400250,1610612758,Sacramento,Kings,SAC,kings,1631165,Keon,Ellis,K. Ellis,keon-ellis,,,,33:05,33.083333333333336,9,17,0.529,9,15,0.6,6,7,0.857,2,4,6,1,1,1,1,1,33,15.0,0022400250,Keon Ellis,keon ellis,,,2024-11-18,2,0.9974811083123425,0.060453400503778336,0.181360201511335,0.030226700251889168,0.12090680100755667,1.0,2.0,3.0,5.0,3.0,2.0,1.0,4.0,4.0,0,0.0,0,0.00253,18.4,7269.853812722243,18.353447999999997,0.060453400503778336,3.0,6.0,0.9413668
0022400250,1610612758,Sacramento,Kings,SAC,kings,203926,Doug,McDermott,D. McDermott,doug-mcdermott,,,,18:54,18.9,3,4,0.75,2,3,0.667,0,0,0.0,0,1,1,1,0,0,1,3,8,15.0,0022400250,Doug McDermott,doug mcdermott,,,2024-11-18,0,0.4232804232804233,0.0,0.052910052910052914,0.052910052910052914,0.0,5.0,6.0,10.0,5.0,7.0,3.0,1.0,7.0,0.0,0,0.0,0,0.00114,39.0,34180.54338299738,38.95554,0.0,8.0,9.0,0.1355203
0022400250,1610612758,Sacramento,Kings,SAC,kings,1641732,Colby,Jones,C. Jones,colby-jones,,,,2:55,2.9166666666666665,0,1,0.0,0,0,0.0,0,0,0.0,1,2,3,1,0,0,0,0,0,7.0,0022400250,Colby Jones,colby jones,,,2024-11-18,0,0.0,0.34285714285714286,1.0285714285714287,0.34285714285714286,0.34285714285714286,10.0,3.0,6.0,5.0,7.0,3.0,4.0,10.0,0.0,0,0.0,0,0.0014299999999999998,128.6,89867.22571628234,128.416102,0.0,8.0,1.0,0.023722015
0022400250,1610612758,Sacramento,Kings,SAC,kings,1642403,Isaac,Jones,I. Jones,isaac-jones,,,,2:26,2.4333333333333336,0,0,0.0,0,0,0.0,0,0,0.0,0,0,0,0,0,0,2,0,0,3.0,0022400250,Isaac Jones,isaac jones,,,2024-11-18,0,0.0,0.0,0.0,0.0,0.0,10.0,6.0,11.0,11.0,7.0,3.0,5.0,11.0,0.0,0,0.0,0,0.0025,43.3,17313.07477009196,43.19175,0.0,8.0,9.0,0.003645812
0022400034,1610612758,Sacramento,Kings,SAC,kings,201942,DeMar,DeRozan,D. DeRozan,demar-derozan,F,,,36:07,36.11666666666667,6,19,0.316,0,5,0.0,4,8,0.5,0,6,6,2,1,1,2,3,16,-8.0,0022400034,DeMar DeRozan,demar derozan,,,2024-11-22,2,0.44300876788186433,0.0,0.16612828795569912,0.05537609598523304,0.05537609598523304,3.0,5.0,4.0,4.0,1.0,3.0,5.0,4.0,0.0,0,0.0,0,0.0027900000000000004,-10.4,-3726.2629881762805,-10.370984,0.05537609598523304,2.0,7.0,0.173715
0022400034,1610612758,Sacramento,Kings,SAC,kings,1631099,Keegan,Murray,K. Murray,keegan-murray,F,,,40:28,40.46666666666667,4,11,0.364,2,5,0.4,0,0,0.0,3,6,9,4,1,1,2,3,10,-4.0,0022400034,Keegan Murray,keegan murray,,,2024-11-22,2,0.2471169686985173,0.07413509060955518,0.22240527182866557,0.09884678747940691,0.12355848434925865,4.0,1.0,2.0,2.0,1.0,3.0,3.0,2.0,1.0,0,1.0,0,0.00135,-6.8,-5033.308660251665,-6.79082,0.049423393739703454,2.0,3.0,0.5093944
0022400034,1610612758,Sacramento,Kings,SAC,kings,1627734,Domantas,Sabonis,D. Sabonis,domantas-sabonis,C,,,40:21,40.35,9,17,0.529,2,5,0.4,4,4,1.0,2,13,15,4,1,1,6,3,24,-9.0,0022400034,Domantas Sabonis,domantas sabonis,,,2024-11-22,2,0.5947955390334573,0.049566294919454766,0.37174721189591076,0.09913258983890953,0.09913258983890953,2.0,2.0,1.0,2.0,1.0,3.0,6.0,3.0,0.0,0,0.0,0,0.00266,-11.8,-4434.423149192033,-11.768612000000001,0.049566294919454766,2.0,4.0,0.6734488
0022400034,1610612758,Sacramento,Kings,SAC,kings,1628989,Kevin,Huerter,K. Huerter,kevin-huerter,G,,,29:01,29.016666666666666,0,5,0.0,0,4,0.0,0,0,0.0,0,3,3,1,0,2,1,0,0,-3.0,0022400034,Kevin Huerter,kevin huerter,,,2024-11-22,2,0.0,0.0,0.10338885697874785,0.03446295232624928,0.06892590465249857,8.0,5.0,6.0,5.0,6.0,2.0,2.0,5.0,0.0,0,0.0,0,0.00091,-4.8,-5268.93523600439,-4.795632,0.06892590465249857,2.0,6.0,0.029011764
0022400034,1610612758,Sacramento,Kings,SAC,kings,1628368,De'Aaron,Fox,D. Fox,deaaron-fox,G,,,42:42,42.7,10,20,0.5,1,7,0.143,8,10,0.8,2,5,7,7,1,0,3,0,29,-4.0,0022400034,De'Aaron Fox,de'aaron fox,,,2024-11-22,1,0.6791569086651054,0.046838407494145196,0.16393442622950818,0.16393442622950818,0.0702576112412178,1.0,2.0,3.0,1.0,1.0,6.0,3.0,1.0,2.0,0,0.0,0,0.0028000000000000004,-5.5,-1963.5844341306672,-5.4845999999999995,0.023419203747072598,6.0,5.0,0.70535624
0022400034,1610612758,Sacramento,Kings,SAC,kings,1631165,Keon,Ellis,K. Ellis,keon-ellis,,,,16:17,16.283333333333335,0,3,0.0,0,2,0.0,1,2,0.5,0,0,0,1,0,3,0,2,1,-11.0,0022400034,Keon Ellis,keon ellis,,,2024-11-22,3,0.06141248720573183,0.0,0.0,0.06141248720573183,0.18423746161719548,7.0,5.0,9.0,5.0,6.0,1.0,8.0,7.0,0.0,0,0.0,0,0.00108,-36.7,-33950.046253469016,-36.660364,0.18423746161719548,1.0,1.0,0.008680815
0022400034,1610612758,Sacramento,Kings,SAC,kings,1626168,Trey,Lyles,T. Lyles,trey-lyles,,,,18:19,18.316666666666666,1,4,0.25,1,4,0.25,0,0,0.0,0,4,4,0,1,0,0,0,3,-17.0,0022400034,Trey Lyles,trey lyles,,,2024-11-22,1,0.1637852593266606,0.0,0.2183803457688808,0.0,0.0545950864422202,6.0,5.0,5.0,7.0,1.0,6.0,10.0,6.0,4.0,0,0.0,0,0.00091,-47.6,-52250.27442371021,-47.556684000000004,0.0545950864422202,6.0,8.0,0.012725193
0022400034,1610612758,Sacramento,Kings,SAC,kings,1629162,Jordan,McLaughlin,J. McLaughlin,jordan-mclaughlin,,,,7:38,7.633333333333333,0,1,0.0,0,1,0.0,0,0,0.0,1,2,3,0,0,0,1,0,0,-10.0,0022400034,Jordan McLaughlin,jordan mclaughlin,,,2024-11-22,0,0.0,0.13100436681222707,0.39301310043668125,0.0,0.13100436681222707,8.0,4.0,6.0,7.0,6.0,6.0,7.0,8.0,1.0,0,0.0,0,0.00125,-63.3,-50599.520383693045,-63.220875,0.0,8.0,2.0,0.0037767983
0022400034,1610612758,Sacramento,Kings,SAC,kings,203926,Doug,McDermott,D. McDermott,doug-mcdermott,,,,2:59,2.9833333333333334,0,0,0.0,0,0,0.0,0,0,0.0,0,1,1,0,0,0,0,1,0,-1.0,0022400034,Doug McDermott,doug mcdermott,,,2024-11-22,0,0.0,0.0,0.33519553072625696,0.0,0.0,8.0,5.0,8.0,7.0,6.0,6.0,1.0,10.0,,1,,1,0.0,-20.0,-20000000.0,-20.0,0.0,8.0,9.0,0.0051256935
0022400034,1610612758,Sacramento,Kings,SAC,kings,1641732,Colby,Jones,C. Jones,colby-jones,,,,6:09,6.15,2,3,0.667,1,2,0.5,0,0,0.0,0,0,0,0,0,0,0,1,5,-13.0,0022400034,Colby Jones,colby jones,,,2024-11-22,0,0.8130081300813008,0.0,0.0,0.0,0.0,5.0,5.0,9.0,7.0,6.0,6.0,9.0,9.0,0.0,0,0.0,0,0.00188,-86.7,-46092.50398724084,-86.53700400000001,0.0,8.0,9.0,0.027054619
0022400276,1610612758,Sacramento,Kings,SAC,kings,201942,DeMar,DeRozan,D. DeRozan,demar-derozan,F,,,35:43,35.71666666666667,7,18,0.389,0,2,0.0,4,6,0.667,1,4,5,5,0,0,3,4,18,0.0,0022400276,DeMar DeRozan,demar derozan,,,2024-11-24,0,0.5039664022398507,0.02799813345776948,0.1399906672888474,0.1399906672888474,0.02799813345776948,3.0,4.0,4.0,2.0,6.0,5.0,3.0,3.0,3.0,0,0.0,0,0.0028399999999999996,3.0,1055.9662090813094,2.99148,0.0,8.0,8.0,0.36003703
0022400276,1610612758,Sacramento,Kings,SAC,kings,1631099,Keegan,Murray,K. Murray,keegan-murray,F,,,36:07,36.11666666666667,7,14,0.5,1,5,0.2,6,8,0.75,3,5,8,2,1,1,2,4,21,8.0,0022400276,Keegan Murray,keegan murray,,,2024-11-24,2,0.5814490078449469,0.08306414397784956,0.22150438394093216,0.05537609598523304,0.1384402399630826,2.0,2.0,2.0,4.0,2.0,3.0,1.0,2.0,1.0,0,0.0,0,0.00247,12.8,5180.089032780251,12.768384000000001,0.05537609598523304,1.0,3.0,0.84111416
0022400276,1610612758,Sacramento,Kings,SAC,kings,1627734,Domantas,Sabonis,D. Sabonis,domantas-sabonis,C,,,35:02,35.03333333333333,6,12,0.5,1,3,0.333,0,0,0.0,4,14,18,7,1,0,4,4,13,-2.0,0022400276,Domantas Sabonis,domantas sabonis,,,2024-11-24,1,0.37107516650808753,0.11417697431018078,0.5137963843958135,0.19980970504281637,0.142721217887726,4.0,1.0,1.0,1.0,2.0,5.0,5.0,4.0,1.0,0,0.0,0,0.002,0.2,99.95002498750624,0.1996,0.028544243577545196,6.0,2.0,0.58192676
0022400276,1610612758,Sacramento,Kings,SAC,kings,1628989,Kevin,Huerter,K. Huerter,kevin-huerter,G,,,32:12,32.2,4,8,0.5,1,5,0.2,2,2,1.0,0,3,3,0,0,2,1,4,11,-4.0,0022400276,Kevin Huerter,kevin huerter,,,2024-11-24,2,0.3416149068322981,0.0,0.09316770186335403,0.0,0.06211180124223602,5.0,6.0,5.0,7.0,6.0,1.0,7.0,5.0,1.0,0,0.0,0,0.00132,-3.0,-2271.006813020439,-2.99604,0.06211180124223602,1.0,6.0,0.36867926
0022400276,1610612758,Sacramento,Kings,SAC,kings,1628368,De'Aaron,Fox,D. Fox,deaaron-fox,G,,,37:53,37.88333333333333,10,16,0.625,3,4,0.75,8,12,0.667,0,1,1,5,2,0,2,1,31,5.0,0022400276,De'Aaron Fox,de'aaron fox,,,2024-11-24,2,0.818301803783546,0.0,0.026396832380114386,0.13198416190057194,0.05279366476022877,1.0,6.0,7.0,2.0,1.0,5.0,2.0,1.0,6.0,0,0.0,0,0.0027900000000000004,9.5,3403.7979218917944,9.473495,0.05279366476022877,1.0,7.0,0.8171232
0022400276,1610612758,Sacramento,Kings,SAC,kings,1641732,Colby,Jones,C. Jones,colby-jones,,,,17:09,17.15,0,3,0.0,0,1,0.0,0,0,0.0,0,2,2,1,1,1,1,1,0,-16.0,0022400276,Colby Jones,colby jones,,,2024-11-24,2,0.0,0.0,0.11661807580174928,0.05830903790087464,0.11661807580174928,7.0,6.0,6.0,5.0,2.0,3.0,10.0,8.0,3.0,0,0.0,0,0.001,-42.2,-42157.84215784216,-42.1578,0.11661807580174928,1.0,4.0,0.00726512
0022400276,1610612758,Sacramento,Kings,SAC,kings,1631165,Keon,Ellis,K. Ellis,keon-ellis,,,,22:54,22.9,3,5,0.6,3,4,0.75,0,1,0.0,1,0,1,1,1,0,1,1,9,-6.0,0022400276,Keon Ellis,keon ellis,,,2024-11-24,1,0.39301310043668125,0.04366812227074236,0.04366812227074236,0.04366812227074236,0.08733624454148473,6.0,4.0,7.0,5.0,2.0,5.0,8.0,6.0,4.0,0,0.0,0,0.0011799999999999998,-8.3,-7027.942421676547,-8.290206000000001,0.04366812227074236,6.0,5.0,0.12569667
0022400276,1610612758,Sacramento,Kings,SAC,kings,1626168,Trey,Lyles,T. Lyles,trey-lyles,,,,18:49,18.816666666666666,0,1,0.0,0,1,0.0,0,2,0.0,2,4,6,0,0,2,2,2,0,-6.0,0022400276,Trey Lyles,trey lyles,,,2024-11-24,2,0.0,0.10628875110717449,0.31886625332152346,0.0,0.21257750221434898,7.0,3.0,3.0,7.0,6.0,1.0,8.0,7.0,1.0,0,0.0,0,0.00098,-12.9,-13149.847094801225,-12.887358,0.10628875110717449,1.0,1.0,0.01999212
0022400276,1610612758,Sacramento,Kings,SAC,kings,203926,Doug,McDermott,D. McDermott,doug-mcdermott,,,,4:11,4.183333333333334,0,0,0.0,0,0,0.0,0,0,0.0,0,0,0,0,0,0,0,1,0,-1.0,0022400276,Doug McDermott,doug mcdermott,,,2024-11-24,0,0.0,0.0,0.0,0.0,0.0,7.0,6.0,9.0,7.0,6.0,5.0,4.0,9.0,0.0,0,0.0,0,0.0,-14.3,-14300000.000000002,-14.3,0.0,8.0,9.0,0.004888952
0022400276,1610612758,Sacramento,Kings,SAC,kings,203458,Alex,Len,A. Len,alex-len,,,,0:01,0.016666666666666666,0,0,0.0,0,0,0.0,0,0,0.0,0,0,0,0,0,0,0,0,0,-3.0,0022400276,Alex Len,alex len,,,2024-11-24,0,0.0,0.0,0.0,0.0,0.0,7.0,6.0,9.0,7.0,6.0,5.0,6.0,10.0,,1,,1,0.0,-300.0,-300000000.0,-300.0,0.0,8.0,9.0,0.0034290547
0022400285,1610612758,Sacramento,Kings,SAC,kings,201942,DeMar,DeRozan,D. DeRozan,demar-derozan,F,,,35:31,35.516666666666666,13,21,0.619,0,2,0.0,4,4,1.0,0,2,2,6,1,0,0,1,30,-14.0,0022400285,DeMar DeRozan,demar derozan,,,2024-11-25,1,0.8446738620366026,0.0,0.05631159080244017,0.16893477240732052,0.028155795401220086,1.0,4.0,4.0,1.0,3.0,5.0,10.0,3.0,1.0,0,1.0,0,0.00265,-20.8,-7846.095812900792,-20.74488,0.028155795401220086,4.0,7.0,0.9032971
0022400285,1610612758,Sacramento,Kings,SAC,kings,1631099,Keegan,Murray,K. Murray,keegan-murray,F,,,38:24,38.4,6,15,0.4,2,8,0.25,0,0,0.0,6,4,10,2,2,1,2,1,14,-18.0,0022400285,Keegan Murray,keegan murray,,,2024-11-25,3,0.36458333333333337,0.15625,0.2604166666666667,0.052083333333333336,0.234375,3.0,1.0,1.0,6.0,2.0,1.0,11.0,2.0,4.0,0,0.0,0,0.00189,-21.1,-11158.117398202012,-21.060121000000002,0.078125,2.0,1.0,0.30513784
0022400285,1610612758,Sacramento,Kings,SAC,kings,1627734,Domantas,Sabonis,D. Sabonis,domantas-sabonis,C,,,35:02,35.03333333333333,7,11,0.636,1,2,0.5,6,8,0.75,2,8,10,3,3,1,4,5,21,-13.0,0022400285,Domantas Sabonis,domantas sabonis,,,2024-11-25,4,0.5994291151284491,0.05708848715509039,0.285442435775452,0.0856327307326356,0.1712654614652712,2.0,2.0,1.0,3.0,1.0,1.0,9.0,4.0,3.0,0,0.0,0,0.00229,-19.4,-8467.917939764295,-19.355573999999997,0.11417697431018078,1.0,4.0,0.8751866
0022400285,1610612758,Sacramento,Kings,SAC,kings,1631165,Keon,Ellis,K. Ellis,keon-ellis,G,,,27:42,27.7,3,4,0.75,2,3,0.667,0,0,0.0,0,1,1,3,1,0,0,3,8,-5.0,0022400285,Keon Ellis,keon ellis,,,2024-11-25,1,0.2888086642599278,0.0,0.036101083032490974,0.10830324909747292,0.036101083032490974,6.0,4.0,6.0,3.0,3.0,5.0,6.0,5.0,3.0,0,0.0,0,0.00063,-13.6,-21553.09033280507,-13.591432,0.036101083032490974,4.0,6.0,0.106126264
0022400285,1610612758,Sacramento,Kings,SAC,kings,1628368,De'Aaron,Fox,D. Fox,deaaron-fox,G,,,39:41,39.68333333333333,5,15,0.333,1,6,0.167,3,4,0.75,0,3,3,5,1,0,4,4,14,-22.0,0022400285,De'Aaron Fox,de'aaron fox,,,2024-11-25,1,0.3527929441411172,0.0,0.0755984880302394,0.125997480050399,0.0251994960100798,3.0,4.0,3.0,2.0,3.0,5.0,13.0,1.0,2.0,0,0.0,0,0.00226,-25.2,-11145.510835913312,-25.143047999999997,0.0251994960100798,4.0,8.0,0.1726317
0022400285,1610612758,Sacramento,Kings,SAC,kings,1628370,Malik,Monk,M. Monk,malik-monk,,,,26:00,26.0,4,12,0.333,2,7,0.286,4,6,0.667,0,1,1,3,1,1,1,5,14,-19.0,0022400285,Malik Monk,malik monk,,,2024-11-25,2,0.5384615384615384,0.0,0.038461538461538464,0.11538461538461539,0.07692307692307693,3.0,4.0,6.0,3.0,3.0,1.0,12.0,6.0,1.0,0,0.0,0,0.00246,-34.5,-14018.691588785046,-34.41513,0.07692307692307693,3.0,5.0,0.56400204
0022400285,1610612758,Sacramento,Kings,SAC,kings,1626168,Trey,Lyles,T. Lyles,trey-lyles,,,,5:34,5.566666666666666,1,1,1.0,0,0,0.0,0,0,0.0,0,0,0,2,1,0,0,0,2,6.0,0022400285,Trey Lyles,trey lyles,,,2024-11-25,1,0.3592814371257485,0.0,0.0,0.3592814371257485,0.17964071856287425,8.0,4.0,10.0,6.0,3.0,5.0,1.0,9.0,0.0,0,0.0,0,0.00077,30.0,38910.505836575874,29.976899999999997,0.17964071856287425,4.0,3.0,0.019012371
0022400285,1610612758,Sacramento,Kings,SAC,kings,1628989,Kevin,Huerter,K. Huerter,kevin-huerter,,,,10:24,10.4,0,2,0.0,0,2,0.0,0,0,0.0,0,1,1,0,0,0,0,2,0,-9.0,0022400285,Kevin Huerter,kevin huerter,,,2024-11-25,0,0.0,0.0,0.09615384615384615,0.0,0.0,9.0,4.0,6.0,8.0,8.0,5.0,7.0,7.0,1.0,0,0.0,0,0.00074,-49.2,-66396.76113360324,-49.163592,0.0,9.0,9.0,0.0037592994
0022400285,1610612758,Sacramento,Kings,SAC,kings,1642403,Isaac,Jones,I. Jones,isaac-jones,,,,9:26,9.433333333333334,3,3,1.0,0,0,0.0,0,1,0.0,1,1,2,0,0,1,1,0,6,-11.0,0022400285,Isaac Jones,isaac jones,,,2024-11-25,1,0.6360424028268551,0.10600706713780919,0.21201413427561838,0.0,0.21201413427561838,7.0,3.0,4.0,8.0,8.0,1.0,8.0,8.0,0.0,0,0.0,0,0.0019,-61.6,-32403.997895844295,-61.48296,0.10600706713780919,4.0,2.0,0.124047264
0022400285,1610612758,Sacramento,Kings,SAC,kings,1629162,Jordan,McLaughlin,J. McLaughlin,jordan-mclaughlin,,,,3:04,3.066666666666667,0,0,0.0,0,0,0.0,0,0,0.0,0,0,0,0,0,0,0,1,0,0.0,0022400285,Jordan McLaughlin,jordan mclaughlin,,,2024-11-25,0,0.0,0.0,0.0,0.0,0.0,9.0,4.0,10.0,8.0,8.0,5.0,2.0,10.0,0.0,0,0.0,0,0.0,0.0,0.0,0.0,0.0,9.0,9.0,0.0058956724
0022400285,1610612758,Sacramento,Kings,SAC,kings,203926,Doug,McDermott,D. McDermott,doug-mcdermott,,,,3:04,3.066666666666667,0,2,0.0,0,2,0.0,0,0,0.0,0,1,1,0,0,0,0,0,0,0.0,0022400285,Doug McDermott,doug mcdermott,,,2024-11-25,0,0.0,0.0,0.32608695652173914,0.0,0.0,9.0,4.0,6.0,8.0,8.0,5.0,2.0,10.0,0.0,0,0.0,0,0.004,0.0,0.0,0.0,0.0,9.0,9.0,0.0058565782
0022400285,1610612758,Sacramento,Kings,SAC,kings,1641732,Colby,Jones,C. Jones,colby-jones,,,,3:04,3.066666666666667,0,0,0.0,0,0,0.0,0,0,0.0,0,0,0,0,0,0,0,0,0,0.0,0022400285,Colby Jones,colby jones,,,2024-11-25,0,0.0,0.0,0.0,0.0,0.0,9.0,4.0,10.0,8.0,8.0,5.0,2.0,10.0,1.0,0,0.0,0,0.0,0.0,0.0,0.0,0.0,9.0,9.0,0.0056368653
0022400285,1610612758,Sacramento,Kings,SAC,kings,203458,Alex,Len,A. Len,alex-len,,,,3:04,3.066666666666667,0,1,0.0,0,0,0.0,0,0,0.0,0,0,0,0,0,0,0,0,0,0.0,0022400285,Alex Len,alex len,,,2024-11-25,0,0.0,0.0,0.0,0.0,0.0,9.0,4.0,10.0,8.0,8.0,5.0,2.0,10.0,,1,,1,0.002,0.0,0.0,0.0,0.0,9.0,9.0,0.0043877787
0022400294,1610612758,Sacramento,Kings,SAC,kings,203109,Jae,Crowder,J. Crowder,jae-crowder,F,,,27:06,27.1,3,5,0.6,2,4,0.5,0,0,0.0,2,2,4,0,1,0,2,4,8,16.0,0022400294,Jae Crowder,jae crowder,,,2024-11-27,1,0.2952029520295203,0.07380073800738007,0.14760147601476015,0.0,0.11070110701107011,4.0,2.0,5.0,9.0,2.0,3.0,1.0,5.0,1.0,0,0.0,0,0.00108,24.3,22479.185938945422,24.273756000000002,0.03690036900369004,4.0,4.0,0.40709674
0022400294,1610612758,Sacramento,Kings,SAC,kings,1631099,Keegan,Murray,K. Murray,keegan-murray,F,,,39:18,39.3,4,11,0.364,0,4,0.0,0,0,0.0,2,2,4,1,1,1,0,3,8,11.0,0022400294,Keegan Murray,keegan murray,,,2024-11-27,2,0.20356234096692113,0.050890585241730284,0.10178117048346057,0.025445292620865142,0.10178117048346057,4.0,2.0,5.0,5.0,2.0,2.0,4.0,1.0,2.0,0,2.0,0,0.00113,15.9,14058.355437665785,15.882033000000002,0.050890585241730284,2.0,5.0,0.55259544
0022400294,1610612758,Sacramento,Kings,SAC,kings,1627734,Domantas,Sabonis,D. Sabonis,domantas-sabonis,C,,,33:52,33.86666666666667,10,17,0.588,1,2,0.5,6,7,0.857,5,7,12,5,1,0,3,5,27,15.0,0022400294,Domantas Sabonis,domantas sabonis,,,2024-11-27,1,0.797244094488189,0.14763779527559054,0.3543307086614173,0.14763779527559054,0.17716535433070865,1.0,1.0,1.0,3.0,2.0,3.0,2.0,4.0,3.0,0,0.0,0,0.00267,20.2,7562.710595282665,20.146066,0.02952755905511811,4.0,1.0,0.91950667
0022400294,1610612758,Sacramento,Kings,SAC,kings,1631165,Keon,Ellis,K. Ellis,keon-ellis,G,,,21:40,21.666666666666668,3,7,0.429,2,5,0.4,0,0,0.0,0,2,2,2,1,2,1,2,8,-3.0,0022400294,Keon Ellis,keon ellis,,,2024-11-27,3,0.3692307692307692,0.0,0.0923076923076923,0.0923076923076923,0.13846153846153844,4.0,6.0,7.0,4.0,2.0,1.0,9.0,6.0,6.0,0,0.0,0,0.00148,-4.4,-2970.965563808238,-4.3934880000000005,0.13846153846153844,1.0,3.0,0.13000238
0022400294,1610612758,Sacramento,Kings,SAC,kings,1628368,De'Aaron,Fox,D. Fox,deaaron-fox,G,,,37:56,37.93333333333333,10,22,0.455,3,8,0.375,3,5,0.6,0,8,8,8,2,0,5,1,26,6.0,0022400294,De'Aaron Fox,de'aaron fox,,,2024-11-27,2,0.6854130052724078,0.0,0.210896309314587,0.210896309314587,0.05272407732864675,3.0,6.0,2.0,2.0,1.0,3.0,6.0,2.0,6.0,0,0.0,0,0.00309,10.2,3299.902944031058,10.168482,0.05272407732864675,2.0,8.0,0.5782958
0022400294,1610612758,Sacramento,Kings,SAC,kings,1642403,Isaac,Jones,I. Jones,isaac-jones,,,,21:19,21.316666666666666,4,7,0.571,0,1,0.0,0,0,0.0,2,3,5,1,0,0,0,1,8,-10.0,0022400294,Isaac Jones,isaac jones,,,2024-11-27,0,0.3752931978107897,0.09382329945269742,0.23455824863174354,0.04691164972634871,0.09382329945269742,4.0,2.0,4.0,5.0,8.0,3.0,11.0,7.0,1.0,0,0.0,0,0.00127,-22.2,-17466.56176239182,-22.171806,0.0,8.0,6.0,0.14239314
0022400294,1610612758,Sacramento,Kings,SAC,kings,1628370,Malik,Monk,M. Monk,malik-monk,,,,34:40,34.666666666666664,11,16,0.688,3,5,0.6,2,3,0.667,1,7,8,9,1,0,2,4,27,14.0,0022400294,Malik Monk,malik monk,,,2024-11-27,1,0.7788461538461539,0.028846153846153848,0.23076923076923078,0.25961538461538464,0.057692307692307696,1.0,5.0,2.0,1.0,2.0,3.0,3.0,3.0,2.0,0,0.0,0,0.00221,19.2,8683.853459972861,19.157567999999998,0.028846153846153848,4.0,7.0,0.87944984
0022400294,1610612758,Sacramento,Kings,SAC,kings,1628989,Kevin,Huerter,K. Huerter,kevin-huerter,,,,14:14,14.233333333333333,1,6,0.167,1,5,0.2,0,0,0.0,0,2,2,1,0,0,3,0,3,9.0,0022400294,Kevin Huerter,kevin huerter,,,2024-11-27,0,0.2107728337236534,0.0,0.14051522248243561,0.07025761124121781,0.0,8.0,6.0,7.0,5.0,8.0,3.0,5.0,8.0,0.0,0,0.0,0,0.00243,25.0,10283.833813245577,24.939249999999998,0.0,8.0,9.0,0.0144939665
0022400294,1610612758,Sacramento,Kings,SAC,kings,203458,Alex,Len,A. Len,alex-len,,,,6:20,6.333333333333333,0,0,0.0,0,0,0.0,0,0,0.0,0,1,1,1,1,0,0,0,0,2.0,0022400294,Alex Len,alex len,,,2024-11-27,1,0.0,0.0,0.15789473684210528,0.15789473684210528,0.15789473684210528,9.0,6.0,9.0,5.0,2.0,3.0,7.0,9.0,1.0,0,0.0,0,0.0,13.3,13300000.000000002,13.3,0.15789473684210528,4.0,2.0,0.008193073
0022400294,1610612758,Sacramento,Kings,SAC,kings,1629162,Jordan,McLaughlin,J. McLaughlin,jordan-mclaughlin,,,,2:16,2.2666666666666666,0,2,0.0,0,2,0.0,0,0,0.0,0,0,0,0,0,0,0,0,0,0.0,0022400294,Jordan McLaughlin,jordan mclaughlin,,,2024-11-27,0,0.0,0.0,0.0,0.0,0.0,9.0,6.0,11.0,9.0,8.0,3.0,8.0,10.0,,1,,1,0.0028599999999999997,0.0,0.0,0.0,0.0,8.0,9.0,0.0030369111
0022400294,1610612758,Sacramento,Kings,SAC,kings,203926,Doug,McDermott,D. McDermott,doug-mcdermott,,,,1:19,1.3166666666666667,0,1,0.0,0,1,0.0,0,0,0.0,0,1,1,0,0,0,0,1,0,-5.0,0022400294,Doug McDermott,doug mcdermott,,,2024-11-27,0,0.0,0.0,0.759493670886076,0.0,0.0,9.0,6.0,9.0,9.0,8.0,3.0,10.0,11.0,,1,,1,0.00333,-125.0,-37526.26838787151,-124.58375,0.0,8.0,9.0,0.0073195836
0022400049,1610612758,Sacramento,Kings,SAC,kings,203109,Jae,Crowder,J. Crowder,jae-crowder,F,,,20:57,20.95,2,5,0.4,1,4,0.25,5,6,0.833,0,2,2,0,1,0,0,2,10,-9.0,0022400049,Jae Crowder,jae crowder,,,2024-11-29,1,0.47732696897374705,0.0,0.0954653937947494,0.0,0.0477326968973747,4.0,7.0,7.0,7.0,1.0,4.0,10.0,6.0,1.0,0,0.0,0,0.00156,-16.7,-10698.270339525945,-16.673948,0.0477326968973747,4.0,10.0,0.11775852
0022400049,1610612758,Sacramento,Kings,SAC,kings,1631099,Keegan,Murray,K. Murray,keegan-murray,F,,,29:24,29.4,1,9,0.111,1,6,0.167,0,0,0.0,2,4,6,0,1,1,1,2,3,1.0,0022400049,Keegan Murray,keegan murray,,,2024-11-29,2,0.10204081632653061,0.06802721088435375,0.20408163265306123,0.0,0.1360544217687075,7.0,2.0,2.0,7.0,1.0,2.0,3.0,4.0,4.0,0,0.0,0,0.0015199999999999999,10.4,6837.606837606839,10.384192,0.06802721088435375,1.0,4.0,0.062730536
0022400049,1610612758,Sacramento,Kings,SAC,kings,1627734,Domantas,Sabonis,D. Sabonis,domantas-sabonis,C,,,40:57,40.95,8,10,0.8,2,3,0.667,3,4,0.75,2,12,14,11,1,1,5,2,21,-7.0,0022400049,Domantas Sabonis,domantas sabonis,,,2024-11-29,2,0.5128205128205128,0.04884004884004884,0.34188034188034183,0.2686202686202686,0.09768009768009768,3.0,2.0,1.0,1.0,1.0,2.0,9.0,1.0,1.0,0,0.0,0,0.0017699999999999999,-6.9,-3896.1038961038967,-6.887787,0.04884004884004884,1.0,5.0,0.844958
0022400049,1610612758,Sacramento,Kings,SAC,kings,1631165,Keon,Ellis,K. Ellis,keon-ellis,G,,,24:14,24.233333333333334,1,3,0.333,1,3,0.333,3,3,1.0,3,1,4,1,1,0,1,1,6,-19.0,0022400049,Keon Ellis,keon ellis,,,2024-11-29,1,0.24759284731774414,0.12379642365887207,0.16506189821182943,0.04126547455295736,0.16506189821182943,6.0,1.0,4.0,5.0,1.0,4.0,12.0,5.0,4.0,0,0.0,0,0.00096,-38.2,-39750.26014568158,-38.16332800000001,0.04126547455295736,4.0,2.0,0.09791756
0022400049,1610612758,Sacramento,Kings,SAC,kings,1628368,De'Aaron,Fox,D. Fox,deaaron-fox,G,,,36:18,36.3,8,18,0.444,1,6,0.167,5,7,0.714,2,3,5,5,0,0,5,5,22,-9.0,0022400049,De'Aaron Fox,de'aaron fox,,,2024-11-29,0,0.6060606060606061,0.05509641873278237,0.13774104683195593,0.13774104683195593,0.05509641873278237,2.0,2.0,3.0,3.0,8.0,4.0,10.0,2.0,1.0,0,0.0,0,0.00321,-7.7,-2398.006851448147,-7.675282999999999,0.0,9.0,8.0,0.6449172
0022400049,1610612758,Sacramento,Kings,SAC,kings,1642403,Isaac,Jones,I. Jones,isaac-jones,,,,20:01,20.016666666666666,3,6,0.5,0,1,0.0,1,3,0.333,1,3,4,0,0,0,1,3,7,-5.0,0022400049,Isaac Jones,isaac jones,,,2024-11-29,0,0.34970857618651124,0.04995836802664447,0.19983347210657787,0.0,0.04995836802664447,5.0,5.0,4.0,7.0,8.0,4.0,7.0,7.0,1.0,0,0.0,0,0.0016300000000000002,-19.2,-11771.919068056406,-19.168703999999998,0.0,9.0,9.0,0.052680492
0022400049,1610612758,Sacramento,Kings,SAC,kings,1628370,Malik,Monk,M. Monk,malik-monk,,,,36:07,36.11666666666667,10,21,0.476,8,15,0.533,1,1,1.0,0,3,3,9,0,2,5,1,29,-3.0,0022400049,Malik Monk,malik monk,,,2024-11-29,2,0.8029533917858791,0.0,0.08306414397784956,0.24919243193354867,0.05537609598523304,1.0,7.0,6.0,2.0,8.0,1.0,5.0,3.0,0.0,0,0.0,0,0.00302,-2.4,-794.4389275074477,-2.3927519999999998,0.05537609598523304,1.0,7.0,0.88719875
0022400049,1610612758,Sacramento,Kings,SAC,kings,1628989,Kevin,Huerter,K. Huerter,kevin-huerter,,,,6:47,6.783333333333333,0,1,0.0,0,1,0.0,1,2,0.5,0,0,0,2,1,0,0,0,1,2.0,0022400049,Kevin Huerter,kevin huerter,,,2024-11-29,1,0.14742014742014742,0.0,0.0,0.29484029484029484,0.14742014742014742,11.0,7.0,10.0,4.0,1.0,4.0,2.0,10.0,2.0,0,0.0,0,0.00125,20.0,15987.21023181455,19.975,0.14742014742014742,4.0,3.0,0.0081526
0022400049,1610612758,Sacramento,Kings,SAC,kings,1631115,Orlando,Robinson,O. Robinson,orlando-robinson,,,,2:09,2.15,0,0,0.0,0,0,0.0,0,0,0.0,0,0,0,0,0,0,0,1,0,1.0,0022400049,Orlando Robinson,orlando robinson,,,2024-11-29,0,0.0,0.0,0.0,0.0,0.0,12.0,7.0,10.0,7.0,8.0,4.0,3.0,12.0,0.0,0,0.0,0,0.0,25.0,25000000.0,25.0,0.0,9.0,11.0,0.0041844486
0022400049,1610612758,Sacramento,Kings,SAC,kings,1641732,Colby,Jones,C. Jones,colby-jones,,,,3:05,3.0833333333333335,1,1,1.0,0,0,0.0,0,0,0.0,1,1,2,0,1,0,1,1,2,-5.0,0022400049,Colby Jones,colby jones,,,2024-11-29,1,0.6486486486486486,0.3243243243243243,0.6486486486486486,0.0,0.6486486486486486,9.0,5.0,7.0,7.0,1.0,4.0,7.0,11.0,0.0,0,0.0,0,0.002,-50.0,-24987.50624687656,-49.9,0.3243243243243243,4.0,1.0,0.042285528
0022400049,1610612758,Sacramento,Kings,SAC,kings,1629162,Jordan,McLaughlin,J. McLaughlin,jordan-mclaughlin,,,,12:15,12.25,0,1,0.0,0,1,0.0,2,2,1.0,0,1,1,1,1,0,1,1,2,-4.0,0022400049,Jordan McLaughlin,jordan mclaughlin,,,2024-11-29,1,0.16326530612244897,0.0,0.08163265306122448,0.08163265306122448,0.08163265306122448,9.0,7.0,9.0,5.0,1.0,4.0,6.0,8.0,3.0,0,0.0,0,0.00111,-15.4,-13861.386138613861,-15.382906,0.08163265306122448,4.0,6.0,0.009227335
0022400049,1610612758,Sacramento,Kings,SAC,kings,203926,Doug,McDermott,D. McDermott,doug-mcdermott,,,,7:46,7.766666666666667,1,3,0.333,1,2,0.5,0,0,0.0,0,0,0,0,0,0,0,0,3,12.0,0022400049,Doug McDermott,doug mcdermott,,,2024-11-29,0,0.38626609442060084,0.0,0.0,0.0,0.0,7.0,7.0,10.0,7.0,8.0,4.0,1.0,9.0,0.0,0,0.0,0,0.00167,75.0,44883.30341113106,74.87475,0.0,9.0,11.0,0.02351831
0022400313,1610612758,Sacramento,Kings,SAC,kings,201942,DeMar,DeRozan,D. DeRozan,demar-derozan,F,,,36:46,36.766666666666666,10,20,0.5,0,1,0.0,8,9,0.889,1,4,5,8,3,0,0,0,28,0.0,0022400313,DeMar DeRozan,demar derozan,,,2024-12-01,3,0.7615593834995467,0.027198549410698096,0.1359927470534905,0.21758839528558477,0.10879419764279238,1.0,5.0,5.0,2.0,1.0,6.0,4.0,2.0,3.0,0,0.0,0,0.00253,1.6,632.1612011062821,1.595952,0.0815956482320943,1.0,6.0,0.7986562
0022400313,1610612758,Sacramento,Kings,SAC,kings,1631099,Keegan,Murray,K. Murray,keegan-murray,F,,,38:07,38.11666666666667,4,9,0.444,0,2,0.0,0,0,0.0,3,3,6,0,1,1,1,4,8,-4.0,0022400313,Keegan Murray,keegan murray,,,2024-12-01,2,0.20988194140795802,0.07870572802798426,0.1574114560559685,0.0,0.13117621337997376,6.0,2.0,3.0,8.0,3.0,1.0,8.0,1.0,0.0,0,0.0,0,0.00101,-1.9,-1879.3273986152324,-1.898081,0.052470485351989504,3.0,5.0,0.31231406
0022400313,1610612758,Sacramento,Kings,SAC,kings,1627734,Domantas,Sabonis,D. Sabonis,domantas-sabonis,C,,,36:40,36.666666666666664,8,16,0.5,2,4,0.5,7,10,0.7,10,3,13,6,0,0,2,5,25,1.0,0022400313,Domantas Sabonis,domantas sabonis,,,2024-12-01,0,0.6818181818181819,0.27272727272727276,0.35454545454545455,0.16363636363636364,0.27272727272727276,2.0,1.0,1.0,3.0,6.0,6.0,2.0,4.0,0.0,0,0.0,0,0.00242,1.3,536.96819496076,1.2968540000000002,0.0,7.0,1.0,0.87345004
0022400313,1610612758,Sacramento,Kings,SAC,kings,1628370,Malik,Monk,M. Monk,malik-monk,G,,,36:46,36.766666666666666,7,14,0.5,5,10,0.5,0,0,0.0,0,7,7,6,1,1,2,3,19,0.0,0022400313,Malik Monk,malik monk,,,2024-12-01,2,0.5167724388032638,0.0,0.19038984587488667,0.1631912964641886,0.05439709882139619,4.0,8.0,2.0,3.0,3.0,1.0,4.0,2.0,2.0,0,0.0,0,0.00168,1.6,951.8143961927425,1.597312,0.05439709882139619,3.0,9.0,0.82661265
0022400313,1610612758,Sacramento,Kings,SAC,kings,1628368,De'Aaron,Fox,D. Fox,deaaron-fox,G,,,36:40,36.666666666666664,9,23,0.391,3,8,0.375,2,2,1.0,3,3,6,9,2,1,2,1,23,-3.0,0022400313,De'Aaron Fox,de'aaron fox,,,2024-12-01,3,0.6272727272727273,0.08181818181818182,0.16363636363636364,0.24545454545454548,0.16363636363636364,3.0,2.0,3.0,1.0,2.0,1.0,7.0,4.0,4.0,0,0.0,0,0.00271,-2.3,-848.3954260420508,-2.293767,0.08181818181818182,1.0,3.0,0.7240607
0022400313,1610612758,Sacramento,Kings,SAC,kings,1642403,Isaac,Jones,I. Jones,isaac-jones,,,,19:26,19.433333333333334,5,7,0.714,0,0,0.0,2,3,0.667,2,2,4,1,1,1,2,5,12,6.0,0022400313,Isaac Jones,isaac jones,,,2024-12-01,2,0.6174957118353345,0.10291595197255575,0.2058319039451115,0.051457975986277875,0.2058319039451115,5.0,4.0,7.0,5.0,3.0,1.0,1.0,6.0,2.0,0,0.0,0,0.00208,17.4,8361.364728495915,17.363808,0.10291595197255575,3.0,2.0,0.8061493
0022400313,1610612758,Sacramento,Kings,SAC,kings,1631165,Keon,Ellis,K. Ellis,keon-ellis,,,,17:02,17.033333333333335,3,6,0.5,2,4,0.5,0,0,0.0,0,3,3,0,0,1,1,4,8,1.0,0022400313,Keon Ellis,keon ellis,,,2024-12-01,1,0.46966731898238745,0.0,0.1761252446183953,0.0,0.05870841487279843,6.0,8.0,8.0,8.0,6.0,1.0,2.0,7.0,2.0,0,0.0,0,0.0017499999999999998,16.3,9308.966304968591,16.271475,0.05870841487279843,6.0,8.0,0.16402227
0022400313,1610612758,Sacramento,Kings,SAC,kings,203109,Jae,Crowder,J. Crowder,jae-crowder,,,,11:14,11.233333333333333,1,3,0.333,0,2,0.0,0,0,0.0,1,4,5,1,0,0,0,1,2,-2.0,0022400313,Jae Crowder,jae crowder,,,2024-12-01,0,0.17804154302670624,0.08902077151335312,0.4451038575667656,0.08902077151335312,0.08902077151335312,8.0,5.0,5.0,5.0,6.0,6.0,6.0,8.0,1.0,0,0.0,0,0.00107,-3.6,-3361.3445378151264,-3.596148,0.0,7.0,7.0,0.010161726
0022400313,1610612758,Sacramento,Kings,SAC,kings,1641732,Colby,Jones,C. Jones,colby-jones,,,,7:19,7.316666666666666,0,3,0.0,0,1,0.0,0,0,0.0,1,1,2,1,0,0,0,0,0,-9.0,0022400313,Colby Jones,colby jones,,,2024-12-01,0,0.0,0.1366742596810934,0.2733485193621868,0.1366742596810934,0.1366742596810934,9.0,5.0,9.0,5.0,6.0,6.0,9.0,9.0,0.0,0,0.0,0,0.00167,-60.0,-35906.64272890485,-59.899800000000006,0.0,7.0,4.0,0.0033265688
0022400059,1610612758,Sacramento,Kings,SAC,kings,201942,DeMar,DeRozan,D. DeRozan,demar-derozan,F,,,33:51,33.85,6,15,0.4,0,2,0.0,4,5,0.8,0,5,5,5,1,1,2,2,16,17.0,0022400059,DeMar DeRozan,demar derozan,,,2024-12-03,2,0.4726735598227474,0.0,0.14771048744460857,0.14771048744460857,0.059084194977843424,4.0,7.0,4.0,3.0,2.0,3.0,3.0,4.0,1.0,0,1.0,0,0.00231,23.8,10298.572046733016,23.745022,0.059084194977843424,3.0,10.0,0.39359313
0022400059,1610612758,Sacramento,Kings,SAC,kings,1631099,Keegan,Murray,K. Murray,keegan-murray,F,,,39:42,39.7,5,11,0.455,3,5,0.6,0,0,0.0,2,5,7,1,0,3,1,1,13,20.0,0022400059,Keegan Murray,keegan murray,,,2024-12-03,3,0.327455919395466,0.05037783375314861,0.17632241813602015,0.025188916876574305,0.12594458438287154,5.0,2.0,1.0,7.0,6.0,1.0,2.0,1.0,2.0,0,1.0,0,0.0013,21.9,16833.205226748654,21.87153,0.07556675062972291,2.0,5.0,0.7723391
0022400059,1610612758,Sacramento,Kings,SAC,kings,1627734,Domantas,Sabonis,D. Sabonis,domantas-sabonis,C,,,31:43,31.716666666666665,13,19,0.684,0,2,0.0,1,4,0.25,2,5,7,4,0,0,2,4,27,8.0,0022400059,Domantas Sabonis,domantas sabonis,,,2024-12-03,0,0.8512874408828166,0.06305832895428272,0.2207041513399895,0.12611665790856544,0.06305832895428272,1.0,2.0,1.0,4.0,6.0,6.0,5.0,5.0,0.0,0,0.0,0,0.00301,12.5,4151.444702756559,12.462375,0.0,8.0,9.0,0.8016645
0022400059,1610612758,Sacramento,Kings,SAC,kings,1628370,Malik,Monk,M. Monk,malik-monk,G,,,34:50,34.833333333333336,5,10,0.5,4,8,0.5,3,3,1.0,0,2,2,12,1,0,0,3,17,21.0,0022400059,Malik Monk,malik monk,,,2024-12-03,1,0.4880382775119617,0.0,0.057416267942583726,0.34449760765550236,0.028708133971291863,3.0,7.0,5.0,1.0,2.0,6.0,1.0,3.0,2.0,0,0.0,0,0.00122,26.6,21785.42178542179,26.567548000000002,0.028708133971291863,6.0,11.0,0.8960442
0022400059,1610612758,Sacramento,Kings,SAC,kings,1628368,De'Aaron,Fox,D. Fox,deaaron-fox,G,,,36:58,36.96666666666667,9,19,0.474,4,6,0.667,0,0,0.0,3,3,6,7,3,1,3,3,22,17.0,0022400059,De'Aaron Fox,de'aaron fox,,,2024-12-03,4,0.5951307484220018,0.0811541929666366,0.1623083859332732,0.18935978358881875,0.18935978358881875,2.0,1.0,3.0,2.0,1.0,3.0,3.0,2.0,7.0,0,0.0,0,0.00265,21.1,7959.260656356092,21.044085,0.10820559062218214,1.0,4.0,0.7813702
0022400059,1610612758,Sacramento,Kings,SAC,kings,1642403,Isaac,Jones,I. Jones,isaac-jones,,,,18:10,18.166666666666668,5,5,1.0,0,0,0.0,2,4,0.5,0,2,2,0,0,2,1,2,12,-12.0,0022400059,Isaac Jones,isaac jones,,,2024-12-03,2,0.6605504587155963,0.0,0.11009174311926605,0.0,0.11009174311926605,7.0,7.0,5.0,8.0,6.0,2.0,12.0,7.0,1.0,0,0.0,0,0.00182,-38.1,-20922.570016474467,-38.030658,0.11009174311926605,3.0,6.0,0.552549
0022400059,1610612758,Sacramento,Kings,SAC,kings,1628989,Kevin,Huerter,K. Huerter,kevin-huerter,,,,25:24,25.4,4,9,0.444,3,7,0.429,2,2,1.0,0,2,2,2,1,1,0,3,13,3.0,0022400059,Kevin Huerter,kevin huerter,,,2024-12-03,2,0.5118110236220472,0.0,0.07874015748031496,0.07874015748031496,0.07874015748031496,5.0,7.0,5.0,5.0,2.0,3.0,6.0,6.0,3.0,0,0.0,0,0.00172,5.8,3370.13364323068,5.790024,0.07874015748031496,3.0,8.0,0.7087052
0022400059,1610612758,Sacramento,Kings,SAC,kings,203109,Jae,Crowder,J. Crowder,jae-crowder,,,,11:54,11.9,0,0,0.0,0,0,0.0,0,0,0.0,1,0,1,2,0,0,0,2,0,-5.0,0022400059,Jae Crowder,jae crowder,,,2024-12-03,0,0.0,0.08403361344537814,0.08403361344537814,0.1680672268907563,0.08403361344537814,8.0,4.0,8.0,5.0,6.0,6.0,7.0,8.0,,1,,1,0.0,-20.8,-20800000.0,-20.8,0.0,8.0,7.0,0.0070622833
0022400059,1610612758,Sacramento,Kings,SAC,kings,1629162,Jordan,McLaughlin,J. McLaughlin,jordan-mclaughlin,,,,1:52,1.8666666666666667,0,1,0.0,0,0,0.0,0,2,0.0,0,0,0,0,1,0,1,0,0,-6.0,0022400059,Jordan McLaughlin,jordan mclaughlin,,,2024-12-03,1,0.0,0.0,0.0,0.0,0.5357142857142857,8.0,7.0,11.0,8.0,2.0,6.0,8.0,9.0,1.0,0,0.0,0,0.005,-200.0,-39992.001599680065,-199.0,0.5357142857142857,6.0,1.0,0.004209515
0022400059,1610612758,Sacramento,Kings,SAC,kings,203926,Doug,McDermott,D. McDermott,doug-mcdermott,,,,1:52,1.8666666666666667,0,0,0.0,0,0,0.0,0,0,0.0,1,0,1,0,0,0,0,0,0,-6.0,0022400059,Doug McDermott,doug mcdermott,,,2024-12-03,0,0.0,0.5357142857142857,0.5357142857142857,0.0,0.5357142857142857,8.0,4.0,8.0,8.0,6.0,6.0,8.0,9.0,0.0,0,0.0,0,0.0,-200.0,-200000000.0,-200.0,0.0,8.0,1.0,0.005953007
0022400059,1610612758,Sacramento,Kings,SAC,kings,203458,Alex,Len,A. Len,alex-len,,,,1:52,1.8666666666666667,0,1,0.0,0,0,0.0,0,0,0.0,1,0,1,0,0,0,0,0,0,-6.0,0022400059,Alex Len,alex len,,,2024-12-03,0,0.0,0.5357142857142857,0.5357142857142857,0.0,0.5357142857142857,8.0,4.0,8.0,8.0,6.0,6.0,8.0,9.0,,1,,1,0.00167,-200.0,-119688.80909634949,-199.666,0.0,8.0,1.0,0.004429934
0022400059,1610612758,Sacramento,Kings,SAC,kings,1641732,Colby,Jones,C. Jones,colby-jones,,,,1:52,1.8666666666666667,0,1,0.0,0,0,0.0,0,0,0.0,0,0,0,0,0,0,0,0,0,-6.0,0022400059,Colby Jones,colby jones,,,2024-12-03,0,0.0,0.0,0.0,0.0,0.0,8.0,7.0,11.0,8.0,6.0,6.0,8.0,9.0,1.0,0,0.0,0,0.00167,-200.0,-119688.80909634949,-199.666,0.0,8.0,12.0,0.0023538866
0022400329,1610612758,Sacramento,Kings,SAC,kings,201942,DeMar,DeRozan,D. DeRozan,demar-derozan,F,,,35:24,35.4,6,15,0.4,1,1,1.0,13,14,0.929,1,2,3,1,1,0,2,5,26,-12.0,0022400329,DeMar DeRozan,demar derozan,,,2024-12-05,1,0.7344632768361582,0.02824858757062147,0.08474576271186442,0.02824858757062147,0.05649717514124294,1.0,5.0,5.0,5.0,3.0,2.0,10.0,4.0,2.0,0,0.0,0,0.00256,-16.9,-6598.984771573602,-16.856735999999998,0.02824858757062147,3.0,7.0,0.708206
0022400329,1610612758,Sacramento,Kings,SAC,kings,1631099,Keegan,Murray,K. Murray,keegan-murray,F,,,40:23,40.38333333333333,4,12,0.333,1,7,0.143,2,2,1.0,3,8,11,2,2,0,1,2,11,-4.0,0022400329,Keegan Murray,keegan murray,,,2024-12-05,2,0.2723895996698308,0.07428807263722657,0.2723895996698308,0.049525381758151056,0.12381345439537764,5.0,2.0,2.0,4.0,2.0,2.0,6.0,1.0,4.0,0,0.0,0,0.00136,-3.3,-2424.6877296105804,-3.2955119999999996,0.049525381758151056,2.0,4.0,0.38840622
0022400329,1610612758,Sacramento,Kings,SAC,kings,1627734,Domantas,Sabonis,D. Sabonis,domantas-sabonis,C,,,35:57,35.95,7,11,0.636,1,2,0.5,2,2,1.0,4,9,13,6,0,0,3,3,17,-5.0,0022400329,Domantas Sabonis,domantas sabonis,,,2024-12-05,0,0.47287899860917937,0.11126564673157162,0.36161335187760774,0.16689847009735742,0.11126564673157162,4.0,1.0,1.0,1.0,6.0,2.0,8.0,3.0,1.0,0,0.0,0,0.00165,-6.3,-3815.869170199879,-6.289605,0.0,7.0,6.0,0.5246054
0022400329,1610612758,Sacramento,Kings,SAC,kings,1628370,Malik,Monk,M. Monk,malik-monk,G,,,31:44,31.733333333333334,7,16,0.438,4,9,0.444,5,5,1.0,0,1,1,5,0,0,0,4,23,-2.0,0022400329,Malik Monk,malik monk,,,2024-12-05,0,0.7247899159663865,0.0,0.031512605042016806,0.15756302521008403,0.0,2.0,8.0,8.0,2.0,6.0,2.0,4.0,5.0,0.0,0,0.0,0,0.0022500000000000003,-1.3,-577.5211017325632,-1.297075,0.0,7.0,8.0,0.8302628
0022400329,1610612758,Sacramento,Kings,SAC,kings,1628368,De'Aaron,Fox,D. Fox,deaaron-fox,G,,,37:50,37.833333333333336,8,23,0.348,0,7,0.0,2,3,0.667,2,4,6,3,6,0,4,2,18,-4.0,0022400329,De'Aaron Fox,de'aaron fox,,,2024-12-05,6,0.47577092511013214,0.05286343612334801,0.15859030837004404,0.07929515418502202,0.21145374449339205,3.0,3.0,3.0,3.0,1.0,2.0,6.0,2.0,8.0,0,0.0,0,0.0027500000000000003,-5.8,-2108.3242457288256,-5.78405,0.15859030837004404,1.0,1.0,0.65365714
0022400329,1610612758,Sacramento,Kings,SAC,kings,1628989,Kevin,Huerter,K. Huerter,kevin-huerter,,,,24:48,24.8,3,10,0.3,0,6,0.0,0,0,0.0,2,4,6,0,1,0,1,3,6,4.0,0022400329,Kevin Huerter,kevin huerter,,,2024-12-05,1,0.24193548387096772,0.08064516129032258,0.24193548387096772,0.0,0.12096774193548386,7.0,3.0,3.0,8.0,3.0,2.0,2.0,6.0,2.0,0,0.0,0,0.00159,5.3,3331.2382149591454,5.291573,0.04032258064516129,3.0,5.0,0.31395975
0022400329,1610612758,Sacramento,Kings,SAC,kings,1642403,Isaac,Jones,I. Jones,isaac-jones,,,,16:06,16.1,4,7,0.571,1,1,1.0,0,2,0.0,1,2,3,0,0,1,1,3,9,-2.0,0022400329,Isaac Jones,isaac jones,,,2024-12-05,1,0.5590062111801242,0.06211180124223602,0.18633540372670807,0.0,0.12422360248447203,6.0,5.0,5.0,8.0,6.0,1.0,4.0,7.0,0.0,0,0.0,0,0.00209,1.9,908.6561453849832,1.8960289999999997,0.06211180124223602,3.0,3.0,0.5837145
0022400329,1610612758,Sacramento,Kings,SAC,kings,1629162,Jordan,McLaughlin,J. McLaughlin,jordan-mclaughlin,,,,2:52,2.8666666666666667,0,0,0.0,0,0,0.0,0,0,0.0,0,0,0,1,0,0,0,1,0,-5.0,0022400329,Jordan McLaughlin,jordan mclaughlin,,,2024-12-05,0,0.0,0.0,0.0,0.3488372093023256,0.0,8.0,8.0,9.0,5.0,6.0,2.0,8.0,9.0,1.0,0,0.0,0,0.0,-83.3,-83300000.0,-83.3,0.0,7.0,8.0,0.002816996
0022400329,1610612758,Sacramento,Kings,SAC,kings,203109,Jae,Crowder,J. Crowder,jae-crowder,,,,12:35,12.583333333333334,0,4,0.0,0,2,0.0,0,0,0.0,1,2,3,1,1,0,1,0,0,0.0,0022400329,Jae Crowder,jae crowder,,,2024-12-05,1,0.0,0.07947019867549668,0.23841059602649006,0.07947019867549668,0.15894039735099336,8.0,5.0,5.0,5.0,3.0,2.0,3.0,8.0,1.0,0,0.0,0,0.00135,2.8,2072.538860103627,2.79622,0.07947019867549668,3.0,2.0,0.013436773
0022400329,1610612758,Sacramento,Kings,SAC,kings,1631165,Keon,Ellis,K. Ellis,keon-ellis,,,,2:21,2.35,0,0,0.0,0,0,0.0,0,0,0.0,0,0,0,0,0,0,0,0,0,5.0,0022400329,Keon Ellis,keon ellis,,,2024-12-05,0,0.0,0.0,0.0,0.0,0.0,8.0,8.0,9.0,8.0,6.0,2.0,1.0,10.0,,1,,1,0.0,50.0,50000000.0,50.0,0.0,7.0,8.0,0.005928868
0022400337,1610612758,Sacramento,Kings,SAC,kings,201942,DeMar,DeRozan,D. DeRozan,demar-derozan,F,,,32:21,32.35,8,15,0.533,1,3,0.333,6,6,1.0,0,3,3,2,1,0,2,3,23,10.0,0022400337,DeMar DeRozan,demar derozan,,,2024-12-06,1,0.7109737248840804,0.0,0.0927357032457496,0.061823802163833076,0.030911901081916538,1.0,4.0,5.0,7.0,2.0,6.0,4.0,5.0,2.0,0,0.0,0,0.00241,12.4,5143.094151804231,12.370116,0.030911901081916538,4.0,9.0,0.8187717
0022400337,1610612758,Sacramento,Kings,SAC,kings,1631099,Keegan,Murray,K. Murray,keegan-murray,F,,,33:19,33.31666666666667,7,11,0.636,3,5,0.6,0,0,0.0,0,6,6,1,0,2,1,3,17,7.0,0022400337,Keegan Murray,keegan murray,,,2024-12-06,2,0.5102551275637819,0.0,0.18009004502251125,0.030015007503751873,0.06003001500750375,5.0,4.0,3.0,8.0,5.0,1.0,8.0,2.0,1.0,0,0.0,0,0.00158,13.1,8285.895003162555,13.079301999999998,0.06003001500750375,2.0,6.0,0.62668604
0022400337,1610612758,Sacramento,Kings,SAC,kings,1627734,Domantas,Sabonis,D. Sabonis,domantas-sabonis,C,,,32:32,32.53333333333333,7,12,0.583,0,0,0.0,8,9,0.889,4,12,16,4,0,0,1,1,22,19.0,0022400337,Domantas Sabonis,domantas sabonis,,,2024-12-06,0,0.6762295081967213,0.12295081967213116,0.49180327868852464,0.12295081967213116,0.12295081967213116,2.0,1.0,1.0,3.0,5.0,6.0,3.0,4.0,0.0,0,0.0,0,0.00213,24.8,11637.728765837635,24.747176000000003,0.0,8.0,5.0,0.8180296
0022400337,1610612758,Sacramento,Kings,SAC,kings,1628370,Malik,Monk,M. Monk,malik-monk,G,,,33:59,33.983333333333334,7,15,0.467,3,8,0.375,5,5,1.0,2,7,9,6,0,0,3,2,22,5.0,0022400337,Malik Monk,malik monk,,,2024-12-06,0,0.6473761647866602,0.0588523786169691,0.26483570377636095,0.1765571358509073,0.0588523786169691,2.0,2.0,2.0,2.0,5.0,6.0,11.0,1.0,2.0,0,0.0,0,0.00244,8.4,3441.2126177795985,8.379504,0.0,8.0,7.0,0.6914268
0022400337,1610612758,Sacramento,Kings,SAC,kings,1628368,De'Aaron,Fox,D. Fox,deaaron-fox,G,,,32:35,32.583333333333336,9,17,0.529,2,7,0.286,2,2,1.0,0,4,4,8,0,1,2,3,22,8.0,0022400337,De'Aaron Fox,de'aaron fox,,,2024-12-06,1,0.6751918158567775,0.0,0.1227621483375959,0.2455242966751918,0.030690537084398974,2.0,4.0,4.0,1.0,5.0,2.0,5.0,3.0,2.0,0,0.0,0,0.0025,12.8,5117.952818872451,12.768,0.030690537084398974,4.0,10.0,0.733455
0022400337,1610612758,Sacramento,Kings,SAC,kings,203458,Alex,Len,A. Len,alex-len,,,,3:55,3.9166666666666665,1,2,0.5,0,0,0.0,0,0,0.0,0,0,0,1,0,0,0,0,2,0.0,0022400337,Alex Len,alex len,,,2024-12-06,0,0.5106382978723405,0.0,0.0,0.25531914893617025,0.0,11.0,4.0,10.0,8.0,5.0,6.0,13.0,11.0,,1,,1,0.002,0.0,0.0,0.0,0.0,8.0,11.0,0.008349515
0022400337,1610612758,Sacramento,Kings,SAC,kings,1642403,Isaac,Jones,I. Jones,isaac-jones,,,,7:32,7.533333333333333,0,0,0.0,0,0,0.0,0,0,0.0,0,0,0,0,0,0,1,1,0,6.0,0022400337,Isaac Jones,isaac jones,,,2024-12-06,0,0.0,0.0,0.0,0.0,0.0,12.0,4.0,10.0,11.0,5.0,6.0,9.0,9.0,0.0,0,0.0,0,0.0005899999999999999,35.3,59729.27241962775,35.279173,0.0,8.0,11.0,0.0051397528
0022400337,1610612758,Sacramento,Kings,SAC,kings,1628989,Kevin,Huerter,K. Huerter,kevin-huerter,,,,23:35,23.583333333333332,6,7,0.857,4,4,1.0,0,0,0.0,1,2,3,3,0,0,1,1,16,23.0,0022400337,Kevin Huerter,kevin huerter,,,2024-12-06,0,0.6784452296819788,0.04240282685512368,0.12720848056537104,0.12720848056537104,0.04240282685512368,6.0,3.0,5.0,5.0,5.0,6.0,2.0,6.0,1.0,0,0.0,0,0.0014299999999999998,45.1,31516.422082459823,45.035507,0.0,8.0,8.0,0.7918771
0022400337,1610612758,Sacramento,Kings,SAC,kings,1631165,Keon,Ellis,K. Ellis,keon-ellis,,,,20:42,20.7,1,4,0.25,1,4,0.25,0,0,0.0,0,1,1,3,4,1,0,2,3,32.0,0022400337,Keon Ellis,keon ellis,,,2024-12-06,5,0.14492753623188406,0.0,0.04830917874396135,0.14492753623188406,0.24154589371980678,9.0,4.0,7.0,5.0,1.0,2.0,1.0,7.0,4.0,0,0.0,0,0.00082,72.7,88550.54811205847,72.640386,0.24154589371980678,1.0,2.0,0.105899245
0022400337,1610612758,Sacramento,Kings,SAC,kings,1631115,Orlando,Robinson,O. Robinson,orlando-robinson,,,,8:56,8.933333333333334,2,4,0.5,0,1,0.0,1,2,0.5,0,1,1,4,1,1,0,2,5,3.0,0022400337,Orlando Robinson,orlando robinson,,,2024-12-06,2,0.5597014925373134,0.0,0.11194029850746269,0.44776119402985076,0.22388059701492538,7.0,4.0,7.0,3.0,2.0,2.0,12.0,8.0,1.0,0,0.0,0,0.00294,28.2,9588.57531451887,28.117092,0.22388059701492538,2.0,4.0,0.06485993
0022400337,1610612758,Sacramento,Kings,SAC,kings,1641732,Colby,Jones,C. Jones,colby-jones,,,,4:12,4.2,2,2,1.0,1,1,1.0,0,0,0.0,0,0,0,0,0,1,0,1,5,6.0,0022400337,Colby Jones,colby jones,,,2024-12-06,1,1.1904761904761905,0.0,0.0,0.0,0.23809523809523808,7.0,4.0,10.0,11.0,5.0,2.0,9.0,10.0,0.0,0,0.0,0,0.00222,66.7,30031.51733453399,66.55192600000001,0.23809523809523808,4.0,3.0,0.064014316
0022400337,1610612758,Sacramento,Kings,SAC,kings,203926,Doug,McDermott,D. McDermott,doug-mcdermott,,,,3:11,3.183333333333333,1,1,1.0,1,1,1.0,0,0,0.0,0,0,0,0,0,0,0,1,3,8.0,0022400337,Doug McDermott,doug mcdermott,,,2024-12-06,0,0.9424083769633509,0.0,0.0,0.0,0.0,9.0,4.0,10.0,11.0,5.0,6.0,5.0,12.0,,1,,1,0.0014299999999999998,114.3,79874.213836478,114.136551,0.0,8.0,11.0,0.01792907
0022400337,1610612758,Sacramento,Kings,SAC,kings,1629162,Jordan,McLaughlin,J. McLaughlin,jordan-mclaughlin,,,,3:11,3.183333333333333,0,0,0.0,0,0,0.0,0,0,0.0,0,1,1,1,1,0,0,0,0,8.0,0022400337,Jordan McLaughlin,jordan mclaughlin,,,2024-12-06,1,0.0,0.0,0.31413612565445026,0.31413612565445026,0.31413612565445026,12.0,4.0,7.0,8.0,2.0,6.0,5.0,12.0,1.0,0,0.0,0,0.0,114.3,114300000.0,114.3,0.31413612565445026,4.0,1.0,0.018512947
0022400357,1610612758,Sacramento,Kings,SAC,kings,201942,DeMar,DeRozan,D. DeRozan,demar-derozan,F,,,29:09,29.15,8,14,0.571,0,2,0.0,2,2,1.0,0,1,1,4,1,1,0,3,18,19.0,0022400357,DeMar DeRozan,demar derozan,,,2024-12-08,2,0.6174957118353345,0.0,0.03430531732418525,0.137221269296741,0.0686106346483705,4.0,7.0,9.0,4.0,3.0,2.0,6.0,2.0,4.0,0,0.0,0,0.00217,29.0,13357.899585444495,28.93707,0.0686106346483705,4.0,9.0,0.5810919
0022400357,1610612758,Sacramento,Kings,SAC,kings,1631099,Keegan,Murray,K. Murray,keegan-murray,F,,,25:13,25.216666666666665,3,5,0.6,1,3,0.333,0,0,0.0,0,4,4,1,1,2,1,4,7,17.0,0022400357,Keegan Murray,keegan murray,,,2024-12-08,3,0.2775941837409121,0.0,0.15862524785194979,0.039656311962987446,0.11896893588896233,7.0,7.0,4.0,9.0,3.0,1.0,7.0,5.0,2.0,0,0.0,0,0.00095,32.7,34384.85804416404,32.668935000000005,0.11896893588896233,1.0,5.0,0.074378274
0022400357,1610612758,Sacramento,Kings,SAC,kings,1627734,Domantas,Sabonis,D. Sabonis,domantas-sabonis,C,,,28:08,28.133333333333333,8,13,0.615,2,3,0.667,1,1,1.0,3,9,12,6,1,1,1,1,19,20.0,0022400357,Domantas Sabonis,domantas sabonis,,,2024-12-08,2,0.6753554502369669,0.1066350710900474,0.4265402843601896,0.2132701421800948,0.17772511848341233,3.0,1.0,1.0,2.0,3.0,2.0,5.0,3.0,1.0,0,0.0,0,0.00212,33.3,15700.141442715698,33.229403999999995,0.07109004739336493,4.0,3.0,0.8712128
0022400357,1610612758,Sacramento,Kings,SAC,kings,1628370,Malik,Monk,M. Monk,malik-monk,G,,,26:41,26.683333333333334,7,15,0.467,2,7,0.286,0,1,0.0,1,1,2,3,1,0,1,0,16,13.0,0022400357,Malik Monk,malik monk,,,2024-12-08,1,0.5996252342286071,0.037476577139287946,0.07495315427857589,0.11242973141786383,0.07495315427857589,6.0,3.0,8.0,6.0,3.0,7.0,9.0,4.0,1.0,0,0.0,0,0.00254,21.0,8264.462809917355,20.94666,0.037476577139287946,7.0,8.0,0.37412518
0022400357,1610612758,Sacramento,Kings,SAC,kings,1628368,De'Aaron,Fox,D. Fox,deaaron-fox,G,,,30:33,30.55,9,16,0.563,1,5,0.2,2,4,0.5,2,2,4,9,0,1,1,1,21,24.0,0022400357,De'Aaron Fox,de'aaron fox,,,2024-12-08,1,0.6873977086743044,0.06546644844517185,0.1309328968903437,0.2945990180032733,0.09819967266775777,2.0,2.0,4.0,1.0,8.0,2.0,3.0,1.0,0.0,0,0.0,0,0.0025,36.9,14754.098360655737,36.80775,0.03273322422258593,7.0,6.0,0.6927141
0022400357,1610612758,Sacramento,Kings,SAC,kings,1628989,Kevin,Huerter,K. Huerter,kevin-huerter,,,,22:27,22.45,10,14,0.714,6,9,0.667,0,0,0.0,0,5,5,4,1,1,0,3,26,35.0,0022400357,Kevin Huerter,kevin huerter,,,2024-12-08,2,1.158129175946548,0.0,0.22271714922049,0.17817371937639198,0.08908685968819599,1.0,7.0,2.0,4.0,3.0,2.0,1.0,6.0,1.0,0,0.0,0,0.00246,71.3,28971.962616822428,71.124602,0.08908685968819599,4.0,7.0,0.7994009
0022400357,1610612758,Sacramento,Kings,SAC,kings,1631115,Orlando,Robinson,O. Robinson,orlando-robinson,,,,11:30,11.5,1,5,0.2,0,2,0.0,0,0,0.0,0,4,4,2,0,0,0,0,2,15.0,0022400357,Orlando Robinson,orlando robinson,,,2024-12-08,0,0.17391304347826086,0.0,0.34782608695652173,0.17391304347826086,0.0,11.0,7.0,4.0,8.0,8.0,7.0,8.0,9.0,3.0,0,0.0,0,0.00161,58.7,36436.99565487275,58.605493,0.0,9.0,10.0,0.012170268
0022400357,1610612758,Sacramento,Kings,SAC,kings,1631165,Keon,Ellis,K. Ellis,keon-ellis,,,,15:50,15.833333333333334,2,3,0.667,1,2,0.5,0,0,0.0,1,2,3,5,3,0,1,2,5,22.0,0022400357,Keon Ellis,keon ellis,,,2024-12-08,3,0.3157894736842105,0.06315789473684211,0.18947368421052632,0.3157894736842105,0.25263157894736843,9.0,3.0,7.0,3.0,1.0,7.0,4.0,8.0,2.0,0,1.0,0,0.00111,68.8,61926.19261926192,68.723632,0.18947368421052632,1.0,1.0,0.1523328
0022400357,1610612758,Sacramento,Kings,SAC,kings,1641732,Colby,Jones,C. Jones,colby-jones,,,,20:09,20.15,1,3,0.333,1,1,1.0,0,0,0.0,1,4,5,1,2,1,2,1,3,25.0,0022400357,Colby Jones,colby jones,,,2024-12-08,3,0.14888337468982632,0.04962779156327544,0.24813895781637718,0.04962779156327544,0.19851116625310175,10.0,3.0,2.0,9.0,2.0,2.0,2.0,7.0,4.0,0,0.0,0,0.0010199999999999999,61.0,59745.347698334976,60.93778,0.14888337468982632,1.0,2.0,0.16132537
0022400357,1610612758,Sacramento,Kings,SAC,kings,1629162,Jordan,McLaughlin,J. McLaughlin,jordan-mclaughlin,,,,8:22,8.366666666666667,2,5,0.4,2,3,0.667,0,0,0.0,0,1,1,1,0,0,0,0,6,9.0,0022400357,Jordan McLaughlin,jordan mclaughlin,,,2024-12-08,0,0.7171314741035856,0.0,0.1195219123505976,0.1195219123505976,0.0,8.0,7.0,9.0,9.0,8.0,7.0,10.0,10.0,0.0,0,0.0,0,0.0027800000000000004,46.3,16648.687522473927,46.171285999999995,0.0,9.0,10.0,0.05210666
0022400357,1610612758,Sacramento,Kings,SAC,kings,203458,Alex,Len,A. Len,alex-len,,,,8:22,8.366666666666667,0,0,0.0,0,0,0.0,0,0,0.0,1,0,1,3,0,0,0,1,0,9.0,0022400357,Alex Len,alex len,,,2024-12-08,0,0.0,0.1195219123505976,0.1195219123505976,0.3585657370517928,0.1195219123505976,12.0,3.0,9.0,6.0,8.0,7.0,10.0,10.0,0.0,0,0.0,0,0.0,46.3,46300000.0,46.3,0.0,9.0,4.0,0.010441696
0022400357,1610612758,Sacramento,Kings,SAC,kings,203926,Doug,McDermott,D. McDermott,doug-mcdermott,,,,8:22,8.366666666666667,6,7,0.857,6,7,0.857,0,0,0.0,0,0,0,0,0,0,1,0,18,9.0,0022400357,Doug McDermott,doug mcdermott,,,2024-12-08,0,2.151394422310757,0.0,0.0,0.0,0.0,4.0,7.0,13.0,12.0,8.0,7.0,10.0,10.0,1.0,0,0.0,0,0.00444,46.3,10425.57982436388,46.094428,0.0,9.0,10.0,0.61679566
0022400357,1610612758,Sacramento,Kings,SAC,kings,1642384,Isaiah,Crawford,I. Crawford,isaiah-crawford,,,,5:14,5.233333333333333,0,0,0.0,0,0,0.0,0,0,0.0,0,1,1,0,0,0,0,1,0,3.0,0022400357,Isaiah Crawford,isaiah crawford,,,2024-12-08,0,0.0,0.0,0.19108280254777069,0.0,0.0,12.0,7.0,9.0,12.0,8.0,7.0,13.0,13.0,0.0,0,0.0,0,0.0,19.1,19100000.000000004,19.1,0.0,9.0,10.0,0.004981459
0022401207,1610612758,Sacramento,Kings,SAC,kings,201942,DeMar,DeRozan,D. DeRozan,demar-derozan,F,,,34:17,34.28333333333333,8,18,0.444,3,3,1.0,10,11,0.909,0,3,3,2,4,0,1,3,29,6.0,0022401207,DeMar DeRozan,demar derozan,,,2024-12-12,4,0.8458920758385999,0.0,0.08750607681088965,0.0583373845405931,0.1166747690811862,2.0,7.0,5.0,4.0,1.0,3.0,1.0,2.0,4.0,0,0.0,0,0.00296,11.3,3816.278284363391,11.266552,0.1166747690811862,1.0,6.0,0.8748439
0022401207,1610612758,Sacramento,Kings,SAC,kings,1631099,Keegan,Murray,K. Murray,keegan-murray,F,,,33:56,33.93333333333333,7,14,0.5,3,7,0.429,1,1,1.0,5,4,9,0,0,0,0,4,18,1.0,0022401207,Keegan Murray,keegan murray,,,2024-12-12,0,0.5304518664047152,0.14734774066797643,0.2652259332023576,0.0,0.14734774066797643,3.0,2.0,2.0,7.0,7.0,3.0,7.0,5.0,0.0,0,0.0,0,0.0016300000000000002,-3.6,-2207.234825260576,-3.594132,0.0,7.0,3.0,0.7803567
0022401207,1610612758,Sacramento,Kings,SAC,kings,1627734,Domantas,Sabonis,D. Sabonis,domantas-sabonis,C,,,34:17,34.28333333333333,11,15,0.733,1,1,1.0,9,9,1.0,6,14,20,3,2,0,1,3,32,6.0,0022401207,Domantas Sabonis,domantas sabonis,,,2024-12-12,2,0.9333981526494896,0.1750121536217793,0.583373845405931,0.08750607681088965,0.2333495381623724,1.0,1.0,1.0,3.0,3.0,3.0,1.0,2.0,2.0,0,0.0,0,0.00247,11.3,4573.047349251316,11.272089000000001,0.0583373845405931,3.0,1.0,0.95884806
0022401207,1610612758,Sacramento,Kings,SAC,kings,1628370,Malik,Monk,M. Monk,malik-monk,G,,,34:17,34.28333333333333,2,11,0.182,1,5,0.2,0,0,0.0,0,3,3,9,1,1,2,2,5,6.0,0022401207,Malik Monk,malik monk,,,2024-12-12,2,0.14584346135148274,0.0,0.08750607681088965,0.262518230432669,0.0583373845405931,6.0,7.0,5.0,1.0,4.0,1.0,1.0,2.0,3.0,0,1.0,0,0.0016,11.3,7058.088694565897,11.28192,0.0583373845405931,3.0,8.0,0.1213608
0022401207,1610612758,Sacramento,Kings,SAC,kings,1628368,De'Aaron,Fox,D. Fox,deaaron-fox,G,,,37:26,37.43333333333333,7,20,0.35,1,6,0.167,3,4,0.75,3,4,7,8,1,1,5,2,18,3.0,0022401207,De'Aaron Fox,de'aaron fox,,,2024-12-12,2,0.4808548530721283,0.08014247551202137,0.18699910952804988,0.213713268032057,0.13357079252003562,3.0,3.0,3.0,2.0,4.0,1.0,5.0,1.0,5.0,0,0.0,0,0.0028399999999999996,-0.6,-211.1932418162619,-0.598296,0.05342831700801425,3.0,5.0,0.46524802
0022401207,1610612758,Sacramento,Kings,SAC,kings,1628989,Kevin,Huerter,K. Huerter,kevin-huerter,,,,27:47,27.783333333333335,2,10,0.2,1,8,0.125,2,2,1.0,1,2,3,1,3,0,1,1,7,-3.0,0022401207,Kevin Huerter,kevin huerter,,,2024-12-12,3,0.2519496100779844,0.035992801439712056,0.10797840431913616,0.035992801439712056,0.14397120575884823,5.0,4.0,5.0,5.0,2.0,3.0,9.0,6.0,2.0,0,0.0,0,0.0016,-5.2,-3247.9700187382887,-5.19168,0.10797840431913616,2.0,4.0,0.0632604
0022401207,1610612758,Sacramento,Kings,SAC,kings,1631165,Keon,Ellis,K. Ellis,keon-ellis,,,,19:43,19.716666666666665,0,2,0.0,0,2,0.0,2,2,1.0,1,3,4,0,1,0,1,2,2,2.0,0022401207,Keon Ellis,keon ellis,,,2024-12-12,1,0.1014370245139476,0.0507185122569738,0.2028740490278952,0.0,0.1014370245139476,7.0,4.0,4.0,7.0,4.0,3.0,6.0,7.0,1.0,0,0.0,0,0.00077,5.0,6485.08430609598,4.99615,0.0507185122569738,6.0,7.0,0.017545013
0022401207,1610612758,Sacramento,Kings,SAC,kings,1642403,Isaac,Jones,I. Jones,isaac-jones,,,,4:46,4.766666666666667,0,2,0.0,0,1,0.0,0,0,0.0,0,0,0,0,0,0,0,0,0,-7.0,0022401207,Isaac Jones,isaac jones,,,2024-12-12,0,0.0,0.0,0.0,0.0,0.0,8.0,7.0,9.0,7.0,7.0,3.0,10.0,9.0,1.0,0,0.0,0,0.0014299999999999998,-75.5,-52760.30747728862,-75.39203499999999,0.0,7.0,9.0,0.0020592727
0022401207,1610612758,Sacramento,Kings,SAC,kings,1641732,Colby,Jones,C. Jones,colby-jones,,,,4:34,4.566666666666666,0,0,0.0,0,0,0.0,0,0,0.0,0,0,0,0,0,0,0,1,0,-7.0,0022401207,Colby Jones,colby jones,,,2024-12-12,0,0.0,0.0,0.0,0.0,0.0,8.0,7.0,9.0,7.0,7.0,3.0,10.0,10.0,0.0,0,0.0,0,0.0,-70.0,-70000000.0,-70.0,0.0,7.0,9.0,0.0025383835
0022401207,1610612758,Sacramento,Kings,SAC,kings,203458,Alex,Len,A. Len,alex-len,,,,6:26,6.433333333333334,0,0,0.0,0,0,0.0,0,0,0.0,1,0,1,1,0,0,0,1,0,4.0,0022401207,Alex Len,alex len,,,2024-12-12,0,0.0,0.15544041450777202,0.15544041450777202,0.15544041450777202,0.15544041450777202,8.0,4.0,8.0,5.0,7.0,3.0,4.0,8.0,1.0,0,0.0,0,0.0,36.4,36400000.0,36.4,0.0,7.0,2.0,0.00984947
0022401207,1610612758,Sacramento,Kings,SAC,kings,1631115,Orlando,Robinson,O. Robinson,orlando-robinson,,,,2:31,2.5166666666666666,0,0,0.0,0,0,0.0,0,0,0.0,0,0,0,0,0,0,0,0,0,-1.0,0022401207,Orlando Robinson,orlando robinson,,,2024-12-12,0,0.0,0.0,0.0,0.0,0.0,8.0,7.0,9.0,7.0,7.0,3.0,8.0,11.0,0.0,0,0.0,0,0.0,-20.0,-20000000.0,-20.0,0.0,7.0,9.0,0.0033682657
0022401225,1610612758,Sacramento,Kings,SAC,kings,201942,DeMar,DeRozan,D. DeRozan,demar-derozan,F,,,34:08,34.13333333333333,7,18,0.389,0,1,0.0,3,3,1.0,1,2,3,4,2,0,2,4,17,0.0,0022401225,DeMar DeRozan,demar derozan,,,2024-12-16,2,0.498046875,0.029296875,0.087890625,0.1171875,0.087890625,4.0,4.0,6.0,4.0,2.0,5.0,6.0,3.0,3.0,0,0.0,0,0.00233,-1.5,-643.5006435006435,-1.496505,0.05859375,4.0,7.0,0.4431784
0022401225,1610612758,Sacramento,Kings,SAC,kings,203926,Doug,McDermott,D. McDermott,doug-mcdermott,F,,,26:53,26.883333333333333,6,9,0.667,4,7,0.571,0,0,0.0,0,1,1,0,0,0,0,2,16,6.0,0022401225,Doug McDermott,doug mcdermott,,,2024-12-16,0,0.5951642901425914,0.0,0.037197768133911964,0.0,0.0,5.0,6.0,8.0,6.0,7.0,5.0,2.0,6.0,0.0,0,0.0,0,0.0013,5.8,4458.109146810147,5.79246,0.0,8.0,9.0,0.86509997
0022401225,1610612758,Sacramento,Kings,SAC,kings,1627734,Domantas,Sabonis,D. Sabonis,domantas-sabonis,C,,,41:25,41.416666666666664,12,20,0.6,1,3,0.333,3,3,1.0,4,10,14,6,3,0,2,3,28,1.0,0022401225,Domantas Sabonis,domantas sabonis,,,2024-12-16,3,0.676056338028169,0.09657947686116701,0.3380281690140845,0.1448692152917505,0.16901408450704225,2.0,1.0,1.0,3.0,1.0,5.0,4.0,1.0,5.0,0,0.0,0,0.00217,2.3,1059.4196222938735,2.295009,0.07243460764587525,3.0,4.0,0.81669265
0022401225,1610612758,Sacramento,Kings,SAC,kings,1628370,Malik,Monk,M. Monk,malik-monk,G,,,34:08,34.13333333333333,9,19,0.474,4,10,0.4,3,3,1.0,0,6,6,10,1,3,3,4,25,-6.0,0022401225,Malik Monk,malik monk,,,2024-12-16,4,0.732421875,0.0,0.17578125,0.29296875,0.1171875,3.0,6.0,2.0,1.0,4.0,2.0,8.0,3.0,2.0,0,0.0,0,0.00261,-6.2,-2374.5691306013023,-6.1838180000000005,0.1171875,2.0,6.0,0.741465
0022401225,1610612758,Sacramento,Kings,SAC,kings,1628368,De'Aaron,Fox,D. Fox,deaaron-fox,G,,,38:39,38.65,11,24,0.458,2,7,0.286,5,6,0.833,0,5,5,7,0,1,3,4,29,-13.0,0022401225,De'Aaron Fox,de'aaron fox,,,2024-12-16,1,0.7503234152652005,0.0,0.129366106080207,0.18111254851228978,0.0258732212160414,1.0,6.0,4.0,2.0,7.0,3.0,10.0,2.0,4.0,0,0.0,0,0.0032300000000000002,-9.3,-2878.3658310120704,-9.269961,0.0258732212160414,6.0,8.0,0.8140723
0022401225,1610612758,Sacramento,Kings,SAC,kings,203109,Jae,Crowder,J. Crowder,jae-crowder,,,,5:13,5.216666666666667,0,0,0.0,0,0,0.0,0,0,0.0,1,1,2,0,0,0,1,1,0,-7.0,0022401225,Jae Crowder,jae crowder,,,2024-12-16,0,0.0,0.19169329073482427,0.38338658146964855,0.0,0.19169329073482427,8.0,4.0,7.0,6.0,7.0,5.0,9.0,9.0,0.0,0,0.0,0,0.00067,-58.3,-86885.24590163934,-58.260939,0.0,8.0,3.0,0.003784005
0022401225,1610612758,Sacramento,Kings,SAC,kings,1631165,Keon,Ellis,K. Ellis,keon-ellis,,,,32:35,32.583333333333336,3,7,0.429,1,5,0.2,5,5,1.0,3,3,6,1,2,4,0,1,12,9.0,0022401225,Keon Ellis,keon ellis,,,2024-12-16,6,0.3682864450127877,0.09207161125319692,0.18414322250639384,0.030690537084398974,0.27621483375959077,6.0,2.0,2.0,5.0,2.0,1.0,1.0,5.0,5.0,0,0.0,0,0.00107,16.1,15032.679738562094,16.082773,0.18414322250639384,1.0,1.0,0.7094251
0022401225,1610612758,Sacramento,Kings,SAC,kings,1641732,Colby,Jones,C. Jones,colby-jones,,,,18:22,18.366666666666667,0,3,0.0,0,2,0.0,0,0,0.0,2,2,4,0,1,1,0,2,0,6.0,0022401225,Colby Jones,colby jones,,,2024-12-16,2,0.0,0.1088929219600726,0.2177858439201452,0.0,0.2177858439201452,8.0,3.0,5.0,6.0,4.0,3.0,2.0,7.0,3.0,0,0.0,0,0.00063,19.4,30744.849445324875,19.387777999999997,0.1088929219600726,4.0,2.0,0.086648196
0022401225,1610612758,Sacramento,Kings,SAC,kings,1642403,Isaac,Jones,I. Jones,isaac-jones,,,,6:23,6.383333333333334,1,2,0.5,0,0,0.0,0,0,0.0,0,1,1,0,1,0,0,1,2,-2.0,0022401225,Isaac Jones,isaac jones,,,2024-12-16,1,0.31331592689295035,0.0,0.15665796344647517,0.0,0.15665796344647517,7.0,6.0,8.0,6.0,4.0,5.0,7.0,8.0,1.0,0,0.0,0,0.00133,-13.3,-9992.486851990985,-13.282311,0.15665796344647517,6.0,5.0,0.012209726
0022401225,1610612758,Sacramento,Kings,SAC,kings,203458,Alex,Len,A. Len,alex-len,,,,2:14,2.2333333333333334,0,0,0.0,0,0,0.0,0,0,0.0,0,0,0,0,0,0,0,1,0,1.0,0022401225,Alex Len,alex len,,,2024-12-16,0,0.0,0.0,0.0,0.0,0.0,8.0,6.0,10.0,6.0,7.0,5.0,4.0,10.0,0.0,0,0.0,0,0.0,35.0,35000000.0,35.0,0.0,8.0,9.0,0.0043200175
0022400372,1610612758,Sacramento,Kings,SAC,kings,201942,DeMar,DeRozan,D. DeRozan,demar-derozan,F,,,35:12,35.2,4,13,0.308,0,2,0.0,2,2,1.0,0,5,5,4,1,0,1,3,10,-14.0,0022400372,DeMar DeRozan,demar derozan,,,2024-12-19,1,0.28409090909090906,0.0,0.14204545454545453,0.11363636363636363,0.028409090909090908,4.0,5.0,3.0,3.0,3.0,5.0,10.0,4.0,2.0,0,0.0,0,0.002,-18.7,-9345.327336331833,-18.662599999999998,0.028409090909090908,5.0,7.0,0.11630091
0022400372,1610612758,Sacramento,Kings,SAC,kings,1631099,Keegan,Murray,K. Murray,keegan-murray,F,,,34:51,34.85,4,11,0.364,2,4,0.5,0,0,0.0,1,6,7,1,2,1,0,1,10,-16.0,0022400372,Keegan Murray,keegan murray,,,2024-12-19,3,0.28694404591104733,0.028694404591104734,0.20086083213773315,0.028694404591104734,0.11477761836441894,4.0,1.0,2.0,6.0,2.0,3.0,11.0,5.0,0.0,0,0.0,0,0.00133,-19.0,-14274.981217129978,-18.974729999999997,0.0860832137733142,1.0,4.0,0.45271182
0022400372,1610612758,Sacramento,Kings,SAC,kings,1627734,Domantas,Sabonis,D. Sabonis,domantas-sabonis,C,,,38:17,38.28333333333333,8,13,0.615,1,1,1.0,1,4,0.25,1,11,12,9,0,2,1,5,18,-16.0,0022400372,Domantas Sabonis,domantas sabonis,,,2024-12-19,2,0.4701784936874184,0.0261210274270788,0.3134523291249456,0.2350892468437092,0.0783630822812364,2.0,1.0,1.0,1.0,5.0,1.0,11.0,1.0,2.0,0,0.0,0,0.0018599999999999999,-20.4,-10961.848468565287,-20.362056,0.0522420548541576,3.0,6.0,0.6955553
0022400372,1610612758,Sacramento,Kings,SAC,kings,1628370,Malik,Monk,M. Monk,malik-monk,G,,,36:58,36.96666666666667,7,15,0.467,3,10,0.3,0,0,0.0,0,3,3,4,1,0,5,3,17,-18.0,0022400372,Malik Monk,malik monk,,,2024-12-19,1,0.4598737601442741,0.0,0.0811541929666366,0.10820559062218214,0.027051397655545536,3.0,5.0,6.0,3.0,3.0,5.0,13.0,2.0,1.0,0,0.0,0,0.00247,-23.6,-9550.789154188587,-23.541708000000003,0.027051397655545536,5.0,8.0,0.4073836
0022400372,1610612758,Sacramento,Kings,SAC,kings,1628368,De'Aaron,Fox,D. Fox,deaaron-fox,G,,,35:39,35.65,7,17,0.412,2,5,0.4,10,11,0.909,0,3,3,5,3,0,4,5,26,-10.0,0022400372,De'Aaron Fox,de'aaron fox,,,2024-12-19,3,0.729312762973352,0.0,0.08415147265077139,0.1402524544179523,0.08415147265077139,1.0,5.0,6.0,2.0,1.0,5.0,9.0,3.0,5.0,0,0.0,0,0.00317,-11.5,-3626.616209397666,-11.463545,0.08415147265077139,1.0,5.0,0.7553629
0022400372,1610612758,Sacramento,Kings,SAC,kings,1628989,Kevin,Huerter,K. Huerter,kevin-huerter,,,,24:20,24.333333333333332,2,4,0.5,2,4,0.5,1,2,0.5,0,4,4,2,0,0,4,2,7,7.0,0022400372,Kevin Huerter,kevin huerter,,,2024-12-19,0,0.28767123287671237,0.0,0.16438356164383564,0.08219178082191782,0.0,6.0,5.0,4.0,5.0,5.0,5.0,1.0,6.0,1.0,0,0.0,0,0.00153,12.7,8295.231874591771,12.680568999999998,0.0,8.0,9.0,0.085455395
0022400372,1610612758,Sacramento,Kings,SAC,kings,1631165,Keon,Ellis,K. Ellis,keon-ellis,,,,21:04,21.066666666666666,2,4,0.5,1,2,0.5,0,0,0.0,0,4,4,1,0,0,0,1,5,-1.0,0022400372,Keon Ellis,keon ellis,,,2024-12-19,0,0.23734177215189875,0.0,0.189873417721519,0.04746835443037975,0.0,7.0,5.0,4.0,6.0,5.0,5.0,8.0,7.0,5.0,0,0.0,0,0.00075,-4.2,-5592.54327563249,-4.19685,0.0,8.0,9.0,0.022555314
0022400372,1610612758,Sacramento,Kings,SAC,kings,203458,Alex,Len,A. Len,alex-len,,,,4:51,4.85,1,2,0.5,0,0,0.0,1,3,0.333,1,0,1,1,0,1,0,0,3,2.0,0022400372,Alex Len,alex len,,,2024-12-19,1,0.6185567010309279,0.2061855670103093,0.2061855670103093,0.2061855670103093,0.4123711340206186,8.0,1.0,9.0,6.0,5.0,3.0,2.0,9.0,0.0,0,0.0,0,0.00214,8.3,3876.69313404951,8.282238000000001,0.2061855670103093,5.0,2.0,0.03296859
0022400372,1610612758,Sacramento,Kings,SAC,kings,1642403,Isaac,Jones,I. Jones,isaac-jones,,,,4:52,4.866666666666667,1,1,1.0,0,0,0.0,0,0,0.0,0,3,3,0,0,2,0,0,2,1.0,0022400372,Isaac Jones,isaac jones,,,2024-12-19,2,0.410958904109589,0.0,0.6164383561643835,0.0,0.410958904109589,9.0,5.0,6.0,9.0,5.0,1.0,3.0,8.0,0.0,0,0.0,0,0.00077,8.3,10765.239948119326,8.293609,0.410958904109589,3.0,3.0,0.062924705
0022400372,1610612758,Sacramento,Kings,SAC,kings,1629162,Jordan,McLaughlin,J. McLaughlin,jordan-mclaughlin,,,,0:59,0.9833333333333333,0,0,0.0,0,0,0.0,0,0,0.0,0,0,0,0,0,0,0,0,0,0.0,0022400372,Jordan McLaughlin,jordan mclaughlin,,,2024-12-19,0,0.0,0.0,0.0,0.0,0.0,11.0,5.0,11.0,9.0,5.0,5.0,4.0,10.0,,1,,1,0.0,0.0,0.0,0.0,0.0,8.0,9.0,0.0047346004
0022400372,1610612758,Sacramento,Kings,SAC,kings,203926,Doug,McDermott,D. McDermott,doug-mcdermott,,,,0:59,0.9833333333333333,0,1,0.0,0,1,0.0,0,0,0.0,0,0,0,0,0,0,0,0,0,0.0,0022400372,Doug McDermott,doug mcdermott,,,2024-12-19,0,0.0,0.0,0.0,0.0,0.0,11.0,5.0,11.0,9.0,5.0,5.0,4.0,10.0,,1,,1,0.00333,0.0,0.0,0.0,0.0,8.0,9.0,0.0033945323
0022400372,1610612758,Sacramento,Kings,SAC,kings,1641732,Colby,Jones,C. Jones,colby-jones,,,,0:59,0.9833333333333333,0,0,0.0,0,0,0.0,0,0,0.0,0,0,0,0,0,0,0,0,0,0.0,0022400372,Colby Jones,colby jones,,,2024-12-19,0,0.0,0.0,0.0,0.0,0.0,11.0,5.0,11.0,9.0,5.0,5.0,4.0,10.0,,1,,1,0.0,0.0,0.0,0.0,0.0,8.0,9.0,0.0047346004
0022400372,1610612758,Sacramento,Kings,SAC,kings,1631115,Orlando,Robinson,O. Robinson,orlando-robinson,,,,0:59,0.9833333333333333,1,1,1.0,0,0,0.0,0,0,0.0,1,0,1,0,0,0,0,0,2,0.0,0022400372,Orlando Robinson,orlando robinson,,,2024-12-19,0,2.0338983050847457,1.0169491525423728,1.0169491525423728,0.0,1.0169491525423728,9.0,1.0,9.0,9.0,5.0,5.0,4.0,10.0,,1,,1,0.00333,0.0,0.0,0.0,0.0,8.0,1.0,0.06716031
0022400376,1610612758,Sacramento,Kings,SAC,kings,201942,DeMar,DeRozan,D. DeRozan,demar-derozan,F,,,37:21,37.35,4,10,0.4,1,2,0.5,3,3,1.0,2,2,4,3,2,0,2,2,12,6.0,0022400376,DeMar DeRozan,demar derozan,,,2024-12-21,2,0.321285140562249,0.0535475234270415,0.107095046854083,0.08032128514056225,0.107095046854083,3.0,2.0,3.0,4.0,1.0,2.0,1.0,2.0,4.0,0,0.0,0,0.00151,7.9,5228.325612177367,7.888071,0.0535475234270415,1.0,4.0,0.70301235
0022400376,1610612758,Sacramento,Kings,SAC,kings,1631099,Keegan,Murray,K. Murray,keegan-murray,F,,,27:29,27.483333333333334,3,9,0.333,2,7,0.286,2,2,1.0,1,3,4,0,0,0,1,4,10,-2.0,0022400376,Keegan Murray,keegan murray,,,2024-12-21,0,0.3638568829593693,0.03638568829593693,0.1455427531837477,0.0,0.03638568829593693,4.0,3.0,3.0,7.0,8.0,2.0,5.0,5.0,1.0,0,0.0,0,0.0018599999999999999,-5.4,-2901.665771090812,-5.389956000000001,0.0,8.0,9.0,0.09311571
0022400376,1610612758,Sacramento,Kings,SAC,kings,1627734,Domantas,Sabonis,D. Sabonis,domantas-sabonis,C,,,37:00,37.0,9,19,0.474,0,2,0.0,1,3,0.333,5,14,19,5,1,0,0,2,19,0.0,0022400376,Domantas Sabonis,domantas sabonis,,,2024-12-21,1,0.5135135135135135,0.13513513513513514,0.5135135135135135,0.13513513513513514,0.16216216216216217,2.0,1.0,1.0,3.0,4.0,2.0,3.0,3.0,0.0,0,0.0,0,0.0022400000000000002,0.0,0.0,0.0,0.02702702702702703,5.0,1.0,0.71594733
0022400376,1610612758,Sacramento,Kings,SAC,kings,1628370,Malik,Monk,M. Monk,malik-monk,G,,,35:46,35.766666666666666,3,14,0.214,1,8,0.125,0,0,0.0,0,4,4,8,1,1,5,4,7,5.0,0022400376,Malik Monk,malik monk,,,2024-12-21,2,0.195712954333644,0.0,0.11183597390493942,0.22367194780987884,0.05591798695246971,6.0,7.0,3.0,1.0,4.0,1.0,2.0,4.0,5.0,0,0.0,0,0.00232,6.9,2972.856527358897,6.883992,0.05591798695246971,1.0,7.0,0.08282034
0022400376,1610612758,Sacramento,Kings,SAC,kings,1628368,De'Aaron,Fox,D. Fox,deaaron-fox,G,,,37:34,37.56666666666667,12,17,0.706,3,5,0.6,4,4,1.0,1,4,5,7,1,0,4,3,31,-11.0,0022400376,De'Aaron Fox,de'aaron fox,,,2024-12-21,1,0.8251996450754214,0.02661934338952972,0.1330967169476486,0.18633540372670807,0.05323868677905944,1.0,3.0,2.0,2.0,4.0,2.0,10.0,1.0,0.0,0,0.0,0,0.00264,-15.3,-5793.260128739114,-15.259608000000002,0.02661934338952972,5.0,8.0,0.864392
0022400376,1610612758,Sacramento,Kings,SAC,kings,1628989,Kevin,Huerter,K. Huerter,kevin-huerter,,,,22:37,22.616666666666667,4,10,0.4,1,7,0.143,0,0,0.0,0,2,2,0,2,0,0,2,9,0.0,0022400376,Kevin Huerter,kevin huerter,,,2024-12-21,2,0.397936624907885,0.0,0.08843036109064112,0.0,0.08843036109064112,5.0,7.0,8.0,7.0,1.0,2.0,3.0,6.0,1.0,0,0.0,0,0.00182,-2.7,-1482.701812191104,-2.695086,0.08843036109064112,1.0,6.0,0.43229926
0022400376,1610612758,Sacramento,Kings,SAC,kings,1631165,Keon,Ellis,K. Ellis,keon-ellis,,,,14:07,14.116666666666667,2,6,0.333,1,4,0.25,0,0,0.0,0,2,2,1,2,0,0,3,5,-3.0,0022400376,Keon Ellis,keon ellis,,,2024-12-21,2,0.3541912632821724,0.0,0.14167650531286893,0.07083825265643447,0.14167650531286893,7.0,7.0,8.0,5.0,1.0,2.0,7.0,8.0,3.0,0,0.0,0,0.0017599999999999998,-10.0,-5678.591709256105,-9.9824,0.14167650531286893,1.0,2.0,0.03849093
0022400376,1610612758,Sacramento,Kings,SAC,kings,1642403,Isaac,Jones,I. Jones,isaac-jones,,,,10:60,11.0,1,1,1.0,0,0,0.0,1,2,0.5,1,2,3,1,0,0,1,0,3,-4.0,0022400376,Isaac Jones,isaac jones,,,2024-12-21,0,0.2727272727272727,0.09090909090909091,0.2727272727272727,0.09090909090909091,0.09090909090909091,8.0,3.0,6.0,5.0,8.0,2.0,8.0,9.0,0.0,0,0.0,0,0.00115,-17.4,-15117.289313640313,-17.37999,0.0,8.0,5.0,0.010308223
0022400376,1610612758,Sacramento,Kings,SAC,kings,1626168,Trey,Lyles,T. Lyles,trey-lyles,,,,17:03,17.05,1,4,0.25,1,2,0.5,0,0,0.0,1,2,3,0,1,0,0,0,3,-9.0,0022400376,Trey Lyles,trey lyles,,,2024-12-21,1,0.1759530791788856,0.05865102639296187,0.1759530791788856,0.0,0.11730205278592375,8.0,3.0,6.0,7.0,4.0,2.0,9.0,7.0,4.0,0,0.0,0,0.00089,-21.5,-24130.190796857463,-21.480865,0.05865102639296187,5.0,3.0,0.021198442
0022400376,1610612758,Sacramento,Kings,SAC,kings,203458,Alex,Len,A. Len,alex-len,,,,0:03,0.05,0,0,0.0,0,0,0.0,0,0,0.0,0,0,0,0,0,0,0,0,0,-2.0,0022400376,Alex Len,alex len,,,2024-12-21,0,0.0,0.0,0.0,0.0,0.0,10.0,7.0,10.0,7.0,8.0,2.0,5.0,10.0,,1,,1,0.0,-200.0,-200000000.0,-200.0,0.0,8.0,10.0,0.0033122983
0022400389,1610612758,Sacramento,Kings,SAC,kings,201942,DeMar,DeRozan,D. DeRozan,demar-derozan,F,,,28:08,28.133333333333333,1,7,0.143,0,1,0.0,0,0,0.0,1,1,2,2,0,0,0,1,2,-21.0,0022400389,DeMar DeRozan,demar derozan,,,2024-12-22,0,0.07109004739336493,0.035545023696682464,0.07109004739336493,0.07109004739336493,0.035545023696682464,10.0,3.0,7.0,3.0,4.0,3.0,12.0,5.0,1.0,0,0.0,0,0.0010299999999999999,-30.8,-29873.90882638216,-30.768276,0.0,6.0,8.0,0.007842161
0022400389,1610612758,Sacramento,Kings,SAC,kings,1631099,Keegan,Murray,K. Murray,keegan-murray,F,,,28:25,28.416666666666668,3,9,0.333,1,4,0.25,3,3,1.0,0,4,4,2,0,1,0,0,10,-12.0,0022400389,Keegan Murray,keegan murray,,,2024-12-22,1,0.3519061583577712,0.0,0.1407624633431085,0.07038123167155425,0.03519061583577712,4.0,8.0,4.0,3.0,4.0,2.0,7.0,4.0,1.0,0,0.0,0,0.00149,-18.4,-12340.710932260228,-18.372584,0.03519061583577712,2.0,9.0,0.07533765
0022400389,1610612758,Sacramento,Kings,SAC,kings,1627734,Domantas,Sabonis,D. Sabonis,domantas-sabonis,C,,,31:17,31.283333333333335,8,22,0.364,1,4,0.25,0,2,0.0,8,13,21,4,1,0,2,3,17,-26.0,0022400389,Domantas Sabonis,domantas sabonis,,,2024-12-22,1,0.5434203516249334,0.2557272242940863,0.6712839637719765,0.12786361214704314,0.28769312733084706,2.0,1.0,1.0,2.0,1.0,3.0,13.0,3.0,3.0,0,0.0,0,0.00321,-38.8,-12083.463095608842,-38.67545199999999,0.031965903036760786,2.0,1.0,0.6194258
0022400389,1610612758,Sacramento,Kings,SAC,kings,1628370,Malik,Monk,M. Monk,malik-monk,G,,,31:40,31.666666666666668,6,16,0.375,2,9,0.222,0,0,0.0,0,4,4,1,0,2,4,1,14,-19.0,0022400389,Malik Monk,malik monk,,,2024-12-22,2,0.4421052631578947,0.0,0.12631578947368421,0.031578947368421054,0.06315789473684211,3.0,8.0,4.0,7.0,4.0,1.0,10.0,2.0,0.0,0,0.0,0,0.0025,-30.1,-12035.185925629748,-30.024750000000004,0.06315789473684211,1.0,5.0,0.10770509
0022400389,1610612758,Sacramento,Kings,SAC,kings,1628368,De'Aaron,Fox,D. Fox,deaaron-fox,G,,,35:19,35.31666666666667,7,19,0.368,2,6,0.333,7,8,0.875,1,4,5,7,1,0,2,2,23,-19.0,0022400389,De'Aaron Fox,de'aaron fox,,,2024-12-22,1,0.6512505899008966,0.028315243039169418,0.1415762151958471,0.1982067012741859,0.056630486078338836,1.0,3.0,2.0,1.0,1.0,3.0,10.0,1.0,3.0,0,0.0,0,0.0028699999999999997,-26.9,-9369.557645419714,-26.822796999999998,0.028315243039169418,2.0,6.0,0.7343816
0022400389,1610612758,Sacramento,Kings,SAC,kings,1628989,Kevin,Huerter,K. Huerter,kevin-huerter,,,,23:26,23.433333333333334,3,5,0.6,1,2,0.5,1,2,0.5,2,3,5,2,0,0,0,1,8,-12.0,0022400389,Kevin Huerter,kevin huerter,,,2024-12-22,0,0.3413940256045519,0.08534850640113797,0.21337126600284495,0.08534850640113797,0.08534850640113797,5.0,2.0,2.0,3.0,4.0,3.0,7.0,6.0,1.0,0,0.0,0,0.00097,-30.1,-30998.970133882594,-30.070803,0.0,6.0,4.0,0.07708331
0022400389,1610612758,Sacramento,Kings,SAC,kings,1626168,Trey,Lyles,T. Lyles,trey-lyles,,,,19:28,19.466666666666665,3,7,0.429,2,4,0.5,0,0,0.0,1,2,3,1,0,0,0,0,8,-4.0,0022400389,Trey Lyles,trey lyles,,,2024-12-22,0,0.4109589041095891,0.051369863013698634,0.1541095890410959,0.051369863013698634,0.051369863013698634,5.0,3.0,6.0,7.0,4.0,3.0,6.0,7.0,1.0,0,0.0,0,0.0014000000000000002,-17.0,-12134.189864382583,-16.976200000000002,0.0,6.0,7.0,0.12306824
0022400389,1610612758,Sacramento,Kings,SAC,kings,203926,Doug,McDermott,D. McDermott,doug-mcdermott,,,,18:02,18.033333333333335,1,4,0.25,1,4,0.25,0,0,0.0,1,0,1,0,1,0,0,2,3,-12.0,0022400389,Doug McDermott,doug mcdermott,,,2024-12-22,1,0.16635859519408502,0.055452865064695,0.055452865064695,0.0,0.11090573012939,7.0,3.0,8.0,9.0,1.0,3.0,7.0,8.0,2.0,0,0.0,0,0.0008500000000000001,-35.3,-41480.61104582843,-35.269994999999994,0.055452865064695,2.0,3.0,0.01662501
0022400389,1610612758,Sacramento,Kings,SAC,kings,1631115,Orlando,Robinson,O. Robinson,orlando-robinson,,,,4:51,4.85,0,3,0.0,0,1,0.0,0,0,0.0,0,0,0,2,0,0,0,0,0,-2.0,0022400389,Orlando Robinson,orlando robinson,,,2024-12-22,0,0.0,0.0,0.0,0.4123711340206186,0.0,13.0,8.0,11.0,3.0,4.0,3.0,1.0,9.0,0.0,0,0.0,0,0.003,-22.2,-7397.534155281572,-22.133399999999998,0.0,6.0,10.0,0.004822851
0022400389,1610612758,Sacramento,Kings,SAC,kings,1642403,Isaac,Jones,I. Jones,isaac-jones,,,,4:51,4.85,0,0,0.0,0,0,0.0,2,2,1.0,1,0,1,0,0,0,0,0,2,-2.0,0022400389,Isaac Jones,isaac jones,,,2024-12-22,0,0.4123711340206186,0.2061855670103093,0.2061855670103093,0.0,0.2061855670103093,10.0,3.0,8.0,9.0,4.0,3.0,1.0,9.0,0.0,0,0.0,0,0.001,-22.2,-22177.822177822178,-22.177799999999998,0.0,6.0,2.0,0.015154523
0022400389,1610612758,Sacramento,Kings,SAC,kings,1641732,Colby,Jones,C. Jones,colby-jones,,,,4:51,4.85,1,1,1.0,0,0,0.0,0,0,0.0,0,1,1,0,0,0,0,1,2,-2.0,0022400389,Colby Jones,colby jones,,,2024-12-22,0,0.4123711340206186,0.0,0.2061855670103093,0.0,0.0,10.0,8.0,8.0,9.0,4.0,3.0,1.0,9.0,0.0,0,0.0,0,0.001,-22.2,-22177.822177822178,-22.177799999999998,0.0,6.0,10.0,0.012140026
0022400389,1610612758,Sacramento,Kings,SAC,kings,1631165,Keon,Ellis,K. Ellis,keon-ellis,,,,4:51,4.85,1,2,0.5,1,2,0.5,0,0,0.0,0,0,0,0,0,0,1,0,3,-2.0,0022400389,Keon Ellis,keon ellis,,,2024-12-22,0,0.6185567010309279,0.0,0.0,0.0,0.0,7.0,8.0,11.0,9.0,4.0,3.0,1.0,9.0,,1,,1,0.003,-22.2,-7397.534155281572,-22.133399999999998,0.0,6.0,10.0,0.019641493
0022400389,1610612758,Sacramento,Kings,SAC,kings,1629162,Jordan,McLaughlin,J. McLaughlin,jordan-mclaughlin,,,,4:51,4.85,1,1,1.0,1,1,1.0,0,0,0.0,0,0,0,0,0,0,1,0,3,-2.0,0022400389,Jordan McLaughlin,jordan mclaughlin,,,2024-12-22,0,0.6185567010309279,0.0,0.0,0.0,0.0,7.0,8.0,11.0,9.0,4.0,3.0,1.0,9.0,,1,,1,0.002,-22.2,-11094.452773613191,-22.1556,0.0,6.0,10.0,0.02255216
0022400418,1610612758,Sacramento,Kings,SAC,kings,201942,DeMar,DeRozan,D. DeRozan,demar-derozan,F,,,36:10,36.166666666666664,7,13,0.538,1,3,0.333,4,6,0.667,0,3,3,4,0,0,1,1,19,-1.0,0022400418,DeMar DeRozan,demar derozan,,,2024-12-26,0,0.5253456221198157,0.0,0.08294930875576037,0.11059907834101383,0.0,3.0,7.0,6.0,1.0,4.0,5.0,5.0,3.0,2.0,0,0.0,0,0.0021,-2.9,-1380.2950975725844,-2.89391,0.0,6.0,8.0,0.7386982
0022400418,1610612758,Sacramento,Kings,SAC,kings,1631099,Keegan,Murray,K. Murray,keegan-murray,F,,,37:04,37.06666666666667,4,11,0.364,1,7,0.143,2,2,1.0,2,10,12,2,1,1,1,3,11,-4.0,0022400418,Keegan Murray,keegan murray,,,2024-12-26,2,0.29676258992805754,0.0539568345323741,0.3237410071942446,0.0539568345323741,0.1079136690647482,5.0,1.0,1.0,5.0,1.0,3.0,9.0,2.0,2.0,0,0.0,0,0.00157,-2.2,-1400.3819223424573,-2.196546,0.0539568345323741,1.0,3.0,0.41851014
0022400418,1610612758,Sacramento,Kings,SAC,kings,203458,Alex,Len,A. Len,alex-len,C,,,22:42,22.7,1,1,1.0,0,0,0.0,2,2,1.0,1,5,6,4,0,2,1,3,4,-1.0,0022400418,Alex Len,alex len,,,2024-12-26,2,0.1762114537444934,0.04405286343612335,0.2643171806167401,0.1762114537444934,0.13215859030837004,8.0,3.0,3.0,1.0,4.0,1.0,5.0,7.0,0.0,0,0.0,0,0.0006,-4.8,-7986.688851913477,-4.79712,0.0881057268722467,1.0,2.0,0.0887912
0022400418,1610612758,Sacramento,Kings,SAC,kings,1628370,Malik,Monk,M. Monk,malik-monk,G,,,29:38,29.633333333333333,5,11,0.455,3,7,0.429,2,2,1.0,0,1,1,0,1,0,2,2,15,3.0,0022400418,Malik Monk,malik monk,,,2024-12-26,1,0.5061867266591676,0.0,0.03374578177727784,0.0,0.03374578177727784,4.0,7.0,8.0,9.0,1.0,5.0,3.0,4.0,1.0,0,0.0,0,0.00194,-2.4,-1236.4760432766614,-2.3953439999999997,0.03374578177727784,5.0,7.0,0.4116492
0022400418,1610612758,Sacramento,Kings,SAC,kings,1628368,De'Aaron,Fox,D. Fox,deaaron-fox,G,,,38:25,38.416666666666664,11,25,0.44,2,7,0.286,2,3,0.667,1,5,6,4,0,2,3,4,26,-13.0,0022400418,De'Aaron Fox,de'aaron fox,,,2024-12-26,2,0.6767895878524947,0.026030368763557486,0.1561822125813449,0.10412147505422994,0.07809110629067245,1.0,3.0,3.0,1.0,4.0,1.0,10.0,1.0,1.0,0,0.0,0,0.00315,-18.9,-5998.095842589653,-18.840465,0.05206073752711497,1.0,4.0,0.83694243
0022400418,1610612758,Sacramento,Kings,SAC,kings,1631165,Keon,Ellis,K. Ellis,keon-ellis,,,,13:39,13.65,2,4,0.5,1,2,0.5,0,0,0.0,1,1,2,1,0,0,2,1,5,-2.0,0022400418,Keon Ellis,keon ellis,,,2024-12-26,0,0.3663003663003663,0.07326007326007326,0.14652014652014653,0.07326007326007326,0.07326007326007326,7.0,3.0,7.0,6.0,4.0,5.0,7.0,8.0,0.0,0,0.0,0,0.00188,1.1,584.795321637427,1.0979320000000001,0.0,6.0,5.0,0.049905412
0022400418,1610612758,Sacramento,Kings,SAC,kings,1628989,Kevin,Huerter,K. Huerter,kevin-huerter,,,,23:03,23.05,2,7,0.286,2,6,0.333,2,2,1.0,2,3,5,3,1,1,1,1,8,4.0,0022400418,Kevin Huerter,kevin huerter,,,2024-12-26,2,0.3470715835140998,0.08676789587852494,0.21691973969631237,0.1301518438177874,0.1735357917570499,6.0,1.0,5.0,4.0,1.0,3.0,2.0,6.0,2.0,0,0.0,0,0.00167,6.0,3590.664272890485,5.98998,0.08676789587852494,1.0,1.0,0.4386146
0022400418,1610612758,Sacramento,Kings,SAC,kings,1642403,Isaac,Jones,I. Jones,isaac-jones,,,,3:15,3.25,1,1,1.0,0,0,0.0,1,1,1.0,0,0,0,1,0,0,1,0,3,-3.0,0022400418,Isaac Jones,isaac jones,,,2024-12-26,0,0.9230769230769231,0.0,0.0,0.3076923076923077,0.0,9.0,7.0,10.0,6.0,4.0,5.0,8.0,10.0,0.0,0,0.0,0,0.00222,-53.6,-24133.27330031517,-53.481008,0.0,6.0,8.0,0.008371744
0022400418,1610612758,Sacramento,Kings,SAC,kings,1626168,Trey,Lyles,T. Lyles,trey-lyles,,,,25:18,25.3,5,8,0.625,4,7,0.571,6,8,0.75,1,7,8,0,0,0,1,3,20,0.0,0022400418,Trey Lyles,trey lyles,,,2024-12-26,0,0.7905138339920948,0.039525691699604744,0.31620553359683795,0.0,0.039525691699604744,2.0,3.0,2.0,9.0,4.0,5.0,4.0,5.0,0.0,0,1.0,0,0.0020599999999999998,-3.8,-1843.765162542455,-3.792172,0.0,6.0,6.0,0.87530977
0022400418,1610612758,Sacramento,Kings,SAC,kings,1641732,Colby,Jones,C. Jones,colby-jones,,,,10:46,10.766666666666667,1,1,1.0,0,0,0.0,0,0,0.0,0,1,1,1,0,0,1,2,2,12.0,0022400418,Colby Jones,colby jones,,,2024-12-26,0,0.18575851393188852,0.0,0.09287925696594426,0.09287925696594426,0.0,10.0,7.0,8.0,6.0,4.0,5.0,1.0,9.0,0.0,0,0.0,0,0.00083,52.2,62815.884476534295,52.156674,0.0,6.0,8.0,0.01836656
0022400435,1610612758,Sacramento,Kings,SAC,kings,201942,DeMar,DeRozan,D. DeRozan,demar-derozan,F,,,41:13,41.21666666666667,12,17,0.706,0,2,0.0,1,1,1.0,2,4,6,7,1,0,1,4,25,-9.0,0022400435,DeMar DeRozan,demar derozan,,,2024-12-28,1,0.6065507480792559,0.04852405984634048,0.14557217953902143,0.16983420946219166,0.07278608976951072,2.0,3.0,2.0,2.0,2.0,3.0,8.0,1.0,3.0,0,0.0,0,0.0017499999999999998,-10.2,-5825.242718446602,-10.182149999999998,0.02426202992317024,3.0,5.0,0.7930978
0022400435,1610612758,Sacramento,Kings,SAC,kings,1631099,Keegan,Murray,K. Murray,keegan-murray,F,,,28:34,28.566666666666666,2,7,0.286,1,6,0.167,0,0,0.0,2,1,3,0,0,0,1,3,5,-15.0,0022400435,Keegan Murray,keegan murray,,,2024-12-28,0,0.1750291715285881,0.07001166861143523,0.10501750291715287,0.0,0.07001166861143523,8.0,3.0,6.0,8.0,5.0,3.0,10.0,4.0,0.0,0,0.0,0,0.00108,-21.0,-19426.45698427382,-20.97732,0.0,5.0,6.0,0.02489607
0022400435,1610612758,Sacramento,Kings,SAC,kings,1627734,Domantas,Sabonis,D. Sabonis,domantas-sabonis,C,,,25:55,25.916666666666668,6,13,0.462,2,3,0.667,0,0,0.0,4,8,12,7,0,0,1,6,14,-3.0,0022400435,Domantas Sabonis,domantas sabonis,,,2024-12-28,0,0.540192926045016,0.15434083601286172,0.4630225080385852,0.270096463022508,0.15434083601286172,4.0,1.0,1.0,2.0,5.0,3.0,4.0,5.0,0.0,0,0.0,0,0.0023,1.7,738.8092133854846,1.69609,0.0,5.0,1.0,0.81439656
0022400435,1610612758,Sacramento,Kings,SAC,kings,1628370,Malik,Monk,M. Monk,malik-monk,G,,,33:00,33.0,7,16,0.438,3,8,0.375,3,3,1.0,1,5,6,7,0,0,1,3,20,-12.0,0022400435,Malik Monk,malik monk,,,2024-12-28,0,0.6060606060606061,0.030303030303030304,0.18181818181818182,0.21212121212121213,0.030303030303030304,3.0,5.0,2.0,2.0,5.0,3.0,9.0,3.0,0.0,0,0.0,0,0.00217,-16.0,-7369.875633348686,-15.96528,0.0,5.0,8.0,0.7116846
0022400435,1610612758,Sacramento,Kings,SAC,kings,1628368,De'Aaron,Fox,D. Fox,deaaron-fox,G,,,38:59,38.983333333333334,12,25,0.48,1,9,0.111,4,7,0.571,1,4,5,12,4,1,3,2,29,-7.0,0022400435,De'Aaron Fox,de'aaron fox,,,2024-12-28,5,0.7439076528430953,0.025651988029072252,0.12825994014536127,0.30782385634886705,0.15391192817443353,1.0,5.0,4.0,1.0,1.0,1.0,6.0,2.0,8.0,0,0.0,0,0.00313,-8.3,-2650.9102523155543,-8.274021000000001,0.12825994014536127,1.0,2.0,0.8821581
0022400435,1610612758,Sacramento,Kings,SAC,kings,1628989,Kevin,Huerter,K. Huerter,kevin-huerter,,,,24:13,24.216666666666665,4,7,0.571,1,4,0.25,0,0,0.0,0,1,1,3,1,0,1,2,9,1.0,0022400435,Kevin Huerter,kevin huerter,,,2024-12-28,1,0.3716448726772196,0.0,0.04129387474191329,0.12388162422573985,0.04129387474191329,6.0,7.0,7.0,5.0,2.0,3.0,2.0,6.0,1.0,0,0.0,0,0.00157,2.0,1273.0744748567793,1.99686,0.04129387474191329,3.0,7.0,0.39652377
0022400435,1610612758,Sacramento,Kings,SAC,kings,1631165,Keon,Ellis,K. Ellis,keon-ellis,,,,13:24,13.4,4,4,1.0,3,3,1.0,0,0,0.0,0,1,1,1,1,1,0,1,11,7.0,0022400435,Keon Ellis,keon ellis,,,2024-12-28,2,0.8208955223880596,0.0,0.07462686567164178,0.07462686567164178,0.14925373134328357,5.0,7.0,7.0,6.0,2.0,1.0,1.0,8.0,1.0,0,0.0,0,0.0013800000000000002,29.2,21144.09847936278,29.159703999999998,0.14925373134328357,2.0,3.0,0.80146056
0022400435,1610612758,Sacramento,Kings,SAC,kings,1626168,Trey,Lyles,T. Lyles,trey-lyles,,,,23:26,23.433333333333334,2,8,0.25,0,5,0.0,2,2,1.0,3,2,5,0,0,0,1,3,6,-4.0,0022400435,Trey Lyles,trey lyles,,,2024-12-28,0,0.25604551920341395,0.12802275960170698,0.21337126600284495,0.0,0.12802275960170698,7.0,2.0,4.0,8.0,5.0,3.0,5.0,7.0,2.0,0,0.0,0,0.00169,-13.5,-7983.441750443524,-13.477185,0.0,5.0,4.0,0.09176278
0022400435,1610612758,Sacramento,Kings,SAC,kings,203458,Alex,Len,A. Len,alex-len,,,,11:03,11.05,1,1,1.0,0,0,0.0,1,2,0.5,0,0,0,1,0,0,0,2,3,-8.0,0022400435,Alex Len,alex len,,,2024-12-28,0,0.27149321266968324,0.0,0.0,0.09049773755656108,0.0,9.0,7.0,9.0,6.0,5.0,3.0,7.0,9.0,0.0,0,0.0,0,0.00083,-21.6,-25992.779783393504,-21.582072,0.0,5.0,9.0,0.005418991
0022400435,1610612758,Sacramento,Kings,SAC,kings,1641732,Colby,Jones,C. Jones,colby-jones,,,,0:13,0.21666666666666667,0,0,0.0,0,0,0.0,0,0,0.0,0,0,0,0,0,0,0,0,0,0.0,0022400435,Colby Jones,colby jones,,,2024-12-28,0,0.0,0.0,0.0,0.0,0.0,10.0,7.0,9.0,8.0,5.0,3.0,3.0,10.0,,1,,1,0.0,0.0,0.0,0.0,0.0,5.0,9.0,0.004842663
0022400448,1610612758,Sacramento,Kings,SAC,kings,201942,DeMar,DeRozan,D. DeRozan,demar-derozan,F,,,25:30,25.5,6,13,0.462,1,2,0.5,1,1,1.0,0,4,4,2,0,0,1,4,14,-1.0,0022400448,DeMar DeRozan,demar derozan,,,2024-12-30,0,0.5490196078431373,0.0,0.1568627450980392,0.0784313725490196,0.0,3.0,7.0,7.0,4.0,7.0,2.0,7.0,5.0,1.0,0,0.0,0,0.00209,-1.8,-860.8321377331421,-1.796238,0.0,8.0,9.0,0.68994755
0022400448,1610612758,Sacramento,Kings,SAC,kings,1631099,Keegan,Murray,K. Murray,keegan-murray,F,,,36:03,36.05,2,8,0.25,0,3,0.0,0,0,0.0,0,6,6,1,2,0,1,3,4,3.0,0022400448,Keegan Murray,keegan murray,,,2024-12-30,2,0.11095700416088766,0.0,0.1664355062413315,0.027739251040221916,0.05547850208044383,7.0,7.0,4.0,5.0,1.0,2.0,5.0,1.0,3.0,0,0.0,0,0.00101,3.9,3857.566765578635,3.896061,0.05547850208044383,1.0,7.0,0.041186213
0022400448,1610612758,Sacramento,Kings,SAC,kings,1627734,Domantas,Sabonis,D. Sabonis,domantas-sabonis,C,,,33:25,33.416666666666664,8,16,0.5,0,1,0.0,1,2,0.5,7,9,16,7,1,0,2,3,17,-6.0,0022400448,Domantas Sabonis,domantas sabonis,,,2024-12-30,1,0.5087281795511223,0.2094763092269327,0.4788029925187033,0.2094763092269327,0.23940149625935164,2.0,1.0,1.0,1.0,3.0,2.0,13.0,4.0,4.0,0,0.0,0,0.0022400000000000002,-6.9,-3078.982597054886,-6.884544,0.029925187032418955,3.0,2.0,0.74409413
0022400448,1610612758,Sacramento,Kings,SAC,kings,1628370,Malik,Monk,M. Monk,malik-monk,G,,,35:37,35.61666666666667,4,14,0.286,1,6,0.167,5,6,0.833,2,5,7,6,1,0,6,4,14,7.0,0022400448,Malik Monk,malik monk,,,2024-12-30,1,0.3930744033692092,0.05615348619560131,0.1965372016846046,0.16846045858680392,0.08423022929340196,3.0,3.0,3.0,2.0,3.0,2.0,4.0,2.0,3.0,0,0.0,0,0.00261,9.0,3446.9551895825352,8.97651,0.028076743097800654,3.0,6.0,0.4302926
0022400448,1610612758,Sacramento,Kings,SAC,kings,1628368,De'Aaron,Fox,D. Fox,deaaron-fox,G,,,35:13,35.21666666666667,13,23,0.565,3,7,0.429,4,5,0.8,2,4,6,6,1,0,1,5,33,17.0,0022400448,De'Aaron Fox,de'aaron fox,,,2024-12-30,1,0.9370563180312351,0.05679129200189304,0.17037387600567913,0.17037387600567913,0.08518693800283957,1.0,3.0,4.0,2.0,3.0,2.0,2.0,3.0,3.0,0,0.0,0,0.0027400000000000002,24.8,9047.792776358992,24.732048000000002,0.02839564600094652,3.0,5.0,0.8771948
0022400448,1610612758,Sacramento,Kings,SAC,kings,1628989,Kevin,Huerter,K. Huerter,kevin-huerter,,,,19:37,19.616666666666667,1,5,0.2,1,4,0.25,0,0,0.0,0,2,2,1,0,1,0,1,3,11.0,0022400448,Kevin Huerter,kevin huerter,,,2024-12-30,1,0.15293118096856415,0.0,0.10195412064570943,0.05097706032285471,0.05097706032285471,9.0,7.0,9.0,5.0,7.0,1.0,3.0,8.0,1.0,0,0.0,0,0.001,31.9,31868.13186813187,31.8681,0.05097706032285471,3.0,8.0,0.01859975
0022400448,1610612758,Sacramento,Kings,SAC,kings,1631165,Keon,Ellis,K. Ellis,keon-ellis,,,,19:59,19.983333333333334,1,5,0.2,1,3,0.333,4,4,1.0,1,4,5,0,2,0,3,1,7,-4.0,0022400448,Keon Ellis,keon ellis,,,2024-12-30,2,0.3502919099249374,0.0500417014178482,0.25020850708924103,0.0,0.1501251042535446,6.0,5.0,6.0,9.0,1.0,2.0,12.0,7.0,3.0,0,0.0,0,0.00189,-5.2,-2749.8677948175573,-5.1901720000000005,0.1000834028356964,1.0,3.0,0.049497657
0022400448,1610612758,Sacramento,Kings,SAC,kings,1626168,Trey,Lyles,T. Lyles,trey-lyles,,,,21:47,21.783333333333335,5,9,0.556,3,6,0.5,1,1,1.0,1,3,4,1,1,0,0,1,14,31.0,0022400448,Trey Lyles,trey lyles,,,2024-12-30,1,0.6426931905126243,0.04590665646518745,0.1836266258607498,0.04590665646518745,0.0918133129303749,3.0,5.0,7.0,5.0,3.0,2.0,1.0,6.0,1.0,0,1.0,0,0.00145,64.6,44521.0199862164,64.50632999999999,0.04590665646518745,3.0,4.0,0.8060972
0022400448,1610612758,Sacramento,Kings,SAC,kings,203458,Alex,Len,A. Len,alex-len,,,,7:14,7.233333333333333,2,7,0.286,0,0,0.0,0,0,0.0,5,3,8,0,0,0,0,1,4,0.0,0022400448,Alex Len,alex len,,,2024-12-30,0,0.5529953917050692,0.6912442396313364,1.1059907834101383,0.0,0.6912442396313364,7.0,2.0,2.0,9.0,7.0,2.0,6.0,9.0,0.0,0,0.0,0,0.0030399999999999997,-4.8,-1578.4281486353173,-4.785407999999999,0.0,8.0,1.0,0.247089
0022400448,1610612758,Sacramento,Kings,SAC,kings,1629162,Jordan,McLaughlin,J. McLaughlin,jordan-mclaughlin,,,,1:24,1.4,0,0,0.0,0,0,0.0,0,0,0.0,0,0,0,1,0,0,1,0,0,-2.0,0022400448,Jordan McLaughlin,jordan mclaughlin,,,2024-12-30,0,0.0,0.0,0.0,0.7142857142857143,0.0,10.0,7.0,10.0,5.0,7.0,2.0,8.0,10.0,0.0,0,0.0,0,0.002,-50.0,-24987.50624687656,-49.9,0.0,8.0,9.0,0.0026068278
0022400448,1610612758,Sacramento,Kings,SAC,kings,1641732,Colby,Jones,C. Jones,colby-jones,,,,1:24,1.4,0,0,0.0,0,0,0.0,0,0,0.0,0,0,0,0,0,0,0,0,0,-2.0,0022400448,Colby Jones,colby jones,,,2024-12-30,0,0.0,0.0,0.0,0.0,0.0,10.0,7.0,10.0,9.0,7.0,2.0,8.0,10.0,,1,,1,0.0,-50.0,-50000000.0,-50.0,0.0,8.0,9.0,0.0029037446
0022400448,1610612758,Sacramento,Kings,SAC,kings,1642384,Isaiah,Crawford,I. Crawford,isaiah-crawford,,,,1:24,1.4,0,0,0.0,0,0,0.0,0,0,0.0,0,0,0,0,0,0,0,0,0,-2.0,0022400448,Isaiah Crawford,isaiah crawford,,,2024-12-30,0,0.0,0.0,0.0,0.0,0.0,10.0,7.0,10.0,9.0,7.0,2.0,8.0,10.0,0.0,0,0.0,0,0.0,-50.0,-50000000.0,-50.0,0.0,8.0,9.0,0.0029854393
0022400448,1610612758,Sacramento,Kings,SAC,kings,1642403,Isaac,Jones,I. Jones,isaac-jones,,,,1:24,1.4,0,0,0.0,0,0,0.0,0,0,0.0,0,0,0,0,0,0,0,0,0,-2.0,0022400448,Isaac Jones,isaac jones,,,2024-12-30,0,0.0,0.0,0.0,0.0,0.0,10.0,7.0,10.0,9.0,7.0,2.0,8.0,10.0,0.0,0,0.0,0,0.0,-50.0,-50000000.0,-50.0,0.0,8.0,9.0,0.0029854393
0022400462,1610612758,Sacramento,Kings,SAC,kings,1631165,Keon,Ellis,K. Ellis,keon-ellis,F,,,37:46,37.766666666666666,3,8,0.375,3,8,0.375,0,0,0.0,1,0,1,2,4,2,0,1,9,17.0,0022400462,Keon Ellis,keon ellis,,,2025-01-01,6,0.2383053839364519,0.0264783759929391,0.0264783759929391,0.0529567519858782,0.1853486319505737,6.0,3.0,7.0,4.0,1.0,1.0,1.0,1.0,9.0,0,0.0,0,0.00091,23.4,25686.059275521402,23.378706,0.1588702559576346,1.0,3.0,0.4130633
0022400462,1610612758,Sacramento,Kings,SAC,kings,201942,DeMar,DeRozan,D. DeRozan,demar-derozan,F,,,31:35,31.583333333333332,7,14,0.5,0,1,0.0,4,4,1.0,1,4,5,1,2,0,1,0,18,-5.0,0022400462,DeMar DeRozan,demar derozan,,,2025-01-01,2,0.5699208443271768,0.0316622691292876,0.158311345646438,0.0316622691292876,0.0949868073878628,3.0,3.0,3.0,7.0,2.0,4.0,7.0,5.0,2.0,0,0.0,0,0.0022400000000000002,-2.8,-1249.4422132976347,-2.7937279999999998,0.0633245382585752,2.0,6.0,0.70309615
0022400462,1610612758,Sacramento,Kings,SAC,kings,1627734,Domantas,Sabonis,D. Sabonis,domantas-sabonis,C,,,36:42,36.7,8,14,0.571,0,0,0.0,1,2,0.5,9,12,21,7,0,0,7,3,17,13.0,0022400462,Domantas Sabonis,domantas sabonis,,,2025-01-01,0,0.4632152588555858,0.24523160762942778,0.5722070844686648,0.19073569482288827,0.24523160762942778,4.0,1.0,1.0,1.0,7.0,4.0,3.0,3.0,0.0,0,0.0,0,0.0025,15.9,6357.457017193123,15.86025,0.0,9.0,2.0,0.7004815
0022400462,1610612758,Sacramento,Kings,SAC,kings,1628370,Malik,Monk,M. Monk,malik-monk,G,,,32:13,32.21666666666667,5,12,0.417,0,5,0.0,10,10,1.0,0,2,2,6,1,0,2,3,20,15.0,0022400462,Malik Monk,malik monk,,,2025-01-01,1,0.6207966890843248,0.0,0.062079668908432487,0.18623900672529745,0.031039834454216243,2.0,6.0,6.0,2.0,4.0,4.0,2.0,4.0,2.0,0,0.0,0,0.0025700000000000002,24.6,9568.26137689615,24.536778,0.031039834454216243,4.0,8.0,0.8027662
0022400462,1610612758,Sacramento,Kings,SAC,kings,1628368,De'Aaron,Fox,D. Fox,deaaron-fox,G,,,37:31,37.516666666666666,13,16,0.813,2,4,0.5,7,8,0.875,0,3,3,4,0,1,3,3,35,12.0,0022400462,De'Aaron Fox,de'aaron fox,,,2025-01-01,1,0.9329187027987561,0.0,0.07996446023989338,0.10661928031985785,0.02665482007996446,1.0,6.0,5.0,3.0,7.0,2.0,4.0,2.0,3.0,0,0.0,0,0.00261,16.4,6281.118345461508,16.357196,0.02665482007996446,4.0,9.0,0.86292094
0022400462,1610612758,Sacramento,Kings,SAC,kings,1628989,Kevin,Huerter,K. Huerter,kevin-huerter,,,,18:20,18.333333333333332,1,8,0.125,0,3,0.0,0,0,0.0,2,3,5,0,0,1,1,3,2,-11.0,0022400462,Kevin Huerter,kevin huerter,,,2025-01-01,1,0.1090909090909091,0.1090909090909091,0.27272727272727276,0.0,0.16363636363636364,7.0,2.0,3.0,8.0,7.0,2.0,8.0,7.0,2.0,0,0.0,0,0.00191,-27.3,-14285.714285714286,-27.247857000000003,0.05454545454545455,4.0,4.0,0.016745128
0022400462,1610612758,Sacramento,Kings,SAC,kings,1626168,Trey,Lyles,T. Lyles,trey-lyles,,,,31:05,31.083333333333332,4,9,0.444,4,8,0.5,0,0,0.0,0,7,7,2,2,0,2,0,12,2.0,0022400462,Trey Lyles,trey lyles,,,2025-01-01,2,0.386058981233244,0.0,0.225201072386059,0.064343163538874,0.064343163538874,5.0,6.0,2.0,4.0,2.0,4.0,5.0,6.0,3.0,0,0.0,0,0.0014099999999999998,3.2,2267.8951098511698,3.195488,0.064343163538874,2.0,7.0,0.6134882
0022400462,1610612758,Sacramento,Kings,SAC,kings,203458,Alex,Len,A. Len,alex-len,,,,5:37,5.616666666666667,0,1,0.0,0,0,0.0,0,0,0.0,1,0,1,2,1,0,0,1,0,-12.0,0022400462,Alex Len,alex len,,,2025-01-01,1,0.0,0.17804154302670622,0.17804154302670622,0.35608308605341243,0.35608308605341243,8.0,3.0,7.0,4.0,4.0,4.0,9.0,9.0,1.0,0,0.0,0,0.00067,-85.7,-127719.8211624441,-85.642581,0.17804154302670622,4.0,1.0,0.007725695
0022400462,1610612758,Sacramento,Kings,SAC,kings,203926,Doug,McDermott,D. McDermott,doug-mcdermott,,,,9:12,9.2,0,2,0.0,0,2,0.0,0,0,0.0,0,0,0,0,1,0,1,0,0,-1.0,0022400462,Doug McDermott,doug mcdermott,,,2025-01-01,1,0.0,0.0,0.0,0.0,0.10869565217391305,8.0,6.0,9.0,8.0,4.0,4.0,6.0,8.0,1.0,0,0.0,0,0.00136,1.1,808.2292432035268,1.0985040000000001,0.10869565217391305,4.0,5.0,0.0058863484
0022400476,1610612758,Sacramento,Kings,SAC,kings,1628370,Malik,Monk,M. Monk,malik-monk,F,,,33:21,33.35,11,20,0.55,6,12,0.5,3,3,1.0,0,2,2,6,1,0,2,2,31,4.0,0022400476,Malik Monk,malik monk,,,2025-01-03,1,0.9295352323838081,0.0,0.05997001499250375,0.17991004497751123,0.029985007496251874,1.0,7.0,8.0,1.0,3.0,7.0,5.0,5.0,2.0,0,0.0,0,0.0027700000000000003,7.1,2562.2518946228793,7.0803329999999995,0.029985007496251874,7.0,8.0,0.89205635
0022400476,1610612758,Sacramento,Kings,SAC,kings,201942,DeMar,DeRozan,D. DeRozan,demar-derozan,F,,,37:48,37.8,10,18,0.556,4,7,0.571,5,7,0.714,1,2,3,5,0,1,1,4,29,10.0,0022400476,DeMar DeRozan,demar derozan,,,2025-01-03,1,0.7671957671957672,0.026455026455026457,0.07936507936507937,0.1322751322751323,0.052910052910052914,2.0,4.0,5.0,3.0,7.0,3.0,1.0,3.0,0.0,0,0.0,0,0.00234,13.2,5638.615976078598,13.169111999999998,0.026455026455026457,7.0,7.0,0.90386
0022400476,1610612758,Sacramento,Kings,SAC,kings,1627734,Domantas,Sabonis,D. Sabonis,domantas-sabonis,C,,,38:06,38.1,6,11,0.545,3,6,0.5,2,2,1.0,3,7,10,6,0,2,1,5,17,6.0,0022400476,Domantas Sabonis,domantas sabonis,,,2025-01-03,2,0.44619422572178474,0.07874015748031496,0.26246719160104987,0.15748031496062992,0.13123359580052493,4.0,1.0,1.0,1.0,7.0,1.0,3.0,2.0,2.0,0,0.0,0,0.0013800000000000002,8.7,6299.7827661115125,8.687993999999998,0.05249343832020997,4.0,5.0,0.73246676
0022400476,1610612758,Sacramento,Kings,SAC,kings,1631165,Keon,Ellis,K. Ellis,keon-ellis,G,,,33:53,33.88333333333333,5,11,0.455,2,5,0.4,1,2,0.5,2,2,4,3,3,1,2,4,13,9.0,0022400476,Keon Ellis,keon ellis,,,2025-01-03,4,0.38366945400885394,0.05902606984751599,0.11805213969503198,0.08853910477127398,0.17707820954254797,6.0,2.0,4.0,6.0,1.0,3.0,2.0,4.0,3.0,0,0.0,0,0.0017100000000000001,17.5,10227.936879018118,17.470075,0.11805213969503198,1.0,4.0,0.8169056
0022400476,1610612758,Sacramento,Kings,SAC,kings,1628368,De'Aaron,Fox,D. Fox,deaaron-fox,G,,,39:49,39.81666666666667,7,23,0.304,1,8,0.125,8,9,0.889,0,3,3,5,3,0,1,4,23,2.0,0022400476,De'Aaron Fox,de'aaron fox,,,2025-01-03,3,0.5776475512766848,0.0,0.07534533277521975,0.12557555462536626,0.07534533277521975,3.0,7.0,5.0,3.0,1.0,7.0,6.0,1.0,2.0,0,0.0,0,0.0027,7.5,2776.7493520918174,7.47975,0.07534533277521975,2.0,6.0,0.45620087
0022400476,1610612758,Sacramento,Kings,SAC,kings,1628989,Kevin,Huerter,K. Huerter,kevin-huerter,,,,14:17,14.283333333333333,2,5,0.4,1,3,0.333,0,0,0.0,2,1,3,4,1,1,1,0,5,-3.0,0022400476,Kevin Huerter,kevin huerter,,,2025-01-03,2,0.3500583430571762,0.14002333722287047,0.21003500583430573,0.28004667444574094,0.28004667444574094,7.0,2.0,5.0,5.0,3.0,3.0,8.0,7.0,1.0,0,0.0,0,0.0017100000000000001,-9.7,-5669.199298655756,-9.683413,0.14002333722287047,4.0,2.0,0.055529777
0022400476,1610612758,Sacramento,Kings,SAC,kings,1626168,Trey,Lyles,T. Lyles,trey-lyles,,,,22:03,22.05,6,6,1.0,4,4,1.0,0,0,0.0,1,5,6,1,1,2,1,1,16,6.0,0022400476,Trey Lyles,trey lyles,,,2025-01-03,3,0.7256235827664399,0.045351473922902494,0.27210884353741494,0.045351473922902494,0.18140589569160998,5.0,4.0,2.0,8.0,3.0,1.0,3.0,6.0,0.0,0,0.0,0,0.0013,16.8,12913.143735588012,16.77816,0.13605442176870747,2.0,3.0,0.83539665
0022400476,1610612758,Sacramento,Kings,SAC,kings,1642269,Devin,Carter,D. Carter,devin-carter,,,,10:49,10.816666666666666,0,3,0.0,0,2,0.0,0,0,0.0,0,5,5,2,0,0,0,2,0,-8.0,0022400476,Devin Carter,devin carter,,,2025-01-03,0,0.0,0.0,0.4622496147919877,0.18489984591679506,0.0,9.0,7.0,3.0,7.0,7.0,7.0,9.0,8.0,1.0,0,0.0,0,0.00111,-19.6,-17641.764176417644,-19.578244,0.0,9.0,9.0,0.005786893
0022400476,1610612758,Sacramento,Kings,SAC,kings,203458,Alex,Len,A. Len,alex-len,,,,9:54,9.9,2,2,1.0,0,0,0.0,0,0,0.0,1,0,1,0,1,1,0,1,4,-1.0,0022400476,Alex Len,alex len,,,2025-01-03,2,0.40404040404040403,0.10101010101010101,0.10101010101010101,0.0,0.30303030303030304,8.0,4.0,9.0,9.0,3.0,3.0,7.0,9.0,1.0,0,0.0,0,0.0008,3.3,4119.850187265917,3.29736,0.20202020202020202,4.0,1.0,0.040400833
0022400492,1610612758,Sacramento,Kings,SAC,kings,1631099,Keegan,Murray,K. Murray,keegan-murray,F,,,26:16,26.266666666666666,4,11,0.364,3,8,0.375,0,0,0.0,2,2,4,2,1,1,0,3,11,10.0,0022400492,Keegan Murray,keegan murray,,,2025-01-05,2,0.4187817258883249,0.07614213197969544,0.15228426395939088,0.07614213197969544,0.15228426395939088,6.0,2.0,4.0,3.0,5.0,1.0,6.0,4.0,1.0,0,0.0,0,0.0017699999999999999,14.5,8187.46470920384,14.474335,0.07614213197969544,2.0,5.0,0.62249136
0022400492,1610612758,Sacramento,Kings,SAC,kings,201942,DeMar,DeRozan,D. DeRozan,demar-derozan,F,,,31:23,31.383333333333333,5,14,0.357,0,4,0.0,2,2,1.0,0,0,0,1,1,0,3,2,12,17.0,0022400492,DeMar DeRozan,demar derozan,,,2025-01-05,1,0.38236856080722254,0.0,0.0,0.03186404673393521,0.03186404673393521,5.0,7.0,11.0,7.0,5.0,4.0,5.0,1.0,1.0,0,0.0,0,0.00228,23.1,10127.137220517317,23.047332000000004,0.03186404673393521,6.0,11.0,0.28432053
0022400492,1610612758,Sacramento,Kings,SAC,kings,1627734,Domantas,Sabonis,D. Sabonis,domantas-sabonis,C,,,29:51,29.85,10,13,0.769,1,2,0.5,1,2,0.5,3,10,13,7,0,0,0,3,22,36.0,0022400492,Domantas Sabonis,domantas sabonis,,,2025-01-05,0,0.7370184254606365,0.10050251256281406,0.43551088777219427,0.23450586264656614,0.10050251256281406,2.0,1.0,1.0,2.0,10.0,4.0,2.0,2.0,1.0,0,0.0,0,0.0017299999999999998,52.7,30444.82957827846,52.608829,0.0,11.0,8.0,0.89480966
0022400492,1610612758,Sacramento,Kings,SAC,kings,1628370,Malik,Monk,M. Monk,malik-monk,G,,,29:12,29.2,9,14,0.643,5,8,0.625,3,3,1.0,0,3,3,12,4,1,4,3,26,41.0,0022400492,Malik Monk,malik monk,,,2025-01-05,5,0.8904109589041096,0.0,0.10273972602739727,0.4109589041095891,0.17123287671232876,1.0,7.0,5.0,1.0,1.0,1.0,1.0,3.0,4.0,0,0.0,0,0.00253,62.3,24614.776768075855,62.14238099999999,0.17123287671232876,1.0,3.0,0.78592545
0022400492,1610612758,Sacramento,Kings,SAC,kings,1631165,Keon,Ellis,K. Ellis,keon-ellis,G,,,24:29,24.483333333333334,3,7,0.429,1,3,0.333,4,4,1.0,0,1,1,2,2,0,0,1,11,19.0,0022400492,Keon Ellis,keon ellis,,,2025-01-05,2,0.44928522804628995,0.0,0.04084411164057181,0.08168822328114363,0.08168822328114363,6.0,7.0,8.0,3.0,2.0,4.0,4.0,5.0,6.0,0,0.0,0,0.00153,37.8,24689.745264532987,37.742166,0.08168822328114363,2.0,10.0,0.15567894
0022400492,1610612758,Sacramento,Kings,SAC,kings,1628989,Kevin,Huerter,K. Huerter,kevin-huerter,,,,19:54,19.9,5,7,0.714,4,6,0.667,2,2,1.0,0,1,1,0,2,0,1,0,16,3.0,0022400492,Kevin Huerter,kevin huerter,,,2025-01-05,2,0.8040201005025126,0.0,0.05025125628140704,0.0,0.10050251256281408,3.0,7.0,8.0,11.0,2.0,4.0,8.0,8.0,0.0,0,0.0,0,0.00188,4.1,2179.691653375864,4.092292,0.10050251256281408,2.0,7.0,0.87051606
0022400492,1610612758,Sacramento,Kings,SAC,kings,1626168,Trey,Lyles,T. Lyles,trey-lyles,,,,24:13,24.216666666666665,1,3,0.333,1,2,0.5,4,4,1.0,2,7,9,1,2,0,2,3,7,33.0,0022400492,Trey Lyles,trey lyles,,,2025-01-05,2,0.289057123193393,0.08258774948382658,0.3716448726772196,0.04129387474191329,0.16517549896765316,8.0,2.0,2.0,7.0,2.0,4.0,3.0,6.0,1.0,0,0.0,0,0.00113,59.2,52343.05923961097,59.133104,0.08258774948382658,2.0,4.0,0.23885112
0022400492,1610612758,Sacramento,Kings,SAC,kings,1642269,Devin,Carter,D. Carter,devin-carter,,,,23:27,23.45,4,11,0.364,2,7,0.286,3,4,0.75,1,6,7,2,1,0,2,1,13,9.0,0022400492,Devin Carter,devin carter,,,2025-01-05,1,0.5543710021321961,0.042643923240938165,0.2985074626865672,0.08528784648187633,0.08528784648187633,4.0,4.0,3.0,3.0,5.0,4.0,7.0,7.0,2.0,0,0.0,0,0.00263,12.4,4713.036868110984,12.367388,0.042643923240938165,6.0,9.0,0.49216437
0022400492,1610612758,Sacramento,Kings,SAC,kings,203458,Alex,Len,A. Len,alex-len,,,,9:37,9.616666666666667,1,1,1.0,0,0,0.0,0,0,0.0,1,1,2,1,0,1,0,0,2,-11.0,0022400492,Alex Len,alex len,,,2025-01-05,1,0.20797227036395147,0.10398613518197573,0.20797227036395147,0.10398613518197573,0.20797227036395147,11.0,4.0,6.0,7.0,10.0,1.0,12.0,9.0,0.0,0,0.0,0,0.00043,-66.9,-155220.4176334107,-66.871233,0.10398613518197573,6.0,2.0,0.022071619
0022400492,1610612758,Sacramento,Kings,SAC,kings,1629162,Jordan,McLaughlin,J. McLaughlin,jordan-mclaughlin,,,,8:23,8.383333333333333,0,2,0.0,0,1,0.0,0,0,0.0,1,0,1,2,1,0,1,1,0,-3.0,0022400492,Jordan McLaughlin,jordan mclaughlin,,,2025-01-05,1,0.0,0.11928429423459246,0.11928429423459246,0.2385685884691849,0.2385685884691849,12.0,4.0,8.0,3.0,5.0,4.0,11.0,10.0,1.0,0,0.0,0,0.00158,-18.8,-11891.208096141683,-18.770296000000002,0.11928429423459246,6.0,1.0,0.005826386
0022400492,1610612758,Sacramento,Kings,SAC,kings,203926,Doug,McDermott,D. McDermott,doug-mcdermott,,,,6:39,6.65,2,2,1.0,2,2,1.0,0,0,0.0,0,0,0,1,0,0,1,2,6,-2.0,0022400492,Doug McDermott,doug mcdermott,,,2025-01-05,0,0.9022556390977443,0.0,0.0,0.15037593984962405,0.0,9.0,7.0,11.0,7.0,10.0,4.0,9.0,11.0,0.0,0,0.0,0,0.002,-25.6,-12793.603198400799,-25.5488,0.0,11.0,12.0,0.04484391
0022400492,1610612758,Sacramento,Kings,SAC,kings,1631115,Orlando,Robinson,O. Robinson,orlando-robinson,,,,6:39,6.65,1,2,0.5,0,0,0.0,1,1,1.0,0,2,2,0,1,0,1,0,3,-2.0,0022400492,Orlando Robinson,orlando robinson,,,2025-01-05,1,0.45112781954887216,0.0,0.3007518796992481,0.0,0.15037593984962405,10.0,7.0,6.0,11.0,5.0,4.0,9.0,11.0,1.0,0,0.0,0,0.002,-25.6,-12793.603198400799,-25.5488,0.15037593984962405,6.0,6.0,0.013703243
0022400501,1610612758,Sacramento,Kings,SAC,kings,201942,DeMar,DeRozan,D. DeRozan,demar-derozan,F,,,46:54,46.9,12,26,0.462,1,4,0.25,5,5,1.0,0,3,3,4,0,1,3,3,30,24.0,0022400501,DeMar DeRozan,demar derozan,,,2025-01-06,1,0.6396588486140725,0.0,0.06396588486140725,0.08528784648187633,0.021321961620469083,1.0,8.0,7.0,3.0,5.0,3.0,1.0,4.0,3.0,0,0.0,0,0.0027700000000000003,25.8,9310.71815229159,25.728534,0.021321961620469083,5.0,9.0,0.645973
0022400501,1610612758,Sacramento,Kings,SAC,kings,1631099,Keegan,Murray,K. Murray,keegan-murray,F,,,43:28,43.46666666666667,5,10,0.5,4,6,0.667,0,0,0.0,5,7,12,1,0,1,0,2,14,16.0,0022400501,Keegan Murray,keegan murray,,,2025-01-06,1,0.3220858895705521,0.11503067484662576,0.2760736196319018,0.023006134969325152,0.1380368098159509,5.0,1.0,2.0,6.0,5.0,3.0,2.0,5.0,0.0,0,0.0,0,0.00095,14.8,15562.565720294428,14.78594,0.023006134969325152,5.0,4.0,0.8247084
0022400501,1610612758,Sacramento,Kings,SAC,kings,1627734,Domantas,Sabonis,D. Sabonis,domantas-sabonis,C,,,50:29,50.483333333333334,7,16,0.438,2,2,1.0,5,7,0.714,5,13,18,11,1,3,6,5,21,11.0,0022400501,Domantas Sabonis,domantas sabonis,,,2025-01-06,4,0.4159788709144932,0.09904258831297458,0.35655331792670847,0.21789369428854408,0.17827665896335423,3.0,1.0,1.0,1.0,3.0,1.0,3.0,1.0,8.0,0,0.0,0,0.00214,10.9,5091.0789350770665,10.876674,0.07923407065037966,1.0,3.0,0.8740618
0022400501,1610612758,Sacramento,Kings,SAC,kings,1628370,Malik,Monk,M. Monk,malik-monk,G,,,48:31,48.516666666666666,8,25,0.32,1,9,0.111,6,7,0.857,2,3,5,6,2,0,1,3,23,7.0,0022400501,Malik Monk,malik monk,,,2025-01-06,2,0.4740638955685332,0.041222947440742015,0.10305736860185503,0.12366884232222604,0.08244589488148403,2.0,3.0,5.0,2.0,2.0,6.0,4.0,2.0,0.0,0,0.0,0,0.00255,7.3,2861.6228929831436,7.281384999999999,0.041222947440742015,3.0,7.0,0.45768228
0022400501,1610612758,Sacramento,Kings,SAC,kings,1631165,Keon,Ellis,K. Ellis,keon-ellis,G,,,48:31,48.516666666666666,6,11,0.545,3,7,0.429,2,3,0.667,1,7,8,3,3,1,2,4,17,7.0,0022400501,Keon Ellis,keon ellis,,,2025-01-06,4,0.3503950532463071,0.020611473720371008,0.16489178976296806,0.06183442116111302,0.10305736860185503,4.0,6.0,3.0,4.0,1.0,3.0,4.0,2.0,15.0,0,0.0,0,0.00127,7.3,5743.509047993705,7.290729,0.08244589488148403,1.0,5.0,0.655791
0022400501,1610612758,Sacramento,Kings,SAC,kings,1628989,Kevin,Huerter,K. Huerter,kevin-huerter,,,,15:09,15.15,3,8,0.375,1,4,0.25,0,0,0.0,0,2,2,1,1,0,1,1,7,-14.0,0022400501,Kevin Huerter,kevin huerter,,,2025-01-06,1,0.46204620462046203,0.0,0.132013201320132,0.066006600660066,0.066006600660066,6.0,8.0,8.0,6.0,3.0,6.0,9.0,7.0,0.0,0,0.0,0,0.00231,-49.2,-21289.485071397663,-49.086348,0.066006600660066,5.0,8.0,0.06454054
0022400501,1610612758,Sacramento,Kings,SAC,kings,1626168,Trey,Lyles,T. Lyles,trey-lyles,,,,23:26,23.433333333333334,2,8,0.25,1,5,0.2,1,2,0.5,2,4,6,1,0,0,1,0,6,-20.0,0022400501,Trey Lyles,trey lyles,,,2025-01-06,0,0.25604551920341395,0.08534850640113797,0.25604551920341395,0.04267425320056899,0.08534850640113797,7.0,3.0,4.0,6.0,5.0,6.0,10.0,6.0,0.0,0,0.0,0,0.00172,-37.5,-21789.65717606043,-37.4355,0.0,8.0,6.0,0.029844398
0022400501,1610612758,Sacramento,Kings,SAC,kings,1642269,Devin,Carter,D. Carter,devin-carter,,,,9:29,9.483333333333333,2,4,0.5,0,1,0.0,1,2,0.5,2,2,4,3,0,2,0,1,5,-2.0,0022400501,Devin Carter,devin carter,,,2025-01-06,2,0.5272407732864676,0.210896309314587,0.421792618629174,0.31634446397188054,0.421792618629174,8.0,3.0,6.0,4.0,5.0,2.0,7.0,8.0,0.0,0,0.0,0,0.00185,-10.0,-5402.485143165856,-9.9815,0.210896309314587,3.0,1.0,0.06533091
0022400501,1610612758,Sacramento,Kings,SAC,kings,203458,Alex,Len,A. Len,alex-len,,,,2:25,2.4166666666666665,0,0,0.0,0,0,0.0,0,0,0.0,1,1,2,0,0,0,1,1,0,2.0,0022400501,Alex Len,alex len,,,2025-01-06,0,0.0,0.4137931034482759,0.8275862068965518,0.0,0.4137931034482759,9.0,6.0,8.0,9.0,5.0,6.0,6.0,9.0,0.0,0,0.0,0,0.00125,46.7,37330.13589128698,46.641625000000005,0.0,8.0,2.0,0.01382429
0022400501,1610612758,Sacramento,Kings,SAC,kings,203926,Doug,McDermott,D. McDermott,doug-mcdermott,,,,1:38,1.6333333333333333,0,0,0.0,0,0,0.0,0,0,0.0,0,0,0,0,0,0,0,0,0,-6.0,0022400501,Doug McDermott,doug mcdermott,,,2025-01-06,0,0.0,0.0,0.0,0.0,0.0,9.0,8.0,10.0,9.0,5.0,6.0,8.0,10.0,,1,,1,0.0,-133.3,-133300000.00000001,-133.3,0.0,8.0,10.0,0.00275882
0022400528,1610612758,Sacramento,Kings,SAC,kings,201942,DeMar,DeRozan,D. DeRozan,demar-derozan,F,,,40:11,40.18333333333333,9,26,0.346,2,5,0.4,4,5,0.8,0,4,4,9,1,1,0,2,24,15.0,0022400528,DeMar DeRozan,demar derozan,,,2025-01-10,2,0.5972625466611365,0.0,0.09954375777685609,0.2239734549979262,0.049771878888428045,1.0,6.0,3.0,1.0,4.0,2.0,3.0,1.0,1.0,0,0.0,0,0.0028599999999999997,19.3,6745.8930443900745,19.244802,0.049771878888428045,4.0,7.0,0.6568605
0022400528,1610612758,Sacramento,Kings,SAC,kings,1631099,Keegan,Murray,K. Murray,keegan-murray,F,,,37:08,37.13333333333333,7,12,0.583,5,8,0.625,0,0,0.0,1,2,3,0,2,3,0,3,19,14.0,0022400528,Keegan Murray,keegan murray,,,2025-01-10,5,0.5116696588868941,0.026929982046678635,0.0807899461400359,0.0,0.1615798922800718,4.0,3.0,5.0,7.0,3.0,1.0,4.0,3.0,2.0,0,0.0,0,0.00135,19.3,14285.714285714286,19.273945,0.13464991023339318,1.0,4.0,0.86621904
0022400528,1610612758,Sacramento,Kings,SAC,kings,1627734,Domantas,Sabonis,D. Sabonis,domantas-sabonis,C,,,38:55,38.916666666666664,10,15,0.667,3,4,0.75,0,0,0.0,8,20,28,3,0,1,4,3,23,16.0,0022400528,Domantas Sabonis,domantas sabonis,,,2025-01-10,1,0.5910064239828694,0.2055674518201285,0.7194860813704497,0.07708779443254818,0.23126338329764456,2.0,1.0,1.0,3.0,7.0,2.0,2.0,2.0,1.0,0,0.0,0,0.0019,16.1,8469.226722777486,16.06941,0.025695931477516063,7.0,2.0,0.9078194
0022400528,1610612758,Sacramento,Kings,SAC,kings,1631165,Keon,Ellis,K. Ellis,keon-ellis,G,,,22:55,22.916666666666668,2,6,0.333,1,5,0.2,1,1,1.0,1,2,3,2,3,1,1,1,6,4.0,0022400528,Keon Ellis,keon ellis,,,2025-01-10,4,0.2618181818181818,0.04363636363636363,0.1309090909090909,0.08727272727272727,0.21818181818181817,7.0,3.0,5.0,5.0,1.0,2.0,7.0,6.0,4.0,0,0.0,0,0.00113,1.9,1679.9292661361628,1.897853,0.17454545454545453,2.0,3.0,0.09435117
0022400528,1610612758,Sacramento,Kings,SAC,kings,1628370,Malik,Monk,M. Monk,malik-monk,G,,,36:38,36.63333333333333,9,24,0.375,3,11,0.273,1,1,1.0,1,2,3,8,1,1,1,4,22,18.0,0022400528,Malik Monk,malik monk,,,2025-01-10,2,0.6005459508644222,0.0272975432211101,0.0818926296633303,0.2183803457688808,0.0818926296633303,3.0,3.0,5.0,2.0,4.0,2.0,1.0,4.0,1.0,0,0.0,0,0.00266,19.6,7365.65201052236,19.547864,0.0545950864422202,4.0,6.0,0.64066476
0022400528,1610612758,Sacramento,Kings,SAC,kings,1628989,Kevin,Huerter,K. Huerter,kevin-huerter,,,,18:48,18.8,1,6,0.167,0,5,0.0,0,0,0.0,0,0,0,0,3,0,1,0,2,1.0,0022400528,Kevin Huerter,kevin huerter,,,2025-01-10,3,0.10638297872340426,0.0,0.0,0.0,0.15957446808510636,8.0,6.0,8.0,7.0,1.0,7.0,8.0,7.0,4.0,0,0.0,0,0.0014299999999999998,2.4,1677.148846960168,2.396568,0.15957446808510636,3.0,5.0,0.012365928
0022400528,1610612758,Sacramento,Kings,SAC,kings,1626168,Trey,Lyles,T. Lyles,trey-lyles,,,,27:59,27.983333333333334,2,5,0.4,1,4,0.25,2,2,1.0,5,6,11,3,1,1,1,2,7,11.0,0022400528,Trey Lyles,trey lyles,,,2025-01-10,2,0.25014889815366287,0.1786777843954735,0.3930911256700417,0.10720667063728409,0.25014889815366287,6.0,2.0,2.0,3.0,4.0,2.0,5.0,5.0,0.0,0,0.0,0,0.00099,20.3,20484.359233097883,20.279903,0.0714711137581894,4.0,1.0,0.5974636
0022400528,1610612758,Sacramento,Kings,SAC,kings,1642269,Devin,Carter,D. Carter,devin-carter,,,,17:26,17.433333333333334,4,8,0.5,3,5,0.6,0,0,0.0,0,4,4,1,0,0,1,3,11,6.0,0022400528,Devin Carter,devin carter,,,2025-01-10,0,0.6309751434034416,0.0,0.2294455066921606,0.05736137667304015,0.0,5.0,6.0,3.0,6.0,7.0,7.0,6.0,8.0,0.0,0,0.0,0,0.00214,17.1,7986.921999065858,17.063406,0.0,8.0,8.0,0.6143385
0022400541,1610612758,Sacramento,Kings,SAC,kings,201942,DeMar,DeRozan,D. DeRozan,demar-derozan,F,,,37:01,37.016666666666666,9,20,0.45,1,3,0.333,2,2,1.0,0,0,0,3,0,0,1,2,21,6.0,0022400541,DeMar DeRozan,demar derozan,,,2025-01-12,0,0.5673120216118865,0.0,0.0,0.08104457451598379,0.0,3.0,7.0,9.0,4.0,4.0,4.0,4.0,3.0,0.0,0,0.0,0,0.00247,8.9,3601.780655605018,8.878017,0.0,6.0,9.0,0.4844727
0022400541,1610612758,Sacramento,Kings,SAC,kings,1631099,Keegan,Murray,K. Murray,keegan-murray,F,,,36:08,36.13333333333333,5,12,0.417,3,8,0.375,1,2,0.5,0,5,5,2,1,1,1,0,14,1.0,0022400541,Keegan Murray,keegan murray,,,2025-01-12,2,0.3874538745387454,0.0,0.13837638376383765,0.055350553505535055,0.055350553505535055,5.0,7.0,5.0,6.0,2.0,1.0,5.0,4.0,1.0,0,0.0,0,0.00156,5.5,3523.3824471492635,5.49142,0.055350553505535055,1.0,7.0,0.5955015
0022400541,1610612758,Sacramento,Kings,SAC,kings,1627734,Domantas,Sabonis,D. Sabonis,domantas-sabonis,C,,,37:46,37.766666666666666,8,10,0.8,1,2,0.5,5,6,0.833,3,12,15,8,0,0,2,2,22,-2.0,0022400541,Domantas Sabonis,domantas sabonis,,,2025-01-12,0,0.5825242718446602,0.0794351279788173,0.3971756398940865,0.2118270079435128,0.0794351279788173,2.0,2.0,1.0,2.0,4.0,4.0,7.0,1.0,3.0,0,0.0,0,0.00172,-2.5,-1452.643811737362,-2.4957,0.0,6.0,6.0,0.8448126
0022400541,1610612758,Sacramento,Kings,SAC,kings,1628370,Malik,Monk,M. Monk,malik-monk,G,,,37:07,37.11666666666667,7,17,0.412,1,7,0.143,3,3,1.0,1,7,8,9,2,0,2,2,18,-4.0,0022400541,Malik Monk,malik monk,,,2025-01-12,2,0.4849573417153121,0.02694207453973956,0.21553659631791647,0.24247867085765604,0.08082622361921868,4.0,3.0,3.0,1.0,1.0,4.0,9.0,2.0,2.0,0,0.0,0,0.00233,-5.1,-2187.9021879021875,-5.088117,0.05388414907947912,1.0,5.0,0.57792276
0022400541,1610612758,Sacramento,Kings,SAC,kings,1628368,De'Aaron,Fox,D. Fox,deaaron-fox,G,,,32:50,32.833333333333336,9,16,0.563,4,8,0.5,4,5,0.8,4,5,9,3,0,1,2,2,26,8.0,0022400541,De'Aaron Fox,de'aaron fox,,,2025-01-12,1,0.7918781725888324,0.12182741116751268,0.27411167512690354,0.09137055837563451,0.15228426395939085,1.0,1.0,2.0,4.0,4.0,1.0,3.0,5.0,1.0,0,0.0,0,0.00244,11.0,4506.349856616141,10.97316,0.03045685279187817,3.0,1.0,0.90320885
0022400541,1610612758,Sacramento,Kings,SAC,kings,1631165,Keon,Ellis,K. Ellis,keon-ellis,,,,19:39,19.65,3,5,0.6,2,4,0.5,0,0,0.0,0,2,2,0,1,0,0,2,8,-3.0,0022400541,Keon Ellis,keon ellis,,,2025-01-12,1,0.40712468193384227,0.0,0.10178117048346057,0.0,0.050890585241730284,6.0,7.0,8.0,9.0,2.0,4.0,8.0,6.0,3.0,0,0.0,0,0.00114,-10.4,-9114.8115687993,-10.388144,0.050890585241730284,3.0,8.0,0.09778712
0022400541,1610612758,Sacramento,Kings,SAC,kings,1628989,Kevin,Huerter,K. Huerter,kevin-huerter,,,,10:27,10.45,3,4,0.75,1,1,1.0,0,0,0.0,1,2,3,4,0,0,0,1,7,1.0,0022400541,Kevin Huerter,kevin huerter,,,2025-01-12,0,0.6698564593301436,0.09569377990430622,0.28708133971291866,0.3827751196172249,0.09569377990430622,7.0,3.0,6.0,3.0,4.0,4.0,5.0,9.0,0.0,0,0.0,0,0.00167,10.4,6223.818073010174,10.382632000000001,0.0,6.0,3.0,0.17666629
0022400541,1610612758,Sacramento,Kings,SAC,kings,1626168,Trey,Lyles,T. Lyles,trey-lyles,,,,18:09,18.15,3,10,0.3,0,6,0.0,0,1,0.0,1,7,8,2,0,1,0,2,6,9.0,0022400541,Trey Lyles,trey lyles,,,2025-01-12,1,0.3305785123966942,0.05509641873278237,0.44077134986225897,0.11019283746556474,0.11019283746556474,8.0,3.0,3.0,6.0,4.0,1.0,1.0,7.0,1.0,0,0.0,0,0.00227,26.5,11668.868339938354,26.439845000000002,0.05509641873278237,3.0,2.0,0.31031775
0022400541,1610612758,Sacramento,Kings,SAC,kings,1642269,Devin,Carter,D. Carter,devin-carter,,,,10:53,10.883333333333333,0,1,0.0,0,0,0.0,2,2,1.0,1,2,3,2,0,0,0,1,2,9.0,0022400541,Devin Carter,devin carter,,,2025-01-12,0,0.18376722817764166,0.09188361408882083,0.27565084226646247,0.18376722817764166,0.09188361408882083,9.0,3.0,6.0,6.0,4.0,4.0,1.0,8.0,0.0,0,0.0,0,0.0006900000000000001,32.3,46743.84949348769,32.277713,0.0,6.0,4.0,0.030054431
0022400558,1610612758,Sacramento,Kings,SAC,kings,201942,DeMar,DeRozan,D. DeRozan,demar-derozan,F,,,35:58,35.96666666666667,9,18,0.5,2,4,0.5,8,9,0.889,0,6,6,4,1,0,0,2,28,-5.0,0022400558,DeMar DeRozan,demar derozan,,,2025-01-14,1,0.778498609823911,0.0,0.16682113067655235,0.11121408711770157,0.027803521779425393,1.0,6.0,4.0,3.0,1.0,4.0,5.0,4.0,2.0,0,0.0,0,0.0025900000000000003,-4.9,-1891.1617136240832,-4.887309,0.027803521779425393,3.0,8.0,0.8341209
0022400558,1610612758,Sacramento,Kings,SAC,kings,1631099,Keegan,Murray,K. Murray,keegan-murray,F,,,36:18,36.3,4,11,0.364,3,8,0.375,0,0,0.0,2,5,7,1,0,0,0,2,11,-7.0,0022400558,Keegan Murray,keegan murray,,,2025-01-14,0,0.30303030303030304,0.05509641873278237,0.1928374655647383,0.027548209366391185,0.05509641873278237,5.0,2.0,3.0,4.0,5.0,4.0,8.0,2.0,1.0,0,0.0,0,0.00128,-7.4,-5776.736924277908,-7.390528000000001,0.0,7.0,6.0,0.19576432
0022400558,1610612758,Sacramento,Kings,SAC,kings,1627734,Domantas,Sabonis,D. Sabonis,domantas-sabonis,C,,,36:09,36.15,6,9,0.667,2,2,1.0,2,4,0.5,2,8,10,9,1,0,3,4,16,-10.0,0022400558,Domantas Sabonis,domantas sabonis,,,2025-01-14,1,0.44260027662517293,0.055325034578146616,0.2766251728907331,0.24896265560165975,0.08298755186721991,4.0,2.0,2.0,1.0,1.0,4.0,10.0,3.0,4.0,0,0.0,0,0.00159,-14.5,-9113.764927718415,-14.476945,0.027662517289073308,3.0,5.0,0.5836563
0022400558,1610612758,Sacramento,Kings,SAC,kings,1631165,Keon,Ellis,K. Ellis,keon-ellis,G,,,30:42,30.7,5,11,0.455,5,8,0.625,3,3,1.0,3,1,4,1,1,0,0,3,18,-6.0,0022400558,Keon Ellis,keon ellis,,,2025-01-14,1,0.5863192182410424,0.09771986970684039,0.13029315960912052,0.03257328990228013,0.13029315960912052,3.0,1.0,5.0,4.0,1.0,4.0,6.0,5.0,3.0,0,0.0,0,0.00167,-7.3,-4368.641532016756,-7.287809,0.03257328990228013,3.0,3.0,0.8718282
0022400558,1610612758,Sacramento,Kings,SAC,kings,1628368,De'Aaron,Fox,D. Fox,deaaron-fox,G,,,37:31,37.516666666666666,9,23,0.391,2,8,0.25,0,0,0.0,0,11,11,6,0,2,4,1,20,-6.0,0022400558,De'Aaron Fox,de'aaron fox,,,2025-01-14,2,0.5330964015992892,0.0,0.2932030208796091,0.15992892047978677,0.05330964015992892,2.0,6.0,1.0,2.0,5.0,1.0,6.0,1.0,1.0,0,0.0,0,0.0029,-6.0,-2068.252326783868,-5.9826,0.05330964015992892,2.0,7.0,0.6641552
0022400558,1610612758,Sacramento,Kings,SAC,kings,1628989,Kevin,Huerter,K. Huerter,kevin-huerter,,,,18:08,18.133333333333333,3,8,0.375,1,4,0.25,0,0,0.0,0,1,1,1,0,0,1,1,7,-24.0,0022400558,Kevin Huerter,kevin huerter,,,2025-01-14,0,0.3860294117647059,0.0,0.05514705882352941,0.05514705882352941,0.0,6.0,6.0,8.0,4.0,5.0,4.0,13.0,6.0,1.0,0,0.0,0,0.0022,-63.2,-28714.220808723305,-63.06096,0.0,7.0,9.0,0.03066493
0022400558,1610612758,Sacramento,Kings,SAC,kings,1626168,Trey,Lyles,T. Lyles,trey-lyles,,,,11:45,11.75,2,4,0.5,1,3,0.333,0,0,0.0,1,0,1,0,0,0,0,0,5,-19.0,0022400558,Trey Lyles,trey lyles,,,2025-01-14,0,0.425531914893617,0.0851063829787234,0.0851063829787234,0.0,0.0851063829787234,7.0,4.0,8.0,10.0,5.0,4.0,12.0,8.0,0.0,0,0.0,0,0.0013800000000000002,-67.4,-48805.21361332368,-67.306988,0.0,7.0,4.0,0.025406037
0022400558,1610612758,Sacramento,Kings,SAC,kings,1642269,Devin,Carter,D. Carter,devin-carter,,,,14:05,14.083333333333334,1,6,0.167,0,4,0.0,1,2,0.5,0,2,2,1,0,0,0,0,3,-11.0,0022400558,Devin Carter,devin carter,,,2025-01-14,0,0.21301775147928992,0.0,0.14201183431952663,0.07100591715976332,0.0,8.0,6.0,6.0,4.0,5.0,4.0,11.0,7.0,1.0,0,0.0,0,0.00212,-33.7,-15888.731730315889,-33.628556,0.0,7.0,9.0,0.0074158246
0022400558,1610612758,Sacramento,Kings,SAC,kings,203109,Jae,Crowder,J. Crowder,jae-crowder,,,,2:35,2.5833333333333335,0,0,0.0,0,0,0.0,0,0,0.0,0,0,0,0,0,0,0,0,0,-7.0,0022400558,Jae Crowder,jae crowder,,,2025-01-14,0,0.0,0.0,0.0,0.0,0.0,12.0,6.0,11.0,10.0,5.0,4.0,8.0,10.0,1.0,0,0.0,0,0.0,-140.0,-140000000.0,-140.0,0.0,7.0,9.0,0.0036019494
0022400558,1610612758,Sacramento,Kings,SAC,kings,203458,Alex,Len,A. Len,alex-len,,,,9:16,9.266666666666667,1,2,0.5,0,0,0.0,0,0,0.0,1,1,2,1,1,2,1,2,2,2.0,0022400558,Alex Len,alex len,,,2025-01-14,3,0.2158273381294964,0.1079136690647482,0.2158273381294964,0.1079136690647482,0.4316546762589928,10.0,4.0,6.0,4.0,1.0,1.0,4.0,9.0,1.0,0,0.0,0,0.00158,17.0,10752.688172043012,16.97314,0.3237410071942446,1.0,1.0,0.039147306
0022400558,1610612758,Sacramento,Kings,SAC,kings,1641732,Colby,Jones,C. Jones,colby-jones,,,,2:31,2.5166666666666666,1,1,1.0,0,0,0.0,0,0,0.0,0,0,0,0,0,1,0,0,2,6.0,0022400558,Colby Jones,colby jones,,,2025-01-14,1,0.794701986754967,0.0,0.0,0.0,0.3973509933774835,10.0,6.0,11.0,10.0,5.0,3.0,1.0,11.0,0.0,0,0.0,0,0.002,120.0,59970.01499250374,119.76,0.3973509933774835,3.0,2.0,0.028813982
0022400558,1610612758,Sacramento,Kings,SAC,kings,1642403,Isaac,Jones,I. Jones,isaac-jones,,,,2:31,2.5166666666666666,0,1,0.0,0,0,0.0,0,0,0.0,0,0,0,0,0,0,0,0,0,6.0,0022400558,Isaac Jones,isaac jones,,,2025-01-14,0,0.0,0.0,0.0,0.0,0.0,12.0,6.0,11.0,10.0,5.0,4.0,1.0,11.0,,1,,1,0.002,120.0,59970.01499250374,119.76,0.0,7.0,9.0,0.0059881443
0022400558,1610612758,Sacramento,Kings,SAC,kings,1629162,Jordan,McLaughlin,J. McLaughlin,jordan-mclaughlin,,,,2:31,2.5166666666666666,1,1,1.0,1,1,1.0,0,0,0.0,0,1,1,1,0,0,0,1,3,6.0,0022400558,Jordan McLaughlin,jordan mclaughlin,,,2025-01-14,0,1.1920529801324504,0.0,0.3973509933774835,0.3973509933774835,0.0,8.0,6.0,8.0,4.0,5.0,4.0,1.0,11.0,0.0,0,0.0,0,0.002,120.0,59970.01499250374,119.76,0.0,7.0,9.0,0.03733272
0022400576,1610612758,Sacramento,Kings,SAC,kings,201942,DeMar,DeRozan,D. DeRozan,demar-derozan,F,,,38:05,38.083333333333336,12,23,0.522,2,4,0.5,7,7,1.0,1,4,5,4,0,0,2,1,33,12.0,0022400576,DeMar DeRozan,demar derozan,,,2025-01-16,0,0.8665207877461706,0.0262582056892779,0.13129102844638948,0.1050328227571116,0.0262582056892779,1.0,4.0,3.0,4.0,3.0,4.0,2.0,3.0,2.0,0,0.0,0,0.0028599999999999997,15.7,5487.591751135967,15.655097999999999,0.0,5.0,6.0,0.8418427
0022400576,1610612758,Sacramento,Kings,SAC,kings,1631099,Keegan,Murray,K. Murray,keegan-murray,F,,,39:21,39.35,7,10,0.7,3,6,0.5,1,1,1.0,3,8,11,2,0,0,1,2,18,-3.0,0022400576,Keegan Murray,keegan murray,,,2025-01-16,0,0.45743329097839897,0.07623888182973317,0.2795425667090216,0.05082592121982211,0.07623888182973317,5.0,2.0,2.0,5.0,3.0,4.0,7.0,2.0,1.0,0,0.0,0,0.0011,-2.1,-1907.3569482288829,-2.09769,0.0,5.0,4.0,0.41943946
0022400576,1610612758,Sacramento,Kings,SAC,kings,1627734,Domantas,Sabonis,D. Sabonis,domantas-sabonis,C,,,37:55,37.916666666666664,8,13,0.615,1,1,1.0,3,4,0.75,5,9,14,7,0,1,3,6,20,16.0,0022400576,Domantas Sabonis,domantas sabonis,,,2025-01-16,1,0.5274725274725275,0.13186813186813187,0.36923076923076925,0.18461538461538463,0.15824175824175826,3.0,1.0,1.0,2.0,3.0,1.0,1.0,4.0,1.0,0,0.0,0,0.00185,21.4,11561.318206374932,21.360409999999998,0.026373626373626374,2.0,2.0,0.9271334
0022400576,1610612758,Sacramento,Kings,SAC,kings,1628370,Malik,Monk,M. Monk,malik-monk,G,,,37:21,37.35,10,19,0.526,2,6,0.333,4,5,0.8,1,2,3,9,1,0,2,2,26,8.0,0022400576,Malik Monk,malik monk,,,2025-01-16,1,0.6961178045515395,0.02677376171352075,0.08032128514056225,0.24096385542168675,0.0535475234270415,2.0,4.0,5.0,1.0,2.0,4.0,3.0,5.0,2.0,0,0.0,0,0.0024,12.4,5164.5147855060395,12.37024,0.02677376171352075,2.0,5.0,0.80666834
0022400576,1610612758,Sacramento,Kings,SAC,kings,1628368,De'Aaron,Fox,D. Fox,deaaron-fox,G,,,39:47,39.78333333333333,6,17,0.353,2,4,0.5,5,5,1.0,2,1,3,7,4,1,3,2,19,1.0,0022400576,De'Aaron Fox,de'aaron fox,,,2025-01-16,5,0.4775869291998324,0.050272308336824466,0.07540846250523671,0.17595307917888564,0.17595307917888564,4.0,3.0,5.0,2.0,1.0,1.0,5.0,1.0,5.0,0,0.0,0,0.0022,1.2,545.2067242162652,1.19736,0.12568077084206117,1.0,1.0,0.5947021
0022400576,1610612758,Sacramento,Kings,SAC,kings,1628989,Kevin,Huerter,K. Huerter,kevin-huerter,,,,8:58,8.966666666666667,2,4,0.5,1,3,0.333,0,0,0.0,0,1,1,1,0,0,0,0,5,-1.0,0022400576,Kevin Huerter,kevin huerter,,,2025-01-16,0,0.5576208178438662,0.0,0.11152416356877323,0.11152416356877323,0.0,7.0,6.0,7.0,7.0,3.0,4.0,6.0,8.0,1.0,0,0.0,0,0.00211,-5.6,-2652.7711984841308,-5.588184,0.0,5.0,7.0,0.048643317
0022400576,1610612758,Sacramento,Kings,SAC,kings,1631165,Keon,Ellis,K. Ellis,keon-ellis,,,,11:10,11.166666666666666,2,3,0.667,2,3,0.667,0,0,0.0,0,1,1,0,0,0,0,2,6,3.0,0022400576,Keon Ellis,keon ellis,,,2025-01-16,0,0.5373134328358209,0.0,0.08955223880597016,0.0,0.0,6.0,6.0,7.0,8.0,3.0,4.0,4.0,7.0,2.0,0,0.0,0,0.00111,12.0,10801.080108010801,11.98668,0.0,5.0,7.0,0.085039735
0022400576,1610612758,Sacramento,Kings,SAC,kings,1626168,Trey,Lyles,T. Lyles,trey-lyles,,,,19:07,19.116666666666667,2,8,0.25,1,6,0.167,0,0,0.0,0,5,5,2,0,0,1,0,5,-4.0,0022400576,Trey Lyles,trey lyles,,,2025-01-16,0,0.26155187445510025,0.0,0.26155187445510025,0.1046207497820401,0.0,7.0,6.0,3.0,5.0,3.0,4.0,8.0,6.0,0.0,0,0.0,0,0.00188,-6.1,-3242.9558745348218,-6.088532,0.0,5.0,7.0,0.026430115
0022400576,1610612758,Sacramento,Kings,SAC,kings,1642269,Devin,Carter,D. Carter,devin-carter,,,,8:16,8.266666666666667,0,1,0.0,0,0,0.0,0,0,0.0,0,1,1,0,0,1,0,0,0,-7.0,0022400576,Devin Carter,devin carter,,,2025-01-16,1,0.0,0.0,0.12096774193548386,0.0,0.12096774193548386,9.0,6.0,7.0,8.0,3.0,1.0,9.0,9.0,1.0,0,1.0,0,0.0005600000000000001,-41.2,-73440.28520499109,-41.176928000000004,0.12096774193548386,2.0,3.0,0.014721716
0022400598,1610612758,Sacramento,Kings,SAC,kings,201942,DeMar,DeRozan,D. DeRozan,demar-derozan,F,,,38:22,38.36666666666667,9,21,0.429,0,4,0.0,6,7,0.857,1,5,6,1,2,1,0,3,24,19.0,0022400598,DeMar DeRozan,demar derozan,,,2025-01-19,3,0.6255430060816681,0.026064291920069503,0.15638575152041703,0.026064291920069503,0.10425716768027801,2.0,3.0,2.0,5.0,1.0,1.0,2.0,1.0,2.0,0,0.0,0,0.00255,20.1,7879.263034104272,20.048745,0.07819287576020852,1.0,5.0,0.81199276
0022400598,1610612758,Sacramento,Kings,SAC,kings,1631099,Keegan,Murray,K. Murray,keegan-murray,F,,,31:48,31.8,2,8,0.25,0,5,0.0,0,0,0.0,1,4,5,1,2,1,1,1,4,17.0,0022400598,Keegan Murray,keegan murray,,,2025-01-19,3,0.12578616352201258,0.031446540880503145,0.15723270440251572,0.031446540880503145,0.12578616352201258,6.0,3.0,3.0,5.0,1.0,1.0,4.0,3.0,0.0,0,0.0,0,0.0011799999999999998,26.9,22777.307366638444,26.868258,0.09433962264150943,1.0,3.0,0.07413592
0022400598,1610612758,Sacramento,Kings,SAC,kings,1627734,Domantas,Sabonis,D. Sabonis,domantas-sabonis,C,,,31:37,31.616666666666667,12,16,0.75,2,3,0.667,3,5,0.6,4,14,18,4,1,0,5,4,29,19.0,0022400598,Domantas Sabonis,domantas sabonis,,,2025-01-19,1,0.9172377438060094,0.1265155508697944,0.5693199789140748,0.1265155508697944,0.158144438587243,1.0,1.0,1.0,2.0,5.0,5.0,2.0,4.0,4.0,0,0.0,0,0.0030299999999999997,28.5,9402.837347410095,28.413645,0.0316288877174486,6.0,2.0,0.8624823
0022400598,1610612758,Sacramento,Kings,SAC,kings,1628370,Malik,Monk,M. Monk,malik-monk,G,,,30:25,30.416666666666668,8,15,0.533,3,6,0.5,4,4,1.0,0,1,1,4,1,1,0,3,23,13.0,0022400598,Malik Monk,malik monk,,,2025-01-19,2,0.7561643835616438,0.0,0.03287671232876712,0.13150684931506848,0.06575342465753424,3.0,6.0,10.0,2.0,5.0,1.0,5.0,5.0,0.0,0,0.0,0,0.00233,20.7,8880.30888030888,20.651768999999998,0.06575342465753424,4.0,7.0,0.7791953
0022400598,1610612758,Sacramento,Kings,SAC,kings,1628368,De'Aaron,Fox,D. Fox,deaaron-fox,G,,,35:18,35.3,4,12,0.333,0,5,0.0,4,4,1.0,0,5,5,13,2,1,2,1,12,24.0,0022400598,De'Aaron Fox,de'aaron fox,,,2025-01-19,3,0.33994334277620397,0.0,0.141643059490085,0.36827195467422097,0.08498583569405099,5.0,6.0,3.0,1.0,1.0,1.0,1.0,2.0,4.0,0,0.0,0,0.00184,29.2,15860.945138511679,29.146272,0.08498583569405099,1.0,6.0,0.75354034
0022400598,1610612758,Sacramento,Kings,SAC,kings,1631165,Keon,Ellis,K. Ellis,keon-ellis,,,,17:41,17.683333333333334,6,8,0.75,6,8,0.75,0,0,0.0,0,3,3,1,1,0,1,3,18,8.0,0022400598,Keon Ellis,keon ellis,,,2025-01-19,1,1.0179076343072573,0.0,0.1696512723845429,0.05655042412818096,0.05655042412818096,4.0,6.0,7.0,5.0,5.0,5.0,6.0,7.0,3.0,0,0.0,0,0.00184,16.4,8908.2020640956,16.369823999999998,0.05655042412818096,6.0,8.0,0.83437485
0022400598,1610612758,Sacramento,Kings,SAC,kings,1626168,Trey,Lyles,T. Lyles,trey-lyles,,,,19:46,19.766666666666666,2,6,0.333,0,3,0.0,0,0,0.0,0,5,5,0,1,0,1,2,4,4.0,0022400598,Trey Lyles,trey lyles,,,2025-01-19,1,0.20236087689713322,0.0,0.25295109612141653,0.0,0.050590219224283306,6.0,6.0,3.0,10.0,5.0,5.0,7.0,6.0,2.0,0,0.0,0,0.00123,8.3,6742.4857839155175,8.289791000000001,0.050590219224283306,6.0,9.0,0.033246733
0022400598,1610612758,Sacramento,Kings,SAC,kings,1628989,Kevin,Huerter,K. Huerter,kevin-huerter,,,,9:13,9.216666666666667,1,6,0.167,0,4,0.0,1,2,0.5,1,1,2,1,0,0,1,1,3,-1.0,0022400598,Kevin Huerter,kevin huerter,,,2025-01-19,0,0.325497287522604,0.10849909584086799,0.21699819168173598,0.10849909584086799,0.10849909584086799,9.0,3.0,8.0,5.0,9.0,5.0,12.0,9.0,0.0,0,0.0,0,0.00308,-9.1,-2953.586497890295,-9.071972,0.0,9.0,4.0,0.011550695
0022400598,1610612758,Sacramento,Kings,SAC,kings,203458,Alex,Len,A. Len,alex-len,,,,16:23,16.383333333333333,1,1,1.0,1,1,1.0,1,2,0.5,3,1,4,2,2,0,0,2,4,4.0,0022400598,Alex Len,alex len,,,2025-01-19,2,0.2441505595116989,0.18311291963377416,0.2441505595116989,0.12207527975584945,0.3051881993896236,6.0,2.0,6.0,4.0,1.0,5.0,7.0,8.0,2.0,0,0.0,0,0.00045,10.5,23281.59645232816,10.495275000000001,0.12207527975584945,4.0,1.0,0.2084984
0022400598,1610612758,Sacramento,Kings,SAC,kings,203926,Doug,McDermott,D. McDermott,doug-mcdermott,,,,3:23,3.3833333333333333,0,0,0.0,0,0,0.0,0,0,0.0,0,0,0,0,0,0,0,0,0,2.0,0022400598,Doug McDermott,doug mcdermott,,,2025-01-19,0,0.0,0.0,0.0,0.0,0.0,11.0,6.0,11.0,10.0,9.0,5.0,10.0,10.0,,1,,1,0.0,25.0,25000000.0,25.0,0.0,9.0,10.0,0.003882879
0022400598,1610612758,Sacramento,Kings,SAC,kings,1629162,Jordan,McLaughlin,J. McLaughlin,jordan-mclaughlin,,,,3:23,3.3833333333333333,0,0,0.0,0,0,0.0,0,0,0.0,0,0,0,1,0,0,0,0,0,2.0,0022400598,Jordan McLaughlin,jordan mclaughlin,,,2025-01-19,0,0.0,0.0,0.0,0.2955665024630542,0.0,11.0,6.0,11.0,5.0,9.0,5.0,10.0,10.0,1.0,0,0.0,0,0.0,25.0,25000000.0,25.0,0.0,9.0,10.0,0.0036423665
0022400598,1610612758,Sacramento,Kings,SAC,kings,1642384,Isaiah,Crawford,I. Crawford,isaiah-crawford,,,,2:41,2.6833333333333336,1,2,0.5,0,0,0.0,0,0,0.0,0,2,2,0,0,0,0,0,2,4.0,0022400598,Isaiah Crawford,isaiah crawford,,,2025-01-19,0,0.7453416149068323,0.0,0.7453416149068323,0.0,0.0,10.0,6.0,8.0,10.0,9.0,5.0,7.0,12.0,0.0,0,0.0,0,0.0028599999999999997,50.0,17476.406850751486,49.857,0.0,9.0,10.0,0.03833729
0022400619,1610612758,Sacramento,Kings,SAC,kings,201942,DeMar,DeRozan,D. DeRozan,demar-derozan,F,,,39:10,39.166666666666664,12,21,0.571,3,6,0.5,5,6,0.833,0,5,5,2,2,2,1,3,32,26.0,0022400619,DeMar DeRozan,demar derozan,,,2025-01-22,4,0.8170212765957447,0.0,0.12765957446808512,0.05106382978723405,0.1021276595744681,1.0,4.0,2.0,4.0,2.0,1.0,1.0,1.0,4.0,0,0.0,0,0.00267,25.9,9696.742792961437,25.830847,0.1021276595744681,1.0,4.0,0.8064163
0022400619,1610612758,Sacramento,Kings,SAC,kings,1631099,Keegan,Murray,K. Murray,keegan-murray,F,,,34:07,34.11666666666667,6,11,0.545,1,5,0.2,0,1,0.0,1,2,3,1,1,2,0,0,13,-6.0,0022400619,Keegan Murray,keegan murray,,,2025-01-22,3,0.38104543234000976,0.029311187103077674,0.08793356130923302,0.029311187103077674,0.1172447484123107,5.0,2.0,5.0,6.0,4.0,1.0,8.0,5.0,2.0,0,0.0,0,0.00147,-6.6,-4486.743711760707,-6.590298,0.08793356130923302,3.0,3.0,0.43586865
0022400619,1610612758,Sacramento,Kings,SAC,kings,1627734,Domantas,Sabonis,D. Sabonis,domantas-sabonis,C,,,38:41,38.68333333333333,8,12,0.667,2,4,0.5,8,8,1.0,3,15,18,3,0,0,3,2,26,11.0,0022400619,Domantas Sabonis,domantas sabonis,,,2025-01-22,0,0.6721240844463594,0.07755277897457993,0.4653166738474796,0.07755277897457993,0.07755277897457993,2.0,1.0,1.0,3.0,6.0,6.0,2.0,2.0,2.0,0,0.0,0,0.00218,12.0,5502.063273727647,11.973840000000001,0.0,7.0,5.0,0.8451095
0022400619,1610612758,Sacramento,Kings,SAC,kings,1628370,Malik,Monk,M. Monk,malik-monk,G,,,37:44,37.733333333333334,7,15,0.467,2,7,0.286,4,4,1.0,1,3,4,9,3,1,3,2,20,-8.0,0022400619,Malik Monk,malik monk,,,2025-01-22,4,0.5300353356890459,0.026501766784452298,0.10600706713780919,0.23851590106007067,0.13250883392226148,3.0,2.0,4.0,1.0,1.0,3.0,9.0,3.0,3.0,0,0.0,0,0.00241,-8.5,-3525.5080879303196,-8.479515,0.10600706713780919,1.0,2.0,0.7596343
0022400619,1610612758,Sacramento,Kings,SAC,kings,1628368,De'Aaron,Fox,D. Fox,deaaron-fox,G,,,36:27,36.45,2,11,0.182,0,3,0.0,10,10,1.0,0,5,5,5,1,0,0,3,14,10.0,0022400619,De'Aaron Fox,de'aaron fox,,,2025-01-22,1,0.3840877914951989,0.0,0.1371742112482853,0.1371742112482853,0.027434842249657063,4.0,4.0,2.0,2.0,4.0,6.0,3.0,4.0,0.0,0,1.0,0,0.00188,8.2,4359.383306751728,8.184584,0.027434842249657063,5.0,7.0,0.16977502
0022400619,1610612758,Sacramento,Kings,SAC,kings,1628989,Kevin,Huerter,K. Huerter,kevin-huerter,,,,5:48,5.8,0,2,0.0,0,1,0.0,0,0,0.0,0,0,0,0,0,0,0,0,0,-10.0,0022400619,Kevin Huerter,kevin huerter,,,2025-01-22,0,0.0,0.0,0.0,0.0,0.0,9.0,4.0,8.0,9.0,6.0,6.0,10.0,9.0,0.0,0,0.0,0,0.002,-100.0,-49975.01249375312,-99.8,0.0,7.0,8.0,0.0023707727
0022400619,1610612758,Sacramento,Kings,SAC,kings,1631165,Keon,Ellis,K. Ellis,keon-ellis,,,,21:21,21.35,3,4,0.75,1,2,0.5,1,1,1.0,0,0,0,2,2,1,0,1,8,0.0,0022400619,Keon Ellis,keon ellis,,,2025-01-22,3,0.37470725995316156,0.0,0.0,0.09367681498829039,0.1405152224824356,6.0,4.0,8.0,4.0,2.0,3.0,6.0,6.0,7.0,0,0.0,0,0.00089,0.0,0.0,0.0,0.1405152224824356,3.0,1.0,0.08835986
0022400619,1610612758,Sacramento,Kings,SAC,kings,1626168,Trey,Lyles,T. Lyles,trey-lyles,,,,16:46,16.766666666666666,2,2,1.0,1,1,1.0,2,2,1.0,0,2,2,1,0,1,0,1,7,5.0,0022400619,Trey Lyles,trey lyles,,,2025-01-22,1,0.41749502982107356,0.0,0.11928429423459246,0.05964214711729623,0.05964214711729623,7.0,4.0,6.0,6.0,6.0,3.0,4.0,7.0,0.0,0,0.0,0,0.0008100000000000001,13.9,17139.334155363747,13.888741000000001,0.05964214711729623,5.0,6.0,0.1013398
0022400619,1610612758,Sacramento,Kings,SAC,kings,203458,Alex,Len,A. Len,alex-len,,,,6:26,6.433333333333334,0,0,0.0,0,0,0.0,0,0,0.0,0,1,1,1,0,0,0,2,0,2.0,0022400619,Alex Len,alex len,,,2025-01-22,0,0.0,0.0,0.15544041450777202,0.15544041450777202,0.0,9.0,4.0,7.0,6.0,6.0,6.0,5.0,8.0,0.0,0,0.0,0,0.0,8.3,8300000.000000001,8.3,0.0,7.0,8.0,0.0067498977
0022400619,1610612758,Sacramento,Kings,SAC,kings,1642269,Devin,Carter,D. Carter,devin-carter,,,,3:30,3.5,1,3,0.333,1,1,1.0,0,0,0.0,0,0,0,0,0,0,1,0,3,0.0,0022400619,Devin Carter,devin carter,,,2025-01-22,0,0.8571428571428571,0.0,0.0,0.0,0.0,8.0,4.0,8.0,9.0,6.0,6.0,6.0,10.0,,1,,1,0.00571,0.0,0.0,0.0,0.0,7.0,8.0,0.014374829
0022400626,1610612758,Sacramento,Kings,SAC,kings,201942,DeMar,DeRozan,D. DeRozan,demar-derozan,F,,,37:01,37.016666666666666,9,16,0.563,0,2,0.0,6,8,0.75,2,4,6,1,0,1,1,1,24,-10.0,0022400626,DeMar DeRozan,demar derozan,,,2025-01-23,1,0.6483565961278703,0.0540297163439892,0.16208914903196758,0.0270148581719946,0.08104457451598379,1.0,3.0,4.0,6.0,6.0,1.0,8.0,3.0,0.0,0,0.0,0,0.00194,-11.4,-5873.261205564142,-11.377884,0.0270148581719946,3.0,5.0,0.84373695
0022400626,1610612758,Sacramento,Kings,SAC,kings,1631099,Keegan,Murray,K. Murray,keegan-murray,F,,,29:57,29.95,4,10,0.4,3,5,0.6,0,0,0.0,5,4,9,2,1,1,2,2,11,-2.0,0022400626,Keegan Murray,keegan murray,,,2025-01-23,2,0.36727879799666113,0.1669449081803005,0.3005008347245409,0.0667779632721202,0.2337228714524207,7.0,2.0,2.0,5.0,1.0,1.0,3.0,5.0,2.0,0,0.0,0,0.00148,-6.1,-4118.83862255233,-6.090972,0.0667779632721202,1.0,1.0,0.525916
0022400626,1610612758,Sacramento,Kings,SAC,kings,1627734,Domantas,Sabonis,D. Sabonis,domantas-sabonis,C,,,39:25,39.416666666666664,10,21,0.476,1,4,0.25,2,2,1.0,6,13,19,8,0,0,4,4,23,-18.0,0022400626,Domantas Sabonis,domantas sabonis,,,2025-01-23,0,0.5835095137420719,0.1522198731501057,0.4820295983086681,0.20295983086680763,0.1522198731501057,2.0,1.0,1.0,1.0,6.0,4.0,10.0,2.0,1.0,0,0.0,0,0.0023899999999999998,-19.1,-7988.289418653284,-19.054351,0.0,7.0,2.0,0.6930824
0022400626,1610612758,Sacramento,Kings,SAC,kings,1628370,Malik,Monk,M. Monk,malik-monk,G,,,30:59,30.983333333333334,5,13,0.385,0,4,0.0,5,7,0.714,0,2,2,7,1,0,2,5,15,-2.0,0022400626,Malik Monk,malik monk,,,2025-01-23,1,0.48413125336202256,0.0,0.064550833781603,0.22592791823561054,0.0322754168908015,4.0,7.0,7.0,2.0,1.0,4.0,3.0,4.0,2.0,0,0.0,0,0.00207,-2.8,-1352.0038628681796,-2.7942039999999997,0.0322754168908015,3.0,7.0,0.45832956
0022400626,1610612758,Sacramento,Kings,SAC,kings,1628368,De'Aaron,Fox,D. Fox,deaaron-fox,G,,,40:13,40.21666666666667,7,24,0.292,3,10,0.3,0,0,0.0,1,4,5,6,1,1,2,2,17,-1.0,0022400626,De'Aaron Fox,de'aaron fox,,,2025-01-23,2,0.42271031910484874,0.02486531288852051,0.12432656444260257,0.14919187733112307,0.07459593866556154,3.0,5.0,5.0,3.0,1.0,1.0,2.0,1.0,5.0,0,0.0,0,0.0023899999999999998,0.1,41.82350480970306,0.099761,0.04973062577704102,1.0,6.0,0.542
0022400626,1610612758,Sacramento,Kings,SAC,kings,1631165,Keon,Ellis,K. Ellis,keon-ellis,,,,21:10,21.166666666666668,3,4,0.75,0,1,0.0,0,0,0.0,2,1,3,5,1,0,0,2,6,-11.0,0022400626,Keon Ellis,keon ellis,,,2025-01-23,1,0.28346456692913385,0.09448818897637795,0.14173228346456693,0.23622047244094488,0.14173228346456693,8.0,3.0,6.0,4.0,1.0,4.0,9.0,7.0,2.0,0,0.0,0,0.00073,-17.2,-23529.41176470588,-17.187444,0.047244094488188976,3.0,3.0,0.10823297
0022400626,1610612758,Sacramento,Kings,SAC,kings,1642269,Devin,Carter,D. Carter,devin-carter,,,,2:31,2.5166666666666666,0,1,0.0,0,1,0.0,0,0,0.0,0,0,0,1,0,0,0,1,0,-5.0,0022400626,Devin Carter,devin carter,,,2025-01-23,0,0.0,0.0,0.0,0.3973509933774835,0.0,9.0,7.0,8.0,6.0,6.0,4.0,5.0,10.0,0.0,0,0.0,0,0.0014299999999999998,-95.2,-66526.90426275333,-95.063864,0.0,7.0,8.0,0.0025982638
0022400626,1610612758,Sacramento,Kings,SAC,kings,1626168,Trey,Lyles,T. Lyles,trey-lyles,,,,21:30,21.5,4,9,0.444,3,7,0.429,1,2,0.5,1,8,9,1,1,0,1,0,12,-9.0,0022400626,Trey Lyles,trey lyles,,,2025-01-23,1,0.5581395348837209,0.046511627906976744,0.4186046511627907,0.046511627906976744,0.09302325581395349,6.0,5.0,2.0,6.0,1.0,4.0,7.0,6.0,0.0,0,0.0,0,0.0019,-20.3,-10678.59021567596,-20.26143,0.046511627906976744,3.0,4.0,0.5505421
0022400626,1610612758,Sacramento,Kings,SAC,kings,1628989,Kevin,Huerter,K. Huerter,kevin-huerter,,,,6:15,6.25,0,2,0.0,0,1,0.0,0,0,0.0,0,0,0,0,0,0,0,1,0,-7.0,0022400626,Kevin Huerter,kevin huerter,,,2025-01-23,0,0.0,0.0,0.0,0.0,0.0,9.0,7.0,8.0,9.0,6.0,4.0,6.0,9.0,2.0,0,0.0,0,0.00111,-59.9,-53915.39153915391,-59.833510999999994,0.0,7.0,8.0,0.0022081535
0022400626,1610612758,Sacramento,Kings,SAC,kings,203926,Doug,McDermott,D. McDermott,doug-mcdermott,,,,10:59,10.983333333333333,5,7,0.714,5,6,0.833,0,0,0.0,0,0,0,0,0,0,1,2,15,20.0,0022400626,Doug McDermott,doug mcdermott,,,2025-01-23,0,1.3657056145675266,0.0,0.0,0.0,0.0,4.0,7.0,8.0,9.0,6.0,4.0,1.0,8.0,0.0,0,0.0,0,0.00267,89.7,33582.92774241857,89.46050100000001,0.0,7.0,8.0,0.71256036
0022400641,1610612758,Sacramento,Kings,SAC,kings,201942,DeMar,DeRozan,D. DeRozan,demar-derozan,F,,,35:18,35.3,6,12,0.5,2,4,0.5,4,4,1.0,0,3,3,2,0,0,0,3,18,-21.0,0022400641,DeMar DeRozan,demar derozan,,,2025-01-25,0,0.509915014164306,0.0,0.08498583569405099,0.056657223796034,0.0,3.0,5.0,4.0,5.0,4.0,4.0,10.0,2.0,2.0,0,0.0,0,0.00151,-26.9,-17802.779616148244,-26.859381,0.0,5.0,8.0,0.7874286
0022400641,1610612758,Sacramento,Kings,SAC,kings,1631099,Keegan,Murray,K. Murray,keegan-murray,F,,,39:04,39.06666666666667,5,11,0.455,2,7,0.286,0,0,0.0,2,6,8,4,3,2,2,4,12,-18.0,0022400641,Keegan Murray,keegan murray,,,2025-01-25,5,0.3071672354948805,0.051194539249146756,0.20477815699658702,0.10238907849829351,0.17918088737201363,5.0,2.0,2.0,3.0,1.0,1.0,9.0,1.0,3.0,0,1.0,0,0.0013700000000000001,-19.1,-13931.436907366886,-19.073833,0.12798634812286688,1.0,1.0,0.75549334
0022400641,1610612758,Sacramento,Kings,SAC,kings,1627734,Domantas,Sabonis,D. Sabonis,domantas-sabonis,C,,,34:26,34.43333333333333,11,14,0.786,1,2,0.5,2,3,0.667,4,9,13,12,0,0,4,3,25,-4.0,0022400641,Domantas Sabonis,domantas sabonis,,,2025-01-25,0,0.7260406582768636,0.11616650532429817,0.37754114230396907,0.3484995159728945,0.11616650532429817,2.0,1.0,1.0,1.0,4.0,4.0,4.0,3.0,2.0,0,0.0,0,0.00232,-7.1,-3059.026281775097,-7.083527999999999,0.0,5.0,4.0,0.92704767
0022400641,1610612758,Sacramento,Kings,SAC,kings,1628368,De'Aaron,Fox,D. Fox,deaaron-fox,G,,,34:03,34.05,6,20,0.3,2,6,0.333,0,0,0.0,0,1,1,4,0,2,2,2,14,-8.0,0022400641,De'Aaron Fox,de'aaron fox,,,2025-01-25,2,0.4111600587371513,0.0,0.029368575624082235,0.11747430249632894,0.05873715124816447,4.0,5.0,7.0,3.0,4.0,1.0,6.0,4.0,1.0,0,0.0,0,0.00265,-10.5,-3960.7695209354956,-10.472175,0.05873715124816447,2.0,6.0,0.15161566
0022400641,1610612758,Sacramento,Kings,SAC,kings,1628370,Malik,Monk,M. Monk,malik-monk,G,,,33:58,33.96666666666667,12,21,0.571,4,8,0.5,3,4,0.75,0,3,3,9,1,0,2,2,31,-11.0,0022400641,Malik Monk,malik monk,,,2025-01-25,1,0.9126594700686947,0.0,0.08832188420019627,0.2649656526005888,0.02944062806673209,1.0,5.0,4.0,2.0,2.0,4.0,7.0,5.0,1.0,0,0.0,0,0.0030499999999999998,-16.6,-5440.839069157654,-16.54937,0.02944062806673209,4.0,7.0,0.8811674
0022400641,1610612758,Sacramento,Kings,SAC,kings,1631165,Keon,Ellis,K. Ellis,keon-ellis,,,,17:16,17.266666666666666,2,4,0.5,2,4,0.5,0,0,0.0,0,3,3,0,1,1,0,1,6,-24.0,0022400641,Keon Ellis,keon ellis,,,2025-01-25,2,0.3474903474903475,0.0,0.17374517374517376,0.0,0.11583011583011583,6.0,5.0,4.0,8.0,2.0,3.0,12.0,6.0,2.0,0,0.0,0,0.00111,-51.1,-45994.599459945995,-51.043279,0.11583011583011583,2.0,5.0,0.055990495
0022400641,1610612758,Sacramento,Kings,SAC,kings,203926,Doug,McDermott,D. McDermott,doug-mcdermott,,,,9:04,9.066666666666666,0,0,0.0,0,0,0.0,0,0,0.0,0,0,0,0,0,0,0,1,0,-11.0,0022400641,Doug McDermott,doug mcdermott,,,2025-01-25,0,0.0,0.0,0.0,0.0,0.0,10.0,5.0,11.0,8.0,4.0,4.0,7.0,9.0,0.0,0,0.0,0,0.0,-69.3,-69300000.0,-69.3,0.0,5.0,8.0,0.003714959
0022400641,1610612758,Sacramento,Kings,SAC,kings,1626168,Trey,Lyles,T. Lyles,trey-lyles,,,,13:09,13.15,2,7,0.286,0,2,0.0,2,2,1.0,2,2,4,0,0,0,0,1,6,-22.0,0022400641,Trey Lyles,trey lyles,,,2025-01-25,0,0.45627376425855515,0.1520912547528517,0.3041825095057034,0.0,0.1520912547528517,6.0,2.0,3.0,8.0,4.0,4.0,11.0,7.0,0.0,0,0.0,0,0.0025,-71.1,-28428.628548580564,-70.92224999999999,0.0,5.0,2.0,0.086205624
0022400641,1610612758,Sacramento,Kings,SAC,kings,1642269,Devin,Carter,D. Carter,devin-carter,,,,7:35,7.583333333333333,1,2,0.5,0,0,0.0,2,2,1.0,1,0,1,1,0,0,0,1,4,-4.0,0022400641,Devin Carter,devin carter,,,2025-01-25,0,0.5274725274725275,0.13186813186813187,0.13186813186813187,0.13186813186813187,0.13186813186813187,8.0,4.0,7.0,6.0,4.0,4.0,4.0,10.0,0.0,0,0.0,0,0.0015,-31.3,-20852.764823451034,-31.25305,0.0,5.0,3.0,0.010128743
0022400641,1610612758,Sacramento,Kings,SAC,kings,1628989,Kevin,Huerter,K. Huerter,kevin-huerter,,,,9:41,9.683333333333334,1,3,0.333,1,2,0.5,1,1,1.0,0,1,1,1,0,0,2,0,4,12.0,0022400641,Kevin Huerter,kevin huerter,,,2025-01-25,0,0.41308089500860584,0.0,0.10327022375215146,0.10327022375215146,0.0,8.0,5.0,7.0,6.0,4.0,4.0,1.0,8.0,1.0,0,0.0,0,0.00217,60.0,27637.033625057575,59.8698,0.0,5.0,8.0,0.029007042
0022400641,1610612758,Sacramento,Kings,SAC,kings,203458,Alex,Len,A. Len,alex-len,,,,3:13,3.216666666666667,0,1,0.0,0,1,0.0,0,0,0.0,0,1,1,0,0,0,0,1,0,-2.0,0022400641,Alex Len,alex len,,,2025-01-25,0,0.0,0.0,0.31088082901554404,0.0,0.0,10.0,5.0,7.0,8.0,4.0,4.0,2.0,11.0,0.0,0,0.0,0,0.0014299999999999998,-33.3,-23270.44025157233,-33.25238099999999,0.0,5.0,8.0,0.0030973463
0022400641,1610612758,Sacramento,Kings,SAC,kings,1629162,Jordan,McLaughlin,J. McLaughlin,jordan-mclaughlin,,,,3:13,3.216666666666667,0,0,0.0,0,0,0.0,0,0,0.0,0,0,0,0,0,0,0,0,0,-2.0,0022400641,Jordan McLaughlin,jordan mclaughlin,,,2025-01-25,0,0.0,0.0,0.0,0.0,0.0,10.0,5.0,11.0,8.0,4.0,4.0,2.0,11.0,0.0,0,0.0,0,0.0,-33.3,-33300000.0,-33.3,0.0,5.0,8.0,0.0035711266
0022400651,1610612758,Sacramento,Kings,SAC,kings,201942,DeMar,DeRozan,D. DeRozan,demar-derozan,F,,,37:02,37.03333333333333,7,11,0.636,0,1,0.0,3,3,1.0,0,2,2,1,0,0,1,0,17,21.0,0022400651,DeMar DeRozan,demar derozan,,,2025-01-27,0,0.4590459045904591,0.0,0.05400540054005401,0.027002700270027005,0.0,3.0,6.0,5.0,5.0,5.0,4.0,3.0,2.0,1.0,0,0.0,0,0.00159,28.5,17913.262099308613,28.454685,0.0,5.0,7.0,0.39155447
0022400651,1610612758,Sacramento,Kings,SAC,kings,1631099,Keegan,Murray,K. Murray,keegan-murray,F,,,24:28,24.466666666666665,4,7,0.571,1,3,0.333,0,0,0.0,1,2,3,1,2,0,1,4,9,20.0,0022400651,Keegan Murray,keegan murray,,,2025-01-27,2,0.36784741144414174,0.04087193460490463,0.1226158038147139,0.04087193460490463,0.1226158038147139,6.0,3.0,4.0,5.0,2.0,4.0,4.0,6.0,2.0,0,0.0,0,0.00145,45.3,31219.848380427295,45.234315,0.08174386920980926,2.0,5.0,0.49686432
0022400651,1610612758,Sacramento,Kings,SAC,kings,1627734,Domantas,Sabonis,D. Sabonis,domantas-sabonis,C,,,41:24,41.4,8,10,0.8,1,1,1.0,4,8,0.5,6,16,22,10,0,0,6,5,21,29.0,0022400651,Domantas Sabonis,domantas sabonis,,,2025-01-27,0,0.5072463768115942,0.14492753623188406,0.5314009661835749,0.24154589371980678,0.14492753623188406,2.0,1.0,1.0,1.0,5.0,4.0,2.0,1.0,1.0,0,0.0,0,0.00198,34.2,17264.008076728926,34.132284000000006,0.0,5.0,4.0,0.8927167
0022400651,1610612758,Sacramento,Kings,SAC,kings,1628370,Malik,Monk,M. Monk,malik-monk,G,,,34:14,34.233333333333334,8,15,0.533,0,6,0.0,0,0,0.0,0,6,6,9,1,1,4,5,16,30.0,0022400651,Malik Monk,malik monk,,,2025-01-27,2,0.4673807205452775,0.0,0.17526777020447906,0.2629016553067186,0.05842259006815969,4.0,6.0,2.0,2.0,3.0,2.0,1.0,4.0,3.0,0,0.0,0,0.00253,48.4,19122.876333465032,48.277547999999996,0.05842259006815969,2.0,6.0,0.64711654
0022400651,1610612758,Sacramento,Kings,SAC,kings,1628368,De'Aaron,Fox,D. Fox,deaaron-fox,G,,,36:49,36.81666666666667,11,19,0.579,4,7,0.571,4,4,1.0,0,1,1,7,0,0,0,4,30,0.0,0022400651,De'Aaron Fox,de'aaron fox,,,2025-01-27,0,0.8148483476686282,0.0,0.027161611588954276,0.19013128112267993,0.0,1.0,6.0,7.0,3.0,5.0,4.0,7.0,3.0,1.0,0,0.0,0,0.00247,0.0,0.0,0.0,0.0,5.0,7.0,0.8463068
0022400651,1610612758,Sacramento,Kings,SAC,kings,203926,Doug,McDermott,D. McDermott,doug-mcdermott,,,,6:32,6.533333333333333,0,4,0.0,0,2,0.0,0,0,0.0,0,1,1,0,0,0,0,0,0,-10.0,0022400651,Doug McDermott,doug mcdermott,,,2025-01-27,0,0.0,0.0,0.15306122448979592,0.0,0.0,9.0,6.0,7.0,8.0,5.0,4.0,8.0,9.0,0.0,0,0.0,0,0.002,-62.5,-31234.3828085957,-62.375,0.0,5.0,7.0,0.0034293544
0022400651,1610612758,Sacramento,Kings,SAC,kings,1631165,Keon,Ellis,K. Ellis,keon-ellis,,,,30:15,30.25,4,9,0.444,3,6,0.5,0,0,0.0,1,0,1,2,3,2,1,1,11,4.0,0022400651,Keon Ellis,keon ellis,,,2025-01-27,5,0.36363636363636365,0.03305785123966942,0.03305785123966942,0.06611570247933884,0.19834710743801653,5.0,3.0,7.0,4.0,1.0,1.0,6.0,5.0,4.0,0,0.0,0,0.00149,1.3,871.8980549966466,1.298063,0.1652892561983471,1.0,3.0,0.71228445
0022400651,1610612758,Sacramento,Kings,SAC,kings,1626168,Trey,Lyles,T. Lyles,trey-lyles,,,,15:02,15.033333333333333,2,3,0.667,0,1,0.0,0,2,0.0,2,3,5,0,1,1,1,1,4,-18.0,0022400651,Trey Lyles,trey lyles,,,2025-01-27,2,0.2660753880266075,0.13303769401330376,0.3325942350332594,0.0,0.2660753880266075,7.0,2.0,3.0,8.0,3.0,2.0,10.0,7.0,1.0,0,0.0,0,0.00125,-64.5,-51558.75299760192,-64.419375,0.13303769401330376,2.0,1.0,0.045421068
0022400651,1610612758,Sacramento,Kings,SAC,kings,203458,Alex,Len,A. Len,alex-len,,,,4:38,4.633333333333333,0,0,0.0,0,0,0.0,0,0,0.0,1,0,1,0,0,0,1,1,0,-14.0,0022400651,Alex Len,alex len,,,2025-01-27,0,0.0,0.21582733812949642,0.21582733812949642,0.0,0.21582733812949642,9.0,3.0,7.0,8.0,5.0,4.0,9.0,10.0,0.0,0,0.0,0,0.00111,-135.0,-121512.15121512151,-134.85014999999999,0.0,5.0,2.0,0.004421687
0022400651,1610612758,Sacramento,Kings,SAC,kings,1642269,Devin,Carter,D. Carter,devin-carter,,,,9:36,9.6,1,4,0.25,0,1,0.0,0,0,0.0,0,2,2,1,0,0,2,3,2,8.0,0022400651,Devin Carter,devin carter,,,2025-01-27,0,0.20833333333333334,0.0,0.20833333333333334,0.10416666666666667,0.0,8.0,6.0,5.0,5.0,5.0,4.0,5.0,8.0,0.0,0,0.0,0,0.00261,40.0,15319.800842589046,39.8956,0.0,5.0,7.0,0.013997293
0022400669,1610612758,Sacramento,Kings,SAC,kings,201942,DeMar,DeRozan,D. DeRozan,demar-derozan,F,,,37:49,37.81666666666667,7,17,0.412,2,5,0.4,3,4,0.75,2,1,3,3,1,0,1,2,19,-15.0,0022400669,DeMar DeRozan,demar derozan,,,2025-01-29,1,0.502423975319524,0.05288673424416042,0.07933010136624062,0.07933010136624062,0.07933010136624062,2.0,4.0,6.0,4.0,1.0,2.0,10.0,3.0,1.0,0,0.0,0,0.00227,-22.3,-9819.46279172171,-22.249379,0.02644336712208021,2.0,5.0,0.52298373
0022400669,1610612758,Sacramento,Kings,SAC,kings,1631099,Keegan,Murray,K. Murray,keegan-murray,F,,,36:41,36.68333333333333,8,15,0.533,0,5,0.0,1,2,0.5,5,3,8,0,1,1,0,4,17,-8.0,0022400669,Keegan Murray,keegan murray,,,2025-01-29,2,0.46342571558382556,0.13630168105406634,0.21808268968650615,0.0,0.19082235347569287,4.0,1.0,2.0,10.0,1.0,1.0,5.0,4.0,1.0,0,0.0,0,0.00184,-11.1,-6029.331884845193,-11.079576,0.05452067242162654,1.0,2.0,0.6679727
0022400669,1610612758,Sacramento,Kings,SAC,kings,1627734,Domantas,Sabonis,D. Sabonis,domantas-sabonis,C,,,40:27,40.45,4,6,0.667,1,2,0.5,4,4,1.0,3,11,14,11,1,0,4,0,13,2.0,0022400669,Domantas Sabonis,domantas sabonis,,,2025-01-29,1,0.32138442521631644,0.07416563658838071,0.34610630407910997,0.27194066749072926,0.09888751545117429,5.0,2.0,1.0,1.0,1.0,2.0,1.0,1.0,3.0,0,0.0,0,0.00125,1.1,879.2965627498003,1.0986250000000002,0.024721878862793572,2.0,4.0,0.8907369
0022400669,1610612758,Sacramento,Kings,SAC,kings,1628370,Malik,Monk,M. Monk,malik-monk,G,,,40:27,40.45,8,18,0.444,3,9,0.333,2,3,0.667,0,5,5,8,1,0,3,4,21,2.0,0022400669,Malik Monk,malik monk,,,2025-01-29,1,0.519159456118665,0.0,0.12360939431396785,0.19777503090234858,0.024721878862793572,1.0,6.0,4.0,2.0,1.0,2.0,1.0,1.0,2.0,0,0.0,0,0.00229,1.1,480.1396769969446,1.0974810000000002,0.024721878862793572,2.0,6.0,0.7901867
0022400669,1610612758,Sacramento,Kings,SAC,kings,1628368,De'Aaron,Fox,D. Fox,deaaron-fox,G,,,34:50,34.833333333333336,7,15,0.467,1,5,0.2,4,4,1.0,0,8,8,5,0,0,2,3,19,-9.0,0022400669,De'Aaron Fox,de'aaron fox,,,2025-01-29,0,0.5454545454545454,0.0,0.2296650717703349,0.14354066985645933,0.0,2.0,6.0,2.0,3.0,6.0,2.0,7.0,5.0,1.0,0,0.0,0,0.00229,-16.1,-7027.498908773462,-16.063131000000002,0.0,6.0,7.0,0.7198619
0022400669,1610612758,Sacramento,Kings,SAC,kings,1628989,Kevin,Huerter,K. Huerter,kevin-huerter,,,,9:59,9.983333333333333,2,5,0.4,1,4,0.25,0,0,0.0,0,0,0,1,0,0,0,0,5,-10.0,0022400669,Kevin Huerter,kevin huerter,,,2025-01-29,0,0.5008347245409015,0.0,0.0,0.1001669449081803,0.0,7.0,6.0,8.0,7.0,6.0,2.0,8.0,8.0,1.0,0,0.0,0,0.002,-40.5,-20239.88005997001,-40.419,0.0,6.0,7.0,0.017364588
0022400669,1610612758,Sacramento,Kings,SAC,kings,1631165,Keon,Ellis,K. Ellis,keon-ellis,,,,17:44,17.733333333333334,2,10,0.2,2,9,0.222,0,0,0.0,1,2,3,2,1,0,1,3,6,-6.0,0022400669,Keon Ellis,keon ellis,,,2025-01-29,1,0.3383458646616541,0.05639097744360902,0.16917293233082706,0.11278195488721804,0.11278195488721804,6.0,5.0,6.0,5.0,1.0,2.0,4.0,6.0,3.0,0,0.0,0,0.00244,-7.4,-3031.544448996313,-7.381944000000001,0.05639097744360902,2.0,3.0,0.08074849
0022400669,1610612758,Sacramento,Kings,SAC,kings,1626168,Trey,Lyles,T. Lyles,trey-lyles,,,,14:57,14.95,2,3,0.667,0,1,0.0,0,0,0.0,3,2,5,2,0,0,0,0,4,-10.0,0022400669,Trey Lyles,trey lyles,,,2025-01-29,0,0.26755852842809363,0.20066889632107024,0.33444816053511706,0.13377926421404682,0.20066889632107024,8.0,2.0,4.0,5.0,6.0,2.0,8.0,7.0,1.0,0,1.0,0,0.00086,-24.2,-28106.8524970964,-24.179188,0.0,6.0,1.0,0.098629214
0022400669,1610612758,Sacramento,Kings,SAC,kings,203458,Alex,Len,A. Len,alex-len,,,,4:19,4.316666666666666,0,0,0.0,0,0,0.0,0,0,0.0,0,0,0,1,0,0,1,0,0,-8.0,0022400669,Alex Len,alex len,,,2025-01-29,0,0.0,0.0,0.0,0.23166023166023167,0.0,9.0,6.0,8.0,7.0,6.0,2.0,5.0,9.0,0.0,0,0.0,0,0.00111,-88.9,-80018.00180018002,-88.801321,0.0,6.0,7.0,0.0029858863
0022400669,1610612758,Sacramento,Kings,SAC,kings,1642269,Devin,Carter,D. Carter,devin-carter,,,,2:47,2.783333333333333,0,1,0.0,0,1,0.0,0,0,0.0,0,0,0,1,0,0,0,0,0,-3.0,0022400669,Devin Carter,devin carter,,,2025-01-29,0,0.0,0.0,0.0,0.3592814371257485,0.0,9.0,6.0,8.0,7.0,6.0,2.0,3.0,10.0,0.0,0,0.0,0,0.002,-26.7,-13343.328335832082,-26.6466,0.0,6.0,7.0,0.0033995884
0022400691,1610612758,Sacramento,Kings,SAC,kings,201942,DeMar,DeRozan,D. DeRozan,demar-derozan,F,,,31:14,31.233333333333334,5,15,0.333,0,3,0.0,7,8,0.875,0,1,1,2,0,0,1,1,17,-13.0,0022400691,DeMar DeRozan,demar derozan,,,2025-02-01,0,0.544290288153682,0.0,0.032017075773746,0.064034151547492,0.0,3.0,8.0,11.0,4.0,8.0,4.0,8.0,2.0,0.0,0,0.0,0,0.0023799999999999997,-21.0,-8819.82360352793,-20.95002,0.0,10.0,10.0,0.48044688
0022400691,1610612758,Sacramento,Kings,SAC,kings,1631099,Keegan,Murray,K. Murray,keegan-murray,F,,,28:19,28.316666666666666,5,10,0.5,4,5,0.8,0,0,0.0,1,4,5,1,0,1,0,0,14,-25.0,0022400691,Keegan Murray,keegan murray,,,2025-02-01,1,0.49440847557386697,0.03531489111241907,0.17657445556209536,0.03531489111241907,0.07062978222483814,5.0,2.0,2.0,7.0,8.0,2.0,11.0,5.0,0.0,0,0.0,0,0.0013700000000000001,-36.8,-26841.72137126185,-36.749584,0.03531489111241907,3.0,8.0,0.48935914
0022400691,1610612758,Sacramento,Kings,SAC,kings,1627734,Domantas,Sabonis,D. Sabonis,domantas-sabonis,C,,,31:20,31.333333333333332,5,13,0.385,1,4,0.25,5,7,0.714,3,4,7,5,1,0,0,2,16,-30.0,0022400691,Domantas Sabonis,domantas sabonis,,,2025-02-01,1,0.5106382978723405,0.09574468085106383,0.22340425531914895,0.1595744680851064,0.12765957446808512,4.0,1.0,1.0,2.0,2.0,4.0,12.0,1.0,2.0,0,0.0,0,0.00203,-42.9,-21122.59970457902,-42.812913,0.03191489361702128,3.0,5.0,0.5134843
0022400691,1610612758,Sacramento,Kings,SAC,kings,1628370,Malik,Monk,M. Monk,malik-monk,G,,,29:24,29.4,9,18,0.5,1,5,0.2,0,0,0.0,1,3,4,7,0,3,3,2,19,-30.0,0022400691,Malik Monk,malik monk,,,2025-02-01,3,0.6462585034013606,0.034013605442176874,0.1360544217687075,0.2380952380952381,0.1360544217687075,2.0,2.0,3.0,1.0,8.0,1.0,12.0,4.0,2.0,0,0.0,0,0.0028000000000000004,-43.1,-15387.36165655123,-42.97932,0.10204081632653061,1.0,4.0,0.69942147
0022400691,1610612758,Sacramento,Kings,SAC,kings,1628368,De'Aaron,Fox,D. Fox,deaaron-fox,G,,,30:16,30.266666666666666,8,16,0.5,3,9,0.333,1,1,1.0,1,3,4,4,1,0,1,0,20,-19.0,0022400691,De'Aaron Fox,de'aaron fox,,,2025-02-01,1,0.6607929515418502,0.03303964757709251,0.13215859030837004,0.13215859030837004,0.06607929515418502,1.0,2.0,3.0,3.0,2.0,4.0,10.0,3.0,2.0,0,0.0,0,0.0022400000000000002,-32.8,-14636.323070058006,-32.726527999999995,0.03303964757709251,3.0,9.0,0.690916
0022400691,1610612758,Sacramento,Kings,SAC,kings,1628989,Kevin,Huerter,K. Huerter,kevin-huerter,,,,7:51,7.85,1,2,0.5,1,2,0.5,0,0,0.0,0,2,2,2,0,0,0,0,3,-8.0,0022400691,Kevin Huerter,kevin huerter,,,2025-02-01,0,0.3821656050955414,0.0,0.25477707006369427,0.25477707006369427,0.0,9.0,8.0,9.0,4.0,8.0,4.0,6.0,10.0,0.0,0,0.0,0,0.00105,-35.4,-33682.207421503335,-35.362829999999995,0.0,10.0,10.0,0.008869176
0022400691,1610612758,Sacramento,Kings,SAC,kings,1631165,Keon,Ellis,K. Ellis,keon-ellis,,,,22:16,22.266666666666666,1,8,0.125,0,6,0.0,1,1,1.0,1,2,3,0,2,1,1,2,3,-16.0,0022400691,Keon Ellis,keon ellis,,,2025-02-01,3,0.1347305389221557,0.04491017964071856,0.1347305389221557,0.0,0.17964071856287425,9.0,2.0,5.0,10.0,1.0,2.0,9.0,6.0,3.0,0,0.0,0,0.00161,-30.0,-18621.973929236497,-29.9517,0.1347305389221557,1.0,1.0,0.0131041715
0022400691,1610612758,Sacramento,Kings,SAC,kings,1626168,Trey,Lyles,T. Lyles,trey-lyles,,,,12:40,12.666666666666666,0,4,0.0,0,3,0.0,0,0,0.0,1,2,3,0,1,0,0,1,0,-5.0,0022400691,Trey Lyles,trey lyles,,,2025-02-01,1,0.0,0.07894736842105264,0.2368421052631579,0.0,0.15789473684210528,12.0,2.0,5.0,10.0,2.0,4.0,5.0,8.0,2.0,0,0.0,0,0.0013800000000000002,-15.7,-11368.573497465604,-15.678333999999998,0.07894736842105264,3.0,2.0,0.017708542
0022400691,1610612758,Sacramento,Kings,SAC,kings,1642403,Isaac,Jones,I. Jones,isaac-jones,,,,16:40,16.666666666666668,3,3,1.0,0,0,0.0,1,3,0.333,1,2,3,1,1,0,0,1,7,-4.0,0022400691,Isaac Jones,isaac jones,,,2025-02-01,1,0.42,0.06,0.18,0.06,0.12,6.0,2.0,5.0,7.0,2.0,4.0,2.0,7.0,5.0,0,0.0,0,0.00095,-10.8,-11356.46687697161,-10.78974,0.06,3.0,6.0,0.22318834
0022400691,1610612758,Sacramento,Kings,SAC,kings,1642269,Devin,Carter,D. Carter,devin-carter,,,,10:01,10.016666666666667,1,5,0.2,1,4,0.25,2,2,1.0,0,2,2,1,1,0,0,1,5,-10.0,0022400691,Devin Carter,devin carter,,,2025-02-01,1,0.4991680532445923,0.0,0.19966722129783693,0.09983361064891846,0.09983361064891846,7.0,8.0,9.0,7.0,2.0,4.0,7.0,9.0,1.0,0,0.0,0,0.00261,-39.9,-15281.501340482573,-39.795860999999995,0.09983361064891846,3.0,7.0,0.016740605
0022400691,1610612758,Sacramento,Kings,SAC,kings,203926,Doug,McDermott,D. McDermott,doug-mcdermott,,,,5:53,5.883333333333333,0,1,0.0,0,1,0.0,0,0,0.0,0,0,0,0,0,0,0,0,0,-2.0,0022400691,Doug McDermott,doug mcdermott,,,2025-02-01,0,0.0,0.0,0.0,0.0,0.0,12.0,8.0,12.0,10.0,8.0,4.0,1.0,13.0,0.0,0,0.0,0,0.00063,-21.9,-34706.81458003169,-21.886203,0.0,10.0,10.0,0.004822137
0022400691,1610612758,Sacramento,Kings,SAC,kings,1630222,Mason,Jones,M. Jones,mason-jones,,,,7:03,7.05,2,3,0.667,0,1,0.0,1,2,0.5,0,3,3,2,0,0,1,0,5,-4.0,0022400691,Mason Jones,mason jones,,,2025-02-01,0,0.7092198581560284,0.0,0.425531914893617,0.28368794326241137,0.0,7.0,8.0,5.0,4.0,8.0,4.0,2.0,11.0,,1,,1,0.0027800000000000004,-23.5,-8450.197770586119,-23.43467,0.0,10.0,10.0,0.055003963
0022400691,1610612758,Sacramento,Kings,SAC,kings,1629162,Jordan,McLaughlin,J. McLaughlin,jordan-mclaughlin,,,,7:03,7.05,0,2,0.0,0,1,0.0,1,2,0.5,0,0,0,0,1,0,0,0,1,-4.0,0022400691,Jordan McLaughlin,jordan mclaughlin,,,2025-02-01,1,0.14184397163120568,0.0,0.0,0.0,0.14184397163120568,11.0,8.0,12.0,10.0,2.0,4.0,2.0,11.0,1.0,0,0.0,0,0.00167,-23.5,-14063.435068821065,-23.460755000000002,0.14184397163120568,3.0,3.0,0.0069126477
0022400704,1610612758,Sacramento,Kings,SAC,kings,201942,DeMar,DeRozan,D. DeRozan,demar-derozan,F,,,37:40,37.666666666666664,14,25,0.56,2,4,0.5,3,4,0.75,0,5,5,7,0,0,0,0,33,-1.0,0022400704,DeMar DeRozan,demar derozan,,,2025-02-03,0,0.8761061946902655,0.0,0.13274336283185842,0.18584070796460178,0.0,1.0,7.0,5.0,1.0,5.0,5.0,6.0,3.0,2.0,0,0.0,0,0.0028599999999999997,-4.6,-1607.8294302691365,-4.586844,0.0,6.0,7.0,0.8065718
0022400704,1610612758,Sacramento,Kings,SAC,kings,1631099,Keegan,Murray,K. Murray,keegan-murray,F,,,39:34,39.56666666666667,7,11,0.636,2,4,0.5,3,4,0.75,2,5,7,1,1,0,1,1,19,-2.0,0022400704,Keegan Murray,keegan murray,,,2025-02-03,1,0.48020219039595613,0.050547598989048016,0.17691659646166805,0.025273799494524008,0.07582139848357203,3.0,2.0,4.0,6.0,3.0,5.0,8.0,2.0,1.0,0,0.0,0,0.00135,-5.6,-4145.077720207254,-5.59244,0.025273799494524008,4.0,5.0,0.5981172
0022400704,1610612758,Sacramento,Kings,SAC,kings,1627734,Domantas,Sabonis,D. Sabonis,domantas-sabonis,C,,,37:12,37.2,5,15,0.333,0,3,0.0,4,6,0.667,5,6,11,3,0,1,1,5,14,8.0,0022400704,Domantas Sabonis,domantas sabonis,,,2025-02-03,1,0.3763440860215054,0.13440860215053763,0.29569892473118276,0.08064516129032258,0.16129032258064516,4.0,1.0,1.0,3.0,5.0,3.0,1.0,4.0,1.0,0,0.0,0,0.00218,11.0,5043.55800091701,10.97602,0.026881720430107524,4.0,3.0,0.5499195
0022400704,1610612758,Sacramento,Kings,SAC,kings,1631165,Keon,Ellis,K. Ellis,keon-ellis,G,,,34:21,34.35,5,8,0.625,3,3,1.0,0,0,0.0,1,2,3,2,3,2,3,2,13,7.0,0022400704,Keon Ellis,keon ellis,,,2025-02-03,5,0.37845705967976706,0.02911208151382824,0.08733624454148471,0.05822416302765648,0.17467248908296942,5.0,3.0,7.0,5.0,1.0,1.0,2.0,5.0,6.0,0,0.0,0,0.00133,6.6,4958.677685950413,6.591221999999999,0.14556040756914118,1.0,2.0,0.8225339
0022400704,1610612758,Sacramento,Kings,SAC,kings,1628370,Malik,Monk,M. Monk,malik-monk,G,,,41:32,41.53333333333333,10,23,0.435,2,6,0.333,4,4,1.0,1,7,8,5,1,1,4,3,26,3.0,0022400704,Malik Monk,malik monk,,,2025-02-03,2,0.6260032102728732,0.024077046548956663,0.1926163723916533,0.12038523274478331,0.07223113964686999,2.0,3.0,2.0,2.0,3.0,3.0,3.0,1.0,1.0,0,0.0,0,0.0028199999999999996,0.8,283.58738036157393,0.797744,0.048154093097913325,3.0,6.0,0.7084917
0022400704,1610612758,Sacramento,Kings,SAC,kings,1642269,Devin,Carter,D. Carter,devin-carter,,,,8:11,8.183333333333334,1,4,0.25,0,1,0.0,0,0,0.0,1,4,5,1,0,0,1,0,2,2.0,0022400704,Devin Carter,devin carter,,,2025-02-03,0,0.24439918533604887,0.12219959266802444,0.6109979633401221,0.12219959266802444,0.12219959266802444,8.0,3.0,5.0,6.0,5.0,5.0,4.0,8.0,1.0,0,0.0,0,0.00227,11.8,5195.948921180097,11.773214000000001,0.0,6.0,4.0,0.024318704
0022400704,1610612758,Sacramento,Kings,SAC,kings,1626168,Trey,Lyles,T. Lyles,trey-lyles,,,,23:17,23.283333333333335,2,4,0.5,1,3,0.333,0,0,0.0,1,7,8,3,2,2,0,2,5,0.0,0022400704,Trey Lyles,trey lyles,,,2025-02-03,4,0.2147458840372226,0.04294917680744452,0.34359341445955616,0.12884753042233357,0.2147458840372226,6.0,3.0,2.0,3.0,2.0,1.0,5.0,6.0,2.0,0,0.0,0,0.00067,-6.8,-10134.12816691505,-6.795444,0.17179670722977808,2.0,1.0,0.090052664
0022400704,1610612758,Sacramento,Kings,SAC,kings,1642403,Isaac,Jones,I. Jones,isaac-jones,,,,11:54,11.9,1,2,0.5,0,0,0.0,2,2,1.0,0,0,0,1,0,0,0,1,4,-6.0,0022400704,Isaac Jones,isaac jones,,,2025-02-03,0,0.3361344537815126,0.0,0.0,0.08403361344537814,0.0,7.0,7.0,8.0,6.0,5.0,5.0,9.0,7.0,0.0,0,0.0,0,0.00097,-15.1,-15550.978372811533,-15.085353,0.0,6.0,7.0,0.008176406
0022400704,1610612758,Sacramento,Kings,SAC,kings,203926,Doug,McDermott,D. McDermott,doug-mcdermott,,,,6:19,6.316666666666666,0,0,0.0,0,0,0.0,0,0,0.0,0,0,0,0,0,0,0,2,0,-1.0,0022400704,Doug McDermott,doug mcdermott,,,2025-02-03,0,0.0,0.0,0.0,0.0,0.0,9.0,7.0,8.0,9.0,5.0,5.0,6.0,9.0,0.0,0,0.0,0,0.0,3.8,3800000.0,3.8,0.0,6.0,7.0,0.005022058
0022400727,1610612758,Sacramento,Kings,SAC,kings,201942,DeMar,DeRozan,D. DeRozan,demar-derozan,F,,,32:57,32.95,6,11,0.545,1,1,1.0,6,7,0.857,0,2,2,2,0,0,3,0,19,-28.0,0022400727,DeMar DeRozan,demar derozan,,,2025-02-05,0,0.5766312594840667,0.0,0.060698027314112286,0.060698027314112286,0.0,2.0,6.0,7.0,6.0,6.0,5.0,13.0,1.0,2.0,0,0.0,0,0.00227,-41.8,-18405.988551298986,-41.705113999999995,0.0,8.0,11.0,0.72162503
0022400727,1610612758,Sacramento,Kings,SAC,kings,1631099,Keegan,Murray,K. Murray,keegan-murray,F,,,30:05,30.083333333333332,2,6,0.333,1,4,0.25,0,0,0.0,2,4,6,1,0,1,3,1,5,-25.0,0022400727,Keegan Murray,keegan murray,,,2025-02-05,1,0.16620498614958448,0.0664819944598338,0.1994459833795014,0.0332409972299169,0.0997229916897507,9.0,3.0,2.0,9.0,6.0,1.0,10.0,4.0,3.0,0,0.0,0,0.00132,-44.2,-33459.50037850114,-44.141656000000005,0.0332409972299169,4.0,6.0,0.024170557
0022400727,1610612758,Sacramento,Kings,SAC,kings,1627734,Domantas,Sabonis,D. Sabonis,domantas-sabonis,C,,,31:44,31.733333333333334,8,10,0.8,1,1,1.0,4,5,0.8,6,7,13,3,0,0,4,3,21,-26.0,0022400727,Domantas Sabonis,domantas sabonis,,,2025-02-05,0,0.6617647058823529,0.18907563025210083,0.4096638655462185,0.09453781512605042,0.18907563025210083,1.0,1.0,1.0,2.0,6.0,5.0,11.0,2.0,3.0,0,0.0,0,0.00219,-42.9,-19580.100410771334,-42.806048999999994,0.0,8.0,3.0,0.8502217
0022400727,1610612758,Sacramento,Kings,SAC,kings,203897,Zach,LaVine,Z. LaVine,zach-lavine,G,,,30:39,30.65,4,13,0.308,0,4,0.0,5,6,0.833,0,1,1,3,1,0,1,1,13,-26.0,0022400727,Zach LaVine,zach lavine,,,2025-02-05,1,0.4241435562805873,0.0,0.032626427406199025,0.09787928221859707,0.032626427406199025,3.0,6.0,8.0,2.0,2.0,5.0,11.0,3.0,4.0,0,0.0,0,0.00246,-46.3,-18813.490451036163,-46.186102,0.032626427406199025,4.0,10.0,0.23444098
0022400727,1610612758,Sacramento,Kings,SAC,kings,1628370,Malik,Monk,M. Monk,malik-monk,G,,,24:54,24.9,4,11,0.364,1,4,0.25,1,1,1.0,0,0,0,3,1,1,3,5,10,-21.0,0022400727,Malik Monk,malik monk,,,2025-02-05,2,0.40160642570281124,0.0,0.0,0.12048192771084339,0.08032128514056225,5.0,6.0,11.0,2.0,2.0,1.0,9.0,6.0,4.0,0,0.0,0,0.0023699999999999997,-46.9,-19780.683256010125,-46.788847,0.08032128514056225,1.0,7.0,0.19678013
0022400727,1610612758,Sacramento,Kings,SAC,kings,1631165,Keon,Ellis,K. Ellis,keon-ellis,,,,26:09,26.15,5,6,0.833,2,3,0.667,0,0,0.0,0,3,3,3,0,1,1,0,12,-13.0,0022400727,Keon Ellis,keon ellis,,,2025-02-05,1,0.45889101338432126,0.0,0.11472275334608031,0.11472275334608031,0.03824091778202677,4.0,6.0,4.0,2.0,6.0,1.0,8.0,5.0,1.0,0,0.0,0,0.0011899999999999999,-21.5,-18052.057094878255,-21.474415,0.03824091778202677,4.0,9.0,0.47144735
0022400727,1610612758,Sacramento,Kings,SAC,kings,1626168,Trey,Lyles,T. Lyles,trey-lyles,,,,15:02,15.033333333333333,2,5,0.4,2,3,0.667,2,2,1.0,0,0,0,0,1,0,0,1,8,-4.0,0022400727,Trey Lyles,trey lyles,,,2025-02-05,1,0.532150776053215,0.0,0.0,0.0,0.06651884700665188,8.0,6.0,11.0,10.0,2.0,5.0,7.0,7.0,1.0,0,0.0,0,0.00167,-20.8,-12447.636146020348,-20.765264000000002,0.06651884700665188,4.0,8.0,0.100168005
0022400727,1610612758,Sacramento,Kings,SAC,kings,1642403,Isaac,Jones,I. Jones,isaac-jones,,,,13:53,13.883333333333333,2,4,0.5,0,0,0.0,0,1,0.0,3,1,4,2,0,0,1,2,4,10.0,0022400727,Isaac Jones,isaac jones,,,2025-02-05,0,0.28811524609843936,0.21608643457382953,0.28811524609843936,0.14405762304921968,0.21608643457382953,10.0,2.0,3.0,6.0,6.0,5.0,2.0,8.0,1.0,0,0.0,0,0.0014299999999999998,35.7,24947.589098532502,35.648949,0.0,8.0,2.0,0.05375222
0022400727,1610612758,Sacramento,Kings,SAC,kings,1642269,Devin,Carter,D. Carter,devin-carter,,,,11:03,11.05,3,5,0.6,1,2,0.5,2,4,0.5,0,3,3,4,2,0,1,0,9,12.0,0022400727,Devin Carter,devin carter,,,2025-02-05,2,0.8144796380090498,0.0,0.27149321266968324,0.36199095022624433,0.18099547511312217,6.0,6.0,4.0,1.0,1.0,5.0,1.0,9.0,2.0,0,0.0,0,0.0027600000000000003,58.1,21043.100325968848,57.939644,0.18099547511312217,1.0,4.0,0.38541612
0022400727,1610612758,Sacramento,Kings,SAC,kings,203458,Alex,Len,A. Len,alex-len,,,,2:23,2.3833333333333333,0,0,0.0,0,0,0.0,0,0,0.0,0,0,0,0,0,0,0,1,0,-3.0,0022400727,Alex Len,alex len,,,2025-02-05,0,0.0,0.0,0.0,0.0,0.0,12.0,6.0,11.0,10.0,6.0,5.0,6.0,13.0,0.0,0,0.0,0,0.0,-30.0,-30000000.0,-30.0,0.0,8.0,11.0,0.003524738
0022400727,1610612758,Sacramento,Kings,SAC,kings,1630222,Mason,Jones,M. Jones,mason-jones,,,,8:13,8.216666666666667,4,7,0.571,1,3,0.333,0,0,0.0,1,0,1,0,0,0,0,0,9,10.0,0022400727,Mason Jones,mason jones,,,2025-02-05,0,1.0953346855983772,0.12170385395537525,0.12170385395537525,0.0,0.12170385395537525,6.0,5.0,8.0,10.0,6.0,5.0,2.0,10.0,0.0,0,0.0,0,0.0030399999999999997,62.5,20552.44985202236,62.309999999999995,0.0,8.0,5.0,0.5373032
0022400727,1610612758,Sacramento,Kings,SAC,kings,1641732,Colby,Jones,C. Jones,colby-jones,,,,8:13,8.216666666666667,0,1,0.0,0,1,0.0,0,0,0.0,2,1,3,2,1,1,0,0,0,10.0,0022400727,Colby Jones,colby jones,,,2025-02-05,2,0.0,0.2434077079107505,0.36511156186612576,0.2434077079107505,0.486815415821501,12.0,3.0,4.0,6.0,2.0,1.0,2.0,10.0,2.0,0,0.0,0,0.00043,62.5,145011.60092807424,62.473124999999996,0.2434077079107505,1.0,1.0,0.09140764
0022400727,1610612758,Sacramento,Kings,SAC,kings,1642384,Isaiah,Crawford,I. Crawford,isaiah-crawford,,,,4:47,4.783333333333333,0,1,0.0,0,1,0.0,1,2,0.5,0,1,1,0,0,0,0,0,1,9.0,0022400727,Isaiah Crawford,isaiah crawford,,,2025-02-05,0,0.20905923344947736,0.0,0.20905923344947736,0.0,0.0,11.0,6.0,8.0,10.0,6.0,5.0,5.0,12.0,1.0,0,0.0,0,0.0014299999999999998,90.0,62893.0817610063,89.87129999999999,0.0,8.0,11.0,0.006844345
0022400732,1610612758,Sacramento,Kings,SAC,kings,201942,DeMar,DeRozan,D. DeRozan,demar-derozan,F,,,37:16,37.266666666666666,9,16,0.563,1,4,0.25,3,4,0.75,1,3,4,7,1,3,0,3,22,5.0,0022400732,DeMar DeRozan,demar derozan,,,2025-02-06,4,0.590339892665474,0.026833631484794278,0.10733452593917711,0.18783542039355994,0.13416815742397137,1.0,5.0,5.0,1.0,3.0,1.0,2.0,2.0,1.0,0,0.0,0,0.0019500000000000001,5.1,2614.044079958995,5.0900549999999996,0.10733452593917711,1.0,2.0,0.90597254
0022400732,1610612758,Sacramento,Kings,SAC,kings,1631099,Keegan,Murray,K. Murray,keegan-murray,F,,,35:09,35.15,5,10,0.5,2,4,0.5,0,0,0.0,2,5,7,1,0,0,1,3,12,7.0,0022400732,Keegan Murray,keegan murray,,,2025-02-06,0,0.34139402560455195,0.05689900426742532,0.19914651493598862,0.02844950213371266,0.05689900426742532,4.0,2.0,2.0,5.0,7.0,5.0,1.0,4.0,0.0,0,0.0,0,0.00133,11.4,8564.988730277988,11.384838,0.0,8.0,8.0,0.57040644
0022400732,1610612758,Sacramento,Kings,SAC,kings,1627734,Domantas,Sabonis,D. Sabonis,domantas-sabonis,C,,,29:16,29.266666666666666,2,6,0.333,1,3,0.333,5,6,0.833,4,10,14,4,1,1,4,6,10,5.0,0022400732,Domantas Sabonis,domantas sabonis,,,2025-02-06,2,0.3416856492027335,0.1366742596810934,0.4783599088838269,0.1366742596810934,0.2050113895216401,5.0,1.0,1.0,2.0,3.0,2.0,2.0,5.0,5.0,0,0.0,0,0.0018599999999999999,8.3,4459.967759269211,8.284562000000001,0.0683371298405467,3.0,1.0,0.64652
0022400732,1610612758,Sacramento,Kings,SAC,kings,203897,Zach,LaVine,Z. LaVine,zach-lavine,G,,,36:48,36.8,8,19,0.421,3,9,0.333,3,4,0.75,0,4,4,1,0,1,0,2,22,-1.0,0022400732,Zach LaVine,zach lavine,,,2025-02-06,1,0.5978260869565218,0.0,0.10869565217391305,0.027173913043478264,0.027173913043478264,1.0,6.0,5.0,5.0,7.0,2.0,5.0,3.0,1.0,0,0.0,0,0.0023599999999999997,-7.1,-3007.200338839475,-7.083244,0.027173913043478264,5.0,9.0,0.71956986
0022400732,1610612758,Sacramento,Kings,SAC,kings,1628370,Malik,Monk,M. Monk,malik-monk,G,,,38:34,38.56666666666667,8,20,0.4,2,6,0.333,3,4,0.75,2,5,7,4,2,1,3,2,21,1.0,0022400732,Malik Monk,malik monk,,,2025-02-06,3,0.5445116681071737,0.05185825410544511,0.1815038893690579,0.10371650821089022,0.12964563526361278,3.0,2.0,2.0,2.0,1.0,2.0,4.0,1.0,3.0,0,0.0,0,0.0027500000000000003,2.6,945.1108687749908,2.59285,0.07778738115816766,2.0,3.0,0.6064795
0022400732,1610612758,Sacramento,Kings,SAC,kings,1631165,Keon,Ellis,K. Ellis,keon-ellis,,,,23:35,23.583333333333332,2,4,0.5,1,2,0.5,2,2,1.0,0,3,3,0,2,0,2,1,7,-11.0,0022400732,Keon Ellis,keon ellis,,,2025-02-06,2,0.2968197879858657,0.0,0.12720848056537104,0.0,0.08480565371024736,6.0,6.0,7.0,8.0,1.0,5.0,7.0,6.0,3.0,0,0.0,0,0.00127,-24.2,-19040.12588512982,-24.169266,0.08480565371024736,3.0,6.0,0.04264477
0022400732,1610612758,Sacramento,Kings,SAC,kings,1626168,Trey,Lyles,T. Lyles,trey-lyles,,,,13:41,13.683333333333334,1,3,0.333,0,1,0.0,0,0,0.0,0,2,2,1,1,0,0,1,2,-14.0,0022400732,Trey Lyles,trey lyles,,,2025-02-06,1,0.146163215590743,0.0,0.146163215590743,0.0730816077953715,0.0730816077953715,8.0,6.0,8.0,5.0,3.0,5.0,9.0,8.0,1.0,0,0.0,0,0.001,-45.6,-45554.445554445556,-45.5544,0.0730816077953715,5.0,7.0,0.009840016
0022400732,1610612758,Sacramento,Kings,SAC,kings,202685,Jonas,Valančiūnas,J. Valančiūnas,jonas-valančiūnas,,,,17:22,17.366666666666667,2,8,0.25,0,0,0.0,2,2,1.0,2,3,5,3,0,0,0,2,6,-12.0,0022400732,Jonas Valančiūnas,jonas valančiūnas,,,2025-02-06,0,0.345489443378119,0.11516314779270632,0.28790786948176583,0.1727447216890595,0.11516314779270632,7.0,2.0,4.0,4.0,7.0,5.0,8.0,7.0,1.0,0,0.0,0,0.0022500000000000003,-33.3,-14793.425144380271,-33.225075,0.0,8.0,5.0,0.035653803
0022400732,1610612758,Sacramento,Kings,SAC,kings,1642269,Devin,Carter,D. Carter,devin-carter,,,,8:19,8.316666666666666,0,2,0.0,0,1,0.0,0,0,0.0,0,1,1,0,1,0,0,0,0,-10.0,0022400732,Devin Carter,devin carter,,,2025-02-06,1,0.0,0.0,0.12024048096192386,0.0,0.12024048096192386,9.0,6.0,9.0,8.0,3.0,5.0,6.0,9.0,2.0,0,1.0,0,0.00091,-65.9,-72338.09001097696,-65.84003100000001,0.12024048096192386,5.0,4.0,0.013196654
0022400750,1610612758,Sacramento,Kings,SAC,kings,201942,DeMar,DeRozan,D. DeRozan,demar-derozan,F,,,31:52,31.866666666666667,4,12,0.333,0,3,0.0,3,4,0.75,1,5,6,4,0,1,3,0,11,-7.0,0022400750,DeMar DeRozan,demar derozan,,,2025-02-08,1,0.34518828451882844,0.03138075313807531,0.18828451882845187,0.12552301255230125,0.06276150627615062,6.0,4.0,3.0,3.0,6.0,3.0,8.0,6.0,0.0,0,0.0,0,0.002,-14.0,-6996.501749125437,-13.972,0.03138075313807531,5.0,7.0,0.15190126
0022400750,1610612758,Sacramento,Kings,SAC,kings,1631099,Keegan,Murray,K. Murray,keegan-murray,F,,,35:56,35.93333333333333,7,15,0.467,2,8,0.25,3,3,1.0,2,6,8,0,2,3,2,2,19,-4.0,0022400750,Keegan Murray,keegan murray,,,2025-02-08,5,0.5287569573283859,0.05565862708719852,0.22263450834879409,0.0,0.19480519480519481,3.0,2.0,2.0,9.0,3.0,1.0,7.0,2.0,1.0,0,0.0,0,0.00189,-7.4,-3913.2734003172927,-7.386014,0.1391465677179963,1.0,2.0,0.81434757
0022400750,1610612758,Sacramento,Kings,SAC,kings,1627734,Domantas,Sabonis,D. Sabonis,domantas-sabonis,C,,,34:17,34.28333333333333,10,18,0.556,1,3,0.333,6,10,0.6,4,12,16,2,0,0,2,6,27,-13.0,0022400750,Domantas Sabonis,domantas sabonis,,,2025-02-08,0,0.7875546912980068,0.1166747690811862,0.4666990763247448,0.0583373845405931,0.1166747690811862,1.0,1.0,1.0,4.0,6.0,5.0,9.0,3.0,2.0,0,0.0,0,0.0028399999999999996,-16.7,-5878.211897219289,-16.652572,0.0,8.0,5.0,0.8725465
0022400750,1610612758,Sacramento,Kings,SAC,kings,203897,Zach,LaVine,Z. LaVine,zach-lavine,G,,,37:19,37.31666666666667,7,14,0.5,1,7,0.143,7,7,1.0,0,4,4,5,1,0,3,2,22,7.0,0022400750,Zach LaVine,zach lavine,,,2025-02-08,1,0.5895489057615007,0.0,0.10719071013845466,0.1339883876730683,0.026797677534613665,2.0,7.0,5.0,2.0,4.0,5.0,4.0,1.0,3.0,0,0.0,0,0.002,6.9,3448.2758620689656,6.8862000000000005,0.026797677534613665,5.0,8.0,0.6900566
0022400750,1610612758,Sacramento,Kings,SAC,kings,1628370,Malik,Monk,M. Monk,malik-monk,G,,,32:15,32.25,5,14,0.357,2,8,0.25,1,1,1.0,0,4,4,7,3,0,5,3,13,0.0,0022400750,Malik Monk,malik monk,,,2025-02-08,3,0.40310077519379844,0.0,0.12403100775193798,0.21705426356589147,0.09302325581395349,4.0,7.0,5.0,1.0,1.0,5.0,6.0,4.0,1.0,0,0.0,0,0.00218,1.4,641.9073819348921,1.396948,0.09302325581395349,2.0,6.0,0.49812523
0022400750,1610612758,Sacramento,Kings,SAC,kings,1631165,Keon,Ellis,K. Ellis,keon-ellis,,,,32:05,32.083333333333336,4,6,0.667,3,5,0.6,2,4,0.5,2,2,4,2,3,0,1,3,13,14.0,0022400750,Keon Ellis,keon ellis,,,2025-02-08,3,0.40519480519480516,0.06233766233766233,0.12467532467532466,0.06233766233766233,0.15584415584415584,4.0,2.0,5.0,4.0,1.0,5.0,2.0,5.0,5.0,0,0.0,0,0.00107,17.4,16246.498599439776,17.381382,0.0935064935064935,2.0,3.0,0.7515584
0022400750,1610612758,Sacramento,Kings,SAC,kings,1626168,Trey,Lyles,T. Lyles,trey-lyles,,,,10:29,10.483333333333333,2,6,0.333,1,5,0.2,0,0,0.0,0,2,2,1,0,0,0,1,5,1.0,0022400750,Trey Lyles,trey lyles,,,2025-02-08,0,0.47694753577106525,0.0,0.1907790143084261,0.09538950715421304,0.0,9.0,7.0,8.0,7.0,6.0,5.0,5.0,9.0,0.0,0,0.0,0,0.0024,11.9,4956.268221574344,11.871440000000002,0.0,8.0,9.0,0.030610181
0022400750,1610612758,Sacramento,Kings,SAC,kings,202685,Jonas,Valančiūnas,J. Valančiūnas,jonas-valančiūnas,,,,13:43,13.716666666666667,1,2,0.5,0,0,0.0,4,4,1.0,1,4,5,1,0,1,1,4,6,18.0,0022400750,Jonas Valančiūnas,jonas valančiūnas,,,2025-02-08,1,0.4374240583232078,0.07290400972053462,0.3645200486026731,0.07290400972053462,0.14580801944106925,8.0,4.0,4.0,7.0,6.0,3.0,1.0,7.0,1.0,0,0.0,0,0.00132,54.5,41256.623769871316,54.42806,0.07290400972053462,5.0,4.0,0.27212098
0022400750,1610612758,Sacramento,Kings,SAC,kings,1631222,Jake,LaRavia,J. LaRavia,jake-laravia,,,,12:04,12.066666666666666,3,4,0.75,1,2,0.5,0,0,0.0,1,1,2,2,1,2,1,1,7,9.0,0022400750,Jake LaRavia,jake laravia,,,2025-02-08,3,0.580110497237569,0.08287292817679558,0.16574585635359115,0.16574585635359115,0.3314917127071823,7.0,4.0,8.0,4.0,4.0,2.0,3.0,8.0,2.0,0,0.0,0,0.00156,35.3,22613.709160794362,35.244932,0.24861878453038674,2.0,1.0,0.45271784
0022400762,1610612758,Sacramento,Kings,SAC,kings,201942,DeMar,DeRozan,D. DeRozan,demar-derozan,F,,,38:35,38.583333333333336,15,22,0.682,4,6,0.667,8,8,1.0,0,7,7,3,0,0,1,2,42,21.0,0022400762,DeMar DeRozan,demar derozan,,,2025-02-10,0,1.0885529157667386,0.0,0.1814254859611231,0.07775377969762419,0.0,1.0,6.0,3.0,4.0,3.0,4.0,1.0,3.0,1.0,0,0.0,0,0.0028000000000000004,24.3,8675.473045340948,24.23196,0.0,5.0,7.0,0.7855318
0022400762,1610612758,Sacramento,Kings,SAC,kings,1631099,Keegan,Murray,K. Murray,keegan-murray,F,,,29:56,29.933333333333334,5,11,0.455,1,4,0.25,0,0,0.0,1,4,5,3,2,1,0,2,11,-3.0,0022400762,Keegan Murray,keegan murray,,,2025-02-10,3,0.3674832962138085,0.03340757238307349,0.16703786191536749,0.10022271714922049,0.13363028953229397,6.0,4.0,5.0,4.0,1.0,1.0,5.0,6.0,2.0,0,0.0,0,0.00149,-2.8,-1877.9342723004695,-2.7958279999999998,0.10022271714922049,1.0,2.0,0.5517126
0022400762,1610612758,Sacramento,Kings,SAC,kings,1627734,Domantas,Sabonis,D. Sabonis,domantas-sabonis,C,,,41:47,41.78333333333333,7,10,0.7,0,0,0.0,2,5,0.4,3,12,15,8,0,0,3,3,16,19.0,0022400762,Domantas Sabonis,domantas sabonis,,,2025-02-10,0,0.3829278021539689,0.07179896290386917,0.35899481451934584,0.19146390107698444,0.07179896290386917,4.0,2.0,1.0,1.0,3.0,4.0,2.0,2.0,0.0,0,0.0,0,0.0015,20.4,13590.939373750833,20.3694,0.0,5.0,3.0,0.7840696
0022400762,1610612758,Sacramento,Kings,SAC,kings,203897,Zach,LaVine,Z. LaVine,zach-lavine,G,,,38:25,38.416666666666664,8,18,0.444,1,6,0.167,0,0,0.0,0,4,4,4,1,0,5,4,17,6.0,0022400762,Zach LaVine,zach lavine,,,2025-02-10,1,0.44251626898047725,0.0,0.10412147505422994,0.10412147505422994,0.026030368763557486,2.0,6.0,6.0,3.0,2.0,4.0,4.0,4.0,0.0,0,0.0,0,0.0025,7.3,2918.832467013194,7.281750000000001,0.026030368763557486,2.0,6.0,0.41469628
0022400762,1610612758,Sacramento,Kings,SAC,kings,1628370,Malik,Monk,M. Monk,malik-monk,G,,,42:50,42.833333333333336,7,17,0.412,0,4,0.0,3,4,0.75,2,1,3,8,0,1,4,3,17,8.0,0022400762,Malik Monk,malik monk,,,2025-02-10,1,0.3968871595330739,0.04669260700389105,0.07003891050583658,0.1867704280155642,0.07003891050583658,2.0,3.0,7.0,1.0,3.0,1.0,3.0,1.0,2.0,0,1.0,0,0.00215,6.2,2882.3802882380287,6.18667,0.023346303501945526,2.0,4.0,0.70310605
0022400762,1610612758,Sacramento,Kings,SAC,kings,1631165,Keon,Ellis,K. Ellis,keon-ellis,,,,32:24,32.4,3,5,0.6,2,4,0.5,0,0,0.0,1,5,6,1,0,1,2,1,8,-13.0,0022400762,Keon Ellis,keon ellis,,,2025-02-10,1,0.2469135802469136,0.0308641975308642,0.1851851851851852,0.0308641975308642,0.0617283950617284,7.0,4.0,4.0,6.0,3.0,1.0,8.0,5.0,10.0,0,0.0,0,0.00091,-18.8,-20636.663007683863,-18.782892,0.0308641975308642,2.0,5.0,0.069384076
0022400762,1610612758,Sacramento,Kings,SAC,kings,1631222,Jake,LaRavia,J. LaRavia,jake-laravia,,,,13:17,13.283333333333333,1,1,1.0,0,0,0.0,0,0,0.0,0,1,1,1,0,0,1,1,2,-17.0,0022400762,Jake LaRavia,jake laravia,,,2025-02-10,0,0.15056461731493098,0.0,0.07528230865746549,0.07528230865746549,0.0,9.0,6.0,8.0,6.0,3.0,4.0,9.0,8.0,1.0,0,0.0,0,0.00061,-55.8,-91325.69558101472,-55.765961999999995,0.0,5.0,7.0,0.007517654
0022400762,1610612758,Sacramento,Kings,SAC,kings,1626168,Trey,Lyles,T. Lyles,trey-lyles,,,,10:08,10.133333333333333,1,3,0.333,1,2,0.5,0,0,0.0,0,1,1,0,0,0,0,0,3,-10.0,0022400762,Trey Lyles,trey lyles,,,2025-02-10,0,0.2960526315789474,0.0,0.09868421052631579,0.0,0.0,8.0,6.0,8.0,8.0,3.0,4.0,7.0,9.0,1.0,0,0.0,0,0.00107,-47.1,-43977.59103641457,-47.049603,0.0,5.0,7.0,0.0068525337
0022400762,1610612758,Sacramento,Kings,SAC,kings,202685,Jonas,Valančiūnas,J. Valančiūnas,jonas-valančiūnas,,,,17:38,17.633333333333333,6,9,0.667,0,0,0.0,1,2,0.5,6,2,8,0,0,0,4,6,13,-6.0,0022400762,Jonas Valančiūnas,jonas valančiūnas,,,2025-02-10,0,0.7372400756143668,0.3402646502835539,0.45368620037807184,0.0,0.3402646502835539,5.0,1.0,2.0,8.0,3.0,4.0,6.0,7.0,2.0,0,0.0,0,0.0034100000000000003,-14.0,-4104.368220463207,-13.952259999999999,0.0,5.0,1.0,0.79388237
0022400777,1610612758,Sacramento,Kings,SAC,kings,201942,DeMar,DeRozan,D. DeRozan,demar-derozan,F,,,37:29,37.483333333333334,9,17,0.529,3,6,0.5,3,4,0.75,0,4,4,6,0,0,2,1,24,15.0,0022400777,DeMar DeRozan,demar derozan,,,2025-02-12,0,0.640284570920409,0.0,0.10671409515340151,0.16007114273010226,0.0,2.0,6.0,4.0,2.0,4.0,5.0,3.0,1.0,0.0,0,0.0,0,0.00241,18.5,7673.16466196599,18.455415,0.0,6.0,9.0,0.6854739
0022400777,1610612758,Sacramento,Kings,SAC,kings,1631099,Keegan,Murray,K. Murray,keegan-murray,F,,,33:41,33.68333333333333,1,5,0.2,1,5,0.2,3,4,0.75,0,7,7,5,0,1,1,1,6,22.0,0022400777,Keegan Murray,keegan murray,,,2025-02-12,1,0.1781296387926769,0.0,0.20781791192478974,0.1484413656605641,0.02968827313211282,6.0,6.0,2.0,3.0,4.0,4.0,2.0,4.0,1.0,0,0.0,0,0.0010299999999999999,28.8,27934.044616876825,28.770336,0.02968827313211282,5.0,7.0,0.13085552
0022400777,1610612758,Sacramento,Kings,SAC,kings,1627734,Domantas,Sabonis,D. Sabonis,domantas-sabonis,C,,,33:24,33.4,8,13,0.615,0,1,0.0,0,0,0.0,4,11,15,5,2,0,1,5,16,13.0,0022400777,Domantas Sabonis,domantas sabonis,,,2025-02-12,2,0.47904191616766467,0.11976047904191617,0.44910179640718567,0.14970059880239522,0.17964071856287425,5.0,1.0,1.0,3.0,1.0,5.0,4.0,5.0,3.0,0,0.0,0,0.00184,16.8,9125.475285171104,16.769088,0.059880239520958084,3.0,3.0,0.8245274
0022400777,1610612758,Sacramento,Kings,SAC,kings,203897,Zach,LaVine,Z. LaVine,zach-lavine,G,,,34:37,34.61666666666667,5,14,0.357,2,8,0.25,11,11,1.0,1,2,3,7,0,0,2,0,23,24.0,0022400777,Zach LaVine,zach lavine,,,2025-02-12,0,0.6644198363023591,0.02888781896966779,0.08666345690900337,0.20221473278767452,0.02888781896966779,3.0,4.0,8.0,1.0,4.0,5.0,1.0,3.0,0.0,0,0.0,0,0.00256,31.1,12143.693869582194,31.020384,0.0,6.0,8.0,0.6468128
0022400777,1610612758,Sacramento,Kings,SAC,kings,1628370,Malik,Monk,M. Monk,malik-monk,G,,,37:19,37.31666666666667,6,14,0.429,3,8,0.375,2,2,1.0,0,4,4,4,0,2,2,3,17,-12.0,0022400777,Malik Monk,malik monk,,,2025-02-12,2,0.4555605180884323,0.0,0.10719071013845466,0.10719071013845466,0.05359535506922733,4.0,6.0,4.0,5.0,4.0,1.0,7.0,2.0,2.0,0,0.0,0,0.00187,-17.2,-9192.944949225013,-17.167835999999998,0.05359535506922733,3.0,6.0,0.3829566
0022400777,1610612758,Sacramento,Kings,SAC,kings,1631165,Keon,Ellis,K. Ellis,keon-ellis,,,,29:06,29.1,10,14,0.714,7,11,0.636,0,0,0.0,0,5,5,1,1,2,1,2,27,11.0,0022400777,Keon Ellis,keon ellis,,,2025-02-12,3,0.9278350515463917,0.0,0.1718213058419244,0.034364261168384876,0.10309278350515463,1.0,6.0,3.0,6.0,2.0,1.0,5.0,6.0,6.0,0,0.0,0,0.0022400000000000002,20.0,8924.58723784025,19.955199999999998,0.10309278350515463,1.0,5.0,0.8931291
0022400777,1610612758,Sacramento,Kings,SAC,kings,202685,Jonas,Valančiūnas,J. Valančiūnas,jonas-valančiūnas,,,,14:36,14.6,2,3,0.667,0,0,0.0,1,2,0.5,2,2,4,0,1,2,1,2,5,-5.0,0022400777,Jonas Valančiūnas,jonas valančiūnas,,,2025-02-12,3,0.3424657534246575,0.136986301369863,0.273972602739726,0.0,0.3424657534246575,7.0,3.0,4.0,7.0,2.0,1.0,6.0,7.0,1.0,0,0.0,0,0.00128,-17.9,-13973.458235753316,-17.877088,0.20547945205479454,1.0,2.0,0.0780914
0022400777,1610612758,Sacramento,Kings,SAC,kings,1631222,Jake,LaRavia,J. LaRavia,jake-laravia,,,,10:34,10.566666666666666,0,2,0.0,0,2,0.0,0,4,0.0,4,0,4,0,0,0,1,1,0,-12.0,0022400777,Jake LaRavia,jake laravia,,,2025-02-12,0,0.0,0.37854889589905366,0.37854889589905366,0.0,0.37854889589905366,9.0,1.0,4.0,7.0,4.0,5.0,7.0,8.0,,1,,1,0.00172,-72.2,-41952.35328297502,-72.075816,0.0,6.0,1.0,0.007886106
0022400777,1610612758,Sacramento,Kings,SAC,kings,1626168,Trey,Lyles,T. Lyles,trey-lyles,,,,9:14,9.233333333333333,0,5,0.0,0,4,0.0,1,2,0.5,1,1,2,0,0,0,0,1,1,-16.0,0022400777,Trey Lyles,trey lyles,,,2025-02-12,0,0.10830324909747294,0.10830324909747294,0.21660649819494587,0.0,0.10830324909747294,8.0,4.0,9.0,7.0,4.0,5.0,9.0,9.0,1.0,0,2.0,0,0.00222,-80.4,-36199.90995047276,-80.221512,0.0,6.0,4.0,0.01136143
0022400785,1610612758,Sacramento,Kings,SAC,kings,201942,DeMar,DeRozan,D. DeRozan,demar-derozan,F,,,43:13,43.21666666666667,5,16,0.313,1,4,0.25,9,9,1.0,0,4,4,5,0,0,0,4,20,-2.0,0022400785,DeMar DeRozan,demar derozan,,,2025-02-13,0,0.4627844195912071,0.0,0.09255688391824142,0.11569610489780177,0.0,4.0,8.0,4.0,3.0,7.0,2.0,2.0,2.0,0.0,0,0.0,0,0.0018,-2.2,-1221.543586896169,-2.19604,0.0,7.0,9.0,0.23998402
0022400785,1610612758,Sacramento,Kings,SAC,kings,1631099,Keegan,Murray,K. Murray,keegan-murray,F,,,35:30,35.5,5,11,0.455,3,9,0.333,0,0,0.0,2,6,8,3,1,0,0,3,13,7.0,0022400785,Keegan Murray,keegan murray,,,2025-02-13,1,0.36619718309859156,0.056338028169014086,0.22535211267605634,0.08450704225352113,0.08450704225352113,5.0,2.0,2.0,5.0,2.0,2.0,1.0,5.0,4.0,0,0.0,0,0.0012,7.7,6411.323896752707,7.69076,0.028169014084507043,3.0,7.0,0.77376646
0022400785,1610612758,Sacramento,Kings,SAC,kings,1627734,Domantas,Sabonis,D. Sabonis,domantas-sabonis,C,,,42:37,42.61666666666667,10,16,0.625,1,2,0.5,1,2,0.5,13,15,28,5,0,0,5,1,22,-2.0,0022400785,Domantas Sabonis,domantas sabonis,,,2025-02-13,0,0.516229956980837,0.30504497457958546,0.6570199452483378,0.11732499022291748,0.30504497457958546,3.0,1.0,1.0,3.0,7.0,2.0,2.0,4.0,5.0,0,0.0,0,0.00202,-5.0,-2474.022761009401,-4.9899,0.0,7.0,1.0,0.75290346
0022400785,1610612758,Sacramento,Kings,SAC,kings,203897,Zach,LaVine,Z. LaVine,zach-lavine,G,,,45:18,45.3,12,24,0.5,5,12,0.417,3,3,1.0,1,1,2,10,3,0,3,1,32,-10.0,0022400785,Zach LaVine,zach lavine,,,2025-02-13,3,0.7064017660044151,0.02207505518763797,0.04415011037527594,0.2207505518763797,0.08830022075055188,1.0,4.0,7.0,1.0,1.0,2.0,8.0,1.0,3.0,0,0.0,0,0.00241,-12.8,-5309.000414765658,-12.769152,0.06622516556291391,1.0,5.0,0.8827232
0022400785,1610612758,Sacramento,Kings,SAC,kings,1628370,Malik,Monk,M. Monk,malik-monk,G,,,42:43,42.71666666666667,8,24,0.333,4,12,0.333,4,4,1.0,1,5,6,9,1,1,4,4,24,-4.0,0022400785,Malik Monk,malik monk,,,2025-02-13,2,0.5618415918845103,0.023410066328521262,0.14046039797112758,0.21069059695669137,0.07023019898556379,2.0,4.0,3.0,2.0,2.0,1.0,6.0,3.0,3.0,0,0.0,0,0.0027500000000000003,-4.5,-1635.76881134133,-4.4876249999999995,0.046820132657042525,2.0,8.0,0.66167414
0022400785,1610612758,Sacramento,Kings,SAC,kings,1631165,Keon,Ellis,K. Ellis,keon-ellis,,,,22:44,22.733333333333334,3,10,0.3,1,4,0.25,0,0,0.0,1,2,3,1,1,0,0,1,7,-11.0,0022400785,Keon Ellis,keon ellis,,,2025-02-13,1,0.30791788856304986,0.0439882697947214,0.13196480938416422,0.0439882697947214,0.0879765395894428,7.0,4.0,6.0,8.0,2.0,2.0,9.0,6.0,1.0,0,0.0,0,0.00159,-22.0,-13827.781269641735,-21.96502,0.0439882697947214,3.0,6.0,0.055070598
0022400785,1610612758,Sacramento,Kings,SAC,kings,202685,Jonas,Valančiūnas,J. Valančiūnas,jonas-valančiūnas,,,,13:41,13.683333333333334,2,3,0.667,0,0,0.0,0,2,0.0,1,1,2,2,1,0,0,2,4,-8.0,0022400785,Jonas Valančiūnas,jonas valančiūnas,,,2025-02-13,1,0.292326431181486,0.0730816077953715,0.146163215590743,0.146163215590743,0.146163215590743,8.0,4.0,7.0,7.0,2.0,2.0,7.0,7.0,1.0,0,0.0,0,0.0010299999999999999,-33.5,-32492.72550921436,-33.465495000000004,0.0730816077953715,3.0,3.0,0.026278285
0022400785,1610612758,Sacramento,Kings,SAC,kings,1631222,Jake,LaRavia,J. LaRavia,jake-laravia,,,,10:30,10.5,1,4,0.25,1,3,0.333,0,0,0.0,0,1,1,0,1,0,1,1,3,-3.0,0022400785,Jake LaRavia,jake laravia,,,2025-02-13,1,0.2857142857142857,0.0,0.09523809523809523,0.0,0.09523809523809523,9.0,8.0,9.0,9.0,2.0,2.0,5.0,8.0,3.0,0,0.0,0,0.00161,-21.8,-13531.967721911857,-21.764902,0.09523809523809523,3.0,4.0,0.012316282
0022400785,1610612758,Sacramento,Kings,SAC,kings,1626168,Trey,Lyles,T. Lyles,trey-lyles,,,,8:44,8.733333333333333,3,4,0.75,1,1,1.0,1,1,1.0,2,2,4,3,0,0,1,2,8,-2.0,0022400785,Trey Lyles,trey lyles,,,2025-02-13,0,0.9160305343511451,0.22900763358778628,0.45801526717557256,0.3435114503816794,0.22900763358778628,6.0,2.0,4.0,5.0,7.0,2.0,2.0,9.0,0.0,0,0.0,0,0.00192,-23.6,-12285.268089536701,-23.554688000000002,0.0,7.0,2.0,0.3091231
0022400805,1610612758,Sacramento,Kings,SAC,kings,201942,DeMar,DeRozan,D. DeRozan,demar-derozan,F,,,33:52,33.86666666666667,10,14,0.714,4,7,0.571,10,10,1.0,0,4,4,6,1,0,1,1,34,-8.0,0022400805,DeMar DeRozan,demar derozan,,,2025-02-21,1,1.0039370078740157,0.0,0.11811023622047244,0.17716535433070865,0.02952755905511811,1.0,6.0,4.0,2.0,2.0,4.0,7.0,1.0,2.0,0,0.0,0,0.00247,-9.7,-3925.5362201537832,-9.676041,0.02952755905511811,5.0,8.0,0.8973766
0022400805,1610612758,Sacramento,Kings,SAC,kings,1631099,Keegan,Murray,K. Murray,keegan-murray,F,,,33:41,33.68333333333333,5,10,0.5,3,5,0.6,0,0,0.0,2,3,5,0,1,1,1,3,13,-5.0,0022400805,Keegan Murray,keegan murray,,,2025-02-21,2,0.3859475507174666,0.05937654626422564,0.1484413656605641,0.0,0.11875309252845127,3.0,3.0,2.0,9.0,2.0,1.0,4.0,3.0,2.0,0,0.0,0,0.0014299999999999998,-5.4,-3773.5849056603784,-5.392278,0.05937654626422564,1.0,4.0,0.6995566
0022400805,1610612758,Sacramento,Kings,SAC,kings,1627734,Domantas,Sabonis,D. Sabonis,domantas-sabonis,C,,,31:32,31.533333333333335,6,10,0.6,1,3,0.333,1,2,0.5,3,11,14,9,1,0,4,1,14,-2.0,0022400805,Domantas Sabonis,domantas sabonis,,,2025-02-21,1,0.4439746300211416,0.09513742071881606,0.4439746300211416,0.2854122621564482,0.12684989429175475,2.0,1.0,1.0,1.0,2.0,4.0,1.0,4.0,1.0,0,0.0,0,0.00211,-3.1,-1468.498342018001,-3.093459,0.03171247357293869,5.0,3.0,0.7560348
0022400805,1610612758,Sacramento,Kings,SAC,kings,203897,Zach,LaVine,Z. LaVine,zach-lavine,G,,,33:47,33.78333333333333,5,12,0.417,2,7,0.286,1,1,1.0,0,5,5,3,1,0,5,4,13,-24.0,0022400805,Zach LaVine,zach lavine,,,2025-02-21,1,0.3848051307350765,0.0,0.1480019733596448,0.08880118401578688,0.02960039467192896,3.0,6.0,2.0,4.0,2.0,4.0,13.0,2.0,1.0,0,0.0,0,0.00215,-36.4,-16922.36169223617,-36.32174,0.02960039467192896,5.0,7.0,0.24772823
0022400805,1610612758,Sacramento,Kings,SAC,kings,1628370,Malik,Monk,M. Monk,malik-monk,G,,,30:11,30.183333333333334,6,11,0.545,1,4,0.25,0,0,0.0,0,0,0,4,1,1,2,2,13,-11.0,0022400805,Malik Monk,malik monk,,,2025-02-21,2,0.43070127001656544,0.0,0.0,0.13252346769740475,0.06626173384870238,3.0,6.0,10.0,3.0,2.0,1.0,9.0,5.0,1.0,0,0.0,0,0.00188,-20.1,-10685.805422647529,-20.062212000000002,0.06626173384870238,1.0,6.0,0.5607434
0022400805,1610612758,Sacramento,Kings,SAC,kings,1631165,Keon,Ellis,K. Ellis,keon-ellis,,,,23:41,23.683333333333334,0,6,0.0,0,4,0.0,2,2,1.0,2,0,2,1,1,1,1,2,2,-18.0,0022400805,Keon Ellis,keon ellis,,,2025-02-21,2,0.0844475721323012,0.0844475721323012,0.0844475721323012,0.0422237860661506,0.1688951442646024,9.0,3.0,6.0,5.0,2.0,1.0,11.0,6.0,1.0,0,0.0,0,0.00131,-36.0,-27459.954233409615,-35.95284,0.0844475721323012,1.0,2.0,0.008963282
0022400805,1610612758,Sacramento,Kings,SAC,kings,1631222,Jake,LaRavia,J. LaRavia,jake-laravia,,,,16:01,16.016666666666666,0,5,0.0,0,2,0.0,0,0,0.0,3,1,4,0,2,0,2,0,0,-18.0,0022400805,Jake LaRavia,jake laravia,,,2025-02-21,2,0.0,0.18730489073881373,0.24973985431841833,0.0,0.3121748178980229,11.0,1.0,4.0,9.0,1.0,4.0,11.0,7.0,2.0,0,0.0,0,0.00184,-53.5,-29060.293318848453,-53.40156,0.12486992715920917,1.0,1.0,0.015007063
0022400805,1610612758,Sacramento,Kings,SAC,kings,202685,Jonas,Valančiūnas,J. Valančiūnas,jonas-valančiūnas,,,,9:05,9.083333333333334,2,4,0.5,0,0,0.0,2,2,1.0,1,1,2,1,0,0,0,1,6,-12.0,0022400805,Jonas Valančiūnas,jonas valančiūnas,,,2025-02-21,0,0.6605504587155963,0.11009174311926605,0.2201834862385321,0.11009174311926605,0.11009174311926605,7.0,5.0,6.0,5.0,8.0,4.0,10.0,9.0,1.0,0,0.0,0,0.002,-63.2,-31584.207896051972,-63.073600000000006,0.0,8.0,5.0,0.055410787
0022400805,1610612758,Sacramento,Kings,SAC,kings,1626168,Trey,Lyles,T. Lyles,trey-lyles,,,,8:27,8.45,0,0,0.0,0,0,0.0,0,0,0.0,0,2,2,0,0,0,2,1,0,-8.0,0022400805,Trey Lyles,trey lyles,,,2025-02-21,0,0.0,0.0,0.2366863905325444,0.0,0.0,11.0,6.0,6.0,9.0,8.0,4.0,7.0,10.0,0.0,0,0.0,0,0.0008699999999999999,-41.5,-47646.383467278996,-41.463895,0.0,8.0,9.0,0.003102082
0022400805,1610612758,Sacramento,Kings,SAC,kings,1628365,Markelle,Fultz,M. Fultz,markelle-fultz,,,,9:36,9.6,4,5,0.8,0,0,0.0,0,0,0.0,0,0,0,1,0,0,3,0,8,-2.0,0022400805,Markelle Fultz,markelle fultz,,,2025-02-21,0,0.8333333333333334,0.0,0.0,0.10416666666666667,0.0,6.0,6.0,10.0,5.0,8.0,4.0,1.0,8.0,1.0,0,0.0,0,0.00381,-5.0,-1311.9916032537392,-4.98095,0.0,8.0,9.0,0.41291195
0022400805,1610612758,Sacramento,Kings,SAC,kings,1642384,Isaiah,Crawford,I. Crawford,isaiah-crawford,,,,3:35,3.5833333333333335,1,1,1.0,0,0,0.0,0,0,0.0,0,1,1,0,0,0,0,0,2,-5.0,0022400805,Isaiah Crawford,isaiah crawford,,,2025-02-21,0,0.5581395348837209,0.0,0.27906976744186046,0.0,0.0,9.0,6.0,9.0,9.0,8.0,4.0,4.0,11.0,1.0,0,0.0,0,0.0014299999999999998,-50.0,-34940.600978336835,-49.9285,0.0,8.0,9.0,0.009234331
0022400805,1610612758,Sacramento,Kings,SAC,kings,1630222,Mason,Jones,M. Jones,mason-jones,,,,3:35,3.5833333333333335,1,1,1.0,0,0,0.0,1,1,1.0,0,0,0,1,0,0,0,1,3,-5.0,0022400805,Mason Jones,mason jones,,,2025-02-21,0,0.8372093023255813,0.0,0.0,0.27906976744186046,0.0,8.0,6.0,10.0,5.0,8.0,4.0,4.0,11.0,,1,,1,0.0014299999999999998,-50.0,-34940.600978336835,-49.9285,0.0,8.0,9.0,0.0065958113
0022400805,1610612758,Sacramento,Kings,SAC,kings,1642269,Devin,Carter,D. Carter,devin-carter,,,,2:57,2.95,0,0,0.0,0,0,0.0,0,0,0.0,0,0,0,0,0,0,0,0,0,-2.0,0022400805,Devin Carter,devin carter,,,2025-02-21,0,0.0,0.0,0.0,0.0,0.0,11.0,6.0,10.0,9.0,8.0,4.0,1.0,13.0,0.0,0,0.0,0,0.0,-11.9,-11900000.0,-11.9,0.0,8.0,9.0,0.0046829623
0022400828,1610612758,Sacramento,Kings,SAC,kings,201942,DeMar,DeRozan,D. DeRozan,demar-derozan,F,,,30:34,30.566666666666666,4,12,0.333,2,3,0.667,8,8,1.0,1,6,7,3,1,0,1,1,18,8.0,0022400828,DeMar DeRozan,demar derozan,,,2025-02-24,1,0.5888767720828789,0.03271537622682661,0.22900763358778625,0.09814612868047982,0.06543075245365322,2.0,4.0,3.0,4.0,3.0,4.0,10.0,3.0,1.0,0,0.0,0,0.00232,11.9,5127.100387763895,11.872392,0.03271537622682661,6.0,9.0,0.6599328
0022400828,1610612758,Sacramento,Kings,SAC,kings,1631099,Keegan,Murray,K. Murray,keegan-murray,F,,,25:21,25.35,4,9,0.444,2,6,0.333,0,0,0.0,2,3,5,0,2,0,0,2,10,9.0,0022400828,Keegan Murray,keegan murray,,,2025-02-24,2,0.3944773175542406,0.07889546351084813,0.1972386587771203,0.0,0.15779092702169625,4.0,1.0,4.0,9.0,2.0,4.0,8.0,5.0,2.0,0,0.0,0,0.00158,20.3,12839.974699557244,20.267926,0.07889546351084813,3.0,4.0,0.45791113
0022400828,1610612758,Sacramento,Kings,SAC,kings,1627734,Domantas,Sabonis,D. Sabonis,domantas-sabonis,C,,,27:17,27.283333333333335,3,7,0.429,0,2,0.0,1,2,0.5,2,8,10,7,0,0,4,2,7,9.0,0022400828,Domantas Sabonis,domantas sabonis,,,2025-02-24,0,0.2565668906536347,0.07330482590103848,0.3665241295051924,0.2565668906536347,0.07330482590103848,7.0,1.0,1.0,2.0,10.0,4.0,8.0,4.0,3.0,0,0.0,0,0.00197,17.0,8625.063419583967,16.96651,0.0,10.0,8.0,0.08861355
0022400828,1610612758,Sacramento,Kings,SAC,kings,203897,Zach,LaVine,Z. LaVine,zach-lavine,G,,,30:59,30.983333333333334,16,19,0.842,8,9,0.889,2,3,0.667,0,3,3,2,1,0,3,0,42,36.0,0022400828,Zach LaVine,zach lavine,,,2025-02-24,1,1.3555675094136632,0.0,0.09682625067240451,0.064550833781603,0.0322754168908015,1.0,9.0,7.0,5.0,3.0,4.0,1.0,2.0,3.0,0,0.0,0,0.00307,55.0,17909.47574080104,54.83115,0.0322754168908015,6.0,11.0,0.70611507
0022400828,1610612758,Sacramento,Kings,SAC,kings,1628370,Malik,Monk,M. Monk,malik-monk,G,,,31:23,31.383333333333333,5,14,0.357,2,8,0.25,1,1,1.0,1,3,4,10,1,2,5,2,13,25.0,0022400828,Malik Monk,malik monk,,,2025-02-24,3,0.41423260754115776,0.03186404673393521,0.12745618693574085,0.3186404673393521,0.12745618693574085,3.0,4.0,5.0,1.0,3.0,1.0,5.0,1.0,2.0,0,0.0,0,0.00253,39.1,15448.439352034768,39.001077,0.09559214020180563,1.0,7.0,0.5416329
0022400828,1610612758,Sacramento,Kings,SAC,kings,1631165,Keon,Ellis,K. Ellis,keon-ellis,,,,9:18,9.3,2,2,1.0,2,2,1.0,0,0,0.0,0,0,0,0,0,0,0,1,6,11.0,0022400828,Keon Ellis,keon ellis,,,2025-02-24,0,0.6451612903225806,0.0,0.0,0.0,0.0,8.0,9.0,12.0,9.0,10.0,4.0,7.0,10.0,1.0,0,0.0,0,0.001,70.3,70229.77022977023,70.2297,0.0,10.0,12.0,0.08835289
0022400828,1610612758,Sacramento,Kings,SAC,kings,202685,Jonas,Valančiūnas,J. Valančiūnas,jonas-valančiūnas,,,,14:04,14.066666666666666,2,4,0.5,0,1,0.0,2,2,1.0,2,6,8,1,1,1,0,2,6,28.0,0022400828,Jonas Valančiūnas,jonas valančiūnas,,,2025-02-24,2,0.4265402843601896,0.14218009478672985,0.5687203791469194,0.07109004739336493,0.2843601895734597,8.0,1.0,2.0,6.0,3.0,2.0,2.0,8.0,2.0,0,0.0,0,0.00132,84.8,64193.79258137775,84.688064,0.14218009478672985,3.0,2.0,0.686994
0022400828,1610612758,Sacramento,Kings,SAC,kings,1631222,Jake,LaRavia,J. LaRavia,jake-laravia,,,,16:25,16.416666666666668,0,0,0.0,0,0,0.0,0,0,0.0,0,2,2,5,1,0,1,3,0,28.0,0022400828,Jake LaRavia,jake laravia,,,2025-02-24,1,0.0,0.0,0.12182741116751268,0.3045685279187817,0.06091370558375634,13.0,9.0,9.0,3.0,3.0,4.0,2.0,7.0,1.0,0,0.0,0,0.00023,77.6,335930.7359307359,77.582152,0.06091370558375634,6.0,10.0,0.042020004
0022400828,1610612758,Sacramento,Kings,SAC,kings,1628365,Markelle,Fultz,M. Fultz,markelle-fultz,,,,18:12,18.2,2,7,0.286,1,2,0.5,0,0,0.0,1,2,3,1,3,0,3,3,5,12.0,0022400828,Markelle Fultz,markelle fultz,,,2025-02-24,3,0.27472527472527475,0.054945054945054944,0.16483516483516483,0.054945054945054944,0.21978021978021978,10.0,4.0,7.0,6.0,1.0,4.0,6.0,6.0,2.0,0,0.0,0,0.00208,31.0,14896.684286400769,30.93552,0.16483516483516483,1.0,3.0,0.049807526
0022400828,1610612758,Sacramento,Kings,SAC,kings,1626168,Trey,Lyles,T. Lyles,trey-lyles,,,,12:59,12.983333333333333,3,3,1.0,2,2,1.0,0,0,0.0,1,3,4,1,1,0,0,1,8,28.0,0022400828,Trey Lyles,trey lyles,,,2025-02-24,1,0.6161745827984596,0.07702182284980745,0.3080872913992298,0.07702182284980745,0.1540436456996149,6.0,4.0,5.0,6.0,3.0,4.0,2.0,9.0,0.0,0,0.0,0,0.00094,97.9,104038.25717321999,97.807974,0.07702182284980745,6.0,5.0,0.59234494
0022400828,1610612758,Sacramento,Kings,SAC,kings,203926,Doug,McDermott,D. McDermott,doug-mcdermott,,,,6:39,6.65,0,0,0.0,0,0,0.0,0,0,0.0,0,0,0,0,0,0,1,0,0,5.0,0022400828,Doug McDermott,doug mcdermott,,,2025-02-24,0,0.0,0.0,0.0,0.0,0.0,13.0,9.0,12.0,9.0,10.0,4.0,11.0,11.0,0.0,0,0.0,0,0.00063,35.7,56576.86212361331,35.677509,0.0,10.0,12.0,0.003893674
0022400828,1610612758,Sacramento,Kings,SAC,kings,1642269,Devin,Carter,D. Carter,devin-carter,,,,6:39,6.65,3,5,0.6,1,2,0.5,2,2,1.0,1,0,1,0,0,0,0,0,9,5.0,0022400828,Devin Carter,devin carter,,,2025-02-24,0,1.3533834586466165,0.15037593984962405,0.15037593984962405,0.0,0.15037593984962405,5.0,4.0,11.0,9.0,10.0,4.0,11.0,11.0,0.0,0,0.0,0,0.00375,35.7,9517.462010130632,35.566125,0.0,10.0,6.0,0.12779957
0022400828,1610612758,Sacramento,Kings,SAC,kings,1642384,Isaiah,Crawford,I. Crawford,isaiah-crawford,,,,6:39,6.65,1,2,0.5,0,1,0.0,0,0,0.0,0,2,2,0,1,1,0,0,2,5.0,0022400828,Isaiah Crawford,isaiah crawford,,,2025-02-24,2,0.3007518796992481,0.0,0.3007518796992481,0.0,0.3007518796992481,12.0,9.0,9.0,9.0,3.0,2.0,11.0,11.0,1.0,0,0.0,0,0.00125,35.7,28537.170263788972,35.65537500000001,0.3007518796992481,3.0,1.0,0.009549306
0022400828,1610612758,Sacramento,Kings,SAC,kings,1630222,Mason,Jones,M. Jones,mason-jones,,,,3:31,3.5166666666666666,2,3,0.667,0,0,0.0,0,0,0.0,0,0,0,0,0,0,0,1,4,1.0,0022400828,Mason Jones,mason jones,,,2025-02-24,0,1.1374407582938388,0.0,0.0,0.0,0.0,11.0,9.0,12.0,9.0,10.0,4.0,14.0,14.0,,1,,1,0.00375,14.3,3812.316715542522,14.246375,0.0,10.0,12.0,0.04830936
0022400843,1610612758,Sacramento,Kings,SAC,kings,201942,DeMar,DeRozan,D. DeRozan,demar-derozan,F,,,33:38,33.63333333333333,8,14,0.571,1,2,0.5,2,2,1.0,1,5,6,8,2,1,0,1,19,1.0,0022400843,DeMar DeRozan,demar derozan,,,2025-02-26,3,0.5649157581764123,0.02973240832507433,0.17839444995044598,0.23785926660059464,0.11892963330029732,3.0,2.0,5.0,1.0,1.0,3.0,9.0,4.0,6.0,0,0.0,0,0.002,3.3,1649.1754122938528,3.2933999999999997,0.08919722497522299,2.0,3.0,0.7470206
0022400843,1610612758,Sacramento,Kings,SAC,kings,1631099,Keegan,Murray,K. Murray,keegan-murray,F,,,32:51,32.85,9,16,0.563,5,10,0.5,3,4,0.75,1,5,6,2,0,2,0,1,26,6.0,0022400843,Keegan Murray,keegan murray,,,2025-02-26,2,0.791476407914764,0.030441400304414,0.182648401826484,0.060882800608828,0.091324200913242,1.0,2.0,5.0,5.0,5.0,2.0,6.0,6.0,0.0,0,0.0,0,0.00243,10.4,4278.07486631016,10.374728,0.060882800608828,3.0,4.0,0.89070076
0022400843,1610612758,Sacramento,Kings,SAC,kings,1627734,Domantas,Sabonis,D. Sabonis,domantas-sabonis,C,,,34:01,34.016666666666666,5,12,0.417,0,4,0.0,2,2,1.0,0,9,9,5,1,1,3,3,12,3.0,0022400843,Domantas Sabonis,domantas sabonis,,,2025-02-26,2,0.35276825085742286,0.0,0.2645761881430671,0.14698677119059286,0.05879470847623714,6.0,6.0,1.0,3.0,3.0,3.0,8.0,3.0,2.0,0,0.0,0,0.00208,4.3,2066.314271984623,4.291056,0.05879470847623714,3.0,5.0,0.3631719
0022400843,1610612758,Sacramento,Kings,SAC,kings,203897,Zach,LaVine,Z. LaVine,zach-lavine,G,,,37:46,37.766666666666666,9,18,0.5,4,8,0.5,0,0,0.0,0,8,8,3,0,0,3,0,22,10.0,0022400843,Zach LaVine,zach lavine,,,2025-02-26,0,0.5825242718446602,0.0,0.2118270079435128,0.0794351279788173,0.0,2.0,6.0,3.0,4.0,5.0,5.0,5.0,1.0,2.0,0,0.0,0,0.00241,14.3,5931.148900871009,14.265537,0.0,6.0,7.0,0.6808113
0022400843,1610612758,Sacramento,Kings,SAC,kings,1628370,Malik,Monk,M. Monk,malik-monk,G,,,35:27,35.45,5,12,0.417,1,5,0.2,2,2,1.0,1,8,9,6,1,0,3,0,13,13.0,0022400843,Malik Monk,malik monk,,,2025-02-26,1,0.36671368124118475,0.028208744710860365,0.2538787023977433,0.1692524682651622,0.05641748942172073,5.0,2.0,1.0,2.0,3.0,5.0,3.0,2.0,1.0,0,0.0,0,0.0019500000000000001,18.8,9636.084059456689,18.76334,0.028208744710860365,5.0,6.0,0.4875435
0022400843,1610612758,Sacramento,Kings,SAC,kings,1631165,Keon,Ellis,K. Ellis,keon-ellis,,,,33:23,33.38333333333333,4,5,0.8,3,4,0.75,0,0,0.0,1,0,1,2,2,3,1,3,11,22.0,0022400843,Keon Ellis,keon ellis,,,2025-02-26,5,0.3295057413879181,0.029955067398901646,0.029955067398901646,0.05991013479780329,0.1797304043934099,7.0,2.0,7.0,5.0,1.0,1.0,1.0,5.0,3.0,0,0.0,0,0.00078,33.3,42637.64404609475,33.274026,0.14977533699450823,1.0,2.0,0.7921396
0022400843,1610612758,Sacramento,Kings,SAC,kings,1631222,Jake,LaRavia,J. LaRavia,jake-laravia,,,,14:31,14.516666666666667,0,3,0.0,0,2,0.0,0,0,0.0,0,0,0,0,0,0,1,4,0,11.0,0022400843,Jake LaRavia,jake laravia,,,2025-02-26,0,0.0,0.0,0.0,0.0,0.0,8.0,6.0,9.0,8.0,5.0,5.0,4.0,7.0,1.0,0,0.0,0,0.0011799999999999998,41.5,35139.71210838274,41.45103,0.0,6.0,7.0,0.006133736
0022400843,1610612758,Sacramento,Kings,SAC,kings,202685,Jonas,Valančiūnas,J. Valančiūnas,jonas-valančiūnas,,,,13:59,13.983333333333333,6,7,0.857,1,1,1.0,2,2,1.0,3,4,7,2,0,0,1,1,15,14.0,0022400843,Jonas Valančiūnas,jonas valančiūnas,,,2025-02-26,0,1.0727056019070322,0.21454112038140644,0.5005959475566151,0.1430274135876043,0.21454112038140644,4.0,1.0,4.0,5.0,5.0,5.0,2.0,8.0,0.0,0,0.0,0,0.00265,48.3,18219.53979630328,48.172005,0.0,6.0,1.0,0.84388673
0022400843,1610612758,Sacramento,Kings,SAC,kings,1628365,Markelle,Fultz,M. Fultz,markelle-fultz,,,,4:24,4.4,0,0,0.0,0,0,0.0,0,0,0.0,0,1,1,0,0,0,0,0,0,5.0,0022400843,Markelle Fultz,markelle fultz,,,2025-02-26,0,0.0,0.0,0.22727272727272727,0.0,0.0,8.0,6.0,7.0,8.0,5.0,5.0,7.0,9.0,0.0,0,0.0,0,0.0,75.0,75000000.0,75.0,0.0,6.0,7.0,0.0053211674
0022400862,1610612758,Sacramento,Kings,SAC,kings,201942,DeMar,DeRozan,D. DeRozan,demar-derozan,F,,,40:13,40.21666666666667,7,18,0.389,1,5,0.2,6,7,0.857,1,1,2,6,0,0,2,4,21,13.0,0022400862,DeMar DeRozan,demar derozan,,,2025-03-01,0,0.5221715706589307,0.02486531288852051,0.04973062577704102,0.14919187733112307,0.02486531288852051,1.0,3.0,8.0,1.0,6.0,4.0,2.0,1.0,1.0,0,0.0,0,0.00245,17.5,7139.942880456956,17.457125,0.0,6.0,7.0,0.6542215
0022400862,1610612758,Sacramento,Kings,SAC,kings,1631099,Keegan,Murray,K. Murray,keegan-murray,F,,,33:21,33.35,5,11,0.455,2,6,0.333,1,1,1.0,1,4,5,2,1,0,0,1,13,3.0,0022400862,Keegan Murray,keegan murray,,,2025-03-01,1,0.38980509745127434,0.029985007496251874,0.14992503748125938,0.05997001499250375,0.05997001499250375,5.0,3.0,3.0,4.0,4.0,4.0,5.0,4.0,1.0,0,0.0,0,0.00147,11.0,7477.906186267845,10.983830000000001,0.029985007496251874,5.0,6.0,0.6043731
0022400862,1610612758,Sacramento,Kings,SAC,kings,1627734,Domantas,Sabonis,D. Sabonis,domantas-sabonis,C,,,1:16,1.2666666666666666,0,0,0.0,0,0,0.0,1,2,0.5,0,0,0,0,0,0,0,0,1,1.0,0022400862,Domantas Sabonis,domantas sabonis,,,2025-03-01,0,0.7894736842105263,0.0,0.0,0.0,0.0,10.0,8.0,9.0,9.0,6.0,4.0,8.0,10.0,0.0,0,0.0,0,0.005,50.0,9998.000399920016,49.75,0.0,6.0,8.0,0.0052378057
0022400862,1610612758,Sacramento,Kings,SAC,kings,203897,Zach,LaVine,Z. LaVine,zach-lavine,G,,,36:44,36.733333333333334,8,16,0.5,2,5,0.4,2,3,0.667,1,5,6,4,2,0,4,0,20,21.0,0022400862,Zach LaVine,zach lavine,,,2025-03-01,2,0.5444646098003629,0.02722323049001815,0.16333938294010888,0.1088929219600726,0.08166969147005444,2.0,3.0,2.0,2.0,3.0,4.0,1.0,2.0,2.0,0,0.0,0,0.0025,30.5,12195.121951219511,30.423750000000002,0.0544464609800363,3.0,4.0,0.70901805
0022400862,1610612758,Sacramento,Kings,SAC,kings,1628370,Malik,Monk,M. Monk,malik-monk,G,,,34:00,34.0,7,13,0.538,1,4,0.25,1,1,1.0,0,5,5,4,0,0,5,1,16,-2.0,0022400862,Malik Monk,malik monk,,,2025-03-01,0,0.47058823529411764,0.0,0.14705882352941177,0.11764705882352941,0.0,3.0,8.0,3.0,2.0,6.0,4.0,9.0,3.0,0.0,0,0.0,0,0.00243,-1.2,-493.62402303578773,-1.1970839999999998,0.0,6.0,8.0,0.3300678
0022400862,1610612758,Sacramento,Kings,SAC,kings,202685,Jonas,Valančiūnas,J. Valančiūnas,jonas-valančiūnas,,,,29:47,29.783333333333335,7,10,0.7,0,0,0.0,1,1,1.0,5,9,14,1,4,3,1,5,15,6.0,0022400862,Jonas Valančiūnas,jonas valančiūnas,,,2025-03-01,7,0.5036373810856183,0.16787912702853944,0.4700615556799104,0.03357582540570789,0.40290990486849465,4.0,1.0,1.0,6.0,2.0,1.0,3.0,5.0,3.0,0,0.0,0,0.00159,15.0,9428.032683846637,14.97615,0.2350307778399552,1.0,1.0,0.95802385
0022400862,1610612758,Sacramento,Kings,SAC,kings,1631165,Keon,Ellis,K. Ellis,keon-ellis,,,,27:22,27.366666666666667,4,5,0.8,1,2,0.5,3,3,1.0,1,4,5,0,5,1,1,4,12,-2.0,0022400862,Keon Ellis,keon ellis,,,2025-03-01,6,0.43848964677222896,0.03654080389768575,0.18270401948842874,0.0,0.2557856272838002,6.0,3.0,3.0,9.0,1.0,2.0,9.0,6.0,8.0,0,0.0,0,0.00104,0.1,96.06147934678197,0.099896,0.21924482338611448,2.0,3.0,0.6110636
0022400862,1610612758,Sacramento,Kings,SAC,kings,1631222,Jake,LaRavia,J. LaRavia,jake-laravia,,,,16:21,16.35,2,6,0.333,1,4,0.25,0,0,0.0,1,3,4,1,0,0,0,1,5,2.0,0022400862,Jake LaRavia,jake laravia,,,2025-03-01,0,0.3058103975535168,0.061162079510703356,0.24464831804281342,0.061162079510703356,0.061162079510703356,7.0,3.0,7.0,6.0,6.0,4.0,7.0,8.0,1.0,0,0.0,0,0.00154,-0.9,-584.0363400389358,-0.898614,0.0,6.0,5.0,0.049747534
0022400862,1610612758,Sacramento,Kings,SAC,kings,1626168,Trey,Lyles,T. Lyles,trey-lyles,,,,16:57,16.95,2,6,0.333,1,2,0.5,0,2,0.0,3,2,5,2,1,1,0,1,5,3.0,0022400862,Trey Lyles,trey lyles,,,2025-03-01,2,0.2949852507374631,0.17699115044247787,0.2949852507374631,0.11799410029498525,0.2949852507374631,7.0,2.0,3.0,4.0,4.0,2.0,5.0,7.0,1.0,0,0.0,0,0.00179,9.1,5080.960357342267,9.083711,0.11799410029498525,3.0,2.0,0.10549557
0022400862,1610612758,Sacramento,Kings,SAC,kings,1628365,Markelle,Fultz,M. Fultz,markelle-fultz,,,,3:59,3.9833333333333334,2,2,1.0,0,0,0.0,1,1,1.0,0,0,0,1,0,0,0,0,5,5.0,0022400862,Markelle Fultz,markelle fultz,,,2025-03-01,0,1.2552301255230125,0.0,0.0,0.2510460251046025,0.0,7.0,8.0,9.0,6.0,6.0,4.0,4.0,9.0,,1,,1,0.0028599999999999997,71.4,24956.308982873124,71.195796,0.0,6.0,8.0,0.062216744
0022400880,1610612758,Sacramento,Kings,SAC,kings,201942,DeMar,DeRozan,D. DeRozan,demar-derozan,F,,,30:12,30.2,8,15,0.533,0,2,0.0,4,4,1.0,0,2,2,4,0,0,1,2,20,23.0,0022400880,DeMar DeRozan,demar derozan,,,2025-03-03,0,0.6622516556291391,0.0,0.06622516556291391,0.13245033112582782,0.0,2.0,6.0,6.0,3.0,4.0,3.0,3.0,1.0,0.0,0,0.0,0,0.0025,37.3,14914.0343862455,37.20675,0.0,6.0,10.0,0.61823624
0022400880,1610612758,Sacramento,Kings,SAC,kings,1631099,Keegan,Murray,K. Murray,keegan-murray,F,,,24:33,24.55,6,10,0.6,4,8,0.5,2,2,1.0,1,4,5,3,0,0,1,1,18,29.0,0022400880,Keegan Murray,keegan murray,,,2025-03-03,0,0.7331975560081466,0.04073319755600815,0.20366598778004072,0.12219959266802444,0.04073319755600815,3.0,3.0,3.0,5.0,4.0,3.0,1.0,5.0,0.0,0,2.0,0,0.00226,60.7,26846.52808491818,60.562818,0.0,6.0,8.0,0.66341126
0022400880,1610612758,Sacramento,Kings,SAC,kings,202685,Jonas,Valančiūnas,J. Valančiūnas,jonas-valančiūnas,C,,,23:24,23.4,6,15,0.4,0,0,0.0,2,2,1.0,3,6,9,3,0,2,0,2,14,20.0,0022400880,Jonas Valančiūnas,jonas valančiūnas,,,2025-03-03,2,0.5982905982905983,0.12820512820512822,0.38461538461538464,0.12820512820512822,0.2136752136752137,4.0,1.0,1.0,5.0,4.0,1.0,5.0,6.0,0.0,0,0.0,0,0.0032,43.2,13495.782567947515,43.06176000000001,0.08547008547008547,1.0,2.0,0.6103229
0022400880,1610612758,Sacramento,Kings,SAC,kings,203897,Zach,LaVine,Z. LaVine,zach-lavine,G,,,29:13,29.216666666666665,8,12,0.667,4,5,0.8,2,2,1.0,0,3,3,2,1,0,1,0,22,28.0,0022400880,Zach LaVine,zach lavine,,,2025-03-03,1,0.7529948659440959,0.0,0.1026811180832858,0.06845407872219053,0.034227039361095266,1.0,6.0,5.0,7.0,2.0,3.0,2.0,2.0,0.0,0,0.0,0,0.00219,48.3,22044.72843450479,48.194222999999994,0.034227039361095266,4.0,9.0,0.8173067
0022400880,1610612758,Sacramento,Kings,SAC,kings,1628370,Malik,Monk,M. Monk,malik-monk,G,,,23:17,23.283333333333335,5,10,0.5,3,5,0.6,0,0,0.0,0,1,1,8,2,0,0,1,13,22.0,0022400880,Malik Monk,malik monk,,,2025-03-03,2,0.5583392984967788,0.0,0.04294917680744452,0.34359341445955616,0.08589835361488904,5.0,6.0,8.0,1.0,1.0,3.0,4.0,7.0,3.0,0,0.0,0,0.00189,45.8,24219.989423585404,45.713438,0.08589835361488904,1.0,4.0,0.77044153
0022400880,1610612758,Sacramento,Kings,SAC,kings,1631165,Keon,Ellis,K. Ellis,keon-ellis,,,,26:53,26.883333333333333,0,7,0.0,0,6,0.0,0,0,0.0,0,2,2,1,0,2,0,4,0,2.0,0022400880,Keon Ellis,keon ellis,,,2025-03-03,2,0.0,0.0,0.07439553626782393,0.037197768133911964,0.07439553626782393,11.0,6.0,6.0,9.0,4.0,1.0,7.0,4.0,3.0,0,0.0,0,0.0011899999999999999,1.5,1259.4458438287156,1.498215,0.07439553626782393,1.0,5.0,0.016491609
0022400880,1610612758,Sacramento,Kings,SAC,kings,1631222,Jake,LaRavia,J. LaRavia,jake-laravia,,,,27:46,27.766666666666666,2,6,0.333,2,4,0.5,2,2,1.0,3,1,4,2,0,0,1,3,8,-1.0,0022400880,Jake LaRavia,jake laravia,,,2025-03-03,0,0.28811524609843936,0.10804321728691477,0.14405762304921968,0.07202881152460984,0.10804321728691477,7.0,1.0,4.0,7.0,4.0,3.0,9.0,3.0,0.0,0,0.0,0,0.00127,-4.0,-3147.128245476003,-3.99492,0.0,6.0,3.0,0.09985062
0022400880,1610612758,Sacramento,Kings,SAC,kings,1626168,Trey,Lyles,T. Lyles,trey-lyles,,,,20:29,20.483333333333334,4,4,1.0,1,1,1.0,0,0,0.0,1,8,9,6,0,0,0,1,9,5.0,0022400880,Trey Lyles,trey lyles,,,2025-03-03,0,0.43938161106590723,0.04882017900732302,0.43938161106590723,0.29292107404393813,0.04882017900732302,6.0,3.0,1.0,2.0,4.0,3.0,6.0,8.0,0.0,0,0.0,0,0.0008500000000000001,9.3,10928.319623971798,9.292095,0.0,6.0,7.0,0.6497756
0022400880,1610612758,Sacramento,Kings,SAC,kings,1628365,Markelle,Fultz,M. Fultz,markelle-fultz,,,,16:17,16.283333333333335,3,5,0.6,0,0,0.0,0,0,0.0,0,1,1,4,1,0,3,1,6,1.0,0022400880,Markelle Fultz,markelle fultz,,,2025-03-03,1,0.36847492323439096,0.0,0.06141248720573183,0.24564994882292732,0.06141248720573183,8.0,6.0,8.0,3.0,2.0,3.0,8.0,9.0,1.0,0,0.0,0,0.0023499999999999997,3.1,1318.5878349638454,3.092715,0.06141248720573183,4.0,6.0,0.06300826
0022400880,1610612758,Sacramento,Kings,SAC,kings,1642403,Isaac,Jones,I. Jones,isaac-jones,,,,8:35,8.583333333333334,3,3,1.0,0,0,0.0,0,0,0.0,0,0,0,0,0,0,0,0,6,-6.0,0022400880,Isaac Jones,isaac jones,,,2025-03-03,0,0.6990291262135921,0.0,0.0,0.0,0.0,8.0,6.0,11.0,11.0,4.0,3.0,12.0,10.0,1.0,0,0.0,0,0.0017599999999999998,-47.9,-27200.454287336743,-47.815696,0.0,6.0,10.0,0.04046551
0022400880,1610612758,Sacramento,Kings,SAC,kings,203926,Doug,McDermott,D. McDermott,doug-mcdermott,,,,5:14,5.233333333333333,2,3,0.667,2,3,0.667,0,0,0.0,0,0,0,0,0,0,0,0,6,-2.0,0022400880,Doug McDermott,doug mcdermott,,,2025-03-03,0,1.1464968152866242,0.0,0.0,0.0,0.0,8.0,6.0,11.0,11.0,4.0,3.0,11.0,11.0,,1,,1,0.0027300000000000002,-20.0,-7323.324789454411,-19.9454,0.0,6.0,10.0,0.07286794
0022400880,1610612758,Sacramento,Kings,SAC,kings,1627746,Skal,Labissiere,S. Labissiere,skal-labissiere,,,,4:07,4.116666666666666,0,0,0.0,0,0,0.0,0,0,0.0,1,0,1,1,0,0,0,1,0,-1.0,0022400880,Skal Labissiere,skal labissiere,,,2025-03-03,0,0.0,0.24291497975708504,0.24291497975708504,0.24291497975708504,0.24291497975708504,11.0,3.0,8.0,9.0,4.0,3.0,9.0,12.0,0.0,0,0.0,0,0.0,-30.6,-30600000.000000004,-30.6,0.0,6.0,1.0,0.0070258095
0022400896,1610612758,Sacramento,Kings,SAC,kings,201942,DeMar,DeRozan,D. DeRozan,demar-derozan,F,,,42:29,42.483333333333334,14,32,0.438,4,6,0.667,3,4,0.75,4,2,6,5,0,0,3,1,35,-8.0,0022400896,DeMar DeRozan,demar derozan,,,2025-03-05,0,0.823852491173009,0.09415457041977246,0.14123185562965868,0.11769321302471557,0.09415457041977246,1.0,1.0,3.0,3.0,6.0,5.0,10.0,1.0,1.0,0,0.0,0,0.00374,-8.0,-2138.4656508954827,-7.97008,0.0,9.0,8.0,0.8753119
0022400896,1610612758,Sacramento,Kings,SAC,kings,1631099,Keegan,Murray,K. Murray,keegan-murray,F,,,29:07,29.116666666666667,3,7,0.429,0,2,0.0,0,0,0.0,2,1,3,0,0,2,1,5,6,-4.0,0022400896,Keegan Murray,keegan murray,,,2025-03-05,2,0.20606754436176303,0.068689181453921,0.10303377218088151,0.0,0.137378362907842,6.0,3.0,7.0,7.0,6.0,1.0,6.0,5.0,0.0,0,0.0,0,0.00116,-2.8,-2411.7140396210166,-2.7967519999999997,0.068689181453921,2.0,4.0,0.10616771
0022400896,1610612758,Sacramento,Kings,SAC,kings,202685,Jonas,Valančiūnas,J. Valančiūnas,jonas-valančiūnas,C,,,31:37,31.616666666666667,8,14,0.571,0,0,0.0,3,4,0.75,4,9,13,6,2,0,2,2,19,-3.0,0022400896,Jonas Valančiūnas,jonas valančiūnas,,,2025-03-05,2,0.6009488666315235,0.1265155508697944,0.41117554032683185,0.18977332630469163,0.18977332630469163,3.0,1.0,1.0,1.0,1.0,5.0,3.0,4.0,2.0,0,0.0,0,0.0023,-4.6,-1999.1308126901345,-4.58942,0.0632577754348972,2.0,2.0,0.82517934
0022400896,1610612758,Sacramento,Kings,SAC,kings,203897,Zach,LaVine,Z. LaVine,zach-lavine,G,,,41:24,41.4,7,16,0.438,3,7,0.429,3,4,0.75,0,4,4,6,1,0,2,0,20,-4.0,0022400896,Zach LaVine,zach lavine,,,2025-03-05,1,0.48309178743961356,0.0,0.0966183574879227,0.14492753623188406,0.024154589371980676,2.0,7.0,6.0,1.0,4.0,5.0,6.0,2.0,3.0,0,0.0,0,0.0020599999999999998,-1.9,-921.8825812712275,-1.896086,0.024154589371980676,5.0,9.0,0.5355793
0022400896,1610612758,Sacramento,Kings,SAC,kings,1631165,Keon,Ellis,K. Ellis,keon-ellis,G,,,38:42,38.7,4,9,0.444,1,4,0.25,2,2,1.0,1,6,7,3,2,2,1,5,11,4.0,0022400896,Keon Ellis,keon ellis,,,2025-03-05,4,0.2842377260981912,0.025839793281653745,0.1808785529715762,0.07751937984496124,0.12919896640826872,5.0,5.0,2.0,4.0,1.0,1.0,1.0,3.0,4.0,0,0.0,0,0.0012,7.9,6577.8517901748555,7.89052,0.10335917312661498,1.0,5.0,0.7577941
0022400896,1610612758,Sacramento,Kings,SAC,kings,1631222,Jake,LaRavia,J. LaRavia,jake-laravia,,,,23:31,23.516666666666666,6,10,0.6,3,6,0.5,0,0,0.0,2,3,5,1,2,0,1,5,15,-7.0,0022400896,Jake LaRavia,jake laravia,,,2025-03-05,2,0.6378454996456414,0.08504606661941885,0.21261516654854715,0.042523033309709427,0.1700921332388377,4.0,3.0,4.0,5.0,1.0,5.0,9.0,6.0,2.0,0,0.0,0,0.0019,-9.9,-5207.785376117833,-9.88119,0.08504606661941885,2.0,3.0,0.7085495
0022400896,1610612758,Sacramento,Kings,SAC,kings,1626168,Trey,Lyles,T. Lyles,trey-lyles,,,,18:32,18.533333333333335,2,6,0.333,0,2,0.0,0,0,0.0,1,4,5,1,1,0,1,2,4,-3.0,0022400896,Trey Lyles,trey lyles,,,2025-03-05,1,0.2158273381294964,0.0539568345323741,0.2697841726618705,0.0539568345323741,0.1079136690647482,7.0,5.0,4.0,5.0,4.0,5.0,3.0,7.0,2.0,0,0.0,0,0.00146,-7.3,-4996.577686516085,-7.2893419999999995,0.0539568345323741,5.0,6.0,0.035244066
0022400896,1610612758,Sacramento,Kings,SAC,kings,1628365,Markelle,Fultz,M. Fultz,markelle-fultz,,,,9:37,9.616666666666667,0,2,0.0,0,0,0.0,0,0,0.0,0,1,1,0,0,1,1,0,0,-1.0,0022400896,Markelle Fultz,markelle fultz,,,2025-03-05,1,0.0,0.0,0.10398613518197573,0.0,0.10398613518197573,8.0,7.0,8.0,7.0,6.0,3.0,2.0,8.0,0.0,0,0.0,0,0.00125,6.0,4796.163069544365,5.9925,0.10398613518197573,5.0,7.0,0.0101987
0022400896,1610612758,Sacramento,Kings,SAC,kings,203926,Doug,McDermott,D. McDermott,doug-mcdermott,,,,5:00,5.0,0,0,0.0,0,0,0.0,0,0,0.0,0,1,1,0,0,1,0,0,0,-4.0,0022400896,Doug McDermott,doug mcdermott,,,2025-03-05,1,0.0,0.0,0.2,0.0,0.2,8.0,7.0,8.0,7.0,6.0,3.0,6.0,9.0,0.0,0,0.0,0,0.0,-45.5,-45500000.0,-45.5,0.2,5.0,1.0,0.008487779
0022400896,1610612758,Sacramento,Kings,SAC,kings,1627746,Skal,Labissiere,S. Labissiere,skal-labissiere,,,,0:01,0.016666666666666666,0,0,0.0,0,0,0.0,0,0,0.0,0,0,0,0,0,0,0,0,0,-3.0,0022400896,Skal Labissiere,skal labissiere,,,2025-03-05,0,0.0,0.0,0.0,0.0,0.0,8.0,7.0,10.0,7.0,6.0,5.0,3.0,10.0,,1,,1,0.0,0.0,0.0,0.0,0.0,9.0,10.0,0.0047742343
0022400910,1610612758,Sacramento,Kings,SAC,kings,201942,DeMar,DeRozan,D. DeRozan,demar-derozan,F,,,38:06,38.1,8,19,0.421,1,4,0.25,5,6,0.833,2,7,9,7,0,0,3,3,22,12.0,0022400910,DeMar DeRozan,demar derozan,,,2025-03-07,0,0.5774278215223096,0.05249343832020997,0.23622047244094488,0.1837270341207349,0.05249343832020997,2.0,3.0,2.0,1.0,3.0,4.0,5.0,2.0,2.0,0,0.0,0,0.00272,15.6,5733.186328555677,15.557567999999998,0.0,4.0,8.0,0.5767984
0022400910,1610612758,Sacramento,Kings,SAC,kings,1631099,Keegan,Murray,K. Murray,keegan-murray,F,,,34:56,34.93333333333333,7,14,0.5,3,7,0.429,2,2,1.0,2,7,9,1,0,2,0,1,19,19.0,0022400910,Keegan Murray,keegan murray,,,2025-03-07,2,0.5438931297709925,0.05725190839694657,0.25763358778625955,0.028625954198473285,0.11450381679389314,3.0,3.0,2.0,8.0,3.0,1.0,3.0,3.0,1.0,0,0.0,0,0.00169,27.5,16262.566528681253,27.453525,0.05725190839694657,3.0,5.0,0.79125255
0022400910,1610612758,Sacramento,Kings,SAC,kings,202685,Jonas,Valančiūnas,J. Valančiūnas,jonas-valančiūnas,C,,,27:09,27.15,7,8,0.875,0,0,0.0,1,2,0.5,3,9,12,6,2,1,2,4,15,19.0,0022400910,Jonas Valančiūnas,jonas valančiūnas,,,2025-03-07,3,0.5524861878453039,0.11049723756906078,0.44198895027624313,0.22099447513812157,0.22099447513812157,4.0,2.0,1.0,2.0,2.0,2.0,3.0,5.0,0.0,0,0.0,0,0.0017699999999999999,37.7,21287.408243929985,37.633271,0.11049723756906078,2.0,2.0,0.87749404
0022400910,1610612758,Sacramento,Kings,SAC,kings,203897,Zach,LaVine,Z. LaVine,zach-lavine,G,,,38:38,38.63333333333333,14,22,0.636,7,11,0.636,1,1,1.0,0,4,4,3,0,0,1,2,36,23.0,0022400910,Zach LaVine,zach lavine,,,2025-03-07,0,0.9318377911993098,0.0,0.10353753235547886,0.07765314926660914,0.0,1.0,9.0,5.0,5.0,3.0,4.0,1.0,1.0,1.0,0,0.0,0,0.00256,32.0,12495.119094103864,31.91808,0.0,4.0,9.0,0.7685487
0022400910,1610612758,Sacramento,Kings,SAC,kings,1631165,Keon,Ellis,K. Ellis,keon-ellis,G,,,32:34,32.56666666666667,4,9,0.444,2,5,0.4,0,0,0.0,1,2,3,4,4,1,0,2,10,23.0,0022400910,Keon Ellis,keon ellis,,,2025-03-07,5,0.3070624360286591,0.030706243602865915,0.09211873080859774,0.12282497441146366,0.18423746161719548,5.0,5.0,6.0,4.0,1.0,2.0,1.0,4.0,6.0,0,0.0,0,0.00117,34.8,29718.189581554227,34.759283999999994,0.15353121801432956,1.0,4.0,0.7789818
0022400910,1610612758,Sacramento,Kings,SAC,kings,1628365,Markelle,Fultz,M. Fultz,markelle-fultz,,,,3:41,3.6833333333333336,0,2,0.0,0,0,0.0,0,0,0.0,1,0,1,0,0,0,0,0,0,-6.0,0022400910,Markelle Fultz,markelle fultz,,,2025-03-07,0,0.0,0.27149321266968324,0.27149321266968324,0.0,0.27149321266968324,10.0,5.0,9.0,9.0,3.0,4.0,12.0,9.0,0.0,0,0.0,0,0.0025,-69.6,-27828.868452618946,-69.426,0.0,4.0,1.0,0.0030782877
0022400910,1610612758,Sacramento,Kings,SAC,kings,1626168,Trey,Lyles,T. Lyles,trey-lyles,,,,16:01,16.016666666666666,2,5,0.4,1,3,0.333,1,4,0.25,1,2,3,5,0,0,0,1,6,-6.0,0022400910,Trey Lyles,trey lyles,,,2025-03-07,0,0.37460978147762747,0.06243496357960458,0.18730489073881373,0.3121748178980229,0.06243496357960458,7.0,5.0,6.0,3.0,3.0,4.0,12.0,7.0,0.0,0,0.0,0,0.0017100000000000001,-14.6,-8533.02162478083,-14.575034,0.0,4.0,7.0,0.05769618
0022400910,1610612758,Sacramento,Kings,SAC,kings,1631222,Jake,LaRavia,J. LaRavia,jake-laravia,,,,26:44,26.733333333333334,2,9,0.222,1,3,0.333,1,2,0.5,5,3,8,3,0,0,1,1,6,6.0,0022400910,Jake LaRavia,jake laravia,,,2025-03-07,0,0.22443890274314213,0.18703241895261843,0.29925187032418954,0.11221945137157106,0.18703241895261843,7.0,1.0,4.0,5.0,3.0,4.0,6.0,6.0,2.0,0,0.0,0,0.00167,6.7,4009.575104727708,6.688811,0.0,4.0,3.0,0.3656841
0022400910,1610612758,Sacramento,Kings,SAC,kings,1642269,Devin,Carter,D. Carter,devin-carter,,,,14:24,14.4,3,5,0.6,1,3,0.333,1,2,0.5,1,1,2,2,0,0,1,1,8,0.0,0022400910,Devin Carter,devin carter,,,2025-03-07,0,0.5555555555555556,0.06944444444444445,0.1388888888888889,0.1388888888888889,0.06944444444444445,6.0,5.0,8.0,7.0,3.0,4.0,7.0,8.0,0.0,0,0.0,0,0.002,-4.6,-2298.8505747126433,-4.5908,0.0,4.0,6.0,0.121503055
0022400910,1610612758,Sacramento,Kings,SAC,kings,1642384,Isaiah,Crawford,I. Crawford,isaiah-crawford,,,,1:57,1.95,0,0,0.0,0,0,0.0,0,0,0.0,0,0,0,0,0,0,0,0,0,0.0,0022400910,Isaiah Crawford,isaiah crawford,,,2025-03-07,0,0.0,0.0,0.0,0.0,0.0,10.0,9.0,10.0,9.0,3.0,4.0,7.0,10.0,,1,,1,0.0,-50.0,-50000000.0,-50.0,0.0,4.0,9.0,0.0032950616
0022400910,1610612758,Sacramento,Kings,SAC,kings,1627746,Skal,Labissiere,S. Labissiere,skal-labissiere,,,,1:57,1.95,2,2,1.0,1,1,1.0,0,0,0.0,0,0,0,0,0,0,0,0,5,0.0,0022400910,Skal Labissiere,skal labissiere,,,2025-03-07,0,2.5641025641025643,0.0,0.0,0.0,0.0,9.0,9.0,10.0,9.0,3.0,4.0,7.0,10.0,,1,,1,0.004,-50.0,-12496.875781054736,-49.8,0.0,4.0,9.0,0.028729936
0022400910,1610612758,Sacramento,Kings,SAC,kings,1642403,Isaac,Jones,I. Jones,isaac-jones,,,,1:57,1.95,0,0,0.0,0,0,0.0,0,0,0.0,0,0,0,0,0,0,0,1,0,0.0,0022400910,Isaac Jones,isaac jones,,,2025-03-07,0,0.0,0.0,0.0,0.0,0.0,10.0,9.0,10.0,9.0,3.0,4.0,7.0,10.0,,1,,1,0.0,-50.0,-50000000.0,-50.0,0.0,4.0,9.0,0.0033524446
0022400910,1610612758,Sacramento,Kings,SAC,kings,1630222,Mason,Jones,M. Jones,mason-jones,,,,1:57,1.95,0,1,0.0,0,1,0.0,0,0,0.0,0,0,0,0,0,0,0,0,0,0.0,0022400910,Mason Jones,mason jones,,,2025-03-07,0,0.0,0.0,0.0,0.0,0.0,10.0,9.0,10.0,9.0,3.0,4.0,7.0,10.0,,1,,1,0.002,-50.0,-24987.50624687656,-49.9,0.0,4.0,9.0,0.0026213937
0022400927,1610612758,Sacramento,Kings,SAC,kings,201942,DeMar,DeRozan,D. DeRozan,demar-derozan,F,,,44:15,44.25,9,20,0.45,1,7,0.143,12,12,1.0,1,6,7,10,1,0,1,3,31,-1.0,0022400927,DeMar DeRozan,demar derozan,,,2025-03-09,1,0.7005649717514124,0.022598870056497175,0.15819209039548024,0.22598870056497175,0.04519774011299435,1.0,3.0,2.0,1.0,2.0,2.0,5.0,2.0,3.0,0,0.0,0,0.0029,-5.3,-1826.9562219924164,-5.28463,0.022598870056497175,3.0,5.0,0.86791605
0022400927,1610612758,Sacramento,Kings,SAC,kings,1631099,Keegan,Murray,K. Murray,keegan-murray,F,,,47:23,47.38333333333333,6,12,0.5,3,6,0.5,0,0,0.0,2,4,6,2,0,0,1,5,15,-7.0,0022400927,Keegan Murray,keegan murray,,,2025-03-09,0,0.31656700668308124,0.042208934224410834,0.1266268026732325,0.042208934224410834,0.042208934224410834,3.0,1.0,4.0,3.0,5.0,2.0,9.0,1.0,0.0,0,0.0,0,0.00134,-8.0,-5965.697240865026,-7.98928,0.0,5.0,6.0,0.32823542
0022400927,1610612758,Sacramento,Kings,SAC,kings,202685,Jonas,Valančiūnas,J. Valančiūnas,jonas-valančiūnas,C,,,41:49,41.81666666666667,3,10,0.3,0,2,0.0,3,4,0.75,1,16,17,7,1,1,3,5,9,0.0,0022400927,Jonas Valančiūnas,jonas valančiūnas,,,2025-03-09,2,0.21522518931845355,0.023913909924272617,0.4065364687126345,0.16739736946990832,0.07174172977281786,4.0,3.0,1.0,2.0,2.0,1.0,4.0,4.0,2.0,0,0.0,0,0.00172,-1.4,-813.4805345729227,-1.397592,0.047827819848545235,2.0,4.0,0.16473837
0022400927,1610612758,Sacramento,Kings,SAC,kings,203897,Zach,LaVine,Z. LaVine,zach-lavine,G,,,44:01,44.016666666666666,12,22,0.545,1,7,0.143,5,5,1.0,1,6,7,2,0,0,3,1,30,5.0,0022400927,Zach LaVine,zach lavine,,,2025-03-09,0,0.6815600151457781,0.022718667171525937,0.15903067020068157,0.045437334343051874,0.022718667171525937,2.0,3.0,2.0,3.0,5.0,2.0,1.0,3.0,2.0,0,0.0,0,0.00297,3.5,1178.0545270952541,3.489605,0.0,5.0,8.0,0.7849982
0022400927,1610612758,Sacramento,Kings,SAC,kings,1631165,Keon,Ellis,K. Ellis,keon-ellis,G,,,31:09,31.15,3,9,0.333,2,6,0.333,0,0,0.0,0,0,0,2,1,0,0,2,8,2.0,0022400927,Keon Ellis,keon ellis,,,2025-03-09,1,0.25682182985553775,0.0,0.0,0.06420545746388444,0.03210272873194222,5.0,7.0,8.0,3.0,2.0,2.0,3.0,5.0,3.0,0,0.0,0,0.0014099999999999998,1.6,1133.9475549255849,1.597744,0.03210272873194222,3.0,7.0,0.069376305
0022400927,1610612758,Sacramento,Kings,SAC,kings,1631222,Jake,LaRavia,J. LaRavia,jake-laravia,,,,30:36,30.6,3,5,0.6,1,2,0.5,0,0,0.0,0,3,3,2,3,0,0,2,7,-3.0,0022400927,Jake LaRavia,jake laravia,,,2025-03-09,3,0.22875816993464052,0.0,0.09803921568627451,0.06535947712418301,0.09803921568627451,7.0,7.0,6.0,3.0,1.0,2.0,7.0,6.0,3.0,0,0.0,0,0.00075,-7.0,-9320.905459387483,-6.99475,0.09803921568627451,1.0,2.0,0.070519514
0022400927,1610612758,Sacramento,Kings,SAC,kings,1626168,Trey,Lyles,T. Lyles,trey-lyles,,,,11:11,11.183333333333334,1,4,0.25,0,2,0.0,0,0,0.0,1,4,5,1,0,0,0,0,2,-1.0,0022400927,Trey Lyles,trey lyles,,,2025-03-09,0,0.17883755588673622,0.08941877794336811,0.44709388971684055,0.08941877794336811,0.08941877794336811,8.0,3.0,5.0,7.0,5.0,2.0,5.0,8.0,1.0,0,0.0,0,0.00154,-9.1,-5905.2563270603505,-9.085986,0.0,5.0,3.0,0.01608175
0022400927,1610612758,Sacramento,Kings,SAC,kings,1628365,Markelle,Fultz,M. Fultz,markelle-fultz,,,,2:18,2.3,0,1,0.0,0,1,0.0,0,0,0.0,0,0,0,0,0,0,0,0,0,4.0,0022400927,Markelle Fultz,markelle fultz,,,2025-03-09,0,0.0,0.0,0.0,0.0,0.0,9.0,7.0,8.0,9.0,5.0,2.0,2.0,9.0,1.0,0,0.0,0,0.00167,80.0,47875.523638539795,79.8664,0.0,5.0,9.0,0.0051000263
0022400927,1610612758,Sacramento,Kings,SAC,kings,1642269,Devin,Carter,D. Carter,devin-carter,,,,12:18,12.3,3,4,0.75,1,1,1.0,1,4,0.25,2,1,3,1,0,0,0,1,8,-4.0,0022400927,Devin Carter,devin carter,,,2025-03-09,0,0.6504065040650406,0.16260162601626016,0.24390243902439024,0.08130081300813008,0.16260162601626016,5.0,1.0,6.0,7.0,5.0,2.0,8.0,7.0,0.0,0,0.0,0,0.00214,-11.3,-5277.907519850537,-11.275818000000001,0.0,5.0,1.0,0.21697405
0022400939,1610612758,Sacramento,Kings,SAC,kings,201942,DeMar,DeRozan,D. DeRozan,demar-derozan,F,,,27:58,27.966666666666665,4,10,0.4,0,1,0.0,3,3,1.0,1,0,1,5,1,0,2,2,11,-13.0,0022400939,DeMar DeRozan,demar derozan,,,2025-03-10,1,0.3933253873659118,0.03575685339690107,0.03575685339690107,0.17878426698450536,0.07151370679380215,4.0,4.0,8.0,1.0,1.0,5.0,9.0,4.0,1.0,0,0.0,0,0.002,-20.9,-10444.7776111944,-20.8582,0.03575685339690107,3.0,9.0,0.3521923
0022400939,1610612758,Sacramento,Kings,SAC,kings,1631099,Keegan,Murray,K. Murray,keegan-murray,F,,,29:56,29.933333333333334,4,11,0.364,1,6,0.167,0,0,0.0,2,0,2,0,1,0,0,3,9,-24.0,0022400939,Keegan Murray,keegan murray,,,2025-03-10,1,0.30066815144766146,0.06681514476614699,0.06681514476614699,0.0,0.10022271714922049,6.0,2.0,6.0,9.0,1.0,5.0,13.0,2.0,1.0,0,0.0,0,0.00155,-37.0,-23855.57704706641,-36.94265,0.03340757238307349,3.0,8.0,0.15109943
0022400939,1610612758,Sacramento,Kings,SAC,kings,202685,Jonas,Valančiūnas,J. Valančiūnas,jonas-valančiūnas,C,,,21:51,21.85,4,8,0.5,0,1,0.0,2,2,1.0,5,8,13,1,0,1,1,3,10,-9.0,0022400939,Jonas Valančiūnas,jonas valančiūnas,,,2025-03-10,1,0.45766590389016015,0.22883295194508008,0.5949656750572082,0.04576659038901602,0.2745995423340961,5.0,1.0,1.0,6.0,8.0,1.0,7.0,5.0,0.0,0,0.0,0,0.0017499999999999998,-26.9,-15362.649914334668,-26.852925,0.04576659038901602,3.0,1.0,0.5233247
0022400939,1610612758,Sacramento,Kings,SAC,kings,203897,Zach,LaVine,Z. LaVine,zach-lavine,G,,,36:03,36.05,5,10,0.5,2,4,0.5,5,5,1.0,0,4,4,3,1,1,5,1,17,-31.0,0022400939,Zach LaVine,zach lavine,,,2025-03-10,2,0.47156726768377255,0.0,0.11095700416088766,0.08321775312066575,0.05547850208044383,2.0,9.0,3.0,2.0,1.0,1.0,14.0,1.0,2.0,0,0.0,0,0.00189,-44.6,-23585.404547858278,-44.515706,0.05547850208044383,1.0,11.0,0.5448247
0022400939,1610612758,Sacramento,Kings,SAC,kings,1628370,Malik,Monk,M. Monk,malik-monk,G,,,29:30,29.5,7,18,0.389,3,8,0.375,4,6,0.667,0,1,1,3,0,0,2,3,21,-21.0,0022400939,Malik Monk,malik monk,,,2025-03-10,0,0.711864406779661,0.0,0.03389830508474576,0.1016949152542373,0.0,1.0,9.0,8.0,2.0,8.0,5.0,12.0,3.0,1.0,0,0.0,0,0.0032400000000000003,-28.2,-8701.018204257944,-28.108632,0.0,10.0,12.0,0.7787347
0022400939,1610612758,Sacramento,Kings,SAC,kings,1631165,Keon,Ellis,K. Ellis,keon-ellis,,,,18:28,18.466666666666665,4,7,0.571,1,3,0.333,0,0,0.0,1,2,3,0,1,1,0,4,9,-19.0,0022400939,Keon Ellis,keon ellis,,,2025-03-10,2,0.4873646209386282,0.05415162454873647,0.1624548736462094,0.0,0.1624548736462094,6.0,4.0,5.0,9.0,1.0,1.0,11.0,7.0,1.0,0,0.0,0,0.0014299999999999998,-53.7,-37526.20545073376,-53.623209,0.10830324909747294,1.0,4.0,0.472376
0022400939,1610612758,Sacramento,Kings,SAC,kings,1626168,Trey,Lyles,T. Lyles,trey-lyles,,,,14:09,14.15,1,4,0.25,1,3,0.333,0,0,0.0,1,0,1,1,0,0,2,3,3,-17.0,0022400939,Trey Lyles,trey lyles,,,2025-03-10,0,0.21201413427561838,0.0706713780918728,0.0706713780918728,0.0706713780918728,0.0706713780918728,9.0,4.0,8.0,6.0,8.0,5.0,10.0,8.0,1.0,0,0.0,0,0.0017100000000000001,-61.7,-36060.78316773816,-61.59449300000001,0.0,10.0,10.0,0.008236448
0022400939,1610612758,Sacramento,Kings,SAC,kings,1642403,Isaac,Jones,I. Jones,isaac-jones,,,,18:56,18.933333333333334,3,5,0.6,1,2,0.5,5,6,0.833,2,3,5,2,1,0,1,0,12,-10.0,0022400939,Isaac Jones,isaac jones,,,2025-03-10,1,0.6338028169014085,0.1056338028169014,0.2640845070422535,0.1056338028169014,0.15845070422535212,3.0,2.0,2.0,4.0,1.0,5.0,8.0,6.0,1.0,0,0.0,0,0.00196,-24.4,-12442.631310555838,-24.352176,0.0528169014084507,3.0,6.0,0.39019585
0022400939,1610612758,Sacramento,Kings,SAC,kings,1642269,Devin,Carter,D. Carter,devin-carter,,,,12:29,12.483333333333333,1,2,0.5,0,1,0.0,1,2,0.5,1,3,4,1,1,0,2,1,3,2.0,0022400939,Devin Carter,devin carter,,,2025-03-10,1,0.2403204272363151,0.0801068090787717,0.3204272363150868,0.0801068090787717,0.1602136181575434,9.0,4.0,3.0,6.0,1.0,5.0,1.0,9.0,2.0,0,0.0,0,0.00125,-0.8,-639.488409272582,-0.799,0.0801068090787717,3.0,5.0,0.04017866
0022400939,1610612758,Sacramento,Kings,SAC,kings,203926,Doug,McDermott,D. McDermott,doug-mcdermott,,,,5:15,5.25,0,2,0.0,0,2,0.0,0,0,0.0,0,0,0,0,0,0,0,0,0,2.0,0022400939,Doug McDermott,doug mcdermott,,,2025-03-10,0,0.0,0.0,0.0,0.0,0.0,13.0,9.0,12.0,9.0,8.0,5.0,1.0,14.0,0.0,0,0.0,0,0.00133,6.8,5108.940646130729,6.7909559999999995,0.0,10.0,12.0,0.004344194
0022400939,1610612758,Sacramento,Kings,SAC,kings,1628365,Markelle,Fultz,M. Fultz,markelle-fultz,,,,7:46,7.766666666666667,1,4,0.25,0,1,0.0,0,0,0.0,0,0,0,2,1,0,0,0,2,-5.0,0022400939,Markelle Fultz,markelle fultz,,,2025-03-10,1,0.2575107296137339,0.0,0.0,0.2575107296137339,0.12875536480686695,11.0,9.0,12.0,4.0,1.0,5.0,6.0,10.0,2.0,0,0.0,0,0.00222,-23.9,-10760.918505177846,-23.846942,0.12875536480686695,3.0,7.0,0.011294009
0022400939,1610612758,Sacramento,Kings,SAC,kings,1627746,Skal,Labissiere,S. Labissiere,skal-labissiere,,,,5:53,5.883333333333333,0,2,0.0,0,0,0.0,0,0,0.0,0,2,2,0,0,0,0,0,0,0.0,0022400939,Skal Labissiere,skal labissiere,,,2025-03-10,0,0.0,0.0,0.33994334277620397,0.0,0.0,13.0,9.0,6.0,9.0,8.0,5.0,3.0,11.0,0.0,0,0.0,0,0.00133,0.0,0.0,0.0,0.0,10.0,12.0,0.0049653114
0022400939,1610612758,Sacramento,Kings,SAC,kings,1642384,Isaiah,Crawford,I. Crawford,isaiah-crawford,,,,5:53,5.883333333333333,2,2,1.0,1,1,1.0,0,0,0.0,1,0,1,0,0,0,1,0,5,0.0,0022400939,Isaiah Crawford,isaiah crawford,,,2025-03-10,0,0.8498583569405099,0.16997167138810199,0.16997167138810199,0.0,0.16997167138810199,8.0,4.0,8.0,9.0,8.0,5.0,3.0,11.0,,1,,1,0.002,0.0,0.0,0.0,0.0,10.0,2.0,0.040144138
0022400939,1610612758,Sacramento,Kings,SAC,kings,1630222,Mason,Jones,M. Jones,mason-jones,,,,5:53,5.883333333333333,0,1,0.0,0,1,0.0,2,2,1.0,0,0,0,0,0,1,0,0,2,0.0,0022400939,Mason Jones,mason jones,,,2025-03-10,1,0.33994334277620397,0.0,0.0,0.0,0.16997167138810199,11.0,9.0,12.0,9.0,8.0,1.0,3.0,11.0,0.0,0,0.0,0,0.00133,0.0,0.0,0.0,0.16997167138810199,3.0,2.0,0.007550728
0022400957,1610612758,Sacramento,Kings,SAC,kings,201942,DeMar,DeRozan,D. DeRozan,demar-derozan,F,,,34:58,34.96666666666667,8,13,0.615,0,2,0.0,7,8,0.875,0,5,5,7,1,0,1,1,23,-11.0,0022400957,DeMar DeRozan,demar derozan,,,2025-03-13,1,0.657769304099142,0.0,0.14299332697807435,0.2001906577693041,0.02859866539561487,1.0,6.0,2.0,1.0,3.0,4.0,9.0,1.0,2.0,0,0.0,0,0.00215,-15.1,-7019.99070199907,-15.067535,0.02859866539561487,4.0,8.0,0.845287
0022400957,1610612758,Sacramento,Kings,SAC,kings,1631099,Keegan,Murray,K. Murray,keegan-murray,F,,,34:29,34.483333333333334,2,10,0.2,2,8,0.25,0,0,0.0,1,3,4,2,0,2,1,1,6,-14.0,0022400957,Keegan Murray,keegan murray,,,2025-03-13,2,0.17399710004833252,0.028999516674722087,0.11599806669888835,0.05799903334944417,0.08699855002416626,7.0,1.0,4.0,5.0,6.0,1.0,10.0,2.0,3.0,0,0.0,0,0.0014099999999999998,-19.4,-13749.114103472717,-19.372646,0.05799903334944417,2.0,5.0,0.051977888
0022400957,1610612758,Sacramento,Kings,SAC,kings,202685,Jonas,Valančiūnas,J. Valančiūnas,jonas-valančiūnas,C,,,14:01,14.016666666666667,2,7,0.286,0,0,0.0,1,2,0.5,1,8,9,0,0,1,0,2,5,-17.0,0022400957,Jonas Valančiūnas,jonas valančiūnas,,,2025-03-13,1,0.356718192627824,0.0713436385255648,0.6420927467300832,0.0,0.1426872770511296,8.0,1.0,1.0,8.0,6.0,2.0,11.0,8.0,1.0,0,0.0,0,0.00222,-53.1,-23908.149482215216,-52.982118,0.0713436385255648,4.0,1.0,0.09088452
0022400957,1610612758,Sacramento,Kings,SAC,kings,203897,Zach,LaVine,Z. LaVine,zach-lavine,G,,,31:55,31.916666666666668,5,6,0.833,4,4,1.0,0,0,0.0,0,1,1,3,0,0,5,2,14,-34.0,0022400957,Zach LaVine,zach lavine,,,2025-03-13,0,0.4386422976501305,0.0,0.031331592689295036,0.09399477806788512,0.0,3.0,6.0,6.0,4.0,6.0,4.0,13.0,4.0,0.0,0,0.0,0,0.00153,-51.5,-33638.14500326585,-51.421205,0.0,8.0,9.0,0.35338113
0022400957,1610612758,Sacramento,Kings,SAC,kings,1628370,Malik,Monk,M. Monk,malik-monk,G,,,32:24,32.4,3,13,0.231,0,5,0.0,1,3,0.333,1,3,4,6,2,1,4,3,7,-1.0,0022400957,Malik Monk,malik monk,,,2025-03-13,3,0.2160493827160494,0.0308641975308642,0.1234567901234568,0.1851851851851852,0.1234567901234568,6.0,1.0,4.0,2.0,1.0,2.0,2.0,3.0,3.0,0,0.0,0,0.00254,-3.1,-1219.992129083038,-3.092126,0.0925925925925926,1.0,4.0,0.12245359
0022400957,1610612758,Sacramento,Kings,SAC,kings,1631165,Keon,Ellis,K. Ellis,keon-ellis,,,,28:04,28.066666666666666,7,12,0.583,3,8,0.375,1,2,0.5,0,0,0,4,1,0,2,2,18,-6.0,0022400957,Keon Ellis,keon ellis,,,2025-03-13,1,0.6413301662707839,0.0,0.0,0.14251781472684086,0.035629453681710214,2.0,6.0,9.0,3.0,3.0,4.0,3.0,5.0,2.0,0,0.0,0,0.00242,-10.5,-4337.0508054522925,-10.474590000000001,0.035629453681710214,4.0,7.0,0.8100072
0022400957,1610612758,Sacramento,Kings,SAC,kings,1631222,Jake,LaRavia,J. LaRavia,jake-laravia,,,,21:17,21.283333333333335,5,7,0.714,2,4,0.5,1,2,0.5,0,0,0,1,1,0,0,0,13,-17.0,0022400957,Jake LaRavia,jake laravia,,,2025-03-13,1,0.6108065779169929,0.0,0.0,0.04698512137823022,0.04698512137823022,4.0,6.0,9.0,7.0,3.0,4.0,11.0,7.0,2.0,0,0.0,0,0.0017000000000000001,-43.0,-25279.247501469723,-42.926899999999996,0.04698512137823022,4.0,6.0,0.5722699
0022400957,1610612758,Sacramento,Kings,SAC,kings,1626168,Trey,Lyles,T. Lyles,trey-lyles,,,,21:59,21.983333333333334,4,6,0.667,2,3,0.667,1,1,1.0,1,4,5,0,2,0,1,1,11,4.0,0022400957,Trey Lyles,trey lyles,,,2025-03-13,2,0.5003790750568612,0.045489006823351025,0.2274450341167551,0.0,0.13646702047005307,5.0,1.0,2.0,8.0,1.0,4.0,1.0,6.0,2.0,0,0.0,0,0.0014299999999999998,6.0,4192.87211740042,5.99142,0.09097801364670205,2.0,2.0,0.7733036
0022400957,1610612758,Sacramento,Kings,SAC,kings,1642269,Devin,Carter,D. Carter,devin-carter,,,,7:25,7.416666666666667,1,1,1.0,1,1,1.0,2,2,1.0,1,0,1,2,0,0,0,2,5,-10.0,0022400957,Devin Carter,devin carter,,,2025-03-13,0,0.6741573033707865,0.1348314606741573,0.1348314606741573,0.2696629213483146,0.1348314606741573,8.0,1.0,6.0,5.0,6.0,4.0,8.0,9.0,1.0,0,0.0,0,0.0011799999999999998,-79.0,-66892.46401354785,-78.90678,0.0,8.0,3.0,0.009771203
0022400957,1610612758,Sacramento,Kings,SAC,kings,203926,Doug,McDermott,D. McDermott,doug-mcdermott,,,,3:22,3.3666666666666667,0,1,0.0,0,1,0.0,0,0,0.0,0,0,0,0,0,0,0,0,0,-6.0,0022400957,Doug McDermott,doug mcdermott,,,2025-03-13,0,0.0,0.0,0.0,0.0,0.0,11.0,6.0,9.0,8.0,6.0,4.0,3.0,10.0,0.0,0,0.0,0,0.0014299999999999998,-85.7,-59888.19007686934,-85.577449,0.0,8.0,9.0,0.002181535
0022400957,1610612758,Sacramento,Kings,SAC,kings,1642403,Isaac,Jones,I. Jones,isaac-jones,,,,3:22,3.3666666666666667,0,0,0.0,0,0,0.0,2,2,1.0,0,1,1,0,0,0,0,0,2,-6.0,0022400957,Isaac Jones,isaac jones,,,2025-03-13,0,0.594059405940594,0.0,0.297029702970297,0.0,0.0,10.0,6.0,6.0,8.0,6.0,4.0,3.0,10.0,0.0,0,0.0,0,0.0014299999999999998,-85.7,-59888.19007686934,-85.577449,0.0,8.0,9.0,0.0072957403
0022400957,1610612758,Sacramento,Kings,SAC,kings,1628365,Markelle,Fultz,M. Fultz,markelle-fultz,,,,3:22,3.3666666666666667,0,2,0.0,0,0,0.0,0,0,0.0,0,0,0,0,0,0,0,1,0,-6.0,0022400957,Markelle Fultz,markelle fultz,,,2025-03-13,0,0.0,0.0,0.0,0.0,0.0,11.0,6.0,9.0,8.0,6.0,4.0,3.0,10.0,,1,,1,0.0028599999999999997,-85.7,-29954.561342188048,-85.454898,0.0,8.0,9.0,0.002129283
0022400957,1610612758,Sacramento,Kings,SAC,kings,1642384,Isaiah,Crawford,I. Crawford,isaiah-crawford,,,,3:22,3.3666666666666667,0,1,0.0,0,1,0.0,0,0,0.0,0,0,0,0,0,0,0,0,0,-6.0,0022400957,Isaiah Crawford,isaiah crawford,,,2025-03-13,0,0.0,0.0,0.0,0.0,0.0,11.0,6.0,9.0,8.0,6.0,4.0,3.0,10.0,1.0,0,0.0,0,0.0014299999999999998,-85.7,-59888.19007686934,-85.577449,0.0,8.0,9.0,0.0021620288
0022400967,1610612758,Sacramento,Kings,SAC,kings,201942,DeMar,DeRozan,D. DeRozan,demar-derozan,F,,,33:50,33.833333333333336,9,13,0.692,3,5,0.6,2,3,0.667,0,0,0,1,0,0,5,0,23,-11.0,0022400967,DeMar DeRozan,demar derozan,,,2025-03-14,0,0.6798029556650246,0.0,0.0,0.029556650246305417,0.0,1.0,6.0,10.0,6.0,5.0,2.0,8.0,4.0,1.0,0,0.0,0,0.00241,-26.1,-10825.383658233099,-26.037099,0.0,5.0,8.0,0.85458386
0022400967,1610612758,Sacramento,Kings,SAC,kings,1631099,Keegan,Murray,K. Murray,keegan-murray,F,,,37:15,37.25,6,13,0.462,2,8,0.25,0,0,0.0,3,5,8,2,2,0,1,1,14,-2.0,0022400967,Keegan Murray,keegan murray,,,2025-03-14,2,0.37583892617449666,0.08053691275167785,0.21476510067114093,0.053691275167785234,0.1342281879194631,4.0,2.0,2.0,3.0,2.0,2.0,5.0,2.0,2.0,0,0.0,0,0.00165,-4.3,-2604.482132041187,-4.292904999999999,0.053691275167785234,2.0,4.0,0.5332753
0022400967,1610612758,Sacramento,Kings,SAC,kings,1627734,Domantas,Sabonis,D. Sabonis,domantas-sabonis,C,,,30:05,30.083333333333332,4,11,0.364,0,2,0.0,4,4,1.0,1,10,11,12,3,1,2,2,12,-8.0,0022400967,Domantas Sabonis,domantas sabonis,,,2025-03-14,4,0.3988919667590028,0.0332409972299169,0.3656509695290859,0.3988919667590028,0.16620498614958448,5.0,4.0,1.0,1.0,1.0,1.0,7.0,5.0,2.0,0,0.0,0,0.00197,-19.4,-9842.719431760526,-19.361781999999998,0.1329639889196676,1.0,3.0,0.6509429
0022400967,1610612758,Sacramento,Kings,SAC,kings,203897,Zach,LaVine,Z. LaVine,zach-lavine,G,,,36:13,36.21666666666667,7,13,0.538,2,6,0.333,5,6,0.833,0,3,3,2,1,0,2,3,21,-21.0,0022400967,Zach LaVine,zach lavine,,,2025-03-14,1,0.5798435342843994,0.0,0.08283479061205706,0.05522319374137137,0.027611596870685685,2.0,6.0,5.0,3.0,3.0,2.0,12.0,3.0,0.0,0,0.0,0,0.00212,-29.8,-14049.97642621405,-29.736824000000002,0.027611596870685685,3.0,7.0,0.7097494
0022400967,1610612758,Sacramento,Kings,SAC,kings,1628370,Malik,Monk,M. Monk,malik-monk,G,,,42:02,42.03333333333333,8,18,0.444,0,8,0.0,2,2,1.0,2,6,8,5,0,0,4,2,18,-4.0,0022400967,Malik Monk,malik monk,,,2025-03-14,0,0.42823156225218084,0.04758128469468676,0.19032513877874704,0.1189532117367169,0.04758128469468676,3.0,3.0,2.0,2.0,5.0,2.0,6.0,1.0,2.0,0,0.0,0,0.0023499999999999997,-9.1,-3870.6933219906423,-9.078615,0.0,5.0,5.0,0.43168524
0022400967,1610612758,Sacramento,Kings,SAC,kings,1631165,Keon,Ellis,K. Ellis,keon-ellis,,,,21:36,21.6,2,2,1.0,0,0,0.0,3,3,1.0,0,1,1,1,1,0,2,3,7,-18.0,0022400967,Keon Ellis,keon ellis,,,2025-03-14,1,0.32407407407407407,0.0,0.046296296296296294,0.046296296296296294,0.046296296296296294,6.0,6.0,7.0,6.0,3.0,2.0,11.0,6.0,3.0,0,0.0,0,0.00098,-37.0,-37716.61569826708,-36.96374,0.046296296296296294,3.0,6.0,0.022831257
0022400967,1610612758,Sacramento,Kings,SAC,kings,202685,Jonas,Valančiūnas,J. Valančiūnas,jonas-valančiūnas,,,,12:18,12.3,2,5,0.4,0,0,0.0,2,2,1.0,5,0,5,2,0,0,3,3,6,-15.0,0022400967,Jonas Valančiūnas,jonas valančiūnas,,,2025-03-14,0,0.4878048780487805,0.4065040650406504,0.4065040650406504,0.16260162601626016,0.4065040650406504,7.0,1.0,4.0,3.0,5.0,2.0,10.0,8.0,0.0,0,0.0,0,0.0029,-62.5,-21544.29507066529,-62.31875,0.0,5.0,2.0,0.10158244
0022400967,1610612758,Sacramento,Kings,SAC,kings,1631222,Jake,LaRavia,J. LaRavia,jake-laravia,,,,16:17,16.283333333333335,1,4,0.25,1,3,0.333,0,0,0.0,0,2,2,0,0,0,0,3,3,-11.0,0022400967,Jake LaRavia,jake laravia,,,2025-03-14,0,0.18423746161719548,0.0,0.12282497441146366,0.0,0.0,8.0,6.0,6.0,8.0,5.0,2.0,8.0,7.0,0.0,0,0.0,0,0.00105,-38.9,-37012.36917221694,-38.859155,0.0,5.0,8.0,0.0073349997
0022400967,1610612758,Sacramento,Kings,SAC,kings,1642269,Devin,Carter,D. Carter,devin-carter,,,,6:24,6.4,0,0,0.0,0,0,0.0,0,0,0.0,0,1,1,0,0,0,0,1,0,4.0,0022400967,Devin Carter,devin carter,,,2025-03-14,0,0.0,0.0,0.15625,0.0,0.0,10.0,6.0,7.0,8.0,5.0,2.0,1.0,9.0,0.0,0,0.0,0,0.0,13.3,13300000.000000002,13.3,0.0,5.0,8.0,0.00842157
0022400967,1610612758,Sacramento,Kings,SAC,kings,1642403,Isaac,Jones,I. Jones,isaac-jones,,,,1:20,1.3333333333333333,1,1,1.0,0,0,0.0,0,0,0.0,1,0,1,0,0,0,0,0,2,2.0,0022400967,Isaac Jones,isaac jones,,,2025-03-14,0,1.5,0.75,0.75,0.0,0.75,9.0,4.0,7.0,8.0,5.0,2.0,2.0,10.0,,1,,1,0.0025,66.7,26669.332267093163,66.53325000000001,0.0,5.0,1.0,0.070096016
0022400967,1610612758,Sacramento,Kings,SAC,kings,1642384,Isaiah,Crawford,I. Crawford,isaiah-crawford,,,,1:20,1.3333333333333333,0,0,0.0,0,0,0.0,0,0,0.0,0,0,0,0,0,0,0,0,0,2.0,0022400967,Isaiah Crawford,isaiah crawford,,,2025-03-14,0,0.0,0.0,0.0,0.0,0.0,10.0,6.0,10.0,8.0,5.0,2.0,2.0,10.0,,1,,1,0.0,66.7,66700000.00000001,66.7,0.0,5.0,8.0,0.0061902087
0022400967,1610612758,Sacramento,Kings,SAC,kings,1628365,Markelle,Fultz,M. Fultz,markelle-fultz,,,,1:20,1.3333333333333333,0,1,0.0,0,0,0.0,0,0,0.0,0,0,0,0,0,0,0,0,0,2.0,0022400967,Markelle Fultz,markelle fultz,,,2025-03-14,0,0.0,0.0,0.0,0.0,0.0,10.0,6.0,10.0,8.0,5.0,2.0,2.0,10.0,1.0,0,0.0,0,0.0025,66.7,26669.332267093163,66.53325000000001,0.0,5.0,8.0,0.0044572684
0022400992,1610612758,Sacramento,Kings,SAC,kings,201942,DeMar,DeRozan,D. DeRozan,demar-derozan,F,,,32:37,32.61666666666667,7,19,0.368,3,6,0.5,5,7,0.714,3,3,6,8,0,1,1,2,22,-1.0,0022400992,DeMar DeRozan,demar derozan,,,2025-03-17,1,0.6745017884517118,0.09197751660705161,0.18395503321410323,0.2452733776188043,0.12263668880940215,3.0,1.0,3.0,1.0,7.0,3.0,9.0,4.0,1.0,0,0.0,0,0.00299,2.3,768.9735874289535,2.2931229999999996,0.030659172202350538,6.0,4.0,0.60713327
0022400992,1610612758,Sacramento,Kings,SAC,kings,1631099,Keegan,Murray,K. Murray,keegan-murray,F,,,33:16,33.266666666666666,6,14,0.429,3,8,0.375,1,1,1.0,1,8,9,1,2,0,0,4,16,1.0,0022400992,Keegan Murray,keegan murray,,,2025-03-17,2,0.4809619238476954,0.030060120240480964,0.27054108216432865,0.030060120240480964,0.09018036072144289,4.0,3.0,1.0,8.0,2.0,4.0,8.0,3.0,1.0,0,0.0,0,0.0017699999999999999,1.4,790.5138339920949,1.397522,0.06012024048096193,4.0,7.0,0.5791695
0022400992,1610612758,Sacramento,Kings,SAC,kings,1627734,Domantas,Sabonis,D. Sabonis,domantas-sabonis,C,,,12:04,12.066666666666666,3,4,0.75,0,0,0.0,0,1,0.0,1,0,1,4,0,0,1,0,6,3.0,0022400992,Domantas Sabonis,domantas sabonis,,,2025-03-17,0,0.4972375690607735,0.08287292817679558,0.08287292817679558,0.3314917127071823,0.08287292817679558,8.0,3.0,8.0,4.0,7.0,4.0,6.0,9.0,0.0,0,0.0,0,0.00179,16.1,8989.391401451705,16.071181000000003,0.0,9.0,8.0,0.07597248
0022400992,1610612758,Sacramento,Kings,SAC,kings,203897,Zach,LaVine,Z. LaVine,zach-lavine,G,,,37:20,37.333333333333336,7,11,0.636,5,8,0.625,4,5,0.8,1,1,2,6,0,0,2,1,23,-1.0,0022400992,Zach LaVine,zach lavine,,,2025-03-17,0,0.6160714285714285,0.026785714285714284,0.05357142857142857,0.1607142857142857,0.026785714285714284,2.0,3.0,6.0,3.0,7.0,4.0,9.0,1.0,0.0,0,0.0,0,0.0016300000000000002,-4.4,-2697.73145309626,-4.392828000000001,0.0,9.0,10.0,0.8658302
0022400992,1610612758,Sacramento,Kings,SAC,kings,1628370,Malik,Monk,M. Monk,malik-monk,G,,,35:41,35.68333333333333,10,17,0.588,4,8,0.5,4,4,1.0,0,3,3,7,1,3,3,1,28,8.0,0022400992,Malik Monk,malik monk,,,2025-03-17,4,0.7846800560485755,0.0,0.08407286314806166,0.19617001401214387,0.11209715086408222,1.0,8.0,5.0,2.0,4.0,1.0,4.0,2.0,2.0,0,0.0,0,0.00262,5.7,2174.7424647081266,5.685066000000001,0.11209715086408222,1.0,5.0,0.8981307
0022400992,1610612758,Sacramento,Kings,SAC,kings,202685,Jonas,Valančiūnas,J. Valančiūnas,jonas-valančiūnas,,,,16:01,16.016666666666666,4,5,0.8,0,0,0.0,0,0,0.0,2,3,5,3,0,3,1,2,8,9.0,0022400992,Jonas Valančiūnas,jonas valančiūnas,,,2025-03-17,3,0.49947970863683666,0.12486992715920917,0.3121748178980229,0.18730489073881373,0.3121748178980229,7.0,2.0,4.0,5.0,7.0,1.0,3.0,8.0,0.0,0,0.0,0,0.0016200000000000001,31.1,19185.68784700802,31.049618000000002,0.18730489073881373,3.0,2.0,0.61092365
0022400992,1610612758,Sacramento,Kings,SAC,kings,1631165,Keon,Ellis,K. Ellis,keon-ellis,,,,19:07,19.116666666666667,3,6,0.5,3,6,0.5,0,0,0.0,0,0,0,3,1,0,0,2,9,13.0,0022400992,Keon Ellis,keon ellis,,,2025-03-17,1,0.4707933740191805,0.0,0.0,0.15693112467306014,0.05231037489102005,6.0,8.0,10.0,5.0,4.0,4.0,1.0,7.0,3.0,0,0.0,0,0.00122,30.7,25143.325143325146,30.662546,0.05231037489102005,6.0,9.0,0.18003513
0022400992,1610612758,Sacramento,Kings,SAC,kings,1631222,Jake,LaRavia,J. LaRavia,jake-laravia,,,,23:28,23.466666666666665,4,7,0.571,2,4,0.5,2,2,1.0,1,1,2,1,2,0,3,6,12,8.0,0022400992,Jake LaRavia,jake laravia,,,2025-03-17,2,0.5113636363636364,0.04261363636363637,0.08522727272727273,0.04261363636363637,0.1278409090909091,5.0,3.0,6.0,8.0,2.0,4.0,4.0,5.0,7.0,0,0.0,0,0.00183,18.7,10212.998361551065,18.665779,0.08522727272727273,4.0,3.0,0.6489352
0022400992,1610612758,Sacramento,Kings,SAC,kings,1642269,Devin,Carter,D. Carter,devin-carter,,,,10:31,10.516666666666667,0,1,0.0,0,0,0.0,2,6,0.333,0,1,1,2,4,0,0,1,2,12.0,0022400992,Devin Carter,devin carter,,,2025-03-17,4,0.19017432646592708,0.0,0.09508716323296354,0.19017432646592708,0.38034865293185416,10.0,8.0,8.0,7.0,1.0,4.0,2.0,10.0,3.0,0,0.0,0,0.0011799999999999998,35.5,30059.271803556316,35.458110000000005,0.38034865293185416,1.0,1.0,0.023907393
0022400992,1610612758,Sacramento,Kings,SAC,kings,1626168,Trey,Lyles,T. Lyles,trey-lyles,,,,19:47,19.783333333333335,2,4,0.5,0,1,0.0,1,2,0.5,1,8,9,0,1,0,1,1,5,-5.0,0022400992,Trey Lyles,trey lyles,,,2025-03-17,1,0.2527379949452401,0.050547598989048016,0.45492839090143217,0.0,0.10109519797809603,9.0,3.0,1.0,10.0,4.0,4.0,11.0,6.0,1.0,0,0.0,0,0.00115,-13.1,-11381.407471763685,-13.084935,0.050547598989048016,6.0,6.0,0.048733097
0022400992,1610612758,Sacramento,Kings,SAC,kings,1642384,Isaiah,Crawford,I. Crawford,isaiah-crawford,,,,0:08,0.13333333333333333,0,0,0.0,0,0,0.0,1,2,0.5,0,0,0,0,0,0,0,1,1,3.0,0022400992,Isaiah Crawford,isaiah crawford,,,2025-03-17,0,7.5,0.0,0.0,0.0,0.0,11.0,8.0,10.0,10.0,7.0,4.0,6.0,11.0,,1,,1,0.005,300.0,59988.00239952009,298.5,0.0,9.0,11.0,0.01860076
0022401009,1610612758,Sacramento,Kings,SAC,kings,201942,DeMar,DeRozan,D. DeRozan,demar-derozan,F,,,36:29,36.483333333333334,10,19,0.526,2,5,0.4,5,6,0.833,0,1,1,4,1,0,1,3,27,1.0,0022401009,DeMar DeRozan,demar derozan,,,2025-03-19,1,0.7400639561443582,0.0,0.027409776153494745,0.10963910461397898,0.027409776153494745,1.0,7.0,7.0,3.0,3.0,2.0,6.0,3.0,1.0,0,0.0,0,0.00247,1.3,526.1027923917442,1.296789,0.027409776153494745,3.0,8.0,0.83526665
0022401009,1610612758,Sacramento,Kings,SAC,kings,1631099,Keegan,Murray,K. Murray,keegan-murray,F,,,36:31,36.516666666666666,5,11,0.455,3,7,0.429,0,0,0.0,0,4,4,3,0,0,1,3,13,15.0,0022401009,Keegan Murray,keegan murray,,,2025-03-19,0,0.35600182565038796,0.0,0.10953902327704244,0.08215426745778184,0.0,4.0,7.0,5.0,4.0,7.0,2.0,1.0,2.0,0.0,0,0.0,0,0.0013800000000000002,22.6,16364.952932657496,22.568812,0.0,7.0,9.0,0.4817867
0022401009,1610612758,Sacramento,Kings,SAC,kings,202685,Jonas,Valančiūnas,J. Valančiūnas,jonas-valančiūnas,C,,,24:56,24.933333333333334,5,11,0.455,0,1,0.0,2,2,1.0,5,8,13,2,0,0,2,4,12,-17.0,0022401009,Jonas Valančiūnas,jonas valančiūnas,,,2025-03-19,0,0.48128342245989303,0.20053475935828877,0.5213903743315508,0.08021390374331551,0.20053475935828877,7.0,1.0,1.0,6.0,7.0,2.0,9.0,7.0,0.0,0,0.0,0,0.0023699999999999997,-32.0,-13496.415014761706,-31.92416,0.0,7.0,2.0,0.16939045
0022401009,1610612758,Sacramento,Kings,SAC,kings,1631165,Keon,Ellis,K. Ellis,keon-ellis,G,,,29:58,29.966666666666665,4,5,0.8,3,4,0.75,2,2,1.0,2,2,4,2,1,0,1,5,13,4.0,0022401009,Keon Ellis,keon ellis,,,2025-03-19,1,0.4338153503893215,0.06674082313681869,0.13348164627363737,0.06674082313681869,0.10011123470522804,4.0,3.0,5.0,6.0,3.0,2.0,5.0,6.0,1.0,0,0.0,0,0.001,6.8,6793.206793206793,6.7932,0.03337041156840934,3.0,6.0,0.66488534
0022401009,1610612758,Sacramento,Kings,SAC,kings,1628370,Malik,Monk,M. Monk,malik-monk,G,,,39:27,39.45,8,18,0.444,4,7,0.571,2,2,1.0,3,3,6,8,2,1,3,1,22,-6.0,0022401009,Malik Monk,malik monk,,,2025-03-19,3,0.5576679340937896,0.07604562737642585,0.1520912547528517,0.20278833967046894,0.1520912547528517,2.0,2.0,3.0,1.0,2.0,1.0,8.0,1.0,3.0,0,0.0,0,0.0023899999999999998,-4.3,-1798.4107068172314,-4.2897229999999995,0.07604562737642585,1.0,3.0,0.8027404
0022401009,1610612758,Sacramento,Kings,SAC,kings,1642269,Devin,Carter,D. Carter,devin-carter,,,,30:47,30.783333333333335,6,11,0.545,2,6,0.333,2,2,1.0,1,4,5,3,3,0,1,2,16,7.0,0022401009,Devin Carter,devin carter,,,2025-03-19,3,0.5197617758527341,0.03248511099079588,0.16242555495397942,0.09745533297238765,0.12994044396318352,3.0,5.0,4.0,4.0,1.0,2.0,3.0,4.0,4.0,0,0.0,0,0.00183,14.5,7919.169852539596,14.473465000000001,0.09745533297238765,1.0,5.0,0.78609693
0022401009,1610612758,Sacramento,Kings,SAC,kings,1626168,Trey,Lyles,T. Lyles,trey-lyles,,,,30:10,30.166666666666668,5,9,0.556,1,4,0.25,2,2,1.0,2,5,7,5,1,0,1,2,13,10.0,0022401009,Trey Lyles,trey lyles,,,2025-03-19,1,0.430939226519337,0.06629834254143646,0.23204419889502761,0.16574585635359115,0.09944751381215469,4.0,3.0,2.0,2.0,3.0,2.0,2.0,5.0,3.0,0,0.0,0,0.0016200000000000001,18.0,11104.256631708822,17.970840000000003,0.03314917127071823,3.0,7.0,0.8253968
0022401009,1610612758,Sacramento,Kings,SAC,kings,1628365,Markelle,Fultz,M. Fultz,markelle-fultz,,,,7:19,7.316666666666666,2,6,0.333,1,1,1.0,0,0,0.0,0,0,0,1,1,0,0,0,5,6.0,0022401009,Markelle Fultz,markelle fultz,,,2025-03-19,1,0.683371298405467,0.0,0.0,0.1366742596810934,0.1366742596810934,8.0,7.0,9.0,8.0,3.0,2.0,4.0,8.0,1.0,0,0.0,0,0.0035299999999999997,40.0,11328.235627301048,39.8588,0.1366742596810934,3.0,4.0,0.027177917
0022401009,1610612758,Sacramento,Kings,SAC,kings,1642403,Isaac,Jones,I. Jones,isaac-jones,,,,4:23,4.383333333333334,1,1,1.0,0,0,0.0,0,0,0.0,1,0,1,0,0,0,1,0,2,0.0,0022401009,Isaac Jones,isaac jones,,,2025-03-19,0,0.4562737642585551,0.22813688212927755,0.22813688212927755,0.0,0.22813688212927755,9.0,5.0,7.0,9.0,7.0,2.0,7.0,9.0,1.0,0,0.0,0,0.00167,0.0,0.0,0.0,0.0,7.0,1.0,0.010366078
0022401013,1610612758,Sacramento,Kings,SAC,kings,201942,DeMar,DeRozan,D. DeRozan,demar-derozan,F,,,35:38,35.63333333333333,9,22,0.409,2,6,0.333,2,4,0.5,0,3,3,5,1,0,1,1,22,-21.0,0022401013,DeMar DeRozan,demar derozan,,,2025-03-20,1,0.617399438727783,0.0,0.08419083255378859,0.1403180542563143,0.02806361085126286,2.0,5.0,5.0,1.0,2.0,5.0,9.0,2.0,1.0,0,0.0,0,0.0030499999999999998,-28.8,-9439.528023598821,-28.71216,0.02806361085126286,3.0,8.0,0.50873333
0022401013,1610612758,Sacramento,Kings,SAC,kings,1631099,Keegan,Murray,K. Murray,keegan-murray,F,,,38:19,38.31666666666667,4,8,0.5,2,5,0.4,0,0,0.0,3,6,9,3,0,2,2,4,10,-20.0,0022401013,Keegan Murray,keegan murray,,,2025-03-20,2,0.26098303610265333,0.078294910830796,0.23488473249238798,0.078294910830796,0.13049151805132667,4.0,1.0,1.0,4.0,4.0,1.0,8.0,1.0,1.0,0,0.0,0,0.0011200000000000001,-28.2,-25156.110615521855,-28.168416,0.05219660722053066,1.0,2.0,0.4063333
0022401013,1610612758,Sacramento,Kings,SAC,kings,202685,Jonas,Valančiūnas,J. Valančiūnas,jonas-valančiūnas,C,,,15:13,15.216666666666667,3,7,0.429,0,0,0.0,0,0,0.0,0,5,5,1,0,1,0,2,6,-3.0,0022401013,Jonas Valančiūnas,jonas valančiūnas,,,2025-03-20,1,0.39430449069003287,0.0,0.32858707557502737,0.06571741511500548,0.06571741511500548,7.0,5.0,4.0,8.0,4.0,2.0,3.0,9.0,0.0,0,0.0,0,0.002,-5.3,-2648.675662168915,-5.2894,0.06571741511500548,3.0,5.0,0.13208532
0022401013,1610612758,Sacramento,Kings,SAC,kings,203897,Zach,LaVine,Z. LaVine,zach-lavine,G,,,32:51,32.85,2,9,0.222,1,6,0.167,3,3,1.0,0,1,1,5,1,0,2,1,8,-4.0,0022401013,Zach LaVine,zach lavine,,,2025-03-20,1,0.243531202435312,0.0,0.030441400304414,0.15220700152207,0.030441400304414,6.0,5.0,8.0,1.0,2.0,5.0,4.0,4.0,1.0,0,0.0,0,0.0016200000000000001,-5.8,-3578.0382479950645,-5.790604,0.030441400304414,3.0,6.0,0.045517936
0022401013,1610612758,Sacramento,Kings,SAC,kings,1628370,Malik,Monk,M. Monk,malik-monk,G,,,34:24,34.4,12,19,0.632,5,10,0.5,5,5,1.0,1,0,1,5,0,0,2,4,34,-5.0,0022401013,Malik Monk,malik monk,,,2025-03-20,0,0.9883720930232559,0.029069767441860465,0.029069767441860465,0.14534883720930233,0.029069767441860465,1.0,4.0,8.0,1.0,4.0,5.0,5.0,3.0,0.0,0,0.0,0,0.0028799999999999997,-6.9,-2395.001735508504,-6.880128,0.0,8.0,7.0,0.891326
0022401013,1610612758,Sacramento,Kings,SAC,kings,1631165,Keon,Ellis,K. Ellis,keon-ellis,,,,17:35,17.583333333333332,0,2,0.0,0,2,0.0,0,0,0.0,0,2,2,0,2,0,2,4,0,-6.0,0022401013,Keon Ellis,keon ellis,,,2025-03-20,2,0.0,0.0,0.1137440758293839,0.0,0.1137440758293839,9.0,5.0,6.0,9.0,1.0,5.0,6.0,8.0,5.0,0,0.0,0,0.00108,-9.9,-9158.186864014802,-9.889308,0.1137440758293839,1.0,4.0,0.009978411
0022401013,1610612758,Sacramento,Kings,SAC,kings,1626168,Trey,Lyles,T. Lyles,trey-lyles,,,,24:12,24.2,6,11,0.545,4,7,0.571,6,6,1.0,2,4,6,3,0,1,1,1,22,-6.0,0022401013,Trey Lyles,trey lyles,,,2025-03-20,1,0.9090909090909092,0.08264462809917356,0.24793388429752067,0.12396694214876033,0.12396694214876033,2.0,3.0,3.0,4.0,4.0,2.0,6.0,5.0,2.0,0,0.0,0,0.0027800000000000004,-12.8,-4602.6609133405245,-12.764416,0.04132231404958678,3.0,3.0,0.9018568
0022401013,1610612758,Sacramento,Kings,SAC,kings,1642269,Devin,Carter,D. Carter,devin-carter,,,,20:08,20.133333333333333,2,5,0.4,0,2,0.0,0,2,0.0,0,2,2,2,0,0,0,1,4,5.0,0022401013,Devin Carter,devin carter,,,2025-03-20,0,0.19867549668874174,0.0,0.09933774834437087,0.09933774834437087,0.0,8.0,5.0,6.0,7.0,4.0,5.0,1.0,7.0,2.0,0,0.0,0,0.00111,5.9,5310.531053105311,5.893451,0.0,8.0,9.0,0.038752776
0022401013,1610612758,Sacramento,Kings,SAC,kings,1631222,Jake,LaRavia,J. LaRavia,jake-laravia,,,,21:40,21.666666666666668,3,3,1.0,1,1,1.0,3,3,1.0,3,4,7,3,0,1,1,4,10,0.0,0022401013,Jake LaRavia,jake laravia,,,2025-03-20,1,0.4615384615384615,0.13846153846153844,0.32307692307692304,0.13846153846153844,0.1846153846153846,4.0,1.0,2.0,4.0,4.0,2.0,2.0,6.0,1.0,0,0.0,0,0.00106,3.1,2921.77191328935,3.0967140000000004,0.04615384615384615,3.0,1.0,0.70491034
0022401027,1610612758,Sacramento,Kings,SAC,kings,201942,DeMar,DeRozan,D. DeRozan,demar-derozan,F,,,38:03,38.05,8,18,0.444,0,4,0.0,6,7,0.857,0,2,2,4,1,0,0,1,22,-10.0,0022401027,DeMar DeRozan,demar derozan,,,2025-03-22,1,0.5781865965834428,0.0,0.05256241787122208,0.10512483574244416,0.02628120893561104,1.0,8.0,7.0,3.0,2.0,2.0,7.0,1.0,2.0,0,0.0,0,0.00244,-13.7,-5612.453912331011,-13.666571999999999,0.02628120893561104,3.0,8.0,0.69876826
0022401027,1610612758,Sacramento,Kings,SAC,kings,1631099,Keegan,Murray,K. Murray,keegan-murray,F,,,32:58,32.96666666666667,5,12,0.417,2,7,0.286,1,1,1.0,2,7,9,1,0,2,0,3,13,8.0,0022401027,Keegan Murray,keegan murray,,,2025-03-22,2,0.39433771486349845,0.06066734074823053,0.2730030333670374,0.030333670374115267,0.12133468149646107,5.0,3.0,1.0,5.0,4.0,1.0,1.0,4.0,1.0,0,0.0,0,0.00167,14.6,8737.283064033512,14.575618,0.06066734074823053,1.0,3.0,0.7891826
0022401027,1610612758,Sacramento,Kings,SAC,kings,202685,Jonas,Valančiūnas,J. Valančiūnas,jonas-valančiūnas,C,,,27:12,27.2,8,11,0.727,0,2,0.0,2,2,1.0,1,6,7,1,0,0,1,4,18,4.0,0022401027,Jonas Valančiūnas,jonas valančiūnas,,,2025-03-22,0,0.6617647058823529,0.03676470588235294,0.2573529411764706,0.03676470588235294,0.03676470588235294,3.0,4.0,3.0,5.0,4.0,2.0,2.0,6.0,1.0,0,0.0,0,0.0022400000000000002,10.2,4551.539491298527,10.177152,0.0,5.0,6.0,0.8762628
0022401027,1610612758,Sacramento,Kings,SAC,kings,203897,Zach,LaVine,Z. LaVine,zach-lavine,G,,,37:35,37.583333333333336,7,17,0.412,1,5,0.2,1,3,0.333,1,6,7,5,0,0,4,1,16,3.0,0022401027,Zach LaVine,zach lavine,,,2025-03-22,0,0.42572062084257206,0.026607538802660754,0.18625277161862527,0.13303769401330376,0.026607538802660754,4.0,4.0,3.0,2.0,4.0,2.0,3.0,2.0,1.0,0,0.0,0,0.0025900000000000003,2.4,926.2832883056733,2.393784,0.0,5.0,7.0,0.42023674
0022401027,1610612758,Sacramento,Kings,SAC,kings,1631165,Keon,Ellis,K. Ellis,keon-ellis,G,,,36:39,36.65,6,10,0.6,3,5,0.6,5,5,1.0,3,6,9,6,0,0,3,4,20,-6.0,0022401027,Keon Ellis,keon ellis,,,2025-03-22,0,0.5457025920873124,0.08185538881309687,0.2455661664392906,0.16371077762619374,0.08185538881309687,2.0,2.0,1.0,1.0,4.0,2.0,6.0,3.0,7.0,0,0.0,0,0.00181,-8.6,-4748.757592490337,-8.584434,0.0,5.0,5.0,0.82955855
0022401027,1610612758,Sacramento,Kings,SAC,kings,1642269,Devin,Carter,D. Carter,devin-carter,,,,10:02,10.033333333333333,0,2,0.0,0,2,0.0,1,2,0.5,1,2,3,0,2,0,0,0,1,-3.0,0022401027,Devin Carter,devin carter,,,2025-03-22,2,0.09966777408637874,0.09966777408637874,0.29900332225913623,0.0,0.29900332225913623,8.0,4.0,6.0,8.0,1.0,2.0,4.0,8.0,1.0,0,0.0,0,0.00111,-15.8,-14221.422142214222,-15.782462,0.19933554817275748,1.0,1.0,0.011154469
0022401027,1610612758,Sacramento,Kings,SAC,kings,1631222,Jake,LaRavia,J. LaRavia,jake-laravia,,,,28:28,28.466666666666665,4,9,0.444,2,6,0.333,1,2,0.5,0,1,1,0,0,0,0,1,11,-12.0,0022401027,Jake LaRavia,jake laravia,,,2025-03-22,0,0.38641686182669793,0.0,0.035128805620608904,0.0,0.0,6.0,8.0,8.0,8.0,4.0,2.0,9.0,5.0,0.0,0,0.0,0,0.00149,-24.0,-16096.579476861169,-23.96424,0.0,5.0,9.0,0.22707038
0022401027,1610612758,Sacramento,Kings,SAC,kings,1626168,Trey,Lyles,T. Lyles,trey-lyles,,,,20:48,20.8,3,12,0.25,1,7,0.143,0,0,0.0,5,0,5,3,1,0,0,3,7,-10.0,0022401027,Trey Lyles,trey lyles,,,2025-03-22,1,0.3365384615384615,0.24038461538461536,0.24038461538461536,0.14423076923076922,0.28846153846153844,7.0,1.0,5.0,4.0,2.0,2.0,7.0,7.0,1.0,0,0.0,0,0.0023499999999999997,-27.9,-11867.290514674607,-27.834435,0.04807692307692307,3.0,2.0,0.14760034
0022401027,1610612758,Sacramento,Kings,SAC,kings,1628365,Markelle,Fultz,M. Fultz,markelle-fultz,,,,8:15,8.25,0,0,0.0,0,0,0.0,0,0,0.0,1,0,1,1,0,0,0,0,0,-4.0,0022401027,Markelle Fultz,markelle fultz,,,2025-03-22,0,0.0,0.12121212121212122,0.12121212121212122,0.12121212121212122,0.12121212121212122,9.0,4.0,8.0,5.0,4.0,2.0,5.0,9.0,0.0,0,0.0,0,0.0,-17.5,-17500000.0,-17.5,0.0,5.0,4.0,0.009781654
0022401044,1610612758,Sacramento,Kings,SAC,kings,201942,DeMar,DeRozan,D. DeRozan,demar-derozan,F,,,38:22,38.36666666666667,9,24,0.375,0,4,0.0,2,2,1.0,2,1,3,10,0,1,1,3,20,-11.0,0022401044,DeMar DeRozan,demar derozan,,,2025-03-24,1,0.5212858384013901,0.052128583840139006,0.07819287576020852,0.26064291920069504,0.07819287576020852,1.0,1.0,5.0,1.0,5.0,1.0,9.0,1.0,0.0,0,0.0,0,0.00313,-11.4,-3641.0092622165444,-11.364318,0.026064291920069503,4.0,4.0,0.76659596
0022401044,1610612758,Sacramento,Kings,SAC,kings,1631099,Keegan,Murray,K. Murray,keegan-murray,F,,,35:42,35.7,5,11,0.455,3,5,0.6,0,0,0.0,2,3,5,1,2,0,1,1,13,-20.0,0022401044,Keegan Murray,keegan murray,,,2025-03-24,2,0.3641456582633053,0.05602240896358543,0.1400560224089636,0.028011204481792715,0.11204481792717086,5.0,1.0,2.0,5.0,1.0,2.0,12.0,4.0,2.0,0,0.0,0,0.00156,-23.1,-14798.206278026908,-23.063964000000002,0.05602240896358543,1.0,3.0,0.5065451
0022401044,1610612758,Sacramento,Kings,SAC,kings,1627734,Domantas,Sabonis,D. Sabonis,domantas-sabonis,C,,,32:23,32.38333333333333,6,10,0.6,0,2,0.0,4,5,0.8,2,15,17,1,0,0,1,4,16,-15.0,0022401044,Domantas Sabonis,domantas sabonis,,,2025-03-24,0,0.49408131755018014,0.06176016469377252,0.5249613998970664,0.03088008234688626,0.06176016469377252,2.0,1.0,1.0,5.0,5.0,2.0,10.0,5.0,1.0,0,0.0,0,0.0018599999999999999,-17.6,-9457.281031703387,-17.567264,0.0,6.0,5.0,0.49558508
0022401044,1610612758,Sacramento,Kings,SAC,kings,203897,Zach,LaVine,Z. LaVine,zach-lavine,G,,,36:41,36.68333333333333,6,16,0.375,1,5,0.2,1,1,1.0,1,4,5,2,1,0,4,1,14,-22.0,0022401044,Zach LaVine,zach lavine,,,2025-03-24,1,0.38164470695138575,0.02726033621081327,0.13630168105406634,0.05452067242162654,0.05452067242162654,3.0,4.0,2.0,3.0,4.0,2.0,13.0,2.0,1.0,0,0.0,0,0.00244,-24.7,-10118.803768947153,-24.639732,0.02726033621081327,4.0,7.0,0.18821019
0022401044,1610612758,Sacramento,Kings,SAC,kings,1631165,Keon,Ellis,K. Ellis,keon-ellis,G,,,36:32,36.53333333333333,5,7,0.714,2,4,0.5,2,3,0.667,0,3,3,4,2,0,4,3,14,-19.0,0022401044,Keon Ellis,keon ellis,,,2025-03-24,2,0.3832116788321168,0.0,0.0821167883211679,0.10948905109489052,0.05474452554744526,3.0,6.0,5.0,2.0,1.0,2.0,11.0,3.0,4.0,0,0.0,0,0.00146,-22.3,-15263.518138261466,-22.267442,0.05474452554744526,1.0,6.0,0.49379143
0022401044,1610612758,Sacramento,Kings,SAC,kings,202685,Jonas,Valančiūnas,J. Valančiūnas,jonas-valančiūnas,,,,13:01,13.016666666666667,2,4,0.5,0,0,0.0,0,0,0.0,0,3,3,1,0,0,0,3,4,-3.0,0022401044,Jonas Valančiūnas,jonas valančiūnas,,,2025-03-24,0,0.3072983354673495,0.0,0.23047375160051214,0.07682458386683738,0.0,7.0,6.0,5.0,5.0,5.0,2.0,8.0,7.0,0.0,0,0.0,0,0.0012900000000000001,-4.5,-3485.6700232378003,-4.4941949999999995,0.0,6.0,8.0,0.027318815
0022401044,1610612758,Sacramento,Kings,SAC,kings,1631222,Jake,LaRavia,J. LaRavia,jake-laravia,,,,16:39,16.65,1,4,0.25,0,1,0.0,0,0,0.0,0,2,2,1,2,0,2,2,2,-1.0,0022401044,Jake LaRavia,jake laravia,,,2025-03-24,2,0.12012012012012013,0.0,0.12012012012012013,0.060060060060060066,0.12012012012012013,9.0,6.0,8.0,5.0,1.0,2.0,7.0,6.0,3.0,0,0.0,0,0.00154,0.2,129.78585334198576,0.199692,0.12012012012012013,1.0,1.0,0.015886325
0022401044,1610612758,Sacramento,Kings,SAC,kings,1628365,Markelle,Fultz,M. Fultz,markelle-fultz,,,,11:28,11.466666666666667,3,4,0.75,2,2,1.0,0,0,0.0,0,1,1,2,0,0,1,1,8,1.0,0022401044,Markelle Fultz,markelle fultz,,,2025-03-24,0,0.6976744186046512,0.0,0.0872093023255814,0.1744186046511628,0.0,6.0,6.0,9.0,3.0,5.0,2.0,1.0,8.0,0.0,0,0.0,0,0.00208,9.5,4565.1129264776555,9.48024,0.0,6.0,8.0,0.11639081
0022401044,1610612758,Sacramento,Kings,SAC,kings,1626168,Trey,Lyles,T. Lyles,trey-lyles,,,,8:48,8.8,0,1,0.0,0,1,0.0,0,0,0.0,1,3,4,0,0,0,0,0,0,0.0,0022401044,Trey Lyles,trey lyles,,,2025-03-24,0,0.0,0.11363636363636363,0.45454545454545453,0.0,0.11363636363636363,10.0,4.0,4.0,10.0,5.0,2.0,2.0,9.0,0.0,0,0.0,0,0.00045,0.0,0.0,0.0,0.0,6.0,2.0,0.024262723
0022401044,1610612758,Sacramento,Kings,SAC,kings,1642384,Isaiah,Crawford,I. Crawford,isaiah-crawford,,,,2:36,2.6,0,0,0.0,0,0,0.0,0,0,0.0,0,0,0,0,0,0,0,0,0,0.0,0022401044,Isaiah Crawford,isaiah crawford,,,2025-03-24,0,0.0,0.0,0.0,0.0,0.0,10.0,6.0,12.0,10.0,5.0,2.0,2.0,10.0,,1,,1,0.0,0.0,0.0,0.0,0.0,6.0,8.0,0.006680221
0022401044,1610612758,Sacramento,Kings,SAC,kings,1630678,Terry,Taylor,T. Taylor,terry-taylor,,,,2:36,2.6,0,1,0.0,0,0,0.0,0,0,0.0,0,0,0,0,0,0,0,0,0,0.0,0022401044,Terry Taylor,terry taylor,,,2025-03-24,0,0.0,0.0,0.0,0.0,0.0,10.0,6.0,12.0,10.0,5.0,2.0,2.0,10.0,,1,,1,0.002,0.0,0.0,0.0,0.0,6.0,8.0,0.0050512655
0022401044,1610612758,Sacramento,Kings,SAC,kings,1642403,Isaac,Jones,I. Jones,isaac-jones,,,,2:36,2.6,2,4,0.5,0,0,0.0,0,0,0.0,0,1,1,0,0,0,0,0,4,0.0,0022401044,Isaac Jones,isaac jones,,,2025-03-24,0,1.5384615384615383,0.0,0.3846153846153846,0.0,0.0,7.0,6.0,9.0,10.0,5.0,2.0,2.0,10.0,0.0,0,0.0,0,0.008,0.0,0.0,0.0,0.0,6.0,8.0,0.1469817
0022401044,1610612758,Sacramento,Kings,SAC,kings,1630222,Mason,Jones,M. Jones,mason-jones,,,,2:36,2.6,0,0,0.0,0,0,0.0,0,0,0.0,0,1,1,1,0,0,0,0,0,0.0,0022401044,Mason Jones,mason jones,,,2025-03-24,0,0.0,0.0,0.3846153846153846,0.3846153846153846,0.0,10.0,6.0,9.0,5.0,5.0,2.0,2.0,10.0,,1,,1,0.0,0.0,0.0,0.0,0.0,6.0,8.0,0.009028966
0022401052,1610612758,Sacramento,Kings,SAC,kings,201942,DeMar,DeRozan,D. DeRozan,demar-derozan,F,,,38:04,38.06666666666667,4,15,0.267,1,3,0.333,1,1,1.0,0,6,6,6,1,1,1,1,10,-10.0,0022401052,DeMar DeRozan,demar derozan,,,2025-03-25,2,0.2626970227670753,0.0,0.15761821366024517,0.15761821366024517,0.052539404553415055,5.0,4.0,2.0,3.0,3.0,3.0,8.0,1.0,1.0,0,0.0,0,0.0018599999999999999,-12.7,-6824.288017195056,-12.676378,0.052539404553415055,4.0,6.0,0.1412395
0022401052,1610612758,Sacramento,Kings,SAC,kings,1631099,Keegan,Murray,K. Murray,keegan-murray,F,,,36:37,36.61666666666667,9,15,0.6,9,13,0.692,1,2,0.5,3,3,6,0,1,3,1,2,28,-9.0,0022401052,Keegan Murray,keegan murray,,,2025-03-25,4,0.7646791078743741,0.08192990441511151,0.16385980883022302,0.0,0.19116977696859352,1.0,1.0,2.0,11.0,3.0,1.0,7.0,5.0,0.0,0,1.0,0,0.0021,-8.8,-4188.481675392671,-8.78152,0.10923987255348203,2.0,1.0,0.96543705
0022401052,1610612758,Sacramento,Kings,SAC,kings,1627734,Domantas,Sabonis,D. Sabonis,domantas-sabonis,C,,,38:04,38.06666666666667,3,12,0.25,0,4,0.0,2,4,0.5,1,11,12,7,1,1,3,2,8,-10.0,0022401052,Domantas Sabonis,domantas sabonis,,,2025-03-25,2,0.21015761821366022,0.026269702276707527,0.31523642732049034,0.1838879159369527,0.07880910683012259,7.0,2.0,1.0,1.0,3.0,3.0,8.0,1.0,0.0,0,0.0,0,0.00198,-12.7,-6410.903584048459,-12.674854,0.052539404553415055,4.0,5.0,0.079945475
0022401052,1610612758,Sacramento,Kings,SAC,kings,203897,Zach,LaVine,Z. LaVine,zach-lavine,G,,,36:47,36.78333333333333,7,16,0.438,4,11,0.364,1,1,1.0,0,2,2,7,0,0,3,1,19,-31.0,0022401052,Zach LaVine,zach lavine,,,2025-03-25,0,0.5165382872677844,0.0,0.05437245129134572,0.19030357951971003,0.0,2.0,4.0,5.0,1.0,6.0,5.0,13.0,4.0,0.0,0,1.0,0,0.00229,-40.3,-17590.57180270624,-40.207713,0.0,6.0,7.0,0.78241444
0022401052,1610612758,Sacramento,Kings,SAC,kings,1631165,Keon,Ellis,K. Ellis,keon-ellis,G,,,37:26,37.43333333333333,4,11,0.364,4,8,0.5,0,0,0.0,0,3,3,4,4,2,1,4,12,-10.0,0022401052,Keon Ellis,keon ellis,,,2025-03-25,6,0.3205699020480855,0.0,0.08014247551202137,0.1068566340160285,0.16028495102404275,3.0,4.0,4.0,4.0,1.0,2.0,8.0,3.0,5.0,0,0.0,0,0.0014299999999999998,-12.8,-8944.793850454229,-12.781696,0.16028495102404275,1.0,2.0,0.7350482
0022401052,1610612758,Sacramento,Kings,SAC,kings,1631222,Jake,LaRavia,J. LaRavia,jake-laravia,,,,21:11,21.183333333333334,4,7,0.571,2,3,0.667,1,2,0.5,0,2,2,2,3,0,0,1,11,-16.0,0022401052,Jake LaRavia,jake laravia,,,2025-03-25,3,0.5192761605035405,0.0,0.09441384736428009,0.09441384736428009,0.14162077104642015,4.0,4.0,5.0,5.0,2.0,5.0,12.0,6.0,6.0,0,0.0,0,0.00154,-34.8,-22582.738481505516,-34.746407999999995,0.14162077104642015,3.0,3.0,0.57968575
0022401052,1610612758,Sacramento,Kings,SAC,kings,202685,Jonas,Valančiūnas,J. Valančiūnas,jonas-valančiūnas,,,,8:03,8.05,0,4,0.0,0,0,0.0,2,2,1.0,1,1,2,1,0,0,2,2,2,-15.0,0022401052,Jonas Valančiūnas,jonas valančiūnas,,,2025-03-25,0,0.24844720496894407,0.12422360248447203,0.24844720496894407,0.12422360248447203,0.12422360248447203,9.0,2.0,5.0,7.0,6.0,5.0,11.0,8.0,1.0,0,0.0,0,0.0038900000000000002,-75.7,-19455.15291698792,-75.405527,0.0,6.0,4.0,0.005943973
0022401052,1610612758,Sacramento,Kings,SAC,kings,1628365,Markelle,Fultz,M. Fultz,markelle-fultz,,,,10:34,10.566666666666666,3,6,0.5,0,0,0.0,0,0,0.0,0,2,2,2,0,0,0,1,6,-6.0,0022401052,Markelle Fultz,markelle fultz,,,2025-03-25,0,0.5678233438485805,0.0,0.18927444794952683,0.18927444794952683,0.0,8.0,4.0,5.0,5.0,6.0,5.0,5.0,7.0,0.0,0,0.0,0,0.00231,-26.1,-11293.812202509736,-26.039709000000002,0.0,6.0,7.0,0.09557413
0022401052,1610612758,Sacramento,Kings,SAC,kings,1642269,Devin,Carter,D. Carter,devin-carter,,,,3:16,3.2666666666666666,0,1,0.0,0,1,0.0,0,0,0.0,0,0,0,0,0,0,0,1,0,-7.0,0022401052,Devin Carter,devin carter,,,2025-03-25,0,0.0,0.0,0.0,0.0,0.0,10.0,4.0,10.0,11.0,6.0,5.0,6.0,10.0,,1,,1,0.00125,-100.0,-79936.05115907274,-99.875,0.0,6.0,7.0,0.003423304
0022401052,1610612758,Sacramento,Kings,SAC,kings,203926,Doug,McDermott,D. McDermott,doug-mcdermott,,,,4:19,4.316666666666666,3,4,0.75,3,4,0.75,0,0,0.0,0,0,0,0,0,0,0,0,9,7.0,0022401052,Doug McDermott,doug mcdermott,,,2025-03-25,0,2.084942084942085,0.0,0.0,0.0,0.0,6.0,4.0,10.0,11.0,6.0,5.0,4.0,9.0,0.0,0,0.0,0,0.004,77.8,19445.13871532117,77.4888,0.0,6.0,7.0,0.21398161
0022401052,1610612758,Sacramento,Kings,SAC,kings,1642384,Isaiah,Crawford,I. Crawford,isaiah-crawford,,,,1:53,1.8833333333333333,0,0,0.0,0,0,0.0,0,0,0.0,0,0,0,1,0,0,0,0,0,9.0,0022401052,Isaiah Crawford,isaiah crawford,,,2025-03-25,0,0.0,0.0,0.0,0.5309734513274337,0.0,10.0,4.0,10.0,7.0,6.0,5.0,1.0,11.0,,1,,1,0.0,170.0,170000000.0,170.0,0.0,6.0,7.0,0.008807349
0022401052,1610612758,Sacramento,Kings,SAC,kings,1630678,Terry,Taylor,T. Taylor,terry-taylor,,,,1:53,1.8833333333333333,0,0,0.0,0,0,0.0,0,0,0.0,0,0,0,1,0,0,0,0,0,9.0,0022401052,Terry Taylor,terry taylor,,,2025-03-25,0,0.0,0.0,0.0,0.5309734513274337,0.0,10.0,4.0,10.0,7.0,6.0,5.0,1.0,11.0,,1,,1,0.0,170.0,170000000.0,170.0,0.0,6.0,7.0,0.008807349
0022401052,1610612758,Sacramento,Kings,SAC,kings,1642403,Isaac,Jones,I. Jones,isaac-jones,,,,1:53,1.8833333333333333,0,0,0.0,0,0,0.0,0,0,0.0,0,1,1,1,0,0,0,0,0,9.0,0022401052,Isaac Jones,isaac jones,,,2025-03-25,0,0.0,0.0,0.5309734513274337,0.5309734513274337,0.0,10.0,4.0,9.0,7.0,6.0,5.0,1.0,11.0,0.0,0,0.0,0,0.0,170.0,170000000.0,170.0,0.0,6.0,7.0,0.014545616
0022401066,1610612758,Sacramento,Kings,SAC,kings,201942,DeMar,DeRozan,D. DeRozan,demar-derozan,F,,,37:29,37.483333333333334,6,10,0.6,0,1,0.0,9,11,0.818,0,2,2,10,0,0,3,3,21,16.0,0022401066,DeMar DeRozan,demar derozan,,,2025-03-27,0,0.5602489995553579,0.0,0.053357047576700754,0.2667852378835038,0.0,3.0,6.0,6.0,1.0,4.0,4.0,3.0,1.0,4.0,0,0.0,0,0.0021,19.8,9424.083769633507,19.75842,0.0,6.0,9.0,0.76555014
0022401066,1610612758,Sacramento,Kings,SAC,kings,1631099,Keegan,Murray,K. Murray,keegan-murray,F,,,33:27,33.45,7,11,0.636,2,6,0.333,1,1,1.0,2,5,7,1,0,0,0,3,17,15.0,0022401066,Keegan Murray,keegan murray,,,2025-03-27,0,0.5082212257100149,0.059790732436472344,0.2092675635276532,0.029895366218236172,0.059790732436472344,4.0,2.0,2.0,5.0,4.0,4.0,4.0,4.0,0.0,0,0.0,0,0.00155,19.4,12508.059316569956,19.369929999999997,0.0,6.0,7.0,0.6675269
0022401066,1610612758,Sacramento,Kings,SAC,kings,1627734,Domantas,Sabonis,D. Sabonis,domantas-sabonis,C,,,34:46,34.766666666666666,9,11,0.818,1,2,0.5,3,4,0.75,3,16,19,6,1,0,6,2,22,14.0,0022401066,Domantas Sabonis,domantas sabonis,,,2025-03-27,1,0.6327900287631831,0.0862895493767977,0.5465004793863855,0.1725790987535954,0.11505273250239693,2.0,1.0,1.0,2.0,2.0,4.0,5.0,3.0,2.0,0,0.0,0,0.0025,16.5,6597.361055577769,16.458750000000002,0.028763183125599234,2.0,6.0,0.7363189
0022401066,1610612758,Sacramento,Kings,SAC,kings,203897,Zach,LaVine,Z. LaVine,zach-lavine,G,,,37:25,37.416666666666664,13,18,0.722,2,5,0.4,1,2,0.5,1,1,2,0,0,0,2,4,29,20.0,0022401066,Zach LaVine,zach lavine,,,2025-03-27,0,0.7750556792873051,0.026726057906458798,0.053452115812917596,0.0,0.026726057906458798,1.0,4.0,6.0,9.0,4.0,4.0,1.0,2.0,1.0,0,0.0,0,0.00263,28.8,10946.408209806157,28.724256,0.0,6.0,8.0,0.8437158
0022401066,1610612758,Sacramento,Kings,SAC,kings,1631165,Keon,Ellis,K. Ellis,keon-ellis,G,,,31:11,31.183333333333334,3,7,0.429,2,6,0.333,2,3,0.667,0,3,3,2,6,1,3,2,10,20.0,0022401066,Keon Ellis,keon ellis,,,2025-03-27,7,0.32068412613575625,0.0,0.09620523784072689,0.06413682522715125,0.2244788882950294,6.0,6.0,4.0,3.0,1.0,1.0,1.0,5.0,7.0,0,0.0,0,0.00155,27.8,17923.92005157963,27.756909999999998,0.2244788882950294,1.0,5.0,0.39601603
0022401066,1610612758,Sacramento,Kings,SAC,kings,1628370,Malik,Monk,M. Monk,malik-monk,,,,17:16,17.266666666666666,6,9,0.667,2,3,0.667,2,2,1.0,0,3,3,2,0,0,3,1,16,6.0,0022401066,Malik Monk,malik monk,,,2025-03-27,0,0.9266409266409267,0.0,0.17374517374517376,0.11583011583011583,0.0,5.0,6.0,4.0,3.0,4.0,4.0,7.0,6.0,0.0,0,0.0,0,0.00317,16.2,5108.798486281929,16.148646,0.0,6.0,9.0,0.66114056
0022401066,1610612758,Sacramento,Kings,SAC,kings,1626168,Trey,Lyles,T. Lyles,trey-lyles,,,,13:55,13.916666666666666,1,3,0.333,1,3,0.333,0,0,0.0,0,1,1,0,0,0,0,2,3,4.0,0022401066,Trey Lyles,trey lyles,,,2025-03-27,0,0.2155688622754491,0.0,0.0718562874251497,0.0,0.0,8.0,6.0,8.0,9.0,4.0,4.0,8.0,8.0,0.0,0,0.0,0,0.00091,17.9,19648.73765093304,17.883710999999998,0.0,6.0,9.0,0.011390824
0022401066,1610612758,Sacramento,Kings,SAC,kings,202685,Jonas,Valančiūnas,J. Valančiūnas,jonas-valančiūnas,,,,11:11,11.183333333333334,2,3,0.667,0,0,0.0,2,2,1.0,2,4,6,1,1,0,0,2,6,7.0,0022401066,Jonas Valančiūnas,jonas valančiūnas,,,2025-03-27,1,0.5365126676602087,0.17883755588673622,0.5365126676602087,0.08941877794336811,0.26825633383010433,7.0,2.0,3.0,5.0,2.0,4.0,6.0,9.0,1.0,0,0.0,0,0.00154,31.8,20635.950681375733,31.751028,0.08941877794336811,2.0,4.0,0.3208785
0022401066,1610612758,Sacramento,Kings,SAC,kings,1628365,Markelle,Fultz,M. Fultz,markelle-fultz,,,,15:56,15.933333333333334,1,1,1.0,0,0,0.0,0,0,0.0,0,1,1,1,0,0,2,4,2,3.0,0022401066,Markelle Fultz,markelle fultz,,,2025-03-27,0,0.12552301255230125,0.0,0.06276150627615062,0.06276150627615062,0.0,9.0,6.0,8.0,5.0,4.0,4.0,9.0,7.0,1.0,0,0.0,0,0.00083,18.8,22623.345367027676,18.784396,0.0,6.0,9.0,0.007000864
0022401066,1610612758,Sacramento,Kings,SAC,kings,1642403,Isaac,Jones,I. Jones,isaac-jones,,,,1:51,1.85,0,0,0.0,0,0,0.0,2,2,1.0,0,1,1,0,0,1,0,0,2,0.0,0022401066,Isaac Jones,isaac jones,,,2025-03-27,1,1.081081081081081,0.0,0.5405405405405405,0.0,0.5405405405405405,9.0,6.0,8.0,9.0,4.0,1.0,10.0,10.0,0.0,0,0.0,0,0.002,20.0,9995.002498750624,19.96,0.5405405405405405,2.0,1.0,0.018002607
0022401066,1610612758,Sacramento,Kings,SAC,kings,1642269,Devin,Carter,D. Carter,devin-carter,,,,1:51,1.85,0,0,0.0,0,0,0.0,0,0,0.0,0,0,0,0,0,0,1,0,0,0.0,0022401066,Devin Carter,devin carter,,,2025-03-27,0,0.0,0.0,0.0,0.0,0.0,11.0,6.0,12.0,9.0,4.0,4.0,10.0,10.0,,1,,1,0.002,20.0,9995.002498750624,19.96,0.0,6.0,9.0,0.0030451124
0022401066,1610612758,Sacramento,Kings,SAC,kings,1630678,Terry,Taylor,T. Taylor,terry-taylor,,,,1:51,1.85,0,0,0.0,0,0,0.0,0,0,0.0,1,0,1,1,0,0,0,0,0,0.0,0022401066,Terry Taylor,terry taylor,,,2025-03-27,0,0.0,0.5405405405405405,0.5405405405405405,0.5405405405405405,0.5405405405405405,11.0,4.0,8.0,5.0,4.0,4.0,10.0,10.0,,1,,1,0.0,20.0,20000000.0,20.0,0.0,6.0,1.0,0.007836108
0022401066,1610612758,Sacramento,Kings,SAC,kings,1642384,Isaiah,Crawford,I. Crawford,isaiah-crawford,,,,1:51,1.85,0,1,0.0,0,1,0.0,0,0,0.0,0,0,0,0,0,1,0,0,0,0.0,0022401066,Isaiah Crawford,isaiah crawford,,,2025-03-27,1,0.0,0.0,0.0,0.0,0.5405405405405405,11.0,6.0,12.0,9.0,4.0,1.0,10.0,10.0,0.0,0,0.0,0,0.002,20.0,9995.002498750624,19.96,0.5405405405405405,2.0,1.0,0.004200795
0022401074,1610612758,Sacramento,Kings,SAC,kings,201942,DeMar,DeRozan,D. DeRozan,demar-derozan,F,,,28:54,28.9,7,11,0.636,2,3,0.667,5,5,1.0,1,3,4,1,0,2,1,4,21,-15.0,0022401074,DeMar DeRozan,demar derozan,,,2025-03-29,2,0.726643598615917,0.03460207612456748,0.1384083044982699,0.03460207612456748,0.10380622837370243,1.0,3.0,3.0,5.0,5.0,2.0,9.0,3.0,1.0,0,0.0,0,0.00219,-25.9,-11821.086261980829,-25.843279,0.06920415224913495,3.0,4.0,0.9095033
0022401074,1610612758,Sacramento,Kings,SAC,kings,1631099,Keegan,Murray,K. Murray,keegan-murray,F,,,29:58,29.966666666666665,4,9,0.444,1,4,0.25,0,0,0.0,0,3,3,0,0,3,0,2,9,-35.0,0022401074,Keegan Murray,keegan murray,,,2025-03-29,3,0.3003337041156841,0.0,0.10011123470522804,0.0,0.10011123470522804,4.0,7.0,5.0,9.0,5.0,1.0,14.0,1.0,0.0,0,0.0,0,0.00136,-62.3,-45775.165319617925,-62.215272,0.10011123470522804,1.0,6.0,0.22508982
0022401074,1610612758,Sacramento,Kings,SAC,kings,1627734,Domantas,Sabonis,D. Sabonis,domantas-sabonis,C,,,29:28,29.466666666666665,4,12,0.333,0,1,0.0,6,8,0.75,3,10,13,4,1,0,2,3,14,-22.0,0022401074,Domantas Sabonis,domantas sabonis,,,2025-03-29,1,0.47511312217194573,0.10180995475113122,0.44117647058823534,0.13574660633484165,0.13574660633484165,2.0,1.0,1.0,1.0,2.0,4.0,11.0,2.0,3.0,0,0.0,0,0.0027300000000000002,-37.3,-13658.000732332475,-37.198170999999995,0.03393665158371041,5.0,3.0,0.5931588
0022401074,1610612758,Sacramento,Kings,SAC,kings,203897,Zach,LaVine,Z. LaVine,zach-lavine,G,,,28:44,28.733333333333334,3,8,0.375,1,2,0.5,3,3,1.0,0,2,2,3,0,0,5,2,10,-34.0,0022401074,Zach LaVine,zach lavine,,,2025-03-29,0,0.3480278422273782,0.0,0.06960556844547564,0.10440835266821345,0.0,3.0,7.0,7.0,3.0,5.0,4.0,13.0,4.0,1.0,0,0.0,0,0.00222,-63.7,-28680.77442593426,-63.558586000000005,0.0,7.0,10.0,0.053806417
0022401074,1610612758,Sacramento,Kings,SAC,kings,1631165,Keon,Ellis,K. Ellis,keon-ellis,G,,,18:18,18.3,0,2,0.0,0,1,0.0,0,0,0.0,1,0,1,1,0,0,0,4,0,-3.0,0022401074,Keon Ellis,keon ellis,,,2025-03-29,0,0.0,0.0546448087431694,0.0546448087431694,0.0546448087431694,0.0546448087431694,11.0,3.0,9.0,5.0,5.0,4.0,7.0,7.0,1.0,0,0.0,0,0.00053,-5.3,-9981.167608286252,-5.297191,0.0,7.0,9.0,0.012138859
0022401074,1610612758,Sacramento,Kings,SAC,kings,1626168,Trey,Lyles,T. Lyles,trey-lyles,,,,24:38,24.633333333333333,1,4,0.25,0,3,0.0,2,2,1.0,0,7,7,1,1,1,1,2,4,-15.0,0022401074,Trey Lyles,trey lyles,,,2025-03-29,2,0.16238159675236807,0.0,0.28416779431664413,0.04059539918809202,0.08119079837618404,9.0,7.0,2.0,5.0,2.0,3.0,9.0,5.0,2.0,0,0.0,0,0.00105,-26.6,-25309.22930542341,-26.57207,0.08119079837618404,3.0,8.0,0.013417147
0022401074,1610612758,Sacramento,Kings,SAC,kings,1628370,Malik,Monk,M. Monk,malik-monk,,,,22:40,22.666666666666668,4,9,0.444,1,5,0.2,0,2,0.0,0,2,2,2,0,0,6,2,9,-29.0,0022401074,Malik Monk,malik monk,,,2025-03-29,0,0.39705882352941174,0.0,0.08823529411764705,0.08823529411764705,0.0,4.0,7.0,7.0,4.0,5.0,4.0,12.0,6.0,1.0,0,0.0,0,0.00302,-59.2,-19596.16021185038,-59.021216,0.0,7.0,10.0,0.064415224
0022401074,1610612758,Sacramento,Kings,SAC,kings,202685,Jonas,Valančiūnas,J. Valančiūnas,jonas-valančiūnas,,,,11:20,11.333333333333334,2,4,0.5,0,0,0.0,0,0,0.0,1,3,4,0,0,0,0,2,4,-7.0,0022401074,Jonas Valančiūnas,jonas valančiūnas,,,2025-03-29,0,0.3529411764705882,0.08823529411764705,0.3529411764705882,0.0,0.08823529411764705,9.0,3.0,3.0,9.0,5.0,4.0,8.0,10.0,0.0,0,0.0,0,0.00148,-35.9,-24240.37812288994,-35.846868,0.0,7.0,7.0,0.019303707
0022401074,1610612758,Sacramento,Kings,SAC,kings,1628365,Markelle,Fultz,M. Fultz,markelle-fultz,,,,13:36,13.6,3,9,0.333,0,1,0.0,0,0,0.0,2,1,3,4,3,0,1,0,6,2.0,0022401074,Markelle Fultz,markelle fultz,,,2025-03-29,3,0.4411764705882353,0.14705882352941177,0.22058823529411764,0.29411764705882354,0.36764705882352944,7.0,2.0,5.0,1.0,1.0,4.0,2.0,8.0,2.0,0,0.0,0,0.00313,4.1,1309.485787288406,4.087167,0.22058823529411764,1.0,2.0,0.5410915
0022401074,1610612758,Sacramento,Kings,SAC,kings,1642269,Devin,Carter,D. Carter,devin-carter,,,,0:32,0.5333333333333333,0,0,0.0,0,0,0.0,0,0,0.0,0,0,0,0,1,0,0,0,0,2.0,0022401074,Devin Carter,devin carter,,,2025-03-29,1,0.0,0.0,0.0,0.0,1.875,11.0,7.0,12.0,9.0,2.0,4.0,2.0,14.0,1.0,0,0.0,0,0.0,200.0,200000000.0,200.0,1.875,5.0,1.0,0.01308816
0022401074,1610612758,Sacramento,Kings,SAC,kings,203926,Doug,McDermott,D. McDermott,doug-mcdermott,,,,13:15,13.25,3,7,0.429,2,6,0.333,0,0,0.0,0,0,0,0,0,0,0,0,8,1.0,0022401074,Doug McDermott,doug mcdermott,,,2025-03-29,0,0.6037735849056604,0.0,0.0,0.0,0.0,6.0,7.0,12.0,9.0,5.0,4.0,4.0,9.0,0.0,0,0.0,0,0.00226,3.6,1592.2158337019018,3.5918639999999997,0.0,7.0,10.0,0.115505815
0022401074,1610612758,Sacramento,Kings,SAC,kings,1642403,Isaac,Jones,I. Jones,isaac-jones,,,,9:43,9.716666666666667,3,3,1.0,0,0,0.0,0,0,0.0,1,0,1,0,0,0,0,0,6,5.0,0022401074,Isaac Jones,isaac jones,,,2025-03-29,0,0.6174957118353345,0.10291595197255575,0.10291595197255575,0.0,0.10291595197255575,7.0,3.0,9.0,9.0,5.0,4.0,1.0,11.0,1.0,0,0.0,0,0.0013,20.8,15987.70176787087,20.77296,0.0,7.0,5.0,0.13764156
0022401074,1610612758,Sacramento,Kings,SAC,kings,203109,Jae,Crowder,J. Crowder,jae-crowder,,,,6:34,6.566666666666666,0,2,0.0,0,2,0.0,0,0,0.0,0,1,1,1,0,0,0,0,0,-1.0,0022401074,Jae Crowder,jae crowder,,,2025-03-29,0,0.0,0.0,0.15228426395939088,0.15228426395939088,0.0,11.0,7.0,9.0,5.0,5.0,4.0,6.0,12.0,0.0,0,0.0,0,0.00133,-7.7,-5785.123966942149,-7.689759,0.0,7.0,10.0,0.0041451156
0022401074,1610612758,Sacramento,Kings,SAC,kings,1642384,Isaiah,Crawford,I. Crawford,isaiah-crawford,,,,2:20,2.3333333333333335,0,1,0.0,0,0,0.0,0,0,0.0,0,0,0,0,0,0,0,0,0,1.0,0022401074,Isaiah Crawford,isaiah crawford,,,2025-03-29,0,0.0,0.0,0.0,0.0,0.0,11.0,7.0,12.0,9.0,5.0,4.0,4.0,13.0,,1,,1,0.00167,-5.0,-2992.220227408737,-4.99165,0.0,7.0,10.0,0.0032769672
0022401090,1610612758,Sacramento,Kings,SAC,kings,201942,DeMar,DeRozan,D. DeRozan,demar-derozan,F,,,42:20,42.333333333333336,12,24,0.5,2,6,0.333,5,7,0.714,0,3,3,8,1,0,0,2,31,0.0,0022401090,DeMar DeRozan,demar derozan,,,2025-03-31,1,0.732283464566929,0.0,0.07086614173228346,0.1889763779527559,0.023622047244094488,1.0,4.0,5.0,1.0,1.0,2.0,4.0,1.0,2.0,0,0.0,0,0.00267,0.0,0.0,0.0,0.023622047244094488,2.0,9.0,0.8270485
0022401090,1610612758,Sacramento,Kings,SAC,kings,1631099,Keegan,Murray,K. Murray,keegan-murray,F,,,35:41,35.68333333333333,5,11,0.455,2,5,0.4,0,0,0.0,0,7,7,0,1,2,0,5,12,6.0,0022401090,Keegan Murray,keegan murray,,,2025-03-31,3,0.33629145259224663,0.0,0.19617001401214387,0.0,0.08407286314806166,4.0,4.0,2.0,6.0,1.0,1.0,2.0,4.0,2.0,0,0.0,0,0.00133,9.3,6987.2276483846745,9.287631000000001,0.08407286314806166,1.0,4.0,0.78811175
0022401090,1610612758,Sacramento,Kings,SAC,kings,1627734,Domantas,Sabonis,D. Sabonis,domantas-sabonis,C,,,39:51,39.85,11,19,0.579,0,0,0.0,3,6,0.5,4,12,16,0,1,0,1,4,25,-6.0,0022401090,Domantas Sabonis,domantas sabonis,,,2025-03-31,1,0.6273525721455457,0.10037641154328733,0.4015056461731493,0.0,0.12547051442910914,2.0,1.0,1.0,6.0,1.0,2.0,8.0,2.0,2.0,0,0.0,0,0.0024,-7.1,-2957.101207830071,-7.08296,0.025094102885821833,2.0,2.0,0.78071356
0022401090,1610612758,Sacramento,Kings,SAC,kings,1631165,Keon,Ellis,K. Ellis,keon-ellis,G,,,27:06,27.1,3,4,0.75,2,3,0.667,1,2,0.5,0,3,3,4,1,0,0,2,9,-4.0,0022401090,Keon Ellis,keon ellis,,,2025-03-31,1,0.33210332103321033,0.0,0.11070110701107011,0.14760147601476015,0.03690036900369004,5.0,4.0,5.0,3.0,1.0,2.0,6.0,6.0,4.0,0,0.0,0,0.0008799999999999999,-3.5,-3972.758229284904,-3.4969200000000003,0.03690036900369004,2.0,6.0,0.10301982
0022401090,1610612758,Sacramento,Kings,SAC,kings,203897,Zach,LaVine,Z. LaVine,zach-lavine,G,,,37:47,37.78333333333333,7,15,0.467,4,8,0.5,2,2,1.0,0,5,5,2,1,0,4,4,20,-13.0,0022401090,Zach LaVine,zach lavine,,,2025-03-31,1,0.529333921482135,0.0,0.13233348037053375,0.0529333921482135,0.02646669607410675,3.0,4.0,4.0,4.0,1.0,2.0,9.0,3.0,1.0,0,0.0,0,0.00213,-19.0,-8916.001877053026,-18.95953,0.02646669607410675,2.0,8.0,0.7863196
0022401090,1610612758,Sacramento,Kings,SAC,kings,1628370,Malik,Monk,M. Monk,malik-monk,,,,28:38,28.633333333333333,2,14,0.143,1,3,0.333,0,0,0.0,1,6,7,7,0,0,5,1,5,7.0,0022401090,Malik Monk,malik monk,,,2025-03-31,0,0.17462165308498254,0.034924330616996506,0.24447031431897556,0.24447031431897556,0.034924330616996506,6.0,2.0,2.0,2.0,8.0,2.0,1.0,5.0,1.0,0,0.0,0,0.0025,5.7,2279.0883646541383,5.6857500000000005,0.0,8.0,7.0,0.08086016
0022401090,1610612758,Sacramento,Kings,SAC,kings,1626168,Trey,Lyles,T. Lyles,trey-lyles,,,,15:16,15.266666666666667,1,2,0.5,1,2,0.5,0,0,0.0,0,0,0,0,1,0,0,0,3,-4.0,0022401090,Trey Lyles,trey lyles,,,2025-03-31,1,0.1965065502183406,0.0,0.0,0.0,0.06550218340611354,7.0,4.0,9.0,6.0,1.0,2.0,6.0,7.0,1.0,0,0.0,0,0.0005099999999999999,-19.3,-37769.080234833666,-19.290157,0.06550218340611354,2.0,5.0,0.027892197
0022401090,1610612758,Sacramento,Kings,SAC,kings,1628365,Markelle,Fultz,M. Fultz,markelle-fultz,,,,5:12,5.2,1,1,1.0,0,0,0.0,0,0,0.0,0,1,1,0,1,0,0,0,2,0.0,0022401090,Markelle Fultz,markelle fultz,,,2025-03-31,1,0.3846153846153846,0.0,0.1923076923076923,0.0,0.1923076923076923,8.0,4.0,8.0,6.0,1.0,2.0,4.0,9.0,1.0,0,0.0,0,0.00077,-10.6,-13748.378728923475,-10.591838,0.1923076923076923,2.0,1.0,0.021204796
0022401090,1610612758,Sacramento,Kings,SAC,kings,202685,Jonas,Valančiūnas,J. Valančiūnas,jonas-valančiūnas,,,,8:09,8.15,1,2,0.5,0,0,0.0,0,0,0.0,1,2,3,1,0,0,1,0,2,4.0,0022401090,Jonas Valančiūnas,jonas valančiūnas,,,2025-03-31,0,0.24539877300613497,0.12269938650306748,0.36809815950920244,0.12269938650306748,0.12269938650306748,8.0,2.0,5.0,5.0,8.0,2.0,3.0,8.0,0.0,0,0.0,0,0.00158,22.2,14041.745730550285,22.164924,0.0,8.0,3.0,0.0174157
0022401105,1610612758,Sacramento,Kings,SAC,kings,201942,DeMar,DeRozan,D. DeRozan,demar-derozan,F,,,39:35,39.583333333333336,10,23,0.435,1,5,0.2,8,12,0.667,3,4,7,8,0,1,1,2,29,4.0,0022401105,DeMar DeRozan,demar derozan,,,2025-04-02,1,0.7326315789473684,0.07578947368421052,0.17684210526315788,0.20210526315789473,0.10105263157894737,1.0,2.0,2.0,1.0,7.0,1.0,1.0,1.0,3.0,0,1.0,0,0.00293,3.4,1160.013647219379,3.390038,0.02526315789473684,4.0,7.0,0.9159632
0022401105,1610612758,Sacramento,Kings,SAC,kings,1631099,Keegan,Murray,K. Murray,keegan-murray,F,,,35:13,35.21666666666667,7,14,0.5,4,10,0.4,0,0,0.0,2,3,5,3,2,1,0,0,18,-3.0,0022401105,Keegan Murray,keegan murray,,,2025-04-02,3,0.5111216280170373,0.05679129200189304,0.1419782300047326,0.08518693800283957,0.1419782300047326,2.0,3.0,4.0,3.0,2.0,1.0,4.0,3.0,3.0,0,0.0,0,0.00161,-5.7,-3538.175046554935,-5.690823,0.08518693800283957,2.0,5.0,0.81586605
0022401105,1610612758,Sacramento,Kings,SAC,kings,1627734,Domantas,Sabonis,D. Sabonis,domantas-sabonis,C,,,35:26,35.43333333333333,8,15,0.533,1,3,0.333,1,1,1.0,6,10,16,7,1,0,4,4,18,-5.0,0022401105,Domantas Sabonis,domantas sabonis,,,2025-04-02,1,0.5079962370649107,0.16933207902163688,0.451552210724365,0.1975540921919097,0.1975540921919097,2.0,1.0,1.0,2.0,4.0,4.0,6.0,2.0,1.0,0,0.0,0,0.00218,-8.6,-3943.1453461714805,-8.581252,0.028222013170272814,4.0,3.0,0.688542
0022401105,1610612758,Sacramento,Kings,SAC,kings,1631165,Keon,Ellis,K. Ellis,keon-ellis,G,,,22:06,22.1,1,5,0.2,0,3,0.0,0,0,0.0,1,2,3,0,3,1,1,1,2,-4.0,0022401105,Keon Ellis,keon ellis,,,2025-04-02,4,0.09049773755656108,0.04524886877828054,0.13574660633484162,0.0,0.2262443438914027,7.0,6.0,6.0,8.0,1.0,1.0,5.0,6.0,2.0,0,0.0,0,0.00111,-6.3,-5670.56705670567,-6.293006999999999,0.18099547511312217,1.0,2.0,0.019086068
0022401105,1610612758,Sacramento,Kings,SAC,kings,203897,Zach,LaVine,Z. LaVine,zach-lavine,G,,,34:59,34.983333333333334,5,13,0.385,2,7,0.286,6,7,0.857,0,2,2,2,0,0,3,4,18,-9.0,0022401105,Zach LaVine,zach lavine,,,2025-04-02,0,0.5145307289185326,0.0,0.05717008099094807,0.05717008099094807,0.0,2.0,8.0,8.0,5.0,7.0,4.0,9.0,4.0,1.0,0,0.0,0,0.00221,-14.5,-6558.118498417005,-14.467955,0.0,8.0,9.0,0.7149775
0022401105,1610612758,Sacramento,Kings,SAC,kings,1628370,Malik,Monk,M. Monk,malik-monk,,,,34:35,34.583333333333336,4,13,0.308,2,9,0.222,3,4,0.75,0,3,3,3,2,0,1,2,13,3.0,0022401105,Malik Monk,malik monk,,,2025-04-02,2,0.3759036144578313,0.0,0.08674698795180723,0.08674698795180723,0.057831325301204814,5.0,8.0,6.0,3.0,2.0,4.0,2.0,5.0,5.0,0,0.0,0,0.0017599999999999998,1.1,624.6450880181716,1.0980640000000002,0.057831325301204814,3.0,8.0,0.6427951
0022401105,1610612758,Sacramento,Kings,SAC,kings,1626168,Trey,Lyles,T. Lyles,trey-lyles,,,,17:46,17.766666666666666,0,3,0.0,0,2,0.0,1,2,0.5,2,2,4,1,1,0,1,1,1,-6.0,0022401105,Trey Lyles,trey lyles,,,2025-04-02,1,0.056285178236397754,0.11257035647279551,0.22514071294559101,0.056285178236397754,0.16885553470919326,8.0,3.0,5.0,6.0,4.0,4.0,8.0,7.0,3.0,0,0.0,0,0.00109,-10.5,-9624.197983501375,-10.488555,0.056285178236397754,4.0,4.0,0.0127886105
0022401105,1610612758,Sacramento,Kings,SAC,kings,1628365,Markelle,Fultz,M. Fultz,markelle-fultz,,,,7:46,7.766666666666667,0,3,0.0,0,0,0.0,0,0,0.0,1,1,2,1,0,0,0,0,0,-5.0,0022401105,Markelle Fultz,markelle fultz,,,2025-04-02,0,0.0,0.12875536480686695,0.2575107296137339,0.12875536480686695,0.12875536480686695,9.0,6.0,8.0,6.0,7.0,4.0,6.0,9.0,0.0,0,0.0,0,0.00158,-29.4,-18595.82542694497,-29.353547999999996,0.0,8.0,6.0,0.004255577
0022401105,1610612758,Sacramento,Kings,SAC,kings,202685,Jonas,Valančiūnas,J. Valančiūnas,jonas-valančiūnas,,,,12:34,12.566666666666666,5,6,0.833,0,0,0.0,2,2,1.0,2,4,6,0,1,0,0,2,12,0.0,0022401105,Jonas Valančiūnas,jonas valančiūnas,,,2025-04-02,1,0.9549071618037136,0.15915119363395225,0.4774535809018568,0.0,0.2387267904509284,6.0,3.0,3.0,8.0,4.0,4.0,3.0,8.0,1.0,0,0.0,0,0.00212,0.0,0.0,0.0,0.07957559681697612,4.0,1.0,0.7893625
0022401118,1610612758,Sacramento,Kings,SAC,kings,201942,DeMar,DeRozan,D. DeRozan,demar-derozan,F,,,27:16,27.266666666666666,6,13,0.462,1,4,0.25,9,10,0.9,0,4,4,3,0,0,2,1,22,19.0,0022401118,DeMar DeRozan,demar derozan,,,2025-04-04,0,0.8068459657701712,0.0,0.1466992665036675,0.11002444987775062,0.0,3.0,5.0,4.0,2.0,5.0,3.0,2.0,2.0,1.0,0,0.0,0,0.0032300000000000002,28.5,8820.798514391829,28.407945,0.0,6.0,7.0,0.78914213
0022401118,1610612758,Sacramento,Kings,SAC,kings,1631099,Keegan,Murray,K. Murray,keegan-murray,F,,,25:20,25.333333333333332,2,8,0.25,1,6,0.167,0,0,0.0,0,3,3,2,1,2,1,0,5,10.0,0022401118,Keegan Murray,keegan murray,,,2025-04-04,3,0.19736842105263158,0.0,0.11842105263157895,0.07894736842105264,0.11842105263157895,7.0,5.0,5.0,5.0,1.0,1.0,6.0,4.0,2.0,0,1.0,0,0.00148,19.2,12964.213369345038,19.171584,0.11842105263157895,1.0,2.0,0.038795184
0022401118,1610612758,Sacramento,Kings,SAC,kings,1627734,Domantas,Sabonis,D. Sabonis,domantas-sabonis,C,,,26:37,26.616666666666667,9,16,0.563,0,1,0.0,6,7,0.857,7,4,11,7,0,0,0,3,24,10.0,0022401118,Domantas Sabonis,domantas sabonis,,,2025-04-04,0,0.9016906700062617,0.2629931120851597,0.41327489041953663,0.2629931120851597,0.2629931120851597,2.0,1.0,1.0,1.0,5.0,3.0,6.0,3.0,0.0,0,0.0,0,0.00297,14.3,4813.1942107034665,14.257529,0.0,6.0,1.0,0.8874884
0022401118,1610612758,Sacramento,Kings,SAC,kings,1631165,Keon,Ellis,K. Ellis,keon-ellis,G,,,22:41,22.683333333333334,1,2,0.5,1,2,0.5,0,0,0.0,1,1,2,0,0,1,0,3,3,10.0,0022401118,Keon Ellis,keon ellis,,,2025-04-04,1,0.13225569434239529,0.0440852314474651,0.0881704628949302,0.0,0.0881704628949302,8.0,2.0,7.0,11.0,5.0,2.0,6.0,6.0,0.0,0,0.0,0,0.00037,19.1,51482.47978436658,19.092933000000002,0.0440852314474651,2.0,4.0,0.07731079
0022401118,1610612758,Sacramento,Kings,SAC,kings,203897,Zach,LaVine,Z. LaVine,zach-lavine,G,,,32:32,32.53333333333333,9,19,0.474,4,7,0.571,3,3,1.0,1,9,10,3,1,0,0,3,25,8.0,0022401118,Zach LaVine,zach lavine,,,2025-04-04,1,0.7684426229508197,0.03073770491803279,0.3073770491803279,0.09221311475409837,0.06147540983606558,1.0,2.0,2.0,2.0,1.0,3.0,9.0,1.0,2.0,0,0.0,0,0.0027,14.7,5442.428730099962,14.660309999999999,0.03073770491803279,2.0,5.0,0.7910124
0022401118,1610612758,Sacramento,Kings,SAC,kings,1628370,Malik,Monk,M. Monk,malik-monk,,,,22:43,22.716666666666665,7,12,0.583,3,6,0.5,0,0,0.0,0,1,1,3,0,0,0,1,17,25.0,0022401118,Malik Monk,malik monk,,,2025-04-04,0,0.748349229640499,0.0,0.04402054292002935,0.13206162876008806,0.0,4.0,5.0,9.0,2.0,5.0,3.0,1.0,5.0,0.0,0,0.0,0,0.00211,54.3,25722.40644244434,54.185427,0.0,6.0,7.0,0.83268875
0022401118,1610612758,Sacramento,Kings,SAC,kings,1626168,Trey,Lyles,T. Lyles,trey-lyles,,,,20:11,20.183333333333334,4,5,0.8,3,4,0.75,1,2,0.5,0,3,3,2,1,0,0,2,12,11.0,0022401118,Trey Lyles,trey lyles,,,2025-04-04,1,0.5945499587118084,0.0,0.1486374896779521,0.0990916597853014,0.0495458298926507,5.0,5.0,5.0,5.0,1.0,3.0,5.0,7.0,3.0,0,0.0,0,0.00133,24.7,18557.47558226897,24.667149,0.0495458298926507,2.0,6.0,0.7326436
0022401118,1610612758,Sacramento,Kings,SAC,kings,202685,Jonas,Valančiūnas,J. Valančiūnas,jonas-valančiūnas,,,,19:14,19.233333333333334,3,4,0.75,0,1,0.0,0,1,0.0,1,6,7,2,1,0,1,6,6,18.0,0022401118,Jonas Valančiūnas,jonas valančiūnas,,,2025-04-04,1,0.3119584055459272,0.05199306759098787,0.36395147313691506,0.10398613518197573,0.10398613518197573,6.0,2.0,3.0,5.0,1.0,3.0,3.0,8.0,0.0,0,0.0,0,0.00111,37.3,33573.35733573357,37.258596999999995,0.05199306759098787,2.0,3.0,0.18394451
0022401118,1610612758,Sacramento,Kings,SAC,kings,1642269,Devin,Carter,D. Carter,devin-carter,,,,13:53,13.883333333333333,0,2,0.0,0,1,0.0,0,0,0.0,0,0,0,1,0,0,1,6,0,14.0,0022401118,Devin Carter,devin carter,,,2025-04-04,0,0.0,0.0,0.0,0.07202881152460984,0.0,13.0,5.0,11.0,9.0,5.0,3.0,4.0,9.0,0.0,0,0.0,0,0.00083,41.1,49458.483754512636,41.065887000000004,0.0,6.0,7.0,0.009202285
0022401118,1610612758,Sacramento,Kings,SAC,kings,1628365,Markelle,Fultz,M. Fultz,markelle-fultz,,,,11:26,11.433333333333334,1,3,0.333,0,0,0.0,0,0,0.0,0,0,0,2,0,0,0,0,2,-1.0,0022401118,Markelle Fultz,markelle fultz,,,2025-04-04,0,0.1749271137026239,0.0,0.0,0.1749271137026239,0.0,12.0,5.0,11.0,5.0,5.0,3.0,10.0,10.0,2.0,0,0.0,0,0.0013,-4.3,-3305.149884704074,-4.29441,0.0,6.0,7.0,0.0063924356
0022401118,1610612758,Sacramento,Kings,SAC,kings,1642403,Isaac,Jones,I. Jones,isaac-jones,,,,7:14,7.233333333333333,1,2,0.5,1,1,1.0,0,0,0.0,0,0,0,0,0,0,1,2,3,-3.0,0022401118,Isaac Jones,isaac jones,,,2025-04-04,0,0.4147465437788018,0.0,0.0,0.0,0.0,8.0,5.0,11.0,11.0,5.0,3.0,11.0,11.0,1.0,0,0.0,0,0.002,-12.5,-6246.87656171914,-12.475,0.0,6.0,7.0,0.011883648
0022401118,1610612758,Sacramento,Kings,SAC,kings,203926,Doug,McDermott,D. McDermott,doug-mcdermott,,,,6:15,6.25,1,2,0.5,1,2,0.5,0,0,0.0,0,1,1,0,0,0,0,1,3,-3.0,0022401118,Doug McDermott,doug mcdermott,,,2025-04-04,0,0.48,0.0,0.16,0.0,0.0,8.0,5.0,9.0,11.0,5.0,3.0,11.0,12.0,1.0,0,0.0,0,0.0014299999999999998,-13.8,-9643.605870020967,-13.780266,0.0,6.0,7.0,0.011922552
0022401118,1610612758,Sacramento,Kings,SAC,kings,203109,Jae,Crowder,J. Crowder,jae-crowder,,,,4:38,4.633333333333333,1,3,0.333,1,1,1.0,0,0,0.0,0,2,2,1,0,0,0,0,3,-3.0,0022401118,Jae Crowder,jae crowder,,,2025-04-04,0,0.6474820143884893,0.0,0.43165467625899284,0.21582733812949642,0.0,8.0,5.0,7.0,9.0,5.0,3.0,11.0,13.0,,1,,1,0.0027300000000000002,-27.3,-9996.338337605272,-27.225471,0.0,6.0,7.0,0.012539995
0022401138,1610612758,Sacramento,Kings,SAC,kings,201942,DeMar,DeRozan,D. DeRozan,demar-derozan,F,,,40:01,40.016666666666666,10,18,0.556,2,5,0.4,6,8,0.75,0,4,4,7,0,1,0,2,28,25.0,0022401138,DeMar DeRozan,demar derozan,,,2025-04-06,1,0.6997084548104956,0.0,0.09995835068721366,0.1749271137026239,0.024989587671803416,2.0,7.0,4.0,1.0,6.0,2.0,1.0,3.0,1.0,0,0.0,0,0.00233,31.6,13556.413556413556,31.526372,0.024989587671803416,4.0,7.0,0.7954306
0022401138,1610612758,Sacramento,Kings,SAC,kings,1626168,Trey,Lyles,T. Lyles,trey-lyles,F,,,40:20,40.333333333333336,2,6,0.333,1,4,0.25,2,4,0.5,1,7,8,1,2,0,0,2,7,15.0,0022401138,Trey Lyles,trey lyles,,,2025-04-06,2,0.17355371900826444,0.024793388429752063,0.1983471074380165,0.024793388429752063,0.0743801652892562,6.0,2.0,2.0,5.0,2.0,3.0,2.0,2.0,4.0,0,0.0,0,0.00091,20.2,22173.43578485181,20.181618,0.04958677685950413,2.0,5.0,0.1928667
0022401138,1610612758,Sacramento,Kings,SAC,kings,1627734,Domantas,Sabonis,D. Sabonis,domantas-sabonis,C,,,39:30,39.5,11,15,0.733,1,2,0.5,4,4,1.0,3,6,9,7,2,0,7,3,27,2.0,0022401138,Domantas Sabonis,domantas sabonis,,,2025-04-06,2,0.6835443037974683,0.0759493670886076,0.22784810126582278,0.17721518987341772,0.12658227848101267,3.0,1.0,1.0,1.0,2.0,3.0,4.0,5.0,3.0,0,0.0,0,0.00261,4.2,1608.57908847185,4.189038,0.05063291139240506,2.0,4.0,0.70015764
0022401138,1610612758,Sacramento,Kings,SAC,kings,203897,Zach,LaVine,Z. LaVine,zach-lavine,G,,,42:17,42.28333333333333,15,21,0.714,7,11,0.636,0,0,0.0,1,1,2,1,0,0,2,3,37,-4.0,0022401138,Zach LaVine,zach lavine,,,2025-04-06,0,0.8750492707922743,0.023649980291683092,0.047299960583366184,0.023649980291683092,0.023649980291683092,1.0,2.0,6.0,5.0,6.0,3.0,8.0,1.0,0.0,0,0.0,0,0.0025,-3.2,-1279.4882047181127,-3.192,0.0,7.0,8.0,0.8659477
0022401138,1610612758,Sacramento,Kings,SAC,kings,1631165,Keon,Ellis,K. Ellis,keon-ellis,G,,,39:42,39.7,4,7,0.571,3,6,0.5,0,0,0.0,1,2,3,3,4,2,0,2,11,2.0,0022401138,Keon Ellis,keon ellis,,,2025-04-06,6,0.27707808564231734,0.025188916876574305,0.07556675062972291,0.07556675062972291,0.17632241813602015,4.0,2.0,5.0,3.0,1.0,1.0,4.0,4.0,6.0,0,0.0,0,0.00083,4.3,5174.488567990373,4.296431,0.15113350125944583,1.0,3.0,0.7727554
0022401138,1610612758,Sacramento,Kings,SAC,kings,1628370,Malik,Monk,M. Monk,malik-monk,,,,20:20,20.333333333333332,1,8,0.125,0,3,0.0,6,6,1.0,0,7,7,3,1,0,4,2,8,3.0,0022401138,Malik Monk,malik monk,,,2025-04-06,1,0.3934426229508197,0.0,0.3442622950819672,0.14754098360655737,0.049180327868852465,5.0,7.0,3.0,3.0,4.0,3.0,3.0,6.0,2.0,0,0.0,0,0.00294,11.6,3944.236654199252,11.565895999999999,0.049180327868852465,4.0,6.0,0.07679539
0022401138,1610612758,Sacramento,Kings,SAC,kings,1642269,Devin,Carter,D. Carter,devin-carter,,,,6:44,6.733333333333333,0,2,0.0,0,1,0.0,0,0,0.0,1,1,2,1,1,0,1,0,0,0.0,0022401138,Devin Carter,devin carter,,,2025-04-06,1,0.0,0.1485148514851485,0.297029702970297,0.1485148514851485,0.297029702970297,8.0,2.0,6.0,5.0,4.0,3.0,6.0,7.0,2.0,0,0.0,0,0.0015,0.0,0.0,0.0,0.1485148514851485,4.0,1.0,0.011197623
0022401138,1610612758,Sacramento,Kings,SAC,kings,1642403,Isaac,Jones,I. Jones,isaac-jones,,,,5:38,5.633333333333333,0,3,0.0,0,1,0.0,0,0,0.0,1,1,2,1,0,0,0,0,0,-5.0,0022401138,Isaac Jones,isaac jones,,,2025-04-06,0,0.0,0.1775147928994083,0.3550295857988166,0.1775147928994083,0.1775147928994083,8.0,2.0,6.0,5.0,6.0,3.0,9.0,8.0,0.0,0,0.0,0,0.0017599999999999998,-38.5,-21862.578080636005,-38.43224,0.0,7.0,2.0,0.004966492
0022401138,1610612758,Sacramento,Kings,SAC,kings,202685,Jonas,Valančiūnas,J. Valančiūnas,jonas-valančiūnas,,,,5:28,5.466666666666667,1,2,0.5,0,0,0.0,0,0,0.0,0,2,2,1,0,0,0,0,2,-3.0,0022401138,Jonas Valančiūnas,jonas valančiūnas,,,2025-04-06,0,0.36585365853658536,0.0,0.36585365853658536,0.18292682926829268,0.0,7.0,7.0,6.0,5.0,6.0,3.0,7.0,9.0,1.0,0,0.0,0,0.00154,-25.0,-16223.231667748218,-24.9615,0.0,7.0,9.0,0.0094582485
0022401144,1610612758,Sacramento,Kings,SAC,kings,201942,DeMar,DeRozan,D. DeRozan,demar-derozan,F,,,36:49,36.81666666666667,14,26,0.538,1,6,0.167,8,10,0.8,1,3,4,2,0,1,2,3,37,15.0,0022401144,DeMar DeRozan,demar derozan,,,2025-04-07,1,1.0049796287913082,0.027161611588954276,0.1086464463558171,0.05432322317790855,0.05432322317790855,2.0,5.0,5.0,3.0,4.0,1.0,1.0,4.0,0.0,0,0.0,0,0.0036,17.3,4804.221049708414,17.23772,0.027161611588954276,2.0,6.0,0.8424592
0022401144,1610612758,Sacramento,Kings,SAC,kings,1626168,Trey,Lyles,T. Lyles,trey-lyles,F,,,38:26,38.43333333333333,3,8,0.375,1,5,0.2,0,2,0.0,4,2,6,1,0,1,2,1,7,3.0,0022401144,Trey Lyles,trey lyles,,,2025-04-07,1,0.1821335646140503,0.10407632263660019,0.15611448395490027,0.026019080659150047,0.13009540329575023,5.0,2.0,3.0,4.0,4.0,1.0,7.0,2.0,1.0,0,0.0,0,0.00122,5.5,4504.504504504505,5.49329,0.026019080659150047,2.0,4.0,0.14573045
0022401144,1610612758,Sacramento,Kings,SAC,kings,1627734,Domantas,Sabonis,D. Sabonis,domantas-sabonis,C,,,35:27,35.45,7,11,0.636,0,0,0.0,5,5,1.0,4,11,15,10,0,1,2,4,19,6.0,0022401144,Domantas Sabonis,domantas sabonis,,,2025-04-07,1,0.5359661495063469,0.11283497884344146,0.42313117066290545,0.2820874471086036,0.1410437235543018,3.0,2.0,1.0,1.0,4.0,1.0,4.0,5.0,1.0,0,0.0,0,0.00183,8.6,4696.886947023484,8.584261999999999,0.028208744710860365,2.0,2.0,0.92020935
0022401144,1610612758,Sacramento,Kings,SAC,kings,203897,Zach,LaVine,Z. LaVine,zach-lavine,G,,,44:31,44.516666666666666,16,28,0.571,8,11,0.727,3,4,0.75,0,3,3,4,1,0,1,4,43,6.0,0022401144,Zach LaVine,zach lavine,,,2025-04-07,1,0.9659303631598652,0.0,0.06739049045301386,0.08985398727068514,0.022463496817671284,1.0,7.0,6.0,2.0,2.0,5.0,4.0,1.0,1.0,0,0.0,0,0.0028599999999999997,6.8,2376.791331702202,6.780552,0.022463496817671284,2.0,7.0,0.9352953
0022401144,1610612758,Sacramento,Kings,SAC,kings,1631165,Keon,Ellis,K. Ellis,keon-ellis,G,,,36:52,36.86666666666667,1,2,0.5,0,1,0.0,0,0,0.0,2,4,6,0,3,0,0,3,2,9.0,0022401144,Keon Ellis,keon ellis,,,2025-04-07,3,0.054249547920433995,0.054249547920433995,0.162748643761302,0.0,0.13562386980108498,7.0,4.0,3.0,8.0,1.0,5.0,3.0,3.0,8.0,0,0.0,0,0.00023,17.2,74458.87445887446,17.196044,0.081374321880651,1.0,3.0,0.0721521
0022401144,1610612758,Sacramento,Kings,SAC,kings,1628370,Malik,Monk,M. Monk,malik-monk,,,,6:23,6.383333333333334,1,3,0.333,0,1,0.0,0,0,0.0,0,0,0,1,0,0,1,1,2,-2.0,0022401144,Malik Monk,malik monk,,,2025-04-07,0,0.31331592689295035,0.0,0.0,0.15665796344647517,0.0,7.0,7.0,10.0,4.0,4.0,5.0,8.0,8.0,0.0,0,0.0,0,0.00222,-6.0,-2701.4858171994592,-5.98668,0.0,8.0,8.0,0.009560063
0022401144,1610612758,Sacramento,Kings,SAC,kings,1642269,Devin,Carter,D. Carter,devin-carter,,,,21:39,21.65,3,8,0.375,1,3,0.333,0,0,0.0,1,1,2,1,1,0,1,2,7,15.0,0022401144,Devin Carter,devin carter,,,2025-04-07,1,0.32332563510392615,0.046189376443418015,0.09237875288683603,0.046189376443418015,0.09237875288683603,5.0,5.0,7.0,4.0,2.0,5.0,1.0,6.0,4.0,0,0.0,0,0.00167,32.1,19210.053859964093,32.046393,0.046189376443418015,2.0,5.0,0.19305906
0022401144,1610612758,Sacramento,Kings,SAC,kings,202685,Jonas,Valančiūnas,J. Valančiūnas,jonas-valančiūnas,,,,12:33,12.55,2,5,0.4,0,0,0.0,6,6,1.0,6,6,12,1,0,1,1,3,10,4.0,0022401144,Jonas Valančiūnas,jonas valančiūnas,,,2025-04-07,1,0.796812749003984,0.4780876494023904,0.9561752988047808,0.0796812749003984,0.5577689243027888,4.0,1.0,2.0,4.0,4.0,1.0,6.0,7.0,0.0,0,0.0,0,0.0025700000000000002,15.4,5989.887203422792,15.360422000000002,0.0796812749003984,2.0,1.0,0.6570271
0022401144,1610612758,Sacramento,Kings,SAC,kings,1642403,Isaac,Jones,I. Jones,isaac-jones,,,,4:21,4.35,0,0,0.0,0,0,0.0,0,0,0.0,0,1,1,0,0,0,0,0,0,-3.0,0022401144,Isaac Jones,isaac jones,,,2025-04-07,0,0.0,0.0,0.2298850574712644,0.0,0.0,9.0,7.0,8.0,8.0,4.0,5.0,9.0,9.0,0.0,0,0.0,0,0.0,-46.7,-46700000.00000001,-46.7,0.0,8.0,8.0,0.0036750452
0022401144,1610612758,Sacramento,Kings,SAC,kings,203926,Doug,McDermott,D. McDermott,doug-mcdermott,,,,2:59,2.9833333333333334,0,0,0.0,0,0,0.0,0,0,0.0,0,1,1,0,0,0,0,0,0,-3.0,0022401144,Doug McDermott,doug mcdermott,,,2025-04-07,0,0.0,0.0,0.33519553072625696,0.0,0.0,9.0,7.0,8.0,8.0,4.0,5.0,9.0,10.0,0.0,0,0.0,0,0.0,-26.8,-26800000.000000004,-26.8,0.0,8.0,8.0,0.0043884492
0022401165,1610612758,Sacramento,Kings,SAC,kings,201942,DeMar,DeRozan,D. DeRozan,demar-derozan,F,,,39:44,39.733333333333334,8,26,0.308,0,5,0.0,6,7,0.857,2,2,4,4,0,1,1,3,22,-16.0,0022401165,DeMar DeRozan,demar derozan,,,2025-04-09,1,0.5536912751677853,0.050335570469798654,0.10067114093959731,0.10067114093959731,0.07550335570469799,2.0,2.0,4.0,2.0,3.0,2.0,9.0,2.0,0.0,0,0.0,0,0.00345,-21.1,-6114.169805853376,-21.027205000000002,0.025167785234899327,2.0,5.0,0.63686574
0022401165,1610612758,Sacramento,Kings,SAC,kings,1626168,Trey,Lyles,T. Lyles,trey-lyles,F,,,37:42,37.7,6,9,0.667,2,3,0.667,3,3,1.0,2,7,9,4,0,0,1,2,17,-9.0,0022401165,Trey Lyles,trey lyles,,,2025-04-09,0,0.45092838196286467,0.05305039787798408,0.23872679045092837,0.10610079575596816,0.05305039787798408,4.0,2.0,2.0,2.0,3.0,5.0,7.0,4.0,3.0,0,0.0,0,0.0013800000000000002,-10.6,-7675.597393193338,-10.585372,0.0,6.0,7.0,0.42016435
0022401165,1610612758,Sacramento,Kings,SAC,kings,1627734,Domantas,Sabonis,D. Sabonis,domantas-sabonis,C,,,38:47,38.78333333333333,6,10,0.6,0,1,0.0,1,1,1.0,4,8,12,2,0,1,0,5,13,-3.0,0022401165,Domantas Sabonis,domantas sabonis,,,2025-04-09,1,0.335195530726257,0.10313708637730985,0.3094112591319295,0.051568543188654926,0.1289213579716373,5.0,1.0,1.0,4.0,3.0,2.0,4.0,3.0,0.0,0,0.0,0,0.00115,-3.9,-3388.357949609036,-3.895515,0.025784271594327463,2.0,2.0,0.37323588
0022401165,1610612758,Sacramento,Kings,SAC,kings,203897,Zach,LaVine,Z. LaVine,zach-lavine,G,,,43:43,43.71666666666667,10,20,0.5,4,8,0.5,3,4,0.75,0,0,0,11,0,0,4,2,27,-8.0,0022401165,Zach LaVine,zach lavine,,,2025-04-09,0,0.6176134197483797,0.0,0.0,0.25162028211971027,0.0,1.0,7.0,9.0,1.0,3.0,5.0,6.0,1.0,0.0,0,0.0,0,0.0027400000000000002,-7.9,-2882.159795695002,-7.878354000000001,0.0,6.0,8.0,0.8452262
0022401165,1610612758,Sacramento,Kings,SAC,kings,1631165,Keon,Ellis,K. Ellis,keon-ellis,G,,,32:29,32.483333333333334,7,12,0.583,6,11,0.545,0,0,0.0,0,6,6,2,1,2,1,3,20,-13.0,0022401165,Keon Ellis,keon ellis,,,2025-04-09,3,0.6157003591585428,0.0,0.18471010774756286,0.06157003591585428,0.09235505387378143,3.0,7.0,3.0,4.0,1.0,1.0,8.0,5.0,2.0,0,0.0,0,0.00181,-20.3,-11209.27664273882,-20.263257,0.09235505387378143,1.0,4.0,0.87788856
0022401165,1610612758,Sacramento,Kings,SAC,kings,202685,Jonas,Valančiūnas,J. Valančiūnas,jonas-valančiūnas,,,,9:13,9.216666666666667,1,4,0.25,0,1,0.0,0,0,0.0,0,2,2,0,0,0,0,1,2,-5.0,0022401165,Jonas Valančiūnas,jonas valančiūnas,,,2025-04-09,0,0.21699819168173598,0.0,0.21699819168173598,0.0,0.0,8.0,7.0,6.0,8.0,3.0,5.0,5.0,8.0,0.0,0,0.0,0,0.0019,-20.5,-10783.798001052079,-20.46105,0.0,6.0,8.0,0.0118133435
0022401165,1610612758,Sacramento,Kings,SAC,kings,203926,Doug,McDermott,D. McDermott,doug-mcdermott,,,,14:30,14.5,3,5,0.6,3,5,0.6,0,0,0.0,1,1,2,1,0,0,0,2,9,6.0,0022401165,Doug McDermott,doug mcdermott,,,2025-04-09,0,0.6206896551724138,0.06896551724137931,0.13793103448275862,0.06896551724137931,0.06896551724137931,6.0,4.0,6.0,6.0,3.0,5.0,1.0,7.0,2.0,0,0.0,0,0.00125,18.8,15027.977617905677,18.776500000000002,0.0,6.0,6.0,0.2764818
0022401165,1610612758,Sacramento,Kings,SAC,kings,1642269,Devin,Carter,D. Carter,devin-carter,,,,17:57,17.95,1,4,0.25,1,2,0.5,1,2,0.5,1,2,3,1,0,1,1,3,4,6.0,0022401165,Devin Carter,devin carter,,,2025-04-09,1,0.22284122562674097,0.05571030640668524,0.1671309192200557,0.05571030640668524,0.11142061281337048,7.0,4.0,5.0,6.0,3.0,2.0,1.0,6.0,2.0,0,0.0,0,0.0013,15.8,12144.504227517296,15.779460000000002,0.05571030640668524,2.0,3.0,0.09092883
0022401165,1610612758,Sacramento,Kings,SAC,kings,1642403,Isaac,Jones,I. Jones,isaac-jones,,,,5:55,5.916666666666667,1,2,0.5,0,0,0.0,0,0,0.0,1,1,2,0,1,0,0,1,2,2.0,0022401165,Isaac Jones,isaac jones,,,2025-04-09,1,0.3380281690140845,0.16901408450704225,0.3380281690140845,0.0,0.3380281690140845,8.0,4.0,6.0,8.0,1.0,5.0,3.0,9.0,1.0,0,0.0,0,0.00133,24.2,18181.818181818184,24.167813999999996,0.16901408450704225,2.0,1.0,0.023150275
0022401184,1610612758,Sacramento,Kings,SAC,kings,201942,DeMar,DeRozan,D. DeRozan,demar-derozan,F,,,40:04,40.06666666666667,6,20,0.3,1,5,0.2,3,4,0.75,1,2,3,8,0,0,0,2,16,-3.0,0022401184,DeMar DeRozan,demar derozan,,,2025-04-11,0,0.39933444259567386,0.024958402662229616,0.07487520798668884,0.19966722129783693,0.024958402662229616,3.0,4.0,5.0,1.0,4.0,2.0,5.0,2.0,3.0,0,0.0,0,0.00242,-9.5,-3923.998347790169,-9.47701,0.0,5.0,6.0,0.1901951
0022401184,1610612758,Sacramento,Kings,SAC,kings,1631099,Keegan,Murray,K. Murray,keegan-murray,F,,,31:54,31.9,3,9,0.333,1,6,0.167,2,2,1.0,3,5,8,1,2,0,1,1,9,7.0,0022401184,Keegan Murray,keegan murray,,,2025-04-11,2,0.2821316614420063,0.09404388714733543,0.25078369905956116,0.031347962382445145,0.15673981191222572,4.0,1.0,2.0,5.0,1.0,2.0,1.0,5.0,4.0,0,0.0,0,0.00149,6.1,4091.21395036888,6.090910999999999,0.06269592476489029,1.0,1.0,0.6833822
0022401184,1610612758,Sacramento,Kings,SAC,kings,1627734,Domantas,Sabonis,D. Sabonis,domantas-sabonis,C,,,39:14,39.233333333333334,8,15,0.533,1,2,0.5,2,2,1.0,3,13,16,5,1,0,4,2,19,-5.0,0022401184,Domantas Sabonis,domantas sabonis,,,2025-04-11,1,0.4842820730671198,0.07646559048428207,0.4078164825828377,0.1274426508071368,0.10195412064570943,2.0,1.0,1.0,2.0,3.0,2.0,6.0,3.0,1.0,0,0.0,0,0.0022400000000000002,-6.8,-3034.3596608656844,-6.784768,0.025488530161427356,3.0,3.0,0.572428
0022401184,1610612758,Sacramento,Kings,SAC,kings,203897,Zach,LaVine,Z. LaVine,zach-lavine,G,,,40:54,40.9,9,23,0.391,4,12,0.333,4,4,1.0,0,4,4,5,0,0,1,3,26,-5.0,0022401184,Zach LaVine,zach lavine,,,2025-04-11,0,0.6356968215158925,0.0,0.097799511002445,0.12224938875305624,0.0,1.0,6.0,4.0,2.0,4.0,2.0,6.0,1.0,0.0,0,0.0,0,0.0028899999999999998,-5.1,-1764.0954686959528,-5.085261,0.0,5.0,7.0,0.7279866
0022401184,1610612758,Sacramento,Kings,SAC,kings,1631165,Keon,Ellis,K. Ellis,keon-ellis,G,,,32:28,32.46666666666667,1,2,0.5,1,2,0.5,2,2,1.0,1,0,1,1,0,1,2,3,5,-8.0,0022401184,Keon Ellis,keon ellis,,,2025-04-11,1,0.15400410677618068,0.030800821355236138,0.030800821355236138,0.030800821355236138,0.061601642710472276,8.0,4.0,7.0,5.0,4.0,1.0,8.0,4.0,3.0,0,0.0,0,0.00068,-12.5,-18355.359765051395,-12.4915,0.030800821355236138,3.0,5.0,0.011675604
0022401184,1610612758,Sacramento,Kings,SAC,kings,1626168,Trey,Lyles,T. Lyles,trey-lyles,,,,29:41,29.683333333333334,4,5,0.8,1,2,0.5,0,0,0.0,3,4,7,0,0,0,1,2,9,-2.0,0022401184,Trey Lyles,trey lyles,,,2025-04-11,0,0.30320044918585065,0.10106681639528355,0.23582257158899494,0.0,0.10106681639528355,4.0,1.0,3.0,8.0,4.0,2.0,4.0,6.0,2.0,0,0.0,0,0.00086,-7.5,-8710.801393728223,-7.49355,0.0,5.0,4.0,0.17890747
0022401184,1610612758,Sacramento,Kings,SAC,kings,202685,Jonas,Valančiūnas,J. Valančiūnas,jonas-valančiūnas,,,,10:11,10.183333333333334,3,5,0.6,0,0,0.0,3,3,1.0,0,3,3,1,0,0,2,3,9,4.0,0022401184,Jonas Valančiūnas,jonas valančiūnas,,,2025-04-11,0,0.8837970540098199,0.0,0.2945990180032733,0.09819967266775777,0.0,4.0,6.0,5.0,5.0,4.0,2.0,3.0,8.0,0.0,0,0.0,0,0.00333,24.0,7205.043530471329,23.92008,0.0,5.0,7.0,0.16660544
0022401184,1610612758,Sacramento,Kings,SAC,kings,1642269,Devin,Carter,D. Carter,devin-carter,,,,15:34,15.566666666666666,3,6,0.5,1,2,0.5,0,0,0.0,0,1,1,2,2,0,0,2,7,7.0,0022401184,Devin Carter,devin carter,,,2025-04-11,2,0.44967880085653106,0.0,0.06423982869379015,0.1284796573875803,0.1284796573875803,7.0,6.0,7.0,4.0,1.0,2.0,1.0,7.0,1.0,0,0.0,0,0.0016200000000000001,19.4,11967.921036397285,19.368572,0.1284796573875803,1.0,2.0,0.22106625
0022401200,1610612758,Sacramento,Kings,SAC,kings,201942,DeMar,DeRozan,D. DeRozan,demar-derozan,F,,,27:33,27.55,4,9,0.444,0,0,0.0,0,0,0.0,0,0,0,5,0,0,2,1,8,4.0,0022401200,DeMar DeRozan,demar derozan,,,2025-04-13,0,0.29038112522686027,0.0,0.0,0.18148820326678766,0.0,6.0,5.0,10.0,2.0,5.0,4.0,7.0,2.0,0.0,0,0.0,0,0.00193,10.0,5178.663904712585,9.9807,0.0,7.0,8.0,0.09936323
0022401200,1610612758,Sacramento,Kings,SAC,kings,1631099,Keegan,Murray,K. Murray,keegan-murray,F,,,22:43,22.716666666666665,3,8,0.375,0,3,0.0,0,0,0.0,0,7,7,2,0,0,0,0,6,12.0,0022401200,Keegan Murray,keegan murray,,,2025-04-13,0,0.2641232575201761,0.0,0.30814380044020545,0.0880410858400587,0.0,7.0,5.0,3.0,6.0,5.0,4.0,1.0,6.0,1.0,0,0.0,0,0.0016300000000000002,27.9,17106.069895769466,27.854522999999997,0.0,7.0,8.0,0.12287049
0022401200,1610612758,Sacramento,Kings,SAC,kings,1627734,Domantas,Sabonis,D. Sabonis,domantas-sabonis,C,,,23:43,23.716666666666665,8,10,0.8,4,4,1.0,0,0,0.0,4,8,12,6,3,0,2,0,20,8.0,0022401200,Domantas Sabonis,domantas sabonis,,,2025-04-13,3,0.8432888264230499,0.16865776528461,0.50597329585383,0.252986647926915,0.2951510892480675,2.0,1.0,1.0,1.0,1.0,4.0,4.0,5.0,2.0,0,0.0,0,0.00245,20.8,8486.332109343126,20.74904,0.1264933239634575,1.0,1.0,0.92924255
0022401200,1610612758,Sacramento,Kings,SAC,kings,203897,Zach,LaVine,Z. LaVine,zach-lavine,G,,,26:34,26.566666666666666,6,11,0.545,4,6,0.667,0,0,0.0,0,0,0,2,0,0,2,0,16,5.0,0022401200,Zach LaVine,zach lavine,,,2025-04-13,0,0.6022584692597239,0.0,0.0,0.07528230865746549,0.0,3.0,5.0,10.0,6.0,5.0,4.0,6.0,3.0,1.0,0,0.0,0,0.00232,10.0,4308.487720809995,9.9768,0.0,7.0,8.0,0.73400694
0022401200,1610612758,Sacramento,Kings,SAC,kings,1631165,Keon,Ellis,K. Ellis,keon-ellis,G,,,28:45,28.75,4,8,0.5,1,5,0.2,0,0,0.0,0,2,2,3,1,2,0,2,9,9.0,0022401200,Keon Ellis,keon ellis,,,2025-04-13,3,0.3130434782608696,0.0,0.06956521739130435,0.10434782608695652,0.10434782608695652,5.0,5.0,5.0,5.0,2.0,1.0,2.0,1.0,6.0,0,0.0,0,0.00136,20.8,15282.880235121234,20.771712,0.10434782608695652,1.0,5.0,0.5581298
0022401200,1610612758,Sacramento,Kings,SAC,kings,202685,Jonas,Valančiūnas,J. Valančiūnas,jonas-valančiūnas,,,,20:58,20.966666666666665,10,11,0.909,0,0,0.0,2,2,1.0,3,7,10,4,0,0,2,2,22,9.0,0022401200,Jonas Valančiūnas,jonas valančiūnas,,,2025-04-13,0,1.0492845786963434,0.14308426073131958,0.47694753577106525,0.1907790143084261,0.14308426073131958,1.0,2.0,2.0,3.0,5.0,4.0,2.0,8.0,0.0,0,0.0,0,0.0028899999999999998,24.9,8612.93670010377,24.828039,0.0,7.0,3.0,0.9255933
0022401200,1610612758,Sacramento,Kings,SAC,kings,1626168,Trey,Lyles,T. Lyles,trey-lyles,,,,24:45,24.75,4,10,0.4,2,7,0.286,1,1,1.0,0,2,2,1,1,0,0,0,11,4.0,0022401200,Trey Lyles,trey lyles,,,2025-04-13,1,0.4444444444444444,0.0,0.08080808080808081,0.04040404040404041,0.04040404040404041,4.0,5.0,5.0,9.0,2.0,4.0,7.0,4.0,0.0,0,0.0,0,0.00179,8.5,4745.951982132887,8.484785,0.04040404040404041,3.0,7.0,0.41792879
0022401200,1610612758,Sacramento,Kings,SAC,kings,1642269,Devin,Carter,D. Carter,devin-carter,,,,22:30,22.5,2,7,0.286,1,2,0.5,0,0,0.0,2,3,5,1,1,0,1,1,5,4.0,0022401200,Devin Carter,devin carter,,,2025-04-13,1,0.2222222222222222,0.08888888888888889,0.2222222222222222,0.044444444444444446,0.13333333333333333,9.0,3.0,4.0,9.0,2.0,4.0,7.0,7.0,3.0,0,0.0,0,0.00151,9.5,6287.22700198544,9.485655,0.044444444444444446,3.0,4.0,0.03617809
0022401200,1610612758,Sacramento,Kings,SAC,kings,203926,Doug,McDermott,D. McDermott,doug-mcdermott,,,,14:43,14.716666666666667,2,8,0.25,2,6,0.333,0,0,0.0,0,0,0,2,0,0,0,0,6,6.0,0022401200,Doug McDermott,doug mcdermott,,,2025-04-13,0,0.40770101925254815,0.0,0.0,0.13590033975084936,0.0,7.0,5.0,10.0,6.0,5.0,4.0,5.0,9.0,0.0,0,0.0,0,0.00242,14.8,6113.176373399422,14.764184,0.0,7.0,8.0,0.052621625
0022401200,1610612758,Sacramento,Kings,SAC,kings,1628365,Markelle,Fultz,M. Fultz,markelle-fultz,,,,12:00,12.0,2,3,0.667,0,0,0.0,0,0,0.0,0,2,2,4,0,1,1,1,4,0.0,0022401200,Markelle Fultz,markelle fultz,,,2025-04-13,1,0.3333333333333333,0.0,0.16666666666666666,0.3333333333333333,0.08333333333333333,10.0,5.0,5.0,3.0,5.0,2.0,10.0,10.0,2.0,0,0.0,0,0.00154,-4.5,-2920.1817001946793,-4.49307,0.08333333333333333,3.0,6.0,0.02128376
0022401200,1610612758,Sacramento,Kings,SAC,kings,1642403,Isaac,Jones,I. Jones,isaac-jones,,,,7:53,7.883333333333333,1,1,1.0,0,0,0.0,0,0,0.0,1,1,2,0,0,1,1,0,2,-3.0,0022401200,Isaac Jones,isaac jones,,,2025-04-13,1,0.25369978858350956,0.12684989429175478,0.25369978858350956,0.0,0.25369978858350956,11.0,4.0,5.0,12.0,5.0,2.0,11.0,11.0,1.0,0,0.0,0,0.00111,-20.0,-18001.800180018003,-19.9778,0.12684989429175478,3.0,2.0,0.015992712
0022401200,1610612758,Sacramento,Kings,SAC,kings,1629056,Terence,Davis,T. Davis,terence-davis,,,,7:53,7.883333333333333,0,2,0.0,0,1,0.0,0,0,0.0,0,1,1,1,0,0,0,0,0,-3.0,0022401200,Terence Davis,terence davis,,,2025-04-13,0,0.0,0.0,0.12684989429175478,0.12684989429175478,0.0,12.0,5.0,9.0,9.0,5.0,4.0,11.0,11.0,0.0,0,0.0,0,0.00111,-20.0,-18001.800180018003,-19.9778,0.0,7.0,8.0,0.003923448
